characters名,aliases,count,proposed_status,reason
Fulao（傅老）,傅明,2,likely_valid_alias,字幕明确把当前姓名识别为“傅明”，且多处正式称呼均指向傅老。；evidence_count=11；定位证据：file=E06.txt; line_id=466; start=00:20:10.28; end=00:20:12.76; text=傅明同志 咱们外头走走 || file=E06.txt; line_id=471; start=00:20:21.45; end=00:20:22.32; text=走吧 傅明同志 || file=E17.txt; line_id=171; start=00:06:28.97; end=00:06:31.38; text=这位是我公公 傅明同志 || file=E19.txt; line_id=226; start=00:10:56.59; end=00:10:58.79; text=大陆唯一传人傅明同志 || file=E22.txt; line_id=6; start=00:00:15.76; end=00:00:17.84; text=他现在叫傅明 || file=E22.txt; line_id=186; start=00:09:37.65; end=00:09:40.78; text=从贾敬贤变成傅明 || file=E27.txt; line_id=281; start=00:12:37.10; end=00:12:39.00; text=总比那傅明同志那个 || file=E28.txt; line_id=406; start=00:19:26.16; end=00:19:28.15; text=一致通过傅明同志 || file=E28.txt; line_id=433; start=00:21:08.93; end=00:21:10.48; text=傅明同志 || file=E29.txt; line_id=124; start=00:05:03.53; end=00:05:07.44; text=202单元负责人傅明同志 || file=E29.txt; line_id=211; start=00:08:48.49; end=00:08:50.36; text=傅明同志今天在家中
Fulao（傅老）,傅明同志,9,likely_valid_alias,“姓名+同志”的正式称谓，多处明确指向傅老。；evidence_count=9；定位证据：file=E06.txt; line_id=466; start=00:20:10.28; end=00:20:12.76; text=傅明同志 咱们外头走走 || file=E06.txt; line_id=471; start=00:20:21.45; end=00:20:22.32; text=走吧 傅明同志 || file=E17.txt; line_id=171; start=00:06:28.97; end=00:06:31.38; text=这位是我公公 傅明同志 || file=E19.txt; line_id=226; start=00:10:56.59; end=00:10:58.79; text=大陆唯一传人傅明同志 || file=E27.txt; line_id=281; start=00:12:37.10; end=00:12:39.00; text=总比那傅明同志那个 || file=E28.txt; line_id=406; start=00:19:26.16; end=00:19:28.15; text=一致通过傅明同志 || file=E28.txt; line_id=433; start=00:21:08.93; end=00:21:10.48; text=傅明同志 || file=E29.txt; line_id=124; start=00:05:03.53; end=00:05:07.44; text=202单元负责人傅明同志 || file=E29.txt; line_id=211; start=00:08:48.49; end=00:08:50.36; text=傅明同志今天在家中
Fulao（傅老）,老傅,45,likely_valid_alias,高频稳定称呼；E05 还明确出现“不要叫局长 叫老傅嘛”。；evidence_count=47；定位证据：file=E01.txt; line_id=127; start=00:05:15.24; end=00:05:19.41; text=这个老傅咱傅局长 也不是外人嘛 || file=E05.txt; line_id=110; start=00:05:03.32; end=00:05:05.43; text=不要叫局长 叫老傅嘛 || file=E09.txt; line_id=79; start=00:02:54.59; end=00:02:55.68; text=老傅啊 || file=E09.txt; line_id=148; start=00:05:34.98; end=00:05:38.72; text=老傅啊 老傅 || file=E09.txt; line_id=149; start=00:05:38.86; end=00:05:39.70; text=老傅啊 || file=E09.txt; line_id=187; start=00:07:18.09; end=00:07:20.85; text=老傅 老傅啊 您在呐 || file=E09.txt; line_id=189; start=00:07:21.95; end=00:07:24.35; text=老傅 我告诉你一个好消息吧 || file=E09.txt; line_id=205; start=00:07:57.15; end=00:07:58.28; text=老傅啊 || file=E09.txt; line_id=213; start=00:08:16.49; end=00:08:19.07; text=老傅呀 你就别讳病忌医了 || file=E10.txt; line_id=395; start=00:17:06.19; end=00:17:09.20; text=老傅 你别来这一套了 || file=E10.txt; line_id=403; start=00:17:35.54; end=00:17:37.00; text=老傅啊 || file=E10.txt; line_id=412; start=00:17:59.93; end=00:18:01.21; text=老傅啊 || file=E10.txt; line_id=419; start=00:18:13.47; end=00:18:17.14; text=这人赃俱获呀 老傅啊 || file=E10.txt; line_id=444; start=00:19:18.68; end=00:19:20.72; text=老傅啊 || file=E16.txt; line_id=19; start=00:00:38.83; end=00:00:41.64; text=你们家老傅呀 在路口上 || file=E22.txt; line_id=103; start=00:04:52.83; end=00:04:53.77; text=老傅啊 || file=E24.txt; line_id=92; start=00:03:57.66; end=00:03:59.31; text=老傅在家吗 || file=E24.txt; line_id=93; start=00:03:59.43; end=00:04:00.92; text=老傅 你在这儿坐着呢 || file=E24.txt; line_id=95; start=00:04:04.58; end=00:04:05.55; text=老傅啊 || file=E24.txt; line_id=129; start=00:05:53.43; end=00:05:55.02; text=我说老傅 || file=E24.txt; line_id=170; start=00:07:42.88; end=00:07:46.71; text=老傅 你可别净说风凉话儿 || file=E24.txt; line_id=185; start=00:08:18.29; end=00:08:19.70; text=不不不 老傅 || file=E24.txt; line_id=201; start=00:08:56.91; end=00:08:59.34; text=哎呀老傅 你别跩了 || file=E24.txt; line_id=214; start=00:09:24.60; end=00:09:28.95; text=让这个老傅同志给你们讲话 || file=E26.txt; line_id=400; start=00:15:20.51; end=00:15:23.47; text=比如说吧 老傅全家 || file=E27.txt; line_id=9; start=00:00:27.36; end=00:00:28.20; text=老傅 你看这事儿 || file=E27.txt; line_id=33; start=00:01:21.23; end=00:01:23.13; text=那还没有一个能超过老傅的呢 || file=E27.txt; line_id=98; start=00:04:27.09; end=00:04:28.71; text=老傅啊 || file=E27.txt; line_id=169; start=00:07:26.91; end=00:07:29.60; text=老傅老郑的条件呀 都不错 || file=E28.txt; line_id=55; start=00:02:08.65; end=00:02:09.57; text=老傅啊 || file=E28.txt; line_id=69; start=00:02:40.82; end=00:02:43.42; text=老郑和老傅啊 是带了个好头儿 || file=E28.txt; line_id=79; start=00:03:06.43; end=00:03:09.53; text=老傅啊 你可不能打退堂鼓啊 || file=E28.txt; line_id=101; start=00:04:04.04; end=00:04:05.65; text=老傅啊 || file=E28.txt; line_id=185; start=00:09:07.16; end=00:09:08.39; text=老傅啊 || file=E28.txt; line_id=187; start=00:09:09.14; end=00:09:09.78; text=老傅 || file=E28.txt; line_id=190; start=00:09:14.11; end=00:09:15.72; text=老傅啊 || file=E28.txt; line_id=193; start=00:09:25.88; end=00:09:28.91; text=您是老傅的什么人呐 || file=E28.txt; line_id=207; start=00:10:07.30; end=00:10:09.18; text=巧了 老傅啊 || file=E28.txt; line_id=247; start=00:12:21.26; end=00:12:22.53; text=老傅啊 || file=E28.txt; line_id=350; start=00:17:00.05; end=00:17:02.91; text=不要管我 请老傅同志先走 || file=E28.txt; line_id=409; start=00:19:34.73; end=00:19:37.28; text=下面呢 我们请老傅同志谈一谈 || file=E28.txt; line_id=449; start=00:22:02.36; end=00:22:06.05; text=老傅同志 你就不要现场表演了 || file=E28.txt; line_id=450; start=00:22:06.58; end=00:22:07.82; text=老傅你怎么了 || file=E28.txt; line_id=470; start=00:23:14.14; end=00:23:15.78; text=老傅啊 || file=E28.txt; line_id=479; start=00:23:35.25; end=00:23:37.11; text=放心吧 老傅 || file=E39.txt; line_id=453; start=00:18:20.70; end=00:18:22.42; text=老傅 || file=E39.txt; line_id=454; start=00:18:24.37; end=00:18:27.56; text=老傅你怎么回事呀你
Fulao（傅老）,老傅同志,4,likely_valid_alias,“老傅+同志”的稳定称谓，明确指向傅老。；evidence_count=4；定位证据：file=E24.txt; line_id=214; start=00:09:24.60; end=00:09:28.95; text=让这个老傅同志给你们讲话 || file=E28.txt; line_id=350; start=00:17:00.05; end=00:17:02.91; text=不要管我 请老傅同志先走 || file=E28.txt; line_id=409; start=00:19:34.73; end=00:19:37.28; text=下面呢 我们请老傅同志谈一谈 || file=E28.txt; line_id=449; start=00:22:02.36; end=00:22:06.05; text=老傅同志 你就不要现场表演了
Fulao（傅老）,傅局长,8,likely_valid_alias,职称+姓氏，多处直接称呼傅老。；evidence_count=8；定位证据：file=E01.txt; line_id=127; start=00:05:15.24; end=00:05:19.41; text=这个老傅咱傅局长 也不是外人嘛 || file=E06.txt; line_id=1; start=00:00:15.58; end=00:00:17.62; text=傅局长 || file=E06.txt; line_id=4; start=00:00:22.03; end=00:00:23.49; text=见过傅局长 || file=E06.txt; line_id=5; start=00:00:23.63; end=00:00:25.43; text=我见过傅局长 || file=E06.txt; line_id=6; start=00:00:25.57; end=00:00:26.85; text=傅局长 您好 || file=E06.txt; line_id=19; start=00:00:54.61; end=00:00:55.31; text=傅局长 || file=E06.txt; line_id=50; start=00:02:04.83; end=00:02:08.28; text=傅局长 您现在算高干的吧 || file=E06.txt; line_id=282; start=00:12:02.85; end=00:12:05.73; text=说 傅局长一日不成家
Fulao（傅老）,老局长,10,likely_valid_alias,E05/E06 的旧职称称呼，连续上下文均指向傅老。；evidence_count=10；定位证据：file=E05.txt; line_id=107; start=00:04:55.72; end=00:04:57.86; text=哎呀老局长 || file=E05.txt; line_id=112; start=00:05:07.71; end=00:05:10.34; text=哎呀 托您的福啊 老局长 || file=E05.txt; line_id=125; start=00:05:51.13; end=00:05:53.22; text=老局长 || file=E05.txt; line_id=167; start=00:07:24.02; end=00:07:25.57; text=唉老局长 || file=E05.txt; line_id=202; start=00:10:00.79; end=00:10:03.33; text=哎呀老局长 || file=E05.txt; line_id=212; start=00:10:29.28; end=00:10:30.86; text=哎老局长 || file=E05.txt; line_id=221; start=00:10:52.77; end=00:10:55.06; text=哎老局长 || file=E05.txt; line_id=228; start=00:11:14.36; end=00:11:16.87; text=哎老局长 || file=E05.txt; line_id=234; start=00:11:29.78; end=00:11:31.02; text=这么着吧 老局长 || file=E06.txt; line_id=159; start=00:06:42.78; end=00:06:44.77; text=哎哟 我的老局长
Fulao（傅老）,傅老,2,likely_valid_alias,姓氏+敬称，明确直接称呼傅老。；evidence_count=2；定位证据：file=E19.txt; line_id=256; start=00:12:52.06; end=00:12:55.53; text=好 大家注意傅老的速度和幅度 || file=E34.txt; line_id=320; start=00:14:24.83; end=00:14:27.16; text=傅老 我问你
Fulao（傅老）,傅伯伯,4,likely_valid_alias,姓氏+亲属式敬称，多处稳定指向傅老。；evidence_count=4；定位证据：file=E13.txt; line_id=415; start=00:18:02.68; end=00:18:04.75; text=傅伯伯 您中那几等奖啊 || file=E19.txt; line_id=367; start=00:19:04.83; end=00:19:08.56; text=傅伯伯 我跟您说实话吧 || file=E19.txt; line_id=438; start=00:22:00.59; end=00:22:02.90; text=那我告辞了 傅伯伯 || file=E27.txt; line_id=175; start=00:07:45.15; end=00:07:47.63; text=傅伯伯 我也欺负您一回吧
Fulao（傅老）,小傅,2,likely_valid_alias,E06 中年长来客对傅老的旧式称呼，邻近上下文明确。；evidence_count=2；定位证据：file=E06.txt; line_id=222; start=00:09:21.29; end=00:09:23.53; text=小傅呢 || file=E06.txt; line_id=223; start=00:09:24.66; end=00:09:26.55; text=小傅
Fulao（傅老）,傅总,1,likely_valid_alias,E07 中对傅老的戏谑性“职称+姓氏”称呼，指向明确。；evidence_count=1；定位证据：file=E07.txt; line_id=70; start=00:03:52.43; end=00:03:56.07; text=给您的卧室装空调吧 傅总
Fulao（傅老）,贾敬贤,4,likely_valid_alias,E22 明确说明“他年轻时候叫贾敬贤”“他现在叫傅明”，属于曾用名。；evidence_count=4；定位证据：file=E22.txt; line_id=2; start=00:00:07.95; end=00:00:11.33; text=贾敬贤 谁叫贾敬贤啊 || file=E22.txt; line_id=4; start=00:00:12.55; end=00:00:13.78; text=他年轻时候叫贾敬贤 || file=E22.txt; line_id=23; start=00:00:57.51; end=00:01:02.53; text=喂 我找一下贾敬贤先生 || file=E22.txt; line_id=186; start=00:09:37.65; end=00:09:40.78; text=从贾敬贤变成傅明
Fulao（傅老）,贾敬贤先生,1,likely_valid_alias,曾用名+先生，E22 电话场景明确指向傅老年轻时身份。；evidence_count=1；定位证据：file=E22.txt; line_id=23; start=00:00:57.51; end=00:01:02.53; text=喂 我找一下贾敬贤先生
Fulao（傅老）,敬贤,6,likely_valid_alias,E22 围绕曾用名“贾敬贤”的省称，多处明确指向傅老。；evidence_count=10；定位证据：file=E22.txt; line_id=2; start=00:00:07.95; end=00:00:11.33; text=贾敬贤 谁叫贾敬贤啊 || file=E22.txt; line_id=4; start=00:00:12.55; end=00:00:13.78; text=他年轻时候叫贾敬贤 || file=E22.txt; line_id=9; start=00:00:23.11; end=00:00:24.72; text=敬贤是我爸 对 || file=E22.txt; line_id=23; start=00:00:57.51; end=00:01:02.53; text=喂 我找一下贾敬贤先生 || file=E22.txt; line_id=172; start=00:08:28.88; end=00:08:31.61; text=敬贤不会说话呀 || file=E22.txt; line_id=186; start=00:09:37.65; end=00:09:40.78; text=从贾敬贤变成傅明 || file=E22.txt; line_id=205; start=00:10:39.91; end=00:10:42.69; text=敬贤 你革命你没错 || file=E22.txt; line_id=232; start=00:12:00.82; end=00:12:04.27; text=敬贤啊 你忘记了 || file=E22.txt; line_id=247; start=00:12:48.83; end=00:12:50.75; text=敬贤啊 || file=E22.txt; line_id=383; start=00:20:00.49; end=00:20:04.85; text=敬贤啊 你好好地过吧
Fulao（傅老）,傅某人,1,likely_valid_alias,E27 傅老自称“我傅某人”，是一次性但指向明确的自称表面形式。；evidence_count=1；定位证据：file=E27.txt; line_id=535; start=00:24:47.71; end=00:24:50.23; text=我傅某人还就奉陪到底了
Heping（和平）,和平,174,likely_valid_alias,标准名，字幕中大量直接称呼与自称。；evidence_count=191；定位证据：file=E01.txt; line_id=70; start=00:02:58.32; end=00:02:59.64; text=和平你在背后 || file=E02.txt; line_id=276; start=00:12:41.47; end=00:12:44.63; text=志国对和平说 || file=E02.txt; line_id=280; start=00:12:53.94; end=00:12:55.57; text=和平说 || file=E02.txt; line_id=288; start=00:13:14.02; end=00:13:15.60; text=和平说 || file=E02.txt; line_id=305; start=00:13:54.19; end=00:13:54.97; text=和平 || file=E02.txt; line_id=319; start=00:14:24.47; end=00:14:25.32; text=和平说 || file=E02.txt; line_id=408; start=00:19:08.80; end=00:19:11.18; text=我跟和平 || file=E03.txt; line_id=318; start=00:13:54.10; end=00:13:57.10; text=和平 你的意见呢 || file=E03.txt; line_id=322; start=00:14:05.85; end=00:14:09.03; text=和平这个意见很重要 || file=E05.txt; line_id=7; start=00:00:32.40; end=00:00:36.24; text=这个 和平呢 || file=E05.txt; line_id=13; start=00:00:55.93; end=00:01:00.17; text=这个最近啊 和平家里有些困难 || file=E05.txt; line_id=20; start=00:01:13.68; end=00:01:16.39; text=和平的母亲呢 也休息不好 || file=E05.txt; line_id=22; start=00:01:19.18; end=00:01:20.89; text=和平呢 || file=E05.txt; line_id=47; start=00:02:12.97; end=00:02:14.10; text=和平对您挺孝敬 || file=E05.txt; line_id=92; start=00:04:00.51; end=00:04:03.61; text=和平的母亲也是劳动人民嘛 || file=E05.txt; line_id=146; start=00:06:41.23; end=00:06:44.10; text=依我说啊 就在和平那屋挤挤 || file=E05.txt; line_id=170; start=00:07:30.60; end=00:07:32.58; text=和平 拿包袱 || file=E05.txt; line_id=188; start=00:08:12.26; end=00:08:15.42; text=让和平帮我把这沙发往那边儿挪挪 || file=E05.txt; line_id=244; start=00:12:12.14; end=00:12:14.33; text=和平 快让你妈坐下吧 || file=E05.txt; line_id=286; start=00:14:16.76; end=00:14:18.25; text=和平啊 || file=E05.txt; line_id=412; start=00:19:05.41; end=00:19:07.41; text=这个 和平啊 || file=E05.txt; line_id=471; start=00:21:43.85; end=00:21:46.73; text=和平啊 妈还没睡呢 || file=E05.txt; line_id=532; start=00:24:04.33; end=00:24:05.57; text=和平 || file=E06.txt; line_id=8; start=00:00:28.31; end=00:00:30.38; text=来看和平母亲的 是吧 || file=E06.txt; line_id=82; start=00:03:31.87; end=00:03:34.20; text=志国已经有和平了 || file=E06.txt; line_id=235; start=00:10:07.08; end=00:10:10.28; text=跟谁 跟和平她妈 || file=E06.txt; line_id=289; start=00:12:21.58; end=00:12:23.65; text=又碍着和平的面子 || file=E06.txt; line_id=393; start=00:17:12.70; end=00:17:14.55; text=和平她爹 || file=E06.txt; line_id=547; start=00:23:30.14; end=00:23:31.36; text=和平 || file=E07.txt; line_id=444; start=00:20:32.45; end=00:20:37.64; text=我姐姐 人送外号 和平女侠 || file=E08.txt; line_id=29; start=00:01:20.10; end=00:01:21.61; text=这个 和平啊 || file=E09.txt; line_id=101; start=00:03:36.95; end=00:03:39.59; text=和平早上起来看花了眼了 || file=E09.txt; line_id=298; start=00:11:56.27; end=00:11:58.44; text=而在和平的雨鞋里做窝的那只呢 || file=E10.txt; line_id=129; start=00:05:27.34; end=00:05:28.69; text=和平 || file=E11.txt; line_id=204; start=00:08:58.27; end=00:09:00.06; text=和平 走 咱们回屋 || file=E11.txt; line_id=304; start=00:12:54.01; end=00:12:56.99; text=这个就是你们要找的和平同志 || file=E11.txt; line_id=326; start=00:13:37.03; end=00:13:40.11; text=和平同志这个意见还是很重要的 || file=E12.txt; line_id=97; start=00:04:00.74; end=00:04:02.71; text=和平还说让我给你送被子去呢 || file=E12.txt; line_id=106; start=00:04:21.84; end=00:04:23.87; text=听和平说 || file=E12.txt; line_id=265; start=00:11:34.78; end=00:11:36.91; text=和平啊 领她到各屋都去转转 || file=E12.txt; line_id=269; start=00:11:58.22; end=00:11:59.57; text=和平啊 || file=E12.txt; line_id=302; start=00:13:15.83; end=00:13:17.75; text=和平 你是不是动了 || file=E12.txt; line_id=304; start=00:13:18.86; end=00:13:20.88; text=和平 你也忒不讲信用了 || file=E13.txt; line_id=29; start=00:01:32.84; end=00:01:33.84; text=和平自小迷糊 || file=E13.txt; line_id=110; start=00:04:14.16; end=00:04:14.88; text=和平啊 || file=E13.txt; line_id=239; start=00:09:48.10; end=00:09:51.21; text=和平买奖券已经令人齿冷 || file=E13.txt; line_id=261; start=00:11:48.19; end=00:11:51.25; text=和平 这是不是你干的这个 || file=E14.txt; line_id=1; start=00:00:12.00; end=00:00:13.85; text=和平啊 || file=E14.txt; line_id=72; start=00:03:18.90; end=00:03:20.48; text=我就是和平 || file=E14.txt; line_id=193; start=00:08:36.32; end=00:08:38.87; text=您就是和平同志 || file=E14.txt; line_id=399; start=00:16:28.57; end=00:16:29.76; text=和平在家吗 || file=E14.txt; line_id=403; start=00:16:35.20; end=00:16:36.35; text=和平 || file=E14.txt; line_id=451; start=00:18:26.06; end=00:18:27.84; text=和平 || file=E14.txt; line_id=455; start=00:18:45.23; end=00:18:48.68; text=和平同志深明大义 为国分忧啊 || file=E14.txt; line_id=599; start=00:24:05.95; end=00:24:07.57; text=为表彰和平同志 || file=E14.txt; line_id=601; start=00:24:11.47; end=00:24:13.53; text=从即日起 和平同志 || file=E15.txt; line_id=243; start=00:09:31.19; end=00:09:32.00; text=行了行了 和平 || file=E17.txt; line_id=25; start=00:01:03.73; end=00:01:04.96; text=和平年代太久了 || file=E17.txt; line_id=31; start=00:01:17.49; end=00:01:19.72; text=这不是明摆着把和平演变希望 || file=E17.txt; line_id=54; start=00:02:18.13; end=00:02:19.57; text=和平 || file=E17.txt; line_id=72; start=00:02:53.73; end=00:02:54.73; text=和平 || file=E17.txt; line_id=117; start=00:04:32.79; end=00:04:33.77; text=和平啊 || file=E18.txt; line_id=198; start=00:08:31.70; end=00:08:34.07; text=就别难为和平了 || file=E18.txt; line_id=285; start=00:11:55.65; end=00:11:57.95; text=看在和平的面子上 || file=E19.txt; line_id=150; start=00:07:02.89; end=00:07:03.84; text=和平啊 || file=E19.txt; line_id=186; start=00:08:53.20; end=00:08:54.27; text=和平 || file=E22.txt; line_id=78; start=00:03:44.90; end=00:03:47.62; text=和平 你电话 || file=E22.txt; line_id=133; start=00:06:28.97; end=00:06:30.66; text=和平啊 || file=E23.txt; line_id=211; start=00:11:13.48; end=00:11:15.47; text=和平 || file=E23.txt; line_id=212; start=00:11:16.03; end=00:11:17.93; text=和平啊 || file=E23.txt; line_id=213; start=00:11:18.08; end=00:11:20.62; text=和平 || file=E23.txt; line_id=236; start=00:12:24.93; end=00:12:26.57; text=今天早晨我还跟和平 || file=E23.txt; line_id=246; start=00:12:50.46; end=00:12:52.90; text=和平可是个热心肠 || file=E23.txt; line_id=249; start=00:12:56.62; end=00:13:00.51; text=和平老大妈腿脚还很利索 || file=E23.txt; line_id=285; start=00:14:41.18; end=00:14:44.38; text=和平老大妈弄出去打茶叶了 || file=E23.txt; line_id=330; start=00:16:54.86; end=00:16:58.89; text=和平 和平 || file=E24.txt; line_id=106; start=00:04:38.29; end=00:04:41.22; text=是志新呢 还是和平 || file=E25.txt; line_id=325; start=00:13:29.74; end=00:13:31.42; text=和平呢 是吧 || file=E25.txt; line_id=353; start=00:14:39.28; end=00:14:42.38; text=和平 你是了解我的 || file=E25.txt; line_id=374; start=00:15:24.19; end=00:15:27.74; text=和平 今非昔比了 || file=E25.txt; line_id=381; start=00:15:46.55; end=00:15:49.13; text=和平 你可是不能招我犯错误 || file=E25.txt; line_id=440; start=00:18:01.80; end=00:18:02.89; text=和平 || file=E25.txt; line_id=445; start=00:18:12.93; end=00:18:13.68; text=和平 || file=E25.txt; line_id=488; start=00:19:39.70; end=00:19:41.09; text=不 和平 || file=E25.txt; line_id=534; start=00:21:14.65; end=00:21:15.29; text=对了 和平 || file=E25.txt; line_id=546; start=00:21:36.58; end=00:21:37.47; text=对 和平 || file=E25.txt; line_id=565; start=00:22:14.06; end=00:22:15.31; text=和平 || file=E25.txt; line_id=606; start=00:23:33.91; end=00:23:34.98; text=和平 || file=E26.txt; line_id=28; start=00:01:09.54; end=00:01:12.45; text=和平 你看是不是 || file=E26.txt; line_id=349; start=00:13:04.06; end=00:13:05.43; text=和平同志 实在对不起 || file=E26.txt; line_id=460; start=00:17:40.62; end=00:17:43.79; text=记者呢在现场采访了和平里四小的 || file=E27.txt; line_id=61; start=00:02:43.71; end=00:02:46.16; text=我也没有和平的嗓子好 || file=E27.txt; line_id=470; start=00:21:54.28; end=00:21:55.30; text=和平 你快一点 || file=E27.txt; line_id=489; start=00:22:44.64; end=00:22:46.73; text=你说这事怎么办呢 和平 || file=E28.txt; line_id=1; start=00:00:10.24; end=00:00:11.74; text=和平啊 || file=E28.txt; line_id=143; start=00:06:40.80; end=00:06:42.28; text=和平 || file=E28.txt; line_id=251; start=00:12:35.31; end=00:12:37.59; text=和平 小余 同志们快来呀 || file=E28.txt; line_id=453; start=00:22:20.72; end=00:22:22.28; text=和平 || file=E29.txt; line_id=200; start=00:08:19.49; end=00:08:22.89; text=和平同志昨日切菜时不真将手切 || file=E29.txt; line_id=329; start=00:14:15.76; end=00:14:18.17; text=世界和平年刚过完 || file=E29.txt; line_id=333; start=00:14:23.92; end=00:14:24.57; text=和平啊 || file=E30.txt; line_id=232; start=00:11:47.93; end=00:11:49.34; text=和平啊 || file=E30.txt; line_id=252; start=00:12:44.20; end=00:12:45.31; text=和平啊 || file=E30.txt; line_id=297; start=00:14:45.79; end=00:14:49.02; text=和平 他这要去干什么他 || file=E30.txt; line_id=475; start=00:23:30.24; end=00:23:31.60; text=对了 和平 || file=E31.txt; line_id=78; start=00:02:49.59; end=00:02:52.71; text=和平啊 你也别往心头里去 || file=E31.txt; line_id=95; start=00:03:36.02; end=00:03:38.46; text=来取得和平的谅解 || file=E31.txt; line_id=100; start=00:03:45.65; end=00:03:46.96; text=和平啊 || file=E31.txt; line_id=127; start=00:05:09.78; end=00:05:11.25; text=和平 || file=E31.txt; line_id=139; start=00:05:39.23; end=00:05:42.08; text=和平 你说 || file=E31.txt; line_id=293; start=00:12:06.75; end=00:12:08.50; text=回来了 和平 || file=E31.txt; line_id=342; start=00:14:04.68; end=00:14:07.78; text=喂 您是和平同志吗 || file=E32.txt; line_id=110; start=00:04:32.51; end=00:04:35.12; text=和平 你也得实事求是 || file=E32.txt; line_id=130; start=00:05:30.43; end=00:05:32.88; text=来 和平 你吃菜 || file=E32.txt; line_id=159; start=00:07:01.99; end=00:07:02.94; text=和平 || file=E32.txt; line_id=178; start=00:08:09.08; end=00:08:10.98; text=和平提出离婚 || file=E32.txt; line_id=211; start=00:09:31.87; end=00:09:33.87; text=去跟和平去谈一谈了 || file=E32.txt; line_id=224; start=00:10:04.49; end=00:10:06.32; text=我现在一见和平我浑身就哆嗦 || file=E32.txt; line_id=289; start=00:12:41.74; end=00:12:43.99; text=不行 和平回来了 || file=E32.txt; line_id=398; start=00:16:41.41; end=00:16:43.37; text=和平发现这件事儿的第一个反应 || file=E33.txt; line_id=39; start=00:01:23.25; end=00:01:26.82; text=和平 你就辛苦一趟吧 || file=E33.txt; line_id=65; start=00:02:20.51; end=00:02:21.48; text=和平啊 || file=E34.txt; line_id=82; start=00:03:40.05; end=00:03:42.01; text=找个和平这样儿的就完了 || file=E35.txt; line_id=31; start=00:01:09.80; end=00:01:10.93; text=和平 || file=E35.txt; line_id=74; start=00:02:42.59; end=00:02:43.92; text=是不是 和平 || file=E35.txt; line_id=77; start=00:03:02.88; end=00:03:06.44; text=这和平演出怎么还不回来 || file=E35.txt; line_id=78; start=00:03:10.18; end=00:03:13.56; text=这和平演出怎么还不回来 || file=E35.txt; line_id=79; start=00:03:16.03; end=00:03:17.91; text=你说这和平演出 || file=E35.txt; line_id=165; start=00:06:23.46; end=00:06:26.48; text=和平啊 辛苦了啊 || file=E35.txt; line_id=238; start=00:09:41.07; end=00:09:42.88; text=你先让和平打嘛 || file=E35.txt; line_id=293; start=00:11:58.69; end=00:12:01.49; text=对了和平 我还忘了告诉你了 || file=E35.txt; line_id=294; start=00:12:01.80; end=00:12:03.27; text=和平 || file=E35.txt; line_id=295; start=00:12:03.43; end=00:12:04.44; text=和平 || file=E35.txt; line_id=302; start=00:12:29.88; end=00:12:33.45; text=和平这几天到底是怎么回事儿啊 || file=E35.txt; line_id=342; start=00:14:03.65; end=00:14:05.53; text=志国 你告诉和平 || file=E35.txt; line_id=361; start=00:14:46.15; end=00:14:47.83; text=和平有缺点 您指出来 || file=E35.txt; line_id=383; start=00:15:34.11; end=00:15:35.89; text=您瞧和平什么好事儿都先想着您 || file=E35.txt; line_id=390; start=00:15:45.60; end=00:15:47.04; text=和平啊 || file=E36.txt; line_id=3; start=00:00:22.16; end=00:00:24.33; text=哦 和平啊 || file=E36.txt; line_id=95; start=00:05:09.74; end=00:05:13.73; text=俺要跟和平大姐学唱大鼓 || file=E36.txt; line_id=133; start=00:06:34.76; end=00:06:36.54; text=快去把和平叫起来 || file=E36.txt; line_id=145; start=00:07:08.26; end=00:07:09.26; text=和平 || file=E36.txt; line_id=161; start=00:07:43.27; end=00:07:45.03; text=和平 你看这么多人都等着你 || file=E36.txt; line_id=168; start=00:07:56.07; end=00:07:57.27; text=和平啊 || file=E36.txt; line_id=183; start=00:08:29.73; end=00:08:32.22; text=“和平大鼓迷协会”的时候 || file=E36.txt; line_id=228; start=00:10:26.61; end=00:10:29.56; text=和平 你的电话打得快一点 || file=E36.txt; line_id=286; start=00:12:46.76; end=00:12:48.47; text=和平啊 || file=E36.txt; line_id=307; start=00:13:53.11; end=00:13:54.83; text=和平 || file=E36.txt; line_id=310; start=00:13:59.21; end=00:14:01.78; text=和平肯定是遇上大麻烦了 || file=E36.txt; line_id=364; start=00:15:57.71; end=00:16:00.45; text=当初和平头一回挣回那一百块钱 || file=E36.txt; line_id=372; start=00:16:21.31; end=00:16:23.75; text=和平挣的钱 你也没少花 || file=E36.txt; line_id=375; start=00:16:30.58; end=00:16:32.54; text=和平平常挣的钱 || file=E36.txt; line_id=444; start=00:19:36.69; end=00:19:37.63; text=和平 || file=E36.txt; line_id=481; start=00:21:07.87; end=00:21:10.22; text=我是和平 || file=E37.txt; line_id=74; start=00:02:59.56; end=00:03:02.08; text=和平 你这不是自己吓唬自己吗 || file=E37.txt; line_id=77; start=00:03:06.42; end=00:03:07.04; text=和平 || file=E37.txt; line_id=92; start=00:03:38.54; end=00:03:40.81; text=和平啊 你冷静冷静 || file=E37.txt; line_id=96; start=00:03:49.51; end=00:03:52.76; text=和平这一段儿身体不好是事实 || file=E37.txt; line_id=111; start=00:04:24.94; end=00:04:27.75; text=和平总该把心给放下来了 || file=E37.txt; line_id=122; start=00:04:51.26; end=00:04:53.81; text=让和平过来坐坐 她都躺了一天了 || file=E37.txt; line_id=135; start=00:05:32.67; end=00:05:34.26; text=和平啊 || file=E37.txt; line_id=148; start=00:06:03.30; end=00:06:04.95; text=和平离牺牲啊还早着呢 || file=E37.txt; line_id=152; start=00:06:08.37; end=00:06:09.35; text=是不是和平 || file=E37.txt; line_id=166; start=00:06:47.15; end=00:06:49.43; text=和平你说 你这何苦来的呢 || file=E37.txt; line_id=217; start=00:08:34.56; end=00:08:36.44; text=和平啊 || file=E37.txt; line_id=447; start=00:17:54.95; end=00:17:56.37; text=得了 和平 || file=E38.txt; line_id=1; start=00:00:12.62; end=00:00:14.39; text=和平的母亲 || file=E38.txt; line_id=8; start=00:00:30.40; end=00:00:33.38; text=和平单位通知了没有啊 || file=E38.txt; line_id=32; start=00:01:28.96; end=00:01:32.68; text=和平是个好同志啊 || file=E38.txt; line_id=61; start=00:03:16.97; end=00:03:18.22; text=和平 和平 || file=E38.txt; line_id=63; start=00:03:19.18; end=00:03:20.28; text=和平 || file=E38.txt; line_id=65; start=00:03:22.79; end=00:03:24.36; text=和平 || file=E38.txt; line_id=66; start=00:03:24.50; end=00:03:25.18; text=和平 || file=E38.txt; line_id=79; start=00:03:53.63; end=00:03:55.19; text=和平啊 || file=E38.txt; line_id=138; start=00:06:30.84; end=00:06:34.26; text=我是和平他们单位的工会主席老赵 || file=E38.txt; line_id=149; start=00:06:49.30; end=00:06:51.69; text=和平同志 是个好同志啊 || file=E38.txt; line_id=157; start=00:07:06.66; end=00:07:09.83; text=根据和平同志的生前的艺术成就 || file=E38.txt; line_id=164; start=00:07:21.44; end=00:07:22.70; text=和平同志的艺术成就 || file=E38.txt; line_id=167; start=00:07:28.00; end=00:07:30.13; text=对吧 和平 || file=E38.txt; line_id=176; start=00:07:39.75; end=00:07:40.72; text=我跟你说 和平 || file=E38.txt; line_id=184; start=00:07:52.72; end=00:07:53.49; text=我告诉你 和平 || file=E38.txt; line_id=294; start=00:11:47.36; end=00:11:48.75; text=和平回来啦 || file=E38.txt; line_id=430; start=00:17:51.67; end=00:17:52.73; text=和平 || file=E38.txt; line_id=442; start=00:18:17.38; end=00:18:18.78; text=和平 || file=E38.txt; line_id=474; start=00:19:20.14; end=00:19:20.80; text=和平 || file=E38.txt; line_id=478; start=00:19:24.38; end=00:19:27.44; text=不好啦 和平又要死啦 || file=E38.txt; line_id=480; start=00:19:28.79; end=00:19:31.25; text=不用来人啦 和平死不了啦 || file=E39.txt; line_id=145; start=00:06:45.32; end=00:06:46.56; text=和平 || file=E39.txt; line_id=168; start=00:07:35.11; end=00:07:38.50; text=这个 和平和志新经常在家 || file=E39.txt; line_id=282; start=00:12:00.86; end=00:12:03.69; text=我有时还得帮助和平去买买菜 || file=E40.txt; line_id=263; start=00:11:21.93; end=00:11:24.78; text=和平 和平
Heping（和平）,和平同志,12,likely_valid_alias,姓名+同志，多集正式场景明确指向和平。；evidence_count=12；定位证据：file=E11.txt; line_id=304; start=00:12:54.01; end=00:12:56.99; text=这个就是你们要找的和平同志 || file=E11.txt; line_id=326; start=00:13:37.03; end=00:13:40.11; text=和平同志这个意见还是很重要的 || file=E14.txt; line_id=193; start=00:08:36.32; end=00:08:38.87; text=您就是和平同志 || file=E14.txt; line_id=455; start=00:18:45.23; end=00:18:48.68; text=和平同志深明大义 为国分忧啊 || file=E14.txt; line_id=599; start=00:24:05.95; end=00:24:07.57; text=为表彰和平同志 || file=E14.txt; line_id=601; start=00:24:11.47; end=00:24:13.53; text=从即日起 和平同志 || file=E26.txt; line_id=349; start=00:13:04.06; end=00:13:05.43; text=和平同志 实在对不起 || file=E29.txt; line_id=200; start=00:08:19.49; end=00:08:22.89; text=和平同志昨日切菜时不真将手切 || file=E31.txt; line_id=342; start=00:14:04.68; end=00:14:07.78; text=喂 您是和平同志吗 || file=E38.txt; line_id=149; start=00:06:49.30; end=00:06:51.69; text=和平同志 是个好同志啊 || file=E38.txt; line_id=157; start=00:07:06.66; end=00:07:09.83; text=根据和平同志的生前的艺术成就 || file=E38.txt; line_id=164; start=00:07:21.44; end=00:07:22.70; text=和平同志的艺术成就
Heping（和平）,和平女侠,1,likely_valid_alias,E07 明说“人送外号 和平女侠”，是字幕显式给出的绰号。；evidence_count=1；定位证据：file=E07.txt; line_id=444; start=00:20:32.45; end=00:20:37.64; text=我姐姐 人送外号 和平女侠
Heping（和平）,和小姐,8,likely_valid_alias,E36 首次出现后立刻由“哦 和平啊”消歧，后续同一场景持续指向和平。；evidence_count=9；定位证据：file=E36.txt; line_id=2; start=00:00:18.52; end=00:00:21.52; text=和小姐 什么和小姐 || file=E36.txt; line_id=26; start=00:01:51.44; end=00:01:54.69; text=和小姐她不在 出去了 || file=E36.txt; line_id=38; start=00:02:40.09; end=00:02:43.76; text=喂 和小姐她出去了 || file=E36.txt; line_id=39; start=00:02:44.96; end=00:02:47.44; text=谁和小姐出去了 || file=E36.txt; line_id=42; start=00:02:56.09; end=00:02:59.25; text=我能和小姐出去吗 || file=E36.txt; line_id=57; start=00:03:47.43; end=00:03:48.24; text=来找和小姐 || file=E36.txt; line_id=59; start=00:03:49.63; end=00:03:51.68; text=这一趟我要是见不着和小姐 || file=E36.txt; line_id=71; start=00:04:17.78; end=00:04:19.99; text=您老是和小姐啥人呐 || file=E36.txt; line_id=76; start=00:04:29.94; end=00:04:33.09; text=一看您就是和小姐的经纪银（人）吧
Heping（和平）,和平大姐,1,likely_valid_alias,姓名+称谓，E36 明确指向和平。；evidence_count=1；定位证据：file=E36.txt; line_id=95; start=00:05:09.74; end=00:05:13.73; text=俺要跟和平大姐学唱大鼓
Heping（和平）,和平老大妈,2,likely_valid_alias,姓名+戏谑称谓，E23 两处均明确指向和平。；evidence_count=2；定位证据：file=E23.txt; line_id=249; start=00:12:56.62; end=00:13:00.51; text=和平老大妈腿脚还很利索 || file=E23.txt; line_id=285; start=00:14:41.18; end=00:14:44.38; text=和平老大妈弄出去打茶叶了
Heping（和平）,平,3,likely_valid_alias,E31 明确讨论把“和平”简称为一个“平”字，并随后直接用“平”称呼她；低频但证据明确。；evidence_count=2；定位证据：file=E31.txt; line_id=417; start=00:16:58.66; end=00:17:01.72; text=你叫过我一个“平”字儿没有啊 || file=E31.txt; line_id=420; start=00:17:07.92; end=00:17:09.79; text=平
Zhixin（志新）,志新,189,likely_valid_alias,标准名，大量直接称呼。；evidence_count=255；定位证据：file=E02.txt; line_id=128; start=00:06:25.66; end=00:06:27.82; text=就说你吧 志新 || file=E02.txt; line_id=145; start=00:07:17.62; end=00:07:18.99; text=你听着 志新 || file=E02.txt; line_id=221; start=00:10:31.25; end=00:10:32.86; text=志新在这方面尤为恶劣 || file=E02.txt; line_id=222; start=00:10:33.03; end=00:10:34.36; text=哎哟 这志新 || file=E02.txt; line_id=373; start=00:17:16.15; end=00:17:16.97; text=志新呐 || file=E02.txt; line_id=398; start=00:18:40.47; end=00:18:44.23; text=志新 圆圆 小凡 || file=E03.txt; line_id=19; start=00:01:00.12; end=00:01:01.85; text=找志新啊 || file=E03.txt; line_id=179; start=00:07:54.53; end=00:07:56.18; text=算我贾志新没能耐 || file=E03.txt; line_id=304; start=00:13:24.78; end=00:13:26.27; text=爸 您甭听志新他们 || file=E03.txt; line_id=308; start=00:13:32.06; end=00:13:34.50; text=志新他们也是误会了 || file=E04.txt; line_id=46; start=00:02:57.99; end=00:03:00.90; text=你跟她说 贾志新总经理来了 || file=E04.txt; line_id=61; start=00:03:36.14; end=00:03:39.33; text=志新 你这该死的来啦 || file=E04.txt; line_id=87; start=00:04:33.75; end=00:04:37.32; text=我们志新交女朋友一般三天就吹 || file=E04.txt; line_id=90; start=00:04:40.83; end=00:04:41.88; text=嫌我们志新呀 || file=E04.txt; line_id=99; start=00:04:58.41; end=00:04:59.46; text=贾志新 || file=E04.txt; line_id=103; start=00:05:06.01; end=00:05:07.84; text=我们志新就是这特点 || file=E04.txt; line_id=115; start=00:05:37.10; end=00:05:39.19; text=追我们志新追成了神经病 || file=E04.txt; line_id=142; start=00:06:46.66; end=00:06:49.57; text=你太小瞧我贾志新了 我告诉你 || file=E04.txt; line_id=189; start=00:08:19.90; end=00:08:22.59; text=志新 咱们别老回忆那些不愉快的 || file=E04.txt; line_id=191; start=00:08:26.24; end=00:08:29.80; text=志新呐 打小就是老实孩子 || file=E04.txt; line_id=256; start=00:10:58.82; end=00:11:00.14; text=贾志新 || file=E04.txt; line_id=297; start=00:12:45.51; end=00:12:47.41; text=志新今儿要带女朋友来 || file=E04.txt; line_id=302; start=00:12:54.87; end=00:12:57.24; text=不就志新的女朋友吗 || file=E04.txt; line_id=316; start=00:13:40.76; end=00:13:42.30; text=我们志新的强项啊 || file=E04.txt; line_id=338; start=00:14:38.95; end=00:14:40.81; text=贾志新同志 || file=E04.txt; line_id=360; start=00:15:41.03; end=00:15:43.42; text=一直听志新念叨 || file=E04.txt; line_id=372; start=00:16:15.81; end=00:16:17.69; text=志新 你今儿是误会我了 || file=E04.txt; line_id=387; start=00:16:51.98; end=00:16:53.62; text=志新是个好青年 || file=E04.txt; line_id=405; start=00:17:34.56; end=00:17:37.70; text=我们志新从来不占公家便宜 || file=E04.txt; line_id=446; start=00:19:14.84; end=00:19:16.45; text=志新 || file=E04.txt; line_id=455; start=00:19:38.54; end=00:19:40.21; text=志新 || file=E04.txt; line_id=459; start=00:19:54.84; end=00:19:55.65; text=志新 || file=E04.txt; line_id=462; start=00:20:36.88; end=00:20:38.02; text=志新 || file=E04.txt; line_id=467; start=00:20:54.62; end=00:20:55.71; text=志新 || file=E04.txt; line_id=473; start=00:21:10.38; end=00:21:13.51; text=志新 我知道我对不起你 || file=E04.txt; line_id=479; start=00:21:29.46; end=00:21:31.33; text=志新 你说 || file=E05.txt; line_id=75; start=00:03:18.22; end=00:03:21.29; text=志新 我平时待你可不薄 || file=E05.txt; line_id=139; start=00:06:25.78; end=00:06:26.78; text=我让志新呢 || file=E05.txt; line_id=142; start=00:06:31.15; end=00:06:34.34; text=那志新和小凡姑娘住哪儿啊 || file=E05.txt; line_id=143; start=00:06:35.13; end=00:06:37.46; text=志新回头就在客厅搭床 || file=E05.txt; line_id=148; start=00:06:45.47; end=00:06:47.44; text=跟志新他们哥俩住一屋 || file=E05.txt; line_id=160; start=00:07:07.38; end=00:07:10.57; text=我不能挤兑得志新在客厅搭床啊 || file=E05.txt; line_id=164; start=00:07:15.77; end=00:07:17.75; text=人志新招谁惹谁了 || file=E05.txt; line_id=280; start=00:13:51.15; end=00:13:54.09; text=志新 让我妈上你那屋 || file=E05.txt; line_id=363; start=00:17:16.70; end=00:17:18.43; text=志新 来 怎么着 || file=E05.txt; line_id=512; start=00:23:19.39; end=00:23:20.95; text=志新 小凡 || file=E05.txt; line_id=535; start=00:24:13.46; end=00:24:15.66; text=给志新 || file=E06.txt; line_id=77; start=00:03:19.66; end=00:03:22.59; text=可我们志新现在还不到三十呢 || file=E06.txt; line_id=78; start=00:03:22.73; end=00:03:25.19; text=我又不是给志新说的 || file=E06.txt; line_id=79; start=00:03:25.32; end=00:03:28.20; text=那不是给志新说的 是给谁说的 || file=E06.txt; line_id=231; start=00:09:55.24; end=00:09:58.17; text=志国 志新啊 || file=E06.txt; line_id=457; start=00:19:55.53; end=00:19:56.72; text=您甭听志新瞎说 || file=E06.txt; line_id=475; start=00:20:30.76; end=00:20:31.92; text=志新 || file=E06.txt; line_id=511; start=00:21:55.76; end=00:21:57.53; text=志新 我可跟你没完 || file=E07.txt; line_id=137; start=00:07:10.21; end=00:07:10.90; text=贾志新 || file=E07.txt; line_id=138; start=00:07:11.05; end=00:07:12.62; text=贾志新 || file=E07.txt; line_id=139; start=00:07:12.80; end=00:07:15.76; text=这个贾志新呐 诡异多端 || file=E07.txt; line_id=148; start=00:07:34.26; end=00:07:37.08; text=防止贾志新狗急跳墙 || file=E07.txt; line_id=186; start=00:09:12.84; end=00:09:15.83; text=我贾志新就要小发一笔 || file=E07.txt; line_id=230; start=00:11:10.12; end=00:11:12.73; text=这里边儿就你一人认识贾志新 || file=E07.txt; line_id=390; start=00:18:15.30; end=00:18:19.51; text=贾志新 你这个大骗子 || file=E07.txt; line_id=458; start=00:21:08.74; end=00:21:10.57; text=假贾志新 || file=E07.txt; line_id=479; start=00:22:09.96; end=00:22:11.50; text=志新呀 || file=E08.txt; line_id=419; start=00:19:06.01; end=00:19:08.30; text=我都让志新去买去了 || file=E08.txt; line_id=420; start=00:19:08.42; end=00:19:09.15; text=志新 || file=E09.txt; line_id=484; start=00:19:50.21; end=00:19:52.66; text=这要是志新在家就好了 || file=E09.txt; line_id=485; start=00:19:52.79; end=00:19:54.25; text=志新怎么还不回来 || file=E10.txt; line_id=390; start=00:16:55.53; end=00:16:56.20; text=志新 || file=E11.txt; line_id=1; start=00:00:08.39; end=00:00:10.02; text=志新啊 || file=E11.txt; line_id=19; start=00:00:51.54; end=00:00:52.78; text=听见了没有 志新 || file=E11.txt; line_id=24; start=00:01:02.22; end=00:01:04.13; text=志新 电话 || file=E11.txt; line_id=47; start=00:02:14.98; end=00:02:17.73; text=志新 来 我们接着谈 || file=E11.txt; line_id=57; start=00:02:43.96; end=00:02:48.99; text=志新 你老看着我干嘛呀 || file=E11.txt; line_id=197; start=00:08:42.80; end=00:08:47.03; text=特别是像志新那号儿的 || file=E11.txt; line_id=226; start=00:09:43.00; end=00:09:46.44; text=志新 这衣裳哪儿来的呀 || file=E11.txt; line_id=251; start=00:10:43.95; end=00:10:45.33; text=行啊 志新 || file=E11.txt; line_id=267; start=00:11:25.80; end=00:11:27.60; text=贾志新先生 || file=E11.txt; line_id=273; start=00:11:52.34; end=00:11:55.04; text=这志新怎么还没有起来呀 || file=E11.txt; line_id=278; start=00:12:02.47; end=00:12:04.56; text=志新这孩子也是 || file=E11.txt; line_id=402; start=00:17:09.04; end=00:17:13.71; text=我呼的是我爱人他弟弟贾志新呐我 || file=E11.txt; line_id=403; start=00:17:13.85; end=00:17:16.15; text=贾志新 || file=E11.txt; line_id=427; start=00:18:18.59; end=00:18:19.47; text=你就是贾志新 || file=E12.txt; line_id=68; start=00:02:41.14; end=00:02:43.30; text=我告诉你 贾志新 || file=E12.txt; line_id=136; start=00:05:44.60; end=00:05:46.54; text=志新 || file=E12.txt; line_id=171; start=00:07:24.41; end=00:07:25.65; text=志新哥 || file=E12.txt; line_id=200; start=00:08:39.11; end=00:08:41.20; text=志新哥 原谅我这一回 || file=E12.txt; line_id=224; start=00:09:38.18; end=00:09:40.63; text=志新 你们家不就在旁边儿吗 || file=E12.txt; line_id=242; start=00:10:44.72; end=00:10:45.91; text=志新 你看 || file=E12.txt; line_id=261; start=00:11:26.91; end=00:11:28.10; text=志新啊 || file=E12.txt; line_id=282; start=00:12:28.42; end=00:12:30.28; text=您瞅着志新那儿搞上对象了 || file=E12.txt; line_id=353; start=00:15:24.77; end=00:15:27.14; text=你怎么来了 志新 || file=E12.txt; line_id=442; start=00:19:13.84; end=00:19:15.57; text=志新哥 || file=E13.txt; line_id=9; start=00:00:56.18; end=00:00:57.60; text=志新啊 || file=E13.txt; line_id=206; start=00:08:34.68; end=00:08:35.82; text=贾志新 || file=E13.txt; line_id=232; start=00:09:28.43; end=00:09:30.11; text=志新呀 你说 || file=E13.txt; line_id=376; start=00:16:34.91; end=00:16:35.34; text=不是 志新呀 || file=E13.txt; line_id=378; start=00:16:36.18; end=00:16:36.86; text=志新 || file=E15.txt; line_id=31; start=00:01:19.06; end=00:01:20.17; text=志新 || file=E15.txt; line_id=58; start=00:02:24.86; end=00:02:27.39; text=这跟志新这儿说什么呢 这么热闹 || file=E15.txt; line_id=61; start=00:02:30.08; end=00:02:34.16; text=志新吧 想入股吧 他又没有钱 || file=E15.txt; line_id=244; start=00:09:32.10; end=00:09:34.11; text=你让志新该干嘛干嘛去吧啊 || file=E15.txt; line_id=358; start=00:14:42.93; end=00:14:47.28; text=再和这个志新小凡他们商量商量 || file=E15.txt; line_id=470; start=00:19:49.02; end=00:19:50.27; text=志新啊 || file=E15.txt; line_id=476; start=00:19:58.91; end=00:20:01.85; text=志新 你说吧 || file=E15.txt; line_id=506; start=00:21:23.87; end=00:21:27.54; text=嫂子 这您可得感谢志新了 || file=E16.txt; line_id=149; start=00:05:21.38; end=00:05:22.20; text=志新 || file=E16.txt; line_id=178; start=00:06:39.61; end=00:06:41.68; text=志新 明儿你上交通队 || file=E16.txt; line_id=180; start=00:06:44.71; end=00:06:47.39; text=明天志新去干什么 || file=E16.txt; line_id=231; start=00:09:03.83; end=00:09:05.58; text=志新啊 || file=E16.txt; line_id=299; start=00:11:33.48; end=00:11:37.95; text=志新 让群众把话说完嘛 || file=E16.txt; line_id=344; start=00:13:44.72; end=00:13:49.31; text=志新 先务虚 后务实 || file=E16.txt; line_id=428; start=00:16:54.34; end=00:16:56.33; text=志新 你说呢 || file=E17.txt; line_id=173; start=00:06:33.60; end=00:06:36.13; text=那位是我弟弟 志新 || file=E17.txt; line_id=188; start=00:07:06.61; end=00:07:10.53; text=就跟志新在这客厅里先对付一宿 || file=E18.txt; line_id=92; start=00:03:44.52; end=00:03:45.11; text=志新呐 || file=E18.txt; line_id=115; start=00:04:58.01; end=00:04:59.63; text=志新啊 你坐下说 别着急 || file=E18.txt; line_id=146; start=00:06:13.85; end=00:06:17.30; text=听见志新外调回来摸到的情况了吧 || file=E18.txt; line_id=164; start=00:06:57.48; end=00:06:59.81; text=志新 你快来帮帮我呀你 || file=E18.txt; line_id=175; start=00:07:22.68; end=00:07:24.52; text=志新 快来呀 || file=E19.txt; line_id=112; start=00:05:32.29; end=00:05:35.70; text=把志新那辆“幸福125”给我推上来 || file=E19.txt; line_id=171; start=00:08:18.93; end=00:08:22.33; text=今天气感不好 都是志新给闹的 || file=E19.txt; line_id=172; start=00:08:22.89; end=00:08:24.55; text=也不能光赖志新 || file=E19.txt; line_id=180; start=00:08:39.66; end=00:08:41.34; text=志新 你别这么说啊 || file=E19.txt; line_id=370; start=00:19:11.80; end=00:19:14.76; text=我跟志新是哥们儿 || file=E19.txt; line_id=371; start=00:19:15.19; end=00:19:17.16; text=志新说您老人家练功走火了 || file=E19.txt; line_id=398; start=00:20:16.36; end=00:20:18.79; text=志新 您练一个给他们看看 || file=E19.txt; line_id=399; start=00:20:18.95; end=00:20:20.00; text=志新 || file=E20.txt; line_id=204; start=00:09:59.36; end=00:10:01.80; text=志新 不要乱讲嘛 || file=E21.txt; line_id=295; start=00:12:51.41; end=00:12:53.86; text=志新 你那儿情况怎么样 || file=E21.txt; line_id=337; start=00:15:17.42; end=00:15:19.00; text=志新 || file=E22.txt; line_id=372; start=00:19:25.84; end=00:19:27.97; text=你就是志新啊 || file=E22.txt; line_id=404; start=00:20:52.80; end=00:20:54.32; text=志新 || file=E23.txt; line_id=17; start=00:00:47.15; end=00:00:48.75; text=这个志新怎么不来吃早饭 || file=E24.txt; line_id=106; start=00:04:38.29; end=00:04:41.22; text=是志新呢 还是和平 || file=E25.txt; line_id=81; start=00:02:56.35; end=00:03:00.14; text=志新哥 你别再说那件事了 || file=E25.txt; line_id=347; start=00:14:21.22; end=00:14:23.37; text=别打 别打 志新 || file=E25.txt; line_id=476; start=00:19:15.63; end=00:19:17.31; text=张志新 遇罗克他们并列吧 || file=E26.txt; line_id=17; start=00:00:40.85; end=00:00:43.51; text=那就让志新去 || file=E26.txt; line_id=32; start=00:01:20.47; end=00:01:22.39; text=志新出去钓鱼回头拿鱼回来 || file=E26.txt; line_id=35; start=00:01:26.56; end=00:01:28.24; text=志新上哪儿钓鱼去了 || file=E26.txt; line_id=41; start=00:01:41.85; end=00:01:45.70; text=志新 你不是钓鱼去了吗 || file=E26.txt; line_id=60; start=00:02:32.93; end=00:02:35.61; text=志新 有电视台同志找你 || file=E26.txt; line_id=63; start=00:02:41.14; end=00:02:42.62; text=贾志新同志 您不用谦虚了 || file=E26.txt; line_id=104; start=00:03:53.60; end=00:03:54.82; text=只有贾志新同志 || file=E26.txt; line_id=125; start=00:04:42.91; end=00:04:47.24; text=而抢救儿童的贾志新同志 || file=E26.txt; line_id=126; start=00:04:47.38; end=00:04:48.90; text=贾志新同志 您好 || file=E26.txt; line_id=156; start=00:05:42.80; end=00:05:44.34; text=贾志新同志 || file=E26.txt; line_id=158; start=00:05:45.35; end=00:05:46.10; text=贾志新同志 || file=E26.txt; line_id=233; start=00:08:40.72; end=00:08:41.63; text=贾志新同志 || file=E26.txt; line_id=240; start=00:08:57.11; end=00:08:57.99; text=贾志新同志 || file=E26.txt; line_id=254; start=00:09:31.08; end=00:09:35.45; text=就是您的儿子贾志新的英雄道路 || file=E26.txt; line_id=256; start=00:09:36.72; end=00:09:40.90; text=这个 志新能够有今天 || file=E26.txt; line_id=343; start=00:12:51.00; end=00:12:52.99; text=听了贾志新的英雄事迹以后 || file=E26.txt; line_id=365; start=00:14:00.86; end=00:14:08.16; text=叫什么 贾志新 || file=E26.txt; line_id=375; start=00:14:25.87; end=00:14:26.61; text=志新哥 || file=E26.txt; line_id=401; start=00:15:23.62; end=00:15:25.72; text=特别是那贾志新 || file=E26.txt; line_id=405; start=00:15:30.28; end=00:15:32.14; text=贾志新同志的英雄事迹的 || file=E26.txt; line_id=408; start=00:15:37.42; end=00:15:38.45; text=志新当英雄了 || file=E26.txt; line_id=420; start=00:16:00.91; end=00:16:02.66; text=像志新那样好样儿的能有几个 || file=E26.txt; line_id=435; start=00:16:40.73; end=00:16:42.17; text=你放心吧 志新哥 || file=E27.txt; line_id=57; start=00:02:30.92; end=00:02:34.41; text=我也没有志新跑的快 || file=E27.txt; line_id=376; start=00:17:19.96; end=00:17:22.65; text=志新 你把这包云烟拿走 || file=E27.txt; line_id=388; start=00:18:06.38; end=00:18:09.71; text=这个 志新给我那个洋烟呐 || file=E27.txt; line_id=399; start=00:18:31.61; end=00:18:34.20; text=志新的态度是很顽固的 || file=E27.txt; line_id=403; start=00:18:41.33; end=00:18:42.62; text=不是志新戒烟 || file=E27.txt; line_id=507; start=00:23:39.62; end=00:23:41.67; text=志新 你别挨这儿捣乱啊 || file=E27.txt; line_id=541; start=00:25:00.09; end=00:25:01.58; text=志新 || file=E28.txt; line_id=74; start=00:02:54.52; end=00:02:56.80; text=特别是志新他们背着我 || file=E28.txt; line_id=114; start=00:04:56.02; end=00:04:57.44; text=志新呐 || file=E28.txt; line_id=383; start=00:18:27.21; end=00:18:28.15; text=志新 我爸 || file=E28.txt; line_id=452; start=00:22:09.00; end=00:22:12.36; text=志国志新不好 你爸爸脑溢血了 || file=E29.txt; line_id=139; start=00:05:50.87; end=00:05:52.48; text=贾志新 || file=E29.txt; line_id=174; start=00:07:10.85; end=00:07:15.73; text=贾志新同志今天亲切会见了 || file=E29.txt; line_id=178; start=00:07:22.36; end=00:07:23.79; text=贾志新同志 || file=E30.txt; line_id=151; start=00:07:53.52; end=00:07:55.01; text=志新 || file=E30.txt; line_id=198; start=00:10:00.04; end=00:10:01.16; text=志新啊 || file=E30.txt; line_id=430; start=00:21:05.36; end=00:21:07.26; text=这个志新怎么也没有回来呀 || file=E31.txt; line_id=18; start=00:00:41.77; end=00:00:44.15; text=志新 你的烟 || file=E31.txt; line_id=70; start=00:02:32.75; end=00:02:34.55; text=志新 你别开玩笑 || file=E31.txt; line_id=124; start=00:04:59.45; end=00:05:02.33; text=志新和小凡都没有工作 || file=E33.txt; line_id=3; start=00:00:03.21; end=00:00:05.19; text=志新 我真不是客气 || file=E33.txt; line_id=37; start=00:01:21.07; end=00:01:21.63; text=嘿 志新 || file=E33.txt; line_id=51; start=00:01:50.59; end=00:01:52.09; text=那就还是志新 || file=E33.txt; line_id=67; start=00:02:23.93; end=00:02:27.48; text=志新呢 明天早晨去车站接人 || file=E33.txt; line_id=89; start=00:03:25.38; end=00:03:27.93; text=志新哥哥 你也坐呀 || file=E33.txt; line_id=109; start=00:04:12.15; end=00:04:13.78; text=谢谢你 志新哥哥 || file=E33.txt; line_id=129; start=00:04:59.35; end=00:05:02.28; text=志新哥哥 你真好 || file=E33.txt; line_id=133; start=00:05:17.29; end=00:05:18.95; text=志新这个早点 || file=E33.txt; line_id=135; start=00:05:21.85; end=00:05:24.04; text=志新平时难得下厨房 || file=E33.txt; line_id=148; start=00:05:55.02; end=00:05:57.09; text=志新啊 || file=E33.txt; line_id=179; start=00:07:10.92; end=00:07:12.67; text=我们家的志新 || file=E33.txt; line_id=182; start=00:07:18.85; end=00:07:21.01; text=志新能够变得这么热情 || file=E33.txt; line_id=196; start=00:08:46.22; end=00:08:48.58; text=志新哥哥 你总和我开玩笑 || file=E33.txt; line_id=203; start=00:09:06.12; end=00:09:08.64; text=志新哥哥 你能算南方人吗 || file=E33.txt; line_id=236; start=00:10:29.81; end=00:10:32.85; text=志新哥哥 你真的不知道吗 || file=E33.txt; line_id=275; start=00:12:15.58; end=00:12:17.25; text=志新呢 || file=E33.txt; line_id=294; start=00:13:03.67; end=00:13:06.01; text=这个志新的眼光不是很高吗 || file=E33.txt; line_id=301; start=00:13:23.18; end=00:13:25.90; text=就许您看上 不许人志新看上她 || file=E33.txt; line_id=305; start=00:13:32.66; end=00:13:35.73; text=弄不好啊 还看不上咱志新呢 || file=E33.txt; line_id=306; start=00:13:35.89; end=00:13:37.51; text=志新也不错嘛 || file=E33.txt; line_id=311; start=00:13:48.36; end=00:13:51.36; text=主要现在志新自己就没有职业 || file=E33.txt; line_id=321; start=00:14:11.66; end=00:14:14.96; text=志新是不是真心和小晴好 || file=E33.txt; line_id=324; start=00:14:19.95; end=00:14:22.76; text=我就怕志新他又犯他那老毛病 || file=E33.txt; line_id=331; start=00:14:34.64; end=00:14:38.74; text=这个 回头我跟志新亲自地谈一谈 || file=E33.txt; line_id=344; start=00:15:10.04; end=00:15:11.96; text=志新呀 || file=E33.txt; line_id=362; start=00:15:42.99; end=00:15:44.57; text=志新呀 || file=E33.txt; line_id=413; start=00:18:02.77; end=00:18:05.76; text=志新哥哥 我真的很喜欢你 || file=E33.txt; line_id=435; start=00:18:54.43; end=00:18:55.35; text=志新哥哥 || file=E33.txt; line_id=456; start=00:19:41.24; end=00:19:42.25; text=叫志新 || file=E33.txt; line_id=470; start=00:20:08.56; end=00:20:10.32; text=叫志新 || file=E33.txt; line_id=482; start=00:20:36.58; end=00:20:37.56; text=志新哥哥 || file=E33.txt; line_id=491; start=00:20:58.00; end=00:20:59.34; text=叫志新 || file=E34.txt; line_id=1; start=00:00:03.84; end=00:00:06.32; text=志新怎么不来吃饭啊 || file=E34.txt; line_id=6; start=00:00:15.68; end=00:00:18.40; text=怎么志新一回来就病病殃殃的 || file=E34.txt; line_id=19; start=00:00:48.36; end=00:00:50.23; text=我看志新这回这症状 || file=E34.txt; line_id=27; start=00:01:07.78; end=00:01:11.79; text=要是我们志新真对你有那意思 || file=E34.txt; line_id=38; start=00:01:43.38; end=00:01:45.04; text=志新呀 || file=E34.txt; line_id=69; start=00:03:04.63; end=00:03:07.23; text=都说志新的妈妈很有才气的 || file=E34.txt; line_id=93; start=00:04:14.28; end=00:04:16.86; text=志新哥哥 你早些睡吧 || file=E34.txt; line_id=96; start=00:04:23.26; end=00:04:24.25; text=志新哥哥 || file=E34.txt; line_id=112; start=00:04:59.62; end=00:05:01.68; text=志新哥哥 你冷静些 || file=E34.txt; line_id=132; start=00:05:53.44; end=00:05:54.60; text=志新哥哥 || file=E34.txt; line_id=148; start=00:06:32.81; end=00:06:35.43; text=我贾志新堂堂正正一辈子 || file=E34.txt; line_id=156; start=00:06:51.70; end=00:06:54.93; text=志新哥哥 你不要瞎想八想 || file=E34.txt; line_id=189; start=00:08:26.41; end=00:08:27.50; text=志新哥哥 || file=E34.txt; line_id=204; start=00:09:12.32; end=00:09:13.31; text=志新哥哥 || file=E34.txt; line_id=230; start=00:10:33.96; end=00:10:36.17; text=志新哥哥 你哪天问问小凡妹妹 || file=E34.txt; line_id=258; start=00:11:47.39; end=00:11:50.26; text=这也不能全怪志新的妈妈 || file=E34.txt; line_id=276; start=00:12:37.15; end=00:12:38.53; text=志新哥哥 你不要乱说 || file=E34.txt; line_id=302; start=00:13:39.68; end=00:13:42.47; text=志新哥哥 你还是不要问了 || file=E34.txt; line_id=384; start=00:18:33.85; end=00:18:36.26; text=志新哥哥 你千万不要这样想 || file=E35.txt; line_id=104; start=00:04:05.28; end=00:04:07.87; text=兹有甲方贾志新为联系业务 || file=E35.txt; line_id=176; start=00:06:50.20; end=00:06:52.54; text=您就甭老说志新啦 || file=E35.txt; line_id=212; start=00:08:32.11; end=00:08:33.57; text=志新那工作问题呀 || file=E35.txt; line_id=232; start=00:09:24.79; end=00:09:26.49; text=志新 你电话打完没有 || file=E35.txt; line_id=490; start=00:20:28.33; end=00:20:30.72; text=明天志新管我要十块 || file=E36.txt; line_id=242; start=00:10:59.05; end=00:11:00.67; text=你等会 志新志新 || file=E36.txt; line_id=370; start=00:16:18.59; end=00:16:19.41; text=志新 || file=E36.txt; line_id=397; start=00:17:23.76; end=00:17:26.15; text=志新一个穷鬼 || file=E36.txt; line_id=449; start=00:19:45.63; end=00:19:47.22; text=有志新的钱 || file=E37.txt; line_id=370; start=00:15:00.15; end=00:15:02.12; text=她是志新的同学 || file=E37.txt; line_id=374; start=00:15:11.19; end=00:15:13.27; text=她跟志新那叫彻底没戏 || file=E37.txt; line_id=471; start=00:18:51.14; end=00:18:52.23; text=志新 || file=E38.txt; line_id=111; start=00:05:11.66; end=00:05:12.91; text=志新跟爸他们呢 || file=E38.txt; line_id=190; start=00:08:03.14; end=00:08:03.78; text=赶紧的 志新 || file=E38.txt; line_id=194; start=00:08:10.18; end=00:08:11.40; text=志新 || file=E38.txt; line_id=218; start=00:08:59.02; end=00:09:01.38; text=贾志新 你拿我开涮 || file=E38.txt; line_id=286; start=00:11:23.39; end=00:11:25.10; text=志新 志新 || file=E38.txt; line_id=419; start=00:17:18.31; end=00:17:19.19; text=志新 || file=E39.txt; line_id=168; start=00:07:35.11; end=00:07:38.50; text=这个 和平和志新经常在家 || file=E39.txt; line_id=258; start=00:11:08.98; end=00:11:09.90; text=我告诉你志新 || file=E39.txt; line_id=362; start=00:15:14.95; end=00:15:17.19; text=志新 还推呢 || file=E39.txt; line_id=491; start=00:20:09.46; end=00:20:11.31; text=志新哥 你打的是我 || file=E40.txt; line_id=338; start=00:15:02.21; end=00:15:04.72; text=志新哥 你看怎么办 || file=E40.txt; line_id=417; start=00:18:49.25; end=00:18:52.59; text=这个 一会儿让志新他们送送你
Zhixin（志新）,贾志新,25,likely_valid_alias,全名，多处自称、介绍与正式报道均明确。；evidence_count=39；定位证据：file=E03.txt; line_id=179; start=00:07:54.53; end=00:07:56.18; text=算我贾志新没能耐 || file=E04.txt; line_id=46; start=00:02:57.99; end=00:03:00.90; text=你跟她说 贾志新总经理来了 || file=E04.txt; line_id=99; start=00:04:58.41; end=00:04:59.46; text=贾志新 || file=E04.txt; line_id=142; start=00:06:46.66; end=00:06:49.57; text=你太小瞧我贾志新了 我告诉你 || file=E04.txt; line_id=256; start=00:10:58.82; end=00:11:00.14; text=贾志新 || file=E04.txt; line_id=338; start=00:14:38.95; end=00:14:40.81; text=贾志新同志 || file=E07.txt; line_id=137; start=00:07:10.21; end=00:07:10.90; text=贾志新 || file=E07.txt; line_id=138; start=00:07:11.05; end=00:07:12.62; text=贾志新 || file=E07.txt; line_id=139; start=00:07:12.80; end=00:07:15.76; text=这个贾志新呐 诡异多端 || file=E07.txt; line_id=148; start=00:07:34.26; end=00:07:37.08; text=防止贾志新狗急跳墙 || file=E07.txt; line_id=186; start=00:09:12.84; end=00:09:15.83; text=我贾志新就要小发一笔 || file=E07.txt; line_id=230; start=00:11:10.12; end=00:11:12.73; text=这里边儿就你一人认识贾志新 || file=E07.txt; line_id=390; start=00:18:15.30; end=00:18:19.51; text=贾志新 你这个大骗子 || file=E07.txt; line_id=458; start=00:21:08.74; end=00:21:10.57; text=假贾志新 || file=E11.txt; line_id=267; start=00:11:25.80; end=00:11:27.60; text=贾志新先生 || file=E11.txt; line_id=402; start=00:17:09.04; end=00:17:13.71; text=我呼的是我爱人他弟弟贾志新呐我 || file=E11.txt; line_id=403; start=00:17:13.85; end=00:17:16.15; text=贾志新 || file=E11.txt; line_id=427; start=00:18:18.59; end=00:18:19.47; text=你就是贾志新 || file=E12.txt; line_id=68; start=00:02:41.14; end=00:02:43.30; text=我告诉你 贾志新 || file=E13.txt; line_id=206; start=00:08:34.68; end=00:08:35.82; text=贾志新 || file=E26.txt; line_id=63; start=00:02:41.14; end=00:02:42.62; text=贾志新同志 您不用谦虚了 || file=E26.txt; line_id=104; start=00:03:53.60; end=00:03:54.82; text=只有贾志新同志 || file=E26.txt; line_id=125; start=00:04:42.91; end=00:04:47.24; text=而抢救儿童的贾志新同志 || file=E26.txt; line_id=126; start=00:04:47.38; end=00:04:48.90; text=贾志新同志 您好 || file=E26.txt; line_id=156; start=00:05:42.80; end=00:05:44.34; text=贾志新同志 || file=E26.txt; line_id=158; start=00:05:45.35; end=00:05:46.10; text=贾志新同志 || file=E26.txt; line_id=233; start=00:08:40.72; end=00:08:41.63; text=贾志新同志 || file=E26.txt; line_id=240; start=00:08:57.11; end=00:08:57.99; text=贾志新同志 || file=E26.txt; line_id=254; start=00:09:31.08; end=00:09:35.45; text=就是您的儿子贾志新的英雄道路 || file=E26.txt; line_id=343; start=00:12:51.00; end=00:12:52.99; text=听了贾志新的英雄事迹以后 || file=E26.txt; line_id=365; start=00:14:00.86; end=00:14:08.16; text=叫什么 贾志新 || file=E26.txt; line_id=401; start=00:15:23.62; end=00:15:25.72; text=特别是那贾志新 || file=E26.txt; line_id=405; start=00:15:30.28; end=00:15:32.14; text=贾志新同志的英雄事迹的 || file=E29.txt; line_id=139; start=00:05:50.87; end=00:05:52.48; text=贾志新 || file=E29.txt; line_id=174; start=00:07:10.85; end=00:07:15.73; text=贾志新同志今天亲切会见了 || file=E29.txt; line_id=178; start=00:07:22.36; end=00:07:23.79; text=贾志新同志 || file=E34.txt; line_id=148; start=00:06:32.81; end=00:06:35.43; text=我贾志新堂堂正正一辈子 || file=E35.txt; line_id=104; start=00:04:05.28; end=00:04:07.87; text=兹有甲方贾志新为联系业务 || file=E38.txt; line_id=218; start=00:08:59.02; end=00:09:01.38; text=贾志新 你拿我开涮
Zhixin（志新）,贾志新同志,12,likely_valid_alias,全名+同志，多集正式称呼。；evidence_count=12；定位证据：file=E04.txt; line_id=338; start=00:14:38.95; end=00:14:40.81; text=贾志新同志 || file=E26.txt; line_id=63; start=00:02:41.14; end=00:02:42.62; text=贾志新同志 您不用谦虚了 || file=E26.txt; line_id=104; start=00:03:53.60; end=00:03:54.82; text=只有贾志新同志 || file=E26.txt; line_id=125; start=00:04:42.91; end=00:04:47.24; text=而抢救儿童的贾志新同志 || file=E26.txt; line_id=126; start=00:04:47.38; end=00:04:48.90; text=贾志新同志 您好 || file=E26.txt; line_id=156; start=00:05:42.80; end=00:05:44.34; text=贾志新同志 || file=E26.txt; line_id=158; start=00:05:45.35; end=00:05:46.10; text=贾志新同志 || file=E26.txt; line_id=233; start=00:08:40.72; end=00:08:41.63; text=贾志新同志 || file=E26.txt; line_id=240; start=00:08:57.11; end=00:08:57.99; text=贾志新同志 || file=E26.txt; line_id=405; start=00:15:30.28; end=00:15:32.14; text=贾志新同志的英雄事迹的 || file=E29.txt; line_id=174; start=00:07:10.85; end=00:07:15.73; text=贾志新同志今天亲切会见了 || file=E29.txt; line_id=178; start=00:07:22.36; end=00:07:23.79; text=贾志新同志
Zhixin（志新）,贾志新先生,1,likely_valid_alias,全名+先生，E11 明确。；evidence_count=1；定位证据：file=E11.txt; line_id=267; start=00:11:25.80; end=00:11:27.60; text=贾志新先生
Zhixin（志新）,贾志新总经理,1,likely_valid_alias,E04 明确的“全名+职称”称呼。；evidence_count=1；定位证据：file=E04.txt; line_id=46; start=00:02:57.99; end=00:03:00.90; text=你跟她说 贾志新总经理来了
Zhixin（志新）,贾经理,1,likely_valid_alias,E07 公司剧情中的“姓氏+职称”，明确指志新。；evidence_count=1；定位证据：file=E07.txt; line_id=10; start=00:00:51.91; end=00:00:53.37; text=我说贾经理
Zhixin（志新）,贾总经理,1,likely_valid_alias,E07 公司剧情中的职称简称，明确指志新。；evidence_count=1；定位证据：file=E07.txt; line_id=11; start=00:00:53.50; end=00:00:56.66; text=贾总经理
Zhixin（志新）,贾总,6,likely_valid_alias,E07 公司剧情中多次稳定指志新。；evidence_count=7；定位证据：file=E07.txt; line_id=11; start=00:00:53.50; end=00:00:56.66; text=贾总经理 || file=E07.txt; line_id=15; start=00:01:16.11; end=00:01:18.22; text=贾总 || file=E07.txt; line_id=29; start=00:01:58.35; end=00:02:00.02; text=找贾总 || file=E07.txt; line_id=51; start=00:03:11.70; end=00:03:14.91; text=我宇宙公司贾总 || file=E07.txt; line_id=170; start=00:08:32.97; end=00:08:35.16; text=贾总 || file=E07.txt; line_id=203; start=00:09:49.98; end=00:09:51.73; text=是我 我是贾总 || file=E07.txt; line_id=336; start=00:15:37.12; end=00:15:38.76; text=贾总啊
Zhixin（志新）,志新哥,8,likely_valid_alias,姓名+哥哥式称谓，多集明确指志新。；evidence_count=8；定位证据：file=E12.txt; line_id=171; start=00:07:24.41; end=00:07:25.65; text=志新哥 || file=E12.txt; line_id=200; start=00:08:39.11; end=00:08:41.20; text=志新哥 原谅我这一回 || file=E12.txt; line_id=442; start=00:19:13.84; end=00:19:15.57; text=志新哥 || file=E25.txt; line_id=81; start=00:02:56.35; end=00:03:00.14; text=志新哥 你别再说那件事了 || file=E26.txt; line_id=375; start=00:14:25.87; end=00:14:26.61; text=志新哥 || file=E26.txt; line_id=435; start=00:16:40.73; end=00:16:42.17; text=你放心吧 志新哥 || file=E39.txt; line_id=491; start=00:20:09.46; end=00:20:11.31; text=志新哥 你打的是我 || file=E40.txt; line_id=338; start=00:15:02.21; end=00:15:04.72; text=志新哥 你看怎么办
Zhixin（志新）,志新哥哥,20,likely_valid_alias,姓名+哥哥式称谓，E33/E34 高频明确。；evidence_count=20；定位证据：file=E33.txt; line_id=89; start=00:03:25.38; end=00:03:27.93; text=志新哥哥 你也坐呀 || file=E33.txt; line_id=109; start=00:04:12.15; end=00:04:13.78; text=谢谢你 志新哥哥 || file=E33.txt; line_id=129; start=00:04:59.35; end=00:05:02.28; text=志新哥哥 你真好 || file=E33.txt; line_id=196; start=00:08:46.22; end=00:08:48.58; text=志新哥哥 你总和我开玩笑 || file=E33.txt; line_id=203; start=00:09:06.12; end=00:09:08.64; text=志新哥哥 你能算南方人吗 || file=E33.txt; line_id=236; start=00:10:29.81; end=00:10:32.85; text=志新哥哥 你真的不知道吗 || file=E33.txt; line_id=413; start=00:18:02.77; end=00:18:05.76; text=志新哥哥 我真的很喜欢你 || file=E33.txt; line_id=435; start=00:18:54.43; end=00:18:55.35; text=志新哥哥 || file=E33.txt; line_id=482; start=00:20:36.58; end=00:20:37.56; text=志新哥哥 || file=E34.txt; line_id=93; start=00:04:14.28; end=00:04:16.86; text=志新哥哥 你早些睡吧 || file=E34.txt; line_id=96; start=00:04:23.26; end=00:04:24.25; text=志新哥哥 || file=E34.txt; line_id=112; start=00:04:59.62; end=00:05:01.68; text=志新哥哥 你冷静些 || file=E34.txt; line_id=132; start=00:05:53.44; end=00:05:54.60; text=志新哥哥 || file=E34.txt; line_id=156; start=00:06:51.70; end=00:06:54.93; text=志新哥哥 你不要瞎想八想 || file=E34.txt; line_id=189; start=00:08:26.41; end=00:08:27.50; text=志新哥哥 || file=E34.txt; line_id=204; start=00:09:12.32; end=00:09:13.31; text=志新哥哥 || file=E34.txt; line_id=230; start=00:10:33.96; end=00:10:36.17; text=志新哥哥 你哪天问问小凡妹妹 || file=E34.txt; line_id=276; start=00:12:37.15; end=00:12:38.53; text=志新哥哥 你不要乱说 || file=E34.txt; line_id=302; start=00:13:39.68; end=00:13:42.47; text=志新哥哥 你还是不要问了 || file=E34.txt; line_id=384; start=00:18:33.85; end=00:18:36.26; text=志新哥哥 你千万不要这样想
Zhixin（志新）,贾炕,3,likely_valid_alias,E04 明确解释这是小时候“瞎给我起的外号”，并解释“贾/炕”的来历。；evidence_count=3；定位证据：file=E04.txt; line_id=39; start=00:02:08.23; end=00:02:11.08; text=别吹啊 贾炕 || file=E04.txt; line_id=150; start=00:07:03.27; end=00:07:03.76; text=贾炕 || file=E04.txt; line_id=197; start=00:08:43.30; end=00:08:47.28; text=哟 你可够有福气的呀 贾炕
Zhixin（志新）,二傻子,1,likely_valid_alias,E04 明说“我们叫过你二傻子”，属于旧绰号。；evidence_count=1；定位证据：file=E04.txt; line_id=175; start=00:07:49.81; end=00:07:52.99; text=我们叫过你二傻子
Zhixin（志新）,军长,1,likely_valid_alias,E04 志新在列举“好的外号”时明确列出“军长”。；evidence_count=5；定位证据：file=E04.txt; line_id=169; start=00:07:37.14; end=00:07:38.93; text=我还有那么多好的外号呢 || file=E04.txt; line_id=170; start=00:07:39.10; end=00:07:40.62; text=那个 那个外号 || file=E04.txt; line_id=171; start=00:07:40.77; end=00:07:43.35; text=那个军长 老四 胡汉三什么的 || file=E04.txt; line_id=172; start=00:07:43.49; end=00:07:44.88; text=你怎么不提呀 || file=E04.txt; line_id=173; start=00:07:45.02; end=00:07:47.72; text=我可没听说你叫胡汉三呀
Zhixin（志新）,老四,1,likely_valid_alias,E04 志新在列举自己旧外号时明确列出“老四”。；evidence_count=5；定位证据：file=E04.txt; line_id=169; start=00:07:37.14; end=00:07:38.93; text=我还有那么多好的外号呢 || file=E04.txt; line_id=170; start=00:07:39.10; end=00:07:40.62; text=那个 那个外号 || file=E04.txt; line_id=171; start=00:07:40.77; end=00:07:43.35; text=那个军长 老四 胡汉三什么的 || file=E04.txt; line_id=172; start=00:07:43.49; end=00:07:44.88; text=你怎么不提呀 || file=E04.txt; line_id=173; start=00:07:45.02; end=00:07:47.72; text=我可没听说你叫胡汉三呀
Others,张志新,1,likely_valid_alias,人工核查确认：“张志新”不指贾志新，归入 Others。；evidence_count=1；定位证据：file=E25.txt; line_id=476; start=00:19:15.63; end=00:19:17.31; text=张志新 遇罗克他们并列吧
Zhiguo（志国）,志国,108,likely_valid_alias,标准名，大量直接称呼与自称。；evidence_count=129；定位证据：file=E01.txt; line_id=30; start=00:01:21.30; end=00:01:23.32; text=志国 管管她 || file=E01.txt; line_id=380; start=00:15:41.97; end=00:15:42.45; text=志国 || file=E02.txt; line_id=86; start=00:04:07.61; end=00:04:10.23; text=志国呀 这真是 || file=E02.txt; line_id=238; start=00:11:08.77; end=00:11:11.90; text=尤其在您和志国的这个帮助之下 || file=E02.txt; line_id=260; start=00:12:05.83; end=00:12:09.17; text=好啊你 贾志国 || file=E02.txt; line_id=276; start=00:12:41.47; end=00:12:44.63; text=志国对和平说 || file=E02.txt; line_id=292; start=00:13:23.47; end=00:13:25.04; text=志国说 || file=E03.txt; line_id=213; start=00:09:34.42; end=00:09:37.53; text=那202在对面儿 这儿是201 （志国口误） || file=E03.txt; line_id=248; start=00:10:55.63; end=00:10:58.02; text=志国 没你事儿 你坐你的 || file=E03.txt; line_id=302; start=00:13:21.44; end=00:13:23.45; text=事关重大呀 志国 || file=E03.txt; line_id=316; start=00:13:47.22; end=00:13:49.94; text=还是志国的眼光敏锐啊 || file=E03.txt; line_id=408; start=00:19:31.79; end=00:19:32.86; text=志国 || file=E05.txt; line_id=38; start=00:01:50.34; end=00:01:52.60; text=爸 您瞅这志国 我没瞎说吧 || file=E05.txt; line_id=40; start=00:01:57.73; end=00:01:59.64; text=志国 || file=E05.txt; line_id=106; start=00:04:46.47; end=00:04:49.53; text=志国 志国 我妈来了 || file=E05.txt; line_id=147; start=00:06:44.25; end=00:06:45.33; text=让志国搬出去 || file=E05.txt; line_id=161; start=00:07:10.71; end=00:07:12.27; text=挤兑你 挤兑志国 || file=E05.txt; line_id=484; start=00:22:15.35; end=00:22:18.09; text=你是那么说 志国呢 || file=E05.txt; line_id=485; start=00:22:18.25; end=00:22:19.72; text=志国他们家人呢 || file=E05.txt; line_id=513; start=00:23:21.10; end=00:23:22.83; text=还有你那个志国 || file=E06.txt; line_id=80; start=00:03:28.34; end=00:03:29.65; text=哦 志国 || file=E06.txt; line_id=82; start=00:03:31.87; end=00:03:34.20; text=志国已经有和平了 || file=E06.txt; line_id=225; start=00:09:31.53; end=00:09:33.84; text=志国他奶奶要活到现在 || file=E06.txt; line_id=231; start=00:09:55.24; end=00:09:58.17; text=志国 志新啊 || file=E09.txt; line_id=11; start=00:00:31.50; end=00:00:32.57; text=志国 || file=E09.txt; line_id=66; start=00:02:21.23; end=00:02:22.20; text=志国 上 || file=E09.txt; line_id=89; start=00:03:16.73; end=00:03:18.32; text=志国 快点儿 我该上班儿了 || file=E09.txt; line_id=107; start=00:03:51.24; end=00:03:52.72; text=志国 || file=E09.txt; line_id=133; start=00:04:44.85; end=00:04:47.15; text=我喊志国呢 || file=E09.txt; line_id=238; start=00:09:27.72; end=00:09:28.90; text=志国 || file=E09.txt; line_id=286; start=00:11:27.52; end=00:11:29.98; text=志国 志国 || file=E09.txt; line_id=305; start=00:12:09.45; end=00:12:10.87; text=志国 || file=E09.txt; line_id=331; start=00:13:21.33; end=00:13:22.89; text=志国 || file=E10.txt; line_id=3; start=00:00:16.79; end=00:00:18.42; text=志国 || file=E10.txt; line_id=112; start=00:04:36.17; end=00:04:37.67; text=志国你说呢 || file=E12.txt; line_id=322; start=00:13:47.80; end=00:13:48.77; text=志国 || file=E12.txt; line_id=323; start=00:13:48.91; end=00:13:49.96; text=志国 怎么回事儿啊 || file=E13.txt; line_id=281; start=00:12:44.05; end=00:12:48.03; text=哟 贾君志国先生 || file=E14.txt; line_id=377; start=00:15:38.28; end=00:15:41.00; text=志国 你做这预算不成啊 || file=E14.txt; line_id=459; start=00:18:57.22; end=00:19:00.04; text=其爱人贾志国同志也是如此啊 || file=E15.txt; line_id=301; start=00:12:19.34; end=00:12:20.64; text=我跟志国呢 || file=E15.txt; line_id=313; start=00:12:46.22; end=00:12:47.28; text=我跟志国说呀 || file=E15.txt; line_id=315; start=00:12:50.06; end=00:12:51.24; text=可是志国说 || file=E15.txt; line_id=376; start=00:15:35.50; end=00:15:36.97; text=还是志国说得对 || file=E17.txt; line_id=126; start=00:04:48.05; end=00:04:49.91; text=志国 你别这么说 || file=E17.txt; line_id=172; start=00:06:31.51; end=00:06:33.47; text=这位是我爱人 志国 || file=E17.txt; line_id=180; start=00:06:50.38; end=00:06:51.71; text=志国 || file=E20.txt; line_id=87; start=00:04:43.28; end=00:04:45.57; text=贾志国 孩子他爹 || file=E22.txt; line_id=366; start=00:19:14.31; end=00:19:16.07; text=你就是志国啊 || file=E23.txt; line_id=215; start=00:11:23.60; end=00:11:27.06; text=志国 干嘛在家里装神弄鬼的 || file=E23.txt; line_id=218; start=00:11:31.12; end=00:11:32.55; text=不是志国 || file=E23.txt; line_id=356; start=00:18:24.78; end=00:18:26.79; text=志国回来了吧 || file=E23.txt; line_id=357; start=00:18:27.65; end=00:18:30.87; text=志国 志国 || file=E25.txt; line_id=366; start=00:15:06.28; end=00:15:08.84; text=志国 陈年老账就不要算了 || file=E25.txt; line_id=542; start=00:21:26.55; end=00:21:28.09; text=志国 志国 || file=E26.txt; line_id=25; start=00:00:59.38; end=00:01:04.26; text=那就只好把这个机会让给志国了 || file=E26.txt; line_id=26; start=00:01:04.43; end=00:01:07.29; text=志国出去买菜去了 || file=E26.txt; line_id=288; start=00:11:05.16; end=00:11:06.01; text=贾志国同志 || file=E26.txt; line_id=295; start=00:11:15.88; end=00:11:18.27; text=贾志国同志 || file=E26.txt; line_id=316; start=00:11:56.68; end=00:11:59.25; text=贾志国同志 谢谢您了 谢谢 || file=E27.txt; line_id=53; start=00:02:18.81; end=00:02:21.50; text=我还没有志国坚持的时间长呢 || file=E27.txt; line_id=215; start=00:09:30.88; end=00:09:34.96; text=志国 志国有我这么老吗 || file=E28.txt; line_id=452; start=00:22:09.00; end=00:22:12.36; text=志国志新不好 你爸爸脑溢血了 || file=E29.txt; line_id=240; start=00:09:57.86; end=00:10:00.77; text=贾志国 你听听你这闺女 || file=E29.txt; line_id=282; start=00:12:20.41; end=00:12:22.39; text=等一下 志国 || file=E30.txt; line_id=14; start=00:01:15.23; end=00:01:16.94; text=怎么没有看见志国嘛 || file=E30.txt; line_id=122; start=00:06:40.14; end=00:06:44.55; text=我贾志国从此站立起来了 || file=E30.txt; line_id=136; start=00:07:10.50; end=00:07:12.24; text=就叫我志国吧 || file=E30.txt; line_id=139; start=00:07:19.70; end=00:07:21.93; text=贾志国 || file=E30.txt; line_id=230; start=00:11:44.09; end=00:11:46.83; text=志国志国志国 回屋睡觉去 || file=E30.txt; line_id=236; start=00:11:58.46; end=00:12:00.96; text=志国 我不是拦着你玩儿命 || file=E30.txt; line_id=253; start=00:12:45.46; end=00:12:48.17; text=这个真是志国画的吗 || file=E30.txt; line_id=264; start=00:13:20.60; end=00:13:22.71; text=这个 志国这个岁数 || file=E30.txt; line_id=276; start=00:13:49.45; end=00:13:51.50; text=志国 我给你拿中午带的饭啊 || file=E30.txt; line_id=292; start=00:14:27.27; end=00:14:31.20; text=我贾志国再也不能浑浑噩噩地下去了 || file=E30.txt; line_id=312; start=00:15:31.60; end=00:15:33.27; text=贾志国 || file=E30.txt; line_id=313; start=00:15:33.56; end=00:15:33.99; text=贾志国 || file=E30.txt; line_id=409; start=00:20:02.13; end=00:20:05.61; text=这个 志国和小张怎么还没有回来呀 || file=E30.txt; line_id=419; start=00:20:32.22; end=00:20:35.22; text=你们家志国呀 还真实在 || file=E30.txt; line_id=441; start=00:21:41.58; end=00:21:43.95; text=我说 我说志国呀 || file=E31.txt; line_id=5; start=00:00:14.87; end=00:00:17.37; text=哟哟哟哟 志国回来了 || file=E31.txt; line_id=10; start=00:00:24.80; end=00:00:26.21; text=志国回来了 || file=E31.txt; line_id=11; start=00:00:26.30; end=00:00:28.11; text=志国回来啦 || file=E31.txt; line_id=25; start=00:00:56.18; end=00:00:57.54; text=志国啊 || file=E31.txt; line_id=54; start=00:01:56.37; end=00:01:58.23; text=志国啊 || file=E31.txt; line_id=61; start=00:02:10.16; end=00:02:12.19; text=贾志国 || file=E31.txt; line_id=79; start=00:02:52.85; end=00:02:55.93; text=志国这孩子 从小就不会处事 || file=E31.txt; line_id=189; start=00:07:40.68; end=00:07:42.25; text=贾志国 || file=E31.txt; line_id=203; start=00:08:18.41; end=00:08:19.88; text=贾志国 || file=E31.txt; line_id=239; start=00:09:46.50; end=00:09:48.26; text=贾志国呀 || file=E31.txt; line_id=264; start=00:10:51.71; end=00:10:54.67; text=小方是你呀 我是志国 || file=E31.txt; line_id=290; start=00:12:03.22; end=00:12:04.79; text=打电话呢 志国 || file=E31.txt; line_id=344; start=00:14:10.06; end=00:14:13.54; text=您是贾志国先生的夫人吧 || file=E31.txt; line_id=355; start=00:14:36.67; end=00:14:38.26; text=贾志国 || file=E31.txt; line_id=398; start=00:16:20.36; end=00:16:21.55; text=我告诉你贾志国 || file=E31.txt; line_id=445; start=00:18:15.02; end=00:18:18.13; text=贾志国呀贾志国 || file=E32.txt; line_id=43; start=00:01:51.35; end=00:01:52.57; text=贾志国 || file=E32.txt; line_id=72; start=00:03:01.17; end=00:03:03.29; text=你套我 贾志国 || file=E32.txt; line_id=88; start=00:03:43.94; end=00:03:46.07; text=贾志国 || file=E32.txt; line_id=157; start=00:06:39.42; end=00:06:42.56; text=呆会儿我就组织志国单独学习 || file=E32.txt; line_id=196; start=00:08:57.47; end=00:08:59.78; text=志国也没有干什么嘛 || file=E32.txt; line_id=213; start=00:09:38.73; end=00:09:40.11; text=不过 志国啊 || file=E34.txt; line_id=77; start=00:03:27.00; end=00:03:30.48; text=也不亚于志国嘛 || file=E34.txt; line_id=80; start=00:03:36.46; end=00:03:38.53; text=就算您跟志国似的 || file=E34.txt; line_id=249; start=00:11:21.74; end=00:11:24.38; text=你说你往前一点儿吧 让志国摊上 || file=E35.txt; line_id=301; start=00:12:27.74; end=00:12:29.17; text=志国呀 || file=E35.txt; line_id=342; start=00:14:03.65; end=00:14:05.53; text=志国 你告诉和平 || file=E35.txt; line_id=457; start=00:18:54.48; end=00:18:56.85; text=剩下的让志国都拿走了 || file=E36.txt; line_id=173; start=00:08:03.53; end=00:08:04.24; text=志国 || file=E36.txt; line_id=197; start=00:09:13.92; end=00:09:15.10; text=志国 || file=E36.txt; line_id=254; start=00:11:22.26; end=00:11:23.19; text=志国 志国 || file=E36.txt; line_id=305; start=00:13:39.25; end=00:13:42.80; text=(画外音)202贾志国电报 || file=E37.txt; line_id=38; start=00:01:41.76; end=00:01:43.27; text=志国 你管管这孩子成不成啊 || file=E37.txt; line_id=121; start=00:04:50.27; end=00:04:51.13; text=志国啊 || file=E37.txt; line_id=175; start=00:07:07.82; end=00:07:09.25; text=贾志国 || file=E37.txt; line_id=334; start=00:13:33.05; end=00:13:34.93; text=志国 || file=E37.txt; line_id=346; start=00:14:07.15; end=00:14:08.93; text=志国 || file=E37.txt; line_id=487; start=00:19:26.64; end=00:19:28.73; text=志国 || file=E38.txt; line_id=136; start=00:06:28.53; end=00:06:30.02; text=您是贾志国同志吧 || file=E38.txt; line_id=202; start=00:08:28.06; end=00:08:29.02; text=志国同志 || file=E38.txt; line_id=315; start=00:12:35.16; end=00:12:36.43; text=志国 || file=E38.txt; line_id=320; start=00:13:10.77; end=00:13:12.91; text=志国哥哥 || file=E38.txt; line_id=358; start=00:14:49.88; end=00:14:51.56; text=志国哥哥 || file=E38.txt; line_id=390; start=00:16:08.69; end=00:16:09.54; text=您瞅志国呀 || file=E38.txt; line_id=407; start=00:16:50.82; end=00:16:51.57; text=志国 志国 || file=E38.txt; line_id=437; start=00:18:07.29; end=00:18:08.25; text=志国 || file=E39.txt; line_id=285; start=00:12:07.84; end=00:12:10.63; text=合着就志国落一身轻省 || file=E40.txt; line_id=233; start=00:10:15.14; end=00:10:16.42; text=志国 || file=E40.txt; line_id=234; start=00:10:16.54; end=00:10:18.26; text=志国呀
Zhiguo（志国）,贾志国,21,likely_valid_alias,全名，多处明确。；evidence_count=26；定位证据：file=E02.txt; line_id=260; start=00:12:05.83; end=00:12:09.17; text=好啊你 贾志国 || file=E14.txt; line_id=459; start=00:18:57.22; end=00:19:00.04; text=其爱人贾志国同志也是如此啊 || file=E20.txt; line_id=87; start=00:04:43.28; end=00:04:45.57; text=贾志国 孩子他爹 || file=E26.txt; line_id=288; start=00:11:05.16; end=00:11:06.01; text=贾志国同志 || file=E26.txt; line_id=295; start=00:11:15.88; end=00:11:18.27; text=贾志国同志 || file=E26.txt; line_id=316; start=00:11:56.68; end=00:11:59.25; text=贾志国同志 谢谢您了 谢谢 || file=E29.txt; line_id=240; start=00:09:57.86; end=00:10:00.77; text=贾志国 你听听你这闺女 || file=E30.txt; line_id=122; start=00:06:40.14; end=00:06:44.55; text=我贾志国从此站立起来了 || file=E30.txt; line_id=139; start=00:07:19.70; end=00:07:21.93; text=贾志国 || file=E30.txt; line_id=292; start=00:14:27.27; end=00:14:31.20; text=我贾志国再也不能浑浑噩噩地下去了 || file=E30.txt; line_id=312; start=00:15:31.60; end=00:15:33.27; text=贾志国 || file=E30.txt; line_id=313; start=00:15:33.56; end=00:15:33.99; text=贾志国 || file=E31.txt; line_id=61; start=00:02:10.16; end=00:02:12.19; text=贾志国 || file=E31.txt; line_id=189; start=00:07:40.68; end=00:07:42.25; text=贾志国 || file=E31.txt; line_id=203; start=00:08:18.41; end=00:08:19.88; text=贾志国 || file=E31.txt; line_id=239; start=00:09:46.50; end=00:09:48.26; text=贾志国呀 || file=E31.txt; line_id=344; start=00:14:10.06; end=00:14:13.54; text=您是贾志国先生的夫人吧 || file=E31.txt; line_id=355; start=00:14:36.67; end=00:14:38.26; text=贾志国 || file=E31.txt; line_id=398; start=00:16:20.36; end=00:16:21.55; text=我告诉你贾志国 || file=E31.txt; line_id=445; start=00:18:15.02; end=00:18:18.13; text=贾志国呀贾志国 || file=E32.txt; line_id=43; start=00:01:51.35; end=00:01:52.57; text=贾志国 || file=E32.txt; line_id=72; start=00:03:01.17; end=00:03:03.29; text=你套我 贾志国 || file=E32.txt; line_id=88; start=00:03:43.94; end=00:03:46.07; text=贾志国 || file=E36.txt; line_id=305; start=00:13:39.25; end=00:13:42.80; text=(画外音)202贾志国电报 || file=E37.txt; line_id=175; start=00:07:07.82; end=00:07:09.25; text=贾志国 || file=E38.txt; line_id=136; start=00:06:28.53; end=00:06:30.02; text=您是贾志国同志吧
Zhiguo（志国）,贾志国同志,5,likely_valid_alias,全名+同志，多处正式称呼。；evidence_count=5；定位证据：file=E14.txt; line_id=459; start=00:18:57.22; end=00:19:00.04; text=其爱人贾志国同志也是如此啊 || file=E26.txt; line_id=288; start=00:11:05.16; end=00:11:06.01; text=贾志国同志 || file=E26.txt; line_id=295; start=00:11:15.88; end=00:11:18.27; text=贾志国同志 || file=E26.txt; line_id=316; start=00:11:56.68; end=00:11:59.25; text=贾志国同志 谢谢您了 谢谢 || file=E38.txt; line_id=136; start=00:06:28.53; end=00:06:30.02; text=您是贾志国同志吧
Zhiguo（志国）,志国同志,1,likely_valid_alias,姓名+同志，E38 明确。；evidence_count=6；定位证据：file=E14.txt; line_id=459; start=00:18:57.22; end=00:19:00.04; text=其爱人贾志国同志也是如此啊 || file=E26.txt; line_id=288; start=00:11:05.16; end=00:11:06.01; text=贾志国同志 || file=E26.txt; line_id=295; start=00:11:15.88; end=00:11:18.27; text=贾志国同志 || file=E26.txt; line_id=316; start=00:11:56.68; end=00:11:59.25; text=贾志国同志 谢谢您了 谢谢 || file=E38.txt; line_id=136; start=00:06:28.53; end=00:06:30.02; text=您是贾志国同志吧 || file=E38.txt; line_id=202; start=00:08:28.06; end=00:08:29.02; text=志国同志
Zhiguo（志国）,贾志国先生,1,likely_valid_alias,全名+先生，E31 明确。；evidence_count=1；定位证据：file=E31.txt; line_id=344; start=00:14:10.06; end=00:14:13.54; text=您是贾志国先生的夫人吧
Zhiguo（志国）,贾君志国先生,1,likely_valid_alias,E13 的一次性戏仿式扩展称呼，但明确指向志国。；evidence_count=1；定位证据：file=E13.txt; line_id=281; start=00:12:44.05; end=00:12:48.03; text=哟 贾君志国先生
Zhiguo（志国）,志国哥哥,2,likely_valid_alias,姓名+哥哥式称谓，E38 两处明确。；evidence_count=2；定位证据：file=E38.txt; line_id=320; start=00:13:10.77; end=00:13:12.91; text=志国哥哥 || file=E38.txt; line_id=358; start=00:14:49.88; end=00:14:51.56; text=志国哥哥
Zhiguo（志国）,贾先生,4,likely_valid_alias,E32 四处“贾先生”均在连续上下文中指向志国。；evidence_count=4；定位证据：file=E32.txt; line_id=296; start=00:13:03.71; end=00:13:04.40; text=贾先生你好 || file=E32.txt; line_id=299; start=00:13:07.28; end=00:13:10.74; text=贾先生 我能跟您单独谈谈吗 || file=E32.txt; line_id=305; start=00:13:20.58; end=00:13:21.52; text=贾先生 || file=E32.txt; line_id=422; start=00:17:32.52; end=00:17:33.82; text=贾先生 您别急
Zhiguo（志国）,老贾,2,likely_valid_alias,E20/E38 的直接称呼均明确指向志国；E34“老贾家”是家族表达，不作为该称呼证据。；evidence_count=2；定位证据：file=E20.txt; line_id=95; start=00:05:00.32; end=00:05:02.04; text=老贾同志我告诉你 || file=E38.txt; line_id=147; start=00:06:45.09; end=00:06:47.49; text=老贾 有什么事情尽管提
Yuanyuan（圆圆）,圆圆,187,likely_valid_alias,标准名，大量直接称呼。；evidence_count=185；定位证据：file=E01.txt; line_id=138; start=00:05:44.96; end=00:05:47.48; text=圆圆 不许胡说啊 || file=E01.txt; line_id=275; start=00:11:28.54; end=00:11:30.12; text=圆圆回来了 || file=E01.txt; line_id=280; start=00:11:36.74; end=00:11:38.28; text=小凡 吃饭了 圆圆洗手 || file=E01.txt; line_id=314; start=00:13:08.35; end=00:13:11.94; text=比如说小凡和圆圆的零花钱 || file=E01.txt; line_id=337; start=00:13:51.53; end=00:13:53.23; text=圆圆 小凡 || file=E02.txt; line_id=193; start=00:09:23.81; end=00:09:26.88; text=我们圆圆刚十一岁就有历史问题啦 || file=E02.txt; line_id=317; start=00:14:17.37; end=00:14:20.57; text=关于圆圆的教育问题 || file=E02.txt; line_id=375; start=00:17:21.56; end=00:17:23.53; text=刚才小凡和圆圆 || file=E02.txt; line_id=381; start=00:17:38.38; end=00:17:41.95; text=小凡圆圆那些它就不叫事儿了 || file=E02.txt; line_id=398; start=00:18:40.47; end=00:18:44.23; text=志新 圆圆 小凡 || file=E03.txt; line_id=53; start=00:02:49.06; end=00:02:49.85; text=圆圆 || file=E03.txt; line_id=70; start=00:03:32.90; end=00:03:34.25; text=死圆圆 || file=E03.txt; line_id=92; start=00:04:31.14; end=00:04:32.04; text=圆圆 圆圆 快 || file=E03.txt; line_id=114; start=00:05:16.72; end=00:05:17.84; text=圆圆 || file=E03.txt; line_id=175; start=00:07:47.65; end=00:07:49.05; text=圆圆 拿笔 纸 || file=E03.txt; line_id=180; start=00:07:56.31; end=00:07:58.25; text=圆圆 || file=E03.txt; line_id=339; start=00:14:51.07; end=00:14:53.31; text=连圆圆这样小小的年纪 || file=E05.txt; line_id=33; start=00:01:39.83; end=00:01:41.44; text=前年圆圆生病 || file=E05.txt; line_id=72; start=00:03:11.34; end=00:03:12.77; text=也别说 咱圆圆她姥姥 || file=E05.txt; line_id=85; start=00:03:44.84; end=00:03:45.88; text=都给圆圆了 || file=E05.txt; line_id=86; start=00:03:46.03; end=00:03:48.35; text=圆圆 借你姥姥看看吧 || file=E05.txt; line_id=90; start=00:03:53.46; end=00:03:56.44; text=连圆圆都受她爸爸这思想影响 || file=E05.txt; line_id=123; start=00:05:45.80; end=00:05:48.63; text=我随着圆圆管您叫姥姥得了 || file=E05.txt; line_id=278; start=00:13:46.70; end=00:13:48.29; text=那您先到圆圆那屋 || file=E05.txt; line_id=330; start=00:16:05.51; end=00:16:07.03; text=你让圆圆把话说完 || file=E05.txt; line_id=331; start=00:16:07.21; end=00:16:09.59; text=圆圆 姥姥怎么你了 || file=E05.txt; line_id=350; start=00:16:44.43; end=00:16:46.43; text=干嘛不让圆圆说话呀 || file=E05.txt; line_id=358; start=00:16:58.30; end=00:17:00.24; text=这是圆圆自发的反抗 是不是 || file=E05.txt; line_id=359; start=00:17:00.37; end=00:17:02.56; text=圆圆 爸爸坚决支持你的革命行动 || file=E05.txt; line_id=511; start=00:23:17.39; end=00:23:19.22; text=小张 圆圆 || file=E09.txt; line_id=16; start=00:00:40.76; end=00:00:41.70; text=那就是圆圆 || file=E09.txt; line_id=373; start=00:14:54.76; end=00:14:56.71; text=有一个圆圆脸儿的小护士 || file=E09.txt; line_id=404; start=00:16:06.97; end=00:16:09.41; text=圆圆回来啦 || file=E09.txt; line_id=459; start=00:18:36.73; end=00:18:38.52; text=圆圆 || file=E10.txt; line_id=137; start=00:05:43.92; end=00:05:46.97; text=刚才我在圆圆屋里看见一个 || file=E10.txt; line_id=143; start=00:05:55.01; end=00:05:56.49; text=圆圆一半儿 || file=E11.txt; line_id=218; start=00:09:24.06; end=00:09:25.98; text=还有给小张 圆圆 || file=E11.txt; line_id=219; start=00:09:26.10; end=00:09:28.34; text=包括圆圆她姥姥的 || file=E13.txt; line_id=30; start=00:01:33.97; end=00:01:35.46; text=今儿又没带着圆圆一块儿去 || file=E13.txt; line_id=359; start=00:15:47.14; end=00:15:48.05; text=圆圆批评得对呀 || file=E13.txt; line_id=388; start=00:16:57.25; end=00:16:57.91; text=圆圆 || file=E14.txt; line_id=391; start=00:16:08.95; end=00:16:10.71; text=圆圆她们学校传的是 || file=E15.txt; line_id=3; start=00:00:11.99; end=00:00:13.68; text=我昨天钱给圆圆买鞋了 || file=E15.txt; line_id=362; start=00:14:56.80; end=00:15:01.05; text=还有圆圆小张的意见也不能忽视 || file=E15.txt; line_id=542; start=00:23:06.54; end=00:23:07.83; text=圆圆 || file=E17.txt; line_id=68; start=00:02:45.34; end=00:02:47.54; text=你是有主儿了 圆圆还小 || file=E17.txt; line_id=176; start=00:06:40.18; end=00:06:42.46; text=圆圆呢 圆圆 || file=E17.txt; line_id=303; start=00:13:34.93; end=00:13:39.14; text=这圆圆看电影怎么那么早就回来啦 || file=E18.txt; line_id=317; start=00:13:16.93; end=00:13:19.34; text=连圆圆的乐百氏和娃哈哈他都喝 || file=E18.txt; line_id=331; start=00:14:00.11; end=00:14:02.04; text=圆圆给我学学 || file=E18.txt; line_id=335; start=00:14:07.44; end=00:14:09.61; text=圆圆 走 || file=E19.txt; line_id=7; start=00:00:38.88; end=00:00:41.15; text=圆圆打了个喷嚏 || file=E19.txt; line_id=8; start=00:00:41.28; end=00:00:43.56; text=圆圆你怎么搞的嘛 || file=E19.txt; line_id=179; start=00:08:35.95; end=00:08:39.48; text=废话 这西瓜圆圆都能把它劈开 || file=E20.txt; line_id=46; start=00:02:45.22; end=00:02:46.19; text=圆圆 || file=E20.txt; line_id=66; start=00:03:43.06; end=00:03:45.52; text=圆圆 圆圆 怎么回事儿你 || file=E20.txt; line_id=124; start=00:06:34.22; end=00:06:36.63; text=这个 怎么没有看见圆圆呢 || file=E20.txt; line_id=139; start=00:07:10.99; end=00:07:12.96; text=贾圆圆同学没来上课有假条吗 || file=E20.txt; line_id=143; start=00:07:17.96; end=00:07:19.89; text=贾圆圆她今天一天都没在学校露面儿 || file=E20.txt; line_id=217; start=00:10:49.13; end=00:10:52.70; text=圆圆 圆圆有你封信 || file=E20.txt; line_id=221; start=00:11:18.48; end=00:11:19.99; text=圆圆 怎么了 圆圆 || file=E20.txt; line_id=222; start=00:11:20.13; end=00:11:21.85; text=圆圆 怎么了 || file=E20.txt; line_id=223; start=00:11:22.03; end=00:11:24.02; text=贾圆圆歌友 || file=E20.txt; line_id=236; start=00:11:57.08; end=00:11:59.20; text=圆圆 干嘛去 || file=E20.txt; line_id=272; start=00:13:51.23; end=00:13:54.30; text=哟 圆圆这么好看呐 || file=E20.txt; line_id=293; start=00:14:58.16; end=00:14:59.32; text=我说你们希望圆圆 || file=E20.txt; line_id=301; start=00:15:23.17; end=00:15:25.01; text=圆圆 || file=E20.txt; line_id=317; start=00:16:15.37; end=00:16:16.39; text=圆圆 圆圆 || file=E20.txt; line_id=325; start=00:16:34.91; end=00:16:38.39; text=哇 这就是贾圆圆小姐了 || file=E20.txt; line_id=337; start=00:17:06.45; end=00:17:08.57; text=圆圆 听 听见了吧 || file=E20.txt; line_id=361; start=00:18:09.23; end=00:18:10.82; text=谁让我是圆圆的妈呢 || file=E20.txt; line_id=363; start=00:18:14.00; end=00:18:15.39; text=我是看着圆圆的 || file=E21.txt; line_id=23; start=00:00:50.15; end=00:00:50.72; text=圆圆 || file=E21.txt; line_id=33; start=00:01:12.74; end=00:01:14.79; text=像圆圆这种年纪的青少年 || file=E21.txt; line_id=42; start=00:01:30.56; end=00:01:33.41; text=圆圆 这个有理想很好啊 || file=E21.txt; line_id=67; start=00:02:29.33; end=00:02:30.45; text=这样吧 圆圆 || file=E21.txt; line_id=122; start=00:04:39.77; end=00:04:43.74; text=我就不信压不住圆圆 || file=E21.txt; line_id=153; start=00:06:01.15; end=00:06:02.44; text=圆圆 你认真记录啊 || file=E21.txt; line_id=277; start=00:12:17.44; end=00:12:19.35; text=怎么着 圆圆跟小张出去了 || file=E21.txt; line_id=279; start=00:12:20.44; end=00:12:21.94; text=我让圆圆跟她去散散心 || file=E21.txt; line_id=285; start=00:12:29.26; end=00:12:30.50; text=圆圆航海学习的事儿吧 || file=E21.txt; line_id=296; start=00:12:55.39; end=00:12:59.66; text=圆圆起先对这水下潜艇没多大兴趣 || file=E21.txt; line_id=305; start=00:13:19.43; end=00:13:21.71; text=圆圆是个悟性极高的孩子 || file=E21.txt; line_id=311; start=00:13:34.46; end=00:13:37.30; text=千万不要提起圆圆那个兴趣来 || file=E21.txt; line_id=318; start=00:14:22.48; end=00:14:24.41; text=圆圆 圆圆 快起来啦 || file=E21.txt; line_id=338; start=00:15:23.55; end=00:15:25.00; text=对了圆圆 二叔问你 || file=E21.txt; line_id=348; start=00:15:49.58; end=00:15:50.91; text=快吃饭 圆圆 || file=E21.txt; line_id=352; start=00:15:57.35; end=00:16:00.02; text=圆圆 放学回来啦 || file=E21.txt; line_id=373; start=00:17:03.29; end=00:17:05.37; text=圆圆 圆圆 || file=E21.txt; line_id=374; start=00:17:05.53; end=00:17:07.65; text=别看了圆圆 小姑考考你 || file=E21.txt; line_id=388; start=00:17:40.60; end=00:17:41.84; text=圆圆 干嘛去 || file=E21.txt; line_id=428; start=00:18:58.01; end=00:19:00.26; text=咱真让圆圆航海去呀 || file=E21.txt; line_id=441; start=00:19:26.12; end=00:19:28.17; text=问题是还不知道圆圆 || file=E21.txt; line_id=444; start=00:19:39.05; end=00:19:40.55; text=圆圆 || file=E21.txt; line_id=465; start=00:20:28.26; end=00:20:31.97; text=我就不信压不住圆圆 || file=E22.txt; line_id=55; start=00:02:20.95; end=00:02:22.80; text=你再吓着圆圆 || file=E22.txt; line_id=378; start=00:19:46.47; end=00:19:48.20; text=你是圆圆 || file=E22.txt; line_id=379; start=00:19:48.43; end=00:19:52.07; text=圆圆 你喜欢你的爷爷吗 || file=E23.txt; line_id=231; start=00:12:09.68; end=00:12:13.13; text=跟我给圆圆买那俩差不多 || file=E25.txt; line_id=67; start=00:02:25.61; end=00:02:28.72; text=圆圆 好好向小姑学 || file=E25.txt; line_id=177; start=00:07:11.99; end=00:07:15.01; text=圆圆 就算你爱上他了 || file=E25.txt; line_id=262; start=00:10:46.57; end=00:10:49.06; text=圆圆你呢 你这个候补的 || file=E26.txt; line_id=12; start=00:00:27.84; end=00:00:30.85; text=咱们家就派圆圆去吧 || file=E26.txt; line_id=15; start=00:00:37.24; end=00:00:38.59; text=圆圆出去过队日去了 || file=E26.txt; line_id=429; start=00:16:27.42; end=00:16:29.88; text=圆圆 快点儿要不看不上了 || file=E26.txt; line_id=461; start=00:17:43.94; end=00:17:46.04; text=五年级学生贾圆圆同学 || file=E27.txt; line_id=62; start=00:02:46.28; end=00:02:50.54; text=论跳高 我都没有圆圆跳的高 || file=E28.txt; line_id=173; start=00:08:25.22; end=00:08:27.33; text=哎呀 圆圆 || file=E28.txt; line_id=174; start=00:08:27.49; end=00:08:30.61; text=我的好圆圆 快把烟给爷爷拿出来 || file=E28.txt; line_id=306; start=00:15:22.73; end=00:15:23.48; text=圆圆呐 || file=E28.txt; line_id=309; start=00:15:28.46; end=00:15:31.73; text=谁是圆圆呐 || file=E29.txt; line_id=33; start=00:01:19.84; end=00:01:22.24; text=是圆圆算吧 || file=E29.txt; line_id=133; start=00:05:31.49; end=00:05:36.88; text=贾圆圆同志天天早起早睡按时上学 || file=E29.txt; line_id=147; start=00:06:08.43; end=00:06:09.23; text=圆圆 给我擦了 || file=E29.txt; line_id=171; start=00:07:04.72; end=00:07:07.48; text=圆圆给我换了 快点儿 || file=E29.txt; line_id=218; start=00:09:05.38; end=00:09:07.83; text=贾圆圆同志今天下午在家中 || file=E29.txt; line_id=233; start=00:09:42.45; end=00:09:45.09; text=大姐平常让你看着圆圆 || file=E29.txt; line_id=234; start=00:09:45.26; end=00:09:47.93; text=今天谁来找圆圆来啦 || file=E29.txt; line_id=235; start=00:09:48.08; end=00:09:49.23; text=圆圆的同学 || file=E29.txt; line_id=258; start=00:10:52.87; end=00:10:55.18; text=圆圆 圆圆 || file=E29.txt; line_id=261; start=00:10:59.25; end=00:11:00.46; text=圆圆 圆圆 || file=E29.txt; line_id=273; start=00:11:55.41; end=00:11:56.64; text=圆圆安排好了吗 || file=E29.txt; line_id=275; start=00:11:59.30; end=00:12:03.16; text=这个 关于圆圆的早恋问题 || file=E29.txt; line_id=302; start=00:13:13.57; end=00:13:16.30; text=你说这是咱圆圆写的 || file=E29.txt; line_id=309; start=00:13:28.05; end=00:13:29.23; text=别说是圆圆写的 || file=E29.txt; line_id=339; start=00:14:33.78; end=00:14:35.57; text=圆圆拿报纸一会儿就回来 || file=E29.txt; line_id=346; start=00:14:51.69; end=00:14:53.96; text=跟我们圆圆关系密切这同学呀 || file=E29.txt; line_id=350; start=00:15:00.29; end=00:15:01.90; text=您让圆圆帮助他呀 || file=E29.txt; line_id=351; start=00:15:02.06; end=00:15:04.46; text=别介呀 那不把我们圆圆带坏了吗 || file=E29.txt; line_id=354; start=00:15:08.22; end=00:15:11.67; text=关键是他跟我们圆圆这关系呀 || file=E29.txt; line_id=365; start=00:15:35.96; end=00:15:37.78; text=贾圆圆同志今天下午 || file=E29.txt; line_id=371; start=00:15:55.76; end=00:15:57.43; text=我还是圆圆家长 || file=E30.txt; line_id=7; start=00:00:59.52; end=00:01:00.96; text=圆圆 || file=E30.txt; line_id=240; start=00:12:06.92; end=00:12:10.39; text=你说我们跟圆圆 我们娘俩靠谁呀 || file=E31.txt; line_id=20; start=00:00:46.21; end=00:00:48.64; text=你和圆圆的好吃的 || file=E31.txt; line_id=123; start=00:04:57.99; end=00:04:59.32; text=圆圆又小 || file=E32.txt; line_id=194; start=00:08:51.57; end=00:08:53.98; text=圆圆也不能没有妈呀 || file=E33.txt; line_id=316; start=00:14:00.35; end=00:14:01.92; text=圆圆说得对 || file=E33.txt; line_id=336; start=00:14:47.98; end=00:14:49.09; text=圆圆好 || file=E33.txt; line_id=343; start=00:15:07.16; end=00:15:09.51; text=圆圆再见 || file=E33.txt; line_id=356; start=00:15:32.79; end=00:15:33.92; text=圆圆 || file=E35.txt; line_id=89; start=00:03:39.26; end=00:03:40.42; text=前天你问圆圆 || file=E35.txt; line_id=105; start=00:04:08.01; end=00:04:10.02; text=特向乙方贾圆圆 || file=E35.txt; line_id=110; start=00:04:22.12; end=00:04:24.76; text=圆圆 你怎么向二叔放高利贷呀 || file=E35.txt; line_id=214; start=00:08:36.79; end=00:08:38.46; text=还有圆圆有什么事儿 || file=E35.txt; line_id=458; start=00:18:56.98; end=00:19:00.49; text=说给圆圆攒着 上中学时候交赞助 || file=E36.txt; line_id=235; start=00:10:48.38; end=00:10:49.95; text=圆圆 圆圆 || file=E36.txt; line_id=281; start=00:12:30.83; end=00:12:34.04; text=找一张你跟圆圆的照片我得带着 || file=E36.txt; line_id=450; start=00:19:47.37; end=00:19:50.28; text=有圆圆的零花 还有小张的工资 || file=E37.txt; line_id=41; start=00:01:47.24; end=00:01:48.36; text=圆圆 || file=E37.txt; line_id=83; start=00:03:16.75; end=00:03:18.11; text=圆圆 这都怪你 || file=E37.txt; line_id=89; start=00:03:31.97; end=00:03:33.67; text=你对圆圆好点儿 || file=E37.txt; line_id=193; start=00:07:39.97; end=00:07:41.07; text=连圆圆都算上 || file=E37.txt; line_id=216; start=00:08:32.47; end=00:08:34.42; text=圆圆 走 走 || file=E37.txt; line_id=254; start=00:10:03.65; end=00:10:05.00; text=辅导辅导圆圆功课 || file=E37.txt; line_id=274; start=00:10:42.83; end=00:10:46.10; text=我过门儿的时候 你还没有圆圆大 || file=E37.txt; line_id=282; start=00:11:01.60; end=00:11:02.77; text=我盼着我们圆圆长大了 || file=E37.txt; line_id=344; start=00:13:58.39; end=00:14:01.77; text=我就是舍不得圆圆 || file=E37.txt; line_id=350; start=00:14:15.74; end=00:14:19.37; text=圆圆将来就成了“小白菜儿”啰 || file=E37.txt; line_id=360; start=00:14:37.28; end=00:14:39.73; text=打小就喜欢圆圆 || file=E37.txt; line_id=394; start=00:15:54.82; end=00:15:56.74; text=也算对圆圆有个交代 || file=E37.txt; line_id=396; start=00:15:58.89; end=00:16:01.95; text=你不为自己你也得为圆圆 || file=E37.txt; line_id=409; start=00:16:30.07; end=00:16:31.94; text=做圆圆的妈 || file=E37.txt; line_id=412; start=00:16:34.84; end=00:16:37.12; text=到时候我们会照顾圆圆的 || file=E37.txt; line_id=419; start=00:16:52.58; end=00:16:53.45; text=圆圆 那个谁 || file=E37.txt; line_id=458; start=00:18:21.56; end=00:18:23.57; text=圆圆 || file=E37.txt; line_id=481; start=00:19:09.53; end=00:19:12.18; text=我第一放心不下圆圆 || file=E37.txt; line_id=489; start=00:19:31.67; end=00:19:34.94; text=圆圆我就交给你了 || file=E37.txt; line_id=515; start=00:20:43.63; end=00:20:44.50; text=圆圆 圆圆 || file=E37.txt; line_id=516; start=00:20:44.64; end=00:20:47.01; text=你妈真死了 圆圆 || file=E38.txt; line_id=37; start=00:01:54.63; end=00:01:59.97; text=你扔下圆圆和大哥可怎么过呀 || file=E38.txt; line_id=44; start=00:02:18.29; end=00:02:20.71; text=照顾你和圆圆 || file=E38.txt; line_id=97; start=00:04:33.96; end=00:04:35.97; text=圆圆 你怎么给我扎针儿啊你 || file=E38.txt; line_id=438; start=00:18:08.40; end=00:18:11.06; text=我死了以后你一定对圆圆好点 || file=E39.txt; line_id=192; start=00:08:35.62; end=00:08:36.83; text=圆圆 圆圆 || file=E39.txt; line_id=276; start=00:11:50.32; end=00:11:52.82; text=那都是圆圆的任务 || file=E40.txt; line_id=31; start=00:01:40.79; end=00:01:45.17; text=张凤姑口述 贾圆圆整理 || file=E40.txt; line_id=32; start=00:01:45.32; end=00:01:46.68; text=这圆圆 别的本事没有 || file=E40.txt; line_id=55; start=00:02:35.36; end=00:02:37.26; text=照顾圆圆 得像特级教师 || file=E40.txt; line_id=162; start=00:06:47.78; end=00:06:50.28; text=赶紧圆圆 陪小张阿姨回去睡觉去 || file=E40.txt; line_id=176; start=00:07:26.68; end=00:07:27.59; text=圆圆你别搅和 || file=E40.txt; line_id=379; start=00:17:06.82; end=00:17:09.04; text=这是圆圆写的纸条 || file=E40.txt; line_id=386; start=00:17:23.47; end=00:17:24.66; text=圆圆这孩子 || file=E40.txt; line_id=414; start=00:18:43.15; end=00:18:43.79; text=圆圆 || file=E40.txt; line_id=440; start=00:19:51.38; end=00:19:53.07; text=圆圆把小张给留下来了
Yuanyuan（圆圆）,贾圆圆,4,likely_valid_alias,全名，多处正式或书面场景明确。；evidence_count=10；定位证据：file=E20.txt; line_id=139; start=00:07:10.99; end=00:07:12.96; text=贾圆圆同学没来上课有假条吗 || file=E20.txt; line_id=143; start=00:07:17.96; end=00:07:19.89; text=贾圆圆她今天一天都没在学校露面儿 || file=E20.txt; line_id=223; start=00:11:22.03; end=00:11:24.02; text=贾圆圆歌友 || file=E20.txt; line_id=325; start=00:16:34.91; end=00:16:38.39; text=哇 这就是贾圆圆小姐了 || file=E26.txt; line_id=461; start=00:17:43.94; end=00:17:46.04; text=五年级学生贾圆圆同学 || file=E29.txt; line_id=133; start=00:05:31.49; end=00:05:36.88; text=贾圆圆同志天天早起早睡按时上学 || file=E29.txt; line_id=218; start=00:09:05.38; end=00:09:07.83; text=贾圆圆同志今天下午在家中 || file=E29.txt; line_id=365; start=00:15:35.96; end=00:15:37.78; text=贾圆圆同志今天下午 || file=E35.txt; line_id=105; start=00:04:08.01; end=00:04:10.02; text=特向乙方贾圆圆 || file=E40.txt; line_id=31; start=00:01:40.79; end=00:01:45.17; text=张凤姑口述 贾圆圆整理
Yuanyuan（圆圆）,贾圆圆同学,2,likely_valid_alias,全名+同学，学校/采访语境明确。；evidence_count=2；定位证据：file=E20.txt; line_id=139; start=00:07:10.99; end=00:07:12.96; text=贾圆圆同学没来上课有假条吗 || file=E26.txt; line_id=461; start=00:17:43.94; end=00:17:46.04; text=五年级学生贾圆圆同学
Yuanyuan（圆圆）,贾圆圆同志,3,likely_valid_alias,全名+同志，E29 戏仿新闻稿语境中稳定指圆圆。；evidence_count=3；定位证据：file=E29.txt; line_id=133; start=00:05:31.49; end=00:05:36.88; text=贾圆圆同志天天早起早睡按时上学 || file=E29.txt; line_id=218; start=00:09:05.38; end=00:09:07.83; text=贾圆圆同志今天下午在家中 || file=E29.txt; line_id=365; start=00:15:35.96; end=00:15:37.78; text=贾圆圆同志今天下午
Yuanyuan（圆圆）,贾圆圆小姐,1,likely_valid_alias,E20 明确说“这就是贾圆圆小姐了”。；evidence_count=1；定位证据：file=E20.txt; line_id=325; start=00:16:34.91; end=00:16:38.39; text=哇 这就是贾圆圆小姐了
Yuanyuan（圆圆）,贾小姐,2,likely_valid_alias,E20 的两处“贾小姐”紧接“贾圆圆小姐”并持续指圆圆；全剧未发现该表面形式用于另一位贾家女性。；evidence_count=2；定位证据：file=E20.txt; line_id=332; start=00:16:51.87; end=00:16:54.67; text=我跟他说了贾小姐的事 || file=E20.txt; line_id=342; start=00:17:17.56; end=00:17:21.44; text=张先生请贾小姐到宾馆里去
Xiaofan（小凡）,小凡,55,likely_valid_alias,标准名，大量直接称呼。；evidence_count=68；定位证据：file=E01.txt; line_id=280; start=00:11:36.74; end=00:11:38.28; text=小凡 吃饭了 圆圆洗手 || file=E01.txt; line_id=286; start=00:11:53.15; end=00:11:55.62; text=还是叫小凡姐记好喽 || file=E01.txt; line_id=314; start=00:13:08.35; end=00:13:11.94; text=比如说小凡和圆圆的零花钱 || file=E01.txt; line_id=337; start=00:13:51.53; end=00:13:53.23; text=圆圆 小凡 || file=E02.txt; line_id=140; start=00:07:01.26; end=00:07:05.37; text=错了 这上面记的都是小凡的问题 || file=E02.txt; line_id=173; start=00:08:28.24; end=00:08:30.60; text=贾小凡 || file=E02.txt; line_id=375; start=00:17:21.56; end=00:17:23.53; text=刚才小凡和圆圆 || file=E02.txt; line_id=381; start=00:17:38.38; end=00:17:41.95; text=小凡圆圆那些它就不叫事儿了 || file=E02.txt; line_id=398; start=00:18:40.47; end=00:18:44.23; text=志新 圆圆 小凡 || file=E03.txt; line_id=249; start=00:11:00.02; end=00:11:02.32; text=小凡 叫爸来吧 || file=E03.txt; line_id=375; start=00:17:34.98; end=00:17:36.84; text=是小凡 || file=E03.txt; line_id=394; start=00:18:32.72; end=00:18:33.18; text=小凡 || file=E05.txt; line_id=82; start=00:03:38.67; end=00:03:41.01; text=小凡那儿有好些这方面的书 || file=E05.txt; line_id=142; start=00:06:31.15; end=00:06:34.34; text=那志新和小凡姑娘住哪儿啊 || file=E05.txt; line_id=144; start=00:06:37.62; end=00:06:40.01; text=小凡今天就回学校去了 || file=E05.txt; line_id=149; start=00:06:47.60; end=00:06:49.21; text=小凡姑娘要是回来呢 || file=E05.txt; line_id=512; start=00:23:19.39; end=00:23:20.95; text=志新 小凡 || file=E05.txt; line_id=536; start=00:24:16.34; end=00:24:18.57; text=给小凡 || file=E06.txt; line_id=84; start=00:03:39.04; end=00:03:40.42; text=哦 小凡 || file=E06.txt; line_id=85; start=00:03:40.57; end=00:03:42.53; text=问题小凡也是个女的呀 || file=E13.txt; line_id=396; start=00:17:14.29; end=00:17:18.10; text=小凡她们同宿舍那同学 叫沈旭佳 || file=E15.txt; line_id=110; start=00:04:33.25; end=00:04:35.16; text=回头小凡妹妹该吃醋了 || file=E15.txt; line_id=358; start=00:14:42.93; end=00:14:47.28; text=再和这个志新小凡他们商量商量 || file=E15.txt; line_id=360; start=00:14:50.38; end=00:14:53.85; text=等小凡这个星期回来 || file=E15.txt; line_id=411; start=00:17:18.79; end=00:17:19.67; text=小凡姐 || file=E15.txt; line_id=537; start=00:22:51.43; end=00:22:53.57; text=小凡 这三十给你 || file=E17.txt; line_id=9; start=00:00:29.68; end=00:00:31.11; text=小凡啊 || file=E17.txt; line_id=69; start=00:02:47.67; end=00:02:49.77; text=只能把小凡打发给他啦 || file=E17.txt; line_id=174; start=00:06:36.26; end=00:06:37.96; text=这位呢 是我妹妹小凡 || file=E18.txt; line_id=312; start=00:13:06.79; end=00:13:08.68; text=小凡姐 你是不知道 || file=E21.txt; line_id=302; start=00:13:15.34; end=00:13:16.31; text=小凡 小凡 || file=E21.txt; line_id=372; start=00:16:58.82; end=00:17:01.47; text=小凡 小凡 || file=E25.txt; line_id=25; start=00:00:57.98; end=00:00:59.02; text=小凡啊 || file=E25.txt; line_id=40; start=00:01:40.84; end=00:01:41.95; text=小凡呀 || file=E25.txt; line_id=83; start=00:03:02.73; end=00:03:05.22; text=咱们小凡可是个明白人 || file=E25.txt; line_id=93; start=00:03:26.56; end=00:03:28.10; text=带贾小凡 || file=E25.txt; line_id=107; start=00:03:58.60; end=00:04:01.35; text=小凡 文章写得怎么样了 || file=E25.txt; line_id=203; start=00:08:19.06; end=00:08:21.20; text=也只有小凡一人儿了 || file=E25.txt; line_id=251; start=00:10:14.00; end=00:10:16.73; text=小凡 说说吧 || file=E25.txt; line_id=260; start=00:10:39.32; end=00:10:40.27; text=小凡姐 || file=E25.txt; line_id=268; start=00:11:05.34; end=00:11:08.51; text=小凡 我们都是为你好 || file=E25.txt; line_id=297; start=00:12:22.90; end=00:12:26.82; text=小凡这个不孝之女到哪里去啦 || file=E25.txt; line_id=327; start=00:13:33.02; end=00:13:34.16; text=小凡那事儿还没完呢 || file=E25.txt; line_id=342; start=00:13:59.55; end=00:14:03.60; text=我呀 是找我们系一学生 贾小凡 || file=E25.txt; line_id=369; start=00:15:11.04; end=00:15:15.36; text=现在的问题是小凡的事情怎么办 || file=E25.txt; line_id=370; start=00:15:15.53; end=00:15:18.87; text=不是 现在小凡看上这孟昭晖吧 || file=E25.txt; line_id=386; start=00:16:01.24; end=00:16:03.31; text=既然贾小凡图谋不轨 || file=E25.txt; line_id=390; start=00:16:08.30; end=00:16:10.36; text=小凡的思想还是没有通嘛 || file=E25.txt; line_id=402; start=00:16:35.19; end=00:16:36.65; text=小凡来了 小凡来了 || file=E26.txt; line_id=20; start=00:00:48.97; end=00:00:50.69; text=那个小凡呢 || file=E26.txt; line_id=23; start=00:00:54.74; end=00:00:56.85; text=小凡人家挨屋里头脑力劳动呢 || file=E26.txt; line_id=329; start=00:12:22.45; end=00:12:25.04; text=贾小凡同志 这样吧 || file=E31.txt; line_id=23; start=00:00:53.35; end=00:00:55.02; text=这是你和小凡的裙子 || file=E31.txt; line_id=124; start=00:04:59.45; end=00:05:02.33; text=志新和小凡都没有工作 || file=E32.txt; line_id=306; start=00:13:21.67; end=00:13:23.68; text=贾小凡同学昨天上我们那儿去了 || file=E33.txt; line_id=262; start=00:11:29.13; end=00:11:31.92; text=你顶多就是小凡 我妹妹 || file=E33.txt; line_id=264; start=00:11:35.37; end=00:11:39.24; text=你才有可能成为小凡她二嫂 || file=E34.txt; line_id=98; start=00:04:27.63; end=00:04:31.04; text=对我 只能和对小凡一样 || file=E34.txt; line_id=230; start=00:10:33.96; end=00:10:36.17; text=志新哥哥 你哪天问问小凡妹妹 || file=E34.txt; line_id=250; start=00:11:24.57; end=00:11:26.24; text=往后一点儿 让小凡赶上 || file=E34.txt; line_id=277; start=00:12:38.69; end=00:12:40.92; text=小凡妹妹 你快说吧 || file=E35.txt; line_id=491; start=00:20:30.88; end=00:20:33.35; text=后天小凡又管我要十块 || file=E37.txt; line_id=273; start=00:10:40.86; end=00:10:42.68; text=小凡妹妹 || file=E37.txt; line_id=478; start=00:19:05.02; end=00:19:06.05; text=小凡 || file=E38.txt; line_id=425; start=00:17:33.38; end=00:17:34.78; text=小凡 你听听 || file=E39.txt; line_id=289; start=00:12:15.71; end=00:12:18.12; text=也就是小凡跟学校里躲清静 || file=E39.txt; line_id=290; start=00:12:18.28; end=00:12:19.80; text=小凡另有安排 || file=E40.txt; line_id=413; start=00:18:41.55; end=00:18:42.99; text=小凡
Xiaofan（小凡）,贾小凡,4,likely_valid_alias,全名，多处学校/家庭场景明确。；evidence_count=6；定位证据：file=E02.txt; line_id=173; start=00:08:28.24; end=00:08:30.60; text=贾小凡 || file=E25.txt; line_id=93; start=00:03:26.56; end=00:03:28.10; text=带贾小凡 || file=E25.txt; line_id=342; start=00:13:59.55; end=00:14:03.60; text=我呀 是找我们系一学生 贾小凡 || file=E25.txt; line_id=386; start=00:16:01.24; end=00:16:03.31; text=既然贾小凡图谋不轨 || file=E26.txt; line_id=329; start=00:12:22.45; end=00:12:25.04; text=贾小凡同志 这样吧 || file=E32.txt; line_id=306; start=00:13:21.67; end=00:13:23.68; text=贾小凡同学昨天上我们那儿去了
Xiaofan（小凡）,贾小凡同志,1,likely_valid_alias,全名+同志，E26 明确。；evidence_count=1；定位证据：file=E26.txt; line_id=329; start=00:12:22.45; end=00:12:25.04; text=贾小凡同志 这样吧
Xiaofan（小凡）,贾小凡同学,1,likely_valid_alias,全名+同学，E32 明确。；evidence_count=1；定位证据：file=E32.txt; line_id=306; start=00:13:21.67; end=00:13:23.68; text=贾小凡同学昨天上我们那儿去了
Xiaofan（小凡）,小凡姐,4,likely_valid_alias,姓名+姐，多集明确指小凡。；evidence_count=4；定位证据：file=E01.txt; line_id=286; start=00:11:53.15; end=00:11:55.62; text=还是叫小凡姐记好喽 || file=E15.txt; line_id=411; start=00:17:18.79; end=00:17:19.67; text=小凡姐 || file=E18.txt; line_id=312; start=00:13:06.79; end=00:13:08.68; text=小凡姐 你是不知道 || file=E25.txt; line_id=260; start=00:10:39.32; end=00:10:40.27; text=小凡姐
Xiaofan（小凡）,小凡妹妹,4,likely_valid_alias,姓名+妹妹，多集明确指小凡。；evidence_count=4；定位证据：file=E15.txt; line_id=110; start=00:04:33.25; end=00:04:35.16; text=回头小凡妹妹该吃醋了 || file=E34.txt; line_id=230; start=00:10:33.96; end=00:10:36.17; text=志新哥哥 你哪天问问小凡妹妹 || file=E34.txt; line_id=277; start=00:12:38.69; end=00:12:40.92; text=小凡妹妹 你快说吧 || file=E37.txt; line_id=273; start=00:10:40.86; end=00:10:42.68; text=小凡妹妹
Xiaofan（小凡）,小凡姑娘,2,likely_valid_alias,姓名+姑娘，E05 两处明确。；evidence_count=2；定位证据：file=E05.txt; line_id=142; start=00:06:31.15; end=00:06:34.34; text=那志新和小凡姑娘住哪儿啊 || file=E05.txt; line_id=149; start=00:06:47.60; end=00:06:49.21; text=小凡姑娘要是回来呢
Xiaozhang（小张）,小张,161,likely_valid_alias,标准称呼，大量稳定指向家中小张。；evidence_count=166；定位证据：file=E01.txt; line_id=5; start=00:00:25.28; end=00:00:25.91; text=小张 || file=E01.txt; line_id=250; start=00:10:17.26; end=00:10:18.73; text=小张 小张 你那是 || file=E01.txt; line_id=256; start=00:10:29.96; end=00:10:31.21; text=我说小张 || file=E01.txt; line_id=285; start=00:11:49.67; end=00:11:52.70; text=小张 你做一下记录 || file=E01.txt; line_id=357; start=00:14:41.89; end=00:14:43.66; text=至于小张嘛 || file=E01.txt; line_id=362; start=00:14:53.86; end=00:14:56.29; text=想不到小张阿姨早就背叛我们了 || file=E01.txt; line_id=516; start=00:21:39.70; end=00:21:41.25; text=来啦 小张 开门去 || file=E02.txt; line_id=37; start=00:02:08.06; end=00:02:08.63; text=除了小张 || file=E02.txt; line_id=38; start=00:02:08.77; end=00:02:11.33; text=小张跟亲闺女也差不多了 || file=E02.txt; line_id=92; start=00:04:24.97; end=00:04:26.84; text=然后在小张的领导下呢 || file=E03.txt; line_id=95; start=00:04:35.46; end=00:04:37.28; text=小张 小张 || file=E03.txt; line_id=108; start=00:05:03.80; end=00:05:05.93; text=小张 小张 快 || file=E03.txt; line_id=349; start=00:15:14.97; end=00:15:19.29; text=小张这个阶段成长得也很快嘛 || file=E04.txt; line_id=348; start=00:15:07.32; end=00:15:08.57; text=小张 沏茶 || file=E05.txt; line_id=256; start=00:12:46.77; end=00:12:49.95; text=麻烦小张姑娘再给我下点儿面条吧 || file=E05.txt; line_id=340; start=00:16:24.39; end=00:16:25.73; text=她还净说小张的坏话 || file=E05.txt; line_id=511; start=00:23:17.39; end=00:23:19.22; text=小张 圆圆 || file=E07.txt; line_id=360; start=00:16:41.91; end=00:16:44.87; text=小张 倒茶去 || file=E07.txt; line_id=389; start=00:18:04.16; end=00:18:06.96; text=我让小张做饭去 || file=E08.txt; line_id=3; start=00:00:20.11; end=00:00:23.35; text=最近这小张说话怎么酸不溜丢的 || file=E08.txt; line_id=8; start=00:00:34.60; end=00:00:36.49; text=我对小张儿的思想教育 || file=E08.txt; line_id=24; start=00:01:05.63; end=00:01:08.03; text=小张阿姨谈恋爱了 || file=E08.txt; line_id=26; start=00:01:11.67; end=00:01:15.78; text=虽然小张是在我的直接领导下 || file=E08.txt; line_id=46; start=00:02:01.10; end=00:02:03.79; text=这种事情出现在小张的身上 || file=E08.txt; line_id=53; start=00:02:14.73; end=00:02:16.91; text=小张 小张 || file=E08.txt; line_id=126; start=00:06:22.34; end=00:06:23.02; text=小张 || file=E08.txt; line_id=134; start=00:06:38.33; end=00:06:40.34; text=怎么了小张 怎么了 || file=E08.txt; line_id=201; start=00:09:27.59; end=00:09:30.69; text=小张 小张 || file=E08.txt; line_id=202; start=00:09:31.07; end=00:09:32.95; text=小张 || file=E08.txt; line_id=209; start=00:09:53.00; end=00:09:55.64; text=小张 你得想开点儿 || file=E08.txt; line_id=212; start=00:10:01.33; end=00:10:03.13; text=就是 像咱们小张 || file=E08.txt; line_id=255; start=00:11:38.65; end=00:11:40.59; text=小张 小张 小张 || file=E08.txt; line_id=263; start=00:11:54.57; end=00:11:56.35; text=小张 || file=E08.txt; line_id=274; start=00:12:17.06; end=00:12:18.95; text=小张 || file=E08.txt; line_id=276; start=00:12:40.95; end=00:12:42.90; text=小张 小张 谁来的信呐 || file=E08.txt; line_id=294; start=00:13:17.13; end=00:13:19.59; text=小张 小张 这你可不能去 || file=E08.txt; line_id=411; start=00:18:49.03; end=00:18:51.79; text=这个 小张这两天的情绪怎么样啊 || file=E08.txt; line_id=421; start=00:19:09.26; end=00:19:11.94; text=小刘问起过没有小张情况什么的呀 || file=E09.txt; line_id=3; start=00:00:14.13; end=00:00:15.30; text=咱们家的小张 || file=E09.txt; line_id=9; start=00:00:24.90; end=00:00:26.73; text=小张 小张 || file=E09.txt; line_id=10; start=00:00:26.87; end=00:00:30.59; text=小张上早市儿了 我来吧 || file=E09.txt; line_id=35; start=00:01:20.46; end=00:01:21.63; text=那就是小张 || file=E09.txt; line_id=37; start=00:01:23.05; end=00:01:24.33; text=小张毛病是不少 || file=E09.txt; line_id=224; start=00:08:40.31; end=00:08:41.71; text=小张 || file=E10.txt; line_id=25; start=00:01:05.56; end=00:01:07.58; text=看见小张放了一个大碗 || file=E10.txt; line_id=39; start=00:01:47.18; end=00:01:49.75; text=可以算是小张的发明嘛 || file=E10.txt; line_id=50; start=00:02:08.97; end=00:02:11.72; text=妈 小张阿姨 我用的这碗 || file=E10.txt; line_id=205; start=00:08:56.20; end=00:08:56.84; text=小张 || file=E10.txt; line_id=241; start=00:10:36.08; end=00:10:39.09; text=主要是在小张的错误做法 || file=E10.txt; line_id=388; start=00:16:49.05; end=00:16:52.06; text=小张可以把饭送到客厅来嘛 || file=E11.txt; line_id=218; start=00:09:24.06; end=00:09:25.98; text=还有给小张 圆圆 || file=E11.txt; line_id=448; start=00:19:08.36; end=00:19:09.30; text=那什么 小张 || file=E15.txt; line_id=249; start=00:09:42.57; end=00:09:44.24; text=愣从小张那骗出一块二 || file=E15.txt; line_id=251; start=00:09:46.27; end=00:09:47.27; text=现在小张跟老爷子那儿 || file=E15.txt; line_id=362; start=00:14:56.80; end=00:15:01.05; text=还有圆圆小张的意见也不能忽视 || file=E15.txt; line_id=405; start=00:17:02.00; end=00:17:05.39; text=小张啊 你应该有现代意识 || file=E15.txt; line_id=540; start=00:22:57.48; end=00:23:00.92; text=小张啊 那我也给你 || file=E16.txt; line_id=478; start=00:19:06.20; end=00:19:07.87; text=告诉小张 || file=E17.txt; line_id=164; start=00:06:14.62; end=00:06:15.99; text=我应该早早吩咐小张 || file=E18.txt; line_id=301; start=00:12:27.38; end=00:12:31.03; text=大爷 你跟小张说包小白菜馅的 || file=E18.txt; line_id=323; start=00:13:29.08; end=00:13:31.12; text=偷看小张洗澡 || file=E19.txt; line_id=189; start=00:09:00.87; end=00:09:03.47; text=小张准备炖红烧肉用的 || file=E20.txt; line_id=60; start=00:03:24.88; end=00:03:26.32; text=小张阿姨 || file=E20.txt; line_id=185; start=00:08:50.65; end=00:08:52.19; text=小张啊 || file=E21.txt; line_id=277; start=00:12:17.44; end=00:12:19.35; text=怎么着 圆圆跟小张出去了 || file=E21.txt; line_id=278; start=00:12:19.46; end=00:12:20.30; text=小张去买菜 || file=E22.txt; line_id=134; start=00:06:30.81; end=00:06:33.13; text=你和小张马上准备午饭 || file=E23.txt; line_id=45; start=00:01:53.78; end=00:01:54.74; text=小张阿姨 || file=E23.txt; line_id=53; start=00:02:14.50; end=00:02:15.50; text=小张阿姨 || file=E23.txt; line_id=63; start=00:02:42.42; end=00:02:43.88; text=小张啊 || file=E24.txt; line_id=260; start=00:11:31.67; end=00:11:34.42; text=我知道了以后特地让我们家小张 || file=E24.txt; line_id=324; start=00:14:39.51; end=00:14:40.22; text=小张 出大事儿了 || file=E25.txt; line_id=79; start=00:02:53.37; end=00:02:54.49; text=小张跟小刘那事儿 || file=E25.txt; line_id=171; start=00:06:58.75; end=00:06:59.66; text=小张 小张 || file=E25.txt; line_id=175; start=00:07:06.33; end=00:07:09.09; text=小张阿姨 你算什么第三者 || file=E25.txt; line_id=259; start=00:10:35.95; end=00:10:39.18; text=小张 你也参加了 || file=E29.txt; line_id=2; start=00:00:03.59; end=00:00:04.65; text=小张 || file=E29.txt; line_id=226; start=00:09:28.71; end=00:09:31.28; text=小张 小张 || file=E29.txt; line_id=256; start=00:10:48.13; end=00:10:50.34; text=小张阿姨好 你们大家好 || file=E29.txt; line_id=274; start=00:11:56.79; end=00:11:59.14; text=跟小张睡觉呢 || file=E30.txt; line_id=283; start=00:14:06.42; end=00:14:08.18; text=小张 || file=E30.txt; line_id=329; start=00:16:21.73; end=00:16:23.03; text=说说吧小张 || file=E30.txt; line_id=350; start=00:17:17.89; end=00:17:20.01; text=咱们家有小张啊 || file=E30.txt; line_id=351; start=00:17:20.16; end=00:17:21.97; text=不过你要把小张辞了呢 || file=E30.txt; line_id=409; start=00:20:02.13; end=00:20:05.61; text=这个 志国和小张怎么还没有回来呀 || file=E30.txt; line_id=437; start=00:21:29.15; end=00:21:31.66; text=我跟小张一块儿卖了一天的包子 || file=E31.txt; line_id=19; start=00:00:44.46; end=00:00:45.89; text=小张 || file=E31.txt; line_id=96; start=00:03:39.16; end=00:03:40.15; text=小张 || file=E34.txt; line_id=23; start=00:00:58.50; end=00:00:59.77; text=小张啊 || file=E35.txt; line_id=194; start=00:07:40.02; end=00:07:43.32; text=让小张去买点儿排骨红烧了 || file=E35.txt; line_id=204; start=00:08:10.71; end=00:08:13.73; text=那你明天自己跟爸爸小张说不行吗 || file=E35.txt; line_id=216; start=00:08:41.38; end=00:08:44.40; text=你爸跟小张的事儿就往后排排 || file=E35.txt; line_id=221; start=00:08:58.11; end=00:08:59.97; text=我已经跟小张说了 || file=E35.txt; line_id=228; start=00:09:15.26; end=00:09:18.99; text=光是小张这个大手大脚的作风 || file=E35.txt; line_id=475; start=00:19:46.02; end=00:19:48.96; text=让小张早点儿把饭做好 || file=E36.txt; line_id=90; start=00:04:58.30; end=00:05:00.53; text=小张 送客 || file=E36.txt; line_id=248; start=00:11:10.83; end=00:11:11.95; text=小张 小张 || file=E36.txt; line_id=385; start=00:16:57.99; end=00:16:58.81; text=小张 || file=E36.txt; line_id=396; start=00:17:21.67; end=00:17:23.60; text=小张一个保姆 || file=E36.txt; line_id=450; start=00:19:47.37; end=00:19:50.28; text=有圆圆的零花 还有小张的工资 || file=E37.txt; line_id=203; start=00:08:02.03; end=00:08:04.13; text=我还混得不如小张呢我 || file=E37.txt; line_id=204; start=00:08:04.29; end=00:08:06.28; text=小张好歹每个月还挣工资 || file=E37.txt; line_id=314; start=00:12:21.82; end=00:12:23.09; text=小张阿姨 别生气啊 || file=E38.txt; line_id=77; start=00:03:50.66; end=00:03:51.69; text=小张 快快快 || file=E38.txt; line_id=293; start=00:11:34.63; end=00:11:36.66; text=走吧小张 || file=E39.txt; line_id=1; start=00:00:04.00; end=00:00:06.63; text=歇会儿吧 小张 || file=E39.txt; line_id=75; start=00:03:44.96; end=00:03:47.34; text=你看看你们家这个小张 || file=E39.txt; line_id=89; start=00:04:19.44; end=00:04:21.33; text=我们走的时候小张还好好的呢 || file=E39.txt; line_id=92; start=00:04:27.60; end=00:04:31.01; text=小张这个病啊 怕是没救啦 || file=E39.txt; line_id=112; start=00:05:14.64; end=00:05:15.99; text=这样吧 小张 || file=E39.txt; line_id=118; start=00:05:25.71; end=00:05:27.74; text=别介 我们这儿还能照顾小张 || file=E39.txt; line_id=134; start=00:06:09.93; end=00:06:11.80; text=小张生了病 || file=E39.txt; line_id=136; start=00:06:16.27; end=00:06:20.00; text=人家小张一个四川人在北京 || file=E39.txt; line_id=140; start=00:06:29.28; end=00:06:31.91; text=一定要把小张给照顾好 || file=E39.txt; line_id=146; start=00:06:46.78; end=00:06:48.90; text=你明天就带小张去看病 || file=E39.txt; line_id=148; start=00:06:51.21; end=00:06:53.82; text=小张这病 我插队时候也得过 || file=E39.txt; line_id=155; start=00:07:08.68; end=00:07:09.86; text=比小张强多了 || file=E39.txt; line_id=166; start=00:07:28.63; end=00:07:32.27; text=大家都要把小张的工作分担一些 || file=E39.txt; line_id=176; start=00:07:51.97; end=00:07:55.22; text=这小张腰疼又不是我弄的 || file=E39.txt; line_id=193; start=00:08:36.97; end=00:08:38.45; text=让你陪小张阿姨吃饭 || file=E39.txt; line_id=239; start=00:10:20.98; end=00:10:25.11; text=就是要加强对小张的护理工作 || file=E39.txt; line_id=245; start=00:10:42.05; end=00:10:45.79; text=要派专人伺候小张同志 || file=E39.txt; line_id=256; start=00:11:06.31; end=00:11:08.02; text=人家小张怎么伺候你来着 || file=E39.txt; line_id=270; start=00:11:35.33; end=00:11:37.69; text=小张偏偏又是个女的 || file=E39.txt; line_id=295; start=00:12:27.77; end=00:12:30.84; text=平常小张一人是怎么干下来的 || file=E39.txt; line_id=297; start=00:12:34.12; end=00:12:35.08; text=小张 || file=E39.txt; line_id=316; start=00:13:18.45; end=00:13:20.46; text=小张啊 这样吧 || file=E39.txt; line_id=361; start=00:15:13.40; end=00:15:14.83; text=小张 好点儿了吧 || file=E39.txt; line_id=379; start=00:15:57.66; end=00:15:59.90; text=我们小张就不嫌费事 || file=E39.txt; line_id=381; start=00:16:01.32; end=00:16:02.83; text=我们小张就不怕麻烦啦 || file=E39.txt; line_id=415; start=00:17:02.57; end=00:17:04.22; text=小张 我的妈唉 || file=E39.txt; line_id=451; start=00:18:16.57; end=00:18:18.29; text=不是 小张姑奶奶您别生气啊 || file=E39.txt; line_id=487; start=00:20:00.38; end=00:20:01.51; text=小张 小张 || file=E39.txt; line_id=489; start=00:20:03.64; end=00:20:05.96; text=我们家小张都是你给教坏的 || file=E39.txt; line_id=498; start=00:20:26.95; end=00:20:28.17; text=小张 我们不在这儿做了 || file=E40.txt; line_id=21; start=00:01:15.76; end=00:01:18.27; text=小张还有点儿文采嘛 || file=E40.txt; line_id=34; start=00:01:49.69; end=00:01:52.66; text=我已经让小张抄写了二十份 || file=E40.txt; line_id=41; start=00:02:05.83; end=00:02:07.44; text=小张还很年轻 || file=E40.txt; line_id=65; start=00:02:58.12; end=00:03:00.71; text=小张 出来 || file=E40.txt; line_id=67; start=00:03:10.51; end=00:03:11.81; text=小张 小张 || file=E40.txt; line_id=78; start=00:03:34.74; end=00:03:36.39; text=小张 || file=E40.txt; line_id=89; start=00:03:56.92; end=00:03:57.83; text=小张 || file=E40.txt; line_id=92; start=00:04:00.85; end=00:04:02.06; text=小张 小张 || file=E40.txt; line_id=97; start=00:04:23.43; end=00:04:24.58; text=小张 || file=E40.txt; line_id=99; start=00:04:26.00; end=00:04:28.13; text=小张 给我把拖鞋找出来 || file=E40.txt; line_id=100; start=00:04:28.25; end=00:04:30.29; text=小张 最好给我倒杯水 || file=E40.txt; line_id=149; start=00:06:23.76; end=00:06:25.37; text=小张同志啊 || file=E40.txt; line_id=152; start=00:06:29.95; end=00:06:32.19; text=小张 咱们大家有事好说好商量嘛 || file=E40.txt; line_id=162; start=00:06:47.78; end=00:06:50.28; text=赶紧圆圆 陪小张阿姨回去睡觉去 || file=E40.txt; line_id=166; start=00:06:59.25; end=00:07:01.95; text=小张阿姨要走 我也和她一块儿走 || file=E40.txt; line_id=169; start=00:07:09.88; end=00:07:11.57; text=和小张阿姨一起 || file=E40.txt; line_id=177; start=00:07:27.71; end=00:07:28.81; text=去 赶紧陪小张休息去 || file=E40.txt; line_id=182; start=00:07:52.57; end=00:07:56.64; text=小张也是人才难得呀 || file=E40.txt; line_id=208; start=00:08:55.50; end=00:08:57.79; text=小张同志啊 || file=E40.txt; line_id=239; start=00:10:33.84; end=00:10:35.37; text=小张 || file=E40.txt; line_id=244; start=00:10:43.60; end=00:10:44.87; text=这个 小张啊 || file=E40.txt; line_id=272; start=00:11:46.43; end=00:11:48.00; text=小张啊 || file=E40.txt; line_id=304; start=00:13:25.02; end=00:13:26.74; text=小张 || file=E40.txt; line_id=342; start=00:15:23.82; end=00:15:25.44; text=走吧 小张 || file=E40.txt; line_id=400; start=00:18:02.68; end=00:18:03.74; text=小张阿姨 || file=E40.txt; line_id=415; start=00:18:43.89; end=00:18:45.78; text=小张 || file=E40.txt; line_id=416; start=00:18:46.21; end=00:18:49.11; text=小张 你真的要走啦 || file=E40.txt; line_id=421; start=00:19:00.69; end=00:19:02.81; text=小张就跟我亲妹妹一样 || file=E40.txt; line_id=426; start=00:19:11.08; end=00:19:11.72; text=小张 || file=E40.txt; line_id=430; start=00:19:16.62; end=00:19:18.65; text=小张阿姨 我也送你 || file=E40.txt; line_id=440; start=00:19:51.38; end=00:19:53.07; text=圆圆把小张给留下来了
Xiaozhang（小张）,张凤姑,5,likely_valid_alias,E08 小张在恋爱场景中明确自报“我叫张凤姑”，E23/E40 再次出现该全名。；evidence_count=4；定位证据：file=E08.txt; line_id=83; start=00:04:08.38; end=00:04:10.42; text=我叫张凤姑 || file=E23.txt; line_id=78; start=00:03:39.46; end=00:03:42.87; text=张凤姑 张凤姑 || file=E40.txt; line_id=31; start=00:01:40.79; end=00:01:45.17; text=张凤姑口述 贾圆圆整理 || file=E40.txt; line_id=64; start=00:02:55.83; end=00:02:57.99; text=有请张凤姑
Xiaozhang（小张）,凤姑,5,likely_valid_alias,E08 自报全名后立即简称“凤姑”，E23/E24 延续使用。；evidence_count=14；定位证据：file=E08.txt; line_id=83; start=00:04:08.38; end=00:04:10.42; text=我叫张凤姑 || file=E08.txt; line_id=84; start=00:04:10.57; end=00:04:11.86; text=凤姑 || file=E08.txt; line_id=89; start=00:04:21.60; end=00:04:23.44; text=凤姑 || file=E23.txt; line_id=77; start=00:03:35.33; end=00:03:39.30; text=凤姑 凤姑 || file=E23.txt; line_id=78; start=00:03:39.46; end=00:03:42.87; text=张凤姑 张凤姑 || file=E23.txt; line_id=80; start=00:04:03.17; end=00:04:06.12; text=许是我凤姑妹妹出去买菜去了 || file=E23.txt; line_id=83; start=00:04:13.36; end=00:04:18.68; text=我就知道你跟你那凤姑妹子不是外人 || file=E23.txt; line_id=102; start=00:05:27.95; end=00:05:29.68; text=我看我凤姑妹妹 || file=E23.txt; line_id=114; start=00:06:11.72; end=00:06:14.48; text=等我凤姑妹妹回来以后 || file=E24.txt; line_id=330; start=00:15:12.34; end=00:15:13.12; text=凤姑妹妹 || file=E24.txt; line_id=346; start=00:15:59.85; end=00:16:01.74; text=凤姑 你可不该动那心思 || file=E40.txt; line_id=31; start=00:01:40.79; end=00:01:45.17; text=张凤姑口述 贾圆圆整理 || file=E40.txt; line_id=64; start=00:02:55.83; end=00:02:57.99; text=有请张凤姑 || file=E40.txt; line_id=422; start=00:19:02.95; end=00:19:05.29; text=凤姑妹妹 今儿你哥哥我送你
Xiaozhang（小张）,凤姑妹妹,5,likely_valid_alias,E23/E24/E40 对张凤姑的稳定亲昵称呼。；evidence_count=5；定位证据：file=E23.txt; line_id=80; start=00:04:03.17; end=00:04:06.12; text=许是我凤姑妹妹出去买菜去了 || file=E23.txt; line_id=102; start=00:05:27.95; end=00:05:29.68; text=我看我凤姑妹妹 || file=E23.txt; line_id=114; start=00:06:11.72; end=00:06:14.48; text=等我凤姑妹妹回来以后 || file=E24.txt; line_id=330; start=00:15:12.34; end=00:15:13.12; text=凤姑妹妹 || file=E40.txt; line_id=422; start=00:19:02.95; end=00:19:05.29; text=凤姑妹妹 今儿你哥哥我送你
Xiaozhang（小张）,凤姑妹子,1,likely_valid_alias,E23 一次性变体，连续上下文明确指张凤姑。；evidence_count=1；定位证据：file=E23.txt; line_id=83; start=00:04:13.36; end=00:04:18.68; text=我就知道你跟你那凤姑妹子不是外人
Xiaozhang（小张）,小张阿姨,15,likely_valid_alias,多集稳定指向小张。；evidence_count=15；定位证据：file=E01.txt; line_id=362; start=00:14:53.86; end=00:14:56.29; text=想不到小张阿姨早就背叛我们了 || file=E08.txt; line_id=24; start=00:01:05.63; end=00:01:08.03; text=小张阿姨谈恋爱了 || file=E10.txt; line_id=50; start=00:02:08.97; end=00:02:11.72; text=妈 小张阿姨 我用的这碗 || file=E20.txt; line_id=60; start=00:03:24.88; end=00:03:26.32; text=小张阿姨 || file=E23.txt; line_id=45; start=00:01:53.78; end=00:01:54.74; text=小张阿姨 || file=E23.txt; line_id=53; start=00:02:14.50; end=00:02:15.50; text=小张阿姨 || file=E25.txt; line_id=175; start=00:07:06.33; end=00:07:09.09; text=小张阿姨 你算什么第三者 || file=E29.txt; line_id=256; start=00:10:48.13; end=00:10:50.34; text=小张阿姨好 你们大家好 || file=E37.txt; line_id=314; start=00:12:21.82; end=00:12:23.09; text=小张阿姨 别生气啊 || file=E39.txt; line_id=193; start=00:08:36.97; end=00:08:38.45; text=让你陪小张阿姨吃饭 || file=E40.txt; line_id=162; start=00:06:47.78; end=00:06:50.28; text=赶紧圆圆 陪小张阿姨回去睡觉去 || file=E40.txt; line_id=166; start=00:06:59.25; end=00:07:01.95; text=小张阿姨要走 我也和她一块儿走 || file=E40.txt; line_id=169; start=00:07:09.88; end=00:07:11.57; text=和小张阿姨一起 || file=E40.txt; line_id=400; start=00:18:02.68; end=00:18:03.74; text=小张阿姨 || file=E40.txt; line_id=430; start=00:19:16.62; end=00:19:18.65; text=小张阿姨 我也送你
Xiaozhang（小张）,小张姑娘,1,likely_valid_alias,E05 的“姓名+姑娘”称呼，指向明确。；evidence_count=1；定位证据：file=E05.txt; line_id=256; start=00:12:46.77; end=00:12:49.95; text=麻烦小张姑娘再给我下点儿面条吧
Xiaozhang（小张）,小张同志,3,likely_valid_alias,E39/E40 的“姓名+同志”称呼，指向明确。；evidence_count=3；定位证据：file=E39.txt; line_id=245; start=00:10:42.05; end=00:10:45.79; text=要派专人伺候小张同志 || file=E40.txt; line_id=149; start=00:06:23.76; end=00:06:25.37; text=小张同志啊 || file=E40.txt; line_id=208; start=00:08:55.50; end=00:08:57.79; text=小张同志啊
Xiaozhang（小张）,小张儿,1,likely_valid_alias,E08 的儿化亲昵变体，明确指向小张。；evidence_count=1；定位证据：file=E08.txt; line_id=8; start=00:00:34.60; end=00:00:36.49; text=我对小张儿的思想教育
Xiaozhang（小张）,张小姐,1,likely_valid_alias,E40 紧邻小张离家剧情的直接称呼，指向明确。；evidence_count=1；定位证据：file=E40.txt; line_id=306; start=00:13:32.90; end=00:13:34.71; text=张小姐
Xiaozhang（小张）,张姑奶奶,3,likely_valid_alias,E39 戏谑/讨好式称呼，多次直接指向小张。；evidence_count=4；定位证据：file=E39.txt; line_id=359; start=00:15:09.75; end=00:15:11.57; text=张姑奶奶 || file=E39.txt; line_id=383; start=00:16:04.88; end=00:16:05.60; text=张姑奶奶 || file=E39.txt; line_id=451; start=00:18:16.57; end=00:18:18.29; text=不是 小张姑奶奶您别生气啊 || file=E39.txt; line_id=503; start=00:20:34.64; end=00:20:36.86; text=得 谢谢张姑奶奶
Xiaozhang（小张）,小张姑奶奶,1,likely_valid_alias,E39 “小张+姑奶奶”的一次性扩展称呼，指向明确。；evidence_count=1；定位证据：file=E39.txt; line_id=451; start=00:18:16.57; end=00:18:18.29; text=不是 小张姑奶奶您别生气啊
Yanhong（燕红）,燕红,53,likely_valid_alias,标准名，多集直接称呼。；evidence_count=75；定位证据：file=E03.txt; line_id=20; start=00:01:01.98; end=00:01:03.61; text=你是燕红吧 || file=E03.txt; line_id=159; start=00:07:17.15; end=00:07:18.54; text=郑燕红 || file=E03.txt; line_id=194; start=00:08:45.14; end=00:08:48.48; text=联系人 郑燕红 || file=E03.txt; line_id=214; start=00:09:37.73; end=00:09:38.50; text=燕红啊 || file=E03.txt; line_id=220; start=00:09:49.67; end=00:09:52.10; text=挤着往燕红她们家冲 || file=E03.txt; line_id=234; start=00:10:24.32; end=00:10:25.47; text=你别来劲啊 燕红 || file=E04.txt; line_id=332; start=00:14:17.23; end=00:14:18.70; text=看你燕红阿姨在没在家 || file=E04.txt; line_id=335; start=00:14:22.30; end=00:14:24.64; text=燕红阿姨没在家 || file=E04.txt; line_id=481; start=00:21:36.62; end=00:21:38.22; text=燕红 || file=E05.txt; line_id=385; start=00:18:08.19; end=00:18:09.09; text=那天人燕红 || file=E09.txt; line_id=351; start=00:14:02.93; end=00:14:05.15; text=要不咱把燕红她们家猫抱过来吧 || file=E10.txt; line_id=12; start=00:00:33.58; end=00:00:35.85; text=或者把燕红她们家猫抱过来得了 || file=E12.txt; line_id=221; start=00:09:30.98; end=00:09:32.22; text=燕红 你这不是有吗 || file=E12.txt; line_id=237; start=00:10:27.03; end=00:10:30.57; text=对 是我 在燕红咖啡屋附近 || file=E12.txt; line_id=347; start=00:14:41.40; end=00:14:44.76; text=速来燕红咖啡厅取火车票 || file=E13.txt; line_id=3; start=00:00:43.58; end=00:00:44.65; text=我说 燕红啊 || file=E14.txt; line_id=446; start=00:18:13.27; end=00:18:15.33; text=老郑那个郑燕红啊 || file=E15.txt; line_id=57; start=00:02:23.82; end=00:02:24.74; text=燕红 || file=E15.txt; line_id=102; start=00:04:12.92; end=00:04:16.18; text=这燕红不会坑咱们吧 || file=E15.txt; line_id=108; start=00:04:30.70; end=00:04:31.60; text=燕红来了 || file=E15.txt; line_id=111; start=00:04:35.29; end=00:04:36.48; text=燕红 坐 坐 || file=E15.txt; line_id=116; start=00:04:43.95; end=00:04:45.84; text=坐坐坐 燕红坐 || file=E15.txt; line_id=117; start=00:04:45.99; end=00:04:47.21; text=燕红啊 || file=E15.txt; line_id=142; start=00:05:43.91; end=00:05:46.26; text=燕红啊 我们可是信得过你 || file=E15.txt; line_id=153; start=00:06:12.64; end=00:06:14.50; text=燕红啊 燕红 || file=E15.txt; line_id=155; start=00:06:17.98; end=00:06:20.00; text=那燕红妹妹要用呢 就拿着用去吧 || file=E15.txt; line_id=162; start=00:06:30.67; end=00:06:32.53; text=反正我们知道燕红妹妹 || file=E15.txt; line_id=179; start=00:07:01.68; end=00:07:03.15; text=燕红妹妹也不会让我们吃亏 是吧 || file=E15.txt; line_id=183; start=00:07:06.61; end=00:07:08.91; text=燕红啊 你家有事儿 你忙你的去 || file=E15.txt; line_id=190; start=00:07:18.89; end=00:07:23.27; text=你就不在这儿吃了吧你 燕红啊 || file=E15.txt; line_id=193; start=00:07:29.76; end=00:07:33.48; text=燕红不会坑你们的 这我可以担保 || file=E15.txt; line_id=197; start=00:07:40.78; end=00:07:43.90; text=要不然燕红根本不接你们这钱 || file=E15.txt; line_id=299; start=00:12:15.61; end=00:12:16.73; text=燕红有个朋友啊 || file=E15.txt; line_id=465; start=00:19:33.88; end=00:19:35.11; text=我找燕红算账去 || file=E15.txt; line_id=471; start=00:19:50.75; end=00:19:51.26; text=燕红 || file=E15.txt; line_id=472; start=00:19:51.39; end=00:19:52.27; text=燕红妹妹来了 || file=E15.txt; line_id=477; start=00:20:02.24; end=00:20:04.64; text=还是你说吧 燕红 || file=E15.txt; line_id=485; start=00:20:29.18; end=00:20:32.13; text=燕红 我知道你爱开玩笑 || file=E15.txt; line_id=498; start=00:21:00.95; end=00:21:02.57; text=燕红啊 燕红啊 || file=E15.txt; line_id=515; start=00:21:52.09; end=00:21:54.98; text=大仁大义呀 燕红妹妹 || file=E27.txt; line_id=510; start=00:23:45.11; end=00:23:49.24; text=人家燕红他爸已经彻底把酒给戒了 || file=E28.txt; line_id=85; start=00:03:27.62; end=00:03:29.61; text=都批发给燕红了 || file=E28.txt; line_id=210; start=00:10:16.54; end=00:10:19.98; text=这是从燕红那咖啡屋啊 顺出来的 || file=E28.txt; line_id=222; start=00:11:00.70; end=00:11:03.94; text=那燕红看我看得那叫一个紧 || file=E28.txt; line_id=243; start=00:12:02.71; end=00:12:04.34; text=燕红 小余 || file=E28.txt; line_id=381; start=00:18:22.21; end=00:18:23.21; text=人家燕红他爸 || file=E29.txt; line_id=176; start=00:07:18.32; end=00:07:20.52; text=对 刚我跟大门口儿碰燕红了 || file=E29.txt; line_id=179; start=00:07:23.92; end=00:07:27.37; text=今天亲切会见了郑燕红同志 || file=E29.txt; line_id=186; start=00:07:47.34; end=00:07:48.81; text=郑燕红这丫头片子 || file=E37.txt; line_id=356; start=00:14:30.37; end=00:14:32.23; text=今儿早晨起来燕红来了 || file=E37.txt; line_id=369; start=00:14:56.77; end=00:14:59.61; text=你想过燕红没有 || file=E37.txt; line_id=373; start=00:15:10.16; end=00:15:11.08; text=燕红说啦 || file=E37.txt; line_id=382; start=00:15:34.11; end=00:15:37.75; text=什么燕红燕绿的 让她见鬼去吧 || file=E37.txt; line_id=385; start=00:15:41.80; end=00:15:42.68; text=燕红来啦 || file=E37.txt; line_id=389; start=00:15:46.55; end=00:15:48.80; text=燕红妹妹是我今儿请来的 || file=E37.txt; line_id=398; start=00:16:06.13; end=00:16:08.53; text=燕红妹妹 赶紧坐这儿 || file=E37.txt; line_id=420; start=00:16:53.59; end=00:16:55.13; text=燕红你该干嘛干嘛去 || file=E37.txt; line_id=438; start=00:17:23.34; end=00:17:25.05; text=人燕红都答应了 你怎么不答应啊 || file=E37.txt; line_id=439; start=00:17:25.20; end=00:17:26.92; text=人燕红哪点儿比不上你呀 || file=E38.txt; line_id=38; start=00:02:01.03; end=00:02:02.92; text=燕红啊 || file=E38.txt; line_id=39; start=00:02:04.47; end=00:02:05.96; text=燕红 || file=E38.txt; line_id=50; start=00:02:37.46; end=00:02:38.27; text=燕红 || file=E38.txt; line_id=52; start=00:02:41.96; end=00:02:43.64; text=燕红妹妹 成 || file=E38.txt; line_id=89; start=00:04:16.03; end=00:04:17.04; text=燕红妹妹 || file=E38.txt; line_id=90; start=00:04:17.17; end=00:04:18.35; text=燕红妹妹 || file=E38.txt; line_id=91; start=00:04:18.47; end=00:04:20.23; text=燕红妹妹 || file=E38.txt; line_id=94; start=00:04:24.67; end=00:04:28.32; text=这回燕红阿姨她当不成后妈了呀 || file=E38.txt; line_id=319; start=00:13:06.30; end=00:13:09.52; text=燕红妹妹 我来了 || file=E38.txt; line_id=322; start=00:13:23.46; end=00:13:24.63; text=燕红妹妹 || file=E38.txt; line_id=351; start=00:14:32.78; end=00:14:33.89; text=燕红妹妹 || file=E38.txt; line_id=373; start=00:15:34.43; end=00:15:36.78; text=你跟燕红那儿勾勾搭搭 || file=E38.txt; line_id=391; start=00:16:09.67; end=00:16:12.03; text=这两天他还跟燕红那儿拉拉扯扯的 || file=E38.txt; line_id=411; start=00:16:56.28; end=00:16:59.94; text=我跟燕红约好了 陪她去买衣服去 || file=E38.txt; line_id=439; start=00:18:11.19; end=00:18:12.65; text=赶紧地就跟燕红 || file=E38.txt; line_id=459; start=00:18:49.39; end=00:18:51.06; text=你跟燕红也结婚了
Yanhong（燕红）,郑燕红,4,likely_valid_alias,全名，多处明确。；evidence_count=5；定位证据：file=E03.txt; line_id=159; start=00:07:17.15; end=00:07:18.54; text=郑燕红 || file=E03.txt; line_id=194; start=00:08:45.14; end=00:08:48.48; text=联系人 郑燕红 || file=E14.txt; line_id=446; start=00:18:13.27; end=00:18:15.33; text=老郑那个郑燕红啊 || file=E29.txt; line_id=179; start=00:07:23.92; end=00:07:27.37; text=今天亲切会见了郑燕红同志 || file=E29.txt; line_id=186; start=00:07:47.34; end=00:07:48.81; text=郑燕红这丫头片子
Yanhong（燕红）,郑燕红同志,1,likely_valid_alias,全名+同志，E29 明确。；evidence_count=1；定位证据：file=E29.txt; line_id=179; start=00:07:23.92; end=00:07:27.37; text=今天亲切会见了郑燕红同志
Yanhong（燕红）,燕红妹妹,14,likely_valid_alias,姓名+妹妹，多集稳定指燕红。；evidence_count=14；定位证据：file=E15.txt; line_id=155; start=00:06:17.98; end=00:06:20.00; text=那燕红妹妹要用呢 就拿着用去吧 || file=E15.txt; line_id=162; start=00:06:30.67; end=00:06:32.53; text=反正我们知道燕红妹妹 || file=E15.txt; line_id=179; start=00:07:01.68; end=00:07:03.15; text=燕红妹妹也不会让我们吃亏 是吧 || file=E15.txt; line_id=472; start=00:19:51.39; end=00:19:52.27; text=燕红妹妹来了 || file=E15.txt; line_id=515; start=00:21:52.09; end=00:21:54.98; text=大仁大义呀 燕红妹妹 || file=E37.txt; line_id=389; start=00:15:46.55; end=00:15:48.80; text=燕红妹妹是我今儿请来的 || file=E37.txt; line_id=398; start=00:16:06.13; end=00:16:08.53; text=燕红妹妹 赶紧坐这儿 || file=E38.txt; line_id=52; start=00:02:41.96; end=00:02:43.64; text=燕红妹妹 成 || file=E38.txt; line_id=89; start=00:04:16.03; end=00:04:17.04; text=燕红妹妹 || file=E38.txt; line_id=90; start=00:04:17.17; end=00:04:18.35; text=燕红妹妹 || file=E38.txt; line_id=91; start=00:04:18.47; end=00:04:20.23; text=燕红妹妹 || file=E38.txt; line_id=319; start=00:13:06.30; end=00:13:09.52; text=燕红妹妹 我来了 || file=E38.txt; line_id=322; start=00:13:23.46; end=00:13:24.63; text=燕红妹妹 || file=E38.txt; line_id=351; start=00:14:32.78; end=00:14:33.89; text=燕红妹妹
Yanhong（燕红）,燕红阿姨,3,likely_valid_alias,姓名+阿姨，E04/E38 明确。；evidence_count=3；定位证据：file=E04.txt; line_id=332; start=00:14:17.23; end=00:14:18.70; text=看你燕红阿姨在没在家 || file=E04.txt; line_id=335; start=00:14:22.30; end=00:14:24.64; text=燕红阿姨没在家 || file=E38.txt; line_id=94; start=00:04:24.67; end=00:04:28.32; text=这回燕红阿姨她当不成后妈了呀
Others,余大妈,33,likely_valid_alias,反复出现的邻里配角称呼。 按任务规则，次要角色姓名/别名统一归入 Others。；evidence_count=33；定位证据：file=E01.txt; line_id=197; start=00:08:16.19; end=00:08:20.27; text=包括咱们家属委员会的余大妈 || file=E01.txt; line_id=444; start=00:18:34.66; end=00:18:36.08; text=你余大妈他们几家 || file=E03.txt; line_id=11; start=00:00:37.54; end=00:00:40.77; text=你余大妈非得让我去听一听 || file=E06.txt; line_id=263; start=00:11:25.30; end=00:11:27.92; text=那天早晨 她和那个余大妈 || file=E06.txt; line_id=265; start=00:11:31.00; end=00:11:32.77; text=余大妈那人你们也知道 || file=E09.txt; line_id=339; start=00:13:34.62; end=00:13:37.95; text=人家余大妈送耗子药来 他愣不要 || file=E09.txt; line_id=341; start=00:13:41.48; end=00:13:42.98; text=我倒不是怕被余大妈发现 || file=E10.txt; line_id=11; start=00:00:31.41; end=00:00:33.44; text=咱跟余大妈要点儿耗子药算了 || file=E13.txt; line_id=50; start=00:02:10.65; end=00:02:11.24; text=余大妈来啦 || file=E14.txt; line_id=435; start=00:17:52.33; end=00:17:54.04; text=余大妈 余大妈 || file=E22.txt; line_id=81; start=00:03:54.56; end=00:03:56.39; text=余大妈 || file=E22.txt; line_id=88; start=00:04:07.81; end=00:04:09.38; text=你说这余大妈也是 || file=E22.txt; line_id=93; start=00:04:18.53; end=00:04:20.52; text=还 还是余大妈 || file=E22.txt; line_id=159; start=00:07:50.66; end=00:07:51.44; text=余大妈 || file=E22.txt; line_id=160; start=00:07:51.59; end=00:07:53.51; text=又是余大妈 || file=E22.txt; line_id=161; start=00:07:54.04; end=00:07:57.09; text=余大妈说 居委会有位奶奶找您 || file=E27.txt; line_id=2; start=00:00:08.96; end=00:00:10.31; text=余大妈 坐下吃点啊 || file=E27.txt; line_id=10; start=00:00:28.31; end=00:00:29.55; text=余大妈 || file=E27.txt; line_id=45; start=00:01:55.51; end=00:01:56.52; text=余大妈 || file=E27.txt; line_id=127; start=00:05:42.21; end=00:05:43.36; text=余大妈 || file=E27.txt; line_id=160; start=00:07:04.36; end=00:07:06.27; text=余大妈 我对不起我说走嘴了 || file=E27.txt; line_id=168; start=00:07:23.80; end=00:07:26.44; text=对不对 余大妈 || file=E28.txt; line_id=8; start=00:00:23.50; end=00:00:26.23; text=就差点儿让你余大妈给抓住 || file=E28.txt; line_id=54; start=00:02:06.55; end=00:02:08.30; text=哟 余大妈 || file=E28.txt; line_id=66; start=00:02:33.61; end=00:02:35.92; text=余大妈 您还嫌咱这楼道里头不够乱 || file=E28.txt; line_id=107; start=00:04:20.26; end=00:04:22.04; text=走啦 余大妈 || file=E28.txt; line_id=469; start=00:23:10.81; end=00:23:12.41; text=余大妈 || file=E29.txt; line_id=127; start=00:05:13.35; end=00:05:15.34; text=余大妈同志 || file=E30.txt; line_id=314; start=00:15:34.11; end=00:15:35.07; text=余大妈 || file=E30.txt; line_id=322; start=00:15:52.30; end=00:15:54.08; text=余大妈 给您十块钱 || file=E30.txt; line_id=444; start=00:21:48.13; end=00:21:49.19; text=不是 余大妈您 || file=E32.txt; line_id=249; start=00:11:11.49; end=00:11:13.42; text=刚才我下班回来碰上余大妈 || file=E32.txt; line_id=252; start=00:11:16.67; end=00:11:19.79; text=余大妈你就不要躲了嘛
Others,余大妈同志,1,likely_valid_alias,姓名式称呼+同志。 按任务规则，次要角色姓名/别名统一归入 Others。；evidence_count=1；定位证据：file=E29.txt; line_id=127; start=00:05:13.35; end=00:05:15.34; text=余大妈同志
Others,余主任,2,likely_valid_alias,居委会职务称呼。 按任务规则，次要角色姓名/别名统一归入 Others。；evidence_count=2；定位证据：file=E06.txt; line_id=366; start=00:15:35.44; end=00:15:37.62; text=我已经跟居委会余主任反映了 || file=E10.txt; line_id=438; start=00:19:01.83; end=00:19:03.85; text=余主任她们居委会的光荣
Others,余奶奶,2,likely_valid_alias,圆圆等对余大妈一辈人物的称呼。 按任务规则，次要角色姓名/别名统一归入 Others。；evidence_count=2；定位证据：file=E09.txt; line_id=423; start=00:17:00.75; end=00:17:02.87; text=您要和郑爷爷余奶奶他们 || file=E24.txt; line_id=321; start=00:14:30.70; end=00:14:33.24; text=爷爷 余奶奶
Others,老郑,36,likely_valid_alias,人工核查确认：“老郑”指郑千里；按次要角色统一归入 Others。；evidence_count=36；定位证据：file=E01.txt; line_id=443; start=00:18:32.20; end=00:18:34.53; text=也可以让老郑 || file=E09.txt; line_id=98; start=00:03:30.13; end=00:03:32.68; text=我先给老郑他们家去挂两天得了 || file=E09.txt; line_id=201; start=00:07:48.53; end=00:07:51.17; text=比如说 老郑同志家 || file=E10.txt; line_id=264; start=00:11:39.46; end=00:11:42.62; text=生怕让老郑小余他们给看见 || file=E10.txt; line_id=415; start=00:18:06.60; end=00:18:07.24; text=老郑 || file=E10.txt; line_id=440; start=00:19:09.20; end=00:19:10.47; text=老郑啊 || file=E13.txt; line_id=71; start=00:02:55.35; end=00:02:56.70; text=老郑 别走啊 || file=E13.txt; line_id=72; start=00:02:56.85; end=00:03:00.00; text=老郑 你还没交钱呢 || file=E14.txt; line_id=445; start=00:18:10.83; end=00:18:13.10; text=我这就到老郑家里去 || file=E14.txt; line_id=446; start=00:18:13.27; end=00:18:15.33; text=老郑那个郑燕红啊 || file=E15.txt; line_id=363; start=00:15:01.83; end=00:15:05.79; text=完后再找这个老郑 小余 || file=E24.txt; line_id=209; start=00:09:12.77; end=00:09:14.65; text=连老郑那种顽固分子 || file=E27.txt; line_id=107; start=00:04:50.03; end=00:04:51.25; text=你跟老郑俩人呐 || file=E27.txt; line_id=111; start=00:04:58.89; end=00:05:02.72; text=怎么回事 这个老郑他也参加 || file=E27.txt; line_id=114; start=00:05:08.90; end=00:05:11.54; text=那老郑还不就是个摆设嘛 || file=E27.txt; line_id=169; start=00:07:26.91; end=00:07:29.60; text=老傅老郑的条件呀 都不错 || file=E27.txt; line_id=191; start=00:08:27.17; end=00:08:30.27; text=英雄啊 老郑 || file=E27.txt; line_id=251; start=00:11:13.13; end=00:11:17.86; text=我对老郑的关怀爱护得也很不够 || file=E27.txt; line_id=289; start=00:13:21.87; end=00:13:23.85; text=这个老郑 || file=E28.txt; line_id=64; start=00:02:27.60; end=00:02:30.95; text=你戒烟 老郑戒酒 || file=E28.txt; line_id=69; start=00:02:40.82; end=00:02:43.42; text=老郑和老傅啊 是带了个好头儿 || file=E28.txt; line_id=82; start=00:03:17.57; end=00:03:22.11; text=这个 老郑那边有什么动静没有 || file=E28.txt; line_id=83; start=00:03:22.99; end=00:03:25.72; text=老郑这回可下了狠心啦 || file=E28.txt; line_id=87; start=00:03:32.44; end=00:03:35.88; text=这个老郑 专门跟我作对 || file=E28.txt; line_id=191; start=00:09:17.29; end=00:09:20.49; text=这位 这位是老郑吗 || file=E28.txt; line_id=196; start=00:09:35.77; end=00:09:37.64; text=这个 老郑啊 || file=E28.txt; line_id=256; start=00:12:49.42; end=00:12:50.91; text=老郑啊 || file=E28.txt; line_id=310; start=00:15:32.16; end=00:15:34.18; text=老郑啊 || file=E28.txt; line_id=379; start=00:18:18.60; end=00:18:20.91; text=也斗不过老郑 || file=E28.txt; line_id=399; start=00:19:03.54; end=00:19:05.43; text=老郑啊老郑 || file=E28.txt; line_id=423; start=00:20:27.50; end=00:20:30.02; text=并祝老郑同志 || file=E29.txt; line_id=11; start=00:00:24.25; end=00:00:27.08; text=后来我又上老郑家去串了个门儿 || file=E30.txt; line_id=417; start=00:20:24.18; end=00:20:26.94; text=老郑 来呀老郑 || file=E30.txt; line_id=429; start=00:21:02.09; end=00:21:04.51; text=慢走啊 老郑 || file=E36.txt; line_id=40; start=00:02:50.81; end=00:02:53.12; text=老郑啊 哎呀 || file=E36.txt; line_id=51; start=00:03:25.28; end=00:03:28.15; text=老郑的电话我记它干嘛
Others,老郑同志,2,likely_valid_alias,老郑+同志。 按任务规则，次要角色姓名/别名统一归入 Others。；evidence_count=2；定位证据：file=E09.txt; line_id=201; start=00:07:48.53; end=00:07:51.17; text=比如说 老郑同志家 || file=E28.txt; line_id=423; start=00:20:27.50; end=00:20:30.02; text=并祝老郑同志
Others,郑千里,1,likely_valid_alias,E27/E28/E29 明确全名。 按任务规则，次要角色姓名/别名统一归入 Others。；evidence_count=6；定位证据：file=E27.txt; line_id=243; start=00:10:47.61; end=00:10:51.80; text=每一次约郑千里同志去打球下棋 || file=E27.txt; line_id=254; start=00:11:26.15; end=00:11:27.71; text=我还看见郑千里同志 || file=E27.txt; line_id=266; start=00:11:59.88; end=00:12:02.16; text=而郑千里同志呢 || file=E27.txt; line_id=527; start=00:24:30.19; end=00:24:32.99; text=好你个郑千里 || file=E28.txt; line_id=420; start=00:20:09.15; end=00:20:13.83; text=光荣的戒酒战士 郑千里同志 || file=E29.txt; line_id=212; start=00:08:50.51; end=00:08:52.66; text=亲切会见了郑千里同志
Others,郑千里同志,5,likely_valid_alias,全名+同志。 按任务规则，次要角色姓名/别名统一归入 Others。；evidence_count=5；定位证据：file=E27.txt; line_id=243; start=00:10:47.61; end=00:10:51.80; text=每一次约郑千里同志去打球下棋 || file=E27.txt; line_id=254; start=00:11:26.15; end=00:11:27.71; text=我还看见郑千里同志 || file=E27.txt; line_id=266; start=00:11:59.88; end=00:12:02.16; text=而郑千里同志呢 || file=E28.txt; line_id=420; start=00:20:09.15; end=00:20:13.83; text=光荣的戒酒战士 郑千里同志 || file=E29.txt; line_id=212; start=00:08:50.51; end=00:08:52.66; text=亲切会见了郑千里同志
Others,郑伯伯,5,likely_valid_alias,对郑千里的称呼。 按任务规则，次要角色姓名/别名统一归入 Others。；evidence_count=5；定位证据：file=E27.txt; line_id=172; start=00:07:35.27; end=00:07:38.30; text=你让我爸跟郑伯伯竞争 || file=E27.txt; line_id=312; start=00:14:25.98; end=00:14:29.95; text=您就能够轻易地击败郑伯伯 || file=E27.txt; line_id=499; start=00:23:19.20; end=00:23:21.56; text=您怎么能跟人家郑伯伯竞争啊 || file=E28.txt; line_id=91; start=00:03:44.27; end=00:03:45.60; text=我瞅着郑伯伯这次 || file=E28.txt; line_id=464; start=00:22:57.69; end=00:23:00.31; text=你郑伯伯那边怎么样啦
Others,郑爷爷,4,likely_valid_alias,对郑千里的称呼。 按任务规则，次要角色姓名/别名统一归入 Others。；evidence_count=4；定位证据：file=E04.txt; line_id=331; start=00:14:15.05; end=00:14:17.07; text=你到隔壁郑爷爷家去一趟 || file=E04.txt; line_id=334; start=00:14:20.32; end=00:14:22.15; text=不用了 我刚给郑爷爷送晚报 || file=E09.txt; line_id=423; start=00:17:00.75; end=00:17:02.87; text=您要和郑爷爷余奶奶他们 || file=E30.txt; line_id=416; start=00:20:20.65; end=00:20:22.51; text=郑爷爷
Others,郑老人,1,likely_valid_alias,E27 对郑千里的敬称。 按任务规则，次要角色姓名/别名统一归入 Others。；evidence_count=1；定位证据：file=E27.txt; line_id=144; start=00:06:21.96; end=00:06:24.79; text=你们瞧瞧这位郑老人
Others,齐大姨,5,likely_valid_alias,E06 的配角称呼。 按任务规则，次要角色姓名/别名统一归入 Others。；evidence_count=4；定位证据：file=E06.txt; line_id=118; start=00:05:00.76; end=00:05:03.41; text=我想把你齐大姨说给他 || file=E06.txt; line_id=120; start=00:05:05.30; end=00:05:08.07; text=齐大姨 哪个齐大姨呀 || file=E06.txt; line_id=135; start=00:05:42.38; end=00:05:45.63; text=这齐大姨 解放初期是军代表 || file=E06.txt; line_id=218; start=00:09:03.18; end=00:09:07.57; text=我妈呀 正要把这齐大姨说给您呢
Others,齐大姐,3,likely_valid_alias,E06 的配角称呼。 按任务规则，次要角色姓名/别名统一归入 Others。；evidence_count=3；定位证据：file=E06.txt; line_id=151; start=00:06:24.96; end=00:06:27.44; text=那齐大姐是打着来看我 || file=E06.txt; line_id=162; start=00:06:49.74; end=00:06:53.49; text=是我们剧团的一个齐大姐 || file=E06.txt; line_id=209; start=00:08:41.57; end=00:08:44.66; text=这位齐大姐呀 跟您是一路人
Others,小史姑娘,5,likely_valid_alias,E06 配角称呼。 按任务规则，次要角色姓名/别名统一归入 Others。；evidence_count=5；定位证据：file=E06.txt; line_id=2; start=00:00:17.75; end=00:00:20.36; text=这是我们街坊家的小史姑娘 || file=E06.txt; line_id=12; start=00:00:38.64; end=00:00:40.07; text=我们小史姑娘啊 || file=E06.txt; line_id=17; start=00:00:50.51; end=00:00:51.75; text=我们小史姑娘啊 || file=E06.txt; line_id=63; start=00:02:39.77; end=00:02:42.34; text=小史姑娘啊 今年三十八岁 || file=E06.txt; line_id=157; start=00:06:39.69; end=00:06:41.15; text=要是那个小史姑娘
Others,史大妈,1,likely_valid_alias,E06 配角称呼。 按任务规则，次要角色姓名/别名统一归入 Others。；evidence_count=1；定位证据：file=E06.txt; line_id=94; start=00:04:06.16; end=00:04:07.87; text=也怨你史大妈
Others,老和同志,8,likely_valid_alias,和平母亲的称呼，属于配角。 按任务规则，次要角色姓名/别名统一归入 Others。；evidence_count=8；定位证据：file=E05.txt; line_id=111; start=00:05:05.84; end=00:05:07.58; text=老和同志 您也好吧 || file=E05.txt; line_id=136; start=00:06:20.20; end=00:06:21.34; text=老和同志 || file=E05.txt; line_id=172; start=00:07:34.57; end=00:07:36.66; text=别别别 老和同志 || file=E05.txt; line_id=191; start=00:08:21.18; end=00:08:23.62; text=老和同志 您这个勤学苦练 || file=E05.txt; line_id=236; start=00:11:34.14; end=00:11:35.52; text=对不起 老和同志 || file=E05.txt; line_id=240; start=00:12:02.48; end=00:12:05.22; text=老和同志 快请坐吧 || file=E05.txt; line_id=267; start=00:13:26.29; end=00:13:27.39; text=老和同志 || file=E05.txt; line_id=284; start=00:14:02.50; end=00:14:06.08; text=老和同志 您赶快歇着吧
Others,杨晶晶,1,likely_valid_alias,E04 明确全名。 按任务规则，次要角色姓名/别名统一归入 Others。；evidence_count=2；定位证据：file=E04.txt; line_id=309; start=00:13:22.15; end=00:13:24.64; text=诸位 杨晶晶 || file=E04.txt; line_id=359; start=00:15:36.29; end=00:15:39.82; text=这位就是杨晶晶同志吧
Others,晶晶,1,likely_valid_alias,杨晶晶的简称。 按任务规则，次要角色姓名/别名统一归入 Others。；evidence_count=4；定位证据：file=E04.txt; line_id=309; start=00:13:22.15; end=00:13:24.64; text=诸位 杨晶晶 || file=E04.txt; line_id=319; start=00:13:48.23; end=00:13:50.17; text=晶晶 这是我大嫂 || file=E04.txt; line_id=359; start=00:15:36.29; end=00:15:39.82; text=这位就是杨晶晶同志吧 || file=E04.txt; line_id=374; start=00:16:23.56; end=00:16:25.24; text=晶晶同志
Others,晶晶同志,2,likely_valid_alias,杨晶晶的称呼。 按任务规则，次要角色姓名/别名统一归入 Others。；evidence_count=2；定位证据：file=E04.txt; line_id=359; start=00:15:36.29; end=00:15:39.82; text=这位就是杨晶晶同志吧 || file=E04.txt; line_id=374; start=00:16:23.56; end=00:16:25.24; text=晶晶同志
Others,马芳芳,1,likely_valid_alias,E04 明确给出。 按任务规则，次要角色姓名/别名统一归入 Others。；evidence_count=1；定位证据：file=E04.txt; line_id=155; start=00:07:10.89; end=00:07:13.21; text=马小姐 马芳芳
Others,马小姐,4,likely_valid_alias,E04 对马芳芳的称呼。 按任务规则，次要角色姓名/别名统一归入 Others。；evidence_count=4；定位证据：file=E04.txt; line_id=155; start=00:07:10.89; end=00:07:13.21; text=马小姐 马芳芳 || file=E04.txt; line_id=188; start=00:08:17.95; end=00:08:19.77; text=还是马小姐说的对 || file=E26.txt; line_id=109; start=00:04:06.90; end=00:04:07.61; text=马小姐 || file=E26.txt; line_id=140; start=00:05:12.37; end=00:05:12.88; text=马小姐
Others,余小姐,2,likely_valid_alias,E04 台词中的配角姓名式称呼。 按任务规则，次要角色姓名/别名统一归入 Others。；evidence_count=2；定位证据：file=E04.txt; line_id=72; start=00:04:00.57; end=00:04:02.83; text=芭蕾舞团的余小姐吗 || file=E04.txt; line_id=73; start=00:04:03.00; end=00:04:05.02; text=什么就余小姐呀
Others,侯小姐,2,likely_valid_alias,E04 台词中的配角姓名式称呼。 按任务规则，次要角色姓名/别名统一归入 Others。；evidence_count=2；定位证据：file=E04.txt; line_id=75; start=00:04:07.04; end=00:04:09.15; text=侯小姐 || file=E04.txt; line_id=77; start=00:04:12.05; end=00:04:14.07; text=哪儿又蹦出一侯小姐呀
Others,牛小姐,1,likely_valid_alias,E04 台词中的配角姓名式称呼。 按任务规则，次要角色姓名/别名统一归入 Others。；evidence_count=1；定位证据：file=E04.txt; line_id=81; start=00:04:19.68; end=00:04:22.05; text=人家是牛小姐
Others,朱小姐,1,likely_valid_alias,E04 台词中的配角姓名式称呼。 按任务规则，次要角色姓名/别名统一归入 Others。；evidence_count=1；定位证据：file=E04.txt; line_id=79; start=00:04:15.23; end=00:04:17.23; text=朱小姐
Others,周厂长,3,likely_valid_alias,E07 配角职称称呼。 按任务规则，次要角色姓名/别名统一归入 Others。；evidence_count=3；定位证据：file=E07.txt; line_id=35; start=00:02:19.76; end=00:02:24.15; text=哦哦周厂长 您好您好 || file=E07.txt; line_id=36; start=00:02:24.29; end=00:02:26.47; text=您是哪个周厂长啊 || file=E07.txt; line_id=185; start=00:09:10.51; end=00:09:12.73; text=往周厂长那儿一交
Others,胡总,2,likely_valid_alias,E07 配角职称称呼。 按任务规则，次要角色姓名/别名统一归入 Others。；evidence_count=2；定位证据：file=E07.txt; line_id=50; start=00:03:07.97; end=00:03:11.57; text=请银河公司胡总听电话 || file=E11.txt; line_id=484; start=00:20:43.74; end=00:20:48.07; text=我在银河公司胡总那儿玩拱猪
Others,刘建军,5,likely_valid_alias,E08 自报全名。 按任务规则，次要角色姓名/别名统一归入 Others。；evidence_count=6；定位证据：file=E08.txt; line_id=88; start=00:04:16.92; end=00:04:21.42; text=我免贵 我姓刘 我叫刘建军 || file=E08.txt; line_id=298; start=00:13:29.28; end=00:13:31.34; text=刘建军 你 || file=E08.txt; line_id=325; start=00:14:49.87; end=00:14:51.40; text=那刘建军能到我手里 || file=E08.txt; line_id=331; start=00:15:03.22; end=00:15:04.41; text=刘建军为啥子没来 || file=E08.txt; line_id=343; start=00:15:23.23; end=00:15:25.30; text=刘建军身负绝技 || file=E08.txt; line_id=354; start=00:15:49.46; end=00:15:54.49; text=我也将永远活在刘建军同志的心中
Others,刘建军同志,1,likely_valid_alias,E08 后续正式称呼。 按任务规则，次要角色姓名/别名统一归入 Others。；evidence_count=1；定位证据：file=E08.txt; line_id=354; start=00:15:49.46; end=00:15:54.49; text=我也将永远活在刘建军同志的心中
Others,小刘,14,likely_valid_alias,E09/E25 等对刘建军的简称。 按任务规则，次要角色姓名/别名统一归入 Others。；evidence_count=14；定位证据：file=E08.txt; line_id=127; start=00:06:23.13; end=00:06:25.27; text=我们这儿正夸你这位小刘呢 || file=E08.txt; line_id=137; start=00:06:43.75; end=00:06:45.71; text=是不是跟小刘闹别扭了 || file=E08.txt; line_id=138; start=00:06:45.84; end=00:06:48.90; text=小刘欺负你了 || file=E08.txt; line_id=153; start=00:07:21.35; end=00:07:23.08; text=小刘他妈来了 || file=E08.txt; line_id=160; start=00:07:38.95; end=00:07:41.48; text=这小刘是结了婚的呀他 || file=E08.txt; line_id=246; start=00:11:17.14; end=00:11:19.61; text=小刘是不瘦 || file=E08.txt; line_id=421; start=00:19:09.26; end=00:19:11.94; text=小刘问起过没有小张情况什么的呀 || file=E09.txt; line_id=4; start=00:00:15.45; end=00:00:17.00; text=不是跟那个叫什么小刘的 || file=E25.txt; line_id=79; start=00:02:53.37; end=00:02:54.49; text=小张跟小刘那事儿 || file=E25.txt; line_id=170; start=00:06:56.64; end=00:06:58.61; text=当初我和小刘哥 || file=E25.txt; line_id=172; start=00:06:59.79; end=00:07:01.39; text=你就先别提你跟小刘哥 || file=E25.txt; line_id=261; start=00:10:40.42; end=00:10:45.77; text=我 我是怕你重犯我和小刘的错误 || file=E30.txt; line_id=339; start=00:16:44.27; end=00:16:46.75; text=拿去 送给胡同口儿炸油条的小刘 || file=E30.txt; line_id=341; start=00:16:49.16; end=00:16:50.92; text=别忘了告诉小刘啊
Others,丽达,3,likely_valid_alias,E11/E12 配角名。 按任务规则，次要角色姓名/别名统一归入 Others。；evidence_count=8；定位证据：file=E11.txt; line_id=67; start=00:03:10.08; end=00:03:11.52; text=丽达小姐 || file=E11.txt; line_id=287; start=00:12:19.82; end=00:12:21.32; text=丽达姑娘 || file=E11.txt; line_id=289; start=00:12:22.42; end=00:12:24.00; text=那个 丽达姑娘 || file=E12.txt; line_id=232; start=00:10:08.03; end=00:10:11.13; text=这就是我常说的丽达小姐 || file=E12.txt; line_id=244; start=00:10:47.93; end=00:10:49.48; text=丽达 || file=E12.txt; line_id=293; start=00:12:53.97; end=00:12:56.06; text=丽达 谢谢您 || file=E12.txt; line_id=329; start=00:13:58.27; end=00:14:01.11; text=我送给丽达小姐了 || file=E12.txt; line_id=333; start=00:14:07.26; end=00:14:08.88; text=丽达
Others,丽达小姐,3,likely_valid_alias,姓名+小姐。 按任务规则，次要角色姓名/别名统一归入 Others。；evidence_count=3；定位证据：file=E11.txt; line_id=67; start=00:03:10.08; end=00:03:11.52; text=丽达小姐 || file=E12.txt; line_id=232; start=00:10:08.03; end=00:10:11.13; text=这就是我常说的丽达小姐 || file=E12.txt; line_id=329; start=00:13:58.27; end=00:14:01.11; text=我送给丽达小姐了
Others,丽达姑娘,2,likely_valid_alias,姓名+姑娘。 按任务规则，次要角色姓名/别名统一归入 Others。；evidence_count=2；定位证据：file=E11.txt; line_id=287; start=00:12:19.82; end=00:12:21.32; text=丽达姑娘 || file=E11.txt; line_id=289; start=00:12:22.42; end=00:12:24.00; text=那个 丽达姑娘
Others,李永福,1,likely_valid_alias,E11 明确“这个人叫李永福”。 按任务规则，次要角色姓名/别名统一归入 Others。；evidence_count=1；定位证据：file=E11.txt; line_id=369; start=00:15:42.79; end=00:15:44.58; text=这个人叫李永福
Others,苏局长,1,likely_valid_alias,E11 配角职称称呼。 按任务规则，次要角色姓名/别名统一归入 Others。；evidence_count=1；定位证据：file=E11.txt; line_id=434; start=00:18:33.11; end=00:18:35.74; text=那苏局长 好吧
Others,杨先生,1,likely_valid_alias,E12 呼机/电话场景配角称呼。 按任务规则，次要角色姓名/别名统一归入 Others。；evidence_count=1；定位证据：file=E12.txt; line_id=236; start=00:10:23.98; end=00:10:26.90; text=喂 请问哪位杨先生呼叫315啊
Others,段师傅,1,likely_valid_alias,E12 配角称呼。 按任务规则，次要角色姓名/别名统一归入 Others。；evidence_count=1；定位证据：file=E12.txt; line_id=351; start=00:15:06.73; end=00:15:09.60; text=对 我找段师傅
Others,小许,5,likely_valid_alias,E13 片儿警称呼。 按任务规则，次要角色姓名/别名统一归入 Others。；evidence_count=5；定位证据：file=E11.txt; line_id=343; start=00:14:32.22; end=00:14:34.56; text=听小许说 || file=E13.txt; line_id=89; start=00:03:39.61; end=00:03:42.32; text=什么呀 这是咱片儿警小许 || file=E13.txt; line_id=92; start=00:03:44.84; end=00:03:46.55; text=小许 进屋坐会儿吧 || file=E13.txt; line_id=96; start=00:03:50.24; end=00:03:50.85; text=小许这人真不错 || file=E38.txt; line_id=12; start=00:00:42.95; end=00:00:44.44; text=跟派出所那小许说了
Others,沈旭佳,1,likely_valid_alias,E13 明确“同学 叫沈旭佳”。 按任务规则，次要角色姓名/别名统一归入 Others。；evidence_count=1；定位证据：file=E13.txt; line_id=396; start=00:17:14.29; end=00:17:18.10; text=小凡她们同宿舍那同学 叫沈旭佳
Others,刘爱锋,1,likely_valid_alias,E16 明确自报“我叫刘爱锋”。 按任务规则，次要角色姓名/别名统一归入 Others。；evidence_count=1；定位证据：file=E16.txt; line_id=217; start=00:08:15.83; end=00:08:19.54; text=警察叔叔 我叫刘爱锋
Others,纪春生,6,likely_valid_alias,E17 明确介绍全名。 按任务规则，次要角色姓名/别名统一归入 Others。；evidence_count=8；定位证据：file=E17.txt; line_id=47; start=00:01:57.13; end=00:01:59.73; text=这位是纪春生同志 || file=E17.txt; line_id=48; start=00:01:59.87; end=00:02:02.12; text=纪春生同志啊 || file=E17.txt; line_id=268; start=00:11:55.75; end=00:11:58.26; text=我纪春生人穷志不短 || file=E17.txt; line_id=315; start=00:14:01.56; end=00:14:03.75; text=纪春生 你活糊涂了吧 || file=E18.txt; line_id=38; start=00:01:29.18; end=00:01:31.98; text=舍不得纪春生 抓不住老姑娘 || file=E18.txt; line_id=64; start=00:02:36.72; end=00:02:39.87; text=我纪春生心里好喜欢 || file=E18.txt; line_id=143; start=00:06:08.30; end=00:06:09.61; text=纪春生 || file=E18.txt; line_id=355; start=00:14:53.29; end=00:14:56.19; text=纪春生 你又流窜到这儿来了
Others,纪春生同志,2,likely_valid_alias,全名+同志。 按任务规则，次要角色姓名/别名统一归入 Others。；evidence_count=2；定位证据：file=E17.txt; line_id=47; start=00:01:57.13; end=00:01:59.73; text=这位是纪春生同志 || file=E17.txt; line_id=48; start=00:01:59.87; end=00:02:02.12; text=纪春生同志啊
Others,纪同志,1,likely_valid_alias,对纪春生的简称。 按任务规则，次要角色姓名/别名统一归入 Others。；evidence_count=1；定位证据：file=E17.txt; line_id=95; start=00:03:45.55; end=00:03:47.16; text=正是这位纪同志
Others,春生,18,likely_valid_alias,纪春生的名。 按任务规则，次要角色姓名/别名统一归入 Others。；evidence_count=26；定位证据：file=E17.txt; line_id=47; start=00:01:57.13; end=00:01:59.73; text=这位是纪春生同志 || file=E17.txt; line_id=48; start=00:01:59.87; end=00:02:02.12; text=纪春生同志啊 || file=E17.txt; line_id=104; start=00:04:02.51; end=00:04:05.19; text=人家春生还直个劲给我道对不起 || file=E17.txt; line_id=108; start=00:04:13.07; end=00:04:15.97; text=春生 甭着急 你慢慢吃 || file=E17.txt; line_id=128; start=00:04:52.88; end=00:04:55.28; text=人家春生 为执着追求 || file=E17.txt; line_id=149; start=00:05:40.00; end=00:05:42.80; text=春生 着什么急呀 吃饱为止 || file=E17.txt; line_id=157; start=00:06:00.95; end=00:06:01.55; text=春生 || file=E17.txt; line_id=170; start=00:06:26.70; end=00:06:28.82; text=春生 我给你介绍介绍 || file=E17.txt; line_id=268; start=00:11:55.75; end=00:11:58.26; text=我纪春生人穷志不短 || file=E17.txt; line_id=297; start=00:13:15.57; end=00:13:19.82; text=你说说你就这么把人春生给轰走了 || file=E17.txt; line_id=304; start=00:13:40.49; end=00:13:42.32; text=春生 你不是 || file=E17.txt; line_id=315; start=00:14:01.56; end=00:14:03.75; text=纪春生 你活糊涂了吧 || file=E17.txt; line_id=325; start=00:14:24.81; end=00:14:25.87; text=春生啊 || file=E17.txt; line_id=342; start=00:15:12.58; end=00:15:14.70; text=春生 坚强起来 || file=E17.txt; line_id=426; start=00:18:48.43; end=00:18:51.82; text=能源问题让春生一人全解决了 || file=E17.txt; line_id=434; start=00:19:09.21; end=00:19:12.62; text=春生一人单练就齐了 || file=E17.txt; line_id=452; start=00:19:48.40; end=00:19:50.86; text=春生 我们可待你不薄 || file=E18.txt; line_id=38; start=00:01:29.18; end=00:01:31.98; text=舍不得纪春生 抓不住老姑娘 || file=E18.txt; line_id=64; start=00:02:36.72; end=00:02:39.87; text=我纪春生心里好喜欢 || file=E18.txt; line_id=87; start=00:03:29.92; end=00:03:31.83; text=春生 春生 这么着 || file=E18.txt; line_id=96; start=00:03:58.37; end=00:03:59.86; text=春生 || file=E18.txt; line_id=97; start=00:04:00.00; end=00:04:03.55; text=春生 你过来瞅瞅我写的成吗 || file=E18.txt; line_id=143; start=00:06:08.30; end=00:06:09.61; text=纪春生 || file=E18.txt; line_id=208; start=00:08:57.26; end=00:09:00.69; text=二混…呃 春生同志 || file=E18.txt; line_id=295; start=00:12:15.16; end=00:12:18.21; text=春生为即将到来的新生活而激动的 || file=E18.txt; line_id=355; start=00:14:53.29; end=00:14:56.19; text=纪春生 你又流窜到这儿来了
Others,春生同志,1,likely_valid_alias,名+同志。 按任务规则，次要角色姓名/别名统一归入 Others。；evidence_count=3；定位证据：file=E17.txt; line_id=47; start=00:01:57.13; end=00:01:59.73; text=这位是纪春生同志 || file=E17.txt; line_id=48; start=00:01:59.87; end=00:02:02.12; text=纪春生同志啊 || file=E18.txt; line_id=208; start=00:08:57.26; end=00:09:00.69; text=二混…呃 春生同志
Others,二混子,10,likely_valid_alias,E18 对纪春生的旧/贬义称呼。 按任务规则，次要角色姓名/别名统一归入 Others。；evidence_count=10；定位证据：file=E18.txt; line_id=110; start=00:04:45.63; end=00:04:46.19; text=二混子 || file=E18.txt; line_id=144; start=00:06:09.77; end=00:06:11.17; text=二混子 || file=E18.txt; line_id=145; start=00:06:11.30; end=00:06:13.70; text=二混子 || file=E18.txt; line_id=182; start=00:07:51.89; end=00:07:54.01; text=二混子 || file=E18.txt; line_id=204; start=00:08:48.19; end=00:08:50.24; text=二混子 || file=E18.txt; line_id=279; start=00:11:43.47; end=00:11:44.82; text=二混子 || file=E18.txt; line_id=307; start=00:12:54.36; end=00:12:57.64; text=不然啊 又都落那二混子肚子里去 || file=E18.txt; line_id=311; start=00:13:04.05; end=00:13:06.63; text=一个二混子就把你们吓成这个样子 || file=E18.txt; line_id=336; start=00:14:14.46; end=00:14:17.33; text=二混子 这一下午干嘛去啦 || file=E18.txt; line_id=348; start=00:14:43.65; end=00:14:44.50; text=二混子
Others,司马大师,3,likely_valid_alias,E19 配角称呼。 按任务规则，次要角色姓名/别名统一归入 Others。；evidence_count=3；定位证据：file=E19.txt; line_id=269; start=00:13:45.31; end=00:13:49.14; text=紫霞功的掌门人 司马大师 || file=E19.txt; line_id=331; start=00:17:22.95; end=00:17:26.47; text=要叫大师 司马大师啊 || file=E19.txt; line_id=363; start=00:18:49.68; end=00:18:52.09; text=司马大师啊
Others,司马同志,1,likely_valid_alias,E19 配角称呼。 按任务规则，次要角色姓名/别名统一归入 Others。；evidence_count=1；定位证据：file=E19.txt; line_id=430; start=00:21:40.25; end=00:21:41.47; text=司马同志
Others,司马老师,1,likely_valid_alias,E19 配角称呼。 按任务规则，次要角色姓名/别名统一归入 Others。；evidence_count=1；定位证据：file=E19.txt; line_id=329; start=00:17:17.29; end=00:17:19.11; text=司马老师
Others,文怡,16,likely_valid_alias,E22 傅老旧同学姓名。 按任务规则，次要角色姓名/别名统一归入 Others。；evidence_count=18；定位证据：file=E22.txt; line_id=26; start=00:01:07.03; end=00:01:09.55; text=好像是说叫什么文怡 || file=E22.txt; line_id=51; start=00:02:10.32; end=00:02:13.09; text=好像叫什么文怡什么的 || file=E22.txt; line_id=52; start=00:02:15.24; end=00:02:17.40; text=你说什么 文怡 || file=E22.txt; line_id=59; start=00:02:26.89; end=00:02:29.82; text=你快说 文怡她现在在哪里 || file=E22.txt; line_id=64; start=00:02:38.92; end=00:02:41.11; text=文怡 || file=E22.txt; line_id=100; start=00:04:40.01; end=00:04:42.72; text=万一那文怡女士要找上门儿来 || file=E22.txt; line_id=128; start=00:06:16.80; end=00:06:18.98; text=文怡 || file=E22.txt; line_id=165; start=00:08:15.24; end=00:08:17.07; text=文怡呀 || file=E22.txt; line_id=178; start=00:09:05.05; end=00:09:08.51; text=文怡 喝茶 || file=E22.txt; line_id=179; start=00:09:15.77; end=00:09:17.39; text=文怡呀 || file=E22.txt; line_id=189; start=00:09:50.71; end=00:09:52.89; text=文怡呀 || file=E22.txt; line_id=214; start=00:11:08.36; end=00:11:10.24; text=文怡 || file=E22.txt; line_id=227; start=00:11:48.22; end=00:11:51.25; text=文怡呀 老同学张了口 || file=E22.txt; line_id=264; start=00:13:44.84; end=00:13:46.09; text=文怡呀 || file=E22.txt; line_id=311; start=00:16:07.38; end=00:16:11.27; text=文怡呀 你千万不能这样做 || file=E22.txt; line_id=355; start=00:18:34.94; end=00:18:40.39; text=这位文怡同志是我的老同学 || file=E22.txt; line_id=363; start=00:18:58.81; end=00:19:03.58; text=这位文怡同志是我的老同学 || file=E22.txt; line_id=380; start=00:19:52.23; end=00:19:54.50; text=文怡 你不要折磨我了
Others,文怡同志,2,likely_valid_alias,姓名+同志。 按任务规则，次要角色姓名/别名统一归入 Others。；evidence_count=2；定位证据：file=E22.txt; line_id=355; start=00:18:34.94; end=00:18:40.39; text=这位文怡同志是我的老同学 || file=E22.txt; line_id=363; start=00:18:58.81; end=00:19:03.58; text=这位文怡同志是我的老同学
Others,春花,16,likely_valid_alias,E23/E24 配角名。 按任务规则，次要角色姓名/别名统一归入 Others。；evidence_count=19；定位证据：file=E23.txt; line_id=90; start=00:04:40.79; end=00:04:42.25; text=我说春花 || file=E23.txt; line_id=156; start=00:08:21.14; end=00:08:22.65; text=春花 走 || file=E23.txt; line_id=159; start=00:08:34.44; end=00:08:35.77; text=春花 || file=E23.txt; line_id=191; start=00:10:15.58; end=00:10:17.80; text=今有宝财春花二人 || file=E23.txt; line_id=258; start=00:13:22.83; end=00:13:24.93; text=春花 || file=E23.txt; line_id=270; start=00:14:02.70; end=00:14:04.62; text=春花姑娘是个热心肠 || file=E23.txt; line_id=300; start=00:15:20.54; end=00:15:22.17; text=春花姑娘她肯定 || file=E23.txt; line_id=302; start=00:15:25.32; end=00:15:29.20; text=春花师傅 一个残疾人能够 || file=E23.txt; line_id=306; start=00:15:41.94; end=00:15:42.68; text=春花 || file=E23.txt; line_id=307; start=00:15:42.81; end=00:15:45.48; text=春花师傅 你这是怎么 怎么了 || file=E23.txt; line_id=311; start=00:16:01.18; end=00:16:05.25; text=你们这个春花姑娘不光是残疾 || file=E23.txt; line_id=322; start=00:16:33.58; end=00:16:35.63; text=我们春花快逃命吧 春花 || file=E24.txt; line_id=83; start=00:03:22.44; end=00:03:23.92; text=春花 || file=E24.txt; line_id=281; start=00:12:35.48; end=00:12:38.51; text=春花 你这是怎么啦 || file=E24.txt; line_id=290; start=00:13:01.05; end=00:13:03.56; text=春花 你不知道 || file=E24.txt; line_id=298; start=00:13:27.90; end=00:13:29.78; text=春花 春花 || file=E24.txt; line_id=314; start=00:14:11.52; end=00:14:15.21; text=春花我这辈子就没干过昧良心的事 || file=E24.txt; line_id=334; start=00:15:21.95; end=00:15:23.92; text=春花姐 你也是跟他一伙滴 || file=E24.txt; line_id=342; start=00:15:49.59; end=00:15:51.61; text=春花姐不跟你一块儿
Others,春花姑娘,3,likely_valid_alias,姓名+姑娘。 按任务规则，次要角色姓名/别名统一归入 Others。；evidence_count=3；定位证据：file=E23.txt; line_id=270; start=00:14:02.70; end=00:14:04.62; text=春花姑娘是个热心肠 || file=E23.txt; line_id=300; start=00:15:20.54; end=00:15:22.17; text=春花姑娘她肯定 || file=E23.txt; line_id=311; start=00:16:01.18; end=00:16:05.25; text=你们这个春花姑娘不光是残疾
Others,春花师傅,2,likely_valid_alias,姓名+师傅。 按任务规则，次要角色姓名/别名统一归入 Others。；evidence_count=2；定位证据：file=E23.txt; line_id=302; start=00:15:25.32; end=00:15:29.20; text=春花师傅 一个残疾人能够 || file=E23.txt; line_id=307; start=00:15:42.81; end=00:15:45.48; text=春花师傅 你这是怎么 怎么了
Others,宝财,7,likely_valid_alias,E23/E24 配角名。 按任务规则，次要角色姓名/别名统一归入 Others。；evidence_count=25；定位证据：file=E23.txt; line_id=49; start=00:02:02.82; end=00:02:04.43; text=看看宝财哥 || file=E23.txt; line_id=52; start=00:02:10.51; end=00:02:14.34; text=我去了以后还得掏钱请宝财哥吃饭 || file=E23.txt; line_id=54; start=00:02:15.64; end=00:02:18.76; text=你那宝财哥长得好看吗 || file=E23.txt; line_id=59; start=00:02:30.50; end=00:02:32.89; text=那样认识了宝财哥 || file=E23.txt; line_id=65; start=00:02:45.09; end=00:02:49.46; text=替我向那个宝财同志表示慰问 || file=E23.txt; line_id=105; start=00:05:41.72; end=00:05:47.83; text=宝财哥 我肚子不对劲 || file=E23.txt; line_id=124; start=00:06:45.24; end=00:06:46.58; text=宝财哥 || file=E23.txt; line_id=162; start=00:08:46.23; end=00:08:48.78; text=宝财哥 || file=E23.txt; line_id=188; start=00:09:56.10; end=00:09:59.54; text=等等我 宝财哥 || file=E23.txt; line_id=189; start=00:10:10.20; end=00:10:13.00; text=宝财哥 你看这样写成吗 || file=E23.txt; line_id=191; start=00:10:15.58; end=00:10:17.80; text=今有宝财春花二人 || file=E23.txt; line_id=325; start=00:16:40.21; end=00:16:45.10; text=不行 宝财哥 我头晕 || file=E24.txt; line_id=75; start=00:03:02.22; end=00:03:05.40; text=宝财哥 你看这怎么办捏 || file=E24.txt; line_id=257; start=00:11:23.08; end=00:11:26.45; text=跟包工队的宝财同志 || file=E24.txt; line_id=258; start=00:11:26.60; end=00:11:28.92; text=宝财同志的血汗钱 || file=E24.txt; line_id=265; start=00:11:41.25; end=00:11:43.50; text=您跟宝财非亲非故的 || file=E24.txt; line_id=273; start=00:11:58.70; end=00:12:02.83; text=所以帮助宝财同志我是义不容辞的 || file=E24.txt; line_id=274; start=00:12:02.96; end=00:12:06.93; text=那 老大爷 要是宝财 || file=E24.txt; line_id=277; start=00:12:11.87; end=00:12:15.93; text=宝财 你对不起他老人家 || file=E24.txt; line_id=329; start=00:15:10.92; end=00:15:12.21; text=啊 宝财哥 是你 || file=E24.txt; line_id=336; start=00:15:27.41; end=00:15:31.23; text=宝财 你站好 有话好说 || file=E24.txt; line_id=340; start=00:15:45.74; end=00:15:47.74; text=宝财哥 || file=E24.txt; line_id=347; start=00:16:01.88; end=00:16:04.98; text=甭管怎么着 宝财也是我的人 || file=E24.txt; line_id=353; start=00:16:18.64; end=00:16:21.06; text=宝财 || file=E24.txt; line_id=354; start=00:16:21.22; end=00:16:22.38; text=宝财哥
Others,宝财哥,14,likely_valid_alias,姓名+哥。 按任务规则，次要角色姓名/别名统一归入 Others。；evidence_count=14；定位证据：file=E23.txt; line_id=49; start=00:02:02.82; end=00:02:04.43; text=看看宝财哥 || file=E23.txt; line_id=52; start=00:02:10.51; end=00:02:14.34; text=我去了以后还得掏钱请宝财哥吃饭 || file=E23.txt; line_id=54; start=00:02:15.64; end=00:02:18.76; text=你那宝财哥长得好看吗 || file=E23.txt; line_id=59; start=00:02:30.50; end=00:02:32.89; text=那样认识了宝财哥 || file=E23.txt; line_id=105; start=00:05:41.72; end=00:05:47.83; text=宝财哥 我肚子不对劲 || file=E23.txt; line_id=124; start=00:06:45.24; end=00:06:46.58; text=宝财哥 || file=E23.txt; line_id=162; start=00:08:46.23; end=00:08:48.78; text=宝财哥 || file=E23.txt; line_id=188; start=00:09:56.10; end=00:09:59.54; text=等等我 宝财哥 || file=E23.txt; line_id=189; start=00:10:10.20; end=00:10:13.00; text=宝财哥 你看这样写成吗 || file=E23.txt; line_id=325; start=00:16:40.21; end=00:16:45.10; text=不行 宝财哥 我头晕 || file=E24.txt; line_id=75; start=00:03:02.22; end=00:03:05.40; text=宝财哥 你看这怎么办捏 || file=E24.txt; line_id=329; start=00:15:10.92; end=00:15:12.21; text=啊 宝财哥 是你 || file=E24.txt; line_id=340; start=00:15:45.74; end=00:15:47.74; text=宝财哥 || file=E24.txt; line_id=354; start=00:16:21.22; end=00:16:22.38; text=宝财哥
Others,宝财同志,4,likely_valid_alias,姓名+同志。 按任务规则，次要角色姓名/别名统一归入 Others。；evidence_count=4；定位证据：file=E23.txt; line_id=65; start=00:02:45.09; end=00:02:49.46; text=替我向那个宝财同志表示慰问 || file=E24.txt; line_id=257; start=00:11:23.08; end=00:11:26.45; text=跟包工队的宝财同志 || file=E24.txt; line_id=258; start=00:11:26.60; end=00:11:28.92; text=宝财同志的血汗钱 || file=E24.txt; line_id=273; start=00:11:58.70; end=00:12:02.83; text=所以帮助宝财同志我是义不容辞的
Others,孟昭晖,7,likely_valid_alias,E25 明确“这是我中学同学孟昭晖”，后续与孟老师剧情相连。 按任务规则，次要角色姓名/别名统一归入 Others。；evidence_count=7；定位证据：file=E25.txt; line_id=323; start=00:13:25.71; end=00:13:28.43; text=哎哟 孟昭晖 || file=E25.txt; line_id=335; start=00:13:44.45; end=00:13:46.60; text=这是我中学同学孟昭晖 || file=E25.txt; line_id=346; start=00:14:13.28; end=00:14:16.99; text=孟昭晖 瞅你干的这好事 || file=E25.txt; line_id=348; start=00:14:23.74; end=00:14:27.91; text=孟昭晖是全国少年武术冠军 || file=E25.txt; line_id=370; start=00:15:15.53; end=00:15:18.87; text=不是 现在小凡看上这孟昭晖吧 || file=E32.txt; line_id=280; start=00:12:24.10; end=00:12:24.89; text=孟昭晖 || file=E32.txt; line_id=491; start=00:20:08.53; end=00:20:11.05; text=孟昭晖唉
Others,孟老师,17,likely_valid_alias,E25/E32/E34 反复出现。 按任务规则，次要角色姓名/别名统一归入 Others。；evidence_count=17；定位证据：file=E25.txt; line_id=42; start=00:01:44.97; end=00:01:46.52; text=我们孟老师说呀 || file=E25.txt; line_id=61; start=00:02:14.65; end=00:02:17.18; text=那我们孟老师说的 || file=E25.txt; line_id=210; start=00:08:38.15; end=00:08:41.63; text=其实吧 我挺喜欢孟老师的 || file=E25.txt; line_id=269; start=00:11:08.67; end=00:11:12.16; text=你跟那孟老师到什么程度了都 || file=E25.txt; line_id=288; start=00:11:45.25; end=00:11:48.35; text=那个缺德的孟 孟 孟老师叫什么 || file=E25.txt; line_id=345; start=00:14:09.11; end=00:14:12.62; text=你就是那孟老师啊 || file=E25.txt; line_id=379; start=00:15:38.56; end=00:15:42.65; text=孟老师 这是俩字儿 || file=E25.txt; line_id=404; start=00:16:39.84; end=00:16:41.18; text=孟老师 || file=E25.txt; line_id=431; start=00:17:41.16; end=00:17:42.99; text=孟老师 你真棒 || file=E25.txt; line_id=471; start=00:19:03.61; end=00:19:06.73; text=她还没倒 孟老师就敢写这标语 || file=E25.txt; line_id=472; start=00:19:06.88; end=00:19:07.80; text=孟老师 || file=E25.txt; line_id=512; start=00:20:29.21; end=00:20:32.92; text=孟老师真的 您可太全面了 || file=E32.txt; line_id=285; start=00:12:30.30; end=00:12:32.99; text=那孟老师对第三者的问题是素有研究 || file=E32.txt; line_id=293; start=00:13:00.09; end=00:13:00.81; text=孟老师来了 || file=E32.txt; line_id=295; start=00:13:02.88; end=00:13:03.59; text=孟老师来啦 || file=E32.txt; line_id=314; start=00:13:34.77; end=00:13:37.85; text=孟老师 您要是搜集素材您找别人 || file=E34.txt; line_id=268; start=00:12:16.05; end=00:12:18.03; text=昨天问了我们学校的孟老师
Others,姓孟的,6,likely_valid_alias,对孟老师的贬义/口语化指称。 按任务规则，次要角色姓名/别名统一归入 Others。；evidence_count=6；定位证据：file=E25.txt; line_id=252; start=00:10:16.88; end=00:10:19.61; text=你跟那姓孟的是怎么档子事儿啊 || file=E25.txt; line_id=312; start=00:12:56.41; end=00:12:57.85; text=呆会儿那姓孟的一进门 || file=E25.txt; line_id=403; start=00:16:36.81; end=00:16:39.69; text=姓孟的 你今天算是自投罗网 || file=E25.txt; line_id=415; start=00:17:06.67; end=00:17:09.14; text=姓孟的你站起来 还不低头认罪 || file=E25.txt; line_id=437; start=00:17:53.63; end=00:17:56.47; text=姓孟的 不许避重就轻 || file=E25.txt; line_id=515; start=00:20:38.06; end=00:20:39.66; text=姓孟的
Others,马羚,2,likely_valid_alias,E26 主持人自报“我叫马羚”，属于该集场景人物。 按任务规则，次要角色姓名/别名统一归入 Others。；evidence_count=2；定位证据：file=E26.txt; line_id=77; start=00:03:07.77; end=00:03:09.31; text=我呢是主持人 我叫马羚 || file=E26.txt; line_id=442; start=00:16:59.48; end=00:17:01.49; text=马羚 昨天我还跟她握过手呢
Others,梁同志,1,likely_valid_alias,E10 灭鼠办配角称呼。 按任务规则，次要角色姓名/别名统一归入 Others。；evidence_count=1；定位证据：file=E10.txt; line_id=399; start=00:17:19.72; end=00:17:24.19; text=这是区里头灭鼠办的梁同志
Others,刘宇航,4,likely_valid_alias,E29 圆圆同学/来访者姓名。 按任务规则，次要角色姓名/别名统一归入 Others。；evidence_count=5；定位证据：file=E29.txt; line_id=219; start=00:09:07.97; end=00:09:10.23; text=亲切会见了刘宇航同志 || file=E29.txt; line_id=225; start=00:09:25.02; end=00:09:28.09; text=这刘宇航是谁呀 我怎么没听说过呀 || file=E29.txt; line_id=300; start=00:13:09.67; end=00:13:10.79; text=你说这刘宇航 他还不回家 || file=E29.txt; line_id=347; start=00:14:54.11; end=00:14:56.71; text=叫刘宇航 || file=E29.txt; line_id=363; start=00:15:30.91; end=00:15:32.75; text=给一女孩子起一名儿叫刘宇航
Others,刘宇航同志,1,likely_valid_alias,姓名+同志。 按任务规则，次要角色姓名/别名统一归入 Others。；evidence_count=1；定位证据：file=E29.txt; line_id=219; start=00:09:07.97; end=00:09:10.23; text=亲切会见了刘宇航同志
Others,张欣来,3,likely_valid_alias,E29 圆圆同学姓名。 按任务规则，次要角色姓名/别名统一归入 Others。；evidence_count=5；定位证据：file=E29.txt; line_id=366; start=00:15:37.93; end=00:15:42.29; text=在家中亲切会见了张欣来同学 || file=E29.txt; line_id=367; start=00:15:42.79; end=00:15:44.15; text=张欣来 || file=E29.txt; line_id=368; start=00:15:44.32; end=00:15:47.48; text=哎哟 咋又出一张欣来呀 || file=E29.txt; line_id=369; start=00:15:47.90; end=00:15:50.45; text=张欣来 || file=E29.txt; line_id=374; start=00:16:00.26; end=00:16:02.96; text=张欣来同学的情况
Others,张欣来同学,2,likely_valid_alias,姓名+同学。 按任务规则，次要角色姓名/别名统一归入 Others。；evidence_count=2；定位证据：file=E29.txt; line_id=366; start=00:15:37.93; end=00:15:42.29; text=在家中亲切会见了张欣来同学 || file=E29.txt; line_id=374; start=00:16:00.26; end=00:16:02.96; text=张欣来同学的情况
Others,方小姐,17,likely_valid_alias,E31/E32 配角称呼。 按任务规则，次要角色姓名/别名统一归入 Others。；evidence_count=17；定位证据：file=E31.txt; line_id=349; start=00:14:20.65; end=00:14:24.41; text=有您丈夫给我们单位方小姐写的一封信 || file=E32.txt; line_id=5; start=00:00:24.19; end=00:00:25.83; text=留着叫你那方小姐吧 || file=E32.txt; line_id=44; start=00:01:52.72; end=00:01:54.97; text=你到底给那方小姐写了多少封信 || file=E32.txt; line_id=333; start=00:14:15.63; end=00:14:19.91; text=这个顾科长和方小姐有矛盾 || file=E32.txt; line_id=337; start=00:14:27.32; end=00:14:28.94; text=来毁了方小姐呢 || file=E32.txt; line_id=345; start=00:14:45.33; end=00:14:47.87; text=透露给方小姐的丈夫啊 || file=E32.txt; line_id=347; start=00:14:49.45; end=00:14:52.37; text=方小姐家的后院儿并没有着火 || file=E32.txt; line_id=355; start=00:15:04.49; end=00:15:06.99; text=达到诋毁方小姐的目的 || file=E32.txt; line_id=361; start=00:15:16.85; end=00:15:18.50; text=这个顾科长和方小姐的矛盾 || file=E32.txt; line_id=374; start=00:15:50.31; end=00:15:51.32; text=方小姐 || file=E32.txt; line_id=385; start=00:16:08.38; end=00:16:12.34; text=都是这方小姐精心设计的 || file=E32.txt; line_id=390; start=00:16:22.23; end=00:16:23.96; text=这方小姐怎么能够 || file=E32.txt; line_id=412; start=00:17:08.76; end=00:17:11.93; text=你说我跟方小姐合伙 || file=E32.txt; line_id=444; start=00:18:24.52; end=00:18:26.61; text=至于您先生和方小姐之间的感情 || file=E32.txt; line_id=466; start=00:19:11.26; end=00:19:14.12; text=你忽然听说方小姐的办公桌被撬了 || file=E32.txt; line_id=471; start=00:19:23.88; end=00:19:26.26; text=给了方小姐的同事 || file=E32.txt; line_id=489; start=00:20:02.90; end=00:20:05.08; text=把他和那位可怜的方小姐
Others,顾科长,16,likely_valid_alias,E31/E32 配角职务称呼。 按任务规则，次要角色姓名/别名统一归入 Others。；evidence_count=16；定位证据：file=E31.txt; line_id=277; start=00:11:27.87; end=00:11:31.10; text=是顾科长带人撬的 凭什么呀 || file=E31.txt; line_id=359; start=00:14:49.89; end=00:14:54.55; text=她的办公桌被一个顾科长给撬了 || file=E31.txt; line_id=361; start=00:14:56.19; end=00:14:57.53; text=这个顾科长呢 || file=E31.txt; line_id=368; start=00:15:14.47; end=00:15:16.67; text=我对他们单位什么乱七八糟顾科长 || file=E31.txt; line_id=462; start=00:19:03.17; end=00:19:04.72; text=我怀疑是你们那顾科长 || file=E31.txt; line_id=475; start=00:19:34.73; end=00:19:37.75; text=你没有必要去向那个顾科长暗示什么 || file=E31.txt; line_id=491; start=00:20:26.46; end=00:20:28.98; text=他们顾科长这么做的目的是什么 || file=E31.txt; line_id=501; start=00:20:52.15; end=00:20:54.25; text=所以顾科长怀恨在心 || file=E31.txt; line_id=512; start=00:21:17.91; end=00:21:20.54; text=很快就会怀疑到顾科长身上 || file=E32.txt; line_id=328; start=00:14:06.54; end=00:14:07.43; text=顾科长 || file=E32.txt; line_id=329; start=00:14:07.56; end=00:14:10.41; text=是 顾科长确有其人 || file=E32.txt; line_id=331; start=00:14:11.38; end=00:14:13.87; text=那咱们就站在这个顾科长的角度 || file=E32.txt; line_id=333; start=00:14:15.63; end=00:14:19.91; text=这个顾科长和方小姐有矛盾 || file=E32.txt; line_id=352; start=00:14:58.69; end=00:14:59.66; text=就算这个顾科长 || file=E32.txt; line_id=361; start=00:15:16.85; end=00:15:18.50; text=这个顾科长和方小姐的矛盾 || file=E32.txt; line_id=468; start=00:19:16.02; end=00:19:18.38; text=比如什么顾科长之类
Others,方科长,1,likely_valid_alias,E31 电话台词中出现的配角职务称呼。 按任务规则，次要角色姓名/别名统一归入 Others。；evidence_count=1；定位证据：file=E31.txt; line_id=262; start=00:10:46.21; end=00:10:49.85; text=请 请接财务科 我找方科长
Others,小晴,19,likely_valid_alias,E33/E34 配角名。 按任务规则，次要角色姓名/别名统一归入 Others。；evidence_count=21；定位证据：file=E33.txt; line_id=75; start=00:02:54.78; end=00:02:58.13; text=小晴表妹 快请坐 快坐快坐 || file=E33.txt; line_id=82; start=00:03:12.68; end=00:03:14.62; text=小晴表妹 先喝点儿水 || file=E33.txt; line_id=132; start=00:05:14.60; end=00:05:17.15; text=小晴 多吃一点啊 || file=E33.txt; line_id=175; start=00:07:03.15; end=00:07:04.44; text=今儿给小晴表妹做点儿早点 || file=E33.txt; line_id=187; start=00:07:29.43; end=00:07:30.46; text=小晴表妹吧 || file=E33.txt; line_id=277; start=00:12:20.57; end=00:12:23.06; text=天天跟着小晴往外跑 || file=E33.txt; line_id=279; start=00:12:26.52; end=00:12:28.92; text=听说好像小晴答应他 || file=E33.txt; line_id=283; start=00:12:32.79; end=00:12:35.53; text=我说他怎么对人家小晴那么热乎呢 || file=E33.txt; line_id=288; start=00:12:46.55; end=00:12:49.20; text=您没发现他看小晴姑姑的眼神 || file=E33.txt; line_id=293; start=00:12:59.43; end=00:13:03.46; text=小晴 一个小城市的女孩子 || file=E33.txt; line_id=303; start=00:13:28.30; end=00:13:31.00; text=再者说了 我看人小晴姑娘不错 || file=E33.txt; line_id=321; start=00:14:11.66; end=00:14:14.96; text=志新是不是真心和小晴好 || file=E33.txt; line_id=327; start=00:14:25.52; end=00:14:27.37; text=又把人小晴给甩了 || file=E33.txt; line_id=337; start=00:14:49.23; end=00:14:50.88; text=小晴回来啦 || file=E33.txt; line_id=345; start=00:15:12.15; end=00:15:14.15; text=人家小晴回屋休息 || file=E33.txt; line_id=363; start=00:15:44.91; end=00:15:49.90; text=你觉得小晴这姑娘怎么样啊 || file=E33.txt; line_id=386; start=00:16:45.63; end=00:16:49.72; text=你是不是打算把小晴娶到咱家来 || file=E34.txt; line_id=4; start=00:00:11.22; end=00:00:12.47; text=小晴啊 || file=E34.txt; line_id=26; start=00:01:06.20; end=00:01:07.61; text=小晴啊 || file=E34.txt; line_id=59; start=00:02:40.15; end=00:02:42.27; text=小晴 你是不是跟他说什么了 || file=E34.txt; line_id=321; start=00:14:27.93; end=00:14:32.30; text=我妈妈跟小晴他爸爸 是不是
Others,小晴姑娘,1,likely_valid_alias,姓名+姑娘。 按任务规则，次要角色姓名/别名统一归入 Others。；evidence_count=1；定位证据：file=E33.txt; line_id=303; start=00:13:28.30; end=00:13:31.00; text=再者说了 我看人小晴姑娘不错
Others,小晴姑姑,1,likely_valid_alias,圆圆对小晴的称呼。 按任务规则，次要角色姓名/别名统一归入 Others。；evidence_count=1；定位证据：file=E33.txt; line_id=288; start=00:12:46.55; end=00:12:49.20; text=您没发现他看小晴姑姑的眼神
Others,老赵,2,likely_valid_alias,E38 明确自称为和平单位工会主席老赵。 按任务规则，次要角色姓名/别名统一归入 Others。；evidence_count=5；定位证据：file=E38.txt; line_id=138; start=00:06:30.84; end=00:06:34.26; text=我是和平他们单位的工会主席老赵 || file=E38.txt; line_id=139; start=00:06:34.40; end=00:06:35.07; text=您好 老赵 || file=E38.txt; line_id=145; start=00:06:41.91; end=00:06:43.85; text=老赵同志 您听我跟您说 || file=E38.txt; line_id=161; start=00:07:17.22; end=00:07:18.43; text=老赵同志 || file=E38.txt; line_id=170; start=00:07:32.96; end=00:07:33.94; text=老赵同志 不是
Others,老赵同志,3,likely_valid_alias,姓名式称呼+同志。 按任务规则，次要角色姓名/别名统一归入 Others。；evidence_count=3；定位证据：file=E38.txt; line_id=145; start=00:06:41.91; end=00:06:43.85; text=老赵同志 您听我跟您说 || file=E38.txt; line_id=161; start=00:07:17.22; end=00:07:18.43; text=老赵同志 || file=E38.txt; line_id=170; start=00:07:32.96; end=00:07:33.94; text=老赵同志 不是
Others,小翠,5,likely_valid_alias,E39 配角名。 按任务规则，次要角色姓名/别名统一归入 Others。；evidence_count=5；定位证据：file=E39.txt; line_id=64; start=00:03:17.14; end=00:03:18.25; text=小翠呀 || file=E39.txt; line_id=84; start=00:04:03.97; end=00:04:06.80; text=她是马老家新来的小翠 || file=E39.txt; line_id=476; start=00:19:29.63; end=00:19:31.60; text=小翠 你是不知道 || file=E40.txt; line_id=283; start=00:12:09.36; end=00:12:11.53; text=我和小翠早就商量好了 || file=E40.txt; line_id=357; start=00:16:04.18; end=00:16:05.48; text=小翠 瞧你说的
Others,赵老师,3,likely_valid_alias,E20/E29 出现的教师称呼，具体身份可能不止一人，但均归 Others。 按任务规则，次要角色姓名/别名统一归入 Others。；evidence_count=3；定位证据：file=E20.txt; line_id=136; start=00:07:04.99; end=00:07:07.28; text=赵老师 赶紧赶紧 坐坐坐坐 || file=E29.txt; line_id=345; start=00:14:50.04; end=00:14:51.53; text=赵老师 || file=E29.txt; line_id=370; start=00:15:53.64; end=00:15:55.63; text=喂 喂赵老师啊
Others,于大妈,1,likely_valid_alias,人工核查确认：“于大妈”指余大妈；按次要角色统一归入 Others。；evidence_count=1；定位证据：file=E16.txt; line_id=11; start=00:00:26.58; end=00:00:27.32; text=于大妈 怎么了
Others,小余,16,likely_valid_alias,人工核查确认：“小余”指余大妈；按次要角色统一归入 Others。；evidence_count=16；定位证据：file=E01.txt; line_id=208; start=00:08:42.82; end=00:08:44.72; text=小余都能干 我不能干 || file=E09.txt; line_id=78; start=00:02:53.39; end=00:02:54.45; text=小余 || file=E09.txt; line_id=188; start=00:07:21.02; end=00:07:21.82; text=小余 || file=E10.txt; line_id=264; start=00:11:39.46; end=00:11:42.62; text=生怕让老郑小余他们给看见 || file=E10.txt; line_id=427; start=00:18:34.45; end=00:18:36.63; text=小余 你听我解释 || file=E13.txt; line_id=52; start=00:02:13.11; end=00:02:14.75; text=有什么事儿 小余 || file=E15.txt; line_id=363; start=00:15:01.83; end=00:15:05.79; text=完后再找这个老郑 小余 || file=E24.txt; line_id=132; start=00:06:01.53; end=00:06:05.09; text=小余 你是怎么搞的嘛你 || file=E24.txt; line_id=148; start=00:06:43.72; end=00:06:44.97; text=小余呀 || file=E24.txt; line_id=182; start=00:08:11.40; end=00:08:13.70; text=小余 你放心 || file=E27.txt; line_id=119; start=00:05:23.62; end=00:05:24.94; text=小余 || file=E27.txt; line_id=293; start=00:13:34.68; end=00:13:36.84; text=没有想到这个小余 || file=E28.txt; line_id=62; start=00:02:22.95; end=00:02:25.13; text=怕你笑话呀 小余 || file=E28.txt; line_id=72; start=00:02:50.11; end=00:02:51.45; text=小余呀 || file=E28.txt; line_id=243; start=00:12:02.71; end=00:12:04.34; text=燕红 小余 || file=E28.txt; line_id=251; start=00:12:35.31; end=00:12:37.59; text=和平 小余 同志们快来呀
Others,王老师,4,likely_valid_alias,多集教师称呼，具体身份可能不止一人，但均归 Others。 按任务规则，次要角色姓名/别名统一归入 Others。；evidence_count=4；定位证据：file=E04.txt; line_id=269; start=00:11:26.60; end=00:11:29.66; text=我跟咱们教体育的王老师通信 || file=E04.txt; line_id=271; start=00:11:32.56; end=00:11:34.44; text=害得王老师调离 || file=E04.txt; line_id=277; start=00:11:45.46; end=00:11:47.99; text=听说后来王老师表现不错 || file=E25.txt; line_id=611; start=00:23:42.51; end=00:23:44.91; text=还有 咱们教语文的王老师
Others,李老师,1,likely_valid_alias,E25 教师称呼。 按任务规则，次要角色姓名/别名统一归入 Others。；evidence_count=1；定位证据：file=E25.txt; line_id=613; start=00:23:47.65; end=00:23:48.47; text=教数学的李老师
Others,彭老师,2,likely_valid_alias,E25 教师称呼。 按任务规则，次要角色姓名/别名统一归入 Others。；evidence_count=2；定位证据：file=E25.txt; line_id=615; start=00:23:51.15; end=00:23:52.20; text=教地理的彭老师 || file=E25.txt; line_id=617; start=00:23:54.92; end=00:23:57.18; text=而且在彭老师支援西藏一年半以后
Others,尤主任,1,likely_valid_alias,E14 配角职务称呼。 按任务规则，次要角色姓名/别名统一归入 Others。；evidence_count=1；定位证据：file=E14.txt; line_id=283; start=00:11:56.37; end=00:11:58.69; text=不是 尤主任
