2025-12-19 21:12:45,014 - INFO: Starting self-supervised fine-tuning pipeline
2025-12-19 21:12:45,015 - INFO: Device: cuda:0
2025-12-19 21:12:45,018 - INFO: Saved arguments to runs/I love my family/exp_video/result/self_supervised/exp0/args.json
2025-12-19 21:12:45,018 - INFO: ====================
2025-12-19 21:12:45,018 - INFO: Initialization: Initial clustering with HMM correction
2025-12-19 21:12:45,018 - INFO: ====================
2025-12-19 21:12:45,068 - INFO: Skipping initial clustering, using existing results.
2025-12-19 21:13:02,010 - INFO: Initial: acc(valid)=0.8175, acc(test)=0.8038
2025-12-19 21:13:02,297 - INFO: ====================
2025-12-19 21:13:02,297 - INFO: Round 0: Fine-tuning iteration
2025-12-19 21:13:02,297 - INFO: ====================
2025-12-19 21:13:02,312 - INFO: Round 0 Part 1: Fine-tuning embedding model
2025-12-19 21:13:02,324 - INFO: Using pseudo-label file: runs/I love my family/exp_video/result/self_supervised/exp0/initial/pseudo_label/pseudo_labels_audio_nested_hmm_full(unreliable_pp=100.0).json
2025-12-19 21:13:04,786 - INFO: Embedding dimension: 512
2025-12-19 21:13:05,360 - INFO: Saved config_model to runs/I love my family/exp_video/result/self_supervised/exp0/round0/config_model.json
2025-12-19 21:16:28,207 - INFO: Extracting hidden features for all samples,which are outputs of StatsPool layer...
2025-12-19 21:16:28,208 - INFO: args.unfrozen_layers_num=2 is not used when extracting hidden features.
2025-12-19 21:27:50,435 - INFO: Hidden features extracted for 19225 samples
2025-12-19 21:27:50,904 - INFO: Warmup training classifier for 2 epochs...
2025-12-19 21:27:51,392 - INFO: Epoch: [0][  0/301]	Time  0.485 ( 0.485)	Loss 2.6203e+00 (2.6203e+00)	Acc pseudo   9.38 (  9.38)	Lr 1.000e-03 (1.000e-03)
2025-12-19 21:27:51,524 - INFO: Epoch: [0][ 50/301]	Time  0.003 ( 0.012)	Loss 1.5965e+00 (1.8416e+00)	Acc pseudo  54.69 ( 52.48)	Lr 1.000e-03 (1.000e-03)
2025-12-19 21:27:51,671 - INFO: Epoch: [0][100/301]	Time  0.003 ( 0.007)	Loss 1.2134e+00 (1.5140e+00)	Acc pseudo  65.62 ( 61.45)	Lr 1.000e-03 (1.000e-03)
2025-12-19 21:27:51,812 - INFO: Epoch: [0][150/301]	Time  0.003 ( 0.006)	Loss 1.2241e+00 (1.3606e+00)	Acc pseudo  68.75 ( 65.25)	Lr 1.000e-03 (1.000e-03)
2025-12-19 21:27:51,950 - INFO: Epoch: [0][200/301]	Time  0.002 ( 0.005)	Loss 8.5509e-01 (1.2639e+00)	Acc pseudo  81.25 ( 67.30)	Lr 1.000e-03 (1.000e-03)
2025-12-19 21:27:52,083 - INFO: Epoch: [0][250/301]	Time  0.003 ( 0.005)	Loss 1.0669e+00 (1.2078e+00)	Acc pseudo  73.44 ( 68.65)	Lr 1.000e-03 (1.000e-03)
2025-12-19 21:27:52,212 - INFO: Epoch: [0][300/301]	Time  0.005 ( 0.004)	Loss 7.2624e-01 (1.1695e+00)	Acc pseudo  68.00 ( 69.50)	Lr 1.000e-03 (1.000e-03)
2025-12-19 21:27:52,291 - INFO: Round 0, Warmup Epoch 0: loss=1.1695, acc(pseudo)=69.50%
2025-12-19 21:27:52,522 - INFO: Epoch: [1][  0/301]	Time  0.227 ( 0.227)	Loss 1.2085e+00 (1.2085e+00)	Acc pseudo  73.44 ( 73.44)	Lr 1.000e-03 (1.000e-03)
2025-12-19 21:27:52,673 - INFO: Epoch: [1][ 50/301]	Time  0.002 ( 0.007)	Loss 5.6977e-01 (9.2861e-01)	Acc pseudo  81.25 ( 74.60)	Lr 1.000e-03 (1.000e-03)
2025-12-19 21:27:52,811 - INFO: Epoch: [1][100/301]	Time  0.003 ( 0.005)	Loss 6.6917e-01 (9.1457e-01)	Acc pseudo  79.69 ( 74.57)	Lr 1.000e-03 (1.000e-03)
2025-12-19 21:27:52,949 - INFO: Epoch: [1][150/301]	Time  0.003 ( 0.004)	Loss 9.4286e-01 (9.0878e-01)	Acc pseudo  70.31 ( 74.70)	Lr 1.000e-03 (1.000e-03)
2025-12-19 21:27:53,084 - INFO: Epoch: [1][200/301]	Time  0.003 ( 0.004)	Loss 8.7818e-01 (9.1096e-01)	Acc pseudo  76.56 ( 74.81)	Lr 1.000e-03 (1.000e-03)
2025-12-19 21:27:53,229 - INFO: Epoch: [1][250/301]	Time  0.002 ( 0.004)	Loss 7.7430e-01 (9.1114e-01)	Acc pseudo  78.12 ( 74.78)	Lr 1.000e-03 (1.000e-03)
2025-12-19 21:27:53,366 - INFO: Epoch: [1][300/301]	Time  0.002 ( 0.003)	Loss 7.9253e-01 (9.1338e-01)	Acc pseudo  68.00 ( 74.77)	Lr 1.000e-03 (1.000e-03)
2025-12-19 21:27:53,440 - INFO: Round 0, Warmup Epoch 1: loss=0.9134, acc(pseudo)=74.77%
2025-12-19 21:27:53,460 - INFO: Fine-tuning embedding model for 20 epochs...
2025-12-19 21:27:53,728 - INFO: Epoch: [0][  0/301]	Time  0.265 ( 0.265)	Loss 7.8149e-01 (7.8149e-01)	Acc pseudo  75.00 ( 75.00)	Lr 1.000e-03 (1.000e-03)
2025-12-19 21:27:53,892 - INFO: Epoch: [0][ 50/301]	Time  0.003 ( 0.008)	Loss 1.0052e+00 (1.0353e+00)	Acc pseudo  73.44 ( 70.62)	Lr 1.000e-03 (1.000e-03)
2025-12-19 21:27:54,049 - INFO: Epoch: [0][100/301]	Time  0.003 ( 0.006)	Loss 1.2686e+00 (1.0407e+00)	Acc pseudo  70.31 ( 71.07)	Lr 1.000e-03 (1.000e-03)
2025-12-19 21:27:54,200 - INFO: Epoch: [0][150/301]	Time  0.003 ( 0.005)	Loss 7.9906e-01 (1.0345e+00)	Acc pseudo  70.31 ( 71.43)	Lr 1.000e-03 (1.000e-03)
2025-12-19 21:27:54,345 - INFO: Epoch: [0][200/301]	Time  0.003 ( 0.004)	Loss 6.7154e-01 (1.0147e+00)	Acc pseudo  81.25 ( 71.79)	Lr 1.000e-03 (1.000e-03)
2025-12-19 21:27:54,490 - INFO: Epoch: [0][250/301]	Time  0.003 ( 0.004)	Loss 1.1377e+00 (1.0060e+00)	Acc pseudo  79.69 ( 71.89)	Lr 1.000e-03 (1.000e-03)
2025-12-19 21:27:54,630 - INFO: Epoch: [0][300/301]	Time  0.003 ( 0.004)	Loss 1.1751e+00 (1.0019e+00)	Acc pseudo  72.00 ( 71.98)	Lr 1.000e-03 (1.000e-03)
2025-12-19 21:27:54,694 - INFO: Round 0, Fine-tune Epoch 0: loss=1.0019, acc(pseudo)=71.98%
2025-12-19 21:28:09,325 - INFO: Round 0, Fine-tune Epoch 0: acc(valid_pseudo): 0.6552, acc(valid): 0.5375
2025-12-19 21:28:14,344 - INFO: Epoch: [1][  0/301]	Time  0.277 ( 0.277)	Loss 9.1989e-01 (9.1989e-01)	Acc pseudo  71.88 ( 71.88)	Lr 1.000e-03 (1.000e-03)
2025-12-19 21:28:14,576 - INFO: Epoch: [1][ 50/301]	Time  0.004 ( 0.010)	Loss 1.0136e+00 (8.7712e-01)	Acc pseudo  68.75 ( 74.66)	Lr 1.000e-03 (1.000e-03)
2025-12-19 21:28:14,811 - INFO: Epoch: [1][100/301]	Time  0.005 ( 0.007)	Loss 9.6749e-01 (8.8170e-01)	Acc pseudo  70.31 ( 74.60)	Lr 1.000e-03 (1.000e-03)
2025-12-19 21:28:15,045 - INFO: Epoch: [1][150/301]	Time  0.005 ( 0.006)	Loss 8.7576e-01 (8.9291e-01)	Acc pseudo  84.38 ( 74.62)	Lr 1.000e-03 (1.000e-03)
2025-12-19 21:28:15,267 - INFO: Epoch: [1][200/301]	Time  0.004 ( 0.006)	Loss 8.5587e-01 (8.8624e-01)	Acc pseudo  75.00 ( 74.81)	Lr 1.000e-03 (1.000e-03)
2025-12-19 21:28:15,490 - INFO: Epoch: [1][250/301]	Time  0.003 ( 0.006)	Loss 5.6406e-01 (8.7847e-01)	Acc pseudo  79.69 ( 74.99)	Lr 1.000e-03 (1.000e-03)
2025-12-19 21:28:15,632 - INFO: Epoch: [1][300/301]	Time  0.002 ( 0.005)	Loss 1.1201e+00 (8.8442e-01)	Acc pseudo  64.00 ( 74.86)	Lr 1.000e-03 (1.000e-03)
2025-12-19 21:28:15,698 - INFO: Round 0, Fine-tune Epoch 1: loss=0.8844, acc(pseudo)=74.86%
2025-12-19 21:28:28,747 - INFO: Round 0, Fine-tune Epoch 1: acc(valid_pseudo): 0.8672, acc(valid): 0.7900
2025-12-19 21:28:33,625 - INFO: Epoch: [2][  0/301]	Time  0.235 ( 0.235)	Loss 1.1031e+00 (1.1031e+00)	Acc pseudo  67.19 ( 67.19)	Lr 1.000e-03 (1.000e-03)
2025-12-19 21:28:33,806 - INFO: Epoch: [2][ 50/301]	Time  0.003 ( 0.008)	Loss 1.1138e+00 (8.5196e-01)	Acc pseudo  75.00 ( 75.31)	Lr 1.000e-03 (1.000e-03)
2025-12-19 21:28:33,979 - INFO: Epoch: [2][100/301]	Time  0.003 ( 0.006)	Loss 8.8244e-01 (8.6725e-01)	Acc pseudo  68.75 ( 75.02)	Lr 1.000e-03 (1.000e-03)
2025-12-19 21:28:34,148 - INFO: Epoch: [2][150/301]	Time  0.005 ( 0.005)	Loss 8.0403e-01 (8.4504e-01)	Acc pseudo  76.56 ( 75.91)	Lr 1.000e-03 (1.000e-03)
2025-12-19 21:28:34,317 - INFO: Epoch: [2][200/301]	Time  0.003 ( 0.005)	Loss 9.4570e-01 (8.4812e-01)	Acc pseudo  76.56 ( 75.95)	Lr 1.000e-03 (1.000e-03)
2025-12-19 21:28:34,475 - INFO: Epoch: [2][250/301]	Time  0.003 ( 0.004)	Loss 8.0424e-01 (8.3792e-01)	Acc pseudo  79.69 ( 76.04)	Lr 1.000e-03 (1.000e-03)
2025-12-19 21:28:34,626 - INFO: Epoch: [2][300/301]	Time  0.003 ( 0.004)	Loss 4.8467e-01 (8.3015e-01)	Acc pseudo  92.00 ( 76.13)	Lr 1.000e-03 (1.000e-03)
2025-12-19 21:28:34,691 - INFO: Round 0, Fine-tune Epoch 2: loss=0.8302, acc(pseudo)=76.13%
2025-12-19 21:28:46,955 - INFO: Round 0, Fine-tune Epoch 2: acc(valid_pseudo): 0.9330, acc(valid): 0.8000
2025-12-19 21:28:52,060 - INFO: Epoch: [3][  0/301]	Time  0.235 ( 0.235)	Loss 6.1433e-01 (6.1433e-01)	Acc pseudo  78.12 ( 78.12)	Lr 1.000e-03 (1.000e-03)
2025-12-19 21:28:52,225 - INFO: Epoch: [3][ 50/301]	Time  0.003 ( 0.008)	Loss 6.4726e-01 (7.7815e-01)	Acc pseudo  78.12 ( 76.96)	Lr 1.000e-03 (1.000e-03)
2025-12-19 21:28:52,376 - INFO: Epoch: [3][100/301]	Time  0.003 ( 0.005)	Loss 8.7361e-01 (7.7937e-01)	Acc pseudo  78.12 ( 77.17)	Lr 1.000e-03 (1.000e-03)
2025-12-19 21:28:52,534 - INFO: Epoch: [3][150/301]	Time  0.003 ( 0.005)	Loss 4.8522e-01 (7.9814e-01)	Acc pseudo  81.25 ( 76.94)	Lr 1.000e-03 (1.000e-03)
2025-12-19 21:28:52,721 - INFO: Epoch: [3][200/301]	Time  0.003 ( 0.004)	Loss 1.0698e+00 (8.1001e-01)	Acc pseudo  82.81 ( 76.59)	Lr 1.000e-03 (1.000e-03)
2025-12-19 21:28:52,873 - INFO: Epoch: [3][250/301]	Time  0.003 ( 0.004)	Loss 1.0403e+00 (8.0361e-01)	Acc pseudo  78.12 ( 76.62)	Lr 1.000e-03 (1.000e-03)
2025-12-19 21:28:53,028 - INFO: Epoch: [3][300/301]	Time  0.002 ( 0.004)	Loss 1.0317e+00 (8.0786e-01)	Acc pseudo  76.00 ( 76.68)	Lr 1.000e-03 (1.000e-03)
2025-12-19 21:28:53,091 - INFO: Round 0, Fine-tune Epoch 3: loss=0.8079, acc(pseudo)=76.68%
2025-12-19 21:29:07,250 - INFO: Round 0, Fine-tune Epoch 3: acc(valid_pseudo): 0.8213, acc(valid): 0.6500
2025-12-19 21:29:07,251 - INFO: Round 0, Fine-tune Epoch 3: No improvement in validation accuracy. Patience(epoch): 1/5
2025-12-19 21:29:07,486 - INFO: Epoch: [4][  0/301]	Time  0.230 ( 0.230)	Loss 9.5476e-01 (9.5476e-01)	Acc pseudo  67.19 ( 67.19)	Lr 1.000e-03 (1.000e-03)
2025-12-19 21:29:07,678 - INFO: Epoch: [4][ 50/301]	Time  0.003 ( 0.008)	Loss 5.6125e-01 (7.6369e-01)	Acc pseudo  79.69 ( 78.25)	Lr 1.000e-03 (1.000e-03)
2025-12-19 21:29:07,840 - INFO: Epoch: [4][100/301]	Time  0.002 ( 0.006)	Loss 1.2017e+00 (7.6595e-01)	Acc pseudo  78.12 ( 77.77)	Lr 1.000e-03 (1.000e-03)
2025-12-19 21:29:08,001 - INFO: Epoch: [4][150/301]	Time  0.003 ( 0.005)	Loss 8.0097e-01 (7.7098e-01)	Acc pseudo  82.81 ( 77.62)	Lr 1.000e-03 (1.000e-03)
2025-12-19 21:29:08,174 - INFO: Epoch: [4][200/301]	Time  0.003 ( 0.004)	Loss 1.2925e+00 (7.6738e-01)	Acc pseudo  60.94 ( 77.52)	Lr 1.000e-03 (1.000e-03)
2025-12-19 21:29:08,324 - INFO: Epoch: [4][250/301]	Time  0.002 ( 0.004)	Loss 1.0144e+00 (7.7472e-01)	Acc pseudo  68.75 ( 77.51)	Lr 1.000e-03 (1.000e-03)
2025-12-19 21:29:08,474 - INFO: Epoch: [4][300/301]	Time  0.002 ( 0.004)	Loss 5.4872e-01 (7.7974e-01)	Acc pseudo  80.00 ( 77.44)	Lr 1.000e-03 (1.000e-03)
2025-12-19 21:29:08,540 - INFO: Round 0, Fine-tune Epoch 4: loss=0.7797, acc(pseudo)=77.44%
2025-12-19 21:29:20,661 - INFO: Round 0, Fine-tune Epoch 4: acc(valid_pseudo): 0.9468, acc(valid): 0.7950
2025-12-19 21:29:25,374 - INFO: Epoch: [5][  0/301]	Time  0.230 ( 0.230)	Loss 8.8930e-01 (8.8930e-01)	Acc pseudo  79.69 ( 79.69)	Lr 1.000e-03 (1.000e-03)
2025-12-19 21:29:25,547 - INFO: Epoch: [5][ 50/301]	Time  0.003 ( 0.008)	Loss 4.3634e-01 (7.5914e-01)	Acc pseudo  85.94 ( 78.03)	Lr 1.000e-03 (1.000e-03)
2025-12-19 21:29:25,696 - INFO: Epoch: [5][100/301]	Time  0.003 ( 0.005)	Loss 6.2205e-01 (7.4742e-01)	Acc pseudo  81.25 ( 77.92)	Lr 1.000e-03 (1.000e-03)
2025-12-19 21:29:25,848 - INFO: Epoch: [5][150/301]	Time  0.003 ( 0.005)	Loss 8.1434e-01 (7.5483e-01)	Acc pseudo  75.00 ( 77.69)	Lr 1.000e-03 (1.000e-03)
2025-12-19 21:29:25,995 - INFO: Epoch: [5][200/301]	Time  0.003 ( 0.004)	Loss 9.6819e-01 (7.5871e-01)	Acc pseudo  79.69 ( 77.55)	Lr 1.000e-03 (1.000e-03)
2025-12-19 21:29:26,138 - INFO: Epoch: [5][250/301]	Time  0.003 ( 0.004)	Loss 9.1679e-01 (7.6370e-01)	Acc pseudo  71.88 ( 77.53)	Lr 1.000e-03 (1.000e-03)
2025-12-19 21:29:26,279 - INFO: Epoch: [5][300/301]	Time  0.002 ( 0.004)	Loss 6.1145e-01 (7.5531e-01)	Acc pseudo  84.00 ( 77.88)	Lr 1.000e-03 (1.000e-03)
2025-12-19 21:29:26,344 - INFO: Round 0, Fine-tune Epoch 5: loss=0.7553, acc(pseudo)=77.88%
2025-12-19 21:29:38,633 - INFO: Round 0, Fine-tune Epoch 5: acc(valid_pseudo): 0.9149, acc(valid): 0.7650
2025-12-19 21:29:38,634 - INFO: Round 0, Fine-tune Epoch 5: No improvement in validation accuracy. Patience(epoch): 1/5
2025-12-19 21:29:38,872 - INFO: Epoch: [6][  0/301]	Time  0.233 ( 0.233)	Loss 6.2600e-01 (6.2600e-01)	Acc pseudo  82.81 ( 82.81)	Lr 1.000e-03 (1.000e-03)
2025-12-19 21:29:39,079 - INFO: Epoch: [6][ 50/301]	Time  0.004 ( 0.009)	Loss 6.5407e-01 (6.5943e-01)	Acc pseudo  90.62 ( 80.12)	Lr 1.000e-03 (1.000e-03)
2025-12-19 21:29:39,243 - INFO: Epoch: [6][100/301]	Time  0.003 ( 0.006)	Loss 9.7714e-01 (7.1425e-01)	Acc pseudo  73.44 ( 78.79)	Lr 1.000e-03 (1.000e-03)
2025-12-19 21:29:39,395 - INFO: Epoch: [6][150/301]	Time  0.003 ( 0.005)	Loss 8.3815e-01 (7.2457e-01)	Acc pseudo  79.69 ( 78.69)	Lr 1.000e-03 (1.000e-03)
2025-12-19 21:29:39,543 - INFO: Epoch: [6][200/301]	Time  0.003 ( 0.004)	Loss 5.1311e-01 (7.3799e-01)	Acc pseudo  84.38 ( 78.35)	Lr 1.000e-03 (1.000e-03)
2025-12-19 21:29:39,691 - INFO: Epoch: [6][250/301]	Time  0.003 ( 0.004)	Loss 7.0526e-01 (7.4287e-01)	Acc pseudo  76.56 ( 78.02)	Lr 1.000e-03 (1.000e-03)
2025-12-19 21:29:39,831 - INFO: Epoch: [6][300/301]	Time  0.002 ( 0.004)	Loss 7.2305e-01 (7.4204e-01)	Acc pseudo  80.00 ( 78.02)	Lr 1.000e-03 (1.000e-03)
2025-12-19 21:29:39,891 - INFO: Round 0, Fine-tune Epoch 6: loss=0.7420, acc(pseudo)=78.02%
2025-12-19 21:29:54,165 - INFO: Round 0, Fine-tune Epoch 6: acc(valid_pseudo): 0.9193, acc(valid): 0.7875
2025-12-19 21:29:54,165 - INFO: Round 0, Fine-tune Epoch 6: No improvement in validation accuracy. Patience(epoch): 2/5
2025-12-19 21:29:54,399 - INFO: Epoch: [7][  0/301]	Time  0.228 ( 0.228)	Loss 4.6196e-01 (4.6196e-01)	Acc pseudo  84.38 ( 84.38)	Lr 1.000e-03 (1.000e-03)
2025-12-19 21:29:54,571 - INFO: Epoch: [7][ 50/301]	Time  0.003 ( 0.008)	Loss 1.2074e+00 (6.6186e-01)	Acc pseudo  70.31 ( 80.30)	Lr 1.000e-03 (1.000e-03)
2025-12-19 21:29:54,725 - INFO: Epoch: [7][100/301]	Time  0.003 ( 0.005)	Loss 6.8915e-01 (6.9621e-01)	Acc pseudo  78.12 ( 79.42)	Lr 1.000e-03 (1.000e-03)
2025-12-19 21:29:54,882 - INFO: Epoch: [7][150/301]	Time  0.004 ( 0.005)	Loss 5.9502e-01 (7.1048e-01)	Acc pseudo  82.81 ( 78.86)	Lr 1.000e-03 (1.000e-03)
2025-12-19 21:29:55,029 - INFO: Epoch: [7][200/301]	Time  0.003 ( 0.004)	Loss 6.1728e-01 (7.1188e-01)	Acc pseudo  79.69 ( 78.86)	Lr 1.000e-03 (1.000e-03)
2025-12-19 21:29:55,186 - INFO: Epoch: [7][250/301]	Time  0.003 ( 0.004)	Loss 7.4918e-01 (7.1264e-01)	Acc pseudo  79.69 ( 78.78)	Lr 1.000e-03 (1.000e-03)
2025-12-19 21:29:55,336 - INFO: Epoch: [7][300/301]	Time  0.002 ( 0.004)	Loss 6.4681e-01 (7.2648e-01)	Acc pseudo  72.00 ( 78.41)	Lr 1.000e-03 (1.000e-03)
2025-12-19 21:29:55,396 - INFO: Round 0, Fine-tune Epoch 7: loss=0.7265, acc(pseudo)=78.41%
2025-12-19 21:30:09,529 - INFO: Round 0, Fine-tune Epoch 7: acc(valid_pseudo): 0.9190, acc(valid): 0.7675
2025-12-19 21:30:09,530 - INFO: Round 0, Fine-tune Epoch 7: No improvement in validation accuracy. Patience(epoch): 3/5
2025-12-19 21:30:09,781 - INFO: Epoch: [8][  0/301]	Time  0.245 ( 0.245)	Loss 6.2937e-01 (6.2937e-01)	Acc pseudo  84.38 ( 84.38)	Lr 1.000e-03 (1.000e-03)
2025-12-19 21:30:09,951 - INFO: Epoch: [8][ 50/301]	Time  0.003 ( 0.008)	Loss 5.5392e-01 (6.5760e-01)	Acc pseudo  85.94 ( 78.95)	Lr 1.000e-03 (1.000e-03)
2025-12-19 21:30:10,114 - INFO: Epoch: [8][100/301]	Time  0.003 ( 0.006)	Loss 6.9335e-01 (6.8740e-01)	Acc pseudo  79.69 ( 78.99)	Lr 1.000e-03 (1.000e-03)
2025-12-19 21:30:10,265 - INFO: Epoch: [8][150/301]	Time  0.002 ( 0.005)	Loss 6.6038e-01 (6.9078e-01)	Acc pseudo  76.56 ( 79.12)	Lr 1.000e-03 (1.000e-03)
2025-12-19 21:30:10,431 - INFO: Epoch: [8][200/301]	Time  0.003 ( 0.004)	Loss 6.1006e-01 (7.0448e-01)	Acc pseudo  82.81 ( 78.77)	Lr 1.000e-03 (1.000e-03)
2025-12-19 21:30:10,589 - INFO: Epoch: [8][250/301]	Time  0.003 ( 0.004)	Loss 6.7013e-01 (7.1282e-01)	Acc pseudo  81.25 ( 78.53)	Lr 1.000e-03 (1.000e-03)
2025-12-19 21:30:10,742 - INFO: Epoch: [8][300/301]	Time  0.002 ( 0.004)	Loss 3.0820e-01 (7.1058e-01)	Acc pseudo  92.00 ( 78.49)	Lr 1.000e-03 (1.000e-03)
2025-12-19 21:30:10,806 - INFO: Round 0, Fine-tune Epoch 8: loss=0.7106, acc(pseudo)=78.49%
2025-12-19 21:30:23,579 - INFO: Round 0, Fine-tune Epoch 8: acc(valid_pseudo): 0.9330, acc(valid): 0.7325
2025-12-19 21:30:23,579 - INFO: Round 0, Fine-tune Epoch 8: No improvement in validation accuracy. Patience(epoch): 4/5
2025-12-19 21:30:23,815 - INFO: Epoch: [9][  0/301]	Time  0.230 ( 0.230)	Loss 6.2029e-01 (6.2029e-01)	Acc pseudo  79.69 ( 79.69)	Lr 1.000e-03 (1.000e-03)
2025-12-19 21:30:24,002 - INFO: Epoch: [9][ 50/301]	Time  0.003 ( 0.008)	Loss 6.5742e-01 (6.7469e-01)	Acc pseudo  78.12 ( 78.86)	Lr 1.000e-03 (1.000e-03)
2025-12-19 21:30:24,171 - INFO: Epoch: [9][100/301]	Time  0.003 ( 0.006)	Loss 5.7172e-01 (6.8377e-01)	Acc pseudo  84.38 ( 78.87)	Lr 1.000e-03 (1.000e-03)
2025-12-19 21:30:24,338 - INFO: Epoch: [9][150/301]	Time  0.003 ( 0.005)	Loss 7.5841e-01 (6.9431e-01)	Acc pseudo  78.12 ( 78.63)	Lr 1.000e-03 (1.000e-03)
2025-12-19 21:30:24,498 - INFO: Epoch: [9][200/301]	Time  0.003 ( 0.004)	Loss 6.4381e-01 (6.9731e-01)	Acc pseudo  82.81 ( 78.42)	Lr 1.000e-03 (1.000e-03)
2025-12-19 21:30:24,658 - INFO: Epoch: [9][250/301]	Time  0.003 ( 0.004)	Loss 9.6793e-01 (6.9964e-01)	Acc pseudo  71.88 ( 78.45)	Lr 1.000e-03 (1.000e-03)
2025-12-19 21:30:24,798 - INFO: Epoch: [9][300/301]	Time  0.002 ( 0.004)	Loss 6.6914e-01 (7.0136e-01)	Acc pseudo  76.00 ( 78.46)	Lr 1.000e-03 (1.000e-03)
2025-12-19 21:30:24,863 - INFO: Round 0, Fine-tune Epoch 9: loss=0.7014, acc(pseudo)=78.46%
2025-12-19 21:30:37,517 - INFO: Round 0, Fine-tune Epoch 9: acc(valid_pseudo): 0.9564, acc(valid): 0.7950
2025-12-19 21:30:42,660 - INFO: Epoch: [10][  0/301]	Time  0.258 ( 0.258)	Loss 5.5435e-01 (5.5435e-01)	Acc pseudo  81.25 ( 81.25)	Lr 1.000e-03 (1.000e-03)
2025-12-19 21:30:42,831 - INFO: Epoch: [10][ 50/301]	Time  0.003 ( 0.008)	Loss 4.8109e-01 (7.0330e-01)	Acc pseudo  81.25 ( 78.68)	Lr 1.000e-03 (1.000e-03)
2025-12-19 21:30:42,995 - INFO: Epoch: [10][100/301]	Time  0.003 ( 0.006)	Loss 5.9467e-01 (6.8122e-01)	Acc pseudo  84.38 ( 79.30)	Lr 1.000e-03 (1.000e-03)
2025-12-19 21:30:43,155 - INFO: Epoch: [10][150/301]	Time  0.003 ( 0.005)	Loss 4.9249e-01 (6.7955e-01)	Acc pseudo  82.81 ( 79.29)	Lr 1.000e-03 (1.000e-03)
2025-12-19 21:30:43,309 - INFO: Epoch: [10][200/301]	Time  0.003 ( 0.004)	Loss 6.6818e-01 (6.8029e-01)	Acc pseudo  79.69 ( 79.10)	Lr 1.000e-03 (1.000e-03)
2025-12-19 21:30:43,461 - INFO: Epoch: [10][250/301]	Time  0.003 ( 0.004)	Loss 6.0357e-01 (6.8547e-01)	Acc pseudo  79.69 ( 78.93)	Lr 1.000e-03 (1.000e-03)
2025-12-19 21:30:43,602 - INFO: Epoch: [10][300/301]	Time  0.002 ( 0.004)	Loss 6.6903e-01 (6.9005e-01)	Acc pseudo  72.00 ( 78.80)	Lr 1.000e-03 (1.000e-03)
2025-12-19 21:30:43,666 - INFO: Round 0, Fine-tune Epoch 10: loss=0.6900, acc(pseudo)=78.80%
2025-12-19 21:30:58,071 - INFO: Round 0, Fine-tune Epoch 10: acc(valid_pseudo): 0.8713, acc(valid): 0.7300
2025-12-19 21:30:58,072 - INFO: Round 0, Fine-tune Epoch 10: No improvement in validation accuracy. Patience(epoch): 1/5
2025-12-19 21:30:58,311 - INFO: Epoch: [11][  0/301]	Time  0.233 ( 0.233)	Loss 5.4981e-01 (5.4981e-01)	Acc pseudo  82.81 ( 82.81)	Lr 1.000e-03 (1.000e-03)
2025-12-19 21:30:58,539 - INFO: Epoch: [11][ 50/301]	Time  0.005 ( 0.009)	Loss 5.9609e-01 (6.2080e-01)	Acc pseudo  84.38 ( 80.73)	Lr 1.000e-03 (1.000e-03)
2025-12-19 21:30:58,766 - INFO: Epoch: [11][100/301]	Time  0.004 ( 0.007)	Loss 6.6579e-01 (6.5690e-01)	Acc pseudo  84.38 ( 79.84)	Lr 1.000e-03 (1.000e-03)
2025-12-19 21:30:58,988 - INFO: Epoch: [11][150/301]	Time  0.005 ( 0.006)	Loss 1.0997e+00 (6.6767e-01)	Acc pseudo  67.19 ( 79.38)	Lr 1.000e-03 (1.000e-03)
2025-12-19 21:30:59,217 - INFO: Epoch: [11][200/301]	Time  0.004 ( 0.006)	Loss 9.5343e-01 (6.7702e-01)	Acc pseudo  62.50 ( 79.27)	Lr 1.000e-03 (1.000e-03)
2025-12-19 21:30:59,448 - INFO: Epoch: [11][250/301]	Time  0.004 ( 0.005)	Loss 7.9580e-01 (6.8412e-01)	Acc pseudo  73.44 ( 78.90)	Lr 1.000e-03 (1.000e-03)
2025-12-19 21:30:59,653 - INFO: Epoch: [11][300/301]	Time  0.003 ( 0.005)	Loss 5.0496e-01 (6.8634e-01)	Acc pseudo  88.00 ( 78.76)	Lr 1.000e-03 (1.000e-03)
2025-12-19 21:30:59,717 - INFO: Round 0, Fine-tune Epoch 11: loss=0.6863, acc(pseudo)=78.76%
2025-12-19 21:31:16,235 - INFO: Round 0, Fine-tune Epoch 11: acc(valid_pseudo): 0.8546, acc(valid): 0.7300
2025-12-19 21:31:16,236 - INFO: Round 0, Fine-tune Epoch 11: No improvement in validation accuracy. Patience(epoch): 2/5
2025-12-19 21:31:16,531 - INFO: Epoch: [12][  0/301]	Time  0.289 ( 0.289)	Loss 7.3836e-01 (7.3836e-01)	Acc pseudo  75.00 ( 75.00)	Lr 1.000e-03 (1.000e-03)
2025-12-19 21:31:16,701 - INFO: Epoch: [12][ 50/301]	Time  0.003 ( 0.009)	Loss 8.5262e-01 (6.5081e-01)	Acc pseudo  68.75 ( 78.95)	Lr 1.000e-03 (1.000e-03)
2025-12-19 21:31:16,865 - INFO: Epoch: [12][100/301]	Time  0.003 ( 0.006)	Loss 7.5017e-01 (6.4764e-01)	Acc pseudo  76.56 ( 79.15)	Lr 1.000e-03 (1.000e-03)
2025-12-19 21:31:17,027 - INFO: Epoch: [12][150/301]	Time  0.005 ( 0.005)	Loss 5.3045e-01 (6.5138e-01)	Acc pseudo  78.12 ( 79.14)	Lr 1.000e-03 (1.000e-03)
2025-12-19 21:31:17,201 - INFO: Epoch: [12][200/301]	Time  0.003 ( 0.005)	Loss 5.1713e-01 (6.5794e-01)	Acc pseudo  84.38 ( 79.19)	Lr 1.000e-03 (1.000e-03)
2025-12-19 21:31:17,367 - INFO: Epoch: [12][250/301]	Time  0.003 ( 0.004)	Loss 4.4812e-01 (6.6471e-01)	Acc pseudo  84.38 ( 79.03)	Lr 1.000e-03 (1.000e-03)
2025-12-19 21:31:17,513 - INFO: Epoch: [12][300/301]	Time  0.003 ( 0.004)	Loss 3.5242e-01 (6.6635e-01)	Acc pseudo  88.00 ( 79.11)	Lr 1.000e-03 (1.000e-03)
2025-12-19 21:31:17,576 - INFO: Round 0, Fine-tune Epoch 12: loss=0.6664, acc(pseudo)=79.11%
2025-12-19 21:31:30,958 - INFO: Round 0, Fine-tune Epoch 12: acc(valid_pseudo): 0.9137, acc(valid): 0.7575
2025-12-19 21:31:30,959 - INFO: Round 0, Fine-tune Epoch 12: No improvement in validation accuracy. Patience(epoch): 3/5
2025-12-19 21:31:31,184 - INFO: Epoch: [13][  0/301]	Time  0.219 ( 0.219)	Loss 7.0713e-01 (7.0713e-01)	Acc pseudo  78.12 ( 78.12)	Lr 1.000e-03 (1.000e-03)
2025-12-19 21:31:31,367 - INFO: Epoch: [13][ 50/301]	Time  0.002 ( 0.008)	Loss 5.6782e-01 (6.5437e-01)	Acc pseudo  78.12 ( 79.47)	Lr 1.000e-03 (1.000e-03)
2025-12-19 21:31:31,530 - INFO: Epoch: [13][100/301]	Time  0.003 ( 0.006)	Loss 5.9750e-01 (6.7100e-01)	Acc pseudo  85.94 ( 79.22)	Lr 1.000e-03 (1.000e-03)
2025-12-19 21:31:31,688 - INFO: Epoch: [13][150/301]	Time  0.003 ( 0.005)	Loss 5.5784e-01 (6.6439e-01)	Acc pseudo  81.25 ( 79.13)	Lr 1.000e-03 (1.000e-03)
2025-12-19 21:31:31,838 - INFO: Epoch: [13][200/301]	Time  0.003 ( 0.004)	Loss 8.0094e-01 (6.6641e-01)	Acc pseudo  73.44 ( 79.17)	Lr 1.000e-03 (1.000e-03)
2025-12-19 21:31:31,990 - INFO: Epoch: [13][250/301]	Time  0.003 ( 0.004)	Loss 6.7588e-01 (6.6901e-01)	Acc pseudo  75.00 ( 79.03)	Lr 1.000e-03 (1.000e-03)
2025-12-19 21:31:32,133 - INFO: Epoch: [13][300/301]	Time  0.002 ( 0.004)	Loss 6.3595e-01 (6.7182e-01)	Acc pseudo  72.00 ( 79.00)	Lr 1.000e-03 (1.000e-03)
2025-12-19 21:31:32,198 - INFO: Round 0, Fine-tune Epoch 13: loss=0.6718, acc(pseudo)=79.00%
2025-12-19 21:31:46,694 - INFO: Round 0, Fine-tune Epoch 13: acc(valid_pseudo): 0.9550, acc(valid): 0.8025
2025-12-19 21:31:46,696 - INFO: Round 0, Fine-tune Epoch 13: No improvement in validation accuracy. Patience(epoch): 4/5
2025-12-19 21:31:46,956 - INFO: Epoch: [14][  0/301]	Time  0.254 ( 0.254)	Loss 5.2918e-01 (5.2918e-01)	Acc pseudo  76.56 ( 76.56)	Lr 1.000e-03 (1.000e-03)
2025-12-19 21:31:47,137 - INFO: Epoch: [14][ 50/301]	Time  0.003 ( 0.008)	Loss 7.6540e-01 (6.3029e-01)	Acc pseudo  73.44 ( 79.60)	Lr 1.000e-03 (1.000e-03)
2025-12-19 21:31:47,309 - INFO: Epoch: [14][100/301]	Time  0.003 ( 0.006)	Loss 5.2817e-01 (6.3914e-01)	Acc pseudo  79.69 ( 79.38)	Lr 1.000e-03 (1.000e-03)
2025-12-19 21:31:47,457 - INFO: Epoch: [14][150/301]	Time  0.003 ( 0.005)	Loss 4.0702e-01 (6.4396e-01)	Acc pseudo  85.94 ( 79.40)	Lr 1.000e-03 (1.000e-03)
2025-12-19 21:31:47,610 - INFO: Epoch: [14][200/301]	Time  0.003 ( 0.004)	Loss 4.6126e-01 (6.5246e-01)	Acc pseudo  84.38 ( 79.28)	Lr 1.000e-03 (1.000e-03)
2025-12-19 21:31:47,780 - INFO: Epoch: [14][250/301]	Time  0.008 ( 0.004)	Loss 9.7002e-01 (6.5425e-01)	Acc pseudo  70.31 ( 79.16)	Lr 1.000e-03 (1.000e-03)
2025-12-19 21:31:47,943 - INFO: Epoch: [14][300/301]	Time  0.002 ( 0.004)	Loss 7.3666e-01 (6.6423e-01)	Acc pseudo  68.00 ( 79.01)	Lr 1.000e-03 (1.000e-03)
2025-12-19 21:31:48,005 - INFO: Round 0, Fine-tune Epoch 14: loss=0.6642, acc(pseudo)=79.01%
2025-12-19 21:32:00,390 - INFO: Round 0, Fine-tune Epoch 14: acc(valid_pseudo): 0.8903, acc(valid): 0.7475
2025-12-19 21:32:00,390 - INFO: Round 0, Fine-tune Epoch 14: No improvement in validation accuracy. Patience(epoch): 5/5
2025-12-19 21:32:00,390 - INFO: Early stopping at epoch 14 due to no improvement in validation accuracy for 5 epochs.
2025-12-19 21:32:00,392 - INFO: Round 0: Best fine-tuned epoch=9, acc(valid_pseudo)=0.9564
2025-12-19 21:32:00,453 - INFO: Using HMM model from previous round: runs/I love my family/exp_video/result/self_supervised/exp0/initial/pseudo_label/hmm_params.pkl
2025-12-19 22:23:20,695 - INFO: Round 0: acc(valid)=0.8325, acc(test)=0.8094
2025-12-19 22:23:20,700 - INFO: ====================
2025-12-19 22:23:20,700 - INFO: Round 1: Fine-tuning iteration
2025-12-19 22:23:20,700 - INFO: ====================
2025-12-19 22:23:20,727 - INFO: Round 1 Part 1: Fine-tuning embedding model
2025-12-19 22:23:20,739 - INFO: Using pseudo-label file: runs/I love my family/exp_video/result/self_supervised/exp0/round0/pseudo_label/pseudo_labels_audio_nested_hmm_full(unreliable_pp=100.0).json
2025-12-19 22:23:21,887 - INFO: Warmup training classifier for 2 epochs...
2025-12-19 22:23:23,286 - INFO: Epoch: [0][  0/301]	Time  1.377 ( 1.377)	Loss 2.6969e+00 (2.6969e+00)	Acc pseudo   7.81 (  7.81)	Lr 1.000e-03 (1.000e-03)
2025-12-19 22:23:23,438 - INFO: Epoch: [0][ 50/301]	Time  0.002 ( 0.030)	Loss 1.3255e+00 (1.7842e+00)	Acc pseudo  68.75 ( 55.64)	Lr 1.000e-03 (1.000e-03)
2025-12-19 22:23:23,582 - INFO: Epoch: [0][100/301]	Time  0.003 ( 0.016)	Loss 9.7962e-01 (1.4379e+00)	Acc pseudo  75.00 ( 65.07)	Lr 1.000e-03 (1.000e-03)
2025-12-19 22:23:23,719 - INFO: Epoch: [0][150/301]	Time  0.002 ( 0.012)	Loss 1.1109e+00 (1.2862e+00)	Acc pseudo  70.31 ( 68.24)	Lr 1.000e-03 (1.000e-03)
2025-12-19 22:23:23,845 - INFO: Epoch: [0][200/301]	Time  0.002 ( 0.010)	Loss 8.9359e-01 (1.1869e+00)	Acc pseudo  78.12 ( 70.13)	Lr 1.000e-03 (1.000e-03)
2025-12-19 22:23:23,987 - INFO: Epoch: [0][250/301]	Time  0.003 ( 0.008)	Loss 1.1150e+00 (1.1350e+00)	Acc pseudo  68.75 ( 71.53)	Lr 1.000e-03 (1.000e-03)
2025-12-19 22:23:24,109 - INFO: Epoch: [0][300/301]	Time  0.003 ( 0.007)	Loss 7.5253e-01 (1.0875e+00)	Acc pseudo  80.00 ( 72.54)	Lr 1.000e-03 (1.000e-03)
2025-12-19 22:23:24,170 - INFO: Round 1, Warmup Epoch 0: loss=1.0875, acc(pseudo)=72.54%
2025-12-19 22:23:24,394 - INFO: Epoch: [1][  0/301]	Time  0.219 ( 0.219)	Loss 1.3009e+00 (1.3009e+00)	Acc pseudo  70.31 ( 70.31)	Lr 1.000e-03 (1.000e-03)
2025-12-19 22:23:24,562 - INFO: Epoch: [1][ 50/301]	Time  0.003 ( 0.007)	Loss 7.2526e-01 (8.4206e-01)	Acc pseudo  87.50 ( 78.31)	Lr 1.000e-03 (1.000e-03)
2025-12-19 22:23:24,709 - INFO: Epoch: [1][100/301]	Time  0.003 ( 0.005)	Loss 4.9121e-01 (8.2166e-01)	Acc pseudo  82.81 ( 78.59)	Lr 1.000e-03 (1.000e-03)
2025-12-19 22:23:24,851 - INFO: Epoch: [1][150/301]	Time  0.003 ( 0.004)	Loss 7.2998e-01 (8.1677e-01)	Acc pseudo  81.25 ( 78.46)	Lr 1.000e-03 (1.000e-03)
2025-12-19 22:23:24,997 - INFO: Epoch: [1][200/301]	Time  0.003 ( 0.004)	Loss 8.5222e-01 (8.2002e-01)	Acc pseudo  76.56 ( 78.36)	Lr 1.000e-03 (1.000e-03)
2025-12-19 22:23:25,126 - INFO: Epoch: [1][250/301]	Time  0.002 ( 0.004)	Loss 8.9389e-01 (8.1625e-01)	Acc pseudo  73.44 ( 78.21)	Lr 1.000e-03 (1.000e-03)
2025-12-19 22:23:25,249 - INFO: Epoch: [1][300/301]	Time  0.002 ( 0.003)	Loss 7.9018e-01 (8.1180e-01)	Acc pseudo  76.00 ( 78.29)	Lr 1.000e-03 (1.000e-03)
2025-12-19 22:23:25,312 - INFO: Round 1, Warmup Epoch 1: loss=0.8118, acc(pseudo)=78.29%
2025-12-19 22:23:25,335 - INFO: Fine-tuning embedding model for 20 epochs...
2025-12-19 22:23:25,652 - INFO: Epoch: [0][  0/301]	Time  0.314 ( 0.314)	Loss 7.3105e-01 (7.3105e-01)	Acc pseudo  73.44 ( 73.44)	Lr 1.000e-03 (1.000e-03)
2025-12-19 22:23:25,818 - INFO: Epoch: [0][ 50/301]	Time  0.003 ( 0.009)	Loss 8.0388e-01 (9.9420e-01)	Acc pseudo  76.56 ( 74.14)	Lr 1.000e-03 (1.000e-03)
2025-12-19 22:23:25,971 - INFO: Epoch: [0][100/301]	Time  0.003 ( 0.006)	Loss 1.2371e+00 (9.6132e-01)	Acc pseudo  75.00 ( 75.22)	Lr 1.000e-03 (1.000e-03)
2025-12-19 22:23:26,118 - INFO: Epoch: [0][150/301]	Time  0.003 ( 0.005)	Loss 6.0748e-01 (9.3600e-01)	Acc pseudo  78.12 ( 75.46)	Lr 1.000e-03 (1.000e-03)
2025-12-19 22:23:26,275 - INFO: Epoch: [0][200/301]	Time  0.003 ( 0.005)	Loss 5.0944e-01 (9.1760e-01)	Acc pseudo  87.50 ( 75.87)	Lr 1.000e-03 (1.000e-03)
2025-12-19 22:23:26,421 - INFO: Epoch: [0][250/301]	Time  0.003 ( 0.004)	Loss 7.6422e-01 (9.0217e-01)	Acc pseudo  82.81 ( 75.97)	Lr 1.000e-03 (1.000e-03)
2025-12-19 22:23:26,563 - INFO: Epoch: [0][300/301]	Time  0.002 ( 0.004)	Loss 1.5380e+00 (8.9703e-01)	Acc pseudo  72.00 ( 75.94)	Lr 1.000e-03 (1.000e-03)
2025-12-19 22:23:26,630 - INFO: Round 1, Fine-tune Epoch 0: loss=0.8970, acc(pseudo)=75.94%
2025-12-19 22:23:39,021 - INFO: Round 1, Fine-tune Epoch 0: acc(valid_pseudo): 0.6651, acc(valid): 0.6100
2025-12-19 22:23:44,195 - INFO: Epoch: [1][  0/301]	Time  0.245 ( 0.245)	Loss 5.4026e-01 (5.4026e-01)	Acc pseudo  82.81 ( 82.81)	Lr 1.000e-03 (1.000e-03)
2025-12-19 22:23:44,361 - INFO: Epoch: [1][ 50/301]	Time  0.003 ( 0.008)	Loss 1.2322e+00 (7.8362e-01)	Acc pseudo  68.75 ( 78.40)	Lr 1.000e-03 (1.000e-03)
2025-12-19 22:23:44,514 - INFO: Epoch: [1][100/301]	Time  0.004 ( 0.005)	Loss 9.1808e-01 (7.5789e-01)	Acc pseudo  81.25 ( 78.68)	Lr 1.000e-03 (1.000e-03)
2025-12-19 22:23:44,665 - INFO: Epoch: [1][150/301]	Time  0.003 ( 0.005)	Loss 7.8445e-01 (7.5536e-01)	Acc pseudo  78.12 ( 78.93)	Lr 1.000e-03 (1.000e-03)
2025-12-19 22:23:44,818 - INFO: Epoch: [1][200/301]	Time  0.003 ( 0.004)	Loss 7.6653e-01 (7.4701e-01)	Acc pseudo  71.88 ( 79.30)	Lr 1.000e-03 (1.000e-03)
2025-12-19 22:23:44,966 - INFO: Epoch: [1][250/301]	Time  0.003 ( 0.004)	Loss 5.3532e-01 (7.5738e-01)	Acc pseudo  82.81 ( 79.29)	Lr 1.000e-03 (1.000e-03)
2025-12-19 22:23:45,107 - INFO: Epoch: [1][300/301]	Time  0.002 ( 0.004)	Loss 1.2120e+00 (7.6560e-01)	Acc pseudo  68.00 ( 79.09)	Lr 1.000e-03 (1.000e-03)
2025-12-19 22:23:45,170 - INFO: Round 1, Fine-tune Epoch 1: loss=0.7656, acc(pseudo)=79.09%
2025-12-19 22:23:57,562 - INFO: Round 1, Fine-tune Epoch 1: acc(valid_pseudo): 0.8742, acc(valid): 0.7300
2025-12-19 22:24:02,782 - INFO: Epoch: [2][  0/301]	Time  0.250 ( 0.250)	Loss 8.4842e-01 (8.4842e-01)	Acc pseudo  78.12 ( 78.12)	Lr 1.000e-03 (1.000e-03)
2025-12-19 22:24:02,966 - INFO: Epoch: [2][ 50/301]	Time  0.003 ( 0.008)	Loss 1.2917e+00 (7.3511e-01)	Acc pseudo  79.69 ( 79.35)	Lr 1.000e-03 (1.000e-03)
2025-12-19 22:24:03,133 - INFO: Epoch: [2][100/301]	Time  0.004 ( 0.006)	Loss 8.2138e-01 (7.2036e-01)	Acc pseudo  75.00 ( 79.94)	Lr 1.000e-03 (1.000e-03)
2025-12-19 22:24:03,297 - INFO: Epoch: [2][150/301]	Time  0.003 ( 0.005)	Loss 9.0633e-01 (7.1569e-01)	Acc pseudo  81.25 ( 80.37)	Lr 1.000e-03 (1.000e-03)
2025-12-19 22:24:03,454 - INFO: Epoch: [2][200/301]	Time  0.003 ( 0.004)	Loss 9.1654e-01 (7.1211e-01)	Acc pseudo  76.56 ( 80.12)	Lr 1.000e-03 (1.000e-03)
2025-12-19 22:24:03,611 - INFO: Epoch: [2][250/301]	Time  0.003 ( 0.004)	Loss 3.9996e-01 (7.1732e-01)	Acc pseudo  87.50 ( 79.99)	Lr 1.000e-03 (1.000e-03)
2025-12-19 22:24:03,753 - INFO: Epoch: [2][300/301]	Time  0.002 ( 0.004)	Loss 5.6025e-01 (7.1636e-01)	Acc pseudo  80.00 ( 80.09)	Lr 1.000e-03 (1.000e-03)
2025-12-19 22:24:03,819 - INFO: Round 1, Fine-tune Epoch 2: loss=0.7164, acc(pseudo)=80.09%
2025-12-19 22:24:18,713 - INFO: Round 1, Fine-tune Epoch 2: acc(valid_pseudo): 0.9166, acc(valid): 0.7575
2025-12-19 22:24:23,515 - INFO: Epoch: [3][  0/301]	Time  0.232 ( 0.232)	Loss 3.8881e-01 (3.8881e-01)	Acc pseudo  82.81 ( 82.81)	Lr 1.000e-03 (1.000e-03)
2025-12-19 22:24:23,689 - INFO: Epoch: [3][ 50/301]	Time  0.003 ( 0.008)	Loss 5.6138e-01 (6.5598e-01)	Acc pseudo  82.81 ( 81.59)	Lr 1.000e-03 (1.000e-03)
2025-12-19 22:24:23,842 - INFO: Epoch: [3][100/301]	Time  0.003 ( 0.005)	Loss 1.0498e+00 (6.6244e-01)	Acc pseudo  70.31 ( 81.64)	Lr 1.000e-03 (1.000e-03)
2025-12-19 22:24:23,999 - INFO: Epoch: [3][150/301]	Time  0.003 ( 0.005)	Loss 3.8412e-01 (6.6279e-01)	Acc pseudo  85.94 ( 81.63)	Lr 1.000e-03 (1.000e-03)
2025-12-19 22:24:24,153 - INFO: Epoch: [3][200/301]	Time  0.003 ( 0.004)	Loss 4.8085e-01 (6.7751e-01)	Acc pseudo  82.81 ( 81.19)	Lr 1.000e-03 (1.000e-03)
2025-12-19 22:24:24,299 - INFO: Epoch: [3][250/301]	Time  0.003 ( 0.004)	Loss 8.7919e-01 (6.7646e-01)	Acc pseudo  82.81 ( 81.06)	Lr 1.000e-03 (1.000e-03)
2025-12-19 22:24:24,444 - INFO: Epoch: [3][300/301]	Time  0.002 ( 0.004)	Loss 7.0513e-01 (6.7770e-01)	Acc pseudo  92.00 ( 81.17)	Lr 1.000e-03 (1.000e-03)
2025-12-19 22:24:24,508 - INFO: Round 1, Fine-tune Epoch 3: loss=0.6777, acc(pseudo)=81.17%
2025-12-19 22:24:37,745 - INFO: Round 1, Fine-tune Epoch 3: acc(valid_pseudo): 0.9465, acc(valid): 0.8000
2025-12-19 22:24:42,554 - INFO: Epoch: [4][  0/301]	Time  0.261 ( 0.261)	Loss 7.9751e-01 (7.9751e-01)	Acc pseudo  76.56 ( 76.56)	Lr 1.000e-03 (1.000e-03)
2025-12-19 22:24:42,739 - INFO: Epoch: [4][ 50/301]	Time  0.003 ( 0.009)	Loss 5.5507e-01 (6.4726e-01)	Acc pseudo  82.81 ( 81.65)	Lr 1.000e-03 (1.000e-03)
2025-12-19 22:24:42,901 - INFO: Epoch: [4][100/301]	Time  0.004 ( 0.006)	Loss 5.6332e-01 (6.5454e-01)	Acc pseudo  81.25 ( 80.94)	Lr 1.000e-03 (1.000e-03)
2025-12-19 22:24:43,063 - INFO: Epoch: [4][150/301]	Time  0.004 ( 0.005)	Loss 5.6949e-01 (6.5934e-01)	Acc pseudo  82.81 ( 80.93)	Lr 1.000e-03 (1.000e-03)
2025-12-19 22:24:43,215 - INFO: Epoch: [4][200/301]	Time  0.003 ( 0.005)	Loss 5.7761e-01 (6.5844e-01)	Acc pseudo  78.12 ( 81.06)	Lr 1.000e-03 (1.000e-03)
2025-12-19 22:24:43,364 - INFO: Epoch: [4][250/301]	Time  0.003 ( 0.004)	Loss 8.7102e-01 (6.5160e-01)	Acc pseudo  78.12 ( 81.30)	Lr 1.000e-03 (1.000e-03)
2025-12-19 22:24:43,511 - INFO: Epoch: [4][300/301]	Time  0.002 ( 0.004)	Loss 5.9652e-01 (6.5093e-01)	Acc pseudo  76.00 ( 81.35)	Lr 1.000e-03 (1.000e-03)
2025-12-19 22:24:43,574 - INFO: Round 1, Fine-tune Epoch 4: loss=0.6509, acc(pseudo)=81.35%
2025-12-19 22:24:57,942 - INFO: Round 1, Fine-tune Epoch 4: acc(valid_pseudo): 0.9409, acc(valid): 0.8200
2025-12-19 22:24:57,943 - INFO: Round 1, Fine-tune Epoch 4: No improvement in validation accuracy. Patience(epoch): 1/5
2025-12-19 22:24:58,202 - INFO: Epoch: [5][  0/301]	Time  0.249 ( 0.249)	Loss 9.0682e-01 (9.0682e-01)	Acc pseudo  73.44 ( 73.44)	Lr 1.000e-03 (1.000e-03)
2025-12-19 22:24:58,368 - INFO: Epoch: [5][ 50/301]	Time  0.003 ( 0.008)	Loss 5.9023e-01 (6.4141e-01)	Acc pseudo  85.94 ( 80.55)	Lr 1.000e-03 (1.000e-03)
2025-12-19 22:24:58,523 - INFO: Epoch: [5][100/301]	Time  0.003 ( 0.006)	Loss 3.5033e-01 (6.0587e-01)	Acc pseudo  87.50 ( 81.87)	Lr 1.000e-03 (1.000e-03)
2025-12-19 22:24:58,677 - INFO: Epoch: [5][150/301]	Time  0.003 ( 0.005)	Loss 6.0222e-01 (6.1223e-01)	Acc pseudo  82.81 ( 81.89)	Lr 1.000e-03 (1.000e-03)
2025-12-19 22:24:58,834 - INFO: Epoch: [5][200/301]	Time  0.004 ( 0.004)	Loss 9.6519e-01 (6.2669e-01)	Acc pseudo  73.44 ( 81.77)	Lr 1.000e-03 (1.000e-03)
2025-12-19 22:24:58,986 - INFO: Epoch: [5][250/301]	Time  0.003 ( 0.004)	Loss 8.0863e-01 (6.2993e-01)	Acc pseudo  75.00 ( 81.65)	Lr 1.000e-03 (1.000e-03)
2025-12-19 22:24:59,127 - INFO: Epoch: [5][300/301]	Time  0.002 ( 0.004)	Loss 3.5184e-01 (6.3140e-01)	Acc pseudo  96.00 ( 81.68)	Lr 1.000e-03 (1.000e-03)
2025-12-19 22:24:59,191 - INFO: Round 1, Fine-tune Epoch 5: loss=0.6314, acc(pseudo)=81.68%
2025-12-19 22:25:12,365 - INFO: Round 1, Fine-tune Epoch 5: acc(valid_pseudo): 0.9225, acc(valid): 0.7975
2025-12-19 22:25:12,365 - INFO: Round 1, Fine-tune Epoch 5: No improvement in validation accuracy. Patience(epoch): 2/5
2025-12-19 22:25:12,595 - INFO: Epoch: [6][  0/301]	Time  0.224 ( 0.224)	Loss 4.1657e-01 (4.1657e-01)	Acc pseudo  90.62 ( 90.62)	Lr 1.000e-03 (1.000e-03)
2025-12-19 22:25:12,777 - INFO: Epoch: [6][ 50/301]	Time  0.003 ( 0.008)	Loss 4.5249e-01 (5.4651e-01)	Acc pseudo  85.94 ( 84.50)	Lr 1.000e-03 (1.000e-03)
2025-12-19 22:25:12,931 - INFO: Epoch: [6][100/301]	Time  0.003 ( 0.005)	Loss 7.7783e-01 (6.0131e-01)	Acc pseudo  71.88 ( 83.03)	Lr 1.000e-03 (1.000e-03)
2025-12-19 22:25:13,081 - INFO: Epoch: [6][150/301]	Time  0.003 ( 0.005)	Loss 4.3201e-01 (6.0525e-01)	Acc pseudo  85.94 ( 82.70)	Lr 1.000e-03 (1.000e-03)
2025-12-19 22:25:13,248 - INFO: Epoch: [6][200/301]	Time  0.003 ( 0.004)	Loss 5.6225e-01 (6.1118e-01)	Acc pseudo  81.25 ( 82.31)	Lr 1.000e-03 (1.000e-03)
2025-12-19 22:25:13,408 - INFO: Epoch: [6][250/301]	Time  0.003 ( 0.004)	Loss 6.5727e-01 (6.1524e-01)	Acc pseudo  75.00 ( 82.05)	Lr 1.000e-03 (1.000e-03)
2025-12-19 22:25:13,551 - INFO: Epoch: [6][300/301]	Time  0.002 ( 0.004)	Loss 4.8433e-01 (6.2073e-01)	Acc pseudo  88.00 ( 82.02)	Lr 1.000e-03 (1.000e-03)
2025-12-19 22:25:13,616 - INFO: Round 1, Fine-tune Epoch 6: loss=0.6207, acc(pseudo)=82.02%
2025-12-19 22:25:26,468 - INFO: Round 1, Fine-tune Epoch 6: acc(valid_pseudo): 0.9128, acc(valid): 0.7875
2025-12-19 22:25:26,468 - INFO: Round 1, Fine-tune Epoch 6: No improvement in validation accuracy. Patience(epoch): 3/5
2025-12-19 22:25:26,701 - INFO: Epoch: [7][  0/301]	Time  0.228 ( 0.228)	Loss 4.2597e-01 (4.2597e-01)	Acc pseudo  90.62 ( 90.62)	Lr 1.000e-03 (1.000e-03)
2025-12-19 22:25:26,890 - INFO: Epoch: [7][ 50/301]	Time  0.003 ( 0.008)	Loss 7.7898e-01 (5.6092e-01)	Acc pseudo  84.38 ( 83.49)	Lr 1.000e-03 (1.000e-03)
2025-12-19 22:25:27,055 - INFO: Epoch: [7][100/301]	Time  0.004 ( 0.006)	Loss 4.2545e-01 (5.9477e-01)	Acc pseudo  85.94 ( 82.27)	Lr 1.000e-03 (1.000e-03)
2025-12-19 22:25:27,230 - INFO: Epoch: [7][150/301]	Time  0.003 ( 0.005)	Loss 4.2077e-01 (5.9881e-01)	Acc pseudo  87.50 ( 82.09)	Lr 1.000e-03 (1.000e-03)
2025-12-19 22:25:27,385 - INFO: Epoch: [7][200/301]	Time  0.003 ( 0.004)	Loss 7.9728e-01 (5.9358e-01)	Acc pseudo  73.44 ( 82.34)	Lr 1.000e-03 (1.000e-03)
2025-12-19 22:25:27,550 - INFO: Epoch: [7][250/301]	Time  0.003 ( 0.004)	Loss 4.8676e-01 (5.9635e-01)	Acc pseudo  84.38 ( 82.37)	Lr 1.000e-03 (1.000e-03)
2025-12-19 22:25:27,698 - INFO: Epoch: [7][300/301]	Time  0.002 ( 0.004)	Loss 8.8111e-01 (6.0441e-01)	Acc pseudo  72.00 ( 82.21)	Lr 1.000e-03 (1.000e-03)
2025-12-19 22:25:27,766 - INFO: Round 1, Fine-tune Epoch 7: loss=0.6044, acc(pseudo)=82.21%
2025-12-19 22:25:41,370 - INFO: Round 1, Fine-tune Epoch 7: acc(valid_pseudo): 0.8897, acc(valid): 0.7800
2025-12-19 22:25:41,371 - INFO: Round 1, Fine-tune Epoch 7: No improvement in validation accuracy. Patience(epoch): 4/5
2025-12-19 22:25:41,610 - INFO: Epoch: [8][  0/301]	Time  0.233 ( 0.233)	Loss 3.6179e-01 (3.6179e-01)	Acc pseudo  82.81 ( 82.81)	Lr 1.000e-03 (1.000e-03)
2025-12-19 22:25:41,790 - INFO: Epoch: [8][ 50/301]	Time  0.004 ( 0.008)	Loss 3.0629e-01 (5.6961e-01)	Acc pseudo  92.19 ( 83.76)	Lr 1.000e-03 (1.000e-03)
2025-12-19 22:25:41,946 - INFO: Epoch: [8][100/301]	Time  0.003 ( 0.006)	Loss 4.2126e-01 (5.6556e-01)	Acc pseudo  85.94 ( 83.48)	Lr 1.000e-03 (1.000e-03)
2025-12-19 22:25:42,096 - INFO: Epoch: [8][150/301]	Time  0.003 ( 0.005)	Loss 6.6391e-01 (5.6544e-01)	Acc pseudo  75.00 ( 83.43)	Lr 1.000e-03 (1.000e-03)
2025-12-19 22:25:42,252 - INFO: Epoch: [8][200/301]	Time  0.003 ( 0.004)	Loss 5.4144e-01 (5.7107e-01)	Acc pseudo  79.69 ( 83.26)	Lr 1.000e-03 (1.000e-03)
2025-12-19 22:25:42,408 - INFO: Epoch: [8][250/301]	Time  0.003 ( 0.004)	Loss 5.3307e-01 (5.7710e-01)	Acc pseudo  78.12 ( 83.01)	Lr 1.000e-03 (1.000e-03)
2025-12-19 22:25:42,557 - INFO: Epoch: [8][300/301]	Time  0.002 ( 0.004)	Loss 6.4762e-01 (5.8302e-01)	Acc pseudo  88.00 ( 82.81)	Lr 1.000e-03 (1.000e-03)
2025-12-19 22:25:42,620 - INFO: Round 1, Fine-tune Epoch 8: loss=0.5830, acc(pseudo)=82.81%
2025-12-19 22:25:55,096 - INFO: Round 1, Fine-tune Epoch 8: acc(valid_pseudo): 0.9588, acc(valid): 0.8225
2025-12-19 22:26:00,312 - INFO: Epoch: [9][  0/301]	Time  0.242 ( 0.242)	Loss 6.0318e-01 (6.0318e-01)	Acc pseudo  79.69 ( 79.69)	Lr 1.000e-03 (1.000e-03)
2025-12-19 22:26:00,484 - INFO: Epoch: [9][ 50/301]	Time  0.003 ( 0.008)	Loss 4.7066e-01 (5.6518e-01)	Acc pseudo  84.38 ( 82.69)	Lr 1.000e-03 (1.000e-03)
2025-12-19 22:26:00,644 - INFO: Epoch: [9][100/301]	Time  0.003 ( 0.006)	Loss 5.1130e-01 (5.6255e-01)	Acc pseudo  84.38 ( 83.25)	Lr 1.000e-03 (1.000e-03)
2025-12-19 22:26:00,821 - INFO: Epoch: [9][150/301]	Time  0.003 ( 0.005)	Loss 8.5862e-01 (5.6890e-01)	Acc pseudo  71.88 ( 82.85)	Lr 1.000e-03 (1.000e-03)
2025-12-19 22:26:00,974 - INFO: Epoch: [9][200/301]	Time  0.003 ( 0.004)	Loss 6.8988e-01 (5.6968e-01)	Acc pseudo  78.12 ( 82.93)	Lr 1.000e-03 (1.000e-03)
2025-12-19 22:26:01,136 - INFO: Epoch: [9][250/301]	Time  0.003 ( 0.004)	Loss 5.6460e-01 (5.6697e-01)	Acc pseudo  82.81 ( 83.01)	Lr 1.000e-03 (1.000e-03)
2025-12-19 22:26:01,281 - INFO: Epoch: [9][300/301]	Time  0.002 ( 0.004)	Loss 9.2294e-01 (5.7884e-01)	Acc pseudo  64.00 ( 82.70)	Lr 1.000e-03 (1.000e-03)
2025-12-19 22:26:01,346 - INFO: Round 1, Fine-tune Epoch 9: loss=0.5788, acc(pseudo)=82.70%
2025-12-19 22:26:16,644 - INFO: Round 1, Fine-tune Epoch 9: acc(valid_pseudo): 0.9359, acc(valid): 0.8175
2025-12-19 22:26:16,644 - INFO: Round 1, Fine-tune Epoch 9: No improvement in validation accuracy. Patience(epoch): 1/5
2025-12-19 22:26:16,873 - INFO: Epoch: [10][  0/301]	Time  0.224 ( 0.224)	Loss 8.8897e-01 (8.8897e-01)	Acc pseudo  78.12 ( 78.12)	Lr 1.000e-03 (1.000e-03)
2025-12-19 22:26:17,051 - INFO: Epoch: [10][ 50/301]	Time  0.003 ( 0.008)	Loss 4.3147e-01 (5.9355e-01)	Acc pseudo  85.94 ( 81.99)	Lr 1.000e-03 (1.000e-03)
2025-12-19 22:26:17,222 - INFO: Epoch: [10][100/301]	Time  0.003 ( 0.006)	Loss 5.9378e-01 (5.5383e-01)	Acc pseudo  84.38 ( 83.21)	Lr 1.000e-03 (1.000e-03)
2025-12-19 22:26:17,400 - INFO: Epoch: [10][150/301]	Time  0.003 ( 0.005)	Loss 3.2881e-01 (5.5796e-01)	Acc pseudo  85.94 ( 83.34)	Lr 1.000e-03 (1.000e-03)
2025-12-19 22:26:17,570 - INFO: Epoch: [10][200/301]	Time  0.003 ( 0.004)	Loss 5.0566e-01 (5.5675e-01)	Acc pseudo  81.25 ( 83.22)	Lr 1.000e-03 (1.000e-03)
2025-12-19 22:26:17,729 - INFO: Epoch: [10][250/301]	Time  0.003 ( 0.004)	Loss 3.7034e-01 (5.5865e-01)	Acc pseudo  87.50 ( 83.20)	Lr 1.000e-03 (1.000e-03)
2025-12-19 22:26:17,881 - INFO: Epoch: [10][300/301]	Time  0.002 ( 0.004)	Loss 4.8680e-01 (5.6728e-01)	Acc pseudo  84.00 ( 83.15)	Lr 1.000e-03 (1.000e-03)
2025-12-19 22:26:17,945 - INFO: Round 1, Fine-tune Epoch 10: loss=0.5673, acc(pseudo)=83.15%
2025-12-19 22:26:31,239 - INFO: Round 1, Fine-tune Epoch 10: acc(valid_pseudo): 0.8731, acc(valid): 0.7625
2025-12-19 22:26:31,239 - INFO: Round 1, Fine-tune Epoch 10: No improvement in validation accuracy. Patience(epoch): 2/5
2025-12-19 22:26:31,519 - INFO: Epoch: [11][  0/301]	Time  0.274 ( 0.274)	Loss 4.4539e-01 (4.4539e-01)	Acc pseudo  85.94 ( 85.94)	Lr 1.000e-03 (1.000e-03)
2025-12-19 22:26:31,686 - INFO: Epoch: [11][ 50/301]	Time  0.003 ( 0.009)	Loss 5.0831e-01 (5.1931e-01)	Acc pseudo  82.81 ( 84.28)	Lr 1.000e-03 (1.000e-03)
2025-12-19 22:26:31,848 - INFO: Epoch: [11][100/301]	Time  0.003 ( 0.006)	Loss 3.5684e-01 (5.2081e-01)	Acc pseudo  89.06 ( 84.72)	Lr 1.000e-03 (1.000e-03)
2025-12-19 22:26:32,007 - INFO: Epoch: [11][150/301]	Time  0.003 ( 0.005)	Loss 8.5757e-01 (5.3431e-01)	Acc pseudo  73.44 ( 84.14)	Lr 1.000e-03 (1.000e-03)
2025-12-19 22:26:32,162 - INFO: Epoch: [11][200/301]	Time  0.003 ( 0.004)	Loss 6.2112e-01 (5.4131e-01)	Acc pseudo  84.38 ( 83.94)	Lr 1.000e-03 (1.000e-03)
2025-12-19 22:26:32,316 - INFO: Epoch: [11][250/301]	Time  0.004 ( 0.004)	Loss 8.1674e-01 (5.5082e-01)	Acc pseudo  81.25 ( 83.75)	Lr 1.000e-03 (1.000e-03)
2025-12-19 22:26:32,463 - INFO: Epoch: [11][300/301]	Time  0.002 ( 0.004)	Loss 6.6991e-01 (5.5668e-01)	Acc pseudo  80.00 ( 83.53)	Lr 1.000e-03 (1.000e-03)
2025-12-19 22:26:32,527 - INFO: Round 1, Fine-tune Epoch 11: loss=0.5567, acc(pseudo)=83.53%
2025-12-19 22:26:44,602 - INFO: Round 1, Fine-tune Epoch 11: acc(valid_pseudo): 0.8897, acc(valid): 0.7625
2025-12-19 22:26:44,602 - INFO: Round 1, Fine-tune Epoch 11: No improvement in validation accuracy. Patience(epoch): 3/5
2025-12-19 22:26:44,846 - INFO: Epoch: [12][  0/301]	Time  0.237 ( 0.237)	Loss 5.6124e-01 (5.6124e-01)	Acc pseudo  85.94 ( 85.94)	Lr 1.000e-03 (1.000e-03)
2025-12-19 22:26:45,018 - INFO: Epoch: [12][ 50/301]	Time  0.003 ( 0.008)	Loss 5.8849e-01 (5.4580e-01)	Acc pseudo  81.25 ( 83.24)	Lr 1.000e-03 (1.000e-03)
2025-12-19 22:26:45,178 - INFO: Epoch: [12][100/301]	Time  0.003 ( 0.006)	Loss 3.5903e-01 (5.4694e-01)	Acc pseudo  87.50 ( 83.34)	Lr 1.000e-03 (1.000e-03)
2025-12-19 22:26:45,352 - INFO: Epoch: [12][150/301]	Time  0.003 ( 0.005)	Loss 4.6809e-01 (5.3374e-01)	Acc pseudo  82.81 ( 83.60)	Lr 1.000e-03 (1.000e-03)
2025-12-19 22:26:45,504 - INFO: Epoch: [12][200/301]	Time  0.003 ( 0.004)	Loss 5.0197e-01 (5.4683e-01)	Acc pseudo  82.81 ( 83.40)	Lr 1.000e-03 (1.000e-03)
2025-12-19 22:26:45,662 - INFO: Epoch: [12][250/301]	Time  0.003 ( 0.004)	Loss 4.9428e-01 (5.5549e-01)	Acc pseudo  85.94 ( 83.24)	Lr 1.000e-03 (1.000e-03)
2025-12-19 22:26:45,807 - INFO: Epoch: [12][300/301]	Time  0.002 ( 0.004)	Loss 5.1315e-01 (5.5592e-01)	Acc pseudo  80.00 ( 83.20)	Lr 1.000e-03 (1.000e-03)
2025-12-19 22:26:45,869 - INFO: Round 1, Fine-tune Epoch 12: loss=0.5559, acc(pseudo)=83.20%
2025-12-19 22:27:00,081 - INFO: Round 1, Fine-tune Epoch 12: acc(valid_pseudo): 0.9184, acc(valid): 0.7425
2025-12-19 22:27:00,083 - INFO: Round 1, Fine-tune Epoch 12: No improvement in validation accuracy. Patience(epoch): 4/5
2025-12-19 22:27:00,327 - INFO: Epoch: [13][  0/301]	Time  0.239 ( 0.239)	Loss 4.9040e-01 (4.9040e-01)	Acc pseudo  87.50 ( 87.50)	Lr 1.000e-03 (1.000e-03)
2025-12-19 22:27:00,530 - INFO: Epoch: [13][ 50/301]	Time  0.003 ( 0.009)	Loss 4.7172e-01 (5.1462e-01)	Acc pseudo  87.50 ( 84.22)	Lr 1.000e-03 (1.000e-03)
2025-12-19 22:27:00,691 - INFO: Epoch: [13][100/301]	Time  0.003 ( 0.006)	Loss 4.8315e-01 (5.2734e-01)	Acc pseudo  84.38 ( 83.94)	Lr 1.000e-03 (1.000e-03)
2025-12-19 22:27:00,845 - INFO: Epoch: [13][150/301]	Time  0.003 ( 0.005)	Loss 5.3403e-01 (5.3332e-01)	Acc pseudo  81.25 ( 83.35)	Lr 1.000e-03 (1.000e-03)
2025-12-19 22:27:01,003 - INFO: Epoch: [13][200/301]	Time  0.003 ( 0.004)	Loss 6.3395e-01 (5.3760e-01)	Acc pseudo  79.69 ( 83.43)	Lr 1.000e-03 (1.000e-03)
2025-12-19 22:27:01,162 - INFO: Epoch: [13][250/301]	Time  0.003 ( 0.004)	Loss 7.0300e-01 (5.4434e-01)	Acc pseudo  79.69 ( 83.32)	Lr 1.000e-03 (1.000e-03)
2025-12-19 22:27:01,312 - INFO: Epoch: [13][300/301]	Time  0.002 ( 0.004)	Loss 3.2478e-01 (5.4394e-01)	Acc pseudo  88.00 ( 83.49)	Lr 1.000e-03 (1.000e-03)
2025-12-19 22:27:01,378 - INFO: Round 1, Fine-tune Epoch 13: loss=0.5439, acc(pseudo)=83.49%
2025-12-19 22:27:13,235 - INFO: Round 1, Fine-tune Epoch 13: acc(valid_pseudo): 0.9459, acc(valid): 0.8075
2025-12-19 22:27:13,235 - INFO: Round 1, Fine-tune Epoch 13: No improvement in validation accuracy. Patience(epoch): 5/5
2025-12-19 22:27:13,235 - INFO: Early stopping at epoch 13 due to no improvement in validation accuracy for 5 epochs.
2025-12-19 22:27:13,236 - INFO: Round 1: Best fine-tuned epoch=8, acc(valid_pseudo)=0.9588
2025-12-19 22:27:13,330 - INFO: Using HMM model from previous round: runs/I love my family/exp_video/result/self_supervised/exp0/round0/pseudo_label/hmm_params.pkl
2025-12-19 23:14:17,571 - INFO: Round 1: acc(valid)=0.8400, acc(test)=0.8219
2025-12-19 23:14:17,584 - INFO: ====================
2025-12-19 23:14:17,584 - INFO: Round 2: Fine-tuning iteration
2025-12-19 23:14:17,584 - INFO: ====================
2025-12-19 23:14:17,596 - INFO: Round 2 Part 1: Fine-tuning embedding model
2025-12-19 23:14:17,600 - INFO: Using pseudo-label file: runs/I love my family/exp_video/result/self_supervised/exp0/round1/pseudo_label/pseudo_labels_audio_nested_hmm_full(unreliable_pp=100.0).json
2025-12-19 23:14:17,963 - INFO: Warmup training classifier for 2 epochs...
2025-12-19 23:14:18,241 - INFO: Epoch: [0][  0/301]	Time  0.274 ( 0.274)	Loss 2.5327e+00 (2.5327e+00)	Acc pseudo   7.81 (  7.81)	Lr 1.000e-03 (1.000e-03)
2025-12-19 23:14:18,423 - INFO: Epoch: [0][ 50/301]	Time  0.003 ( 0.009)	Loss 1.3506e+00 (1.7115e+00)	Acc pseudo  71.88 ( 59.59)	Lr 1.000e-03 (1.000e-03)
2025-12-19 23:14:18,576 - INFO: Epoch: [0][100/301]	Time  0.003 ( 0.006)	Loss 1.1422e+00 (1.3985e+00)	Acc pseudo  70.31 ( 67.64)	Lr 1.000e-03 (1.000e-03)
2025-12-19 23:14:18,719 - INFO: Epoch: [0][150/301]	Time  0.003 ( 0.005)	Loss 1.0016e+00 (1.2450e+00)	Acc pseudo  71.88 ( 70.56)	Lr 1.000e-03 (1.000e-03)
2025-12-19 23:14:18,852 - INFO: Epoch: [0][200/301]	Time  0.003 ( 0.004)	Loss 5.3093e-01 (1.1507e+00)	Acc pseudo  85.94 ( 72.08)	Lr 1.000e-03 (1.000e-03)
2025-12-19 23:14:18,987 - INFO: Epoch: [0][250/301]	Time  0.003 ( 0.004)	Loss 9.2490e-01 (1.1044e+00)	Acc pseudo  82.81 ( 73.24)	Lr 1.000e-03 (1.000e-03)
2025-12-19 23:14:19,117 - INFO: Epoch: [0][300/301]	Time  0.002 ( 0.004)	Loss 6.1559e-01 (1.0649e+00)	Acc pseudo  84.00 ( 74.27)	Lr 1.000e-03 (1.000e-03)
2025-12-19 23:14:19,181 - INFO: Round 2, Warmup Epoch 0: loss=1.0649, acc(pseudo)=74.27%
2025-12-19 23:14:19,425 - INFO: Epoch: [1][  0/301]	Time  0.240 ( 0.240)	Loss 1.2400e+00 (1.2400e+00)	Acc pseudo  70.31 ( 70.31)	Lr 1.000e-03 (1.000e-03)
2025-12-19 23:14:19,616 - INFO: Epoch: [1][ 50/301]	Time  0.003 ( 0.008)	Loss 6.2837e-01 (7.7431e-01)	Acc pseudo  84.38 ( 79.47)	Lr 1.000e-03 (1.000e-03)
2025-12-19 23:14:19,790 - INFO: Epoch: [1][100/301]	Time  0.003 ( 0.006)	Loss 6.0694e-01 (7.6694e-01)	Acc pseudo  82.81 ( 79.64)	Lr 1.000e-03 (1.000e-03)
2025-12-19 23:14:19,959 - INFO: Epoch: [1][150/301]	Time  0.003 ( 0.005)	Loss 8.0028e-01 (7.5533e-01)	Acc pseudo  75.00 ( 80.20)	Lr 1.000e-03 (1.000e-03)
2025-12-19 23:14:20,098 - INFO: Epoch: [1][200/301]	Time  0.003 ( 0.004)	Loss 8.7460e-01 (7.7530e-01)	Acc pseudo  76.56 ( 79.98)	Lr 1.000e-03 (1.000e-03)
2025-12-19 23:14:20,246 - INFO: Epoch: [1][250/301]	Time  0.003 ( 0.004)	Loss 5.7417e-01 (7.8084e-01)	Acc pseudo  82.81 ( 79.59)	Lr 1.000e-03 (1.000e-03)
2025-12-19 23:14:20,379 - INFO: Epoch: [1][300/301]	Time  0.002 ( 0.004)	Loss 6.3912e-01 (7.8422e-01)	Acc pseudo  76.00 ( 79.58)	Lr 1.000e-03 (1.000e-03)
2025-12-19 23:14:20,445 - INFO: Round 2, Warmup Epoch 1: loss=0.7842, acc(pseudo)=79.58%
2025-12-19 23:14:20,470 - INFO: Fine-tuning embedding model for 20 epochs...
2025-12-19 23:14:20,714 - INFO: Epoch: [0][  0/301]	Time  0.241 ( 0.241)	Loss 9.1518e-01 (9.1518e-01)	Acc pseudo  76.56 ( 76.56)	Lr 1.000e-03 (1.000e-03)
2025-12-19 23:14:20,919 - INFO: Epoch: [0][ 50/301]	Time  0.003 ( 0.009)	Loss 9.1312e-01 (9.3399e-01)	Acc pseudo  73.44 ( 75.03)	Lr 1.000e-03 (1.000e-03)
2025-12-19 23:14:21,085 - INFO: Epoch: [0][100/301]	Time  0.003 ( 0.006)	Loss 1.0056e+00 (9.1007e-01)	Acc pseudo  73.44 ( 76.05)	Lr 1.000e-03 (1.000e-03)
2025-12-19 23:14:21,247 - INFO: Epoch: [0][150/301]	Time  0.003 ( 0.005)	Loss 5.4378e-01 (8.7834e-01)	Acc pseudo  79.69 ( 76.48)	Lr 1.000e-03 (1.000e-03)
2025-12-19 23:14:21,412 - INFO: Epoch: [0][200/301]	Time  0.003 ( 0.005)	Loss 6.8359e-01 (8.8253e-01)	Acc pseudo  81.25 ( 76.84)	Lr 1.000e-03 (1.000e-03)
2025-12-19 23:14:21,578 - INFO: Epoch: [0][250/301]	Time  0.003 ( 0.004)	Loss 5.2136e-01 (8.7019e-01)	Acc pseudo  85.94 ( 77.02)	Lr 1.000e-03 (1.000e-03)
2025-12-19 23:14:21,737 - INFO: Epoch: [0][300/301]	Time  0.002 ( 0.004)	Loss 6.4445e-01 (8.6153e-01)	Acc pseudo  88.00 ( 77.30)	Lr 1.000e-03 (1.000e-03)
2025-12-19 23:14:21,801 - INFO: Round 2, Fine-tune Epoch 0: loss=0.8615, acc(pseudo)=77.30%
2025-12-19 23:14:34,616 - INFO: Round 2, Fine-tune Epoch 0: acc(valid_pseudo): 0.7385, acc(valid): 0.6825
2025-12-19 23:14:39,667 - INFO: Epoch: [1][  0/301]	Time  0.255 ( 0.255)	Loss 5.6050e-01 (5.6050e-01)	Acc pseudo  79.69 ( 79.69)	Lr 1.000e-03 (1.000e-03)
2025-12-19 23:14:39,850 - INFO: Epoch: [1][ 50/301]	Time  0.004 ( 0.008)	Loss 1.1309e+00 (7.3051e-01)	Acc pseudo  67.19 ( 79.75)	Lr 1.000e-03 (1.000e-03)
2025-12-19 23:14:40,016 - INFO: Epoch: [1][100/301]	Time  0.004 ( 0.006)	Loss 7.6894e-01 (7.1216e-01)	Acc pseudo  81.25 ( 80.43)	Lr 1.000e-03 (1.000e-03)
2025-12-19 23:14:40,191 - INFO: Epoch: [1][150/301]	Time  0.003 ( 0.005)	Loss 6.0901e-01 (7.3317e-01)	Acc pseudo  84.38 ( 80.49)	Lr 1.000e-03 (1.000e-03)
2025-12-19 23:14:40,368 - INFO: Epoch: [1][200/301]	Time  0.003 ( 0.005)	Loss 8.4564e-01 (7.3734e-01)	Acc pseudo  78.12 ( 80.53)	Lr 1.000e-03 (1.000e-03)
2025-12-19 23:14:40,528 - INFO: Epoch: [1][250/301]	Time  0.003 ( 0.004)	Loss 7.4442e-01 (7.4170e-01)	Acc pseudo  76.56 ( 80.42)	Lr 1.000e-03 (1.000e-03)
2025-12-19 23:14:40,689 - INFO: Epoch: [1][300/301]	Time  0.002 ( 0.004)	Loss 1.2205e+00 (7.4310e-01)	Acc pseudo  76.00 ( 80.35)	Lr 1.000e-03 (1.000e-03)
2025-12-19 23:14:40,756 - INFO: Round 2, Fine-tune Epoch 1: loss=0.7431, acc(pseudo)=80.35%
2025-12-19 23:14:54,062 - INFO: Round 2, Fine-tune Epoch 1: acc(valid_pseudo): 0.8663, acc(valid): 0.8000
2025-12-19 23:14:59,119 - INFO: Epoch: [2][  0/301]	Time  0.245 ( 0.245)	Loss 1.0670e+00 (1.0670e+00)	Acc pseudo  71.88 ( 71.88)	Lr 1.000e-03 (1.000e-03)
2025-12-19 23:14:59,299 - INFO: Epoch: [2][ 50/301]	Time  0.003 ( 0.008)	Loss 7.3478e-01 (7.0566e-01)	Acc pseudo  82.81 ( 80.88)	Lr 1.000e-03 (1.000e-03)
2025-12-19 23:14:59,476 - INFO: Epoch: [2][100/301]	Time  0.003 ( 0.006)	Loss 8.4871e-01 (6.9507e-01)	Acc pseudo  78.12 ( 81.31)	Lr 1.000e-03 (1.000e-03)
2025-12-19 23:14:59,644 - INFO: Epoch: [2][150/301]	Time  0.004 ( 0.005)	Loss 8.4228e-01 (6.8898e-01)	Acc pseudo  85.94 ( 81.19)	Lr 1.000e-03 (1.000e-03)
2025-12-19 23:14:59,808 - INFO: Epoch: [2][200/301]	Time  0.003 ( 0.005)	Loss 8.0898e-01 (6.8324e-01)	Acc pseudo  81.25 ( 81.13)	Lr 1.000e-03 (1.000e-03)
2025-12-19 23:14:59,974 - INFO: Epoch: [2][250/301]	Time  0.004 ( 0.004)	Loss 4.4414e-01 (6.8245e-01)	Acc pseudo  87.50 ( 81.19)	Lr 1.000e-03 (1.000e-03)
2025-12-19 23:15:00,131 - INFO: Epoch: [2][300/301]	Time  0.002 ( 0.004)	Loss 1.0978e+00 (6.8603e-01)	Acc pseudo  76.00 ( 81.20)	Lr 1.000e-03 (1.000e-03)
2025-12-19 23:15:00,195 - INFO: Round 2, Fine-tune Epoch 2: loss=0.6860, acc(pseudo)=81.20%
2025-12-19 23:15:16,805 - INFO: Round 2, Fine-tune Epoch 2: acc(valid_pseudo): 0.8649, acc(valid): 0.6775
2025-12-19 23:15:16,805 - INFO: Round 2, Fine-tune Epoch 2: No improvement in validation accuracy. Patience(epoch): 1/5
2025-12-19 23:15:17,041 - INFO: Epoch: [3][  0/301]	Time  0.231 ( 0.231)	Loss 4.1370e-01 (4.1370e-01)	Acc pseudo  87.50 ( 87.50)	Lr 1.000e-03 (1.000e-03)
2025-12-19 23:15:17,232 - INFO: Epoch: [3][ 50/301]	Time  0.004 ( 0.008)	Loss 3.8065e-01 (6.2862e-01)	Acc pseudo  89.06 ( 82.66)	Lr 1.000e-03 (1.000e-03)
2025-12-19 23:15:17,413 - INFO: Epoch: [3][100/301]	Time  0.003 ( 0.006)	Loss 1.1261e+00 (6.2818e-01)	Acc pseudo  75.00 ( 82.33)	Lr 1.000e-03 (1.000e-03)
2025-12-19 23:15:17,593 - INFO: Epoch: [3][150/301]	Time  0.003 ( 0.005)	Loss 4.8061e-01 (6.2682e-01)	Acc pseudo  84.38 ( 82.47)	Lr 1.000e-03 (1.000e-03)
2025-12-19 23:15:17,768 - INFO: Epoch: [3][200/301]	Time  0.003 ( 0.005)	Loss 6.6141e-01 (6.3264e-01)	Acc pseudo  81.25 ( 82.11)	Lr 1.000e-03 (1.000e-03)
2025-12-19 23:15:17,936 - INFO: Epoch: [3][250/301]	Time  0.003 ( 0.004)	Loss 6.6820e-01 (6.3517e-01)	Acc pseudo  79.69 ( 82.23)	Lr 1.000e-03 (1.000e-03)
2025-12-19 23:15:18,101 - INFO: Epoch: [3][300/301]	Time  0.003 ( 0.004)	Loss 5.7867e-01 (6.4109e-01)	Acc pseudo  68.00 ( 82.33)	Lr 1.000e-03 (1.000e-03)
2025-12-19 23:15:18,166 - INFO: Round 2, Fine-tune Epoch 3: loss=0.6411, acc(pseudo)=82.33%
2025-12-19 23:15:34,615 - INFO: Round 2, Fine-tune Epoch 3: acc(valid_pseudo): 0.8426, acc(valid): 0.7250
2025-12-19 23:15:34,616 - INFO: Round 2, Fine-tune Epoch 3: No improvement in validation accuracy. Patience(epoch): 2/5
2025-12-19 23:15:34,857 - INFO: Epoch: [4][  0/301]	Time  0.235 ( 0.235)	Loss 6.3225e-01 (6.3225e-01)	Acc pseudo  79.69 ( 79.69)	Lr 1.000e-03 (1.000e-03)
2025-12-19 23:15:35,057 - INFO: Epoch: [4][ 50/301]	Time  0.003 ( 0.008)	Loss 4.2799e-01 (5.9065e-01)	Acc pseudo  82.81 ( 83.82)	Lr 1.000e-03 (1.000e-03)
2025-12-19 23:15:35,233 - INFO: Epoch: [4][100/301]	Time  0.003 ( 0.006)	Loss 8.7414e-01 (6.0024e-01)	Acc pseudo  79.69 ( 83.21)	Lr 1.000e-03 (1.000e-03)
2025-12-19 23:15:35,407 - INFO: Epoch: [4][150/301]	Time  0.004 ( 0.005)	Loss 6.0775e-01 (6.0465e-01)	Acc pseudo  82.81 ( 83.06)	Lr 1.000e-03 (1.000e-03)
2025-12-19 23:15:35,569 - INFO: Epoch: [4][200/301]	Time  0.003 ( 0.005)	Loss 7.4470e-01 (6.0144e-01)	Acc pseudo  78.12 ( 83.15)	Lr 1.000e-03 (1.000e-03)
2025-12-19 23:15:35,735 - INFO: Epoch: [4][250/301]	Time  0.003 ( 0.004)	Loss 9.6637e-01 (6.0690e-01)	Acc pseudo  78.12 ( 83.23)	Lr 1.000e-03 (1.000e-03)
2025-12-19 23:15:35,901 - INFO: Epoch: [4][300/301]	Time  0.002 ( 0.004)	Loss 5.0463e-01 (6.0503e-01)	Acc pseudo  76.00 ( 83.26)	Lr 1.000e-03 (1.000e-03)
2025-12-19 23:15:35,977 - INFO: Round 2, Fine-tune Epoch 4: loss=0.6050, acc(pseudo)=83.26%
2025-12-19 23:15:51,649 - INFO: Round 2, Fine-tune Epoch 4: acc(valid_pseudo): 0.9047, acc(valid): 0.7600
2025-12-19 23:15:59,172 - INFO: Epoch: [5][  0/301]	Time  0.360 ( 0.360)	Loss 5.4451e-01 (5.4451e-01)	Acc pseudo  84.38 ( 84.38)	Lr 1.000e-03 (1.000e-03)
2025-12-19 23:15:59,390 - INFO: Epoch: [5][ 50/301]	Time  0.004 ( 0.011)	Loss 4.1667e-01 (5.7332e-01)	Acc pseudo  89.06 ( 83.00)	Lr 1.000e-03 (1.000e-03)
2025-12-19 23:15:59,568 - INFO: Epoch: [5][100/301]	Time  0.004 ( 0.007)	Loss 3.3157e-01 (5.7311e-01)	Acc pseudo  92.19 ( 83.60)	Lr 1.000e-03 (1.000e-03)
2025-12-19 23:15:59,764 - INFO: Epoch: [5][150/301]	Time  0.004 ( 0.006)	Loss 3.9190e-01 (5.8355e-01)	Acc pseudo  92.19 ( 83.38)	Lr 1.000e-03 (1.000e-03)
2025-12-19 23:15:59,956 - INFO: Epoch: [5][200/301]	Time  0.003 ( 0.006)	Loss 7.7115e-01 (5.9878e-01)	Acc pseudo  79.69 ( 83.11)	Lr 1.000e-03 (1.000e-03)
2025-12-19 23:16:00,149 - INFO: Epoch: [5][250/301]	Time  0.003 ( 0.005)	Loss 6.7485e-01 (6.0718e-01)	Acc pseudo  85.94 ( 82.94)	Lr 1.000e-03 (1.000e-03)
2025-12-19 23:16:00,339 - INFO: Epoch: [5][300/301]	Time  0.003 ( 0.005)	Loss 2.8805e-01 (5.9847e-01)	Acc pseudo  92.00 ( 83.18)	Lr 1.000e-03 (1.000e-03)
2025-12-19 23:16:00,416 - INFO: Round 2, Fine-tune Epoch 5: loss=0.5985, acc(pseudo)=83.18%
2025-12-19 23:16:15,833 - INFO: Round 2, Fine-tune Epoch 5: acc(valid_pseudo): 0.9324, acc(valid): 0.7875
2025-12-19 23:16:21,014 - INFO: Epoch: [6][  0/301]	Time  0.262 ( 0.262)	Loss 5.2597e-01 (5.2597e-01)	Acc pseudo  82.81 ( 82.81)	Lr 1.000e-03 (1.000e-03)
2025-12-19 23:16:21,224 - INFO: Epoch: [6][ 50/301]	Time  0.004 ( 0.009)	Loss 3.1488e-01 (5.0947e-01)	Acc pseudo  90.62 ( 84.93)	Lr 1.000e-03 (1.000e-03)
2025-12-19 23:16:21,404 - INFO: Epoch: [6][100/301]	Time  0.003 ( 0.006)	Loss 4.6981e-01 (5.5554e-01)	Acc pseudo  81.25 ( 83.93)	Lr 1.000e-03 (1.000e-03)
2025-12-19 23:16:21,588 - INFO: Epoch: [6][150/301]	Time  0.004 ( 0.005)	Loss 5.1869e-01 (5.7069e-01)	Acc pseudo  84.38 ( 84.03)	Lr 1.000e-03 (1.000e-03)
2025-12-19 23:16:21,770 - INFO: Epoch: [6][200/301]	Time  0.003 ( 0.005)	Loss 4.0833e-01 (5.7644e-01)	Acc pseudo  87.50 ( 83.97)	Lr 1.000e-03 (1.000e-03)
2025-12-19 23:16:21,951 - INFO: Epoch: [6][250/301]	Time  0.004 ( 0.005)	Loss 4.4429e-01 (5.8609e-01)	Acc pseudo  81.25 ( 83.69)	Lr 1.000e-03 (1.000e-03)
2025-12-19 23:16:22,135 - INFO: Epoch: [6][300/301]	Time  0.003 ( 0.004)	Loss 8.2193e-01 (5.8589e-01)	Acc pseudo  80.00 ( 83.59)	Lr 1.000e-03 (1.000e-03)
2025-12-19 23:16:22,229 - INFO: Round 2, Fine-tune Epoch 6: loss=0.5859, acc(pseudo)=83.59%
2025-12-19 23:16:38,682 - INFO: Round 2, Fine-tune Epoch 6: acc(valid_pseudo): 0.9479, acc(valid): 0.8000
2025-12-19 23:16:46,074 - INFO: Epoch: [7][  0/301]	Time  0.353 ( 0.353)	Loss 6.7554e-01 (6.7554e-01)	Acc pseudo  81.25 ( 81.25)	Lr 1.000e-03 (1.000e-03)
2025-12-19 23:16:46,395 - INFO: Epoch: [7][ 50/301]	Time  0.004 ( 0.013)	Loss 6.7453e-01 (5.5615e-01)	Acc pseudo  79.69 ( 84.19)	Lr 1.000e-03 (1.000e-03)
2025-12-19 23:16:46,604 - INFO: Epoch: [7][100/301]	Time  0.004 ( 0.009)	Loss 3.6986e-01 (5.5614e-01)	Acc pseudo  87.50 ( 83.91)	Lr 1.000e-03 (1.000e-03)
2025-12-19 23:16:46,812 - INFO: Epoch: [7][150/301]	Time  0.004 ( 0.007)	Loss 5.6149e-01 (5.5215e-01)	Acc pseudo  85.94 ( 84.25)	Lr 1.000e-03 (1.000e-03)
2025-12-19 23:16:46,980 - INFO: Epoch: [7][200/301]	Time  0.004 ( 0.006)	Loss 4.1213e-01 (5.5896e-01)	Acc pseudo  89.06 ( 84.34)	Lr 1.000e-03 (1.000e-03)
2025-12-19 23:16:47,182 - INFO: Epoch: [7][250/301]	Time  0.004 ( 0.006)	Loss 6.0366e-01 (5.6843e-01)	Acc pseudo  89.06 ( 84.16)	Lr 1.000e-03 (1.000e-03)
2025-12-19 23:16:47,368 - INFO: Epoch: [7][300/301]	Time  0.003 ( 0.005)	Loss 1.0722e+00 (5.7328e-01)	Acc pseudo  80.00 ( 83.97)	Lr 1.000e-03 (1.000e-03)
2025-12-19 23:16:47,435 - INFO: Round 2, Fine-tune Epoch 7: loss=0.5733, acc(pseudo)=83.97%
2025-12-19 23:17:01,096 - INFO: Round 2, Fine-tune Epoch 7: acc(valid_pseudo): 0.9380, acc(valid): 0.7750
2025-12-19 23:17:01,097 - INFO: Round 2, Fine-tune Epoch 7: No improvement in validation accuracy. Patience(epoch): 1/5
2025-12-19 23:17:01,334 - INFO: Epoch: [8][  0/301]	Time  0.231 ( 0.231)	Loss 3.2983e-01 (3.2983e-01)	Acc pseudo  90.62 ( 90.62)	Lr 1.000e-03 (1.000e-03)
2025-12-19 23:17:01,531 - INFO: Epoch: [8][ 50/301]	Time  0.004 ( 0.008)	Loss 5.6558e-01 (5.3993e-01)	Acc pseudo  84.38 ( 84.53)	Lr 1.000e-03 (1.000e-03)
2025-12-19 23:17:01,744 - INFO: Epoch: [8][100/301]	Time  0.004 ( 0.006)	Loss 3.1297e-01 (5.4641e-01)	Acc pseudo  89.06 ( 84.31)	Lr 1.000e-03 (1.000e-03)
2025-12-19 23:17:01,958 - INFO: Epoch: [8][150/301]	Time  0.005 ( 0.006)	Loss 5.3285e-01 (5.4405e-01)	Acc pseudo  79.69 ( 84.51)	Lr 1.000e-03 (1.000e-03)
2025-12-19 23:17:02,170 - INFO: Epoch: [8][200/301]	Time  0.004 ( 0.005)	Loss 5.4554e-01 (5.5206e-01)	Acc pseudo  87.50 ( 84.21)	Lr 1.000e-03 (1.000e-03)
2025-12-19 23:17:02,380 - INFO: Epoch: [8][250/301]	Time  0.004 ( 0.005)	Loss 5.7706e-01 (5.5653e-01)	Acc pseudo  85.94 ( 84.09)	Lr 1.000e-03 (1.000e-03)
2025-12-19 23:17:02,567 - INFO: Epoch: [8][300/301]	Time  0.002 ( 0.005)	Loss 5.9097e-01 (5.5965e-01)	Acc pseudo  84.00 ( 84.03)	Lr 1.000e-03 (1.000e-03)
2025-12-19 23:17:02,647 - INFO: Round 2, Fine-tune Epoch 8: loss=0.5596, acc(pseudo)=84.03%
2025-12-19 23:17:16,084 - INFO: Round 2, Fine-tune Epoch 8: acc(valid_pseudo): 0.9421, acc(valid): 0.8275
2025-12-19 23:17:16,085 - INFO: Round 2, Fine-tune Epoch 8: No improvement in validation accuracy. Patience(epoch): 2/5
2025-12-19 23:17:16,364 - INFO: Epoch: [9][  0/301]	Time  0.270 ( 0.270)	Loss 4.0927e-01 (4.0927e-01)	Acc pseudo  89.06 ( 89.06)	Lr 1.000e-03 (1.000e-03)
2025-12-19 23:17:16,545 - INFO: Epoch: [9][ 50/301]	Time  0.003 ( 0.009)	Loss 3.4560e-01 (5.4435e-01)	Acc pseudo  89.06 ( 84.62)	Lr 1.000e-03 (1.000e-03)
2025-12-19 23:17:16,718 - INFO: Epoch: [9][100/301]	Time  0.003 ( 0.006)	Loss 4.3239e-01 (5.2194e-01)	Acc pseudo  82.81 ( 84.90)	Lr 1.000e-03 (1.000e-03)
2025-12-19 23:17:16,889 - INFO: Epoch: [9][150/301]	Time  0.003 ( 0.005)	Loss 5.6368e-01 (5.3811e-01)	Acc pseudo  78.12 ( 84.64)	Lr 1.000e-03 (1.000e-03)
2025-12-19 23:17:17,067 - INFO: Epoch: [9][200/301]	Time  0.003 ( 0.005)	Loss 3.8666e-01 (5.3682e-01)	Acc pseudo  89.06 ( 84.47)	Lr 1.000e-03 (1.000e-03)
2025-12-19 23:17:17,245 - INFO: Epoch: [9][250/301]	Time  0.003 ( 0.004)	Loss 8.6477e-01 (5.3295e-01)	Acc pseudo  73.44 ( 84.56)	Lr 1.000e-03 (1.000e-03)
2025-12-19 23:17:17,414 - INFO: Epoch: [9][300/301]	Time  0.002 ( 0.004)	Loss 4.3205e-01 (5.3725e-01)	Acc pseudo  84.00 ( 84.49)	Lr 1.000e-03 (1.000e-03)
2025-12-19 23:17:17,483 - INFO: Round 2, Fine-tune Epoch 9: loss=0.5372, acc(pseudo)=84.49%
2025-12-19 23:17:34,909 - INFO: Round 2, Fine-tune Epoch 9: acc(valid_pseudo): 0.9453, acc(valid): 0.8150
2025-12-19 23:17:34,909 - INFO: Round 2, Fine-tune Epoch 9: No improvement in validation accuracy. Patience(epoch): 3/5
2025-12-19 23:17:35,151 - INFO: Epoch: [10][  0/301]	Time  0.237 ( 0.237)	Loss 6.8392e-01 (6.8392e-01)	Acc pseudo  81.25 ( 81.25)	Lr 1.000e-03 (1.000e-03)
2025-12-19 23:17:35,355 - INFO: Epoch: [10][ 50/301]	Time  0.004 ( 0.009)	Loss 4.4573e-01 (4.9554e-01)	Acc pseudo  89.06 ( 85.02)	Lr 1.000e-03 (1.000e-03)
2025-12-19 23:17:35,524 - INFO: Epoch: [10][100/301]	Time  0.004 ( 0.006)	Loss 5.6113e-01 (4.9841e-01)	Acc pseudo  85.94 ( 85.32)	Lr 1.000e-03 (1.000e-03)
2025-12-19 23:17:35,730 - INFO: Epoch: [10][150/301]	Time  0.003 ( 0.005)	Loss 2.9358e-01 (5.0956e-01)	Acc pseudo  89.06 ( 85.36)	Lr 1.000e-03 (1.000e-03)
2025-12-19 23:17:35,931 - INFO: Epoch: [10][200/301]	Time  0.004 ( 0.005)	Loss 7.2678e-01 (5.1562e-01)	Acc pseudo  78.12 ( 85.14)	Lr 1.000e-03 (1.000e-03)
2025-12-19 23:17:36,123 - INFO: Epoch: [10][250/301]	Time  0.004 ( 0.005)	Loss 4.9952e-01 (5.2585e-01)	Acc pseudo  82.81 ( 84.95)	Lr 1.000e-03 (1.000e-03)
2025-12-19 23:17:36,312 - INFO: Epoch: [10][300/301]	Time  0.003 ( 0.005)	Loss 5.2441e-01 (5.2934e-01)	Acc pseudo  80.00 ( 84.80)	Lr 1.000e-03 (1.000e-03)
2025-12-19 23:17:36,397 - INFO: Round 2, Fine-tune Epoch 10: loss=0.5293, acc(pseudo)=84.80%
2025-12-19 23:17:51,660 - INFO: Round 2, Fine-tune Epoch 10: acc(valid_pseudo): 0.8690, acc(valid): 0.7575
2025-12-19 23:17:51,660 - INFO: Round 2, Fine-tune Epoch 10: No improvement in validation accuracy. Patience(epoch): 4/5
2025-12-19 23:17:51,924 - INFO: Epoch: [11][  0/301]	Time  0.258 ( 0.258)	Loss 2.8508e-01 (2.8508e-01)	Acc pseudo  90.62 ( 90.62)	Lr 1.000e-03 (1.000e-03)
2025-12-19 23:17:52,120 - INFO: Epoch: [11][ 50/301]	Time  0.003 ( 0.009)	Loss 4.7152e-01 (4.7796e-01)	Acc pseudo  81.25 ( 85.78)	Lr 1.000e-03 (1.000e-03)
2025-12-19 23:17:52,298 - INFO: Epoch: [11][100/301]	Time  0.004 ( 0.006)	Loss 3.2145e-01 (4.8278e-01)	Acc pseudo  93.75 ( 85.69)	Lr 1.000e-03 (1.000e-03)
2025-12-19 23:17:52,489 - INFO: Epoch: [11][150/301]	Time  0.003 ( 0.005)	Loss 6.1922e-01 (4.9041e-01)	Acc pseudo  82.81 ( 85.78)	Lr 1.000e-03 (1.000e-03)
2025-12-19 23:17:52,664 - INFO: Epoch: [11][200/301]	Time  0.003 ( 0.005)	Loss 5.1705e-01 (5.0181e-01)	Acc pseudo  82.81 ( 85.35)	Lr 1.000e-03 (1.000e-03)
2025-12-19 23:17:52,837 - INFO: Epoch: [11][250/301]	Time  0.003 ( 0.005)	Loss 7.2550e-01 (5.1203e-01)	Acc pseudo  82.81 ( 85.12)	Lr 1.000e-03 (1.000e-03)
2025-12-19 23:17:52,993 - INFO: Epoch: [11][300/301]	Time  0.003 ( 0.004)	Loss 7.5509e-01 (5.1504e-01)	Acc pseudo  76.00 ( 84.93)	Lr 1.000e-03 (1.000e-03)
2025-12-19 23:17:53,055 - INFO: Round 2, Fine-tune Epoch 11: loss=0.5150, acc(pseudo)=84.93%
2025-12-19 23:18:09,469 - INFO: Round 2, Fine-tune Epoch 11: acc(valid_pseudo): 0.9468, acc(valid): 0.8050
2025-12-19 23:18:09,469 - INFO: Round 2, Fine-tune Epoch 11: No improvement in validation accuracy. Patience(epoch): 5/5
2025-12-19 23:18:09,469 - INFO: Early stopping at epoch 11 due to no improvement in validation accuracy for 5 epochs.
2025-12-19 23:18:09,470 - INFO: Round 2: Best fine-tuned epoch=6, acc(valid_pseudo)=0.9479
2025-12-19 23:18:09,516 - INFO: Using HMM model from previous round: runs/I love my family/exp_video/result/self_supervised/exp0/round1/pseudo_label/hmm_params.pkl
2025-12-20 00:17:48,345 - INFO: Round 2: acc(valid)=0.8350, acc(test)=0.8088
2025-12-20 00:17:48,391 - INFO: ====================
2025-12-20 00:17:48,391 - INFO: Round 3: Fine-tuning iteration
2025-12-20 00:17:48,391 - INFO: ====================
2025-12-20 00:17:48,568 - INFO: Round 3 Part 1: Fine-tuning embedding model
2025-12-20 00:17:48,600 - INFO: Using pseudo-label file: runs/I love my family/exp_video/result/self_supervised/exp0/round2/pseudo_label/pseudo_labels_audio_nested_hmm_full(unreliable_pp=100.0).json
2025-12-20 00:17:49,476 - INFO: Warmup training classifier for 2 epochs...
2025-12-20 00:17:50,683 - INFO: Epoch: [0][  0/301]	Time  1.186 ( 1.186)	Loss 2.6182e+00 (2.6182e+00)	Acc pseudo  10.94 ( 10.94)	Lr 1.000e-03 (1.000e-03)
2025-12-20 00:17:50,867 - INFO: Epoch: [0][ 50/301]	Time  0.005 ( 0.027)	Loss 1.4236e+00 (1.7429e+00)	Acc pseudo  64.06 ( 59.77)	Lr 1.000e-03 (1.000e-03)
2025-12-20 00:17:51,018 - INFO: Epoch: [0][100/301]	Time  0.003 ( 0.015)	Loss 9.8028e-01 (1.4211e+00)	Acc pseudo  75.00 ( 67.13)	Lr 1.000e-03 (1.000e-03)
2025-12-20 00:17:51,189 - INFO: Epoch: [0][150/301]	Time  0.003 ( 0.011)	Loss 1.2665e+00 (1.2620e+00)	Acc pseudo  67.19 ( 70.15)	Lr 1.000e-03 (1.000e-03)
2025-12-20 00:17:51,356 - INFO: Epoch: [0][200/301]	Time  0.003 ( 0.009)	Loss 7.0411e-01 (1.1663e+00)	Acc pseudo  82.81 ( 71.88)	Lr 1.000e-03 (1.000e-03)
2025-12-20 00:17:51,516 - INFO: Epoch: [0][250/301]	Time  0.003 ( 0.008)	Loss 1.0545e+00 (1.1158e+00)	Acc pseudo  76.56 ( 73.00)	Lr 1.000e-03 (1.000e-03)
2025-12-20 00:17:51,673 - INFO: Epoch: [0][300/301]	Time  0.004 ( 0.007)	Loss 7.2378e-01 (1.0713e+00)	Acc pseudo  80.00 ( 73.99)	Lr 1.000e-03 (1.000e-03)
2025-12-20 00:17:51,739 - INFO: Round 3, Warmup Epoch 0: loss=1.0713, acc(pseudo)=73.99%
2025-12-20 00:17:52,113 - INFO: Epoch: [1][  0/301]	Time  0.367 ( 0.367)	Loss 1.0677e+00 (1.0677e+00)	Acc pseudo  76.56 ( 76.56)	Lr 1.000e-03 (1.000e-03)
2025-12-20 00:17:52,293 - INFO: Epoch: [1][ 50/301]	Time  0.003 ( 0.011)	Loss 5.3339e-01 (7.7322e-01)	Acc pseudo  85.94 ( 79.81)	Lr 1.000e-03 (1.000e-03)
2025-12-20 00:17:52,460 - INFO: Epoch: [1][100/301]	Time  0.003 ( 0.007)	Loss 6.1388e-01 (7.8148e-01)	Acc pseudo  87.50 ( 79.97)	Lr 1.000e-03 (1.000e-03)
2025-12-20 00:17:52,606 - INFO: Epoch: [1][150/301]	Time  0.002 ( 0.006)	Loss 9.5571e-01 (7.5885e-01)	Acc pseudo  73.44 ( 80.19)	Lr 1.000e-03 (1.000e-03)
2025-12-20 00:17:52,761 - INFO: Epoch: [1][200/301]	Time  0.003 ( 0.005)	Loss 7.9525e-01 (7.6822e-01)	Acc pseudo  78.12 ( 79.98)	Lr 1.000e-03 (1.000e-03)
2025-12-20 00:17:52,916 - INFO: Epoch: [1][250/301]	Time  0.003 ( 0.005)	Loss 9.2310e-01 (7.7373e-01)	Acc pseudo  76.56 ( 79.75)	Lr 1.000e-03 (1.000e-03)
2025-12-20 00:17:53,062 - INFO: Epoch: [1][300/301]	Time  0.002 ( 0.004)	Loss 5.3673e-01 (7.7530e-01)	Acc pseudo  76.00 ( 79.68)	Lr 1.000e-03 (1.000e-03)
2025-12-20 00:17:53,129 - INFO: Round 3, Warmup Epoch 1: loss=0.7753, acc(pseudo)=79.68%
2025-12-20 00:17:53,221 - INFO: Fine-tuning embedding model for 20 epochs...
2025-12-20 00:17:53,666 - INFO: Epoch: [0][  0/301]	Time  0.438 ( 0.438)	Loss 8.2704e-01 (8.2704e-01)	Acc pseudo  79.69 ( 79.69)	Lr 1.000e-03 (1.000e-03)
2025-12-20 00:17:53,886 - INFO: Epoch: [0][ 50/301]	Time  0.005 ( 0.013)	Loss 8.0511e-01 (8.8671e-01)	Acc pseudo  75.00 ( 75.98)	Lr 1.000e-03 (1.000e-03)
2025-12-20 00:17:54,093 - INFO: Epoch: [0][100/301]	Time  0.004 ( 0.008)	Loss 9.4960e-01 (8.9374e-01)	Acc pseudo  75.00 ( 76.04)	Lr 1.000e-03 (1.000e-03)
2025-12-20 00:17:54,295 - INFO: Epoch: [0][150/301]	Time  0.004 ( 0.007)	Loss 6.0060e-01 (8.5265e-01)	Acc pseudo  78.12 ( 76.55)	Lr 1.000e-03 (1.000e-03)
2025-12-20 00:17:54,492 - INFO: Epoch: [0][200/301]	Time  0.003 ( 0.006)	Loss 6.5797e-01 (8.4740e-01)	Acc pseudo  81.25 ( 77.01)	Lr 1.000e-03 (1.000e-03)
2025-12-20 00:17:54,666 - INFO: Epoch: [0][250/301]	Time  0.004 ( 0.006)	Loss 4.2122e-01 (8.5575e-01)	Acc pseudo  87.50 ( 77.19)	Lr 1.000e-03 (1.000e-03)
2025-12-20 00:17:54,853 - INFO: Epoch: [0][300/301]	Time  0.003 ( 0.005)	Loss 1.0205e+00 (8.4636e-01)	Acc pseudo  76.00 ( 77.28)	Lr 1.000e-03 (1.000e-03)
2025-12-20 00:17:54,921 - INFO: Round 3, Fine-tune Epoch 0: loss=0.8464, acc(pseudo)=77.28%
2025-12-20 00:18:09,133 - INFO: Round 3, Fine-tune Epoch 0: acc(valid_pseudo): 0.8669, acc(valid): 0.7550
2025-12-20 00:18:14,389 - INFO: Epoch: [1][  0/301]	Time  0.254 ( 0.254)	Loss 5.6866e-01 (5.6866e-01)	Acc pseudo  73.44 ( 73.44)	Lr 1.000e-03 (1.000e-03)
2025-12-20 00:18:14,584 - INFO: Epoch: [1][ 50/301]	Time  0.004 ( 0.009)	Loss 6.7621e-01 (7.2306e-01)	Acc pseudo  76.56 ( 79.93)	Lr 1.000e-03 (1.000e-03)
2025-12-20 00:18:14,772 - INFO: Epoch: [1][100/301]	Time  0.003 ( 0.006)	Loss 9.1442e-01 (6.9620e-01)	Acc pseudo  79.69 ( 80.58)	Lr 1.000e-03 (1.000e-03)
2025-12-20 00:18:14,954 - INFO: Epoch: [1][150/301]	Time  0.004 ( 0.005)	Loss 9.6883e-01 (7.0422e-01)	Acc pseudo  82.81 ( 80.61)	Lr 1.000e-03 (1.000e-03)
2025-12-20 00:18:15,127 - INFO: Epoch: [1][200/301]	Time  0.004 ( 0.005)	Loss 8.3135e-01 (7.0444e-01)	Acc pseudo  84.38 ( 80.83)	Lr 1.000e-03 (1.000e-03)
2025-12-20 00:18:15,315 - INFO: Epoch: [1][250/301]	Time  0.004 ( 0.005)	Loss 5.9369e-01 (7.1382e-01)	Acc pseudo  81.25 ( 80.81)	Lr 1.000e-03 (1.000e-03)
2025-12-20 00:18:15,468 - INFO: Epoch: [1][300/301]	Time  0.002 ( 0.004)	Loss 8.3016e-01 (7.1738e-01)	Acc pseudo  84.00 ( 80.50)	Lr 1.000e-03 (1.000e-03)
2025-12-20 00:18:15,532 - INFO: Round 3, Fine-tune Epoch 1: loss=0.7174, acc(pseudo)=80.50%
2025-12-20 00:18:29,321 - INFO: Round 3, Fine-tune Epoch 1: acc(valid_pseudo): 0.8713, acc(valid): 0.7650
2025-12-20 00:18:34,515 - INFO: Epoch: [2][  0/301]	Time  0.246 ( 0.246)	Loss 5.0094e-01 (5.0094e-01)	Acc pseudo  87.50 ( 87.50)	Lr 1.000e-03 (1.000e-03)
2025-12-20 00:18:34,694 - INFO: Epoch: [2][ 50/301]	Time  0.003 ( 0.008)	Loss 7.7538e-01 (6.3995e-01)	Acc pseudo  84.38 ( 81.83)	Lr 1.000e-03 (1.000e-03)
2025-12-20 00:18:34,864 - INFO: Epoch: [2][100/301]	Time  0.004 ( 0.006)	Loss 5.8977e-01 (6.5249e-01)	Acc pseudo  78.12 ( 81.84)	Lr 1.000e-03 (1.000e-03)
2025-12-20 00:18:35,026 - INFO: Epoch: [2][150/301]	Time  0.005 ( 0.005)	Loss 7.4840e-01 (6.3972e-01)	Acc pseudo  78.12 ( 82.07)	Lr 1.000e-03 (1.000e-03)
2025-12-20 00:18:35,204 - INFO: Epoch: [2][200/301]	Time  0.004 ( 0.005)	Loss 6.9500e-01 (6.4497e-01)	Acc pseudo  81.25 ( 82.03)	Lr 1.000e-03 (1.000e-03)
2025-12-20 00:18:35,381 - INFO: Epoch: [2][250/301]	Time  0.003 ( 0.004)	Loss 3.3287e-01 (6.4474e-01)	Acc pseudo  90.62 ( 81.95)	Lr 1.000e-03 (1.000e-03)
2025-12-20 00:18:35,563 - INFO: Epoch: [2][300/301]	Time  0.003 ( 0.004)	Loss 7.9327e-01 (6.5051e-01)	Acc pseudo  72.00 ( 81.96)	Lr 1.000e-03 (1.000e-03)
2025-12-20 00:18:35,633 - INFO: Round 3, Fine-tune Epoch 2: loss=0.6505, acc(pseudo)=81.96%
2025-12-20 00:18:51,823 - INFO: Round 3, Fine-tune Epoch 2: acc(valid_pseudo): 0.8839, acc(valid): 0.7625
2025-12-20 00:18:59,318 - INFO: Epoch: [3][  0/301]	Time  0.331 ( 0.331)	Loss 5.5640e-01 (5.5640e-01)	Acc pseudo  85.94 ( 85.94)	Lr 1.000e-03 (1.000e-03)
2025-12-20 00:18:59,517 - INFO: Epoch: [3][ 50/301]	Time  0.003 ( 0.010)	Loss 5.3518e-01 (6.0062e-01)	Acc pseudo  79.69 ( 82.69)	Lr 1.000e-03 (1.000e-03)
2025-12-20 00:18:59,694 - INFO: Epoch: [3][100/301]	Time  0.003 ( 0.007)	Loss 7.7474e-01 (5.9625e-01)	Acc pseudo  87.50 ( 82.75)	Lr 1.000e-03 (1.000e-03)
2025-12-20 00:18:59,890 - INFO: Epoch: [3][150/301]	Time  0.003 ( 0.006)	Loss 7.0406e-01 (5.9917e-01)	Acc pseudo  79.69 ( 82.90)	Lr 1.000e-03 (1.000e-03)
2025-12-20 00:19:00,071 - INFO: Epoch: [3][200/301]	Time  0.003 ( 0.005)	Loss 5.2148e-01 (6.1018e-01)	Acc pseudo  89.06 ( 82.68)	Lr 1.000e-03 (1.000e-03)
2025-12-20 00:19:00,256 - INFO: Epoch: [3][250/301]	Time  0.003 ( 0.005)	Loss 7.3869e-01 (6.1285e-01)	Acc pseudo  75.00 ( 82.65)	Lr 1.000e-03 (1.000e-03)
2025-12-20 00:19:00,417 - INFO: Epoch: [3][300/301]	Time  0.002 ( 0.005)	Loss 5.7584e-01 (6.1342e-01)	Acc pseudo  80.00 ( 82.67)	Lr 1.000e-03 (1.000e-03)
2025-12-20 00:19:00,489 - INFO: Round 3, Fine-tune Epoch 3: loss=0.6134, acc(pseudo)=82.67%
2025-12-20 00:19:14,995 - INFO: Round 3, Fine-tune Epoch 3: acc(valid_pseudo): 0.9079, acc(valid): 0.7775
2025-12-20 00:19:19,761 - INFO: Epoch: [4][  0/301]	Time  0.230 ( 0.230)	Loss 7.6081e-01 (7.6081e-01)	Acc pseudo  78.12 ( 78.12)	Lr 1.000e-03 (1.000e-03)
2025-12-20 00:19:19,955 - INFO: Epoch: [4][ 50/301]	Time  0.004 ( 0.008)	Loss 3.7083e-01 (6.0918e-01)	Acc pseudo  82.81 ( 82.94)	Lr 1.000e-03 (1.000e-03)
2025-12-20 00:19:20,144 - INFO: Epoch: [4][100/301]	Time  0.004 ( 0.006)	Loss 7.2091e-01 (5.7441e-01)	Acc pseudo  84.38 ( 83.35)	Lr 1.000e-03 (1.000e-03)
2025-12-20 00:19:20,339 - INFO: Epoch: [4][150/301]	Time  0.004 ( 0.005)	Loss 3.9756e-01 (5.8702e-01)	Acc pseudo  87.50 ( 83.01)	Lr 1.000e-03 (1.000e-03)
2025-12-20 00:19:20,547 - INFO: Epoch: [4][200/301]	Time  0.004 ( 0.005)	Loss 6.0010e-01 (5.8878e-01)	Acc pseudo  87.50 ( 83.12)	Lr 1.000e-03 (1.000e-03)
2025-12-20 00:19:20,720 - INFO: Epoch: [4][250/301]	Time  0.004 ( 0.005)	Loss 6.7379e-01 (5.8981e-01)	Acc pseudo  79.69 ( 83.14)	Lr 1.000e-03 (1.000e-03)
2025-12-20 00:19:20,912 - INFO: Epoch: [4][300/301]	Time  0.003 ( 0.004)	Loss 6.3642e-01 (5.8821e-01)	Acc pseudo  84.00 ( 83.22)	Lr 1.000e-03 (1.000e-03)
2025-12-20 00:19:20,985 - INFO: Round 3, Fine-tune Epoch 4: loss=0.5882, acc(pseudo)=83.22%
2025-12-20 00:19:34,838 - INFO: Round 3, Fine-tune Epoch 4: acc(valid_pseudo): 0.9049, acc(valid): 0.7550
2025-12-20 00:19:34,838 - INFO: Round 3, Fine-tune Epoch 4: No improvement in validation accuracy. Patience(epoch): 1/5
2025-12-20 00:19:35,074 - INFO: Epoch: [5][  0/301]	Time  0.231 ( 0.231)	Loss 5.7656e-01 (5.7656e-01)	Acc pseudo  79.69 ( 79.69)	Lr 1.000e-03 (1.000e-03)
2025-12-20 00:19:35,245 - INFO: Epoch: [5][ 50/301]	Time  0.003 ( 0.008)	Loss 3.5697e-01 (5.8916e-01)	Acc pseudo  87.50 ( 81.83)	Lr 1.000e-03 (1.000e-03)
2025-12-20 00:19:35,410 - INFO: Epoch: [5][100/301]	Time  0.003 ( 0.006)	Loss 4.5306e-01 (5.7155e-01)	Acc pseudo  82.81 ( 83.06)	Lr 1.000e-03 (1.000e-03)
2025-12-20 00:19:35,580 - INFO: Epoch: [5][150/301]	Time  0.003 ( 0.005)	Loss 4.1127e-01 (5.7029e-01)	Acc pseudo  85.94 ( 83.49)	Lr 1.000e-03 (1.000e-03)
2025-12-20 00:19:35,754 - INFO: Epoch: [5][200/301]	Time  0.004 ( 0.004)	Loss 6.0248e-01 (5.7771e-01)	Acc pseudo  82.81 ( 83.65)	Lr 1.000e-03 (1.000e-03)
2025-12-20 00:19:35,925 - INFO: Epoch: [5][250/301]	Time  0.003 ( 0.004)	Loss 6.3410e-01 (5.8260e-01)	Acc pseudo  79.69 ( 83.47)	Lr 1.000e-03 (1.000e-03)
2025-12-20 00:19:36,089 - INFO: Epoch: [5][300/301]	Time  0.002 ( 0.004)	Loss 3.4109e-01 (5.7253e-01)	Acc pseudo  92.00 ( 83.76)	Lr 1.000e-03 (1.000e-03)
2025-12-20 00:19:36,153 - INFO: Round 3, Fine-tune Epoch 5: loss=0.5725, acc(pseudo)=83.76%
2025-12-20 00:19:50,860 - INFO: Round 3, Fine-tune Epoch 5: acc(valid_pseudo): 0.9357, acc(valid): 0.7825
2025-12-20 00:19:58,385 - INFO: Epoch: [6][  0/301]	Time  0.353 ( 0.353)	Loss 5.9861e-01 (5.9861e-01)	Acc pseudo  82.81 ( 82.81)	Lr 1.000e-03 (1.000e-03)
2025-12-20 00:19:58,607 - INFO: Epoch: [6][ 50/301]	Time  0.004 ( 0.011)	Loss 3.1185e-01 (5.1877e-01)	Acc pseudo  93.75 ( 84.44)	Lr 1.000e-03 (1.000e-03)
2025-12-20 00:19:58,812 - INFO: Epoch: [6][100/301]	Time  0.004 ( 0.008)	Loss 6.0088e-01 (5.4387e-01)	Acc pseudo  79.69 ( 83.86)	Lr 1.000e-03 (1.000e-03)
2025-12-20 00:19:58,992 - INFO: Epoch: [6][150/301]	Time  0.003 ( 0.006)	Loss 6.4555e-01 (5.4648e-01)	Acc pseudo  81.25 ( 84.15)	Lr 1.000e-03 (1.000e-03)
2025-12-20 00:19:59,160 - INFO: Epoch: [6][200/301]	Time  0.003 ( 0.006)	Loss 2.9545e-01 (5.4922e-01)	Acc pseudo  85.94 ( 84.17)	Lr 1.000e-03 (1.000e-03)
2025-12-20 00:19:59,334 - INFO: Epoch: [6][250/301]	Time  0.003 ( 0.005)	Loss 5.8862e-01 (5.5898e-01)	Acc pseudo  79.69 ( 83.96)	Lr 1.000e-03 (1.000e-03)
2025-12-20 00:19:59,500 - INFO: Epoch: [6][300/301]	Time  0.002 ( 0.005)	Loss 3.1697e-01 (5.6095e-01)	Acc pseudo  96.00 ( 83.78)	Lr 1.000e-03 (1.000e-03)
2025-12-20 00:19:59,566 - INFO: Round 3, Fine-tune Epoch 6: loss=0.5609, acc(pseudo)=83.78%
2025-12-20 00:20:14,082 - INFO: Round 3, Fine-tune Epoch 6: acc(valid_pseudo): 0.8561, acc(valid): 0.6950
2025-12-20 00:20:14,083 - INFO: Round 3, Fine-tune Epoch 6: No improvement in validation accuracy. Patience(epoch): 1/5
2025-12-20 00:20:14,347 - INFO: Epoch: [7][  0/301]	Time  0.256 ( 0.256)	Loss 4.9899e-01 (4.9899e-01)	Acc pseudo  84.38 ( 84.38)	Lr 1.000e-03 (1.000e-03)
2025-12-20 00:20:14,550 - INFO: Epoch: [7][ 50/301]	Time  0.003 ( 0.009)	Loss 7.8276e-01 (4.8479e-01)	Acc pseudo  76.56 ( 85.60)	Lr 1.000e-03 (1.000e-03)
2025-12-20 00:20:14,731 - INFO: Epoch: [7][100/301]	Time  0.003 ( 0.006)	Loss 5.3981e-01 (5.0673e-01)	Acc pseudo  81.25 ( 84.78)	Lr 1.000e-03 (1.000e-03)
2025-12-20 00:20:14,896 - INFO: Epoch: [7][150/301]	Time  0.004 ( 0.005)	Loss 4.4526e-01 (5.1437e-01)	Acc pseudo  87.50 ( 84.77)	Lr 1.000e-03 (1.000e-03)
2025-12-20 00:20:15,081 - INFO: Epoch: [7][200/301]	Time  0.003 ( 0.005)	Loss 4.4071e-01 (5.1925e-01)	Acc pseudo  79.69 ( 84.51)	Lr 1.000e-03 (1.000e-03)
2025-12-20 00:20:15,261 - INFO: Epoch: [7][250/301]	Time  0.003 ( 0.005)	Loss 4.8787e-01 (5.2558e-01)	Acc pseudo  81.25 ( 84.28)	Lr 1.000e-03 (1.000e-03)
2025-12-20 00:20:15,435 - INFO: Epoch: [7][300/301]	Time  0.002 ( 0.004)	Loss 4.5666e-01 (5.2645e-01)	Acc pseudo  84.00 ( 84.21)	Lr 1.000e-03 (1.000e-03)
2025-12-20 00:20:15,501 - INFO: Round 3, Fine-tune Epoch 7: loss=0.5265, acc(pseudo)=84.21%
2025-12-20 00:20:28,336 - INFO: Round 3, Fine-tune Epoch 7: acc(valid_pseudo): 0.9283, acc(valid): 0.7600
2025-12-20 00:20:28,337 - INFO: Round 3, Fine-tune Epoch 7: No improvement in validation accuracy. Patience(epoch): 2/5
2025-12-20 00:20:28,578 - INFO: Epoch: [8][  0/301]	Time  0.236 ( 0.236)	Loss 2.9178e-01 (2.9178e-01)	Acc pseudo  89.06 ( 89.06)	Lr 1.000e-03 (1.000e-03)
2025-12-20 00:20:28,770 - INFO: Epoch: [8][ 50/301]	Time  0.004 ( 0.008)	Loss 6.0060e-01 (5.1421e-01)	Acc pseudo  82.81 ( 84.41)	Lr 1.000e-03 (1.000e-03)
2025-12-20 00:20:28,949 - INFO: Epoch: [8][100/301]	Time  0.003 ( 0.006)	Loss 5.0896e-01 (5.2110e-01)	Acc pseudo  82.81 ( 84.59)	Lr 1.000e-03 (1.000e-03)
2025-12-20 00:20:29,120 - INFO: Epoch: [8][150/301]	Time  0.003 ( 0.005)	Loss 6.5413e-01 (5.2413e-01)	Acc pseudo  84.38 ( 84.78)	Lr 1.000e-03 (1.000e-03)
2025-12-20 00:20:29,281 - INFO: Epoch: [8][200/301]	Time  0.003 ( 0.005)	Loss 3.5806e-01 (5.2689e-01)	Acc pseudo  81.25 ( 84.48)	Lr 1.000e-03 (1.000e-03)
2025-12-20 00:20:29,452 - INFO: Epoch: [8][250/301]	Time  0.004 ( 0.004)	Loss 5.8711e-01 (5.3548e-01)	Acc pseudo  82.81 ( 84.20)	Lr 1.000e-03 (1.000e-03)
2025-12-20 00:20:29,605 - INFO: Epoch: [8][300/301]	Time  0.002 ( 0.004)	Loss 3.1425e-01 (5.3652e-01)	Acc pseudo  80.00 ( 83.99)	Lr 1.000e-03 (1.000e-03)
2025-12-20 00:20:29,673 - INFO: Round 3, Fine-tune Epoch 8: loss=0.5365, acc(pseudo)=83.99%
2025-12-20 00:20:42,458 - INFO: Round 3, Fine-tune Epoch 8: acc(valid_pseudo): 0.9155, acc(valid): 0.7700
2025-12-20 00:20:42,458 - INFO: Round 3, Fine-tune Epoch 8: No improvement in validation accuracy. Patience(epoch): 3/5
2025-12-20 00:20:42,712 - INFO: Epoch: [9][  0/301]	Time  0.248 ( 0.248)	Loss 3.2760e-01 (3.2760e-01)	Acc pseudo  90.62 ( 90.62)	Lr 1.000e-03 (1.000e-03)
2025-12-20 00:20:42,948 - INFO: Epoch: [9][ 50/301]	Time  0.003 ( 0.009)	Loss 4.5582e-01 (4.8000e-01)	Acc pseudo  81.25 ( 85.91)	Lr 1.000e-03 (1.000e-03)
2025-12-20 00:20:43,140 - INFO: Epoch: [9][100/301]	Time  0.009 ( 0.007)	Loss 4.1614e-01 (4.8469e-01)	Acc pseudo  79.69 ( 85.71)	Lr 1.000e-03 (1.000e-03)
2025-12-20 00:20:43,305 - INFO: Epoch: [9][150/301]	Time  0.003 ( 0.005)	Loss 5.0558e-01 (4.9618e-01)	Acc pseudo  81.25 ( 85.28)	Lr 1.000e-03 (1.000e-03)
2025-12-20 00:20:43,490 - INFO: Epoch: [9][200/301]	Time  0.004 ( 0.005)	Loss 3.6638e-01 (4.9443e-01)	Acc pseudo  85.94 ( 85.35)	Lr 1.000e-03 (1.000e-03)
2025-12-20 00:20:43,691 - INFO: Epoch: [9][250/301]	Time  0.004 ( 0.005)	Loss 4.3833e-01 (4.9525e-01)	Acc pseudo  81.25 ( 85.26)	Lr 1.000e-03 (1.000e-03)
2025-12-20 00:20:43,879 - INFO: Epoch: [9][300/301]	Time  0.003 ( 0.005)	Loss 7.8192e-01 (5.1103e-01)	Acc pseudo  72.00 ( 84.96)	Lr 1.000e-03 (1.000e-03)
2025-12-20 00:20:43,939 - INFO: Round 3, Fine-tune Epoch 9: loss=0.5110, acc(pseudo)=84.96%
2025-12-20 00:20:58,790 - INFO: Round 3, Fine-tune Epoch 9: acc(valid_pseudo): 0.9342, acc(valid): 0.8200
2025-12-20 00:20:58,791 - INFO: Round 3, Fine-tune Epoch 9: No improvement in validation accuracy. Patience(epoch): 4/5
2025-12-20 00:20:59,041 - INFO: Epoch: [10][  0/301]	Time  0.245 ( 0.245)	Loss 7.7144e-01 (7.7144e-01)	Acc pseudo  84.38 ( 84.38)	Lr 1.000e-03 (1.000e-03)
2025-12-20 00:20:59,224 - INFO: Epoch: [10][ 50/301]	Time  0.003 ( 0.008)	Loss 4.6312e-01 (4.8496e-01)	Acc pseudo  89.06 ( 85.23)	Lr 1.000e-03 (1.000e-03)
2025-12-20 00:20:59,393 - INFO: Epoch: [10][100/301]	Time  0.003 ( 0.006)	Loss 3.8191e-01 (4.7467e-01)	Acc pseudo  89.06 ( 85.66)	Lr 1.000e-03 (1.000e-03)
2025-12-20 00:20:59,563 - INFO: Epoch: [10][150/301]	Time  0.003 ( 0.005)	Loss 2.4304e-01 (4.9374e-01)	Acc pseudo  90.62 ( 85.20)	Lr 1.000e-03 (1.000e-03)
2025-12-20 00:20:59,725 - INFO: Epoch: [10][200/301]	Time  0.003 ( 0.005)	Loss 4.7201e-01 (4.9649e-01)	Acc pseudo  84.38 ( 85.02)	Lr 1.000e-03 (1.000e-03)
2025-12-20 00:20:59,879 - INFO: Epoch: [10][250/301]	Time  0.003 ( 0.004)	Loss 4.0081e-01 (4.9379e-01)	Acc pseudo  87.50 ( 85.20)	Lr 1.000e-03 (1.000e-03)
2025-12-20 00:21:00,032 - INFO: Epoch: [10][300/301]	Time  0.003 ( 0.004)	Loss 7.5249e-01 (5.0034e-01)	Acc pseudo  80.00 ( 85.16)	Lr 1.000e-03 (1.000e-03)
2025-12-20 00:21:00,096 - INFO: Round 3, Fine-tune Epoch 10: loss=0.5003, acc(pseudo)=85.16%
2025-12-20 00:21:12,877 - INFO: Round 3, Fine-tune Epoch 10: acc(valid_pseudo): 0.9266, acc(valid): 0.8325
2025-12-20 00:21:12,878 - INFO: Round 3, Fine-tune Epoch 10: No improvement in validation accuracy. Patience(epoch): 5/5
2025-12-20 00:21:12,878 - INFO: Early stopping at epoch 10 due to no improvement in validation accuracy for 5 epochs.
2025-12-20 00:21:12,879 - INFO: Round 3: Best fine-tuned epoch=5, acc(valid_pseudo)=0.9357
2025-12-20 00:21:12,955 - INFO: Using HMM model from previous round: runs/I love my family/exp_video/result/self_supervised/exp0/round2/pseudo_label/hmm_params.pkl
2025-12-20 01:22:22,163 - INFO: Round 3: acc(valid)=0.8375, acc(test)=0.8225
2025-12-20 01:22:22,170 - INFO: ====================
2025-12-20 01:22:22,170 - INFO: Round 4: Fine-tuning iteration
2025-12-20 01:22:22,171 - INFO: ====================
2025-12-20 01:22:22,180 - INFO: Round 4 Part 1: Fine-tuning embedding model
2025-12-20 01:22:22,183 - INFO: Using pseudo-label file: runs/I love my family/exp_video/result/self_supervised/exp0/round3/pseudo_label/pseudo_labels_audio_nested_hmm_full(unreliable_pp=100.0).json
2025-12-20 01:22:22,445 - INFO: Warmup training classifier for 2 epochs...
2025-12-20 01:22:22,679 - INFO: Epoch: [0][  0/301]	Time  0.230 ( 0.230)	Loss 2.6907e+00 (2.6907e+00)	Acc pseudo   6.25 (  6.25)	Lr 1.000e-03 (1.000e-03)
2025-12-20 01:22:22,829 - INFO: Epoch: [0][ 50/301]	Time  0.003 ( 0.007)	Loss 1.5809e+00 (1.7636e+00)	Acc pseudo  59.38 ( 56.74)	Lr 1.000e-03 (1.000e-03)
2025-12-20 01:22:22,972 - INFO: Epoch: [0][100/301]	Time  0.004 ( 0.005)	Loss 1.1163e+00 (1.4482e+00)	Acc pseudo  73.44 ( 65.04)	Lr 1.000e-03 (1.000e-03)
2025-12-20 01:22:23,114 - INFO: Epoch: [0][150/301]	Time  0.003 ( 0.004)	Loss 1.0534e+00 (1.2970e+00)	Acc pseudo  70.31 ( 68.14)	Lr 1.000e-03 (1.000e-03)
2025-12-20 01:22:23,255 - INFO: Epoch: [0][200/301]	Time  0.003 ( 0.004)	Loss 6.9641e-01 (1.2056e+00)	Acc pseudo  81.25 ( 70.00)	Lr 1.000e-03 (1.000e-03)
2025-12-20 01:22:23,388 - INFO: Epoch: [0][250/301]	Time  0.002 ( 0.004)	Loss 1.1695e+00 (1.1519e+00)	Acc pseudo  68.75 ( 71.35)	Lr 1.000e-03 (1.000e-03)
2025-12-20 01:22:23,512 - INFO: Epoch: [0][300/301]	Time  0.002 ( 0.003)	Loss 9.6905e-01 (1.1077e+00)	Acc pseudo  80.00 ( 72.31)	Lr 1.000e-03 (1.000e-03)
2025-12-20 01:22:23,575 - INFO: Round 4, Warmup Epoch 0: loss=1.1077, acc(pseudo)=72.31%
2025-12-20 01:22:23,870 - INFO: Epoch: [1][  0/301]	Time  0.290 ( 0.290)	Loss 1.1334e+00 (1.1334e+00)	Acc pseudo  71.88 ( 71.88)	Lr 1.000e-03 (1.000e-03)
2025-12-20 01:22:24,019 - INFO: Epoch: [1][ 50/301]	Time  0.003 ( 0.009)	Loss 6.8465e-01 (8.0396e-01)	Acc pseudo  81.25 ( 78.09)	Lr 1.000e-03 (1.000e-03)
2025-12-20 01:22:24,169 - INFO: Epoch: [1][100/301]	Time  0.002 ( 0.006)	Loss 6.0879e-01 (8.1246e-01)	Acc pseudo  85.94 ( 78.03)	Lr 1.000e-03 (1.000e-03)
2025-12-20 01:22:24,310 - INFO: Epoch: [1][150/301]	Time  0.003 ( 0.005)	Loss 8.7482e-01 (7.9656e-01)	Acc pseudo  78.12 ( 78.32)	Lr 1.000e-03 (1.000e-03)
2025-12-20 01:22:24,450 - INFO: Epoch: [1][200/301]	Time  0.003 ( 0.004)	Loss 7.6064e-01 (8.0451e-01)	Acc pseudo  75.00 ( 78.26)	Lr 1.000e-03 (1.000e-03)
2025-12-20 01:22:24,583 - INFO: Epoch: [1][250/301]	Time  0.003 ( 0.004)	Loss 7.8776e-01 (8.0977e-01)	Acc pseudo  78.12 ( 78.17)	Lr 1.000e-03 (1.000e-03)
2025-12-20 01:22:24,728 - INFO: Epoch: [1][300/301]	Time  0.002 ( 0.004)	Loss 6.3779e-01 (8.1353e-01)	Acc pseudo  76.00 ( 78.26)	Lr 1.000e-03 (1.000e-03)
2025-12-20 01:22:24,788 - INFO: Round 4, Warmup Epoch 1: loss=0.8135, acc(pseudo)=78.26%
2025-12-20 01:22:24,809 - INFO: Fine-tuning embedding model for 20 epochs...
2025-12-20 01:22:25,060 - INFO: Epoch: [0][  0/301]	Time  0.248 ( 0.248)	Loss 6.6750e-01 (6.6750e-01)	Acc pseudo  79.69 ( 79.69)	Lr 1.000e-03 (1.000e-03)
2025-12-20 01:22:25,235 - INFO: Epoch: [0][ 50/301]	Time  0.003 ( 0.008)	Loss 9.1738e-01 (9.5332e-01)	Acc pseudo  70.31 ( 73.84)	Lr 1.000e-03 (1.000e-03)
2025-12-20 01:22:25,405 - INFO: Epoch: [0][100/301]	Time  0.003 ( 0.006)	Loss 8.7119e-01 (9.2048e-01)	Acc pseudo  78.12 ( 74.74)	Lr 1.000e-03 (1.000e-03)
2025-12-20 01:22:25,575 - INFO: Epoch: [0][150/301]	Time  0.003 ( 0.005)	Loss 6.2708e-01 (8.8984e-01)	Acc pseudo  76.56 ( 75.22)	Lr 1.000e-03 (1.000e-03)
2025-12-20 01:22:25,732 - INFO: Epoch: [0][200/301]	Time  0.004 ( 0.004)	Loss 7.5442e-01 (8.9706e-01)	Acc pseudo  82.81 ( 75.51)	Lr 1.000e-03 (1.000e-03)
2025-12-20 01:22:25,891 - INFO: Epoch: [0][250/301]	Time  0.003 ( 0.004)	Loss 4.1557e-01 (8.9310e-01)	Acc pseudo  87.50 ( 75.66)	Lr 1.000e-03 (1.000e-03)
2025-12-20 01:22:26,050 - INFO: Epoch: [0][300/301]	Time  0.002 ( 0.004)	Loss 7.9797e-01 (8.8270e-01)	Acc pseudo  80.00 ( 75.94)	Lr 1.000e-03 (1.000e-03)
2025-12-20 01:22:26,116 - INFO: Round 4, Fine-tune Epoch 0: loss=0.8827, acc(pseudo)=75.94%
2025-12-20 01:22:40,600 - INFO: Round 4, Fine-tune Epoch 0: acc(valid_pseudo): 0.8271, acc(valid): 0.7550
2025-12-20 01:22:45,408 - INFO: Epoch: [1][  0/301]	Time  0.231 ( 0.231)	Loss 7.3279e-01 (7.3279e-01)	Acc pseudo  67.19 ( 67.19)	Lr 1.000e-03 (1.000e-03)
2025-12-20 01:22:45,602 - INFO: Epoch: [1][ 50/301]	Time  0.003 ( 0.008)	Loss 7.5119e-01 (7.5096e-01)	Acc pseudo  79.69 ( 78.68)	Lr 1.000e-03 (1.000e-03)
2025-12-20 01:22:45,773 - INFO: Epoch: [1][100/301]	Time  0.004 ( 0.006)	Loss 7.2482e-01 (7.4635e-01)	Acc pseudo  79.69 ( 78.60)	Lr 1.000e-03 (1.000e-03)
2025-12-20 01:22:45,952 - INFO: Epoch: [1][150/301]	Time  0.003 ( 0.005)	Loss 1.0040e+00 (7.5151e-01)	Acc pseudo  75.00 ( 78.88)	Lr 1.000e-03 (1.000e-03)
2025-12-20 01:22:46,125 - INFO: Epoch: [1][200/301]	Time  0.004 ( 0.005)	Loss 1.0701e+00 (7.6067e-01)	Acc pseudo  75.00 ( 79.03)	Lr 1.000e-03 (1.000e-03)
2025-12-20 01:22:46,289 - INFO: Epoch: [1][250/301]	Time  0.003 ( 0.004)	Loss 6.1797e-01 (7.5115e-01)	Acc pseudo  82.81 ( 79.23)	Lr 1.000e-03 (1.000e-03)
2025-12-20 01:22:46,438 - INFO: Epoch: [1][300/301]	Time  0.002 ( 0.004)	Loss 5.1255e-01 (7.4937e-01)	Acc pseudo  80.00 ( 79.09)	Lr 1.000e-03 (1.000e-03)
2025-12-20 01:22:46,505 - INFO: Round 4, Fine-tune Epoch 1: loss=0.7494, acc(pseudo)=79.09%
2025-12-20 01:22:58,856 - INFO: Round 4, Fine-tune Epoch 1: acc(valid_pseudo): 0.9216, acc(valid): 0.7700
2025-12-20 01:23:04,784 - INFO: Epoch: [2][  0/301]	Time  0.874 ( 0.874)	Loss 9.6900e-01 (9.6900e-01)	Acc pseudo  75.00 ( 75.00)	Lr 1.000e-03 (1.000e-03)
2025-12-20 01:23:04,965 - INFO: Epoch: [2][ 50/301]	Time  0.003 ( 0.021)	Loss 6.3324e-01 (6.7900e-01)	Acc pseudo  82.81 ( 80.51)	Lr 1.000e-03 (1.000e-03)
2025-12-20 01:23:05,126 - INFO: Epoch: [2][100/301]	Time  0.003 ( 0.012)	Loss 1.2716e+00 (6.9436e-01)	Acc pseudo  81.25 ( 80.40)	Lr 1.000e-03 (1.000e-03)
2025-12-20 01:23:05,289 - INFO: Epoch: [2][150/301]	Time  0.003 ( 0.009)	Loss 7.0118e-01 (6.8429e-01)	Acc pseudo  81.25 ( 80.62)	Lr 1.000e-03 (1.000e-03)
2025-12-20 01:23:05,454 - INFO: Epoch: [2][200/301]	Time  0.003 ( 0.008)	Loss 7.2821e-01 (7.0014e-01)	Acc pseudo  79.69 ( 80.31)	Lr 1.000e-03 (1.000e-03)
2025-12-20 01:23:05,608 - INFO: Epoch: [2][250/301]	Time  0.003 ( 0.007)	Loss 4.5276e-01 (7.0370e-01)	Acc pseudo  85.94 ( 80.22)	Lr 1.000e-03 (1.000e-03)
2025-12-20 01:23:05,762 - INFO: Epoch: [2][300/301]	Time  0.003 ( 0.006)	Loss 6.5229e-01 (7.0182e-01)	Acc pseudo  80.00 ( 80.33)	Lr 1.000e-03 (1.000e-03)
2025-12-20 01:23:05,827 - INFO: Round 4, Fine-tune Epoch 2: loss=0.7018, acc(pseudo)=80.33%
2025-12-20 01:23:18,779 - INFO: Round 4, Fine-tune Epoch 2: acc(valid_pseudo): 0.9207, acc(valid): 0.7475
2025-12-20 01:23:18,780 - INFO: Round 4, Fine-tune Epoch 2: No improvement in validation accuracy. Patience(epoch): 1/5
2025-12-20 01:23:19,016 - INFO: Epoch: [3][  0/301]	Time  0.231 ( 0.231)	Loss 4.7053e-01 (4.7053e-01)	Acc pseudo  84.38 ( 84.38)	Lr 1.000e-03 (1.000e-03)
2025-12-20 01:23:19,208 - INFO: Epoch: [3][ 50/301]	Time  0.003 ( 0.008)	Loss 3.8196e-01 (6.3463e-01)	Acc pseudo  89.06 ( 81.31)	Lr 1.000e-03 (1.000e-03)
2025-12-20 01:23:19,465 - INFO: Epoch: [3][100/301]	Time  0.003 ( 0.007)	Loss 7.6878e-01 (6.2691e-01)	Acc pseudo  81.25 ( 81.76)	Lr 1.000e-03 (1.000e-03)
2025-12-20 01:23:19,626 - INFO: Epoch: [3][150/301]	Time  0.003 ( 0.005)	Loss 5.4771e-01 (6.3654e-01)	Acc pseudo  79.69 ( 81.92)	Lr 1.000e-03 (1.000e-03)
2025-12-20 01:23:19,784 - INFO: Epoch: [3][200/301]	Time  0.004 ( 0.005)	Loss 4.3106e-01 (6.5447e-01)	Acc pseudo  87.50 ( 81.52)	Lr 1.000e-03 (1.000e-03)
2025-12-20 01:23:19,944 - INFO: Epoch: [3][250/301]	Time  0.003 ( 0.005)	Loss 6.5546e-01 (6.6047e-01)	Acc pseudo  79.69 ( 81.35)	Lr 1.000e-03 (1.000e-03)
2025-12-20 01:23:20,096 - INFO: Epoch: [3][300/301]	Time  0.003 ( 0.004)	Loss 6.3132e-01 (6.6062e-01)	Acc pseudo  84.00 ( 81.30)	Lr 1.000e-03 (1.000e-03)
2025-12-20 01:23:20,162 - INFO: Round 4, Fine-tune Epoch 3: loss=0.6606, acc(pseudo)=81.30%
2025-12-20 01:23:34,705 - INFO: Round 4, Fine-tune Epoch 3: acc(valid_pseudo): 0.9348, acc(valid): 0.7725
2025-12-20 01:23:40,127 - INFO: Epoch: [4][  0/301]	Time  0.266 ( 0.266)	Loss 8.2217e-01 (8.2217e-01)	Acc pseudo  70.31 ( 70.31)	Lr 1.000e-03 (1.000e-03)
2025-12-20 01:23:40,299 - INFO: Epoch: [4][ 50/301]	Time  0.003 ( 0.008)	Loss 5.4550e-01 (6.0062e-01)	Acc pseudo  82.81 ( 82.32)	Lr 1.000e-03 (1.000e-03)
2025-12-20 01:23:40,462 - INFO: Epoch: [4][100/301]	Time  0.003 ( 0.006)	Loss 6.3866e-01 (5.9859e-01)	Acc pseudo  89.06 ( 82.74)	Lr 1.000e-03 (1.000e-03)
2025-12-20 01:23:40,615 - INFO: Epoch: [4][150/301]	Time  0.003 ( 0.005)	Loss 6.6588e-01 (6.1304e-01)	Acc pseudo  76.56 ( 82.45)	Lr 1.000e-03 (1.000e-03)
2025-12-20 01:23:40,764 - INFO: Epoch: [4][200/301]	Time  0.003 ( 0.004)	Loss 9.5737e-01 (6.1825e-01)	Acc pseudo  73.44 ( 82.21)	Lr 1.000e-03 (1.000e-03)
2025-12-20 01:23:40,912 - INFO: Epoch: [4][250/301]	Time  0.004 ( 0.004)	Loss 7.9619e-01 (6.2521e-01)	Acc pseudo  76.56 ( 82.12)	Lr 1.000e-03 (1.000e-03)
2025-12-20 01:23:41,057 - INFO: Epoch: [4][300/301]	Time  0.002 ( 0.004)	Loss 6.1782e-01 (6.3005e-01)	Acc pseudo  72.00 ( 82.05)	Lr 1.000e-03 (1.000e-03)
2025-12-20 01:23:41,121 - INFO: Round 4, Fine-tune Epoch 4: loss=0.6301, acc(pseudo)=82.05%
2025-12-20 01:23:53,424 - INFO: Round 4, Fine-tune Epoch 4: acc(valid_pseudo): 0.8880, acc(valid): 0.7850
2025-12-20 01:23:53,424 - INFO: Round 4, Fine-tune Epoch 4: No improvement in validation accuracy. Patience(epoch): 1/5
2025-12-20 01:23:53,666 - INFO: Epoch: [5][  0/301]	Time  0.236 ( 0.236)	Loss 6.4999e-01 (6.4999e-01)	Acc pseudo  79.69 ( 79.69)	Lr 1.000e-03 (1.000e-03)
2025-12-20 01:23:53,840 - INFO: Epoch: [5][ 50/301]	Time  0.003 ( 0.008)	Loss 6.2624e-01 (6.6405e-01)	Acc pseudo  82.81 ( 80.76)	Lr 1.000e-03 (1.000e-03)
2025-12-20 01:23:53,999 - INFO: Epoch: [5][100/301]	Time  0.003 ( 0.006)	Loss 4.8408e-01 (6.2365e-01)	Acc pseudo  89.06 ( 82.24)	Lr 1.000e-03 (1.000e-03)
2025-12-20 01:23:54,157 - INFO: Epoch: [5][150/301]	Time  0.003 ( 0.005)	Loss 5.6080e-01 (6.2676e-01)	Acc pseudo  81.25 ( 81.97)	Lr 1.000e-03 (1.000e-03)
2025-12-20 01:23:54,311 - INFO: Epoch: [5][200/301]	Time  0.003 ( 0.004)	Loss 7.1486e-01 (6.3047e-01)	Acc pseudo  82.81 ( 81.93)	Lr 1.000e-03 (1.000e-03)
2025-12-20 01:23:54,463 - INFO: Epoch: [5][250/301]	Time  0.003 ( 0.004)	Loss 7.7055e-01 (6.3776e-01)	Acc pseudo  79.69 ( 81.65)	Lr 1.000e-03 (1.000e-03)
2025-12-20 01:23:54,620 - INFO: Epoch: [5][300/301]	Time  0.002 ( 0.004)	Loss 3.4948e-01 (6.2675e-01)	Acc pseudo  84.00 ( 81.93)	Lr 1.000e-03 (1.000e-03)
2025-12-20 01:23:54,685 - INFO: Round 4, Fine-tune Epoch 5: loss=0.6268, acc(pseudo)=81.93%
2025-12-20 01:24:07,712 - INFO: Round 4, Fine-tune Epoch 5: acc(valid_pseudo): 0.8596, acc(valid): 0.7525
2025-12-20 01:24:07,712 - INFO: Round 4, Fine-tune Epoch 5: No improvement in validation accuracy. Patience(epoch): 2/5
2025-12-20 01:24:07,947 - INFO: Epoch: [6][  0/301]	Time  0.229 ( 0.229)	Loss 5.5956e-01 (5.5956e-01)	Acc pseudo  89.06 ( 89.06)	Lr 1.000e-03 (1.000e-03)
2025-12-20 01:24:08,130 - INFO: Epoch: [6][ 50/301]	Time  0.003 ( 0.008)	Loss 4.2818e-01 (5.5245e-01)	Acc pseudo  89.06 ( 83.70)	Lr 1.000e-03 (1.000e-03)
2025-12-20 01:24:08,289 - INFO: Epoch: [6][100/301]	Time  0.003 ( 0.006)	Loss 4.6051e-01 (5.7723e-01)	Acc pseudo  81.25 ( 82.86)	Lr 1.000e-03 (1.000e-03)
2025-12-20 01:24:08,445 - INFO: Epoch: [6][150/301]	Time  0.003 ( 0.005)	Loss 6.8732e-01 (5.8426e-01)	Acc pseudo  84.38 ( 82.72)	Lr 1.000e-03 (1.000e-03)
2025-12-20 01:24:08,595 - INFO: Epoch: [6][200/301]	Time  0.003 ( 0.004)	Loss 7.8707e-01 (5.9306e-01)	Acc pseudo  81.25 ( 82.61)	Lr 1.000e-03 (1.000e-03)
2025-12-20 01:24:08,743 - INFO: Epoch: [6][250/301]	Time  0.003 ( 0.004)	Loss 5.9869e-01 (5.9605e-01)	Acc pseudo  79.69 ( 82.62)	Lr 1.000e-03 (1.000e-03)
2025-12-20 01:24:08,886 - INFO: Epoch: [6][300/301]	Time  0.002 ( 0.004)	Loss 4.3404e-01 (6.0182e-01)	Acc pseudo  80.00 ( 82.37)	Lr 1.000e-03 (1.000e-03)
2025-12-20 01:24:08,950 - INFO: Round 4, Fine-tune Epoch 6: loss=0.6018, acc(pseudo)=82.37%
2025-12-20 01:24:24,433 - INFO: Round 4, Fine-tune Epoch 6: acc(valid_pseudo): 0.9023, acc(valid): 0.7900
2025-12-20 01:24:24,433 - INFO: Round 4, Fine-tune Epoch 6: No improvement in validation accuracy. Patience(epoch): 3/5
2025-12-20 01:24:24,695 - INFO: Epoch: [7][  0/301]	Time  0.256 ( 0.256)	Loss 5.0280e-01 (5.0280e-01)	Acc pseudo  82.81 ( 82.81)	Lr 1.000e-03 (1.000e-03)
2025-12-20 01:24:24,866 - INFO: Epoch: [7][ 50/301]	Time  0.003 ( 0.008)	Loss 5.5194e-01 (5.5672e-01)	Acc pseudo  85.94 ( 84.04)	Lr 1.000e-03 (1.000e-03)
2025-12-20 01:24:25,023 - INFO: Epoch: [7][100/301]	Time  0.003 ( 0.006)	Loss 6.5029e-01 (5.5666e-01)	Acc pseudo  82.81 ( 83.20)	Lr 1.000e-03 (1.000e-03)
2025-12-20 01:24:25,187 - INFO: Epoch: [7][150/301]	Time  0.003 ( 0.005)	Loss 6.7847e-01 (5.5922e-01)	Acc pseudo  81.25 ( 83.39)	Lr 1.000e-03 (1.000e-03)
2025-12-20 01:24:25,366 - INFO: Epoch: [7][200/301]	Time  0.003 ( 0.005)	Loss 6.1744e-01 (5.6701e-01)	Acc pseudo  82.81 ( 83.22)	Lr 1.000e-03 (1.000e-03)
2025-12-20 01:24:25,535 - INFO: Epoch: [7][250/301]	Time  0.003 ( 0.004)	Loss 6.3670e-01 (5.7154e-01)	Acc pseudo  84.38 ( 83.14)	Lr 1.000e-03 (1.000e-03)
2025-12-20 01:24:25,695 - INFO: Epoch: [7][300/301]	Time  0.002 ( 0.004)	Loss 1.2250e+00 (5.8345e-01)	Acc pseudo  68.00 ( 82.87)	Lr 1.000e-03 (1.000e-03)
2025-12-20 01:24:25,758 - INFO: Round 4, Fine-tune Epoch 7: loss=0.5834, acc(pseudo)=82.87%
2025-12-20 01:24:38,478 - INFO: Round 4, Fine-tune Epoch 7: acc(valid_pseudo): 0.9438, acc(valid): 0.8125
2025-12-20 01:24:43,207 - INFO: Epoch: [8][  0/301]	Time  0.228 ( 0.228)	Loss 4.5970e-01 (4.5970e-01)	Acc pseudo  85.94 ( 85.94)	Lr 1.000e-03 (1.000e-03)
2025-12-20 01:24:43,397 - INFO: Epoch: [8][ 50/301]	Time  0.003 ( 0.008)	Loss 7.3339e-01 (5.7422e-01)	Acc pseudo  76.56 ( 82.48)	Lr 1.000e-03 (1.000e-03)
2025-12-20 01:24:43,553 - INFO: Epoch: [8][100/301]	Time  0.003 ( 0.006)	Loss 4.8907e-01 (5.6439e-01)	Acc pseudo  81.25 ( 83.04)	Lr 1.000e-03 (1.000e-03)
2025-12-20 01:24:43,719 - INFO: Epoch: [8][150/301]	Time  0.003 ( 0.005)	Loss 5.6197e-01 (5.5706e-01)	Acc pseudo  82.81 ( 83.58)	Lr 1.000e-03 (1.000e-03)
2025-12-20 01:24:43,879 - INFO: Epoch: [8][200/301]	Time  0.004 ( 0.004)	Loss 5.1140e-01 (5.6345e-01)	Acc pseudo  85.94 ( 83.24)	Lr 1.000e-03 (1.000e-03)
2025-12-20 01:24:44,040 - INFO: Epoch: [8][250/301]	Time  0.003 ( 0.004)	Loss 6.6254e-01 (5.6830e-01)	Acc pseudo  78.12 ( 83.05)	Lr 1.000e-03 (1.000e-03)
2025-12-20 01:24:44,191 - INFO: Epoch: [8][300/301]	Time  0.003 ( 0.004)	Loss 2.8670e-01 (5.7377e-01)	Acc pseudo  88.00 ( 83.03)	Lr 1.000e-03 (1.000e-03)
2025-12-20 01:24:44,252 - INFO: Round 4, Fine-tune Epoch 8: loss=0.5738, acc(pseudo)=83.03%
2025-12-20 01:24:56,980 - INFO: Round 4, Fine-tune Epoch 8: acc(valid_pseudo): 0.9471, acc(valid): 0.8050
2025-12-20 01:25:02,011 - INFO: Epoch: [9][  0/301]	Time  0.254 ( 0.254)	Loss 5.1212e-01 (5.1212e-01)	Acc pseudo  85.94 ( 85.94)	Lr 1.000e-03 (1.000e-03)
2025-12-20 01:25:02,218 - INFO: Epoch: [9][ 50/301]	Time  0.004 ( 0.009)	Loss 3.9565e-01 (5.2581e-01)	Acc pseudo  84.38 ( 84.10)	Lr 1.000e-03 (1.000e-03)
2025-12-20 01:25:02,403 - INFO: Epoch: [9][100/301]	Time  0.004 ( 0.006)	Loss 4.6628e-01 (5.2956e-01)	Acc pseudo  87.50 ( 84.24)	Lr 1.000e-03 (1.000e-03)
2025-12-20 01:25:02,583 - INFO: Epoch: [9][150/301]	Time  0.003 ( 0.005)	Loss 3.8810e-01 (5.4577e-01)	Acc pseudo  81.25 ( 83.61)	Lr 1.000e-03 (1.000e-03)
2025-12-20 01:25:02,762 - INFO: Epoch: [9][200/301]	Time  0.004 ( 0.005)	Loss 3.8839e-01 (5.4766e-01)	Acc pseudo  85.94 ( 83.75)	Lr 1.000e-03 (1.000e-03)
2025-12-20 01:25:02,937 - INFO: Epoch: [9][250/301]	Time  0.004 ( 0.005)	Loss 7.4309e-01 (5.5185e-01)	Acc pseudo  75.00 ( 83.64)	Lr 1.000e-03 (1.000e-03)
2025-12-20 01:25:03,096 - INFO: Epoch: [9][300/301]	Time  0.002 ( 0.004)	Loss 8.7109e-01 (5.6527e-01)	Acc pseudo  76.00 ( 83.30)	Lr 1.000e-03 (1.000e-03)
2025-12-20 01:25:03,160 - INFO: Round 4, Fine-tune Epoch 9: loss=0.5653, acc(pseudo)=83.30%
2025-12-20 01:25:17,091 - INFO: Round 4, Fine-tune Epoch 9: acc(valid_pseudo): 0.9605, acc(valid): 0.8200
2025-12-20 01:25:22,495 - INFO: Epoch: [10][  0/301]	Time  0.256 ( 0.256)	Loss 7.2007e-01 (7.2007e-01)	Acc pseudo  79.69 ( 79.69)	Lr 1.000e-03 (1.000e-03)
2025-12-20 01:25:22,668 - INFO: Epoch: [10][ 50/301]	Time  0.003 ( 0.008)	Loss 4.4437e-01 (5.4478e-01)	Acc pseudo  84.38 ( 83.24)	Lr 1.000e-03 (1.000e-03)
2025-12-20 01:25:22,824 - INFO: Epoch: [10][100/301]	Time  0.004 ( 0.006)	Loss 5.5776e-01 (5.4741e-01)	Acc pseudo  81.25 ( 83.49)	Lr 1.000e-03 (1.000e-03)
2025-12-20 01:25:22,993 - INFO: Epoch: [10][150/301]	Time  0.004 ( 0.005)	Loss 2.8275e-01 (5.4319e-01)	Acc pseudo  92.19 ( 83.85)	Lr 1.000e-03 (1.000e-03)
2025-12-20 01:25:23,150 - INFO: Epoch: [10][200/301]	Time  0.003 ( 0.004)	Loss 8.2662e-01 (5.5015e-01)	Acc pseudo  76.56 ( 83.59)	Lr 1.000e-03 (1.000e-03)
2025-12-20 01:25:23,308 - INFO: Epoch: [10][250/301]	Time  0.003 ( 0.004)	Loss 5.2878e-01 (5.5609e-01)	Acc pseudo  79.69 ( 83.45)	Lr 1.000e-03 (1.000e-03)
2025-12-20 01:25:23,462 - INFO: Epoch: [10][300/301]	Time  0.002 ( 0.004)	Loss 3.3460e-01 (5.5763e-01)	Acc pseudo  92.00 ( 83.49)	Lr 1.000e-03 (1.000e-03)
2025-12-20 01:25:23,524 - INFO: Round 4, Fine-tune Epoch 10: loss=0.5576, acc(pseudo)=83.49%
2025-12-20 01:25:36,536 - INFO: Round 4, Fine-tune Epoch 10: acc(valid_pseudo): 0.9000, acc(valid): 0.7700
2025-12-20 01:25:36,537 - INFO: Round 4, Fine-tune Epoch 10: No improvement in validation accuracy. Patience(epoch): 1/5
2025-12-20 01:25:36,770 - INFO: Epoch: [11][  0/301]	Time  0.228 ( 0.228)	Loss 4.2693e-01 (4.2693e-01)	Acc pseudo  85.94 ( 85.94)	Lr 1.000e-03 (1.000e-03)
2025-12-20 01:25:36,949 - INFO: Epoch: [11][ 50/301]	Time  0.003 ( 0.008)	Loss 3.7976e-01 (5.1277e-01)	Acc pseudo  85.94 ( 84.87)	Lr 1.000e-03 (1.000e-03)
2025-12-20 01:25:37,110 - INFO: Epoch: [11][100/301]	Time  0.003 ( 0.006)	Loss 3.8203e-01 (5.2411e-01)	Acc pseudo  85.94 ( 84.30)	Lr 1.000e-03 (1.000e-03)
2025-12-20 01:25:37,276 - INFO: Epoch: [11][150/301]	Time  0.004 ( 0.005)	Loss 4.8454e-01 (5.1765e-01)	Acc pseudo  84.38 ( 84.31)	Lr 1.000e-03 (1.000e-03)
2025-12-20 01:25:37,482 - INFO: Epoch: [11][200/301]	Time  0.004 ( 0.005)	Loss 7.8580e-01 (5.3136e-01)	Acc pseudo  70.31 ( 84.13)	Lr 1.000e-03 (1.000e-03)
2025-12-20 01:25:37,652 - INFO: Epoch: [11][250/301]	Time  0.003 ( 0.004)	Loss 5.4158e-01 (5.4211e-01)	Acc pseudo  84.38 ( 83.81)	Lr 1.000e-03 (1.000e-03)
2025-12-20 01:25:37,808 - INFO: Epoch: [11][300/301]	Time  0.002 ( 0.004)	Loss 6.6863e-01 (5.4592e-01)	Acc pseudo  80.00 ( 83.79)	Lr 1.000e-03 (1.000e-03)
2025-12-20 01:25:37,874 - INFO: Round 4, Fine-tune Epoch 11: loss=0.5459, acc(pseudo)=83.79%
2025-12-20 01:25:50,888 - INFO: Round 4, Fine-tune Epoch 11: acc(valid_pseudo): 0.9137, acc(valid): 0.7775
2025-12-20 01:25:50,889 - INFO: Round 4, Fine-tune Epoch 11: No improvement in validation accuracy. Patience(epoch): 2/5
2025-12-20 01:25:51,126 - INFO: Epoch: [12][  0/301]	Time  0.232 ( 0.232)	Loss 4.7189e-01 (4.7189e-01)	Acc pseudo  87.50 ( 87.50)	Lr 1.000e-03 (1.000e-03)
2025-12-20 01:25:51,297 - INFO: Epoch: [12][ 50/301]	Time  0.003 ( 0.008)	Loss 4.4604e-01 (5.3963e-01)	Acc pseudo  87.50 ( 83.55)	Lr 1.000e-03 (1.000e-03)
2025-12-20 01:25:51,451 - INFO: Epoch: [12][100/301]	Time  0.004 ( 0.005)	Loss 4.1662e-01 (5.4125e-01)	Acc pseudo  85.94 ( 83.49)	Lr 1.000e-03 (1.000e-03)
2025-12-20 01:25:51,609 - INFO: Epoch: [12][150/301]	Time  0.003 ( 0.005)	Loss 4.7518e-01 (5.2167e-01)	Acc pseudo  84.38 ( 83.80)	Lr 1.000e-03 (1.000e-03)
2025-12-20 01:25:51,757 - INFO: Epoch: [12][200/301]	Time  0.003 ( 0.004)	Loss 5.6741e-01 (5.2597e-01)	Acc pseudo  79.69 ( 83.89)	Lr 1.000e-03 (1.000e-03)
2025-12-20 01:25:51,903 - INFO: Epoch: [12][250/301]	Time  0.003 ( 0.004)	Loss 2.4830e-01 (5.3897e-01)	Acc pseudo  89.06 ( 83.78)	Lr 1.000e-03 (1.000e-03)
2025-12-20 01:25:52,049 - INFO: Epoch: [12][300/301]	Time  0.002 ( 0.004)	Loss 6.1670e-01 (5.3597e-01)	Acc pseudo  76.00 ( 83.77)	Lr 1.000e-03 (1.000e-03)
2025-12-20 01:25:52,111 - INFO: Round 4, Fine-tune Epoch 12: loss=0.5360, acc(pseudo)=83.77%
2025-12-20 01:26:05,353 - INFO: Round 4, Fine-tune Epoch 12: acc(valid_pseudo): 0.9307, acc(valid): 0.8000
2025-12-20 01:26:05,353 - INFO: Round 4, Fine-tune Epoch 12: No improvement in validation accuracy. Patience(epoch): 3/5
2025-12-20 01:26:05,593 - INFO: Epoch: [13][  0/301]	Time  0.234 ( 0.234)	Loss 5.6619e-01 (5.6619e-01)	Acc pseudo  84.38 ( 84.38)	Lr 1.000e-03 (1.000e-03)
2025-12-20 01:26:05,766 - INFO: Epoch: [13][ 50/301]	Time  0.004 ( 0.008)	Loss 6.1126e-01 (4.9995e-01)	Acc pseudo  81.25 ( 85.08)	Lr 1.000e-03 (1.000e-03)
2025-12-20 01:26:05,926 - INFO: Epoch: [13][100/301]	Time  0.003 ( 0.006)	Loss 4.5468e-01 (5.2156e-01)	Acc pseudo  90.62 ( 84.44)	Lr 1.000e-03 (1.000e-03)
2025-12-20 01:26:06,089 - INFO: Epoch: [13][150/301]	Time  0.003 ( 0.005)	Loss 6.0439e-01 (5.2508e-01)	Acc pseudo  85.94 ( 84.26)	Lr 1.000e-03 (1.000e-03)
2025-12-20 01:26:06,247 - INFO: Epoch: [13][200/301]	Time  0.003 ( 0.004)	Loss 9.8928e-01 (5.3257e-01)	Acc pseudo  78.12 ( 84.17)	Lr 1.000e-03 (1.000e-03)
2025-12-20 01:26:06,403 - INFO: Epoch: [13][250/301]	Time  0.003 ( 0.004)	Loss 8.4095e-01 (5.3823e-01)	Acc pseudo  76.56 ( 83.93)	Lr 1.000e-03 (1.000e-03)
2025-12-20 01:26:06,556 - INFO: Epoch: [13][300/301]	Time  0.002 ( 0.004)	Loss 8.9540e-01 (5.3506e-01)	Acc pseudo  76.00 ( 83.94)	Lr 1.000e-03 (1.000e-03)
2025-12-20 01:26:06,619 - INFO: Round 4, Fine-tune Epoch 13: loss=0.5351, acc(pseudo)=83.94%
2025-12-20 01:26:19,097 - INFO: Round 4, Fine-tune Epoch 13: acc(valid_pseudo): 0.9520, acc(valid): 0.8200
2025-12-20 01:26:19,098 - INFO: Round 4, Fine-tune Epoch 13: No improvement in validation accuracy. Patience(epoch): 4/5
2025-12-20 01:26:19,361 - INFO: Epoch: [14][  0/301]	Time  0.256 ( 0.256)	Loss 4.4294e-01 (4.4294e-01)	Acc pseudo  87.50 ( 87.50)	Lr 1.000e-03 (1.000e-03)
2025-12-20 01:26:19,540 - INFO: Epoch: [14][ 50/301]	Time  0.003 ( 0.008)	Loss 6.6900e-01 (4.8102e-01)	Acc pseudo  82.81 ( 85.60)	Lr 1.000e-03 (1.000e-03)
2025-12-20 01:26:19,703 - INFO: Epoch: [14][100/301]	Time  0.003 ( 0.006)	Loss 4.0877e-01 (5.0254e-01)	Acc pseudo  87.50 ( 84.76)	Lr 1.000e-03 (1.000e-03)
2025-12-20 01:26:19,859 - INFO: Epoch: [14][150/301]	Time  0.003 ( 0.005)	Loss 3.7594e-01 (5.0654e-01)	Acc pseudo  87.50 ( 84.50)	Lr 1.000e-03 (1.000e-03)
2025-12-20 01:26:20,018 - INFO: Epoch: [14][200/301]	Time  0.003 ( 0.004)	Loss 4.3725e-01 (5.0867e-01)	Acc pseudo  81.25 ( 84.34)	Lr 1.000e-03 (1.000e-03)
2025-12-20 01:26:20,177 - INFO: Epoch: [14][250/301]	Time  0.003 ( 0.004)	Loss 4.8092e-01 (5.0700e-01)	Acc pseudo  84.38 ( 84.47)	Lr 1.000e-03 (1.000e-03)
2025-12-20 01:26:20,324 - INFO: Epoch: [14][300/301]	Time  0.002 ( 0.004)	Loss 6.0583e-01 (5.1096e-01)	Acc pseudo  76.00 ( 84.32)	Lr 1.000e-03 (1.000e-03)
2025-12-20 01:26:20,385 - INFO: Round 4, Fine-tune Epoch 14: loss=0.5110, acc(pseudo)=84.32%
2025-12-20 01:26:33,009 - INFO: Round 4, Fine-tune Epoch 14: acc(valid_pseudo): 0.9415, acc(valid): 0.8050
2025-12-20 01:26:33,010 - INFO: Round 4, Fine-tune Epoch 14: No improvement in validation accuracy. Patience(epoch): 5/5
2025-12-20 01:26:33,010 - INFO: Early stopping at epoch 14 due to no improvement in validation accuracy for 5 epochs.
2025-12-20 01:26:33,011 - INFO: Round 4: Best fine-tuned epoch=9, acc(valid_pseudo)=0.9605
2025-12-20 01:26:33,136 - INFO: Using HMM model from previous round: runs/I love my family/exp_video/result/self_supervised/exp0/round3/pseudo_label/hmm_params.pkl
2025-12-20 02:10:28,342 - INFO: Round 4: acc(valid)=0.8525, acc(test)=0.8306
2025-12-20 02:10:28,346 - INFO: ====================
2025-12-20 02:10:28,347 - INFO: Round 5: Fine-tuning iteration
2025-12-20 02:10:28,347 - INFO: ====================
2025-12-20 02:10:28,357 - INFO: Round 5 Part 1: Fine-tuning embedding model
2025-12-20 02:10:28,359 - INFO: Using pseudo-label file: runs/I love my family/exp_video/result/self_supervised/exp0/round4/pseudo_label/pseudo_labels_audio_nested_hmm_full(unreliable_pp=100.0).json
2025-12-20 02:10:28,616 - INFO: Warmup training classifier for 2 epochs...
2025-12-20 02:10:28,898 - INFO: Epoch: [0][  0/301]	Time  0.278 ( 0.278)	Loss 2.6405e+00 (2.6405e+00)	Acc pseudo  10.94 ( 10.94)	Lr 1.000e-03 (1.000e-03)
2025-12-20 02:10:29,058 - INFO: Epoch: [0][ 50/301]	Time  0.004 ( 0.008)	Loss 1.3598e+00 (1.7602e+00)	Acc pseudo  71.88 ( 56.56)	Lr 1.000e-03 (1.000e-03)
2025-12-20 02:10:29,203 - INFO: Epoch: [0][100/301]	Time  0.003 ( 0.006)	Loss 8.1938e-01 (1.4102e+00)	Acc pseudo  84.38 ( 65.33)	Lr 1.000e-03 (1.000e-03)
2025-12-20 02:10:29,345 - INFO: Epoch: [0][150/301]	Time  0.002 ( 0.005)	Loss 9.9486e-01 (1.2598e+00)	Acc pseudo  75.00 ( 68.76)	Lr 1.000e-03 (1.000e-03)
2025-12-20 02:10:29,490 - INFO: Epoch: [0][200/301]	Time  0.002 ( 0.004)	Loss 6.4168e-01 (1.1632e+00)	Acc pseudo  82.81 ( 70.62)	Lr 1.000e-03 (1.000e-03)
2025-12-20 02:10:29,621 - INFO: Epoch: [0][250/301]	Time  0.002 ( 0.004)	Loss 9.6750e-01 (1.1134e+00)	Acc pseudo  75.00 ( 71.98)	Lr 1.000e-03 (1.000e-03)
2025-12-20 02:10:29,759 - INFO: Epoch: [0][300/301]	Time  0.002 ( 0.004)	Loss 6.9744e-01 (1.0671e+00)	Acc pseudo  80.00 ( 73.07)	Lr 1.000e-03 (1.000e-03)
2025-12-20 02:10:29,824 - INFO: Round 5, Warmup Epoch 0: loss=1.0671, acc(pseudo)=73.07%
2025-12-20 02:10:30,079 - INFO: Epoch: [1][  0/301]	Time  0.247 ( 0.247)	Loss 1.2426e+00 (1.2426e+00)	Acc pseudo  71.88 ( 71.88)	Lr 1.000e-03 (1.000e-03)
2025-12-20 02:10:30,239 - INFO: Epoch: [1][ 50/301]	Time  0.003 ( 0.008)	Loss 7.3324e-01 (7.8040e-01)	Acc pseudo  82.81 ( 78.34)	Lr 1.000e-03 (1.000e-03)
2025-12-20 02:10:30,381 - INFO: Epoch: [1][100/301]	Time  0.003 ( 0.005)	Loss 5.2465e-01 (7.9496e-01)	Acc pseudo  85.94 ( 78.60)	Lr 1.000e-03 (1.000e-03)
2025-12-20 02:10:30,519 - INFO: Epoch: [1][150/301]	Time  0.002 ( 0.004)	Loss 7.5617e-01 (7.8037e-01)	Acc pseudo  78.12 ( 78.90)	Lr 1.000e-03 (1.000e-03)
2025-12-20 02:10:30,649 - INFO: Epoch: [1][200/301]	Time  0.003 ( 0.004)	Loss 8.0487e-01 (7.8907e-01)	Acc pseudo  75.00 ( 78.86)	Lr 1.000e-03 (1.000e-03)
2025-12-20 02:10:30,782 - INFO: Epoch: [1][250/301]	Time  0.003 ( 0.004)	Loss 8.4652e-01 (7.9566e-01)	Acc pseudo  73.44 ( 78.68)	Lr 1.000e-03 (1.000e-03)
2025-12-20 02:10:30,918 - INFO: Epoch: [1][300/301]	Time  0.002 ( 0.003)	Loss 5.6476e-01 (7.9644e-01)	Acc pseudo  80.00 ( 78.83)	Lr 1.000e-03 (1.000e-03)
2025-12-20 02:10:30,991 - INFO: Round 5, Warmup Epoch 1: loss=0.7964, acc(pseudo)=78.83%
2025-12-20 02:10:31,018 - INFO: Fine-tuning embedding model for 20 epochs...
2025-12-20 02:10:31,252 - INFO: Epoch: [0][  0/301]	Time  0.230 ( 0.230)	Loss 5.5571e-01 (5.5571e-01)	Acc pseudo  81.25 ( 81.25)	Lr 1.000e-03 (1.000e-03)
2025-12-20 02:10:31,431 - INFO: Epoch: [0][ 50/301]	Time  0.003 ( 0.008)	Loss 8.4241e-01 (9.5195e-01)	Acc pseudo  81.25 ( 74.63)	Lr 1.000e-03 (1.000e-03)
2025-12-20 02:10:31,594 - INFO: Epoch: [0][100/301]	Time  0.003 ( 0.006)	Loss 1.0828e+00 (9.1456e-01)	Acc pseudo  76.56 ( 76.11)	Lr 1.000e-03 (1.000e-03)
2025-12-20 02:10:31,764 - INFO: Epoch: [0][150/301]	Time  0.003 ( 0.005)	Loss 6.1310e-01 (8.9953e-01)	Acc pseudo  79.69 ( 76.31)	Lr 1.000e-03 (1.000e-03)
2025-12-20 02:10:31,929 - INFO: Epoch: [0][200/301]	Time  0.004 ( 0.004)	Loss 6.7968e-01 (8.8085e-01)	Acc pseudo  79.69 ( 76.75)	Lr 1.000e-03 (1.000e-03)
2025-12-20 02:10:32,081 - INFO: Epoch: [0][250/301]	Time  0.003 ( 0.004)	Loss 4.6684e-01 (8.7092e-01)	Acc pseudo  81.25 ( 77.04)	Lr 1.000e-03 (1.000e-03)
2025-12-20 02:10:32,226 - INFO: Epoch: [0][300/301]	Time  0.002 ( 0.004)	Loss 7.0582e-01 (8.6496e-01)	Acc pseudo  80.00 ( 77.07)	Lr 1.000e-03 (1.000e-03)
2025-12-20 02:10:32,293 - INFO: Round 5, Fine-tune Epoch 0: loss=0.8650, acc(pseudo)=77.07%
2025-12-20 02:10:44,704 - INFO: Round 5, Fine-tune Epoch 0: acc(valid_pseudo): 0.8277, acc(valid): 0.6975
2025-12-20 02:10:49,766 - INFO: Epoch: [1][  0/301]	Time  0.285 ( 0.285)	Loss 7.0024e-01 (7.0024e-01)	Acc pseudo  79.69 ( 79.69)	Lr 1.000e-03 (1.000e-03)
2025-12-20 02:10:49,951 - INFO: Epoch: [1][ 50/301]	Time  0.004 ( 0.009)	Loss 7.7987e-01 (7.5812e-01)	Acc pseudo  76.56 ( 79.04)	Lr 1.000e-03 (1.000e-03)
2025-12-20 02:10:50,115 - INFO: Epoch: [1][100/301]	Time  0.004 ( 0.006)	Loss 5.7850e-01 (7.1628e-01)	Acc pseudo  84.38 ( 80.14)	Lr 1.000e-03 (1.000e-03)
2025-12-20 02:10:50,270 - INFO: Epoch: [1][150/301]	Time  0.003 ( 0.005)	Loss 7.1646e-01 (7.2735e-01)	Acc pseudo  73.44 ( 80.23)	Lr 1.000e-03 (1.000e-03)
2025-12-20 02:10:50,432 - INFO: Epoch: [1][200/301]	Time  0.003 ( 0.005)	Loss 9.7401e-01 (7.2684e-01)	Acc pseudo  70.31 ( 80.25)	Lr 1.000e-03 (1.000e-03)
2025-12-20 02:10:50,585 - INFO: Epoch: [1][250/301]	Time  0.003 ( 0.004)	Loss 4.8420e-01 (7.1881e-01)	Acc pseudo  85.94 ( 80.27)	Lr 1.000e-03 (1.000e-03)
2025-12-20 02:10:50,731 - INFO: Epoch: [1][300/301]	Time  0.002 ( 0.004)	Loss 6.1137e-01 (7.2303e-01)	Acc pseudo  76.00 ( 80.14)	Lr 1.000e-03 (1.000e-03)
2025-12-20 02:10:50,795 - INFO: Round 5, Fine-tune Epoch 1: loss=0.7230, acc(pseudo)=80.14%
2025-12-20 02:11:05,381 - INFO: Round 5, Fine-tune Epoch 1: acc(valid_pseudo): 0.9190, acc(valid): 0.7650
2025-12-20 02:11:10,346 - INFO: Epoch: [2][  0/301]	Time  0.230 ( 0.230)	Loss 9.3980e-01 (9.3980e-01)	Acc pseudo  70.31 ( 70.31)	Lr 1.000e-03 (1.000e-03)
2025-12-20 02:11:10,527 - INFO: Epoch: [2][ 50/301]	Time  0.004 ( 0.008)	Loss 9.7898e-01 (6.7561e-01)	Acc pseudo  78.12 ( 80.70)	Lr 1.000e-03 (1.000e-03)
2025-12-20 02:11:10,687 - INFO: Epoch: [2][100/301]	Time  0.003 ( 0.006)	Loss 1.2088e+00 (6.8184e-01)	Acc pseudo  82.81 ( 81.08)	Lr 1.000e-03 (1.000e-03)
2025-12-20 02:11:10,846 - INFO: Epoch: [2][150/301]	Time  0.003 ( 0.005)	Loss 9.2980e-01 (6.7032e-01)	Acc pseudo  78.12 ( 81.29)	Lr 1.000e-03 (1.000e-03)
2025-12-20 02:11:11,002 - INFO: Epoch: [2][200/301]	Time  0.003 ( 0.004)	Loss 5.8047e-01 (6.7771e-01)	Acc pseudo  81.25 ( 81.07)	Lr 1.000e-03 (1.000e-03)
2025-12-20 02:11:11,162 - INFO: Epoch: [2][250/301]	Time  0.003 ( 0.004)	Loss 5.8935e-01 (6.7510e-01)	Acc pseudo  82.81 ( 81.24)	Lr 1.000e-03 (1.000e-03)
2025-12-20 02:11:11,304 - INFO: Epoch: [2][300/301]	Time  0.002 ( 0.004)	Loss 5.5234e-01 (6.7354e-01)	Acc pseudo  88.00 ( 81.35)	Lr 1.000e-03 (1.000e-03)
2025-12-20 02:11:11,368 - INFO: Round 5, Fine-tune Epoch 2: loss=0.6735, acc(pseudo)=81.35%
2025-12-20 02:11:24,144 - INFO: Round 5, Fine-tune Epoch 2: acc(valid_pseudo): 0.9389, acc(valid): 0.7875
2025-12-20 02:11:29,106 - INFO: Epoch: [3][  0/301]	Time  0.247 ( 0.247)	Loss 4.7770e-01 (4.7770e-01)	Acc pseudo  79.69 ( 79.69)	Lr 1.000e-03 (1.000e-03)
2025-12-20 02:11:29,291 - INFO: Epoch: [3][ 50/301]	Time  0.004 ( 0.008)	Loss 3.3580e-01 (6.4134e-01)	Acc pseudo  90.62 ( 81.86)	Lr 1.000e-03 (1.000e-03)
2025-12-20 02:11:29,449 - INFO: Epoch: [3][100/301]	Time  0.003 ( 0.006)	Loss 9.1546e-01 (6.1722e-01)	Acc pseudo  71.88 ( 82.29)	Lr 1.000e-03 (1.000e-03)
2025-12-20 02:11:29,620 - INFO: Epoch: [3][150/301]	Time  0.003 ( 0.005)	Loss 4.0524e-01 (6.1375e-01)	Acc pseudo  84.38 ( 82.60)	Lr 1.000e-03 (1.000e-03)
2025-12-20 02:11:29,776 - INFO: Epoch: [3][200/301]	Time  0.003 ( 0.004)	Loss 4.7698e-01 (6.1880e-01)	Acc pseudo  82.81 ( 82.55)	Lr 1.000e-03 (1.000e-03)
2025-12-20 02:11:29,942 - INFO: Epoch: [3][250/301]	Time  0.003 ( 0.004)	Loss 5.5930e-01 (6.2185e-01)	Acc pseudo  78.12 ( 82.46)	Lr 1.000e-03 (1.000e-03)
2025-12-20 02:11:30,088 - INFO: Epoch: [3][300/301]	Time  0.002 ( 0.004)	Loss 5.6366e-01 (6.2893e-01)	Acc pseudo  76.00 ( 82.20)	Lr 1.000e-03 (1.000e-03)
2025-12-20 02:11:30,152 - INFO: Round 5, Fine-tune Epoch 3: loss=0.6289, acc(pseudo)=82.20%
2025-12-20 02:11:43,821 - INFO: Round 5, Fine-tune Epoch 3: acc(valid_pseudo): 0.8810, acc(valid): 0.7375
2025-12-20 02:11:43,822 - INFO: Round 5, Fine-tune Epoch 3: No improvement in validation accuracy. Patience(epoch): 1/5
2025-12-20 02:11:44,070 - INFO: Epoch: [4][  0/301]	Time  0.238 ( 0.238)	Loss 7.9328e-01 (7.9328e-01)	Acc pseudo  73.44 ( 73.44)	Lr 1.000e-03 (1.000e-03)
2025-12-20 02:11:44,281 - INFO: Epoch: [4][ 50/301]	Time  0.004 ( 0.009)	Loss 4.7059e-01 (5.8513e-01)	Acc pseudo  87.50 ( 82.72)	Lr 1.000e-03 (1.000e-03)
2025-12-20 02:11:44,436 - INFO: Epoch: [4][100/301]	Time  0.003 ( 0.006)	Loss 3.8109e-01 (5.9490e-01)	Acc pseudo  87.50 ( 83.06)	Lr 1.000e-03 (1.000e-03)
2025-12-20 02:11:44,613 - INFO: Epoch: [4][150/301]	Time  0.003 ( 0.005)	Loss 4.5566e-01 (6.0834e-01)	Acc pseudo  84.38 ( 82.90)	Lr 1.000e-03 (1.000e-03)
2025-12-20 02:11:44,764 - INFO: Epoch: [4][200/301]	Time  0.004 ( 0.005)	Loss 7.4045e-01 (6.1258e-01)	Acc pseudo  81.25 ( 82.76)	Lr 1.000e-03 (1.000e-03)
2025-12-20 02:11:44,932 - INFO: Epoch: [4][250/301]	Time  0.003 ( 0.004)	Loss 5.2378e-01 (6.1261e-01)	Acc pseudo  82.81 ( 82.64)	Lr 1.000e-03 (1.000e-03)
2025-12-20 02:11:45,076 - INFO: Epoch: [4][300/301]	Time  0.002 ( 0.004)	Loss 8.1508e-01 (6.1576e-01)	Acc pseudo  76.00 ( 82.58)	Lr 1.000e-03 (1.000e-03)
2025-12-20 02:11:45,152 - INFO: Round 5, Fine-tune Epoch 4: loss=0.6158, acc(pseudo)=82.58%
2025-12-20 02:11:57,608 - INFO: Round 5, Fine-tune Epoch 4: acc(valid_pseudo): 0.8909, acc(valid): 0.7625
2025-12-20 02:11:57,608 - INFO: Round 5, Fine-tune Epoch 4: No improvement in validation accuracy. Patience(epoch): 2/5
2025-12-20 02:11:57,869 - INFO: Epoch: [5][  0/301]	Time  0.255 ( 0.255)	Loss 6.7103e-01 (6.7103e-01)	Acc pseudo  75.00 ( 75.00)	Lr 1.000e-03 (1.000e-03)
2025-12-20 02:11:58,036 - INFO: Epoch: [5][ 50/301]	Time  0.003 ( 0.008)	Loss 4.1584e-01 (5.8509e-01)	Acc pseudo  89.06 ( 81.56)	Lr 1.000e-03 (1.000e-03)
2025-12-20 02:11:58,216 - INFO: Epoch: [5][100/301]	Time  0.003 ( 0.006)	Loss 3.2571e-01 (5.5376e-01)	Acc pseudo  92.19 ( 83.03)	Lr 1.000e-03 (1.000e-03)
2025-12-20 02:11:58,377 - INFO: Epoch: [5][150/301]	Time  0.003 ( 0.005)	Loss 6.8773e-01 (5.7301e-01)	Acc pseudo  81.25 ( 82.76)	Lr 1.000e-03 (1.000e-03)
2025-12-20 02:11:58,522 - INFO: Epoch: [5][200/301]	Time  0.003 ( 0.004)	Loss 7.4837e-01 (5.8534e-01)	Acc pseudo  81.25 ( 82.68)	Lr 1.000e-03 (1.000e-03)
2025-12-20 02:11:58,669 - INFO: Epoch: [5][250/301]	Time  0.003 ( 0.004)	Loss 8.9848e-01 (5.9612e-01)	Acc pseudo  75.00 ( 82.48)	Lr 1.000e-03 (1.000e-03)
2025-12-20 02:11:58,821 - INFO: Epoch: [5][300/301]	Time  0.002 ( 0.004)	Loss 4.6538e-01 (5.8511e-01)	Acc pseudo  84.00 ( 82.75)	Lr 1.000e-03 (1.000e-03)
2025-12-20 02:11:58,889 - INFO: Round 5, Fine-tune Epoch 5: loss=0.5851, acc(pseudo)=82.75%
2025-12-20 02:12:11,422 - INFO: Round 5, Fine-tune Epoch 5: acc(valid_pseudo): 0.8973, acc(valid): 0.7500
2025-12-20 02:12:11,422 - INFO: Round 5, Fine-tune Epoch 5: No improvement in validation accuracy. Patience(epoch): 3/5
2025-12-20 02:12:11,696 - INFO: Epoch: [6][  0/301]	Time  0.268 ( 0.268)	Loss 3.8801e-01 (3.8801e-01)	Acc pseudo  89.06 ( 89.06)	Lr 1.000e-03 (1.000e-03)
2025-12-20 02:12:11,862 - INFO: Epoch: [6][ 50/301]	Time  0.003 ( 0.008)	Loss 5.5192e-01 (5.5693e-01)	Acc pseudo  92.19 ( 84.99)	Lr 1.000e-03 (1.000e-03)
2025-12-20 02:12:12,017 - INFO: Epoch: [6][100/301]	Time  0.003 ( 0.006)	Loss 4.4292e-01 (5.7290e-01)	Acc pseudo  85.94 ( 83.88)	Lr 1.000e-03 (1.000e-03)
2025-12-20 02:12:12,178 - INFO: Epoch: [6][150/301]	Time  0.003 ( 0.005)	Loss 4.5624e-01 (5.6287e-01)	Acc pseudo  84.38 ( 84.11)	Lr 1.000e-03 (1.000e-03)
2025-12-20 02:12:12,342 - INFO: Epoch: [6][200/301]	Time  0.004 ( 0.004)	Loss 6.2551e-01 (5.6322e-01)	Acc pseudo  82.81 ( 83.78)	Lr 1.000e-03 (1.000e-03)
2025-12-20 02:12:12,488 - INFO: Epoch: [6][250/301]	Time  0.003 ( 0.004)	Loss 5.2032e-01 (5.6391e-01)	Acc pseudo  79.69 ( 83.79)	Lr 1.000e-03 (1.000e-03)
2025-12-20 02:12:12,655 - INFO: Epoch: [6][300/301]	Time  0.002 ( 0.004)	Loss 3.7913e-01 (5.6782e-01)	Acc pseudo  84.00 ( 83.58)	Lr 1.000e-03 (1.000e-03)
2025-12-20 02:12:12,720 - INFO: Round 5, Fine-tune Epoch 6: loss=0.5678, acc(pseudo)=83.58%
2025-12-20 02:12:25,748 - INFO: Round 5, Fine-tune Epoch 6: acc(valid_pseudo): 0.9441, acc(valid): 0.8225
2025-12-20 02:12:30,515 - INFO: Epoch: [7][  0/301]	Time  0.255 ( 0.255)	Loss 4.1246e-01 (4.1246e-01)	Acc pseudo  85.94 ( 85.94)	Lr 1.000e-03 (1.000e-03)
2025-12-20 02:12:30,679 - INFO: Epoch: [7][ 50/301]	Time  0.003 ( 0.008)	Loss 3.9425e-01 (5.3018e-01)	Acc pseudo  89.06 ( 84.47)	Lr 1.000e-03 (1.000e-03)
2025-12-20 02:12:30,833 - INFO: Epoch: [7][100/301]	Time  0.003 ( 0.006)	Loss 8.5172e-01 (5.4606e-01)	Acc pseudo  81.25 ( 83.74)	Lr 1.000e-03 (1.000e-03)
2025-12-20 02:12:30,991 - INFO: Epoch: [7][150/301]	Time  0.003 ( 0.005)	Loss 5.2269e-01 (5.4886e-01)	Acc pseudo  79.69 ( 83.89)	Lr 1.000e-03 (1.000e-03)
2025-12-20 02:12:31,149 - INFO: Epoch: [7][200/301]	Time  0.003 ( 0.004)	Loss 6.6627e-01 (5.4169e-01)	Acc pseudo  81.25 ( 83.93)	Lr 1.000e-03 (1.000e-03)
2025-12-20 02:12:31,297 - INFO: Epoch: [7][250/301]	Time  0.003 ( 0.004)	Loss 6.5524e-01 (5.5464e-01)	Acc pseudo  82.81 ( 83.79)	Lr 1.000e-03 (1.000e-03)
2025-12-20 02:12:31,434 - INFO: Epoch: [7][300/301]	Time  0.002 ( 0.004)	Loss 7.3216e-01 (5.5583e-01)	Acc pseudo  84.00 ( 83.79)	Lr 1.000e-03 (1.000e-03)
2025-12-20 02:12:31,500 - INFO: Round 5, Fine-tune Epoch 7: loss=0.5558, acc(pseudo)=83.79%
2025-12-20 02:12:43,963 - INFO: Round 5, Fine-tune Epoch 7: acc(valid_pseudo): 0.8985, acc(valid): 0.7700
2025-12-20 02:12:43,964 - INFO: Round 5, Fine-tune Epoch 7: No improvement in validation accuracy. Patience(epoch): 1/5
2025-12-20 02:12:44,198 - INFO: Epoch: [8][  0/301]	Time  0.229 ( 0.229)	Loss 4.0850e-01 (4.0850e-01)	Acc pseudo  82.81 ( 82.81)	Lr 1.000e-03 (1.000e-03)
2025-12-20 02:12:44,383 - INFO: Epoch: [8][ 50/301]	Time  0.003 ( 0.008)	Loss 4.8311e-01 (5.0164e-01)	Acc pseudo  85.94 ( 85.02)	Lr 1.000e-03 (1.000e-03)
2025-12-20 02:12:44,540 - INFO: Epoch: [8][100/301]	Time  0.003 ( 0.006)	Loss 4.4751e-01 (5.1986e-01)	Acc pseudo  89.06 ( 84.73)	Lr 1.000e-03 (1.000e-03)
2025-12-20 02:12:44,700 - INFO: Epoch: [8][150/301]	Time  0.003 ( 0.005)	Loss 5.8548e-01 (5.1287e-01)	Acc pseudo  82.81 ( 84.82)	Lr 1.000e-03 (1.000e-03)
2025-12-20 02:12:44,863 - INFO: Epoch: [8][200/301]	Time  0.003 ( 0.004)	Loss 4.0651e-01 (5.2340e-01)	Acc pseudo  85.94 ( 84.77)	Lr 1.000e-03 (1.000e-03)
2025-12-20 02:12:45,020 - INFO: Epoch: [8][250/301]	Time  0.003 ( 0.004)	Loss 5.5287e-01 (5.2850e-01)	Acc pseudo  81.25 ( 84.48)	Lr 1.000e-03 (1.000e-03)
2025-12-20 02:12:45,166 - INFO: Epoch: [8][300/301]	Time  0.002 ( 0.004)	Loss 6.9934e-01 (5.3195e-01)	Acc pseudo  80.00 ( 84.32)	Lr 1.000e-03 (1.000e-03)
2025-12-20 02:12:45,232 - INFO: Round 5, Fine-tune Epoch 8: loss=0.5319, acc(pseudo)=84.32%
2025-12-20 02:12:57,887 - INFO: Round 5, Fine-tune Epoch 8: acc(valid_pseudo): 0.9433, acc(valid): 0.7725
2025-12-20 02:12:57,888 - INFO: Round 5, Fine-tune Epoch 8: No improvement in validation accuracy. Patience(epoch): 2/5
2025-12-20 02:12:58,142 - INFO: Epoch: [9][  0/301]	Time  0.249 ( 0.249)	Loss 6.5599e-01 (6.5599e-01)	Acc pseudo  82.81 ( 82.81)	Lr 1.000e-03 (1.000e-03)
2025-12-20 02:12:58,322 - INFO: Epoch: [9][ 50/301]	Time  0.003 ( 0.008)	Loss 4.5694e-01 (5.5062e-01)	Acc pseudo  85.94 ( 84.19)	Lr 1.000e-03 (1.000e-03)
2025-12-20 02:12:58,497 - INFO: Epoch: [9][100/301]	Time  0.003 ( 0.006)	Loss 4.8485e-01 (5.1260e-01)	Acc pseudo  84.38 ( 84.82)	Lr 1.000e-03 (1.000e-03)
2025-12-20 02:12:58,651 - INFO: Epoch: [9][150/301]	Time  0.003 ( 0.005)	Loss 4.1797e-01 (5.2278e-01)	Acc pseudo  79.69 ( 84.53)	Lr 1.000e-03 (1.000e-03)
2025-12-20 02:12:58,811 - INFO: Epoch: [9][200/301]	Time  0.003 ( 0.004)	Loss 4.1824e-01 (5.2409e-01)	Acc pseudo  85.94 ( 84.48)	Lr 1.000e-03 (1.000e-03)
2025-12-20 02:12:58,960 - INFO: Epoch: [9][250/301]	Time  0.003 ( 0.004)	Loss 7.0560e-01 (5.2274e-01)	Acc pseudo  76.56 ( 84.52)	Lr 1.000e-03 (1.000e-03)
2025-12-20 02:12:59,100 - INFO: Epoch: [9][300/301]	Time  0.002 ( 0.004)	Loss 8.0678e-01 (5.3317e-01)	Acc pseudo  72.00 ( 84.30)	Lr 1.000e-03 (1.000e-03)
2025-12-20 02:12:59,165 - INFO: Round 5, Fine-tune Epoch 9: loss=0.5332, acc(pseudo)=84.30%
2025-12-20 02:13:11,367 - INFO: Round 5, Fine-tune Epoch 9: acc(valid_pseudo): 0.9336, acc(valid): 0.7925
2025-12-20 02:13:11,367 - INFO: Round 5, Fine-tune Epoch 9: No improvement in validation accuracy. Patience(epoch): 3/5
2025-12-20 02:13:11,602 - INFO: Epoch: [10][  0/301]	Time  0.229 ( 0.229)	Loss 5.2886e-01 (5.2886e-01)	Acc pseudo  84.38 ( 84.38)	Lr 1.000e-03 (1.000e-03)
2025-12-20 02:13:11,787 - INFO: Epoch: [10][ 50/301]	Time  0.004 ( 0.008)	Loss 3.8483e-01 (4.9974e-01)	Acc pseudo  90.62 ( 84.62)	Lr 1.000e-03 (1.000e-03)
2025-12-20 02:13:11,960 - INFO: Epoch: [10][100/301]	Time  0.003 ( 0.006)	Loss 7.0553e-01 (5.0016e-01)	Acc pseudo  84.38 ( 84.79)	Lr 1.000e-03 (1.000e-03)
2025-12-20 02:13:12,118 - INFO: Epoch: [10][150/301]	Time  0.004 ( 0.005)	Loss 3.5201e-01 (5.1827e-01)	Acc pseudo  90.62 ( 84.47)	Lr 1.000e-03 (1.000e-03)
2025-12-20 02:13:12,276 - INFO: Epoch: [10][200/301]	Time  0.003 ( 0.004)	Loss 7.7934e-01 (5.1610e-01)	Acc pseudo  73.44 ( 84.61)	Lr 1.000e-03 (1.000e-03)
2025-12-20 02:13:12,424 - INFO: Epoch: [10][250/301]	Time  0.003 ( 0.004)	Loss 6.5813e-01 (5.1796e-01)	Acc pseudo  79.69 ( 84.52)	Lr 1.000e-03 (1.000e-03)
2025-12-20 02:13:12,568 - INFO: Epoch: [10][300/301]	Time  0.002 ( 0.004)	Loss 8.1653e-01 (5.2061e-01)	Acc pseudo  80.00 ( 84.43)	Lr 1.000e-03 (1.000e-03)
2025-12-20 02:13:12,648 - INFO: Round 5, Fine-tune Epoch 10: loss=0.5206, acc(pseudo)=84.43%
2025-12-20 02:13:27,159 - INFO: Round 5, Fine-tune Epoch 10: acc(valid_pseudo): 0.9383, acc(valid): 0.8000
2025-12-20 02:13:27,159 - INFO: Round 5, Fine-tune Epoch 10: No improvement in validation accuracy. Patience(epoch): 4/5
2025-12-20 02:13:27,385 - INFO: Epoch: [11][  0/301]	Time  0.221 ( 0.221)	Loss 2.8441e-01 (2.8441e-01)	Acc pseudo  89.06 ( 89.06)	Lr 1.000e-03 (1.000e-03)
2025-12-20 02:13:27,561 - INFO: Epoch: [11][ 50/301]	Time  0.003 ( 0.008)	Loss 2.9588e-01 (4.7090e-01)	Acc pseudo  92.19 ( 86.00)	Lr 1.000e-03 (1.000e-03)
2025-12-20 02:13:27,718 - INFO: Epoch: [11][100/301]	Time  0.004 ( 0.005)	Loss 3.8991e-01 (4.8660e-01)	Acc pseudo  84.38 ( 85.15)	Lr 1.000e-03 (1.000e-03)
2025-12-20 02:13:27,871 - INFO: Epoch: [11][150/301]	Time  0.003 ( 0.005)	Loss 6.7821e-01 (4.9219e-01)	Acc pseudo  84.38 ( 85.41)	Lr 1.000e-03 (1.000e-03)
2025-12-20 02:13:28,022 - INFO: Epoch: [11][200/301]	Time  0.003 ( 0.004)	Loss 5.9484e-01 (4.9964e-01)	Acc pseudo  78.12 ( 85.19)	Lr 1.000e-03 (1.000e-03)
2025-12-20 02:13:28,184 - INFO: Epoch: [11][250/301]	Time  0.003 ( 0.004)	Loss 5.1742e-01 (5.1121e-01)	Acc pseudo  87.50 ( 84.76)	Lr 1.000e-03 (1.000e-03)
2025-12-20 02:13:28,340 - INFO: Epoch: [11][300/301]	Time  0.002 ( 0.004)	Loss 5.6704e-01 (5.1620e-01)	Acc pseudo  84.00 ( 84.59)	Lr 1.000e-03 (1.000e-03)
2025-12-20 02:13:28,410 - INFO: Round 5, Fine-tune Epoch 11: loss=0.5162, acc(pseudo)=84.59%
2025-12-20 02:13:40,659 - INFO: Round 5, Fine-tune Epoch 11: acc(valid_pseudo): 0.9152, acc(valid): 0.8025
2025-12-20 02:13:40,660 - INFO: Round 5, Fine-tune Epoch 11: No improvement in validation accuracy. Patience(epoch): 5/5
2025-12-20 02:13:40,660 - INFO: Early stopping at epoch 11 due to no improvement in validation accuracy for 5 epochs.
2025-12-20 02:13:40,661 - INFO: Round 5: Best fine-tuned epoch=6, acc(valid_pseudo)=0.9441
2025-12-20 02:13:40,718 - INFO: Using HMM model from previous round: runs/I love my family/exp_video/result/self_supervised/exp0/round4/pseudo_label/hmm_params.pkl
2025-12-20 02:50:27,499 - INFO: Round 5: acc(valid)=0.8525, acc(test)=0.8281
2025-12-20 02:50:27,504 - INFO: ====================
2025-12-20 02:50:27,504 - INFO: Round 6: Fine-tuning iteration
2025-12-20 02:50:27,504 - INFO: ====================
2025-12-20 02:50:27,513 - INFO: Round 6 Part 1: Fine-tuning embedding model
2025-12-20 02:50:27,516 - INFO: Using pseudo-label file: runs/I love my family/exp_video/result/self_supervised/exp0/round5/pseudo_label/pseudo_labels_audio_nested_hmm_full(unreliable_pp=100.0).json
2025-12-20 02:50:28,250 - INFO: Warmup training classifier for 2 epochs...
2025-12-20 02:50:28,710 - INFO: Epoch: [0][  0/301]	Time  0.450 ( 0.450)	Loss 2.6070e+00 (2.6070e+00)	Acc pseudo   9.38 (  9.38)	Lr 1.000e-03 (1.000e-03)
2025-12-20 02:50:28,864 - INFO: Epoch: [0][ 50/301]	Time  0.002 ( 0.012)	Loss 1.3080e+00 (1.7433e+00)	Acc pseudo  65.62 ( 59.50)	Lr 1.000e-03 (1.000e-03)
2025-12-20 02:50:29,004 - INFO: Epoch: [0][100/301]	Time  0.003 ( 0.007)	Loss 8.7469e-01 (1.4180e+00)	Acc pseudo  79.69 ( 66.51)	Lr 1.000e-03 (1.000e-03)
2025-12-20 02:50:29,140 - INFO: Epoch: [0][150/301]	Time  0.002 ( 0.006)	Loss 1.1132e+00 (1.2660e+00)	Acc pseudo  68.75 ( 69.59)	Lr 1.000e-03 (1.000e-03)
2025-12-20 02:50:29,277 - INFO: Epoch: [0][200/301]	Time  0.003 ( 0.005)	Loss 7.5875e-01 (1.1765e+00)	Acc pseudo  81.25 ( 71.26)	Lr 1.000e-03 (1.000e-03)
2025-12-20 02:50:29,428 - INFO: Epoch: [0][250/301]	Time  0.003 ( 0.005)	Loss 9.2259e-01 (1.1221e+00)	Acc pseudo  79.69 ( 72.34)	Lr 1.000e-03 (1.000e-03)
2025-12-20 02:50:29,561 - INFO: Epoch: [0][300/301]	Time  0.003 ( 0.004)	Loss 7.1186e-01 (1.0810e+00)	Acc pseudo  80.00 ( 73.35)	Lr 1.000e-03 (1.000e-03)
2025-12-20 02:50:29,623 - INFO: Round 6, Warmup Epoch 0: loss=1.0810, acc(pseudo)=73.35%
2025-12-20 02:50:29,890 - INFO: Epoch: [1][  0/301]	Time  0.260 ( 0.260)	Loss 1.1503e+00 (1.1503e+00)	Acc pseudo  75.00 ( 75.00)	Lr 1.000e-03 (1.000e-03)
2025-12-20 02:50:30,046 - INFO: Epoch: [1][ 50/301]	Time  0.003 ( 0.008)	Loss 7.9721e-01 (7.8240e-01)	Acc pseudo  78.12 ( 79.17)	Lr 1.000e-03 (1.000e-03)
2025-12-20 02:50:30,186 - INFO: Epoch: [1][100/301]	Time  0.003 ( 0.005)	Loss 6.9475e-01 (7.9081e-01)	Acc pseudo  82.81 ( 79.42)	Lr 1.000e-03 (1.000e-03)
2025-12-20 02:50:30,324 - INFO: Epoch: [1][150/301]	Time  0.002 ( 0.004)	Loss 8.8406e-01 (7.6881e-01)	Acc pseudo  70.31 ( 79.86)	Lr 1.000e-03 (1.000e-03)
2025-12-20 02:50:30,465 - INFO: Epoch: [1][200/301]	Time  0.003 ( 0.004)	Loss 7.8472e-01 (7.7493e-01)	Acc pseudo  76.56 ( 79.77)	Lr 1.000e-03 (1.000e-03)
2025-12-20 02:50:30,602 - INFO: Epoch: [1][250/301]	Time  0.003 ( 0.004)	Loss 9.2915e-01 (7.7770e-01)	Acc pseudo  75.00 ( 79.72)	Lr 1.000e-03 (1.000e-03)
2025-12-20 02:50:30,734 - INFO: Epoch: [1][300/301]	Time  0.002 ( 0.004)	Loss 5.4245e-01 (7.8153e-01)	Acc pseudo  80.00 ( 79.65)	Lr 1.000e-03 (1.000e-03)
2025-12-20 02:50:30,800 - INFO: Round 6, Warmup Epoch 1: loss=0.7815, acc(pseudo)=79.65%
2025-12-20 02:50:30,824 - INFO: Fine-tuning embedding model for 20 epochs...
2025-12-20 02:50:31,129 - INFO: Epoch: [0][  0/301]	Time  0.299 ( 0.299)	Loss 5.8803e-01 (5.8803e-01)	Acc pseudo  81.25 ( 81.25)	Lr 1.000e-03 (1.000e-03)
2025-12-20 02:50:31,315 - INFO: Epoch: [0][ 50/301]	Time  0.003 ( 0.009)	Loss 6.1772e-01 (9.0462e-01)	Acc pseudo  78.12 ( 76.16)	Lr 1.000e-03 (1.000e-03)
2025-12-20 02:50:31,471 - INFO: Epoch: [0][100/301]	Time  0.003 ( 0.006)	Loss 1.1372e+00 (9.1299e-01)	Acc pseudo  70.31 ( 76.01)	Lr 1.000e-03 (1.000e-03)
2025-12-20 02:50:31,627 - INFO: Epoch: [0][150/301]	Time  0.003 ( 0.005)	Loss 4.9301e-01 (8.7902e-01)	Acc pseudo  79.69 ( 76.54)	Lr 1.000e-03 (1.000e-03)
2025-12-20 02:50:31,784 - INFO: Epoch: [0][200/301]	Time  0.003 ( 0.005)	Loss 7.0747e-01 (8.7001e-01)	Acc pseudo  78.12 ( 76.97)	Lr 1.000e-03 (1.000e-03)
2025-12-20 02:50:31,942 - INFO: Epoch: [0][250/301]	Time  0.003 ( 0.004)	Loss 3.9139e-01 (8.5843e-01)	Acc pseudo  87.50 ( 77.33)	Lr 1.000e-03 (1.000e-03)
2025-12-20 02:50:32,080 - INFO: Epoch: [0][300/301]	Time  0.002 ( 0.004)	Loss 7.0715e-01 (8.4974e-01)	Acc pseudo  80.00 ( 77.43)	Lr 1.000e-03 (1.000e-03)
2025-12-20 02:50:32,163 - INFO: Round 6, Fine-tune Epoch 0: loss=0.8497, acc(pseudo)=77.43%
2025-12-20 02:50:44,324 - INFO: Round 6, Fine-tune Epoch 0: acc(valid_pseudo): 0.7365, acc(valid): 0.6750
2025-12-20 02:50:49,579 - INFO: Epoch: [1][  0/301]	Time  0.280 ( 0.280)	Loss 5.6354e-01 (5.6354e-01)	Acc pseudo  78.12 ( 78.12)	Lr 1.000e-03 (1.000e-03)
2025-12-20 02:50:49,761 - INFO: Epoch: [1][ 50/301]	Time  0.003 ( 0.009)	Loss 8.9863e-01 (7.1545e-01)	Acc pseudo  76.56 ( 79.93)	Lr 1.000e-03 (1.000e-03)
2025-12-20 02:50:49,916 - INFO: Epoch: [1][100/301]	Time  0.003 ( 0.006)	Loss 7.5037e-01 (7.1381e-01)	Acc pseudo  79.69 ( 79.89)	Lr 1.000e-03 (1.000e-03)
2025-12-20 02:50:50,102 - INFO: Epoch: [1][150/301]	Time  0.004 ( 0.005)	Loss 8.7587e-01 (7.1281e-01)	Acc pseudo  79.69 ( 80.15)	Lr 1.000e-03 (1.000e-03)
2025-12-20 02:50:50,258 - INFO: Epoch: [1][200/301]	Time  0.004 ( 0.005)	Loss 8.4426e-01 (7.2045e-01)	Acc pseudo  78.12 ( 80.23)	Lr 1.000e-03 (1.000e-03)
2025-12-20 02:50:50,421 - INFO: Epoch: [1][250/301]	Time  0.003 ( 0.004)	Loss 5.1809e-01 (7.2469e-01)	Acc pseudo  82.81 ( 80.45)	Lr 1.000e-03 (1.000e-03)
2025-12-20 02:50:50,595 - INFO: Epoch: [1][300/301]	Time  0.003 ( 0.004)	Loss 4.9170e-01 (7.2417e-01)	Acc pseudo  84.00 ( 80.46)	Lr 1.000e-03 (1.000e-03)
2025-12-20 02:50:50,661 - INFO: Round 6, Fine-tune Epoch 1: loss=0.7242, acc(pseudo)=80.46%
2025-12-20 02:51:04,865 - INFO: Round 6, Fine-tune Epoch 1: acc(valid_pseudo): 0.9237, acc(valid): 0.8000
2025-12-20 02:51:09,647 - INFO: Epoch: [2][  0/301]	Time  0.248 ( 0.248)	Loss 5.0047e-01 (5.0047e-01)	Acc pseudo  85.94 ( 85.94)	Lr 1.000e-03 (1.000e-03)
2025-12-20 02:51:09,818 - INFO: Epoch: [2][ 50/301]	Time  0.003 ( 0.008)	Loss 8.8873e-01 (6.3172e-01)	Acc pseudo  79.69 ( 82.57)	Lr 1.000e-03 (1.000e-03)
2025-12-20 02:51:09,978 - INFO: Epoch: [2][100/301]	Time  0.003 ( 0.006)	Loss 6.4827e-01 (6.6231e-01)	Acc pseudo  82.81 ( 82.07)	Lr 1.000e-03 (1.000e-03)
2025-12-20 02:51:10,131 - INFO: Epoch: [2][150/301]	Time  0.003 ( 0.005)	Loss 8.9586e-01 (6.4964e-01)	Acc pseudo  79.69 ( 82.08)	Lr 1.000e-03 (1.000e-03)
2025-12-20 02:51:10,285 - INFO: Epoch: [2][200/301]	Time  0.003 ( 0.004)	Loss 5.9407e-01 (6.5409e-01)	Acc pseudo  82.81 ( 81.93)	Lr 1.000e-03 (1.000e-03)
2025-12-20 02:51:10,436 - INFO: Epoch: [2][250/301]	Time  0.003 ( 0.004)	Loss 7.3359e-01 (6.5585e-01)	Acc pseudo  85.94 ( 81.98)	Lr 1.000e-03 (1.000e-03)
2025-12-20 02:51:10,582 - INFO: Epoch: [2][300/301]	Time  0.002 ( 0.004)	Loss 5.2830e-01 (6.5600e-01)	Acc pseudo  92.00 ( 82.11)	Lr 1.000e-03 (1.000e-03)
2025-12-20 02:51:10,644 - INFO: Round 6, Fine-tune Epoch 2: loss=0.6560, acc(pseudo)=82.11%
2025-12-20 02:51:23,771 - INFO: Round 6, Fine-tune Epoch 2: acc(valid_pseudo): 0.9251, acc(valid): 0.8300
2025-12-20 02:51:28,900 - INFO: Epoch: [3][  0/301]	Time  0.244 ( 0.244)	Loss 6.2108e-01 (6.2108e-01)	Acc pseudo  81.25 ( 81.25)	Lr 1.000e-03 (1.000e-03)
2025-12-20 02:51:29,077 - INFO: Epoch: [3][ 50/301]	Time  0.003 ( 0.008)	Loss 5.0074e-01 (6.0988e-01)	Acc pseudo  82.81 ( 83.18)	Lr 1.000e-03 (1.000e-03)
2025-12-20 02:51:29,236 - INFO: Epoch: [3][100/301]	Time  0.003 ( 0.006)	Loss 7.0158e-01 (5.9736e-01)	Acc pseudo  81.25 ( 83.17)	Lr 1.000e-03 (1.000e-03)
2025-12-20 02:51:29,392 - INFO: Epoch: [3][150/301]	Time  0.004 ( 0.005)	Loss 4.8605e-01 (6.0933e-01)	Acc pseudo  87.50 ( 83.52)	Lr 1.000e-03 (1.000e-03)
2025-12-20 02:51:29,545 - INFO: Epoch: [3][200/301]	Time  0.003 ( 0.004)	Loss 4.6658e-01 (6.2124e-01)	Acc pseudo  85.94 ( 83.16)	Lr 1.000e-03 (1.000e-03)
2025-12-20 02:51:29,696 - INFO: Epoch: [3][250/301]	Time  0.003 ( 0.004)	Loss 5.7366e-01 (6.1948e-01)	Acc pseudo  81.25 ( 83.09)	Lr 1.000e-03 (1.000e-03)
2025-12-20 02:51:29,836 - INFO: Epoch: [3][300/301]	Time  0.002 ( 0.004)	Loss 7.9916e-01 (6.2349e-01)	Acc pseudo  80.00 ( 82.85)	Lr 1.000e-03 (1.000e-03)
2025-12-20 02:51:29,903 - INFO: Round 6, Fine-tune Epoch 3: loss=0.6235, acc(pseudo)=82.85%
2025-12-20 02:51:42,017 - INFO: Round 6, Fine-tune Epoch 3: acc(valid_pseudo): 0.8973, acc(valid): 0.7700
2025-12-20 02:51:42,017 - INFO: Round 6, Fine-tune Epoch 3: No improvement in validation accuracy. Patience(epoch): 1/5
2025-12-20 02:51:42,302 - INFO: Epoch: [4][  0/301]	Time  0.279 ( 0.279)	Loss 7.0782e-01 (7.0782e-01)	Acc pseudo  84.38 ( 84.38)	Lr 1.000e-03 (1.000e-03)
2025-12-20 02:51:42,470 - INFO: Epoch: [4][ 50/301]	Time  0.003 ( 0.009)	Loss 2.8652e-01 (5.7374e-01)	Acc pseudo  93.75 ( 83.67)	Lr 1.000e-03 (1.000e-03)
2025-12-20 02:51:42,631 - INFO: Epoch: [4][100/301]	Time  0.003 ( 0.006)	Loss 6.0951e-01 (5.7745e-01)	Acc pseudo  85.94 ( 83.37)	Lr 1.000e-03 (1.000e-03)
2025-12-20 02:51:42,785 - INFO: Epoch: [4][150/301]	Time  0.003 ( 0.005)	Loss 3.7473e-01 (6.0076e-01)	Acc pseudo  85.94 ( 83.05)	Lr 1.000e-03 (1.000e-03)
2025-12-20 02:51:42,939 - INFO: Epoch: [4][200/301]	Time  0.003 ( 0.004)	Loss 7.1769e-01 (5.9827e-01)	Acc pseudo  78.12 ( 83.26)	Lr 1.000e-03 (1.000e-03)
2025-12-20 02:51:43,098 - INFO: Epoch: [4][250/301]	Time  0.002 ( 0.004)	Loss 6.6181e-01 (5.9902e-01)	Acc pseudo  82.81 ( 83.24)	Lr 1.000e-03 (1.000e-03)
2025-12-20 02:51:43,235 - INFO: Epoch: [4][300/301]	Time  0.002 ( 0.004)	Loss 4.8447e-01 (5.9875e-01)	Acc pseudo  84.00 ( 83.33)	Lr 1.000e-03 (1.000e-03)
2025-12-20 02:51:43,303 - INFO: Round 6, Fine-tune Epoch 4: loss=0.5988, acc(pseudo)=83.33%
2025-12-20 02:51:57,208 - INFO: Round 6, Fine-tune Epoch 4: acc(valid_pseudo): 0.9330, acc(valid): 0.8150
2025-12-20 02:52:01,963 - INFO: Epoch: [5][  0/301]	Time  0.230 ( 0.230)	Loss 5.2015e-01 (5.2015e-01)	Acc pseudo  81.25 ( 81.25)	Lr 1.000e-03 (1.000e-03)
2025-12-20 02:52:02,143 - INFO: Epoch: [5][ 50/301]	Time  0.003 ( 0.008)	Loss 3.8770e-01 (5.7739e-01)	Acc pseudo  90.62 ( 83.73)	Lr 1.000e-03 (1.000e-03)
2025-12-20 02:52:02,313 - INFO: Epoch: [5][100/301]	Time  0.003 ( 0.006)	Loss 3.6080e-01 (5.5666e-01)	Acc pseudo  85.94 ( 84.02)	Lr 1.000e-03 (1.000e-03)
2025-12-20 02:52:02,468 - INFO: Epoch: [5][150/301]	Time  0.003 ( 0.005)	Loss 6.9127e-01 (5.6236e-01)	Acc pseudo  81.25 ( 83.63)	Lr 1.000e-03 (1.000e-03)
2025-12-20 02:52:02,618 - INFO: Epoch: [5][200/301]	Time  0.003 ( 0.004)	Loss 6.5326e-01 (5.7097e-01)	Acc pseudo  82.81 ( 83.55)	Lr 1.000e-03 (1.000e-03)
2025-12-20 02:52:02,771 - INFO: Epoch: [5][250/301]	Time  0.002 ( 0.004)	Loss 5.8538e-01 (5.8001e-01)	Acc pseudo  82.81 ( 83.31)	Lr 1.000e-03 (1.000e-03)
2025-12-20 02:52:02,940 - INFO: Epoch: [5][300/301]	Time  0.002 ( 0.004)	Loss 6.9067e-01 (5.7420e-01)	Acc pseudo  84.00 ( 83.51)	Lr 1.000e-03 (1.000e-03)
2025-12-20 02:52:03,007 - INFO: Round 6, Fine-tune Epoch 5: loss=0.5742, acc(pseudo)=83.51%
2025-12-20 02:52:15,601 - INFO: Round 6, Fine-tune Epoch 5: acc(valid_pseudo): 0.9140, acc(valid): 0.7650
2025-12-20 02:52:15,601 - INFO: Round 6, Fine-tune Epoch 5: No improvement in validation accuracy. Patience(epoch): 1/5
2025-12-20 02:52:15,868 - INFO: Epoch: [6][  0/301]	Time  0.258 ( 0.258)	Loss 6.9125e-01 (6.9125e-01)	Acc pseudo  84.38 ( 84.38)	Lr 1.000e-03 (1.000e-03)
2025-12-20 02:52:16,056 - INFO: Epoch: [6][ 50/301]	Time  0.004 ( 0.009)	Loss 3.6553e-01 (5.4820e-01)	Acc pseudo  87.50 ( 84.28)	Lr 1.000e-03 (1.000e-03)
2025-12-20 02:52:16,221 - INFO: Epoch: [6][100/301]	Time  0.003 ( 0.006)	Loss 4.1730e-01 (5.6903e-01)	Acc pseudo  90.62 ( 83.99)	Lr 1.000e-03 (1.000e-03)
2025-12-20 02:52:16,381 - INFO: Epoch: [6][150/301]	Time  0.003 ( 0.005)	Loss 4.7998e-01 (5.6536e-01)	Acc pseudo  84.38 ( 84.01)	Lr 1.000e-03 (1.000e-03)
2025-12-20 02:52:16,559 - INFO: Epoch: [6][200/301]	Time  0.003 ( 0.005)	Loss 4.5800e-01 (5.6592e-01)	Acc pseudo  76.56 ( 83.84)	Lr 1.000e-03 (1.000e-03)
2025-12-20 02:52:16,703 - INFO: Epoch: [6][250/301]	Time  0.003 ( 0.004)	Loss 5.4224e-01 (5.7297e-01)	Acc pseudo  79.69 ( 83.85)	Lr 1.000e-03 (1.000e-03)
2025-12-20 02:52:16,857 - INFO: Epoch: [6][300/301]	Time  0.002 ( 0.004)	Loss 4.0022e-01 (5.7862e-01)	Acc pseudo  84.00 ( 83.70)	Lr 1.000e-03 (1.000e-03)
2025-12-20 02:52:16,928 - INFO: Round 6, Fine-tune Epoch 6: loss=0.5786, acc(pseudo)=83.70%
2025-12-20 02:52:29,619 - INFO: Round 6, Fine-tune Epoch 6: acc(valid_pseudo): 0.9178, acc(valid): 0.8100
2025-12-20 02:52:29,619 - INFO: Round 6, Fine-tune Epoch 6: No improvement in validation accuracy. Patience(epoch): 2/5
2025-12-20 02:52:29,880 - INFO: Epoch: [7][  0/301]	Time  0.251 ( 0.251)	Loss 3.0684e-01 (3.0684e-01)	Acc pseudo  92.19 ( 92.19)	Lr 1.000e-03 (1.000e-03)
2025-12-20 02:52:30,068 - INFO: Epoch: [7][ 50/301]	Time  0.003 ( 0.009)	Loss 5.6810e-01 (4.9856e-01)	Acc pseudo  84.38 ( 85.39)	Lr 1.000e-03 (1.000e-03)
2025-12-20 02:52:30,231 - INFO: Epoch: [7][100/301]	Time  0.003 ( 0.006)	Loss 6.0200e-01 (5.1303e-01)	Acc pseudo  81.25 ( 85.07)	Lr 1.000e-03 (1.000e-03)
2025-12-20 02:52:30,392 - INFO: Epoch: [7][150/301]	Time  0.003 ( 0.005)	Loss 3.8875e-01 (5.0723e-01)	Acc pseudo  85.94 ( 85.12)	Lr 1.000e-03 (1.000e-03)
2025-12-20 02:52:30,562 - INFO: Epoch: [7][200/301]	Time  0.003 ( 0.005)	Loss 4.7709e-01 (5.1113e-01)	Acc pseudo  84.38 ( 84.96)	Lr 1.000e-03 (1.000e-03)
2025-12-20 02:52:30,705 - INFO: Epoch: [7][250/301]	Time  0.003 ( 0.004)	Loss 4.6834e-01 (5.2222e-01)	Acc pseudo  87.50 ( 84.97)	Lr 1.000e-03 (1.000e-03)
2025-12-20 02:52:30,880 - INFO: Epoch: [7][300/301]	Time  0.003 ( 0.004)	Loss 9.4854e-01 (5.3118e-01)	Acc pseudo  72.00 ( 84.57)	Lr 1.000e-03 (1.000e-03)
2025-12-20 02:52:30,941 - INFO: Round 6, Fine-tune Epoch 7: loss=0.5312, acc(pseudo)=84.57%
2025-12-20 02:52:45,306 - INFO: Round 6, Fine-tune Epoch 7: acc(valid_pseudo): 0.9035, acc(valid): 0.7825
2025-12-20 02:52:45,306 - INFO: Round 6, Fine-tune Epoch 7: No improvement in validation accuracy. Patience(epoch): 3/5
2025-12-20 02:52:45,575 - INFO: Epoch: [8][  0/301]	Time  0.262 ( 0.262)	Loss 3.0431e-01 (3.0431e-01)	Acc pseudo  90.62 ( 90.62)	Lr 1.000e-03 (1.000e-03)
2025-12-20 02:52:45,762 - INFO: Epoch: [8][ 50/301]	Time  0.004 ( 0.009)	Loss 6.0105e-01 (5.1952e-01)	Acc pseudo  82.81 ( 84.83)	Lr 1.000e-03 (1.000e-03)
2025-12-20 02:52:45,942 - INFO: Epoch: [8][100/301]	Time  0.003 ( 0.006)	Loss 4.6962e-01 (5.2566e-01)	Acc pseudo  85.94 ( 84.76)	Lr 1.000e-03 (1.000e-03)
2025-12-20 02:52:46,104 - INFO: Epoch: [8][150/301]	Time  0.003 ( 0.005)	Loss 5.6035e-01 (5.3048e-01)	Acc pseudo  82.81 ( 84.73)	Lr 1.000e-03 (1.000e-03)
2025-12-20 02:52:46,273 - INFO: Epoch: [8][200/301]	Time  0.003 ( 0.005)	Loss 4.3308e-01 (5.3482e-01)	Acc pseudo  87.50 ( 84.71)	Lr 1.000e-03 (1.000e-03)
2025-12-20 02:52:46,433 - INFO: Epoch: [8][250/301]	Time  0.003 ( 0.004)	Loss 8.6482e-01 (5.3717e-01)	Acc pseudo  78.12 ( 84.64)	Lr 1.000e-03 (1.000e-03)
2025-12-20 02:52:46,593 - INFO: Epoch: [8][300/301]	Time  0.002 ( 0.004)	Loss 3.6886e-01 (5.3851e-01)	Acc pseudo  92.00 ( 84.42)	Lr 1.000e-03 (1.000e-03)
2025-12-20 02:52:46,655 - INFO: Round 6, Fine-tune Epoch 8: loss=0.5385, acc(pseudo)=84.42%
2025-12-20 02:52:59,218 - INFO: Round 6, Fine-tune Epoch 8: acc(valid_pseudo): 0.9175, acc(valid): 0.7550
2025-12-20 02:52:59,219 - INFO: Round 6, Fine-tune Epoch 8: No improvement in validation accuracy. Patience(epoch): 4/5
2025-12-20 02:52:59,458 - INFO: Epoch: [9][  0/301]	Time  0.234 ( 0.234)	Loss 6.4621e-01 (6.4621e-01)	Acc pseudo  81.25 ( 81.25)	Lr 1.000e-03 (1.000e-03)
2025-12-20 02:52:59,629 - INFO: Epoch: [9][ 50/301]	Time  0.003 ( 0.008)	Loss 4.5351e-01 (5.0486e-01)	Acc pseudo  85.94 ( 84.87)	Lr 1.000e-03 (1.000e-03)
2025-12-20 02:52:59,797 - INFO: Epoch: [9][100/301]	Time  0.003 ( 0.006)	Loss 4.7171e-01 (5.0818e-01)	Acc pseudo  79.69 ( 84.99)	Lr 1.000e-03 (1.000e-03)
2025-12-20 02:52:59,951 - INFO: Epoch: [9][150/301]	Time  0.003 ( 0.005)	Loss 4.1218e-01 (5.2090e-01)	Acc pseudo  87.50 ( 84.73)	Lr 1.000e-03 (1.000e-03)
2025-12-20 02:53:00,100 - INFO: Epoch: [9][200/301]	Time  0.003 ( 0.004)	Loss 3.9968e-01 (5.1910e-01)	Acc pseudo  85.94 ( 84.78)	Lr 1.000e-03 (1.000e-03)
2025-12-20 02:53:00,259 - INFO: Epoch: [9][250/301]	Time  0.003 ( 0.004)	Loss 4.7941e-01 (5.1330e-01)	Acc pseudo  82.81 ( 84.92)	Lr 1.000e-03 (1.000e-03)
2025-12-20 02:53:00,427 - INFO: Epoch: [9][300/301]	Time  0.002 ( 0.004)	Loss 6.4560e-01 (5.2369e-01)	Acc pseudo  76.00 ( 84.70)	Lr 1.000e-03 (1.000e-03)
2025-12-20 02:53:00,491 - INFO: Round 6, Fine-tune Epoch 9: loss=0.5237, acc(pseudo)=84.70%
2025-12-20 02:53:12,879 - INFO: Round 6, Fine-tune Epoch 9: acc(valid_pseudo): 0.7672, acc(valid): 0.6825
2025-12-20 02:53:12,879 - INFO: Round 6, Fine-tune Epoch 9: No improvement in validation accuracy. Patience(epoch): 5/5
2025-12-20 02:53:12,879 - INFO: Early stopping at epoch 9 due to no improvement in validation accuracy for 5 epochs.
2025-12-20 02:53:12,881 - INFO: Round 6: Best fine-tuned epoch=4, acc(valid_pseudo)=0.9330
2025-12-20 02:53:12,927 - INFO: Using HMM model from previous round: runs/I love my family/exp_video/result/self_supervised/exp0/round5/pseudo_label/hmm_params.pkl
2025-12-20 03:33:18,024 - INFO: Round 6: acc(valid)=0.8600, acc(test)=0.8481
2025-12-20 03:33:18,032 - INFO: ====================
2025-12-20 03:33:18,032 - INFO: Round 7: Fine-tuning iteration
2025-12-20 03:33:18,032 - INFO: ====================
2025-12-20 03:33:18,078 - INFO: Round 7 Part 1: Fine-tuning embedding model
2025-12-20 03:33:18,100 - INFO: Using pseudo-label file: runs/I love my family/exp_video/result/self_supervised/exp0/round6/pseudo_label/pseudo_labels_audio_nested_hmm_full(unreliable_pp=100.0).json
2025-12-20 03:33:18,489 - INFO: Warmup training classifier for 2 epochs...
2025-12-20 03:33:19,018 - INFO: Epoch: [0][  0/301]	Time  0.515 ( 0.515)	Loss 2.5840e+00 (2.5840e+00)	Acc pseudo   6.25 (  6.25)	Lr 1.000e-03 (1.000e-03)
2025-12-20 03:33:19,181 - INFO: Epoch: [0][ 50/301]	Time  0.003 ( 0.013)	Loss 1.6307e+00 (1.7632e+00)	Acc pseudo  67.19 ( 59.28)	Lr 1.000e-03 (1.000e-03)
2025-12-20 03:33:19,324 - INFO: Epoch: [0][100/301]	Time  0.003 ( 0.008)	Loss 9.8359e-01 (1.4252e+00)	Acc pseudo  73.44 ( 66.86)	Lr 1.000e-03 (1.000e-03)
2025-12-20 03:33:19,480 - INFO: Epoch: [0][150/301]	Time  0.003 ( 0.006)	Loss 1.0598e+00 (1.2648e+00)	Acc pseudo  70.31 ( 70.20)	Lr 1.000e-03 (1.000e-03)
2025-12-20 03:33:19,665 - INFO: Epoch: [0][200/301]	Time  0.003 ( 0.006)	Loss 6.6818e-01 (1.1703e+00)	Acc pseudo  85.94 ( 72.05)	Lr 1.000e-03 (1.000e-03)
2025-12-20 03:33:19,807 - INFO: Epoch: [0][250/301]	Time  0.003 ( 0.005)	Loss 8.9374e-01 (1.1215e+00)	Acc pseudo  75.00 ( 73.23)	Lr 1.000e-03 (1.000e-03)
2025-12-20 03:33:19,952 - INFO: Epoch: [0][300/301]	Time  0.002 ( 0.005)	Loss 8.3740e-01 (1.0754e+00)	Acc pseudo  68.00 ( 74.06)	Lr 1.000e-03 (1.000e-03)
2025-12-20 03:33:20,018 - INFO: Round 7, Warmup Epoch 0: loss=1.0754, acc(pseudo)=74.06%
2025-12-20 03:33:20,252 - INFO: Epoch: [1][  0/301]	Time  0.229 ( 0.229)	Loss 1.1162e+00 (1.1162e+00)	Acc pseudo  76.56 ( 76.56)	Lr 1.000e-03 (1.000e-03)
2025-12-20 03:33:20,411 - INFO: Epoch: [1][ 50/301]	Time  0.003 ( 0.007)	Loss 5.1360e-01 (7.7955e-01)	Acc pseudo  85.94 ( 80.30)	Lr 1.000e-03 (1.000e-03)
2025-12-20 03:33:20,564 - INFO: Epoch: [1][100/301]	Time  0.003 ( 0.005)	Loss 6.0928e-01 (7.8372e-01)	Acc pseudo  79.69 ( 80.04)	Lr 1.000e-03 (1.000e-03)
2025-12-20 03:33:20,712 - INFO: Epoch: [1][150/301]	Time  0.002 ( 0.004)	Loss 8.5947e-01 (7.6937e-01)	Acc pseudo  71.88 ( 80.06)	Lr 1.000e-03 (1.000e-03)
2025-12-20 03:33:20,855 - INFO: Epoch: [1][200/301]	Time  0.003 ( 0.004)	Loss 6.9880e-01 (7.7486e-01)	Acc pseudo  84.38 ( 79.89)	Lr 1.000e-03 (1.000e-03)
2025-12-20 03:33:20,989 - INFO: Epoch: [1][250/301]	Time  0.002 ( 0.004)	Loss 6.7366e-01 (7.7887e-01)	Acc pseudo  81.25 ( 79.74)	Lr 1.000e-03 (1.000e-03)
2025-12-20 03:33:21,110 - INFO: Epoch: [1][300/301]	Time  0.002 ( 0.004)	Loss 5.8021e-01 (7.8175e-01)	Acc pseudo  88.00 ( 79.77)	Lr 1.000e-03 (1.000e-03)
2025-12-20 03:33:21,177 - INFO: Round 7, Warmup Epoch 1: loss=0.7817, acc(pseudo)=79.77%
2025-12-20 03:33:21,370 - INFO: Fine-tuning embedding model for 20 epochs...
2025-12-20 03:33:21,650 - INFO: Epoch: [0][  0/301]	Time  0.273 ( 0.273)	Loss 8.4176e-01 (8.4176e-01)	Acc pseudo  81.25 ( 81.25)	Lr 1.000e-03 (1.000e-03)
2025-12-20 03:33:21,827 - INFO: Epoch: [0][ 50/301]	Time  0.003 ( 0.009)	Loss 6.6529e-01 (9.4646e-01)	Acc pseudo  76.56 ( 75.58)	Lr 1.000e-03 (1.000e-03)
2025-12-20 03:33:21,991 - INFO: Epoch: [0][100/301]	Time  0.003 ( 0.006)	Loss 1.1987e+00 (9.3271e-01)	Acc pseudo  70.31 ( 76.27)	Lr 1.000e-03 (1.000e-03)
2025-12-20 03:33:22,137 - INFO: Epoch: [0][150/301]	Time  0.003 ( 0.005)	Loss 1.3806e+00 (9.0236e-01)	Acc pseudo  81.25 ( 76.67)	Lr 1.000e-03 (1.000e-03)
2025-12-20 03:33:22,305 - INFO: Epoch: [0][200/301]	Time  0.003 ( 0.005)	Loss 6.6562e-01 (9.0469e-01)	Acc pseudo  84.38 ( 76.95)	Lr 1.000e-03 (1.000e-03)
2025-12-20 03:33:22,456 - INFO: Epoch: [0][250/301]	Time  0.003 ( 0.004)	Loss 2.7594e-01 (8.8462e-01)	Acc pseudo  87.50 ( 77.16)	Lr 1.000e-03 (1.000e-03)
2025-12-20 03:33:22,598 - INFO: Epoch: [0][300/301]	Time  0.002 ( 0.004)	Loss 9.1661e-01 (8.7181e-01)	Acc pseudo  72.00 ( 77.28)	Lr 1.000e-03 (1.000e-03)
2025-12-20 03:33:22,667 - INFO: Round 7, Fine-tune Epoch 0: loss=0.8718, acc(pseudo)=77.28%
2025-12-20 03:33:35,817 - INFO: Round 7, Fine-tune Epoch 0: acc(valid_pseudo): 0.7394, acc(valid): 0.7025
2025-12-20 03:33:41,539 - INFO: Epoch: [1][  0/301]	Time  0.713 ( 0.713)	Loss 7.5802e-01 (7.5802e-01)	Acc pseudo  79.69 ( 79.69)	Lr 1.000e-03 (1.000e-03)
2025-12-20 03:33:41,730 - INFO: Epoch: [1][ 50/301]	Time  0.003 ( 0.018)	Loss 7.7403e-01 (6.9799e-01)	Acc pseudo  79.69 ( 81.65)	Lr 1.000e-03 (1.000e-03)
2025-12-20 03:33:41,907 - INFO: Epoch: [1][100/301]	Time  0.003 ( 0.011)	Loss 8.8194e-01 (7.0705e-01)	Acc pseudo  78.12 ( 80.48)	Lr 1.000e-03 (1.000e-03)
2025-12-20 03:33:42,065 - INFO: Epoch: [1][150/301]	Time  0.003 ( 0.008)	Loss 8.0558e-01 (7.2167e-01)	Acc pseudo  78.12 ( 80.16)	Lr 1.000e-03 (1.000e-03)
2025-12-20 03:33:42,223 - INFO: Epoch: [1][200/301]	Time  0.005 ( 0.007)	Loss 7.9491e-01 (7.2730e-01)	Acc pseudo  75.00 ( 80.49)	Lr 1.000e-03 (1.000e-03)
2025-12-20 03:33:42,387 - INFO: Epoch: [1][250/301]	Time  0.003 ( 0.006)	Loss 5.7904e-01 (7.2386e-01)	Acc pseudo  84.38 ( 80.68)	Lr 1.000e-03 (1.000e-03)
2025-12-20 03:33:42,534 - INFO: Epoch: [1][300/301]	Time  0.002 ( 0.006)	Loss 4.2722e-01 (7.2639e-01)	Acc pseudo  88.00 ( 80.65)	Lr 1.000e-03 (1.000e-03)
2025-12-20 03:33:42,598 - INFO: Round 7, Fine-tune Epoch 1: loss=0.7264, acc(pseudo)=80.65%
2025-12-20 03:33:54,944 - INFO: Round 7, Fine-tune Epoch 1: acc(valid_pseudo): 0.8921, acc(valid): 0.7675
2025-12-20 03:33:59,943 - INFO: Epoch: [2][  0/301]	Time  0.229 ( 0.229)	Loss 7.4225e-01 (7.4225e-01)	Acc pseudo  78.12 ( 78.12)	Lr 1.000e-03 (1.000e-03)
2025-12-20 03:34:00,153 - INFO: Epoch: [2][ 50/301]	Time  0.003 ( 0.009)	Loss 1.0418e+00 (6.6633e-01)	Acc pseudo  75.00 ( 81.07)	Lr 1.000e-03 (1.000e-03)
2025-12-20 03:34:00,324 - INFO: Epoch: [2][100/301]	Time  0.003 ( 0.006)	Loss 1.1508e+00 (6.9532e-01)	Acc pseudo  79.69 ( 80.88)	Lr 1.000e-03 (1.000e-03)
2025-12-20 03:34:00,501 - INFO: Epoch: [2][150/301]	Time  0.003 ( 0.005)	Loss 7.0061e-01 (6.8123e-01)	Acc pseudo  85.94 ( 81.28)	Lr 1.000e-03 (1.000e-03)
2025-12-20 03:34:00,679 - INFO: Epoch: [2][200/301]	Time  0.004 ( 0.005)	Loss 7.5518e-01 (6.7942e-01)	Acc pseudo  75.00 ( 81.26)	Lr 1.000e-03 (1.000e-03)
2025-12-20 03:34:00,840 - INFO: Epoch: [2][250/301]	Time  0.003 ( 0.004)	Loss 4.0955e-01 (6.7615e-01)	Acc pseudo  92.19 ( 81.49)	Lr 1.000e-03 (1.000e-03)
2025-12-20 03:34:00,994 - INFO: Epoch: [2][300/301]	Time  0.002 ( 0.004)	Loss 6.7227e-01 (6.7428e-01)	Acc pseudo  76.00 ( 81.54)	Lr 1.000e-03 (1.000e-03)
2025-12-20 03:34:01,058 - INFO: Round 7, Fine-tune Epoch 2: loss=0.6743, acc(pseudo)=81.54%
2025-12-20 03:34:15,868 - INFO: Round 7, Fine-tune Epoch 2: acc(valid_pseudo): 0.9163, acc(valid): 0.7225
2025-12-20 03:34:21,079 - INFO: Epoch: [3][  0/301]	Time  0.245 ( 0.245)	Loss 6.5939e-01 (6.5939e-01)	Acc pseudo  81.25 ( 81.25)	Lr 1.000e-03 (1.000e-03)
2025-12-20 03:34:21,250 - INFO: Epoch: [3][ 50/301]	Time  0.003 ( 0.008)	Loss 6.3233e-01 (6.0299e-01)	Acc pseudo  81.25 ( 82.63)	Lr 1.000e-03 (1.000e-03)
2025-12-20 03:34:21,419 - INFO: Epoch: [3][100/301]	Time  0.003 ( 0.006)	Loss 8.4074e-01 (6.1959e-01)	Acc pseudo  76.56 ( 82.46)	Lr 1.000e-03 (1.000e-03)
2025-12-20 03:34:21,582 - INFO: Epoch: [3][150/301]	Time  0.003 ( 0.005)	Loss 3.0874e-01 (6.2495e-01)	Acc pseudo  85.94 ( 82.92)	Lr 1.000e-03 (1.000e-03)
2025-12-20 03:34:21,753 - INFO: Epoch: [3][200/301]	Time  0.003 ( 0.004)	Loss 7.7662e-01 (6.3459e-01)	Acc pseudo  79.69 ( 82.61)	Lr 1.000e-03 (1.000e-03)
2025-12-20 03:34:21,913 - INFO: Epoch: [3][250/301]	Time  0.003 ( 0.004)	Loss 4.7457e-01 (6.2953e-01)	Acc pseudo  82.81 ( 82.54)	Lr 1.000e-03 (1.000e-03)
2025-12-20 03:34:22,066 - INFO: Epoch: [3][300/301]	Time  0.002 ( 0.004)	Loss 1.0445e+00 (6.3601e-01)	Acc pseudo  64.00 ( 82.35)	Lr 1.000e-03 (1.000e-03)
2025-12-20 03:34:22,128 - INFO: Round 7, Fine-tune Epoch 3: loss=0.6360, acc(pseudo)=82.35%
2025-12-20 03:34:35,219 - INFO: Round 7, Fine-tune Epoch 3: acc(valid_pseudo): 0.8891, acc(valid): 0.7550
2025-12-20 03:34:35,219 - INFO: Round 7, Fine-tune Epoch 3: No improvement in validation accuracy. Patience(epoch): 1/5
2025-12-20 03:34:35,447 - INFO: Epoch: [4][  0/301]	Time  0.222 ( 0.222)	Loss 5.5757e-01 (5.5757e-01)	Acc pseudo  82.81 ( 82.81)	Lr 1.000e-03 (1.000e-03)
2025-12-20 03:34:35,629 - INFO: Epoch: [4][ 50/301]	Time  0.003 ( 0.008)	Loss 3.7243e-01 (5.8144e-01)	Acc pseudo  87.50 ( 83.36)	Lr 1.000e-03 (1.000e-03)
2025-12-20 03:34:35,783 - INFO: Epoch: [4][100/301]	Time  0.003 ( 0.005)	Loss 5.0245e-01 (6.0030e-01)	Acc pseudo  84.38 ( 82.92)	Lr 1.000e-03 (1.000e-03)
2025-12-20 03:34:35,944 - INFO: Epoch: [4][150/301]	Time  0.003 ( 0.005)	Loss 7.0350e-01 (6.0198e-01)	Acc pseudo  68.75 ( 82.65)	Lr 1.000e-03 (1.000e-03)
2025-12-20 03:34:36,100 - INFO: Epoch: [4][200/301]	Time  0.003 ( 0.004)	Loss 5.7397e-01 (6.0460e-01)	Acc pseudo  82.81 ( 82.77)	Lr 1.000e-03 (1.000e-03)
2025-12-20 03:34:36,247 - INFO: Epoch: [4][250/301]	Time  0.003 ( 0.004)	Loss 8.9256e-01 (6.1105e-01)	Acc pseudo  76.56 ( 82.86)	Lr 1.000e-03 (1.000e-03)
2025-12-20 03:34:36,385 - INFO: Epoch: [4][300/301]	Time  0.002 ( 0.004)	Loss 7.0249e-01 (6.0957e-01)	Acc pseudo  80.00 ( 82.80)	Lr 1.000e-03 (1.000e-03)
2025-12-20 03:34:36,445 - INFO: Round 7, Fine-tune Epoch 4: loss=0.6096, acc(pseudo)=82.80%
2025-12-20 03:34:49,314 - INFO: Round 7, Fine-tune Epoch 4: acc(valid_pseudo): 0.8921, acc(valid): 0.7750
2025-12-20 03:34:49,314 - INFO: Round 7, Fine-tune Epoch 4: No improvement in validation accuracy. Patience(epoch): 2/5
2025-12-20 03:34:49,585 - INFO: Epoch: [5][  0/301]	Time  0.266 ( 0.266)	Loss 6.1012e-01 (6.1012e-01)	Acc pseudo  75.00 ( 75.00)	Lr 1.000e-03 (1.000e-03)
2025-12-20 03:34:49,773 - INFO: Epoch: [5][ 50/301]	Time  0.004 ( 0.009)	Loss 3.9139e-01 (5.9263e-01)	Acc pseudo  85.94 ( 82.48)	Lr 1.000e-03 (1.000e-03)
2025-12-20 03:34:49,936 - INFO: Epoch: [5][100/301]	Time  0.003 ( 0.006)	Loss 4.0116e-01 (5.8196e-01)	Acc pseudo  89.06 ( 82.97)	Lr 1.000e-03 (1.000e-03)
2025-12-20 03:34:50,103 - INFO: Epoch: [5][150/301]	Time  0.004 ( 0.005)	Loss 1.1766e+00 (5.9808e-01)	Acc pseudo  81.25 ( 82.82)	Lr 1.000e-03 (1.000e-03)
2025-12-20 03:34:50,255 - INFO: Epoch: [5][200/301]	Time  0.003 ( 0.005)	Loss 7.3820e-01 (6.0281e-01)	Acc pseudo  73.44 ( 82.70)	Lr 1.000e-03 (1.000e-03)
2025-12-20 03:34:50,406 - INFO: Epoch: [5][250/301]	Time  0.003 ( 0.004)	Loss 6.3846e-01 (6.0866e-01)	Acc pseudo  73.44 ( 82.48)	Lr 1.000e-03 (1.000e-03)
2025-12-20 03:34:50,554 - INFO: Epoch: [5][300/301]	Time  0.002 ( 0.004)	Loss 2.4436e-01 (5.9936e-01)	Acc pseudo  96.00 ( 82.85)	Lr 1.000e-03 (1.000e-03)
2025-12-20 03:34:50,618 - INFO: Round 7, Fine-tune Epoch 5: loss=0.5994, acc(pseudo)=82.85%
2025-12-20 03:35:05,505 - INFO: Round 7, Fine-tune Epoch 5: acc(valid_pseudo): 0.8979, acc(valid): 0.7400
2025-12-20 03:35:05,505 - INFO: Round 7, Fine-tune Epoch 5: No improvement in validation accuracy. Patience(epoch): 3/5
2025-12-20 03:35:05,763 - INFO: Epoch: [6][  0/301]	Time  0.252 ( 0.252)	Loss 6.0846e-01 (6.0846e-01)	Acc pseudo  84.38 ( 84.38)	Lr 1.000e-03 (1.000e-03)
2025-12-20 03:35:05,947 - INFO: Epoch: [6][ 50/301]	Time  0.003 ( 0.008)	Loss 6.0452e-01 (5.4009e-01)	Acc pseudo  89.06 ( 84.01)	Lr 1.000e-03 (1.000e-03)
2025-12-20 03:35:06,107 - INFO: Epoch: [6][100/301]	Time  0.003 ( 0.006)	Loss 4.0554e-01 (5.7370e-01)	Acc pseudo  82.81 ( 83.74)	Lr 1.000e-03 (1.000e-03)
2025-12-20 03:35:06,267 - INFO: Epoch: [6][150/301]	Time  0.003 ( 0.005)	Loss 5.1063e-01 (5.7437e-01)	Acc pseudo  85.94 ( 83.84)	Lr 1.000e-03 (1.000e-03)
2025-12-20 03:35:06,413 - INFO: Epoch: [6][200/301]	Time  0.003 ( 0.004)	Loss 4.0678e-01 (5.7912e-01)	Acc pseudo  84.38 ( 83.56)	Lr 1.000e-03 (1.000e-03)
2025-12-20 03:35:06,564 - INFO: Epoch: [6][250/301]	Time  0.003 ( 0.004)	Loss 4.6295e-01 (5.7748e-01)	Acc pseudo  81.25 ( 83.46)	Lr 1.000e-03 (1.000e-03)
2025-12-20 03:35:06,710 - INFO: Epoch: [6][300/301]	Time  0.002 ( 0.004)	Loss 5.6576e-01 (5.8462e-01)	Acc pseudo  76.00 ( 83.17)	Lr 1.000e-03 (1.000e-03)
2025-12-20 03:35:06,770 - INFO: Round 7, Fine-tune Epoch 6: loss=0.5846, acc(pseudo)=83.17%
2025-12-20 03:35:20,093 - INFO: Round 7, Fine-tune Epoch 6: acc(valid_pseudo): 0.9491, acc(valid): 0.8225
2025-12-20 03:35:25,257 - INFO: Epoch: [7][  0/301]	Time  0.243 ( 0.243)	Loss 3.5459e-01 (3.5459e-01)	Acc pseudo  87.50 ( 87.50)	Lr 1.000e-03 (1.000e-03)
2025-12-20 03:35:25,438 - INFO: Epoch: [7][ 50/301]	Time  0.004 ( 0.008)	Loss 9.2452e-01 (5.1786e-01)	Acc pseudo  78.12 ( 85.17)	Lr 1.000e-03 (1.000e-03)
2025-12-20 03:35:25,600 - INFO: Epoch: [7][100/301]	Time  0.003 ( 0.006)	Loss 5.2600e-01 (5.2687e-01)	Acc pseudo  79.69 ( 84.84)	Lr 1.000e-03 (1.000e-03)
2025-12-20 03:35:25,750 - INFO: Epoch: [7][150/301]	Time  0.003 ( 0.005)	Loss 4.6239e-01 (5.4141e-01)	Acc pseudo  89.06 ( 84.54)	Lr 1.000e-03 (1.000e-03)
2025-12-20 03:35:25,904 - INFO: Epoch: [7][200/301]	Time  0.004 ( 0.004)	Loss 5.6992e-01 (5.3841e-01)	Acc pseudo  78.12 ( 84.70)	Lr 1.000e-03 (1.000e-03)
2025-12-20 03:35:26,063 - INFO: Epoch: [7][250/301]	Time  0.004 ( 0.004)	Loss 4.8459e-01 (5.4912e-01)	Acc pseudo  82.81 ( 84.42)	Lr 1.000e-03 (1.000e-03)
2025-12-20 03:35:26,218 - INFO: Epoch: [7][300/301]	Time  0.002 ( 0.004)	Loss 9.7666e-01 (5.5729e-01)	Acc pseudo  80.00 ( 84.10)	Lr 1.000e-03 (1.000e-03)
2025-12-20 03:35:26,282 - INFO: Round 7, Fine-tune Epoch 7: loss=0.5573, acc(pseudo)=84.10%
2025-12-20 03:35:38,982 - INFO: Round 7, Fine-tune Epoch 7: acc(valid_pseudo): 0.9395, acc(valid): 0.8050
2025-12-20 03:35:38,983 - INFO: Round 7, Fine-tune Epoch 7: No improvement in validation accuracy. Patience(epoch): 1/5
2025-12-20 03:35:39,287 - INFO: Epoch: [8][  0/301]	Time  0.295 ( 0.295)	Loss 3.3943e-01 (3.3943e-01)	Acc pseudo  90.62 ( 90.62)	Lr 1.000e-03 (1.000e-03)
2025-12-20 03:35:39,476 - INFO: Epoch: [8][ 50/301]	Time  0.004 ( 0.009)	Loss 3.9475e-01 (5.2555e-01)	Acc pseudo  87.50 ( 84.22)	Lr 1.000e-03 (1.000e-03)
2025-12-20 03:35:39,657 - INFO: Epoch: [8][100/301]	Time  0.003 ( 0.007)	Loss 5.9209e-01 (5.4264e-01)	Acc pseudo  82.81 ( 83.99)	Lr 1.000e-03 (1.000e-03)
2025-12-20 03:35:39,809 - INFO: Epoch: [8][150/301]	Time  0.003 ( 0.005)	Loss 6.1620e-01 (5.4820e-01)	Acc pseudo  79.69 ( 83.95)	Lr 1.000e-03 (1.000e-03)
2025-12-20 03:35:39,959 - INFO: Epoch: [8][200/301]	Time  0.003 ( 0.005)	Loss 4.0394e-01 (5.4765e-01)	Acc pseudo  87.50 ( 84.08)	Lr 1.000e-03 (1.000e-03)
2025-12-20 03:35:40,117 - INFO: Epoch: [8][250/301]	Time  0.003 ( 0.004)	Loss 5.6288e-01 (5.4852e-01)	Acc pseudo  79.69 ( 84.09)	Lr 1.000e-03 (1.000e-03)
2025-12-20 03:35:40,263 - INFO: Epoch: [8][300/301]	Time  0.002 ( 0.004)	Loss 3.4700e-01 (5.5279e-01)	Acc pseudo  92.00 ( 84.07)	Lr 1.000e-03 (1.000e-03)
2025-12-20 03:35:40,326 - INFO: Round 7, Fine-tune Epoch 8: loss=0.5528, acc(pseudo)=84.07%
2025-12-20 03:35:55,617 - INFO: Round 7, Fine-tune Epoch 8: acc(valid_pseudo): 0.8543, acc(valid): 0.7150
2025-12-20 03:35:55,618 - INFO: Round 7, Fine-tune Epoch 8: No improvement in validation accuracy. Patience(epoch): 2/5
2025-12-20 03:35:55,843 - INFO: Epoch: [9][  0/301]	Time  0.219 ( 0.219)	Loss 5.5214e-01 (5.5214e-01)	Acc pseudo  81.25 ( 81.25)	Lr 1.000e-03 (1.000e-03)
2025-12-20 03:35:56,035 - INFO: Epoch: [9][ 50/301]	Time  0.003 ( 0.008)	Loss 6.0242e-01 (5.2747e-01)	Acc pseudo  85.94 ( 84.25)	Lr 1.000e-03 (1.000e-03)
2025-12-20 03:35:56,187 - INFO: Epoch: [9][100/301]	Time  0.003 ( 0.005)	Loss 3.6777e-01 (4.9875e-01)	Acc pseudo  87.50 ( 84.99)	Lr 1.000e-03 (1.000e-03)
2025-12-20 03:35:56,339 - INFO: Epoch: [9][150/301]	Time  0.003 ( 0.005)	Loss 4.8180e-01 (5.1568e-01)	Acc pseudo  82.81 ( 84.55)	Lr 1.000e-03 (1.000e-03)
2025-12-20 03:35:56,491 - INFO: Epoch: [9][200/301]	Time  0.003 ( 0.004)	Loss 5.4709e-01 (5.0935e-01)	Acc pseudo  82.81 ( 84.81)	Lr 1.000e-03 (1.000e-03)
2025-12-20 03:35:56,648 - INFO: Epoch: [9][250/301]	Time  0.003 ( 0.004)	Loss 7.1310e-01 (5.1542e-01)	Acc pseudo  79.69 ( 84.80)	Lr 1.000e-03 (1.000e-03)
2025-12-20 03:35:56,797 - INFO: Epoch: [9][300/301]	Time  0.003 ( 0.004)	Loss 8.4993e-01 (5.3107e-01)	Acc pseudo  68.00 ( 84.42)	Lr 1.000e-03 (1.000e-03)
2025-12-20 03:35:56,862 - INFO: Round 7, Fine-tune Epoch 9: loss=0.5311, acc(pseudo)=84.42%
2025-12-20 03:36:09,806 - INFO: Round 7, Fine-tune Epoch 9: acc(valid_pseudo): 0.9351, acc(valid): 0.8150
2025-12-20 03:36:09,806 - INFO: Round 7, Fine-tune Epoch 9: No improvement in validation accuracy. Patience(epoch): 3/5
2025-12-20 03:36:10,042 - INFO: Epoch: [10][  0/301]	Time  0.230 ( 0.230)	Loss 9.8699e-01 (9.8699e-01)	Acc pseudo  79.69 ( 79.69)	Lr 1.000e-03 (1.000e-03)
2025-12-20 03:36:10,217 - INFO: Epoch: [10][ 50/301]	Time  0.003 ( 0.008)	Loss 3.4274e-01 (5.1974e-01)	Acc pseudo  87.50 ( 84.68)	Lr 1.000e-03 (1.000e-03)
2025-12-20 03:36:10,390 - INFO: Epoch: [10][100/301]	Time  0.003 ( 0.006)	Loss 2.4213e-01 (5.0710e-01)	Acc pseudo  93.75 ( 84.79)	Lr 1.000e-03 (1.000e-03)
2025-12-20 03:36:10,553 - INFO: Epoch: [10][150/301]	Time  0.003 ( 0.005)	Loss 2.1710e-01 (5.2153e-01)	Acc pseudo  93.75 ( 84.61)	Lr 1.000e-03 (1.000e-03)
2025-12-20 03:36:10,720 - INFO: Epoch: [10][200/301]	Time  0.003 ( 0.004)	Loss 6.5338e-01 (5.2546e-01)	Acc pseudo  84.38 ( 84.55)	Lr 1.000e-03 (1.000e-03)
2025-12-20 03:36:10,887 - INFO: Epoch: [10][250/301]	Time  0.003 ( 0.004)	Loss 5.2537e-01 (5.3048e-01)	Acc pseudo  81.25 ( 84.41)	Lr 1.000e-03 (1.000e-03)
2025-12-20 03:36:11,040 - INFO: Epoch: [10][300/301]	Time  0.002 ( 0.004)	Loss 4.7610e-01 (5.2965e-01)	Acc pseudo  84.00 ( 84.30)	Lr 1.000e-03 (1.000e-03)
2025-12-20 03:36:11,101 - INFO: Round 7, Fine-tune Epoch 10: loss=0.5297, acc(pseudo)=84.30%
2025-12-20 03:36:24,045 - INFO: Round 7, Fine-tune Epoch 10: acc(valid_pseudo): 0.9330, acc(valid): 0.8175
2025-12-20 03:36:24,045 - INFO: Round 7, Fine-tune Epoch 10: No improvement in validation accuracy. Patience(epoch): 4/5
2025-12-20 03:36:24,300 - INFO: Epoch: [11][  0/301]	Time  0.248 ( 0.248)	Loss 7.6157e-01 (7.6157e-01)	Acc pseudo  81.25 ( 81.25)	Lr 1.000e-03 (1.000e-03)
2025-12-20 03:36:24,491 - INFO: Epoch: [11][ 50/301]	Time  0.003 ( 0.009)	Loss 4.5108e-01 (4.9432e-01)	Acc pseudo  87.50 ( 85.08)	Lr 1.000e-03 (1.000e-03)
2025-12-20 03:36:24,649 - INFO: Epoch: [11][100/301]	Time  0.003 ( 0.006)	Loss 3.2625e-01 (4.8658e-01)	Acc pseudo  89.06 ( 85.54)	Lr 1.000e-03 (1.000e-03)
2025-12-20 03:36:24,802 - INFO: Epoch: [11][150/301]	Time  0.003 ( 0.005)	Loss 5.7955e-01 (4.9587e-01)	Acc pseudo  81.25 ( 85.16)	Lr 1.000e-03 (1.000e-03)
2025-12-20 03:36:24,967 - INFO: Epoch: [11][200/301]	Time  0.003 ( 0.004)	Loss 7.9702e-01 (5.0559e-01)	Acc pseudo  75.00 ( 85.08)	Lr 1.000e-03 (1.000e-03)
2025-12-20 03:36:25,129 - INFO: Epoch: [11][250/301]	Time  0.003 ( 0.004)	Loss 7.9215e-01 (5.1581e-01)	Acc pseudo  82.81 ( 84.72)	Lr 1.000e-03 (1.000e-03)
2025-12-20 03:36:25,279 - INFO: Epoch: [11][300/301]	Time  0.002 ( 0.004)	Loss 6.7880e-01 (5.2202e-01)	Acc pseudo  76.00 ( 84.67)	Lr 1.000e-03 (1.000e-03)
2025-12-20 03:36:25,351 - INFO: Round 7, Fine-tune Epoch 11: loss=0.5220, acc(pseudo)=84.67%
2025-12-20 03:36:39,074 - INFO: Round 7, Fine-tune Epoch 11: acc(valid_pseudo): 0.9187, acc(valid): 0.8200
2025-12-20 03:36:39,074 - INFO: Round 7, Fine-tune Epoch 11: No improvement in validation accuracy. Patience(epoch): 5/5
2025-12-20 03:36:39,074 - INFO: Early stopping at epoch 11 due to no improvement in validation accuracy for 5 epochs.
2025-12-20 03:36:39,075 - INFO: Round 7: Best fine-tuned epoch=6, acc(valid_pseudo)=0.9491
2025-12-20 03:36:39,117 - INFO: Using HMM model from previous round: runs/I love my family/exp_video/result/self_supervised/exp0/round6/pseudo_label/hmm_params.pkl
2025-12-20 04:23:10,631 - INFO: Round 7: acc(valid)=0.8725, acc(test)=0.8538
2025-12-20 04:23:10,638 - INFO: ====================
2025-12-20 04:23:10,638 - INFO: Round 8: Fine-tuning iteration
2025-12-20 04:23:10,638 - INFO: ====================
2025-12-20 04:23:10,649 - INFO: Round 8 Part 1: Fine-tuning embedding model
2025-12-20 04:23:10,652 - INFO: Using pseudo-label file: runs/I love my family/exp_video/result/self_supervised/exp0/round7/pseudo_label/pseudo_labels_audio_nested_hmm_full(unreliable_pp=100.0).json
2025-12-20 04:23:11,190 - INFO: Warmup training classifier for 2 epochs...
2025-12-20 04:23:11,740 - INFO: Epoch: [0][  0/301]	Time  0.539 ( 0.539)	Loss 2.5883e+00 (2.5883e+00)	Acc pseudo  12.50 ( 12.50)	Lr 1.000e-03 (1.000e-03)
2025-12-20 04:23:11,891 - INFO: Epoch: [0][ 50/301]	Time  0.002 ( 0.013)	Loss 1.4322e+00 (1.7389e+00)	Acc pseudo  70.31 ( 59.38)	Lr 1.000e-03 (1.000e-03)
2025-12-20 04:23:12,037 - INFO: Epoch: [0][100/301]	Time  0.002 ( 0.008)	Loss 9.1726e-01 (1.4111e+00)	Acc pseudo  78.12 ( 66.69)	Lr 1.000e-03 (1.000e-03)
2025-12-20 04:23:12,170 - INFO: Epoch: [0][150/301]	Time  0.002 ( 0.006)	Loss 1.2359e+00 (1.2546e+00)	Acc pseudo  73.44 ( 70.10)	Lr 1.000e-03 (1.000e-03)
2025-12-20 04:23:12,302 - INFO: Epoch: [0][200/301]	Time  0.002 ( 0.005)	Loss 6.5817e-01 (1.1561e+00)	Acc pseudo  85.94 ( 71.94)	Lr 1.000e-03 (1.000e-03)
2025-12-20 04:23:12,434 - INFO: Epoch: [0][250/301]	Time  0.002 ( 0.005)	Loss 8.4987e-01 (1.1037e+00)	Acc pseudo  79.69 ( 73.08)	Lr 1.000e-03 (1.000e-03)
2025-12-20 04:23:12,563 - INFO: Epoch: [0][300/301]	Time  0.003 ( 0.004)	Loss 6.5333e-01 (1.0581e+00)	Acc pseudo  88.00 ( 74.15)	Lr 1.000e-03 (1.000e-03)
2025-12-20 04:23:12,627 - INFO: Round 8, Warmup Epoch 0: loss=1.0581, acc(pseudo)=74.15%
2025-12-20 04:23:12,870 - INFO: Epoch: [1][  0/301]	Time  0.238 ( 0.238)	Loss 1.1980e+00 (1.1980e+00)	Acc pseudo  78.12 ( 78.12)	Lr 1.000e-03 (1.000e-03)
2025-12-20 04:23:13,065 - INFO: Epoch: [1][ 50/301]	Time  0.002 ( 0.008)	Loss 5.1929e-01 (7.6841e-01)	Acc pseudo  81.25 ( 79.26)	Lr 1.000e-03 (1.000e-03)
2025-12-20 04:23:13,213 - INFO: Epoch: [1][100/301]	Time  0.002 ( 0.006)	Loss 6.9470e-01 (7.5680e-01)	Acc pseudo  81.25 ( 79.73)	Lr 1.000e-03 (1.000e-03)
2025-12-20 04:23:13,360 - INFO: Epoch: [1][150/301]	Time  0.002 ( 0.005)	Loss 8.0032e-01 (7.5428e-01)	Acc pseudo  75.00 ( 79.84)	Lr 1.000e-03 (1.000e-03)
2025-12-20 04:23:13,492 - INFO: Epoch: [1][200/301]	Time  0.002 ( 0.004)	Loss 5.9634e-01 (7.5190e-01)	Acc pseudo  82.81 ( 79.98)	Lr 1.000e-03 (1.000e-03)
2025-12-20 04:23:13,629 - INFO: Epoch: [1][250/301]	Time  0.002 ( 0.004)	Loss 8.4226e-01 (7.5213e-01)	Acc pseudo  76.56 ( 80.02)	Lr 1.000e-03 (1.000e-03)
2025-12-20 04:23:13,757 - INFO: Epoch: [1][300/301]	Time  0.002 ( 0.004)	Loss 4.5940e-01 (7.5514e-01)	Acc pseudo  80.00 ( 80.07)	Lr 1.000e-03 (1.000e-03)
2025-12-20 04:23:13,822 - INFO: Round 8, Warmup Epoch 1: loss=0.7551, acc(pseudo)=80.07%
2025-12-20 04:23:13,862 - INFO: Fine-tuning embedding model for 20 epochs...
2025-12-20 04:23:14,296 - INFO: Epoch: [0][  0/301]	Time  0.429 ( 0.429)	Loss 5.6285e-01 (5.6285e-01)	Acc pseudo  84.38 ( 84.38)	Lr 1.000e-03 (1.000e-03)
2025-12-20 04:23:14,487 - INFO: Epoch: [0][ 50/301]	Time  0.003 ( 0.012)	Loss 7.2022e-01 (8.9865e-01)	Acc pseudo  73.44 ( 76.01)	Lr 1.000e-03 (1.000e-03)
2025-12-20 04:23:14,663 - INFO: Epoch: [0][100/301]	Time  0.003 ( 0.008)	Loss 9.3406e-01 (8.8182e-01)	Acc pseudo  79.69 ( 76.47)	Lr 1.000e-03 (1.000e-03)
2025-12-20 04:23:14,835 - INFO: Epoch: [0][150/301]	Time  0.004 ( 0.006)	Loss 6.5551e-01 (8.6315e-01)	Acc pseudo  78.12 ( 76.53)	Lr 1.000e-03 (1.000e-03)
2025-12-20 04:23:15,007 - INFO: Epoch: [0][200/301]	Time  0.003 ( 0.006)	Loss 7.8209e-01 (8.5713e-01)	Acc pseudo  79.69 ( 76.88)	Lr 1.000e-03 (1.000e-03)
2025-12-20 04:23:15,171 - INFO: Epoch: [0][250/301]	Time  0.004 ( 0.005)	Loss 3.7207e-01 (8.4268e-01)	Acc pseudo  84.38 ( 77.11)	Lr 1.000e-03 (1.000e-03)
2025-12-20 04:23:15,320 - INFO: Epoch: [0][300/301]	Time  0.002 ( 0.005)	Loss 7.9532e-01 (8.3605e-01)	Acc pseudo  80.00 ( 77.27)	Lr 1.000e-03 (1.000e-03)
2025-12-20 04:23:15,384 - INFO: Round 8, Fine-tune Epoch 0: loss=0.8360, acc(pseudo)=77.27%
2025-12-20 04:23:29,160 - INFO: Round 8, Fine-tune Epoch 0: acc(valid_pseudo): 0.8081, acc(valid): 0.7175
2025-12-20 04:23:34,304 - INFO: Epoch: [1][  0/301]	Time  0.240 ( 0.240)	Loss 5.9805e-01 (5.9805e-01)	Acc pseudo  76.56 ( 76.56)	Lr 1.000e-03 (1.000e-03)
2025-12-20 04:23:34,498 - INFO: Epoch: [1][ 50/301]	Time  0.003 ( 0.008)	Loss 9.3680e-01 (7.1793e-01)	Acc pseudo  73.44 ( 79.87)	Lr 1.000e-03 (1.000e-03)
2025-12-20 04:23:34,668 - INFO: Epoch: [1][100/301]	Time  0.003 ( 0.006)	Loss 8.2897e-01 (6.9716e-01)	Acc pseudo  76.56 ( 80.17)	Lr 1.000e-03 (1.000e-03)
2025-12-20 04:23:34,840 - INFO: Epoch: [1][150/301]	Time  0.004 ( 0.005)	Loss 8.8762e-01 (7.0101e-01)	Acc pseudo  78.12 ( 80.23)	Lr 1.000e-03 (1.000e-03)
2025-12-20 04:23:34,994 - INFO: Epoch: [1][200/301]	Time  0.003 ( 0.005)	Loss 5.7428e-01 (6.9985e-01)	Acc pseudo  78.12 ( 80.51)	Lr 1.000e-03 (1.000e-03)
2025-12-20 04:23:35,166 - INFO: Epoch: [1][250/301]	Time  0.003 ( 0.004)	Loss 4.4952e-01 (7.0432e-01)	Acc pseudo  81.25 ( 80.69)	Lr 1.000e-03 (1.000e-03)
2025-12-20 04:23:35,321 - INFO: Epoch: [1][300/301]	Time  0.002 ( 0.004)	Loss 6.6841e-01 (7.0737e-01)	Acc pseudo  80.00 ( 80.58)	Lr 1.000e-03 (1.000e-03)
2025-12-20 04:23:35,385 - INFO: Round 8, Fine-tune Epoch 1: loss=0.7074, acc(pseudo)=80.58%
2025-12-20 04:23:48,552 - INFO: Round 8, Fine-tune Epoch 1: acc(valid_pseudo): 0.8839, acc(valid): 0.7800
2025-12-20 04:23:53,366 - INFO: Epoch: [2][  0/301]	Time  0.222 ( 0.222)	Loss 6.1041e-01 (6.1041e-01)	Acc pseudo  82.81 ( 82.81)	Lr 1.000e-03 (1.000e-03)
2025-12-20 04:23:53,544 - INFO: Epoch: [2][ 50/301]	Time  0.004 ( 0.008)	Loss 7.0050e-01 (6.0786e-01)	Acc pseudo  84.38 ( 82.90)	Lr 1.000e-03 (1.000e-03)
2025-12-20 04:23:53,706 - INFO: Epoch: [2][100/301]	Time  0.003 ( 0.005)	Loss 6.4391e-01 (6.3008e-01)	Acc pseudo  81.25 ( 82.35)	Lr 1.000e-03 (1.000e-03)
2025-12-20 04:23:53,864 - INFO: Epoch: [2][150/301]	Time  0.003 ( 0.005)	Loss 1.1773e+00 (6.3611e-01)	Acc pseudo  76.56 ( 82.15)	Lr 1.000e-03 (1.000e-03)
2025-12-20 04:23:54,015 - INFO: Epoch: [2][200/301]	Time  0.003 ( 0.004)	Loss 5.7285e-01 (6.3973e-01)	Acc pseudo  84.38 ( 82.03)	Lr 1.000e-03 (1.000e-03)
2025-12-20 04:23:54,162 - INFO: Epoch: [2][250/301]	Time  0.003 ( 0.004)	Loss 5.5078e-01 (6.4447e-01)	Acc pseudo  85.94 ( 81.79)	Lr 1.000e-03 (1.000e-03)
2025-12-20 04:23:54,306 - INFO: Epoch: [2][300/301]	Time  0.003 ( 0.004)	Loss 8.2790e-01 (6.4098e-01)	Acc pseudo  68.00 ( 81.99)	Lr 1.000e-03 (1.000e-03)
2025-12-20 04:23:54,369 - INFO: Round 8, Fine-tune Epoch 2: loss=0.6410, acc(pseudo)=81.99%
2025-12-20 04:24:12,272 - INFO: Round 8, Fine-tune Epoch 2: acc(valid_pseudo): 0.9441, acc(valid): 0.8150
2025-12-20 04:24:17,339 - INFO: Epoch: [3][  0/301]	Time  0.276 ( 0.276)	Loss 5.5659e-01 (5.5659e-01)	Acc pseudo  81.25 ( 81.25)	Lr 1.000e-03 (1.000e-03)
2025-12-20 04:24:17,522 - INFO: Epoch: [3][ 50/301]	Time  0.004 ( 0.009)	Loss 5.8534e-01 (5.9479e-01)	Acc pseudo  84.38 ( 82.75)	Lr 1.000e-03 (1.000e-03)
2025-12-20 04:24:17,699 - INFO: Epoch: [3][100/301]	Time  0.003 ( 0.006)	Loss 6.1101e-01 (5.9034e-01)	Acc pseudo  84.38 ( 83.20)	Lr 1.000e-03 (1.000e-03)
2025-12-20 04:24:17,869 - INFO: Epoch: [3][150/301]	Time  0.003 ( 0.005)	Loss 4.3076e-01 (5.9254e-01)	Acc pseudo  89.06 ( 83.09)	Lr 1.000e-03 (1.000e-03)
2025-12-20 04:24:18,038 - INFO: Epoch: [3][200/301]	Time  0.004 ( 0.005)	Loss 4.1329e-01 (6.0045e-01)	Acc pseudo  84.38 ( 83.08)	Lr 1.000e-03 (1.000e-03)
2025-12-20 04:24:18,193 - INFO: Epoch: [3][250/301]	Time  0.003 ( 0.004)	Loss 5.6451e-01 (6.0461e-01)	Acc pseudo  82.81 ( 82.97)	Lr 1.000e-03 (1.000e-03)
2025-12-20 04:24:18,342 - INFO: Epoch: [3][300/301]	Time  0.002 ( 0.004)	Loss 4.7125e-01 (6.0554e-01)	Acc pseudo  88.00 ( 83.00)	Lr 1.000e-03 (1.000e-03)
2025-12-20 04:24:18,407 - INFO: Round 8, Fine-tune Epoch 3: loss=0.6055, acc(pseudo)=83.00%
2025-12-20 04:24:31,129 - INFO: Round 8, Fine-tune Epoch 3: acc(valid_pseudo): 0.8889, acc(valid): 0.7750
2025-12-20 04:24:31,130 - INFO: Round 8, Fine-tune Epoch 3: No improvement in validation accuracy. Patience(epoch): 1/5
2025-12-20 04:24:31,409 - INFO: Epoch: [4][  0/301]	Time  0.268 ( 0.268)	Loss 6.1534e-01 (6.1534e-01)	Acc pseudo  81.25 ( 81.25)	Lr 1.000e-03 (1.000e-03)
2025-12-20 04:24:31,596 - INFO: Epoch: [4][ 50/301]	Time  0.003 ( 0.009)	Loss 3.0498e-01 (5.9941e-01)	Acc pseudo  90.62 ( 83.21)	Lr 1.000e-03 (1.000e-03)
2025-12-20 04:24:31,762 - INFO: Epoch: [4][100/301]	Time  0.003 ( 0.006)	Loss 6.1174e-01 (5.8441e-01)	Acc pseudo  90.62 ( 83.54)	Lr 1.000e-03 (1.000e-03)
2025-12-20 04:24:31,921 - INFO: Epoch: [4][150/301]	Time  0.003 ( 0.005)	Loss 5.5601e-01 (5.9103e-01)	Acc pseudo  79.69 ( 83.14)	Lr 1.000e-03 (1.000e-03)
2025-12-20 04:24:32,083 - INFO: Epoch: [4][200/301]	Time  0.004 ( 0.005)	Loss 7.0038e-01 (5.8369e-01)	Acc pseudo  78.12 ( 83.15)	Lr 1.000e-03 (1.000e-03)
2025-12-20 04:24:32,238 - INFO: Epoch: [4][250/301]	Time  0.003 ( 0.004)	Loss 9.4867e-01 (5.8720e-01)	Acc pseudo  76.56 ( 83.22)	Lr 1.000e-03 (1.000e-03)
2025-12-20 04:24:32,377 - INFO: Epoch: [4][300/301]	Time  0.002 ( 0.004)	Loss 5.3837e-01 (5.8383e-01)	Acc pseudo  80.00 ( 83.27)	Lr 1.000e-03 (1.000e-03)
2025-12-20 04:24:32,442 - INFO: Round 8, Fine-tune Epoch 4: loss=0.5838, acc(pseudo)=83.27%
2025-12-20 04:24:45,005 - INFO: Round 8, Fine-tune Epoch 4: acc(valid_pseudo): 0.8505, acc(valid): 0.7400
2025-12-20 04:24:45,006 - INFO: Round 8, Fine-tune Epoch 4: No improvement in validation accuracy. Patience(epoch): 2/5
2025-12-20 04:24:45,247 - INFO: Epoch: [5][  0/301]	Time  0.236 ( 0.236)	Loss 6.4689e-01 (6.4689e-01)	Acc pseudo  79.69 ( 79.69)	Lr 1.000e-03 (1.000e-03)
2025-12-20 04:24:45,435 - INFO: Epoch: [5][ 50/301]	Time  0.003 ( 0.008)	Loss 3.0502e-01 (5.7651e-01)	Acc pseudo  93.75 ( 82.63)	Lr 1.000e-03 (1.000e-03)
2025-12-20 04:24:45,597 - INFO: Epoch: [5][100/301]	Time  0.004 ( 0.006)	Loss 4.1640e-01 (5.4410e-01)	Acc pseudo  89.06 ( 83.96)	Lr 1.000e-03 (1.000e-03)
2025-12-20 04:24:45,762 - INFO: Epoch: [5][150/301]	Time  0.003 ( 0.005)	Loss 5.6317e-01 (5.4830e-01)	Acc pseudo  84.38 ( 83.96)	Lr 1.000e-03 (1.000e-03)
2025-12-20 04:24:45,929 - INFO: Epoch: [5][200/301]	Time  0.003 ( 0.004)	Loss 4.6135e-01 (5.5367e-01)	Acc pseudo  87.50 ( 83.82)	Lr 1.000e-03 (1.000e-03)
2025-12-20 04:24:46,092 - INFO: Epoch: [5][250/301]	Time  0.003 ( 0.004)	Loss 6.6100e-01 (5.5863e-01)	Acc pseudo  81.25 ( 83.54)	Lr 1.000e-03 (1.000e-03)
2025-12-20 04:24:46,246 - INFO: Epoch: [5][300/301]	Time  0.002 ( 0.004)	Loss 4.2030e-01 (5.5569e-01)	Acc pseudo  88.00 ( 83.71)	Lr 1.000e-03 (1.000e-03)
2025-12-20 04:24:46,344 - INFO: Round 8, Fine-tune Epoch 5: loss=0.5557, acc(pseudo)=83.71%
2025-12-20 04:25:00,525 - INFO: Round 8, Fine-tune Epoch 5: acc(valid_pseudo): 0.9202, acc(valid): 0.7950
2025-12-20 04:25:00,525 - INFO: Round 8, Fine-tune Epoch 5: No improvement in validation accuracy. Patience(epoch): 3/5
2025-12-20 04:25:00,773 - INFO: Epoch: [6][  0/301]	Time  0.242 ( 0.242)	Loss 6.2045e-01 (6.2045e-01)	Acc pseudo  82.81 ( 82.81)	Lr 1.000e-03 (1.000e-03)
2025-12-20 04:25:00,957 - INFO: Epoch: [6][ 50/301]	Time  0.003 ( 0.008)	Loss 3.7621e-01 (5.1729e-01)	Acc pseudo  87.50 ( 84.31)	Lr 1.000e-03 (1.000e-03)
2025-12-20 04:25:01,120 - INFO: Epoch: [6][100/301]	Time  0.003 ( 0.006)	Loss 4.5537e-01 (5.4616e-01)	Acc pseudo  87.50 ( 83.83)	Lr 1.000e-03 (1.000e-03)
2025-12-20 04:25:01,276 - INFO: Epoch: [6][150/301]	Time  0.003 ( 0.005)	Loss 4.3666e-01 (5.3710e-01)	Acc pseudo  84.38 ( 84.13)	Lr 1.000e-03 (1.000e-03)
2025-12-20 04:25:01,442 - INFO: Epoch: [6][200/301]	Time  0.003 ( 0.004)	Loss 3.6117e-01 (5.3574e-01)	Acc pseudo  85.94 ( 84.06)	Lr 1.000e-03 (1.000e-03)
2025-12-20 04:25:01,602 - INFO: Epoch: [6][250/301]	Time  0.003 ( 0.004)	Loss 5.1140e-01 (5.4829e-01)	Acc pseudo  84.38 ( 83.88)	Lr 1.000e-03 (1.000e-03)
2025-12-20 04:25:01,758 - INFO: Epoch: [6][300/301]	Time  0.002 ( 0.004)	Loss 4.2383e-01 (5.5204e-01)	Acc pseudo  84.00 ( 83.67)	Lr 1.000e-03 (1.000e-03)
2025-12-20 04:25:01,819 - INFO: Round 8, Fine-tune Epoch 6: loss=0.5520, acc(pseudo)=83.67%
2025-12-20 04:25:15,302 - INFO: Round 8, Fine-tune Epoch 6: acc(valid_pseudo): 0.8608, acc(valid): 0.7625
2025-12-20 04:25:15,302 - INFO: Round 8, Fine-tune Epoch 6: No improvement in validation accuracy. Patience(epoch): 4/5
2025-12-20 04:25:15,547 - INFO: Epoch: [7][  0/301]	Time  0.239 ( 0.239)	Loss 5.5045e-01 (5.5045e-01)	Acc pseudo  87.50 ( 87.50)	Lr 1.000e-03 (1.000e-03)
2025-12-20 04:25:15,719 - INFO: Epoch: [7][ 50/301]	Time  0.003 ( 0.008)	Loss 6.7679e-01 (5.0367e-01)	Acc pseudo  84.38 ( 85.63)	Lr 1.000e-03 (1.000e-03)
2025-12-20 04:25:15,875 - INFO: Epoch: [7][100/301]	Time  0.003 ( 0.006)	Loss 7.2271e-01 (4.9935e-01)	Acc pseudo  79.69 ( 85.30)	Lr 1.000e-03 (1.000e-03)
2025-12-20 04:25:16,033 - INFO: Epoch: [7][150/301]	Time  0.003 ( 0.005)	Loss 3.2408e-01 (5.0270e-01)	Acc pseudo  89.06 ( 85.29)	Lr 1.000e-03 (1.000e-03)
2025-12-20 04:25:16,187 - INFO: Epoch: [7][200/301]	Time  0.003 ( 0.004)	Loss 5.5854e-01 (5.0855e-01)	Acc pseudo  81.25 ( 85.10)	Lr 1.000e-03 (1.000e-03)
2025-12-20 04:25:16,338 - INFO: Epoch: [7][250/301]	Time  0.003 ( 0.004)	Loss 4.5995e-01 (5.2052e-01)	Acc pseudo  87.50 ( 84.96)	Lr 1.000e-03 (1.000e-03)
2025-12-20 04:25:16,492 - INFO: Epoch: [7][300/301]	Time  0.002 ( 0.004)	Loss 9.8305e-01 (5.2581e-01)	Acc pseudo  76.00 ( 84.75)	Lr 1.000e-03 (1.000e-03)
2025-12-20 04:25:16,554 - INFO: Round 8, Fine-tune Epoch 7: loss=0.5258, acc(pseudo)=84.75%
2025-12-20 04:25:29,521 - INFO: Round 8, Fine-tune Epoch 7: acc(valid_pseudo): 0.9049, acc(valid): 0.7750
2025-12-20 04:25:29,521 - INFO: Round 8, Fine-tune Epoch 7: No improvement in validation accuracy. Patience(epoch): 5/5
2025-12-20 04:25:29,521 - INFO: Early stopping at epoch 7 due to no improvement in validation accuracy for 5 epochs.
2025-12-20 04:25:29,522 - INFO: Round 8: Best fine-tuned epoch=2, acc(valid_pseudo)=0.9441
2025-12-20 04:25:29,568 - INFO: Using HMM model from previous round: runs/I love my family/exp_video/result/self_supervised/exp0/round7/pseudo_label/hmm_params.pkl
2025-12-20 05:16:18,364 - INFO: Round 8: acc(valid)=0.8650, acc(test)=0.8531
2025-12-20 05:16:18,370 - INFO: ====================
2025-12-20 05:16:18,370 - INFO: Round 9: Fine-tuning iteration
2025-12-20 05:16:18,370 - INFO: ====================
2025-12-20 05:16:18,380 - INFO: Round 9 Part 1: Fine-tuning embedding model
2025-12-20 05:16:18,383 - INFO: Using pseudo-label file: runs/I love my family/exp_video/result/self_supervised/exp0/round8/pseudo_label/pseudo_labels_audio_nested_hmm_full(unreliable_pp=100.0).json
2025-12-20 05:16:18,730 - INFO: Warmup training classifier for 2 epochs...
2025-12-20 05:16:19,277 - INFO: Epoch: [0][  0/301]	Time  0.534 ( 0.534)	Loss 2.6196e+00 (2.6196e+00)	Acc pseudo   6.25 (  6.25)	Lr 1.000e-03 (1.000e-03)
2025-12-20 05:16:19,435 - INFO: Epoch: [0][ 50/301]	Time  0.003 ( 0.013)	Loss 1.2601e+00 (1.7334e+00)	Acc pseudo  67.19 ( 56.43)	Lr 1.000e-03 (1.000e-03)
2025-12-20 05:16:19,585 - INFO: Epoch: [0][100/301]	Time  0.003 ( 0.008)	Loss 8.7678e-01 (1.3967e+00)	Acc pseudo  81.25 ( 65.41)	Lr 1.000e-03 (1.000e-03)
2025-12-20 05:16:19,727 - INFO: Epoch: [0][150/301]	Time  0.003 ( 0.006)	Loss 1.1164e+00 (1.2550e+00)	Acc pseudo  68.75 ( 68.64)	Lr 1.000e-03 (1.000e-03)
2025-12-20 05:16:19,871 - INFO: Epoch: [0][200/301]	Time  0.003 ( 0.005)	Loss 9.7506e-01 (1.1644e+00)	Acc pseudo  87.50 ( 70.74)	Lr 1.000e-03 (1.000e-03)
2025-12-20 05:16:20,006 - INFO: Epoch: [0][250/301]	Time  0.003 ( 0.005)	Loss 1.0581e+00 (1.1145e+00)	Acc pseudo  75.00 ( 71.83)	Lr 1.000e-03 (1.000e-03)
2025-12-20 05:16:20,142 - INFO: Epoch: [0][300/301]	Time  0.002 ( 0.005)	Loss 8.4577e-01 (1.0712e+00)	Acc pseudo  92.00 ( 72.90)	Lr 1.000e-03 (1.000e-03)
2025-12-20 05:16:20,208 - INFO: Round 9, Warmup Epoch 0: loss=1.0712, acc(pseudo)=72.90%
2025-12-20 05:16:20,460 - INFO: Epoch: [1][  0/301]	Time  0.247 ( 0.247)	Loss 1.1760e+00 (1.1760e+00)	Acc pseudo  73.44 ( 73.44)	Lr 1.000e-03 (1.000e-03)
2025-12-20 05:16:20,720 - INFO: Epoch: [1][ 50/301]	Time  0.003 ( 0.010)	Loss 6.4633e-01 (7.4204e-01)	Acc pseudo  82.81 ( 80.76)	Lr 1.000e-03 (1.000e-03)
2025-12-20 05:16:20,869 - INFO: Epoch: [1][100/301]	Time  0.002 ( 0.006)	Loss 7.8095e-01 (7.5166e-01)	Acc pseudo  81.25 ( 80.52)	Lr 1.000e-03 (1.000e-03)
2025-12-20 05:16:21,004 - INFO: Epoch: [1][150/301]	Time  0.002 ( 0.005)	Loss 9.0334e-01 (7.5953e-01)	Acc pseudo  71.88 ( 80.11)	Lr 1.000e-03 (1.000e-03)
2025-12-20 05:16:21,140 - INFO: Epoch: [1][200/301]	Time  0.003 ( 0.005)	Loss 6.3193e-01 (7.6589e-01)	Acc pseudo  84.38 ( 79.64)	Lr 1.000e-03 (1.000e-03)
2025-12-20 05:16:21,280 - INFO: Epoch: [1][250/301]	Time  0.003 ( 0.004)	Loss 6.2769e-01 (7.7018e-01)	Acc pseudo  82.81 ( 79.56)	Lr 1.000e-03 (1.000e-03)
2025-12-20 05:16:21,413 - INFO: Epoch: [1][300/301]	Time  0.002 ( 0.004)	Loss 6.7976e-01 (7.6619e-01)	Acc pseudo  88.00 ( 79.68)	Lr 1.000e-03 (1.000e-03)
2025-12-20 05:16:21,483 - INFO: Round 9, Warmup Epoch 1: loss=0.7662, acc(pseudo)=79.68%
2025-12-20 05:16:21,507 - INFO: Fine-tuning embedding model for 20 epochs...
2025-12-20 05:16:21,780 - INFO: Epoch: [0][  0/301]	Time  0.269 ( 0.269)	Loss 5.3168e-01 (5.3168e-01)	Acc pseudo  81.25 ( 81.25)	Lr 1.000e-03 (1.000e-03)
2025-12-20 05:16:21,952 - INFO: Epoch: [0][ 50/301]	Time  0.003 ( 0.009)	Loss 7.6548e-01 (9.2027e-01)	Acc pseudo  75.00 ( 75.55)	Lr 1.000e-03 (1.000e-03)
2025-12-20 05:16:22,109 - INFO: Epoch: [0][100/301]	Time  0.003 ( 0.006)	Loss 1.0815e+00 (8.8919e-01)	Acc pseudo  73.44 ( 76.64)	Lr 1.000e-03 (1.000e-03)
2025-12-20 05:16:22,264 - INFO: Epoch: [0][150/301]	Time  0.003 ( 0.005)	Loss 8.9450e-01 (8.6661e-01)	Acc pseudo  65.62 ( 76.76)	Lr 1.000e-03 (1.000e-03)
2025-12-20 05:16:22,410 - INFO: Epoch: [0][200/301]	Time  0.003 ( 0.004)	Loss 5.6680e-01 (8.7674e-01)	Acc pseudo  84.38 ( 76.94)	Lr 1.000e-03 (1.000e-03)
2025-12-20 05:16:22,557 - INFO: Epoch: [0][250/301]	Time  0.003 ( 0.004)	Loss 6.8311e-01 (8.6393e-01)	Acc pseudo  85.94 ( 77.27)	Lr 1.000e-03 (1.000e-03)
2025-12-20 05:16:22,700 - INFO: Epoch: [0][300/301]	Time  0.002 ( 0.004)	Loss 6.3735e-01 (8.5681e-01)	Acc pseudo  88.00 ( 77.39)	Lr 1.000e-03 (1.000e-03)
2025-12-20 05:16:22,766 - INFO: Round 9, Fine-tune Epoch 0: loss=0.8568, acc(pseudo)=77.39%
2025-12-20 05:16:36,301 - INFO: Round 9, Fine-tune Epoch 0: acc(valid_pseudo): 0.7809, acc(valid): 0.6575
2025-12-20 05:16:41,078 - INFO: Epoch: [1][  0/301]	Time  0.259 ( 0.259)	Loss 5.4897e-01 (5.4897e-01)	Acc pseudo  78.12 ( 78.12)	Lr 1.000e-03 (1.000e-03)
2025-12-20 05:16:41,255 - INFO: Epoch: [1][ 50/301]	Time  0.003 ( 0.008)	Loss 7.0727e-01 (7.1077e-01)	Acc pseudo  76.56 ( 79.99)	Lr 1.000e-03 (1.000e-03)
2025-12-20 05:16:41,414 - INFO: Epoch: [1][100/301]	Time  0.003 ( 0.006)	Loss 5.8974e-01 (6.8407e-01)	Acc pseudo  79.69 ( 80.32)	Lr 1.000e-03 (1.000e-03)
2025-12-20 05:16:41,572 - INFO: Epoch: [1][150/301]	Time  0.003 ( 0.005)	Loss 9.9785e-01 (6.9072e-01)	Acc pseudo  81.25 ( 80.46)	Lr 1.000e-03 (1.000e-03)
2025-12-20 05:16:41,725 - INFO: Epoch: [1][200/301]	Time  0.003 ( 0.004)	Loss 6.3262e-01 (6.8918e-01)	Acc pseudo  78.12 ( 80.64)	Lr 1.000e-03 (1.000e-03)
2025-12-20 05:16:41,876 - INFO: Epoch: [1][250/301]	Time  0.003 ( 0.004)	Loss 1.0649e+00 (6.9353e-01)	Acc pseudo  76.56 ( 80.78)	Lr 1.000e-03 (1.000e-03)
2025-12-20 05:16:42,021 - INFO: Epoch: [1][300/301]	Time  0.002 ( 0.004)	Loss 8.5463e-01 (6.9858e-01)	Acc pseudo  80.00 ( 80.82)	Lr 1.000e-03 (1.000e-03)
2025-12-20 05:16:42,083 - INFO: Round 9, Fine-tune Epoch 1: loss=0.6986, acc(pseudo)=80.82%
2025-12-20 05:16:54,524 - INFO: Round 9, Fine-tune Epoch 1: acc(valid_pseudo): 0.8666, acc(valid): 0.7175
2025-12-20 05:16:59,616 - INFO: Epoch: [2][  0/301]	Time  0.234 ( 0.234)	Loss 7.1340e-01 (7.1340e-01)	Acc pseudo  79.69 ( 79.69)	Lr 1.000e-03 (1.000e-03)
2025-12-20 05:16:59,796 - INFO: Epoch: [2][ 50/301]	Time  0.003 ( 0.008)	Loss 7.1988e-01 (6.5512e-01)	Acc pseudo  81.25 ( 81.74)	Lr 1.000e-03 (1.000e-03)
2025-12-20 05:16:59,954 - INFO: Epoch: [2][100/301]	Time  0.003 ( 0.006)	Loss 9.8721e-01 (6.6808e-01)	Acc pseudo  81.25 ( 81.95)	Lr 1.000e-03 (1.000e-03)
2025-12-20 05:17:00,107 - INFO: Epoch: [2][150/301]	Time  0.003 ( 0.005)	Loss 1.0059e+00 (6.6496e-01)	Acc pseudo  75.00 ( 81.69)	Lr 1.000e-03 (1.000e-03)
2025-12-20 05:17:00,272 - INFO: Epoch: [2][200/301]	Time  0.004 ( 0.004)	Loss 8.7874e-01 (6.7409e-01)	Acc pseudo  81.25 ( 81.43)	Lr 1.000e-03 (1.000e-03)
2025-12-20 05:17:00,432 - INFO: Epoch: [2][250/301]	Time  0.003 ( 0.004)	Loss 5.9840e-01 (6.6471e-01)	Acc pseudo  82.81 ( 81.45)	Lr 1.000e-03 (1.000e-03)
2025-12-20 05:17:00,580 - INFO: Epoch: [2][300/301]	Time  0.002 ( 0.004)	Loss 4.7722e-01 (6.6263e-01)	Acc pseudo  88.00 ( 81.53)	Lr 1.000e-03 (1.000e-03)
2025-12-20 05:17:00,643 - INFO: Round 9, Fine-tune Epoch 2: loss=0.6626, acc(pseudo)=81.53%
2025-12-20 05:17:16,256 - INFO: Round 9, Fine-tune Epoch 2: acc(valid_pseudo): 0.8532, acc(valid): 0.7625
2025-12-20 05:17:16,256 - INFO: Round 9, Fine-tune Epoch 2: No improvement in validation accuracy. Patience(epoch): 1/5
2025-12-20 05:17:16,528 - INFO: Epoch: [3][  0/301]	Time  0.266 ( 0.266)	Loss 3.8323e-01 (3.8323e-01)	Acc pseudo  87.50 ( 87.50)	Lr 1.000e-03 (1.000e-03)
2025-12-20 05:17:16,714 - INFO: Epoch: [3][ 50/301]	Time  0.003 ( 0.009)	Loss 4.2233e-01 (5.8468e-01)	Acc pseudo  85.94 ( 83.03)	Lr 1.000e-03 (1.000e-03)
2025-12-20 05:17:16,876 - INFO: Epoch: [3][100/301]	Time  0.003 ( 0.006)	Loss 7.1474e-01 (5.8409e-01)	Acc pseudo  82.81 ( 83.26)	Lr 1.000e-03 (1.000e-03)
2025-12-20 05:17:17,044 - INFO: Epoch: [3][150/301]	Time  0.003 ( 0.005)	Loss 4.4152e-01 (5.9269e-01)	Acc pseudo  85.94 ( 83.07)	Lr 1.000e-03 (1.000e-03)
2025-12-20 05:17:17,209 - INFO: Epoch: [3][200/301]	Time  0.003 ( 0.005)	Loss 3.6058e-01 (5.9575e-01)	Acc pseudo  87.50 ( 82.98)	Lr 1.000e-03 (1.000e-03)
2025-12-20 05:17:17,362 - INFO: Epoch: [3][250/301]	Time  0.003 ( 0.004)	Loss 3.9514e-01 (6.1240e-01)	Acc pseudo  89.06 ( 82.75)	Lr 1.000e-03 (1.000e-03)
2025-12-20 05:17:17,506 - INFO: Epoch: [3][300/301]	Time  0.002 ( 0.004)	Loss 4.4686e-01 (6.1410e-01)	Acc pseudo  84.00 ( 82.75)	Lr 1.000e-03 (1.000e-03)
2025-12-20 05:17:17,569 - INFO: Round 9, Fine-tune Epoch 3: loss=0.6141, acc(pseudo)=82.75%
2025-12-20 05:17:30,275 - INFO: Round 9, Fine-tune Epoch 3: acc(valid_pseudo): 0.8327, acc(valid): 0.6700
2025-12-20 05:17:30,275 - INFO: Round 9, Fine-tune Epoch 3: No improvement in validation accuracy. Patience(epoch): 2/5
2025-12-20 05:17:30,535 - INFO: Epoch: [4][  0/301]	Time  0.254 ( 0.254)	Loss 4.8173e-01 (4.8173e-01)	Acc pseudo  82.81 ( 82.81)	Lr 1.000e-03 (1.000e-03)
2025-12-20 05:17:30,726 - INFO: Epoch: [4][ 50/301]	Time  0.004 ( 0.009)	Loss 4.2058e-01 (5.9348e-01)	Acc pseudo  84.38 ( 82.66)	Lr 1.000e-03 (1.000e-03)
2025-12-20 05:17:30,894 - INFO: Epoch: [4][100/301]	Time  0.003 ( 0.006)	Loss 6.7844e-01 (5.7258e-01)	Acc pseudo  81.25 ( 83.42)	Lr 1.000e-03 (1.000e-03)
2025-12-20 05:17:31,066 - INFO: Epoch: [4][150/301]	Time  0.004 ( 0.005)	Loss 4.7983e-01 (5.8224e-01)	Acc pseudo  84.38 ( 83.32)	Lr 1.000e-03 (1.000e-03)
2025-12-20 05:17:31,223 - INFO: Epoch: [4][200/301]	Time  0.003 ( 0.005)	Loss 6.0033e-01 (5.8009e-01)	Acc pseudo  82.81 ( 83.33)	Lr 1.000e-03 (1.000e-03)
2025-12-20 05:17:31,381 - INFO: Epoch: [4][250/301]	Time  0.003 ( 0.004)	Loss 7.3709e-01 (5.8266e-01)	Acc pseudo  81.25 ( 83.40)	Lr 1.000e-03 (1.000e-03)
2025-12-20 05:17:31,527 - INFO: Epoch: [4][300/301]	Time  0.002 ( 0.004)	Loss 5.6803e-01 (5.7921e-01)	Acc pseudo  80.00 ( 83.53)	Lr 1.000e-03 (1.000e-03)
2025-12-20 05:17:31,589 - INFO: Round 9, Fine-tune Epoch 4: loss=0.5792, acc(pseudo)=83.53%
2025-12-20 05:17:43,941 - INFO: Round 9, Fine-tune Epoch 4: acc(valid_pseudo): 0.8748, acc(valid): 0.8025
2025-12-20 05:17:49,176 - INFO: Epoch: [5][  0/301]	Time  0.262 ( 0.262)	Loss 5.7636e-01 (5.7636e-01)	Acc pseudo  82.81 ( 82.81)	Lr 1.000e-03 (1.000e-03)
2025-12-20 05:17:49,370 - INFO: Epoch: [5][ 50/301]	Time  0.003 ( 0.009)	Loss 4.6481e-01 (5.6007e-01)	Acc pseudo  87.50 ( 83.79)	Lr 1.000e-03 (1.000e-03)
2025-12-20 05:17:49,529 - INFO: Epoch: [5][100/301]	Time  0.003 ( 0.006)	Loss 4.4899e-01 (5.4228e-01)	Acc pseudo  90.62 ( 84.45)	Lr 1.000e-03 (1.000e-03)
2025-12-20 05:17:49,689 - INFO: Epoch: [5][150/301]	Time  0.003 ( 0.005)	Loss 6.3688e-01 (5.5381e-01)	Acc pseudo  89.06 ( 84.13)	Lr 1.000e-03 (1.000e-03)
2025-12-20 05:17:49,853 - INFO: Epoch: [5][200/301]	Time  0.003 ( 0.005)	Loss 8.0128e-01 (5.7321e-01)	Acc pseudo  84.38 ( 83.75)	Lr 1.000e-03 (1.000e-03)
2025-12-20 05:17:50,018 - INFO: Epoch: [5][250/301]	Time  0.004 ( 0.004)	Loss 5.6545e-01 (5.7837e-01)	Acc pseudo  78.12 ( 83.44)	Lr 1.000e-03 (1.000e-03)
2025-12-20 05:17:50,172 - INFO: Epoch: [5][300/301]	Time  0.002 ( 0.004)	Loss 4.3092e-01 (5.6989e-01)	Acc pseudo  88.00 ( 83.83)	Lr 1.000e-03 (1.000e-03)
2025-12-20 05:17:50,238 - INFO: Round 9, Fine-tune Epoch 5: loss=0.5699, acc(pseudo)=83.83%
2025-12-20 05:18:05,569 - INFO: Round 9, Fine-tune Epoch 5: acc(valid_pseudo): 0.8441, acc(valid): 0.7375
2025-12-20 05:18:05,569 - INFO: Round 9, Fine-tune Epoch 5: No improvement in validation accuracy. Patience(epoch): 1/5
2025-12-20 05:18:05,818 - INFO: Epoch: [6][  0/301]	Time  0.243 ( 0.243)	Loss 8.1820e-01 (8.1820e-01)	Acc pseudo  82.81 ( 82.81)	Lr 1.000e-03 (1.000e-03)
2025-12-20 05:18:06,006 - INFO: Epoch: [6][ 50/301]	Time  0.003 ( 0.008)	Loss 6.5949e-01 (5.4050e-01)	Acc pseudo  87.50 ( 84.01)	Lr 1.000e-03 (1.000e-03)
2025-12-20 05:18:06,167 - INFO: Epoch: [6][100/301]	Time  0.004 ( 0.006)	Loss 5.4082e-01 (5.6943e-01)	Acc pseudo  81.25 ( 83.37)	Lr 1.000e-03 (1.000e-03)
2025-12-20 05:18:06,326 - INFO: Epoch: [6][150/301]	Time  0.003 ( 0.005)	Loss 2.9576e-01 (5.6860e-01)	Acc pseudo  90.62 ( 83.70)	Lr 1.000e-03 (1.000e-03)
2025-12-20 05:18:06,483 - INFO: Epoch: [6][200/301]	Time  0.003 ( 0.004)	Loss 3.3504e-01 (5.6200e-01)	Acc pseudo  84.38 ( 83.57)	Lr 1.000e-03 (1.000e-03)
2025-12-20 05:18:06,637 - INFO: Epoch: [6][250/301]	Time  0.003 ( 0.004)	Loss 3.5657e-01 (5.6541e-01)	Acc pseudo  90.62 ( 83.42)	Lr 1.000e-03 (1.000e-03)
2025-12-20 05:18:06,785 - INFO: Epoch: [6][300/301]	Time  0.002 ( 0.004)	Loss 3.8118e-01 (5.6583e-01)	Acc pseudo  88.00 ( 83.34)	Lr 1.000e-03 (1.000e-03)
2025-12-20 05:18:06,849 - INFO: Round 9, Fine-tune Epoch 6: loss=0.5658, acc(pseudo)=83.34%
2025-12-20 05:18:19,926 - INFO: Round 9, Fine-tune Epoch 6: acc(valid_pseudo): 0.8558, acc(valid): 0.7550
2025-12-20 05:18:19,927 - INFO: Round 9, Fine-tune Epoch 6: No improvement in validation accuracy. Patience(epoch): 2/5
2025-12-20 05:18:20,158 - INFO: Epoch: [7][  0/301]	Time  0.226 ( 0.226)	Loss 4.1814e-01 (4.1814e-01)	Acc pseudo  93.75 ( 93.75)	Lr 1.000e-03 (1.000e-03)
2025-12-20 05:18:20,333 - INFO: Epoch: [7][ 50/301]	Time  0.003 ( 0.008)	Loss 5.4411e-01 (4.9279e-01)	Acc pseudo  78.12 ( 85.29)	Lr 1.000e-03 (1.000e-03)
2025-12-20 05:18:20,495 - INFO: Epoch: [7][100/301]	Time  0.003 ( 0.005)	Loss 4.8091e-01 (5.2666e-01)	Acc pseudo  84.38 ( 84.39)	Lr 1.000e-03 (1.000e-03)
2025-12-20 05:18:20,665 - INFO: Epoch: [7][150/301]	Time  0.003 ( 0.005)	Loss 3.5190e-01 (5.2201e-01)	Acc pseudo  89.06 ( 84.62)	Lr 1.000e-03 (1.000e-03)
2025-12-20 05:18:20,827 - INFO: Epoch: [7][200/301]	Time  0.003 ( 0.004)	Loss 5.5950e-01 (5.2102e-01)	Acc pseudo  87.50 ( 84.51)	Lr 1.000e-03 (1.000e-03)
2025-12-20 05:18:20,976 - INFO: Epoch: [7][250/301]	Time  0.003 ( 0.004)	Loss 6.0120e-01 (5.2835e-01)	Acc pseudo  81.25 ( 84.34)	Lr 1.000e-03 (1.000e-03)
2025-12-20 05:18:21,119 - INFO: Epoch: [7][300/301]	Time  0.002 ( 0.004)	Loss 1.3277e+00 (5.3502e-01)	Acc pseudo  80.00 ( 84.29)	Lr 1.000e-03 (1.000e-03)
2025-12-20 05:18:21,183 - INFO: Round 9, Fine-tune Epoch 7: loss=0.5350, acc(pseudo)=84.29%
2025-12-20 05:18:33,702 - INFO: Round 9, Fine-tune Epoch 7: acc(valid_pseudo): 0.9219, acc(valid): 0.7750
2025-12-20 05:18:38,899 - INFO: Epoch: [8][  0/301]	Time  0.250 ( 0.250)	Loss 4.4070e-01 (4.4070e-01)	Acc pseudo  90.62 ( 90.62)	Lr 1.000e-03 (1.000e-03)
2025-12-20 05:18:39,072 - INFO: Epoch: [8][ 50/301]	Time  0.004 ( 0.008)	Loss 5.2396e-01 (5.2469e-01)	Acc pseudo  82.81 ( 84.74)	Lr 1.000e-03 (1.000e-03)
2025-12-20 05:18:39,242 - INFO: Epoch: [8][100/301]	Time  0.003 ( 0.006)	Loss 6.2959e-01 (5.2647e-01)	Acc pseudo  82.81 ( 84.84)	Lr 1.000e-03 (1.000e-03)
2025-12-20 05:18:39,403 - INFO: Epoch: [8][150/301]	Time  0.003 ( 0.005)	Loss 6.2325e-01 (5.1734e-01)	Acc pseudo  79.69 ( 85.05)	Lr 1.000e-03 (1.000e-03)
2025-12-20 05:18:39,555 - INFO: Epoch: [8][200/301]	Time  0.003 ( 0.004)	Loss 4.5267e-01 (5.2313e-01)	Acc pseudo  89.06 ( 84.81)	Lr 1.000e-03 (1.000e-03)
2025-12-20 05:18:39,706 - INFO: Epoch: [8][250/301]	Time  0.003 ( 0.004)	Loss 5.3856e-01 (5.2910e-01)	Acc pseudo  84.38 ( 84.66)	Lr 1.000e-03 (1.000e-03)
2025-12-20 05:18:39,848 - INFO: Epoch: [8][300/301]	Time  0.002 ( 0.004)	Loss 3.5384e-01 (5.3636e-01)	Acc pseudo  84.00 ( 84.56)	Lr 1.000e-03 (1.000e-03)
2025-12-20 05:18:39,917 - INFO: Round 9, Fine-tune Epoch 8: loss=0.5364, acc(pseudo)=84.56%
2025-12-20 05:18:54,956 - INFO: Round 9, Fine-tune Epoch 8: acc(valid_pseudo): 0.9488, acc(valid): 0.8125
2025-12-20 05:19:00,051 - INFO: Epoch: [9][  0/301]	Time  0.239 ( 0.239)	Loss 5.2758e-01 (5.2758e-01)	Acc pseudo  85.94 ( 85.94)	Lr 1.000e-03 (1.000e-03)
2025-12-20 05:19:00,232 - INFO: Epoch: [9][ 50/301]	Time  0.003 ( 0.008)	Loss 5.5643e-01 (5.0232e-01)	Acc pseudo  82.81 ( 84.16)	Lr 1.000e-03 (1.000e-03)
2025-12-20 05:19:00,408 - INFO: Epoch: [9][100/301]	Time  0.003 ( 0.006)	Loss 3.3123e-01 (4.9398e-01)	Acc pseudo  89.06 ( 84.70)	Lr 1.000e-03 (1.000e-03)
2025-12-20 05:19:00,570 - INFO: Epoch: [9][150/301]	Time  0.003 ( 0.005)	Loss 5.5716e-01 (5.0713e-01)	Acc pseudo  78.12 ( 84.57)	Lr 1.000e-03 (1.000e-03)
2025-12-20 05:19:00,727 - INFO: Epoch: [9][200/301]	Time  0.003 ( 0.004)	Loss 6.0085e-01 (5.0684e-01)	Acc pseudo  79.69 ( 84.62)	Lr 1.000e-03 (1.000e-03)
2025-12-20 05:19:00,892 - INFO: Epoch: [9][250/301]	Time  0.003 ( 0.004)	Loss 5.4960e-01 (5.0774e-01)	Acc pseudo  78.12 ( 84.62)	Lr 1.000e-03 (1.000e-03)
2025-12-20 05:19:01,053 - INFO: Epoch: [9][300/301]	Time  0.002 ( 0.004)	Loss 8.1353e-01 (5.1364e-01)	Acc pseudo  64.00 ( 84.49)	Lr 1.000e-03 (1.000e-03)
2025-12-20 05:19:01,117 - INFO: Round 9, Fine-tune Epoch 9: loss=0.5136, acc(pseudo)=84.49%
2025-12-20 05:19:13,458 - INFO: Round 9, Fine-tune Epoch 9: acc(valid_pseudo): 0.9438, acc(valid): 0.8375
2025-12-20 05:19:13,459 - INFO: Round 9, Fine-tune Epoch 9: No improvement in validation accuracy. Patience(epoch): 1/5
2025-12-20 05:19:13,697 - INFO: Epoch: [10][  0/301]	Time  0.232 ( 0.232)	Loss 7.6207e-01 (7.6207e-01)	Acc pseudo  82.81 ( 82.81)	Lr 1.000e-03 (1.000e-03)
2025-12-20 05:19:13,887 - INFO: Epoch: [10][ 50/301]	Time  0.003 ( 0.008)	Loss 3.5747e-01 (5.1144e-01)	Acc pseudo  84.38 ( 85.14)	Lr 1.000e-03 (1.000e-03)
2025-12-20 05:19:14,047 - INFO: Epoch: [10][100/301]	Time  0.003 ( 0.006)	Loss 4.7744e-01 (4.8183e-01)	Acc pseudo  85.94 ( 85.27)	Lr 1.000e-03 (1.000e-03)
2025-12-20 05:19:14,203 - INFO: Epoch: [10][150/301]	Time  0.003 ( 0.005)	Loss 3.3803e-01 (4.8233e-01)	Acc pseudo  92.19 ( 85.13)	Lr 1.000e-03 (1.000e-03)
2025-12-20 05:19:14,369 - INFO: Epoch: [10][200/301]	Time  0.003 ( 0.004)	Loss 8.5582e-01 (4.8485e-01)	Acc pseudo  84.38 ( 85.18)	Lr 1.000e-03 (1.000e-03)
2025-12-20 05:19:14,550 - INFO: Epoch: [10][250/301]	Time  0.003 ( 0.004)	Loss 3.9503e-01 (4.9094e-01)	Acc pseudo  84.38 ( 85.12)	Lr 1.000e-03 (1.000e-03)
2025-12-20 05:19:14,705 - INFO: Epoch: [10][300/301]	Time  0.002 ( 0.004)	Loss 5.5781e-01 (4.9355e-01)	Acc pseudo  72.00 ( 85.14)	Lr 1.000e-03 (1.000e-03)
2025-12-20 05:19:14,769 - INFO: Round 9, Fine-tune Epoch 10: loss=0.4936, acc(pseudo)=85.14%
2025-12-20 05:19:28,302 - INFO: Round 9, Fine-tune Epoch 10: acc(valid_pseudo): 0.9494, acc(valid): 0.8375
2025-12-20 05:19:33,569 - INFO: Epoch: [11][  0/301]	Time  0.252 ( 0.252)	Loss 2.4043e-01 (2.4043e-01)	Acc pseudo  93.75 ( 93.75)	Lr 1.000e-03 (1.000e-03)
2025-12-20 05:19:33,757 - INFO: Epoch: [11][ 50/301]	Time  0.004 ( 0.008)	Loss 4.0355e-01 (4.5401e-01)	Acc pseudo  84.38 ( 86.06)	Lr 1.000e-03 (1.000e-03)
2025-12-20 05:19:33,923 - INFO: Epoch: [11][100/301]	Time  0.003 ( 0.006)	Loss 4.9060e-01 (4.7016e-01)	Acc pseudo  84.38 ( 85.75)	Lr 1.000e-03 (1.000e-03)
2025-12-20 05:19:34,090 - INFO: Epoch: [11][150/301]	Time  0.003 ( 0.005)	Loss 5.5349e-01 (4.7115e-01)	Acc pseudo  84.38 ( 85.87)	Lr 1.000e-03 (1.000e-03)
2025-12-20 05:19:34,259 - INFO: Epoch: [11][200/301]	Time  0.003 ( 0.005)	Loss 7.3529e-01 (4.9257e-01)	Acc pseudo  79.69 ( 85.46)	Lr 1.000e-03 (1.000e-03)
2025-12-20 05:19:34,414 - INFO: Epoch: [11][250/301]	Time  0.003 ( 0.004)	Loss 4.7289e-01 (5.0274e-01)	Acc pseudo  85.94 ( 85.24)	Lr 1.000e-03 (1.000e-03)
2025-12-20 05:19:34,563 - INFO: Epoch: [11][300/301]	Time  0.002 ( 0.004)	Loss 7.6285e-01 (5.0430e-01)	Acc pseudo  72.00 ( 85.12)	Lr 1.000e-03 (1.000e-03)
2025-12-20 05:19:34,626 - INFO: Round 9, Fine-tune Epoch 11: loss=0.5043, acc(pseudo)=85.12%
2025-12-20 05:19:47,417 - INFO: Round 9, Fine-tune Epoch 11: acc(valid_pseudo): 0.9280, acc(valid): 0.8125
2025-12-20 05:19:47,418 - INFO: Round 9, Fine-tune Epoch 11: No improvement in validation accuracy. Patience(epoch): 1/5
2025-12-20 05:19:47,657 - INFO: Epoch: [12][  0/301]	Time  0.232 ( 0.232)	Loss 5.2114e-01 (5.2114e-01)	Acc pseudo  82.81 ( 82.81)	Lr 1.000e-03 (1.000e-03)
2025-12-20 05:19:47,839 - INFO: Epoch: [12][ 50/301]	Time  0.003 ( 0.008)	Loss 2.7766e-01 (4.6143e-01)	Acc pseudo  87.50 ( 86.06)	Lr 1.000e-03 (1.000e-03)
2025-12-20 05:19:48,009 - INFO: Epoch: [12][100/301]	Time  0.003 ( 0.006)	Loss 1.5802e-01 (4.5992e-01)	Acc pseudo  92.19 ( 85.88)	Lr 1.000e-03 (1.000e-03)
2025-12-20 05:19:48,166 - INFO: Epoch: [12][150/301]	Time  0.003 ( 0.005)	Loss 5.3549e-01 (4.5818e-01)	Acc pseudo  75.00 ( 85.91)	Lr 1.000e-03 (1.000e-03)
2025-12-20 05:19:48,320 - INFO: Epoch: [12][200/301]	Time  0.003 ( 0.004)	Loss 5.5406e-01 (4.6963e-01)	Acc pseudo  82.81 ( 85.75)	Lr 1.000e-03 (1.000e-03)
2025-12-20 05:19:48,477 - INFO: Epoch: [12][250/301]	Time  0.003 ( 0.004)	Loss 3.7529e-01 (4.8150e-01)	Acc pseudo  84.38 ( 85.41)	Lr 1.000e-03 (1.000e-03)
2025-12-20 05:19:48,624 - INFO: Epoch: [12][300/301]	Time  0.002 ( 0.004)	Loss 8.0606e-01 (4.8518e-01)	Acc pseudo  88.00 ( 85.27)	Lr 1.000e-03 (1.000e-03)
2025-12-20 05:19:48,687 - INFO: Round 9, Fine-tune Epoch 12: loss=0.4852, acc(pseudo)=85.27%
2025-12-20 05:20:00,976 - INFO: Round 9, Fine-tune Epoch 12: acc(valid_pseudo): 0.8912, acc(valid): 0.7625
2025-12-20 05:20:00,976 - INFO: Round 9, Fine-tune Epoch 12: No improvement in validation accuracy. Patience(epoch): 2/5
2025-12-20 05:20:01,216 - INFO: Epoch: [13][  0/301]	Time  0.234 ( 0.234)	Loss 5.0126e-01 (5.0126e-01)	Acc pseudo  84.38 ( 84.38)	Lr 1.000e-03 (1.000e-03)
2025-12-20 05:20:01,407 - INFO: Epoch: [13][ 50/301]	Time  0.003 ( 0.008)	Loss 3.9878e-01 (4.9260e-01)	Acc pseudo  87.50 ( 85.78)	Lr 1.000e-03 (1.000e-03)
2025-12-20 05:20:01,566 - INFO: Epoch: [13][100/301]	Time  0.003 ( 0.006)	Loss 2.2411e-01 (4.7616e-01)	Acc pseudo  93.75 ( 86.17)	Lr 1.000e-03 (1.000e-03)
2025-12-20 05:20:01,728 - INFO: Epoch: [13][150/301]	Time  0.004 ( 0.005)	Loss 3.4745e-01 (4.7372e-01)	Acc pseudo  85.94 ( 85.99)	Lr 1.000e-03 (1.000e-03)
2025-12-20 05:20:01,887 - INFO: Epoch: [13][200/301]	Time  0.003 ( 0.004)	Loss 7.1763e-01 (4.7007e-01)	Acc pseudo  78.12 ( 85.96)	Lr 1.000e-03 (1.000e-03)
2025-12-20 05:20:02,038 - INFO: Epoch: [13][250/301]	Time  0.003 ( 0.004)	Loss 4.3038e-01 (4.7382e-01)	Acc pseudo  87.50 ( 85.71)	Lr 1.000e-03 (1.000e-03)
2025-12-20 05:20:02,183 - INFO: Epoch: [13][300/301]	Time  0.002 ( 0.004)	Loss 7.3497e-01 (4.8027e-01)	Acc pseudo  76.00 ( 85.64)	Lr 1.000e-03 (1.000e-03)
2025-12-20 05:20:02,248 - INFO: Round 9, Fine-tune Epoch 13: loss=0.4803, acc(pseudo)=85.64%
2025-12-20 05:20:16,722 - INFO: Round 9, Fine-tune Epoch 13: acc(valid_pseudo): 0.9292, acc(valid): 0.8050
2025-12-20 05:20:16,723 - INFO: Round 9, Fine-tune Epoch 13: No improvement in validation accuracy. Patience(epoch): 3/5
2025-12-20 05:20:16,994 - INFO: Epoch: [14][  0/301]	Time  0.263 ( 0.263)	Loss 7.0138e-01 (7.0138e-01)	Acc pseudo  81.25 ( 81.25)	Lr 1.000e-03 (1.000e-03)
2025-12-20 05:20:17,181 - INFO: Epoch: [14][ 50/301]	Time  0.003 ( 0.009)	Loss 9.9827e-01 (4.9292e-01)	Acc pseudo  78.12 ( 85.26)	Lr 1.000e-03 (1.000e-03)
2025-12-20 05:20:17,345 - INFO: Epoch: [14][100/301]	Time  0.003 ( 0.006)	Loss 4.7299e-01 (4.9985e-01)	Acc pseudo  89.06 ( 85.23)	Lr 1.000e-03 (1.000e-03)
2025-12-20 05:20:17,513 - INFO: Epoch: [14][150/301]	Time  0.003 ( 0.005)	Loss 1.9285e-01 (4.7768e-01)	Acc pseudo  89.06 ( 85.45)	Lr 1.000e-03 (1.000e-03)
2025-12-20 05:20:17,676 - INFO: Epoch: [14][200/301]	Time  0.003 ( 0.005)	Loss 2.8879e-01 (4.7722e-01)	Acc pseudo  92.19 ( 85.11)	Lr 1.000e-03 (1.000e-03)
2025-12-20 05:20:17,837 - INFO: Epoch: [14][250/301]	Time  0.003 ( 0.004)	Loss 4.2673e-01 (4.8085e-01)	Acc pseudo  78.12 ( 85.15)	Lr 1.000e-03 (1.000e-03)
2025-12-20 05:20:17,980 - INFO: Epoch: [14][300/301]	Time  0.002 ( 0.004)	Loss 7.6389e-01 (4.8734e-01)	Acc pseudo  76.00 ( 85.02)	Lr 1.000e-03 (1.000e-03)
2025-12-20 05:20:18,045 - INFO: Round 9, Fine-tune Epoch 14: loss=0.4873, acc(pseudo)=85.02%
2025-12-20 05:20:30,984 - INFO: Round 9, Fine-tune Epoch 14: acc(valid_pseudo): 0.9532, acc(valid): 0.8400
2025-12-20 05:20:35,945 - INFO: Epoch: [15][  0/301]	Time  0.226 ( 0.226)	Loss 4.6596e-01 (4.6596e-01)	Acc pseudo  82.81 ( 82.81)	Lr 1.000e-03 (1.000e-03)
2025-12-20 05:20:36,130 - INFO: Epoch: [15][ 50/301]	Time  0.003 ( 0.008)	Loss 3.2543e-01 (4.4853e-01)	Acc pseudo  90.62 ( 85.60)	Lr 1.000e-03 (1.000e-03)
2025-12-20 05:20:36,284 - INFO: Epoch: [15][100/301]	Time  0.003 ( 0.005)	Loss 2.4457e-01 (4.4997e-01)	Acc pseudo  92.19 ( 86.15)	Lr 1.000e-03 (1.000e-03)
2025-12-20 05:20:36,437 - INFO: Epoch: [15][150/301]	Time  0.004 ( 0.005)	Loss 4.0478e-01 (4.5650e-01)	Acc pseudo  89.06 ( 85.83)	Lr 1.000e-03 (1.000e-03)
2025-12-20 05:20:36,588 - INFO: Epoch: [15][200/301]	Time  0.003 ( 0.004)	Loss 4.0754e-01 (4.7127e-01)	Acc pseudo  87.50 ( 85.53)	Lr 1.000e-03 (1.000e-03)
2025-12-20 05:20:36,740 - INFO: Epoch: [15][250/301]	Time  0.003 ( 0.004)	Loss 2.9695e-01 (4.7558e-01)	Acc pseudo  89.06 ( 85.50)	Lr 1.000e-03 (1.000e-03)
2025-12-20 05:20:36,882 - INFO: Epoch: [15][300/301]	Time  0.002 ( 0.004)	Loss 5.7629e-01 (4.7253e-01)	Acc pseudo  88.00 ( 85.46)	Lr 1.000e-03 (1.000e-03)
2025-12-20 05:20:36,945 - INFO: Round 9, Fine-tune Epoch 15: loss=0.4725, acc(pseudo)=85.46%
2025-12-20 05:20:49,528 - INFO: Round 9, Fine-tune Epoch 15: acc(valid_pseudo): 0.9430, acc(valid): 0.8275
2025-12-20 05:20:49,528 - INFO: Round 9, Fine-tune Epoch 15: No improvement in validation accuracy. Patience(epoch): 1/5
2025-12-20 05:20:49,774 - INFO: Epoch: [16][  0/301]	Time  0.240 ( 0.240)	Loss 3.2270e-01 (3.2270e-01)	Acc pseudo  84.38 ( 84.38)	Lr 1.000e-03 (1.000e-03)
2025-12-20 05:20:49,971 - INFO: Epoch: [16][ 50/301]	Time  0.004 ( 0.008)	Loss 3.0535e-01 (4.1367e-01)	Acc pseudo  89.06 ( 86.52)	Lr 1.000e-03 (1.000e-03)
2025-12-20 05:20:50,147 - INFO: Epoch: [16][100/301]	Time  0.004 ( 0.006)	Loss 3.6849e-01 (4.3659e-01)	Acc pseudo  85.94 ( 86.48)	Lr 1.000e-03 (1.000e-03)
2025-12-20 05:20:50,315 - INFO: Epoch: [16][150/301]	Time  0.003 ( 0.005)	Loss 4.5946e-01 (4.5248e-01)	Acc pseudo  87.50 ( 86.17)	Lr 1.000e-03 (1.000e-03)
2025-12-20 05:20:50,489 - INFO: Epoch: [16][200/301]	Time  0.004 ( 0.005)	Loss 4.1449e-01 (4.5854e-01)	Acc pseudo  84.38 ( 86.12)	Lr 1.000e-03 (1.000e-03)
2025-12-20 05:20:50,660 - INFO: Epoch: [16][250/301]	Time  0.003 ( 0.004)	Loss 3.4236e-01 (4.5765e-01)	Acc pseudo  87.50 ( 85.95)	Lr 1.000e-03 (1.000e-03)
2025-12-20 05:20:50,813 - INFO: Epoch: [16][300/301]	Time  0.002 ( 0.004)	Loss 4.0793e-01 (4.6288e-01)	Acc pseudo  88.00 ( 85.84)	Lr 1.000e-03 (1.000e-03)
2025-12-20 05:20:50,877 - INFO: Round 9, Fine-tune Epoch 16: loss=0.4629, acc(pseudo)=85.84%
2025-12-20 05:21:06,557 - INFO: Round 9, Fine-tune Epoch 16: acc(valid_pseudo): 0.9602, acc(valid): 0.8450
2025-12-20 05:21:11,845 - INFO: Epoch: [17][  0/301]	Time  0.281 ( 0.281)	Loss 2.6384e-01 (2.6384e-01)	Acc pseudo  85.94 ( 85.94)	Lr 1.000e-03 (1.000e-03)
2025-12-20 05:21:12,086 - INFO: Epoch: [17][ 50/301]	Time  0.003 ( 0.010)	Loss 4.3721e-01 (4.1408e-01)	Acc pseudo  85.94 ( 86.86)	Lr 1.000e-03 (1.000e-03)
2025-12-20 05:21:12,245 - INFO: Epoch: [17][100/301]	Time  0.003 ( 0.007)	Loss 2.7234e-01 (4.4056e-01)	Acc pseudo  93.75 ( 86.32)	Lr 1.000e-03 (1.000e-03)
2025-12-20 05:21:12,398 - INFO: Epoch: [17][150/301]	Time  0.003 ( 0.005)	Loss 3.0678e-01 (4.3904e-01)	Acc pseudo  89.06 ( 86.19)	Lr 1.000e-03 (1.000e-03)
2025-12-20 05:21:12,555 - INFO: Epoch: [17][200/301]	Time  0.003 ( 0.005)	Loss 4.0121e-01 (4.4527e-01)	Acc pseudo  87.50 ( 86.08)	Lr 1.000e-03 (1.000e-03)
2025-12-20 05:21:12,709 - INFO: Epoch: [17][250/301]	Time  0.003 ( 0.004)	Loss 3.8491e-01 (4.4645e-01)	Acc pseudo  89.06 ( 85.99)	Lr 1.000e-03 (1.000e-03)
2025-12-20 05:21:12,857 - INFO: Epoch: [17][300/301]	Time  0.002 ( 0.004)	Loss 9.1410e-01 (4.5177e-01)	Acc pseudo  80.00 ( 86.01)	Lr 1.000e-03 (1.000e-03)
2025-12-20 05:21:12,936 - INFO: Round 9, Fine-tune Epoch 17: loss=0.4518, acc(pseudo)=86.01%
2025-12-20 05:21:26,507 - INFO: Round 9, Fine-tune Epoch 17: acc(valid_pseudo): 0.9550, acc(valid): 0.8300
2025-12-20 05:21:26,507 - INFO: Round 9, Fine-tune Epoch 17: No improvement in validation accuracy. Patience(epoch): 1/5
2025-12-20 05:21:26,745 - INFO: Epoch: [18][  0/301]	Time  0.232 ( 0.232)	Loss 2.8499e-01 (2.8499e-01)	Acc pseudo  90.62 ( 90.62)	Lr 1.000e-03 (1.000e-03)
2025-12-20 05:21:26,918 - INFO: Epoch: [18][ 50/301]	Time  0.003 ( 0.008)	Loss 6.1203e-01 (4.3378e-01)	Acc pseudo  81.25 ( 86.31)	Lr 1.000e-03 (1.000e-03)
2025-12-20 05:21:27,078 - INFO: Epoch: [18][100/301]	Time  0.003 ( 0.006)	Loss 4.9640e-01 (4.4762e-01)	Acc pseudo  84.38 ( 86.08)	Lr 1.000e-03 (1.000e-03)
2025-12-20 05:21:27,232 - INFO: Epoch: [18][150/301]	Time  0.003 ( 0.005)	Loss 4.9323e-01 (4.5756e-01)	Acc pseudo  84.38 ( 85.98)	Lr 1.000e-03 (1.000e-03)
2025-12-20 05:21:27,392 - INFO: Epoch: [18][200/301]	Time  0.003 ( 0.004)	Loss 4.3384e-01 (4.5046e-01)	Acc pseudo  84.38 ( 86.18)	Lr 1.000e-03 (1.000e-03)
2025-12-20 05:21:27,539 - INFO: Epoch: [18][250/301]	Time  0.003 ( 0.004)	Loss 4.6690e-01 (4.5889e-01)	Acc pseudo  85.94 ( 85.93)	Lr 1.000e-03 (1.000e-03)
2025-12-20 05:21:27,688 - INFO: Epoch: [18][300/301]	Time  0.003 ( 0.004)	Loss 7.7230e-01 (4.6240e-01)	Acc pseudo  76.00 ( 85.83)	Lr 1.000e-03 (1.000e-03)
2025-12-20 05:21:27,751 - INFO: Round 9, Fine-tune Epoch 18: loss=0.4624, acc(pseudo)=85.83%
2025-12-20 05:21:40,110 - INFO: Round 9, Fine-tune Epoch 18: acc(valid_pseudo): 0.9430, acc(valid): 0.8100
2025-12-20 05:21:40,110 - INFO: Round 9, Fine-tune Epoch 18: No improvement in validation accuracy. Patience(epoch): 2/5
2025-12-20 05:21:40,352 - INFO: Epoch: [19][  0/301]	Time  0.236 ( 0.236)	Loss 3.1234e-01 (3.1234e-01)	Acc pseudo  85.94 ( 85.94)	Lr 1.000e-03 (1.000e-03)
2025-12-20 05:21:40,528 - INFO: Epoch: [19][ 50/301]	Time  0.003 ( 0.008)	Loss 5.9652e-01 (4.1281e-01)	Acc pseudo  84.38 ( 86.83)	Lr 1.000e-03 (1.000e-03)
2025-12-20 05:21:40,681 - INFO: Epoch: [19][100/301]	Time  0.003 ( 0.006)	Loss 2.7735e-01 (4.1615e-01)	Acc pseudo  95.31 ( 86.77)	Lr 1.000e-03 (1.000e-03)
2025-12-20 05:21:40,848 - INFO: Epoch: [19][150/301]	Time  0.003 ( 0.005)	Loss 4.2683e-01 (4.2414e-01)	Acc pseudo  82.81 ( 86.44)	Lr 1.000e-03 (1.000e-03)
2025-12-20 05:21:41,020 - INFO: Epoch: [19][200/301]	Time  0.004 ( 0.004)	Loss 6.8301e-01 (4.2574e-01)	Acc pseudo  78.12 ( 86.30)	Lr 1.000e-03 (1.000e-03)
2025-12-20 05:21:41,172 - INFO: Epoch: [19][250/301]	Time  0.003 ( 0.004)	Loss 3.9350e-01 (4.3582e-01)	Acc pseudo  90.62 ( 86.16)	Lr 1.000e-03 (1.000e-03)
2025-12-20 05:21:41,321 - INFO: Epoch: [19][300/301]	Time  0.002 ( 0.004)	Loss 4.8156e-01 (4.4294e-01)	Acc pseudo  84.00 ( 86.04)	Lr 1.000e-03 (1.000e-03)
2025-12-20 05:21:41,383 - INFO: Round 9, Fine-tune Epoch 19: loss=0.4429, acc(pseudo)=86.04%
2025-12-20 05:21:55,397 - INFO: Round 9, Fine-tune Epoch 19: acc(valid_pseudo): 0.9447, acc(valid): 0.8450
2025-12-20 05:21:55,398 - INFO: Round 9, Fine-tune Epoch 19: No improvement in validation accuracy. Patience(epoch): 3/5
2025-12-20 05:21:55,400 - INFO: Round 9: Best fine-tuned epoch=16, acc(valid_pseudo)=0.9602
2025-12-20 05:21:55,448 - INFO: Using HMM model from previous round: runs/I love my family/exp_video/result/self_supervised/exp0/round8/pseudo_label/hmm_params.pkl
2025-12-20 05:54:09,659 - INFO: Round 9: acc(valid)=0.8675, acc(test)=0.8612
2025-12-20 05:54:09,663 - INFO: ====================
2025-12-20 05:54:09,663 - INFO: Self-supervised fine-tuning completed!
2025-12-20 05:54:09,663 - INFO: Initial: acc(valid)=0.8175, acc(test)=0.8038
2025-12-20 05:54:09,663 - INFO: Final at round 9: acc(valid)=0.8675, acc(test)=0.8612
2025-12-20 05:54:09,663 - INFO: Improvement for acc(valid): 0.0500 (6.12%)
2025-12-20 05:54:09,663 - INFO: Improvement for acc(test): 0.0574 (7.14%)
2025-12-20 05:54:09,663 - INFO: ====================
