2026-01-26 16:21:56,393 - INFO: Starting self-supervised fine-tuning pipeline
2026-01-26 16:21:56,394 - INFO: Device: cuda:0
2026-01-26 16:21:56,397 - INFO: Saved arguments to runs/I love my family/exp_video_overlap/result/self_supervised/exp0/args.json
2026-01-26 16:21:56,397 - INFO: ====================
2026-01-26 16:21:56,397 - INFO: Initialization: Initial clustering with HMM correction
2026-01-26 16:21:56,397 - INFO: ====================
2026-01-26 18:37:52,407 - INFO: Saved initial clustering results to runs/I love my family/exp_video_overlap/result/self_supervised/exp0/initial
2026-01-26 18:37:52,424 - INFO: Initial: speaker_acc=0.8060
2026-01-26 18:37:52,424 - INFO: Initial: face_acc=0.8617
2026-01-26 18:37:52,440 - INFO: ====================
2026-01-26 18:37:52,441 - INFO: Round 0: Fine-tuning iteration
2026-01-26 18:37:52,441 - INFO: ====================
2026-01-26 18:37:52,502 - INFO: Round 0 Part 1: Fine-tuning embedding model
2026-01-26 18:37:52,509 - INFO: Using pseudo-label file: runs/I love my family/exp_video_overlap/result/self_supervised/exp0/initial/pseudo_label/pseudo_labels_audio_nested_hmm_full(unreliable_pp=100.0).json
2026-01-26 18:37:57,035 - INFO: Speaker embedding dimension: 512
2026-01-26 18:37:57,831 - INFO: Saved speaker config_model to runs/I love my family/exp_video_overlap/result/self_supervised/exp0/round0/config_model_speaker.json
2026-01-26 18:37:58,769 - INFO: Face embedding dimension: 512
2026-01-26 18:37:58,770 - INFO: Loading face pretrained model from pretrained_models/pytorch_model_tongyi.bin
2026-01-26 18:38:01,322 - INFO: Face model weights loaded successfully
2026-01-26 18:41:45,113 - INFO: Extracting hidden features for all speaker samples, which are outputs of StatsPool layer...
2026-01-26 18:41:45,113 - INFO: args.unfrozen_layers_num=2 is not used when extracting hidden features.
2026-01-26 18:52:29,419 - INFO: Hidden features extracted for 19225 speaker samples
2026-01-26 18:52:29,736 - INFO: For training, Using face pseudo-label file: runs/I love my family/exp_video_overlap/result/self_supervised/exp0/initial/pseudo_label/pseudo_labels_faces_mid_frame_train_nested_hmm_full.json
2026-01-26 18:52:29,769 - INFO: For infering, Using face pseudo-label file: runs/I love my family/exp_video_overlap/result/self_supervised/exp0/initial/pseudo_label/pseudo_labels_faces_mid_frame_all_nested_hmm_full.json
2026-01-26 18:52:29,906 - INFO: Created face dataloader with 37219 samples
2026-01-26 18:52:29,914 - INFO: Warmup training speaker classifier for 2 epochs...
2026-01-26 18:52:31,083 - INFO: Epoch: [0][  0/301]	Time  1.145 ( 1.145)	Loss 2.4980e+00 (2.4980e+00)	Acc pseudo   3.12 (  3.12)	Lr 1.000e-03 (1.000e-03)
2026-01-26 18:52:31,230 - INFO: Epoch: [0][ 50/301]	Time  0.003 ( 0.025)	Loss 1.3559e+00 (1.6772e+00)	Acc pseudo  67.19 ( 53.86)	Lr 1.000e-03 (1.000e-03)
2026-01-26 18:52:31,363 - INFO: Epoch: [0][100/301]	Time  0.002 ( 0.014)	Loss 9.2855e-01 (1.3706e+00)	Acc pseudo  76.56 ( 62.82)	Lr 1.000e-03 (1.000e-03)
2026-01-26 18:52:31,494 - INFO: Epoch: [0][150/301]	Time  0.002 ( 0.010)	Loss 1.0658e+00 (1.2261e+00)	Acc pseudo  70.31 ( 66.58)	Lr 1.000e-03 (1.000e-03)
2026-01-26 18:52:31,624 - INFO: Epoch: [0][200/301]	Time  0.003 ( 0.008)	Loss 1.0143e+00 (1.1439e+00)	Acc pseudo  73.44 ( 68.52)	Lr 1.000e-03 (1.000e-03)
2026-01-26 18:52:31,758 - INFO: Epoch: [0][250/301]	Time  0.003 ( 0.007)	Loss 8.8809e-01 (1.0959e+00)	Acc pseudo  71.88 ( 69.65)	Lr 1.000e-03 (1.000e-03)
2026-01-26 18:52:31,894 - INFO: Epoch: [0][300/301]	Time  0.005 ( 0.006)	Loss 8.9489e-01 (1.0646e+00)	Acc pseudo  76.00 ( 70.50)	Lr 1.000e-03 (1.000e-03)
2026-01-26 18:52:31,968 - INFO: Round 0, Speaker Warmup Epoch 0: loss=1.0646, acc(pseudo)=70.50%
2026-01-26 18:52:32,209 - INFO: Epoch: [1][  0/301]	Time  0.236 ( 0.236)	Loss 1.2956e+00 (1.2956e+00)	Acc pseudo  71.88 ( 71.88)	Lr 1.000e-03 (1.000e-03)
2026-01-26 18:52:32,344 - INFO: Epoch: [1][ 50/301]	Time  0.003 ( 0.007)	Loss 1.0076e+00 (8.1561e-01)	Acc pseudo  78.12 ( 76.90)	Lr 1.000e-03 (1.000e-03)
2026-01-26 18:52:32,474 - INFO: Epoch: [1][100/301]	Time  0.003 ( 0.005)	Loss 7.6331e-01 (8.1294e-01)	Acc pseudo  81.25 ( 76.64)	Lr 1.000e-03 (1.000e-03)
2026-01-26 18:52:32,606 - INFO: Epoch: [1][150/301]	Time  0.002 ( 0.004)	Loss 8.1388e-01 (8.1546e-01)	Acc pseudo  71.88 ( 76.49)	Lr 1.000e-03 (1.000e-03)
2026-01-26 18:52:32,734 - INFO: Epoch: [1][200/301]	Time  0.003 ( 0.004)	Loss 1.0317e+00 (8.1635e-01)	Acc pseudo  68.75 ( 76.30)	Lr 1.000e-03 (1.000e-03)
2026-01-26 18:52:32,861 - INFO: Epoch: [1][250/301]	Time  0.003 ( 0.003)	Loss 9.6926e-01 (8.1884e-01)	Acc pseudo  78.12 ( 76.39)	Lr 1.000e-03 (1.000e-03)
2026-01-26 18:52:32,978 - INFO: Epoch: [1][300/301]	Time  0.002 ( 0.003)	Loss 9.3213e-01 (8.2909e-01)	Acc pseudo  64.00 ( 76.19)	Lr 1.000e-03 (1.000e-03)
2026-01-26 18:52:33,049 - INFO: Round 0, Speaker Warmup Epoch 1: loss=0.8291, acc(pseudo)=76.19%
2026-01-26 18:52:33,053 - INFO: Warmup training face classifier for 2 epochs...
2026-01-26 18:52:34,853 - INFO: Epoch: [0][  0/582]	Time  1.769 ( 1.769)	Loss 2.4824e+00 (2.4824e+00)	Acc pseudo   1.56 (  1.56)	Lr 1.000e-03 (1.000e-03)
2026-01-26 18:52:41,576 - INFO: Epoch: [0][ 50/582]	Time  0.031 ( 0.107)	Loss 1.6334e+00 (2.0601e+00)	Acc pseudo  54.69 ( 39.49)	Lr 1.000e-03 (1.000e-03)
2026-01-26 18:52:47,937 - INFO: Epoch: [0][100/582]	Time  0.213 ( 0.088)	Loss 1.0962e+00 (1.7781e+00)	Acc pseudo  71.88 ( 51.53)	Lr 1.000e-03 (1.000e-03)
2026-01-26 18:52:54,067 - INFO: Epoch: [0][150/582]	Time  0.031 ( 0.079)	Loss 1.1128e+00 (1.5971e+00)	Acc pseudo  75.00 ( 56.91)	Lr 1.000e-03 (1.000e-03)
2026-01-26 18:52:59,902 - INFO: Epoch: [0][200/582]	Time  0.109 ( 0.073)	Loss 8.1052e-01 (1.4751e+00)	Acc pseudo  79.69 ( 59.96)	Lr 1.000e-03 (1.000e-03)
2026-01-26 18:53:06,137 - INFO: Epoch: [0][250/582]	Time  0.026 ( 0.071)	Loss 9.6799e-01 (1.3887e+00)	Acc pseudo  62.50 ( 61.95)	Lr 1.000e-03 (1.000e-03)
2026-01-26 18:53:12,632 - INFO: Epoch: [0][300/582]	Time  0.025 ( 0.070)	Loss 7.2034e-01 (1.3167e+00)	Acc pseudo  78.12 ( 63.47)	Lr 1.000e-03 (1.000e-03)
2026-01-26 18:53:19,738 - INFO: Epoch: [0][350/582]	Time  0.041 ( 0.071)	Loss 6.0146e-01 (1.2619e+00)	Acc pseudo  81.25 ( 64.62)	Lr 1.000e-03 (1.000e-03)
2026-01-26 18:53:26,026 - INFO: Epoch: [0][400/582]	Time  0.034 ( 0.071)	Loss 6.2944e-01 (1.2145e+00)	Acc pseudo  79.69 ( 65.51)	Lr 1.000e-03 (1.000e-03)
2026-01-26 18:53:31,926 - INFO: Epoch: [0][450/582]	Time  0.108 ( 0.069)	Loss 8.5133e-01 (1.1770e+00)	Acc pseudo  73.44 ( 66.10)	Lr 1.000e-03 (1.000e-03)
2026-01-26 18:53:37,265 - INFO: Epoch: [0][500/582]	Time  0.027 ( 0.066)	Loss 6.1501e-01 (1.1484e+00)	Acc pseudo  79.69 ( 66.63)	Lr 1.000e-03 (1.000e-03)
2026-01-26 18:53:42,973 - INFO: Epoch: [0][550/582]	Time  0.039 ( 0.065)	Loss 9.6217e-01 (1.1231e+00)	Acc pseudo  76.56 ( 67.05)	Lr 1.000e-03 (1.000e-03)
2026-01-26 18:53:46,505 - INFO: Round 0, Face Warmup Epoch 0: loss=1.1092, acc(pseudo)=67.38%
2026-01-26 18:53:47,031 - INFO: Epoch: [1][  0/582]	Time  0.463 ( 0.463)	Loss 8.5521e-01 (8.5521e-01)	Acc pseudo  75.00 ( 75.00)	Lr 1.000e-03 (1.000e-03)
2026-01-26 18:53:51,637 - INFO: Epoch: [1][ 50/582]	Time  0.028 ( 0.036)	Loss 8.0448e-01 (8.4181e-01)	Acc pseudo  76.56 ( 72.27)	Lr 1.000e-03 (1.000e-03)
2026-01-26 18:53:56,241 - INFO: Epoch: [1][100/582]	Time  0.026 ( 0.033)	Loss 6.8837e-01 (8.3456e-01)	Acc pseudo  78.12 ( 72.43)	Lr 1.000e-03 (1.000e-03)
2026-01-26 18:54:00,849 - INFO: Epoch: [1][150/582]	Time  0.044 ( 0.033)	Loss 8.9297e-01 (8.1143e-01)	Acc pseudo  70.31 ( 73.18)	Lr 1.000e-03 (1.000e-03)
2026-01-26 18:54:05,690 - INFO: Epoch: [1][200/582]	Time  0.045 ( 0.035)	Loss 5.5518e-01 (8.0850e-01)	Acc pseudo  81.25 ( 73.13)	Lr 1.000e-03 (1.000e-03)
2026-01-26 18:54:10,299 - INFO: Epoch: [1][250/582]	Time  0.026 ( 0.034)	Loss 6.0978e-01 (8.1095e-01)	Acc pseudo  76.56 ( 73.13)	Lr 1.000e-03 (1.000e-03)
2026-01-26 18:54:14,907 - INFO: Epoch: [1][300/582]	Time  0.028 ( 0.033)	Loss 7.3454e-01 (8.0349e-01)	Acc pseudo  81.25 ( 73.33)	Lr 1.000e-03 (1.000e-03)
2026-01-26 18:54:19,519 - INFO: Epoch: [1][350/582]	Time  0.026 ( 0.032)	Loss 5.2090e-01 (8.0474e-01)	Acc pseudo  78.12 ( 73.27)	Lr 1.000e-03 (1.000e-03)
2026-01-26 18:54:24,127 - INFO: Epoch: [1][400/582]	Time  0.025 ( 0.032)	Loss 8.1728e-01 (8.0060e-01)	Acc pseudo  68.75 ( 73.26)	Lr 1.000e-03 (1.000e-03)
2026-01-26 18:54:28,736 - INFO: Epoch: [1][450/582]	Time  0.026 ( 0.031)	Loss 1.1774e+00 (8.0075e-01)	Acc pseudo  65.62 ( 73.29)	Lr 1.000e-03 (1.000e-03)
2026-01-26 18:54:33,350 - INFO: Epoch: [1][500/582]	Time  0.029 ( 0.031)	Loss 7.7016e-01 (7.9742e-01)	Acc pseudo  70.31 ( 73.35)	Lr 1.000e-03 (1.000e-03)
2026-01-26 18:54:37,964 - INFO: Epoch: [1][550/582]	Time  0.028 ( 0.031)	Loss 5.9791e-01 (7.9449e-01)	Acc pseudo  81.25 ( 73.38)	Lr 1.000e-03 (1.000e-03)
2026-01-26 18:54:40,887 - INFO: Round 0, Face Warmup Epoch 1: loss=0.7955, acc(pseudo)=73.45%
2026-01-26 18:54:40,898 - INFO: Fine-tuning speaker embedding model for 20 epochs...
2026-01-26 18:54:41,824 - INFO: Epoch: [0][  0/301]	Time  0.923 ( 0.923)	Loss 7.8449e-01 (7.8449e-01)	Acc pseudo  71.88 ( 71.88)	Lr 1.000e-03 (1.000e-03)
2026-01-26 18:54:41,988 - INFO: Epoch: [0][ 50/301]	Time  0.003 ( 0.021)	Loss 1.1160e+00 (9.7287e-01)	Acc pseudo  71.88 ( 71.63)	Lr 1.000e-03 (1.000e-03)
2026-01-26 18:54:42,137 - INFO: Epoch: [0][100/301]	Time  0.003 ( 0.012)	Loss 1.3264e+00 (9.7102e-01)	Acc pseudo  76.56 ( 72.42)	Lr 1.000e-03 (1.000e-03)
2026-01-26 18:54:42,284 - INFO: Epoch: [0][150/301]	Time  0.003 ( 0.009)	Loss 7.3770e-01 (9.5166e-01)	Acc pseudo  76.56 ( 72.70)	Lr 1.000e-03 (1.000e-03)
2026-01-26 18:54:42,430 - INFO: Epoch: [0][200/301]	Time  0.003 ( 0.008)	Loss 7.4564e-01 (9.4013e-01)	Acc pseudo  70.31 ( 72.68)	Lr 1.000e-03 (1.000e-03)
2026-01-26 18:54:42,575 - INFO: Epoch: [0][250/301]	Time  0.003 ( 0.007)	Loss 7.5005e-01 (9.2971e-01)	Acc pseudo  81.25 ( 72.94)	Lr 1.000e-03 (1.000e-03)
2026-01-26 18:54:42,716 - INFO: Epoch: [0][300/301]	Time  0.004 ( 0.006)	Loss 1.1704e+00 (9.2860e-01)	Acc pseudo  80.00 ( 72.82)	Lr 1.000e-03 (1.000e-03)
2026-01-26 18:54:42,779 - INFO: Round 0, Fine-tune Epoch 0: loss=0.9286, acc(pseudo)=72.82%
2026-01-26 18:54:53,219 - INFO: Round 0, Fine-tune Epoch 0: acc(valid_pseudo): 0.4634, acc: 0.4960
2026-01-26 18:54:54,229 - INFO: Epoch: [1][  0/301]	Time  0.225 ( 0.225)	Loss 8.2945e-01 (8.2945e-01)	Acc pseudo  75.00 ( 75.00)	Lr 1.000e-03 (1.000e-03)
2026-01-26 18:54:54,417 - INFO: Epoch: [1][ 50/301]	Time  0.003 ( 0.008)	Loss 8.9264e-01 (7.9699e-01)	Acc pseudo  73.44 ( 75.09)	Lr 1.000e-03 (1.000e-03)
2026-01-26 18:54:54,577 - INFO: Epoch: [1][100/301]	Time  0.003 ( 0.006)	Loss 9.7840e-01 (8.0093e-01)	Acc pseudo  76.56 ( 75.45)	Lr 1.000e-03 (1.000e-03)
2026-01-26 18:54:54,730 - INFO: Epoch: [1][150/301]	Time  0.003 ( 0.005)	Loss 7.2706e-01 (8.1009e-01)	Acc pseudo  78.12 ( 75.41)	Lr 1.000e-03 (1.000e-03)
2026-01-26 18:54:54,883 - INFO: Epoch: [1][200/301]	Time  0.003 ( 0.004)	Loss 6.1783e-01 (8.0626e-01)	Acc pseudo  79.69 ( 75.75)	Lr 1.000e-03 (1.000e-03)
2026-01-26 18:54:55,035 - INFO: Epoch: [1][250/301]	Time  0.003 ( 0.004)	Loss 7.5316e-01 (8.0202e-01)	Acc pseudo  76.56 ( 75.89)	Lr 1.000e-03 (1.000e-03)
2026-01-26 18:54:55,176 - INFO: Epoch: [1][300/301]	Time  0.002 ( 0.004)	Loss 1.2631e+00 (8.0857e-01)	Acc pseudo  64.00 ( 75.63)	Lr 1.000e-03 (1.000e-03)
2026-01-26 18:54:55,241 - INFO: Round 0, Fine-tune Epoch 1: loss=0.8086, acc(pseudo)=75.63%
2026-01-26 18:55:03,221 - INFO: Round 0, Fine-tune Epoch 1: acc(valid_pseudo): 0.9394, acc: 0.7815
2026-01-26 18:55:03,974 - INFO: Epoch: [2][  0/301]	Time  0.238 ( 0.238)	Loss 8.6349e-01 (8.6349e-01)	Acc pseudo  75.00 ( 75.00)	Lr 1.000e-03 (1.000e-03)
2026-01-26 18:55:04,189 - INFO: Epoch: [2][ 50/301]	Time  0.004 ( 0.009)	Loss 1.0693e+00 (7.4895e-01)	Acc pseudo  68.75 ( 76.72)	Lr 1.000e-03 (1.000e-03)
2026-01-26 18:55:04,390 - INFO: Epoch: [2][100/301]	Time  0.004 ( 0.006)	Loss 7.5212e-01 (7.8999e-01)	Acc pseudo  79.69 ( 76.52)	Lr 1.000e-03 (1.000e-03)
2026-01-26 18:55:04,588 - INFO: Epoch: [2][150/301]	Time  0.004 ( 0.006)	Loss 9.0041e-01 (7.7675e-01)	Acc pseudo  76.56 ( 76.78)	Lr 1.000e-03 (1.000e-03)
2026-01-26 18:55:04,786 - INFO: Epoch: [2][200/301]	Time  0.004 ( 0.005)	Loss 8.8232e-01 (7.7047e-01)	Acc pseudo  71.88 ( 76.76)	Lr 1.000e-03 (1.000e-03)
2026-01-26 18:55:04,983 - INFO: Epoch: [2][250/301]	Time  0.004 ( 0.005)	Loss 5.2900e-01 (7.6657e-01)	Acc pseudo  81.25 ( 76.62)	Lr 1.000e-03 (1.000e-03)
2026-01-26 18:55:05,170 - INFO: Epoch: [2][300/301]	Time  0.003 ( 0.005)	Loss 6.1828e-01 (7.7274e-01)	Acc pseudo  76.00 ( 76.50)	Lr 1.000e-03 (1.000e-03)
2026-01-26 18:55:05,237 - INFO: Round 0, Fine-tune Epoch 2: loss=0.7727, acc(pseudo)=76.50%
2026-01-26 18:55:14,185 - INFO: Round 0, Fine-tune Epoch 2: acc(valid_pseudo): 0.9086, acc: 0.7720
2026-01-26 18:55:14,186 - INFO: Round 0, Speaker Fine-tune Epoch 2: No improvement in validation accuracy. Patience(epoch): 1/3
2026-01-26 18:55:14,440 - INFO: Epoch: [3][  0/301]	Time  0.249 ( 0.249)	Loss 6.9573e-01 (6.9573e-01)	Acc pseudo  70.31 ( 70.31)	Lr 1.000e-03 (1.000e-03)
2026-01-26 18:55:14,618 - INFO: Epoch: [3][ 50/301]	Time  0.004 ( 0.008)	Loss 7.3729e-01 (7.2166e-01)	Acc pseudo  78.12 ( 78.09)	Lr 1.000e-03 (1.000e-03)
2026-01-26 18:55:14,783 - INFO: Epoch: [3][100/301]	Time  0.003 ( 0.006)	Loss 8.0568e-01 (7.2982e-01)	Acc pseudo  70.31 ( 77.52)	Lr 1.000e-03 (1.000e-03)
2026-01-26 18:55:14,943 - INFO: Epoch: [3][150/301]	Time  0.003 ( 0.005)	Loss 5.0352e-01 (7.3780e-01)	Acc pseudo  87.50 ( 77.42)	Lr 1.000e-03 (1.000e-03)
2026-01-26 18:55:15,095 - INFO: Epoch: [3][200/301]	Time  0.003 ( 0.004)	Loss 5.7834e-01 (7.4003e-01)	Acc pseudo  78.12 ( 77.41)	Lr 1.000e-03 (1.000e-03)
2026-01-26 18:55:15,248 - INFO: Epoch: [3][250/301]	Time  0.004 ( 0.004)	Loss 9.5232e-01 (7.4169e-01)	Acc pseudo  73.44 ( 77.31)	Lr 1.000e-03 (1.000e-03)
2026-01-26 18:55:15,404 - INFO: Epoch: [3][300/301]	Time  0.002 ( 0.004)	Loss 7.1177e-01 (7.3760e-01)	Acc pseudo  80.00 ( 77.45)	Lr 1.000e-03 (1.000e-03)
2026-01-26 18:55:15,471 - INFO: Round 0, Fine-tune Epoch 3: loss=0.7376, acc(pseudo)=77.45%
2026-01-26 18:55:22,767 - INFO: Round 0, Fine-tune Epoch 3: acc(valid_pseudo): 0.8947, acc: 0.7155
2026-01-26 18:55:22,767 - INFO: Round 0, Speaker Fine-tune Epoch 3: No improvement in validation accuracy. Patience(epoch): 2/3
2026-01-26 18:55:23,009 - INFO: Epoch: [4][  0/301]	Time  0.237 ( 0.237)	Loss 7.7499e-01 (7.7499e-01)	Acc pseudo  78.12 ( 78.12)	Lr 1.000e-03 (1.000e-03)
2026-01-26 18:55:23,179 - INFO: Epoch: [4][ 50/301]	Time  0.003 ( 0.008)	Loss 5.5224e-01 (6.9542e-01)	Acc pseudo  78.12 ( 77.60)	Lr 1.000e-03 (1.000e-03)
2026-01-26 18:55:23,330 - INFO: Epoch: [4][100/301]	Time  0.003 ( 0.005)	Loss 5.8839e-01 (6.9496e-01)	Acc pseudo  87.50 ( 77.92)	Lr 1.000e-03 (1.000e-03)
2026-01-26 18:55:23,483 - INFO: Epoch: [4][150/301]	Time  0.003 ( 0.005)	Loss 6.0810e-01 (7.0256e-01)	Acc pseudo  73.44 ( 77.93)	Lr 1.000e-03 (1.000e-03)
2026-01-26 18:55:23,633 - INFO: Epoch: [4][200/301]	Time  0.003 ( 0.004)	Loss 8.7676e-01 (7.0144e-01)	Acc pseudo  75.00 ( 78.02)	Lr 1.000e-03 (1.000e-03)
2026-01-26 18:55:23,781 - INFO: Epoch: [4][250/301]	Time  0.003 ( 0.004)	Loss 1.0191e+00 (7.0601e-01)	Acc pseudo  71.88 ( 78.04)	Lr 1.000e-03 (1.000e-03)
2026-01-26 18:55:23,925 - INFO: Epoch: [4][300/301]	Time  0.002 ( 0.004)	Loss 7.3134e-01 (7.0847e-01)	Acc pseudo  72.00 ( 78.06)	Lr 1.000e-03 (1.000e-03)
2026-01-26 18:55:23,992 - INFO: Round 0, Fine-tune Epoch 4: loss=0.7085, acc(pseudo)=78.06%
2026-01-26 18:55:31,597 - INFO: Round 0, Fine-tune Epoch 4: acc(valid_pseudo): 0.9606, acc: 0.8025
2026-01-26 18:55:32,349 - INFO: Epoch: [5][  0/301]	Time  0.229 ( 0.229)	Loss 7.7135e-01 (7.7135e-01)	Acc pseudo  78.12 ( 78.12)	Lr 1.000e-03 (1.000e-03)
2026-01-26 18:55:32,529 - INFO: Epoch: [5][ 50/301]	Time  0.003 ( 0.008)	Loss 5.2360e-01 (7.0027e-01)	Acc pseudo  79.69 ( 77.45)	Lr 1.000e-03 (1.000e-03)
2026-01-26 18:55:32,683 - INFO: Epoch: [5][100/301]	Time  0.003 ( 0.005)	Loss 4.5929e-01 (6.9332e-01)	Acc pseudo  84.38 ( 78.60)	Lr 1.000e-03 (1.000e-03)
2026-01-26 18:55:32,838 - INFO: Epoch: [5][150/301]	Time  0.003 ( 0.005)	Loss 7.1568e-01 (6.9746e-01)	Acc pseudo  76.56 ( 78.19)	Lr 1.000e-03 (1.000e-03)
2026-01-26 18:55:33,004 - INFO: Epoch: [5][200/301]	Time  0.003 ( 0.004)	Loss 8.8333e-01 (7.0140e-01)	Acc pseudo  75.00 ( 78.06)	Lr 1.000e-03 (1.000e-03)
2026-01-26 18:55:33,172 - INFO: Epoch: [5][250/301]	Time  0.003 ( 0.004)	Loss 7.6859e-01 (7.0344e-01)	Acc pseudo  75.00 ( 77.91)	Lr 1.000e-03 (1.000e-03)
2026-01-26 18:55:33,333 - INFO: Epoch: [5][300/301]	Time  0.003 ( 0.004)	Loss 4.8523e-01 (6.9445e-01)	Acc pseudo  84.00 ( 78.13)	Lr 1.000e-03 (1.000e-03)
2026-01-26 18:55:33,399 - INFO: Round 0, Fine-tune Epoch 5: loss=0.6944, acc(pseudo)=78.13%
2026-01-26 18:55:42,615 - INFO: Round 0, Fine-tune Epoch 5: acc(valid_pseudo): 0.9544, acc: 0.8130
2026-01-26 18:55:42,616 - INFO: Round 0, Speaker Fine-tune Epoch 5: No improvement in validation accuracy. Patience(epoch): 1/3
2026-01-26 18:55:42,858 - INFO: Epoch: [6][  0/301]	Time  0.237 ( 0.237)	Loss 6.2886e-01 (6.2886e-01)	Acc pseudo  81.25 ( 81.25)	Lr 1.000e-03 (1.000e-03)
2026-01-26 18:55:43,068 - INFO: Epoch: [6][ 50/301]	Time  0.004 ( 0.009)	Loss 4.9832e-01 (6.5491e-01)	Acc pseudo  87.50 ( 79.01)	Lr 1.000e-03 (1.000e-03)
2026-01-26 18:55:43,266 - INFO: Epoch: [6][100/301]	Time  0.004 ( 0.006)	Loss 5.7966e-01 (6.6307e-01)	Acc pseudo  75.00 ( 79.13)	Lr 1.000e-03 (1.000e-03)
2026-01-26 18:55:43,461 - INFO: Epoch: [6][150/301]	Time  0.004 ( 0.005)	Loss 4.4690e-01 (6.7170e-01)	Acc pseudo  85.94 ( 78.75)	Lr 1.000e-03 (1.000e-03)
2026-01-26 18:55:43,657 - INFO: Epoch: [6][200/301]	Time  0.004 ( 0.005)	Loss 9.4557e-01 (6.8367e-01)	Acc pseudo  71.88 ( 78.60)	Lr 1.000e-03 (1.000e-03)
2026-01-26 18:55:43,849 - INFO: Epoch: [6][250/301]	Time  0.004 ( 0.005)	Loss 8.2167e-01 (6.8322e-01)	Acc pseudo  78.12 ( 78.50)	Lr 1.000e-03 (1.000e-03)
2026-01-26 18:55:44,038 - INFO: Epoch: [6][300/301]	Time  0.003 ( 0.005)	Loss 7.7180e-01 (6.8646e-01)	Acc pseudo  80.00 ( 78.37)	Lr 1.000e-03 (1.000e-03)
2026-01-26 18:55:44,106 - INFO: Round 0, Fine-tune Epoch 6: loss=0.6865, acc(pseudo)=78.37%
2026-01-26 18:55:51,958 - INFO: Round 0, Fine-tune Epoch 6: acc(valid_pseudo): 0.9341, acc: 0.7865
2026-01-26 18:55:51,959 - INFO: Round 0, Speaker Fine-tune Epoch 6: No improvement in validation accuracy. Patience(epoch): 2/3
2026-01-26 18:55:52,317 - INFO: Epoch: [7][  0/301]	Time  0.350 ( 0.350)	Loss 3.2103e-01 (3.2103e-01)	Acc pseudo  90.62 ( 90.62)	Lr 1.000e-03 (1.000e-03)
2026-01-26 18:55:52,509 - INFO: Epoch: [7][ 50/301]	Time  0.003 ( 0.011)	Loss 6.1747e-01 (6.3821e-01)	Acc pseudo  79.69 ( 80.30)	Lr 1.000e-03 (1.000e-03)
2026-01-26 18:55:52,676 - INFO: Epoch: [7][100/301]	Time  0.003 ( 0.007)	Loss 6.1105e-01 (6.5379e-01)	Acc pseudo  71.88 ( 79.39)	Lr 1.000e-03 (1.000e-03)
2026-01-26 18:55:52,844 - INFO: Epoch: [7][150/301]	Time  0.004 ( 0.006)	Loss 4.5520e-01 (6.6039e-01)	Acc pseudo  85.94 ( 79.07)	Lr 1.000e-03 (1.000e-03)
2026-01-26 18:55:53,004 - INFO: Epoch: [7][200/301]	Time  0.003 ( 0.005)	Loss 9.0614e-01 (6.6062e-01)	Acc pseudo  75.00 ( 79.20)	Lr 1.000e-03 (1.000e-03)
2026-01-26 18:55:53,161 - INFO: Epoch: [7][250/301]	Time  0.003 ( 0.005)	Loss 8.3933e-01 (6.6067e-01)	Acc pseudo  76.56 ( 79.21)	Lr 1.000e-03 (1.000e-03)
2026-01-26 18:55:53,317 - INFO: Epoch: [7][300/301]	Time  0.003 ( 0.004)	Loss 6.2408e-01 (6.6794e-01)	Acc pseudo  72.00 ( 78.96)	Lr 1.000e-03 (1.000e-03)
2026-01-26 18:55:53,388 - INFO: Round 0, Fine-tune Epoch 7: loss=0.6679, acc(pseudo)=78.96%
2026-01-26 18:56:01,211 - INFO: Round 0, Fine-tune Epoch 7: acc(valid_pseudo): 0.9477, acc: 0.7910
2026-01-26 18:56:01,212 - INFO: Round 0, Speaker Fine-tune Epoch 7: No improvement in validation accuracy. Patience(epoch): 3/3
2026-01-26 18:56:01,212 - INFO: Early stopping at epoch 7 due to no improvement in validation accuracy for 3 epochs.
2026-01-26 18:56:01,213 - INFO: Round 0: Best speaker fine-tuned epoch=4, acc(valid_pseudo)=0.9606
2026-01-26 18:56:01,218 - INFO: Fine-tuning face embedding model for 20 epochs...
2026-01-26 18:56:01,937 - INFO: Epoch: [0][  0/582]	Time  0.716 ( 0.716)	Loss 5.7131e-01 (5.7131e-01)	Acc pseudo  78.12 ( 78.12)	Lr 1.000e-03 (1.000e-03)
2026-01-26 18:56:06,592 - INFO: Epoch: [0][ 50/582]	Time  0.029 ( 0.043)	Loss 1.8537e+00 (1.7281e+00)	Acc pseudo  62.50 ( 62.10)	Lr 1.000e-03 (1.000e-03)
2026-01-26 18:56:11,249 - INFO: Epoch: [0][100/582]	Time  0.028 ( 0.036)	Loss 1.0192e+00 (1.4842e+00)	Acc pseudo  73.44 ( 65.27)	Lr 1.000e-03 (1.000e-03)
2026-01-26 18:56:15,910 - INFO: Epoch: [0][150/582]	Time  0.029 ( 0.033)	Loss 9.4677e-01 (1.3176e+00)	Acc pseudo  70.31 ( 67.33)	Lr 1.000e-03 (1.000e-03)
2026-01-26 18:56:20,577 - INFO: Epoch: [0][200/582]	Time  0.031 ( 0.032)	Loss 3.8415e-01 (1.1911e+00)	Acc pseudo  87.50 ( 69.31)	Lr 1.000e-03 (1.000e-03)
2026-01-26 18:56:25,342 - INFO: Epoch: [0][250/582]	Time  0.029 ( 0.032)	Loss 6.8430e-01 (1.1296e+00)	Acc pseudo  75.00 ( 70.04)	Lr 1.000e-03 (1.000e-03)
2026-01-26 18:56:30,081 - INFO: Epoch: [0][300/582]	Time  0.029 ( 0.032)	Loss 6.5759e-01 (1.0592e+00)	Acc pseudo  81.25 ( 71.09)	Lr 1.000e-03 (1.000e-03)
2026-01-26 18:56:34,751 - INFO: Epoch: [0][350/582]	Time  0.030 ( 0.032)	Loss 3.3758e-01 (1.0033e+00)	Acc pseudo  82.81 ( 71.90)	Lr 1.000e-03 (1.000e-03)
2026-01-26 18:56:39,425 - INFO: Epoch: [0][400/582]	Time  0.029 ( 0.032)	Loss 4.1983e-01 (9.6165e-01)	Acc pseudo  79.69 ( 72.55)	Lr 1.000e-03 (1.000e-03)
2026-01-26 18:56:44,105 - INFO: Epoch: [0][450/582]	Time  0.031 ( 0.033)	Loss 8.5565e-01 (9.2885e-01)	Acc pseudo  71.88 ( 73.08)	Lr 1.000e-03 (1.000e-03)
2026-01-26 18:56:48,787 - INFO: Epoch: [0][500/582]	Time  0.029 ( 0.033)	Loss 4.2037e-01 (9.0268e-01)	Acc pseudo  81.25 ( 73.51)	Lr 1.000e-03 (1.000e-03)
2026-01-26 18:56:53,470 - INFO: Epoch: [0][550/582]	Time  0.044 ( 0.034)	Loss 6.7983e-01 (8.7820e-01)	Acc pseudo  76.56 ( 73.93)	Lr 1.000e-03 (1.000e-03)
2026-01-26 18:56:56,440 - INFO: Round 0, Face Fine-tune Epoch 0: loss=0.8642, acc(pseudo)=74.15%
2026-01-26 18:57:58,845 - INFO: Round 0, Face Fine-tune Epoch 0: acc(valid_pseudo): 0.8683, acc: 0.8257
2026-01-26 18:58:00,554 - INFO: Epoch: [1][  0/582]	Time  0.479 ( 0.479)	Loss 5.0725e-01 (5.0725e-01)	Acc pseudo  81.25 ( 81.25)	Lr 1.000e-03 (1.000e-03)
2026-01-26 18:58:05,230 - INFO: Epoch: [1][ 50/582]	Time  0.030 ( 0.040)	Loss 5.5346e-01 (5.4542e-01)	Acc pseudo  79.69 ( 79.84)	Lr 1.000e-03 (1.000e-03)
2026-01-26 18:58:09,913 - INFO: Epoch: [1][100/582]	Time  0.027 ( 0.038)	Loss 4.6243e-01 (5.3572e-01)	Acc pseudo  82.81 ( 79.97)	Lr 1.000e-03 (1.000e-03)
2026-01-26 18:58:14,587 - INFO: Epoch: [1][150/582]	Time  0.028 ( 0.035)	Loss 6.1033e-01 (5.2265e-01)	Acc pseudo  73.44 ( 80.57)	Lr 1.000e-03 (1.000e-03)
2026-01-26 18:58:19,271 - INFO: Epoch: [1][200/582]	Time  0.029 ( 0.033)	Loss 2.7219e-01 (5.2175e-01)	Acc pseudo  85.94 ( 80.50)	Lr 1.000e-03 (1.000e-03)
2026-01-26 18:58:23,952 - INFO: Epoch: [1][250/582]	Time  0.031 ( 0.032)	Loss 4.0201e-01 (5.2293e-01)	Acc pseudo  81.25 ( 80.39)	Lr 1.000e-03 (1.000e-03)
2026-01-26 18:58:28,641 - INFO: Epoch: [1][300/582]	Time  0.043 ( 0.032)	Loss 2.4719e-01 (5.1533e-01)	Acc pseudo  92.19 ( 80.64)	Lr 1.000e-03 (1.000e-03)
2026-01-26 18:58:33,326 - INFO: Epoch: [1][350/582]	Time  0.027 ( 0.032)	Loss 2.9067e-01 (5.2107e-01)	Acc pseudo  82.81 ( 80.57)	Lr 1.000e-03 (1.000e-03)
2026-01-26 18:58:38,008 - INFO: Epoch: [1][400/582]	Time  0.027 ( 0.031)	Loss 6.0816e-01 (5.1818e-01)	Acc pseudo  78.12 ( 80.69)	Lr 1.000e-03 (1.000e-03)
2026-01-26 18:58:42,699 - INFO: Epoch: [1][450/582]	Time  0.030 ( 0.031)	Loss 9.9942e-01 (5.1927e-01)	Acc pseudo  68.75 ( 80.75)	Lr 1.000e-03 (1.000e-03)
2026-01-26 18:58:47,458 - INFO: Epoch: [1][500/582]	Time  0.034 ( 0.031)	Loss 6.8076e-01 (5.1922e-01)	Acc pseudo  73.44 ( 80.76)	Lr 1.000e-03 (1.000e-03)
2026-01-26 18:58:52,143 - INFO: Epoch: [1][550/582]	Time  0.027 ( 0.031)	Loss 5.3949e-01 (5.1927e-01)	Acc pseudo  82.81 ( 80.71)	Lr 1.000e-03 (1.000e-03)
2026-01-26 18:58:55,113 - INFO: Round 0, Face Fine-tune Epoch 1: loss=0.5223, acc(pseudo)=80.67%
2026-01-26 18:59:54,652 - INFO: Round 0, Face Fine-tune Epoch 1: acc(valid_pseudo): 0.8797, acc: 0.8228
2026-01-26 18:59:56,625 - INFO: Epoch: [2][  0/582]	Time  0.498 ( 0.498)	Loss 2.4908e-01 (2.4908e-01)	Acc pseudo  92.19 ( 92.19)	Lr 1.000e-03 (1.000e-03)
2026-01-26 19:00:01,318 - INFO: Epoch: [2][ 50/582]	Time  0.030 ( 0.043)	Loss 4.7006e-01 (4.3398e-01)	Acc pseudo  75.00 ( 82.78)	Lr 1.000e-03 (1.000e-03)
2026-01-26 19:00:06,003 - INFO: Epoch: [2][100/582]	Time  0.030 ( 0.037)	Loss 4.4335e-01 (4.5662e-01)	Acc pseudo  79.69 ( 82.50)	Lr 1.000e-03 (1.000e-03)
2026-01-26 19:00:10,696 - INFO: Epoch: [2][150/582]	Time  0.028 ( 0.034)	Loss 4.2328e-01 (4.4656e-01)	Acc pseudo  84.38 ( 82.92)	Lr 1.000e-03 (1.000e-03)
2026-01-26 19:00:15,439 - INFO: Epoch: [2][200/582]	Time  0.030 ( 0.033)	Loss 2.3813e-01 (4.4902e-01)	Acc pseudo  89.06 ( 82.77)	Lr 1.000e-03 (1.000e-03)
2026-01-26 19:00:20,132 - INFO: Epoch: [2][250/582]	Time  0.030 ( 0.032)	Loss 5.6412e-01 (4.5269e-01)	Acc pseudo  79.69 ( 82.77)	Lr 1.000e-03 (1.000e-03)
2026-01-26 19:00:24,825 - INFO: Epoch: [2][300/582]	Time  0.028 ( 0.031)	Loss 8.9246e-01 (4.6024e-01)	Acc pseudo  78.12 ( 82.64)	Lr 1.000e-03 (1.000e-03)
2026-01-26 19:00:29,518 - INFO: Epoch: [2][350/582]	Time  0.028 ( 0.031)	Loss 4.4201e-01 (4.5607e-01)	Acc pseudo  85.94 ( 82.76)	Lr 1.000e-03 (1.000e-03)
2026-01-26 19:00:34,211 - INFO: Epoch: [2][400/582]	Time  0.028 ( 0.031)	Loss 9.2455e-01 (4.6446e-01)	Acc pseudo  71.88 ( 82.59)	Lr 1.000e-03 (1.000e-03)
2026-01-26 19:00:38,903 - INFO: Epoch: [2][450/582]	Time  0.028 ( 0.030)	Loss 5.7210e-01 (4.6857e-01)	Acc pseudo  82.81 ( 82.43)	Lr 1.000e-03 (1.000e-03)
2026-01-26 19:00:43,596 - INFO: Epoch: [2][500/582]	Time  0.029 ( 0.030)	Loss 5.9978e-01 (4.7114e-01)	Acc pseudo  87.50 ( 82.39)	Lr 1.000e-03 (1.000e-03)
2026-01-26 19:00:48,288 - INFO: Epoch: [2][550/582]	Time  0.028 ( 0.030)	Loss 4.7882e-01 (4.7395e-01)	Acc pseudo  81.25 ( 82.27)	Lr 1.000e-03 (1.000e-03)
2026-01-26 19:00:51,272 - INFO: Round 0, Face Fine-tune Epoch 2: loss=0.4742, acc(pseudo)=82.29%
2026-01-26 19:01:51,839 - INFO: Round 0, Face Fine-tune Epoch 2: acc(valid_pseudo): 0.8937, acc: 0.8374
2026-01-26 19:01:53,712 - INFO: Epoch: [3][  0/582]	Time  0.499 ( 0.499)	Loss 5.4061e-01 (5.4061e-01)	Acc pseudo  78.12 ( 78.12)	Lr 1.000e-03 (1.000e-03)
2026-01-26 19:01:58,411 - INFO: Epoch: [3][ 50/582]	Time  0.035 ( 0.050)	Loss 3.5325e-01 (4.3511e-01)	Acc pseudo  81.25 ( 83.18)	Lr 1.000e-03 (1.000e-03)
2026-01-26 19:02:03,102 - INFO: Epoch: [3][100/582]	Time  0.037 ( 0.041)	Loss 5.1040e-01 (4.4202e-01)	Acc pseudo  81.25 ( 82.97)	Lr 1.000e-03 (1.000e-03)
2026-01-26 19:02:07,799 - INFO: Epoch: [3][150/582]	Time  0.034 ( 0.038)	Loss 3.6438e-01 (4.3115e-01)	Acc pseudo  81.25 ( 83.33)	Lr 1.000e-03 (1.000e-03)
2026-01-26 19:02:12,501 - INFO: Epoch: [3][200/582]	Time  0.030 ( 0.038)	Loss 2.8066e-01 (4.2506e-01)	Acc pseudo  84.38 ( 83.41)	Lr 1.000e-03 (1.000e-03)
2026-01-26 19:02:17,198 - INFO: Epoch: [3][250/582]	Time  0.040 ( 0.036)	Loss 5.2358e-01 (4.2639e-01)	Acc pseudo  81.25 ( 83.47)	Lr 1.000e-03 (1.000e-03)
2026-01-26 19:02:21,896 - INFO: Epoch: [3][300/582]	Time  0.027 ( 0.035)	Loss 3.6871e-01 (4.2757e-01)	Acc pseudo  87.50 ( 83.38)	Lr 1.000e-03 (1.000e-03)
2026-01-26 19:02:26,595 - INFO: Epoch: [3][350/582]	Time  0.029 ( 0.034)	Loss 2.9431e-01 (4.2232e-01)	Acc pseudo  90.62 ( 83.66)	Lr 1.000e-03 (1.000e-03)
2026-01-26 19:02:31,289 - INFO: Epoch: [3][400/582]	Time  0.027 ( 0.034)	Loss 6.0528e-01 (4.2577e-01)	Acc pseudo  84.38 ( 83.65)	Lr 1.000e-03 (1.000e-03)
2026-01-26 19:02:35,986 - INFO: Epoch: [3][450/582]	Time  0.028 ( 0.033)	Loss 4.0838e-01 (4.2567e-01)	Acc pseudo  84.38 ( 83.69)	Lr 1.000e-03 (1.000e-03)
2026-01-26 19:02:40,688 - INFO: Epoch: [3][500/582]	Time  0.029 ( 0.033)	Loss 3.7861e-01 (4.2719e-01)	Acc pseudo  82.81 ( 83.73)	Lr 1.000e-03 (1.000e-03)
2026-01-26 19:02:45,391 - INFO: Epoch: [3][550/582]	Time  0.032 ( 0.033)	Loss 8.0132e-01 (4.3086e-01)	Acc pseudo  81.25 ( 83.71)	Lr 1.000e-03 (1.000e-03)
2026-01-26 19:02:48,394 - INFO: Round 0, Face Fine-tune Epoch 3: loss=0.4310, acc(pseudo)=83.66%
2026-01-26 19:03:46,969 - INFO: Round 0, Face Fine-tune Epoch 3: acc(valid_pseudo): 0.9032, acc: 0.8345
2026-01-26 19:03:48,886 - INFO: Epoch: [4][  0/582]	Time  0.472 ( 0.472)	Loss 4.9299e-01 (4.9299e-01)	Acc pseudo  84.38 ( 84.38)	Lr 1.000e-03 (1.000e-03)
2026-01-26 19:03:53,581 - INFO: Epoch: [4][ 50/582]	Time  0.029 ( 0.043)	Loss 5.1093e-01 (4.0493e-01)	Acc pseudo  75.00 ( 83.30)	Lr 1.000e-03 (1.000e-03)
2026-01-26 19:03:58,267 - INFO: Epoch: [4][100/582]	Time  0.030 ( 0.037)	Loss 4.2972e-01 (3.9216e-01)	Acc pseudo  81.25 ( 83.93)	Lr 1.000e-03 (1.000e-03)
2026-01-26 19:04:02,956 - INFO: Epoch: [4][150/582]	Time  0.028 ( 0.034)	Loss 3.1180e-01 (3.8482e-01)	Acc pseudo  85.94 ( 84.31)	Lr 1.000e-03 (1.000e-03)
2026-01-26 19:04:07,719 - INFO: Epoch: [4][200/582]	Time  0.029 ( 0.033)	Loss 4.2198e-01 (3.8142e-01)	Acc pseudo  87.50 ( 84.44)	Lr 1.000e-03 (1.000e-03)
2026-01-26 19:04:12,419 - INFO: Epoch: [4][250/582]	Time  0.045 ( 0.035)	Loss 3.0995e-01 (3.8810e-01)	Acc pseudo  82.81 ( 84.38)	Lr 1.000e-03 (1.000e-03)
2026-01-26 19:04:17,121 - INFO: Epoch: [4][300/582]	Time  0.029 ( 0.036)	Loss 4.4285e-01 (3.9028e-01)	Acc pseudo  82.81 ( 84.40)	Lr 1.000e-03 (1.000e-03)
2026-01-26 19:04:21,819 - INFO: Epoch: [4][350/582]	Time  0.048 ( 0.036)	Loss 3.4457e-01 (3.9316e-01)	Acc pseudo  87.50 ( 84.40)	Lr 1.000e-03 (1.000e-03)
2026-01-26 19:04:26,513 - INFO: Epoch: [4][400/582]	Time  0.028 ( 0.035)	Loss 2.7350e-01 (3.9666e-01)	Acc pseudo  89.06 ( 84.42)	Lr 1.000e-03 (1.000e-03)
2026-01-26 19:04:31,208 - INFO: Epoch: [4][450/582]	Time  0.028 ( 0.034)	Loss 4.4358e-01 (4.0061e-01)	Acc pseudo  78.12 ( 84.28)	Lr 1.000e-03 (1.000e-03)
2026-01-26 19:04:35,901 - INFO: Epoch: [4][500/582]	Time  0.028 ( 0.034)	Loss 3.5527e-01 (4.0468e-01)	Acc pseudo  82.81 ( 84.23)	Lr 1.000e-03 (1.000e-03)
2026-01-26 19:04:40,593 - INFO: Epoch: [4][550/582]	Time  0.029 ( 0.033)	Loss 2.5236e-01 (4.0788e-01)	Acc pseudo  85.94 ( 84.04)	Lr 1.000e-03 (1.000e-03)
2026-01-26 19:04:43,598 - INFO: Round 0, Face Fine-tune Epoch 4: loss=0.4081, acc(pseudo)=84.11%
2026-01-26 19:05:42,597 - INFO: Round 0, Face Fine-tune Epoch 4: acc(valid_pseudo): 0.9127, acc: 0.8452
2026-01-26 19:05:44,661 - INFO: Epoch: [5][  0/582]	Time  0.500 ( 0.500)	Loss 2.8857e-01 (2.8857e-01)	Acc pseudo  90.62 ( 90.62)	Lr 1.000e-03 (1.000e-03)
2026-01-26 19:05:49,344 - INFO: Epoch: [5][ 50/582]	Time  0.028 ( 0.039)	Loss 2.8063e-01 (3.7577e-01)	Acc pseudo  87.50 ( 85.42)	Lr 1.000e-03 (1.000e-03)
2026-01-26 19:05:54,027 - INFO: Epoch: [5][100/582]	Time  0.028 ( 0.034)	Loss 3.7245e-01 (3.7663e-01)	Acc pseudo  79.69 ( 85.04)	Lr 1.000e-03 (1.000e-03)
2026-01-26 19:05:58,712 - INFO: Epoch: [5][150/582]	Time  0.029 ( 0.032)	Loss 3.0930e-01 (3.7572e-01)	Acc pseudo  87.50 ( 85.26)	Lr 1.000e-03 (1.000e-03)
2026-01-26 19:06:03,404 - INFO: Epoch: [5][200/582]	Time  0.028 ( 0.032)	Loss 7.3966e-01 (3.7669e-01)	Acc pseudo  76.56 ( 85.26)	Lr 1.000e-03 (1.000e-03)
2026-01-26 19:06:08,095 - INFO: Epoch: [5][250/582]	Time  0.043 ( 0.031)	Loss 3.5209e-01 (3.7741e-01)	Acc pseudo  82.81 ( 85.19)	Lr 1.000e-03 (1.000e-03)
2026-01-26 19:06:12,794 - INFO: Epoch: [5][300/582]	Time  0.044 ( 0.032)	Loss 4.2528e-01 (3.7192e-01)	Acc pseudo  85.94 ( 85.23)	Lr 1.000e-03 (1.000e-03)
2026-01-26 19:06:17,489 - INFO: Epoch: [5][350/582]	Time  0.028 ( 0.032)	Loss 3.7822e-01 (3.7495e-01)	Acc pseudo  87.50 ( 85.25)	Lr 1.000e-03 (1.000e-03)
2026-01-26 19:06:22,183 - INFO: Epoch: [5][400/582]	Time  0.029 ( 0.032)	Loss 2.5708e-01 (3.8074e-01)	Acc pseudo  87.50 ( 85.10)	Lr 1.000e-03 (1.000e-03)
2026-01-26 19:06:26,904 - INFO: Epoch: [5][450/582]	Time  0.041 ( 0.032)	Loss 2.3433e-01 (3.8651e-01)	Acc pseudo  84.38 ( 84.93)	Lr 1.000e-03 (1.000e-03)
2026-01-26 19:06:31,604 - INFO: Epoch: [5][500/582]	Time  0.027 ( 0.032)	Loss 3.8320e-01 (3.8698e-01)	Acc pseudo  82.81 ( 84.93)	Lr 1.000e-03 (1.000e-03)
2026-01-26 19:06:36,308 - INFO: Epoch: [5][550/582]	Time  0.036 ( 0.033)	Loss 4.3092e-01 (3.8595e-01)	Acc pseudo  79.69 ( 84.93)	Lr 1.000e-03 (1.000e-03)
2026-01-26 19:06:39,305 - INFO: Round 0, Face Fine-tune Epoch 5: loss=0.3887, acc(pseudo)=84.89%
2026-01-26 19:07:39,283 - INFO: Round 0, Face Fine-tune Epoch 5: acc(valid_pseudo): 0.9161, acc: 0.8393
2026-01-26 19:07:41,344 - INFO: Epoch: [6][  0/582]	Time  0.483 ( 0.483)	Loss 2.2476e-01 (2.2476e-01)	Acc pseudo  90.62 ( 90.62)	Lr 1.000e-03 (1.000e-03)
2026-01-26 19:07:46,078 - INFO: Epoch: [6][ 50/582]	Time  0.035 ( 0.043)	Loss 1.8344e-01 (3.2726e-01)	Acc pseudo  89.06 ( 86.09)	Lr 1.000e-03 (1.000e-03)
2026-01-26 19:07:50,843 - INFO: Epoch: [6][100/582]	Time  0.031 ( 0.039)	Loss 4.6519e-01 (3.5087e-01)	Acc pseudo  81.25 ( 85.83)	Lr 1.000e-03 (1.000e-03)
2026-01-26 19:07:55,586 - INFO: Epoch: [6][150/582]	Time  0.028 ( 0.036)	Loss 6.2048e-01 (3.6303e-01)	Acc pseudo  81.25 ( 85.50)	Lr 1.000e-03 (1.000e-03)
2026-01-26 19:08:00,286 - INFO: Epoch: [6][200/582]	Time  0.029 ( 0.035)	Loss 3.6679e-01 (3.5802e-01)	Acc pseudo  79.69 ( 85.57)	Lr 1.000e-03 (1.000e-03)
2026-01-26 19:08:04,982 - INFO: Epoch: [6][250/582]	Time  0.030 ( 0.034)	Loss 4.9942e-01 (3.6060e-01)	Acc pseudo  76.56 ( 85.37)	Lr 1.000e-03 (1.000e-03)
2026-01-26 19:08:09,685 - INFO: Epoch: [6][300/582]	Time  0.028 ( 0.034)	Loss 3.9861e-01 (3.6382e-01)	Acc pseudo  82.81 ( 85.23)	Lr 1.000e-03 (1.000e-03)
2026-01-26 19:08:14,383 - INFO: Epoch: [6][350/582]	Time  0.028 ( 0.034)	Loss 4.7972e-01 (3.6568e-01)	Acc pseudo  82.81 ( 85.16)	Lr 1.000e-03 (1.000e-03)
2026-01-26 19:08:19,079 - INFO: Epoch: [6][400/582]	Time  0.028 ( 0.033)	Loss 4.1487e-01 (3.6406e-01)	Acc pseudo  82.81 ( 85.29)	Lr 1.000e-03 (1.000e-03)
2026-01-26 19:08:23,776 - INFO: Epoch: [6][450/582]	Time  0.029 ( 0.033)	Loss 2.8529e-01 (3.7052e-01)	Acc pseudo  82.81 ( 85.21)	Lr 1.000e-03 (1.000e-03)
2026-01-26 19:08:28,502 - INFO: Epoch: [6][500/582]	Time  0.029 ( 0.032)	Loss 4.8675e-01 (3.7259e-01)	Acc pseudo  82.81 ( 85.13)	Lr 1.000e-03 (1.000e-03)
2026-01-26 19:08:33,354 - INFO: Epoch: [6][550/582]	Time  0.044 ( 0.033)	Loss 4.3814e-01 (3.7424e-01)	Acc pseudo  79.69 ( 85.07)	Lr 1.000e-03 (1.000e-03)
2026-01-26 19:08:36,377 - INFO: Round 0, Face Fine-tune Epoch 6: loss=0.3752, acc(pseudo)=85.09%
2026-01-26 19:09:35,776 - INFO: Round 0, Face Fine-tune Epoch 6: acc(valid_pseudo): 0.9220, acc: 0.8452
2026-01-26 19:09:37,956 - INFO: Epoch: [7][  0/582]	Time  0.502 ( 0.502)	Loss 5.2392e-01 (5.2392e-01)	Acc pseudo  78.12 ( 78.12)	Lr 1.000e-03 (1.000e-03)
2026-01-26 19:09:42,649 - INFO: Epoch: [7][ 50/582]	Time  0.030 ( 0.041)	Loss 1.8633e-01 (3.3955e-01)	Acc pseudo  89.06 ( 86.40)	Lr 1.000e-03 (1.000e-03)
2026-01-26 19:09:47,339 - INFO: Epoch: [7][100/582]	Time  0.028 ( 0.036)	Loss 2.8584e-01 (3.4896e-01)	Acc pseudo  84.38 ( 86.09)	Lr 1.000e-03 (1.000e-03)
2026-01-26 19:09:52,040 - INFO: Epoch: [7][150/582]	Time  0.031 ( 0.035)	Loss 2.9341e-01 (3.5387e-01)	Acc pseudo  87.50 ( 86.07)	Lr 1.000e-03 (1.000e-03)
2026-01-26 19:09:56,737 - INFO: Epoch: [7][200/582]	Time  0.029 ( 0.035)	Loss 2.7604e-01 (3.4530e-01)	Acc pseudo  87.50 ( 86.37)	Lr 1.000e-03 (1.000e-03)
2026-01-26 19:10:01,434 - INFO: Epoch: [7][250/582]	Time  0.030 ( 0.034)	Loss 3.2067e-01 (3.4250e-01)	Acc pseudo  89.06 ( 86.23)	Lr 1.000e-03 (1.000e-03)
2026-01-26 19:10:06,133 - INFO: Epoch: [7][300/582]	Time  0.044 ( 0.033)	Loss 2.5955e-01 (3.4788e-01)	Acc pseudo  85.94 ( 86.09)	Lr 1.000e-03 (1.000e-03)
2026-01-26 19:10:10,843 - INFO: Epoch: [7][350/582]	Time  0.031 ( 0.034)	Loss 4.7772e-01 (3.4486e-01)	Acc pseudo  81.25 ( 86.07)	Lr 1.000e-03 (1.000e-03)
2026-01-26 19:10:15,728 - INFO: Epoch: [7][400/582]	Time  0.030 ( 0.034)	Loss 5.3906e-01 (3.4796e-01)	Acc pseudo  85.94 ( 86.01)	Lr 1.000e-03 (1.000e-03)
2026-01-26 19:10:20,430 - INFO: Epoch: [7][450/582]	Time  0.031 ( 0.033)	Loss 3.0106e-01 (3.5020e-01)	Acc pseudo  93.75 ( 86.00)	Lr 1.000e-03 (1.000e-03)
2026-01-26 19:10:25,132 - INFO: Epoch: [7][500/582]	Time  0.030 ( 0.034)	Loss 5.9125e-01 (3.5357e-01)	Acc pseudo  79.69 ( 85.89)	Lr 1.000e-03 (1.000e-03)
2026-01-26 19:10:29,831 - INFO: Epoch: [7][550/582]	Time  0.033 ( 0.034)	Loss 3.0094e-01 (3.5648e-01)	Acc pseudo  89.06 ( 85.80)	Lr 1.000e-03 (1.000e-03)
2026-01-26 19:10:32,816 - INFO: Round 0, Face Fine-tune Epoch 7: loss=0.3580, acc(pseudo)=85.74%
2026-01-26 19:11:33,749 - INFO: Round 0, Face Fine-tune Epoch 7: acc(valid_pseudo): 0.9260, acc: 0.8432
2026-01-26 19:11:35,793 - INFO: Epoch: [8][  0/582]	Time  0.539 ( 0.539)	Loss 2.7762e-01 (2.7762e-01)	Acc pseudo  85.94 ( 85.94)	Lr 1.000e-03 (1.000e-03)
2026-01-26 19:11:40,536 - INFO: Epoch: [8][ 50/582]	Time  0.028 ( 0.043)	Loss 1.6682e-01 (3.3112e-01)	Acc pseudo  87.50 ( 87.22)	Lr 1.000e-03 (1.000e-03)
2026-01-26 19:11:45,227 - INFO: Epoch: [8][100/582]	Time  0.031 ( 0.037)	Loss 3.0216e-01 (3.2928e-01)	Acc pseudo  82.81 ( 86.90)	Lr 1.000e-03 (1.000e-03)
2026-01-26 19:11:49,917 - INFO: Epoch: [8][150/582]	Time  0.028 ( 0.035)	Loss 2.4793e-01 (3.2744e-01)	Acc pseudo  89.06 ( 86.74)	Lr 1.000e-03 (1.000e-03)
2026-01-26 19:11:54,612 - INFO: Epoch: [8][200/582]	Time  0.029 ( 0.033)	Loss 4.5341e-01 (3.4089e-01)	Acc pseudo  85.94 ( 86.76)	Lr 1.000e-03 (1.000e-03)
2026-01-26 19:11:59,306 - INFO: Epoch: [8][250/582]	Time  0.028 ( 0.032)	Loss 2.4878e-01 (3.4032e-01)	Acc pseudo  85.94 ( 86.67)	Lr 1.000e-03 (1.000e-03)
2026-01-26 19:12:04,003 - INFO: Epoch: [8][300/582]	Time  0.028 ( 0.032)	Loss 3.5557e-01 (3.4764e-01)	Acc pseudo  84.38 ( 86.47)	Lr 1.000e-03 (1.000e-03)
2026-01-26 19:12:08,696 - INFO: Epoch: [8][350/582]	Time  0.028 ( 0.031)	Loss 1.4461e-01 (3.4383e-01)	Acc pseudo  96.88 ( 86.44)	Lr 1.000e-03 (1.000e-03)
2026-01-26 19:12:13,397 - INFO: Epoch: [8][400/582]	Time  0.048 ( 0.032)	Loss 3.1758e-01 (3.4649e-01)	Acc pseudo  87.50 ( 86.35)	Lr 1.000e-03 (1.000e-03)
2026-01-26 19:12:18,195 - INFO: Epoch: [8][450/582]	Time  0.028 ( 0.033)	Loss 1.7509e-01 (3.4972e-01)	Acc pseudo  92.19 ( 86.23)	Lr 1.000e-03 (1.000e-03)
2026-01-26 19:12:22,906 - INFO: Epoch: [8][500/582]	Time  0.029 ( 0.033)	Loss 2.1629e-01 (3.4920e-01)	Acc pseudo  87.50 ( 86.17)	Lr 1.000e-03 (1.000e-03)
2026-01-26 19:12:27,602 - INFO: Epoch: [8][550/582]	Time  0.028 ( 0.033)	Loss 2.3504e-01 (3.4864e-01)	Acc pseudo  85.94 ( 86.12)	Lr 1.000e-03 (1.000e-03)
2026-01-26 19:12:30,597 - INFO: Round 0, Face Fine-tune Epoch 8: loss=0.3489, acc(pseudo)=86.06%
2026-01-26 19:13:30,383 - INFO: Round 0, Face Fine-tune Epoch 8: acc(valid_pseudo): 0.9264, acc: 0.8491
2026-01-26 19:13:32,352 - INFO: Epoch: [9][  0/582]	Time  0.523 ( 0.523)	Loss 1.2897e-01 (1.2897e-01)	Acc pseudo  95.31 ( 95.31)	Lr 1.000e-03 (1.000e-03)
2026-01-26 19:13:37,045 - INFO: Epoch: [9][ 50/582]	Time  0.030 ( 0.042)	Loss 3.1971e-01 (2.9688e-01)	Acc pseudo  89.06 ( 87.25)	Lr 1.000e-03 (1.000e-03)
2026-01-26 19:13:41,731 - INFO: Epoch: [9][100/582]	Time  0.028 ( 0.036)	Loss 2.4003e-01 (3.1338e-01)	Acc pseudo  90.62 ( 87.21)	Lr 1.000e-03 (1.000e-03)
2026-01-26 19:13:46,424 - INFO: Epoch: [9][150/582]	Time  0.027 ( 0.033)	Loss 6.0966e-01 (3.2336e-01)	Acc pseudo  75.00 ( 86.91)	Lr 1.000e-03 (1.000e-03)
2026-01-26 19:13:51,142 - INFO: Epoch: [9][200/582]	Time  0.034 ( 0.033)	Loss 1.7622e-01 (3.2460e-01)	Acc pseudo  92.19 ( 86.88)	Lr 1.000e-03 (1.000e-03)
2026-01-26 19:13:55,951 - INFO: Epoch: [9][250/582]	Time  0.043 ( 0.033)	Loss 2.5529e-01 (3.2020e-01)	Acc pseudo  84.38 ( 86.91)	Lr 1.000e-03 (1.000e-03)
2026-01-26 19:14:00,654 - INFO: Epoch: [9][300/582]	Time  0.044 ( 0.034)	Loss 8.1201e-01 (3.2536e-01)	Acc pseudo  78.12 ( 86.79)	Lr 1.000e-03 (1.000e-03)
2026-01-26 19:14:05,358 - INFO: Epoch: [9][350/582]	Time  0.042 ( 0.035)	Loss 4.7294e-01 (3.2449e-01)	Acc pseudo  73.44 ( 86.90)	Lr 1.000e-03 (1.000e-03)
2026-01-26 19:14:10,059 - INFO: Epoch: [9][400/582]	Time  0.031 ( 0.035)	Loss 2.8308e-01 (3.2523e-01)	Acc pseudo  85.94 ( 86.85)	Lr 1.000e-03 (1.000e-03)
2026-01-26 19:14:14,760 - INFO: Epoch: [9][450/582]	Time  0.034 ( 0.034)	Loss 3.9383e-01 (3.3206e-01)	Acc pseudo  82.81 ( 86.64)	Lr 1.000e-03 (1.000e-03)
2026-01-26 19:14:19,457 - INFO: Epoch: [9][500/582]	Time  0.029 ( 0.034)	Loss 2.9292e-01 (3.3847e-01)	Acc pseudo  85.94 ( 86.51)	Lr 1.000e-03 (1.000e-03)
2026-01-26 19:14:24,163 - INFO: Epoch: [9][550/582]	Time  0.045 ( 0.034)	Loss 3.2738e-01 (3.4181e-01)	Acc pseudo  84.38 ( 86.33)	Lr 1.000e-03 (1.000e-03)
2026-01-26 19:14:27,159 - INFO: Round 0, Face Fine-tune Epoch 9: loss=0.3413, acc(pseudo)=86.36%
2026-01-26 19:15:27,715 - INFO: Round 0, Face Fine-tune Epoch 9: acc(valid_pseudo): 0.9284, acc: 0.8500
2026-01-26 19:15:30,367 - INFO: Epoch: [10][  0/582]	Time  0.527 ( 0.527)	Loss 1.3359e-01 (1.3359e-01)	Acc pseudo  95.31 ( 95.31)	Lr 1.000e-03 (1.000e-03)
2026-01-26 19:15:35,059 - INFO: Epoch: [10][ 50/582]	Time  0.032 ( 0.045)	Loss 2.9267e-01 (3.4573e-01)	Acc pseudo  84.38 ( 86.34)	Lr 1.000e-03 (1.000e-03)
2026-01-26 19:15:39,752 - INFO: Epoch: [10][100/582]	Time  0.045 ( 0.042)	Loss 3.5018e-01 (3.3746e-01)	Acc pseudo  87.50 ( 86.85)	Lr 1.000e-03 (1.000e-03)
2026-01-26 19:15:44,446 - INFO: Epoch: [10][150/582]	Time  0.031 ( 0.038)	Loss 3.0668e-01 (3.4287e-01)	Acc pseudo  89.06 ( 86.64)	Lr 1.000e-03 (1.000e-03)
2026-01-26 19:15:49,140 - INFO: Epoch: [10][200/582]	Time  0.028 ( 0.036)	Loss 2.7929e-01 (3.3874e-01)	Acc pseudo  89.06 ( 86.65)	Lr 1.000e-03 (1.000e-03)
2026-01-26 19:15:53,833 - INFO: Epoch: [10][250/582]	Time  0.029 ( 0.035)	Loss 3.7468e-01 (3.3875e-01)	Acc pseudo  85.94 ( 86.80)	Lr 1.000e-03 (1.000e-03)
2026-01-26 19:15:58,527 - INFO: Epoch: [10][300/582]	Time  0.029 ( 0.034)	Loss 6.8617e-01 (3.4018e-01)	Acc pseudo  92.19 ( 86.70)	Lr 1.000e-03 (1.000e-03)
2026-01-26 19:16:03,221 - INFO: Epoch: [10][350/582]	Time  0.029 ( 0.033)	Loss 5.3495e-01 (3.3964e-01)	Acc pseudo  76.56 ( 86.61)	Lr 1.000e-03 (1.000e-03)
2026-01-26 19:16:07,969 - INFO: Epoch: [10][400/582]	Time  0.028 ( 0.032)	Loss 3.3758e-01 (3.3945e-01)	Acc pseudo  90.62 ( 86.46)	Lr 1.000e-03 (1.000e-03)
2026-01-26 19:16:12,662 - INFO: Epoch: [10][450/582]	Time  0.029 ( 0.032)	Loss 1.9587e-01 (3.4035e-01)	Acc pseudo  89.06 ( 86.46)	Lr 1.000e-03 (1.000e-03)
2026-01-26 19:16:17,356 - INFO: Epoch: [10][500/582]	Time  0.028 ( 0.032)	Loss 4.5067e-01 (3.4208e-01)	Acc pseudo  81.25 ( 86.39)	Lr 1.000e-03 (1.000e-03)
2026-01-26 19:16:22,050 - INFO: Epoch: [10][550/582]	Time  0.028 ( 0.031)	Loss 2.0480e-01 (3.4316e-01)	Acc pseudo  90.62 ( 86.35)	Lr 1.000e-03 (1.000e-03)
2026-01-26 19:16:25,039 - INFO: Round 0, Face Fine-tune Epoch 10: loss=0.3433, acc(pseudo)=86.35%
2026-01-26 19:17:25,166 - INFO: Round 0, Face Fine-tune Epoch 10: acc(valid_pseudo): 0.9362, acc: 0.8608
2026-01-26 19:17:27,313 - INFO: Epoch: [11][  0/582]	Time  0.488 ( 0.488)	Loss 1.2232e-01 (1.2232e-01)	Acc pseudo  96.88 ( 96.88)	Lr 1.000e-03 (1.000e-03)
2026-01-26 19:17:32,004 - INFO: Epoch: [11][ 50/582]	Time  0.027 ( 0.039)	Loss 2.4769e-01 (2.9424e-01)	Acc pseudo  90.62 ( 88.24)	Lr 1.000e-03 (1.000e-03)
2026-01-26 19:17:36,802 - INFO: Epoch: [11][100/582]	Time  0.029 ( 0.035)	Loss 1.7733e-01 (2.8861e-01)	Acc pseudo  92.19 ( 87.96)	Lr 1.000e-03 (1.000e-03)
2026-01-26 19:17:41,510 - INFO: Epoch: [11][150/582]	Time  0.033 ( 0.034)	Loss 4.4171e-01 (2.9775e-01)	Acc pseudo  82.81 ( 87.67)	Lr 1.000e-03 (1.000e-03)
2026-01-26 19:17:46,210 - INFO: Epoch: [11][200/582]	Time  0.029 ( 0.033)	Loss 6.0362e-01 (2.9746e-01)	Acc pseudo  87.50 ( 87.80)	Lr 1.000e-03 (1.000e-03)
2026-01-26 19:17:50,914 - INFO: Epoch: [11][250/582]	Time  0.043 ( 0.033)	Loss 2.1184e-01 (3.0225e-01)	Acc pseudo  87.50 ( 87.61)	Lr 1.000e-03 (1.000e-03)
2026-01-26 19:17:55,622 - INFO: Epoch: [11][300/582]	Time  0.043 ( 0.034)	Loss 2.3350e-01 (3.0623e-01)	Acc pseudo  89.06 ( 87.37)	Lr 1.000e-03 (1.000e-03)
2026-01-26 19:18:00,332 - INFO: Epoch: [11][350/582]	Time  0.043 ( 0.036)	Loss 2.7104e-01 (3.1057e-01)	Acc pseudo  84.38 ( 87.12)	Lr 1.000e-03 (1.000e-03)
2026-01-26 19:18:05,041 - INFO: Epoch: [11][400/582]	Time  0.042 ( 0.036)	Loss 3.9016e-01 (3.0951e-01)	Acc pseudo  84.38 ( 87.12)	Lr 1.000e-03 (1.000e-03)
2026-01-26 19:18:09,751 - INFO: Epoch: [11][450/582]	Time  0.045 ( 0.037)	Loss 1.7992e-01 (3.0742e-01)	Acc pseudo  95.31 ( 87.25)	Lr 1.000e-03 (1.000e-03)
2026-01-26 19:18:14,462 - INFO: Epoch: [11][500/582]	Time  0.033 ( 0.037)	Loss 4.1959e-01 (3.0942e-01)	Acc pseudo  84.38 ( 87.17)	Lr 1.000e-03 (1.000e-03)
2026-01-26 19:18:19,170 - INFO: Epoch: [11][550/582]	Time  0.029 ( 0.038)	Loss 3.0366e-01 (3.0972e-01)	Acc pseudo  84.38 ( 87.17)	Lr 1.000e-03 (1.000e-03)
2026-01-26 19:18:22,181 - INFO: Round 0, Face Fine-tune Epoch 11: loss=0.3104, acc(pseudo)=87.25%
2026-01-26 19:19:21,176 - INFO: Round 0, Face Fine-tune Epoch 11: acc(valid_pseudo): 0.9397, acc: 0.8510
2026-01-26 19:19:23,459 - INFO: Epoch: [12][  0/582]	Time  0.556 ( 0.556)	Loss 3.2584e-01 (3.2584e-01)	Acc pseudo  85.94 ( 85.94)	Lr 1.000e-03 (1.000e-03)
2026-01-26 19:19:28,159 - INFO: Epoch: [12][ 50/582]	Time  0.035 ( 0.046)	Loss 2.5959e-01 (3.1531e-01)	Acc pseudo  87.50 ( 88.02)	Lr 1.000e-03 (1.000e-03)
2026-01-26 19:19:32,853 - INFO: Epoch: [12][100/582]	Time  0.043 ( 0.041)	Loss 2.8251e-01 (2.9944e-01)	Acc pseudo  82.81 ( 88.29)	Lr 1.000e-03 (1.000e-03)
2026-01-26 19:19:37,546 - INFO: Epoch: [12][150/582]	Time  0.029 ( 0.039)	Loss 1.3328e-01 (2.9986e-01)	Acc pseudo  96.88 ( 88.03)	Lr 1.000e-03 (1.000e-03)
2026-01-26 19:19:42,240 - INFO: Epoch: [12][200/582]	Time  0.028 ( 0.036)	Loss 3.6262e-01 (2.9841e-01)	Acc pseudo  90.62 ( 87.88)	Lr 1.000e-03 (1.000e-03)
2026-01-26 19:19:47,074 - INFO: Epoch: [12][250/582]	Time  0.030 ( 0.038)	Loss 2.3276e-01 (3.0241e-01)	Acc pseudo  89.06 ( 87.82)	Lr 1.000e-03 (1.000e-03)
2026-01-26 19:19:51,776 - INFO: Epoch: [12][300/582]	Time  0.034 ( 0.038)	Loss 1.8272e-01 (3.0701e-01)	Acc pseudo  89.06 ( 87.84)	Lr 1.000e-03 (1.000e-03)
2026-01-26 19:19:56,478 - INFO: Epoch: [12][350/582]	Time  0.032 ( 0.037)	Loss 3.9121e-01 (3.1334e-01)	Acc pseudo  89.06 ( 87.54)	Lr 1.000e-03 (1.000e-03)
2026-01-26 19:20:01,176 - INFO: Epoch: [12][400/582]	Time  0.033 ( 0.036)	Loss 3.9226e-01 (3.1608e-01)	Acc pseudo  84.38 ( 87.48)	Lr 1.000e-03 (1.000e-03)
2026-01-26 19:20:05,879 - INFO: Epoch: [12][450/582]	Time  0.047 ( 0.037)	Loss 2.3758e-01 (3.1760e-01)	Acc pseudo  90.62 ( 87.44)	Lr 1.000e-03 (1.000e-03)
2026-01-26 19:20:10,593 - INFO: Epoch: [12][500/582]	Time  0.028 ( 0.036)	Loss 3.2695e-01 (3.1705e-01)	Acc pseudo  95.31 ( 87.45)	Lr 1.000e-03 (1.000e-03)
2026-01-26 19:20:15,353 - INFO: Epoch: [12][550/582]	Time  0.029 ( 0.036)	Loss 3.2910e-01 (3.2099e-01)	Acc pseudo  84.38 ( 87.34)	Lr 1.000e-03 (1.000e-03)
2026-01-26 19:20:18,368 - INFO: Round 0, Face Fine-tune Epoch 12: loss=0.3224, acc(pseudo)=87.32%
2026-01-26 19:21:17,255 - INFO: Round 0, Face Fine-tune Epoch 12: acc(valid_pseudo): 0.9359, acc: 0.8491
2026-01-26 19:21:17,256 - INFO: Round 0, Face Fine-tune Epoch 12: No improvement. Patience(epoch): 1/3
2026-01-26 19:21:17,780 - INFO: Epoch: [13][  0/582]	Time  0.479 ( 0.479)	Loss 1.8160e-01 (1.8160e-01)	Acc pseudo  90.62 ( 90.62)	Lr 1.000e-03 (1.000e-03)
2026-01-26 19:21:22,475 - INFO: Epoch: [13][ 50/582]	Time  0.029 ( 0.046)	Loss 1.5147e-01 (2.8719e-01)	Acc pseudo  92.19 ( 87.59)	Lr 1.000e-03 (1.000e-03)
2026-01-26 19:21:27,162 - INFO: Epoch: [13][100/582]	Time  0.028 ( 0.038)	Loss 2.6141e-01 (2.9756e-01)	Acc pseudo  89.06 ( 87.61)	Lr 1.000e-03 (1.000e-03)
2026-01-26 19:21:31,853 - INFO: Epoch: [13][150/582]	Time  0.038 ( 0.035)	Loss 2.5106e-01 (2.9849e-01)	Acc pseudo  89.06 ( 87.69)	Lr 1.000e-03 (1.000e-03)
2026-01-26 19:21:36,650 - INFO: Epoch: [13][200/582]	Time  0.047 ( 0.035)	Loss 3.1123e-01 (3.1101e-01)	Acc pseudo  87.50 ( 87.31)	Lr 1.000e-03 (1.000e-03)
2026-01-26 19:21:41,353 - INFO: Epoch: [13][250/582]	Time  0.028 ( 0.035)	Loss 5.8147e-01 (3.1803e-01)	Acc pseudo  85.94 ( 87.15)	Lr 1.000e-03 (1.000e-03)
2026-01-26 19:21:46,055 - INFO: Epoch: [13][300/582]	Time  0.030 ( 0.036)	Loss 3.5206e-01 (3.1488e-01)	Acc pseudo  87.50 ( 87.19)	Lr 1.000e-03 (1.000e-03)
2026-01-26 19:21:50,752 - INFO: Epoch: [13][350/582]	Time  0.029 ( 0.035)	Loss 2.4290e-01 (3.1364e-01)	Acc pseudo  90.62 ( 87.21)	Lr 1.000e-03 (1.000e-03)
2026-01-26 19:21:55,449 - INFO: Epoch: [13][400/582]	Time  0.042 ( 0.034)	Loss 4.8814e-01 (3.1477e-01)	Acc pseudo  79.69 ( 87.30)	Lr 1.000e-03 (1.000e-03)
2026-01-26 19:22:00,149 - INFO: Epoch: [13][450/582]	Time  0.028 ( 0.034)	Loss 3.4447e-01 (3.1535e-01)	Acc pseudo  87.50 ( 87.32)	Lr 1.000e-03 (1.000e-03)
2026-01-26 19:22:04,847 - INFO: Epoch: [13][500/582]	Time  0.028 ( 0.034)	Loss 4.0266e-01 (3.1932e-01)	Acc pseudo  85.94 ( 87.30)	Lr 1.000e-03 (1.000e-03)
2026-01-26 19:22:09,542 - INFO: Epoch: [13][550/582]	Time  0.030 ( 0.034)	Loss 5.1744e-01 (3.2089e-01)	Acc pseudo  85.94 ( 87.29)	Lr 1.000e-03 (1.000e-03)
2026-01-26 19:22:12,539 - INFO: Round 0, Face Fine-tune Epoch 13: loss=0.3222, acc(pseudo)=87.25%
2026-01-26 19:23:11,228 - INFO: Round 0, Face Fine-tune Epoch 13: acc(valid_pseudo): 0.9359, acc: 0.8530
2026-01-26 19:23:11,228 - INFO: Round 0, Face Fine-tune Epoch 13: No improvement. Patience(epoch): 2/3
2026-01-26 19:23:11,795 - INFO: Epoch: [14][  0/582]	Time  0.515 ( 0.515)	Loss 1.7349e-01 (1.7349e-01)	Acc pseudo  85.94 ( 85.94)	Lr 1.000e-03 (1.000e-03)
2026-01-26 19:23:16,485 - INFO: Epoch: [14][ 50/582]	Time  0.028 ( 0.041)	Loss 3.0632e-01 (2.7714e-01)	Acc pseudo  84.38 ( 89.25)	Lr 1.000e-03 (1.000e-03)
2026-01-26 19:23:21,171 - INFO: Epoch: [14][100/582]	Time  0.028 ( 0.035)	Loss 1.4318e-01 (2.8420e-01)	Acc pseudo  95.31 ( 88.43)	Lr 1.000e-03 (1.000e-03)
2026-01-26 19:23:25,855 - INFO: Epoch: [14][150/582]	Time  0.027 ( 0.033)	Loss 2.9616e-01 (2.8102e-01)	Acc pseudo  92.19 ( 88.47)	Lr 1.000e-03 (1.000e-03)
2026-01-26 19:23:30,538 - INFO: Epoch: [14][200/582]	Time  0.027 ( 0.031)	Loss 3.9418e-01 (2.8236e-01)	Acc pseudo  89.06 ( 88.36)	Lr 1.000e-03 (1.000e-03)
2026-01-26 19:23:35,223 - INFO: Epoch: [14][250/582]	Time  0.028 ( 0.031)	Loss 3.1957e-01 (2.8750e-01)	Acc pseudo  89.06 ( 88.17)	Lr 1.000e-03 (1.000e-03)
2026-01-26 19:23:39,907 - INFO: Epoch: [14][300/582]	Time  0.028 ( 0.030)	Loss 5.5934e-01 (2.9062e-01)	Acc pseudo  84.38 ( 88.03)	Lr 1.000e-03 (1.000e-03)
2026-01-26 19:23:44,594 - INFO: Epoch: [14][350/582]	Time  0.028 ( 0.030)	Loss 3.1962e-01 (2.9400e-01)	Acc pseudo  82.81 ( 87.95)	Lr 1.000e-03 (1.000e-03)
2026-01-26 19:23:49,306 - INFO: Epoch: [14][400/582]	Time  0.029 ( 0.030)	Loss 4.1895e-01 (2.9612e-01)	Acc pseudo  85.94 ( 87.91)	Lr 1.000e-03 (1.000e-03)
2026-01-26 19:23:53,989 - INFO: Epoch: [14][450/582]	Time  0.029 ( 0.030)	Loss 2.0564e-01 (2.9660e-01)	Acc pseudo  89.06 ( 87.91)	Lr 1.000e-03 (1.000e-03)
2026-01-26 19:23:58,672 - INFO: Epoch: [14][500/582]	Time  0.030 ( 0.030)	Loss 2.3557e-01 (2.9929e-01)	Acc pseudo  84.38 ( 87.79)	Lr 1.000e-03 (1.000e-03)
2026-01-26 19:24:03,356 - INFO: Epoch: [14][550/582]	Time  0.029 ( 0.030)	Loss 5.2429e-01 (3.0208e-01)	Acc pseudo  79.69 ( 87.70)	Lr 1.000e-03 (1.000e-03)
2026-01-26 19:24:06,329 - INFO: Round 0, Face Fine-tune Epoch 14: loss=0.3034, acc(pseudo)=87.67%
2026-01-26 19:25:05,137 - INFO: Round 0, Face Fine-tune Epoch 14: acc(valid_pseudo): 0.9412, acc: 0.8598
2026-01-26 19:25:06,957 - INFO: Epoch: [15][  0/582]	Time  0.495 ( 0.495)	Loss 2.7083e-01 (2.7083e-01)	Acc pseudo  84.38 ( 84.38)	Lr 1.000e-03 (1.000e-03)
2026-01-26 19:25:11,635 - INFO: Epoch: [15][ 50/582]	Time  0.028 ( 0.038)	Loss 6.1952e-01 (2.8777e-01)	Acc pseudo  76.56 ( 88.02)	Lr 1.000e-03 (1.000e-03)
2026-01-26 19:25:16,388 - INFO: Epoch: [15][100/582]	Time  0.030 ( 0.035)	Loss 2.0056e-01 (2.7545e-01)	Acc pseudo  84.38 ( 88.10)	Lr 1.000e-03 (1.000e-03)
2026-01-26 19:25:21,067 - INFO: Epoch: [15][150/582]	Time  0.033 ( 0.034)	Loss 3.2851e-01 (2.7695e-01)	Acc pseudo  90.62 ( 87.79)	Lr 1.000e-03 (1.000e-03)
2026-01-26 19:25:25,746 - INFO: Epoch: [15][200/582]	Time  0.028 ( 0.034)	Loss 2.8534e-01 (2.7445e-01)	Acc pseudo  89.06 ( 88.18)	Lr 1.000e-03 (1.000e-03)
2026-01-26 19:25:30,420 - INFO: Epoch: [15][250/582]	Time  0.027 ( 0.033)	Loss 2.3505e-01 (2.7696e-01)	Acc pseudo  92.19 ( 88.07)	Lr 1.000e-03 (1.000e-03)
2026-01-26 19:25:35,098 - INFO: Epoch: [15][300/582]	Time  0.028 ( 0.032)	Loss 4.4555e-01 (2.7801e-01)	Acc pseudo  90.62 ( 88.21)	Lr 1.000e-03 (1.000e-03)
2026-01-26 19:25:39,776 - INFO: Epoch: [15][350/582]	Time  0.028 ( 0.031)	Loss 2.2724e-01 (2.7726e-01)	Acc pseudo  87.50 ( 88.27)	Lr 1.000e-03 (1.000e-03)
2026-01-26 19:25:44,453 - INFO: Epoch: [15][400/582]	Time  0.027 ( 0.031)	Loss 2.9426e-01 (2.8102e-01)	Acc pseudo  82.81 ( 88.16)	Lr 1.000e-03 (1.000e-03)
2026-01-26 19:25:49,131 - INFO: Epoch: [15][450/582]	Time  0.027 ( 0.030)	Loss 6.2764e-01 (2.8372e-01)	Acc pseudo  73.44 ( 88.08)	Lr 1.000e-03 (1.000e-03)
2026-01-26 19:25:53,818 - INFO: Epoch: [15][500/582]	Time  0.028 ( 0.031)	Loss 1.9941e-01 (2.8621e-01)	Acc pseudo  92.19 ( 87.98)	Lr 1.000e-03 (1.000e-03)
2026-01-26 19:25:58,551 - INFO: Epoch: [15][550/582]	Time  0.030 ( 0.031)	Loss 2.4960e-01 (2.8649e-01)	Acc pseudo  85.94 ( 87.97)	Lr 1.000e-03 (1.000e-03)
2026-01-26 19:26:01,527 - INFO: Round 0, Face Fine-tune Epoch 15: loss=0.2862, acc(pseudo)=87.99%
2026-01-26 19:27:00,390 - INFO: Round 0, Face Fine-tune Epoch 15: acc(valid_pseudo): 0.9435, acc: 0.8549
2026-01-26 19:27:02,355 - INFO: Epoch: [16][  0/582]	Time  0.544 ( 0.544)	Loss 2.9590e-01 (2.9590e-01)	Acc pseudo  87.50 ( 87.50)	Lr 1.000e-03 (1.000e-03)
2026-01-26 19:27:07,037 - INFO: Epoch: [16][ 50/582]	Time  0.037 ( 0.044)	Loss 3.6508e-01 (2.7103e-01)	Acc pseudo  81.25 ( 88.82)	Lr 1.000e-03 (1.000e-03)
2026-01-26 19:27:11,713 - INFO: Epoch: [16][100/582]	Time  0.034 ( 0.037)	Loss 3.0383e-01 (2.7935e-01)	Acc pseudo  92.19 ( 88.57)	Lr 1.000e-03 (1.000e-03)
2026-01-26 19:27:16,393 - INFO: Epoch: [16][150/582]	Time  0.031 ( 0.035)	Loss 5.3752e-01 (2.8600e-01)	Acc pseudo  73.44 ( 88.42)	Lr 1.000e-03 (1.000e-03)
2026-01-26 19:27:21,075 - INFO: Epoch: [16][200/582]	Time  0.028 ( 0.034)	Loss 2.3836e-01 (2.9223e-01)	Acc pseudo  90.62 ( 88.16)	Lr 1.000e-03 (1.000e-03)
2026-01-26 19:27:25,847 - INFO: Epoch: [16][250/582]	Time  0.027 ( 0.034)	Loss 2.3819e-01 (2.9462e-01)	Acc pseudo  87.50 ( 88.10)	Lr 1.000e-03 (1.000e-03)
2026-01-26 19:27:30,555 - INFO: Epoch: [16][300/582]	Time  0.027 ( 0.033)	Loss 3.1958e-01 (3.0300e-01)	Acc pseudo  79.69 ( 87.80)	Lr 1.000e-03 (1.000e-03)
2026-01-26 19:27:35,239 - INFO: Epoch: [16][350/582]	Time  0.031 ( 0.033)	Loss 3.4420e-01 (3.0700e-01)	Acc pseudo  81.25 ( 87.70)	Lr 1.000e-03 (1.000e-03)
2026-01-26 19:27:39,920 - INFO: Epoch: [16][400/582]	Time  0.027 ( 0.032)	Loss 3.5105e-01 (3.0629e-01)	Acc pseudo  90.62 ( 87.77)	Lr 1.000e-03 (1.000e-03)
2026-01-26 19:27:44,601 - INFO: Epoch: [16][450/582]	Time  0.027 ( 0.032)	Loss 2.6374e-01 (3.0699e-01)	Acc pseudo  82.81 ( 87.69)	Lr 1.000e-03 (1.000e-03)
2026-01-26 19:27:49,285 - INFO: Epoch: [16][500/582]	Time  0.027 ( 0.032)	Loss 2.4000e-01 (3.0757e-01)	Acc pseudo  87.50 ( 87.68)	Lr 1.000e-03 (1.000e-03)
2026-01-26 19:27:53,969 - INFO: Epoch: [16][550/582]	Time  0.028 ( 0.031)	Loss 2.6986e-01 (3.1159e-01)	Acc pseudo  84.38 ( 87.49)	Lr 1.000e-03 (1.000e-03)
2026-01-26 19:27:56,948 - INFO: Round 0, Face Fine-tune Epoch 16: loss=0.3109, acc(pseudo)=87.49%
2026-01-26 19:28:56,466 - INFO: Round 0, Face Fine-tune Epoch 16: acc(valid_pseudo): 0.9449, acc: 0.8617
2026-01-26 19:28:58,378 - INFO: Epoch: [17][  0/582]	Time  0.483 ( 0.483)	Loss 4.0339e-01 (4.0339e-01)	Acc pseudo  82.81 ( 82.81)	Lr 1.000e-03 (1.000e-03)
2026-01-26 19:29:03,058 - INFO: Epoch: [17][ 50/582]	Time  0.029 ( 0.040)	Loss 1.7972e-01 (2.6315e-01)	Acc pseudo  90.62 ( 88.88)	Lr 1.000e-03 (1.000e-03)
2026-01-26 19:29:07,742 - INFO: Epoch: [17][100/582]	Time  0.034 ( 0.037)	Loss 2.3688e-01 (2.7093e-01)	Acc pseudo  87.50 ( 88.91)	Lr 1.000e-03 (1.000e-03)
2026-01-26 19:29:12,424 - INFO: Epoch: [17][150/582]	Time  0.032 ( 0.035)	Loss 1.2609e-01 (2.7145e-01)	Acc pseudo  93.75 ( 88.71)	Lr 1.000e-03 (1.000e-03)
2026-01-26 19:29:17,110 - INFO: Epoch: [17][200/582]	Time  0.049 ( 0.035)	Loss 2.8601e-01 (2.6974e-01)	Acc pseudo  90.62 ( 88.83)	Lr 1.000e-03 (1.000e-03)
2026-01-26 19:29:21,799 - INFO: Epoch: [17][250/582]	Time  0.028 ( 0.035)	Loss 2.7405e-01 (2.7018e-01)	Acc pseudo  87.50 ( 88.77)	Lr 1.000e-03 (1.000e-03)
2026-01-26 19:29:26,488 - INFO: Epoch: [17][300/582]	Time  0.029 ( 0.034)	Loss 2.4271e-01 (2.7499e-01)	Acc pseudo  92.19 ( 88.64)	Lr 1.000e-03 (1.000e-03)
2026-01-26 19:29:31,175 - INFO: Epoch: [17][350/582]	Time  0.029 ( 0.034)	Loss 1.6725e-01 (2.7790e-01)	Acc pseudo  90.62 ( 88.54)	Lr 1.000e-03 (1.000e-03)
2026-01-26 19:29:35,855 - INFO: Epoch: [17][400/582]	Time  0.027 ( 0.033)	Loss 6.5918e-01 (2.7646e-01)	Acc pseudo  75.00 ( 88.61)	Lr 1.000e-03 (1.000e-03)
2026-01-26 19:29:40,538 - INFO: Epoch: [17][450/582]	Time  0.027 ( 0.032)	Loss 2.1830e-01 (2.7861e-01)	Acc pseudo  90.62 ( 88.56)	Lr 1.000e-03 (1.000e-03)
2026-01-26 19:29:45,219 - INFO: Epoch: [17][500/582]	Time  0.027 ( 0.032)	Loss 2.3040e-01 (2.8043e-01)	Acc pseudo  87.50 ( 88.53)	Lr 1.000e-03 (1.000e-03)
2026-01-26 19:29:49,901 - INFO: Epoch: [17][550/582]	Time  0.027 ( 0.032)	Loss 5.2106e-01 (2.8273e-01)	Acc pseudo  82.81 ( 88.44)	Lr 1.000e-03 (1.000e-03)
2026-01-26 19:29:52,907 - INFO: Round 0, Face Fine-tune Epoch 17: loss=0.2847, acc(pseudo)=88.35%
2026-01-26 19:30:52,538 - INFO: Round 0, Face Fine-tune Epoch 17: acc(valid_pseudo): 0.9466, acc: 0.8452
2026-01-26 19:30:54,685 - INFO: Epoch: [18][  0/582]	Time  0.499 ( 0.499)	Loss 4.2544e-01 (4.2544e-01)	Acc pseudo  79.69 ( 79.69)	Lr 1.000e-03 (1.000e-03)
2026-01-26 19:30:59,370 - INFO: Epoch: [18][ 50/582]	Time  0.030 ( 0.041)	Loss 1.4954e-01 (2.8264e-01)	Acc pseudo  92.19 ( 88.02)	Lr 1.000e-03 (1.000e-03)
2026-01-26 19:31:04,213 - INFO: Epoch: [18][100/582]	Time  0.043 ( 0.039)	Loss 2.5890e-01 (2.8052e-01)	Acc pseudo  84.38 ( 88.21)	Lr 1.000e-03 (1.000e-03)
2026-01-26 19:31:08,893 - INFO: Epoch: [18][150/582]	Time  0.029 ( 0.037)	Loss 1.8502e-01 (2.7748e-01)	Acc pseudo  89.06 ( 88.14)	Lr 1.000e-03 (1.000e-03)
2026-01-26 19:31:13,575 - INFO: Epoch: [18][200/582]	Time  0.029 ( 0.035)	Loss 2.4687e-01 (2.7347e-01)	Acc pseudo  90.62 ( 88.29)	Lr 1.000e-03 (1.000e-03)
2026-01-26 19:31:18,256 - INFO: Epoch: [18][250/582]	Time  0.027 ( 0.034)	Loss 2.3844e-01 (2.7921e-01)	Acc pseudo  87.50 ( 88.27)	Lr 1.000e-03 (1.000e-03)
2026-01-26 19:31:22,937 - INFO: Epoch: [18][300/582]	Time  0.028 ( 0.033)	Loss 3.2454e-01 (2.8047e-01)	Acc pseudo  89.06 ( 88.19)	Lr 1.000e-03 (1.000e-03)
2026-01-26 19:31:27,619 - INFO: Epoch: [18][350/582]	Time  0.039 ( 0.033)	Loss 4.6060e-01 (2.8034e-01)	Acc pseudo  79.69 ( 88.24)	Lr 1.000e-03 (1.000e-03)
2026-01-26 19:31:32,303 - INFO: Epoch: [18][400/582]	Time  0.027 ( 0.032)	Loss 3.7681e-01 (2.8012e-01)	Acc pseudo  89.06 ( 88.29)	Lr 1.000e-03 (1.000e-03)
2026-01-26 19:31:36,984 - INFO: Epoch: [18][450/582]	Time  0.027 ( 0.032)	Loss 5.2082e-01 (2.8339e-01)	Acc pseudo  82.81 ( 88.22)	Lr 1.000e-03 (1.000e-03)
2026-01-26 19:31:41,668 - INFO: Epoch: [18][500/582]	Time  0.028 ( 0.031)	Loss 4.1106e-01 (2.8524e-01)	Acc pseudo  79.69 ( 88.20)	Lr 1.000e-03 (1.000e-03)
2026-01-26 19:31:46,350 - INFO: Epoch: [18][550/582]	Time  0.028 ( 0.031)	Loss 4.7924e-01 (2.8630e-01)	Acc pseudo  82.81 ( 88.11)	Lr 1.000e-03 (1.000e-03)
2026-01-26 19:31:49,365 - INFO: Round 0, Face Fine-tune Epoch 18: loss=0.2856, acc(pseudo)=88.11%
2026-01-26 19:32:48,094 - INFO: Round 0, Face Fine-tune Epoch 18: acc(valid_pseudo): 0.9462, acc: 0.8627
2026-01-26 19:32:48,094 - INFO: Round 0, Face Fine-tune Epoch 18: No improvement. Patience(epoch): 1/3
2026-01-26 19:32:48,653 - INFO: Epoch: [19][  0/582]	Time  0.500 ( 0.500)	Loss 3.0708e-01 (3.0708e-01)	Acc pseudo  84.38 ( 84.38)	Lr 1.000e-03 (1.000e-03)
2026-01-26 19:32:53,342 - INFO: Epoch: [19][ 50/582]	Time  0.029 ( 0.041)	Loss 2.7579e-01 (2.5498e-01)	Acc pseudo  85.94 ( 89.52)	Lr 1.000e-03 (1.000e-03)
2026-01-26 19:32:58,024 - INFO: Epoch: [19][100/582]	Time  0.031 ( 0.035)	Loss 3.8487e-01 (2.5375e-01)	Acc pseudo  89.06 ( 89.43)	Lr 1.000e-03 (1.000e-03)
2026-01-26 19:33:02,707 - INFO: Epoch: [19][150/582]	Time  0.030 ( 0.033)	Loss 2.6288e-01 (2.6177e-01)	Acc pseudo  85.94 ( 89.02)	Lr 1.000e-03 (1.000e-03)
2026-01-26 19:33:07,390 - INFO: Epoch: [19][200/582]	Time  0.029 ( 0.032)	Loss 2.3087e-01 (2.6954e-01)	Acc pseudo  90.62 ( 88.85)	Lr 1.000e-03 (1.000e-03)
2026-01-26 19:33:12,076 - INFO: Epoch: [19][250/582]	Time  0.029 ( 0.031)	Loss 1.5946e-01 (2.6777e-01)	Acc pseudo  90.62 ( 88.75)	Lr 1.000e-03 (1.000e-03)
2026-01-26 19:33:16,763 - INFO: Epoch: [19][300/582]	Time  0.027 ( 0.031)	Loss 2.2923e-01 (2.7063e-01)	Acc pseudo  82.81 ( 88.71)	Lr 1.000e-03 (1.000e-03)
2026-01-26 19:33:21,448 - INFO: Epoch: [19][350/582]	Time  0.027 ( 0.031)	Loss 3.5897e-01 (2.6839e-01)	Acc pseudo  90.62 ( 88.76)	Lr 1.000e-03 (1.000e-03)
2026-01-26 19:33:26,138 - INFO: Epoch: [19][400/582]	Time  0.032 ( 0.031)	Loss 2.4063e-01 (2.6943e-01)	Acc pseudo  89.06 ( 88.84)	Lr 1.000e-03 (1.000e-03)
2026-01-26 19:33:30,826 - INFO: Epoch: [19][450/582]	Time  0.028 ( 0.031)	Loss 1.8653e-01 (2.7440e-01)	Acc pseudo  92.19 ( 88.72)	Lr 1.000e-03 (1.000e-03)
2026-01-26 19:33:35,515 - INFO: Epoch: [19][500/582]	Time  0.039 ( 0.031)	Loss 2.6502e-01 (2.7540e-01)	Acc pseudo  90.62 ( 88.69)	Lr 1.000e-03 (1.000e-03)
2026-01-26 19:33:40,205 - INFO: Epoch: [19][550/582]	Time  0.031 ( 0.031)	Loss 2.1678e-01 (2.7440e-01)	Acc pseudo  89.06 ( 88.71)	Lr 1.000e-03 (1.000e-03)
2026-01-26 19:33:43,186 - INFO: Round 0, Face Fine-tune Epoch 19: loss=0.2744, acc(pseudo)=88.65%
2026-01-26 19:34:41,884 - INFO: Round 0, Face Fine-tune Epoch 19: acc(valid_pseudo): 0.9466, acc: 0.8685
2026-01-26 19:34:43,259 - INFO: Round 0: Best face fine-tuned epoch=19, acc(valid_pseudo)=0.9466
2026-01-26 19:34:43,334 - INFO: Using HMM model from previous round: runs/I love my family/exp_video_overlap/result/self_supervised/exp0/initial/pseudo_label/hmm_params.pkl
2026-01-26 21:00:57,308 - INFO: Round 0: speaker_acc=0.8365
2026-01-26 21:00:57,325 - INFO: Round 0: face_acc=0.8734
2026-01-26 21:00:57,337 - INFO: ====================
2026-01-26 21:00:57,337 - INFO: Round 1: Fine-tuning iteration
2026-01-26 21:00:57,337 - INFO: ====================
2026-01-26 21:00:57,776 - INFO: Round 1 Part 1: Fine-tuning embedding model
2026-01-26 21:00:57,778 - INFO: Using pseudo-label file: runs/I love my family/exp_video_overlap/result/self_supervised/exp0/round0/pseudo_label/pseudo_labels_audio_nested_hmm_full(unreliable_pp=100.0).json
2026-01-26 21:00:57,811 - INFO: For training, Using face pseudo-label file: runs/I love my family/exp_video_overlap/result/self_supervised/exp0/round0/pseudo_label/pseudo_labels_faces_mid_frame_train_nested_hmm_full.json
2026-01-26 21:00:57,811 - INFO: For infering, Using face pseudo-label file: runs/I love my family/exp_video_overlap/result/self_supervised/exp0/round0/pseudo_label/pseudo_labels_faces_mid_frame_all_nested_hmm_full.json
2026-01-26 21:00:57,961 - INFO: Created face dataloader with 37219 samples
2026-01-26 21:00:57,977 - INFO: Fine-tuning speaker embedding model for 20 epochs...
2026-01-26 21:00:58,895 - INFO: Epoch: [0][  0/301]	Time  0.893 ( 0.893)	Loss 6.6684e-01 (6.6684e-01)	Acc pseudo  84.38 ( 84.38)	Lr 1.000e-03 (1.000e-03)
2026-01-26 21:00:59,082 - INFO: Epoch: [0][ 50/301]	Time  0.003 ( 0.021)	Loss 5.8358e-01 (6.4123e-01)	Acc pseudo  84.38 ( 82.02)	Lr 1.000e-03 (1.000e-03)
2026-01-26 21:00:59,239 - INFO: Epoch: [0][100/301]	Time  0.003 ( 0.012)	Loss 4.2273e-01 (6.4539e-01)	Acc pseudo  85.94 ( 81.84)	Lr 1.000e-03 (1.000e-03)
2026-01-26 21:00:59,393 - INFO: Epoch: [0][150/301]	Time  0.003 ( 0.009)	Loss 7.2508e-01 (6.4487e-01)	Acc pseudo  73.44 ( 81.68)	Lr 1.000e-03 (1.000e-03)
2026-01-26 21:00:59,545 - INFO: Epoch: [0][200/301]	Time  0.003 ( 0.008)	Loss 7.5142e-01 (6.3313e-01)	Acc pseudo  81.25 ( 81.75)	Lr 1.000e-03 (1.000e-03)
2026-01-26 21:00:59,696 - INFO: Epoch: [0][250/301]	Time  0.003 ( 0.007)	Loss 4.9845e-01 (6.2999e-01)	Acc pseudo  87.50 ( 81.70)	Lr 1.000e-03 (1.000e-03)
2026-01-26 21:00:59,844 - INFO: Epoch: [0][300/301]	Time  0.003 ( 0.006)	Loss 5.3691e-01 (6.3042e-01)	Acc pseudo  72.00 ( 81.71)	Lr 1.000e-03 (1.000e-03)
2026-01-26 21:00:59,911 - INFO: Round 1, Fine-tune Epoch 0: loss=0.6304, acc(pseudo)=81.71%
2026-01-26 21:01:07,139 - INFO: Round 1, Fine-tune Epoch 0: acc(valid_pseudo): 0.9433, acc: 0.8055
2026-01-26 21:01:07,940 - INFO: Epoch: [1][  0/301]	Time  0.244 ( 0.244)	Loss 8.0740e-01 (8.0740e-01)	Acc pseudo  71.88 ( 71.88)	Lr 1.000e-03 (1.000e-03)
2026-01-26 21:01:08,122 - INFO: Epoch: [1][ 50/301]	Time  0.003 ( 0.008)	Loss 5.7518e-01 (5.2179e-01)	Acc pseudo  85.94 ( 82.69)	Lr 1.000e-03 (1.000e-03)
2026-01-26 21:01:08,285 - INFO: Epoch: [1][100/301]	Time  0.003 ( 0.006)	Loss 5.0215e-01 (5.4858e-01)	Acc pseudo  87.50 ( 82.86)	Lr 1.000e-03 (1.000e-03)
2026-01-26 21:01:08,444 - INFO: Epoch: [1][150/301]	Time  0.003 ( 0.005)	Loss 3.8676e-01 (5.4256e-01)	Acc pseudo  82.81 ( 83.16)	Lr 1.000e-03 (1.000e-03)
2026-01-26 21:01:08,601 - INFO: Epoch: [1][200/301]	Time  0.003 ( 0.004)	Loss 6.3211e-01 (5.5367e-01)	Acc pseudo  75.00 ( 83.01)	Lr 1.000e-03 (1.000e-03)
2026-01-26 21:01:08,760 - INFO: Epoch: [1][250/301]	Time  0.003 ( 0.004)	Loss 6.1250e-01 (5.6471e-01)	Acc pseudo  85.94 ( 82.78)	Lr 1.000e-03 (1.000e-03)
2026-01-26 21:01:08,910 - INFO: Epoch: [1][300/301]	Time  0.002 ( 0.004)	Loss 6.6868e-01 (5.7510e-01)	Acc pseudo  80.00 ( 82.59)	Lr 1.000e-03 (1.000e-03)
2026-01-26 21:01:08,979 - INFO: Round 1, Fine-tune Epoch 1: loss=0.5751, acc(pseudo)=82.59%
2026-01-26 21:01:16,511 - INFO: Round 1, Fine-tune Epoch 1: acc(valid_pseudo): 0.8865, acc: 0.7590
2026-01-26 21:01:16,511 - INFO: Round 1, Speaker Fine-tune Epoch 1: No improvement in validation accuracy. Patience(epoch): 1/3
2026-01-26 21:01:16,758 - INFO: Epoch: [2][  0/301]	Time  0.242 ( 0.242)	Loss 7.5524e-01 (7.5524e-01)	Acc pseudo  87.50 ( 87.50)	Lr 1.000e-03 (1.000e-03)
2026-01-26 21:01:16,939 - INFO: Epoch: [2][ 50/301]	Time  0.003 ( 0.008)	Loss 2.5999e-01 (5.5640e-01)	Acc pseudo  90.62 ( 83.21)	Lr 1.000e-03 (1.000e-03)
2026-01-26 21:01:17,097 - INFO: Epoch: [2][100/301]	Time  0.003 ( 0.006)	Loss 5.0626e-01 (5.4211e-01)	Acc pseudo  81.25 ( 83.88)	Lr 1.000e-03 (1.000e-03)
2026-01-26 21:01:17,249 - INFO: Epoch: [2][150/301]	Time  0.003 ( 0.005)	Loss 2.6758e-01 (5.3570e-01)	Acc pseudo  85.94 ( 83.66)	Lr 1.000e-03 (1.000e-03)
2026-01-26 21:01:17,400 - INFO: Epoch: [2][200/301]	Time  0.003 ( 0.004)	Loss 3.6202e-01 (5.3157e-01)	Acc pseudo  89.06 ( 83.54)	Lr 1.000e-03 (1.000e-03)
2026-01-26 21:01:17,551 - INFO: Epoch: [2][250/301]	Time  0.003 ( 0.004)	Loss 5.9203e-01 (5.4538e-01)	Acc pseudo  85.94 ( 83.20)	Lr 1.000e-03 (1.000e-03)
2026-01-26 21:01:17,693 - INFO: Epoch: [2][300/301]	Time  0.002 ( 0.004)	Loss 1.0908e+00 (5.5716e-01)	Acc pseudo  72.00 ( 83.08)	Lr 1.000e-03 (1.000e-03)
2026-01-26 21:01:17,764 - INFO: Round 1, Fine-tune Epoch 2: loss=0.5572, acc(pseudo)=83.08%
2026-01-26 21:01:24,765 - INFO: Round 1, Fine-tune Epoch 2: acc(valid_pseudo): 0.9597, acc: 0.8175
2026-01-26 21:01:25,550 - INFO: Epoch: [3][  0/301]	Time  0.249 ( 0.249)	Loss 5.8885e-01 (5.8885e-01)	Acc pseudo  76.56 ( 76.56)	Lr 1.000e-03 (1.000e-03)
2026-01-26 21:01:25,740 - INFO: Epoch: [3][ 50/301]	Time  0.004 ( 0.009)	Loss 4.2605e-01 (5.1435e-01)	Acc pseudo  84.38 ( 84.25)	Lr 1.000e-03 (1.000e-03)
2026-01-26 21:01:25,896 - INFO: Epoch: [3][100/301]	Time  0.003 ( 0.006)	Loss 4.4140e-01 (5.1292e-01)	Acc pseudo  85.94 ( 84.28)	Lr 1.000e-03 (1.000e-03)
2026-01-26 21:01:26,049 - INFO: Epoch: [3][150/301]	Time  0.003 ( 0.005)	Loss 3.6283e-01 (5.1245e-01)	Acc pseudo  90.62 ( 84.05)	Lr 1.000e-03 (1.000e-03)
2026-01-26 21:01:26,200 - INFO: Epoch: [3][200/301]	Time  0.003 ( 0.004)	Loss 3.7334e-01 (5.1810e-01)	Acc pseudo  87.50 ( 84.01)	Lr 1.000e-03 (1.000e-03)
2026-01-26 21:01:26,352 - INFO: Epoch: [3][250/301]	Time  0.003 ( 0.004)	Loss 4.9437e-01 (5.2381e-01)	Acc pseudo  85.94 ( 83.90)	Lr 1.000e-03 (1.000e-03)
2026-01-26 21:01:26,496 - INFO: Epoch: [3][300/301]	Time  0.002 ( 0.004)	Loss 6.3531e-01 (5.2830e-01)	Acc pseudo  84.00 ( 83.70)	Lr 1.000e-03 (1.000e-03)
2026-01-26 21:01:26,563 - INFO: Round 1, Fine-tune Epoch 3: loss=0.5283, acc(pseudo)=83.70%
2026-01-26 21:01:34,263 - INFO: Round 1, Fine-tune Epoch 3: acc(valid_pseudo): 0.9059, acc: 0.7830
2026-01-26 21:01:34,263 - INFO: Round 1, Speaker Fine-tune Epoch 3: No improvement in validation accuracy. Patience(epoch): 1/3
2026-01-26 21:01:34,263 - INFO: Early stopping at epoch 3 due to significant drop in pseudo-label validation accuracy: 0.9597 -> 0.9059.
2026-01-26 21:01:34,264 - INFO: Round 1: Best speaker fine-tuned epoch=2, acc(valid_pseudo)=0.9597
2026-01-26 21:01:34,268 - INFO: Fine-tuning face embedding model for 20 epochs...
2026-01-26 21:01:35,353 - INFO: Epoch: [0][  0/582]	Time  1.062 ( 1.062)	Loss 1.6929e-01 (1.6929e-01)	Acc pseudo  96.88 ( 96.88)	Lr 1.000e-03 (1.000e-03)
2026-01-26 21:01:43,849 - INFO: Epoch: [0][ 50/582]	Time  0.029 ( 0.126)	Loss 5.3092e-01 (3.2223e-01)	Acc pseudo  79.69 ( 88.63)	Lr 1.000e-03 (1.000e-03)
2026-01-26 21:01:50,487 - INFO: Epoch: [0][100/582]	Time  0.039 ( 0.099)	Loss 2.9637e-01 (3.1369e-01)	Acc pseudo  87.50 ( 88.60)	Lr 1.000e-03 (1.000e-03)
2026-01-26 21:01:56,110 - INFO: Epoch: [0][150/582]	Time  0.028 ( 0.083)	Loss 2.6735e-01 (3.2216e-01)	Acc pseudo  84.38 ( 88.45)	Lr 1.000e-03 (1.000e-03)
2026-01-26 21:02:02,950 - INFO: Epoch: [0][200/582]	Time  0.223 ( 0.080)	Loss 1.9372e-01 (3.1196e-01)	Acc pseudo  92.19 ( 88.67)	Lr 1.000e-03 (1.000e-03)
2026-01-26 21:02:09,254 - INFO: Epoch: [0][250/582]	Time  0.028 ( 0.077)	Loss 5.4456e-01 (3.1732e-01)	Acc pseudo  85.94 ( 88.30)	Lr 1.000e-03 (1.000e-03)
2026-01-26 21:02:15,198 - INFO: Epoch: [0][300/582]	Time  0.030 ( 0.074)	Loss 3.0212e-01 (3.1857e-01)	Acc pseudo  85.94 ( 88.19)	Lr 1.000e-03 (1.000e-03)
2026-01-26 21:02:21,456 - INFO: Epoch: [0][350/582]	Time  0.031 ( 0.072)	Loss 1.4816e-01 (3.2028e-01)	Acc pseudo  92.19 ( 88.16)	Lr 1.000e-03 (1.000e-03)
2026-01-26 21:02:27,818 - INFO: Epoch: [0][400/582]	Time  0.030 ( 0.071)	Loss 1.7970e-01 (3.1831e-01)	Acc pseudo  93.75 ( 88.28)	Lr 1.000e-03 (1.000e-03)
2026-01-26 21:02:32,526 - INFO: Epoch: [0][450/582]	Time  0.032 ( 0.067)	Loss 3.6895e-01 (3.1974e-01)	Acc pseudo  84.38 ( 88.27)	Lr 1.000e-03 (1.000e-03)
2026-01-26 21:02:37,185 - INFO: Epoch: [0][500/582]	Time  0.031 ( 0.063)	Loss 2.5357e-01 (3.1970e-01)	Acc pseudo  90.62 ( 88.28)	Lr 1.000e-03 (1.000e-03)
2026-01-26 21:02:41,850 - INFO: Epoch: [0][550/582]	Time  0.028 ( 0.060)	Loss 2.7044e-01 (3.2083e-01)	Acc pseudo  82.81 ( 88.29)	Lr 1.000e-03 (1.000e-03)
2026-01-26 21:02:44,815 - INFO: Round 1, Face Fine-tune Epoch 0: loss=0.3200, acc(pseudo)=88.33%
2026-01-26 21:03:43,595 - INFO: Round 1, Face Fine-tune Epoch 0: acc(valid_pseudo): 0.9481, acc: 0.8715
2026-01-26 21:03:45,278 - INFO: Epoch: [1][  0/582]	Time  0.486 ( 0.486)	Loss 2.0457e-01 (2.0457e-01)	Acc pseudo  92.19 ( 92.19)	Lr 1.000e-03 (1.000e-03)
2026-01-26 21:03:49,948 - INFO: Epoch: [1][ 50/582]	Time  0.028 ( 0.041)	Loss 2.4748e-01 (2.6905e-01)	Acc pseudo  92.19 ( 89.46)	Lr 1.000e-03 (1.000e-03)
2026-01-26 21:03:54,622 - INFO: Epoch: [1][100/582]	Time  0.029 ( 0.036)	Loss 5.3633e-01 (2.8367e-01)	Acc pseudo  81.25 ( 89.14)	Lr 1.000e-03 (1.000e-03)
2026-01-26 21:03:59,300 - INFO: Epoch: [1][150/582]	Time  0.028 ( 0.035)	Loss 2.1632e-01 (2.8258e-01)	Acc pseudo  90.62 ( 88.95)	Lr 1.000e-03 (1.000e-03)
2026-01-26 21:04:03,978 - INFO: Epoch: [1][200/582]	Time  0.029 ( 0.033)	Loss 1.5375e-01 (2.8425e-01)	Acc pseudo  92.19 ( 88.79)	Lr 1.000e-03 (1.000e-03)
2026-01-26 21:04:08,658 - INFO: Epoch: [1][250/582]	Time  0.028 ( 0.032)	Loss 2.1041e-01 (2.8543e-01)	Acc pseudo  90.62 ( 88.85)	Lr 1.000e-03 (1.000e-03)
2026-01-26 21:04:13,336 - INFO: Epoch: [1][300/582]	Time  0.029 ( 0.032)	Loss 2.4604e-01 (2.8168e-01)	Acc pseudo  90.62 ( 88.96)	Lr 1.000e-03 (1.000e-03)
2026-01-26 21:04:18,017 - INFO: Epoch: [1][350/582]	Time  0.029 ( 0.031)	Loss 9.5977e-02 (2.8669e-01)	Acc pseudo  95.31 ( 88.90)	Lr 1.000e-03 (1.000e-03)
2026-01-26 21:04:22,697 - INFO: Epoch: [1][400/582]	Time  0.029 ( 0.031)	Loss 3.2521e-01 (2.8865e-01)	Acc pseudo  89.06 ( 88.89)	Lr 1.000e-03 (1.000e-03)
2026-01-26 21:04:27,378 - INFO: Epoch: [1][450/582]	Time  0.028 ( 0.031)	Loss 5.1150e-01 (2.9345e-01)	Acc pseudo  82.81 ( 88.81)	Lr 1.000e-03 (1.000e-03)
2026-01-26 21:04:32,062 - INFO: Epoch: [1][500/582]	Time  0.030 ( 0.031)	Loss 2.5393e-01 (2.9093e-01)	Acc pseudo  87.50 ( 88.84)	Lr 1.000e-03 (1.000e-03)
2026-01-26 21:04:36,743 - INFO: Epoch: [1][550/582]	Time  0.028 ( 0.030)	Loss 3.1149e-01 (2.9184e-01)	Acc pseudo  87.50 ( 88.79)	Lr 1.000e-03 (1.000e-03)
2026-01-26 21:04:39,798 - INFO: Round 1, Face Fine-tune Epoch 1: loss=0.2958, acc(pseudo)=88.73%
2026-01-26 21:05:38,636 - INFO: Round 1, Face Fine-tune Epoch 1: acc(valid_pseudo): 0.9474, acc: 0.8715
2026-01-26 21:05:38,637 - INFO: Round 1, Face Fine-tune Epoch 1: No improvement. Patience(epoch): 1/3
2026-01-26 21:05:39,171 - INFO: Epoch: [2][  0/582]	Time  0.496 ( 0.496)	Loss 1.8523e-01 (1.8523e-01)	Acc pseudo  90.62 ( 90.62)	Lr 1.000e-03 (1.000e-03)
2026-01-26 21:05:43,861 - INFO: Epoch: [2][ 50/582]	Time  0.030 ( 0.043)	Loss 3.0114e-01 (2.5800e-01)	Acc pseudo  84.38 ( 89.64)	Lr 1.000e-03 (1.000e-03)
2026-01-26 21:05:48,542 - INFO: Epoch: [2][100/582]	Time  0.028 ( 0.037)	Loss 2.6110e-01 (2.7339e-01)	Acc pseudo  92.19 ( 88.92)	Lr 1.000e-03 (1.000e-03)
2026-01-26 21:05:53,225 - INFO: Epoch: [2][150/582]	Time  0.028 ( 0.034)	Loss 3.1955e-01 (2.7107e-01)	Acc pseudo  89.06 ( 89.24)	Lr 1.000e-03 (1.000e-03)
2026-01-26 21:05:57,912 - INFO: Epoch: [2][200/582]	Time  0.028 ( 0.032)	Loss 3.5076e-01 (2.7596e-01)	Acc pseudo  90.62 ( 89.04)	Lr 1.000e-03 (1.000e-03)
2026-01-26 21:06:02,598 - INFO: Epoch: [2][250/582]	Time  0.031 ( 0.032)	Loss 1.7965e-01 (2.7415e-01)	Acc pseudo  90.62 ( 89.19)	Lr 1.000e-03 (1.000e-03)
2026-01-26 21:06:07,283 - INFO: Epoch: [2][300/582]	Time  0.030 ( 0.031)	Loss 3.6060e-01 (2.7696e-01)	Acc pseudo  87.50 ( 89.13)	Lr 1.000e-03 (1.000e-03)
2026-01-26 21:06:11,968 - INFO: Epoch: [2][350/582]	Time  0.026 ( 0.031)	Loss 3.7518e-01 (2.7997e-01)	Acc pseudo  92.19 ( 89.10)	Lr 1.000e-03 (1.000e-03)
2026-01-26 21:06:16,663 - INFO: Epoch: [2][400/582]	Time  0.029 ( 0.030)	Loss 2.9091e-01 (2.7857e-01)	Acc pseudo  85.94 ( 89.10)	Lr 1.000e-03 (1.000e-03)
2026-01-26 21:06:21,349 - INFO: Epoch: [2][450/582]	Time  0.031 ( 0.030)	Loss 2.2430e-01 (2.8018e-01)	Acc pseudo  87.50 ( 89.00)	Lr 1.000e-03 (1.000e-03)
2026-01-26 21:06:26,038 - INFO: Epoch: [2][500/582]	Time  0.029 ( 0.030)	Loss 3.3981e-01 (2.7987e-01)	Acc pseudo  89.06 ( 89.01)	Lr 1.000e-03 (1.000e-03)
2026-01-26 21:06:30,725 - INFO: Epoch: [2][550/582]	Time  0.029 ( 0.030)	Loss 3.4307e-01 (2.7878e-01)	Acc pseudo  87.50 ( 88.95)	Lr 1.000e-03 (1.000e-03)
2026-01-26 21:06:33,733 - INFO: Round 1, Face Fine-tune Epoch 2: loss=0.2791, acc(pseudo)=88.95%
2026-01-26 21:07:32,408 - INFO: Round 1, Face Fine-tune Epoch 2: acc(valid_pseudo): 0.9468, acc: 0.8666
2026-01-26 21:07:32,408 - INFO: Round 1, Face Fine-tune Epoch 2: No improvement. Patience(epoch): 2/3
2026-01-26 21:07:32,922 - INFO: Epoch: [3][  0/582]	Time  0.483 ( 0.483)	Loss 2.1826e-01 (2.1826e-01)	Acc pseudo  92.19 ( 92.19)	Lr 1.000e-03 (1.000e-03)
2026-01-26 21:07:37,600 - INFO: Epoch: [3][ 50/582]	Time  0.028 ( 0.040)	Loss 1.9404e-01 (2.5516e-01)	Acc pseudo  90.62 ( 89.58)	Lr 1.000e-03 (1.000e-03)
2026-01-26 21:07:42,282 - INFO: Epoch: [3][100/582]	Time  0.028 ( 0.035)	Loss 2.1920e-01 (2.6231e-01)	Acc pseudo  95.31 ( 89.50)	Lr 1.000e-03 (1.000e-03)
2026-01-26 21:07:46,983 - INFO: Epoch: [3][150/582]	Time  0.029 ( 0.033)	Loss 1.3901e-01 (2.6621e-01)	Acc pseudo  90.62 ( 89.47)	Lr 1.000e-03 (1.000e-03)
2026-01-26 21:07:51,668 - INFO: Epoch: [3][200/582]	Time  0.028 ( 0.032)	Loss 2.6891e-01 (2.6732e-01)	Acc pseudo  84.38 ( 89.31)	Lr 1.000e-03 (1.000e-03)
2026-01-26 21:07:56,353 - INFO: Epoch: [3][250/582]	Time  0.027 ( 0.031)	Loss 3.6527e-01 (2.6627e-01)	Acc pseudo  89.06 ( 89.27)	Lr 1.000e-03 (1.000e-03)
2026-01-26 21:08:01,039 - INFO: Epoch: [3][300/582]	Time  0.029 ( 0.031)	Loss 3.2544e-01 (2.6768e-01)	Acc pseudo  85.94 ( 89.25)	Lr 1.000e-03 (1.000e-03)
2026-01-26 21:08:05,725 - INFO: Epoch: [3][350/582]	Time  0.027 ( 0.030)	Loss 1.2365e-01 (2.6248e-01)	Acc pseudo  96.88 ( 89.43)	Lr 1.000e-03 (1.000e-03)
2026-01-26 21:08:10,413 - INFO: Epoch: [3][400/582]	Time  0.027 ( 0.030)	Loss 2.9579e-01 (2.6089e-01)	Acc pseudo  87.50 ( 89.53)	Lr 1.000e-03 (1.000e-03)
2026-01-26 21:08:15,102 - INFO: Epoch: [3][450/582]	Time  0.030 ( 0.030)	Loss 3.1823e-01 (2.6376e-01)	Acc pseudo  93.75 ( 89.47)	Lr 1.000e-03 (1.000e-03)
2026-01-26 21:08:19,791 - INFO: Epoch: [3][500/582]	Time  0.028 ( 0.030)	Loss 2.0849e-01 (2.6523e-01)	Acc pseudo  92.19 ( 89.47)	Lr 1.000e-03 (1.000e-03)
2026-01-26 21:08:24,477 - INFO: Epoch: [3][550/582]	Time  0.028 ( 0.030)	Loss 1.2905e-01 (2.6656e-01)	Acc pseudo  92.19 ( 89.45)	Lr 1.000e-03 (1.000e-03)
2026-01-26 21:08:27,456 - INFO: Round 1, Face Fine-tune Epoch 3: loss=0.2677, acc(pseudo)=89.45%
2026-01-26 21:09:27,116 - INFO: Round 1, Face Fine-tune Epoch 3: acc(valid_pseudo): 0.9557, acc: 0.8637
2026-01-26 21:09:29,012 - INFO: Epoch: [4][  0/582]	Time  0.504 ( 0.504)	Loss 3.8249e-01 (3.8249e-01)	Acc pseudo  87.50 ( 87.50)	Lr 1.000e-03 (1.000e-03)
2026-01-26 21:09:33,701 - INFO: Epoch: [4][ 50/582]	Time  0.033 ( 0.047)	Loss 1.3832e-01 (2.5910e-01)	Acc pseudo  92.19 ( 89.40)	Lr 1.000e-03 (1.000e-03)
2026-01-26 21:09:38,383 - INFO: Epoch: [4][100/582]	Time  0.028 ( 0.039)	Loss 3.5126e-01 (2.4893e-01)	Acc pseudo  87.50 ( 89.77)	Lr 1.000e-03 (1.000e-03)
2026-01-26 21:09:43,070 - INFO: Epoch: [4][150/582]	Time  0.042 ( 0.037)	Loss 2.6015e-01 (2.5368e-01)	Acc pseudo  89.06 ( 89.72)	Lr 1.000e-03 (1.000e-03)
2026-01-26 21:09:47,765 - INFO: Epoch: [4][200/582]	Time  0.042 ( 0.038)	Loss 1.9915e-01 (2.5390e-01)	Acc pseudo  87.50 ( 89.69)	Lr 1.000e-03 (1.000e-03)
2026-01-26 21:09:52,463 - INFO: Epoch: [4][250/582]	Time  0.038 ( 0.039)	Loss 3.0192e-01 (2.5467e-01)	Acc pseudo  89.06 ( 89.66)	Lr 1.000e-03 (1.000e-03)
2026-01-26 21:09:57,160 - INFO: Epoch: [4][300/582]	Time  0.042 ( 0.039)	Loss 2.3270e-01 (2.5178e-01)	Acc pseudo  93.75 ( 89.76)	Lr 1.000e-03 (1.000e-03)
2026-01-26 21:10:01,856 - INFO: Epoch: [4][350/582]	Time  0.040 ( 0.040)	Loss 2.2550e-01 (2.5283e-01)	Acc pseudo  92.19 ( 89.81)	Lr 1.000e-03 (1.000e-03)
2026-01-26 21:10:06,543 - INFO: Epoch: [4][400/582]	Time  0.028 ( 0.038)	Loss 2.2802e-01 (2.5521e-01)	Acc pseudo  89.06 ( 89.79)	Lr 1.000e-03 (1.000e-03)
2026-01-26 21:10:11,305 - INFO: Epoch: [4][450/582]	Time  0.029 ( 0.038)	Loss 3.0779e-01 (2.5532e-01)	Acc pseudo  85.94 ( 89.77)	Lr 1.000e-03 (1.000e-03)
2026-01-26 21:10:16,073 - INFO: Epoch: [4][500/582]	Time  0.028 ( 0.037)	Loss 2.1281e-01 (2.5577e-01)	Acc pseudo  89.06 ( 89.74)	Lr 1.000e-03 (1.000e-03)
2026-01-26 21:10:20,764 - INFO: Epoch: [4][550/582]	Time  0.029 ( 0.036)	Loss 2.1043e-01 (2.5704e-01)	Acc pseudo  90.62 ( 89.59)	Lr 1.000e-03 (1.000e-03)
2026-01-26 21:10:23,769 - INFO: Round 1, Face Fine-tune Epoch 4: loss=0.2559, acc(pseudo)=89.60%
2026-01-26 21:11:22,988 - INFO: Round 1, Face Fine-tune Epoch 4: acc(valid_pseudo): 0.9603, acc: 0.8705
2026-01-26 21:11:24,890 - INFO: Epoch: [5][  0/582]	Time  0.481 ( 0.481)	Loss 1.9766e-01 (1.9766e-01)	Acc pseudo  85.94 ( 85.94)	Lr 1.000e-03 (1.000e-03)
2026-01-26 21:11:29,583 - INFO: Epoch: [5][ 50/582]	Time  0.031 ( 0.048)	Loss 2.8253e-01 (2.2613e-01)	Acc pseudo  92.19 ( 91.15)	Lr 1.000e-03 (1.000e-03)
2026-01-26 21:11:34,269 - INFO: Epoch: [5][100/582]	Time  0.037 ( 0.040)	Loss 4.1205e-01 (2.3195e-01)	Acc pseudo  84.38 ( 90.52)	Lr 1.000e-03 (1.000e-03)
2026-01-26 21:11:38,956 - INFO: Epoch: [5][150/582]	Time  0.031 ( 0.039)	Loss 1.6196e-01 (2.3547e-01)	Acc pseudo  93.75 ( 90.27)	Lr 1.000e-03 (1.000e-03)
2026-01-26 21:11:43,660 - INFO: Epoch: [5][200/582]	Time  0.035 ( 0.037)	Loss 1.3416e-01 (2.3648e-01)	Acc pseudo  93.75 ( 90.38)	Lr 1.000e-03 (1.000e-03)
2026-01-26 21:11:48,347 - INFO: Epoch: [5][250/582]	Time  0.030 ( 0.036)	Loss 2.0864e-01 (2.3904e-01)	Acc pseudo  90.62 ( 90.25)	Lr 1.000e-03 (1.000e-03)
2026-01-26 21:11:53,040 - INFO: Epoch: [5][300/582]	Time  0.032 ( 0.036)	Loss 2.4887e-01 (2.3912e-01)	Acc pseudo  90.62 ( 90.28)	Lr 1.000e-03 (1.000e-03)
2026-01-26 21:11:57,725 - INFO: Epoch: [5][350/582]	Time  0.028 ( 0.035)	Loss 1.2883e-01 (2.4355e-01)	Acc pseudo  95.31 ( 90.14)	Lr 1.000e-03 (1.000e-03)
2026-01-26 21:12:02,412 - INFO: Epoch: [5][400/582]	Time  0.029 ( 0.034)	Loss 1.9752e-01 (2.4624e-01)	Acc pseudo  90.62 ( 90.08)	Lr 1.000e-03 (1.000e-03)
2026-01-26 21:12:07,099 - INFO: Epoch: [5][450/582]	Time  0.029 ( 0.033)	Loss 1.0461e-01 (2.4910e-01)	Acc pseudo  90.62 ( 89.94)	Lr 1.000e-03 (1.000e-03)
2026-01-26 21:12:11,786 - INFO: Epoch: [5][500/582]	Time  0.029 ( 0.033)	Loss 2.6574e-01 (2.5223e-01)	Acc pseudo  90.62 ( 89.81)	Lr 1.000e-03 (1.000e-03)
2026-01-26 21:12:16,475 - INFO: Epoch: [5][550/582]	Time  0.028 ( 0.033)	Loss 5.0599e-01 (2.5264e-01)	Acc pseudo  84.38 ( 89.82)	Lr 1.000e-03 (1.000e-03)
2026-01-26 21:12:19,455 - INFO: Round 1, Face Fine-tune Epoch 5: loss=0.2542, acc(pseudo)=89.83%
2026-01-26 21:13:18,602 - INFO: Round 1, Face Fine-tune Epoch 5: acc(valid_pseudo): 0.9577, acc: 0.8617
2026-01-26 21:13:18,602 - INFO: Round 1, Face Fine-tune Epoch 5: No improvement. Patience(epoch): 1/3
2026-01-26 21:13:19,255 - INFO: Epoch: [6][  0/582]	Time  0.603 ( 0.603)	Loss 2.5529e-01 (2.5529e-01)	Acc pseudo  95.31 ( 95.31)	Lr 1.000e-03 (1.000e-03)
2026-01-26 21:13:23,986 - INFO: Epoch: [6][ 50/582]	Time  0.027 ( 0.042)	Loss 2.5941e-01 (2.3072e-01)	Acc pseudo  90.62 ( 90.56)	Lr 1.000e-03 (1.000e-03)
2026-01-26 21:13:28,713 - INFO: Epoch: [6][100/582]	Time  0.027 ( 0.036)	Loss 3.3555e-01 (2.2397e-01)	Acc pseudo  85.94 ( 90.67)	Lr 1.000e-03 (1.000e-03)
2026-01-26 21:13:33,420 - INFO: Epoch: [6][150/582]	Time  0.029 ( 0.033)	Loss 2.5125e-01 (2.3013e-01)	Acc pseudo  89.06 ( 90.47)	Lr 1.000e-03 (1.000e-03)
2026-01-26 21:13:38,102 - INFO: Epoch: [6][200/582]	Time  0.028 ( 0.032)	Loss 3.3710e-01 (2.3106e-01)	Acc pseudo  82.81 ( 90.49)	Lr 1.000e-03 (1.000e-03)
2026-01-26 21:13:42,788 - INFO: Epoch: [6][250/582]	Time  0.029 ( 0.032)	Loss 3.1703e-01 (2.3382e-01)	Acc pseudo  85.94 ( 90.43)	Lr 1.000e-03 (1.000e-03)
2026-01-26 21:13:47,476 - INFO: Epoch: [6][300/582]	Time  0.027 ( 0.032)	Loss 2.7129e-01 (2.3497e-01)	Acc pseudo  87.50 ( 90.42)	Lr 1.000e-03 (1.000e-03)
2026-01-26 21:13:52,161 - INFO: Epoch: [6][350/582]	Time  0.028 ( 0.032)	Loss 2.4717e-01 (2.3802e-01)	Acc pseudo  87.50 ( 90.41)	Lr 1.000e-03 (1.000e-03)
2026-01-26 21:13:56,846 - INFO: Epoch: [6][400/582]	Time  0.028 ( 0.031)	Loss 2.8927e-01 (2.3963e-01)	Acc pseudo  89.06 ( 90.31)	Lr 1.000e-03 (1.000e-03)
2026-01-26 21:14:01,530 - INFO: Epoch: [6][450/582]	Time  0.028 ( 0.031)	Loss 2.9156e-01 (2.4282e-01)	Acc pseudo  89.06 ( 90.17)	Lr 1.000e-03 (1.000e-03)
2026-01-26 21:14:06,214 - INFO: Epoch: [6][500/582]	Time  0.032 ( 0.030)	Loss 3.1065e-01 (2.4225e-01)	Acc pseudo  92.19 ( 90.20)	Lr 1.000e-03 (1.000e-03)
2026-01-26 21:14:10,901 - INFO: Epoch: [6][550/582]	Time  0.032 ( 0.030)	Loss 3.5584e-01 (2.4237e-01)	Acc pseudo  87.50 ( 90.18)	Lr 1.000e-03 (1.000e-03)
2026-01-26 21:14:13,911 - INFO: Round 1, Face Fine-tune Epoch 6: loss=0.2427, acc(pseudo)=90.21%
2026-01-26 21:15:12,445 - INFO: Round 1, Face Fine-tune Epoch 6: acc(valid_pseudo): 0.9591, acc: 0.8705
2026-01-26 21:15:12,445 - INFO: Round 1, Face Fine-tune Epoch 6: No improvement. Patience(epoch): 2/3
2026-01-26 21:15:12,980 - INFO: Epoch: [7][  0/582]	Time  0.486 ( 0.486)	Loss 3.5090e-01 (3.5090e-01)	Acc pseudo  89.06 ( 89.06)	Lr 1.000e-03 (1.000e-03)
2026-01-26 21:15:17,668 - INFO: Epoch: [7][ 50/582]	Time  0.029 ( 0.042)	Loss 1.1994e-01 (2.3755e-01)	Acc pseudo  93.75 ( 90.66)	Lr 1.000e-03 (1.000e-03)
2026-01-26 21:15:22,346 - INFO: Epoch: [7][100/582]	Time  0.029 ( 0.035)	Loss 2.2646e-01 (2.4123e-01)	Acc pseudo  92.19 ( 90.30)	Lr 1.000e-03 (1.000e-03)
2026-01-26 21:15:27,027 - INFO: Epoch: [7][150/582]	Time  0.028 ( 0.033)	Loss 2.3065e-01 (2.4024e-01)	Acc pseudo  90.62 ( 90.14)	Lr 1.000e-03 (1.000e-03)
2026-01-26 21:15:31,710 - INFO: Epoch: [7][200/582]	Time  0.028 ( 0.032)	Loss 1.0591e-01 (2.3411e-01)	Acc pseudo  92.19 ( 90.30)	Lr 1.000e-03 (1.000e-03)
2026-01-26 21:15:36,395 - INFO: Epoch: [7][250/582]	Time  0.028 ( 0.032)	Loss 2.1582e-01 (2.3003e-01)	Acc pseudo  92.19 ( 90.34)	Lr 1.000e-03 (1.000e-03)
2026-01-26 21:15:41,080 - INFO: Epoch: [7][300/582]	Time  0.028 ( 0.032)	Loss 3.3129e-01 (2.3300e-01)	Acc pseudo  90.62 ( 90.32)	Lr 1.000e-03 (1.000e-03)
2026-01-26 21:15:45,796 - INFO: Epoch: [7][350/582]	Time  0.028 ( 0.032)	Loss 4.2257e-01 (2.3335e-01)	Acc pseudo  81.25 ( 90.36)	Lr 1.000e-03 (1.000e-03)
2026-01-26 21:15:50,478 - INFO: Epoch: [7][400/582]	Time  0.028 ( 0.031)	Loss 3.7093e-01 (2.3625e-01)	Acc pseudo  84.38 ( 90.33)	Lr 1.000e-03 (1.000e-03)
2026-01-26 21:15:55,161 - INFO: Epoch: [7][450/582]	Time  0.027 ( 0.031)	Loss 1.5422e-01 (2.3768e-01)	Acc pseudo  98.44 ( 90.27)	Lr 1.000e-03 (1.000e-03)
2026-01-26 21:15:59,846 - INFO: Epoch: [7][500/582]	Time  0.029 ( 0.031)	Loss 2.9017e-01 (2.3799e-01)	Acc pseudo  90.62 ( 90.28)	Lr 1.000e-03 (1.000e-03)
2026-01-26 21:16:04,536 - INFO: Epoch: [7][550/582]	Time  0.043 ( 0.031)	Loss 2.4027e-01 (2.3969e-01)	Acc pseudo  89.06 ( 90.18)	Lr 1.000e-03 (1.000e-03)
2026-01-26 21:16:07,514 - INFO: Round 1, Face Fine-tune Epoch 7: loss=0.2409, acc(pseudo)=90.19%
2026-01-26 21:17:06,192 - INFO: Round 1, Face Fine-tune Epoch 7: acc(valid_pseudo): 0.9593, acc: 0.8685
2026-01-26 21:17:06,192 - INFO: Round 1, Face Fine-tune Epoch 7: No improvement. Patience(epoch): 3/3
2026-01-26 21:17:06,192 - INFO: Early stopping at face epoch 7
2026-01-26 21:17:06,193 - INFO: Round 1: Best face fine-tuned epoch=4, acc(valid_pseudo)=0.9603
2026-01-26 21:17:06,315 - INFO: Using HMM model from previous round: runs/I love my family/exp_video_overlap/result/self_supervised/exp0/round0/pseudo_label/hmm_params.pkl
2026-01-26 22:38:28,966 - INFO: Round 1: speaker_acc=0.8525
2026-01-26 22:38:28,973 - INFO: Round 1: face_acc=0.8793
2026-01-26 22:38:28,977 - INFO: ====================
2026-01-26 22:38:28,977 - INFO: Round 2: Fine-tuning iteration
2026-01-26 22:38:28,977 - INFO: ====================
2026-01-26 22:38:29,067 - INFO: Round 2 Part 1: Fine-tuning embedding model
2026-01-26 22:38:29,068 - INFO: Using pseudo-label file: runs/I love my family/exp_video_overlap/result/self_supervised/exp0/round1/pseudo_label/pseudo_labels_audio_nested_hmm_full(unreliable_pp=100.0).json
2026-01-26 22:38:29,219 - INFO: For training, Using face pseudo-label file: runs/I love my family/exp_video_overlap/result/self_supervised/exp0/round1/pseudo_label/pseudo_labels_faces_mid_frame_train_nested_hmm_full.json
2026-01-26 22:38:29,219 - INFO: For infering, Using face pseudo-label file: runs/I love my family/exp_video_overlap/result/self_supervised/exp0/round1/pseudo_label/pseudo_labels_faces_mid_frame_all_nested_hmm_full.json
2026-01-26 22:38:29,414 - INFO: Created face dataloader with 37219 samples
2026-01-26 22:38:29,433 - INFO: Fine-tuning speaker embedding model for 20 epochs...
2026-01-26 22:38:30,365 - INFO: Epoch: [0][  0/301]	Time  0.896 ( 0.896)	Loss 3.6506e-01 (3.6506e-01)	Acc pseudo  90.62 ( 90.62)	Lr 1.000e-03 (1.000e-03)
2026-01-26 22:38:30,578 - INFO: Epoch: [0][ 50/301]	Time  0.003 ( 0.022)	Loss 7.8892e-01 (5.9898e-01)	Acc pseudo  73.44 ( 83.49)	Lr 1.000e-03 (1.000e-03)
2026-01-26 22:38:30,739 - INFO: Epoch: [0][100/301]	Time  0.003 ( 0.012)	Loss 3.2239e-01 (5.8658e-01)	Acc pseudo  89.06 ( 83.15)	Lr 1.000e-03 (1.000e-03)
2026-01-26 22:38:30,903 - INFO: Epoch: [0][150/301]	Time  0.003 ( 0.009)	Loss 7.0812e-01 (5.7146e-01)	Acc pseudo  76.56 ( 83.26)	Lr 1.000e-03 (1.000e-03)
2026-01-26 22:38:31,060 - INFO: Epoch: [0][200/301]	Time  0.003 ( 0.008)	Loss 5.1381e-01 (5.6355e-01)	Acc pseudo  89.06 ( 83.37)	Lr 1.000e-03 (1.000e-03)
2026-01-26 22:38:31,214 - INFO: Epoch: [0][250/301]	Time  0.003 ( 0.007)	Loss 4.9027e-01 (5.7456e-01)	Acc pseudo  85.94 ( 83.12)	Lr 1.000e-03 (1.000e-03)
2026-01-26 22:38:31,362 - INFO: Epoch: [0][300/301]	Time  0.002 ( 0.006)	Loss 6.5149e-01 (5.7643e-01)	Acc pseudo  84.00 ( 83.08)	Lr 1.000e-03 (1.000e-03)
2026-01-26 22:38:31,431 - INFO: Round 2, Fine-tune Epoch 0: loss=0.5764, acc(pseudo)=83.08%
2026-01-26 22:38:39,252 - INFO: Round 2, Fine-tune Epoch 0: acc(valid_pseudo): 0.9524, acc: 0.7965
2026-01-26 22:38:40,060 - INFO: Epoch: [1][  0/301]	Time  0.237 ( 0.237)	Loss 7.2287e-01 (7.2287e-01)	Acc pseudo  73.44 ( 73.44)	Lr 1.000e-03 (1.000e-03)
2026-01-26 22:38:40,236 - INFO: Epoch: [1][ 50/301]	Time  0.003 ( 0.008)	Loss 5.1933e-01 (4.9083e-01)	Acc pseudo  81.25 ( 84.44)	Lr 1.000e-03 (1.000e-03)
2026-01-26 22:38:40,388 - INFO: Epoch: [1][100/301]	Time  0.003 ( 0.006)	Loss 6.8433e-01 (5.0852e-01)	Acc pseudo  85.94 ( 84.61)	Lr 1.000e-03 (1.000e-03)
2026-01-26 22:38:40,543 - INFO: Epoch: [1][150/301]	Time  0.003 ( 0.005)	Loss 4.3631e-01 (5.1481e-01)	Acc pseudo  82.81 ( 84.66)	Lr 1.000e-03 (1.000e-03)
2026-01-26 22:38:40,693 - INFO: Epoch: [1][200/301]	Time  0.003 ( 0.004)	Loss 8.1952e-01 (5.2088e-01)	Acc pseudo  79.69 ( 84.38)	Lr 1.000e-03 (1.000e-03)
2026-01-26 22:38:40,859 - INFO: Epoch: [1][250/301]	Time  0.003 ( 0.004)	Loss 5.0265e-01 (5.3061e-01)	Acc pseudo  85.94 ( 83.98)	Lr 1.000e-03 (1.000e-03)
2026-01-26 22:38:41,014 - INFO: Epoch: [1][300/301]	Time  0.003 ( 0.004)	Loss 5.7506e-01 (5.3237e-01)	Acc pseudo  80.00 ( 83.99)	Lr 1.000e-03 (1.000e-03)
2026-01-26 22:38:41,084 - INFO: Round 2, Fine-tune Epoch 1: loss=0.5324, acc(pseudo)=83.99%
2026-01-26 22:38:49,081 - INFO: Round 2, Fine-tune Epoch 1: acc(valid_pseudo): 0.9630, acc: 0.8160
2026-01-26 22:38:49,875 - INFO: Epoch: [2][  0/301]	Time  0.250 ( 0.250)	Loss 5.6922e-01 (5.6922e-01)	Acc pseudo  87.50 ( 87.50)	Lr 1.000e-03 (1.000e-03)
2026-01-26 22:38:50,071 - INFO: Epoch: [2][ 50/301]	Time  0.003 ( 0.009)	Loss 2.9998e-01 (5.0279e-01)	Acc pseudo  89.06 ( 85.14)	Lr 1.000e-03 (1.000e-03)
2026-01-26 22:38:50,239 - INFO: Epoch: [2][100/301]	Time  0.003 ( 0.006)	Loss 7.8763e-01 (4.9342e-01)	Acc pseudo  81.25 ( 85.40)	Lr 1.000e-03 (1.000e-03)
2026-01-26 22:38:50,399 - INFO: Epoch: [2][150/301]	Time  0.003 ( 0.005)	Loss 3.9714e-01 (5.0076e-01)	Acc pseudo  87.50 ( 84.73)	Lr 1.000e-03 (1.000e-03)
2026-01-26 22:38:50,558 - INFO: Epoch: [2][200/301]	Time  0.003 ( 0.005)	Loss 3.1652e-01 (5.0195e-01)	Acc pseudo  90.62 ( 84.63)	Lr 1.000e-03 (1.000e-03)
2026-01-26 22:38:50,714 - INFO: Epoch: [2][250/301]	Time  0.003 ( 0.004)	Loss 4.0237e-01 (5.0472e-01)	Acc pseudo  89.06 ( 84.55)	Lr 1.000e-03 (1.000e-03)
2026-01-26 22:38:50,865 - INFO: Epoch: [2][300/301]	Time  0.002 ( 0.004)	Loss 1.0333e+00 (5.1231e-01)	Acc pseudo  76.00 ( 84.48)	Lr 1.000e-03 (1.000e-03)
2026-01-26 22:38:50,933 - INFO: Round 2, Fine-tune Epoch 2: loss=0.5123, acc(pseudo)=84.48%
2026-01-26 22:39:00,053 - INFO: Round 2, Fine-tune Epoch 2: acc(valid_pseudo): 0.9530, acc: 0.8145
2026-01-26 22:39:00,053 - INFO: Round 2, Speaker Fine-tune Epoch 2: No improvement in validation accuracy. Patience(epoch): 1/3
2026-01-26 22:39:00,298 - INFO: Epoch: [3][  0/301]	Time  0.240 ( 0.240)	Loss 6.4581e-01 (6.4581e-01)	Acc pseudo  79.69 ( 79.69)	Lr 1.000e-03 (1.000e-03)
2026-01-26 22:39:00,491 - INFO: Epoch: [3][ 50/301]	Time  0.003 ( 0.008)	Loss 6.7650e-01 (4.7636e-01)	Acc pseudo  84.38 ( 85.81)	Lr 1.000e-03 (1.000e-03)
2026-01-26 22:39:00,666 - INFO: Epoch: [3][100/301]	Time  0.003 ( 0.006)	Loss 5.0956e-01 (4.8299e-01)	Acc pseudo  92.19 ( 85.18)	Lr 1.000e-03 (1.000e-03)
2026-01-26 22:39:00,839 - INFO: Epoch: [3][150/301]	Time  0.003 ( 0.005)	Loss 2.1494e-01 (4.8410e-01)	Acc pseudo  93.75 ( 85.16)	Lr 1.000e-03 (1.000e-03)
2026-01-26 22:39:01,008 - INFO: Epoch: [3][200/301]	Time  0.003 ( 0.005)	Loss 2.5781e-01 (4.8626e-01)	Acc pseudo  89.06 ( 85.13)	Lr 1.000e-03 (1.000e-03)
2026-01-26 22:39:01,181 - INFO: Epoch: [3][250/301]	Time  0.003 ( 0.004)	Loss 4.4349e-01 (4.8848e-01)	Acc pseudo  81.25 ( 84.94)	Lr 1.000e-03 (1.000e-03)
2026-01-26 22:39:01,341 - INFO: Epoch: [3][300/301]	Time  0.002 ( 0.004)	Loss 5.6485e-01 (4.9124e-01)	Acc pseudo  76.00 ( 84.83)	Lr 1.000e-03 (1.000e-03)
2026-01-26 22:39:01,412 - INFO: Round 2, Fine-tune Epoch 3: loss=0.4912, acc(pseudo)=84.83%
2026-01-26 22:39:09,213 - INFO: Round 2, Fine-tune Epoch 3: acc(valid_pseudo): 0.9603, acc: 0.8265
2026-01-26 22:39:09,213 - INFO: Round 2, Speaker Fine-tune Epoch 3: No improvement in validation accuracy. Patience(epoch): 2/3
2026-01-26 22:39:09,483 - INFO: Epoch: [4][  0/301]	Time  0.264 ( 0.264)	Loss 6.2548e-01 (6.2548e-01)	Acc pseudo  75.00 ( 75.00)	Lr 1.000e-03 (1.000e-03)
2026-01-26 22:39:09,710 - INFO: Epoch: [4][ 50/301]	Time  0.003 ( 0.010)	Loss 5.6950e-01 (4.7433e-01)	Acc pseudo  82.81 ( 85.32)	Lr 1.000e-03 (1.000e-03)
2026-01-26 22:39:09,884 - INFO: Epoch: [4][100/301]	Time  0.003 ( 0.006)	Loss 3.7706e-01 (4.7800e-01)	Acc pseudo  87.50 ( 85.01)	Lr 1.000e-03 (1.000e-03)
2026-01-26 22:39:10,048 - INFO: Epoch: [4][150/301]	Time  0.003 ( 0.005)	Loss 3.9454e-01 (4.8840e-01)	Acc pseudo  81.25 ( 85.00)	Lr 1.000e-03 (1.000e-03)
2026-01-26 22:39:10,211 - INFO: Epoch: [4][200/301]	Time  0.004 ( 0.005)	Loss 5.4735e-01 (4.8817e-01)	Acc pseudo  81.25 ( 84.86)	Lr 1.000e-03 (1.000e-03)
2026-01-26 22:39:10,384 - INFO: Epoch: [4][250/301]	Time  0.004 ( 0.005)	Loss 7.5803e-01 (4.9182e-01)	Acc pseudo  71.88 ( 84.77)	Lr 1.000e-03 (1.000e-03)
2026-01-26 22:39:10,552 - INFO: Epoch: [4][300/301]	Time  0.002 ( 0.004)	Loss 6.0121e-01 (4.9931e-01)	Acc pseudo  80.00 ( 84.63)	Lr 1.000e-03 (1.000e-03)
2026-01-26 22:39:10,633 - INFO: Round 2, Fine-tune Epoch 4: loss=0.4993, acc(pseudo)=84.63%
2026-01-26 22:39:19,045 - INFO: Round 2, Fine-tune Epoch 4: acc(valid_pseudo): 0.9556, acc: 0.8155
2026-01-26 22:39:19,045 - INFO: Round 2, Speaker Fine-tune Epoch 4: No improvement in validation accuracy. Patience(epoch): 3/3
2026-01-26 22:39:19,045 - INFO: Early stopping at epoch 4 due to no improvement in validation accuracy for 3 epochs.
2026-01-26 22:39:19,047 - INFO: Round 2: Best speaker fine-tuned epoch=1, acc(valid_pseudo)=0.9630
2026-01-26 22:39:19,051 - INFO: Fine-tuning face embedding model for 20 epochs...
2026-01-26 22:39:20,154 - INFO: Epoch: [0][  0/582]	Time  1.089 ( 1.089)	Loss 6.9634e-02 (6.9634e-02)	Acc pseudo  96.88 ( 96.88)	Lr 1.000e-03 (1.000e-03)
2026-01-26 22:39:24,803 - INFO: Epoch: [0][ 50/582]	Time  0.039 ( 0.056)	Loss 2.4410e-01 (2.2516e-01)	Acc pseudo  90.62 ( 91.64)	Lr 1.000e-03 (1.000e-03)
2026-01-26 22:39:29,444 - INFO: Epoch: [0][100/582]	Time  0.029 ( 0.044)	Loss 2.8676e-01 (2.3397e-01)	Acc pseudo  90.62 ( 91.24)	Lr 1.000e-03 (1.000e-03)
2026-01-26 22:39:34,086 - INFO: Epoch: [0][150/582]	Time  0.028 ( 0.040)	Loss 4.9609e-01 (2.3586e-01)	Acc pseudo  84.38 ( 91.17)	Lr 1.000e-03 (1.000e-03)
2026-01-26 22:39:38,735 - INFO: Epoch: [0][200/582]	Time  0.038 ( 0.038)	Loss 1.1068e-01 (2.3492e-01)	Acc pseudo  95.31 ( 91.16)	Lr 1.000e-03 (1.000e-03)
2026-01-26 22:39:43,383 - INFO: Epoch: [0][250/582]	Time  0.032 ( 0.037)	Loss 2.5463e-01 (2.4139e-01)	Acc pseudo  93.75 ( 91.02)	Lr 1.000e-03 (1.000e-03)
2026-01-26 22:39:48,037 - INFO: Epoch: [0][300/582]	Time  0.031 ( 0.036)	Loss 1.5374e-01 (2.4754e-01)	Acc pseudo  89.06 ( 90.87)	Lr 1.000e-03 (1.000e-03)
2026-01-26 22:39:52,688 - INFO: Epoch: [0][350/582]	Time  0.031 ( 0.035)	Loss 9.4767e-02 (2.4624e-01)	Acc pseudo  95.31 ( 90.85)	Lr 1.000e-03 (1.000e-03)
2026-01-26 22:39:57,339 - INFO: Epoch: [0][400/582]	Time  0.030 ( 0.035)	Loss 1.9860e-01 (2.4639e-01)	Acc pseudo  89.06 ( 90.87)	Lr 1.000e-03 (1.000e-03)
2026-01-26 22:40:01,993 - INFO: Epoch: [0][450/582]	Time  0.046 ( 0.034)	Loss 1.8202e-01 (2.4836e-01)	Acc pseudo  92.19 ( 90.74)	Lr 1.000e-03 (1.000e-03)
2026-01-26 22:40:06,654 - INFO: Epoch: [0][500/582]	Time  0.029 ( 0.034)	Loss 3.3465e-01 (2.5135e-01)	Acc pseudo  85.94 ( 90.69)	Lr 1.000e-03 (1.000e-03)
2026-01-26 22:40:11,671 - INFO: Epoch: [0][550/582]	Time  0.035 ( 0.035)	Loss 4.3198e-01 (2.5021e-01)	Acc pseudo  90.62 ( 90.78)	Lr 1.000e-03 (1.000e-03)
2026-01-26 22:40:15,050 - INFO: Round 2, Face Fine-tune Epoch 0: loss=0.2489, acc(pseudo)=90.77%
2026-01-26 22:41:16,086 - INFO: Round 2, Face Fine-tune Epoch 0: acc(valid_pseudo): 0.9606, acc: 0.8793
2026-01-26 22:41:17,804 - INFO: Epoch: [1][  0/582]	Time  0.492 ( 0.492)	Loss 1.4559e-01 (1.4559e-01)	Acc pseudo  96.88 ( 96.88)	Lr 1.000e-03 (1.000e-03)
2026-01-26 22:41:22,478 - INFO: Epoch: [1][ 50/582]	Time  0.028 ( 0.040)	Loss 1.3093e-01 (2.0028e-01)	Acc pseudo  93.75 ( 91.70)	Lr 1.000e-03 (1.000e-03)
2026-01-26 22:41:27,146 - INFO: Epoch: [1][100/582]	Time  0.029 ( 0.035)	Loss 3.1393e-01 (2.1153e-01)	Acc pseudo  92.19 ( 91.54)	Lr 1.000e-03 (1.000e-03)
2026-01-26 22:41:31,818 - INFO: Epoch: [1][150/582]	Time  0.028 ( 0.034)	Loss 1.4376e-01 (2.1678e-01)	Acc pseudo  92.19 ( 91.57)	Lr 1.000e-03 (1.000e-03)
2026-01-26 22:41:36,490 - INFO: Epoch: [1][200/582]	Time  0.029 ( 0.033)	Loss 2.4062e-01 (2.2129e-01)	Acc pseudo  92.19 ( 91.46)	Lr 1.000e-03 (1.000e-03)
2026-01-26 22:41:41,159 - INFO: Epoch: [1][250/582]	Time  0.029 ( 0.033)	Loss 1.0795e-01 (2.1875e-01)	Acc pseudo  92.19 ( 91.53)	Lr 1.000e-03 (1.000e-03)
2026-01-26 22:41:45,884 - INFO: Epoch: [1][300/582]	Time  0.038 ( 0.032)	Loss 1.9873e-01 (2.1623e-01)	Acc pseudo  90.62 ( 91.53)	Lr 1.000e-03 (1.000e-03)
2026-01-26 22:41:50,679 - INFO: Epoch: [1][350/582]	Time  0.033 ( 0.033)	Loss 7.9032e-02 (2.1793e-01)	Acc pseudo  95.31 ( 91.42)	Lr 1.000e-03 (1.000e-03)
2026-01-26 22:41:55,352 - INFO: Epoch: [1][400/582]	Time  0.030 ( 0.032)	Loss 2.5141e-01 (2.1654e-01)	Acc pseudo  87.50 ( 91.39)	Lr 1.000e-03 (1.000e-03)
2026-01-26 22:42:00,031 - INFO: Epoch: [1][450/582]	Time  0.028 ( 0.032)	Loss 3.9607e-01 (2.1694e-01)	Acc pseudo  87.50 ( 91.41)	Lr 1.000e-03 (1.000e-03)
2026-01-26 22:42:04,707 - INFO: Epoch: [1][500/582]	Time  0.031 ( 0.032)	Loss 2.3337e-01 (2.1658e-01)	Acc pseudo  87.50 ( 91.46)	Lr 1.000e-03 (1.000e-03)
2026-01-26 22:42:09,381 - INFO: Epoch: [1][550/582]	Time  0.029 ( 0.032)	Loss 2.5542e-01 (2.1517e-01)	Acc pseudo  90.62 ( 91.50)	Lr 1.000e-03 (1.000e-03)
2026-01-26 22:42:12,353 - INFO: Round 2, Face Fine-tune Epoch 1: loss=0.2152, acc(pseudo)=91.51%
2026-01-26 22:43:11,891 - INFO: Round 2, Face Fine-tune Epoch 1: acc(valid_pseudo): 0.9608, acc: 0.8734
2026-01-26 22:43:13,963 - INFO: Epoch: [2][  0/582]	Time  0.505 ( 0.505)	Loss 1.3674e-01 (1.3674e-01)	Acc pseudo  92.19 ( 92.19)	Lr 1.000e-03 (1.000e-03)
2026-01-26 22:43:18,642 - INFO: Epoch: [2][ 50/582]	Time  0.030 ( 0.044)	Loss 2.3083e-01 (1.8738e-01)	Acc pseudo  84.38 ( 91.54)	Lr 1.000e-03 (1.000e-03)
2026-01-26 22:43:23,317 - INFO: Epoch: [2][100/582]	Time  0.032 ( 0.037)	Loss 1.1339e-01 (1.9504e-01)	Acc pseudo  95.31 ( 91.63)	Lr 1.000e-03 (1.000e-03)
2026-01-26 22:43:27,993 - INFO: Epoch: [2][150/582]	Time  0.030 ( 0.035)	Loss 2.5795e-01 (2.0029e-01)	Acc pseudo  89.06 ( 91.84)	Lr 1.000e-03 (1.000e-03)
2026-01-26 22:43:32,669 - INFO: Epoch: [2][200/582]	Time  0.030 ( 0.034)	Loss 1.5722e-01 (1.9945e-01)	Acc pseudo  90.62 ( 91.71)	Lr 1.000e-03 (1.000e-03)
2026-01-26 22:43:37,345 - INFO: Epoch: [2][250/582]	Time  0.029 ( 0.033)	Loss 1.2681e-01 (1.9554e-01)	Acc pseudo  90.62 ( 91.89)	Lr 1.000e-03 (1.000e-03)
2026-01-26 22:43:42,026 - INFO: Epoch: [2][300/582]	Time  0.030 ( 0.033)	Loss 1.7131e-01 (1.9570e-01)	Acc pseudo  93.75 ( 92.00)	Lr 1.000e-03 (1.000e-03)
2026-01-26 22:43:46,710 - INFO: Epoch: [2][350/582]	Time  0.029 ( 0.033)	Loss 2.7138e-01 (1.9957e-01)	Acc pseudo  93.75 ( 92.01)	Lr 1.000e-03 (1.000e-03)
2026-01-26 22:43:51,397 - INFO: Epoch: [2][400/582]	Time  0.031 ( 0.033)	Loss 1.9046e-01 (1.9785e-01)	Acc pseudo  93.75 ( 91.98)	Lr 1.000e-03 (1.000e-03)
2026-01-26 22:43:56,084 - INFO: Epoch: [2][450/582]	Time  0.029 ( 0.033)	Loss 1.9682e-01 (1.9785e-01)	Acc pseudo  89.06 ( 91.93)	Lr 1.000e-03 (1.000e-03)
2026-01-26 22:44:00,768 - INFO: Epoch: [2][500/582]	Time  0.031 ( 0.033)	Loss 3.1487e-01 (2.0069e-01)	Acc pseudo  89.06 ( 91.77)	Lr 1.000e-03 (1.000e-03)
2026-01-26 22:44:05,456 - INFO: Epoch: [2][550/582]	Time  0.029 ( 0.033)	Loss 2.1832e-01 (2.0071e-01)	Acc pseudo  93.75 ( 91.72)	Lr 1.000e-03 (1.000e-03)
2026-01-26 22:44:08,440 - INFO: Round 2, Face Fine-tune Epoch 2: loss=0.2005, acc(pseudo)=91.74%
2026-01-26 22:45:07,930 - INFO: Round 2, Face Fine-tune Epoch 2: acc(valid_pseudo): 0.9613, acc: 0.8734
2026-01-26 22:45:09,985 - INFO: Epoch: [3][  0/582]	Time  0.538 ( 0.538)	Loss 1.5523e-01 (1.5523e-01)	Acc pseudo  93.75 ( 93.75)	Lr 1.000e-03 (1.000e-03)
2026-01-26 22:45:14,672 - INFO: Epoch: [3][ 50/582]	Time  0.030 ( 0.045)	Loss 1.0984e-01 (1.9289e-01)	Acc pseudo  95.31 ( 92.68)	Lr 1.000e-03 (1.000e-03)
2026-01-26 22:45:19,348 - INFO: Epoch: [3][100/582]	Time  0.029 ( 0.037)	Loss 1.4852e-01 (1.9592e-01)	Acc pseudo  95.31 ( 92.36)	Lr 1.000e-03 (1.000e-03)
2026-01-26 22:45:24,023 - INFO: Epoch: [3][150/582]	Time  0.028 ( 0.034)	Loss 2.5311e-01 (1.9725e-01)	Acc pseudo  84.38 ( 92.17)	Lr 1.000e-03 (1.000e-03)
2026-01-26 22:45:28,702 - INFO: Epoch: [3][200/582]	Time  0.041 ( 0.033)	Loss 2.2984e-01 (1.9556e-01)	Acc pseudo  87.50 ( 92.05)	Lr 1.000e-03 (1.000e-03)
2026-01-26 22:45:33,390 - INFO: Epoch: [3][250/582]	Time  0.035 ( 0.033)	Loss 2.4864e-01 (1.9786e-01)	Acc pseudo  87.50 ( 91.89)	Lr 1.000e-03 (1.000e-03)
2026-01-26 22:45:38,080 - INFO: Epoch: [3][300/582]	Time  0.028 ( 0.033)	Loss 3.0401e-01 (1.9848e-01)	Acc pseudo  85.94 ( 91.74)	Lr 1.000e-03 (1.000e-03)
2026-01-26 22:45:42,822 - INFO: Epoch: [3][350/582]	Time  0.034 ( 0.033)	Loss 2.3095e-01 (1.9580e-01)	Acc pseudo  98.44 ( 91.84)	Lr 1.000e-03 (1.000e-03)
2026-01-26 22:45:47,508 - INFO: Epoch: [3][400/582]	Time  0.032 ( 0.033)	Loss 1.0244e-01 (1.9641e-01)	Acc pseudo  95.31 ( 91.84)	Lr 1.000e-03 (1.000e-03)
2026-01-26 22:45:52,191 - INFO: Epoch: [3][450/582]	Time  0.030 ( 0.032)	Loss 2.3847e-01 (1.9751e-01)	Acc pseudo  92.19 ( 91.84)	Lr 1.000e-03 (1.000e-03)
2026-01-26 22:45:56,875 - INFO: Epoch: [3][500/582]	Time  0.028 ( 0.032)	Loss 1.4835e-01 (1.9904e-01)	Acc pseudo  92.19 ( 91.83)	Lr 1.000e-03 (1.000e-03)
2026-01-26 22:46:01,562 - INFO: Epoch: [3][550/582]	Time  0.030 ( 0.032)	Loss 1.2814e-01 (2.0097e-01)	Acc pseudo  90.62 ( 91.73)	Lr 1.000e-03 (1.000e-03)
2026-01-26 22:46:04,550 - INFO: Round 2, Face Fine-tune Epoch 3: loss=0.2008, acc(pseudo)=91.73%
2026-01-26 22:47:05,718 - INFO: Round 2, Face Fine-tune Epoch 3: acc(valid_pseudo): 0.9653, acc: 0.8695
2026-01-26 22:47:07,903 - INFO: Epoch: [4][  0/582]	Time  0.556 ( 0.556)	Loss 6.9195e-01 (6.9195e-01)	Acc pseudo  87.50 ( 87.50)	Lr 1.000e-03 (1.000e-03)
2026-01-26 22:47:12,598 - INFO: Epoch: [4][ 50/582]	Time  0.032 ( 0.045)	Loss 1.3261e-01 (2.0307e-01)	Acc pseudo  93.75 ( 92.13)	Lr 1.000e-03 (1.000e-03)
2026-01-26 22:47:17,294 - INFO: Epoch: [4][100/582]	Time  0.030 ( 0.038)	Loss 2.6087e-01 (1.9169e-01)	Acc pseudo  85.94 ( 92.33)	Lr 1.000e-03 (1.000e-03)
2026-01-26 22:47:21,972 - INFO: Epoch: [4][150/582]	Time  0.032 ( 0.035)	Loss 7.9978e-02 (1.9553e-01)	Acc pseudo  95.31 ( 92.15)	Lr 1.000e-03 (1.000e-03)
2026-01-26 22:47:26,654 - INFO: Epoch: [4][200/582]	Time  0.028 ( 0.034)	Loss 1.1484e-01 (1.9379e-01)	Acc pseudo  96.88 ( 92.23)	Lr 1.000e-03 (1.000e-03)
2026-01-26 22:47:31,338 - INFO: Epoch: [4][250/582]	Time  0.033 ( 0.034)	Loss 1.6872e-01 (1.9775e-01)	Acc pseudo  87.50 ( 92.11)	Lr 1.000e-03 (1.000e-03)
2026-01-26 22:47:36,024 - INFO: Epoch: [4][300/582]	Time  0.028 ( 0.033)	Loss 2.9173e-01 (1.9477e-01)	Acc pseudo  90.62 ( 92.13)	Lr 1.000e-03 (1.000e-03)
2026-01-26 22:47:40,712 - INFO: Epoch: [4][350/582]	Time  0.031 ( 0.033)	Loss 1.4660e-01 (1.9210e-01)	Acc pseudo  93.75 ( 92.16)	Lr 1.000e-03 (1.000e-03)
2026-01-26 22:47:45,400 - INFO: Epoch: [4][400/582]	Time  0.031 ( 0.032)	Loss 1.2424e-01 (1.9291e-01)	Acc pseudo  92.19 ( 92.10)	Lr 1.000e-03 (1.000e-03)
2026-01-26 22:47:50,090 - INFO: Epoch: [4][450/582]	Time  0.029 ( 0.032)	Loss 1.9203e-01 (1.9409e-01)	Acc pseudo  90.62 ( 92.08)	Lr 1.000e-03 (1.000e-03)
2026-01-26 22:47:54,780 - INFO: Epoch: [4][500/582]	Time  0.029 ( 0.032)	Loss 1.6586e-01 (1.9289e-01)	Acc pseudo  92.19 ( 92.10)	Lr 1.000e-03 (1.000e-03)
2026-01-26 22:47:59,469 - INFO: Epoch: [4][550/582]	Time  0.031 ( 0.032)	Loss 9.2421e-02 (1.9517e-01)	Acc pseudo  96.88 ( 92.02)	Lr 1.000e-03 (1.000e-03)
2026-01-26 22:48:02,456 - INFO: Round 2, Face Fine-tune Epoch 4: loss=0.1941, acc(pseudo)=92.05%
2026-01-26 22:49:02,880 - INFO: Round 2, Face Fine-tune Epoch 4: acc(valid_pseudo): 0.9677, acc: 0.8734
2026-01-26 22:49:04,941 - INFO: Epoch: [5][  0/582]	Time  0.550 ( 0.550)	Loss 1.3262e-01 (1.3262e-01)	Acc pseudo  92.19 ( 92.19)	Lr 1.000e-03 (1.000e-03)
2026-01-26 22:49:09,629 - INFO: Epoch: [5][ 50/582]	Time  0.034 ( 0.046)	Loss 8.8374e-02 (1.5736e-01)	Acc pseudo  95.31 ( 93.69)	Lr 1.000e-03 (1.000e-03)
2026-01-26 22:49:14,311 - INFO: Epoch: [5][100/582]	Time  0.041 ( 0.038)	Loss 1.1410e-01 (1.5998e-01)	Acc pseudo  92.19 ( 93.30)	Lr 1.000e-03 (1.000e-03)
2026-01-26 22:49:18,992 - INFO: Epoch: [5][150/582]	Time  0.031 ( 0.036)	Loss 1.0371e-01 (1.6495e-01)	Acc pseudo  96.88 ( 93.16)	Lr 1.000e-03 (1.000e-03)
2026-01-26 22:49:23,673 - INFO: Epoch: [5][200/582]	Time  0.028 ( 0.034)	Loss 3.6458e-01 (1.6780e-01)	Acc pseudo  89.06 ( 92.95)	Lr 1.000e-03 (1.000e-03)
2026-01-26 22:49:28,357 - INFO: Epoch: [5][250/582]	Time  0.028 ( 0.033)	Loss 1.2934e-01 (1.7011e-01)	Acc pseudo  90.62 ( 92.91)	Lr 1.000e-03 (1.000e-03)
2026-01-26 22:49:33,047 - INFO: Epoch: [5][300/582]	Time  0.033 ( 0.033)	Loss 1.6951e-01 (1.7385e-01)	Acc pseudo  90.62 ( 92.86)	Lr 1.000e-03 (1.000e-03)
2026-01-26 22:49:37,733 - INFO: Epoch: [5][350/582]	Time  0.028 ( 0.033)	Loss 8.7407e-02 (1.7581e-01)	Acc pseudo  96.88 ( 92.81)	Lr 1.000e-03 (1.000e-03)
2026-01-26 22:49:42,422 - INFO: Epoch: [5][400/582]	Time  0.029 ( 0.032)	Loss 1.2599e-01 (1.7807e-01)	Acc pseudo  93.75 ( 92.71)	Lr 1.000e-03 (1.000e-03)
2026-01-26 22:49:47,110 - INFO: Epoch: [5][450/582]	Time  0.028 ( 0.032)	Loss 9.0254e-02 (1.7863e-01)	Acc pseudo  96.88 ( 92.60)	Lr 1.000e-03 (1.000e-03)
2026-01-26 22:49:51,797 - INFO: Epoch: [5][500/582]	Time  0.030 ( 0.031)	Loss 1.1677e-01 (1.8146e-01)	Acc pseudo  93.75 ( 92.52)	Lr 1.000e-03 (1.000e-03)
2026-01-26 22:49:56,488 - INFO: Epoch: [5][550/582]	Time  0.030 ( 0.031)	Loss 2.4524e-01 (1.8075e-01)	Acc pseudo  89.06 ( 92.56)	Lr 1.000e-03 (1.000e-03)
2026-01-26 22:49:59,470 - INFO: Round 2, Face Fine-tune Epoch 5: loss=0.1823, acc(pseudo)=92.53%
2026-01-26 22:51:00,119 - INFO: Round 2, Face Fine-tune Epoch 5: acc(valid_pseudo): 0.9638, acc: 0.8715
2026-01-26 22:51:00,120 - INFO: Round 2, Face Fine-tune Epoch 5: No improvement. Patience(epoch): 1/3
2026-01-26 22:51:00,655 - INFO: Epoch: [6][  0/582]	Time  0.488 ( 0.488)	Loss 1.1755e-01 (1.1755e-01)	Acc pseudo  90.62 ( 90.62)	Lr 1.000e-03 (1.000e-03)
2026-01-26 22:51:05,345 - INFO: Epoch: [6][ 50/582]	Time  0.032 ( 0.044)	Loss 1.4295e-01 (1.7697e-01)	Acc pseudo  92.19 ( 92.28)	Lr 1.000e-03 (1.000e-03)
2026-01-26 22:51:10,027 - INFO: Epoch: [6][100/582]	Time  0.030 ( 0.038)	Loss 3.4157e-01 (1.8602e-01)	Acc pseudo  82.81 ( 92.53)	Lr 1.000e-03 (1.000e-03)
2026-01-26 22:51:14,714 - INFO: Epoch: [6][150/582]	Time  0.029 ( 0.035)	Loss 1.2971e-01 (1.8611e-01)	Acc pseudo  89.06 ( 92.46)	Lr 1.000e-03 (1.000e-03)
2026-01-26 22:51:19,404 - INFO: Epoch: [6][200/582]	Time  0.030 ( 0.035)	Loss 3.1888e-01 (1.8584e-01)	Acc pseudo  84.38 ( 92.45)	Lr 1.000e-03 (1.000e-03)
2026-01-26 22:51:24,094 - INFO: Epoch: [6][250/582]	Time  0.029 ( 0.034)	Loss 2.2849e-01 (1.8321e-01)	Acc pseudo  90.62 ( 92.59)	Lr 1.000e-03 (1.000e-03)
2026-01-26 22:51:28,870 - INFO: Epoch: [6][300/582]	Time  0.030 ( 0.034)	Loss 1.9498e-01 (1.8288e-01)	Acc pseudo  87.50 ( 92.52)	Lr 1.000e-03 (1.000e-03)
2026-01-26 22:51:33,601 - INFO: Epoch: [6][350/582]	Time  0.029 ( 0.034)	Loss 1.8391e-01 (1.8791e-01)	Acc pseudo  95.31 ( 92.48)	Lr 1.000e-03 (1.000e-03)
2026-01-26 22:51:38,301 - INFO: Epoch: [6][400/582]	Time  0.030 ( 0.033)	Loss 2.0887e-01 (1.8687e-01)	Acc pseudo  85.94 ( 92.53)	Lr 1.000e-03 (1.000e-03)
2026-01-26 22:51:42,991 - INFO: Epoch: [6][450/582]	Time  0.033 ( 0.033)	Loss 3.6575e-01 (1.9131e-01)	Acc pseudo  85.94 ( 92.36)	Lr 1.000e-03 (1.000e-03)
2026-01-26 22:51:47,681 - INFO: Epoch: [6][500/582]	Time  0.036 ( 0.033)	Loss 2.1376e-01 (1.9030e-01)	Acc pseudo  96.88 ( 92.37)	Lr 1.000e-03 (1.000e-03)
2026-01-26 22:51:52,377 - INFO: Epoch: [6][550/582]	Time  0.031 ( 0.034)	Loss 2.4017e-01 (1.9069e-01)	Acc pseudo  89.06 ( 92.28)	Lr 1.000e-03 (1.000e-03)
2026-01-26 22:51:55,361 - INFO: Round 2, Face Fine-tune Epoch 6: loss=0.1912, acc(pseudo)=92.26%
2026-01-26 22:52:56,901 - INFO: Round 2, Face Fine-tune Epoch 6: acc(valid_pseudo): 0.9689, acc: 0.8773
2026-01-26 22:52:58,773 - INFO: Epoch: [7][  0/582]	Time  0.470 ( 0.470)	Loss 1.5030e-01 (1.5030e-01)	Acc pseudo  93.75 ( 93.75)	Lr 1.000e-03 (1.000e-03)
2026-01-26 22:53:03,457 - INFO: Epoch: [7][ 50/582]	Time  0.032 ( 0.045)	Loss 9.4019e-02 (1.8173e-01)	Acc pseudo  95.31 ( 92.74)	Lr 1.000e-03 (1.000e-03)
2026-01-26 22:53:08,135 - INFO: Epoch: [7][100/582]	Time  0.029 ( 0.038)	Loss 2.0871e-01 (1.9132e-01)	Acc pseudo  90.62 ( 92.02)	Lr 1.000e-03 (1.000e-03)
2026-01-26 22:53:12,821 - INFO: Epoch: [7][150/582]	Time  0.031 ( 0.036)	Loss 3.7023e-01 (1.9324e-01)	Acc pseudo  93.75 ( 91.91)	Lr 1.000e-03 (1.000e-03)
2026-01-26 22:53:17,506 - INFO: Epoch: [7][200/582]	Time  0.028 ( 0.035)	Loss 6.7139e-02 (1.8966e-01)	Acc pseudo  98.44 ( 92.00)	Lr 1.000e-03 (1.000e-03)
2026-01-26 22:53:22,188 - INFO: Epoch: [7][250/582]	Time  0.029 ( 0.034)	Loss 1.9891e-01 (1.8921e-01)	Acc pseudo  95.31 ( 92.26)	Lr 1.000e-03 (1.000e-03)
2026-01-26 22:53:26,874 - INFO: Epoch: [7][300/582]	Time  0.028 ( 0.033)	Loss 7.8210e-02 (1.9043e-01)	Acc pseudo  95.31 ( 92.22)	Lr 1.000e-03 (1.000e-03)
2026-01-26 22:53:31,559 - INFO: Epoch: [7][350/582]	Time  0.034 ( 0.033)	Loss 2.4441e-01 (1.8717e-01)	Acc pseudo  87.50 ( 92.29)	Lr 1.000e-03 (1.000e-03)
2026-01-26 22:53:36,274 - INFO: Epoch: [7][400/582]	Time  0.030 ( 0.033)	Loss 2.3659e-01 (1.8666e-01)	Acc pseudo  89.06 ( 92.31)	Lr 1.000e-03 (1.000e-03)
2026-01-26 22:53:40,958 - INFO: Epoch: [7][450/582]	Time  0.028 ( 0.033)	Loss 9.5891e-02 (1.8623e-01)	Acc pseudo  96.88 ( 92.34)	Lr 1.000e-03 (1.000e-03)
2026-01-26 22:53:45,645 - INFO: Epoch: [7][500/582]	Time  0.029 ( 0.032)	Loss 1.9465e-01 (1.8403e-01)	Acc pseudo  92.19 ( 92.42)	Lr 1.000e-03 (1.000e-03)
2026-01-26 22:53:50,332 - INFO: Epoch: [7][550/582]	Time  0.028 ( 0.032)	Loss 1.7884e-01 (1.8497e-01)	Acc pseudo  92.19 ( 92.34)	Lr 1.000e-03 (1.000e-03)
2026-01-26 22:53:53,319 - INFO: Round 2, Face Fine-tune Epoch 7: loss=0.1855, acc(pseudo)=92.32%
2026-01-26 22:54:53,431 - INFO: Round 2, Face Fine-tune Epoch 7: acc(valid_pseudo): 0.9690, acc: 0.8763
2026-01-26 22:54:55,444 - INFO: Epoch: [8][  0/582]	Time  0.515 ( 0.515)	Loss 1.6901e-01 (1.6901e-01)	Acc pseudo  92.19 ( 92.19)	Lr 1.000e-03 (1.000e-03)
2026-01-26 22:55:00,133 - INFO: Epoch: [8][ 50/582]	Time  0.038 ( 0.044)	Loss 9.3344e-02 (2.3743e-01)	Acc pseudo  95.31 ( 90.90)	Lr 1.000e-03 (1.000e-03)
2026-01-26 22:55:04,982 - INFO: Epoch: [8][100/582]	Time  0.031 ( 0.040)	Loss 2.1546e-01 (2.3823e-01)	Acc pseudo  90.62 ( 90.93)	Lr 1.000e-03 (1.000e-03)
2026-01-26 22:55:09,697 - INFO: Epoch: [8][150/582]	Time  0.029 ( 0.038)	Loss 8.7846e-02 (2.3845e-01)	Acc pseudo  96.88 ( 90.88)	Lr 1.000e-03 (1.000e-03)
2026-01-26 22:55:14,385 - INFO: Epoch: [8][200/582]	Time  0.039 ( 0.036)	Loss 2.4098e-01 (2.4183e-01)	Acc pseudo  93.75 ( 90.82)	Lr 1.000e-03 (1.000e-03)
2026-01-26 22:55:19,075 - INFO: Epoch: [8][250/582]	Time  0.031 ( 0.035)	Loss 3.4965e-01 (2.4038e-01)	Acc pseudo  87.50 ( 90.79)	Lr 1.000e-03 (1.000e-03)
2026-01-26 22:55:23,764 - INFO: Epoch: [8][300/582]	Time  0.029 ( 0.035)	Loss 3.7347e-01 (2.4357e-01)	Acc pseudo  87.50 ( 90.65)	Lr 1.000e-03 (1.000e-03)
2026-01-26 22:55:28,455 - INFO: Epoch: [8][350/582]	Time  0.039 ( 0.035)	Loss 2.7837e-01 (2.4597e-01)	Acc pseudo  92.19 ( 90.58)	Lr 1.000e-03 (1.000e-03)
2026-01-26 22:55:33,146 - INFO: Epoch: [8][400/582]	Time  0.036 ( 0.034)	Loss 2.2260e-01 (2.4718e-01)	Acc pseudo  95.31 ( 90.49)	Lr 1.000e-03 (1.000e-03)
2026-01-26 22:55:37,837 - INFO: Epoch: [8][450/582]	Time  0.030 ( 0.034)	Loss 8.8903e-02 (2.4973e-01)	Acc pseudo  96.88 ( 90.38)	Lr 1.000e-03 (1.000e-03)
2026-01-26 22:55:42,526 - INFO: Epoch: [8][500/582]	Time  0.030 ( 0.034)	Loss 1.8985e-01 (2.5011e-01)	Acc pseudo  92.19 ( 90.34)	Lr 1.000e-03 (1.000e-03)
2026-01-26 22:55:47,218 - INFO: Epoch: [8][550/582]	Time  0.030 ( 0.034)	Loss 1.4959e-01 (2.5328e-01)	Acc pseudo  93.75 ( 90.26)	Lr 1.000e-03 (1.000e-03)
2026-01-26 22:55:50,215 - INFO: Round 2, Face Fine-tune Epoch 8: loss=0.2536, acc(pseudo)=90.23%
2026-01-26 22:56:49,990 - INFO: Round 2, Face Fine-tune Epoch 8: acc(valid_pseudo): 0.9667, acc: 0.8754
2026-01-26 22:56:49,991 - INFO: Round 2, Face Fine-tune Epoch 8: No improvement. Patience(epoch): 1/3
2026-01-26 22:56:50,523 - INFO: Epoch: [9][  0/582]	Time  0.486 ( 0.486)	Loss 2.8311e-01 (2.8311e-01)	Acc pseudo  90.62 ( 90.62)	Lr 1.000e-03 (1.000e-03)
2026-01-26 22:56:55,210 - INFO: Epoch: [9][ 50/582]	Time  0.030 ( 0.043)	Loss 1.4288e-01 (2.2324e-01)	Acc pseudo  92.19 ( 90.75)	Lr 1.000e-03 (1.000e-03)
2026-01-26 22:56:59,886 - INFO: Epoch: [9][100/582]	Time  0.042 ( 0.036)	Loss 1.3504e-01 (2.2060e-01)	Acc pseudo  93.75 ( 90.67)	Lr 1.000e-03 (1.000e-03)
2026-01-26 22:57:04,574 - INFO: Epoch: [9][150/582]	Time  0.029 ( 0.035)	Loss 4.9401e-01 (2.3125e-01)	Acc pseudo  84.38 ( 90.39)	Lr 1.000e-03 (1.000e-03)
2026-01-26 22:57:09,266 - INFO: Epoch: [9][200/582]	Time  0.029 ( 0.035)	Loss 1.6965e-01 (2.2522e-01)	Acc pseudo  92.19 ( 90.74)	Lr 1.000e-03 (1.000e-03)
2026-01-26 22:57:13,955 - INFO: Epoch: [9][250/582]	Time  0.033 ( 0.035)	Loss 9.1896e-02 (2.2926e-01)	Acc pseudo  95.31 ( 90.72)	Lr 1.000e-03 (1.000e-03)
2026-01-26 22:57:18,644 - INFO: Epoch: [9][300/582]	Time  0.029 ( 0.034)	Loss 2.4611e-01 (2.3049e-01)	Acc pseudo  89.06 ( 90.70)	Lr 1.000e-03 (1.000e-03)
2026-01-26 22:57:23,332 - INFO: Epoch: [9][350/582]	Time  0.031 ( 0.033)	Loss 2.8281e-01 (2.2873e-01)	Acc pseudo  87.50 ( 90.83)	Lr 1.000e-03 (1.000e-03)
2026-01-26 22:57:28,064 - INFO: Epoch: [9][400/582]	Time  0.042 ( 0.033)	Loss 2.2606e-01 (2.2684e-01)	Acc pseudo  84.38 ( 90.88)	Lr 1.000e-03 (1.000e-03)
2026-01-26 22:57:32,756 - INFO: Epoch: [9][450/582]	Time  0.032 ( 0.033)	Loss 1.0373e-01 (2.2796e-01)	Acc pseudo  96.88 ( 90.90)	Lr 1.000e-03 (1.000e-03)
2026-01-26 22:57:37,448 - INFO: Epoch: [9][500/582]	Time  0.030 ( 0.033)	Loss 1.7084e-01 (2.3057e-01)	Acc pseudo  92.19 ( 90.85)	Lr 1.000e-03 (1.000e-03)
2026-01-26 22:57:42,141 - INFO: Epoch: [9][550/582]	Time  0.034 ( 0.033)	Loss 1.5992e-01 (2.3249e-01)	Acc pseudo  93.75 ( 90.83)	Lr 1.000e-03 (1.000e-03)
2026-01-26 22:57:45,131 - INFO: Round 2, Face Fine-tune Epoch 9: loss=0.2331, acc(pseudo)=90.78%
2026-01-26 22:58:44,214 - INFO: Round 2, Face Fine-tune Epoch 9: acc(valid_pseudo): 0.9681, acc: 0.8763
2026-01-26 22:58:44,214 - INFO: Round 2, Face Fine-tune Epoch 9: No improvement. Patience(epoch): 2/3
2026-01-26 22:58:44,762 - INFO: Epoch: [10][  0/582]	Time  0.515 ( 0.515)	Loss 1.6369e-01 (1.6369e-01)	Acc pseudo  93.75 ( 93.75)	Lr 1.000e-03 (1.000e-03)
2026-01-26 22:58:49,455 - INFO: Epoch: [10][ 50/582]	Time  0.030 ( 0.044)	Loss 2.4008e-01 (2.5366e-01)	Acc pseudo  85.94 ( 90.10)	Lr 1.000e-03 (1.000e-03)
2026-01-26 22:58:54,143 - INFO: Epoch: [10][100/582]	Time  0.029 ( 0.039)	Loss 1.5149e-01 (2.3339e-01)	Acc pseudo  93.75 ( 90.86)	Lr 1.000e-03 (1.000e-03)
2026-01-26 22:58:58,828 - INFO: Epoch: [10][150/582]	Time  0.030 ( 0.036)	Loss 2.6322e-01 (2.3474e-01)	Acc pseudo  87.50 ( 90.88)	Lr 1.000e-03 (1.000e-03)
2026-01-26 22:59:03,514 - INFO: Epoch: [10][200/582]	Time  0.029 ( 0.035)	Loss 2.4498e-01 (2.3633e-01)	Acc pseudo  90.62 ( 90.69)	Lr 1.000e-03 (1.000e-03)
2026-01-26 22:59:08,203 - INFO: Epoch: [10][250/582]	Time  0.029 ( 0.034)	Loss 1.5421e-01 (2.3459e-01)	Acc pseudo  93.75 ( 90.77)	Lr 1.000e-03 (1.000e-03)
2026-01-26 22:59:12,894 - INFO: Epoch: [10][300/582]	Time  0.029 ( 0.033)	Loss 1.1875e-01 (2.3014e-01)	Acc pseudo  95.31 ( 90.87)	Lr 1.000e-03 (1.000e-03)
2026-01-26 22:59:17,585 - INFO: Epoch: [10][350/582]	Time  0.031 ( 0.033)	Loss 5.5323e-01 (2.3222e-01)	Acc pseudo  79.69 ( 90.84)	Lr 1.000e-03 (1.000e-03)
2026-01-26 22:59:22,274 - INFO: Epoch: [10][400/582]	Time  0.030 ( 0.032)	Loss 1.5239e-01 (2.3048e-01)	Acc pseudo  95.31 ( 90.82)	Lr 1.000e-03 (1.000e-03)
2026-01-26 22:59:26,966 - INFO: Epoch: [10][450/582]	Time  0.030 ( 0.032)	Loss 1.3941e-01 (2.2875e-01)	Acc pseudo  93.75 ( 91.00)	Lr 1.000e-03 (1.000e-03)
2026-01-26 22:59:31,657 - INFO: Epoch: [10][500/582]	Time  0.045 ( 0.032)	Loss 2.8523e-01 (2.3081e-01)	Acc pseudo  84.38 ( 90.97)	Lr 1.000e-03 (1.000e-03)
2026-01-26 22:59:36,350 - INFO: Epoch: [10][550/582]	Time  0.034 ( 0.032)	Loss 1.2544e-01 (2.3044e-01)	Acc pseudo  93.75 ( 90.96)	Lr 1.000e-03 (1.000e-03)
2026-01-26 22:59:39,342 - INFO: Round 2, Face Fine-tune Epoch 10: loss=0.2317, acc(pseudo)=90.95%
2026-01-26 23:00:38,647 - INFO: Round 2, Face Fine-tune Epoch 10: acc(valid_pseudo): 0.9707, acc: 0.8754
2026-01-26 23:00:40,886 - INFO: Epoch: [11][  0/582]	Time  0.511 ( 0.511)	Loss 2.2311e-01 (2.2311e-01)	Acc pseudo  93.75 ( 93.75)	Lr 1.000e-03 (1.000e-03)
2026-01-26 23:00:45,576 - INFO: Epoch: [11][ 50/582]	Time  0.042 ( 0.045)	Loss 2.7900e-01 (2.3434e-01)	Acc pseudo  90.62 ( 90.84)	Lr 1.000e-03 (1.000e-03)
2026-01-26 23:00:50,258 - INFO: Epoch: [11][100/582]	Time  0.028 ( 0.040)	Loss 1.6388e-01 (2.2200e-01)	Acc pseudo  90.62 ( 91.12)	Lr 1.000e-03 (1.000e-03)
2026-01-26 23:00:54,937 - INFO: Epoch: [11][150/582]	Time  0.030 ( 0.037)	Loss 2.4804e-01 (2.2019e-01)	Acc pseudo  87.50 ( 91.29)	Lr 1.000e-03 (1.000e-03)
2026-01-26 23:00:59,621 - INFO: Epoch: [11][200/582]	Time  0.041 ( 0.035)	Loss 2.3094e-01 (2.2025e-01)	Acc pseudo  90.62 ( 91.27)	Lr 1.000e-03 (1.000e-03)
2026-01-26 23:01:04,471 - INFO: Epoch: [11][250/582]	Time  0.028 ( 0.035)	Loss 2.0056e-01 (2.1940e-01)	Acc pseudo  93.75 ( 91.22)	Lr 1.000e-03 (1.000e-03)
2026-01-26 23:01:09,161 - INFO: Epoch: [11][300/582]	Time  0.034 ( 0.035)	Loss 2.2923e-01 (2.2137e-01)	Acc pseudo  89.06 ( 91.15)	Lr 1.000e-03 (1.000e-03)
2026-01-26 23:01:13,852 - INFO: Epoch: [11][350/582]	Time  0.033 ( 0.035)	Loss 1.6395e-01 (2.2555e-01)	Acc pseudo  92.19 ( 91.03)	Lr 1.000e-03 (1.000e-03)
2026-01-26 23:01:18,549 - INFO: Epoch: [11][400/582]	Time  0.045 ( 0.035)	Loss 3.1131e-01 (2.2409e-01)	Acc pseudo  87.50 ( 91.08)	Lr 1.000e-03 (1.000e-03)
2026-01-26 23:01:23,251 - INFO: Epoch: [11][450/582]	Time  0.045 ( 0.036)	Loss 1.4857e-01 (2.2329e-01)	Acc pseudo  92.19 ( 91.08)	Lr 1.000e-03 (1.000e-03)
2026-01-26 23:01:27,952 - INFO: Epoch: [11][500/582]	Time  0.043 ( 0.037)	Loss 2.2291e-01 (2.2309e-01)	Acc pseudo  89.06 ( 91.03)	Lr 1.000e-03 (1.000e-03)
2026-01-26 23:01:32,654 - INFO: Epoch: [11][550/582]	Time  0.045 ( 0.038)	Loss 3.0974e-01 (2.2324e-01)	Acc pseudo  90.62 ( 90.96)	Lr 1.000e-03 (1.000e-03)
2026-01-26 23:01:35,653 - INFO: Round 2, Face Fine-tune Epoch 11: loss=0.2229, acc(pseudo)=90.99%
2026-01-26 23:02:36,978 - INFO: Round 2, Face Fine-tune Epoch 11: acc(valid_pseudo): 0.9716, acc: 0.8744
2026-01-26 23:02:39,091 - INFO: Epoch: [12][  0/582]	Time  0.496 ( 0.496)	Loss 8.7049e-02 (8.7049e-02)	Acc pseudo  98.44 ( 98.44)	Lr 1.000e-03 (1.000e-03)
2026-01-26 23:02:43,776 - INFO: Epoch: [12][ 50/582]	Time  0.028 ( 0.042)	Loss 1.1830e-01 (2.2821e-01)	Acc pseudo  93.75 ( 91.21)	Lr 1.000e-03 (1.000e-03)
2026-01-26 23:02:48,454 - INFO: Epoch: [12][100/582]	Time  0.029 ( 0.036)	Loss 1.7864e-01 (2.1942e-01)	Acc pseudo  87.50 ( 91.35)	Lr 1.000e-03 (1.000e-03)
2026-01-26 23:02:53,132 - INFO: Epoch: [12][150/582]	Time  0.029 ( 0.034)	Loss 7.2683e-02 (2.2349e-01)	Acc pseudo  96.88 ( 91.21)	Lr 1.000e-03 (1.000e-03)
2026-01-26 23:02:57,820 - INFO: Epoch: [12][200/582]	Time  0.038 ( 0.033)	Loss 1.3504e-01 (2.2538e-01)	Acc pseudo  96.88 ( 91.21)	Lr 1.000e-03 (1.000e-03)
2026-01-26 23:03:02,510 - INFO: Epoch: [12][250/582]	Time  0.033 ( 0.033)	Loss 2.4327e-01 (2.2754e-01)	Acc pseudo  90.62 ( 91.15)	Lr 1.000e-03 (1.000e-03)
2026-01-26 23:03:07,200 - INFO: Epoch: [12][300/582]	Time  0.029 ( 0.032)	Loss 1.8209e-01 (2.2553e-01)	Acc pseudo  89.06 ( 91.17)	Lr 1.000e-03 (1.000e-03)
2026-01-26 23:03:11,886 - INFO: Epoch: [12][350/582]	Time  0.029 ( 0.032)	Loss 2.9299e-01 (2.2823e-01)	Acc pseudo  87.50 ( 91.05)	Lr 1.000e-03 (1.000e-03)
2026-01-26 23:03:16,597 - INFO: Epoch: [12][400/582]	Time  0.030 ( 0.032)	Loss 3.7097e-01 (2.2920e-01)	Acc pseudo  82.81 ( 91.03)	Lr 1.000e-03 (1.000e-03)
2026-01-26 23:03:21,286 - INFO: Epoch: [12][450/582]	Time  0.036 ( 0.032)	Loss 2.0191e-01 (2.2942e-01)	Acc pseudo  90.62 ( 90.99)	Lr 1.000e-03 (1.000e-03)
2026-01-26 23:03:25,977 - INFO: Epoch: [12][500/582]	Time  0.029 ( 0.032)	Loss 2.0515e-01 (2.3093e-01)	Acc pseudo  89.06 ( 90.96)	Lr 1.000e-03 (1.000e-03)
2026-01-26 23:03:30,669 - INFO: Epoch: [12][550/582]	Time  0.030 ( 0.032)	Loss 3.2621e-01 (2.3042e-01)	Acc pseudo  90.62 ( 90.95)	Lr 1.000e-03 (1.000e-03)
2026-01-26 23:03:33,661 - INFO: Round 2, Face Fine-tune Epoch 12: loss=0.2294, acc(pseudo)=90.93%
2026-01-26 23:04:33,109 - INFO: Round 2, Face Fine-tune Epoch 12: acc(valid_pseudo): 0.9706, acc: 0.8744
2026-01-26 23:04:33,110 - INFO: Round 2, Face Fine-tune Epoch 12: No improvement. Patience(epoch): 1/3
2026-01-26 23:04:33,682 - INFO: Epoch: [13][  0/582]	Time  0.535 ( 0.535)	Loss 1.7441e-01 (1.7441e-01)	Acc pseudo  90.62 ( 90.62)	Lr 1.000e-03 (1.000e-03)
2026-01-26 23:04:38,376 - INFO: Epoch: [13][ 50/582]	Time  0.031 ( 0.044)	Loss 1.1749e-01 (2.0705e-01)	Acc pseudo  96.88 ( 91.54)	Lr 1.000e-03 (1.000e-03)
2026-01-26 23:04:43,058 - INFO: Epoch: [13][100/582]	Time  0.028 ( 0.037)	Loss 2.6764e-01 (2.0155e-01)	Acc pseudo  87.50 ( 91.79)	Lr 1.000e-03 (1.000e-03)
2026-01-26 23:04:47,745 - INFO: Epoch: [13][150/582]	Time  0.029 ( 0.035)	Loss 4.5631e-01 (2.0927e-01)	Acc pseudo  89.06 ( 91.59)	Lr 1.000e-03 (1.000e-03)
2026-01-26 23:04:52,435 - INFO: Epoch: [13][200/582]	Time  0.028 ( 0.033)	Loss 4.3449e-01 (2.1244e-01)	Acc pseudo  85.94 ( 91.36)	Lr 1.000e-03 (1.000e-03)
2026-01-26 23:04:57,187 - INFO: Epoch: [13][250/582]	Time  0.034 ( 0.033)	Loss 2.3259e-01 (2.0957e-01)	Acc pseudo  92.19 ( 91.32)	Lr 1.000e-03 (1.000e-03)
2026-01-26 23:05:02,072 - INFO: Epoch: [13][300/582]	Time  0.184 ( 0.033)	Loss 1.9701e-01 (2.0836e-01)	Acc pseudo  92.19 ( 91.35)	Lr 1.000e-03 (1.000e-03)
2026-01-26 23:05:06,761 - INFO: Epoch: [13][350/582]	Time  0.035 ( 0.033)	Loss 2.0420e-01 (2.0844e-01)	Acc pseudo  90.62 ( 91.35)	Lr 1.000e-03 (1.000e-03)
2026-01-26 23:05:11,454 - INFO: Epoch: [13][400/582]	Time  0.036 ( 0.033)	Loss 2.6934e-01 (2.0954e-01)	Acc pseudo  85.94 ( 91.34)	Lr 1.000e-03 (1.000e-03)
2026-01-26 23:05:16,143 - INFO: Epoch: [13][450/582]	Time  0.028 ( 0.033)	Loss 3.5265e-01 (2.0839e-01)	Acc pseudo  84.38 ( 91.31)	Lr 1.000e-03 (1.000e-03)
2026-01-26 23:05:20,832 - INFO: Epoch: [13][500/582]	Time  0.028 ( 0.033)	Loss 2.5107e-01 (2.1372e-01)	Acc pseudo  93.75 ( 91.20)	Lr 1.000e-03 (1.000e-03)
2026-01-26 23:05:25,524 - INFO: Epoch: [13][550/582]	Time  0.033 ( 0.032)	Loss 1.4764e-01 (2.1460e-01)	Acc pseudo  92.19 ( 91.15)	Lr 1.000e-03 (1.000e-03)
2026-01-26 23:05:28,523 - INFO: Round 2, Face Fine-tune Epoch 13: loss=0.2156, acc(pseudo)=91.14%
2026-01-26 23:06:28,635 - INFO: Round 2, Face Fine-tune Epoch 13: acc(valid_pseudo): 0.9690, acc: 0.8793
2026-01-26 23:06:28,636 - INFO: Round 2, Face Fine-tune Epoch 13: No improvement. Patience(epoch): 2/3
2026-01-26 23:06:29,220 - INFO: Epoch: [14][  0/582]	Time  0.531 ( 0.531)	Loss 2.9440e-01 (2.9440e-01)	Acc pseudo  89.06 ( 89.06)	Lr 1.000e-03 (1.000e-03)
2026-01-26 23:06:33,912 - INFO: Epoch: [14][ 50/582]	Time  0.031 ( 0.041)	Loss 3.9685e-01 (2.2033e-01)	Acc pseudo  87.50 ( 92.13)	Lr 1.000e-03 (1.000e-03)
2026-01-26 23:06:38,597 - INFO: Epoch: [14][100/582]	Time  0.038 ( 0.036)	Loss 7.4448e-02 (2.1646e-01)	Acc pseudo  96.88 ( 91.92)	Lr 1.000e-03 (1.000e-03)
2026-01-26 23:06:43,282 - INFO: Epoch: [14][150/582]	Time  0.028 ( 0.034)	Loss 9.1344e-02 (2.1157e-01)	Acc pseudo  90.62 ( 91.85)	Lr 1.000e-03 (1.000e-03)
2026-01-26 23:06:47,966 - INFO: Epoch: [14][200/582]	Time  0.029 ( 0.032)	Loss 3.2978e-01 (2.1809e-01)	Acc pseudo  87.50 ( 91.59)	Lr 1.000e-03 (1.000e-03)
2026-01-26 23:06:52,652 - INFO: Epoch: [14][250/582]	Time  0.031 ( 0.032)	Loss 1.5792e-01 (2.1655e-01)	Acc pseudo  92.19 ( 91.42)	Lr 1.000e-03 (1.000e-03)
2026-01-26 23:06:57,339 - INFO: Epoch: [14][300/582]	Time  0.029 ( 0.031)	Loss 2.2063e-01 (2.1474e-01)	Acc pseudo  92.19 ( 91.59)	Lr 1.000e-03 (1.000e-03)
2026-01-26 23:07:02,027 - INFO: Epoch: [14][350/582]	Time  0.031 ( 0.031)	Loss 2.4694e-01 (2.1311e-01)	Acc pseudo  90.62 ( 91.59)	Lr 1.000e-03 (1.000e-03)
2026-01-26 23:07:06,718 - INFO: Epoch: [14][400/582]	Time  0.035 ( 0.031)	Loss 2.1484e-01 (2.1298e-01)	Acc pseudo  90.62 ( 91.60)	Lr 1.000e-03 (1.000e-03)
2026-01-26 23:07:11,412 - INFO: Epoch: [14][450/582]	Time  0.031 ( 0.031)	Loss 1.4614e-01 (2.1556e-01)	Acc pseudo  92.19 ( 91.47)	Lr 1.000e-03 (1.000e-03)
2026-01-26 23:07:16,105 - INFO: Epoch: [14][500/582]	Time  0.031 ( 0.032)	Loss 2.6857e-01 (2.1732e-01)	Acc pseudo  90.62 ( 91.32)	Lr 1.000e-03 (1.000e-03)
2026-01-26 23:07:20,798 - INFO: Epoch: [14][550/582]	Time  0.042 ( 0.031)	Loss 3.0738e-01 (2.1953e-01)	Acc pseudo  89.06 ( 91.25)	Lr 1.000e-03 (1.000e-03)
2026-01-26 23:07:23,786 - INFO: Round 2, Face Fine-tune Epoch 14: loss=0.2195, acc(pseudo)=91.24%
2026-01-26 23:08:23,915 - INFO: Round 2, Face Fine-tune Epoch 14: acc(valid_pseudo): 0.9732, acc: 0.8734
2026-01-26 23:08:26,003 - INFO: Epoch: [15][  0/582]	Time  0.517 ( 0.517)	Loss 1.4358e-01 (1.4358e-01)	Acc pseudo  92.19 ( 92.19)	Lr 1.000e-03 (1.000e-03)
2026-01-26 23:08:30,687 - INFO: Epoch: [15][ 50/582]	Time  0.031 ( 0.042)	Loss 2.6620e-01 (2.1562e-01)	Acc pseudo  85.94 ( 91.12)	Lr 1.000e-03 (1.000e-03)
2026-01-26 23:08:35,371 - INFO: Epoch: [15][100/582]	Time  0.028 ( 0.038)	Loss 1.7032e-01 (2.0628e-01)	Acc pseudo  89.06 ( 91.49)	Lr 1.000e-03 (1.000e-03)
2026-01-26 23:08:40,059 - INFO: Epoch: [15][150/582]	Time  0.033 ( 0.035)	Loss 2.2117e-01 (2.0886e-01)	Acc pseudo  89.06 ( 91.56)	Lr 1.000e-03 (1.000e-03)
2026-01-26 23:08:44,747 - INFO: Epoch: [15][200/582]	Time  0.028 ( 0.035)	Loss 1.1066e-01 (2.1294e-01)	Acc pseudo  96.88 ( 91.60)	Lr 1.000e-03 (1.000e-03)
2026-01-26 23:08:49,434 - INFO: Epoch: [15][250/582]	Time  0.028 ( 0.033)	Loss 2.3166e-01 (2.1774e-01)	Acc pseudo  87.50 ( 91.46)	Lr 1.000e-03 (1.000e-03)
2026-01-26 23:08:54,123 - INFO: Epoch: [15][300/582]	Time  0.029 ( 0.033)	Loss 3.5726e-01 (2.1697e-01)	Acc pseudo  89.06 ( 91.51)	Lr 1.000e-03 (1.000e-03)
2026-01-26 23:08:58,957 - INFO: Epoch: [15][350/582]	Time  0.029 ( 0.033)	Loss 3.0675e-01 (2.1305e-01)	Acc pseudo  89.06 ( 91.70)	Lr 1.000e-03 (1.000e-03)
2026-01-26 23:09:03,744 - INFO: Epoch: [15][400/582]	Time  0.038 ( 0.033)	Loss 2.1537e-01 (2.1414e-01)	Acc pseudo  90.62 ( 91.62)	Lr 1.000e-03 (1.000e-03)
2026-01-26 23:09:08,441 - INFO: Epoch: [15][450/582]	Time  0.044 ( 0.034)	Loss 3.8140e-01 (2.1342e-01)	Acc pseudo  82.81 ( 91.58)	Lr 1.000e-03 (1.000e-03)
2026-01-26 23:09:13,135 - INFO: Epoch: [15][500/582]	Time  0.029 ( 0.034)	Loss 1.5408e-01 (2.1428e-01)	Acc pseudo  95.31 ( 91.52)	Lr 1.000e-03 (1.000e-03)
2026-01-26 23:09:17,823 - INFO: Epoch: [15][550/582]	Time  0.028 ( 0.033)	Loss 1.7807e-01 (2.1297e-01)	Acc pseudo  90.62 ( 91.52)	Lr 1.000e-03 (1.000e-03)
2026-01-26 23:09:20,815 - INFO: Round 2, Face Fine-tune Epoch 15: loss=0.2131, acc(pseudo)=91.51%
2026-01-26 23:10:20,624 - INFO: Round 2, Face Fine-tune Epoch 15: acc(valid_pseudo): 0.9727, acc: 0.8763
2026-01-26 23:10:20,624 - INFO: Round 2, Face Fine-tune Epoch 15: No improvement. Patience(epoch): 1/3
2026-01-26 23:10:21,228 - INFO: Epoch: [16][  0/582]	Time  0.551 ( 0.551)	Loss 1.4354e-01 (1.4354e-01)	Acc pseudo  90.62 ( 90.62)	Lr 1.000e-03 (1.000e-03)
2026-01-26 23:10:25,913 - INFO: Epoch: [16][ 50/582]	Time  0.030 ( 0.041)	Loss 2.4584e-01 (1.8759e-01)	Acc pseudo  90.62 ( 92.31)	Lr 1.000e-03 (1.000e-03)
2026-01-26 23:10:30,599 - INFO: Epoch: [16][100/582]	Time  0.030 ( 0.036)	Loss 1.2936e-01 (1.8900e-01)	Acc pseudo  95.31 ( 92.08)	Lr 1.000e-03 (1.000e-03)
2026-01-26 23:10:35,288 - INFO: Epoch: [16][150/582]	Time  0.031 ( 0.035)	Loss 6.8549e-01 (2.0653e-01)	Acc pseudo  78.12 ( 91.86)	Lr 1.000e-03 (1.000e-03)
2026-01-26 23:10:39,978 - INFO: Epoch: [16][200/582]	Time  0.029 ( 0.035)	Loss 3.2988e-01 (2.0528e-01)	Acc pseudo  89.06 ( 91.64)	Lr 1.000e-03 (1.000e-03)
2026-01-26 23:10:44,670 - INFO: Epoch: [16][250/582]	Time  0.038 ( 0.034)	Loss 1.7646e-01 (2.0363e-01)	Acc pseudo  93.75 ( 91.78)	Lr 1.000e-03 (1.000e-03)
2026-01-26 23:10:49,364 - INFO: Epoch: [16][300/582]	Time  0.032 ( 0.034)	Loss 4.2138e-01 (2.0376e-01)	Acc pseudo  82.81 ( 91.80)	Lr 1.000e-03 (1.000e-03)
2026-01-26 23:10:54,179 - INFO: Epoch: [16][350/582]	Time  0.040 ( 0.034)	Loss 1.7731e-01 (2.0552e-01)	Acc pseudo  92.19 ( 91.77)	Lr 1.000e-03 (1.000e-03)
2026-01-26 23:10:58,926 - INFO: Epoch: [16][400/582]	Time  0.046 ( 0.034)	Loss 1.4113e-01 (2.0497e-01)	Acc pseudo  98.44 ( 91.77)	Lr 1.000e-03 (1.000e-03)
2026-01-26 23:11:03,713 - INFO: Epoch: [16][450/582]	Time  0.029 ( 0.034)	Loss 1.5758e-01 (2.0704e-01)	Acc pseudo  92.19 ( 91.69)	Lr 1.000e-03 (1.000e-03)
2026-01-26 23:11:08,407 - INFO: Epoch: [16][500/582]	Time  0.027 ( 0.034)	Loss 2.6985e-01 (2.0788e-01)	Acc pseudo  87.50 ( 91.64)	Lr 1.000e-03 (1.000e-03)
2026-01-26 23:11:13,100 - INFO: Epoch: [16][550/582]	Time  0.028 ( 0.033)	Loss 2.3697e-01 (2.0917e-01)	Acc pseudo  84.38 ( 91.52)	Lr 1.000e-03 (1.000e-03)
2026-01-26 23:11:16,089 - INFO: Round 2, Face Fine-tune Epoch 16: loss=0.2102, acc(pseudo)=91.51%
2026-01-26 23:12:15,743 - INFO: Round 2, Face Fine-tune Epoch 16: acc(valid_pseudo): 0.9738, acc: 0.8724
2026-01-26 23:12:17,989 - INFO: Epoch: [17][  0/582]	Time  0.501 ( 0.501)	Loss 2.2556e-01 (2.2556e-01)	Acc pseudo  90.62 ( 90.62)	Lr 1.000e-03 (1.000e-03)
2026-01-26 23:12:22,676 - INFO: Epoch: [17][ 50/582]	Time  0.041 ( 0.040)	Loss 4.4670e-01 (2.0016e-01)	Acc pseudo  87.50 ( 91.97)	Lr 1.000e-03 (1.000e-03)
2026-01-26 23:12:27,373 - INFO: Epoch: [17][100/582]	Time  0.028 ( 0.036)	Loss 1.6262e-01 (2.0780e-01)	Acc pseudo  92.19 ( 91.88)	Lr 1.000e-03 (1.000e-03)
2026-01-26 23:12:32,057 - INFO: Epoch: [17][150/582]	Time  0.028 ( 0.033)	Loss 1.3618e-01 (2.0937e-01)	Acc pseudo  92.19 ( 91.63)	Lr 1.000e-03 (1.000e-03)
2026-01-26 23:12:36,745 - INFO: Epoch: [17][200/582]	Time  0.031 ( 0.033)	Loss 1.1674e-01 (2.0502e-01)	Acc pseudo  95.31 ( 91.76)	Lr 1.000e-03 (1.000e-03)
2026-01-26 23:12:41,434 - INFO: Epoch: [17][250/582]	Time  0.031 ( 0.033)	Loss 2.0512e-01 (2.1027e-01)	Acc pseudo  92.19 ( 91.62)	Lr 1.000e-03 (1.000e-03)
2026-01-26 23:12:46,123 - INFO: Epoch: [17][300/582]	Time  0.030 ( 0.033)	Loss 2.0885e-01 (2.0875e-01)	Acc pseudo  90.62 ( 91.61)	Lr 1.000e-03 (1.000e-03)
2026-01-26 23:12:50,815 - INFO: Epoch: [17][350/582]	Time  0.044 ( 0.033)	Loss 5.7396e-02 (2.0531e-01)	Acc pseudo 100.00 ( 91.67)	Lr 1.000e-03 (1.000e-03)
2026-01-26 23:12:55,506 - INFO: Epoch: [17][400/582]	Time  0.030 ( 0.033)	Loss 4.0751e-01 (2.0537e-01)	Acc pseudo  85.94 ( 91.64)	Lr 1.000e-03 (1.000e-03)
2026-01-26 23:13:00,194 - INFO: Epoch: [17][450/582]	Time  0.028 ( 0.033)	Loss 2.0394e-01 (2.0397e-01)	Acc pseudo  89.06 ( 91.67)	Lr 1.000e-03 (1.000e-03)
2026-01-26 23:13:04,884 - INFO: Epoch: [17][500/582]	Time  0.030 ( 0.032)	Loss 4.4792e-01 (2.0447e-01)	Acc pseudo  84.38 ( 91.64)	Lr 1.000e-03 (1.000e-03)
2026-01-26 23:13:09,577 - INFO: Epoch: [17][550/582]	Time  0.030 ( 0.032)	Loss 4.8054e-01 (2.0601e-01)	Acc pseudo  85.94 ( 91.61)	Lr 1.000e-03 (1.000e-03)
2026-01-26 23:13:12,569 - INFO: Round 2, Face Fine-tune Epoch 17: loss=0.2058, acc(pseudo)=91.61%
2026-01-26 23:14:12,005 - INFO: Round 2, Face Fine-tune Epoch 17: acc(valid_pseudo): 0.9751, acc: 0.8734
2026-01-26 23:14:14,038 - INFO: Epoch: [18][  0/582]	Time  0.513 ( 0.513)	Loss 3.5439e-01 (3.5439e-01)	Acc pseudo  90.62 ( 90.62)	Lr 1.000e-03 (1.000e-03)
2026-01-26 23:14:18,726 - INFO: Epoch: [18][ 50/582]	Time  0.030 ( 0.044)	Loss 3.1994e-01 (1.9295e-01)	Acc pseudo  87.50 ( 92.13)	Lr 1.000e-03 (1.000e-03)
2026-01-26 23:14:23,414 - INFO: Epoch: [18][100/582]	Time  0.032 ( 0.039)	Loss 2.6879e-01 (2.0223e-01)	Acc pseudo  90.62 ( 92.30)	Lr 1.000e-03 (1.000e-03)
2026-01-26 23:14:28,104 - INFO: Epoch: [18][150/582]	Time  0.034 ( 0.037)	Loss 2.0383e-01 (2.0131e-01)	Acc pseudo  90.62 ( 92.18)	Lr 1.000e-03 (1.000e-03)
2026-01-26 23:14:32,790 - INFO: Epoch: [18][200/582]	Time  0.028 ( 0.035)	Loss 1.4548e-01 (1.9832e-01)	Acc pseudo  95.31 ( 92.07)	Lr 1.000e-03 (1.000e-03)
2026-01-26 23:14:37,476 - INFO: Epoch: [18][250/582]	Time  0.029 ( 0.034)	Loss 1.7807e-01 (2.0318e-01)	Acc pseudo  92.19 ( 91.94)	Lr 1.000e-03 (1.000e-03)
2026-01-26 23:14:42,168 - INFO: Epoch: [18][300/582]	Time  0.043 ( 0.034)	Loss 2.2037e-01 (2.0391e-01)	Acc pseudo  90.62 ( 91.82)	Lr 1.000e-03 (1.000e-03)
2026-01-26 23:14:46,869 - INFO: Epoch: [18][350/582]	Time  0.043 ( 0.035)	Loss 2.2300e-01 (2.0362e-01)	Acc pseudo  90.62 ( 91.79)	Lr 1.000e-03 (1.000e-03)
2026-01-26 23:14:51,595 - INFO: Epoch: [18][400/582]	Time  0.031 ( 0.035)	Loss 1.3692e-01 (2.0417e-01)	Acc pseudo  92.19 ( 91.78)	Lr 1.000e-03 (1.000e-03)
2026-01-26 23:14:56,286 - INFO: Epoch: [18][450/582]	Time  0.029 ( 0.035)	Loss 1.6210e-01 (2.0601e-01)	Acc pseudo  89.06 ( 91.71)	Lr 1.000e-03 (1.000e-03)
2026-01-26 23:15:00,974 - INFO: Epoch: [18][500/582]	Time  0.029 ( 0.034)	Loss 3.5431e-01 (2.0789e-01)	Acc pseudo  82.81 ( 91.65)	Lr 1.000e-03 (1.000e-03)
2026-01-26 23:15:05,664 - INFO: Epoch: [18][550/582]	Time  0.028 ( 0.034)	Loss 2.7102e-01 (2.0819e-01)	Acc pseudo  85.94 ( 91.66)	Lr 1.000e-03 (1.000e-03)
2026-01-26 23:15:08,650 - INFO: Round 2, Face Fine-tune Epoch 18: loss=0.2073, acc(pseudo)=91.67%
2026-01-26 23:16:08,151 - INFO: Round 2, Face Fine-tune Epoch 18: acc(valid_pseudo): 0.9757, acc: 0.8783
2026-01-26 23:16:10,091 - INFO: Epoch: [19][  0/582]	Time  0.486 ( 0.486)	Loss 1.6086e-01 (1.6086e-01)	Acc pseudo  89.06 ( 89.06)	Lr 1.000e-03 (1.000e-03)
2026-01-26 23:16:14,780 - INFO: Epoch: [19][ 50/582]	Time  0.029 ( 0.042)	Loss 1.6873e-01 (1.8287e-01)	Acc pseudo  92.19 ( 92.00)	Lr 1.000e-03 (1.000e-03)
2026-01-26 23:16:19,465 - INFO: Epoch: [19][100/582]	Time  0.028 ( 0.037)	Loss 2.3718e-01 (1.9979e-01)	Acc pseudo  90.62 ( 91.63)	Lr 1.000e-03 (1.000e-03)
2026-01-26 23:16:24,155 - INFO: Epoch: [19][150/582]	Time  0.029 ( 0.035)	Loss 9.0586e-02 (2.0099e-01)	Acc pseudo  95.31 ( 91.66)	Lr 1.000e-03 (1.000e-03)
2026-01-26 23:16:28,845 - INFO: Epoch: [19][200/582]	Time  0.034 ( 0.034)	Loss 2.7938e-01 (1.9971e-01)	Acc pseudo  89.06 ( 91.74)	Lr 1.000e-03 (1.000e-03)
2026-01-26 23:16:33,537 - INFO: Epoch: [19][250/582]	Time  0.037 ( 0.035)	Loss 2.0422e-01 (2.0107e-01)	Acc pseudo  92.19 ( 91.79)	Lr 1.000e-03 (1.000e-03)
2026-01-26 23:16:38,227 - INFO: Epoch: [19][300/582]	Time  0.032 ( 0.035)	Loss 1.7131e-01 (2.0499e-01)	Acc pseudo  93.75 ( 91.67)	Lr 1.000e-03 (1.000e-03)
2026-01-26 23:16:42,915 - INFO: Epoch: [19][350/582]	Time  0.028 ( 0.034)	Loss 1.6729e-01 (2.0340e-01)	Acc pseudo  95.31 ( 91.72)	Lr 1.000e-03 (1.000e-03)
2026-01-26 23:16:47,605 - INFO: Epoch: [19][400/582]	Time  0.033 ( 0.034)	Loss 1.8419e-01 (2.0341e-01)	Acc pseudo  89.06 ( 91.76)	Lr 1.000e-03 (1.000e-03)
2026-01-26 23:16:52,295 - INFO: Epoch: [19][450/582]	Time  0.028 ( 0.034)	Loss 2.0846e-01 (2.0528e-01)	Acc pseudo  93.75 ( 91.72)	Lr 1.000e-03 (1.000e-03)
2026-01-26 23:16:56,981 - INFO: Epoch: [19][500/582]	Time  0.028 ( 0.033)	Loss 2.8699e-01 (2.0597e-01)	Acc pseudo  93.75 ( 91.67)	Lr 1.000e-03 (1.000e-03)
2026-01-26 23:17:01,665 - INFO: Epoch: [19][550/582]	Time  0.028 ( 0.033)	Loss 9.7169e-02 (2.0484e-01)	Acc pseudo  93.75 ( 91.69)	Lr 1.000e-03 (1.000e-03)
2026-01-26 23:17:04,723 - INFO: Round 2, Face Fine-tune Epoch 19: loss=0.2056, acc(pseudo)=91.66%
2026-01-26 23:18:04,449 - INFO: Round 2, Face Fine-tune Epoch 19: acc(valid_pseudo): 0.9750, acc: 0.8793
2026-01-26 23:18:04,450 - INFO: Round 2, Face Fine-tune Epoch 19: No improvement. Patience(epoch): 1/3
2026-01-26 23:18:04,451 - INFO: Round 2: Best face fine-tuned epoch=18, acc(valid_pseudo)=0.9757
2026-01-26 23:18:04,561 - INFO: Using HMM model from previous round: runs/I love my family/exp_video_overlap/result/self_supervised/exp0/round1/pseudo_label/hmm_params.pkl
2026-01-27 00:43:35,798 - INFO: Round 2: speaker_acc=0.8490
2026-01-27 00:43:35,809 - INFO: Round 2: face_acc=0.8793
2026-01-27 00:43:35,813 - INFO: ====================
2026-01-27 00:43:35,813 - INFO: Round 3: Fine-tuning iteration
2026-01-27 00:43:35,813 - INFO: ====================
2026-01-27 00:43:35,913 - INFO: Round 3 Part 1: Fine-tuning embedding model
2026-01-27 00:43:35,913 - INFO: Using pseudo-label file: runs/I love my family/exp_video_overlap/result/self_supervised/exp0/round2/pseudo_label/pseudo_labels_audio_nested_hmm_full(unreliable_pp=100.0).json
2026-01-27 00:43:36,069 - INFO: For training, Using face pseudo-label file: runs/I love my family/exp_video_overlap/result/self_supervised/exp0/round2/pseudo_label/pseudo_labels_faces_mid_frame_train_nested_hmm_full.json
2026-01-27 00:43:36,070 - INFO: For infering, Using face pseudo-label file: runs/I love my family/exp_video_overlap/result/self_supervised/exp0/round2/pseudo_label/pseudo_labels_faces_mid_frame_all_nested_hmm_full.json
2026-01-27 00:43:36,246 - INFO: Created face dataloader with 37219 samples
2026-01-27 00:43:36,266 - INFO: Fine-tuning speaker embedding model for 20 epochs...
2026-01-27 00:43:37,228 - INFO: Epoch: [0][  0/301]	Time  0.925 ( 0.925)	Loss 7.6525e-01 (7.6525e-01)	Acc pseudo  89.06 ( 89.06)	Lr 1.000e-03 (1.000e-03)
2026-01-27 00:43:37,423 - INFO: Epoch: [0][ 50/301]	Time  0.003 ( 0.022)	Loss 6.4443e-01 (5.1647e-01)	Acc pseudo  82.81 ( 84.62)	Lr 1.000e-03 (1.000e-03)
2026-01-27 00:43:37,582 - INFO: Epoch: [0][100/301]	Time  0.003 ( 0.013)	Loss 6.5429e-01 (5.0823e-01)	Acc pseudo  87.50 ( 84.89)	Lr 1.000e-03 (1.000e-03)
2026-01-27 00:43:37,739 - INFO: Epoch: [0][150/301]	Time  0.003 ( 0.009)	Loss 5.7812e-01 (5.1897e-01)	Acc pseudo  81.25 ( 84.40)	Lr 1.000e-03 (1.000e-03)
2026-01-27 00:43:37,907 - INFO: Epoch: [0][200/301]	Time  0.003 ( 0.008)	Loss 4.2546e-01 (5.2009e-01)	Acc pseudo  87.50 ( 84.46)	Lr 1.000e-03 (1.000e-03)
2026-01-27 00:43:38,062 - INFO: Epoch: [0][250/301]	Time  0.003 ( 0.007)	Loss 4.2828e-01 (5.2117e-01)	Acc pseudo  87.50 ( 84.31)	Lr 1.000e-03 (1.000e-03)
2026-01-27 00:43:38,208 - INFO: Epoch: [0][300/301]	Time  0.003 ( 0.006)	Loss 5.0108e-01 (5.2409e-01)	Acc pseudo  88.00 ( 84.32)	Lr 1.000e-03 (1.000e-03)
2026-01-27 00:43:38,279 - INFO: Round 3, Fine-tune Epoch 0: loss=0.5241, acc(pseudo)=84.32%
2026-01-27 00:43:47,188 - INFO: Round 3, Fine-tune Epoch 0: acc(valid_pseudo): 0.9538, acc: 0.8125
2026-01-27 00:43:48,454 - INFO: Epoch: [1][  0/301]	Time  0.416 ( 0.416)	Loss 4.6537e-01 (4.6537e-01)	Acc pseudo  82.81 ( 82.81)	Lr 1.000e-03 (1.000e-03)
2026-01-27 00:43:48,694 - INFO: Epoch: [1][ 50/301]	Time  0.004 ( 0.013)	Loss 3.5282e-01 (4.6150e-01)	Acc pseudo  90.62 ( 85.54)	Lr 1.000e-03 (1.000e-03)
2026-01-27 00:43:48,890 - INFO: Epoch: [1][100/301]	Time  0.003 ( 0.008)	Loss 5.6838e-01 (4.7474e-01)	Acc pseudo  81.25 ( 85.66)	Lr 1.000e-03 (1.000e-03)
2026-01-27 00:43:49,066 - INFO: Epoch: [1][150/301]	Time  0.004 ( 0.007)	Loss 5.1599e-01 (4.7953e-01)	Acc pseudo  81.25 ( 85.52)	Lr 1.000e-03 (1.000e-03)
2026-01-27 00:43:49,239 - INFO: Epoch: [1][200/301]	Time  0.003 ( 0.006)	Loss 6.8285e-01 (4.7870e-01)	Acc pseudo  79.69 ( 85.56)	Lr 1.000e-03 (1.000e-03)
2026-01-27 00:43:49,418 - INFO: Epoch: [1][250/301]	Time  0.004 ( 0.005)	Loss 3.3382e-01 (4.8133e-01)	Acc pseudo  87.50 ( 85.39)	Lr 1.000e-03 (1.000e-03)
2026-01-27 00:43:49,585 - INFO: Epoch: [1][300/301]	Time  0.002 ( 0.005)	Loss 5.8085e-01 (4.8283e-01)	Acc pseudo  76.00 ( 85.33)	Lr 1.000e-03 (1.000e-03)
2026-01-27 00:43:49,661 - INFO: Round 3, Fine-tune Epoch 1: loss=0.4828, acc(pseudo)=85.33%
2026-01-27 00:43:57,998 - INFO: Round 3, Fine-tune Epoch 1: acc(valid_pseudo): 0.9656, acc: 0.8220
2026-01-27 00:43:59,079 - INFO: Epoch: [2][  0/301]	Time  0.256 ( 0.256)	Loss 8.2910e-01 (8.2910e-01)	Acc pseudo  81.25 ( 81.25)	Lr 1.000e-03 (1.000e-03)
2026-01-27 00:43:59,271 - INFO: Epoch: [2][ 50/301]	Time  0.003 ( 0.009)	Loss 1.8536e-01 (4.4360e-01)	Acc pseudo  95.31 ( 85.75)	Lr 1.000e-03 (1.000e-03)
2026-01-27 00:43:59,438 - INFO: Epoch: [2][100/301]	Time  0.004 ( 0.006)	Loss 1.0049e+00 (4.3719e-01)	Acc pseudo  89.06 ( 86.45)	Lr 1.000e-03 (1.000e-03)
2026-01-27 00:43:59,600 - INFO: Epoch: [2][150/301]	Time  0.003 ( 0.005)	Loss 2.7710e-01 (4.3692e-01)	Acc pseudo  89.06 ( 86.22)	Lr 1.000e-03 (1.000e-03)
2026-01-27 00:43:59,757 - INFO: Epoch: [2][200/301]	Time  0.003 ( 0.005)	Loss 2.5639e-01 (4.3709e-01)	Acc pseudo  93.75 ( 86.32)	Lr 1.000e-03 (1.000e-03)
2026-01-27 00:43:59,914 - INFO: Epoch: [2][250/301]	Time  0.003 ( 0.004)	Loss 4.4069e-01 (4.4408e-01)	Acc pseudo  90.62 ( 86.23)	Lr 1.000e-03 (1.000e-03)
2026-01-27 00:44:00,061 - INFO: Epoch: [2][300/301]	Time  0.003 ( 0.004)	Loss 5.7830e-01 (4.5172e-01)	Acc pseudo  80.00 ( 86.02)	Lr 1.000e-03 (1.000e-03)
2026-01-27 00:44:00,145 - INFO: Round 3, Fine-tune Epoch 2: loss=0.4517, acc(pseudo)=86.02%
2026-01-27 00:44:07,211 - INFO: Round 3, Fine-tune Epoch 2: acc(valid_pseudo): 0.9680, acc: 0.8390
2026-01-27 00:44:07,983 - INFO: Epoch: [3][  0/301]	Time  0.237 ( 0.237)	Loss 5.4251e-01 (5.4251e-01)	Acc pseudo  78.12 ( 78.12)	Lr 1.000e-03 (1.000e-03)
2026-01-27 00:44:08,172 - INFO: Epoch: [3][ 50/301]	Time  0.003 ( 0.008)	Loss 3.8523e-01 (4.3429e-01)	Acc pseudo  81.25 ( 86.24)	Lr 1.000e-03 (1.000e-03)
2026-01-27 00:44:08,332 - INFO: Epoch: [3][100/301]	Time  0.003 ( 0.006)	Loss 2.8911e-01 (4.3433e-01)	Acc pseudo  90.62 ( 86.48)	Lr 1.000e-03 (1.000e-03)
2026-01-27 00:44:08,485 - INFO: Epoch: [3][150/301]	Time  0.003 ( 0.005)	Loss 2.8236e-01 (4.3955e-01)	Acc pseudo  92.19 ( 86.09)	Lr 1.000e-03 (1.000e-03)
2026-01-27 00:44:08,636 - INFO: Epoch: [3][200/301]	Time  0.003 ( 0.004)	Loss 3.3683e-01 (4.3910e-01)	Acc pseudo  89.06 ( 86.33)	Lr 1.000e-03 (1.000e-03)
2026-01-27 00:44:08,785 - INFO: Epoch: [3][250/301]	Time  0.003 ( 0.004)	Loss 5.2046e-01 (4.4138e-01)	Acc pseudo  81.25 ( 86.21)	Lr 1.000e-03 (1.000e-03)
2026-01-27 00:44:08,928 - INFO: Epoch: [3][300/301]	Time  0.002 ( 0.004)	Loss 4.8924e-01 (4.4337e-01)	Acc pseudo  76.00 ( 86.14)	Lr 1.000e-03 (1.000e-03)
2026-01-27 00:44:08,997 - INFO: Round 3, Fine-tune Epoch 3: loss=0.4434, acc(pseudo)=86.14%
2026-01-27 00:44:17,277 - INFO: Round 3, Fine-tune Epoch 3: acc(valid_pseudo): 0.9415, acc: 0.8120
2026-01-27 00:44:17,277 - INFO: Round 3, Speaker Fine-tune Epoch 3: No improvement in validation accuracy. Patience(epoch): 1/3
2026-01-27 00:44:17,520 - INFO: Epoch: [4][  0/301]	Time  0.238 ( 0.238)	Loss 6.1345e-01 (6.1345e-01)	Acc pseudo  82.81 ( 82.81)	Lr 1.000e-03 (1.000e-03)
2026-01-27 00:44:17,727 - INFO: Epoch: [4][ 50/301]	Time  0.004 ( 0.009)	Loss 6.4560e-01 (4.2180e-01)	Acc pseudo  79.69 ( 87.19)	Lr 1.000e-03 (1.000e-03)
2026-01-27 00:44:17,892 - INFO: Epoch: [4][100/301]	Time  0.003 ( 0.006)	Loss 4.0359e-01 (4.1960e-01)	Acc pseudo  93.75 ( 86.88)	Lr 1.000e-03 (1.000e-03)
2026-01-27 00:44:18,055 - INFO: Epoch: [4][150/301]	Time  0.003 ( 0.005)	Loss 4.3315e-01 (4.2112e-01)	Acc pseudo  87.50 ( 86.80)	Lr 1.000e-03 (1.000e-03)
2026-01-27 00:44:18,211 - INFO: Epoch: [4][200/301]	Time  0.003 ( 0.005)	Loss 4.8762e-01 (4.2760e-01)	Acc pseudo  78.12 ( 86.47)	Lr 1.000e-03 (1.000e-03)
2026-01-27 00:44:18,361 - INFO: Epoch: [4][250/301]	Time  0.003 ( 0.004)	Loss 4.6899e-01 (4.3272e-01)	Acc pseudo  79.69 ( 86.30)	Lr 1.000e-03 (1.000e-03)
2026-01-27 00:44:18,505 - INFO: Epoch: [4][300/301]	Time  0.002 ( 0.004)	Loss 4.6649e-01 (4.3816e-01)	Acc pseudo  84.00 ( 86.14)	Lr 1.000e-03 (1.000e-03)
2026-01-27 00:44:18,578 - INFO: Round 3, Fine-tune Epoch 4: loss=0.4382, acc(pseudo)=86.14%
2026-01-27 00:44:26,737 - INFO: Round 3, Fine-tune Epoch 4: acc(valid_pseudo): 0.9638, acc: 0.8265
2026-01-27 00:44:26,737 - INFO: Round 3, Speaker Fine-tune Epoch 4: No improvement in validation accuracy. Patience(epoch): 2/3
2026-01-27 00:44:26,978 - INFO: Epoch: [5][  0/301]	Time  0.236 ( 0.236)	Loss 4.4657e-01 (4.4657e-01)	Acc pseudo  85.94 ( 85.94)	Lr 1.000e-03 (1.000e-03)
2026-01-27 00:44:27,163 - INFO: Epoch: [5][ 50/301]	Time  0.003 ( 0.008)	Loss 2.5104e-01 (4.2008e-01)	Acc pseudo  92.19 ( 87.22)	Lr 1.000e-03 (1.000e-03)
2026-01-27 00:44:27,326 - INFO: Epoch: [5][100/301]	Time  0.003 ( 0.006)	Loss 9.0535e-01 (4.2822e-01)	Acc pseudo  71.88 ( 86.77)	Lr 1.000e-03 (1.000e-03)
2026-01-27 00:44:27,480 - INFO: Epoch: [5][150/301]	Time  0.003 ( 0.005)	Loss 5.9756e-01 (4.3115e-01)	Acc pseudo  84.38 ( 86.40)	Lr 1.000e-03 (1.000e-03)
2026-01-27 00:44:27,632 - INFO: Epoch: [5][200/301]	Time  0.003 ( 0.004)	Loss 3.5370e-01 (4.4258e-01)	Acc pseudo  89.06 ( 86.11)	Lr 1.000e-03 (1.000e-03)
2026-01-27 00:44:27,781 - INFO: Epoch: [5][250/301]	Time  0.003 ( 0.004)	Loss 3.7658e-01 (4.4520e-01)	Acc pseudo  87.50 ( 85.91)	Lr 1.000e-03 (1.000e-03)
2026-01-27 00:44:27,925 - INFO: Epoch: [5][300/301]	Time  0.002 ( 0.004)	Loss 4.2041e-01 (4.5375e-01)	Acc pseudo  88.00 ( 85.76)	Lr 1.000e-03 (1.000e-03)
2026-01-27 00:44:27,995 - INFO: Round 3, Fine-tune Epoch 5: loss=0.4538, acc(pseudo)=85.76%
2026-01-27 00:44:37,542 - INFO: Round 3, Fine-tune Epoch 5: acc(valid_pseudo): 0.9594, acc: 0.8260
2026-01-27 00:44:37,543 - INFO: Round 3, Speaker Fine-tune Epoch 5: No improvement in validation accuracy. Patience(epoch): 3/3
2026-01-27 00:44:37,543 - INFO: Early stopping at epoch 5 due to no improvement in validation accuracy for 3 epochs.
2026-01-27 00:44:37,544 - INFO: Round 3: Best speaker fine-tuned epoch=2, acc(valid_pseudo)=0.9680
2026-01-27 00:44:37,549 - INFO: Fine-tuning face embedding model for 20 epochs...
2026-01-27 00:44:38,768 - INFO: Epoch: [0][  0/582]	Time  1.199 ( 1.199)	Loss 3.9481e-02 (3.9481e-02)	Acc pseudo  96.88 ( 96.88)	Lr 1.000e-03 (1.000e-03)
2026-01-27 00:44:44,622 - INFO: Epoch: [0][ 50/582]	Time  0.028 ( 0.079)	Loss 1.5316e-01 (1.7784e-01)	Acc pseudo  90.62 ( 93.60)	Lr 1.000e-03 (1.000e-03)
2026-01-27 00:44:49,655 - INFO: Epoch: [0][100/582]	Time  0.030 ( 0.063)	Loss 4.2394e-01 (1.9521e-01)	Acc pseudo  90.62 ( 93.56)	Lr 1.000e-03 (1.000e-03)
2026-01-27 00:44:54,299 - INFO: Epoch: [0][150/582]	Time  0.029 ( 0.053)	Loss 2.5681e-01 (1.8974e-01)	Acc pseudo  90.62 ( 93.19)	Lr 1.000e-03 (1.000e-03)
2026-01-27 00:44:58,948 - INFO: Epoch: [0][200/582]	Time  0.036 ( 0.048)	Loss 1.7187e-01 (1.8823e-01)	Acc pseudo  96.88 ( 93.30)	Lr 1.000e-03 (1.000e-03)
2026-01-27 00:45:03,605 - INFO: Epoch: [0][250/582]	Time  0.033 ( 0.045)	Loss 2.0136e-01 (1.9920e-01)	Acc pseudo  92.19 ( 92.94)	Lr 1.000e-03 (1.000e-03)
2026-01-27 00:45:08,367 - INFO: Epoch: [0][300/582]	Time  0.030 ( 0.043)	Loss 1.3010e-01 (2.0102e-01)	Acc pseudo  92.19 ( 92.83)	Lr 1.000e-03 (1.000e-03)
2026-01-27 00:45:13,018 - INFO: Epoch: [0][350/582]	Time  0.041 ( 0.042)	Loss 1.4151e-01 (2.0240e-01)	Acc pseudo  93.75 ( 92.72)	Lr 1.000e-03 (1.000e-03)
2026-01-27 00:45:17,673 - INFO: Epoch: [0][400/582]	Time  0.035 ( 0.041)	Loss 1.6219e-01 (2.0258e-01)	Acc pseudo  95.31 ( 92.67)	Lr 1.000e-03 (1.000e-03)
2026-01-27 00:45:22,329 - INFO: Epoch: [0][450/582]	Time  0.031 ( 0.040)	Loss 2.8061e-01 (2.0303e-01)	Acc pseudo  92.19 ( 92.70)	Lr 1.000e-03 (1.000e-03)
2026-01-27 00:45:27,300 - INFO: Epoch: [0][500/582]	Time  0.034 ( 0.040)	Loss 2.2339e-01 (2.0563e-01)	Acc pseudo  89.06 ( 92.61)	Lr 1.000e-03 (1.000e-03)
2026-01-27 00:45:32,698 - INFO: Epoch: [0][550/582]	Time  0.034 ( 0.040)	Loss 4.4185e-01 (2.0512e-01)	Acc pseudo  90.62 ( 92.62)	Lr 1.000e-03 (1.000e-03)
2026-01-27 00:45:35,956 - INFO: Round 3, Face Fine-tune Epoch 0: loss=0.2057, acc(pseudo)=92.60%
2026-01-27 00:46:35,512 - INFO: Round 3, Face Fine-tune Epoch 0: acc(valid_pseudo): 0.9685, acc: 0.8832
2026-01-27 00:46:37,635 - INFO: Epoch: [1][  0/582]	Time  0.526 ( 0.526)	Loss 1.4432e-01 (1.4432e-01)	Acc pseudo  92.19 ( 92.19)	Lr 1.000e-03 (1.000e-03)
2026-01-27 00:46:42,304 - INFO: Epoch: [1][ 50/582]	Time  0.030 ( 0.045)	Loss 9.1893e-02 (1.8362e-01)	Acc pseudo  98.44 ( 92.62)	Lr 1.000e-03 (1.000e-03)
2026-01-27 00:46:46,972 - INFO: Epoch: [1][100/582]	Time  0.036 ( 0.039)	Loss 2.9841e-01 (1.8879e-01)	Acc pseudo  93.75 ( 92.33)	Lr 1.000e-03 (1.000e-03)
2026-01-27 00:46:51,641 - INFO: Epoch: [1][150/582]	Time  0.033 ( 0.037)	Loss 1.5872e-01 (1.8751e-01)	Acc pseudo  93.75 ( 92.33)	Lr 1.000e-03 (1.000e-03)
2026-01-27 00:46:56,309 - INFO: Epoch: [1][200/582]	Time  0.030 ( 0.035)	Loss 6.6803e-02 (1.9000e-01)	Acc pseudo  98.44 ( 92.36)	Lr 1.000e-03 (1.000e-03)
2026-01-27 00:47:00,979 - INFO: Epoch: [1][250/582]	Time  0.029 ( 0.034)	Loss 7.0206e-02 (1.9025e-01)	Acc pseudo  96.88 ( 92.53)	Lr 1.000e-03 (1.000e-03)
2026-01-27 00:47:05,684 - INFO: Epoch: [1][300/582]	Time  0.028 ( 0.034)	Loss 2.4340e-01 (1.8953e-01)	Acc pseudo  89.06 ( 92.61)	Lr 1.000e-03 (1.000e-03)
2026-01-27 00:47:10,356 - INFO: Epoch: [1][350/582]	Time  0.028 ( 0.033)	Loss 6.6218e-02 (1.9366e-01)	Acc pseudo  96.88 ( 92.57)	Lr 1.000e-03 (1.000e-03)
2026-01-27 00:47:15,027 - INFO: Epoch: [1][400/582]	Time  0.035 ( 0.033)	Loss 2.2110e-01 (1.9284e-01)	Acc pseudo  85.94 ( 92.60)	Lr 1.000e-03 (1.000e-03)
2026-01-27 00:47:19,702 - INFO: Epoch: [1][450/582]	Time  0.029 ( 0.033)	Loss 2.6876e-01 (1.9170e-01)	Acc pseudo  90.62 ( 92.60)	Lr 1.000e-03 (1.000e-03)
2026-01-27 00:47:24,379 - INFO: Epoch: [1][500/582]	Time  0.029 ( 0.032)	Loss 2.3279e-01 (1.8913e-01)	Acc pseudo  95.31 ( 92.69)	Lr 1.000e-03 (1.000e-03)
2026-01-27 00:47:29,059 - INFO: Epoch: [1][550/582]	Time  0.029 ( 0.032)	Loss 1.0765e-01 (1.8858e-01)	Acc pseudo  96.88 ( 92.73)	Lr 1.000e-03 (1.000e-03)
2026-01-27 00:47:32,042 - INFO: Round 3, Face Fine-tune Epoch 1: loss=0.1886, acc(pseudo)=92.69%
2026-01-27 00:48:32,456 - INFO: Round 3, Face Fine-tune Epoch 1: acc(valid_pseudo): 0.9720, acc: 0.8783
2026-01-27 00:48:34,421 - INFO: Epoch: [2][  0/582]	Time  0.499 ( 0.499)	Loss 1.5373e-01 (1.5373e-01)	Acc pseudo  89.06 ( 89.06)	Lr 1.000e-03 (1.000e-03)
2026-01-27 00:48:39,096 - INFO: Epoch: [2][ 50/582]	Time  0.030 ( 0.040)	Loss 4.8196e-01 (1.7421e-01)	Acc pseudo  84.38 ( 92.95)	Lr 1.000e-03 (1.000e-03)
2026-01-27 00:48:43,770 - INFO: Epoch: [2][100/582]	Time  0.042 ( 0.036)	Loss 1.3391e-01 (1.7598e-01)	Acc pseudo  93.75 ( 93.05)	Lr 1.000e-03 (1.000e-03)
2026-01-27 00:48:48,445 - INFO: Epoch: [2][150/582]	Time  0.032 ( 0.035)	Loss 2.2978e-01 (1.7464e-01)	Acc pseudo  90.62 ( 93.22)	Lr 1.000e-03 (1.000e-03)
2026-01-27 00:48:53,122 - INFO: Epoch: [2][200/582]	Time  0.031 ( 0.034)	Loss 1.1880e-01 (1.7638e-01)	Acc pseudo  96.88 ( 93.00)	Lr 1.000e-03 (1.000e-03)
2026-01-27 00:48:57,808 - INFO: Epoch: [2][250/582]	Time  0.028 ( 0.034)	Loss 1.1503e-01 (1.7417e-01)	Acc pseudo  92.19 ( 93.19)	Lr 1.000e-03 (1.000e-03)
2026-01-27 00:49:02,490 - INFO: Epoch: [2][300/582]	Time  0.029 ( 0.033)	Loss 1.3494e-01 (1.7549e-01)	Acc pseudo  93.75 ( 93.12)	Lr 1.000e-03 (1.000e-03)
2026-01-27 00:49:07,172 - INFO: Epoch: [2][350/582]	Time  0.029 ( 0.033)	Loss 1.8406e-01 (1.7518e-01)	Acc pseudo  90.62 ( 93.22)	Lr 1.000e-03 (1.000e-03)
2026-01-27 00:49:11,854 - INFO: Epoch: [2][400/582]	Time  0.035 ( 0.032)	Loss 1.9189e-01 (1.7224e-01)	Acc pseudo  87.50 ( 93.23)	Lr 1.000e-03 (1.000e-03)
2026-01-27 00:49:16,540 - INFO: Epoch: [2][450/582]	Time  0.030 ( 0.033)	Loss 2.0145e-01 (1.7487e-01)	Acc pseudo  85.94 ( 93.16)	Lr 1.000e-03 (1.000e-03)
2026-01-27 00:49:21,225 - INFO: Epoch: [2][500/582]	Time  0.037 ( 0.033)	Loss 3.2265e-01 (1.7675e-01)	Acc pseudo  90.62 ( 93.06)	Lr 1.000e-03 (1.000e-03)
2026-01-27 00:49:25,913 - INFO: Epoch: [2][550/582]	Time  0.030 ( 0.033)	Loss 1.2279e-01 (1.7582e-01)	Acc pseudo  95.31 ( 93.02)	Lr 1.000e-03 (1.000e-03)
2026-01-27 00:49:28,891 - INFO: Round 3, Face Fine-tune Epoch 2: loss=0.1768, acc(pseudo)=93.02%
2026-01-27 00:50:28,389 - INFO: Round 3, Face Fine-tune Epoch 2: acc(valid_pseudo): 0.9739, acc: 0.8773
2026-01-27 00:50:30,339 - INFO: Epoch: [3][  0/582]	Time  0.492 ( 0.492)	Loss 1.9609e-01 (1.9609e-01)	Acc pseudo  90.62 ( 90.62)	Lr 1.000e-03 (1.000e-03)
2026-01-27 00:50:35,019 - INFO: Epoch: [3][ 50/582]	Time  0.028 ( 0.039)	Loss 1.5321e-01 (1.5869e-01)	Acc pseudo  93.75 ( 93.47)	Lr 1.000e-03 (1.000e-03)
2026-01-27 00:50:39,693 - INFO: Epoch: [3][100/582]	Time  0.036 ( 0.034)	Loss 1.9074e-01 (1.5468e-01)	Acc pseudo  90.62 ( 93.94)	Lr 1.000e-03 (1.000e-03)
2026-01-27 00:50:44,376 - INFO: Epoch: [3][150/582]	Time  0.037 ( 0.034)	Loss 1.2015e-01 (1.5454e-01)	Acc pseudo  92.19 ( 93.67)	Lr 1.000e-03 (1.000e-03)
2026-01-27 00:50:49,065 - INFO: Epoch: [3][200/582]	Time  0.035 ( 0.034)	Loss 1.5227e-01 (1.5727e-01)	Acc pseudo  92.19 ( 93.74)	Lr 1.000e-03 (1.000e-03)
2026-01-27 00:50:53,747 - INFO: Epoch: [3][250/582]	Time  0.030 ( 0.034)	Loss 1.9303e-01 (1.5985e-01)	Acc pseudo  90.62 ( 93.68)	Lr 1.000e-03 (1.000e-03)
2026-01-27 00:50:58,432 - INFO: Epoch: [3][300/582]	Time  0.036 ( 0.034)	Loss 1.2259e-01 (1.6311e-01)	Acc pseudo  93.75 ( 93.56)	Lr 1.000e-03 (1.000e-03)
2026-01-27 00:51:03,273 - INFO: Epoch: [3][350/582]	Time  0.028 ( 0.034)	Loss 5.5223e-02 (1.6275e-01)	Acc pseudo  98.44 ( 93.59)	Lr 1.000e-03 (1.000e-03)
2026-01-27 00:51:07,956 - INFO: Epoch: [3][400/582]	Time  0.029 ( 0.033)	Loss 1.4752e-01 (1.6351e-01)	Acc pseudo  95.31 ( 93.56)	Lr 1.000e-03 (1.000e-03)
2026-01-27 00:51:12,638 - INFO: Epoch: [3][450/582]	Time  0.028 ( 0.033)	Loss 1.5059e-01 (1.6340e-01)	Acc pseudo  92.19 ( 93.52)	Lr 1.000e-03 (1.000e-03)
2026-01-27 00:51:17,324 - INFO: Epoch: [3][500/582]	Time  0.029 ( 0.032)	Loss 1.8317e-01 (1.6524e-01)	Acc pseudo  95.31 ( 93.47)	Lr 1.000e-03 (1.000e-03)
2026-01-27 00:51:22,010 - INFO: Epoch: [3][550/582]	Time  0.029 ( 0.032)	Loss 1.6901e-01 (1.6747e-01)	Acc pseudo  89.06 ( 93.39)	Lr 1.000e-03 (1.000e-03)
2026-01-27 00:51:24,995 - INFO: Round 3, Face Fine-tune Epoch 3: loss=0.1681, acc(pseudo)=93.37%
2026-01-27 00:52:26,870 - INFO: Round 3, Face Fine-tune Epoch 3: acc(valid_pseudo): 0.9749, acc: 0.8783
2026-01-27 00:52:28,791 - INFO: Epoch: [4][  0/582]	Time  0.515 ( 0.515)	Loss 1.3746e-01 (1.3746e-01)	Acc pseudo  95.31 ( 95.31)	Lr 1.000e-03 (1.000e-03)
2026-01-27 00:52:33,473 - INFO: Epoch: [4][ 50/582]	Time  0.031 ( 0.043)	Loss 6.1033e-02 (1.5909e-01)	Acc pseudo  96.88 ( 93.23)	Lr 1.000e-03 (1.000e-03)
2026-01-27 00:52:38,149 - INFO: Epoch: [4][100/582]	Time  0.028 ( 0.037)	Loss 2.0714e-01 (1.5720e-01)	Acc pseudo  89.06 ( 93.55)	Lr 1.000e-03 (1.000e-03)
2026-01-27 00:52:42,828 - INFO: Epoch: [4][150/582]	Time  0.029 ( 0.036)	Loss 9.4226e-02 (1.6516e-01)	Acc pseudo  95.31 ( 93.45)	Lr 1.000e-03 (1.000e-03)
2026-01-27 00:52:47,514 - INFO: Epoch: [4][200/582]	Time  0.032 ( 0.035)	Loss 2.7714e-01 (1.6710e-01)	Acc pseudo  90.62 ( 93.31)	Lr 1.000e-03 (1.000e-03)
2026-01-27 00:52:52,196 - INFO: Epoch: [4][250/582]	Time  0.029 ( 0.034)	Loss 1.1562e-01 (1.7088e-01)	Acc pseudo  95.31 ( 93.21)	Lr 1.000e-03 (1.000e-03)
2026-01-27 00:52:56,882 - INFO: Epoch: [4][300/582]	Time  0.028 ( 0.033)	Loss 8.1332e-02 (1.6980e-01)	Acc pseudo  96.88 ( 93.29)	Lr 1.000e-03 (1.000e-03)
2026-01-27 00:53:01,563 - INFO: Epoch: [4][350/582]	Time  0.030 ( 0.033)	Loss 2.2292e-01 (1.6969e-01)	Acc pseudo  95.31 ( 93.32)	Lr 1.000e-03 (1.000e-03)
2026-01-27 00:53:06,372 - INFO: Epoch: [4][400/582]	Time  0.035 ( 0.033)	Loss 1.4375e-01 (1.6798e-01)	Acc pseudo  89.06 ( 93.38)	Lr 1.000e-03 (1.000e-03)
2026-01-27 00:53:11,056 - INFO: Epoch: [4][450/582]	Time  0.042 ( 0.033)	Loss 1.2350e-01 (1.6963e-01)	Acc pseudo  95.31 ( 93.29)	Lr 1.000e-03 (1.000e-03)
2026-01-27 00:53:15,746 - INFO: Epoch: [4][500/582]	Time  0.034 ( 0.033)	Loss 1.5223e-01 (1.7018e-01)	Acc pseudo  95.31 ( 93.28)	Lr 1.000e-03 (1.000e-03)
2026-01-27 00:53:20,434 - INFO: Epoch: [4][550/582]	Time  0.035 ( 0.033)	Loss 7.7460e-02 (1.7126e-01)	Acc pseudo  96.88 ( 93.22)	Lr 1.000e-03 (1.000e-03)
2026-01-27 00:53:23,413 - INFO: Round 3, Face Fine-tune Epoch 4: loss=0.1714, acc(pseudo)=93.19%
2026-01-27 00:54:22,816 - INFO: Round 3, Face Fine-tune Epoch 4: acc(valid_pseudo): 0.9755, acc: 0.8783
2026-01-27 00:54:25,616 - INFO: Epoch: [5][  0/582]	Time  1.061 ( 1.061)	Loss 1.0398e-01 (1.0398e-01)	Acc pseudo  93.75 ( 93.75)	Lr 1.000e-03 (1.000e-03)
2026-01-27 00:54:30,336 - INFO: Epoch: [5][ 50/582]	Time  0.027 ( 0.054)	Loss 2.3415e-01 (1.5333e-01)	Acc pseudo  89.06 ( 94.03)	Lr 1.000e-03 (1.000e-03)
2026-01-27 00:54:35,018 - INFO: Epoch: [5][100/582]	Time  0.036 ( 0.042)	Loss 1.7476e-01 (1.5658e-01)	Acc pseudo  90.62 ( 93.83)	Lr 1.000e-03 (1.000e-03)
2026-01-27 00:54:39,700 - INFO: Epoch: [5][150/582]	Time  0.028 ( 0.039)	Loss 5.7056e-02 (1.5916e-01)	Acc pseudo  98.44 ( 93.58)	Lr 1.000e-03 (1.000e-03)
2026-01-27 00:54:44,379 - INFO: Epoch: [5][200/582]	Time  0.030 ( 0.036)	Loss 1.6776e-01 (1.5668e-01)	Acc pseudo  92.19 ( 93.70)	Lr 1.000e-03 (1.000e-03)
2026-01-27 00:54:49,060 - INFO: Epoch: [5][250/582]	Time  0.030 ( 0.035)	Loss 1.5432e-01 (1.5376e-01)	Acc pseudo  90.62 ( 93.75)	Lr 1.000e-03 (1.000e-03)
2026-01-27 00:54:53,749 - INFO: Epoch: [5][300/582]	Time  0.037 ( 0.034)	Loss 2.2501e-01 (1.5601e-01)	Acc pseudo  92.19 ( 93.76)	Lr 1.000e-03 (1.000e-03)
2026-01-27 00:54:58,437 - INFO: Epoch: [5][350/582]	Time  0.030 ( 0.034)	Loss 5.2639e-02 (1.5645e-01)	Acc pseudo 100.00 ( 93.76)	Lr 1.000e-03 (1.000e-03)
2026-01-27 00:55:03,124 - INFO: Epoch: [5][400/582]	Time  0.028 ( 0.034)	Loss 9.7407e-02 (1.5863e-01)	Acc pseudo  96.88 ( 93.69)	Lr 1.000e-03 (1.000e-03)
2026-01-27 00:55:07,810 - INFO: Epoch: [5][450/582]	Time  0.032 ( 0.033)	Loss 9.9210e-02 (1.5860e-01)	Acc pseudo  95.31 ( 93.67)	Lr 1.000e-03 (1.000e-03)
2026-01-27 00:55:12,562 - INFO: Epoch: [5][500/582]	Time  0.042 ( 0.034)	Loss 1.1868e-01 (1.5844e-01)	Acc pseudo  95.31 ( 93.62)	Lr 1.000e-03 (1.000e-03)
2026-01-27 00:55:17,252 - INFO: Epoch: [5][550/582]	Time  0.029 ( 0.033)	Loss 1.4002e-01 (1.5836e-01)	Acc pseudo  92.19 ( 93.59)	Lr 1.000e-03 (1.000e-03)
2026-01-27 00:55:20,252 - INFO: Round 3, Face Fine-tune Epoch 5: loss=0.1590, acc(pseudo)=93.59%
2026-01-27 00:56:19,638 - INFO: Round 3, Face Fine-tune Epoch 5: acc(valid_pseudo): 0.9753, acc: 0.8783
2026-01-27 00:56:19,638 - INFO: Round 3, Face Fine-tune Epoch 5: No improvement. Patience(epoch): 1/3
2026-01-27 00:56:20,180 - INFO: Epoch: [6][  0/582]	Time  0.496 ( 0.496)	Loss 9.3773e-02 (9.3773e-02)	Acc pseudo  96.88 ( 96.88)	Lr 1.000e-03 (1.000e-03)
2026-01-27 00:56:24,867 - INFO: Epoch: [6][ 50/582]	Time  0.029 ( 0.040)	Loss 9.3746e-02 (1.3576e-01)	Acc pseudo  93.75 ( 94.15)	Lr 1.000e-03 (1.000e-03)
2026-01-27 00:56:29,548 - INFO: Epoch: [6][100/582]	Time  0.032 ( 0.036)	Loss 2.2134e-01 (1.3638e-01)	Acc pseudo  92.19 ( 94.11)	Lr 1.000e-03 (1.000e-03)
2026-01-27 00:56:34,232 - INFO: Epoch: [6][150/582]	Time  0.028 ( 0.034)	Loss 1.2215e-01 (1.4257e-01)	Acc pseudo  93.75 ( 94.11)	Lr 1.000e-03 (1.000e-03)
2026-01-27 00:56:38,923 - INFO: Epoch: [6][200/582]	Time  0.031 ( 0.033)	Loss 1.8904e-01 (1.4696e-01)	Acc pseudo  89.06 ( 93.94)	Lr 1.000e-03 (1.000e-03)
2026-01-27 00:56:43,611 - INFO: Epoch: [6][250/582]	Time  0.030 ( 0.033)	Loss 8.7121e-02 (1.4724e-01)	Acc pseudo  92.19 ( 93.91)	Lr 1.000e-03 (1.000e-03)
2026-01-27 00:56:48,303 - INFO: Epoch: [6][300/582]	Time  0.029 ( 0.033)	Loss 1.7822e-01 (1.4868e-01)	Acc pseudo  90.62 ( 93.90)	Lr 1.000e-03 (1.000e-03)
2026-01-27 00:56:52,993 - INFO: Epoch: [6][350/582]	Time  0.029 ( 0.032)	Loss 1.5194e-01 (1.5243e-01)	Acc pseudo  93.75 ( 93.86)	Lr 1.000e-03 (1.000e-03)
2026-01-27 00:56:57,679 - INFO: Epoch: [6][400/582]	Time  0.028 ( 0.032)	Loss 1.5706e-01 (1.5287e-01)	Acc pseudo  92.19 ( 93.85)	Lr 1.000e-03 (1.000e-03)
2026-01-27 00:57:02,366 - INFO: Epoch: [6][450/582]	Time  0.033 ( 0.032)	Loss 2.0723e-01 (1.5632e-01)	Acc pseudo  90.62 ( 93.76)	Lr 1.000e-03 (1.000e-03)
2026-01-27 00:57:07,055 - INFO: Epoch: [6][500/582]	Time  0.028 ( 0.031)	Loss 1.9448e-01 (1.5704e-01)	Acc pseudo  90.62 ( 93.70)	Lr 1.000e-03 (1.000e-03)
2026-01-27 00:57:11,741 - INFO: Epoch: [6][550/582]	Time  0.040 ( 0.031)	Loss 1.2250e-01 (1.5668e-01)	Acc pseudo  93.75 ( 93.72)	Lr 1.000e-03 (1.000e-03)
2026-01-27 00:57:14,755 - INFO: Round 3, Face Fine-tune Epoch 6: loss=0.1573, acc(pseudo)=93.72%
2026-01-27 00:58:13,966 - INFO: Round 3, Face Fine-tune Epoch 6: acc(valid_pseudo): 0.9759, acc: 0.8773
2026-01-27 00:58:15,814 - INFO: Epoch: [7][  0/582]	Time  0.478 ( 0.478)	Loss 1.2807e-01 (1.2807e-01)	Acc pseudo  95.31 ( 95.31)	Lr 1.000e-03 (1.000e-03)
2026-01-27 00:58:20,501 - INFO: Epoch: [7][ 50/582]	Time  0.028 ( 0.039)	Loss 1.2543e-01 (1.7613e-01)	Acc pseudo  90.62 ( 92.95)	Lr 1.000e-03 (1.000e-03)
2026-01-27 00:58:25,178 - INFO: Epoch: [7][100/582]	Time  0.029 ( 0.034)	Loss 2.8004e-01 (1.8154e-01)	Acc pseudo  90.62 ( 92.76)	Lr 1.000e-03 (1.000e-03)
2026-01-27 00:58:29,861 - INFO: Epoch: [7][150/582]	Time  0.040 ( 0.034)	Loss 4.9407e-01 (1.7266e-01)	Acc pseudo  85.94 ( 93.05)	Lr 1.000e-03 (1.000e-03)
2026-01-27 00:58:34,548 - INFO: Epoch: [7][200/582]	Time  0.039 ( 0.034)	Loss 1.7442e-01 (1.6674e-01)	Acc pseudo  95.31 ( 93.25)	Lr 1.000e-03 (1.000e-03)
2026-01-27 00:58:39,228 - INFO: Epoch: [7][250/582]	Time  0.027 ( 0.033)	Loss 1.0043e-01 (1.6426e-01)	Acc pseudo  96.88 ( 93.31)	Lr 1.000e-03 (1.000e-03)
2026-01-27 00:58:43,912 - INFO: Epoch: [7][300/582]	Time  0.033 ( 0.033)	Loss 1.4424e-01 (1.6066e-01)	Acc pseudo  89.06 ( 93.39)	Lr 1.000e-03 (1.000e-03)
2026-01-27 00:58:48,593 - INFO: Epoch: [7][350/582]	Time  0.027 ( 0.032)	Loss 3.2576e-01 (1.5683e-01)	Acc pseudo  87.50 ( 93.46)	Lr 1.000e-03 (1.000e-03)
2026-01-27 00:58:53,281 - INFO: Epoch: [7][400/582]	Time  0.027 ( 0.032)	Loss 2.5461e-01 (1.6035e-01)	Acc pseudo  87.50 ( 93.40)	Lr 1.000e-03 (1.000e-03)
2026-01-27 00:58:57,963 - INFO: Epoch: [7][450/582]	Time  0.027 ( 0.032)	Loss 3.8591e-02 (1.5934e-01)	Acc pseudo 100.00 ( 93.43)	Lr 1.000e-03 (1.000e-03)
2026-01-27 00:59:02,649 - INFO: Epoch: [7][500/582]	Time  0.030 ( 0.031)	Loss 3.7074e-01 (1.5891e-01)	Acc pseudo  90.62 ( 93.46)	Lr 1.000e-03 (1.000e-03)
2026-01-27 00:59:07,336 - INFO: Epoch: [7][550/582]	Time  0.028 ( 0.031)	Loss 1.2090e-01 (1.5949e-01)	Acc pseudo  95.31 ( 93.42)	Lr 1.000e-03 (1.000e-03)
2026-01-27 00:59:10,316 - INFO: Round 3, Face Fine-tune Epoch 7: loss=0.1597, acc(pseudo)=93.43%
2026-01-27 01:00:12,302 - INFO: Round 3, Face Fine-tune Epoch 7: acc(valid_pseudo): 0.9790, acc: 0.8744
2026-01-27 01:00:14,153 - INFO: Epoch: [8][  0/582]	Time  0.479 ( 0.479)	Loss 1.2448e-01 (1.2448e-01)	Acc pseudo  92.19 ( 92.19)	Lr 1.000e-03 (1.000e-03)
2026-01-27 01:00:18,837 - INFO: Epoch: [8][ 50/582]	Time  0.030 ( 0.041)	Loss 5.0633e-02 (1.4834e-01)	Acc pseudo  96.88 ( 93.69)	Lr 1.000e-03 (1.000e-03)
2026-01-27 01:00:23,511 - INFO: Epoch: [8][100/582]	Time  0.028 ( 0.036)	Loss 1.9697e-01 (1.6113e-01)	Acc pseudo  85.94 ( 93.33)	Lr 1.000e-03 (1.000e-03)
2026-01-27 01:00:28,186 - INFO: Epoch: [8][150/582]	Time  0.027 ( 0.034)	Loss 7.7448e-02 (1.6936e-01)	Acc pseudo  96.88 ( 93.13)	Lr 1.000e-03 (1.000e-03)
2026-01-27 01:00:32,866 - INFO: Epoch: [8][200/582]	Time  0.028 ( 0.032)	Loss 6.3765e-02 (1.7437e-01)	Acc pseudo 100.00 ( 92.96)	Lr 1.000e-03 (1.000e-03)
2026-01-27 01:00:37,546 - INFO: Epoch: [8][250/582]	Time  0.038 ( 0.032)	Loss 3.8067e-01 (1.7741e-01)	Acc pseudo  87.50 ( 92.89)	Lr 1.000e-03 (1.000e-03)
2026-01-27 01:00:42,230 - INFO: Epoch: [8][300/582]	Time  0.028 ( 0.032)	Loss 2.5783e-01 (1.8145e-01)	Acc pseudo  87.50 ( 92.77)	Lr 1.000e-03 (1.000e-03)
2026-01-27 01:00:46,914 - INFO: Epoch: [8][350/582]	Time  0.028 ( 0.032)	Loss 1.4549e-01 (1.7756e-01)	Acc pseudo  95.31 ( 92.90)	Lr 1.000e-03 (1.000e-03)
2026-01-27 01:00:51,597 - INFO: Epoch: [8][400/582]	Time  0.028 ( 0.031)	Loss 1.6998e-01 (1.7842e-01)	Acc pseudo  93.75 ( 92.81)	Lr 1.000e-03 (1.000e-03)
2026-01-27 01:00:56,281 - INFO: Epoch: [8][450/582]	Time  0.029 ( 0.031)	Loss 9.1731e-02 (1.7984e-01)	Acc pseudo  95.31 ( 92.67)	Lr 1.000e-03 (1.000e-03)
2026-01-27 01:01:00,966 - INFO: Epoch: [8][500/582]	Time  0.028 ( 0.031)	Loss 1.4823e-01 (1.7905e-01)	Acc pseudo  90.62 ( 92.72)	Lr 1.000e-03 (1.000e-03)
2026-01-27 01:01:05,653 - INFO: Epoch: [8][550/582]	Time  0.030 ( 0.031)	Loss 9.4649e-02 (1.8049e-01)	Acc pseudo  95.31 ( 92.61)	Lr 1.000e-03 (1.000e-03)
2026-01-27 01:01:08,634 - INFO: Round 3, Face Fine-tune Epoch 8: loss=0.1814, acc(pseudo)=92.57%
2026-01-27 01:02:07,293 - INFO: Round 3, Face Fine-tune Epoch 8: acc(valid_pseudo): 0.9767, acc: 0.8783
2026-01-27 01:02:07,293 - INFO: Round 3, Face Fine-tune Epoch 8: No improvement. Patience(epoch): 1/3
2026-01-27 01:02:07,830 - INFO: Epoch: [9][  0/582]	Time  0.491 ( 0.491)	Loss 1.5107e-01 (1.5107e-01)	Acc pseudo  93.75 ( 93.75)	Lr 1.000e-03 (1.000e-03)
2026-01-27 01:02:12,513 - INFO: Epoch: [9][ 50/582]	Time  0.047 ( 0.041)	Loss 1.5644e-01 (1.9207e-01)	Acc pseudo  92.19 ( 92.59)	Lr 1.000e-03 (1.000e-03)
2026-01-27 01:02:17,193 - INFO: Epoch: [9][100/582]	Time  0.028 ( 0.035)	Loss 8.4334e-02 (1.8640e-01)	Acc pseudo  93.75 ( 92.54)	Lr 1.000e-03 (1.000e-03)
2026-01-27 01:02:21,875 - INFO: Epoch: [9][150/582]	Time  0.028 ( 0.033)	Loss 3.0314e-01 (1.9459e-01)	Acc pseudo  89.06 ( 92.15)	Lr 1.000e-03 (1.000e-03)
2026-01-27 01:02:26,573 - INFO: Epoch: [9][200/582]	Time  0.027 ( 0.032)	Loss 1.1507e-01 (1.8620e-01)	Acc pseudo  95.31 ( 92.43)	Lr 1.000e-03 (1.000e-03)
2026-01-27 01:02:31,258 - INFO: Epoch: [9][250/582]	Time  0.029 ( 0.031)	Loss 1.3239e-01 (1.8576e-01)	Acc pseudo  92.19 ( 92.58)	Lr 1.000e-03 (1.000e-03)
2026-01-27 01:02:35,943 - INFO: Epoch: [9][300/582]	Time  0.028 ( 0.030)	Loss 3.4996e-01 (1.8604e-01)	Acc pseudo  93.75 ( 92.67)	Lr 1.000e-03 (1.000e-03)
2026-01-27 01:02:40,628 - INFO: Epoch: [9][350/582]	Time  0.027 ( 0.030)	Loss 2.9308e-01 (1.8577e-01)	Acc pseudo  87.50 ( 92.69)	Lr 1.000e-03 (1.000e-03)
2026-01-27 01:02:45,310 - INFO: Epoch: [9][400/582]	Time  0.030 ( 0.030)	Loss 3.2308e-01 (1.8504e-01)	Acc pseudo  90.62 ( 92.71)	Lr 1.000e-03 (1.000e-03)
2026-01-27 01:02:49,995 - INFO: Epoch: [9][450/582]	Time  0.028 ( 0.030)	Loss 8.1612e-02 (1.8372e-01)	Acc pseudo  98.44 ( 92.73)	Lr 1.000e-03 (1.000e-03)
2026-01-27 01:02:54,681 - INFO: Epoch: [9][500/582]	Time  0.028 ( 0.029)	Loss 2.6458e-01 (1.8340e-01)	Acc pseudo  87.50 ( 92.70)	Lr 1.000e-03 (1.000e-03)
2026-01-27 01:02:59,366 - INFO: Epoch: [9][550/582]	Time  0.027 ( 0.029)	Loss 1.5050e-01 (1.8335e-01)	Acc pseudo  90.62 ( 92.71)	Lr 1.000e-03 (1.000e-03)
2026-01-27 01:03:02,350 - INFO: Round 3, Face Fine-tune Epoch 9: loss=0.1832, acc(pseudo)=92.69%
2026-01-27 01:04:02,169 - INFO: Round 3, Face Fine-tune Epoch 9: acc(valid_pseudo): 0.9775, acc: 0.8802
2026-01-27 01:04:02,169 - INFO: Round 3, Face Fine-tune Epoch 9: No improvement. Patience(epoch): 2/3
2026-01-27 01:04:02,751 - INFO: Epoch: [10][  0/582]	Time  0.532 ( 0.532)	Loss 2.9914e-01 (2.9914e-01)	Acc pseudo  96.88 ( 96.88)	Lr 1.000e-03 (1.000e-03)
2026-01-27 01:04:07,438 - INFO: Epoch: [10][ 50/582]	Time  0.028 ( 0.041)	Loss 1.7770e-01 (1.9609e-01)	Acc pseudo  92.19 ( 92.68)	Lr 1.000e-03 (1.000e-03)
2026-01-27 01:04:12,119 - INFO: Epoch: [10][100/582]	Time  0.040 ( 0.037)	Loss 1.9496e-01 (1.8378e-01)	Acc pseudo  90.62 ( 92.96)	Lr 1.000e-03 (1.000e-03)
2026-01-27 01:04:16,804 - INFO: Epoch: [10][150/582]	Time  0.028 ( 0.035)	Loss 1.6981e-01 (1.8183e-01)	Acc pseudo  95.31 ( 92.88)	Lr 1.000e-03 (1.000e-03)
2026-01-27 01:04:21,485 - INFO: Epoch: [10][200/582]	Time  0.027 ( 0.033)	Loss 1.9700e-01 (1.8517e-01)	Acc pseudo  92.19 ( 92.79)	Lr 1.000e-03 (1.000e-03)
2026-01-27 01:04:26,168 - INFO: Epoch: [10][250/582]	Time  0.027 ( 0.032)	Loss 1.5288e-01 (1.8437e-01)	Acc pseudo  93.75 ( 92.75)	Lr 1.000e-03 (1.000e-03)
2026-01-27 01:04:30,852 - INFO: Epoch: [10][300/582]	Time  0.027 ( 0.032)	Loss 2.2178e-01 (1.8388e-01)	Acc pseudo  92.19 ( 92.78)	Lr 1.000e-03 (1.000e-03)
2026-01-27 01:04:35,534 - INFO: Epoch: [10][350/582]	Time  0.029 ( 0.031)	Loss 1.8772e-01 (1.8608e-01)	Acc pseudo  92.19 ( 92.74)	Lr 1.000e-03 (1.000e-03)
2026-01-27 01:04:40,235 - INFO: Epoch: [10][400/582]	Time  0.032 ( 0.031)	Loss 1.1090e-01 (1.8740e-01)	Acc pseudo  96.88 ( 92.71)	Lr 1.000e-03 (1.000e-03)
2026-01-27 01:04:44,924 - INFO: Epoch: [10][450/582]	Time  0.039 ( 0.031)	Loss 1.0094e-01 (1.8628e-01)	Acc pseudo  96.88 ( 92.72)	Lr 1.000e-03 (1.000e-03)
2026-01-27 01:04:49,608 - INFO: Epoch: [10][500/582]	Time  0.029 ( 0.031)	Loss 1.6995e-01 (1.8777e-01)	Acc pseudo  90.62 ( 92.66)	Lr 1.000e-03 (1.000e-03)
2026-01-27 01:04:54,294 - INFO: Epoch: [10][550/582]	Time  0.029 ( 0.031)	Loss 1.3081e-01 (1.8805e-01)	Acc pseudo  98.44 ( 92.61)	Lr 1.000e-03 (1.000e-03)
2026-01-27 01:04:57,274 - INFO: Round 3, Face Fine-tune Epoch 10: loss=0.1884, acc(pseudo)=92.55%
2026-01-27 01:05:56,028 - INFO: Round 3, Face Fine-tune Epoch 10: acc(valid_pseudo): 0.9768, acc: 0.8754
2026-01-27 01:05:56,028 - INFO: Round 3, Face Fine-tune Epoch 10: No improvement. Patience(epoch): 3/3
2026-01-27 01:05:56,028 - INFO: Early stopping at face epoch 10
2026-01-27 01:05:56,029 - INFO: Round 3: Best face fine-tuned epoch=7, acc(valid_pseudo)=0.9790
2026-01-27 01:05:56,156 - INFO: Using HMM model from previous round: runs/I love my family/exp_video_overlap/result/self_supervised/exp0/round2/pseudo_label/hmm_params.pkl
2026-01-27 02:27:25,006 - INFO: Round 3: speaker_acc=0.8570
2026-01-27 02:27:25,014 - INFO: Round 3: face_acc=0.8802
2026-01-27 02:27:25,017 - INFO: ====================
2026-01-27 02:27:25,018 - INFO: Round 4: Fine-tuning iteration
2026-01-27 02:27:25,018 - INFO: ====================
2026-01-27 02:27:25,087 - INFO: Round 4 Part 1: Fine-tuning embedding model
2026-01-27 02:27:25,088 - INFO: Using pseudo-label file: runs/I love my family/exp_video_overlap/result/self_supervised/exp0/round3/pseudo_label/pseudo_labels_audio_nested_hmm_full(unreliable_pp=100.0).json
2026-01-27 02:27:25,256 - INFO: For training, Using face pseudo-label file: runs/I love my family/exp_video_overlap/result/self_supervised/exp0/round3/pseudo_label/pseudo_labels_faces_mid_frame_train_nested_hmm_full.json
2026-01-27 02:27:25,257 - INFO: For infering, Using face pseudo-label file: runs/I love my family/exp_video_overlap/result/self_supervised/exp0/round3/pseudo_label/pseudo_labels_faces_mid_frame_all_nested_hmm_full.json
2026-01-27 02:27:25,564 - INFO: Created face dataloader with 37219 samples
2026-01-27 02:27:25,588 - INFO: Fine-tuning speaker embedding model for 20 epochs...
2026-01-27 02:27:26,721 - INFO: Epoch: [0][  0/301]	Time  1.097 ( 1.097)	Loss 4.6110e-01 (4.6110e-01)	Acc pseudo  89.06 ( 89.06)	Lr 1.000e-03 (1.000e-03)
2026-01-27 02:27:26,969 - INFO: Epoch: [0][ 50/301]	Time  0.004 ( 0.026)	Loss 6.9590e-01 (5.1591e-01)	Acc pseudo  75.00 ( 86.34)	Lr 1.000e-03 (1.000e-03)
2026-01-27 02:27:27,183 - INFO: Epoch: [0][100/301]	Time  0.004 ( 0.015)	Loss 3.6651e-01 (4.9210e-01)	Acc pseudo  84.38 ( 86.09)	Lr 1.000e-03 (1.000e-03)
2026-01-27 02:27:27,388 - INFO: Epoch: [0][150/301]	Time  0.004 ( 0.012)	Loss 4.1612e-01 (5.0085e-01)	Acc pseudo  85.94 ( 85.77)	Lr 1.000e-03 (1.000e-03)
2026-01-27 02:27:27,593 - INFO: Epoch: [0][200/301]	Time  0.004 ( 0.010)	Loss 4.2230e-01 (4.8733e-01)	Acc pseudo  87.50 ( 86.05)	Lr 1.000e-03 (1.000e-03)
2026-01-27 02:27:27,807 - INFO: Epoch: [0][250/301]	Time  0.004 ( 0.009)	Loss 3.9060e-01 (4.8975e-01)	Acc pseudo  85.94 ( 86.04)	Lr 1.000e-03 (1.000e-03)
2026-01-27 02:27:28,016 - INFO: Epoch: [0][300/301]	Time  0.003 ( 0.008)	Loss 3.0859e-01 (4.8886e-01)	Acc pseudo  92.00 ( 86.04)	Lr 1.000e-03 (1.000e-03)
2026-01-27 02:27:28,086 - INFO: Round 4, Fine-tune Epoch 0: loss=0.4889, acc(pseudo)=86.04%
2026-01-27 02:27:38,499 - INFO: Round 4, Fine-tune Epoch 0: acc(valid_pseudo): 0.9585, acc: 0.8260
2026-01-27 02:27:39,753 - INFO: Epoch: [1][  0/301]	Time  0.374 ( 0.374)	Loss 4.5427e-01 (4.5427e-01)	Acc pseudo  81.25 ( 81.25)	Lr 1.000e-03 (1.000e-03)
2026-01-27 02:27:39,951 - INFO: Epoch: [1][ 50/301]	Time  0.003 ( 0.011)	Loss 3.8889e-01 (4.3374e-01)	Acc pseudo  89.06 ( 86.67)	Lr 1.000e-03 (1.000e-03)
2026-01-27 02:27:40,130 - INFO: Epoch: [1][100/301]	Time  0.004 ( 0.007)	Loss 3.8868e-01 (4.4231e-01)	Acc pseudo  87.50 ( 86.70)	Lr 1.000e-03 (1.000e-03)
2026-01-27 02:27:40,313 - INFO: Epoch: [1][150/301]	Time  0.003 ( 0.006)	Loss 4.4180e-01 (4.4986e-01)	Acc pseudo  89.06 ( 86.73)	Lr 1.000e-03 (1.000e-03)
2026-01-27 02:27:40,497 - INFO: Epoch: [1][200/301]	Time  0.003 ( 0.005)	Loss 6.2155e-01 (4.5033e-01)	Acc pseudo  79.69 ( 86.63)	Lr 1.000e-03 (1.000e-03)
2026-01-27 02:27:40,670 - INFO: Epoch: [1][250/301]	Time  0.003 ( 0.005)	Loss 5.2092e-01 (4.5283e-01)	Acc pseudo  79.69 ( 86.40)	Lr 1.000e-03 (1.000e-03)
2026-01-27 02:27:40,833 - INFO: Epoch: [1][300/301]	Time  0.002 ( 0.005)	Loss 3.2161e-01 (4.5058e-01)	Acc pseudo  88.00 ( 86.49)	Lr 1.000e-03 (1.000e-03)
2026-01-27 02:27:40,899 - INFO: Round 4, Fine-tune Epoch 1: loss=0.4506, acc(pseudo)=86.49%
2026-01-27 02:27:48,905 - INFO: Round 4, Fine-tune Epoch 1: acc(valid_pseudo): 0.9715, acc: 0.8390
2026-01-27 02:27:49,700 - INFO: Epoch: [2][  0/301]	Time  0.248 ( 0.248)	Loss 6.0031e-01 (6.0031e-01)	Acc pseudo  87.50 ( 87.50)	Lr 1.000e-03 (1.000e-03)
2026-01-27 02:27:49,897 - INFO: Epoch: [2][ 50/301]	Time  0.003 ( 0.009)	Loss 3.6679e-01 (4.3011e-01)	Acc pseudo  90.62 ( 86.83)	Lr 1.000e-03 (1.000e-03)
2026-01-27 02:27:50,060 - INFO: Epoch: [2][100/301]	Time  0.003 ( 0.006)	Loss 5.3886e-01 (4.2637e-01)	Acc pseudo  87.50 ( 87.16)	Lr 1.000e-03 (1.000e-03)
2026-01-27 02:27:50,254 - INFO: Epoch: [2][150/301]	Time  0.004 ( 0.005)	Loss 4.0038e-01 (4.1552e-01)	Acc pseudo  87.50 ( 87.41)	Lr 1.000e-03 (1.000e-03)
2026-01-27 02:27:50,457 - INFO: Epoch: [2][200/301]	Time  0.004 ( 0.005)	Loss 2.6631e-01 (4.1753e-01)	Acc pseudo  89.06 ( 87.29)	Lr 1.000e-03 (1.000e-03)
2026-01-27 02:27:50,655 - INFO: Epoch: [2][250/301]	Time  0.004 ( 0.005)	Loss 3.0480e-01 (4.1924e-01)	Acc pseudo  87.50 ( 87.20)	Lr 1.000e-03 (1.000e-03)
2026-01-27 02:27:50,846 - INFO: Epoch: [2][300/301]	Time  0.003 ( 0.005)	Loss 5.1221e-01 (4.2320e-01)	Acc pseudo  84.00 ( 87.21)	Lr 1.000e-03 (1.000e-03)
2026-01-27 02:27:50,933 - INFO: Round 4, Fine-tune Epoch 2: loss=0.4232, acc(pseudo)=87.21%
2026-01-27 02:28:00,080 - INFO: Round 4, Fine-tune Epoch 2: acc(valid_pseudo): 0.9709, acc: 0.8415
2026-01-27 02:28:00,081 - INFO: Round 4, Speaker Fine-tune Epoch 2: No improvement in validation accuracy. Patience(epoch): 1/3
2026-01-27 02:28:00,329 - INFO: Epoch: [3][  0/301]	Time  0.243 ( 0.243)	Loss 6.9754e-01 (6.9754e-01)	Acc pseudo  79.69 ( 79.69)	Lr 1.000e-03 (1.000e-03)
2026-01-27 02:28:00,518 - INFO: Epoch: [3][ 50/301]	Time  0.003 ( 0.008)	Loss 6.2605e-01 (4.3157e-01)	Acc pseudo  84.38 ( 87.04)	Lr 1.000e-03 (1.000e-03)
2026-01-27 02:28:00,683 - INFO: Epoch: [3][100/301]	Time  0.003 ( 0.006)	Loss 3.2297e-01 (4.2030e-01)	Acc pseudo  84.38 ( 87.18)	Lr 1.000e-03 (1.000e-03)
2026-01-27 02:28:00,840 - INFO: Epoch: [3][150/301]	Time  0.003 ( 0.005)	Loss 2.4427e-01 (4.1467e-01)	Acc pseudo  95.31 ( 87.17)	Lr 1.000e-03 (1.000e-03)
2026-01-27 02:28:00,999 - INFO: Epoch: [3][200/301]	Time  0.004 ( 0.004)	Loss 2.9382e-01 (4.1938e-01)	Acc pseudo  90.62 ( 87.32)	Lr 1.000e-03 (1.000e-03)
2026-01-27 02:28:01,158 - INFO: Epoch: [3][250/301]	Time  0.003 ( 0.004)	Loss 4.3161e-01 (4.1642e-01)	Acc pseudo  82.81 ( 87.26)	Lr 1.000e-03 (1.000e-03)
2026-01-27 02:28:01,309 - INFO: Epoch: [3][300/301]	Time  0.002 ( 0.004)	Loss 2.3386e-01 (4.2074e-01)	Acc pseudo  92.00 ( 87.09)	Lr 1.000e-03 (1.000e-03)
2026-01-27 02:28:01,377 - INFO: Round 4, Fine-tune Epoch 3: loss=0.4207, acc(pseudo)=87.09%
2026-01-27 02:28:09,420 - INFO: Round 4, Fine-tune Epoch 3: acc(valid_pseudo): 0.9571, acc: 0.8205
2026-01-27 02:28:09,420 - INFO: Round 4, Speaker Fine-tune Epoch 3: No improvement in validation accuracy. Patience(epoch): 2/3
2026-01-27 02:28:09,683 - INFO: Epoch: [4][  0/301]	Time  0.257 ( 0.257)	Loss 4.1846e-01 (4.1846e-01)	Acc pseudo  89.06 ( 89.06)	Lr 1.000e-03 (1.000e-03)
2026-01-27 02:28:09,871 - INFO: Epoch: [4][ 50/301]	Time  0.003 ( 0.009)	Loss 4.8327e-01 (3.9130e-01)	Acc pseudo  84.38 ( 88.11)	Lr 1.000e-03 (1.000e-03)
2026-01-27 02:28:10,049 - INFO: Epoch: [4][100/301]	Time  0.003 ( 0.006)	Loss 2.8449e-01 (3.9146e-01)	Acc pseudo  92.19 ( 87.47)	Lr 1.000e-03 (1.000e-03)
2026-01-27 02:28:10,206 - INFO: Epoch: [4][150/301]	Time  0.003 ( 0.005)	Loss 3.1265e-01 (3.9661e-01)	Acc pseudo  87.50 ( 87.78)	Lr 1.000e-03 (1.000e-03)
2026-01-27 02:28:10,362 - INFO: Epoch: [4][200/301]	Time  0.003 ( 0.005)	Loss 5.3109e-01 (3.9717e-01)	Acc pseudo  82.81 ( 87.74)	Lr 1.000e-03 (1.000e-03)
2026-01-27 02:28:10,516 - INFO: Epoch: [4][250/301]	Time  0.003 ( 0.004)	Loss 3.6504e-01 (4.0402e-01)	Acc pseudo  89.06 ( 87.61)	Lr 1.000e-03 (1.000e-03)
2026-01-27 02:28:10,664 - INFO: Epoch: [4][300/301]	Time  0.003 ( 0.004)	Loss 6.5949e-01 (4.1083e-01)	Acc pseudo  84.00 ( 87.40)	Lr 1.000e-03 (1.000e-03)
2026-01-27 02:28:10,729 - INFO: Round 4, Fine-tune Epoch 4: loss=0.4108, acc(pseudo)=87.40%
2026-01-27 02:28:19,505 - INFO: Round 4, Fine-tune Epoch 4: acc(valid_pseudo): 0.9691, acc: 0.8300
2026-01-27 02:28:19,505 - INFO: Round 4, Speaker Fine-tune Epoch 4: No improvement in validation accuracy. Patience(epoch): 3/3
2026-01-27 02:28:19,506 - INFO: Early stopping at epoch 4 due to no improvement in validation accuracy for 3 epochs.
2026-01-27 02:28:19,507 - INFO: Round 4: Best speaker fine-tuned epoch=1, acc(valid_pseudo)=0.9715
2026-01-27 02:28:19,511 - INFO: Fine-tuning face embedding model for 20 epochs...
2026-01-27 02:28:20,608 - INFO: Epoch: [0][  0/582]	Time  1.073 ( 1.073)	Loss 4.7935e-02 (4.7935e-02)	Acc pseudo  98.44 ( 98.44)	Lr 1.000e-03 (1.000e-03)
2026-01-27 02:28:25,247 - INFO: Epoch: [0][ 50/582]	Time  0.046 ( 0.054)	Loss 3.3368e-01 (1.2790e-01)	Acc pseudo  95.31 ( 94.98)	Lr 1.000e-03 (1.000e-03)
2026-01-27 02:28:29,887 - INFO: Epoch: [0][100/582]	Time  0.029 ( 0.044)	Loss 3.1745e-01 (1.4423e-01)	Acc pseudo  87.50 ( 94.49)	Lr 1.000e-03 (1.000e-03)
2026-01-27 02:28:34,528 - INFO: Epoch: [0][150/582]	Time  0.032 ( 0.039)	Loss 1.3699e-01 (1.5012e-01)	Acc pseudo  90.62 ( 94.32)	Lr 1.000e-03 (1.000e-03)
2026-01-27 02:28:39,289 - INFO: Epoch: [0][200/582]	Time  0.033 ( 0.038)	Loss 7.1794e-02 (1.5131e-01)	Acc pseudo  96.88 ( 94.27)	Lr 1.000e-03 (1.000e-03)
2026-01-27 02:28:45,246 - INFO: Epoch: [0][250/582]	Time  0.036 ( 0.041)	Loss 1.9111e-01 (1.5551e-01)	Acc pseudo  90.62 ( 94.15)	Lr 1.000e-03 (1.000e-03)
2026-01-27 02:28:50,174 - INFO: Epoch: [0][300/582]	Time  0.031 ( 0.041)	Loss 6.6288e-02 (1.5725e-01)	Acc pseudo  96.88 ( 94.23)	Lr 1.000e-03 (1.000e-03)
2026-01-27 02:28:54,828 - INFO: Epoch: [0][350/582]	Time  0.033 ( 0.039)	Loss 4.8903e-01 (1.6359e-01)	Acc pseudo  90.62 ( 94.00)	Lr 1.000e-03 (1.000e-03)
2026-01-27 02:28:59,482 - INFO: Epoch: [0][400/582]	Time  0.031 ( 0.038)	Loss 1.2643e-01 (1.6246e-01)	Acc pseudo  95.31 ( 93.99)	Lr 1.000e-03 (1.000e-03)
2026-01-27 02:29:04,136 - INFO: Epoch: [0][450/582]	Time  0.037 ( 0.038)	Loss 3.9550e-02 (1.6034e-01)	Acc pseudo 100.00 ( 94.05)	Lr 1.000e-03 (1.000e-03)
2026-01-27 02:29:08,792 - INFO: Epoch: [0][500/582]	Time  0.032 ( 0.037)	Loss 1.3910e-01 (1.6090e-01)	Acc pseudo  89.06 ( 93.99)	Lr 1.000e-03 (1.000e-03)
2026-01-27 02:29:13,455 - INFO: Epoch: [0][550/582]	Time  0.037 ( 0.037)	Loss 1.7643e-01 (1.6030e-01)	Acc pseudo  90.62 ( 94.01)	Lr 1.000e-03 (1.000e-03)
2026-01-27 02:29:16,468 - INFO: Round 4, Face Fine-tune Epoch 0: loss=0.1613, acc(pseudo)=93.99%
2026-01-27 02:30:19,638 - INFO: Round 4, Face Fine-tune Epoch 0: acc(valid_pseudo): 0.9739, acc: 0.8754
2026-01-27 02:30:21,353 - INFO: Epoch: [1][  0/582]	Time  0.517 ( 0.517)	Loss 1.6528e-01 (1.6528e-01)	Acc pseudo  93.75 ( 93.75)	Lr 1.000e-03 (1.000e-03)
2026-01-27 02:30:26,026 - INFO: Epoch: [1][ 50/582]	Time  0.029 ( 0.044)	Loss 9.7542e-02 (1.3641e-01)	Acc pseudo  95.31 ( 94.70)	Lr 1.000e-03 (1.000e-03)
2026-01-27 02:30:30,691 - INFO: Epoch: [1][100/582]	Time  0.031 ( 0.038)	Loss 1.0354e-01 (1.3675e-01)	Acc pseudo  98.44 ( 94.52)	Lr 1.000e-03 (1.000e-03)
2026-01-27 02:30:35,359 - INFO: Epoch: [1][150/582]	Time  0.029 ( 0.035)	Loss 1.6767e-01 (1.3561e-01)	Acc pseudo  93.75 ( 94.48)	Lr 1.000e-03 (1.000e-03)
2026-01-27 02:30:40,029 - INFO: Epoch: [1][200/582]	Time  0.029 ( 0.033)	Loss 9.0446e-02 (1.3581e-01)	Acc pseudo  98.44 ( 94.28)	Lr 1.000e-03 (1.000e-03)
2026-01-27 02:30:44,702 - INFO: Epoch: [1][250/582]	Time  0.031 ( 0.033)	Loss 9.2920e-02 (1.3919e-01)	Acc pseudo  95.31 ( 94.22)	Lr 1.000e-03 (1.000e-03)
2026-01-27 02:30:49,377 - INFO: Epoch: [1][300/582]	Time  0.028 ( 0.032)	Loss 2.0462e-01 (1.4103e-01)	Acc pseudo  85.94 ( 94.19)	Lr 1.000e-03 (1.000e-03)
2026-01-27 02:30:54,070 - INFO: Epoch: [1][350/582]	Time  0.050 ( 0.033)	Loss 5.4706e-02 (1.4387e-01)	Acc pseudo  98.44 ( 94.06)	Lr 1.000e-03 (1.000e-03)
2026-01-27 02:30:58,756 - INFO: Epoch: [1][400/582]	Time  0.028 ( 0.033)	Loss 2.0530e-01 (1.4345e-01)	Acc pseudo  89.06 ( 94.17)	Lr 1.000e-03 (1.000e-03)
2026-01-27 02:31:03,435 - INFO: Epoch: [1][450/582]	Time  0.028 ( 0.033)	Loss 1.9993e-01 (1.4541e-01)	Acc pseudo  90.62 ( 94.17)	Lr 1.000e-03 (1.000e-03)
2026-01-27 02:31:08,113 - INFO: Epoch: [1][500/582]	Time  0.039 ( 0.033)	Loss 1.2446e-01 (1.4455e-01)	Acc pseudo  93.75 ( 94.22)	Lr 1.000e-03 (1.000e-03)
2026-01-27 02:31:12,801 - INFO: Epoch: [1][550/582]	Time  0.041 ( 0.033)	Loss 1.0716e-01 (1.4523e-01)	Acc pseudo  95.31 ( 94.18)	Lr 1.000e-03 (1.000e-03)
2026-01-27 02:31:15,808 - INFO: Round 4, Face Fine-tune Epoch 1: loss=0.1452, acc(pseudo)=94.16%
2026-01-27 02:32:15,143 - INFO: Round 4, Face Fine-tune Epoch 1: acc(valid_pseudo): 0.9763, acc: 0.8783
2026-01-27 02:32:17,328 - INFO: Epoch: [2][  0/582]	Time  0.510 ( 0.510)	Loss 9.7032e-02 (9.7032e-02)	Acc pseudo  93.75 ( 93.75)	Lr 1.000e-03 (1.000e-03)
2026-01-27 02:32:22,004 - INFO: Epoch: [2][ 50/582]	Time  0.030 ( 0.040)	Loss 1.4900e-01 (1.2912e-01)	Acc pseudo  93.75 ( 94.36)	Lr 1.000e-03 (1.000e-03)
2026-01-27 02:32:26,680 - INFO: Epoch: [2][100/582]	Time  0.037 ( 0.037)	Loss 7.8241e-02 (1.3138e-01)	Acc pseudo  93.75 ( 94.42)	Lr 1.000e-03 (1.000e-03)
2026-01-27 02:32:31,397 - INFO: Epoch: [2][150/582]	Time  0.039 ( 0.038)	Loss 4.7468e-02 (1.2988e-01)	Acc pseudo  98.44 ( 94.56)	Lr 1.000e-03 (1.000e-03)
2026-01-27 02:32:36,096 - INFO: Epoch: [2][200/582]	Time  0.034 ( 0.038)	Loss 6.6103e-02 (1.2969e-01)	Acc pseudo  98.44 ( 94.59)	Lr 1.000e-03 (1.000e-03)
2026-01-27 02:32:40,782 - INFO: Epoch: [2][250/582]	Time  0.039 ( 0.037)	Loss 5.6547e-02 (1.2926e-01)	Acc pseudo  98.44 ( 94.67)	Lr 1.000e-03 (1.000e-03)
2026-01-27 02:32:45,478 - INFO: Epoch: [2][300/582]	Time  0.035 ( 0.038)	Loss 4.0305e-01 (1.3172e-01)	Acc pseudo  90.62 ( 94.63)	Lr 1.000e-03 (1.000e-03)
2026-01-27 02:32:50,162 - INFO: Epoch: [2][350/582]	Time  0.030 ( 0.037)	Loss 9.0100e-02 (1.3072e-01)	Acc pseudo  93.75 ( 94.60)	Lr 1.000e-03 (1.000e-03)
2026-01-27 02:32:54,858 - INFO: Epoch: [2][400/582]	Time  0.030 ( 0.037)	Loss 1.5740e-01 (1.3103e-01)	Acc pseudo  92.19 ( 94.67)	Lr 1.000e-03 (1.000e-03)
2026-01-27 02:32:59,545 - INFO: Epoch: [2][450/582]	Time  0.032 ( 0.037)	Loss 1.1792e-01 (1.3062e-01)	Acc pseudo  93.75 ( 94.65)	Lr 1.000e-03 (1.000e-03)
2026-01-27 02:33:04,230 - INFO: Epoch: [2][500/582]	Time  0.028 ( 0.036)	Loss 1.6359e-01 (1.3308e-01)	Acc pseudo  90.62 ( 94.55)	Lr 1.000e-03 (1.000e-03)
2026-01-27 02:33:08,916 - INFO: Epoch: [2][550/582]	Time  0.029 ( 0.035)	Loss 1.0263e-01 (1.3341e-01)	Acc pseudo  95.31 ( 94.56)	Lr 1.000e-03 (1.000e-03)
2026-01-27 02:33:11,899 - INFO: Round 4, Face Fine-tune Epoch 2: loss=0.1351, acc(pseudo)=94.54%
2026-01-27 02:34:13,293 - INFO: Round 4, Face Fine-tune Epoch 2: acc(valid_pseudo): 0.9762, acc: 0.8744
2026-01-27 02:34:13,293 - INFO: Round 4, Face Fine-tune Epoch 2: No improvement. Patience(epoch): 1/3
2026-01-27 02:34:13,813 - INFO: Epoch: [3][  0/582]	Time  0.484 ( 0.484)	Loss 1.0748e-01 (1.0748e-01)	Acc pseudo  93.75 ( 93.75)	Lr 1.000e-03 (1.000e-03)
2026-01-27 02:34:18,496 - INFO: Epoch: [3][ 50/582]	Time  0.029 ( 0.042)	Loss 9.9045e-02 (1.1393e-01)	Acc pseudo  95.31 ( 94.88)	Lr 1.000e-03 (1.000e-03)
2026-01-27 02:34:23,173 - INFO: Epoch: [3][100/582]	Time  0.028 ( 0.037)	Loss 1.8759e-01 (1.1903e-01)	Acc pseudo  98.44 ( 95.00)	Lr 1.000e-03 (1.000e-03)
2026-01-27 02:34:27,859 - INFO: Epoch: [3][150/582]	Time  0.040 ( 0.035)	Loss 1.0455e-01 (1.2483e-01)	Acc pseudo  92.19 ( 94.72)	Lr 1.000e-03 (1.000e-03)
2026-01-27 02:34:32,546 - INFO: Epoch: [3][200/582]	Time  0.032 ( 0.034)	Loss 9.0244e-02 (1.2794e-01)	Acc pseudo  95.31 ( 94.60)	Lr 1.000e-03 (1.000e-03)
2026-01-27 02:34:37,230 - INFO: Epoch: [3][250/582]	Time  0.028 ( 0.033)	Loss 1.2796e-01 (1.2809e-01)	Acc pseudo  93.75 ( 94.52)	Lr 1.000e-03 (1.000e-03)
2026-01-27 02:34:41,913 - INFO: Epoch: [3][300/582]	Time  0.028 ( 0.033)	Loss 2.3339e-01 (1.2921e-01)	Acc pseudo  90.62 ( 94.58)	Lr 1.000e-03 (1.000e-03)
2026-01-27 02:34:46,693 - INFO: Epoch: [3][350/582]	Time  0.031 ( 0.033)	Loss 1.0111e-01 (1.2708e-01)	Acc pseudo  98.44 ( 94.66)	Lr 1.000e-03 (1.000e-03)
2026-01-27 02:34:51,470 - INFO: Epoch: [3][400/582]	Time  0.029 ( 0.032)	Loss 2.2091e-01 (1.2849e-01)	Acc pseudo  92.19 ( 94.62)	Lr 1.000e-03 (1.000e-03)
2026-01-27 02:34:56,160 - INFO: Epoch: [3][450/582]	Time  0.030 ( 0.032)	Loss 8.6923e-02 (1.2960e-01)	Acc pseudo  96.88 ( 94.57)	Lr 1.000e-03 (1.000e-03)
2026-01-27 02:35:00,853 - INFO: Epoch: [3][500/582]	Time  0.029 ( 0.032)	Loss 1.5372e-01 (1.2981e-01)	Acc pseudo  93.75 ( 94.55)	Lr 1.000e-03 (1.000e-03)
2026-01-27 02:35:05,542 - INFO: Epoch: [3][550/582]	Time  0.029 ( 0.032)	Loss 1.1717e-01 (1.2983e-01)	Acc pseudo  92.19 ( 94.53)	Lr 1.000e-03 (1.000e-03)
2026-01-27 02:35:08,524 - INFO: Round 4, Face Fine-tune Epoch 3: loss=0.1295, acc(pseudo)=94.53%
2026-01-27 02:36:07,793 - INFO: Round 4, Face Fine-tune Epoch 3: acc(valid_pseudo): 0.9793, acc: 0.8715
2026-01-27 02:36:09,668 - INFO: Epoch: [4][  0/582]	Time  0.504 ( 0.504)	Loss 1.5025e-01 (1.5025e-01)	Acc pseudo  92.19 ( 92.19)	Lr 1.000e-03 (1.000e-03)
2026-01-27 02:36:14,362 - INFO: Epoch: [4][ 50/582]	Time  0.046 ( 0.050)	Loss 9.3766e-02 (1.4249e-01)	Acc pseudo  93.75 ( 94.27)	Lr 1.000e-03 (1.000e-03)
2026-01-27 02:36:19,113 - INFO: Epoch: [4][100/582]	Time  0.029 ( 0.042)	Loss 9.6218e-02 (1.3769e-01)	Acc pseudo  93.75 ( 94.40)	Lr 1.000e-03 (1.000e-03)
2026-01-27 02:36:23,796 - INFO: Epoch: [4][150/582]	Time  0.029 ( 0.038)	Loss 1.1030e-01 (1.3545e-01)	Acc pseudo  95.31 ( 94.43)	Lr 1.000e-03 (1.000e-03)
2026-01-27 02:36:28,480 - INFO: Epoch: [4][200/582]	Time  0.029 ( 0.036)	Loss 1.2321e-01 (1.3688e-01)	Acc pseudo  93.75 ( 94.56)	Lr 1.000e-03 (1.000e-03)
2026-01-27 02:36:33,168 - INFO: Epoch: [4][250/582]	Time  0.030 ( 0.034)	Loss 3.1970e-01 (1.3778e-01)	Acc pseudo  93.75 ( 94.47)	Lr 1.000e-03 (1.000e-03)
2026-01-27 02:36:37,854 - INFO: Epoch: [4][300/582]	Time  0.028 ( 0.034)	Loss 7.7627e-02 (1.3745e-01)	Acc pseudo  92.19 ( 94.45)	Lr 1.000e-03 (1.000e-03)
2026-01-27 02:36:42,546 - INFO: Epoch: [4][350/582]	Time  0.043 ( 0.034)	Loss 7.2140e-02 (1.3882e-01)	Acc pseudo  95.31 ( 94.40)	Lr 1.000e-03 (1.000e-03)
2026-01-27 02:36:47,241 - INFO: Epoch: [4][400/582]	Time  0.035 ( 0.035)	Loss 1.0703e-01 (1.3820e-01)	Acc pseudo  95.31 ( 94.44)	Lr 1.000e-03 (1.000e-03)
2026-01-27 02:36:51,931 - INFO: Epoch: [4][450/582]	Time  0.031 ( 0.035)	Loss 1.2297e-01 (1.3783e-01)	Acc pseudo  92.19 ( 94.43)	Lr 1.000e-03 (1.000e-03)
2026-01-27 02:36:56,619 - INFO: Epoch: [4][500/582]	Time  0.028 ( 0.034)	Loss 1.4926e-01 (1.3755e-01)	Acc pseudo  93.75 ( 94.46)	Lr 1.000e-03 (1.000e-03)
2026-01-27 02:37:01,308 - INFO: Epoch: [4][550/582]	Time  0.032 ( 0.034)	Loss 7.7142e-02 (1.3739e-01)	Acc pseudo  93.75 ( 94.41)	Lr 1.000e-03 (1.000e-03)
2026-01-27 02:37:04,305 - INFO: Round 4, Face Fine-tune Epoch 4: loss=0.1356, acc(pseudo)=94.48%
2026-01-27 02:38:07,131 - INFO: Round 4, Face Fine-tune Epoch 4: acc(valid_pseudo): 0.9800, acc: 0.8734
2026-01-27 02:38:09,198 - INFO: Epoch: [5][  0/582]	Time  0.487 ( 0.487)	Loss 8.2036e-02 (8.2036e-02)	Acc pseudo  96.88 ( 96.88)	Lr 1.000e-03 (1.000e-03)
2026-01-27 02:38:13,884 - INFO: Epoch: [5][ 50/582]	Time  0.031 ( 0.042)	Loss 1.0054e-01 (1.1455e-01)	Acc pseudo  95.31 ( 95.25)	Lr 1.000e-03 (1.000e-03)
2026-01-27 02:38:18,568 - INFO: Epoch: [5][100/582]	Time  0.030 ( 0.038)	Loss 1.2316e-01 (1.1853e-01)	Acc pseudo  93.75 ( 95.08)	Lr 1.000e-03 (1.000e-03)
2026-01-27 02:38:23,250 - INFO: Epoch: [5][150/582]	Time  0.029 ( 0.037)	Loss 7.8165e-02 (1.2017e-01)	Acc pseudo  96.88 ( 95.12)	Lr 1.000e-03 (1.000e-03)
2026-01-27 02:38:27,937 - INFO: Epoch: [5][200/582]	Time  0.028 ( 0.036)	Loss 7.9871e-02 (1.2227e-01)	Acc pseudo  96.88 ( 95.01)	Lr 1.000e-03 (1.000e-03)
2026-01-27 02:38:32,623 - INFO: Epoch: [5][250/582]	Time  0.028 ( 0.035)	Loss 1.0895e-01 (1.2796e-01)	Acc pseudo  93.75 ( 94.81)	Lr 1.000e-03 (1.000e-03)
2026-01-27 02:38:37,312 - INFO: Epoch: [5][300/582]	Time  0.034 ( 0.035)	Loss 1.1169e-01 (1.3002e-01)	Acc pseudo  95.31 ( 94.75)	Lr 1.000e-03 (1.000e-03)
2026-01-27 02:38:42,009 - INFO: Epoch: [5][350/582]	Time  0.030 ( 0.036)	Loss 2.8029e-02 (1.2771e-01)	Acc pseudo 100.00 ( 94.86)	Lr 1.000e-03 (1.000e-03)
2026-01-27 02:38:46,699 - INFO: Epoch: [5][400/582]	Time  0.030 ( 0.035)	Loss 4.2955e-02 (1.2827e-01)	Acc pseudo  96.88 ( 94.82)	Lr 1.000e-03 (1.000e-03)
2026-01-27 02:38:51,398 - INFO: Epoch: [5][450/582]	Time  0.050 ( 0.036)	Loss 4.1700e-02 (1.2704e-01)	Acc pseudo 100.00 ( 94.86)	Lr 1.000e-03 (1.000e-03)
2026-01-27 02:38:56,092 - INFO: Epoch: [5][500/582]	Time  0.030 ( 0.035)	Loss 2.1562e-01 (1.2707e-01)	Acc pseudo  92.19 ( 94.89)	Lr 1.000e-03 (1.000e-03)
2026-01-27 02:39:00,786 - INFO: Epoch: [5][550/582]	Time  0.030 ( 0.036)	Loss 1.0709e-01 (1.2771e-01)	Acc pseudo  90.62 ( 94.84)	Lr 1.000e-03 (1.000e-03)
2026-01-27 02:39:03,806 - INFO: Round 4, Face Fine-tune Epoch 5: loss=0.1276, acc(pseudo)=94.84%
2026-01-27 02:40:03,284 - INFO: Round 4, Face Fine-tune Epoch 5: acc(valid_pseudo): 0.9809, acc: 0.8793
2026-01-27 02:40:06,107 - INFO: Epoch: [6][  0/582]	Time  0.695 ( 0.695)	Loss 7.1398e-02 (7.1398e-02)	Acc pseudo  98.44 ( 98.44)	Lr 1.000e-03 (1.000e-03)
2026-01-27 02:40:10,806 - INFO: Epoch: [6][ 50/582]	Time  0.045 ( 0.060)	Loss 7.2476e-02 (1.1840e-01)	Acc pseudo  95.31 ( 95.47)	Lr 1.000e-03 (1.000e-03)
2026-01-27 02:40:15,547 - INFO: Epoch: [6][100/582]	Time  0.046 ( 0.053)	Loss 1.8185e-01 (1.1889e-01)	Acc pseudo  90.62 ( 95.28)	Lr 1.000e-03 (1.000e-03)
2026-01-27 02:40:20,261 - INFO: Epoch: [6][150/582]	Time  0.039 ( 0.051)	Loss 1.4879e-01 (1.1619e-01)	Acc pseudo  96.88 ( 95.19)	Lr 1.000e-03 (1.000e-03)
2026-01-27 02:40:24,947 - INFO: Epoch: [6][200/582]	Time  0.029 ( 0.046)	Loss 1.1873e-01 (1.1728e-01)	Acc pseudo  92.19 ( 95.07)	Lr 1.000e-03 (1.000e-03)
2026-01-27 02:40:29,638 - INFO: Epoch: [6][250/582]	Time  0.030 ( 0.043)	Loss 3.6214e-02 (1.1566e-01)	Acc pseudo 100.00 ( 95.21)	Lr 1.000e-03 (1.000e-03)
2026-01-27 02:40:34,328 - INFO: Epoch: [6][300/582]	Time  0.028 ( 0.041)	Loss 8.0850e-02 (1.1551e-01)	Acc pseudo  96.88 ( 95.19)	Lr 1.000e-03 (1.000e-03)
2026-01-27 02:40:39,026 - INFO: Epoch: [6][350/582]	Time  0.045 ( 0.041)	Loss 1.4658e-01 (1.1933e-01)	Acc pseudo  92.19 ( 95.17)	Lr 1.000e-03 (1.000e-03)
2026-01-27 02:40:43,721 - INFO: Epoch: [6][400/582]	Time  0.030 ( 0.041)	Loss 4.4146e-02 (1.1978e-01)	Acc pseudo  98.44 ( 95.16)	Lr 1.000e-03 (1.000e-03)
2026-01-27 02:40:48,410 - INFO: Epoch: [6][450/582]	Time  0.029 ( 0.040)	Loss 1.4629e-01 (1.2341e-01)	Acc pseudo  93.75 ( 95.01)	Lr 1.000e-03 (1.000e-03)
2026-01-27 02:40:53,103 - INFO: Epoch: [6][500/582]	Time  0.029 ( 0.039)	Loss 7.0781e-02 (1.2319e-01)	Acc pseudo  98.44 ( 94.98)	Lr 1.000e-03 (1.000e-03)
2026-01-27 02:40:57,793 - INFO: Epoch: [6][550/582]	Time  0.030 ( 0.038)	Loss 1.8809e-01 (1.2450e-01)	Acc pseudo  93.75 ( 94.91)	Lr 1.000e-03 (1.000e-03)
2026-01-27 02:41:00,789 - INFO: Round 4, Face Fine-tune Epoch 6: loss=0.1245, acc(pseudo)=94.89%
2026-01-27 02:42:01,309 - INFO: Round 4, Face Fine-tune Epoch 6: acc(valid_pseudo): 0.9808, acc: 0.8763
2026-01-27 02:42:01,309 - INFO: Round 4, Face Fine-tune Epoch 6: No improvement. Patience(epoch): 1/3
2026-01-27 02:42:02,066 - INFO: Epoch: [7][  0/582]	Time  0.713 ( 0.713)	Loss 6.7484e-02 (6.7484e-02)	Acc pseudo  98.44 ( 98.44)	Lr 1.000e-03 (1.000e-03)
2026-01-27 02:42:06,760 - INFO: Epoch: [7][ 50/582]	Time  0.031 ( 0.046)	Loss 8.6373e-02 (1.1986e-01)	Acc pseudo  96.88 ( 94.73)	Lr 1.000e-03 (1.000e-03)
2026-01-27 02:42:11,444 - INFO: Epoch: [7][100/582]	Time  0.032 ( 0.039)	Loss 1.1286e-01 (1.3121e-01)	Acc pseudo  93.75 ( 94.32)	Lr 1.000e-03 (1.000e-03)
2026-01-27 02:42:16,133 - INFO: Epoch: [7][150/582]	Time  0.045 ( 0.037)	Loss 2.4014e-01 (1.2897e-01)	Acc pseudo  90.62 ( 94.36)	Lr 1.000e-03 (1.000e-03)
2026-01-27 02:42:20,824 - INFO: Epoch: [7][200/582]	Time  0.033 ( 0.037)	Loss 9.6630e-02 (1.3100e-01)	Acc pseudo  96.88 ( 94.40)	Lr 1.000e-03 (1.000e-03)
2026-01-27 02:42:25,511 - INFO: Epoch: [7][250/582]	Time  0.037 ( 0.035)	Loss 1.0948e-01 (1.3091e-01)	Acc pseudo  96.88 ( 94.58)	Lr 1.000e-03 (1.000e-03)
2026-01-27 02:42:30,202 - INFO: Epoch: [7][300/582]	Time  0.028 ( 0.035)	Loss 4.8191e-02 (1.2859e-01)	Acc pseudo  96.88 ( 94.70)	Lr 1.000e-03 (1.000e-03)
2026-01-27 02:42:34,892 - INFO: Epoch: [7][350/582]	Time  0.038 ( 0.034)	Loss 1.9901e-01 (1.3044e-01)	Acc pseudo  92.19 ( 94.67)	Lr 1.000e-03 (1.000e-03)
2026-01-27 02:42:39,589 - INFO: Epoch: [7][400/582]	Time  0.028 ( 0.034)	Loss 1.4364e-01 (1.3134e-01)	Acc pseudo  92.19 ( 94.60)	Lr 1.000e-03 (1.000e-03)
2026-01-27 02:42:44,278 - INFO: Epoch: [7][450/582]	Time  0.028 ( 0.033)	Loss 6.5894e-02 (1.3169e-01)	Acc pseudo  95.31 ( 94.59)	Lr 1.000e-03 (1.000e-03)
2026-01-27 02:42:48,970 - INFO: Epoch: [7][500/582]	Time  0.040 ( 0.033)	Loss 1.1120e-01 (1.3018e-01)	Acc pseudo  93.75 ( 94.61)	Lr 1.000e-03 (1.000e-03)
2026-01-27 02:42:53,665 - INFO: Epoch: [7][550/582]	Time  0.031 ( 0.033)	Loss 8.5977e-02 (1.3088e-01)	Acc pseudo  95.31 ( 94.56)	Lr 1.000e-03 (1.000e-03)
2026-01-27 02:42:56,653 - INFO: Round 4, Face Fine-tune Epoch 7: loss=0.1306, acc(pseudo)=94.58%
2026-01-27 02:43:56,334 - INFO: Round 4, Face Fine-tune Epoch 7: acc(valid_pseudo): 0.9820, acc: 0.8744
2026-01-27 02:43:58,168 - INFO: Epoch: [8][  0/582]	Time  0.490 ( 0.490)	Loss 1.1694e-01 (1.1694e-01)	Acc pseudo  93.75 ( 93.75)	Lr 1.000e-03 (1.000e-03)
2026-01-27 02:44:03,040 - INFO: Epoch: [8][ 50/582]	Time  0.031 ( 0.048)	Loss 8.9037e-02 (1.3153e-01)	Acc pseudo  93.75 ( 94.88)	Lr 1.000e-03 (1.000e-03)
2026-01-27 02:44:07,732 - INFO: Epoch: [8][100/582]	Time  0.029 ( 0.040)	Loss 1.0927e-01 (1.3334e-01)	Acc pseudo  93.75 ( 94.60)	Lr 1.000e-03 (1.000e-03)
2026-01-27 02:44:12,415 - INFO: Epoch: [8][150/582]	Time  0.029 ( 0.036)	Loss 1.2666e-01 (1.3120e-01)	Acc pseudo  93.75 ( 94.51)	Lr 1.000e-03 (1.000e-03)
2026-01-27 02:44:17,106 - INFO: Epoch: [8][200/582]	Time  0.029 ( 0.035)	Loss 1.1241e-01 (1.3503e-01)	Acc pseudo  95.31 ( 94.46)	Lr 1.000e-03 (1.000e-03)
2026-01-27 02:44:21,796 - INFO: Epoch: [8][250/582]	Time  0.040 ( 0.034)	Loss 2.0349e-01 (1.3434e-01)	Acc pseudo  90.62 ( 94.40)	Lr 1.000e-03 (1.000e-03)
2026-01-27 02:44:26,488 - INFO: Epoch: [8][300/582]	Time  0.029 ( 0.034)	Loss 2.2181e-01 (1.3927e-01)	Acc pseudo  89.06 ( 94.31)	Lr 1.000e-03 (1.000e-03)
2026-01-27 02:44:31,177 - INFO: Epoch: [8][350/582]	Time  0.031 ( 0.033)	Loss 1.4543e-01 (1.3918e-01)	Acc pseudo  95.31 ( 94.33)	Lr 1.000e-03 (1.000e-03)
2026-01-27 02:44:35,868 - INFO: Epoch: [8][400/582]	Time  0.028 ( 0.033)	Loss 1.3241e-01 (1.4116e-01)	Acc pseudo  92.19 ( 94.25)	Lr 1.000e-03 (1.000e-03)
2026-01-27 02:44:40,559 - INFO: Epoch: [8][450/582]	Time  0.044 ( 0.033)	Loss 1.3604e-01 (1.4159e-01)	Acc pseudo  93.75 ( 94.18)	Lr 1.000e-03 (1.000e-03)
2026-01-27 02:44:45,255 - INFO: Epoch: [8][500/582]	Time  0.034 ( 0.033)	Loss 1.2607e-01 (1.4075e-01)	Acc pseudo  96.88 ( 94.20)	Lr 1.000e-03 (1.000e-03)
2026-01-27 02:44:49,948 - INFO: Epoch: [8][550/582]	Time  0.028 ( 0.033)	Loss 1.2004e-01 (1.4304e-01)	Acc pseudo  93.75 ( 94.09)	Lr 1.000e-03 (1.000e-03)
2026-01-27 02:44:53,023 - INFO: Round 4, Face Fine-tune Epoch 8: loss=0.1427, acc(pseudo)=94.09%
2026-01-27 02:45:53,471 - INFO: Round 4, Face Fine-tune Epoch 8: acc(valid_pseudo): 0.9807, acc: 0.8822
2026-01-27 02:45:53,471 - INFO: Round 4, Face Fine-tune Epoch 8: No improvement. Patience(epoch): 1/3
2026-01-27 02:45:54,028 - INFO: Epoch: [9][  0/582]	Time  0.523 ( 0.523)	Loss 1.2763e-01 (1.2763e-01)	Acc pseudo  93.75 ( 93.75)	Lr 1.000e-03 (1.000e-03)
2026-01-27 02:45:58,718 - INFO: Epoch: [9][ 50/582]	Time  0.030 ( 0.042)	Loss 8.5564e-02 (1.3192e-01)	Acc pseudo  98.44 ( 94.49)	Lr 1.000e-03 (1.000e-03)
2026-01-27 02:46:03,404 - INFO: Epoch: [9][100/582]	Time  0.028 ( 0.036)	Loss 1.1001e-01 (1.3353e-01)	Acc pseudo  93.75 ( 94.60)	Lr 1.000e-03 (1.000e-03)
2026-01-27 02:46:08,091 - INFO: Epoch: [9][150/582]	Time  0.033 ( 0.034)	Loss 2.1587e-01 (1.3856e-01)	Acc pseudo  93.75 ( 94.37)	Lr 1.000e-03 (1.000e-03)
2026-01-27 02:46:12,788 - INFO: Epoch: [9][200/582]	Time  0.040 ( 0.035)	Loss 1.0416e-01 (1.3671e-01)	Acc pseudo  92.19 ( 94.35)	Lr 1.000e-03 (1.000e-03)
2026-01-27 02:46:17,484 - INFO: Epoch: [9][250/582]	Time  0.030 ( 0.035)	Loss 1.3020e-01 (1.4143e-01)	Acc pseudo  95.31 ( 94.15)	Lr 1.000e-03 (1.000e-03)
2026-01-27 02:46:22,175 - INFO: Epoch: [9][300/582]	Time  0.030 ( 0.034)	Loss 8.5006e-02 (1.4183e-01)	Acc pseudo  98.44 ( 94.18)	Lr 1.000e-03 (1.000e-03)
2026-01-27 02:46:26,872 - INFO: Epoch: [9][350/582]	Time  0.030 ( 0.035)	Loss 1.2388e-01 (1.3982e-01)	Acc pseudo  98.44 ( 94.33)	Lr 1.000e-03 (1.000e-03)
2026-01-27 02:46:31,561 - INFO: Epoch: [9][400/582]	Time  0.028 ( 0.034)	Loss 1.0257e-01 (1.3839e-01)	Acc pseudo  96.88 ( 94.43)	Lr 1.000e-03 (1.000e-03)
2026-01-27 02:46:36,253 - INFO: Epoch: [9][450/582]	Time  0.028 ( 0.033)	Loss 1.0480e-01 (1.3997e-01)	Acc pseudo  98.44 ( 94.37)	Lr 1.000e-03 (1.000e-03)
2026-01-27 02:46:40,943 - INFO: Epoch: [9][500/582]	Time  0.029 ( 0.033)	Loss 1.9471e-01 (1.4101e-01)	Acc pseudo  89.06 ( 94.32)	Lr 1.000e-03 (1.000e-03)
2026-01-27 02:46:45,635 - INFO: Epoch: [9][550/582]	Time  0.028 ( 0.032)	Loss 1.8785e-01 (1.3951e-01)	Acc pseudo  90.62 ( 94.38)	Lr 1.000e-03 (1.000e-03)
2026-01-27 02:46:48,635 - INFO: Round 4, Face Fine-tune Epoch 9: loss=0.1394, acc(pseudo)=94.35%
2026-01-27 02:47:48,741 - INFO: Round 4, Face Fine-tune Epoch 9: acc(valid_pseudo): 0.9825, acc: 0.8802
2026-01-27 02:47:50,672 - INFO: Epoch: [10][  0/582]	Time  0.510 ( 0.510)	Loss 7.0743e-02 (7.0743e-02)	Acc pseudo  96.88 ( 96.88)	Lr 1.000e-03 (1.000e-03)
2026-01-27 02:47:55,363 - INFO: Epoch: [10][ 50/582]	Time  0.034 ( 0.045)	Loss 2.0571e-01 (1.3615e-01)	Acc pseudo  92.19 ( 94.58)	Lr 1.000e-03 (1.000e-03)
2026-01-27 02:48:00,183 - INFO: Epoch: [10][100/582]	Time  0.047 ( 0.043)	Loss 1.2865e-01 (1.2938e-01)	Acc pseudo  95.31 ( 94.62)	Lr 1.000e-03 (1.000e-03)
2026-01-27 02:48:04,908 - INFO: Epoch: [10][150/582]	Time  0.027 ( 0.039)	Loss 1.6028e-01 (1.3999e-01)	Acc pseudo  92.19 ( 94.24)	Lr 1.000e-03 (1.000e-03)
2026-01-27 02:48:09,597 - INFO: Epoch: [10][200/582]	Time  0.028 ( 0.037)	Loss 2.5179e-01 (1.4760e-01)	Acc pseudo  93.75 ( 94.05)	Lr 1.000e-03 (1.000e-03)
2026-01-27 02:48:14,285 - INFO: Epoch: [10][250/582]	Time  0.027 ( 0.036)	Loss 1.3684e-01 (1.4631e-01)	Acc pseudo  95.31 ( 94.12)	Lr 1.000e-03 (1.000e-03)
2026-01-27 02:48:18,975 - INFO: Epoch: [10][300/582]	Time  0.028 ( 0.035)	Loss 1.9413e-01 (1.4578e-01)	Acc pseudo  93.75 ( 94.15)	Lr 1.000e-03 (1.000e-03)
2026-01-27 02:48:23,673 - INFO: Epoch: [10][350/582]	Time  0.043 ( 0.036)	Loss 1.0950e-01 (1.4473e-01)	Acc pseudo  95.31 ( 94.07)	Lr 1.000e-03 (1.000e-03)
2026-01-27 02:48:28,364 - INFO: Epoch: [10][400/582]	Time  0.032 ( 0.035)	Loss 2.0246e-01 (1.4290e-01)	Acc pseudo  89.06 ( 94.05)	Lr 1.000e-03 (1.000e-03)
2026-01-27 02:48:33,054 - INFO: Epoch: [10][450/582]	Time  0.028 ( 0.034)	Loss 1.5523e-01 (1.4241e-01)	Acc pseudo  93.75 ( 94.18)	Lr 1.000e-03 (1.000e-03)
2026-01-27 02:48:37,744 - INFO: Epoch: [10][500/582]	Time  0.027 ( 0.034)	Loss 1.8415e-01 (1.4339e-01)	Acc pseudo  93.75 ( 94.16)	Lr 1.000e-03 (1.000e-03)
2026-01-27 02:48:42,666 - INFO: Epoch: [10][550/582]	Time  0.044 ( 0.034)	Loss 7.6705e-02 (1.4229e-01)	Acc pseudo  95.31 ( 94.19)	Lr 1.000e-03 (1.000e-03)
2026-01-27 02:48:45,751 - INFO: Round 4, Face Fine-tune Epoch 10: loss=0.1428, acc(pseudo)=94.15%
2026-01-27 02:49:45,412 - INFO: Round 4, Face Fine-tune Epoch 10: acc(valid_pseudo): 0.9811, acc: 0.8773
2026-01-27 02:49:45,413 - INFO: Round 4, Face Fine-tune Epoch 10: No improvement. Patience(epoch): 1/3
2026-01-27 02:49:45,980 - INFO: Epoch: [11][  0/582]	Time  0.521 ( 0.521)	Loss 5.6087e-02 (5.6087e-02)	Acc pseudo  96.88 ( 96.88)	Lr 1.000e-03 (1.000e-03)
2026-01-27 02:49:50,669 - INFO: Epoch: [11][ 50/582]	Time  0.029 ( 0.041)	Loss 7.3956e-02 (1.9369e-01)	Acc pseudo  96.88 ( 92.77)	Lr 1.000e-03 (1.000e-03)
2026-01-27 02:49:55,355 - INFO: Epoch: [11][100/582]	Time  0.030 ( 0.036)	Loss 2.7814e-01 (1.9594e-01)	Acc pseudo  90.62 ( 92.93)	Lr 1.000e-03 (1.000e-03)
2026-01-27 02:50:00,044 - INFO: Epoch: [11][150/582]	Time  0.031 ( 0.034)	Loss 1.2969e-01 (1.9817e-01)	Acc pseudo  93.75 ( 92.70)	Lr 1.000e-03 (1.000e-03)
2026-01-27 02:50:04,735 - INFO: Epoch: [11][200/582]	Time  0.034 ( 0.034)	Loss 1.1573e-01 (2.0396e-01)	Acc pseudo  95.31 ( 92.46)	Lr 1.000e-03 (1.000e-03)
2026-01-27 02:50:09,425 - INFO: Epoch: [11][250/582]	Time  0.030 ( 0.033)	Loss 4.1560e-01 (2.0395e-01)	Acc pseudo  90.62 ( 92.34)	Lr 1.000e-03 (1.000e-03)
2026-01-27 02:50:14,115 - INFO: Epoch: [11][300/582]	Time  0.028 ( 0.032)	Loss 8.6213e-02 (2.0304e-01)	Acc pseudo  95.31 ( 92.41)	Lr 1.000e-03 (1.000e-03)
2026-01-27 02:50:18,806 - INFO: Epoch: [11][350/582]	Time  0.029 ( 0.032)	Loss 4.3215e-01 (2.0405e-01)	Acc pseudo  87.50 ( 92.40)	Lr 1.000e-03 (1.000e-03)
2026-01-27 02:50:23,497 - INFO: Epoch: [11][400/582]	Time  0.030 ( 0.032)	Loss 1.4233e-01 (2.0310e-01)	Acc pseudo  90.62 ( 92.40)	Lr 1.000e-03 (1.000e-03)
2026-01-27 02:50:28,192 - INFO: Epoch: [11][450/582]	Time  0.033 ( 0.032)	Loss 1.4380e-01 (1.9992e-01)	Acc pseudo  89.06 ( 92.44)	Lr 1.000e-03 (1.000e-03)
2026-01-27 02:50:32,884 - INFO: Epoch: [11][500/582]	Time  0.028 ( 0.032)	Loss 1.4317e-01 (2.0119e-01)	Acc pseudo  95.31 ( 92.41)	Lr 1.000e-03 (1.000e-03)
2026-01-27 02:50:37,578 - INFO: Epoch: [11][550/582]	Time  0.031 ( 0.032)	Loss 2.1052e-01 (2.0089e-01)	Acc pseudo  92.19 ( 92.39)	Lr 1.000e-03 (1.000e-03)
2026-01-27 02:50:40,569 - INFO: Round 4, Face Fine-tune Epoch 11: loss=0.2009, acc(pseudo)=92.42%
2026-01-27 02:51:43,963 - INFO: Round 4, Face Fine-tune Epoch 11: acc(valid_pseudo): 0.9798, acc: 0.8793
2026-01-27 02:51:43,963 - INFO: Round 4, Face Fine-tune Epoch 11: No improvement. Patience(epoch): 2/3
2026-01-27 02:51:45,132 - INFO: Epoch: [12][  0/582]	Time  1.123 ( 1.123)	Loss 1.8766e-01 (1.8766e-01)	Acc pseudo  90.62 ( 90.62)	Lr 1.000e-03 (1.000e-03)
2026-01-27 02:51:49,874 - INFO: Epoch: [12][ 50/582]	Time  0.043 ( 0.059)	Loss 1.0622e-01 (1.8756e-01)	Acc pseudo  93.75 ( 92.56)	Lr 1.000e-03 (1.000e-03)
2026-01-27 02:51:54,568 - INFO: Epoch: [12][100/582]	Time  0.043 ( 0.051)	Loss 1.4162e-01 (1.7899e-01)	Acc pseudo  92.19 ( 92.70)	Lr 1.000e-03 (1.000e-03)
2026-01-27 02:51:59,253 - INFO: Epoch: [12][150/582]	Time  0.028 ( 0.045)	Loss 3.3519e-02 (1.7890e-01)	Acc pseudo 100.00 ( 92.74)	Lr 1.000e-03 (1.000e-03)
2026-01-27 02:52:03,938 - INFO: Epoch: [12][200/582]	Time  0.029 ( 0.041)	Loss 8.7885e-02 (1.7758e-01)	Acc pseudo  95.31 ( 92.74)	Lr 1.000e-03 (1.000e-03)
2026-01-27 02:52:08,627 - INFO: Epoch: [12][250/582]	Time  0.029 ( 0.039)	Loss 1.3354e-01 (1.7452e-01)	Acc pseudo  95.31 ( 92.94)	Lr 1.000e-03 (1.000e-03)
2026-01-27 02:52:13,316 - INFO: Epoch: [12][300/582]	Time  0.029 ( 0.038)	Loss 8.8213e-02 (1.7571e-01)	Acc pseudo  96.88 ( 92.95)	Lr 1.000e-03 (1.000e-03)
2026-01-27 02:52:18,010 - INFO: Epoch: [12][350/582]	Time  0.030 ( 0.037)	Loss 1.8772e-01 (1.7946e-01)	Acc pseudo  90.62 ( 92.86)	Lr 1.000e-03 (1.000e-03)
2026-01-27 02:52:22,698 - INFO: Epoch: [12][400/582]	Time  0.028 ( 0.036)	Loss 4.7467e-01 (1.8305e-01)	Acc pseudo  85.94 ( 92.78)	Lr 1.000e-03 (1.000e-03)
2026-01-27 02:52:27,494 - INFO: Epoch: [12][450/582]	Time  0.028 ( 0.035)	Loss 1.7669e-01 (1.8076e-01)	Acc pseudo  90.62 ( 92.80)	Lr 1.000e-03 (1.000e-03)
2026-01-27 02:52:32,195 - INFO: Epoch: [12][500/582]	Time  0.028 ( 0.035)	Loss 1.7053e-01 (1.8211e-01)	Acc pseudo  90.62 ( 92.74)	Lr 1.000e-03 (1.000e-03)
2026-01-27 02:52:36,889 - INFO: Epoch: [12][550/582]	Time  0.030 ( 0.034)	Loss 2.5397e-01 (1.8301e-01)	Acc pseudo  85.94 ( 92.71)	Lr 1.000e-03 (1.000e-03)
2026-01-27 02:52:39,903 - INFO: Round 4, Face Fine-tune Epoch 12: loss=0.1843, acc(pseudo)=92.66%
2026-01-27 02:53:40,005 - INFO: Round 4, Face Fine-tune Epoch 12: acc(valid_pseudo): 0.9811, acc: 0.8783
2026-01-27 02:53:40,005 - INFO: Round 4, Face Fine-tune Epoch 12: No improvement. Patience(epoch): 3/3
2026-01-27 02:53:40,005 - INFO: Early stopping at face epoch 12
2026-01-27 02:53:40,007 - INFO: Round 4: Best face fine-tuned epoch=9, acc(valid_pseudo)=0.9825
2026-01-27 02:53:40,130 - INFO: Using HMM model from previous round: runs/I love my family/exp_video_overlap/result/self_supervised/exp0/round3/pseudo_label/hmm_params.pkl
2026-01-27 04:17:54,621 - INFO: Round 4: speaker_acc=0.8595
2026-01-27 04:17:54,628 - INFO: Round 4: face_acc=0.8822
2026-01-27 04:17:54,632 - INFO: ====================
2026-01-27 04:17:54,632 - INFO: Round 5: Fine-tuning iteration
2026-01-27 04:17:54,632 - INFO: ====================
2026-01-27 04:17:54,683 - INFO: Round 5 Part 1: Fine-tuning embedding model
2026-01-27 04:17:54,684 - INFO: Using pseudo-label file: runs/I love my family/exp_video_overlap/result/self_supervised/exp0/round4/pseudo_label/pseudo_labels_audio_nested_hmm_full(unreliable_pp=100.0).json
2026-01-27 04:17:54,719 - INFO: For training, Using face pseudo-label file: runs/I love my family/exp_video_overlap/result/self_supervised/exp0/round4/pseudo_label/pseudo_labels_faces_mid_frame_train_nested_hmm_full.json
2026-01-27 04:17:54,719 - INFO: For infering, Using face pseudo-label file: runs/I love my family/exp_video_overlap/result/self_supervised/exp0/round4/pseudo_label/pseudo_labels_faces_mid_frame_all_nested_hmm_full.json
2026-01-27 04:17:54,879 - INFO: Created face dataloader with 37219 samples
2026-01-27 04:17:54,900 - INFO: Fine-tuning speaker embedding model for 20 epochs...
2026-01-27 04:17:55,711 - INFO: Epoch: [0][  0/301]	Time  0.774 ( 0.774)	Loss 3.9441e-01 (3.9441e-01)	Acc pseudo  84.38 ( 84.38)	Lr 1.000e-03 (1.000e-03)
2026-01-27 04:17:55,915 - INFO: Epoch: [0][ 50/301]	Time  0.004 ( 0.019)	Loss 5.5481e-01 (4.3519e-01)	Acc pseudo  79.69 ( 87.41)	Lr 1.000e-03 (1.000e-03)
2026-01-27 04:17:56,079 - INFO: Epoch: [0][100/301]	Time  0.003 ( 0.011)	Loss 2.9115e-01 (4.2339e-01)	Acc pseudo  92.19 ( 87.22)	Lr 1.000e-03 (1.000e-03)
2026-01-27 04:17:56,246 - INFO: Epoch: [0][150/301]	Time  0.005 ( 0.009)	Loss 4.2592e-01 (4.3395e-01)	Acc pseudo  82.81 ( 86.95)	Lr 1.000e-03 (1.000e-03)
2026-01-27 04:17:56,430 - INFO: Epoch: [0][200/301]	Time  0.004 ( 0.007)	Loss 3.8667e-01 (4.2939e-01)	Acc pseudo  84.38 ( 87.03)	Lr 1.000e-03 (1.000e-03)
2026-01-27 04:17:56,613 - INFO: Epoch: [0][250/301]	Time  0.004 ( 0.007)	Loss 4.3468e-01 (4.3394e-01)	Acc pseudo  85.94 ( 86.91)	Lr 1.000e-03 (1.000e-03)
2026-01-27 04:17:56,778 - INFO: Epoch: [0][300/301]	Time  0.003 ( 0.006)	Loss 2.1690e-01 (4.3150e-01)	Acc pseudo  92.00 ( 86.95)	Lr 1.000e-03 (1.000e-03)
2026-01-27 04:17:56,871 - INFO: Round 5, Fine-tune Epoch 0: loss=0.4315, acc(pseudo)=86.95%
2026-01-27 04:18:04,994 - INFO: Round 5, Fine-tune Epoch 0: acc(valid_pseudo): 0.9497, acc: 0.8225
2026-01-27 04:18:06,249 - INFO: Epoch: [1][  0/301]	Time  0.411 ( 0.411)	Loss 4.9163e-01 (4.9163e-01)	Acc pseudo  82.81 ( 82.81)	Lr 1.000e-03 (1.000e-03)
2026-01-27 04:18:06,441 - INFO: Epoch: [1][ 50/301]	Time  0.003 ( 0.012)	Loss 3.1369e-01 (3.6975e-01)	Acc pseudo  87.50 ( 88.02)	Lr 1.000e-03 (1.000e-03)
2026-01-27 04:18:06,620 - INFO: Epoch: [1][100/301]	Time  0.004 ( 0.008)	Loss 3.0190e-01 (3.8183e-01)	Acc pseudo  92.19 ( 87.56)	Lr 1.000e-03 (1.000e-03)
2026-01-27 04:18:06,805 - INFO: Epoch: [1][150/301]	Time  0.004 ( 0.006)	Loss 2.5661e-01 (3.7990e-01)	Acc pseudo  92.19 ( 87.84)	Lr 1.000e-03 (1.000e-03)
2026-01-27 04:18:06,983 - INFO: Epoch: [1][200/301]	Time  0.004 ( 0.006)	Loss 4.7251e-01 (3.8792e-01)	Acc pseudo  81.25 ( 87.74)	Lr 1.000e-03 (1.000e-03)
2026-01-27 04:18:07,159 - INFO: Epoch: [1][250/301]	Time  0.003 ( 0.005)	Loss 2.4015e-01 (3.8754e-01)	Acc pseudo  92.19 ( 87.66)	Lr 1.000e-03 (1.000e-03)
2026-01-27 04:18:07,328 - INFO: Epoch: [1][300/301]	Time  0.003 ( 0.005)	Loss 3.8448e-01 (3.9124e-01)	Acc pseudo  84.00 ( 87.69)	Lr 1.000e-03 (1.000e-03)
2026-01-27 04:18:07,398 - INFO: Round 5, Fine-tune Epoch 1: loss=0.3912, acc(pseudo)=87.69%
2026-01-27 04:18:16,427 - INFO: Round 5, Fine-tune Epoch 1: acc(valid_pseudo): 0.9524, acc: 0.8385
2026-01-27 04:18:17,725 - INFO: Epoch: [2][  0/301]	Time  0.419 ( 0.419)	Loss 6.2488e-01 (6.2488e-01)	Acc pseudo  82.81 ( 82.81)	Lr 1.000e-03 (1.000e-03)
2026-01-27 04:18:17,954 - INFO: Epoch: [2][ 50/301]	Time  0.004 ( 0.013)	Loss 1.7690e-01 (3.5753e-01)	Acc pseudo  93.75 ( 87.90)	Lr 1.000e-03 (1.000e-03)
2026-01-27 04:18:18,165 - INFO: Epoch: [2][100/301]	Time  0.004 ( 0.008)	Loss 2.6938e-01 (3.6286e-01)	Acc pseudo  89.06 ( 88.18)	Lr 1.000e-03 (1.000e-03)
2026-01-27 04:18:18,366 - INFO: Epoch: [2][150/301]	Time  0.004 ( 0.007)	Loss 2.6144e-01 (3.5161e-01)	Acc pseudo  89.06 ( 88.48)	Lr 1.000e-03 (1.000e-03)
2026-01-27 04:18:18,563 - INFO: Epoch: [2][200/301]	Time  0.004 ( 0.006)	Loss 2.6366e-01 (3.5039e-01)	Acc pseudo  92.19 ( 88.45)	Lr 1.000e-03 (1.000e-03)
2026-01-27 04:18:18,748 - INFO: Epoch: [2][250/301]	Time  0.003 ( 0.006)	Loss 2.9471e-01 (3.5803e-01)	Acc pseudo  92.19 ( 88.34)	Lr 1.000e-03 (1.000e-03)
2026-01-27 04:18:18,902 - INFO: Epoch: [2][300/301]	Time  0.002 ( 0.005)	Loss 6.5724e-01 (3.6528e-01)	Acc pseudo  76.00 ( 88.21)	Lr 1.000e-03 (1.000e-03)
2026-01-27 04:18:18,971 - INFO: Round 5, Fine-tune Epoch 2: loss=0.3653, acc(pseudo)=88.21%
2026-01-27 04:18:28,158 - INFO: Round 5, Fine-tune Epoch 2: acc(valid_pseudo): 0.9756, acc: 0.8410
2026-01-27 04:18:29,148 - INFO: Epoch: [3][  0/301]	Time  0.360 ( 0.360)	Loss 5.6881e-01 (5.6881e-01)	Acc pseudo  81.25 ( 81.25)	Lr 1.000e-03 (1.000e-03)
2026-01-27 04:18:29,397 - INFO: Epoch: [3][ 50/301]	Time  0.004 ( 0.012)	Loss 3.7123e-01 (3.5242e-01)	Acc pseudo  82.81 ( 88.82)	Lr 1.000e-03 (1.000e-03)
2026-01-27 04:18:29,605 - INFO: Epoch: [3][100/301]	Time  0.004 ( 0.008)	Loss 2.1656e-01 (3.5205e-01)	Acc pseudo  90.62 ( 88.66)	Lr 1.000e-03 (1.000e-03)
2026-01-27 04:18:29,792 - INFO: Epoch: [3][150/301]	Time  0.003 ( 0.007)	Loss 2.5330e-01 (3.5795e-01)	Acc pseudo  90.62 ( 88.42)	Lr 1.000e-03 (1.000e-03)
2026-01-27 04:18:29,951 - INFO: Epoch: [3][200/301]	Time  0.003 ( 0.006)	Loss 1.9563e-01 (3.6134e-01)	Acc pseudo  95.31 ( 88.43)	Lr 1.000e-03 (1.000e-03)
2026-01-27 04:18:30,107 - INFO: Epoch: [3][250/301]	Time  0.003 ( 0.005)	Loss 4.3867e-01 (3.6275e-01)	Acc pseudo  85.94 ( 88.32)	Lr 1.000e-03 (1.000e-03)
2026-01-27 04:18:30,259 - INFO: Epoch: [3][300/301]	Time  0.003 ( 0.005)	Loss 3.2592e-01 (3.6802e-01)	Acc pseudo  88.00 ( 88.12)	Lr 1.000e-03 (1.000e-03)
2026-01-27 04:18:30,348 - INFO: Round 5, Fine-tune Epoch 3: loss=0.3680, acc(pseudo)=88.12%
2026-01-27 04:18:38,679 - INFO: Round 5, Fine-tune Epoch 3: acc(valid_pseudo): 0.9503, acc: 0.8230
2026-01-27 04:18:38,679 - INFO: Round 5, Speaker Fine-tune Epoch 3: No improvement in validation accuracy. Patience(epoch): 1/3
2026-01-27 04:18:39,148 - INFO: Epoch: [4][  0/301]	Time  0.463 ( 0.463)	Loss 4.3870e-01 (4.3870e-01)	Acc pseudo  89.06 ( 89.06)	Lr 1.000e-03 (1.000e-03)
2026-01-27 04:18:39,376 - INFO: Epoch: [4][ 50/301]	Time  0.004 ( 0.013)	Loss 5.9709e-01 (3.4763e-01)	Acc pseudo  81.25 ( 88.66)	Lr 1.000e-03 (1.000e-03)
2026-01-27 04:18:39,583 - INFO: Epoch: [4][100/301]	Time  0.003 ( 0.009)	Loss 2.9811e-01 (3.5442e-01)	Acc pseudo  90.62 ( 88.27)	Lr 1.000e-03 (1.000e-03)
2026-01-27 04:18:39,761 - INFO: Epoch: [4][150/301]	Time  0.004 ( 0.007)	Loss 3.5458e-01 (3.4427e-01)	Acc pseudo  90.62 ( 88.71)	Lr 1.000e-03 (1.000e-03)
2026-01-27 04:18:39,955 - INFO: Epoch: [4][200/301]	Time  0.004 ( 0.006)	Loss 4.6444e-01 (3.4876e-01)	Acc pseudo  82.81 ( 88.67)	Lr 1.000e-03 (1.000e-03)
2026-01-27 04:18:40,123 - INFO: Epoch: [4][250/301]	Time  0.003 ( 0.006)	Loss 3.1493e-01 (3.5013e-01)	Acc pseudo  87.50 ( 88.64)	Lr 1.000e-03 (1.000e-03)
2026-01-27 04:18:40,270 - INFO: Epoch: [4][300/301]	Time  0.003 ( 0.005)	Loss 6.5973e-01 (3.5990e-01)	Acc pseudo  84.00 ( 88.48)	Lr 1.000e-03 (1.000e-03)
2026-01-27 04:18:40,356 - INFO: Round 5, Fine-tune Epoch 4: loss=0.3599, acc(pseudo)=88.48%
2026-01-27 04:18:48,341 - INFO: Round 5, Fine-tune Epoch 4: acc(valid_pseudo): 0.9506, acc: 0.8350
2026-01-27 04:18:48,341 - INFO: Round 5, Speaker Fine-tune Epoch 4: No improvement in validation accuracy. Patience(epoch): 2/3
2026-01-27 04:18:48,594 - INFO: Epoch: [5][  0/301]	Time  0.248 ( 0.248)	Loss 4.3717e-01 (4.3717e-01)	Acc pseudo  87.50 ( 87.50)	Lr 1.000e-03 (1.000e-03)
2026-01-27 04:18:48,840 - INFO: Epoch: [5][ 50/301]	Time  0.005 ( 0.010)	Loss 1.6056e-01 (3.4126e-01)	Acc pseudo  92.19 ( 88.91)	Lr 1.000e-03 (1.000e-03)
2026-01-27 04:18:49,043 - INFO: Epoch: [5][100/301]	Time  0.004 ( 0.007)	Loss 8.5888e-01 (3.5846e-01)	Acc pseudo  73.44 ( 88.54)	Lr 1.000e-03 (1.000e-03)
2026-01-27 04:18:49,244 - INFO: Epoch: [5][150/301]	Time  0.004 ( 0.006)	Loss 4.3106e-01 (3.6266e-01)	Acc pseudo  84.38 ( 88.37)	Lr 1.000e-03 (1.000e-03)
2026-01-27 04:18:49,439 - INFO: Epoch: [5][200/301]	Time  0.004 ( 0.005)	Loss 3.3456e-01 (3.6770e-01)	Acc pseudo  85.94 ( 88.04)	Lr 1.000e-03 (1.000e-03)
2026-01-27 04:18:49,636 - INFO: Epoch: [5][250/301]	Time  0.004 ( 0.005)	Loss 3.5728e-01 (3.7110e-01)	Acc pseudo  84.38 ( 87.95)	Lr 1.000e-03 (1.000e-03)
2026-01-27 04:18:49,828 - INFO: Epoch: [5][300/301]	Time  0.003 ( 0.005)	Loss 5.8630e-01 (3.8282e-01)	Acc pseudo  76.00 ( 87.76)	Lr 1.000e-03 (1.000e-03)
2026-01-27 04:18:49,897 - INFO: Round 5, Fine-tune Epoch 5: loss=0.3828, acc(pseudo)=87.76%
2026-01-27 04:18:59,521 - INFO: Round 5, Fine-tune Epoch 5: acc(valid_pseudo): 0.9124, acc: 0.7845
2026-01-27 04:18:59,521 - INFO: Round 5, Speaker Fine-tune Epoch 5: No improvement in validation accuracy. Patience(epoch): 3/3
2026-01-27 04:18:59,521 - INFO: Early stopping at epoch 5 due to no improvement in validation accuracy for 3 epochs.
2026-01-27 04:18:59,522 - INFO: Round 5: Best speaker fine-tuned epoch=2, acc(valid_pseudo)=0.9756
2026-01-27 04:18:59,527 - INFO: Fine-tuning face embedding model for 20 epochs...
2026-01-27 04:19:00,774 - INFO: Epoch: [0][  0/582]	Time  1.221 ( 1.221)	Loss 1.4660e-02 (1.4660e-02)	Acc pseudo 100.00 (100.00)	Lr 1.000e-03 (1.000e-03)
2026-01-27 04:19:05,877 - INFO: Epoch: [0][ 50/582]	Time  0.031 ( 0.065)	Loss 4.8396e-01 (1.4312e-01)	Acc pseudo  89.06 ( 95.93)	Lr 1.000e-03 (1.000e-03)
2026-01-27 04:19:10,522 - INFO: Epoch: [0][100/582]	Time  0.045 ( 0.053)	Loss 2.9220e-01 (1.5332e-01)	Acc pseudo  90.62 ( 95.45)	Lr 1.000e-03 (1.000e-03)
2026-01-27 04:19:15,168 - INFO: Epoch: [0][150/582]	Time  0.030 ( 0.046)	Loss 1.8680e-01 (1.5012e-01)	Acc pseudo  89.06 ( 95.27)	Lr 1.000e-03 (1.000e-03)
2026-01-27 04:19:19,814 - INFO: Epoch: [0][200/582]	Time  0.034 ( 0.043)	Loss 6.6023e-02 (1.4234e-01)	Acc pseudo  96.88 ( 95.16)	Lr 1.000e-03 (1.000e-03)
2026-01-27 04:19:24,470 - INFO: Epoch: [0][250/582]	Time  0.038 ( 0.041)	Loss 1.3762e-01 (1.5119e-01)	Acc pseudo  93.75 ( 94.90)	Lr 1.000e-03 (1.000e-03)
2026-01-27 04:19:29,125 - INFO: Epoch: [0][300/582]	Time  0.031 ( 0.039)	Loss 7.4548e-02 (1.5117e-01)	Acc pseudo  96.88 ( 94.94)	Lr 1.000e-03 (1.000e-03)
2026-01-27 04:19:33,779 - INFO: Epoch: [0][350/582]	Time  0.049 ( 0.039)	Loss 1.1770e-01 (1.5064e-01)	Acc pseudo  95.31 ( 94.86)	Lr 1.000e-03 (1.000e-03)
2026-01-27 04:19:38,436 - INFO: Epoch: [0][400/582]	Time  0.032 ( 0.038)	Loss 9.2597e-02 (1.4661e-01)	Acc pseudo  96.88 ( 94.86)	Lr 1.000e-03 (1.000e-03)
2026-01-27 04:19:43,095 - INFO: Epoch: [0][450/582]	Time  0.034 ( 0.037)	Loss 4.6681e-02 (1.4545e-01)	Acc pseudo  96.88 ( 94.81)	Lr 1.000e-03 (1.000e-03)
2026-01-27 04:19:47,759 - INFO: Epoch: [0][500/582]	Time  0.048 ( 0.037)	Loss 3.8145e-01 (1.4841e-01)	Acc pseudo  93.75 ( 94.76)	Lr 1.000e-03 (1.000e-03)
2026-01-27 04:19:52,430 - INFO: Epoch: [0][550/582]	Time  0.032 ( 0.037)	Loss 1.1801e-01 (1.4919e-01)	Acc pseudo  93.75 ( 94.77)	Lr 1.000e-03 (1.000e-03)
2026-01-27 04:19:55,417 - INFO: Round 5, Face Fine-tune Epoch 0: loss=0.1497, acc(pseudo)=94.76%
2026-01-27 04:20:56,402 - INFO: Round 5, Face Fine-tune Epoch 0: acc(valid_pseudo): 0.9782, acc: 0.8832
2026-01-27 04:20:58,247 - INFO: Epoch: [1][  0/582]	Time  0.497 ( 0.497)	Loss 2.1761e-01 (2.1761e-01)	Acc pseudo  93.75 ( 93.75)	Lr 1.000e-03 (1.000e-03)
2026-01-27 04:21:02,923 - INFO: Epoch: [1][ 50/582]	Time  0.029 ( 0.045)	Loss 3.3013e-02 (1.4363e-01)	Acc pseudo  96.88 ( 94.88)	Lr 1.000e-03 (1.000e-03)
2026-01-27 04:21:07,600 - INFO: Epoch: [1][100/582]	Time  0.046 ( 0.044)	Loss 1.1554e-01 (1.3333e-01)	Acc pseudo  96.88 ( 95.10)	Lr 1.000e-03 (1.000e-03)
2026-01-27 04:21:12,279 - INFO: Epoch: [1][150/582]	Time  0.029 ( 0.043)	Loss 1.5728e-01 (1.3674e-01)	Acc pseudo  92.19 ( 94.97)	Lr 1.000e-03 (1.000e-03)
2026-01-27 04:21:16,954 - INFO: Epoch: [1][200/582]	Time  0.046 ( 0.040)	Loss 3.9810e-01 (1.3769e-01)	Acc pseudo  92.19 ( 94.87)	Lr 1.000e-03 (1.000e-03)
2026-01-27 04:21:21,635 - INFO: Epoch: [1][250/582]	Time  0.031 ( 0.040)	Loss 5.6681e-02 (1.3620e-01)	Acc pseudo  98.44 ( 94.94)	Lr 1.000e-03 (1.000e-03)
2026-01-27 04:21:26,314 - INFO: Epoch: [1][300/582]	Time  0.030 ( 0.039)	Loss 2.9064e-01 (1.3566e-01)	Acc pseudo  89.06 ( 94.94)	Lr 1.000e-03 (1.000e-03)
2026-01-27 04:21:30,998 - INFO: Epoch: [1][350/582]	Time  0.027 ( 0.038)	Loss 2.4607e-02 (1.3882e-01)	Acc pseudo 100.00 ( 94.81)	Lr 1.000e-03 (1.000e-03)
2026-01-27 04:21:35,785 - INFO: Epoch: [1][400/582]	Time  0.042 ( 0.037)	Loss 1.9915e-01 (1.3929e-01)	Acc pseudo  92.19 ( 94.81)	Lr 1.000e-03 (1.000e-03)
2026-01-27 04:21:40,477 - INFO: Epoch: [1][450/582]	Time  0.040 ( 0.037)	Loss 9.7225e-02 (1.3948e-01)	Acc pseudo  96.88 ( 94.75)	Lr 1.000e-03 (1.000e-03)
2026-01-27 04:21:45,157 - INFO: Epoch: [1][500/582]	Time  0.029 ( 0.036)	Loss 6.5089e-02 (1.3999e-01)	Acc pseudo  98.44 ( 94.72)	Lr 1.000e-03 (1.000e-03)
2026-01-27 04:21:49,845 - INFO: Epoch: [1][550/582]	Time  0.042 ( 0.036)	Loss 2.3664e-01 (1.3831e-01)	Acc pseudo  96.88 ( 94.73)	Lr 1.000e-03 (1.000e-03)
2026-01-27 04:21:52,848 - INFO: Round 5, Face Fine-tune Epoch 1: loss=0.1382, acc(pseudo)=94.72%
2026-01-27 04:22:52,689 - INFO: Round 5, Face Fine-tune Epoch 1: acc(valid_pseudo): 0.9778, acc: 0.8812
2026-01-27 04:22:52,690 - INFO: Round 5, Face Fine-tune Epoch 1: No improvement. Patience(epoch): 1/3
2026-01-27 04:22:53,420 - INFO: Epoch: [2][  0/582]	Time  0.701 ( 0.701)	Loss 1.5187e-01 (1.5187e-01)	Acc pseudo  93.75 ( 93.75)	Lr 1.000e-03 (1.000e-03)
2026-01-27 04:22:58,112 - INFO: Epoch: [2][ 50/582]	Time  0.032 ( 0.056)	Loss 1.5474e-01 (1.1950e-01)	Acc pseudo  92.19 ( 95.19)	Lr 1.000e-03 (1.000e-03)
2026-01-27 04:23:02,973 - INFO: Epoch: [2][100/582]	Time  0.034 ( 0.046)	Loss 5.4206e-02 (1.2970e-01)	Acc pseudo  98.44 ( 95.13)	Lr 1.000e-03 (1.000e-03)
2026-01-27 04:23:07,662 - INFO: Epoch: [2][150/582]	Time  0.031 ( 0.044)	Loss 7.0888e-02 (1.2315e-01)	Acc pseudo  95.31 ( 95.40)	Lr 1.000e-03 (1.000e-03)
2026-01-27 04:23:12,352 - INFO: Epoch: [2][200/582]	Time  0.030 ( 0.041)	Loss 5.2194e-02 (1.2357e-01)	Acc pseudo  96.88 ( 95.33)	Lr 1.000e-03 (1.000e-03)
2026-01-27 04:23:17,038 - INFO: Epoch: [2][250/582]	Time  0.031 ( 0.039)	Loss 7.7165e-02 (1.2289e-01)	Acc pseudo  96.88 ( 95.39)	Lr 1.000e-03 (1.000e-03)
2026-01-27 04:23:21,731 - INFO: Epoch: [2][300/582]	Time  0.039 ( 0.038)	Loss 5.5272e-02 (1.2452e-01)	Acc pseudo  98.44 ( 95.21)	Lr 1.000e-03 (1.000e-03)
2026-01-27 04:23:26,423 - INFO: Epoch: [2][350/582]	Time  0.028 ( 0.038)	Loss 9.8864e-02 (1.2313e-01)	Acc pseudo  95.31 ( 95.25)	Lr 1.000e-03 (1.000e-03)
2026-01-27 04:23:31,109 - INFO: Epoch: [2][400/582]	Time  0.031 ( 0.037)	Loss 7.8890e-02 (1.2276e-01)	Acc pseudo  95.31 ( 95.21)	Lr 1.000e-03 (1.000e-03)
2026-01-27 04:23:35,800 - INFO: Epoch: [2][450/582]	Time  0.031 ( 0.036)	Loss 1.4702e-01 (1.2271e-01)	Acc pseudo  90.62 ( 95.19)	Lr 1.000e-03 (1.000e-03)
2026-01-27 04:23:40,490 - INFO: Epoch: [2][500/582]	Time  0.030 ( 0.035)	Loss 1.3008e-01 (1.2435e-01)	Acc pseudo  92.19 ( 95.12)	Lr 1.000e-03 (1.000e-03)
2026-01-27 04:23:45,180 - INFO: Epoch: [2][550/582]	Time  0.029 ( 0.035)	Loss 1.9011e-01 (1.2476e-01)	Acc pseudo  92.19 ( 95.07)	Lr 1.000e-03 (1.000e-03)
2026-01-27 04:23:48,180 - INFO: Round 5, Face Fine-tune Epoch 2: loss=0.1249, acc(pseudo)=95.06%
2026-01-27 04:24:48,398 - INFO: Round 5, Face Fine-tune Epoch 2: acc(valid_pseudo): 0.9798, acc: 0.8802
2026-01-27 04:24:51,427 - INFO: Epoch: [3][  0/582]	Time  0.678 ( 0.678)	Loss 7.4694e-02 (7.4694e-02)	Acc pseudo  96.88 ( 96.88)	Lr 1.000e-03 (1.000e-03)
2026-01-27 04:24:56,117 - INFO: Epoch: [3][ 50/582]	Time  0.052 ( 0.059)	Loss 1.0548e-01 (1.2365e-01)	Acc pseudo  96.88 ( 94.94)	Lr 1.000e-03 (1.000e-03)
2026-01-27 04:25:00,809 - INFO: Epoch: [3][100/582]	Time  0.031 ( 0.048)	Loss 4.1933e-02 (1.1815e-01)	Acc pseudo  98.44 ( 95.27)	Lr 1.000e-03 (1.000e-03)
2026-01-27 04:25:05,496 - INFO: Epoch: [3][150/582]	Time  0.030 ( 0.042)	Loss 2.2477e-01 (1.1524e-01)	Acc pseudo  93.75 ( 95.35)	Lr 1.000e-03 (1.000e-03)
2026-01-27 04:25:10,188 - INFO: Epoch: [3][200/582]	Time  0.028 ( 0.039)	Loss 3.3196e-01 (1.1890e-01)	Acc pseudo  93.75 ( 95.36)	Lr 1.000e-03 (1.000e-03)
2026-01-27 04:25:15,050 - INFO: Epoch: [3][250/582]	Time  0.031 ( 0.039)	Loss 9.7185e-02 (1.1982e-01)	Acc pseudo  96.88 ( 95.31)	Lr 1.000e-03 (1.000e-03)
2026-01-27 04:25:19,864 - INFO: Epoch: [3][300/582]	Time  0.028 ( 0.039)	Loss 6.7363e-02 (1.1966e-01)	Acc pseudo  96.88 ( 95.29)	Lr 1.000e-03 (1.000e-03)
2026-01-27 04:25:24,559 - INFO: Epoch: [3][350/582]	Time  0.030 ( 0.038)	Loss 2.7874e-02 (1.1806e-01)	Acc pseudo  98.44 ( 95.29)	Lr 1.000e-03 (1.000e-03)
2026-01-27 04:25:29,249 - INFO: Epoch: [3][400/582]	Time  0.031 ( 0.037)	Loss 9.0015e-02 (1.1728e-01)	Acc pseudo  96.88 ( 95.35)	Lr 1.000e-03 (1.000e-03)
2026-01-27 04:25:33,942 - INFO: Epoch: [3][450/582]	Time  0.029 ( 0.036)	Loss 4.5539e-02 (1.1789e-01)	Acc pseudo 100.00 ( 95.38)	Lr 1.000e-03 (1.000e-03)
2026-01-27 04:25:38,643 - INFO: Epoch: [3][500/582]	Time  0.048 ( 0.037)	Loss 3.8943e-01 (1.1951e-01)	Acc pseudo  93.75 ( 95.39)	Lr 1.000e-03 (1.000e-03)
2026-01-27 04:25:43,337 - INFO: Epoch: [3][550/582]	Time  0.032 ( 0.037)	Loss 9.3602e-02 (1.1840e-01)	Acc pseudo  95.31 ( 95.39)	Lr 1.000e-03 (1.000e-03)
2026-01-27 04:25:46,344 - INFO: Round 5, Face Fine-tune Epoch 3: loss=0.1179, acc(pseudo)=95.41%
2026-01-27 04:26:49,516 - INFO: Round 5, Face Fine-tune Epoch 3: acc(valid_pseudo): 0.9804, acc: 0.8793
2026-01-27 04:26:51,643 - INFO: Epoch: [4][  0/582]	Time  0.506 ( 0.506)	Loss 1.1391e-01 (1.1391e-01)	Acc pseudo  95.31 ( 95.31)	Lr 1.000e-03 (1.000e-03)
2026-01-27 04:26:56,336 - INFO: Epoch: [4][ 50/582]	Time  0.029 ( 0.043)	Loss 5.7139e-02 (1.2685e-01)	Acc pseudo  98.44 ( 95.01)	Lr 1.000e-03 (1.000e-03)
2026-01-27 04:27:01,025 - INFO: Epoch: [4][100/582]	Time  0.029 ( 0.036)	Loss 6.1695e-02 (1.2906e-01)	Acc pseudo  93.75 ( 95.25)	Lr 1.000e-03 (1.000e-03)
2026-01-27 04:27:05,718 - INFO: Epoch: [4][150/582]	Time  0.050 ( 0.036)	Loss 2.2974e-02 (1.2767e-01)	Acc pseudo  98.44 ( 95.03)	Lr 1.000e-03 (1.000e-03)
2026-01-27 04:27:10,426 - INFO: Epoch: [4][200/582]	Time  0.032 ( 0.039)	Loss 6.2359e-02 (1.2396e-01)	Acc pseudo  98.44 ( 95.14)	Lr 1.000e-03 (1.000e-03)
2026-01-27 04:27:15,125 - INFO: Epoch: [4][250/582]	Time  0.031 ( 0.038)	Loss 3.6177e-02 (1.2358e-01)	Acc pseudo  98.44 ( 95.16)	Lr 1.000e-03 (1.000e-03)
2026-01-27 04:27:19,820 - INFO: Epoch: [4][300/582]	Time  0.031 ( 0.037)	Loss 7.1658e-02 (1.2101e-01)	Acc pseudo  96.88 ( 95.25)	Lr 1.000e-03 (1.000e-03)
2026-01-27 04:27:24,551 - INFO: Epoch: [4][350/582]	Time  0.029 ( 0.036)	Loss 5.4200e-02 (1.2068e-01)	Acc pseudo  98.44 ( 95.27)	Lr 1.000e-03 (1.000e-03)
2026-01-27 04:27:29,254 - INFO: Epoch: [4][400/582]	Time  0.046 ( 0.037)	Loss 6.3073e-02 (1.1981e-01)	Acc pseudo  96.88 ( 95.28)	Lr 1.000e-03 (1.000e-03)
2026-01-27 04:27:33,950 - INFO: Epoch: [4][450/582]	Time  0.032 ( 0.036)	Loss 9.9694e-02 (1.1874e-01)	Acc pseudo  93.75 ( 95.23)	Lr 1.000e-03 (1.000e-03)
2026-01-27 04:27:38,645 - INFO: Epoch: [4][500/582]	Time  0.029 ( 0.036)	Loss 1.8833e-01 (1.1978e-01)	Acc pseudo  95.31 ( 95.26)	Lr 1.000e-03 (1.000e-03)
2026-01-27 04:27:43,345 - INFO: Epoch: [4][550/582]	Time  0.031 ( 0.036)	Loss 1.9959e-01 (1.2046e-01)	Acc pseudo  96.88 ( 95.24)	Lr 1.000e-03 (1.000e-03)
2026-01-27 04:27:46,357 - INFO: Round 5, Face Fine-tune Epoch 4: loss=0.1209, acc(pseudo)=95.25%
2026-01-27 04:28:46,581 - INFO: Round 5, Face Fine-tune Epoch 4: acc(valid_pseudo): 0.9808, acc: 0.8773
2026-01-27 04:28:48,500 - INFO: Epoch: [5][  0/582]	Time  0.518 ( 0.518)	Loss 9.8303e-02 (9.8303e-02)	Acc pseudo  96.88 ( 96.88)	Lr 1.000e-03 (1.000e-03)
2026-01-27 04:28:53,197 - INFO: Epoch: [5][ 50/582]	Time  0.047 ( 0.047)	Loss 1.0272e-01 (1.1660e-01)	Acc pseudo  93.75 ( 95.62)	Lr 1.000e-03 (1.000e-03)
2026-01-27 04:28:57,891 - INFO: Epoch: [5][100/582]	Time  0.040 ( 0.042)	Loss 1.4949e-01 (1.2343e-01)	Acc pseudo  89.06 ( 95.19)	Lr 1.000e-03 (1.000e-03)
2026-01-27 04:29:02,590 - INFO: Epoch: [5][150/582]	Time  0.041 ( 0.040)	Loss 1.3379e-01 (1.1923e-01)	Acc pseudo  95.31 ( 95.24)	Lr 1.000e-03 (1.000e-03)
2026-01-27 04:29:07,286 - INFO: Epoch: [5][200/582]	Time  0.035 ( 0.038)	Loss 1.4395e-01 (1.1577e-01)	Acc pseudo  92.19 ( 95.29)	Lr 1.000e-03 (1.000e-03)
2026-01-27 04:29:11,984 - INFO: Epoch: [5][250/582]	Time  0.028 ( 0.037)	Loss 1.3691e-01 (1.1516e-01)	Acc pseudo  93.75 ( 95.32)	Lr 1.000e-03 (1.000e-03)
2026-01-27 04:29:16,681 - INFO: Epoch: [5][300/582]	Time  0.030 ( 0.037)	Loss 3.3779e-02 (1.1376e-01)	Acc pseudo  98.44 ( 95.43)	Lr 1.000e-03 (1.000e-03)
2026-01-27 04:29:21,376 - INFO: Epoch: [5][350/582]	Time  0.028 ( 0.036)	Loss 2.3289e-02 (1.1498e-01)	Acc pseudo  98.44 ( 95.39)	Lr 1.000e-03 (1.000e-03)
2026-01-27 04:29:26,078 - INFO: Epoch: [5][400/582]	Time  0.049 ( 0.036)	Loss 1.6409e-01 (1.1637e-01)	Acc pseudo  92.19 ( 95.32)	Lr 1.000e-03 (1.000e-03)
2026-01-27 04:29:30,778 - INFO: Epoch: [5][450/582]	Time  0.030 ( 0.036)	Loss 7.6343e-02 (1.1660e-01)	Acc pseudo  96.88 ( 95.34)	Lr 1.000e-03 (1.000e-03)
2026-01-27 04:29:35,483 - INFO: Epoch: [5][500/582]	Time  0.043 ( 0.036)	Loss 1.0581e-01 (1.1818e-01)	Acc pseudo  93.75 ( 95.27)	Lr 1.000e-03 (1.000e-03)
2026-01-27 04:29:40,191 - INFO: Epoch: [5][550/582]	Time  0.044 ( 0.037)	Loss 1.0092e-01 (1.1762e-01)	Acc pseudo  95.31 ( 95.30)	Lr 1.000e-03 (1.000e-03)
2026-01-27 04:29:43,210 - INFO: Round 5, Face Fine-tune Epoch 5: loss=0.1173, acc(pseudo)=95.33%
2026-01-27 04:30:43,654 - INFO: Round 5, Face Fine-tune Epoch 5: acc(valid_pseudo): 0.9807, acc: 0.8822
2026-01-27 04:30:43,654 - INFO: Round 5, Face Fine-tune Epoch 5: No improvement. Patience(epoch): 1/3
2026-01-27 04:30:44,194 - INFO: Epoch: [6][  0/582]	Time  0.497 ( 0.497)	Loss 3.9882e-02 (3.9882e-02)	Acc pseudo  98.44 ( 98.44)	Lr 1.000e-03 (1.000e-03)
2026-01-27 04:30:48,889 - INFO: Epoch: [6][ 50/582]	Time  0.028 ( 0.043)	Loss 1.1247e-01 (1.0511e-01)	Acc pseudo  93.75 ( 95.71)	Lr 1.000e-03 (1.000e-03)
2026-01-27 04:30:53,581 - INFO: Epoch: [6][100/582]	Time  0.030 ( 0.037)	Loss 1.4597e-01 (1.0439e-01)	Acc pseudo  93.75 ( 95.92)	Lr 1.000e-03 (1.000e-03)
2026-01-27 04:30:58,278 - INFO: Epoch: [6][150/582]	Time  0.030 ( 0.036)	Loss 9.0356e-02 (1.0367e-01)	Acc pseudo  95.31 ( 95.88)	Lr 1.000e-03 (1.000e-03)
2026-01-27 04:31:02,974 - INFO: Epoch: [6][200/582]	Time  0.029 ( 0.034)	Loss 1.9456e-01 (1.0268e-01)	Acc pseudo  87.50 ( 95.80)	Lr 1.000e-03 (1.000e-03)
2026-01-27 04:31:07,670 - INFO: Epoch: [6][250/582]	Time  0.030 ( 0.033)	Loss 1.0439e-01 (1.0201e-01)	Acc pseudo  98.44 ( 95.80)	Lr 1.000e-03 (1.000e-03)
2026-01-27 04:31:12,366 - INFO: Epoch: [6][300/582]	Time  0.030 ( 0.033)	Loss 6.1700e-02 (1.0283e-01)	Acc pseudo  96.88 ( 95.78)	Lr 1.000e-03 (1.000e-03)
2026-01-27 04:31:17,062 - INFO: Epoch: [6][350/582]	Time  0.031 ( 0.033)	Loss 6.7366e-02 (1.0679e-01)	Acc pseudo  98.44 ( 95.70)	Lr 1.000e-03 (1.000e-03)
2026-01-27 04:31:21,762 - INFO: Epoch: [6][400/582]	Time  0.046 ( 0.033)	Loss 1.8700e-01 (1.0473e-01)	Acc pseudo  96.88 ( 95.79)	Lr 1.000e-03 (1.000e-03)
2026-01-27 04:31:26,464 - INFO: Epoch: [6][450/582]	Time  0.029 ( 0.034)	Loss 2.1944e-01 (1.0845e-01)	Acc pseudo  92.19 ( 95.66)	Lr 1.000e-03 (1.000e-03)
2026-01-27 04:31:31,160 - INFO: Epoch: [6][500/582]	Time  0.044 ( 0.034)	Loss 2.0594e-01 (1.0873e-01)	Acc pseudo  93.75 ( 95.64)	Lr 1.000e-03 (1.000e-03)
2026-01-27 04:31:35,938 - INFO: Epoch: [6][550/582]	Time  0.028 ( 0.035)	Loss 1.2772e-01 (1.0935e-01)	Acc pseudo  95.31 ( 95.62)	Lr 1.000e-03 (1.000e-03)
2026-01-27 04:31:38,928 - INFO: Round 5, Face Fine-tune Epoch 6: loss=0.1109, acc(pseudo)=95.57%
2026-01-27 04:32:38,259 - INFO: Round 5, Face Fine-tune Epoch 6: acc(valid_pseudo): 0.9828, acc: 0.8812
2026-01-27 04:32:41,351 - INFO: Epoch: [7][  0/582]	Time  0.657 ( 0.657)	Loss 1.7313e-01 (1.7313e-01)	Acc pseudo  89.06 ( 89.06)	Lr 1.000e-03 (1.000e-03)
2026-01-27 04:32:46,034 - INFO: Epoch: [7][ 50/582]	Time  0.028 ( 0.043)	Loss 5.8839e-02 (1.0670e-01)	Acc pseudo  96.88 ( 95.07)	Lr 1.000e-03 (1.000e-03)
2026-01-27 04:32:50,720 - INFO: Epoch: [7][100/582]	Time  0.028 ( 0.036)	Loss 7.8857e-02 (1.1704e-01)	Acc pseudo  96.88 ( 94.89)	Lr 1.000e-03 (1.000e-03)
2026-01-27 04:32:55,416 - INFO: Epoch: [7][150/582]	Time  0.031 ( 0.035)	Loss 1.8426e-01 (1.1262e-01)	Acc pseudo  92.19 ( 95.08)	Lr 1.000e-03 (1.000e-03)
2026-01-27 04:33:00,151 - INFO: Epoch: [7][200/582]	Time  0.044 ( 0.036)	Loss 5.6575e-02 (1.1104e-01)	Acc pseudo  98.44 ( 95.16)	Lr 1.000e-03 (1.000e-03)
2026-01-27 04:33:04,933 - INFO: Epoch: [7][250/582]	Time  0.030 ( 0.036)	Loss 1.2558e-01 (1.1137e-01)	Acc pseudo  96.88 ( 95.31)	Lr 1.000e-03 (1.000e-03)
2026-01-27 04:33:09,628 - INFO: Epoch: [7][300/582]	Time  0.045 ( 0.035)	Loss 1.0873e-01 (1.0969e-01)	Acc pseudo  96.88 ( 95.44)	Lr 1.000e-03 (1.000e-03)
2026-01-27 04:33:14,325 - INFO: Epoch: [7][350/582]	Time  0.045 ( 0.035)	Loss 1.6231e-01 (1.1094e-01)	Acc pseudo  89.06 ( 95.39)	Lr 1.000e-03 (1.000e-03)
2026-01-27 04:33:19,033 - INFO: Epoch: [7][400/582]	Time  0.049 ( 0.037)	Loss 2.7654e-01 (1.1266e-01)	Acc pseudo  89.06 ( 95.36)	Lr 1.000e-03 (1.000e-03)
2026-01-27 04:33:23,740 - INFO: Epoch: [7][450/582]	Time  0.045 ( 0.038)	Loss 3.9788e-02 (1.1333e-01)	Acc pseudo  98.44 ( 95.36)	Lr 1.000e-03 (1.000e-03)
2026-01-27 04:33:28,441 - INFO: Epoch: [7][500/582]	Time  0.029 ( 0.037)	Loss 6.7342e-02 (1.1273e-01)	Acc pseudo  96.88 ( 95.41)	Lr 1.000e-03 (1.000e-03)
2026-01-27 04:33:33,135 - INFO: Epoch: [7][550/582]	Time  0.028 ( 0.037)	Loss 1.2721e-01 (1.1376e-01)	Acc pseudo  93.75 ( 95.34)	Lr 1.000e-03 (1.000e-03)
2026-01-27 04:33:36,124 - INFO: Round 5, Face Fine-tune Epoch 7: loss=0.1137, acc(pseudo)=95.34%
2026-01-27 04:34:37,016 - INFO: Round 5, Face Fine-tune Epoch 7: acc(valid_pseudo): 0.9815, acc: 0.8773
2026-01-27 04:34:37,016 - INFO: Round 5, Face Fine-tune Epoch 7: No improvement. Patience(epoch): 1/3
2026-01-27 04:34:37,574 - INFO: Epoch: [8][  0/582]	Time  0.512 ( 0.512)	Loss 1.2630e-01 (1.2630e-01)	Acc pseudo  95.31 ( 95.31)	Lr 1.000e-03 (1.000e-03)
2026-01-27 04:34:42,271 - INFO: Epoch: [8][ 50/582]	Time  0.047 ( 0.046)	Loss 6.0986e-02 (1.0968e-01)	Acc pseudo  96.88 ( 95.22)	Lr 1.000e-03 (1.000e-03)
2026-01-27 04:34:46,966 - INFO: Epoch: [8][100/582]	Time  0.029 ( 0.041)	Loss 1.5120e-01 (1.0807e-01)	Acc pseudo  92.19 ( 95.34)	Lr 1.000e-03 (1.000e-03)
2026-01-27 04:34:51,658 - INFO: Epoch: [8][150/582]	Time  0.029 ( 0.038)	Loss 9.5043e-02 (1.1370e-01)	Acc pseudo  93.75 ( 95.29)	Lr 1.000e-03 (1.000e-03)
2026-01-27 04:34:56,350 - INFO: Epoch: [8][200/582]	Time  0.028 ( 0.036)	Loss 2.9698e-02 (1.1395e-01)	Acc pseudo 100.00 ( 95.35)	Lr 1.000e-03 (1.000e-03)
2026-01-27 04:35:01,040 - INFO: Epoch: [8][250/582]	Time  0.028 ( 0.034)	Loss 1.6299e-01 (1.1276e-01)	Acc pseudo  93.75 ( 95.33)	Lr 1.000e-03 (1.000e-03)
2026-01-27 04:35:05,734 - INFO: Epoch: [8][300/582]	Time  0.031 ( 0.034)	Loss 1.8555e-01 (1.1309e-01)	Acc pseudo  89.06 ( 95.37)	Lr 1.000e-03 (1.000e-03)
2026-01-27 04:35:10,430 - INFO: Epoch: [8][350/582]	Time  0.029 ( 0.033)	Loss 1.1898e-01 (1.1246e-01)	Acc pseudo  95.31 ( 95.38)	Lr 1.000e-03 (1.000e-03)
2026-01-27 04:35:15,252 - INFO: Epoch: [8][400/582]	Time  0.046 ( 0.033)	Loss 2.1855e-02 (1.1567e-01)	Acc pseudo 100.00 ( 95.33)	Lr 1.000e-03 (1.000e-03)
2026-01-27 04:35:20,071 - INFO: Epoch: [8][450/582]	Time  0.035 ( 0.034)	Loss 6.7579e-02 (1.1703e-01)	Acc pseudo  96.88 ( 95.29)	Lr 1.000e-03 (1.000e-03)
2026-01-27 04:35:24,767 - INFO: Epoch: [8][500/582]	Time  0.030 ( 0.034)	Loss 2.2357e-01 (1.1694e-01)	Acc pseudo  90.62 ( 95.30)	Lr 1.000e-03 (1.000e-03)
2026-01-27 04:35:29,461 - INFO: Epoch: [8][550/582]	Time  0.034 ( 0.034)	Loss 5.5012e-02 (1.1724e-01)	Acc pseudo  96.88 ( 95.25)	Lr 1.000e-03 (1.000e-03)
2026-01-27 04:35:32,490 - INFO: Round 5, Face Fine-tune Epoch 8: loss=0.1175, acc(pseudo)=95.21%
2026-01-27 04:36:31,713 - INFO: Round 5, Face Fine-tune Epoch 8: acc(valid_pseudo): 0.9830, acc: 0.8793
2026-01-27 04:36:33,670 - INFO: Epoch: [9][  0/582]	Time  0.507 ( 0.507)	Loss 7.6535e-02 (7.6535e-02)	Acc pseudo  95.31 ( 95.31)	Lr 1.000e-03 (1.000e-03)
2026-01-27 04:36:38,368 - INFO: Epoch: [9][ 50/582]	Time  0.028 ( 0.040)	Loss 9.7911e-02 (1.1578e-01)	Acc pseudo  95.31 ( 95.22)	Lr 1.000e-03 (1.000e-03)
2026-01-27 04:36:43,069 - INFO: Epoch: [9][100/582]	Time  0.038 ( 0.036)	Loss 8.7352e-02 (1.1519e-01)	Acc pseudo  95.31 ( 95.10)	Lr 1.000e-03 (1.000e-03)
2026-01-27 04:36:47,826 - INFO: Epoch: [9][150/582]	Time  0.027 ( 0.035)	Loss 2.9005e-01 (1.2446e-01)	Acc pseudo  90.62 ( 94.88)	Lr 1.000e-03 (1.000e-03)
2026-01-27 04:36:52,524 - INFO: Epoch: [9][200/582]	Time  0.030 ( 0.034)	Loss 9.6382e-01 (1.2512e-01)	Acc pseudo  93.75 ( 94.93)	Lr 1.000e-03 (1.000e-03)
2026-01-27 04:36:57,225 - INFO: Epoch: [9][250/582]	Time  0.046 ( 0.034)	Loss 4.5488e-02 (1.2275e-01)	Acc pseudo  98.44 ( 94.93)	Lr 1.000e-03 (1.000e-03)
2026-01-27 04:37:01,925 - INFO: Epoch: [9][300/582]	Time  0.029 ( 0.034)	Loss 9.4232e-02 (1.2095e-01)	Acc pseudo  96.88 ( 94.99)	Lr 1.000e-03 (1.000e-03)
2026-01-27 04:37:06,622 - INFO: Epoch: [9][350/582]	Time  0.029 ( 0.034)	Loss 1.4354e-01 (1.2027e-01)	Acc pseudo  95.31 ( 95.06)	Lr 1.000e-03 (1.000e-03)
2026-01-27 04:37:11,322 - INFO: Epoch: [9][400/582]	Time  0.043 ( 0.034)	Loss 1.8174e-01 (1.1930e-01)	Acc pseudo  89.06 ( 95.06)	Lr 1.000e-03 (1.000e-03)
2026-01-27 04:37:16,028 - INFO: Epoch: [9][450/582]	Time  0.050 ( 0.035)	Loss 1.0293e-01 (1.1970e-01)	Acc pseudo  98.44 ( 95.01)	Lr 1.000e-03 (1.000e-03)
2026-01-27 04:37:20,733 - INFO: Epoch: [9][500/582]	Time  0.029 ( 0.036)	Loss 5.8545e-02 (1.2245e-01)	Acc pseudo  98.44 ( 95.00)	Lr 1.000e-03 (1.000e-03)
2026-01-27 04:37:25,434 - INFO: Epoch: [9][550/582]	Time  0.031 ( 0.035)	Loss 8.3118e-02 (1.2417e-01)	Acc pseudo  93.75 ( 95.01)	Lr 1.000e-03 (1.000e-03)
2026-01-27 04:37:28,452 - INFO: Round 5, Face Fine-tune Epoch 9: loss=0.1245, acc(pseudo)=94.97%
2026-01-27 04:38:28,984 - INFO: Round 5, Face Fine-tune Epoch 9: acc(valid_pseudo): 0.9837, acc: 0.8812
2026-01-27 04:38:30,884 - INFO: Epoch: [10][  0/582]	Time  0.508 ( 0.508)	Loss 7.2954e-02 (7.2954e-02)	Acc pseudo  96.88 ( 96.88)	Lr 1.000e-03 (1.000e-03)
2026-01-27 04:38:35,575 - INFO: Epoch: [10][ 50/582]	Time  0.031 ( 0.043)	Loss 1.1573e-01 (1.1460e-01)	Acc pseudo  93.75 ( 95.22)	Lr 1.000e-03 (1.000e-03)
2026-01-27 04:38:40,266 - INFO: Epoch: [10][100/582]	Time  0.031 ( 0.037)	Loss 1.5857e-01 (1.2155e-01)	Acc pseudo  92.19 ( 95.13)	Lr 1.000e-03 (1.000e-03)
2026-01-27 04:38:44,960 - INFO: Epoch: [10][150/582]	Time  0.042 ( 0.035)	Loss 9.4095e-02 (1.2424e-01)	Acc pseudo  96.88 ( 95.12)	Lr 1.000e-03 (1.000e-03)
2026-01-27 04:38:49,657 - INFO: Epoch: [10][200/582]	Time  0.029 ( 0.034)	Loss 2.6295e-01 (1.2867e-01)	Acc pseudo  93.75 ( 94.91)	Lr 1.000e-03 (1.000e-03)
2026-01-27 04:38:54,365 - INFO: Epoch: [10][250/582]	Time  0.044 ( 0.036)	Loss 1.0795e-01 (1.2689e-01)	Acc pseudo  93.75 ( 94.89)	Lr 1.000e-03 (1.000e-03)
2026-01-27 04:38:59,070 - INFO: Epoch: [10][300/582]	Time  0.040 ( 0.036)	Loss 5.4097e-02 (1.2946e-01)	Acc pseudo  95.31 ( 94.87)	Lr 1.000e-03 (1.000e-03)
2026-01-27 04:39:03,778 - INFO: Epoch: [10][350/582]	Time  0.044 ( 0.037)	Loss 1.5536e-01 (1.2860e-01)	Acc pseudo  93.75 ( 94.83)	Lr 1.000e-03 (1.000e-03)
2026-01-27 04:39:08,480 - INFO: Epoch: [10][400/582]	Time  0.029 ( 0.037)	Loss 8.7112e-02 (1.2665e-01)	Acc pseudo  96.88 ( 94.87)	Lr 1.000e-03 (1.000e-03)
2026-01-27 04:39:13,178 - INFO: Epoch: [10][450/582]	Time  0.038 ( 0.037)	Loss 1.1886e-01 (1.2540e-01)	Acc pseudo  93.75 ( 94.94)	Lr 1.000e-03 (1.000e-03)
2026-01-27 04:39:17,883 - INFO: Epoch: [10][500/582]	Time  0.028 ( 0.036)	Loss 1.3016e-01 (1.2586e-01)	Acc pseudo  95.31 ( 94.88)	Lr 1.000e-03 (1.000e-03)
2026-01-27 04:39:22,582 - INFO: Epoch: [10][550/582]	Time  0.034 ( 0.036)	Loss 4.4591e-02 (1.2397e-01)	Acc pseudo  98.44 ( 94.92)	Lr 1.000e-03 (1.000e-03)
2026-01-27 04:39:25,593 - INFO: Round 5, Face Fine-tune Epoch 10: loss=0.1252, acc(pseudo)=94.87%
2026-01-27 04:40:24,299 - INFO: Round 5, Face Fine-tune Epoch 10: acc(valid_pseudo): 0.9840, acc: 0.8841
2026-01-27 04:40:26,470 - INFO: Epoch: [11][  0/582]	Time  0.481 ( 0.481)	Loss 3.2544e-02 (3.2544e-02)	Acc pseudo  96.88 ( 96.88)	Lr 1.000e-03 (1.000e-03)
2026-01-27 04:40:31,164 - INFO: Epoch: [11][ 50/582]	Time  0.028 ( 0.041)	Loss 1.5533e-01 (1.4360e-01)	Acc pseudo  90.62 ( 93.96)	Lr 1.000e-03 (1.000e-03)
2026-01-27 04:40:35,858 - INFO: Epoch: [11][100/582]	Time  0.028 ( 0.037)	Loss 1.8417e-01 (1.4394e-01)	Acc pseudo  90.62 ( 94.06)	Lr 1.000e-03 (1.000e-03)
2026-01-27 04:40:40,549 - INFO: Epoch: [11][150/582]	Time  0.030 ( 0.034)	Loss 1.3354e-01 (1.3995e-01)	Acc pseudo  93.75 ( 94.33)	Lr 1.000e-03 (1.000e-03)
2026-01-27 04:40:45,247 - INFO: Epoch: [11][200/582]	Time  0.029 ( 0.034)	Loss 8.8445e-02 (1.4287e-01)	Acc pseudo  92.19 ( 94.15)	Lr 1.000e-03 (1.000e-03)
2026-01-27 04:40:49,944 - INFO: Epoch: [11][250/582]	Time  0.029 ( 0.033)	Loss 2.1445e-01 (1.4343e-01)	Acc pseudo  93.75 ( 94.12)	Lr 1.000e-03 (1.000e-03)
2026-01-27 04:40:54,637 - INFO: Epoch: [11][300/582]	Time  0.028 ( 0.033)	Loss 1.5686e-01 (1.4500e-01)	Acc pseudo  95.31 ( 94.25)	Lr 1.000e-03 (1.000e-03)
2026-01-27 04:40:59,344 - INFO: Epoch: [11][350/582]	Time  0.028 ( 0.033)	Loss 2.2593e-01 (1.4615e-01)	Acc pseudo  87.50 ( 94.18)	Lr 1.000e-03 (1.000e-03)
2026-01-27 04:41:04,038 - INFO: Epoch: [11][400/582]	Time  0.031 ( 0.032)	Loss 4.6246e-01 (1.4785e-01)	Acc pseudo  90.62 ( 94.20)	Lr 1.000e-03 (1.000e-03)
2026-01-27 04:41:08,739 - INFO: Epoch: [11][450/582]	Time  0.041 ( 0.032)	Loss 8.7701e-02 (1.4866e-01)	Acc pseudo  95.31 ( 94.18)	Lr 1.000e-03 (1.000e-03)
2026-01-27 04:41:13,437 - INFO: Epoch: [11][500/582]	Time  0.028 ( 0.032)	Loss 7.3305e-02 (1.4967e-01)	Acc pseudo  96.88 ( 94.15)	Lr 1.000e-03 (1.000e-03)
2026-01-27 04:41:18,131 - INFO: Epoch: [11][550/582]	Time  0.028 ( 0.032)	Loss 6.7925e-02 (1.5192e-01)	Acc pseudo  96.88 ( 94.10)	Lr 1.000e-03 (1.000e-03)
2026-01-27 04:41:21,116 - INFO: Round 5, Face Fine-tune Epoch 11: loss=0.1530, acc(pseudo)=94.08%
2026-01-27 04:42:20,648 - INFO: Round 5, Face Fine-tune Epoch 11: acc(valid_pseudo): 0.9828, acc: 0.8744
2026-01-27 04:42:20,648 - INFO: Round 5, Face Fine-tune Epoch 11: No improvement. Patience(epoch): 1/3
2026-01-27 04:42:21,484 - INFO: Epoch: [12][  0/582]	Time  0.790 ( 0.790)	Loss 7.1223e-02 (7.1223e-02)	Acc pseudo  96.88 ( 96.88)	Lr 1.000e-03 (1.000e-03)
2026-01-27 04:42:26,310 - INFO: Epoch: [12][ 50/582]	Time  0.030 ( 0.051)	Loss 1.1764e-01 (1.5357e-01)	Acc pseudo  95.31 ( 93.29)	Lr 1.000e-03 (1.000e-03)
2026-01-27 04:42:31,000 - INFO: Epoch: [12][100/582]	Time  0.029 ( 0.041)	Loss 9.8399e-02 (1.4894e-01)	Acc pseudo  93.75 ( 93.69)	Lr 1.000e-03 (1.000e-03)
2026-01-27 04:42:35,694 - INFO: Epoch: [12][150/582]	Time  0.032 ( 0.038)	Loss 3.0401e-02 (1.4143e-01)	Acc pseudo 100.00 ( 94.00)	Lr 1.000e-03 (1.000e-03)
2026-01-27 04:42:40,387 - INFO: Epoch: [12][200/582]	Time  0.029 ( 0.036)	Loss 1.7141e-01 (1.4629e-01)	Acc pseudo  93.75 ( 94.04)	Lr 1.000e-03 (1.000e-03)
2026-01-27 04:42:45,081 - INFO: Epoch: [12][250/582]	Time  0.031 ( 0.035)	Loss 2.6850e-01 (1.4849e-01)	Acc pseudo  90.62 ( 94.06)	Lr 1.000e-03 (1.000e-03)
2026-01-27 04:42:49,779 - INFO: Epoch: [12][300/582]	Time  0.042 ( 0.035)	Loss 7.1948e-02 (1.4991e-01)	Acc pseudo  96.88 ( 94.04)	Lr 1.000e-03 (1.000e-03)
2026-01-27 04:42:54,478 - INFO: Epoch: [12][350/582]	Time  0.033 ( 0.034)	Loss 2.0506e-01 (1.4825e-01)	Acc pseudo  93.75 ( 94.13)	Lr 1.000e-03 (1.000e-03)
2026-01-27 04:42:59,180 - INFO: Epoch: [12][400/582]	Time  0.030 ( 0.034)	Loss 9.5523e-02 (1.4822e-01)	Acc pseudo  96.88 ( 94.10)	Lr 1.000e-03 (1.000e-03)
2026-01-27 04:43:03,956 - INFO: Epoch: [12][450/582]	Time  0.030 ( 0.034)	Loss 1.6526e-01 (1.4802e-01)	Acc pseudo  92.19 ( 94.08)	Lr 1.000e-03 (1.000e-03)
2026-01-27 04:43:08,785 - INFO: Epoch: [12][500/582]	Time  0.047 ( 0.034)	Loss 2.1823e-01 (1.4712e-01)	Acc pseudo  92.19 ( 94.11)	Lr 1.000e-03 (1.000e-03)
2026-01-27 04:43:13,542 - INFO: Epoch: [12][550/582]	Time  0.048 ( 0.035)	Loss 7.8310e-02 (1.4886e-01)	Acc pseudo  95.31 ( 94.12)	Lr 1.000e-03 (1.000e-03)
2026-01-27 04:43:16,542 - INFO: Round 5, Face Fine-tune Epoch 12: loss=0.1503, acc(pseudo)=94.10%
2026-01-27 04:44:17,275 - INFO: Round 5, Face Fine-tune Epoch 12: acc(valid_pseudo): 0.9822, acc: 0.8812
2026-01-27 04:44:17,276 - INFO: Round 5, Face Fine-tune Epoch 12: No improvement. Patience(epoch): 2/3
2026-01-27 04:44:17,832 - INFO: Epoch: [13][  0/582]	Time  0.519 ( 0.519)	Loss 1.4113e-01 (1.4113e-01)	Acc pseudo  93.75 ( 93.75)	Lr 1.000e-03 (1.000e-03)
2026-01-27 04:44:22,529 - INFO: Epoch: [13][ 50/582]	Time  0.034 ( 0.044)	Loss 1.9053e-01 (1.9889e-01)	Acc pseudo  92.19 ( 92.43)	Lr 1.000e-03 (1.000e-03)
2026-01-27 04:44:27,219 - INFO: Epoch: [13][100/582]	Time  0.028 ( 0.037)	Loss 2.3335e-01 (1.9460e-01)	Acc pseudo  89.06 ( 92.57)	Lr 1.000e-03 (1.000e-03)
2026-01-27 04:44:31,915 - INFO: Epoch: [13][150/582]	Time  0.028 ( 0.034)	Loss 2.9094e-01 (1.9084e-01)	Acc pseudo  87.50 ( 92.67)	Lr 1.000e-03 (1.000e-03)
2026-01-27 04:44:36,612 - INFO: Epoch: [13][200/582]	Time  0.032 ( 0.033)	Loss 2.7713e-01 (2.0049e-01)	Acc pseudo  87.50 ( 92.41)	Lr 1.000e-03 (1.000e-03)
2026-01-27 04:44:41,312 - INFO: Epoch: [13][250/582]	Time  0.029 ( 0.033)	Loss 1.5613e-01 (2.0020e-01)	Acc pseudo  96.88 ( 92.54)	Lr 1.000e-03 (1.000e-03)
2026-01-27 04:44:46,011 - INFO: Epoch: [13][300/582]	Time  0.034 ( 0.033)	Loss 2.6604e-01 (1.9930e-01)	Acc pseudo  87.50 ( 92.61)	Lr 1.000e-03 (1.000e-03)
2026-01-27 04:44:50,711 - INFO: Epoch: [13][350/582]	Time  0.034 ( 0.033)	Loss 3.6904e-01 (2.0189e-01)	Acc pseudo  89.06 ( 92.42)	Lr 1.000e-03 (1.000e-03)
2026-01-27 04:44:55,410 - INFO: Epoch: [13][400/582]	Time  0.031 ( 0.033)	Loss 2.3315e-01 (2.0366e-01)	Acc pseudo  89.06 ( 92.32)	Lr 1.000e-03 (1.000e-03)
2026-01-27 04:45:00,109 - INFO: Epoch: [13][450/582]	Time  0.032 ( 0.033)	Loss 2.8001e-01 (2.0005e-01)	Acc pseudo  89.06 ( 92.42)	Lr 1.000e-03 (1.000e-03)
2026-01-27 04:45:04,806 - INFO: Epoch: [13][500/582]	Time  0.028 ( 0.033)	Loss 4.4102e-01 (1.9939e-01)	Acc pseudo  93.75 ( 92.42)	Lr 1.000e-03 (1.000e-03)
2026-01-27 04:45:09,501 - INFO: Epoch: [13][550/582]	Time  0.029 ( 0.033)	Loss 2.5420e-01 (2.0130e-01)	Acc pseudo  92.19 ( 92.35)	Lr 1.000e-03 (1.000e-03)
2026-01-27 04:45:12,495 - INFO: Round 5, Face Fine-tune Epoch 13: loss=0.2022, acc(pseudo)=92.31%
2026-01-27 04:46:14,615 - INFO: Round 5, Face Fine-tune Epoch 13: acc(valid_pseudo): 0.9827, acc: 0.8734
2026-01-27 04:46:14,615 - INFO: Round 5, Face Fine-tune Epoch 13: No improvement. Patience(epoch): 3/3
2026-01-27 04:46:14,615 - INFO: Early stopping at face epoch 13
2026-01-27 04:46:14,616 - INFO: Round 5: Best face fine-tuned epoch=10, acc(valid_pseudo)=0.9840
2026-01-27 04:46:14,755 - INFO: Using HMM model from previous round: runs/I love my family/exp_video_overlap/result/self_supervised/exp0/round4/pseudo_label/hmm_params.pkl
2026-01-27 06:10:34,186 - INFO: Round 5: speaker_acc=0.8550
2026-01-27 06:10:34,194 - INFO: Round 5: face_acc=0.8851
2026-01-27 06:10:34,198 - INFO: ====================
2026-01-27 06:10:34,198 - INFO: Round 6: Fine-tuning iteration
2026-01-27 06:10:34,198 - INFO: ====================
2026-01-27 06:10:34,262 - INFO: Round 6 Part 1: Fine-tuning embedding model
2026-01-27 06:10:34,263 - INFO: Using pseudo-label file: runs/I love my family/exp_video_overlap/result/self_supervised/exp0/round5/pseudo_label/pseudo_labels_audio_nested_hmm_full(unreliable_pp=100.0).json
2026-01-27 06:10:34,292 - INFO: For training, Using face pseudo-label file: runs/I love my family/exp_video_overlap/result/self_supervised/exp0/round5/pseudo_label/pseudo_labels_faces_mid_frame_train_nested_hmm_full.json
2026-01-27 06:10:34,292 - INFO: For infering, Using face pseudo-label file: runs/I love my family/exp_video_overlap/result/self_supervised/exp0/round5/pseudo_label/pseudo_labels_faces_mid_frame_all_nested_hmm_full.json
2026-01-27 06:10:34,445 - INFO: Created face dataloader with 37219 samples
2026-01-27 06:10:34,463 - INFO: Fine-tuning speaker embedding model for 20 epochs...
2026-01-27 06:10:34,966 - INFO: Epoch: [0][  0/301]	Time  0.484 ( 0.484)	Loss 6.3200e-01 (6.3200e-01)	Acc pseudo  82.81 ( 82.81)	Lr 1.000e-03 (1.000e-03)
2026-01-27 06:10:35,159 - INFO: Epoch: [0][ 50/301]	Time  0.003 ( 0.013)	Loss 4.3864e-01 (4.0595e-01)	Acc pseudo  85.94 ( 88.33)	Lr 1.000e-03 (1.000e-03)
2026-01-27 06:10:35,335 - INFO: Epoch: [0][100/301]	Time  0.003 ( 0.008)	Loss 2.8545e-01 (4.0663e-01)	Acc pseudo  85.94 ( 88.17)	Lr 1.000e-03 (1.000e-03)
2026-01-27 06:10:35,503 - INFO: Epoch: [0][150/301]	Time  0.003 ( 0.007)	Loss 5.2771e-01 (4.2175e-01)	Acc pseudo  89.06 ( 87.72)	Lr 1.000e-03 (1.000e-03)
2026-01-27 06:10:35,670 - INFO: Epoch: [0][200/301]	Time  0.003 ( 0.006)	Loss 3.0863e-01 (4.2099e-01)	Acc pseudo  85.94 ( 87.70)	Lr 1.000e-03 (1.000e-03)
2026-01-27 06:10:35,828 - INFO: Epoch: [0][250/301]	Time  0.003 ( 0.005)	Loss 4.5836e-01 (4.3629e-01)	Acc pseudo  87.50 ( 87.49)	Lr 1.000e-03 (1.000e-03)
2026-01-27 06:10:35,986 - INFO: Epoch: [0][300/301]	Time  0.003 ( 0.005)	Loss 3.4115e-01 (4.3729e-01)	Acc pseudo  84.00 ( 87.38)	Lr 1.000e-03 (1.000e-03)
2026-01-27 06:10:36,056 - INFO: Round 6, Fine-tune Epoch 0: loss=0.4373, acc(pseudo)=87.38%
2026-01-27 06:10:43,975 - INFO: Round 6, Fine-tune Epoch 0: acc(valid_pseudo): 0.9709, acc: 0.8420
2026-01-27 06:10:44,733 - INFO: Epoch: [1][  0/301]	Time  0.234 ( 0.234)	Loss 4.2213e-01 (4.2213e-01)	Acc pseudo  85.94 ( 85.94)	Lr 1.000e-03 (1.000e-03)
2026-01-27 06:10:44,960 - INFO: Epoch: [1][ 50/301]	Time  0.004 ( 0.009)	Loss 7.2705e-01 (3.7922e-01)	Acc pseudo  92.19 ( 88.48)	Lr 1.000e-03 (1.000e-03)
2026-01-27 06:10:45,140 - INFO: Epoch: [1][100/301]	Time  0.003 ( 0.006)	Loss 2.7269e-01 (3.8641e-01)	Acc pseudo  93.75 ( 87.81)	Lr 1.000e-03 (1.000e-03)
2026-01-27 06:10:45,314 - INFO: Epoch: [1][150/301]	Time  0.003 ( 0.005)	Loss 3.6780e-01 (3.8367e-01)	Acc pseudo  85.94 ( 88.09)	Lr 1.000e-03 (1.000e-03)
2026-01-27 06:10:45,483 - INFO: Epoch: [1][200/301]	Time  0.003 ( 0.005)	Loss 4.3916e-01 (3.8566e-01)	Acc pseudo  85.94 ( 88.06)	Lr 1.000e-03 (1.000e-03)
2026-01-27 06:10:45,656 - INFO: Epoch: [1][250/301]	Time  0.003 ( 0.005)	Loss 3.4935e-01 (3.8338e-01)	Acc pseudo  89.06 ( 88.04)	Lr 1.000e-03 (1.000e-03)
2026-01-27 06:10:45,849 - INFO: Epoch: [1][300/301]	Time  0.003 ( 0.004)	Loss 2.9462e-01 (3.8007e-01)	Acc pseudo  88.00 ( 88.21)	Lr 1.000e-03 (1.000e-03)
2026-01-27 06:10:45,928 - INFO: Round 6, Fine-tune Epoch 1: loss=0.3801, acc(pseudo)=88.21%
2026-01-27 06:10:56,832 - INFO: Round 6, Fine-tune Epoch 1: acc(valid_pseudo): 0.9438, acc: 0.8245
2026-01-27 06:10:56,833 - INFO: Round 6, Speaker Fine-tune Epoch 1: No improvement in validation accuracy. Patience(epoch): 1/3
2026-01-27 06:10:57,258 - INFO: Epoch: [2][  0/301]	Time  0.416 ( 0.416)	Loss 7.2038e-01 (7.2038e-01)	Acc pseudo  87.50 ( 87.50)	Lr 1.000e-03 (1.000e-03)
2026-01-27 06:10:57,502 - INFO: Epoch: [2][ 50/301]	Time  0.005 ( 0.013)	Loss 1.0876e-01 (3.7792e-01)	Acc pseudo  98.44 ( 88.27)	Lr 1.000e-03 (1.000e-03)
2026-01-27 06:10:57,720 - INFO: Epoch: [2][100/301]	Time  0.004 ( 0.009)	Loss 3.3481e-01 (3.6503e-01)	Acc pseudo  89.06 ( 88.60)	Lr 1.000e-03 (1.000e-03)
2026-01-27 06:10:57,928 - INFO: Epoch: [2][150/301]	Time  0.004 ( 0.007)	Loss 2.2364e-01 (3.6180e-01)	Acc pseudo  92.19 ( 88.57)	Lr 1.000e-03 (1.000e-03)
2026-01-27 06:10:58,131 - INFO: Epoch: [2][200/301]	Time  0.004 ( 0.006)	Loss 3.4559e-01 (3.6391e-01)	Acc pseudo  89.06 ( 88.62)	Lr 1.000e-03 (1.000e-03)
2026-01-27 06:10:58,330 - INFO: Epoch: [2][250/301]	Time  0.004 ( 0.006)	Loss 2.5173e-01 (3.6685e-01)	Acc pseudo  89.06 ( 88.49)	Lr 1.000e-03 (1.000e-03)
2026-01-27 06:10:58,527 - INFO: Epoch: [2][300/301]	Time  0.004 ( 0.006)	Loss 2.7186e-01 (3.6804e-01)	Acc pseudo  92.00 ( 88.46)	Lr 1.000e-03 (1.000e-03)
2026-01-27 06:10:58,596 - INFO: Round 6, Fine-tune Epoch 2: loss=0.3680, acc(pseudo)=88.46%
2026-01-27 06:11:07,817 - INFO: Round 6, Fine-tune Epoch 2: acc(valid_pseudo): 0.9568, acc: 0.8120
2026-01-27 06:11:07,817 - INFO: Round 6, Speaker Fine-tune Epoch 2: No improvement in validation accuracy. Patience(epoch): 2/3
2026-01-27 06:11:08,083 - INFO: Epoch: [3][  0/301]	Time  0.260 ( 0.260)	Loss 5.9982e-01 (5.9982e-01)	Acc pseudo  81.25 ( 81.25)	Lr 1.000e-03 (1.000e-03)
2026-01-27 06:11:08,314 - INFO: Epoch: [3][ 50/301]	Time  0.004 ( 0.010)	Loss 5.6028e-01 (3.8757e-01)	Acc pseudo  81.25 ( 88.60)	Lr 1.000e-03 (1.000e-03)
2026-01-27 06:11:08,502 - INFO: Epoch: [3][100/301]	Time  0.003 ( 0.007)	Loss 2.4262e-01 (3.7664e-01)	Acc pseudo  93.75 ( 89.05)	Lr 1.000e-03 (1.000e-03)
2026-01-27 06:11:08,687 - INFO: Epoch: [3][150/301]	Time  0.003 ( 0.006)	Loss 3.1903e-01 (3.6658e-01)	Acc pseudo  89.06 ( 88.73)	Lr 1.000e-03 (1.000e-03)
2026-01-27 06:11:08,871 - INFO: Epoch: [3][200/301]	Time  0.003 ( 0.005)	Loss 1.9207e-01 (3.6086e-01)	Acc pseudo  92.19 ( 88.91)	Lr 1.000e-03 (1.000e-03)
2026-01-27 06:11:09,037 - INFO: Epoch: [3][250/301]	Time  0.003 ( 0.005)	Loss 3.5401e-01 (3.6083e-01)	Acc pseudo  87.50 ( 88.76)	Lr 1.000e-03 (1.000e-03)
2026-01-27 06:11:09,193 - INFO: Epoch: [3][300/301]	Time  0.003 ( 0.004)	Loss 2.2701e-01 (3.6446e-01)	Acc pseudo  88.00 ( 88.54)	Lr 1.000e-03 (1.000e-03)
2026-01-27 06:11:09,272 - INFO: Round 6, Fine-tune Epoch 3: loss=0.3645, acc(pseudo)=88.54%
2026-01-27 06:11:16,861 - INFO: Round 6, Fine-tune Epoch 3: acc(valid_pseudo): 0.9435, acc: 0.8000
2026-01-27 06:11:16,862 - INFO: Round 6, Speaker Fine-tune Epoch 3: No improvement in validation accuracy. Patience(epoch): 3/3
2026-01-27 06:11:16,862 - INFO: Early stopping at epoch 3 due to no improvement in validation accuracy for 3 epochs.
2026-01-27 06:11:16,863 - INFO: Round 6: Best speaker fine-tuned epoch=0, acc(valid_pseudo)=0.9709
2026-01-27 06:11:16,867 - INFO: Fine-tuning face embedding model for 20 epochs...
2026-01-27 06:11:18,028 - INFO: Epoch: [0][  0/582]	Time  1.125 ( 1.125)	Loss 3.7790e-02 (3.7790e-02)	Acc pseudo  98.44 ( 98.44)	Lr 1.000e-03 (1.000e-03)
2026-01-27 06:11:22,679 - INFO: Epoch: [0][ 50/582]	Time  0.040 ( 0.055)	Loss 1.1630e-01 (1.0439e-01)	Acc pseudo  93.75 ( 96.42)	Lr 1.000e-03 (1.000e-03)
2026-01-27 06:11:27,318 - INFO: Epoch: [0][100/582]	Time  0.030 ( 0.044)	Loss 1.3979e-01 (1.3806e-01)	Acc pseudo  93.75 ( 95.45)	Lr 1.000e-03 (1.000e-03)
2026-01-27 06:11:32,795 - INFO: Epoch: [0][150/582]	Time  0.029 ( 0.045)	Loss 1.0845e-01 (1.4329e-01)	Acc pseudo  90.62 ( 95.27)	Lr 1.000e-03 (1.000e-03)
2026-01-27 06:11:38,248 - INFO: Epoch: [0][200/582]	Time  0.047 ( 0.046)	Loss 4.2885e-02 (1.3670e-01)	Acc pseudo  98.44 ( 95.34)	Lr 1.000e-03 (1.000e-03)
2026-01-27 06:11:42,898 - INFO: Epoch: [0][250/582]	Time  0.037 ( 0.043)	Loss 2.7509e-01 (1.3823e-01)	Acc pseudo  93.75 ( 95.26)	Lr 1.000e-03 (1.000e-03)
2026-01-27 06:11:47,548 - INFO: Epoch: [0][300/582]	Time  0.038 ( 0.042)	Loss 4.5634e-02 (1.3675e-01)	Acc pseudo  98.44 ( 95.26)	Lr 1.000e-03 (1.000e-03)
2026-01-27 06:11:52,202 - INFO: Epoch: [0][350/582]	Time  0.030 ( 0.040)	Loss 1.2244e-01 (1.3562e-01)	Acc pseudo  95.31 ( 95.23)	Lr 1.000e-03 (1.000e-03)
2026-01-27 06:11:56,867 - INFO: Epoch: [0][400/582]	Time  0.045 ( 0.041)	Loss 1.0087e-01 (1.3366e-01)	Acc pseudo  95.31 ( 95.28)	Lr 1.000e-03 (1.000e-03)
2026-01-27 06:12:01,524 - INFO: Epoch: [0][450/582]	Time  0.031 ( 0.040)	Loss 1.0733e-01 (1.3702e-01)	Acc pseudo  95.31 ( 95.28)	Lr 1.000e-03 (1.000e-03)
2026-01-27 06:12:06,180 - INFO: Epoch: [0][500/582]	Time  0.029 ( 0.039)	Loss 1.4972e-01 (1.4139e-01)	Acc pseudo  93.75 ( 95.14)	Lr 1.000e-03 (1.000e-03)
2026-01-27 06:12:10,836 - INFO: Epoch: [0][550/582]	Time  0.029 ( 0.038)	Loss 2.1846e-01 (1.4257e-01)	Acc pseudo  93.75 ( 95.11)	Lr 1.000e-03 (1.000e-03)
2026-01-27 06:12:13,915 - INFO: Round 6, Face Fine-tune Epoch 0: loss=0.1454, acc(pseudo)=95.06%
2026-01-27 06:13:14,356 - INFO: Round 6, Face Fine-tune Epoch 0: acc(valid_pseudo): 0.9765, acc: 0.8812
2026-01-27 06:13:16,206 - INFO: Epoch: [1][  0/582]	Time  0.516 ( 0.516)	Loss 7.5149e-02 (7.5149e-02)	Acc pseudo  96.88 ( 96.88)	Lr 1.000e-03 (1.000e-03)
2026-01-27 06:13:20,878 - INFO: Epoch: [1][ 50/582]	Time  0.030 ( 0.042)	Loss 1.2546e-01 (1.0423e-01)	Acc pseudo  95.31 ( 95.62)	Lr 1.000e-03 (1.000e-03)
2026-01-27 06:13:25,545 - INFO: Epoch: [1][100/582]	Time  0.029 ( 0.036)	Loss 1.9581e-01 (1.1645e-01)	Acc pseudo  90.62 ( 95.30)	Lr 1.000e-03 (1.000e-03)
2026-01-27 06:13:30,217 - INFO: Epoch: [1][150/582]	Time  0.028 ( 0.034)	Loss 1.3807e-01 (1.1805e-01)	Acc pseudo  90.62 ( 95.38)	Lr 1.000e-03 (1.000e-03)
2026-01-27 06:13:34,887 - INFO: Epoch: [1][200/582]	Time  0.029 ( 0.033)	Loss 4.4149e-01 (1.2127e-01)	Acc pseudo  92.19 ( 95.27)	Lr 1.000e-03 (1.000e-03)
2026-01-27 06:13:39,559 - INFO: Epoch: [1][250/582]	Time  0.028 ( 0.032)	Loss 1.4355e-01 (1.2154e-01)	Acc pseudo  93.75 ( 95.24)	Lr 1.000e-03 (1.000e-03)
2026-01-27 06:13:44,236 - INFO: Epoch: [1][300/582]	Time  0.033 ( 0.032)	Loss 1.8295e-01 (1.1984e-01)	Acc pseudo  90.62 ( 95.30)	Lr 1.000e-03 (1.000e-03)
2026-01-27 06:13:49,018 - INFO: Epoch: [1][350/582]	Time  0.029 ( 0.032)	Loss 5.8346e-02 (1.1869e-01)	Acc pseudo  95.31 ( 95.30)	Lr 1.000e-03 (1.000e-03)
2026-01-27 06:13:53,749 - INFO: Epoch: [1][400/582]	Time  0.031 ( 0.032)	Loss 1.0850e-01 (1.2034e-01)	Acc pseudo  93.75 ( 95.32)	Lr 1.000e-03 (1.000e-03)
2026-01-27 06:13:58,430 - INFO: Epoch: [1][450/582]	Time  0.028 ( 0.032)	Loss 1.5959e-01 (1.2012e-01)	Acc pseudo  93.75 ( 95.31)	Lr 1.000e-03 (1.000e-03)
2026-01-27 06:14:03,110 - INFO: Epoch: [1][500/582]	Time  0.028 ( 0.032)	Loss 2.2246e-01 (1.1997e-01)	Acc pseudo  96.88 ( 95.39)	Lr 1.000e-03 (1.000e-03)
2026-01-27 06:14:07,792 - INFO: Epoch: [1][550/582]	Time  0.030 ( 0.032)	Loss 7.8045e-02 (1.2119e-01)	Acc pseudo  96.88 ( 95.35)	Lr 1.000e-03 (1.000e-03)
2026-01-27 06:14:10,801 - INFO: Round 6, Face Fine-tune Epoch 1: loss=0.1226, acc(pseudo)=95.34%
2026-01-27 06:15:10,936 - INFO: Round 6, Face Fine-tune Epoch 1: acc(valid_pseudo): 0.9786, acc: 0.8812
2026-01-27 06:15:12,863 - INFO: Epoch: [2][  0/582]	Time  0.506 ( 0.506)	Loss 1.2969e-01 (1.2969e-01)	Acc pseudo  92.19 ( 92.19)	Lr 1.000e-03 (1.000e-03)
2026-01-27 06:15:17,717 - INFO: Epoch: [2][ 50/582]	Time  0.046 ( 0.051)	Loss 7.7692e-02 (1.0424e-01)	Acc pseudo  96.88 ( 95.34)	Lr 1.000e-03 (1.000e-03)
2026-01-27 06:15:22,406 - INFO: Epoch: [2][100/582]	Time  0.045 ( 0.049)	Loss 8.0665e-02 (1.0311e-01)	Acc pseudo  95.31 ( 95.58)	Lr 1.000e-03 (1.000e-03)
2026-01-27 06:15:27,121 - INFO: Epoch: [2][150/582]	Time  0.028 ( 0.045)	Loss 4.9277e-02 (1.0585e-01)	Acc pseudo  96.88 ( 95.59)	Lr 1.000e-03 (1.000e-03)
2026-01-27 06:15:31,805 - INFO: Epoch: [2][200/582]	Time  0.029 ( 0.041)	Loss 1.3055e-01 (1.1038e-01)	Acc pseudo  96.88 ( 95.41)	Lr 1.000e-03 (1.000e-03)
2026-01-27 06:15:36,493 - INFO: Epoch: [2][250/582]	Time  0.047 ( 0.039)	Loss 5.6533e-02 (1.1192e-01)	Acc pseudo  96.88 ( 95.39)	Lr 1.000e-03 (1.000e-03)
2026-01-27 06:15:41,193 - INFO: Epoch: [2][300/582]	Time  0.046 ( 0.040)	Loss 3.3237e-02 (1.1602e-01)	Acc pseudo 100.00 ( 95.32)	Lr 1.000e-03 (1.000e-03)
2026-01-27 06:15:45,895 - INFO: Epoch: [2][350/582]	Time  0.044 ( 0.041)	Loss 4.0088e-01 (1.1604e-01)	Acc pseudo  89.06 ( 95.41)	Lr 1.000e-03 (1.000e-03)
2026-01-27 06:15:50,594 - INFO: Epoch: [2][400/582]	Time  0.045 ( 0.042)	Loss 7.5436e-02 (1.1588e-01)	Acc pseudo  95.31 ( 95.42)	Lr 1.000e-03 (1.000e-03)
2026-01-27 06:15:55,292 - INFO: Epoch: [2][450/582]	Time  0.042 ( 0.042)	Loss 1.2294e-01 (1.1596e-01)	Acc pseudo  93.75 ( 95.34)	Lr 1.000e-03 (1.000e-03)
2026-01-27 06:15:59,985 - INFO: Epoch: [2][500/582]	Time  0.030 ( 0.041)	Loss 1.1878e-01 (1.1993e-01)	Acc pseudo  95.31 ( 95.27)	Lr 1.000e-03 (1.000e-03)
2026-01-27 06:16:04,799 - INFO: Epoch: [2][550/582]	Time  0.031 ( 0.041)	Loss 1.5943e-01 (1.2016e-01)	Acc pseudo  95.31 ( 95.25)	Lr 1.000e-03 (1.000e-03)
2026-01-27 06:16:07,810 - INFO: Round 6, Face Fine-tune Epoch 2: loss=0.1202, acc(pseudo)=95.24%
2026-01-27 06:17:09,690 - INFO: Round 6, Face Fine-tune Epoch 2: acc(valid_pseudo): 0.9802, acc: 0.8822
2026-01-27 06:17:11,820 - INFO: Epoch: [3][  0/582]	Time  0.496 ( 0.496)	Loss 9.0893e-02 (9.0893e-02)	Acc pseudo  95.31 ( 95.31)	Lr 1.000e-03 (1.000e-03)
2026-01-27 06:17:16,498 - INFO: Epoch: [3][ 50/582]	Time  0.028 ( 0.041)	Loss 1.0482e-01 (1.2883e-01)	Acc pseudo  95.31 ( 94.76)	Lr 1.000e-03 (1.000e-03)
2026-01-27 06:17:21,192 - INFO: Epoch: [3][100/582]	Time  0.040 ( 0.042)	Loss 7.2742e-02 (1.1925e-01)	Acc pseudo  96.88 ( 95.33)	Lr 1.000e-03 (1.000e-03)
2026-01-27 06:17:25,877 - INFO: Epoch: [3][150/582]	Time  0.028 ( 0.038)	Loss 9.4076e-02 (1.1629e-01)	Acc pseudo  95.31 ( 95.49)	Lr 1.000e-03 (1.000e-03)
2026-01-27 06:17:30,568 - INFO: Epoch: [3][200/582]	Time  0.039 ( 0.036)	Loss 2.3210e-01 (1.1591e-01)	Acc pseudo  90.62 ( 95.52)	Lr 1.000e-03 (1.000e-03)
2026-01-27 06:17:35,344 - INFO: Epoch: [3][250/582]	Time  0.028 ( 0.035)	Loss 6.2332e-01 (1.1532e-01)	Acc pseudo  90.62 ( 95.54)	Lr 1.000e-03 (1.000e-03)
2026-01-27 06:17:40,061 - INFO: Epoch: [3][300/582]	Time  0.028 ( 0.034)	Loss 7.9011e-02 (1.1488e-01)	Acc pseudo  96.88 ( 95.59)	Lr 1.000e-03 (1.000e-03)
2026-01-27 06:17:44,759 - INFO: Epoch: [3][350/582]	Time  0.039 ( 0.034)	Loss 6.3737e-02 (1.1629e-01)	Acc pseudo  98.44 ( 95.53)	Lr 1.000e-03 (1.000e-03)
2026-01-27 06:17:49,450 - INFO: Epoch: [3][400/582]	Time  0.030 ( 0.034)	Loss 8.6723e-02 (1.1760e-01)	Acc pseudo  93.75 ( 95.45)	Lr 1.000e-03 (1.000e-03)
2026-01-27 06:17:54,143 - INFO: Epoch: [3][450/582]	Time  0.039 ( 0.034)	Loss 1.1235e-01 (1.1562e-01)	Acc pseudo  93.75 ( 95.51)	Lr 1.000e-03 (1.000e-03)
2026-01-27 06:17:58,844 - INFO: Epoch: [3][500/582]	Time  0.045 ( 0.035)	Loss 1.1476e-01 (1.1679e-01)	Acc pseudo  95.31 ( 95.45)	Lr 1.000e-03 (1.000e-03)
2026-01-27 06:18:03,546 - INFO: Epoch: [3][550/582]	Time  0.044 ( 0.036)	Loss 1.2170e-01 (1.1686e-01)	Acc pseudo  92.19 ( 95.39)	Lr 1.000e-03 (1.000e-03)
2026-01-27 06:18:06,567 - INFO: Round 6, Face Fine-tune Epoch 3: loss=0.1165, acc(pseudo)=95.40%
2026-01-27 06:19:06,314 - INFO: Round 6, Face Fine-tune Epoch 3: acc(valid_pseudo): 0.9802, acc: 0.8783
2026-01-27 06:19:08,203 - INFO: Epoch: [4][  0/582]	Time  0.512 ( 0.512)	Loss 1.2882e-01 (1.2882e-01)	Acc pseudo  95.31 ( 95.31)	Lr 1.000e-03 (1.000e-03)
2026-01-27 06:19:12,898 - INFO: Epoch: [4][ 50/582]	Time  0.031 ( 0.049)	Loss 7.2674e-02 (1.0751e-01)	Acc pseudo  95.31 ( 95.71)	Lr 1.000e-03 (1.000e-03)
2026-01-27 06:19:17,584 - INFO: Epoch: [4][100/582]	Time  0.031 ( 0.040)	Loss 5.1678e-02 (1.0418e-01)	Acc pseudo  96.88 ( 95.93)	Lr 1.000e-03 (1.000e-03)
2026-01-27 06:19:22,277 - INFO: Epoch: [4][150/582]	Time  0.033 ( 0.038)	Loss 4.5631e-02 (1.1136e-01)	Acc pseudo  98.44 ( 95.64)	Lr 1.000e-03 (1.000e-03)
2026-01-27 06:19:26,969 - INFO: Epoch: [4][200/582]	Time  0.029 ( 0.036)	Loss 7.0621e-02 (1.0903e-01)	Acc pseudo  96.88 ( 95.72)	Lr 1.000e-03 (1.000e-03)
2026-01-27 06:19:31,662 - INFO: Epoch: [4][250/582]	Time  0.040 ( 0.035)	Loss 5.0128e-02 (1.0799e-01)	Acc pseudo  95.31 ( 95.67)	Lr 1.000e-03 (1.000e-03)
2026-01-27 06:19:36,355 - INFO: Epoch: [4][300/582]	Time  0.030 ( 0.034)	Loss 3.8901e-02 (1.0840e-01)	Acc pseudo  98.44 ( 95.68)	Lr 1.000e-03 (1.000e-03)
2026-01-27 06:19:41,048 - INFO: Epoch: [4][350/582]	Time  0.030 ( 0.034)	Loss 5.7511e-02 (1.0873e-01)	Acc pseudo  98.44 ( 95.72)	Lr 1.000e-03 (1.000e-03)
2026-01-27 06:19:45,743 - INFO: Epoch: [4][400/582]	Time  0.041 ( 0.034)	Loss 2.3688e-01 (1.0927e-01)	Acc pseudo  93.75 ( 95.70)	Lr 1.000e-03 (1.000e-03)
2026-01-27 06:19:50,439 - INFO: Epoch: [4][450/582]	Time  0.028 ( 0.034)	Loss 1.8501e-01 (1.1057e-01)	Acc pseudo  93.75 ( 95.64)	Lr 1.000e-03 (1.000e-03)
2026-01-27 06:19:55,131 - INFO: Epoch: [4][500/582]	Time  0.030 ( 0.033)	Loss 5.4528e-02 (1.0833e-01)	Acc pseudo  98.44 ( 95.66)	Lr 1.000e-03 (1.000e-03)
2026-01-27 06:19:59,821 - INFO: Epoch: [4][550/582]	Time  0.028 ( 0.033)	Loss 3.9301e-02 (1.1067e-01)	Acc pseudo 100.00 ( 95.64)	Lr 1.000e-03 (1.000e-03)
2026-01-27 06:20:02,812 - INFO: Round 6, Face Fine-tune Epoch 4: loss=0.1100, acc(pseudo)=95.67%
2026-01-27 06:21:02,850 - INFO: Round 6, Face Fine-tune Epoch 4: acc(valid_pseudo): 0.9827, acc: 0.8822
2026-01-27 06:21:04,838 - INFO: Epoch: [5][  0/582]	Time  0.590 ( 0.590)	Loss 8.7775e-02 (8.7775e-02)	Acc pseudo  95.31 ( 95.31)	Lr 1.000e-03 (1.000e-03)
2026-01-27 06:21:09,536 - INFO: Epoch: [5][ 50/582]	Time  0.030 ( 0.051)	Loss 8.9722e-02 (9.3408e-02)	Acc pseudo  92.19 ( 96.02)	Lr 1.000e-03 (1.000e-03)
2026-01-27 06:21:14,227 - INFO: Epoch: [5][100/582]	Time  0.033 ( 0.042)	Loss 9.0755e-02 (1.1070e-01)	Acc pseudo  95.31 ( 95.42)	Lr 1.000e-03 (1.000e-03)
2026-01-27 06:21:18,917 - INFO: Epoch: [5][150/582]	Time  0.042 ( 0.039)	Loss 4.1595e-02 (1.0773e-01)	Acc pseudo  98.44 ( 95.50)	Lr 1.000e-03 (1.000e-03)
2026-01-27 06:21:23,611 - INFO: Epoch: [5][200/582]	Time  0.028 ( 0.038)	Loss 1.7639e-01 (1.0698e-01)	Acc pseudo  93.75 ( 95.61)	Lr 1.000e-03 (1.000e-03)
2026-01-27 06:21:28,305 - INFO: Epoch: [5][250/582]	Time  0.030 ( 0.036)	Loss 1.1761e-01 (1.0959e-01)	Acc pseudo  93.75 ( 95.63)	Lr 1.000e-03 (1.000e-03)
2026-01-27 06:21:33,080 - INFO: Epoch: [5][300/582]	Time  0.038 ( 0.037)	Loss 7.5786e-02 (1.0834e-01)	Acc pseudo  95.31 ( 95.62)	Lr 1.000e-03 (1.000e-03)
2026-01-27 06:21:37,907 - INFO: Epoch: [5][350/582]	Time  0.031 ( 0.036)	Loss 2.0797e-02 (1.1142e-01)	Acc pseudo 100.00 ( 95.59)	Lr 1.000e-03 (1.000e-03)
2026-01-27 06:21:42,602 - INFO: Epoch: [5][400/582]	Time  0.029 ( 0.036)	Loss 2.1316e-01 (1.1253e-01)	Acc pseudo  90.62 ( 95.49)	Lr 1.000e-03 (1.000e-03)
2026-01-27 06:21:47,297 - INFO: Epoch: [5][450/582]	Time  0.029 ( 0.035)	Loss 5.4033e-02 (1.1329e-01)	Acc pseudo  96.88 ( 95.48)	Lr 1.000e-03 (1.000e-03)
2026-01-27 06:21:51,990 - INFO: Epoch: [5][500/582]	Time  0.044 ( 0.035)	Loss 7.1373e-02 (1.1218e-01)	Acc pseudo  96.88 ( 95.50)	Lr 1.000e-03 (1.000e-03)
2026-01-27 06:21:56,692 - INFO: Epoch: [5][550/582]	Time  0.042 ( 0.035)	Loss 7.4281e-02 (1.1246e-01)	Acc pseudo  96.88 ( 95.48)	Lr 1.000e-03 (1.000e-03)
2026-01-27 06:21:59,691 - INFO: Round 6, Face Fine-tune Epoch 5: loss=0.1143, acc(pseudo)=95.47%
2026-01-27 06:23:00,214 - INFO: Round 6, Face Fine-tune Epoch 5: acc(valid_pseudo): 0.9836, acc: 0.8793
2026-01-27 06:23:02,953 - INFO: Epoch: [6][  0/582]	Time  1.152 ( 1.152)	Loss 4.6966e-02 (4.6966e-02)	Acc pseudo  96.88 ( 96.88)	Lr 1.000e-03 (1.000e-03)
2026-01-27 06:23:07,641 - INFO: Epoch: [6][ 50/582]	Time  0.031 ( 0.054)	Loss 8.2285e-02 (1.1099e-01)	Acc pseudo  95.31 ( 95.68)	Lr 1.000e-03 (1.000e-03)
2026-01-27 06:23:12,328 - INFO: Epoch: [6][100/582]	Time  0.028 ( 0.042)	Loss 9.5634e-02 (1.0571e-01)	Acc pseudo  93.75 ( 95.78)	Lr 1.000e-03 (1.000e-03)
2026-01-27 06:23:17,018 - INFO: Epoch: [6][150/582]	Time  0.028 ( 0.038)	Loss 2.4937e-02 (1.0022e-01)	Acc pseudo 100.00 ( 95.95)	Lr 1.000e-03 (1.000e-03)
2026-01-27 06:23:21,719 - INFO: Epoch: [6][200/582]	Time  0.028 ( 0.038)	Loss 1.1204e-01 (1.0054e-01)	Acc pseudo  92.19 ( 95.92)	Lr 1.000e-03 (1.000e-03)
2026-01-27 06:23:26,410 - INFO: Epoch: [6][250/582]	Time  0.033 ( 0.036)	Loss 8.2748e-02 (1.0057e-01)	Acc pseudo  98.44 ( 95.97)	Lr 1.000e-03 (1.000e-03)
2026-01-27 06:23:31,106 - INFO: Epoch: [6][300/582]	Time  0.034 ( 0.036)	Loss 9.3088e-02 (9.8232e-02)	Acc pseudo  95.31 ( 95.97)	Lr 1.000e-03 (1.000e-03)
2026-01-27 06:23:35,805 - INFO: Epoch: [6][350/582]	Time  0.032 ( 0.035)	Loss 8.3623e-02 (9.9257e-02)	Acc pseudo  98.44 ( 95.92)	Lr 1.000e-03 (1.000e-03)
2026-01-27 06:23:40,505 - INFO: Epoch: [6][400/582]	Time  0.040 ( 0.035)	Loss 1.0651e-01 (1.0038e-01)	Acc pseudo  96.88 ( 95.90)	Lr 1.000e-03 (1.000e-03)
2026-01-27 06:23:45,293 - INFO: Epoch: [6][450/582]	Time  0.048 ( 0.036)	Loss 1.0784e-01 (1.0562e-01)	Acc pseudo  93.75 ( 95.69)	Lr 1.000e-03 (1.000e-03)
2026-01-27 06:23:49,993 - INFO: Epoch: [6][500/582]	Time  0.045 ( 0.036)	Loss 1.9665e-01 (1.0620e-01)	Acc pseudo  90.62 ( 95.66)	Lr 1.000e-03 (1.000e-03)
2026-01-27 06:23:54,689 - INFO: Epoch: [6][550/582]	Time  0.031 ( 0.036)	Loss 1.1906e-01 (1.0736e-01)	Acc pseudo  95.31 ( 95.64)	Lr 1.000e-03 (1.000e-03)
2026-01-27 06:23:57,703 - INFO: Round 6, Face Fine-tune Epoch 6: loss=0.1073, acc(pseudo)=95.62%
2026-01-27 06:24:57,122 - INFO: Round 6, Face Fine-tune Epoch 6: acc(valid_pseudo): 0.9849, acc: 0.8822
2026-01-27 06:24:59,260 - INFO: Epoch: [7][  0/582]	Time  0.493 ( 0.493)	Loss 3.0601e-02 (3.0601e-02)	Acc pseudo 100.00 (100.00)	Lr 1.000e-03 (1.000e-03)
2026-01-27 06:25:03,950 - INFO: Epoch: [7][ 50/582]	Time  0.037 ( 0.046)	Loss 4.2503e-02 (1.0653e-01)	Acc pseudo  96.88 ( 95.22)	Lr 1.000e-03 (1.000e-03)
2026-01-27 06:25:08,634 - INFO: Epoch: [7][100/582]	Time  0.028 ( 0.038)	Loss 1.1772e-01 (1.0932e-01)	Acc pseudo  95.31 ( 95.50)	Lr 1.000e-03 (1.000e-03)
2026-01-27 06:25:13,395 - INFO: Epoch: [7][150/582]	Time  0.035 ( 0.036)	Loss 1.5358e-01 (1.0010e-01)	Acc pseudo  92.19 ( 95.76)	Lr 1.000e-03 (1.000e-03)
2026-01-27 06:25:18,092 - INFO: Epoch: [7][200/582]	Time  0.029 ( 0.036)	Loss 6.8590e-02 (9.7587e-02)	Acc pseudo  96.88 ( 95.91)	Lr 1.000e-03 (1.000e-03)
2026-01-27 06:25:22,793 - INFO: Epoch: [7][250/582]	Time  0.029 ( 0.037)	Loss 7.4107e-02 (9.7914e-02)	Acc pseudo  96.88 ( 95.90)	Lr 1.000e-03 (1.000e-03)
2026-01-27 06:25:27,483 - INFO: Epoch: [7][300/582]	Time  0.028 ( 0.035)	Loss 1.5589e-01 (9.8205e-02)	Acc pseudo  98.44 ( 96.03)	Lr 1.000e-03 (1.000e-03)
2026-01-27 06:25:32,182 - INFO: Epoch: [7][350/582]	Time  0.030 ( 0.036)	Loss 2.1033e-01 (9.8883e-02)	Acc pseudo  96.88 ( 95.95)	Lr 1.000e-03 (1.000e-03)
2026-01-27 06:25:36,873 - INFO: Epoch: [7][400/582]	Time  0.029 ( 0.035)	Loss 8.3774e-02 (9.7919e-02)	Acc pseudo  93.75 ( 95.95)	Lr 1.000e-03 (1.000e-03)
2026-01-27 06:25:41,568 - INFO: Epoch: [7][450/582]	Time  0.049 ( 0.035)	Loss 3.4334e-02 (9.9314e-02)	Acc pseudo 100.00 ( 95.90)	Lr 1.000e-03 (1.000e-03)
2026-01-27 06:25:46,274 - INFO: Epoch: [7][500/582]	Time  0.030 ( 0.036)	Loss 7.7113e-02 (9.7982e-02)	Acc pseudo  95.31 ( 95.94)	Lr 1.000e-03 (1.000e-03)
2026-01-27 06:25:50,971 - INFO: Epoch: [7][550/582]	Time  0.028 ( 0.036)	Loss 6.6037e-02 (9.9904e-02)	Acc pseudo  93.75 ( 95.94)	Lr 1.000e-03 (1.000e-03)
2026-01-27 06:25:54,031 - INFO: Round 6, Face Fine-tune Epoch 7: loss=0.0999, acc(pseudo)=95.95%
2026-01-27 06:26:54,336 - INFO: Round 6, Face Fine-tune Epoch 7: acc(valid_pseudo): 0.9846, acc: 0.8841
2026-01-27 06:26:54,336 - INFO: Round 6, Face Fine-tune Epoch 7: No improvement. Patience(epoch): 1/3
2026-01-27 06:26:54,899 - INFO: Epoch: [8][  0/582]	Time  0.532 ( 0.532)	Loss 1.9111e-01 (1.9111e-01)	Acc pseudo  95.31 ( 95.31)	Lr 1.000e-03 (1.000e-03)
2026-01-27 06:26:59,587 - INFO: Epoch: [8][ 50/582]	Time  0.028 ( 0.044)	Loss 2.2888e-02 (9.1072e-02)	Acc pseudo 100.00 ( 96.48)	Lr 1.000e-03 (1.000e-03)
2026-01-27 06:27:04,279 - INFO: Epoch: [8][100/582]	Time  0.029 ( 0.038)	Loss 1.0982e-01 (1.0298e-01)	Acc pseudo  93.75 ( 95.96)	Lr 1.000e-03 (1.000e-03)
2026-01-27 06:27:08,975 - INFO: Epoch: [8][150/582]	Time  0.034 ( 0.037)	Loss 1.1196e-01 (1.0600e-01)	Acc pseudo  95.31 ( 95.75)	Lr 1.000e-03 (1.000e-03)
2026-01-27 06:27:13,766 - INFO: Epoch: [8][200/582]	Time  0.031 ( 0.036)	Loss 5.3642e-02 (1.0723e-01)	Acc pseudo  95.31 ( 95.69)	Lr 1.000e-03 (1.000e-03)
2026-01-27 06:27:18,693 - INFO: Epoch: [8][250/582]	Time  0.028 ( 0.035)	Loss 1.4438e-01 (1.0699e-01)	Acc pseudo  90.62 ( 95.66)	Lr 1.000e-03 (1.000e-03)
2026-01-27 06:27:23,391 - INFO: Epoch: [8][300/582]	Time  0.028 ( 0.035)	Loss 1.1658e-01 (1.1221e-01)	Acc pseudo  96.88 ( 95.53)	Lr 1.000e-03 (1.000e-03)
2026-01-27 06:27:28,083 - INFO: Epoch: [8][350/582]	Time  0.028 ( 0.034)	Loss 7.0420e-02 (1.1221e-01)	Acc pseudo  98.44 ( 95.62)	Lr 1.000e-03 (1.000e-03)
2026-01-27 06:27:32,777 - INFO: Epoch: [8][400/582]	Time  0.028 ( 0.034)	Loss 1.8159e-01 (1.1394e-01)	Acc pseudo  95.31 ( 95.63)	Lr 1.000e-03 (1.000e-03)
2026-01-27 06:27:37,468 - INFO: Epoch: [8][450/582]	Time  0.031 ( 0.033)	Loss 1.4684e-01 (1.1576e-01)	Acc pseudo  93.75 ( 95.56)	Lr 1.000e-03 (1.000e-03)
2026-01-27 06:27:42,160 - INFO: Epoch: [8][500/582]	Time  0.031 ( 0.033)	Loss 1.0587e-01 (1.1501e-01)	Acc pseudo  96.88 ( 95.58)	Lr 1.000e-03 (1.000e-03)
2026-01-27 06:27:46,852 - INFO: Epoch: [8][550/582]	Time  0.028 ( 0.033)	Loss 3.8758e-02 (1.1555e-01)	Acc pseudo  98.44 ( 95.55)	Lr 1.000e-03 (1.000e-03)
2026-01-27 06:27:49,852 - INFO: Round 6, Face Fine-tune Epoch 8: loss=0.1165, acc(pseudo)=95.49%
2026-01-27 06:28:49,313 - INFO: Round 6, Face Fine-tune Epoch 8: acc(valid_pseudo): 0.9844, acc: 0.8851
2026-01-27 06:28:49,314 - INFO: Round 6, Face Fine-tune Epoch 8: No improvement. Patience(epoch): 2/3
2026-01-27 06:28:49,849 - INFO: Epoch: [9][  0/582]	Time  0.489 ( 0.489)	Loss 8.7443e-02 (8.7443e-02)	Acc pseudo  95.31 ( 95.31)	Lr 1.000e-03 (1.000e-03)
2026-01-27 06:28:54,542 - INFO: Epoch: [9][ 50/582]	Time  0.028 ( 0.040)	Loss 2.6841e-02 (9.3962e-02)	Acc pseudo 100.00 ( 96.08)	Lr 1.000e-03 (1.000e-03)
2026-01-27 06:28:59,232 - INFO: Epoch: [9][100/582]	Time  0.030 ( 0.035)	Loss 4.1541e-02 (9.9966e-02)	Acc pseudo 100.00 ( 95.70)	Lr 1.000e-03 (1.000e-03)
2026-01-27 06:29:03,928 - INFO: Epoch: [9][150/582]	Time  0.045 ( 0.034)	Loss 1.0774e-01 (1.0658e-01)	Acc pseudo  93.75 ( 95.65)	Lr 1.000e-03 (1.000e-03)
2026-01-27 06:29:08,626 - INFO: Epoch: [9][200/582]	Time  0.032 ( 0.034)	Loss 5.3295e-02 (1.1448e-01)	Acc pseudo  96.88 ( 95.55)	Lr 1.000e-03 (1.000e-03)
2026-01-27 06:29:13,325 - INFO: Epoch: [9][250/582]	Time  0.045 ( 0.035)	Loss 6.8587e-02 (1.1499e-01)	Acc pseudo  96.88 ( 95.44)	Lr 1.000e-03 (1.000e-03)
2026-01-27 06:29:18,032 - INFO: Epoch: [9][300/582]	Time  0.048 ( 0.036)	Loss 1.2817e-01 (1.1481e-01)	Acc pseudo  95.31 ( 95.46)	Lr 1.000e-03 (1.000e-03)
2026-01-27 06:29:22,731 - INFO: Epoch: [9][350/582]	Time  0.040 ( 0.036)	Loss 1.5870e-01 (1.1546e-01)	Acc pseudo  90.62 ( 95.42)	Lr 1.000e-03 (1.000e-03)
2026-01-27 06:29:27,429 - INFO: Epoch: [9][400/582]	Time  0.030 ( 0.036)	Loss 1.7341e-01 (1.1456e-01)	Acc pseudo  95.31 ( 95.44)	Lr 1.000e-03 (1.000e-03)
2026-01-27 06:29:32,125 - INFO: Epoch: [9][450/582]	Time  0.033 ( 0.035)	Loss 1.0985e-01 (1.1410e-01)	Acc pseudo  93.75 ( 95.42)	Lr 1.000e-03 (1.000e-03)
2026-01-27 06:29:36,821 - INFO: Epoch: [9][500/582]	Time  0.029 ( 0.035)	Loss 6.1210e-02 (1.1410e-01)	Acc pseudo  96.88 ( 95.43)	Lr 1.000e-03 (1.000e-03)
2026-01-27 06:29:41,514 - INFO: Epoch: [9][550/582]	Time  0.028 ( 0.034)	Loss 6.6722e-02 (1.1451e-01)	Acc pseudo  95.31 ( 95.41)	Lr 1.000e-03 (1.000e-03)
2026-01-27 06:29:44,536 - INFO: Round 6, Face Fine-tune Epoch 9: loss=0.1132, acc(pseudo)=95.45%
2026-01-27 06:30:43,949 - INFO: Round 6, Face Fine-tune Epoch 9: acc(valid_pseudo): 0.9848, acc: 0.8861
2026-01-27 06:30:43,950 - INFO: Round 6, Face Fine-tune Epoch 9: No improvement. Patience(epoch): 3/3
2026-01-27 06:30:43,950 - INFO: Early stopping at face epoch 9
2026-01-27 06:30:43,951 - INFO: Round 6: Best face fine-tuned epoch=6, acc(valid_pseudo)=0.9849
2026-01-27 06:30:44,079 - INFO: Using HMM model from previous round: runs/I love my family/exp_video_overlap/result/self_supervised/exp0/round5/pseudo_label/hmm_params.pkl
2026-01-27 07:54:10,026 - INFO: Round 6: speaker_acc=0.8545
2026-01-27 07:54:10,033 - INFO: Round 6: face_acc=0.8841
2026-01-27 07:54:10,048 - INFO: ====================
2026-01-27 07:54:10,048 - INFO: Round 7: Fine-tuning iteration
2026-01-27 07:54:10,048 - INFO: ====================
2026-01-27 07:54:10,152 - INFO: Round 7 Part 1: Fine-tuning embedding model
2026-01-27 07:54:10,153 - INFO: Using pseudo-label file: runs/I love my family/exp_video_overlap/result/self_supervised/exp0/round6/pseudo_label/pseudo_labels_audio_nested_hmm_full(unreliable_pp=100.0).json
2026-01-27 07:54:10,184 - INFO: For training, Using face pseudo-label file: runs/I love my family/exp_video_overlap/result/self_supervised/exp0/round6/pseudo_label/pseudo_labels_faces_mid_frame_train_nested_hmm_full.json
2026-01-27 07:54:10,184 - INFO: For infering, Using face pseudo-label file: runs/I love my family/exp_video_overlap/result/self_supervised/exp0/round6/pseudo_label/pseudo_labels_faces_mid_frame_all_nested_hmm_full.json
2026-01-27 07:54:10,338 - INFO: Created face dataloader with 37219 samples
2026-01-27 07:54:10,356 - INFO: Fine-tuning speaker embedding model for 20 epochs...
2026-01-27 07:54:11,004 - INFO: Epoch: [0][  0/301]	Time  0.608 ( 0.608)	Loss 1.8986e-01 (1.8986e-01)	Acc pseudo  92.19 ( 92.19)	Lr 1.000e-03 (1.000e-03)
2026-01-27 07:54:11,188 - INFO: Epoch: [0][ 50/301]	Time  0.004 ( 0.015)	Loss 5.2377e-01 (3.9569e-01)	Acc pseudo  84.38 ( 89.12)	Lr 1.000e-03 (1.000e-03)
2026-01-27 07:54:11,360 - INFO: Epoch: [0][100/301]	Time  0.003 ( 0.009)	Loss 5.1181e-01 (3.8007e-01)	Acc pseudo  85.94 ( 89.29)	Lr 1.000e-03 (1.000e-03)
2026-01-27 07:54:11,527 - INFO: Epoch: [0][150/301]	Time  0.003 ( 0.007)	Loss 4.0668e-01 (3.7606e-01)	Acc pseudo  90.62 ( 89.06)	Lr 1.000e-03 (1.000e-03)
2026-01-27 07:54:11,690 - INFO: Epoch: [0][200/301]	Time  0.003 ( 0.006)	Loss 3.2339e-01 (3.8123e-01)	Acc pseudo  84.38 ( 88.91)	Lr 1.000e-03 (1.000e-03)
2026-01-27 07:54:11,859 - INFO: Epoch: [0][250/301]	Time  0.003 ( 0.006)	Loss 3.0069e-01 (3.8784e-01)	Acc pseudo  89.06 ( 88.72)	Lr 1.000e-03 (1.000e-03)
2026-01-27 07:54:12,020 - INFO: Epoch: [0][300/301]	Time  0.002 ( 0.005)	Loss 1.7096e-01 (3.9007e-01)	Acc pseudo  96.00 ( 88.64)	Lr 1.000e-03 (1.000e-03)
2026-01-27 07:54:12,091 - INFO: Round 7, Fine-tune Epoch 0: loss=0.3901, acc(pseudo)=88.64%
2026-01-27 07:54:20,121 - INFO: Round 7, Fine-tune Epoch 0: acc(valid_pseudo): 0.9630, acc: 0.8560
2026-01-27 07:54:20,991 - INFO: Epoch: [1][  0/301]	Time  0.281 ( 0.281)	Loss 3.2134e-01 (3.2134e-01)	Acc pseudo  89.06 ( 89.06)	Lr 1.000e-03 (1.000e-03)
2026-01-27 07:54:21,186 - INFO: Epoch: [1][ 50/301]	Time  0.003 ( 0.009)	Loss 2.8826e-01 (3.2672e-01)	Acc pseudo  92.19 ( 90.47)	Lr 1.000e-03 (1.000e-03)
2026-01-27 07:54:21,358 - INFO: Epoch: [1][100/301]	Time  0.003 ( 0.006)	Loss 2.9228e-01 (3.3953e-01)	Acc pseudo  89.06 ( 89.82)	Lr 1.000e-03 (1.000e-03)
2026-01-27 07:54:21,523 - INFO: Epoch: [1][150/301]	Time  0.003 ( 0.005)	Loss 2.8433e-01 (3.3526e-01)	Acc pseudo  90.62 ( 89.76)	Lr 1.000e-03 (1.000e-03)
2026-01-27 07:54:21,695 - INFO: Epoch: [1][200/301]	Time  0.003 ( 0.005)	Loss 5.6179e-01 (3.3777e-01)	Acc pseudo  84.38 ( 89.57)	Lr 1.000e-03 (1.000e-03)
2026-01-27 07:54:21,917 - INFO: Epoch: [1][250/301]	Time  0.004 ( 0.005)	Loss 3.4658e-01 (3.4209e-01)	Acc pseudo  90.62 ( 89.34)	Lr 1.000e-03 (1.000e-03)
2026-01-27 07:54:22,131 - INFO: Epoch: [1][300/301]	Time  0.002 ( 0.005)	Loss 3.6262e-01 (3.4340e-01)	Acc pseudo  80.00 ( 89.34)	Lr 1.000e-03 (1.000e-03)
2026-01-27 07:54:22,209 - INFO: Round 7, Fine-tune Epoch 1: loss=0.3434, acc(pseudo)=89.34%
2026-01-27 07:54:32,606 - INFO: Round 7, Fine-tune Epoch 1: acc(valid_pseudo): 0.9603, acc: 0.8170
2026-01-27 07:54:32,606 - INFO: Round 7, Speaker Fine-tune Epoch 1: No improvement in validation accuracy. Patience(epoch): 1/3
2026-01-27 07:54:33,045 - INFO: Epoch: [2][  0/301]	Time  0.430 ( 0.430)	Loss 4.9931e-01 (4.9931e-01)	Acc pseudo  89.06 ( 89.06)	Lr 1.000e-03 (1.000e-03)
2026-01-27 07:54:33,255 - INFO: Epoch: [2][ 50/301]	Time  0.004 ( 0.012)	Loss 1.7508e-01 (3.0630e-01)	Acc pseudo  92.19 ( 89.68)	Lr 1.000e-03 (1.000e-03)
2026-01-27 07:54:33,450 - INFO: Epoch: [2][100/301]	Time  0.005 ( 0.008)	Loss 1.9200e-01 (3.1584e-01)	Acc pseudo  93.75 ( 90.01)	Lr 1.000e-03 (1.000e-03)
2026-01-27 07:54:33,660 - INFO: Epoch: [2][150/301]	Time  0.004 ( 0.007)	Loss 2.3923e-01 (3.1649e-01)	Acc pseudo  89.06 ( 89.88)	Lr 1.000e-03 (1.000e-03)
2026-01-27 07:54:33,866 - INFO: Epoch: [2][200/301]	Time  0.004 ( 0.006)	Loss 2.6402e-01 (3.0837e-01)	Acc pseudo  87.50 ( 90.04)	Lr 1.000e-03 (1.000e-03)
2026-01-27 07:54:34,069 - INFO: Epoch: [2][250/301]	Time  0.004 ( 0.006)	Loss 2.3604e-01 (3.1434e-01)	Acc pseudo  87.50 ( 89.90)	Lr 1.000e-03 (1.000e-03)
2026-01-27 07:54:34,267 - INFO: Epoch: [2][300/301]	Time  0.003 ( 0.005)	Loss 2.5549e-01 (3.2032e-01)	Acc pseudo  92.00 ( 89.76)	Lr 1.000e-03 (1.000e-03)
2026-01-27 07:54:34,340 - INFO: Round 7, Fine-tune Epoch 2: loss=0.3203, acc(pseudo)=89.76%
2026-01-27 07:54:42,427 - INFO: Round 7, Fine-tune Epoch 2: acc(valid_pseudo): 0.9400, acc: 0.8220
2026-01-27 07:54:42,428 - INFO: Round 7, Speaker Fine-tune Epoch 2: No improvement in validation accuracy. Patience(epoch): 2/3
2026-01-27 07:54:42,843 - INFO: Epoch: [3][  0/301]	Time  0.406 ( 0.406)	Loss 6.1211e-01 (6.1211e-01)	Acc pseudo  81.25 ( 81.25)	Lr 1.000e-03 (1.000e-03)
2026-01-27 07:54:43,078 - INFO: Epoch: [3][ 50/301]	Time  0.004 ( 0.012)	Loss 3.6097e-01 (3.0861e-01)	Acc pseudo  87.50 ( 90.29)	Lr 1.000e-03 (1.000e-03)
2026-01-27 07:54:43,282 - INFO: Epoch: [3][100/301]	Time  0.004 ( 0.008)	Loss 4.4653e-01 (3.0551e-01)	Acc pseudo  87.50 ( 90.49)	Lr 1.000e-03 (1.000e-03)
2026-01-27 07:54:43,475 - INFO: Epoch: [3][150/301]	Time  0.003 ( 0.007)	Loss 2.7829e-01 (3.1094e-01)	Acc pseudo  87.50 ( 90.21)	Lr 1.000e-03 (1.000e-03)
2026-01-27 07:54:43,666 - INFO: Epoch: [3][200/301]	Time  0.003 ( 0.006)	Loss 2.1740e-01 (3.1871e-01)	Acc pseudo  96.88 ( 90.30)	Lr 1.000e-03 (1.000e-03)
2026-01-27 07:54:43,860 - INFO: Epoch: [3][250/301]	Time  0.003 ( 0.006)	Loss 2.9884e-01 (3.2007e-01)	Acc pseudo  85.94 ( 90.10)	Lr 1.000e-03 (1.000e-03)
2026-01-27 07:54:44,042 - INFO: Epoch: [3][300/301]	Time  0.002 ( 0.005)	Loss 2.3060e-01 (3.2103e-01)	Acc pseudo  92.00 ( 89.93)	Lr 1.000e-03 (1.000e-03)
2026-01-27 07:54:44,127 - INFO: Round 7, Fine-tune Epoch 3: loss=0.3210, acc(pseudo)=89.93%
2026-01-27 07:54:51,654 - INFO: Round 7, Fine-tune Epoch 3: acc(valid_pseudo): 0.9359, acc: 0.8145
2026-01-27 07:54:51,654 - INFO: Round 7, Speaker Fine-tune Epoch 3: No improvement in validation accuracy. Patience(epoch): 3/3
2026-01-27 07:54:51,654 - INFO: Early stopping at epoch 3 due to no improvement in validation accuracy for 3 epochs.
2026-01-27 07:54:51,656 - INFO: Round 7: Best speaker fine-tuned epoch=0, acc(valid_pseudo)=0.9630
2026-01-27 07:54:51,664 - INFO: Fine-tuning face embedding model for 20 epochs...
2026-01-27 07:54:52,851 - INFO: Epoch: [0][  0/582]	Time  1.170 ( 1.170)	Loss 3.0041e-02 (3.0041e-02)	Acc pseudo  98.44 ( 98.44)	Lr 1.000e-03 (1.000e-03)
2026-01-27 07:54:57,503 - INFO: Epoch: [0][ 50/582]	Time  0.030 ( 0.062)	Loss 1.6802e-01 (9.9567e-02)	Acc pseudo  95.31 ( 97.15)	Lr 1.000e-03 (1.000e-03)
2026-01-27 07:55:02,143 - INFO: Epoch: [0][100/582]	Time  0.037 ( 0.047)	Loss 1.0152e-01 (1.0912e-01)	Acc pseudo  95.31 ( 96.60)	Lr 1.000e-03 (1.000e-03)
2026-01-27 07:55:06,798 - INFO: Epoch: [0][150/582]	Time  0.031 ( 0.042)	Loss 5.0861e-02 (1.2133e-01)	Acc pseudo  96.88 ( 96.55)	Lr 1.000e-03 (1.000e-03)
2026-01-27 07:55:11,443 - INFO: Epoch: [0][200/582]	Time  0.029 ( 0.039)	Loss 2.2807e-02 (1.2177e-01)	Acc pseudo 100.00 ( 96.46)	Lr 1.000e-03 (1.000e-03)
2026-01-27 07:55:16,089 - INFO: Epoch: [0][250/582]	Time  0.031 ( 0.038)	Loss 2.9799e-01 (1.2675e-01)	Acc pseudo  92.19 ( 96.18)	Lr 1.000e-03 (1.000e-03)
2026-01-27 07:55:20,744 - INFO: Epoch: [0][300/582]	Time  0.042 ( 0.038)	Loss 3.7773e-02 (1.2339e-01)	Acc pseudo  96.88 ( 96.26)	Lr 1.000e-03 (1.000e-03)
2026-01-27 07:55:25,407 - INFO: Epoch: [0][350/582]	Time  0.049 ( 0.039)	Loss 5.2243e-02 (1.2472e-01)	Acc pseudo  98.44 ( 96.20)	Lr 1.000e-03 (1.000e-03)
2026-01-27 07:55:31,806 - INFO: Epoch: [0][400/582]	Time  0.030 ( 0.042)	Loss 1.1777e-01 (1.2598e-01)	Acc pseudo  92.19 ( 96.06)	Lr 1.000e-03 (1.000e-03)
2026-01-27 07:55:36,883 - INFO: Epoch: [0][450/582]	Time  0.029 ( 0.042)	Loss 3.1963e-02 (1.2562e-01)	Acc pseudo  98.44 ( 95.97)	Lr 1.000e-03 (1.000e-03)
2026-01-27 07:55:41,548 - INFO: Epoch: [0][500/582]	Time  0.036 ( 0.042)	Loss 1.4733e-01 (1.2648e-01)	Acc pseudo  93.75 ( 95.83)	Lr 1.000e-03 (1.000e-03)
2026-01-27 07:55:46,212 - INFO: Epoch: [0][550/582]	Time  0.030 ( 0.041)	Loss 5.6470e-02 (1.2728e-01)	Acc pseudo  98.44 ( 95.80)	Lr 1.000e-03 (1.000e-03)
2026-01-27 07:55:49,191 - INFO: Round 7, Face Fine-tune Epoch 0: loss=0.1305, acc(pseudo)=95.74%
2026-01-27 07:56:48,652 - INFO: Round 7, Face Fine-tune Epoch 0: acc(valid_pseudo): 0.9808, acc: 0.8851
2026-01-27 07:56:51,186 - INFO: Epoch: [1][  0/582]	Time  0.672 ( 0.672)	Loss 5.5685e-02 (5.5685e-02)	Acc pseudo  96.88 ( 96.88)	Lr 1.000e-03 (1.000e-03)
2026-01-27 07:56:56,160 - INFO: Epoch: [1][ 50/582]	Time  0.046 ( 0.066)	Loss 1.8190e-02 (1.3823e-01)	Acc pseudo 100.00 ( 95.65)	Lr 1.000e-03 (1.000e-03)
2026-01-27 07:57:00,840 - INFO: Epoch: [1][100/582]	Time  0.041 ( 0.056)	Loss 1.6377e-01 (1.1851e-01)	Acc pseudo  93.75 ( 95.90)	Lr 1.000e-03 (1.000e-03)
2026-01-27 07:57:05,518 - INFO: Epoch: [1][150/582]	Time  0.029 ( 0.050)	Loss 1.3931e-01 (1.1608e-01)	Acc pseudo  90.62 ( 95.81)	Lr 1.000e-03 (1.000e-03)
2026-01-27 07:57:10,195 - INFO: Epoch: [1][200/582]	Time  0.030 ( 0.045)	Loss 1.7035e-01 (1.1280e-01)	Acc pseudo  93.75 ( 95.86)	Lr 1.000e-03 (1.000e-03)
2026-01-27 07:57:14,874 - INFO: Epoch: [1][250/582]	Time  0.029 ( 0.042)	Loss 4.2585e-02 (1.1308e-01)	Acc pseudo 100.00 ( 95.74)	Lr 1.000e-03 (1.000e-03)
2026-01-27 07:57:19,551 - INFO: Epoch: [1][300/582]	Time  0.029 ( 0.039)	Loss 1.2696e-01 (1.0886e-01)	Acc pseudo  95.31 ( 95.83)	Lr 1.000e-03 (1.000e-03)
2026-01-27 07:57:24,232 - INFO: Epoch: [1][350/582]	Time  0.035 ( 0.038)	Loss 2.8730e-02 (1.0844e-01)	Acc pseudo  98.44 ( 95.84)	Lr 1.000e-03 (1.000e-03)
2026-01-27 07:57:28,912 - INFO: Epoch: [1][400/582]	Time  0.030 ( 0.037)	Loss 8.5276e-02 (1.0742e-01)	Acc pseudo  95.31 ( 95.87)	Lr 1.000e-03 (1.000e-03)
2026-01-27 07:57:33,617 - INFO: Epoch: [1][450/582]	Time  0.050 ( 0.038)	Loss 1.4340e-01 (1.0676e-01)	Acc pseudo  92.19 ( 95.89)	Lr 1.000e-03 (1.000e-03)
2026-01-27 07:57:38,389 - INFO: Epoch: [1][500/582]	Time  0.028 ( 0.038)	Loss 3.0203e-02 (1.0701e-01)	Acc pseudo 100.00 ( 95.91)	Lr 1.000e-03 (1.000e-03)
2026-01-27 07:57:43,073 - INFO: Epoch: [1][550/582]	Time  0.040 ( 0.037)	Loss 8.7999e-02 (1.0597e-01)	Acc pseudo  95.31 ( 95.96)	Lr 1.000e-03 (1.000e-03)
2026-01-27 07:57:46,056 - INFO: Round 7, Face Fine-tune Epoch 1: loss=0.1058, acc(pseudo)=95.94%
2026-01-27 07:58:47,162 - INFO: Round 7, Face Fine-tune Epoch 1: acc(valid_pseudo): 0.9824, acc: 0.8802
2026-01-27 07:58:49,063 - INFO: Epoch: [2][  0/582]	Time  0.498 ( 0.498)	Loss 1.3436e-01 (1.3436e-01)	Acc pseudo  93.75 ( 93.75)	Lr 1.000e-03 (1.000e-03)
2026-01-27 07:58:53,739 - INFO: Epoch: [2][ 50/582]	Time  0.030 ( 0.042)	Loss 8.0459e-02 (9.4931e-02)	Acc pseudo  93.75 ( 96.20)	Lr 1.000e-03 (1.000e-03)
2026-01-27 07:58:58,419 - INFO: Epoch: [2][100/582]	Time  0.032 ( 0.036)	Loss 4.4811e-02 (9.8901e-02)	Acc pseudo  96.88 ( 96.04)	Lr 1.000e-03 (1.000e-03)
2026-01-27 07:59:03,103 - INFO: Epoch: [2][150/582]	Time  0.028 ( 0.034)	Loss 4.9195e-02 (9.9536e-02)	Acc pseudo  96.88 ( 96.15)	Lr 1.000e-03 (1.000e-03)
2026-01-27 07:59:07,789 - INFO: Epoch: [2][200/582]	Time  0.029 ( 0.033)	Loss 3.2750e-02 (1.0237e-01)	Acc pseudo 100.00 ( 96.08)	Lr 1.000e-03 (1.000e-03)
2026-01-27 07:59:12,476 - INFO: Epoch: [2][250/582]	Time  0.030 ( 0.032)	Loss 5.0150e-02 (1.0097e-01)	Acc pseudo  98.44 ( 96.03)	Lr 1.000e-03 (1.000e-03)
2026-01-27 07:59:17,165 - INFO: Epoch: [2][300/582]	Time  0.028 ( 0.032)	Loss 6.5336e-02 (1.0255e-01)	Acc pseudo  95.31 ( 96.10)	Lr 1.000e-03 (1.000e-03)
2026-01-27 07:59:21,851 - INFO: Epoch: [2][350/582]	Time  0.029 ( 0.031)	Loss 1.3277e-01 (1.0220e-01)	Acc pseudo  95.31 ( 96.14)	Lr 1.000e-03 (1.000e-03)
2026-01-27 07:59:26,538 - INFO: Epoch: [2][400/582]	Time  0.032 ( 0.031)	Loss 1.0186e-01 (1.0012e-01)	Acc pseudo  95.31 ( 96.19)	Lr 1.000e-03 (1.000e-03)
2026-01-27 07:59:31,229 - INFO: Epoch: [2][450/582]	Time  0.029 ( 0.031)	Loss 1.2214e-01 (1.0184e-01)	Acc pseudo  93.75 ( 96.13)	Lr 1.000e-03 (1.000e-03)
2026-01-27 07:59:35,915 - INFO: Epoch: [2][500/582]	Time  0.030 ( 0.031)	Loss 1.1001e-01 (1.0425e-01)	Acc pseudo  95.31 ( 96.09)	Lr 1.000e-03 (1.000e-03)
2026-01-27 07:59:40,615 - INFO: Epoch: [2][550/582]	Time  0.044 ( 0.032)	Loss 1.7308e-01 (1.0436e-01)	Acc pseudo  95.31 ( 96.07)	Lr 1.000e-03 (1.000e-03)
2026-01-27 07:59:43,609 - INFO: Round 7, Face Fine-tune Epoch 2: loss=0.1058, acc(pseudo)=96.03%
2026-01-27 08:00:44,385 - INFO: Round 7, Face Fine-tune Epoch 2: acc(valid_pseudo): 0.9810, acc: 0.8841
2026-01-27 08:00:44,385 - INFO: Round 7, Face Fine-tune Epoch 2: No improvement. Patience(epoch): 1/3
2026-01-27 08:00:44,909 - INFO: Epoch: [3][  0/582]	Time  0.478 ( 0.478)	Loss 1.1047e-01 (1.1047e-01)	Acc pseudo  93.75 ( 93.75)	Lr 1.000e-03 (1.000e-03)
2026-01-27 08:00:49,594 - INFO: Epoch: [3][ 50/582]	Time  0.029 ( 0.042)	Loss 1.0950e-01 (1.0304e-01)	Acc pseudo  92.19 ( 95.62)	Lr 1.000e-03 (1.000e-03)
2026-01-27 08:00:54,278 - INFO: Epoch: [3][100/582]	Time  0.028 ( 0.036)	Loss 5.2081e-02 (9.6407e-02)	Acc pseudo  96.88 ( 96.02)	Lr 1.000e-03 (1.000e-03)
2026-01-27 08:00:59,034 - INFO: Epoch: [3][150/582]	Time  0.027 ( 0.034)	Loss 1.3749e-01 (1.0099e-01)	Acc pseudo  96.88 ( 96.02)	Lr 1.000e-03 (1.000e-03)
2026-01-27 08:01:03,731 - INFO: Epoch: [3][200/582]	Time  0.044 ( 0.035)	Loss 4.3072e-01 (1.0563e-01)	Acc pseudo  90.62 ( 96.03)	Lr 1.000e-03 (1.000e-03)
2026-01-27 08:01:08,426 - INFO: Epoch: [3][250/582]	Time  0.029 ( 0.035)	Loss 1.9038e-01 (1.0657e-01)	Acc pseudo  92.19 ( 96.02)	Lr 1.000e-03 (1.000e-03)
2026-01-27 08:01:13,117 - INFO: Epoch: [3][300/582]	Time  0.032 ( 0.034)	Loss 3.6979e-02 (1.0662e-01)	Acc pseudo  96.88 ( 96.01)	Lr 1.000e-03 (1.000e-03)
2026-01-27 08:01:17,809 - INFO: Epoch: [3][350/582]	Time  0.031 ( 0.034)	Loss 2.4687e-02 (1.0678e-01)	Acc pseudo  98.44 ( 96.04)	Lr 1.000e-03 (1.000e-03)
2026-01-27 08:01:22,497 - INFO: Epoch: [3][400/582]	Time  0.028 ( 0.033)	Loss 9.0044e-02 (1.0542e-01)	Acc pseudo  96.88 ( 96.02)	Lr 1.000e-03 (1.000e-03)
2026-01-27 08:01:27,187 - INFO: Epoch: [3][450/582]	Time  0.031 ( 0.033)	Loss 8.1888e-02 (1.0702e-01)	Acc pseudo  95.31 ( 96.01)	Lr 1.000e-03 (1.000e-03)
2026-01-27 08:01:31,877 - INFO: Epoch: [3][500/582]	Time  0.028 ( 0.032)	Loss 8.5233e-02 (1.0669e-01)	Acc pseudo  96.88 ( 96.01)	Lr 1.000e-03 (1.000e-03)
2026-01-27 08:01:36,568 - INFO: Epoch: [3][550/582]	Time  0.028 ( 0.032)	Loss 6.1383e-02 (1.0605e-01)	Acc pseudo  96.88 ( 95.99)	Lr 1.000e-03 (1.000e-03)
2026-01-27 08:01:39,554 - INFO: Round 7, Face Fine-tune Epoch 3: loss=0.1061, acc(pseudo)=96.00%
2026-01-27 08:02:40,135 - INFO: Round 7, Face Fine-tune Epoch 3: acc(valid_pseudo): 0.9821, acc: 0.8851
2026-01-27 08:02:40,135 - INFO: Round 7, Face Fine-tune Epoch 3: No improvement. Patience(epoch): 2/3
2026-01-27 08:02:40,728 - INFO: Epoch: [4][  0/582]	Time  0.544 ( 0.544)	Loss 9.5058e-02 (9.5058e-02)	Acc pseudo  95.31 ( 95.31)	Lr 1.000e-03 (1.000e-03)
2026-01-27 08:02:45,415 - INFO: Epoch: [4][ 50/582]	Time  0.029 ( 0.043)	Loss 1.2421e-01 (8.8536e-02)	Acc pseudo  95.31 ( 95.96)	Lr 1.000e-03 (1.000e-03)
2026-01-27 08:02:50,102 - INFO: Epoch: [4][100/582]	Time  0.031 ( 0.036)	Loss 8.4958e-02 (8.5240e-02)	Acc pseudo  96.88 ( 96.35)	Lr 1.000e-03 (1.000e-03)
2026-01-27 08:02:54,793 - INFO: Epoch: [4][150/582]	Time  0.045 ( 0.036)	Loss 3.1090e-02 (9.5193e-02)	Acc pseudo 100.00 ( 96.07)	Lr 1.000e-03 (1.000e-03)
2026-01-27 08:02:59,486 - INFO: Epoch: [4][200/582]	Time  0.044 ( 0.036)	Loss 7.3280e-01 (9.6847e-02)	Acc pseudo  93.75 ( 96.19)	Lr 1.000e-03 (1.000e-03)
2026-01-27 08:03:04,178 - INFO: Epoch: [4][250/582]	Time  0.031 ( 0.035)	Loss 4.3249e-02 (9.9363e-02)	Acc pseudo  98.44 ( 96.17)	Lr 1.000e-03 (1.000e-03)
2026-01-27 08:03:08,869 - INFO: Epoch: [4][300/582]	Time  0.029 ( 0.034)	Loss 3.7776e-02 (1.0029e-01)	Acc pseudo  98.44 ( 96.22)	Lr 1.000e-03 (1.000e-03)
2026-01-27 08:03:13,604 - INFO: Epoch: [4][350/582]	Time  0.042 ( 0.034)	Loss 3.6959e-02 (1.0069e-01)	Acc pseudo  98.44 ( 96.20)	Lr 1.000e-03 (1.000e-03)
2026-01-27 08:03:18,295 - INFO: Epoch: [4][400/582]	Time  0.031 ( 0.033)	Loss 3.2914e-01 (1.0026e-01)	Acc pseudo  95.31 ( 96.21)	Lr 1.000e-03 (1.000e-03)
2026-01-27 08:03:22,988 - INFO: Epoch: [4][450/582]	Time  0.029 ( 0.033)	Loss 8.4686e-02 (9.9008e-02)	Acc pseudo  98.44 ( 96.17)	Lr 1.000e-03 (1.000e-03)
2026-01-27 08:03:27,680 - INFO: Epoch: [4][500/582]	Time  0.041 ( 0.033)	Loss 7.2988e-02 (9.8775e-02)	Acc pseudo  95.31 ( 96.19)	Lr 1.000e-03 (1.000e-03)
2026-01-27 08:03:32,374 - INFO: Epoch: [4][550/582]	Time  0.030 ( 0.033)	Loss 7.8588e-02 (9.9047e-02)	Acc pseudo  96.88 ( 96.15)	Lr 1.000e-03 (1.000e-03)
2026-01-27 08:03:35,385 - INFO: Round 7, Face Fine-tune Epoch 4: loss=0.0980, acc(pseudo)=96.18%
2026-01-27 08:04:38,549 - INFO: Round 7, Face Fine-tune Epoch 4: acc(valid_pseudo): 0.9845, acc: 0.8822
2026-01-27 08:04:40,402 - INFO: Epoch: [5][  0/582]	Time  0.493 ( 0.493)	Loss 7.6560e-02 (7.6560e-02)	Acc pseudo  95.31 ( 95.31)	Lr 1.000e-03 (1.000e-03)
2026-01-27 08:04:45,084 - INFO: Epoch: [5][ 50/582]	Time  0.036 ( 0.041)	Loss 3.5294e-02 (1.0110e-01)	Acc pseudo  98.44 ( 96.35)	Lr 1.000e-03 (1.000e-03)
2026-01-27 08:04:49,780 - INFO: Epoch: [5][100/582]	Time  0.047 ( 0.042)	Loss 8.8785e-02 (9.4950e-02)	Acc pseudo  95.31 ( 96.30)	Lr 1.000e-03 (1.000e-03)
2026-01-27 08:04:54,474 - INFO: Epoch: [5][150/582]	Time  0.028 ( 0.039)	Loss 6.0690e-02 (8.7043e-02)	Acc pseudo  98.44 ( 96.54)	Lr 1.000e-03 (1.000e-03)
2026-01-27 08:04:59,167 - INFO: Epoch: [5][200/582]	Time  0.030 ( 0.038)	Loss 8.4144e-02 (8.5909e-02)	Acc pseudo  96.88 ( 96.57)	Lr 1.000e-03 (1.000e-03)
2026-01-27 08:05:03,863 - INFO: Epoch: [5][250/582]	Time  0.044 ( 0.037)	Loss 9.2315e-02 (9.4622e-02)	Acc pseudo  95.31 ( 96.48)	Lr 1.000e-03 (1.000e-03)
2026-01-27 08:05:08,556 - INFO: Epoch: [5][300/582]	Time  0.029 ( 0.036)	Loss 1.7937e-02 (9.5488e-02)	Acc pseudo 100.00 ( 96.35)	Lr 1.000e-03 (1.000e-03)
2026-01-27 08:05:13,250 - INFO: Epoch: [5][350/582]	Time  0.030 ( 0.035)	Loss 3.2201e-02 (9.7731e-02)	Acc pseudo 100.00 ( 96.29)	Lr 1.000e-03 (1.000e-03)
2026-01-27 08:05:18,056 - INFO: Epoch: [5][400/582]	Time  0.027 ( 0.035)	Loss 1.3697e-01 (9.7724e-02)	Acc pseudo  90.62 ( 96.27)	Lr 1.000e-03 (1.000e-03)
2026-01-27 08:05:22,805 - INFO: Epoch: [5][450/582]	Time  0.028 ( 0.034)	Loss 3.0265e-01 (9.6693e-02)	Acc pseudo  96.88 ( 96.29)	Lr 1.000e-03 (1.000e-03)
2026-01-27 08:05:27,498 - INFO: Epoch: [5][500/582]	Time  0.028 ( 0.034)	Loss 6.4161e-02 (9.6920e-02)	Acc pseudo  93.75 ( 96.26)	Lr 1.000e-03 (1.000e-03)
2026-01-27 08:05:32,191 - INFO: Epoch: [5][550/582]	Time  0.028 ( 0.033)	Loss 6.6427e-02 (9.6917e-02)	Acc pseudo  98.44 ( 96.23)	Lr 1.000e-03 (1.000e-03)
2026-01-27 08:05:35,193 - INFO: Round 7, Face Fine-tune Epoch 5: loss=0.0971, acc(pseudo)=96.21%
2026-01-27 08:06:34,798 - INFO: Round 7, Face Fine-tune Epoch 5: acc(valid_pseudo): 0.9843, acc: 0.8841
2026-01-27 08:06:34,799 - INFO: Round 7, Face Fine-tune Epoch 5: No improvement. Patience(epoch): 1/3
2026-01-27 08:06:35,388 - INFO: Epoch: [6][  0/582]	Time  0.537 ( 0.537)	Loss 2.5259e-02 (2.5259e-02)	Acc pseudo 100.00 (100.00)	Lr 1.000e-03 (1.000e-03)
2026-01-27 08:06:40,077 - INFO: Epoch: [6][ 50/582]	Time  0.029 ( 0.043)	Loss 1.8862e-01 (1.1800e-01)	Acc pseudo  93.75 ( 96.35)	Lr 1.000e-03 (1.000e-03)
2026-01-27 08:06:44,855 - INFO: Epoch: [6][100/582]	Time  0.031 ( 0.037)	Loss 6.7083e-02 (1.0081e-01)	Acc pseudo  96.88 ( 96.47)	Lr 1.000e-03 (1.000e-03)
2026-01-27 08:06:49,604 - INFO: Epoch: [6][150/582]	Time  0.030 ( 0.036)	Loss 2.1184e-01 (9.4182e-02)	Acc pseudo  92.19 ( 96.51)	Lr 1.000e-03 (1.000e-03)
2026-01-27 08:06:54,297 - INFO: Epoch: [6][200/582]	Time  0.031 ( 0.034)	Loss 1.4143e-01 (9.0267e-02)	Acc pseudo  89.06 ( 96.56)	Lr 1.000e-03 (1.000e-03)
2026-01-27 08:06:58,991 - INFO: Epoch: [6][250/582]	Time  0.030 ( 0.033)	Loss 3.2900e-02 (8.9858e-02)	Acc pseudo 100.00 ( 96.62)	Lr 1.000e-03 (1.000e-03)
2026-01-27 08:07:03,687 - INFO: Epoch: [6][300/582]	Time  0.029 ( 0.033)	Loss 4.1718e-02 (9.0514e-02)	Acc pseudo  96.88 ( 96.68)	Lr 1.000e-03 (1.000e-03)
2026-01-27 08:07:08,384 - INFO: Epoch: [6][350/582]	Time  0.030 ( 0.033)	Loss 8.3144e-02 (9.2020e-02)	Acc pseudo  96.88 ( 96.57)	Lr 1.000e-03 (1.000e-03)
2026-01-27 08:07:13,086 - INFO: Epoch: [6][400/582]	Time  0.045 ( 0.033)	Loss 1.0383e-01 (8.9236e-02)	Acc pseudo  96.88 ( 96.61)	Lr 1.000e-03 (1.000e-03)
2026-01-27 08:07:17,796 - INFO: Epoch: [6][450/582]	Time  0.032 ( 0.033)	Loss 1.1584e-01 (9.4190e-02)	Acc pseudo  95.31 ( 96.51)	Lr 1.000e-03 (1.000e-03)
2026-01-27 08:07:22,496 - INFO: Epoch: [6][500/582]	Time  0.032 ( 0.034)	Loss 1.3255e-01 (9.5461e-02)	Acc pseudo  93.75 ( 96.48)	Lr 1.000e-03 (1.000e-03)
2026-01-27 08:07:27,194 - INFO: Epoch: [6][550/582]	Time  0.029 ( 0.033)	Loss 1.8621e-01 (9.4778e-02)	Acc pseudo  90.62 ( 96.44)	Lr 1.000e-03 (1.000e-03)
2026-01-27 08:07:30,204 - INFO: Round 7, Face Fine-tune Epoch 6: loss=0.0943, acc(pseudo)=96.44%
2026-01-27 08:08:31,662 - INFO: Round 7, Face Fine-tune Epoch 6: acc(valid_pseudo): 0.9851, acc: 0.8822
2026-01-27 08:08:33,621 - INFO: Epoch: [7][  0/582]	Time  0.540 ( 0.540)	Loss 9.0941e-02 (9.0941e-02)	Acc pseudo  96.88 ( 96.88)	Lr 1.000e-03 (1.000e-03)
2026-01-27 08:08:38,303 - INFO: Epoch: [7][ 50/582]	Time  0.031 ( 0.041)	Loss 1.4066e-01 (9.9074e-02)	Acc pseudo  96.88 ( 96.38)	Lr 1.000e-03 (1.000e-03)
2026-01-27 08:08:42,989 - INFO: Epoch: [7][100/582]	Time  0.030 ( 0.035)	Loss 7.9621e-02 (9.9157e-02)	Acc pseudo  96.88 ( 95.98)	Lr 1.000e-03 (1.000e-03)
2026-01-27 08:08:47,686 - INFO: Epoch: [7][150/582]	Time  0.030 ( 0.037)	Loss 1.2643e-01 (9.4406e-02)	Acc pseudo  92.19 ( 96.07)	Lr 1.000e-03 (1.000e-03)
2026-01-27 08:08:52,378 - INFO: Epoch: [7][200/582]	Time  0.029 ( 0.035)	Loss 4.6069e-02 (9.2036e-02)	Acc pseudo  96.88 ( 96.18)	Lr 1.000e-03 (1.000e-03)
2026-01-27 08:08:57,075 - INFO: Epoch: [7][250/582]	Time  0.041 ( 0.035)	Loss 2.4588e-02 (9.3871e-02)	Acc pseudo 100.00 ( 96.19)	Lr 1.000e-03 (1.000e-03)
2026-01-27 08:09:01,772 - INFO: Epoch: [7][300/582]	Time  0.035 ( 0.035)	Loss 5.7777e-02 (9.0966e-02)	Acc pseudo  95.31 ( 96.31)	Lr 1.000e-03 (1.000e-03)
2026-01-27 08:09:06,477 - INFO: Epoch: [7][350/582]	Time  0.030 ( 0.036)	Loss 8.6839e-02 (9.1869e-02)	Acc pseudo  96.88 ( 96.34)	Lr 1.000e-03 (1.000e-03)
2026-01-27 08:09:11,174 - INFO: Epoch: [7][400/582]	Time  0.029 ( 0.035)	Loss 6.1213e-02 (9.0832e-02)	Acc pseudo  96.88 ( 96.34)	Lr 1.000e-03 (1.000e-03)
2026-01-27 08:09:15,871 - INFO: Epoch: [7][450/582]	Time  0.029 ( 0.035)	Loss 5.8112e-02 (9.2817e-02)	Acc pseudo  95.31 ( 96.30)	Lr 1.000e-03 (1.000e-03)
2026-01-27 08:09:20,566 - INFO: Epoch: [7][500/582]	Time  0.028 ( 0.034)	Loss 5.6839e-02 (9.3059e-02)	Acc pseudo  98.44 ( 96.36)	Lr 1.000e-03 (1.000e-03)
2026-01-27 08:09:25,261 - INFO: Epoch: [7][550/582]	Time  0.028 ( 0.034)	Loss 6.6928e-02 (9.4300e-02)	Acc pseudo  96.88 ( 96.31)	Lr 1.000e-03 (1.000e-03)
2026-01-27 08:09:28,290 - INFO: Round 7, Face Fine-tune Epoch 7: loss=0.0947, acc(pseudo)=96.31%
2026-01-27 08:10:28,195 - INFO: Round 7, Face Fine-tune Epoch 7: acc(valid_pseudo): 0.9846, acc: 0.8822
2026-01-27 08:10:28,195 - INFO: Round 7, Face Fine-tune Epoch 7: No improvement. Patience(epoch): 1/3
2026-01-27 08:10:28,949 - INFO: Epoch: [8][  0/582]	Time  0.714 ( 0.714)	Loss 8.2894e-02 (8.2894e-02)	Acc pseudo  96.88 ( 96.88)	Lr 1.000e-03 (1.000e-03)
2026-01-27 08:10:33,649 - INFO: Epoch: [8][ 50/582]	Time  0.047 ( 0.060)	Loss 1.7844e-02 (8.2716e-02)	Acc pseudo 100.00 ( 96.29)	Lr 1.000e-03 (1.000e-03)
2026-01-27 08:10:38,350 - INFO: Epoch: [8][100/582]	Time  0.044 ( 0.052)	Loss 7.9405e-02 (8.4000e-02)	Acc pseudo  93.75 ( 96.41)	Lr 1.000e-03 (1.000e-03)
2026-01-27 08:10:43,052 - INFO: Epoch: [8][150/582]	Time  0.044 ( 0.050)	Loss 1.3268e-01 (8.6279e-02)	Acc pseudo  93.75 ( 96.39)	Lr 1.000e-03 (1.000e-03)
2026-01-27 08:10:47,757 - INFO: Epoch: [8][200/582]	Time  0.029 ( 0.048)	Loss 4.4112e-02 (8.8684e-02)	Acc pseudo  98.44 ( 96.39)	Lr 1.000e-03 (1.000e-03)
2026-01-27 08:10:52,455 - INFO: Epoch: [8][250/582]	Time  0.032 ( 0.045)	Loss 1.0335e-01 (9.2061e-02)	Acc pseudo  93.75 ( 96.26)	Lr 1.000e-03 (1.000e-03)
2026-01-27 08:10:57,155 - INFO: Epoch: [8][300/582]	Time  0.027 ( 0.043)	Loss 2.1891e-01 (9.4778e-02)	Acc pseudo  89.06 ( 96.19)	Lr 1.000e-03 (1.000e-03)
2026-01-27 08:11:01,856 - INFO: Epoch: [8][350/582]	Time  0.049 ( 0.042)	Loss 5.0953e-02 (9.2975e-02)	Acc pseudo  98.44 ( 96.28)	Lr 1.000e-03 (1.000e-03)
2026-01-27 08:11:06,559 - INFO: Epoch: [8][400/582]	Time  0.031 ( 0.042)	Loss 8.8230e-02 (9.3784e-02)	Acc pseudo  98.44 ( 96.26)	Lr 1.000e-03 (1.000e-03)
2026-01-27 08:11:11,257 - INFO: Epoch: [8][450/582]	Time  0.042 ( 0.040)	Loss 3.7178e-02 (9.5488e-02)	Acc pseudo  98.44 ( 96.24)	Lr 1.000e-03 (1.000e-03)
2026-01-27 08:11:15,954 - INFO: Epoch: [8][500/582]	Time  0.030 ( 0.039)	Loss 1.2420e-01 (9.7591e-02)	Acc pseudo  98.44 ( 96.22)	Lr 1.000e-03 (1.000e-03)
2026-01-27 08:11:20,653 - INFO: Epoch: [8][550/582]	Time  0.031 ( 0.039)	Loss 1.3343e-01 (9.8232e-02)	Acc pseudo  96.88 ( 96.16)	Lr 1.000e-03 (1.000e-03)
2026-01-27 08:11:23,644 - INFO: Round 7, Face Fine-tune Epoch 8: loss=0.0991, acc(pseudo)=96.14%
2026-01-27 08:12:24,915 - INFO: Round 7, Face Fine-tune Epoch 8: acc(valid_pseudo): 0.9835, acc: 0.8812
2026-01-27 08:12:24,915 - INFO: Round 7, Face Fine-tune Epoch 8: No improvement. Patience(epoch): 2/3
2026-01-27 08:12:26,011 - INFO: Epoch: [9][  0/582]	Time  1.046 ( 1.046)	Loss 1.2325e-01 (1.2325e-01)	Acc pseudo  96.88 ( 96.88)	Lr 1.000e-03 (1.000e-03)
2026-01-27 08:12:30,697 - INFO: Epoch: [9][ 50/582]	Time  0.029 ( 0.054)	Loss 1.5091e-02 (8.2801e-02)	Acc pseudo 100.00 ( 96.66)	Lr 1.000e-03 (1.000e-03)
2026-01-27 08:12:35,382 - INFO: Epoch: [9][100/582]	Time  0.031 ( 0.042)	Loss 3.3250e-02 (8.5161e-02)	Acc pseudo  96.88 ( 96.38)	Lr 1.000e-03 (1.000e-03)
2026-01-27 08:12:40,069 - INFO: Epoch: [9][150/582]	Time  0.030 ( 0.038)	Loss 9.4783e-02 (9.1504e-02)	Acc pseudo  95.31 ( 96.06)	Lr 1.000e-03 (1.000e-03)
2026-01-27 08:12:44,765 - INFO: Epoch: [9][200/582]	Time  0.031 ( 0.037)	Loss 4.7703e-02 (9.3568e-02)	Acc pseudo  96.88 ( 96.04)	Lr 1.000e-03 (1.000e-03)
2026-01-27 08:12:49,458 - INFO: Epoch: [9][250/582]	Time  0.027 ( 0.035)	Loss 4.0495e-02 (9.4055e-02)	Acc pseudo  98.44 ( 96.07)	Lr 1.000e-03 (1.000e-03)
2026-01-27 08:12:54,155 - INFO: Epoch: [9][300/582]	Time  0.029 ( 0.034)	Loss 1.0696e-02 (9.2851e-02)	Acc pseudo 100.00 ( 96.12)	Lr 1.000e-03 (1.000e-03)
2026-01-27 08:12:58,848 - INFO: Epoch: [9][350/582]	Time  0.029 ( 0.033)	Loss 2.1815e-01 (9.4859e-02)	Acc pseudo  87.50 ( 96.07)	Lr 1.000e-03 (1.000e-03)
2026-01-27 08:13:03,542 - INFO: Epoch: [9][400/582]	Time  0.029 ( 0.033)	Loss 1.0341e-01 (9.4609e-02)	Acc pseudo  93.75 ( 96.07)	Lr 1.000e-03 (1.000e-03)
2026-01-27 08:13:08,237 - INFO: Epoch: [9][450/582]	Time  0.028 ( 0.032)	Loss 6.6152e-02 (9.5552e-02)	Acc pseudo  96.88 ( 95.99)	Lr 1.000e-03 (1.000e-03)
2026-01-27 08:13:12,943 - INFO: Epoch: [9][500/582]	Time  0.030 ( 0.032)	Loss 9.6711e-02 (9.6384e-02)	Acc pseudo  95.31 ( 96.00)	Lr 1.000e-03 (1.000e-03)
2026-01-27 08:13:17,682 - INFO: Epoch: [9][550/582]	Time  0.028 ( 0.032)	Loss 1.6915e-01 (9.8881e-02)	Acc pseudo  96.88 ( 95.95)	Lr 1.000e-03 (1.000e-03)
2026-01-27 08:13:20,699 - INFO: Round 7, Face Fine-tune Epoch 9: loss=0.0983, acc(pseudo)=95.94%
2026-01-27 08:14:21,973 - INFO: Round 7, Face Fine-tune Epoch 9: acc(valid_pseudo): 0.9841, acc: 0.8783
2026-01-27 08:14:21,973 - INFO: Round 7, Face Fine-tune Epoch 9: No improvement. Patience(epoch): 3/3
2026-01-27 08:14:21,973 - INFO: Early stopping at face epoch 9
2026-01-27 08:14:21,974 - INFO: Round 7: Best face fine-tuned epoch=6, acc(valid_pseudo)=0.9851
2026-01-27 08:14:22,109 - INFO: Using HMM model from previous round: runs/I love my family/exp_video_overlap/result/self_supervised/exp0/round6/pseudo_label/hmm_params.pkl
2026-01-27 09:38:55,834 - INFO: Round 7: speaker_acc=0.8625
2026-01-27 09:38:55,842 - INFO: Round 7: face_acc=0.8851
2026-01-27 09:38:55,845 - INFO: ====================
2026-01-27 09:38:55,846 - INFO: Round 8: Fine-tuning iteration
2026-01-27 09:38:55,846 - INFO: ====================
2026-01-27 09:38:55,903 - INFO: Round 8 Part 1: Fine-tuning embedding model
2026-01-27 09:38:55,904 - INFO: Using pseudo-label file: runs/I love my family/exp_video_overlap/result/self_supervised/exp0/round7/pseudo_label/pseudo_labels_audio_nested_hmm_full(unreliable_pp=100.0).json
2026-01-27 09:38:56,072 - INFO: For training, Using face pseudo-label file: runs/I love my family/exp_video_overlap/result/self_supervised/exp0/round7/pseudo_label/pseudo_labels_faces_mid_frame_train_nested_hmm_full.json
2026-01-27 09:38:56,072 - INFO: For infering, Using face pseudo-label file: runs/I love my family/exp_video_overlap/result/self_supervised/exp0/round7/pseudo_label/pseudo_labels_faces_mid_frame_all_nested_hmm_full.json
2026-01-27 09:38:56,260 - INFO: Created face dataloader with 37219 samples
2026-01-27 09:38:56,276 - INFO: Fine-tuning speaker embedding model for 20 epochs...
2026-01-27 09:38:57,249 - INFO: Epoch: [0][  0/301]	Time  0.913 ( 0.913)	Loss 2.0208e-01 (2.0208e-01)	Acc pseudo  92.19 ( 92.19)	Lr 1.000e-03 (1.000e-03)
2026-01-27 09:38:57,459 - INFO: Epoch: [0][ 50/301]	Time  0.003 ( 0.022)	Loss 5.1231e-01 (3.7221e-01)	Acc pseudo  82.81 ( 88.91)	Lr 1.000e-03 (1.000e-03)
2026-01-27 09:38:57,637 - INFO: Epoch: [0][100/301]	Time  0.003 ( 0.013)	Loss 2.3613e-01 (4.1130e-01)	Acc pseudo  92.19 ( 88.46)	Lr 1.000e-03 (1.000e-03)
2026-01-27 09:38:57,808 - INFO: Epoch: [0][150/301]	Time  0.003 ( 0.010)	Loss 4.0094e-01 (4.1946e-01)	Acc pseudo  87.50 ( 87.99)	Lr 1.000e-03 (1.000e-03)
2026-01-27 09:38:57,976 - INFO: Epoch: [0][200/301]	Time  0.003 ( 0.008)	Loss 3.2274e-01 (4.2525e-01)	Acc pseudo  90.62 ( 88.02)	Lr 1.000e-03 (1.000e-03)
2026-01-27 09:38:58,141 - INFO: Epoch: [0][250/301]	Time  0.003 ( 0.007)	Loss 8.5310e-01 (4.3056e-01)	Acc pseudo  89.06 ( 87.92)	Lr 1.000e-03 (1.000e-03)
2026-01-27 09:38:58,298 - INFO: Epoch: [0][300/301]	Time  0.003 ( 0.006)	Loss 1.6173e-01 (4.2599e-01)	Acc pseudo  92.00 ( 87.87)	Lr 1.000e-03 (1.000e-03)
2026-01-27 09:38:58,399 - INFO: Round 8, Fine-tune Epoch 0: loss=0.4260, acc(pseudo)=87.87%
2026-01-27 09:39:06,857 - INFO: Round 8, Fine-tune Epoch 0: acc(valid_pseudo): 0.9782, acc: 0.8635
2026-01-27 09:39:07,670 - INFO: Epoch: [1][  0/301]	Time  0.260 ( 0.260)	Loss 2.2717e-01 (2.2717e-01)	Acc pseudo  93.75 ( 93.75)	Lr 1.000e-03 (1.000e-03)
2026-01-27 09:39:07,861 - INFO: Epoch: [1][ 50/301]	Time  0.003 ( 0.009)	Loss 3.0963e-01 (3.4595e-01)	Acc pseudo  92.19 ( 89.58)	Lr 1.000e-03 (1.000e-03)
2026-01-27 09:39:08,029 - INFO: Epoch: [1][100/301]	Time  0.003 ( 0.006)	Loss 3.8911e-01 (3.5280e-01)	Acc pseudo  92.19 ( 89.17)	Lr 1.000e-03 (1.000e-03)
2026-01-27 09:39:08,198 - INFO: Epoch: [1][150/301]	Time  0.003 ( 0.005)	Loss 3.1442e-01 (3.5977e-01)	Acc pseudo  87.50 ( 89.25)	Lr 1.000e-03 (1.000e-03)
2026-01-27 09:39:08,367 - INFO: Epoch: [1][200/301]	Time  0.003 ( 0.005)	Loss 5.6664e-01 (3.6011e-01)	Acc pseudo  82.81 ( 89.05)	Lr 1.000e-03 (1.000e-03)
2026-01-27 09:39:08,539 - INFO: Epoch: [1][250/301]	Time  0.004 ( 0.004)	Loss 2.7996e-01 (3.5854e-01)	Acc pseudo  89.06 ( 88.96)	Lr 1.000e-03 (1.000e-03)
2026-01-27 09:39:08,703 - INFO: Epoch: [1][300/301]	Time  0.003 ( 0.004)	Loss 3.3625e-01 (3.6235e-01)	Acc pseudo  84.00 ( 88.86)	Lr 1.000e-03 (1.000e-03)
2026-01-27 09:39:08,783 - INFO: Round 8, Fine-tune Epoch 1: loss=0.3624, acc(pseudo)=88.86%
2026-01-27 09:39:16,405 - INFO: Round 8, Fine-tune Epoch 1: acc(valid_pseudo): 0.9612, acc: 0.8385
2026-01-27 09:39:16,405 - INFO: Round 8, Speaker Fine-tune Epoch 1: No improvement in validation accuracy. Patience(epoch): 1/3
2026-01-27 09:39:16,648 - INFO: Epoch: [2][  0/301]	Time  0.238 ( 0.238)	Loss 8.1071e-01 (8.1071e-01)	Acc pseudo  81.25 ( 81.25)	Lr 1.000e-03 (1.000e-03)
2026-01-27 09:39:16,836 - INFO: Epoch: [2][ 50/301]	Time  0.003 ( 0.008)	Loss 1.2596e-01 (3.3910e-01)	Acc pseudo  93.75 ( 88.91)	Lr 1.000e-03 (1.000e-03)
2026-01-27 09:39:17,011 - INFO: Epoch: [2][100/301]	Time  0.003 ( 0.006)	Loss 3.2928e-01 (3.3488e-01)	Acc pseudo  87.50 ( 89.65)	Lr 1.000e-03 (1.000e-03)
2026-01-27 09:39:17,176 - INFO: Epoch: [2][150/301]	Time  0.003 ( 0.005)	Loss 4.2356e-01 (3.2851e-01)	Acc pseudo  89.06 ( 89.72)	Lr 1.000e-03 (1.000e-03)
2026-01-27 09:39:17,343 - INFO: Epoch: [2][200/301]	Time  0.003 ( 0.005)	Loss 2.7540e-01 (3.3165e-01)	Acc pseudo  93.75 ( 89.49)	Lr 1.000e-03 (1.000e-03)
2026-01-27 09:39:17,501 - INFO: Epoch: [2][250/301]	Time  0.003 ( 0.004)	Loss 2.3832e-01 (3.3898e-01)	Acc pseudo  92.19 ( 89.24)	Lr 1.000e-03 (1.000e-03)
2026-01-27 09:39:17,655 - INFO: Epoch: [2][300/301]	Time  0.002 ( 0.004)	Loss 2.7896e-01 (3.3926e-01)	Acc pseudo  92.00 ( 89.31)	Lr 1.000e-03 (1.000e-03)
2026-01-27 09:39:17,738 - INFO: Round 8, Fine-tune Epoch 2: loss=0.3393, acc(pseudo)=89.31%
2026-01-27 09:39:26,207 - INFO: Round 8, Fine-tune Epoch 2: acc(valid_pseudo): 0.9762, acc: 0.8475
2026-01-27 09:39:26,207 - INFO: Round 8, Speaker Fine-tune Epoch 2: No improvement in validation accuracy. Patience(epoch): 2/3
2026-01-27 09:39:26,471 - INFO: Epoch: [3][  0/301]	Time  0.258 ( 0.258)	Loss 5.2811e-01 (5.2811e-01)	Acc pseudo  79.69 ( 79.69)	Lr 1.000e-03 (1.000e-03)
2026-01-27 09:39:26,665 - INFO: Epoch: [3][ 50/301]	Time  0.003 ( 0.009)	Loss 6.1690e-01 (3.4410e-01)	Acc pseudo  85.94 ( 90.44)	Lr 1.000e-03 (1.000e-03)
2026-01-27 09:39:26,829 - INFO: Epoch: [3][100/301]	Time  0.003 ( 0.006)	Loss 2.2818e-01 (3.4165e-01)	Acc pseudo  92.19 ( 89.99)	Lr 1.000e-03 (1.000e-03)
2026-01-27 09:39:26,996 - INFO: Epoch: [3][150/301]	Time  0.003 ( 0.005)	Loss 2.3452e-01 (3.3276e-01)	Acc pseudo  96.88 ( 89.74)	Lr 1.000e-03 (1.000e-03)
2026-01-27 09:39:27,168 - INFO: Epoch: [3][200/301]	Time  0.003 ( 0.005)	Loss 2.0763e-01 (3.2651e-01)	Acc pseudo  95.31 ( 89.89)	Lr 1.000e-03 (1.000e-03)
2026-01-27 09:39:27,336 - INFO: Epoch: [3][250/301]	Time  0.003 ( 0.004)	Loss 2.2540e-01 (3.2483e-01)	Acc pseudo  92.19 ( 89.81)	Lr 1.000e-03 (1.000e-03)
2026-01-27 09:39:27,497 - INFO: Epoch: [3][300/301]	Time  0.003 ( 0.004)	Loss 1.8511e-01 (3.2869e-01)	Acc pseudo  96.00 ( 89.69)	Lr 1.000e-03 (1.000e-03)
2026-01-27 09:39:27,585 - INFO: Round 8, Fine-tune Epoch 3: loss=0.3287, acc(pseudo)=89.69%
2026-01-27 09:39:35,238 - INFO: Round 8, Fine-tune Epoch 3: acc(valid_pseudo): 0.9771, acc: 0.8495
2026-01-27 09:39:35,238 - INFO: Round 8, Speaker Fine-tune Epoch 3: No improvement in validation accuracy. Patience(epoch): 3/3
2026-01-27 09:39:35,238 - INFO: Early stopping at epoch 3 due to no improvement in validation accuracy for 3 epochs.
2026-01-27 09:39:35,240 - INFO: Round 8: Best speaker fine-tuned epoch=0, acc(valid_pseudo)=0.9782
2026-01-27 09:39:35,244 - INFO: Fine-tuning face embedding model for 20 epochs...
2026-01-27 09:39:36,431 - INFO: Epoch: [0][  0/582]	Time  1.161 ( 1.161)	Loss 1.9148e-03 (1.9148e-03)	Acc pseudo 100.00 (100.00)	Lr 1.000e-03 (1.000e-03)
2026-01-27 09:39:41,089 - INFO: Epoch: [0][ 50/582]	Time  0.048 ( 0.056)	Loss 2.2130e-01 (8.2513e-02)	Acc pseudo  96.88 ( 97.21)	Lr 1.000e-03 (1.000e-03)
2026-01-27 09:39:45,731 - INFO: Epoch: [0][100/582]	Time  0.034 ( 0.045)	Loss 1.3577e-01 (9.8564e-02)	Acc pseudo  95.31 ( 96.84)	Lr 1.000e-03 (1.000e-03)
2026-01-27 09:39:50,377 - INFO: Epoch: [0][150/582]	Time  0.030 ( 0.041)	Loss 1.2695e-01 (1.0853e-01)	Acc pseudo  90.62 ( 96.80)	Lr 1.000e-03 (1.000e-03)
2026-01-27 09:39:55,033 - INFO: Epoch: [0][200/582]	Time  0.035 ( 0.040)	Loss 5.1562e-02 (1.0781e-01)	Acc pseudo  96.88 ( 96.64)	Lr 1.000e-03 (1.000e-03)
2026-01-27 09:39:59,695 - INFO: Epoch: [0][250/582]	Time  0.029 ( 0.041)	Loss 2.9830e-01 (1.1068e-01)	Acc pseudo  95.31 ( 96.58)	Lr 1.000e-03 (1.000e-03)
2026-01-27 09:40:04,492 - INFO: Epoch: [0][300/582]	Time  0.041 ( 0.042)	Loss 2.2463e-02 (1.0968e-01)	Acc pseudo 100.00 ( 96.58)	Lr 1.000e-03 (1.000e-03)
2026-01-27 09:40:11,616 - INFO: Epoch: [0][350/582]	Time  0.406 ( 0.048)	Loss 6.0395e-02 (1.1151e-01)	Acc pseudo  96.88 ( 96.53)	Lr 1.000e-03 (1.000e-03)
2026-01-27 09:40:16,274 - INFO: Epoch: [0][400/582]	Time  0.032 ( 0.046)	Loss 6.8457e-02 (1.1018e-01)	Acc pseudo  98.44 ( 96.48)	Lr 1.000e-03 (1.000e-03)
2026-01-27 09:40:20,936 - INFO: Epoch: [0][450/582]	Time  0.032 ( 0.045)	Loss 5.8821e-02 (1.1141e-01)	Acc pseudo  98.44 ( 96.50)	Lr 1.000e-03 (1.000e-03)
2026-01-27 09:40:25,601 - INFO: Epoch: [0][500/582]	Time  0.032 ( 0.044)	Loss 2.1295e-01 (1.1102e-01)	Acc pseudo  92.19 ( 96.46)	Lr 1.000e-03 (1.000e-03)
2026-01-27 09:40:30,272 - INFO: Epoch: [0][550/582]	Time  0.031 ( 0.043)	Loss 1.1749e-01 (1.1219e-01)	Acc pseudo  92.19 ( 96.40)	Lr 1.000e-03 (1.000e-03)
2026-01-27 09:40:33,285 - INFO: Round 8, Face Fine-tune Epoch 0: loss=0.1122, acc(pseudo)=96.35%
2026-01-27 09:41:35,496 - INFO: Round 8, Face Fine-tune Epoch 0: acc(valid_pseudo): 0.9839, acc: 0.8793
2026-01-27 09:41:37,671 - INFO: Epoch: [1][  0/582]	Time  0.944 ( 0.944)	Loss 3.2049e-02 (3.2049e-02)	Acc pseudo  98.44 ( 98.44)	Lr 1.000e-03 (1.000e-03)
2026-01-27 09:41:42,340 - INFO: Epoch: [1][ 50/582]	Time  0.032 ( 0.054)	Loss 2.9047e-02 (8.4448e-02)	Acc pseudo  98.44 ( 96.54)	Lr 1.000e-03 (1.000e-03)
2026-01-27 09:41:47,014 - INFO: Epoch: [1][100/582]	Time  0.041 ( 0.044)	Loss 1.0908e-01 (9.9109e-02)	Acc pseudo  95.31 ( 96.46)	Lr 1.000e-03 (1.000e-03)
2026-01-27 09:41:51,690 - INFO: Epoch: [1][150/582]	Time  0.031 ( 0.041)	Loss 1.0438e-01 (9.6931e-02)	Acc pseudo  93.75 ( 96.44)	Lr 1.000e-03 (1.000e-03)
2026-01-27 09:41:56,369 - INFO: Epoch: [1][200/582]	Time  0.040 ( 0.039)	Loss 1.2326e-01 (9.6238e-02)	Acc pseudo  95.31 ( 96.42)	Lr 1.000e-03 (1.000e-03)
2026-01-27 09:42:01,049 - INFO: Epoch: [1][250/582]	Time  0.030 ( 0.038)	Loss 4.4736e-02 (9.6050e-02)	Acc pseudo  96.88 ( 96.43)	Lr 1.000e-03 (1.000e-03)
2026-01-27 09:42:05,732 - INFO: Epoch: [1][300/582]	Time  0.036 ( 0.037)	Loss 1.1524e-01 (9.6599e-02)	Acc pseudo  95.31 ( 96.45)	Lr 1.000e-03 (1.000e-03)
2026-01-27 09:42:10,412 - INFO: Epoch: [1][350/582]	Time  0.030 ( 0.037)	Loss 1.9082e-02 (9.6413e-02)	Acc pseudo 100.00 ( 96.39)	Lr 1.000e-03 (1.000e-03)
2026-01-27 09:42:15,164 - INFO: Epoch: [1][400/582]	Time  0.032 ( 0.036)	Loss 8.4246e-02 (1.0047e-01)	Acc pseudo  95.31 ( 96.35)	Lr 1.000e-03 (1.000e-03)
2026-01-27 09:42:19,847 - INFO: Epoch: [1][450/582]	Time  0.029 ( 0.036)	Loss 1.1285e+00 (1.0264e-01)	Acc pseudo  90.62 ( 96.31)	Lr 1.000e-03 (1.000e-03)
2026-01-27 09:42:24,530 - INFO: Epoch: [1][500/582]	Time  0.031 ( 0.035)	Loss 2.4802e-01 (1.0106e-01)	Acc pseudo  95.31 ( 96.35)	Lr 1.000e-03 (1.000e-03)
2026-01-27 09:42:29,214 - INFO: Epoch: [1][550/582]	Time  0.031 ( 0.035)	Loss 4.1685e-02 (1.0140e-01)	Acc pseudo  98.44 ( 96.37)	Lr 1.000e-03 (1.000e-03)
2026-01-27 09:42:32,226 - INFO: Round 8, Face Fine-tune Epoch 1: loss=0.1011, acc(pseudo)=96.36%
2026-01-27 09:43:31,397 - INFO: Round 8, Face Fine-tune Epoch 1: acc(valid_pseudo): 0.9840, acc: 0.8822
2026-01-27 09:43:33,564 - INFO: Epoch: [2][  0/582]	Time  0.532 ( 0.532)	Loss 7.9032e-02 (7.9032e-02)	Acc pseudo  95.31 ( 95.31)	Lr 1.000e-03 (1.000e-03)
2026-01-27 09:43:38,247 - INFO: Epoch: [2][ 50/582]	Time  0.032 ( 0.043)	Loss 3.2449e-02 (9.7668e-02)	Acc pseudo  98.44 ( 96.84)	Lr 1.000e-03 (1.000e-03)
2026-01-27 09:43:42,954 - INFO: Epoch: [2][100/582]	Time  0.032 ( 0.038)	Loss 2.8959e-02 (1.0165e-01)	Acc pseudo  98.44 ( 96.70)	Lr 1.000e-03 (1.000e-03)
2026-01-27 09:43:47,844 - INFO: Epoch: [2][150/582]	Time  0.030 ( 0.039)	Loss 1.6082e-02 (1.0424e-01)	Acc pseudo 100.00 ( 96.77)	Lr 1.000e-03 (1.000e-03)
2026-01-27 09:43:52,535 - INFO: Epoch: [2][200/582]	Time  0.029 ( 0.037)	Loss 3.4767e-02 (1.0060e-01)	Acc pseudo  98.44 ( 96.60)	Lr 1.000e-03 (1.000e-03)
2026-01-27 09:43:57,228 - INFO: Epoch: [2][250/582]	Time  0.033 ( 0.036)	Loss 7.9033e-02 (9.7177e-02)	Acc pseudo  96.88 ( 96.67)	Lr 1.000e-03 (1.000e-03)
2026-01-27 09:44:01,928 - INFO: Epoch: [2][300/582]	Time  0.030 ( 0.036)	Loss 2.6116e-02 (9.5849e-02)	Acc pseudo  98.44 ( 96.61)	Lr 1.000e-03 (1.000e-03)
2026-01-27 09:44:06,623 - INFO: Epoch: [2][350/582]	Time  0.030 ( 0.035)	Loss 4.1571e-02 (9.3840e-02)	Acc pseudo 100.00 ( 96.69)	Lr 1.000e-03 (1.000e-03)
2026-01-27 09:44:11,319 - INFO: Epoch: [2][400/582]	Time  0.030 ( 0.035)	Loss 1.2239e-01 (9.1939e-02)	Acc pseudo  95.31 ( 96.75)	Lr 1.000e-03 (1.000e-03)
2026-01-27 09:44:16,021 - INFO: Epoch: [2][450/582]	Time  0.044 ( 0.035)	Loss 1.8996e-01 (9.1817e-02)	Acc pseudo  90.62 ( 96.73)	Lr 1.000e-03 (1.000e-03)
2026-01-27 09:44:20,717 - INFO: Epoch: [2][500/582]	Time  0.046 ( 0.035)	Loss 6.2745e-02 (9.1304e-02)	Acc pseudo  95.31 ( 96.69)	Lr 1.000e-03 (1.000e-03)
2026-01-27 09:44:25,449 - INFO: Epoch: [2][550/582]	Time  0.029 ( 0.035)	Loss 8.4130e-02 (8.9816e-02)	Acc pseudo  96.88 ( 96.69)	Lr 1.000e-03 (1.000e-03)
2026-01-27 09:44:28,472 - INFO: Round 8, Face Fine-tune Epoch 2: loss=0.0902, acc(pseudo)=96.70%
2026-01-27 09:45:27,458 - INFO: Round 8, Face Fine-tune Epoch 2: acc(valid_pseudo): 0.9838, acc: 0.8812
2026-01-27 09:45:27,459 - INFO: Round 8, Face Fine-tune Epoch 2: No improvement. Patience(epoch): 1/3
2026-01-27 09:45:27,976 - INFO: Epoch: [3][  0/582]	Time  0.476 ( 0.476)	Loss 5.9421e-02 (5.9421e-02)	Acc pseudo  98.44 ( 98.44)	Lr 1.000e-03 (1.000e-03)
2026-01-27 09:45:32,667 - INFO: Epoch: [3][ 50/582]	Time  0.032 ( 0.040)	Loss 6.2117e-02 (1.0508e-01)	Acc pseudo  95.31 ( 96.63)	Lr 1.000e-03 (1.000e-03)
2026-01-27 09:45:37,357 - INFO: Epoch: [3][100/582]	Time  0.031 ( 0.036)	Loss 8.5015e-02 (9.6156e-02)	Acc pseudo  96.88 ( 96.70)	Lr 1.000e-03 (1.000e-03)
2026-01-27 09:45:42,050 - INFO: Epoch: [3][150/582]	Time  0.031 ( 0.035)	Loss 2.2513e-02 (9.5590e-02)	Acc pseudo 100.00 ( 96.55)	Lr 1.000e-03 (1.000e-03)
2026-01-27 09:45:46,747 - INFO: Epoch: [3][200/582]	Time  0.031 ( 0.034)	Loss 1.9350e-01 (9.9620e-02)	Acc pseudo  96.88 ( 96.46)	Lr 1.000e-03 (1.000e-03)
2026-01-27 09:45:51,447 - INFO: Epoch: [3][250/582]	Time  0.029 ( 0.034)	Loss 4.9475e-02 (9.3166e-02)	Acc pseudo  98.44 ( 96.60)	Lr 1.000e-03 (1.000e-03)
2026-01-27 09:45:56,187 - INFO: Epoch: [3][300/582]	Time  0.028 ( 0.034)	Loss 5.0351e-02 (9.3036e-02)	Acc pseudo  98.44 ( 96.58)	Lr 1.000e-03 (1.000e-03)
2026-01-27 09:46:00,949 - INFO: Epoch: [3][350/582]	Time  0.030 ( 0.034)	Loss 1.6415e-02 (9.2838e-02)	Acc pseudo 100.00 ( 96.55)	Lr 1.000e-03 (1.000e-03)
2026-01-27 09:46:05,647 - INFO: Epoch: [3][400/582]	Time  0.029 ( 0.034)	Loss 1.1367e-01 (9.2328e-02)	Acc pseudo  95.31 ( 96.55)	Lr 1.000e-03 (1.000e-03)
2026-01-27 09:46:10,349 - INFO: Epoch: [3][450/582]	Time  0.030 ( 0.034)	Loss 3.2084e-02 (9.2380e-02)	Acc pseudo 100.00 ( 96.58)	Lr 1.000e-03 (1.000e-03)
2026-01-27 09:46:15,045 - INFO: Epoch: [3][500/582]	Time  0.034 ( 0.034)	Loss 9.2381e-02 (9.2563e-02)	Acc pseudo  96.88 ( 96.50)	Lr 1.000e-03 (1.000e-03)
2026-01-27 09:46:19,744 - INFO: Epoch: [3][550/582]	Time  0.033 ( 0.034)	Loss 6.1763e-02 (9.0685e-02)	Acc pseudo  95.31 ( 96.54)	Lr 1.000e-03 (1.000e-03)
2026-01-27 09:46:22,775 - INFO: Round 8, Face Fine-tune Epoch 3: loss=0.0904, acc(pseudo)=96.54%
2026-01-27 09:47:23,677 - INFO: Round 8, Face Fine-tune Epoch 3: acc(valid_pseudo): 0.9836, acc: 0.8773
2026-01-27 09:47:23,677 - INFO: Round 8, Face Fine-tune Epoch 3: No improvement. Patience(epoch): 2/3
2026-01-27 09:47:24,221 - INFO: Epoch: [4][  0/582]	Time  0.493 ( 0.493)	Loss 1.5326e-01 (1.5326e-01)	Acc pseudo  93.75 ( 93.75)	Lr 1.000e-03 (1.000e-03)
2026-01-27 09:47:28,933 - INFO: Epoch: [4][ 50/582]	Time  0.030 ( 0.044)	Loss 9.7197e-02 (9.9721e-02)	Acc pseudo  93.75 ( 95.99)	Lr 1.000e-03 (1.000e-03)
2026-01-27 09:47:33,621 - INFO: Epoch: [4][100/582]	Time  0.032 ( 0.039)	Loss 4.6599e-02 (9.2741e-02)	Acc pseudo  98.44 ( 96.32)	Lr 1.000e-03 (1.000e-03)
2026-01-27 09:47:38,319 - INFO: Epoch: [4][150/582]	Time  0.030 ( 0.036)	Loss 1.3378e-02 (9.7967e-02)	Acc pseudo 100.00 ( 96.27)	Lr 1.000e-03 (1.000e-03)
2026-01-27 09:47:43,019 - INFO: Epoch: [4][200/582]	Time  0.031 ( 0.035)	Loss 6.1933e-02 (9.5436e-02)	Acc pseudo  96.88 ( 96.45)	Lr 1.000e-03 (1.000e-03)
2026-01-27 09:47:47,719 - INFO: Epoch: [4][250/582]	Time  0.034 ( 0.035)	Loss 1.1351e-01 (9.6648e-02)	Acc pseudo  95.31 ( 96.33)	Lr 1.000e-03 (1.000e-03)
2026-01-27 09:47:52,414 - INFO: Epoch: [4][300/582]	Time  0.030 ( 0.034)	Loss 1.8807e-02 (9.3418e-02)	Acc pseudo 100.00 ( 96.46)	Lr 1.000e-03 (1.000e-03)
2026-01-27 09:47:57,111 - INFO: Epoch: [4][350/582]	Time  0.034 ( 0.034)	Loss 1.3874e-02 (9.1763e-02)	Acc pseudo 100.00 ( 96.50)	Lr 1.000e-03 (1.000e-03)
2026-01-27 09:48:01,809 - INFO: Epoch: [4][400/582]	Time  0.030 ( 0.033)	Loss 1.3475e-01 (9.0862e-02)	Acc pseudo  93.75 ( 96.59)	Lr 1.000e-03 (1.000e-03)
2026-01-27 09:48:06,502 - INFO: Epoch: [4][450/582]	Time  0.029 ( 0.033)	Loss 8.0477e-02 (9.2635e-02)	Acc pseudo  92.19 ( 96.52)	Lr 1.000e-03 (1.000e-03)
2026-01-27 09:48:11,218 - INFO: Epoch: [4][500/582]	Time  0.044 ( 0.033)	Loss 1.5451e-01 (9.1279e-02)	Acc pseudo  92.19 ( 96.57)	Lr 1.000e-03 (1.000e-03)
2026-01-27 09:48:15,942 - INFO: Epoch: [4][550/582]	Time  0.031 ( 0.034)	Loss 5.8149e-02 (9.0867e-02)	Acc pseudo  98.44 ( 96.53)	Lr 1.000e-03 (1.000e-03)
2026-01-27 09:48:18,952 - INFO: Round 8, Face Fine-tune Epoch 4: loss=0.0906, acc(pseudo)=96.54%
2026-01-27 09:49:18,409 - INFO: Round 8, Face Fine-tune Epoch 4: acc(valid_pseudo): 0.9856, acc: 0.8832
2026-01-27 09:49:20,438 - INFO: Epoch: [5][  0/582]	Time  0.512 ( 0.512)	Loss 1.2703e-01 (1.2703e-01)	Acc pseudo  93.75 ( 93.75)	Lr 1.000e-03 (1.000e-03)
2026-01-27 09:49:25,134 - INFO: Epoch: [5][ 50/582]	Time  0.047 ( 0.045)	Loss 2.7360e-02 (8.0556e-02)	Acc pseudo  98.44 ( 96.57)	Lr 1.000e-03 (1.000e-03)
2026-01-27 09:49:29,824 - INFO: Epoch: [5][100/582]	Time  0.032 ( 0.038)	Loss 5.6470e-02 (8.0815e-02)	Acc pseudo  96.88 ( 96.63)	Lr 1.000e-03 (1.000e-03)
2026-01-27 09:49:34,525 - INFO: Epoch: [5][150/582]	Time  0.045 ( 0.037)	Loss 7.5014e-02 (8.1440e-02)	Acc pseudo  98.44 ( 96.63)	Lr 1.000e-03 (1.000e-03)
2026-01-27 09:49:39,228 - INFO: Epoch: [5][200/582]	Time  0.042 ( 0.038)	Loss 6.2579e-02 (8.4112e-02)	Acc pseudo  96.88 ( 96.58)	Lr 1.000e-03 (1.000e-03)
2026-01-27 09:49:43,924 - INFO: Epoch: [5][250/582]	Time  0.028 ( 0.036)	Loss 6.4968e-02 (8.2283e-02)	Acc pseudo  98.44 ( 96.63)	Lr 1.000e-03 (1.000e-03)
2026-01-27 09:49:48,622 - INFO: Epoch: [5][300/582]	Time  0.030 ( 0.035)	Loss 5.0785e-02 (8.2108e-02)	Acc pseudo  98.44 ( 96.72)	Lr 1.000e-03 (1.000e-03)
2026-01-27 09:49:53,321 - INFO: Epoch: [5][350/582]	Time  0.031 ( 0.034)	Loss 1.5297e-02 (8.5188e-02)	Acc pseudo 100.00 ( 96.65)	Lr 1.000e-03 (1.000e-03)
2026-01-27 09:49:58,020 - INFO: Epoch: [5][400/582]	Time  0.034 ( 0.034)	Loss 8.4146e-02 (8.5010e-02)	Acc pseudo  95.31 ( 96.65)	Lr 1.000e-03 (1.000e-03)
2026-01-27 09:50:02,718 - INFO: Epoch: [5][450/582]	Time  0.032 ( 0.034)	Loss 4.0381e-02 (8.4900e-02)	Acc pseudo  96.88 ( 96.68)	Lr 1.000e-03 (1.000e-03)
2026-01-27 09:50:07,417 - INFO: Epoch: [5][500/582]	Time  0.028 ( 0.033)	Loss 4.1601e-02 (8.7365e-02)	Acc pseudo  98.44 ( 96.63)	Lr 1.000e-03 (1.000e-03)
2026-01-27 09:50:12,171 - INFO: Epoch: [5][550/582]	Time  0.028 ( 0.033)	Loss 4.6329e-02 (8.7598e-02)	Acc pseudo  96.88 ( 96.63)	Lr 1.000e-03 (1.000e-03)
2026-01-27 09:50:15,215 - INFO: Round 8, Face Fine-tune Epoch 5: loss=0.0875, acc(pseudo)=96.61%
2026-01-27 09:51:14,706 - INFO: Round 8, Face Fine-tune Epoch 5: acc(valid_pseudo): 0.9851, acc: 0.8812
2026-01-27 09:51:14,707 - INFO: Round 8, Face Fine-tune Epoch 5: No improvement. Patience(epoch): 1/3
2026-01-27 09:51:15,246 - INFO: Epoch: [6][  0/582]	Time  0.494 ( 0.494)	Loss 2.2845e-02 (2.2845e-02)	Acc pseudo 100.00 (100.00)	Lr 1.000e-03 (1.000e-03)
2026-01-27 09:51:19,934 - INFO: Epoch: [6][ 50/582]	Time  0.030 ( 0.041)	Loss 1.5394e-02 (7.4532e-02)	Acc pseudo 100.00 ( 97.21)	Lr 1.000e-03 (1.000e-03)
2026-01-27 09:51:24,625 - INFO: Epoch: [6][100/582]	Time  0.041 ( 0.036)	Loss 9.3919e-02 (8.3762e-02)	Acc pseudo  95.31 ( 96.88)	Lr 1.000e-03 (1.000e-03)
2026-01-27 09:51:29,323 - INFO: Epoch: [6][150/582]	Time  0.029 ( 0.035)	Loss 9.0771e-02 (8.5456e-02)	Acc pseudo  96.88 ( 96.86)	Lr 1.000e-03 (1.000e-03)
2026-01-27 09:51:34,020 - INFO: Epoch: [6][200/582]	Time  0.029 ( 0.035)	Loss 1.3427e-01 (8.8799e-02)	Acc pseudo  92.19 ( 96.68)	Lr 1.000e-03 (1.000e-03)
2026-01-27 09:51:38,736 - INFO: Epoch: [6][250/582]	Time  0.031 ( 0.034)	Loss 6.0541e-02 (8.9197e-02)	Acc pseudo  95.31 ( 96.62)	Lr 1.000e-03 (1.000e-03)
2026-01-27 09:51:43,567 - INFO: Epoch: [6][300/582]	Time  0.049 ( 0.037)	Loss 5.6788e-02 (8.6372e-02)	Acc pseudo  98.44 ( 96.64)	Lr 1.000e-03 (1.000e-03)
2026-01-27 09:51:48,272 - INFO: Epoch: [6][350/582]	Time  0.031 ( 0.038)	Loss 6.8295e-02 (8.9662e-02)	Acc pseudo  98.44 ( 96.53)	Lr 1.000e-03 (1.000e-03)
2026-01-27 09:51:52,972 - INFO: Epoch: [6][400/582]	Time  0.029 ( 0.037)	Loss 1.9973e-02 (8.9666e-02)	Acc pseudo  98.44 ( 96.56)	Lr 1.000e-03 (1.000e-03)
2026-01-27 09:51:57,670 - INFO: Epoch: [6][450/582]	Time  0.029 ( 0.036)	Loss 3.7628e-01 (9.1581e-02)	Acc pseudo  93.75 ( 96.46)	Lr 1.000e-03 (1.000e-03)
2026-01-27 09:52:02,366 - INFO: Epoch: [6][500/582]	Time  0.038 ( 0.036)	Loss 3.1313e-01 (9.0670e-02)	Acc pseudo  92.19 ( 96.50)	Lr 1.000e-03 (1.000e-03)
2026-01-27 09:52:07,070 - INFO: Epoch: [6][550/582]	Time  0.029 ( 0.036)	Loss 1.1555e-01 (9.2270e-02)	Acc pseudo  95.31 ( 96.48)	Lr 1.000e-03 (1.000e-03)
2026-01-27 09:52:10,074 - INFO: Round 8, Face Fine-tune Epoch 6: loss=0.0928, acc(pseudo)=96.46%
2026-01-27 09:53:11,407 - INFO: Round 8, Face Fine-tune Epoch 6: acc(valid_pseudo): 0.9847, acc: 0.8793
2026-01-27 09:53:11,407 - INFO: Round 8, Face Fine-tune Epoch 6: No improvement. Patience(epoch): 2/3
2026-01-27 09:53:11,950 - INFO: Epoch: [7][  0/582]	Time  0.507 ( 0.507)	Loss 4.5784e-02 (4.5784e-02)	Acc pseudo  96.88 ( 96.88)	Lr 1.000e-03 (1.000e-03)
2026-01-27 09:53:16,642 - INFO: Epoch: [7][ 50/582]	Time  0.031 ( 0.041)	Loss 1.9974e-02 (9.5452e-02)	Acc pseudo  98.44 ( 95.93)	Lr 1.000e-03 (1.000e-03)
2026-01-27 09:53:21,331 - INFO: Epoch: [7][100/582]	Time  0.032 ( 0.036)	Loss 5.3069e-02 (9.6127e-02)	Acc pseudo  96.88 ( 96.09)	Lr 1.000e-03 (1.000e-03)
2026-01-27 09:53:26,029 - INFO: Epoch: [7][150/582]	Time  0.030 ( 0.035)	Loss 1.4523e-01 (9.5331e-02)	Acc pseudo  95.31 ( 96.15)	Lr 1.000e-03 (1.000e-03)
2026-01-27 09:53:30,729 - INFO: Epoch: [7][200/582]	Time  0.030 ( 0.035)	Loss 2.2655e-02 (9.1925e-02)	Acc pseudo 100.00 ( 96.29)	Lr 1.000e-03 (1.000e-03)
2026-01-27 09:53:35,430 - INFO: Epoch: [7][250/582]	Time  0.031 ( 0.035)	Loss 2.2164e-02 (9.4190e-02)	Acc pseudo 100.00 ( 96.38)	Lr 1.000e-03 (1.000e-03)
2026-01-27 09:53:40,134 - INFO: Epoch: [7][300/582]	Time  0.042 ( 0.035)	Loss 2.7177e-02 (9.0952e-02)	Acc pseudo  98.44 ( 96.49)	Lr 1.000e-03 (1.000e-03)
2026-01-27 09:53:44,831 - INFO: Epoch: [7][350/582]	Time  0.031 ( 0.035)	Loss 1.0857e-01 (9.2455e-02)	Acc pseudo  95.31 ( 96.37)	Lr 1.000e-03 (1.000e-03)
2026-01-27 09:53:49,530 - INFO: Epoch: [7][400/582]	Time  0.031 ( 0.034)	Loss 7.3534e-02 (8.9247e-02)	Acc pseudo  95.31 ( 96.49)	Lr 1.000e-03 (1.000e-03)
2026-01-27 09:53:54,230 - INFO: Epoch: [7][450/582]	Time  0.029 ( 0.034)	Loss 4.7057e-02 (8.7720e-02)	Acc pseudo  98.44 ( 96.52)	Lr 1.000e-03 (1.000e-03)
2026-01-27 09:53:58,931 - INFO: Epoch: [7][500/582]	Time  0.029 ( 0.034)	Loss 1.6064e-02 (8.8421e-02)	Acc pseudo 100.00 ( 96.56)	Lr 1.000e-03 (1.000e-03)
2026-01-27 09:54:03,628 - INFO: Epoch: [7][550/582]	Time  0.038 ( 0.034)	Loss 8.8780e-02 (8.9267e-02)	Acc pseudo  95.31 ( 96.51)	Lr 1.000e-03 (1.000e-03)
2026-01-27 09:54:06,627 - INFO: Round 8, Face Fine-tune Epoch 7: loss=0.0892, acc(pseudo)=96.53%
2026-01-27 09:55:07,914 - INFO: Round 8, Face Fine-tune Epoch 7: acc(valid_pseudo): 0.9854, acc: 0.8841
2026-01-27 09:55:07,914 - INFO: Round 8, Face Fine-tune Epoch 7: No improvement. Patience(epoch): 3/3
2026-01-27 09:55:07,914 - INFO: Early stopping at face epoch 7
2026-01-27 09:55:07,915 - INFO: Round 8: Best face fine-tuned epoch=4, acc(valid_pseudo)=0.9856
2026-01-27 09:55:08,042 - INFO: Using HMM model from previous round: runs/I love my family/exp_video_overlap/result/self_supervised/exp0/round7/pseudo_label/hmm_params.pkl
2026-01-27 11:24:16,034 - INFO: Round 8: speaker_acc=0.8710
2026-01-27 11:24:16,044 - INFO: Round 8: face_acc=0.8841
2026-01-27 11:24:16,047 - INFO: ====================
2026-01-27 11:24:16,047 - INFO: Round 9: Fine-tuning iteration
2026-01-27 11:24:16,047 - INFO: ====================
2026-01-27 11:24:16,106 - INFO: Round 9 Part 1: Fine-tuning embedding model
2026-01-27 11:24:16,107 - INFO: Using pseudo-label file: runs/I love my family/exp_video_overlap/result/self_supervised/exp0/round8/pseudo_label/pseudo_labels_audio_nested_hmm_full(unreliable_pp=100.0).json
2026-01-27 11:24:16,151 - INFO: For training, Using face pseudo-label file: runs/I love my family/exp_video_overlap/result/self_supervised/exp0/round8/pseudo_label/pseudo_labels_faces_mid_frame_train_nested_hmm_full.json
2026-01-27 11:24:16,151 - INFO: For infering, Using face pseudo-label file: runs/I love my family/exp_video_overlap/result/self_supervised/exp0/round8/pseudo_label/pseudo_labels_faces_mid_frame_all_nested_hmm_full.json
2026-01-27 11:24:16,419 - INFO: Created face dataloader with 37219 samples
2026-01-27 11:24:16,446 - INFO: Fine-tuning speaker embedding model for 20 epochs...
2026-01-27 11:24:17,288 - INFO: Epoch: [0][  0/301]	Time  0.798 ( 0.798)	Loss 4.5209e-01 (4.5209e-01)	Acc pseudo  90.62 ( 90.62)	Lr 1.000e-03 (1.000e-03)
2026-01-27 11:24:17,525 - INFO: Epoch: [0][ 50/301]	Time  0.005 ( 0.020)	Loss 5.2775e-01 (3.3510e-01)	Acc pseudo  82.81 ( 90.07)	Lr 1.000e-03 (1.000e-03)
2026-01-27 11:24:17,741 - INFO: Epoch: [0][100/301]	Time  0.004 ( 0.012)	Loss 1.9022e-01 (3.3948e-01)	Acc pseudo  92.19 ( 89.62)	Lr 1.000e-03 (1.000e-03)
2026-01-27 11:24:17,952 - INFO: Epoch: [0][150/301]	Time  0.004 ( 0.010)	Loss 3.2386e-01 (3.6019e-01)	Acc pseudo  90.62 ( 89.33)	Lr 1.000e-03 (1.000e-03)
2026-01-27 11:24:18,155 - INFO: Epoch: [0][200/301]	Time  0.004 ( 0.008)	Loss 3.5916e-01 (3.6901e-01)	Acc pseudo  87.50 ( 89.29)	Lr 1.000e-03 (1.000e-03)
2026-01-27 11:24:18,354 - INFO: Epoch: [0][250/301]	Time  0.004 ( 0.007)	Loss 5.3815e-01 (3.6263e-01)	Acc pseudo  89.06 ( 89.30)	Lr 1.000e-03 (1.000e-03)
2026-01-27 11:24:18,551 - INFO: Epoch: [0][300/301]	Time  0.003 ( 0.007)	Loss 1.3744e-01 (3.6236e-01)	Acc pseudo  92.00 ( 89.28)	Lr 1.000e-03 (1.000e-03)
2026-01-27 11:24:18,645 - INFO: Round 9, Fine-tune Epoch 0: loss=0.3624, acc(pseudo)=89.28%
2026-01-27 11:24:29,174 - INFO: Round 9, Fine-tune Epoch 0: acc(valid_pseudo): 0.9682, acc: 0.8365
2026-01-27 11:24:30,432 - INFO: Epoch: [1][  0/301]	Time  0.407 ( 0.407)	Loss 3.5596e-01 (3.5596e-01)	Acc pseudo  89.06 ( 89.06)	Lr 1.000e-03 (1.000e-03)
2026-01-27 11:24:30,684 - INFO: Epoch: [1][ 50/301]	Time  0.005 ( 0.013)	Loss 2.3106e-01 (2.7560e-01)	Acc pseudo  93.75 ( 91.27)	Lr 1.000e-03 (1.000e-03)
2026-01-27 11:24:30,898 - INFO: Epoch: [1][100/301]	Time  0.004 ( 0.009)	Loss 3.3890e-01 (2.9275e-01)	Acc pseudo  93.75 ( 90.61)	Lr 1.000e-03 (1.000e-03)
2026-01-27 11:24:31,091 - INFO: Epoch: [1][150/301]	Time  0.003 ( 0.007)	Loss 2.0438e-01 (2.9939e-01)	Acc pseudo  90.62 ( 90.40)	Lr 1.000e-03 (1.000e-03)
2026-01-27 11:24:31,249 - INFO: Epoch: [1][200/301]	Time  0.003 ( 0.006)	Loss 3.6483e-01 (3.0478e-01)	Acc pseudo  87.50 ( 90.26)	Lr 1.000e-03 (1.000e-03)
2026-01-27 11:24:31,404 - INFO: Epoch: [1][250/301]	Time  0.003 ( 0.005)	Loss 2.2286e-01 (3.0707e-01)	Acc pseudo  95.31 ( 90.23)	Lr 1.000e-03 (1.000e-03)
2026-01-27 11:24:31,553 - INFO: Epoch: [1][300/301]	Time  0.002 ( 0.005)	Loss 2.6787e-01 (3.0864e-01)	Acc pseudo  96.00 ( 90.17)	Lr 1.000e-03 (1.000e-03)
2026-01-27 11:24:31,625 - INFO: Round 9, Fine-tune Epoch 1: loss=0.3086, acc(pseudo)=90.17%
2026-01-27 11:24:39,410 - INFO: Round 9, Fine-tune Epoch 1: acc(valid_pseudo): 0.9574, acc: 0.8435
2026-01-27 11:24:39,411 - INFO: Round 9, Speaker Fine-tune Epoch 1: No improvement in validation accuracy. Patience(epoch): 1/3
2026-01-27 11:24:39,836 - INFO: Epoch: [2][  0/301]	Time  0.417 ( 0.417)	Loss 8.2889e-01 (8.2889e-01)	Acc pseudo  87.50 ( 87.50)	Lr 1.000e-03 (1.000e-03)
2026-01-27 11:24:40,083 - INFO: Epoch: [2][ 50/301]	Time  0.004 ( 0.013)	Loss 6.4794e-02 (2.9003e-01)	Acc pseudo  98.44 ( 90.35)	Lr 1.000e-03 (1.000e-03)
2026-01-27 11:24:40,300 - INFO: Epoch: [2][100/301]	Time  0.004 ( 0.009)	Loss 2.0575e-01 (2.9499e-01)	Acc pseudo  93.75 ( 90.58)	Lr 1.000e-03 (1.000e-03)
2026-01-27 11:24:40,520 - INFO: Epoch: [2][150/301]	Time  0.004 ( 0.007)	Loss 3.5511e-01 (2.8911e-01)	Acc pseudo  85.94 ( 90.57)	Lr 1.000e-03 (1.000e-03)
2026-01-27 11:24:40,729 - INFO: Epoch: [2][200/301]	Time  0.004 ( 0.006)	Loss 2.5854e-01 (2.8656e-01)	Acc pseudo  92.19 ( 90.73)	Lr 1.000e-03 (1.000e-03)
2026-01-27 11:24:40,934 - INFO: Epoch: [2][250/301]	Time  0.004 ( 0.006)	Loss 2.6903e-01 (2.9351e-01)	Acc pseudo  92.19 ( 90.65)	Lr 1.000e-03 (1.000e-03)
2026-01-27 11:24:41,136 - INFO: Epoch: [2][300/301]	Time  0.003 ( 0.006)	Loss 1.2395e-01 (2.9553e-01)	Acc pseudo 100.00 ( 90.70)	Lr 1.000e-03 (1.000e-03)
2026-01-27 11:24:41,208 - INFO: Round 9, Fine-tune Epoch 2: loss=0.2955, acc(pseudo)=90.70%
2026-01-27 11:24:51,588 - INFO: Round 9, Fine-tune Epoch 2: acc(valid_pseudo): 0.9791, acc: 0.8625
2026-01-27 11:24:52,854 - INFO: Epoch: [3][  0/301]	Time  0.403 ( 0.403)	Loss 4.2274e-01 (4.2274e-01)	Acc pseudo  82.81 ( 82.81)	Lr 1.000e-03 (1.000e-03)
2026-01-27 11:24:53,099 - INFO: Epoch: [3][ 50/301]	Time  0.005 ( 0.013)	Loss 3.6091e-01 (2.9431e-01)	Acc pseudo  85.94 ( 91.30)	Lr 1.000e-03 (1.000e-03)
2026-01-27 11:24:53,323 - INFO: Epoch: [3][100/301]	Time  0.004 ( 0.009)	Loss 1.5555e-01 (2.8278e-01)	Acc pseudo  93.75 ( 91.06)	Lr 1.000e-03 (1.000e-03)
2026-01-27 11:24:53,545 - INFO: Epoch: [3][150/301]	Time  0.004 ( 0.007)	Loss 2.0610e-01 (2.7670e-01)	Acc pseudo  89.06 ( 91.11)	Lr 1.000e-03 (1.000e-03)
2026-01-27 11:24:53,724 - INFO: Epoch: [3][200/301]	Time  0.003 ( 0.006)	Loss 1.8259e-01 (2.7617e-01)	Acc pseudo  92.19 ( 91.12)	Lr 1.000e-03 (1.000e-03)
2026-01-27 11:24:53,917 - INFO: Epoch: [3][250/301]	Time  0.004 ( 0.006)	Loss 1.9697e-01 (2.7396e-01)	Acc pseudo  92.19 ( 90.98)	Lr 1.000e-03 (1.000e-03)
2026-01-27 11:24:54,118 - INFO: Epoch: [3][300/301]	Time  0.003 ( 0.005)	Loss 1.9622e-01 (2.8307e-01)	Acc pseudo  92.00 ( 90.81)	Lr 1.000e-03 (1.000e-03)
2026-01-27 11:24:54,226 - INFO: Round 9, Fine-tune Epoch 3: loss=0.2831, acc(pseudo)=90.81%
2026-01-27 11:25:02,466 - INFO: Round 9, Fine-tune Epoch 3: acc(valid_pseudo): 0.9515, acc: 0.8335
2026-01-27 11:25:02,466 - INFO: Round 9, Speaker Fine-tune Epoch 3: No improvement in validation accuracy. Patience(epoch): 1/3
2026-01-27 11:25:02,742 - INFO: Epoch: [4][  0/301]	Time  0.270 ( 0.270)	Loss 5.1380e-01 (5.1380e-01)	Acc pseudo  85.94 ( 85.94)	Lr 1.000e-03 (1.000e-03)
2026-01-27 11:25:02,926 - INFO: Epoch: [4][ 50/301]	Time  0.003 ( 0.009)	Loss 3.5583e-01 (3.0829e-01)	Acc pseudo  87.50 ( 89.55)	Lr 1.000e-03 (1.000e-03)
2026-01-27 11:25:03,092 - INFO: Epoch: [4][100/301]	Time  0.003 ( 0.006)	Loss 1.4187e-01 (3.1559e-01)	Acc pseudo  96.88 ( 89.77)	Lr 1.000e-03 (1.000e-03)
2026-01-27 11:25:03,252 - INFO: Epoch: [4][150/301]	Time  0.003 ( 0.005)	Loss 1.5125e-01 (3.1566e-01)	Acc pseudo  95.31 ( 89.78)	Lr 1.000e-03 (1.000e-03)
2026-01-27 11:25:03,408 - INFO: Epoch: [4][200/301]	Time  0.003 ( 0.005)	Loss 3.4671e-01 (3.1706e-01)	Acc pseudo  85.94 ( 89.69)	Lr 1.000e-03 (1.000e-03)
2026-01-27 11:25:03,565 - INFO: Epoch: [4][250/301]	Time  0.003 ( 0.004)	Loss 2.9298e-01 (3.1799e-01)	Acc pseudo  89.06 ( 89.70)	Lr 1.000e-03 (1.000e-03)
2026-01-27 11:25:03,715 - INFO: Epoch: [4][300/301]	Time  0.002 ( 0.004)	Loss 4.4959e-01 (3.2206e-01)	Acc pseudo  84.00 ( 89.62)	Lr 1.000e-03 (1.000e-03)
2026-01-27 11:25:03,806 - INFO: Round 9, Fine-tune Epoch 4: loss=0.3221, acc(pseudo)=89.62%
2026-01-27 11:25:11,965 - INFO: Round 9, Fine-tune Epoch 4: acc(valid_pseudo): 0.9277, acc: 0.8155
2026-01-27 11:25:11,965 - INFO: Round 9, Speaker Fine-tune Epoch 4: No improvement in validation accuracy. Patience(epoch): 2/3
2026-01-27 11:25:12,231 - INFO: Epoch: [5][  0/301]	Time  0.260 ( 0.260)	Loss 5.0850e-01 (5.0850e-01)	Acc pseudo  81.25 ( 81.25)	Lr 1.000e-03 (1.000e-03)
2026-01-27 11:25:12,441 - INFO: Epoch: [5][ 50/301]	Time  0.004 ( 0.009)	Loss 4.3197e-01 (3.1244e-01)	Acc pseudo  89.06 ( 90.23)	Lr 1.000e-03 (1.000e-03)
2026-01-27 11:25:12,614 - INFO: Epoch: [5][100/301]	Time  0.003 ( 0.006)	Loss 5.9224e-01 (3.0873e-01)	Acc pseudo  90.62 ( 90.28)	Lr 1.000e-03 (1.000e-03)
2026-01-27 11:25:12,786 - INFO: Epoch: [5][150/301]	Time  0.003 ( 0.005)	Loss 4.6182e-01 (3.0883e-01)	Acc pseudo  89.06 ( 90.36)	Lr 1.000e-03 (1.000e-03)
2026-01-27 11:25:12,955 - INFO: Epoch: [5][200/301]	Time  0.003 ( 0.005)	Loss 2.7327e-01 (3.1210e-01)	Acc pseudo  92.19 ( 90.03)	Lr 1.000e-03 (1.000e-03)
2026-01-27 11:25:13,111 - INFO: Epoch: [5][250/301]	Time  0.003 ( 0.004)	Loss 2.4771e-01 (3.1624e-01)	Acc pseudo  85.94 ( 89.89)	Lr 1.000e-03 (1.000e-03)
2026-01-27 11:25:13,259 - INFO: Epoch: [5][300/301]	Time  0.002 ( 0.004)	Loss 6.3351e-01 (3.1935e-01)	Acc pseudo  76.00 ( 89.80)	Lr 1.000e-03 (1.000e-03)
2026-01-27 11:25:13,326 - INFO: Round 9, Fine-tune Epoch 5: loss=0.3194, acc(pseudo)=89.80%
2026-01-27 11:25:21,324 - INFO: Round 9, Fine-tune Epoch 5: acc(valid_pseudo): 0.9729, acc: 0.8660
2026-01-27 11:25:21,324 - INFO: Round 9, Speaker Fine-tune Epoch 5: No improvement in validation accuracy. Patience(epoch): 3/3
2026-01-27 11:25:21,324 - INFO: Early stopping at epoch 5 due to no improvement in validation accuracy for 3 epochs.
2026-01-27 11:25:21,325 - INFO: Round 9: Best speaker fine-tuned epoch=2, acc(valid_pseudo)=0.9791
2026-01-27 11:25:21,330 - INFO: Fine-tuning face embedding model for 20 epochs...
2026-01-27 11:25:22,338 - INFO: Epoch: [0][  0/582]	Time  0.998 ( 0.998)	Loss 1.2159e-03 (1.2159e-03)	Acc pseudo 100.00 (100.00)	Lr 1.000e-03 (1.000e-03)
2026-01-27 11:25:26,993 - INFO: Epoch: [0][ 50/582]	Time  0.032 ( 0.061)	Loss 1.1546e-01 (8.9328e-02)	Acc pseudo  93.75 ( 97.12)	Lr 1.000e-03 (1.000e-03)
2026-01-27 11:25:32,213 - INFO: Epoch: [0][100/582]	Time  0.033 ( 0.052)	Loss 1.1095e-01 (1.0669e-01)	Acc pseudo  95.31 ( 96.77)	Lr 1.000e-03 (1.000e-03)
2026-01-27 11:25:38,403 - INFO: Epoch: [0][150/582]	Time  0.050 ( 0.058)	Loss 5.2136e-02 (1.0459e-01)	Acc pseudo  98.44 ( 96.90)	Lr 1.000e-03 (1.000e-03)
2026-01-27 11:25:43,052 - INFO: Epoch: [0][200/582]	Time  0.030 ( 0.051)	Loss 5.5219e-02 (1.0327e-01)	Acc pseudo  95.31 ( 96.79)	Lr 1.000e-03 (1.000e-03)
2026-01-27 11:25:47,703 - INFO: Epoch: [0][250/582]	Time  0.029 ( 0.047)	Loss 1.7306e-01 (1.0369e-01)	Acc pseudo  96.88 ( 96.74)	Lr 1.000e-03 (1.000e-03)
2026-01-27 11:25:52,357 - INFO: Epoch: [0][300/582]	Time  0.038 ( 0.045)	Loss 8.2059e-02 (1.0100e-01)	Acc pseudo  96.88 ( 96.77)	Lr 1.000e-03 (1.000e-03)
2026-01-27 11:25:57,015 - INFO: Epoch: [0][350/582]	Time  0.037 ( 0.043)	Loss 6.3493e-02 (1.0130e-01)	Acc pseudo  95.31 ( 96.82)	Lr 1.000e-03 (1.000e-03)
2026-01-27 11:26:01,675 - INFO: Epoch: [0][400/582]	Time  0.046 ( 0.042)	Loss 2.2747e-02 (9.8154e-02)	Acc pseudo  98.44 ( 96.87)	Lr 1.000e-03 (1.000e-03)
2026-01-27 11:26:06,330 - INFO: Epoch: [0][450/582]	Time  0.028 ( 0.040)	Loss 4.6564e-02 (9.8439e-02)	Acc pseudo  96.88 ( 96.87)	Lr 1.000e-03 (1.000e-03)
2026-01-27 11:26:10,991 - INFO: Epoch: [0][500/582]	Time  0.033 ( 0.039)	Loss 1.3216e-01 (1.0051e-01)	Acc pseudo  95.31 ( 96.79)	Lr 1.000e-03 (1.000e-03)
2026-01-27 11:26:16,857 - INFO: Epoch: [0][550/582]	Time  0.041 ( 0.041)	Loss 6.5849e-02 (1.0105e-01)	Acc pseudo  93.75 ( 96.77)	Lr 1.000e-03 (1.000e-03)
2026-01-27 11:26:20,821 - INFO: Round 9, Face Fine-tune Epoch 0: loss=0.1024, acc(pseudo)=96.74%
2026-01-27 11:27:20,500 - INFO: Round 9, Face Fine-tune Epoch 0: acc(valid_pseudo): 0.9825, acc: 0.8793
2026-01-27 11:27:22,459 - INFO: Epoch: [1][  0/582]	Time  0.494 ( 0.494)	Loss 4.9852e-02 (4.9852e-02)	Acc pseudo  96.88 ( 96.88)	Lr 1.000e-03 (1.000e-03)
2026-01-27 11:27:27,133 - INFO: Epoch: [1][ 50/582]	Time  0.029 ( 0.041)	Loss 1.9328e-02 (8.9128e-02)	Acc pseudo  98.44 ( 96.48)	Lr 1.000e-03 (1.000e-03)
2026-01-27 11:27:31,809 - INFO: Epoch: [1][100/582]	Time  0.030 ( 0.039)	Loss 2.4973e-01 (8.7423e-02)	Acc pseudo  93.75 ( 96.86)	Lr 1.000e-03 (1.000e-03)
2026-01-27 11:27:36,484 - INFO: Epoch: [1][150/582]	Time  0.035 ( 0.036)	Loss 8.8531e-02 (8.4812e-02)	Acc pseudo  93.75 ( 96.93)	Lr 1.000e-03 (1.000e-03)
2026-01-27 11:27:41,159 - INFO: Epoch: [1][200/582]	Time  0.033 ( 0.035)	Loss 1.0122e-01 (8.7669e-02)	Acc pseudo  95.31 ( 96.77)	Lr 1.000e-03 (1.000e-03)
2026-01-27 11:27:45,961 - INFO: Epoch: [1][250/582]	Time  0.033 ( 0.035)	Loss 8.8292e-02 (8.9895e-02)	Acc pseudo  93.75 ( 96.73)	Lr 1.000e-03 (1.000e-03)
2026-01-27 11:27:50,725 - INFO: Epoch: [1][300/582]	Time  0.028 ( 0.035)	Loss 7.3319e-02 (8.9839e-02)	Acc pseudo  98.44 ( 96.75)	Lr 1.000e-03 (1.000e-03)
2026-01-27 11:27:55,402 - INFO: Epoch: [1][350/582]	Time  0.031 ( 0.034)	Loss 5.0486e-02 (9.1027e-02)	Acc pseudo  98.44 ( 96.74)	Lr 1.000e-03 (1.000e-03)
2026-01-27 11:28:00,087 - INFO: Epoch: [1][400/582]	Time  0.049 ( 0.034)	Loss 1.7320e-01 (9.2269e-02)	Acc pseudo  90.62 ( 96.70)	Lr 1.000e-03 (1.000e-03)
2026-01-27 11:28:04,773 - INFO: Epoch: [1][450/582]	Time  0.028 ( 0.035)	Loss 6.2379e-02 (9.4369e-02)	Acc pseudo  98.44 ( 96.59)	Lr 1.000e-03 (1.000e-03)
2026-01-27 11:28:09,454 - INFO: Epoch: [1][500/582]	Time  0.029 ( 0.034)	Loss 1.1789e-01 (9.2739e-02)	Acc pseudo  96.88 ( 96.58)	Lr 1.000e-03 (1.000e-03)
2026-01-27 11:28:14,136 - INFO: Epoch: [1][550/582]	Time  0.029 ( 0.034)	Loss 1.6575e-01 (9.4150e-02)	Acc pseudo  95.31 ( 96.63)	Lr 1.000e-03 (1.000e-03)
2026-01-27 11:28:17,120 - INFO: Round 9, Face Fine-tune Epoch 1: loss=0.0945, acc(pseudo)=96.63%
2026-01-27 11:29:16,791 - INFO: Round 9, Face Fine-tune Epoch 1: acc(valid_pseudo): 0.9826, acc: 0.8793
2026-01-27 11:29:18,657 - INFO: Epoch: [2][  0/582]	Time  0.479 ( 0.479)	Loss 6.3480e-02 (6.3480e-02)	Acc pseudo  98.44 ( 98.44)	Lr 1.000e-03 (1.000e-03)
2026-01-27 11:29:23,340 - INFO: Epoch: [2][ 50/582]	Time  0.046 ( 0.046)	Loss 1.1660e-01 (9.1417e-02)	Acc pseudo  93.75 ( 96.35)	Lr 1.000e-03 (1.000e-03)
2026-01-27 11:29:28,031 - INFO: Epoch: [2][100/582]	Time  0.044 ( 0.044)	Loss 5.2142e-02 (8.7827e-02)	Acc pseudo  96.88 ( 96.46)	Lr 1.000e-03 (1.000e-03)
2026-01-27 11:29:32,716 - INFO: Epoch: [2][150/582]	Time  0.028 ( 0.039)	Loss 1.9996e-02 (8.9472e-02)	Acc pseudo  98.44 ( 96.59)	Lr 1.000e-03 (1.000e-03)
2026-01-27 11:29:37,405 - INFO: Epoch: [2][200/582]	Time  0.030 ( 0.038)	Loss 1.7269e-02 (8.9313e-02)	Acc pseudo 100.00 ( 96.56)	Lr 1.000e-03 (1.000e-03)
2026-01-27 11:29:42,097 - INFO: Epoch: [2][250/582]	Time  0.045 ( 0.037)	Loss 7.5881e-02 (8.7278e-02)	Acc pseudo  95.31 ( 96.63)	Lr 1.000e-03 (1.000e-03)
2026-01-27 11:29:46,798 - INFO: Epoch: [2][300/582]	Time  0.031 ( 0.038)	Loss 3.1706e-02 (8.5402e-02)	Acc pseudo  98.44 ( 96.70)	Lr 1.000e-03 (1.000e-03)
2026-01-27 11:29:51,488 - INFO: Epoch: [2][350/582]	Time  0.030 ( 0.037)	Loss 9.0498e-02 (8.3107e-02)	Acc pseudo  96.88 ( 96.79)	Lr 1.000e-03 (1.000e-03)
2026-01-27 11:29:56,180 - INFO: Epoch: [2][400/582]	Time  0.033 ( 0.036)	Loss 9.7347e-02 (8.2908e-02)	Acc pseudo  93.75 ( 96.87)	Lr 1.000e-03 (1.000e-03)
2026-01-27 11:30:00,873 - INFO: Epoch: [2][450/582]	Time  0.031 ( 0.036)	Loss 6.9883e-02 (8.2835e-02)	Acc pseudo  96.88 ( 96.88)	Lr 1.000e-03 (1.000e-03)
2026-01-27 11:30:05,568 - INFO: Epoch: [2][500/582]	Time  0.033 ( 0.035)	Loss 4.0534e-02 (8.3480e-02)	Acc pseudo  98.44 ( 96.85)	Lr 1.000e-03 (1.000e-03)
2026-01-27 11:30:10,283 - INFO: Epoch: [2][550/582]	Time  0.028 ( 0.035)	Loss 7.6992e-02 (8.3126e-02)	Acc pseudo 100.00 ( 96.87)	Lr 1.000e-03 (1.000e-03)
2026-01-27 11:30:13,276 - INFO: Round 9, Face Fine-tune Epoch 2: loss=0.0841, acc(pseudo)=96.88%
2026-01-27 11:31:14,150 - INFO: Round 9, Face Fine-tune Epoch 2: acc(valid_pseudo): 0.9821, acc: 0.8793
2026-01-27 11:31:14,151 - INFO: Round 9, Face Fine-tune Epoch 2: No improvement. Patience(epoch): 1/3
2026-01-27 11:31:14,680 - INFO: Epoch: [3][  0/582]	Time  0.488 ( 0.488)	Loss 3.2270e-02 (3.2270e-02)	Acc pseudo  98.44 ( 98.44)	Lr 1.000e-03 (1.000e-03)
2026-01-27 11:31:19,373 - INFO: Epoch: [3][ 50/582]	Time  0.029 ( 0.043)	Loss 4.8838e-02 (7.7279e-02)	Acc pseudo  96.88 ( 96.75)	Lr 1.000e-03 (1.000e-03)
2026-01-27 11:31:24,062 - INFO: Epoch: [3][100/582]	Time  0.029 ( 0.039)	Loss 7.5615e-02 (8.0333e-02)	Acc pseudo  95.31 ( 97.00)	Lr 1.000e-03 (1.000e-03)
2026-01-27 11:31:28,757 - INFO: Epoch: [3][150/582]	Time  0.040 ( 0.038)	Loss 4.2921e-02 (8.6316e-02)	Acc pseudo  98.44 ( 96.76)	Lr 1.000e-03 (1.000e-03)
2026-01-27 11:31:33,452 - INFO: Epoch: [3][200/582]	Time  0.028 ( 0.038)	Loss 2.6986e-01 (8.9109e-02)	Acc pseudo  89.06 ( 96.72)	Lr 1.000e-03 (1.000e-03)
2026-01-27 11:31:38,143 - INFO: Epoch: [3][250/582]	Time  0.029 ( 0.036)	Loss 2.3185e-02 (8.6610e-02)	Acc pseudo 100.00 ( 96.69)	Lr 1.000e-03 (1.000e-03)
2026-01-27 11:31:42,948 - INFO: Epoch: [3][300/582]	Time  0.029 ( 0.036)	Loss 4.2772e-02 (8.4978e-02)	Acc pseudo  96.88 ( 96.79)	Lr 1.000e-03 (1.000e-03)
2026-01-27 11:31:47,643 - INFO: Epoch: [3][350/582]	Time  0.031 ( 0.035)	Loss 1.7014e-02 (8.5552e-02)	Acc pseudo 100.00 ( 96.78)	Lr 1.000e-03 (1.000e-03)
2026-01-27 11:31:52,338 - INFO: Epoch: [3][400/582]	Time  0.041 ( 0.035)	Loss 3.0320e-02 (8.6457e-02)	Acc pseudo  98.44 ( 96.75)	Lr 1.000e-03 (1.000e-03)
2026-01-27 11:31:57,035 - INFO: Epoch: [3][450/582]	Time  0.046 ( 0.035)	Loss 1.1357e-01 (8.6386e-02)	Acc pseudo  98.44 ( 96.76)	Lr 1.000e-03 (1.000e-03)
2026-01-27 11:32:01,736 - INFO: Epoch: [3][500/582]	Time  0.028 ( 0.035)	Loss 6.5544e-02 (8.7294e-02)	Acc pseudo  96.88 ( 96.72)	Lr 1.000e-03 (1.000e-03)
2026-01-27 11:32:06,434 - INFO: Epoch: [3][550/582]	Time  0.029 ( 0.036)	Loss 9.4751e-02 (8.7369e-02)	Acc pseudo  96.88 ( 96.73)	Lr 1.000e-03 (1.000e-03)
2026-01-27 11:32:09,441 - INFO: Round 9, Face Fine-tune Epoch 3: loss=0.0866, acc(pseudo)=96.74%
2026-01-27 11:33:09,790 - INFO: Round 9, Face Fine-tune Epoch 3: acc(valid_pseudo): 0.9837, acc: 0.8754
2026-01-27 11:33:11,937 - INFO: Epoch: [4][  0/582]	Time  0.495 ( 0.495)	Loss 4.9549e-02 (4.9549e-02)	Acc pseudo  98.44 ( 98.44)	Lr 1.000e-03 (1.000e-03)
2026-01-27 11:33:16,649 - INFO: Epoch: [4][ 50/582]	Time  0.041 ( 0.044)	Loss 3.0674e-02 (7.4833e-02)	Acc pseudo  96.88 ( 96.84)	Lr 1.000e-03 (1.000e-03)
2026-01-27 11:33:21,389 - INFO: Epoch: [4][100/582]	Time  0.032 ( 0.039)	Loss 9.9330e-02 (7.7271e-02)	Acc pseudo  93.75 ( 96.81)	Lr 1.000e-03 (1.000e-03)
2026-01-27 11:33:26,090 - INFO: Epoch: [4][150/582]	Time  0.030 ( 0.039)	Loss 8.8478e-02 (8.0184e-02)	Acc pseudo  98.44 ( 96.80)	Lr 1.000e-03 (1.000e-03)
2026-01-27 11:33:30,784 - INFO: Epoch: [4][200/582]	Time  0.030 ( 0.037)	Loss 5.3117e-02 (7.8583e-02)	Acc pseudo  96.88 ( 96.89)	Lr 1.000e-03 (1.000e-03)
2026-01-27 11:33:35,481 - INFO: Epoch: [4][250/582]	Time  0.029 ( 0.036)	Loss 2.3121e-02 (8.1835e-02)	Acc pseudo  98.44 ( 96.73)	Lr 1.000e-03 (1.000e-03)
2026-01-27 11:33:40,174 - INFO: Epoch: [4][300/582]	Time  0.032 ( 0.035)	Loss 3.7570e-02 (8.0083e-02)	Acc pseudo  98.44 ( 96.84)	Lr 1.000e-03 (1.000e-03)
2026-01-27 11:33:44,867 - INFO: Epoch: [4][350/582]	Time  0.029 ( 0.034)	Loss 2.6494e-02 (8.2020e-02)	Acc pseudo  98.44 ( 96.81)	Lr 1.000e-03 (1.000e-03)
2026-01-27 11:33:49,562 - INFO: Epoch: [4][400/582]	Time  0.028 ( 0.034)	Loss 3.9303e-02 (8.0525e-02)	Acc pseudo  98.44 ( 96.90)	Lr 1.000e-03 (1.000e-03)
2026-01-27 11:33:54,255 - INFO: Epoch: [4][450/582]	Time  0.029 ( 0.033)	Loss 4.0277e-02 (8.2241e-02)	Acc pseudo  98.44 ( 96.89)	Lr 1.000e-03 (1.000e-03)
2026-01-27 11:33:58,952 - INFO: Epoch: [4][500/582]	Time  0.031 ( 0.033)	Loss 9.5841e-02 (8.2205e-02)	Acc pseudo  96.88 ( 96.90)	Lr 1.000e-03 (1.000e-03)
2026-01-27 11:34:03,663 - INFO: Epoch: [4][550/582]	Time  0.034 ( 0.033)	Loss 3.1258e-02 (8.3043e-02)	Acc pseudo  96.88 ( 96.87)	Lr 1.000e-03 (1.000e-03)
2026-01-27 11:34:06,658 - INFO: Round 9, Face Fine-tune Epoch 4: loss=0.0825, acc(pseudo)=96.90%
2026-01-27 11:35:08,645 - INFO: Round 9, Face Fine-tune Epoch 4: acc(valid_pseudo): 0.9857, acc: 0.8851
2026-01-27 11:35:10,856 - INFO: Epoch: [5][  0/582]	Time  0.518 ( 0.518)	Loss 1.2023e-01 (1.2023e-01)	Acc pseudo  96.88 ( 96.88)	Lr 1.000e-03 (1.000e-03)
2026-01-27 11:35:15,548 - INFO: Epoch: [5][ 50/582]	Time  0.029 ( 0.042)	Loss 3.1255e-02 (8.1884e-02)	Acc pseudo  96.88 ( 96.88)	Lr 1.000e-03 (1.000e-03)
2026-01-27 11:35:20,241 - INFO: Epoch: [5][100/582]	Time  0.046 ( 0.040)	Loss 5.3658e-02 (7.9930e-02)	Acc pseudo  96.88 ( 96.83)	Lr 1.000e-03 (1.000e-03)
2026-01-27 11:35:24,939 - INFO: Epoch: [5][150/582]	Time  0.035 ( 0.039)	Loss 5.7826e-02 (8.4069e-02)	Acc pseudo  96.88 ( 96.89)	Lr 1.000e-03 (1.000e-03)
2026-01-27 11:35:29,682 - INFO: Epoch: [5][200/582]	Time  0.030 ( 0.037)	Loss 1.9882e-01 (8.2352e-02)	Acc pseudo  95.31 ( 96.91)	Lr 1.000e-03 (1.000e-03)
2026-01-27 11:35:34,478 - INFO: Epoch: [5][250/582]	Time  0.043 ( 0.037)	Loss 8.1734e-02 (8.4223e-02)	Acc pseudo  95.31 ( 96.82)	Lr 1.000e-03 (1.000e-03)
2026-01-27 11:35:39,179 - INFO: Epoch: [5][300/582]	Time  0.029 ( 0.037)	Loss 2.3611e-02 (8.3269e-02)	Acc pseudo  98.44 ( 96.88)	Lr 1.000e-03 (1.000e-03)
2026-01-27 11:35:43,875 - INFO: Epoch: [5][350/582]	Time  0.028 ( 0.036)	Loss 5.4689e-02 (8.1766e-02)	Acc pseudo  96.88 ( 96.87)	Lr 1.000e-03 (1.000e-03)
2026-01-27 11:35:48,572 - INFO: Epoch: [5][400/582]	Time  0.033 ( 0.035)	Loss 5.0026e-02 (8.0346e-02)	Acc pseudo  98.44 ( 96.91)	Lr 1.000e-03 (1.000e-03)
2026-01-27 11:35:53,273 - INFO: Epoch: [5][450/582]	Time  0.038 ( 0.035)	Loss 1.4034e-02 (7.9708e-02)	Acc pseudo  98.44 ( 96.93)	Lr 1.000e-03 (1.000e-03)
2026-01-27 11:35:57,972 - INFO: Epoch: [5][500/582]	Time  0.028 ( 0.035)	Loss 5.6032e-02 (8.0244e-02)	Acc pseudo  95.31 ( 96.86)	Lr 1.000e-03 (1.000e-03)
2026-01-27 11:36:02,672 - INFO: Epoch: [5][550/582]	Time  0.041 ( 0.035)	Loss 2.5475e-02 (7.9769e-02)	Acc pseudo 100.00 ( 96.87)	Lr 1.000e-03 (1.000e-03)
2026-01-27 11:36:05,673 - INFO: Round 9, Face Fine-tune Epoch 5: loss=0.0798, acc(pseudo)=96.86%
2026-01-27 11:37:05,250 - INFO: Round 9, Face Fine-tune Epoch 5: acc(valid_pseudo): 0.9852, acc: 0.8802
2026-01-27 11:37:05,251 - INFO: Round 9, Face Fine-tune Epoch 5: No improvement. Patience(epoch): 1/3
2026-01-27 11:37:05,793 - INFO: Epoch: [6][  0/582]	Time  0.508 ( 0.508)	Loss 8.3356e-03 (8.3356e-03)	Acc pseudo 100.00 (100.00)	Lr 1.000e-03 (1.000e-03)
2026-01-27 11:37:10,482 - INFO: Epoch: [6][ 50/582]	Time  0.030 ( 0.041)	Loss 2.4939e-02 (6.2430e-02)	Acc pseudo  98.44 ( 97.21)	Lr 1.000e-03 (1.000e-03)
2026-01-27 11:37:15,173 - INFO: Epoch: [6][100/582]	Time  0.028 ( 0.036)	Loss 1.5170e-01 (6.8378e-02)	Acc pseudo  95.31 ( 97.09)	Lr 1.000e-03 (1.000e-03)
2026-01-27 11:37:19,874 - INFO: Epoch: [6][150/582]	Time  0.028 ( 0.035)	Loss 6.1786e-02 (6.5443e-02)	Acc pseudo  96.88 ( 97.21)	Lr 1.000e-03 (1.000e-03)
2026-01-27 11:37:24,576 - INFO: Epoch: [6][200/582]	Time  0.041 ( 0.035)	Loss 4.4302e-02 (7.5265e-02)	Acc pseudo  96.88 ( 97.11)	Lr 1.000e-03 (1.000e-03)
2026-01-27 11:37:29,278 - INFO: Epoch: [6][250/582]	Time  0.028 ( 0.035)	Loss 1.0173e-01 (7.9078e-02)	Acc pseudo  96.88 ( 97.02)	Lr 1.000e-03 (1.000e-03)
2026-01-27 11:37:33,978 - INFO: Epoch: [6][300/582]	Time  0.029 ( 0.035)	Loss 8.9445e-02 (7.9145e-02)	Acc pseudo  96.88 ( 97.02)	Lr 1.000e-03 (1.000e-03)
2026-01-27 11:37:38,680 - INFO: Epoch: [6][350/582]	Time  0.034 ( 0.035)	Loss 4.9804e-02 (8.1373e-02)	Acc pseudo  98.44 ( 96.96)	Lr 1.000e-03 (1.000e-03)
2026-01-27 11:37:43,381 - INFO: Epoch: [6][400/582]	Time  0.028 ( 0.035)	Loss 6.9013e-03 (7.9722e-02)	Acc pseudo 100.00 ( 96.97)	Lr 1.000e-03 (1.000e-03)
2026-01-27 11:37:48,086 - INFO: Epoch: [6][450/582]	Time  0.043 ( 0.035)	Loss 1.1025e-01 (7.9686e-02)	Acc pseudo  93.75 ( 96.90)	Lr 1.000e-03 (1.000e-03)
2026-01-27 11:37:52,786 - INFO: Epoch: [6][500/582]	Time  0.031 ( 0.035)	Loss 1.1423e-01 (8.0558e-02)	Acc pseudo  95.31 ( 96.90)	Lr 1.000e-03 (1.000e-03)
2026-01-27 11:37:57,487 - INFO: Epoch: [6][550/582]	Time  0.029 ( 0.034)	Loss 1.3441e-01 (8.0431e-02)	Acc pseudo  95.31 ( 96.93)	Lr 1.000e-03 (1.000e-03)
2026-01-27 11:38:00,473 - INFO: Round 9, Face Fine-tune Epoch 6: loss=0.0801, acc(pseudo)=96.92%
2026-01-27 11:39:00,173 - INFO: Round 9, Face Fine-tune Epoch 6: acc(valid_pseudo): 0.9863, acc: 0.8812
2026-01-27 11:39:02,110 - INFO: Epoch: [7][  0/582]	Time  0.558 ( 0.558)	Loss 1.0694e-01 (1.0694e-01)	Acc pseudo  96.88 ( 96.88)	Lr 1.000e-03 (1.000e-03)
2026-01-27 11:39:06,809 - INFO: Epoch: [7][ 50/582]	Time  0.040 ( 0.049)	Loss 5.4897e-02 (6.8085e-02)	Acc pseudo  98.44 ( 96.84)	Lr 1.000e-03 (1.000e-03)
2026-01-27 11:39:11,498 - INFO: Epoch: [7][100/582]	Time  0.031 ( 0.040)	Loss 3.1891e-02 (7.3561e-02)	Acc pseudo  98.44 ( 96.78)	Lr 1.000e-03 (1.000e-03)
2026-01-27 11:39:16,192 - INFO: Epoch: [7][150/582]	Time  0.040 ( 0.038)	Loss 2.1494e-01 (7.4670e-02)	Acc pseudo  92.19 ( 96.78)	Lr 1.000e-03 (1.000e-03)
2026-01-27 11:39:20,888 - INFO: Epoch: [7][200/582]	Time  0.031 ( 0.036)	Loss 7.8953e-02 (7.3033e-02)	Acc pseudo  95.31 ( 96.94)	Lr 1.000e-03 (1.000e-03)
2026-01-27 11:39:25,587 - INFO: Epoch: [7][250/582]	Time  0.039 ( 0.036)	Loss 7.4054e-02 (7.5347e-02)	Acc pseudo  96.88 ( 96.86)	Lr 1.000e-03 (1.000e-03)
2026-01-27 11:39:30,292 - INFO: Epoch: [7][300/582]	Time  0.043 ( 0.036)	Loss 3.4579e-02 (7.1296e-02)	Acc pseudo  96.88 ( 97.03)	Lr 1.000e-03 (1.000e-03)
2026-01-27 11:39:34,988 - INFO: Epoch: [7][350/582]	Time  0.029 ( 0.035)	Loss 6.9331e-02 (7.0740e-02)	Acc pseudo  95.31 ( 97.04)	Lr 1.000e-03 (1.000e-03)
2026-01-27 11:39:39,683 - INFO: Epoch: [7][400/582]	Time  0.029 ( 0.035)	Loss 1.0491e-01 (7.0125e-02)	Acc pseudo  90.62 ( 97.07)	Lr 1.000e-03 (1.000e-03)
2026-01-27 11:39:44,381 - INFO: Epoch: [7][450/582]	Time  0.044 ( 0.034)	Loss 6.6462e-02 (7.1405e-02)	Acc pseudo  95.31 ( 97.05)	Lr 1.000e-03 (1.000e-03)
2026-01-27 11:39:49,081 - INFO: Epoch: [7][500/582]	Time  0.032 ( 0.034)	Loss 1.1332e-01 (7.2336e-02)	Acc pseudo  98.44 ( 97.10)	Lr 1.000e-03 (1.000e-03)
2026-01-27 11:39:53,781 - INFO: Epoch: [7][550/582]	Time  0.032 ( 0.034)	Loss 1.7174e-02 (7.4829e-02)	Acc pseudo 100.00 ( 97.05)	Lr 1.000e-03 (1.000e-03)
2026-01-27 11:39:56,787 - INFO: Round 9, Face Fine-tune Epoch 7: loss=0.0763, acc(pseudo)=97.01%
2026-01-27 11:40:58,356 - INFO: Round 9, Face Fine-tune Epoch 7: acc(valid_pseudo): 0.9846, acc: 0.8793
2026-01-27 11:40:58,357 - INFO: Round 9, Face Fine-tune Epoch 7: No improvement. Patience(epoch): 1/3
2026-01-27 11:40:58,886 - INFO: Epoch: [8][  0/582]	Time  0.491 ( 0.491)	Loss 2.1424e-01 (2.1424e-01)	Acc pseudo  90.62 ( 90.62)	Lr 1.000e-03 (1.000e-03)
2026-01-27 11:41:03,586 - INFO: Epoch: [8][ 50/582]	Time  0.046 ( 0.053)	Loss 1.0548e-01 (1.3482e-01)	Acc pseudo  95.31 ( 95.50)	Lr 1.000e-03 (1.000e-03)
2026-01-27 11:41:08,284 - INFO: Epoch: [8][100/582]	Time  0.046 ( 0.048)	Loss 8.8676e-02 (1.2629e-01)	Acc pseudo  95.31 ( 95.79)	Lr 1.000e-03 (1.000e-03)
2026-01-27 11:41:12,987 - INFO: Epoch: [8][150/582]	Time  0.037 ( 0.045)	Loss 5.0297e-02 (1.2293e-01)	Acc pseudo  96.88 ( 95.52)	Lr 1.000e-03 (1.000e-03)
2026-01-27 11:41:17,692 - INFO: Epoch: [8][200/582]	Time  0.046 ( 0.043)	Loss 1.6267e-01 (1.2549e-01)	Acc pseudo  95.31 ( 95.47)	Lr 1.000e-03 (1.000e-03)
2026-01-27 11:41:22,396 - INFO: Epoch: [8][250/582]	Time  0.042 ( 0.043)	Loss 5.6204e-01 (1.2512e-01)	Acc pseudo  90.62 ( 95.57)	Lr 1.000e-03 (1.000e-03)
2026-01-27 11:41:27,100 - INFO: Epoch: [8][300/582]	Time  0.042 ( 0.042)	Loss 1.1307e-01 (1.2637e-01)	Acc pseudo  95.31 ( 95.50)	Lr 1.000e-03 (1.000e-03)
2026-01-27 11:41:31,802 - INFO: Epoch: [8][350/582]	Time  0.030 ( 0.041)	Loss 8.5262e-02 (1.2325e-01)	Acc pseudo  98.44 ( 95.57)	Lr 1.000e-03 (1.000e-03)
2026-01-27 11:41:36,499 - INFO: Epoch: [8][400/582]	Time  0.029 ( 0.040)	Loss 2.4807e-01 (1.2391e-01)	Acc pseudo  95.31 ( 95.57)	Lr 1.000e-03 (1.000e-03)
2026-01-27 11:41:41,193 - INFO: Epoch: [8][450/582]	Time  0.028 ( 0.039)	Loss 1.5565e-02 (1.2366e-01)	Acc pseudo 100.00 ( 95.52)	Lr 1.000e-03 (1.000e-03)
2026-01-27 11:41:45,890 - INFO: Epoch: [8][500/582]	Time  0.030 ( 0.038)	Loss 5.7193e-02 (1.2616e-01)	Acc pseudo  93.75 ( 95.46)	Lr 1.000e-03 (1.000e-03)
2026-01-27 11:41:50,589 - INFO: Epoch: [8][550/582]	Time  0.043 ( 0.037)	Loss 7.5506e-02 (1.2688e-01)	Acc pseudo  95.31 ( 95.44)	Lr 1.000e-03 (1.000e-03)
2026-01-27 11:41:53,600 - INFO: Round 9, Face Fine-tune Epoch 8: loss=0.1268, acc(pseudo)=95.44%
2026-01-27 11:42:52,988 - INFO: Round 9, Face Fine-tune Epoch 8: acc(valid_pseudo): 0.9830, acc: 0.8802
2026-01-27 11:42:52,989 - INFO: Round 9, Face Fine-tune Epoch 8: No improvement. Patience(epoch): 2/3
2026-01-27 11:42:53,524 - INFO: Epoch: [9][  0/582]	Time  0.497 ( 0.497)	Loss 1.3908e-01 (1.3908e-01)	Acc pseudo  93.75 ( 93.75)	Lr 1.000e-03 (1.000e-03)
2026-01-27 11:42:58,220 - INFO: Epoch: [9][ 50/582]	Time  0.028 ( 0.046)	Loss 1.2040e-01 (1.4029e-01)	Acc pseudo  93.75 ( 95.31)	Lr 1.000e-03 (1.000e-03)
2026-01-27 11:43:03,013 - INFO: Epoch: [9][100/582]	Time  0.031 ( 0.039)	Loss 3.8263e-02 (1.3844e-01)	Acc pseudo  96.88 ( 95.28)	Lr 1.000e-03 (1.000e-03)
2026-01-27 11:43:07,823 - INFO: Epoch: [9][150/582]	Time  0.028 ( 0.037)	Loss 1.2130e-01 (1.3231e-01)	Acc pseudo  92.19 ( 95.32)	Lr 1.000e-03 (1.000e-03)
2026-01-27 11:43:12,517 - INFO: Epoch: [9][200/582]	Time  0.030 ( 0.036)	Loss 1.6540e-01 (1.3657e-01)	Acc pseudo  93.75 ( 95.31)	Lr 1.000e-03 (1.000e-03)
2026-01-27 11:43:17,213 - INFO: Epoch: [9][250/582]	Time  0.039 ( 0.035)	Loss 6.1591e-02 (1.3247e-01)	Acc pseudo  96.88 ( 95.25)	Lr 1.000e-03 (1.000e-03)
2026-01-27 11:43:21,911 - INFO: Epoch: [9][300/582]	Time  0.029 ( 0.034)	Loss 9.8270e-02 (1.3179e-01)	Acc pseudo  95.31 ( 95.30)	Lr 1.000e-03 (1.000e-03)
2026-01-27 11:43:26,610 - INFO: Epoch: [9][350/582]	Time  0.045 ( 0.034)	Loss 1.0815e-01 (1.2939e-01)	Acc pseudo  93.75 ( 95.34)	Lr 1.000e-03 (1.000e-03)
2026-01-27 11:43:31,319 - INFO: Epoch: [9][400/582]	Time  0.044 ( 0.035)	Loss 8.5161e-02 (1.2743e-01)	Acc pseudo  95.31 ( 95.39)	Lr 1.000e-03 (1.000e-03)
2026-01-27 11:43:36,029 - INFO: Epoch: [9][450/582]	Time  0.048 ( 0.036)	Loss 6.9926e-02 (1.2566e-01)	Acc pseudo  96.88 ( 95.39)	Lr 1.000e-03 (1.000e-03)
2026-01-27 11:43:40,738 - INFO: Epoch: [9][500/582]	Time  0.043 ( 0.037)	Loss 1.9853e-01 (1.2696e-01)	Acc pseudo  93.75 ( 95.36)	Lr 1.000e-03 (1.000e-03)
2026-01-27 11:43:45,439 - INFO: Epoch: [9][550/582]	Time  0.030 ( 0.037)	Loss 1.1905e-01 (1.2510e-01)	Acc pseudo  93.75 ( 95.37)	Lr 1.000e-03 (1.000e-03)
2026-01-27 11:43:48,469 - INFO: Round 9, Face Fine-tune Epoch 9: loss=0.1241, acc(pseudo)=95.38%
2026-01-27 11:44:48,559 - INFO: Round 9, Face Fine-tune Epoch 9: acc(valid_pseudo): 0.9847, acc: 0.8822
2026-01-27 11:44:48,559 - INFO: Round 9, Face Fine-tune Epoch 9: No improvement. Patience(epoch): 3/3
2026-01-27 11:44:48,559 - INFO: Early stopping at face epoch 9
2026-01-27 11:44:48,560 - INFO: Round 9: Best face fine-tuned epoch=6, acc(valid_pseudo)=0.9863
2026-01-27 11:44:48,683 - INFO: Using HMM model from previous round: runs/I love my family/exp_video_overlap/result/self_supervised/exp0/round8/pseudo_label/hmm_params.pkl
2026-01-27 13:08:03,075 - INFO: Round 9: speaker_acc=0.8670
2026-01-27 13:08:03,084 - INFO: Round 9: face_acc=0.8832
2026-01-27 13:08:03,086 - INFO: ====================
2026-01-27 13:08:03,086 - INFO: Self-supervised fine-tuning completed!
2026-01-27 13:08:03,086 - INFO: Initial speaker: acc=0.8060
2026-01-27 13:08:03,086 - INFO: Final speaker at round 9: acc=0.8670
2026-01-27 13:08:03,086 - INFO: Speaker improvement: 0.0610 (7.57%)
2026-01-27 13:08:03,086 - INFO: Initial face: acc=0.8617
2026-01-27 13:08:03,086 - INFO: Final face at round 9: acc=0.8832
2026-01-27 13:08:03,087 - INFO: Face improvement: 0.0215 (2.50%)
2026-01-27 13:08:03,087 - INFO: ====================
