2025-12-24 00:24:54,255 - INFO: Starting self-supervised fine-tuning pipeline
2025-12-24 00:24:54,256 - INFO: Device: cuda:0
2025-12-24 00:24:54,260 - INFO: Saved arguments to runs/the big bang theory/exp_video/result/self_supervised/exp1/args.json
2025-12-24 00:24:54,260 - INFO: ====================
2025-12-24 00:24:54,260 - INFO: Initialization: Initial clustering with HMM correction
2025-12-24 00:24:54,260 - INFO: ====================
2025-12-24 00:24:54,340 - INFO: Skipping initial clustering, using existing results.
2025-12-24 00:25:06,282 - INFO: Initial: speaker_acc=0.9130
2025-12-24 00:25:06,282 - INFO: Initial: face_acc=0.9074
2025-12-24 00:25:06,309 - INFO: ====================
2025-12-24 00:25:06,310 - INFO: Round 0: Fine-tuning iteration
2025-12-24 00:25:06,310 - INFO: ====================
2025-12-24 00:25:06,411 - INFO: Round 0 Part 1: Fine-tuning embedding model
2025-12-24 00:25:06,413 - INFO: Using pseudo-label file: runs/the big bang theory/exp_video/result/self_supervised/exp1/initial/pseudo_label/pseudo_labels_audio_nested_hmm_full(unreliable_pp=5.0).json
2025-12-24 00:25:09,475 - INFO: Speaker embedding dimension: 512
2025-12-24 00:25:10,023 - INFO: Saved speaker config_model to runs/the big bang theory/exp_video/result/self_supervised/exp1/round0/config_model_speaker.json
2025-12-24 00:25:10,929 - INFO: Face embedding dimension: 512
2025-12-24 00:25:10,929 - INFO: Loading face pretrained model from pretrained_models/pytorch_model_tongyi.bin
2025-12-24 00:25:13,121 - INFO: Face model weights loaded successfully
2025-12-24 00:26:38,674 - INFO: Extracting hidden features for all speaker samples, which are outputs of StatsPool layer...
2025-12-24 00:26:38,674 - INFO: args.unfrozen_layers_num=2 is not used when extracting hidden features.
2025-12-24 00:30:30,495 - INFO: Hidden features extracted for 6829 speaker samples
2025-12-24 00:30:30,546 - INFO: Using face pseudo-label file: runs/the big bang theory/exp_video/result/self_supervised/exp1/initial/pseudo_label/pseudo_labels_faces_mid_frame.json
2025-12-24 00:30:30,580 - INFO: Created face dataloader with 14646 samples
2025-12-24 00:30:30,583 - INFO: Warmup training speaker classifier for 2 epochs...
2025-12-24 00:30:31,267 - INFO: Epoch: [0][  0/107]	Time  0.680 ( 0.680)	Loss 2.6408e+00 (2.6408e+00)	Acc pseudo   1.56 (  1.56)	Lr 1.000e-03 (1.000e-03)
2025-12-24 00:30:31,401 - INFO: Epoch: [0][ 50/107]	Time  0.002 ( 0.016)	Loss 6.5299e-01 (1.2161e+00)	Acc pseudo  89.06 ( 78.03)	Lr 1.000e-03 (1.000e-03)
2025-12-24 00:30:31,525 - INFO: Epoch: [0][100/107]	Time  0.002 ( 0.009)	Loss 6.4303e-01 (8.6902e-01)	Acc pseudo  87.50 ( 84.87)	Lr 1.000e-03 (1.000e-03)
2025-12-24 00:30:31,579 - INFO: Round 0, Speaker Warmup Epoch 0: loss=0.8450, acc(pseudo)=85.30%
2025-12-24 00:30:31,743 - INFO: Epoch: [1][  0/107]	Time  0.160 ( 0.160)	Loss 4.9938e-01 (4.9938e-01)	Acc pseudo  93.75 ( 93.75)	Lr 1.000e-03 (1.000e-03)
2025-12-24 00:30:31,870 - INFO: Epoch: [1][ 50/107]	Time  0.002 ( 0.005)	Loss 2.7733e-01 (3.8435e-01)	Acc pseudo  95.31 ( 92.92)	Lr 1.000e-03 (1.000e-03)
2025-12-24 00:30:31,993 - INFO: Epoch: [1][100/107]	Time  0.002 ( 0.004)	Loss 3.9138e-01 (3.6594e-01)	Acc pseudo  89.06 ( 93.10)	Lr 1.000e-03 (1.000e-03)
2025-12-24 00:30:32,043 - INFO: Round 0, Speaker Warmup Epoch 1: loss=0.3678, acc(pseudo)=93.09%
2025-12-24 00:30:32,047 - INFO: Warmup training face classifier for 2 epochs...
2025-12-24 00:30:32,992 - INFO: Epoch: [0][  0/229]	Time  0.919 ( 0.919)	Loss 2.8906e+00 (2.8906e+00)	Acc pseudo   1.56 (  1.56)	Lr 1.000e-03 (1.000e-03)
2025-12-24 00:30:37,573 - INFO: Epoch: [0][ 50/229]	Time  0.026 ( 0.044)	Loss 1.6329e+00 (1.9748e+00)	Acc pseudo  67.19 ( 57.75)	Lr 1.000e-03 (1.000e-03)
2025-12-24 00:30:42,148 - INFO: Epoch: [0][100/229]	Time  0.025 ( 0.035)	Loss 1.0211e+00 (1.5732e+00)	Acc pseudo  78.12 ( 67.99)	Lr 1.000e-03 (1.000e-03)
2025-12-24 00:30:46,730 - INFO: Epoch: [0][150/229]	Time  0.027 ( 0.033)	Loss 5.7950e-01 (1.3753e+00)	Acc pseudo  89.06 ( 72.60)	Lr 1.000e-03 (1.000e-03)
2025-12-24 00:30:51,358 - INFO: Epoch: [0][200/229]	Time  0.026 ( 0.032)	Loss 6.9936e-01 (1.2514e+00)	Acc pseudo  84.38 ( 75.62)	Lr 1.000e-03 (1.000e-03)
2025-12-24 00:30:53,994 - INFO: Round 0, Face Warmup Epoch 0: loss=1.1961, acc(pseudo)=76.64%
2025-12-24 00:30:54,419 - INFO: Epoch: [1][  0/229]	Time  0.368 ( 0.368)	Loss 9.1927e-01 (9.1927e-01)	Acc pseudo  81.25 ( 81.25)	Lr 1.000e-03 (1.000e-03)
2025-12-24 00:30:59,006 - INFO: Epoch: [1][ 50/229]	Time  0.027 ( 0.032)	Loss 7.1430e-01 (6.4569e-01)	Acc pseudo  90.62 ( 85.78)	Lr 1.000e-03 (1.000e-03)
2025-12-24 00:31:03,599 - INFO: Epoch: [1][100/229]	Time  0.038 ( 0.029)	Loss 8.4195e-01 (6.3122e-01)	Acc pseudo  85.94 ( 86.46)	Lr 1.000e-03 (1.000e-03)
2025-12-24 00:31:08,195 - INFO: Epoch: [1][150/229]	Time  0.025 ( 0.028)	Loss 8.8639e-01 (6.3731e-01)	Acc pseudo  90.62 ( 86.07)	Lr 1.000e-03 (1.000e-03)
2025-12-24 00:31:12,793 - INFO: Epoch: [1][200/229]	Time  0.025 ( 0.028)	Loss 7.3010e-01 (6.2812e-01)	Acc pseudo  79.69 ( 86.17)	Lr 1.000e-03 (1.000e-03)
2025-12-24 00:31:15,420 - INFO: Round 0, Face Warmup Epoch 1: loss=0.6211, acc(pseudo)=86.22%
2025-12-24 00:31:15,430 - INFO: Fine-tuning speaker embedding model for 20 epochs...
2025-12-24 00:31:16,269 - INFO: Epoch: [0][  0/107]	Time  0.836 ( 0.836)	Loss 4.1051e-01 (4.1051e-01)	Acc pseudo  90.62 ( 90.62)	Lr 1.000e-03 (1.000e-03)
2025-12-24 00:31:16,424 - INFO: Epoch: [0][ 50/107]	Time  0.003 ( 0.019)	Loss 4.4636e-01 (5.0941e-01)	Acc pseudo  84.38 ( 89.61)	Lr 1.000e-03 (1.000e-03)
2025-12-24 00:31:16,564 - INFO: Epoch: [0][100/107]	Time  0.002 ( 0.011)	Loss 1.8894e-01 (4.6678e-01)	Acc pseudo  96.88 ( 90.47)	Lr 1.000e-03 (1.000e-03)
2025-12-24 00:31:16,624 - INFO: Round 0, Fine-tune Epoch 0: loss=0.4614, acc(pseudo)=90.51%
2025-12-24 00:31:21,269 - INFO: Round 0, Fine-tune Epoch 0: acc(valid_pseudo): 0.9849, acc: 0.8920
2025-12-24 00:31:21,522 - INFO: Epoch: [1][  0/107]	Time  0.166 ( 0.166)	Loss 1.9414e-01 (1.9414e-01)	Acc pseudo  95.31 ( 95.31)	Lr 1.000e-03 (1.000e-03)
2025-12-24 00:31:21,681 - INFO: Epoch: [1][ 50/107]	Time  0.003 ( 0.006)	Loss 2.0475e-01 (3.0741e-01)	Acc pseudo  92.19 ( 93.47)	Lr 1.000e-03 (1.000e-03)
2025-12-24 00:31:21,820 - INFO: Epoch: [1][100/107]	Time  0.002 ( 0.005)	Loss 8.2346e-02 (3.1021e-01)	Acc pseudo  98.44 ( 93.16)	Lr 1.000e-03 (1.000e-03)
2025-12-24 00:31:21,879 - INFO: Round 0, Fine-tune Epoch 1: loss=0.3125, acc(pseudo)=93.12%
2025-12-24 00:31:25,881 - INFO: Round 0, Fine-tune Epoch 1: acc(valid_pseudo): 0.8184, acc: 0.7985
2025-12-24 00:31:25,881 - INFO: Round 0, Speaker Fine-tune Epoch 1: No improvement in validation accuracy. Patience(epoch): 1/3
2025-12-24 00:31:26,120 - INFO: Epoch: [2][  0/107]	Time  0.233 ( 0.233)	Loss 1.6626e-01 (1.6626e-01)	Acc pseudo  95.31 ( 95.31)	Lr 1.000e-03 (1.000e-03)
2025-12-24 00:31:26,310 - INFO: Epoch: [2][ 50/107]	Time  0.004 ( 0.008)	Loss 3.1436e-01 (2.7200e-01)	Acc pseudo  93.75 ( 93.60)	Lr 1.000e-03 (1.000e-03)
2025-12-24 00:31:26,493 - INFO: Epoch: [2][100/107]	Time  0.003 ( 0.006)	Loss 1.3859e-01 (2.6782e-01)	Acc pseudo  93.75 ( 93.70)	Lr 1.000e-03 (1.000e-03)
2025-12-24 00:31:26,559 - INFO: Round 0, Fine-tune Epoch 2: loss=0.2665, acc(pseudo)=93.78%
2025-12-24 00:31:30,594 - INFO: Round 0, Fine-tune Epoch 2: acc(valid_pseudo): 0.9213, acc: 0.8535
2025-12-24 00:31:30,594 - INFO: Round 0, Speaker Fine-tune Epoch 2: No improvement in validation accuracy. Patience(epoch): 2/3
2025-12-24 00:31:30,767 - INFO: Epoch: [3][  0/107]	Time  0.168 ( 0.168)	Loss 2.6738e-01 (2.6738e-01)	Acc pseudo  93.75 ( 93.75)	Lr 1.000e-03 (1.000e-03)
2025-12-24 00:31:30,939 - INFO: Epoch: [3][ 50/107]	Time  0.003 ( 0.007)	Loss 1.7883e-01 (2.0407e-01)	Acc pseudo  96.88 ( 95.07)	Lr 1.000e-03 (1.000e-03)
2025-12-24 00:31:31,090 - INFO: Epoch: [3][100/107]	Time  0.002 ( 0.005)	Loss 1.0377e-01 (2.2231e-01)	Acc pseudo  96.88 ( 94.65)	Lr 1.000e-03 (1.000e-03)
2025-12-24 00:31:31,149 - INFO: Round 0, Fine-tune Epoch 3: loss=0.2239, acc(pseudo)=94.54%
2025-12-24 00:31:35,145 - INFO: Round 0, Fine-tune Epoch 3: acc(valid_pseudo): 0.9925, acc: 0.8680
2025-12-24 00:31:35,420 - INFO: Epoch: [4][  0/107]	Time  0.192 ( 0.192)	Loss 1.8867e-01 (1.8867e-01)	Acc pseudo  93.75 ( 93.75)	Lr 1.000e-03 (1.000e-03)
2025-12-24 00:31:35,582 - INFO: Epoch: [4][ 50/107]	Time  0.003 ( 0.007)	Loss 1.0398e-01 (2.2039e-01)	Acc pseudo  98.44 ( 94.61)	Lr 1.000e-03 (1.000e-03)
2025-12-24 00:31:35,729 - INFO: Epoch: [4][100/107]	Time  0.002 ( 0.005)	Loss 1.9807e-01 (2.1677e-01)	Acc pseudo  93.75 ( 94.83)	Lr 1.000e-03 (1.000e-03)
2025-12-24 00:31:35,784 - INFO: Round 0, Fine-tune Epoch 4: loss=0.2148, acc(pseudo)=94.82%
2025-12-24 00:31:41,953 - INFO: Round 0, Fine-tune Epoch 4: acc(valid_pseudo): 0.9615, acc: 0.8750
2025-12-24 00:31:41,953 - INFO: Round 0, Speaker Fine-tune Epoch 4: No improvement in validation accuracy. Patience(epoch): 1/3
2025-12-24 00:31:42,126 - INFO: Epoch: [5][  0/107]	Time  0.168 ( 0.168)	Loss 2.0560e-01 (2.0560e-01)	Acc pseudo  93.75 ( 93.75)	Lr 1.000e-03 (1.000e-03)
2025-12-24 00:31:42,286 - INFO: Epoch: [5][ 50/107]	Time  0.003 ( 0.006)	Loss 1.9744e-01 (1.7360e-01)	Acc pseudo  96.88 ( 95.31)	Lr 1.000e-03 (1.000e-03)
2025-12-24 00:31:42,432 - INFO: Epoch: [5][100/107]	Time  0.002 ( 0.005)	Loss 2.8421e-01 (1.8416e-01)	Acc pseudo  93.75 ( 95.10)	Lr 1.000e-03 (1.000e-03)
2025-12-24 00:31:42,487 - INFO: Round 0, Fine-tune Epoch 5: loss=0.1858, acc(pseudo)=95.07%
2025-12-24 00:31:47,198 - INFO: Round 0, Fine-tune Epoch 5: acc(valid_pseudo): 0.9799, acc: 0.9010
2025-12-24 00:31:47,198 - INFO: Round 0, Speaker Fine-tune Epoch 5: No improvement in validation accuracy. Patience(epoch): 2/3
2025-12-24 00:31:47,375 - INFO: Epoch: [6][  0/107]	Time  0.171 ( 0.171)	Loss 1.3586e-01 (1.3586e-01)	Acc pseudo  96.88 ( 96.88)	Lr 1.000e-03 (1.000e-03)
2025-12-24 00:31:47,534 - INFO: Epoch: [6][ 50/107]	Time  0.003 ( 0.006)	Loss 4.5846e-02 (1.7523e-01)	Acc pseudo  98.44 ( 95.59)	Lr 1.000e-03 (1.000e-03)
2025-12-24 00:31:47,679 - INFO: Epoch: [6][100/107]	Time  0.002 ( 0.005)	Loss 1.8919e-02 (1.7980e-01)	Acc pseudo 100.00 ( 95.50)	Lr 1.000e-03 (1.000e-03)
2025-12-24 00:31:47,735 - INFO: Round 0, Fine-tune Epoch 6: loss=0.1812, acc(pseudo)=95.42%
2025-12-24 00:31:51,763 - INFO: Round 0, Fine-tune Epoch 6: acc(valid_pseudo): 0.9799, acc: 0.8680
2025-12-24 00:31:51,763 - INFO: Round 0, Speaker Fine-tune Epoch 6: No improvement in validation accuracy. Patience(epoch): 3/3
2025-12-24 00:31:51,763 - INFO: Early stopping at epoch 6 due to no improvement in validation accuracy for 3 epochs.
2025-12-24 00:31:51,764 - INFO: Round 0: Best speaker fine-tuned epoch=3, acc(valid_pseudo)=0.9925
2025-12-24 00:31:51,769 - INFO: Fine-tuning face embedding model for 20 epochs...
2025-12-24 00:31:52,245 - INFO: Epoch: [0][  0/229]	Time  0.473 ( 0.473)	Loss 5.2859e-01 (5.2859e-01)	Acc pseudo  85.94 ( 85.94)	Lr 1.000e-03 (1.000e-03)
2025-12-24 00:31:56,905 - INFO: Epoch: [0][ 50/229]	Time  0.029 ( 0.037)	Loss 1.3404e+00 (9.7352e-01)	Acc pseudo  78.12 ( 78.71)	Lr 1.000e-03 (1.000e-03)
2025-12-24 00:32:01,564 - INFO: Epoch: [0][100/229]	Time  0.030 ( 0.033)	Loss 9.1904e-01 (8.5295e-01)	Acc pseudo  76.56 ( 80.58)	Lr 1.000e-03 (1.000e-03)
2025-12-24 00:32:06,226 - INFO: Epoch: [0][150/229]	Time  0.027 ( 0.031)	Loss 5.7627e-01 (7.6645e-01)	Acc pseudo  89.06 ( 82.62)	Lr 1.000e-03 (1.000e-03)
2025-12-24 00:32:10,890 - INFO: Epoch: [0][200/229]	Time  0.027 ( 0.031)	Loss 3.0227e-01 (7.0100e-01)	Acc pseudo  95.31 ( 83.76)	Lr 1.000e-03 (1.000e-03)
2025-12-24 00:32:13,553 - INFO: Round 0, Face Fine-tune Epoch 0: loss=0.6746, acc(pseudo)=84.22%
2025-12-24 00:32:39,625 - INFO: Round 0, Face Fine-tune Epoch 0: acc(valid_pseudo): 0.9446, acc: 0.8906
2025-12-24 00:32:40,093 - INFO: Epoch: [1][  0/229]	Time  0.411 ( 0.411)	Loss 4.1291e-01 (4.1291e-01)	Acc pseudo  89.06 ( 89.06)	Lr 1.000e-03 (1.000e-03)
2025-12-24 00:32:44,768 - INFO: Epoch: [1][ 50/229]	Time  0.026 ( 0.035)	Loss 3.5418e-01 (3.3061e-01)	Acc pseudo  92.19 ( 89.98)	Lr 1.000e-03 (1.000e-03)
2025-12-24 00:32:49,446 - INFO: Epoch: [1][100/229]	Time  0.027 ( 0.031)	Loss 3.1409e-01 (3.1194e-01)	Acc pseudo  92.19 ( 90.76)	Lr 1.000e-03 (1.000e-03)
2025-12-24 00:32:54,126 - INFO: Epoch: [1][150/229]	Time  0.028 ( 0.029)	Loss 1.0036e+00 (3.3854e-01)	Acc pseudo  93.75 ( 90.40)	Lr 1.000e-03 (1.000e-03)
2025-12-24 00:32:58,812 - INFO: Epoch: [1][200/229]	Time  0.026 ( 0.029)	Loss 4.7969e-01 (3.3678e-01)	Acc pseudo  85.94 ( 90.28)	Lr 1.000e-03 (1.000e-03)
2025-12-24 00:33:01,485 - INFO: Round 0, Face Fine-tune Epoch 1: loss=0.3317, acc(pseudo)=90.27%
2025-12-24 00:33:27,056 - INFO: Round 0, Face Fine-tune Epoch 1: acc(valid_pseudo): 0.9611, acc: 0.8990
2025-12-24 00:33:27,567 - INFO: Epoch: [2][  0/229]	Time  0.453 ( 0.453)	Loss 2.5861e-01 (2.5861e-01)	Acc pseudo  89.06 ( 89.06)	Lr 1.000e-03 (1.000e-03)
2025-12-24 00:33:32,255 - INFO: Epoch: [2][ 50/229]	Time  0.027 ( 0.037)	Loss 1.9452e-01 (2.5567e-01)	Acc pseudo  90.62 ( 91.88)	Lr 1.000e-03 (1.000e-03)
2025-12-24 00:33:36,943 - INFO: Epoch: [2][100/229]	Time  0.026 ( 0.032)	Loss 3.2861e-01 (2.6391e-01)	Acc pseudo  89.06 ( 91.58)	Lr 1.000e-03 (1.000e-03)
2025-12-24 00:33:41,636 - INFO: Epoch: [2][150/229]	Time  0.027 ( 0.030)	Loss 2.7634e-01 (2.6427e-01)	Acc pseudo  93.75 ( 91.46)	Lr 1.000e-03 (1.000e-03)
2025-12-24 00:33:46,329 - INFO: Epoch: [2][200/229]	Time  0.027 ( 0.030)	Loss 2.3102e-01 (2.6754e-01)	Acc pseudo  92.19 ( 91.22)	Lr 1.000e-03 (1.000e-03)
2025-12-24 00:33:49,014 - INFO: Round 0, Face Fine-tune Epoch 2: loss=0.2814, acc(pseudo)=91.32%
2025-12-24 00:34:15,436 - INFO: Round 0, Face Fine-tune Epoch 2: acc(valid_pseudo): 0.9691, acc: 0.9008
2025-12-24 00:34:15,891 - INFO: Epoch: [3][  0/229]	Time  0.399 ( 0.399)	Loss 1.6576e-01 (1.6576e-01)	Acc pseudo  92.19 ( 92.19)	Lr 1.000e-03 (1.000e-03)
2025-12-24 00:34:20,586 - INFO: Epoch: [3][ 50/229]	Time  0.028 ( 0.037)	Loss 2.0201e-01 (2.4345e-01)	Acc pseudo  95.31 ( 92.56)	Lr 1.000e-03 (1.000e-03)
2025-12-24 00:34:25,276 - INFO: Epoch: [3][100/229]	Time  0.027 ( 0.032)	Loss 3.4562e-01 (2.2316e-01)	Acc pseudo  84.38 ( 92.62)	Lr 1.000e-03 (1.000e-03)
2025-12-24 00:34:29,968 - INFO: Epoch: [3][150/229]	Time  0.026 ( 0.031)	Loss 2.5185e-01 (2.2002e-01)	Acc pseudo  92.19 ( 92.80)	Lr 1.000e-03 (1.000e-03)
2025-12-24 00:34:34,663 - INFO: Epoch: [3][200/229]	Time  0.028 ( 0.030)	Loss 3.9490e-01 (2.2718e-01)	Acc pseudo  89.06 ( 92.72)	Lr 1.000e-03 (1.000e-03)
2025-12-24 00:34:37,341 - INFO: Round 0, Face Fine-tune Epoch 3: loss=0.2346, acc(pseudo)=92.70%
2025-12-24 00:35:03,208 - INFO: Round 0, Face Fine-tune Epoch 3: acc(valid_pseudo): 0.9732, acc: 0.9102
2025-12-24 00:35:03,718 - INFO: Epoch: [4][  0/229]	Time  0.446 ( 0.446)	Loss 8.9499e-02 (8.9499e-02)	Acc pseudo  95.31 ( 95.31)	Lr 1.000e-03 (1.000e-03)
2025-12-24 00:35:08,412 - INFO: Epoch: [4][ 50/229]	Time  0.039 ( 0.041)	Loss 1.9146e-01 (1.6616e-01)	Acc pseudo  92.19 ( 93.50)	Lr 1.000e-03 (1.000e-03)
2025-12-24 00:35:13,105 - INFO: Epoch: [4][100/229]	Time  0.028 ( 0.035)	Loss 1.4515e-01 (1.7346e-01)	Acc pseudo  93.75 ( 93.81)	Lr 1.000e-03 (1.000e-03)
2025-12-24 00:35:17,799 - INFO: Epoch: [4][150/229]	Time  0.028 ( 0.032)	Loss 2.9252e-01 (1.8243e-01)	Acc pseudo  81.25 ( 93.67)	Lr 1.000e-03 (1.000e-03)
2025-12-24 00:35:22,495 - INFO: Epoch: [4][200/229]	Time  0.027 ( 0.031)	Loss 2.1183e-01 (1.8266e-01)	Acc pseudo  95.31 ( 93.76)	Lr 1.000e-03 (1.000e-03)
2025-12-24 00:35:25,184 - INFO: Round 0, Face Fine-tune Epoch 4: loss=0.1860, acc(pseudo)=93.72%
2025-12-24 00:35:51,228 - INFO: Round 0, Face Fine-tune Epoch 4: acc(valid_pseudo): 0.9756, acc: 0.9102
2025-12-24 00:35:51,315 - INFO: Round 0: Best face fine-tuned epoch=4, acc(valid_pseudo)=0.9756
2025-12-24 00:35:51,336 - INFO: Using HMM model from previous round: runs/the big bang theory/exp_video/result/self_supervised/exp1/initial/pseudo_label/hmm_params.pkl
2025-12-24 00:47:42,047 - INFO: Round 0: speaker_acc=0.9085
2025-12-24 00:47:42,051 - INFO: Round 0: face_acc=0.9102
2025-12-24 00:47:42,054 - INFO: ====================
2025-12-24 00:47:42,054 - INFO: Round 1: Fine-tuning iteration
2025-12-24 00:47:42,054 - INFO: ====================
2025-12-24 00:47:42,135 - INFO: Round 1 Part 1: Fine-tuning embedding model
2025-12-24 00:47:42,136 - INFO: Using pseudo-label file: runs/the big bang theory/exp_video/result/self_supervised/exp1/round0/pseudo_label/pseudo_labels_audio_nested_hmm_full(unreliable_pp=5.0).json
2025-12-24 00:47:42,284 - INFO: Using face pseudo-label file: runs/the big bang theory/exp_video/result/self_supervised/exp1/round0/pseudo_label/pseudo_labels_faces_mid_frame_nested_hmm_full.json
2025-12-24 00:47:42,299 - INFO: Created face dataloader with 14646 samples
2025-12-24 00:47:42,335 - INFO: Warmup training face classifier for 2 epochs...
2025-12-24 00:47:43,009 - INFO: Epoch: [0][  0/229]	Time  0.669 ( 0.669)	Loss 3.1939e+00 (3.1939e+00)	Acc pseudo   7.81 (  7.81)	Lr 1.000e-03 (1.000e-03)
2025-12-24 00:47:47,582 - INFO: Epoch: [0][ 50/229]	Time  0.026 ( 0.040)	Loss 4.3214e-01 (1.2268e+00)	Acc pseudo  93.75 ( 83.24)	Lr 1.000e-03 (1.000e-03)
2025-12-24 00:47:52,156 - INFO: Epoch: [0][100/229]	Time  0.027 ( 0.033)	Loss 7.3535e-01 (9.6760e-01)	Acc pseudo  93.75 ( 88.32)	Lr 1.000e-03 (1.000e-03)
2025-12-24 00:47:56,738 - INFO: Epoch: [0][150/229]	Time  0.028 ( 0.032)	Loss 1.0028e-01 (8.0492e-01)	Acc pseudo  98.44 ( 90.35)	Lr 1.000e-03 (1.000e-03)
2025-12-24 00:48:01,324 - INFO: Epoch: [0][200/229]	Time  0.028 ( 0.032)	Loss 2.5332e-01 (7.0939e-01)	Acc pseudo  96.88 ( 91.44)	Lr 1.000e-03 (1.000e-03)
2025-12-24 00:48:03,946 - INFO: Round 1, Face Warmup Epoch 0: loss=0.6630, acc(pseudo)=91.84%
2025-12-24 00:48:04,391 - INFO: Epoch: [1][  0/229]	Time  0.401 ( 0.401)	Loss 2.4802e-01 (2.4802e-01)	Acc pseudo  95.31 ( 95.31)	Lr 1.000e-03 (1.000e-03)
2025-12-24 00:48:08,982 - INFO: Epoch: [1][ 50/229]	Time  0.028 ( 0.035)	Loss 1.2546e-01 (3.2834e-01)	Acc pseudo  95.31 ( 94.24)	Lr 1.000e-03 (1.000e-03)
2025-12-24 00:48:13,580 - INFO: Epoch: [1][100/229]	Time  0.026 ( 0.034)	Loss 1.8321e-01 (2.9659e-01)	Acc pseudo  93.75 ( 94.65)	Lr 1.000e-03 (1.000e-03)
2025-12-24 00:48:18,174 - INFO: Epoch: [1][150/229]	Time  0.027 ( 0.031)	Loss 4.2355e-01 (3.0240e-01)	Acc pseudo  96.88 ( 94.35)	Lr 1.000e-03 (1.000e-03)
2025-12-24 00:48:22,771 - INFO: Epoch: [1][200/229]	Time  0.027 ( 0.030)	Loss 1.7221e-01 (3.0456e-01)	Acc pseudo  96.88 ( 94.38)	Lr 1.000e-03 (1.000e-03)
2025-12-24 00:48:25,396 - INFO: Round 1, Face Warmup Epoch 1: loss=0.3073, acc(pseudo)=94.26%
2025-12-24 00:48:25,403 - INFO: Fine-tuning speaker embedding model for 20 epochs...
2025-12-24 00:48:25,602 - INFO: Epoch: [0][  0/107]	Time  0.195 ( 0.195)	Loss 2.1450e-01 (2.1450e-01)	Acc pseudo  92.19 ( 92.19)	Lr 1.000e-03 (1.000e-03)
2025-12-24 00:48:25,773 - INFO: Epoch: [0][ 50/107]	Time  0.003 ( 0.007)	Loss 1.7771e-01 (2.8881e-01)	Acc pseudo  93.75 ( 93.60)	Lr 1.000e-03 (1.000e-03)
2025-12-24 00:48:25,935 - INFO: Epoch: [0][100/107]	Time  0.002 ( 0.005)	Loss 2.8422e-01 (2.8222e-01)	Acc pseudo  90.62 ( 93.97)	Lr 1.000e-03 (1.000e-03)
2025-12-24 00:48:25,991 - INFO: Round 1, Fine-tune Epoch 0: loss=0.2791, acc(pseudo)=94.03%
2025-12-24 00:48:30,018 - INFO: Round 1, Fine-tune Epoch 0: acc(valid_pseudo): 0.9958, acc: 0.9145
2025-12-24 00:48:30,282 - INFO: Epoch: [1][  0/107]	Time  0.174 ( 0.174)	Loss 3.2330e-01 (3.2330e-01)	Acc pseudo  96.88 ( 96.88)	Lr 1.000e-03 (1.000e-03)
2025-12-24 00:48:30,447 - INFO: Epoch: [1][ 50/107]	Time  0.003 ( 0.007)	Loss 7.7952e-02 (2.0600e-01)	Acc pseudo  96.88 ( 94.98)	Lr 1.000e-03 (1.000e-03)
2025-12-24 00:48:30,595 - INFO: Epoch: [1][100/107]	Time  0.002 ( 0.005)	Loss 1.9675e-01 (2.1406e-01)	Acc pseudo  93.75 ( 94.68)	Lr 1.000e-03 (1.000e-03)
2025-12-24 00:48:30,650 - INFO: Round 1, Fine-tune Epoch 1: loss=0.2177, acc(pseudo)=94.66%
2025-12-24 00:48:35,492 - INFO: Round 1, Fine-tune Epoch 1: acc(valid_pseudo): 0.9540, acc: 0.8250
2025-12-24 00:48:35,492 - INFO: Round 1, Speaker Fine-tune Epoch 1: No improvement in validation accuracy. Patience(epoch): 1/3
2025-12-24 00:48:35,673 - INFO: Epoch: [2][  0/107]	Time  0.175 ( 0.175)	Loss 2.7974e-01 (2.7974e-01)	Acc pseudo  90.62 ( 90.62)	Lr 1.000e-03 (1.000e-03)
2025-12-24 00:48:35,848 - INFO: Epoch: [2][ 50/107]	Time  0.003 ( 0.007)	Loss 2.7647e-01 (1.7233e-01)	Acc pseudo  92.19 ( 95.56)	Lr 1.000e-03 (1.000e-03)
2025-12-24 00:48:36,004 - INFO: Epoch: [2][100/107]	Time  0.002 ( 0.005)	Loss 1.0046e-01 (1.6974e-01)	Acc pseudo  95.31 ( 95.58)	Lr 1.000e-03 (1.000e-03)
2025-12-24 00:48:36,060 - INFO: Round 1, Fine-tune Epoch 2: loss=0.1701, acc(pseudo)=95.52%
2025-12-24 00:48:41,414 - INFO: Round 1, Fine-tune Epoch 2: acc(valid_pseudo): 0.9548, acc: 0.8745
2025-12-24 00:48:41,414 - INFO: Round 1, Speaker Fine-tune Epoch 2: No improvement in validation accuracy. Patience(epoch): 2/3
2025-12-24 00:48:41,593 - INFO: Epoch: [3][  0/107]	Time  0.174 ( 0.174)	Loss 6.6298e-02 (6.6298e-02)	Acc pseudo  98.44 ( 98.44)	Lr 1.000e-03 (1.000e-03)
2025-12-24 00:48:41,761 - INFO: Epoch: [3][ 50/107]	Time  0.003 ( 0.007)	Loss 1.1480e-01 (1.5538e-01)	Acc pseudo  96.88 ( 95.56)	Lr 1.000e-03 (1.000e-03)
2025-12-24 00:48:41,912 - INFO: Epoch: [3][100/107]	Time  0.002 ( 0.005)	Loss 2.2224e-01 (1.7094e-01)	Acc pseudo  95.31 ( 95.19)	Lr 1.000e-03 (1.000e-03)
2025-12-24 00:48:41,971 - INFO: Round 1, Fine-tune Epoch 3: loss=0.1661, acc(pseudo)=95.31%
2025-12-24 00:48:46,628 - INFO: Round 1, Fine-tune Epoch 3: acc(valid_pseudo): 0.9615, acc: 0.8690
2025-12-24 00:48:46,629 - INFO: Round 1, Speaker Fine-tune Epoch 3: No improvement in validation accuracy. Patience(epoch): 3/3
2025-12-24 00:48:46,629 - INFO: Early stopping at epoch 3 due to no improvement in validation accuracy for 3 epochs.
2025-12-24 00:48:46,630 - INFO: Round 1: Best speaker fine-tuned epoch=0, acc(valid_pseudo)=0.9958
2025-12-24 00:48:46,634 - INFO: Fine-tuning face embedding model for 20 epochs...
2025-12-24 00:48:47,098 - INFO: Epoch: [0][  0/229]	Time  0.414 ( 0.414)	Loss 1.8784e-01 (1.8784e-01)	Acc pseudo  95.31 ( 95.31)	Lr 1.000e-03 (1.000e-03)
2025-12-24 00:48:51,760 - INFO: Epoch: [0][ 50/229]	Time  0.030 ( 0.037)	Loss 2.5423e-01 (2.5205e-01)	Acc pseudo  90.62 ( 93.81)	Lr 1.000e-03 (1.000e-03)
2025-12-24 00:48:56,420 - INFO: Epoch: [0][100/229]	Time  0.028 ( 0.033)	Loss 5.7254e-01 (3.5962e-01)	Acc pseudo  90.62 ( 92.42)	Lr 1.000e-03 (1.000e-03)
2025-12-24 00:49:01,082 - INFO: Epoch: [0][150/229]	Time  0.028 ( 0.031)	Loss 1.1471e-01 (3.5344e-01)	Acc pseudo  98.44 ( 92.39)	Lr 1.000e-03 (1.000e-03)
2025-12-24 00:49:05,752 - INFO: Epoch: [0][200/229]	Time  0.027 ( 0.031)	Loss 4.8019e-01 (3.5526e-01)	Acc pseudo  95.31 ( 92.43)	Lr 1.000e-03 (1.000e-03)
2025-12-24 00:49:08,419 - INFO: Round 1, Face Fine-tune Epoch 0: loss=0.3482, acc(pseudo)=92.49%
2025-12-24 00:49:34,046 - INFO: Round 1, Face Fine-tune Epoch 0: acc(valid_pseudo): 0.9493, acc: 0.8980
2025-12-24 00:49:34,525 - INFO: Epoch: [1][  0/229]	Time  0.425 ( 0.425)	Loss 3.0439e-01 (3.0439e-01)	Acc pseudo  93.75 ( 93.75)	Lr 1.000e-03 (1.000e-03)
2025-12-24 00:49:39,207 - INFO: Epoch: [1][ 50/229]	Time  0.027 ( 0.037)	Loss 2.2817e-01 (2.5368e-01)	Acc pseudo  90.62 ( 93.81)	Lr 1.000e-03 (1.000e-03)
2025-12-24 00:49:43,886 - INFO: Epoch: [1][100/229]	Time  0.029 ( 0.033)	Loss 1.5859e-01 (2.3693e-01)	Acc pseudo  92.19 ( 94.07)	Lr 1.000e-03 (1.000e-03)
2025-12-24 00:49:48,574 - INFO: Epoch: [1][150/229]	Time  0.028 ( 0.031)	Loss 2.3945e-01 (2.9248e-01)	Acc pseudo  95.31 ( 93.66)	Lr 1.000e-03 (1.000e-03)
2025-12-24 00:49:53,263 - INFO: Epoch: [1][200/229]	Time  0.027 ( 0.031)	Loss 2.3698e-01 (2.8885e-01)	Acc pseudo  87.50 ( 93.59)	Lr 1.000e-03 (1.000e-03)
2025-12-24 00:49:55,941 - INFO: Round 1, Face Fine-tune Epoch 1: loss=0.3043, acc(pseudo)=93.44%
2025-12-24 00:50:21,816 - INFO: Round 1, Face Fine-tune Epoch 1: acc(valid_pseudo): 0.9489, acc: 0.9008
2025-12-24 00:50:22,290 - INFO: Epoch: [2][  0/229]	Time  0.440 ( 0.440)	Loss 1.6571e-01 (1.6571e-01)	Acc pseudo  95.31 ( 95.31)	Lr 1.000e-03 (1.000e-03)
2025-12-24 00:50:26,986 - INFO: Epoch: [2][ 50/229]	Time  0.028 ( 0.045)	Loss 1.8814e-01 (2.2800e-01)	Acc pseudo  93.75 ( 93.84)	Lr 1.000e-03 (1.000e-03)
2025-12-24 00:50:31,682 - INFO: Epoch: [2][100/229]	Time  0.037 ( 0.040)	Loss 5.0372e-02 (2.1550e-01)	Acc pseudo  96.88 ( 93.92)	Lr 1.000e-03 (1.000e-03)
2025-12-24 00:50:36,385 - INFO: Epoch: [2][150/229]	Time  0.028 ( 0.039)	Loss 1.9348e-01 (2.6816e-01)	Acc pseudo  92.19 ( 93.73)	Lr 1.000e-03 (1.000e-03)
2025-12-24 00:50:41,081 - INFO: Epoch: [2][200/229]	Time  0.029 ( 0.037)	Loss 2.7293e-01 (3.1458e-01)	Acc pseudo  89.06 ( 93.17)	Lr 1.000e-03 (1.000e-03)
2025-12-24 00:50:43,767 - INFO: Round 1, Face Fine-tune Epoch 2: loss=0.3186, acc(pseudo)=92.94%
2025-12-24 00:51:09,631 - INFO: Round 1, Face Fine-tune Epoch 2: acc(valid_pseudo): 0.9464, acc: 0.8980
2025-12-24 00:51:09,712 - INFO: Round 1: Best face fine-tuned epoch=2, acc(valid_pseudo)=0.9464
2025-12-24 00:51:09,728 - INFO: Using HMM model from previous round: runs/the big bang theory/exp_video/result/self_supervised/exp1/round0/pseudo_label/hmm_params.pkl
2025-12-24 00:56:46,581 - INFO: Round 1: speaker_acc=0.9105
2025-12-24 00:56:46,584 - INFO: Round 1: face_acc=0.8990
2025-12-24 00:56:46,586 - INFO: ====================
2025-12-24 00:56:46,586 - INFO: Round 2: Fine-tuning iteration
2025-12-24 00:56:46,586 - INFO: ====================
2025-12-24 00:56:46,700 - INFO: Round 2 Part 1: Fine-tuning embedding model
2025-12-24 00:56:46,702 - INFO: Using pseudo-label file: runs/the big bang theory/exp_video/result/self_supervised/exp1/round1/pseudo_label/pseudo_labels_audio_nested_hmm_full(unreliable_pp=5.0).json
2025-12-24 00:56:46,713 - INFO: Using face pseudo-label file: runs/the big bang theory/exp_video/result/self_supervised/exp1/round1/pseudo_label/pseudo_labels_faces_mid_frame_nested_hmm_full.json
2025-12-24 00:56:46,728 - INFO: Created face dataloader with 14646 samples
2025-12-24 00:56:46,735 - INFO: Warmup training face classifier for 2 epochs...
2025-12-24 00:56:47,231 - INFO: Epoch: [0][  0/229]	Time  0.441 ( 0.441)	Loss 3.2217e+00 (3.2217e+00)	Acc pseudo   3.12 (  3.12)	Lr 1.000e-03 (1.000e-03)
2025-12-24 00:56:51,811 - INFO: Epoch: [0][ 50/229]	Time  0.027 ( 0.036)	Loss 8.0069e-01 (1.2526e+00)	Acc pseudo  95.31 ( 84.65)	Lr 1.000e-03 (1.000e-03)
2025-12-24 00:56:56,390 - INFO: Epoch: [0][100/229]	Time  0.027 ( 0.032)	Loss 5.2118e-01 (9.7614e-01)	Acc pseudo  90.62 ( 88.92)	Lr 1.000e-03 (1.000e-03)
2025-12-24 00:57:00,971 - INFO: Epoch: [0][150/229]	Time  0.027 ( 0.031)	Loss 1.1646e-01 (8.3017e-01)	Acc pseudo  98.44 ( 90.68)	Lr 1.000e-03 (1.000e-03)
2025-12-24 00:57:05,558 - INFO: Epoch: [0][200/229]	Time  0.030 ( 0.030)	Loss 1.9371e-01 (7.6166e-01)	Acc pseudo  95.31 ( 91.65)	Lr 1.000e-03 (1.000e-03)
2025-12-24 00:57:08,178 - INFO: Round 2, Face Warmup Epoch 0: loss=0.7216, acc(pseudo)=92.04%
2025-12-24 00:57:08,659 - INFO: Epoch: [1][  0/229]	Time  0.440 ( 0.440)	Loss 1.4384e+00 (1.4384e+00)	Acc pseudo  92.19 ( 92.19)	Lr 1.000e-03 (1.000e-03)
2025-12-24 00:57:13,250 - INFO: Epoch: [1][ 50/229]	Time  0.027 ( 0.036)	Loss 2.6459e-01 (3.4821e-01)	Acc pseudo  96.88 ( 94.33)	Lr 1.000e-03 (1.000e-03)
2025-12-24 00:57:17,843 - INFO: Epoch: [1][100/229]	Time  0.028 ( 0.032)	Loss 4.2819e-01 (3.3934e-01)	Acc pseudo  90.62 ( 94.34)	Lr 1.000e-03 (1.000e-03)
2025-12-24 00:57:22,440 - INFO: Epoch: [1][150/229]	Time  0.028 ( 0.031)	Loss 2.7915e-01 (3.8054e-01)	Acc pseudo  95.31 ( 94.10)	Lr 1.000e-03 (1.000e-03)
2025-12-24 00:57:27,041 - INFO: Epoch: [1][200/229]	Time  0.028 ( 0.030)	Loss 1.2881e+00 (3.9322e-01)	Acc pseudo  95.31 ( 94.25)	Lr 1.000e-03 (1.000e-03)
2025-12-24 00:57:29,670 - INFO: Round 2, Face Warmup Epoch 1: loss=0.3940, acc(pseudo)=94.29%
2025-12-24 00:57:29,677 - INFO: Fine-tuning speaker embedding model for 20 epochs...
2025-12-24 00:57:29,869 - INFO: Epoch: [0][  0/107]	Time  0.187 ( 0.187)	Loss 1.0016e-01 (1.0016e-01)	Acc pseudo  93.75 ( 93.75)	Lr 1.000e-03 (1.000e-03)
2025-12-24 00:57:30,040 - INFO: Epoch: [0][ 50/107]	Time  0.003 ( 0.007)	Loss 1.2107e-01 (1.8000e-01)	Acc pseudo  93.75 ( 95.74)	Lr 1.000e-03 (1.000e-03)
2025-12-24 00:57:30,212 - INFO: Epoch: [0][100/107]	Time  0.002 ( 0.005)	Loss 5.0013e-01 (1.7536e-01)	Acc pseudo  93.75 ( 95.92)	Lr 1.000e-03 (1.000e-03)
2025-12-24 00:57:30,268 - INFO: Round 2, Fine-tune Epoch 0: loss=0.1747, acc(pseudo)=95.89%
2025-12-24 00:57:35,279 - INFO: Round 2, Fine-tune Epoch 0: acc(valid_pseudo): 0.9674, acc: 0.8785
2025-12-24 00:57:35,545 - INFO: Epoch: [1][  0/107]	Time  0.177 ( 0.177)	Loss 9.0596e-02 (9.0596e-02)	Acc pseudo  96.88 ( 96.88)	Lr 1.000e-03 (1.000e-03)
2025-12-24 00:57:35,711 - INFO: Epoch: [1][ 50/107]	Time  0.003 ( 0.007)	Loss 3.2560e-02 (1.3752e-01)	Acc pseudo  98.44 ( 96.66)	Lr 1.000e-03 (1.000e-03)
2025-12-24 00:57:35,860 - INFO: Epoch: [1][100/107]	Time  0.002 ( 0.005)	Loss 6.6077e-01 (1.4502e-01)	Acc pseudo  92.19 ( 96.13)	Lr 1.000e-03 (1.000e-03)
2025-12-24 00:57:35,918 - INFO: Round 2, Fine-tune Epoch 1: loss=0.1444, acc(pseudo)=96.21%
2025-12-24 00:57:39,965 - INFO: Round 2, Fine-tune Epoch 1: acc(valid_pseudo): 0.9439, acc: 0.7780
2025-12-24 00:57:39,965 - INFO: Round 2, Speaker Fine-tune Epoch 1: No improvement in validation accuracy. Patience(epoch): 1/3
2025-12-24 00:57:40,150 - INFO: Epoch: [2][  0/107]	Time  0.180 ( 0.180)	Loss 1.7361e-01 (1.7361e-01)	Acc pseudo  96.88 ( 96.88)	Lr 1.000e-03 (1.000e-03)
2025-12-24 00:57:40,337 - INFO: Epoch: [2][ 50/107]	Time  0.003 ( 0.007)	Loss 1.5000e-01 (1.2927e-01)	Acc pseudo  96.88 ( 96.05)	Lr 1.000e-03 (1.000e-03)
2025-12-24 00:57:40,487 - INFO: Epoch: [2][100/107]	Time  0.003 ( 0.005)	Loss 8.0924e-02 (1.1961e-01)	Acc pseudo  96.88 ( 96.47)	Lr 1.000e-03 (1.000e-03)
2025-12-24 00:57:40,546 - INFO: Round 2, Fine-tune Epoch 2: loss=0.1206, acc(pseudo)=96.47%
2025-12-24 00:57:45,265 - INFO: Round 2, Fine-tune Epoch 2: acc(valid_pseudo): 0.9791, acc: 0.9015
2025-12-24 00:57:45,527 - INFO: Epoch: [3][  0/107]	Time  0.179 ( 0.179)	Loss 5.3958e-02 (5.3958e-02)	Acc pseudo  98.44 ( 98.44)	Lr 1.000e-03 (1.000e-03)
2025-12-24 00:57:45,693 - INFO: Epoch: [3][ 50/107]	Time  0.003 ( 0.007)	Loss 2.3805e-02 (1.1532e-01)	Acc pseudo 100.00 ( 96.84)	Lr 1.000e-03 (1.000e-03)
2025-12-24 00:57:45,841 - INFO: Epoch: [3][100/107]	Time  0.002 ( 0.005)	Loss 2.4940e-01 (1.2029e-01)	Acc pseudo  93.75 ( 96.52)	Lr 1.000e-03 (1.000e-03)
2025-12-24 00:57:45,896 - INFO: Round 2, Fine-tune Epoch 3: loss=0.1193, acc(pseudo)=96.53%
2025-12-24 00:57:50,041 - INFO: Round 2, Fine-tune Epoch 3: acc(valid_pseudo): 0.9448, acc: 0.8805
2025-12-24 00:57:50,041 - INFO: Round 2, Speaker Fine-tune Epoch 3: No improvement in validation accuracy. Patience(epoch): 1/3
2025-12-24 00:57:50,213 - INFO: Epoch: [4][  0/107]	Time  0.166 ( 0.166)	Loss 1.4430e-02 (1.4430e-02)	Acc pseudo 100.00 (100.00)	Lr 1.000e-03 (1.000e-03)
2025-12-24 00:57:50,391 - INFO: Epoch: [4][ 50/107]	Time  0.003 ( 0.007)	Loss 1.2462e-01 (1.5507e-01)	Acc pseudo  96.88 ( 95.59)	Lr 1.000e-03 (1.000e-03)
2025-12-24 00:57:50,543 - INFO: Epoch: [4][100/107]	Time  0.002 ( 0.005)	Loss 6.3200e-02 (1.7051e-01)	Acc pseudo  96.88 ( 95.58)	Lr 1.000e-03 (1.000e-03)
2025-12-24 00:57:50,599 - INFO: Round 2, Fine-tune Epoch 4: loss=0.1686, acc(pseudo)=95.58%
2025-12-24 00:57:54,730 - INFO: Round 2, Fine-tune Epoch 4: acc(valid_pseudo): 0.9741, acc: 0.8790
2025-12-24 00:57:54,731 - INFO: Round 2, Speaker Fine-tune Epoch 4: No improvement in validation accuracy. Patience(epoch): 2/3
2025-12-24 00:57:54,909 - INFO: Epoch: [5][  0/107]	Time  0.173 ( 0.173)	Loss 1.3185e-01 (1.3185e-01)	Acc pseudo  93.75 ( 93.75)	Lr 1.000e-03 (1.000e-03)
2025-12-24 00:57:55,071 - INFO: Epoch: [5][ 50/107]	Time  0.003 ( 0.006)	Loss 1.5044e-01 (1.3268e-01)	Acc pseudo  96.88 ( 96.14)	Lr 1.000e-03 (1.000e-03)
2025-12-24 00:57:55,221 - INFO: Epoch: [5][100/107]	Time  0.002 ( 0.005)	Loss 8.6382e-02 (1.2900e-01)	Acc pseudo  96.88 ( 96.29)	Lr 1.000e-03 (1.000e-03)
2025-12-24 00:57:55,277 - INFO: Round 2, Fine-tune Epoch 5: loss=0.1295, acc(pseudo)=96.25%
2025-12-24 00:58:00,444 - INFO: Round 2, Fine-tune Epoch 5: acc(valid_pseudo): 0.9941, acc: 0.8950
2025-12-24 00:58:00,722 - INFO: Epoch: [6][  0/107]	Time  0.191 ( 0.191)	Loss 1.0406e-01 (1.0406e-01)	Acc pseudo  95.31 ( 95.31)	Lr 1.000e-03 (1.000e-03)
2025-12-24 00:58:00,885 - INFO: Epoch: [6][ 50/107]	Time  0.003 ( 0.007)	Loss 4.8523e-02 (1.0562e-01)	Acc pseudo 100.00 ( 97.30)	Lr 1.000e-03 (1.000e-03)
2025-12-24 00:58:01,035 - INFO: Epoch: [6][100/107]	Time  0.002 ( 0.005)	Loss 9.8149e-02 (1.2198e-01)	Acc pseudo  98.44 ( 96.95)	Lr 1.000e-03 (1.000e-03)
2025-12-24 00:58:01,090 - INFO: Round 2, Fine-tune Epoch 6: loss=0.1234, acc(pseudo)=96.92%
2025-12-24 00:58:06,063 - INFO: Round 2, Fine-tune Epoch 6: acc(valid_pseudo): 0.9925, acc: 0.9105
2025-12-24 00:58:06,063 - INFO: Round 2, Speaker Fine-tune Epoch 6: No improvement in validation accuracy. Patience(epoch): 1/3
2025-12-24 00:58:06,248 - INFO: Epoch: [7][  0/107]	Time  0.180 ( 0.180)	Loss 5.9902e-02 (5.9902e-02)	Acc pseudo  96.88 ( 96.88)	Lr 1.000e-03 (1.000e-03)
2025-12-24 00:58:06,411 - INFO: Epoch: [7][ 50/107]	Time  0.003 ( 0.007)	Loss 1.3408e-01 (1.0212e-01)	Acc pseudo  96.88 ( 97.24)	Lr 1.000e-03 (1.000e-03)
2025-12-24 00:58:06,558 - INFO: Epoch: [7][100/107]	Time  0.002 ( 0.005)	Loss 1.1558e-01 (1.0784e-01)	Acc pseudo  96.88 ( 97.01)	Lr 1.000e-03 (1.000e-03)
2025-12-24 00:58:06,614 - INFO: Round 2, Fine-tune Epoch 7: loss=0.1070, acc(pseudo)=97.03%
2025-12-24 00:58:11,149 - INFO: Round 2, Fine-tune Epoch 7: acc(valid_pseudo): 0.9908, acc: 0.9015
2025-12-24 00:58:11,150 - INFO: Round 2, Speaker Fine-tune Epoch 7: No improvement in validation accuracy. Patience(epoch): 2/3
2025-12-24 00:58:11,343 - INFO: Epoch: [8][  0/107]	Time  0.186 ( 0.186)	Loss 1.6607e-01 (1.6607e-01)	Acc pseudo  96.88 ( 96.88)	Lr 1.000e-03 (1.000e-03)
2025-12-24 00:58:11,544 - INFO: Epoch: [8][ 50/107]	Time  0.003 ( 0.007)	Loss 4.5392e-03 (1.0248e-01)	Acc pseudo 100.00 ( 96.91)	Lr 1.000e-03 (1.000e-03)
2025-12-24 00:58:11,692 - INFO: Epoch: [8][100/107]	Time  0.002 ( 0.005)	Loss 6.5775e-02 (1.0079e-01)	Acc pseudo  98.44 ( 97.15)	Lr 1.000e-03 (1.000e-03)
2025-12-24 00:58:11,750 - INFO: Round 2, Fine-tune Epoch 8: loss=0.1026, acc(pseudo)=97.19%
2025-12-24 00:58:16,040 - INFO: Round 2, Fine-tune Epoch 8: acc(valid_pseudo): 0.8837, acc: 0.8075
2025-12-24 00:58:16,040 - INFO: Round 2, Speaker Fine-tune Epoch 8: No improvement in validation accuracy. Patience(epoch): 3/3
2025-12-24 00:58:16,040 - INFO: Early stopping at epoch 8 due to no improvement in validation accuracy for 3 epochs.
2025-12-24 00:58:16,041 - INFO: Round 2: Best speaker fine-tuned epoch=5, acc(valid_pseudo)=0.9941
2025-12-24 00:58:16,045 - INFO: Fine-tuning face embedding model for 20 epochs...
2025-12-24 00:58:16,528 - INFO: Epoch: [0][  0/229]	Time  0.460 ( 0.460)	Loss 1.6861e-01 (1.6861e-01)	Acc pseudo  95.31 ( 95.31)	Lr 1.000e-03 (1.000e-03)
2025-12-24 00:58:21,194 - INFO: Epoch: [0][ 50/229]	Time  0.029 ( 0.044)	Loss 2.9140e-01 (2.6027e-01)	Acc pseudo  93.75 ( 95.16)	Lr 1.000e-03 (1.000e-03)
2025-12-24 00:58:25,851 - INFO: Epoch: [0][100/229]	Time  0.028 ( 0.038)	Loss 2.7080e-01 (3.1594e-01)	Acc pseudo  92.19 ( 94.37)	Lr 1.000e-03 (1.000e-03)
2025-12-24 00:58:30,511 - INFO: Epoch: [0][150/229]	Time  0.028 ( 0.035)	Loss 9.0229e-02 (3.3736e-01)	Acc pseudo  96.88 ( 94.16)	Lr 1.000e-03 (1.000e-03)
2025-12-24 00:58:35,171 - INFO: Epoch: [0][200/229]	Time  0.028 ( 0.033)	Loss 1.7239e-01 (3.5789e-01)	Acc pseudo  95.31 ( 93.99)	Lr 1.000e-03 (1.000e-03)
2025-12-24 00:58:37,836 - INFO: Round 2, Face Fine-tune Epoch 0: loss=0.3630, acc(pseudo)=93.85%
2025-12-24 00:59:04,728 - INFO: Round 2, Face Fine-tune Epoch 0: acc(valid_pseudo): 0.9073, acc: 0.8990
2025-12-24 00:59:05,189 - INFO: Epoch: [1][  0/229]	Time  0.410 ( 0.410)	Loss 9.8156e-01 (9.8156e-01)	Acc pseudo  90.62 ( 90.62)	Lr 1.000e-03 (1.000e-03)
2025-12-24 00:59:09,873 - INFO: Epoch: [1][ 50/229]	Time  0.028 ( 0.037)	Loss 2.7906e-01 (2.9165e-01)	Acc pseudo  92.19 ( 93.57)	Lr 1.000e-03 (1.000e-03)
2025-12-24 00:59:14,552 - INFO: Epoch: [1][100/229]	Time  0.029 ( 0.033)	Loss 3.1512e-01 (2.6678e-01)	Acc pseudo  92.19 ( 93.87)	Lr 1.000e-03 (1.000e-03)
2025-12-24 00:59:19,235 - INFO: Epoch: [1][150/229]	Time  0.041 ( 0.032)	Loss 1.8029e-01 (3.0216e-01)	Acc pseudo  96.88 ( 93.72)	Lr 1.000e-03 (1.000e-03)
2025-12-24 00:59:23,923 - INFO: Epoch: [1][200/229]	Time  0.028 ( 0.031)	Loss 1.0238e+00 (3.1339e-01)	Acc pseudo  93.75 ( 93.67)	Lr 1.000e-03 (1.000e-03)
2025-12-24 00:59:26,607 - INFO: Round 2, Face Fine-tune Epoch 1: loss=0.3212, acc(pseudo)=93.51%
2025-12-24 00:59:52,770 - INFO: Round 2, Face Fine-tune Epoch 1: acc(valid_pseudo): 0.9092, acc: 0.8990
2025-12-24 00:59:53,221 - INFO: Epoch: [2][  0/229]	Time  0.398 ( 0.398)	Loss 4.0400e-01 (4.0400e-01)	Acc pseudo  89.06 ( 89.06)	Lr 1.000e-03 (1.000e-03)
2025-12-24 00:59:57,914 - INFO: Epoch: [2][ 50/229]	Time  0.027 ( 0.039)	Loss 1.1019e-01 (3.1421e-01)	Acc pseudo  95.31 ( 93.84)	Lr 1.000e-03 (1.000e-03)
2025-12-24 01:00:02,608 - INFO: Epoch: [2][100/229]	Time  0.039 ( 0.036)	Loss 1.7184e-01 (3.2468e-01)	Acc pseudo  96.88 ( 93.87)	Lr 1.000e-03 (1.000e-03)
2025-12-24 01:00:07,303 - INFO: Epoch: [2][150/229]	Time  0.028 ( 0.034)	Loss 1.5305e-01 (2.9780e-01)	Acc pseudo  95.31 ( 94.17)	Lr 1.000e-03 (1.000e-03)
2025-12-24 01:00:11,999 - INFO: Epoch: [2][200/229]	Time  0.038 ( 0.034)	Loss 3.5397e-01 (3.4841e-01)	Acc pseudo  84.38 ( 94.16)	Lr 1.000e-03 (1.000e-03)
2025-12-24 01:00:14,679 - INFO: Round 2, Face Fine-tune Epoch 2: loss=0.3577, acc(pseudo)=93.94%
2025-12-24 01:00:41,443 - INFO: Round 2, Face Fine-tune Epoch 2: acc(valid_pseudo): 0.9080, acc: 0.8952
2025-12-24 01:00:41,525 - INFO: Round 2: Best face fine-tuned epoch=2, acc(valid_pseudo)=0.9080
2025-12-24 01:00:41,541 - INFO: Using HMM model from previous round: runs/the big bang theory/exp_video/result/self_supervised/exp1/round1/pseudo_label/hmm_params.pkl
2025-12-24 01:09:49,493 - INFO: Round 2: speaker_acc=0.9115
2025-12-24 01:09:49,496 - INFO: Round 2: face_acc=0.8962
2025-12-24 01:09:49,498 - INFO: ====================
2025-12-24 01:09:49,498 - INFO: Round 3: Fine-tuning iteration
2025-12-24 01:09:49,498 - INFO: ====================
2025-12-24 01:09:49,591 - INFO: Round 3 Part 1: Fine-tuning embedding model
2025-12-24 01:09:49,592 - INFO: Using pseudo-label file: runs/the big bang theory/exp_video/result/self_supervised/exp1/round2/pseudo_label/pseudo_labels_audio_nested_hmm_full(unreliable_pp=5.0).json
2025-12-24 01:09:49,604 - INFO: Using face pseudo-label file: runs/the big bang theory/exp_video/result/self_supervised/exp1/round2/pseudo_label/pseudo_labels_faces_mid_frame_nested_hmm_full.json
2025-12-24 01:09:49,619 - INFO: Created face dataloader with 14646 samples
2025-12-24 01:09:49,631 - INFO: Fine-tuning speaker embedding model for 20 epochs...
2025-12-24 01:09:49,807 - INFO: Epoch: [0][  0/107]	Time  0.172 ( 0.172)	Loss 3.6683e-01 (3.6683e-01)	Acc pseudo  96.88 ( 96.88)	Lr 1.000e-03 (1.000e-03)
2025-12-24 01:09:49,973 - INFO: Epoch: [0][ 50/107]	Time  0.003 ( 0.007)	Loss 3.5268e-02 (1.9465e-01)	Acc pseudo  98.44 ( 96.20)	Lr 1.000e-03 (1.000e-03)
2025-12-24 01:09:50,120 - INFO: Epoch: [0][100/107]	Time  0.002 ( 0.005)	Loss 1.4105e-01 (1.8366e-01)	Acc pseudo  95.31 ( 96.55)	Lr 1.000e-03 (1.000e-03)
2025-12-24 01:09:50,175 - INFO: Round 3, Fine-tune Epoch 0: loss=0.1796, acc(pseudo)=96.60%
2025-12-24 01:09:54,214 - INFO: Round 3, Fine-tune Epoch 0: acc(valid_pseudo): 0.9732, acc: 0.8795
2025-12-24 01:09:54,487 - INFO: Epoch: [1][  0/107]	Time  0.179 ( 0.179)	Loss 1.2975e-01 (1.2975e-01)	Acc pseudo  95.31 ( 95.31)	Lr 1.000e-03 (1.000e-03)
2025-12-24 01:09:54,659 - INFO: Epoch: [1][ 50/107]	Time  0.003 ( 0.007)	Loss 5.1274e-02 (1.3920e-01)	Acc pseudo  98.44 ( 96.63)	Lr 1.000e-03 (1.000e-03)
2025-12-24 01:09:54,811 - INFO: Epoch: [1][100/107]	Time  0.002 ( 0.005)	Loss 2.3447e-01 (1.3337e-01)	Acc pseudo  92.19 ( 96.44)	Lr 1.000e-03 (1.000e-03)
2025-12-24 01:09:54,866 - INFO: Round 3, Fine-tune Epoch 1: loss=0.1374, acc(pseudo)=96.38%
2025-12-24 01:09:58,929 - INFO: Round 3, Fine-tune Epoch 1: acc(valid_pseudo): 0.9891, acc: 0.8855
2025-12-24 01:09:59,209 - INFO: Epoch: [2][  0/107]	Time  0.191 ( 0.191)	Loss 1.4383e-01 (1.4383e-01)	Acc pseudo  98.44 ( 98.44)	Lr 1.000e-03 (1.000e-03)
2025-12-24 01:09:59,370 - INFO: Epoch: [2][ 50/107]	Time  0.003 ( 0.007)	Loss 7.7046e-02 (1.0318e-01)	Acc pseudo  98.44 ( 97.03)	Lr 1.000e-03 (1.000e-03)
2025-12-24 01:09:59,522 - INFO: Epoch: [2][100/107]	Time  0.002 ( 0.005)	Loss 3.6237e-02 (9.8066e-02)	Acc pseudo  96.88 ( 97.29)	Lr 1.000e-03 (1.000e-03)
2025-12-24 01:09:59,577 - INFO: Round 3, Fine-tune Epoch 2: loss=0.0983, acc(pseudo)=97.32%
2025-12-24 01:10:03,998 - INFO: Round 3, Fine-tune Epoch 2: acc(valid_pseudo): 0.9958, acc: 0.9100
2025-12-24 01:10:04,261 - INFO: Epoch: [3][  0/107]	Time  0.178 ( 0.178)	Loss 5.4752e-02 (5.4752e-02)	Acc pseudo  95.31 ( 95.31)	Lr 1.000e-03 (1.000e-03)
2025-12-24 01:10:04,425 - INFO: Epoch: [3][ 50/107]	Time  0.003 ( 0.007)	Loss 1.6014e-02 (7.4342e-02)	Acc pseudo 100.00 ( 97.55)	Lr 1.000e-03 (1.000e-03)
2025-12-24 01:10:04,573 - INFO: Epoch: [3][100/107]	Time  0.003 ( 0.005)	Loss 1.7764e-01 (8.0254e-02)	Acc pseudo  92.19 ( 97.49)	Lr 1.000e-03 (1.000e-03)
2025-12-24 01:10:04,641 - INFO: Round 3, Fine-tune Epoch 3: loss=0.0795, acc(pseudo)=97.48%
2025-12-24 01:10:09,215 - INFO: Round 3, Fine-tune Epoch 3: acc(valid_pseudo): 0.9255, acc: 0.8690
2025-12-24 01:10:09,216 - INFO: Round 3, Speaker Fine-tune Epoch 3: No improvement in validation accuracy. Patience(epoch): 1/3
2025-12-24 01:10:09,216 - INFO: Early stopping at epoch 3 due to significant drop in pseudo-label validation accuracy: 0.9958 -> 0.9255.
2025-12-24 01:10:09,217 - INFO: Round 3: Best speaker fine-tuned epoch=2, acc(valid_pseudo)=0.9958
2025-12-24 01:10:09,221 - INFO: Fine-tuning face embedding model for 20 epochs...
2025-12-24 01:10:09,672 - INFO: Epoch: [0][  0/229]	Time  0.398 ( 0.398)	Loss 8.1100e-02 (8.1100e-02)	Acc pseudo  98.44 ( 98.44)	Lr 1.000e-03 (1.000e-03)
2025-12-24 01:10:14,332 - INFO: Epoch: [0][ 50/229]	Time  0.031 ( 0.038)	Loss 2.1259e+00 (6.8885e-01)	Acc pseudo  90.62 ( 95.50)	Lr 1.000e-03 (1.000e-03)
2025-12-24 01:10:18,981 - INFO: Epoch: [0][100/229]	Time  0.030 ( 0.034)	Loss 1.5504e-01 (5.7860e-01)	Acc pseudo  93.75 ( 95.58)	Lr 1.000e-03 (1.000e-03)
2025-12-24 01:10:23,636 - INFO: Epoch: [0][150/229]	Time  0.029 ( 0.034)	Loss 7.4691e-02 (4.9272e-01)	Acc pseudo  96.88 ( 95.65)	Lr 1.000e-03 (1.000e-03)
2025-12-24 01:10:28,291 - INFO: Epoch: [0][200/229]	Time  0.051 ( 0.034)	Loss 5.0875e-02 (4.6073e-01)	Acc pseudo  98.44 ( 95.49)	Lr 1.000e-03 (1.000e-03)
2025-12-24 01:10:30,958 - INFO: Round 3, Face Fine-tune Epoch 0: loss=0.4494, acc(pseudo)=95.34%
2025-12-24 01:10:58,652 - INFO: Round 3, Face Fine-tune Epoch 0: acc(valid_pseudo): 0.9024, acc: 0.8934
2025-12-24 01:10:59,139 - INFO: Epoch: [1][  0/229]	Time  0.435 ( 0.435)	Loss 5.2202e-01 (5.2202e-01)	Acc pseudo  92.19 ( 92.19)	Lr 1.000e-03 (1.000e-03)
2025-12-24 01:11:03,817 - INFO: Epoch: [1][ 50/229]	Time  0.030 ( 0.038)	Loss 1.1228e-01 (2.4577e-01)	Acc pseudo  98.44 ( 95.77)	Lr 1.000e-03 (1.000e-03)
2025-12-24 01:11:08,493 - INFO: Epoch: [1][100/229]	Time  0.028 ( 0.034)	Loss 6.1620e-01 (2.5375e-01)	Acc pseudo  92.19 ( 95.61)	Lr 1.000e-03 (1.000e-03)
2025-12-24 01:11:13,176 - INFO: Epoch: [1][150/229]	Time  0.040 ( 0.034)	Loss 2.7664e-01 (2.8332e-01)	Acc pseudo  95.31 ( 95.14)	Lr 1.000e-03 (1.000e-03)
2025-12-24 01:11:17,859 - INFO: Epoch: [1][200/229]	Time  0.028 ( 0.034)	Loss 9.8677e-01 (2.9774e-01)	Acc pseudo  93.75 ( 95.02)	Lr 1.000e-03 (1.000e-03)
2025-12-24 01:11:20,540 - INFO: Round 3, Face Fine-tune Epoch 1: loss=0.2942, acc(pseudo)=95.09%
2025-12-24 01:11:47,268 - INFO: Round 3, Face Fine-tune Epoch 1: acc(valid_pseudo): 0.8991, acc: 0.8990
2025-12-24 01:11:47,874 - INFO: Epoch: [2][  0/229]	Time  0.551 ( 0.551)	Loss 1.7594e-01 (1.7594e-01)	Acc pseudo  95.31 ( 95.31)	Lr 1.000e-03 (1.000e-03)
2025-12-24 01:11:52,616 - INFO: Epoch: [2][ 50/229]	Time  0.028 ( 0.041)	Loss 1.1438e-01 (2.3618e-01)	Acc pseudo  95.31 ( 95.50)	Lr 1.000e-03 (1.000e-03)
2025-12-24 01:11:57,302 - INFO: Epoch: [2][100/229]	Time  0.040 ( 0.037)	Loss 1.7382e-01 (2.2094e-01)	Acc pseudo  90.62 ( 95.34)	Lr 1.000e-03 (1.000e-03)
2025-12-24 01:12:01,993 - INFO: Epoch: [2][150/229]	Time  0.029 ( 0.035)	Loss 1.1453e-01 (2.1466e-01)	Acc pseudo  95.31 ( 95.56)	Lr 1.000e-03 (1.000e-03)
2025-12-24 01:12:06,685 - INFO: Epoch: [2][200/229]	Time  0.029 ( 0.034)	Loss 1.6635e-01 (2.2852e-01)	Acc pseudo  95.31 ( 95.67)	Lr 1.000e-03 (1.000e-03)
2025-12-24 01:12:09,363 - INFO: Round 3, Face Fine-tune Epoch 2: loss=0.2432, acc(pseudo)=95.47%
2025-12-24 01:12:36,216 - INFO: Round 3, Face Fine-tune Epoch 2: acc(valid_pseudo): 0.8999, acc: 0.8971
2025-12-24 01:12:36,302 - INFO: Round 3: Best face fine-tuned epoch=2, acc(valid_pseudo)=0.8999
2025-12-24 01:12:36,319 - INFO: Using HMM model from previous round: runs/the big bang theory/exp_video/result/self_supervised/exp1/round2/pseudo_label/hmm_params.pkl
2025-12-24 01:17:32,910 - INFO: Round 3: speaker_acc=0.9115
2025-12-24 01:17:32,912 - INFO: Round 3: face_acc=0.8990
2025-12-24 01:17:32,916 - INFO: ====================
2025-12-24 01:17:32,916 - INFO: Round 4: Fine-tuning iteration
2025-12-24 01:17:32,917 - INFO: ====================
2025-12-24 01:17:32,999 - INFO: Round 4 Part 1: Fine-tuning embedding model
2025-12-24 01:17:33,000 - INFO: Using pseudo-label file: runs/the big bang theory/exp_video/result/self_supervised/exp1/round3/pseudo_label/pseudo_labels_audio_nested_hmm_full(unreliable_pp=5.0).json
2025-12-24 01:17:33,011 - INFO: Using face pseudo-label file: runs/the big bang theory/exp_video/result/self_supervised/exp1/round3/pseudo_label/pseudo_labels_faces_mid_frame_nested_hmm_full.json
2025-12-24 01:17:33,026 - INFO: Created face dataloader with 14646 samples
2025-12-24 01:17:33,034 - INFO: Warmup training face classifier for 2 epochs...
2025-12-24 01:17:33,504 - INFO: Epoch: [0][  0/229]	Time  0.445 ( 0.445)	Loss 2.9530e+00 (2.9530e+00)	Acc pseudo  15.62 ( 15.62)	Lr 1.000e-03 (1.000e-03)
2025-12-24 01:17:38,265 - INFO: Epoch: [0][ 50/229]	Time  0.029 ( 0.041)	Loss 8.9816e-01 (1.1990e+00)	Acc pseudo  90.62 ( 86.43)	Lr 1.000e-03 (1.000e-03)
2025-12-24 01:17:42,847 - INFO: Epoch: [0][100/229]	Time  0.031 ( 0.035)	Loss 3.2468e-01 (9.1667e-01)	Acc pseudo  95.31 ( 90.49)	Lr 1.000e-03 (1.000e-03)
2025-12-24 01:17:47,431 - INFO: Epoch: [0][150/229]	Time  0.027 ( 0.033)	Loss 1.7001e-01 (7.7168e-01)	Acc pseudo  96.88 ( 92.23)	Lr 1.000e-03 (1.000e-03)
2025-12-24 01:17:52,013 - INFO: Epoch: [0][200/229]	Time  0.029 ( 0.032)	Loss 6.1250e-02 (6.7423e-01)	Acc pseudo  98.44 ( 93.18)	Lr 1.000e-03 (1.000e-03)
2025-12-24 01:17:54,637 - INFO: Round 4, Face Warmup Epoch 0: loss=0.6480, acc(pseudo)=93.41%
2025-12-24 01:17:55,101 - INFO: Epoch: [1][  0/229]	Time  0.423 ( 0.423)	Loss 1.0574e+00 (1.0574e+00)	Acc pseudo  92.19 ( 92.19)	Lr 1.000e-03 (1.000e-03)
2025-12-24 01:17:59,693 - INFO: Epoch: [1][ 50/229]	Time  0.029 ( 0.037)	Loss 1.0614e-01 (2.7386e-01)	Acc pseudo  98.44 ( 95.89)	Lr 1.000e-03 (1.000e-03)
2025-12-24 01:18:04,289 - INFO: Epoch: [1][100/229]	Time  0.027 ( 0.033)	Loss 3.9140e-01 (3.2475e-01)	Acc pseudo  93.75 ( 95.95)	Lr 1.000e-03 (1.000e-03)
2025-12-24 01:18:08,887 - INFO: Epoch: [1][150/229]	Time  0.027 ( 0.031)	Loss 2.1809e-01 (3.3821e-01)	Acc pseudo  92.19 ( 95.85)	Lr 1.000e-03 (1.000e-03)
2025-12-24 01:18:13,488 - INFO: Epoch: [1][200/229]	Time  0.029 ( 0.030)	Loss 2.6117e+00 (3.4465e-01)	Acc pseudo  98.44 ( 95.96)	Lr 1.000e-03 (1.000e-03)
2025-12-24 01:18:16,122 - INFO: Round 4, Face Warmup Epoch 1: loss=0.3293, acc(pseudo)=96.03%
2025-12-24 01:18:16,130 - INFO: Fine-tuning speaker embedding model for 20 epochs...
2025-12-24 01:18:16,297 - INFO: Epoch: [0][  0/107]	Time  0.163 ( 0.163)	Loss 1.0404e-01 (1.0404e-01)	Acc pseudo  98.44 ( 98.44)	Lr 1.000e-03 (1.000e-03)
2025-12-24 01:18:16,502 - INFO: Epoch: [0][ 50/107]	Time  0.003 ( 0.007)	Loss 5.3529e-02 (1.0707e-01)	Acc pseudo  98.44 ( 97.52)	Lr 1.000e-03 (1.000e-03)
2025-12-24 01:18:16,653 - INFO: Epoch: [0][100/107]	Time  0.002 ( 0.005)	Loss 2.3199e-01 (1.1722e-01)	Acc pseudo  95.31 ( 97.57)	Lr 1.000e-03 (1.000e-03)
2025-12-24 01:18:16,710 - INFO: Round 4, Fine-tune Epoch 0: loss=0.1180, acc(pseudo)=97.60%
2025-12-24 01:18:20,887 - INFO: Round 4, Fine-tune Epoch 0: acc(valid_pseudo): 0.9640, acc: 0.8545
2025-12-24 01:18:21,364 - INFO: Epoch: [1][  0/107]	Time  0.174 ( 0.174)	Loss 9.7770e-02 (9.7770e-02)	Acc pseudo  98.44 ( 98.44)	Lr 1.000e-03 (1.000e-03)
2025-12-24 01:18:21,528 - INFO: Epoch: [1][ 50/107]	Time  0.003 ( 0.007)	Loss 1.3072e-02 (8.4432e-02)	Acc pseudo 100.00 ( 98.01)	Lr 1.000e-03 (1.000e-03)
2025-12-24 01:18:21,675 - INFO: Epoch: [1][100/107]	Time  0.002 ( 0.005)	Loss 1.0353e-01 (8.7136e-02)	Acc pseudo  93.75 ( 97.85)	Lr 1.000e-03 (1.000e-03)
2025-12-24 01:18:21,731 - INFO: Round 4, Fine-tune Epoch 1: loss=0.0870, acc(pseudo)=97.82%
2025-12-24 01:18:26,442 - INFO: Round 4, Fine-tune Epoch 1: acc(valid_pseudo): 0.9640, acc: 0.8690
2025-12-24 01:18:26,442 - INFO: Round 4, Speaker Fine-tune Epoch 1: No improvement in validation accuracy. Patience(epoch): 1/3
2025-12-24 01:18:26,622 - INFO: Epoch: [2][  0/107]	Time  0.174 ( 0.174)	Loss 5.3782e-02 (5.3782e-02)	Acc pseudo 100.00 (100.00)	Lr 1.000e-03 (1.000e-03)
2025-12-24 01:18:26,788 - INFO: Epoch: [2][ 50/107]	Time  0.003 ( 0.007)	Loss 8.5779e-02 (7.2623e-02)	Acc pseudo  96.88 ( 97.92)	Lr 1.000e-03 (1.000e-03)
2025-12-24 01:18:26,941 - INFO: Epoch: [2][100/107]	Time  0.002 ( 0.005)	Loss 1.1425e-01 (6.9457e-02)	Acc pseudo  96.88 ( 97.96)	Lr 1.000e-03 (1.000e-03)
2025-12-24 01:18:26,997 - INFO: Round 4, Fine-tune Epoch 2: loss=0.0700, acc(pseudo)=97.96%
2025-12-24 01:18:32,078 - INFO: Round 4, Fine-tune Epoch 2: acc(valid_pseudo): 0.9808, acc: 0.8810
2025-12-24 01:18:32,348 - INFO: Epoch: [3][  0/107]	Time  0.182 ( 0.182)	Loss 7.0226e-02 (7.0226e-02)	Acc pseudo  96.88 ( 96.88)	Lr 1.000e-03 (1.000e-03)
2025-12-24 01:18:32,520 - INFO: Epoch: [3][ 50/107]	Time  0.003 ( 0.007)	Loss 1.6295e-02 (7.5689e-02)	Acc pseudo 100.00 ( 97.55)	Lr 1.000e-03 (1.000e-03)
2025-12-24 01:18:32,673 - INFO: Epoch: [3][100/107]	Time  0.002 ( 0.005)	Loss 1.1392e-01 (8.0317e-02)	Acc pseudo  95.31 ( 97.51)	Lr 1.000e-03 (1.000e-03)
2025-12-24 01:18:32,728 - INFO: Round 4, Fine-tune Epoch 3: loss=0.0804, acc(pseudo)=97.53%
2025-12-24 01:18:36,862 - INFO: Round 4, Fine-tune Epoch 3: acc(valid_pseudo): 0.9816, acc: 0.8995
2025-12-24 01:18:37,124 - INFO: Epoch: [4][  0/107]	Time  0.172 ( 0.172)	Loss 6.1026e-03 (6.1026e-03)	Acc pseudo 100.00 (100.00)	Lr 1.000e-03 (1.000e-03)
2025-12-24 01:18:37,298 - INFO: Epoch: [4][ 50/107]	Time  0.003 ( 0.007)	Loss 5.0391e-02 (8.4452e-02)	Acc pseudo  98.44 ( 97.37)	Lr 1.000e-03 (1.000e-03)
2025-12-24 01:18:37,449 - INFO: Epoch: [4][100/107]	Time  0.002 ( 0.005)	Loss 1.1443e-01 (8.0899e-02)	Acc pseudo  96.88 ( 97.48)	Lr 1.000e-03 (1.000e-03)
2025-12-24 01:18:37,508 - INFO: Round 4, Fine-tune Epoch 4: loss=0.0802, acc(pseudo)=97.50%
2025-12-24 01:18:41,584 - INFO: Round 4, Fine-tune Epoch 4: acc(valid_pseudo): 0.9925, acc: 0.9020
2025-12-24 01:18:41,858 - INFO: Epoch: [5][  0/107]	Time  0.186 ( 0.186)	Loss 1.5946e-01 (1.5946e-01)	Acc pseudo  93.75 ( 93.75)	Lr 1.000e-03 (1.000e-03)
2025-12-24 01:18:42,029 - INFO: Epoch: [5][ 50/107]	Time  0.003 ( 0.007)	Loss 2.5053e-02 (1.2112e-01)	Acc pseudo 100.00 ( 97.00)	Lr 1.000e-03 (1.000e-03)
2025-12-24 01:18:42,180 - INFO: Epoch: [5][100/107]	Time  0.002 ( 0.005)	Loss 4.5254e-02 (1.1304e-01)	Acc pseudo  98.44 ( 97.20)	Lr 1.000e-03 (1.000e-03)
2025-12-24 01:18:42,235 - INFO: Round 4, Fine-tune Epoch 5: loss=0.1176, acc(pseudo)=97.16%
2025-12-24 01:18:46,377 - INFO: Round 4, Fine-tune Epoch 5: acc(valid_pseudo): 0.9958, acc: 0.9140
2025-12-24 01:18:46,631 - INFO: Epoch: [6][  0/107]	Time  0.166 ( 0.166)	Loss 9.2046e-02 (9.2046e-02)	Acc pseudo  93.75 ( 93.75)	Lr 1.000e-03 (1.000e-03)
2025-12-24 01:18:46,798 - INFO: Epoch: [6][ 50/107]	Time  0.003 ( 0.006)	Loss 1.4301e-02 (7.3491e-02)	Acc pseudo  98.44 ( 97.73)	Lr 1.000e-03 (1.000e-03)
2025-12-24 01:18:46,949 - INFO: Epoch: [6][100/107]	Time  0.002 ( 0.005)	Loss 1.1687e-01 (9.2348e-02)	Acc pseudo  95.31 ( 97.29)	Lr 1.000e-03 (1.000e-03)
2025-12-24 01:18:47,005 - INFO: Round 4, Fine-tune Epoch 6: loss=0.1049, acc(pseudo)=97.23%
2025-12-24 01:18:51,835 - INFO: Round 4, Fine-tune Epoch 6: acc(valid_pseudo): 0.9866, acc: 0.8930
2025-12-24 01:18:51,835 - INFO: Round 4, Speaker Fine-tune Epoch 6: No improvement in validation accuracy. Patience(epoch): 1/3
2025-12-24 01:18:52,084 - INFO: Epoch: [7][  0/107]	Time  0.244 ( 0.244)	Loss 1.3201e-02 (1.3201e-02)	Acc pseudo 100.00 (100.00)	Lr 1.000e-03 (1.000e-03)
2025-12-24 01:18:52,267 - INFO: Epoch: [7][ 50/107]	Time  0.003 ( 0.008)	Loss 7.0908e-02 (9.1488e-02)	Acc pseudo 100.00 ( 97.40)	Lr 1.000e-03 (1.000e-03)
2025-12-24 01:18:52,421 - INFO: Epoch: [7][100/107]	Time  0.002 ( 0.006)	Loss 1.2840e-01 (9.8072e-02)	Acc pseudo  95.31 ( 97.37)	Lr 1.000e-03 (1.000e-03)
2025-12-24 01:18:52,478 - INFO: Round 4, Fine-tune Epoch 7: loss=0.0983, acc(pseudo)=97.36%
2025-12-24 01:18:56,742 - INFO: Round 4, Fine-tune Epoch 7: acc(valid_pseudo): 0.9992, acc: 0.9120
2025-12-24 01:18:57,000 - INFO: Epoch: [8][  0/107]	Time  0.169 ( 0.169)	Loss 9.3965e-02 (9.3965e-02)	Acc pseudo  98.44 ( 98.44)	Lr 1.000e-03 (1.000e-03)
2025-12-24 01:18:57,183 - INFO: Epoch: [8][ 50/107]	Time  0.003 ( 0.007)	Loss 1.4003e-01 (1.0354e-01)	Acc pseudo  98.44 ( 97.37)	Lr 1.000e-03 (1.000e-03)
2025-12-24 01:18:57,335 - INFO: Epoch: [8][100/107]	Time  0.002 ( 0.005)	Loss 1.8347e-01 (1.0177e-01)	Acc pseudo  96.88 ( 97.25)	Lr 1.000e-03 (1.000e-03)
2025-12-24 01:18:57,400 - INFO: Round 4, Fine-tune Epoch 8: loss=0.1007, acc(pseudo)=97.31%
2025-12-24 01:19:01,591 - INFO: Round 4, Fine-tune Epoch 8: acc(valid_pseudo): 0.9381, acc: 0.8500
2025-12-24 01:19:01,591 - INFO: Round 4, Speaker Fine-tune Epoch 8: No improvement in validation accuracy. Patience(epoch): 1/3
2025-12-24 01:19:01,591 - INFO: Early stopping at epoch 8 due to significant drop in pseudo-label validation accuracy: 0.9992 -> 0.9381.
2025-12-24 01:19:01,592 - INFO: Round 4: Best speaker fine-tuned epoch=7, acc(valid_pseudo)=0.9992
2025-12-24 01:19:01,596 - INFO: Fine-tuning face embedding model for 20 epochs...
2025-12-24 01:19:02,098 - INFO: Epoch: [0][  0/229]	Time  0.451 ( 0.451)	Loss 1.5855e-01 (1.5855e-01)	Acc pseudo  96.88 ( 96.88)	Lr 1.000e-03 (1.000e-03)
2025-12-24 01:19:06,758 - INFO: Epoch: [0][ 50/229]	Time  0.028 ( 0.038)	Loss 2.0305e-01 (2.3338e-01)	Acc pseudo  90.62 ( 96.91)	Lr 1.000e-03 (1.000e-03)
2025-12-24 01:19:11,415 - INFO: Epoch: [0][100/229]	Time  0.031 ( 0.033)	Loss 1.4195e-01 (2.6374e-01)	Acc pseudo  96.88 ( 96.27)	Lr 1.000e-03 (1.000e-03)
2025-12-24 01:19:16,076 - INFO: Epoch: [0][150/229]	Time  0.033 ( 0.031)	Loss 8.2692e-02 (2.5489e-01)	Acc pseudo  95.31 ( 96.22)	Lr 1.000e-03 (1.000e-03)
2025-12-24 01:19:20,742 - INFO: Epoch: [0][200/229]	Time  0.028 ( 0.031)	Loss 2.6360e-02 (2.4646e-01)	Acc pseudo  98.44 ( 96.04)	Lr 1.000e-03 (1.000e-03)
2025-12-24 01:19:23,408 - INFO: Round 4, Face Fine-tune Epoch 0: loss=0.2626, acc(pseudo)=95.81%
2025-12-24 01:19:49,888 - INFO: Round 4, Face Fine-tune Epoch 0: acc(valid_pseudo): 0.8845, acc: 0.8962
2025-12-24 01:19:50,335 - INFO: Epoch: [1][  0/229]	Time  0.397 ( 0.397)	Loss 4.3833e-01 (4.3833e-01)	Acc pseudo  93.75 ( 93.75)	Lr 1.000e-03 (1.000e-03)
2025-12-24 01:19:55,019 - INFO: Epoch: [1][ 50/229]	Time  0.027 ( 0.036)	Loss 1.4537e-01 (1.8091e-01)	Acc pseudo  95.31 ( 96.14)	Lr 1.000e-03 (1.000e-03)
2025-12-24 01:19:59,699 - INFO: Epoch: [1][100/229]	Time  0.027 ( 0.032)	Loss 2.4700e-01 (2.2125e-01)	Acc pseudo  92.19 ( 95.82)	Lr 1.000e-03 (1.000e-03)
2025-12-24 01:20:04,385 - INFO: Epoch: [1][150/229]	Time  0.039 ( 0.032)	Loss 2.2900e-01 (2.3128e-01)	Acc pseudo  92.19 ( 95.59)	Lr 1.000e-03 (1.000e-03)
2025-12-24 01:20:09,074 - INFO: Epoch: [1][200/229]	Time  0.029 ( 0.031)	Loss 2.3458e+00 (2.4418e-01)	Acc pseudo  93.75 ( 95.66)	Lr 1.000e-03 (1.000e-03)
2025-12-24 01:20:11,753 - INFO: Round 4, Face Fine-tune Epoch 1: loss=0.2335, acc(pseudo)=95.75%
2025-12-24 01:20:37,202 - INFO: Round 4, Face Fine-tune Epoch 1: acc(valid_pseudo): 0.8936, acc: 0.8915
2025-12-24 01:20:37,692 - INFO: Epoch: [2][  0/229]	Time  0.437 ( 0.437)	Loss 1.9554e-01 (1.9554e-01)	Acc pseudo  92.19 ( 92.19)	Lr 1.000e-03 (1.000e-03)
2025-12-24 01:20:42,379 - INFO: Epoch: [2][ 50/229]	Time  0.028 ( 0.037)	Loss 1.2675e-01 (2.0446e-01)	Acc pseudo  95.31 ( 96.20)	Lr 1.000e-03 (1.000e-03)
2025-12-24 01:20:47,068 - INFO: Epoch: [2][100/229]	Time  0.028 ( 0.033)	Loss 5.0173e-01 (2.4632e-01)	Acc pseudo  92.19 ( 95.78)	Lr 1.000e-03 (1.000e-03)
2025-12-24 01:20:51,759 - INFO: Epoch: [2][150/229]	Time  0.027 ( 0.031)	Loss 1.4830e-01 (2.3766e-01)	Acc pseudo  92.19 ( 95.50)	Lr 1.000e-03 (1.000e-03)
2025-12-24 01:20:56,452 - INFO: Epoch: [2][200/229]	Time  0.027 ( 0.031)	Loss 2.2556e-01 (2.4556e-01)	Acc pseudo  92.19 ( 95.49)	Lr 1.000e-03 (1.000e-03)
2025-12-24 01:20:59,135 - INFO: Round 4, Face Fine-tune Epoch 2: loss=0.2565, acc(pseudo)=95.34%
2025-12-24 01:21:25,429 - INFO: Round 4, Face Fine-tune Epoch 2: acc(valid_pseudo): 0.8932, acc: 0.8962
2025-12-24 01:21:25,512 - INFO: Round 4: Best face fine-tuned epoch=2, acc(valid_pseudo)=0.8932
2025-12-24 01:21:25,530 - INFO: Using HMM model from previous round: runs/the big bang theory/exp_video/result/self_supervised/exp1/round3/pseudo_label/hmm_params.pkl
2025-12-24 01:28:44,327 - INFO: Round 4: speaker_acc=0.9120
2025-12-24 01:28:44,330 - INFO: Round 4: face_acc=0.8990
2025-12-24 01:28:44,332 - INFO: ====================
2025-12-24 01:28:44,332 - INFO: Round 5: Fine-tuning iteration
2025-12-24 01:28:44,332 - INFO: ====================
2025-12-24 01:28:44,393 - INFO: Round 5 Part 1: Fine-tuning embedding model
2025-12-24 01:28:44,394 - INFO: Using pseudo-label file: runs/the big bang theory/exp_video/result/self_supervised/exp1/round4/pseudo_label/pseudo_labels_audio_nested_hmm_full(unreliable_pp=5.0).json
2025-12-24 01:28:44,406 - INFO: Using face pseudo-label file: runs/the big bang theory/exp_video/result/self_supervised/exp1/round4/pseudo_label/pseudo_labels_faces_mid_frame_nested_hmm_full.json
2025-12-24 01:28:44,421 - INFO: Created face dataloader with 14646 samples
2025-12-24 01:28:44,432 - INFO: Fine-tuning speaker embedding model for 20 epochs...
2025-12-24 01:28:44,611 - INFO: Epoch: [0][  0/107]	Time  0.174 ( 0.174)	Loss 9.2465e-02 (9.2465e-02)	Acc pseudo  98.44 ( 98.44)	Lr 1.000e-03 (1.000e-03)
2025-12-24 01:28:44,784 - INFO: Epoch: [0][ 50/107]	Time  0.003 ( 0.007)	Loss 5.5894e-02 (1.5017e-01)	Acc pseudo  98.44 ( 97.30)	Lr 1.000e-03 (1.000e-03)
2025-12-24 01:28:44,936 - INFO: Epoch: [0][100/107]	Time  0.002 ( 0.005)	Loss 6.2258e-02 (1.3140e-01)	Acc pseudo  96.88 ( 97.73)	Lr 1.000e-03 (1.000e-03)
2025-12-24 01:28:44,991 - INFO: Round 5, Fine-tune Epoch 0: loss=0.1283, acc(pseudo)=97.70%
2025-12-24 01:28:49,113 - INFO: Round 5, Fine-tune Epoch 0: acc(valid_pseudo): 0.9950, acc: 0.9090
2025-12-24 01:28:49,393 - INFO: Epoch: [1][  0/107]	Time  0.188 ( 0.188)	Loss 2.2540e-02 (2.2540e-02)	Acc pseudo 100.00 (100.00)	Lr 1.000e-03 (1.000e-03)
2025-12-24 01:28:49,562 - INFO: Epoch: [1][ 50/107]	Time  0.003 ( 0.007)	Loss 5.9581e-02 (7.4877e-02)	Acc pseudo  96.88 ( 98.13)	Lr 1.000e-03 (1.000e-03)
2025-12-24 01:28:49,711 - INFO: Epoch: [1][100/107]	Time  0.002 ( 0.005)	Loss 5.5349e-01 (8.1293e-02)	Acc pseudo  96.88 ( 98.13)	Lr 1.000e-03 (1.000e-03)
2025-12-24 01:28:49,765 - INFO: Round 5, Fine-tune Epoch 1: loss=0.0796, acc(pseudo)=98.11%
2025-12-24 01:28:54,631 - INFO: Round 5, Fine-tune Epoch 1: acc(valid_pseudo): 0.9933, acc: 0.9040
2025-12-24 01:28:54,631 - INFO: Round 5, Speaker Fine-tune Epoch 1: No improvement in validation accuracy. Patience(epoch): 1/3
2025-12-24 01:28:54,804 - INFO: Epoch: [2][  0/107]	Time  0.168 ( 0.168)	Loss 1.0923e-01 (1.0923e-01)	Acc pseudo  98.44 ( 98.44)	Lr 1.000e-03 (1.000e-03)
2025-12-24 01:28:54,974 - INFO: Epoch: [2][ 50/107]	Time  0.003 ( 0.007)	Loss 3.0763e-02 (6.2580e-02)	Acc pseudo  98.44 ( 98.31)	Lr 1.000e-03 (1.000e-03)
2025-12-24 01:28:55,127 - INFO: Epoch: [2][100/107]	Time  0.002 ( 0.005)	Loss 1.6866e-01 (6.8267e-02)	Acc pseudo  96.88 ( 98.14)	Lr 1.000e-03 (1.000e-03)
2025-12-24 01:28:55,184 - INFO: Round 5, Fine-tune Epoch 2: loss=0.0709, acc(pseudo)=98.05%
2025-12-24 01:29:00,537 - INFO: Round 5, Fine-tune Epoch 2: acc(valid_pseudo): 0.9816, acc: 0.8990
2025-12-24 01:29:00,538 - INFO: Round 5, Speaker Fine-tune Epoch 2: No improvement in validation accuracy. Patience(epoch): 2/3
2025-12-24 01:29:00,723 - INFO: Epoch: [3][  0/107]	Time  0.180 ( 0.180)	Loss 1.1876e-01 (1.1876e-01)	Acc pseudo  92.19 ( 92.19)	Lr 1.000e-03 (1.000e-03)
2025-12-24 01:29:00,896 - INFO: Epoch: [3][ 50/107]	Time  0.003 ( 0.007)	Loss 5.9412e-02 (8.1608e-02)	Acc pseudo  98.44 ( 97.76)	Lr 1.000e-03 (1.000e-03)
2025-12-24 01:29:01,051 - INFO: Epoch: [3][100/107]	Time  0.002 ( 0.005)	Loss 4.6930e-02 (7.9819e-02)	Acc pseudo  96.88 ( 97.66)	Lr 1.000e-03 (1.000e-03)
2025-12-24 01:29:01,133 - INFO: Round 5, Fine-tune Epoch 3: loss=0.0801, acc(pseudo)=97.63%
2025-12-24 01:29:07,240 - INFO: Round 5, Fine-tune Epoch 3: acc(valid_pseudo): 0.9950, acc: 0.9095
2025-12-24 01:29:07,240 - INFO: Round 5, Speaker Fine-tune Epoch 3: No improvement in validation accuracy. Patience(epoch): 3/3
2025-12-24 01:29:07,240 - INFO: Early stopping at epoch 3 due to no improvement in validation accuracy for 3 epochs.
2025-12-24 01:29:07,242 - INFO: Round 5: Best speaker fine-tuned epoch=0, acc(valid_pseudo)=0.9950
2025-12-24 01:29:07,246 - INFO: Fine-tuning face embedding model for 20 epochs...
2025-12-24 01:29:07,754 - INFO: Epoch: [0][  0/229]	Time  0.467 ( 0.467)	Loss 4.2964e-02 (4.2964e-02)	Acc pseudo  98.44 ( 98.44)	Lr 1.000e-03 (1.000e-03)
2025-12-24 01:29:12,529 - INFO: Epoch: [0][ 50/229]	Time  0.044 ( 0.046)	Loss 1.2252e-01 (4.5942e-01)	Acc pseudo  96.88 ( 97.43)	Lr 1.000e-03 (1.000e-03)
2025-12-24 01:29:17,175 - INFO: Epoch: [0][100/229]	Time  0.029 ( 0.038)	Loss 6.1072e-02 (4.8945e-01)	Acc pseudo  98.44 ( 97.09)	Lr 1.000e-03 (1.000e-03)
2025-12-24 01:29:21,825 - INFO: Epoch: [0][150/229]	Time  0.029 ( 0.035)	Loss 1.7281e-01 (4.1572e-01)	Acc pseudo  92.19 ( 96.92)	Lr 1.000e-03 (1.000e-03)
2025-12-24 01:29:26,523 - INFO: Epoch: [0][200/229]	Time  0.041 ( 0.034)	Loss 3.5445e-02 (3.7319e-01)	Acc pseudo  98.44 ( 96.90)	Lr 1.000e-03 (1.000e-03)
2025-12-24 01:29:29,193 - INFO: Round 5, Face Fine-tune Epoch 0: loss=0.3766, acc(pseudo)=96.80%
2025-12-24 01:29:55,413 - INFO: Round 5, Face Fine-tune Epoch 0: acc(valid_pseudo): 0.8815, acc: 0.8962
2025-12-24 01:29:55,904 - INFO: Epoch: [1][  0/229]	Time  0.436 ( 0.436)	Loss 1.9791e-01 (1.9791e-01)	Acc pseudo  92.19 ( 92.19)	Lr 1.000e-03 (1.000e-03)
2025-12-24 01:30:00,582 - INFO: Epoch: [1][ 50/229]	Time  0.027 ( 0.037)	Loss 6.9235e-02 (1.4601e-01)	Acc pseudo  98.44 ( 97.06)	Lr 1.000e-03 (1.000e-03)
2025-12-24 01:30:05,259 - INFO: Epoch: [1][100/229]	Time  0.028 ( 0.032)	Loss 7.3693e-02 (2.2698e-01)	Acc pseudo  96.88 ( 97.03)	Lr 1.000e-03 (1.000e-03)
2025-12-24 01:30:09,937 - INFO: Epoch: [1][150/229]	Time  0.028 ( 0.031)	Loss 1.9788e-01 (2.2064e-01)	Acc pseudo  90.62 ( 96.57)	Lr 1.000e-03 (1.000e-03)
2025-12-24 01:30:14,615 - INFO: Epoch: [1][200/229]	Time  0.029 ( 0.030)	Loss 1.6182e+00 (2.2493e-01)	Acc pseudo  92.19 ( 96.46)	Lr 1.000e-03 (1.000e-03)
2025-12-24 01:30:17,304 - INFO: Round 5, Face Fine-tune Epoch 1: loss=0.2225, acc(pseudo)=96.36%
2025-12-24 01:30:42,915 - INFO: Round 5, Face Fine-tune Epoch 1: acc(valid_pseudo): 0.8869, acc: 0.8952
2025-12-24 01:30:43,372 - INFO: Epoch: [2][  0/229]	Time  0.410 ( 0.410)	Loss 1.1047e-01 (1.1047e-01)	Acc pseudo  93.75 ( 93.75)	Lr 1.000e-03 (1.000e-03)
2025-12-24 01:30:48,055 - INFO: Epoch: [2][ 50/229]	Time  0.028 ( 0.036)	Loss 6.3486e-02 (1.5368e-01)	Acc pseudo  96.88 ( 97.00)	Lr 1.000e-03 (1.000e-03)
2025-12-24 01:30:52,741 - INFO: Epoch: [2][100/229]	Time  0.028 ( 0.034)	Loss 4.9489e-01 (2.0252e-01)	Acc pseudo  93.75 ( 96.61)	Lr 1.000e-03 (1.000e-03)
2025-12-24 01:30:57,431 - INFO: Epoch: [2][150/229]	Time  0.029 ( 0.033)	Loss 1.1364e-01 (1.9059e-01)	Acc pseudo  95.31 ( 96.62)	Lr 1.000e-03 (1.000e-03)
2025-12-24 01:31:02,124 - INFO: Epoch: [2][200/229]	Time  0.034 ( 0.032)	Loss 2.0099e-01 (2.0859e-01)	Acc pseudo  92.19 ( 96.67)	Lr 1.000e-03 (1.000e-03)
2025-12-24 01:31:04,828 - INFO: Round 5, Face Fine-tune Epoch 2: loss=0.2183, acc(pseudo)=96.57%
2025-12-24 01:31:30,842 - INFO: Round 5, Face Fine-tune Epoch 2: acc(valid_pseudo): 0.8886, acc: 0.8915
2025-12-24 01:31:30,928 - INFO: Round 5: Best face fine-tuned epoch=2, acc(valid_pseudo)=0.8886
2025-12-24 01:31:30,950 - INFO: Using HMM model from previous round: runs/the big bang theory/exp_video/result/self_supervised/exp1/round4/pseudo_label/hmm_params.pkl
2025-12-24 01:45:19,705 - INFO: Round 5: speaker_acc=0.9110
2025-12-24 01:45:19,707 - INFO: Round 5: face_acc=0.8934
2025-12-24 01:45:19,710 - INFO: ====================
2025-12-24 01:45:19,710 - INFO: Round 6: Fine-tuning iteration
2025-12-24 01:45:19,710 - INFO: ====================
2025-12-24 01:45:19,785 - INFO: Round 6 Part 1: Fine-tuning embedding model
2025-12-24 01:45:19,786 - INFO: Using pseudo-label file: runs/the big bang theory/exp_video/result/self_supervised/exp1/round5/pseudo_label/pseudo_labels_audio_nested_hmm_full(unreliable_pp=5.0).json
2025-12-24 01:45:19,798 - INFO: Using face pseudo-label file: runs/the big bang theory/exp_video/result/self_supervised/exp1/round5/pseudo_label/pseudo_labels_faces_mid_frame_nested_hmm_full.json
2025-12-24 01:45:19,813 - INFO: Created face dataloader with 14646 samples
2025-12-24 01:45:19,824 - INFO: Fine-tuning speaker embedding model for 20 epochs...
2025-12-24 01:45:20,580 - INFO: Epoch: [0][  0/107]	Time  0.694 ( 0.694)	Loss 5.5132e-02 (5.5132e-02)	Acc pseudo  96.88 ( 96.88)	Lr 1.000e-03 (1.000e-03)
2025-12-24 01:45:20,746 - INFO: Epoch: [0][ 50/107]	Time  0.003 ( 0.017)	Loss 2.5128e-02 (1.4925e-01)	Acc pseudo  98.44 ( 97.61)	Lr 1.000e-03 (1.000e-03)
2025-12-24 01:45:20,898 - INFO: Epoch: [0][100/107]	Time  0.002 ( 0.010)	Loss 9.8986e-02 (1.4706e-01)	Acc pseudo  95.31 ( 97.87)	Lr 1.000e-03 (1.000e-03)
2025-12-24 01:45:20,957 - INFO: Round 6, Fine-tune Epoch 0: loss=0.1439, acc(pseudo)=97.88%
2025-12-24 01:45:25,260 - INFO: Round 6, Fine-tune Epoch 0: acc(valid_pseudo): 0.9925, acc: 0.9055
2025-12-24 01:45:25,525 - INFO: Epoch: [1][  0/107]	Time  0.171 ( 0.171)	Loss 1.6534e-02 (1.6534e-02)	Acc pseudo 100.00 (100.00)	Lr 1.000e-03 (1.000e-03)
2025-12-24 01:45:25,700 - INFO: Epoch: [1][ 50/107]	Time  0.003 ( 0.007)	Loss 5.3671e-02 (1.0599e-01)	Acc pseudo  96.88 ( 97.03)	Lr 1.000e-03 (1.000e-03)
2025-12-24 01:45:25,851 - INFO: Epoch: [1][100/107]	Time  0.002 ( 0.005)	Loss 7.8348e-01 (1.0052e-01)	Acc pseudo  93.75 ( 97.46)	Lr 1.000e-03 (1.000e-03)
2025-12-24 01:45:25,910 - INFO: Round 6, Fine-tune Epoch 1: loss=0.0980, acc(pseudo)=97.53%
2025-12-24 01:45:30,084 - INFO: Round 6, Fine-tune Epoch 1: acc(valid_pseudo): 0.9941, acc: 0.9095
2025-12-24 01:45:30,345 - INFO: Epoch: [2][  0/107]	Time  0.171 ( 0.171)	Loss 4.6874e-02 (4.6874e-02)	Acc pseudo  98.44 ( 98.44)	Lr 1.000e-03 (1.000e-03)
2025-12-24 01:45:30,548 - INFO: Epoch: [2][ 50/107]	Time  0.004 ( 0.007)	Loss 1.4205e-01 (7.4196e-02)	Acc pseudo  98.44 ( 98.28)	Lr 1.000e-03 (1.000e-03)
2025-12-24 01:45:30,749 - INFO: Epoch: [2][100/107]	Time  0.003 ( 0.006)	Loss 6.4590e-02 (7.3266e-02)	Acc pseudo  95.31 ( 98.22)	Lr 1.000e-03 (1.000e-03)
2025-12-24 01:45:30,813 - INFO: Round 6, Fine-tune Epoch 2: loss=0.0719, acc(pseudo)=98.26%
2025-12-24 01:45:36,868 - INFO: Round 6, Fine-tune Epoch 2: acc(valid_pseudo): 0.9874, acc: 0.8870
2025-12-24 01:45:36,868 - INFO: Round 6, Speaker Fine-tune Epoch 2: No improvement in validation accuracy. Patience(epoch): 1/3
2025-12-24 01:45:37,067 - INFO: Epoch: [3][  0/107]	Time  0.194 ( 0.194)	Loss 9.7430e-02 (9.7430e-02)	Acc pseudo  98.44 ( 98.44)	Lr 1.000e-03 (1.000e-03)
2025-12-24 01:45:37,241 - INFO: Epoch: [3][ 50/107]	Time  0.004 ( 0.007)	Loss 3.0688e-03 (6.7477e-02)	Acc pseudo 100.00 ( 98.16)	Lr 1.000e-03 (1.000e-03)
2025-12-24 01:45:37,387 - INFO: Epoch: [3][100/107]	Time  0.002 ( 0.005)	Loss 4.6362e-02 (7.4575e-02)	Acc pseudo  96.88 ( 98.08)	Lr 1.000e-03 (1.000e-03)
2025-12-24 01:45:37,444 - INFO: Round 6, Fine-tune Epoch 3: loss=0.0743, acc(pseudo)=98.11%
2025-12-24 01:45:42,370 - INFO: Round 6, Fine-tune Epoch 3: acc(valid_pseudo): 0.9950, acc: 0.9115
2025-12-24 01:45:42,666 - INFO: Epoch: [4][  0/107]	Time  0.175 ( 0.175)	Loss 2.5850e-02 (2.5850e-02)	Acc pseudo  98.44 ( 98.44)	Lr 1.000e-03 (1.000e-03)
2025-12-24 01:45:42,903 - INFO: Epoch: [4][ 50/107]	Time  0.003 ( 0.008)	Loss 2.9057e-02 (8.2129e-02)	Acc pseudo 100.00 ( 97.67)	Lr 1.000e-03 (1.000e-03)
2025-12-24 01:45:43,055 - INFO: Epoch: [4][100/107]	Time  0.002 ( 0.005)	Loss 1.3503e-02 (8.4208e-02)	Acc pseudo 100.00 ( 97.74)	Lr 1.000e-03 (1.000e-03)
2025-12-24 01:45:43,112 - INFO: Round 6, Fine-tune Epoch 4: loss=0.0867, acc(pseudo)=97.70%
2025-12-24 01:45:47,797 - INFO: Round 6, Fine-tune Epoch 4: acc(valid_pseudo): 0.9967, acc: 0.9130
2025-12-24 01:45:48,053 - INFO: Epoch: [5][  0/107]	Time  0.170 ( 0.170)	Loss 5.1181e-02 (5.1181e-02)	Acc pseudo  98.44 ( 98.44)	Lr 1.000e-03 (1.000e-03)
2025-12-24 01:45:48,226 - INFO: Epoch: [5][ 50/107]	Time  0.003 ( 0.007)	Loss 2.0338e-02 (9.2881e-02)	Acc pseudo 100.00 ( 97.73)	Lr 1.000e-03 (1.000e-03)
2025-12-24 01:45:48,376 - INFO: Epoch: [5][100/107]	Time  0.002 ( 0.005)	Loss 5.0218e-03 (9.7891e-02)	Acc pseudo 100.00 ( 97.65)	Lr 1.000e-03 (1.000e-03)
2025-12-24 01:45:48,434 - INFO: Round 6, Fine-tune Epoch 5: loss=0.0986, acc(pseudo)=97.60%
2025-12-24 01:45:52,495 - INFO: Round 6, Fine-tune Epoch 5: acc(valid_pseudo): 0.9916, acc: 0.8795
2025-12-24 01:45:52,495 - INFO: Round 6, Speaker Fine-tune Epoch 5: No improvement in validation accuracy. Patience(epoch): 1/3
2025-12-24 01:45:52,688 - INFO: Epoch: [6][  0/107]	Time  0.188 ( 0.188)	Loss 7.4666e-02 (7.4666e-02)	Acc pseudo  95.31 ( 95.31)	Lr 1.000e-03 (1.000e-03)
2025-12-24 01:45:52,857 - INFO: Epoch: [6][ 50/107]	Time  0.003 ( 0.007)	Loss 3.4342e-02 (8.7865e-02)	Acc pseudo  98.44 ( 97.61)	Lr 1.000e-03 (1.000e-03)
2025-12-24 01:45:53,009 - INFO: Epoch: [6][100/107]	Time  0.002 ( 0.005)	Loss 4.6735e-02 (1.0036e-01)	Acc pseudo  96.88 ( 97.57)	Lr 1.000e-03 (1.000e-03)
2025-12-24 01:45:53,065 - INFO: Round 6, Fine-tune Epoch 6: loss=0.1017, acc(pseudo)=97.58%
2025-12-24 01:45:57,154 - INFO: Round 6, Fine-tune Epoch 6: acc(valid_pseudo): 0.9967, acc: 0.9040
2025-12-24 01:45:57,154 - INFO: Round 6, Speaker Fine-tune Epoch 6: No improvement in validation accuracy. Patience(epoch): 2/3
2025-12-24 01:45:57,327 - INFO: Epoch: [7][  0/107]	Time  0.168 ( 0.168)	Loss 5.8534e-02 (5.8534e-02)	Acc pseudo  98.44 ( 98.44)	Lr 1.000e-03 (1.000e-03)
2025-12-24 01:45:57,498 - INFO: Epoch: [7][ 50/107]	Time  0.003 ( 0.007)	Loss 5.2898e-02 (6.2288e-02)	Acc pseudo  98.44 ( 98.25)	Lr 1.000e-03 (1.000e-03)
2025-12-24 01:45:57,645 - INFO: Epoch: [7][100/107]	Time  0.002 ( 0.005)	Loss 3.8754e-02 (7.3236e-02)	Acc pseudo  98.44 ( 98.04)	Lr 1.000e-03 (1.000e-03)
2025-12-24 01:45:57,702 - INFO: Round 6, Fine-tune Epoch 7: loss=0.0766, acc(pseudo)=97.94%
2025-12-24 01:46:01,900 - INFO: Round 6, Fine-tune Epoch 7: acc(valid_pseudo): 0.9933, acc: 0.9065
2025-12-24 01:46:01,900 - INFO: Round 6, Speaker Fine-tune Epoch 7: No improvement in validation accuracy. Patience(epoch): 3/3
2025-12-24 01:46:01,900 - INFO: Early stopping at epoch 7 due to no improvement in validation accuracy for 3 epochs.
2025-12-24 01:46:01,902 - INFO: Round 6: Best speaker fine-tuned epoch=4, acc(valid_pseudo)=0.9967
2025-12-24 01:46:01,906 - INFO: Fine-tuning face embedding model for 20 epochs...
2025-12-24 01:46:02,683 - INFO: Epoch: [0][  0/229]	Time  0.755 ( 0.755)	Loss 8.6371e-02 (8.6371e-02)	Acc pseudo  96.88 ( 96.88)	Lr 1.000e-03 (1.000e-03)
2025-12-24 01:46:07,335 - INFO: Epoch: [0][ 50/229]	Time  0.028 ( 0.048)	Loss 7.1623e-02 (1.7216e-01)	Acc pseudo  95.31 ( 97.61)	Lr 1.000e-03 (1.000e-03)
2025-12-24 01:46:11,981 - INFO: Epoch: [0][100/229]	Time  0.029 ( 0.039)	Loss 1.4671e-01 (1.6611e-01)	Acc pseudo  96.88 ( 97.66)	Lr 1.000e-03 (1.000e-03)
2025-12-24 01:46:16,632 - INFO: Epoch: [0][150/229]	Time  0.029 ( 0.036)	Loss 1.1562e+00 (1.6788e-01)	Acc pseudo  95.31 ( 97.35)	Lr 1.000e-03 (1.000e-03)
2025-12-24 01:46:21,289 - INFO: Epoch: [0][200/229]	Time  0.028 ( 0.035)	Loss 5.7590e-01 (2.0857e-01)	Acc pseudo  95.31 ( 97.26)	Lr 1.000e-03 (1.000e-03)
2025-12-24 01:46:23,969 - INFO: Round 6, Face Fine-tune Epoch 0: loss=0.2227, acc(pseudo)=97.17%
2025-12-24 01:46:49,972 - INFO: Round 6, Face Fine-tune Epoch 0: acc(valid_pseudo): 0.8773, acc: 0.8877
2025-12-24 01:46:50,475 - INFO: Epoch: [1][  0/229]	Time  0.467 ( 0.467)	Loss 8.9665e-02 (8.9665e-02)	Acc pseudo  96.88 ( 96.88)	Lr 1.000e-03 (1.000e-03)
2025-12-24 01:46:55,157 - INFO: Epoch: [1][ 50/229]	Time  0.027 ( 0.039)	Loss 4.5886e-02 (2.2742e-01)	Acc pseudo  98.44 ( 96.72)	Lr 1.000e-03 (1.000e-03)
2025-12-24 01:46:59,832 - INFO: Epoch: [1][100/229]	Time  0.027 ( 0.033)	Loss 1.5570e-01 (2.0163e-01)	Acc pseudo  93.75 ( 96.84)	Lr 1.000e-03 (1.000e-03)
2025-12-24 01:47:04,510 - INFO: Epoch: [1][150/229]	Time  0.028 ( 0.031)	Loss 1.4350e-01 (1.8605e-01)	Acc pseudo  95.31 ( 96.76)	Lr 1.000e-03 (1.000e-03)
2025-12-24 01:47:09,188 - INFO: Epoch: [1][200/229]	Time  0.027 ( 0.031)	Loss 9.9495e-02 (1.9265e-01)	Acc pseudo  96.88 ( 96.90)	Lr 1.000e-03 (1.000e-03)
2025-12-24 01:47:11,864 - INFO: Round 6, Face Fine-tune Epoch 1: loss=0.1869, acc(pseudo)=96.93%
2025-12-24 01:47:37,287 - INFO: Round 6, Face Fine-tune Epoch 1: acc(valid_pseudo): 0.8847, acc: 0.8924
2025-12-24 01:47:37,744 - INFO: Epoch: [2][  0/229]	Time  0.407 ( 0.407)	Loss 6.9704e-02 (6.9704e-02)	Acc pseudo  98.44 ( 98.44)	Lr 1.000e-03 (1.000e-03)
2025-12-24 01:47:42,431 - INFO: Epoch: [2][ 50/229]	Time  0.029 ( 0.037)	Loss 6.2320e-02 (1.1274e-01)	Acc pseudo  95.31 ( 97.61)	Lr 1.000e-03 (1.000e-03)
2025-12-24 01:47:47,117 - INFO: Epoch: [2][100/229]	Time  0.029 ( 0.033)	Loss 7.2832e-02 (1.1853e-01)	Acc pseudo  98.44 ( 97.42)	Lr 1.000e-03 (1.000e-03)
2025-12-24 01:47:51,805 - INFO: Epoch: [2][150/229]	Time  0.030 ( 0.032)	Loss 4.8002e-02 (1.2454e-01)	Acc pseudo  98.44 ( 97.39)	Lr 1.000e-03 (1.000e-03)
2025-12-24 01:47:56,497 - INFO: Epoch: [2][200/229]	Time  0.028 ( 0.031)	Loss 1.1948e-01 (1.4688e-01)	Acc pseudo  95.31 ( 97.51)	Lr 1.000e-03 (1.000e-03)
2025-12-24 01:47:59,178 - INFO: Round 6, Face Fine-tune Epoch 2: loss=0.1503, acc(pseudo)=97.42%
2025-12-24 01:48:25,480 - INFO: Round 6, Face Fine-tune Epoch 2: acc(valid_pseudo): 0.8863, acc: 0.8952
2025-12-24 01:48:25,561 - INFO: Round 6: Best face fine-tuned epoch=2, acc(valid_pseudo)=0.8863
2025-12-24 01:48:25,577 - INFO: Using HMM model from previous round: runs/the big bang theory/exp_video/result/self_supervised/exp1/round5/pseudo_label/hmm_params.pkl
2025-12-24 01:59:41,281 - INFO: Round 6: speaker_acc=0.9120
2025-12-24 01:59:41,284 - INFO: Round 6: face_acc=0.8952
2025-12-24 01:59:41,286 - INFO: ====================
2025-12-24 01:59:41,287 - INFO: Round 7: Fine-tuning iteration
2025-12-24 01:59:41,287 - INFO: ====================
2025-12-24 01:59:41,335 - INFO: Round 7 Part 1: Fine-tuning embedding model
2025-12-24 01:59:41,336 - INFO: Using pseudo-label file: runs/the big bang theory/exp_video/result/self_supervised/exp1/round6/pseudo_label/pseudo_labels_audio_nested_hmm_full(unreliable_pp=5.0).json
2025-12-24 01:59:41,521 - INFO: Using face pseudo-label file: runs/the big bang theory/exp_video/result/self_supervised/exp1/round6/pseudo_label/pseudo_labels_faces_mid_frame_nested_hmm_full.json
2025-12-24 01:59:41,537 - INFO: Created face dataloader with 14646 samples
2025-12-24 01:59:41,550 - INFO: Fine-tuning speaker embedding model for 20 epochs...
2025-12-24 01:59:42,162 - INFO: Epoch: [0][  0/107]	Time  0.595 ( 0.595)	Loss 1.0109e-01 (1.0109e-01)	Acc pseudo  96.88 ( 96.88)	Lr 1.000e-03 (1.000e-03)
2025-12-24 01:59:42,374 - INFO: Epoch: [0][ 50/107]	Time  0.004 ( 0.016)	Loss 6.4427e-02 (1.4340e-01)	Acc pseudo  98.44 ( 98.07)	Lr 1.000e-03 (1.000e-03)
2025-12-24 01:59:42,556 - INFO: Epoch: [0][100/107]	Time  0.003 ( 0.010)	Loss 1.2140e-01 (1.4061e-01)	Acc pseudo  95.31 ( 98.02)	Lr 1.000e-03 (1.000e-03)
2025-12-24 01:59:42,615 - INFO: Round 7, Fine-tune Epoch 0: loss=0.1379, acc(pseudo)=98.02%
2025-12-24 01:59:47,221 - INFO: Round 7, Fine-tune Epoch 0: acc(valid_pseudo): 0.9983, acc: 0.9105
2025-12-24 01:59:47,507 - INFO: Epoch: [1][  0/107]	Time  0.193 ( 0.193)	Loss 3.6426e-02 (3.6426e-02)	Acc pseudo  98.44 ( 98.44)	Lr 1.000e-03 (1.000e-03)
2025-12-24 01:59:47,682 - INFO: Epoch: [1][ 50/107]	Time  0.004 ( 0.007)	Loss 6.6875e-02 (1.0491e-01)	Acc pseudo  95.31 ( 98.01)	Lr 1.000e-03 (1.000e-03)
2025-12-24 01:59:47,849 - INFO: Epoch: [1][100/107]	Time  0.002 ( 0.005)	Loss 1.2816e-01 (8.6568e-02)	Acc pseudo  95.31 ( 97.99)	Lr 1.000e-03 (1.000e-03)
2025-12-24 01:59:47,906 - INFO: Round 7, Fine-tune Epoch 1: loss=0.0901, acc(pseudo)=98.01%
2025-12-24 01:59:52,163 - INFO: Round 7, Fine-tune Epoch 1: acc(valid_pseudo): 0.9933, acc: 0.9090
2025-12-24 01:59:52,163 - INFO: Round 7, Speaker Fine-tune Epoch 1: No improvement in validation accuracy. Patience(epoch): 1/3
2025-12-24 01:59:52,342 - INFO: Epoch: [2][  0/107]	Time  0.173 ( 0.173)	Loss 1.6131e-01 (1.6131e-01)	Acc pseudo  98.44 ( 98.44)	Lr 1.000e-03 (1.000e-03)
2025-12-24 01:59:52,521 - INFO: Epoch: [2][ 50/107]	Time  0.003 ( 0.007)	Loss 3.8550e-01 (6.1551e-02)	Acc pseudo  96.88 ( 98.68)	Lr 1.000e-03 (1.000e-03)
2025-12-24 01:59:52,670 - INFO: Epoch: [2][100/107]	Time  0.002 ( 0.005)	Loss 1.3588e-01 (6.3338e-02)	Acc pseudo  98.44 ( 98.65)	Lr 1.000e-03 (1.000e-03)
2025-12-24 01:59:52,729 - INFO: Round 7, Fine-tune Epoch 2: loss=0.0628, acc(pseudo)=98.64%
2025-12-24 01:59:57,056 - INFO: Round 7, Fine-tune Epoch 2: acc(valid_pseudo): 0.9992, acc: 0.9150
2025-12-24 01:59:57,333 - INFO: Epoch: [3][  0/107]	Time  0.189 ( 0.189)	Loss 3.9825e-02 (3.9825e-02)	Acc pseudo  98.44 ( 98.44)	Lr 1.000e-03 (1.000e-03)
2025-12-24 01:59:57,507 - INFO: Epoch: [3][ 50/107]	Time  0.003 ( 0.007)	Loss 2.7350e-03 (6.7989e-02)	Acc pseudo 100.00 ( 98.25)	Lr 1.000e-03 (1.000e-03)
2025-12-24 01:59:57,658 - INFO: Epoch: [3][100/107]	Time  0.002 ( 0.005)	Loss 1.0079e-01 (8.5229e-02)	Acc pseudo  95.31 ( 98.05)	Lr 1.000e-03 (1.000e-03)
2025-12-24 01:59:57,717 - INFO: Round 7, Fine-tune Epoch 3: loss=0.0859, acc(pseudo)=98.05%
2025-12-24 02:00:01,811 - INFO: Round 7, Fine-tune Epoch 3: acc(valid_pseudo): 0.9464, acc: 0.8775
2025-12-24 02:00:01,812 - INFO: Round 7, Speaker Fine-tune Epoch 3: No improvement in validation accuracy. Patience(epoch): 1/3
2025-12-24 02:00:01,812 - INFO: Early stopping at epoch 3 due to significant drop in pseudo-label validation accuracy: 0.9992 -> 0.9464.
2025-12-24 02:00:01,813 - INFO: Round 7: Best speaker fine-tuned epoch=2, acc(valid_pseudo)=0.9992
2025-12-24 02:00:01,817 - INFO: Fine-tuning face embedding model for 20 epochs...
2025-12-24 02:00:02,451 - INFO: Epoch: [0][  0/229]	Time  0.592 ( 0.592)	Loss 2.4060e-03 (2.4060e-03)	Acc pseudo 100.00 (100.00)	Lr 1.000e-03 (1.000e-03)
2025-12-24 02:00:07,096 - INFO: Epoch: [0][ 50/229]	Time  0.027 ( 0.040)	Loss 1.0671e-01 (9.6631e-02)	Acc pseudo  98.44 ( 98.28)	Lr 1.000e-03 (1.000e-03)
2025-12-24 02:00:11,746 - INFO: Epoch: [0][100/229]	Time  0.031 ( 0.035)	Loss 2.1012e-02 (1.1823e-01)	Acc pseudo  98.44 ( 98.05)	Lr 1.000e-03 (1.000e-03)
2025-12-24 02:00:16,402 - INFO: Epoch: [0][150/229]	Time  0.029 ( 0.033)	Loss 5.7398e-01 (1.1995e-01)	Acc pseudo  98.44 ( 98.04)	Lr 1.000e-03 (1.000e-03)
2025-12-24 02:00:21,062 - INFO: Epoch: [0][200/229]	Time  0.028 ( 0.032)	Loss 2.4843e-01 (1.2851e-01)	Acc pseudo  96.88 ( 97.96)	Lr 1.000e-03 (1.000e-03)
2025-12-24 02:00:23,724 - INFO: Round 7, Face Fine-tune Epoch 0: loss=0.1401, acc(pseudo)=97.95%
2025-12-24 02:00:50,323 - INFO: Round 7, Face Fine-tune Epoch 0: acc(valid_pseudo): 0.8826, acc: 0.8980
2025-12-24 02:00:50,804 - INFO: Epoch: [1][  0/229]	Time  0.448 ( 0.448)	Loss 9.4813e-02 (9.4813e-02)	Acc pseudo  92.19 ( 92.19)	Lr 1.000e-03 (1.000e-03)
2025-12-24 02:00:55,481 - INFO: Epoch: [1][ 50/229]	Time  0.030 ( 0.040)	Loss 1.0894e-02 (8.6099e-02)	Acc pseudo 100.00 ( 98.01)	Lr 1.000e-03 (1.000e-03)
2025-12-24 02:01:00,169 - INFO: Epoch: [1][100/229]	Time  0.029 ( 0.040)	Loss 3.1835e-02 (1.0124e-01)	Acc pseudo  98.44 ( 98.08)	Lr 1.000e-03 (1.000e-03)
2025-12-24 02:01:04,853 - INFO: Epoch: [1][150/229]	Time  0.029 ( 0.037)	Loss 5.2481e-02 (1.0285e-01)	Acc pseudo  96.88 ( 97.92)	Lr 1.000e-03 (1.000e-03)
2025-12-24 02:01:09,537 - INFO: Epoch: [1][200/229]	Time  0.029 ( 0.035)	Loss 7.1419e-02 (1.1194e-01)	Acc pseudo 100.00 ( 98.02)	Lr 1.000e-03 (1.000e-03)
2025-12-24 02:01:12,234 - INFO: Round 7, Face Fine-tune Epoch 1: loss=0.1119, acc(pseudo)=97.96%
2025-12-24 02:01:38,135 - INFO: Round 7, Face Fine-tune Epoch 1: acc(valid_pseudo): 0.8804, acc: 0.8952
2025-12-24 02:01:38,622 - INFO: Epoch: [2][  0/229]	Time  0.436 ( 0.436)	Loss 5.9534e-02 (5.9534e-02)	Acc pseudo  98.44 ( 98.44)	Lr 1.000e-03 (1.000e-03)
2025-12-24 02:01:43,305 - INFO: Epoch: [2][ 50/229]	Time  0.028 ( 0.037)	Loss 1.7422e-02 (9.7104e-02)	Acc pseudo 100.00 ( 98.16)	Lr 1.000e-03 (1.000e-03)
2025-12-24 02:01:48,056 - INFO: Epoch: [2][100/229]	Time  0.042 ( 0.033)	Loss 1.2481e-02 (9.5801e-02)	Acc pseudo 100.00 ( 98.16)	Lr 1.000e-03 (1.000e-03)
2025-12-24 02:01:52,750 - INFO: Epoch: [2][150/229]	Time  0.036 ( 0.033)	Loss 3.5918e-02 (9.4380e-02)	Acc pseudo 100.00 ( 98.08)	Lr 1.000e-03 (1.000e-03)
2025-12-24 02:01:57,445 - INFO: Epoch: [2][200/229]	Time  0.029 ( 0.033)	Loss 1.1059e-01 (1.4037e-01)	Acc pseudo  96.88 ( 98.07)	Lr 1.000e-03 (1.000e-03)
2025-12-24 02:02:00,129 - INFO: Round 7, Face Fine-tune Epoch 2: loss=0.1430, acc(pseudo)=97.95%
2025-12-24 02:02:27,835 - INFO: Round 7, Face Fine-tune Epoch 2: acc(valid_pseudo): 0.8832, acc: 0.8934
2025-12-24 02:02:27,917 - INFO: Round 7: Best face fine-tuned epoch=2, acc(valid_pseudo)=0.8832
2025-12-24 02:02:27,934 - INFO: Using HMM model from previous round: runs/the big bang theory/exp_video/result/self_supervised/exp1/round6/pseudo_label/hmm_params.pkl
2025-12-24 02:08:21,092 - INFO: Round 7: speaker_acc=0.9110
2025-12-24 02:08:21,094 - INFO: Round 7: face_acc=0.8943
2025-12-24 02:08:21,096 - INFO: ====================
2025-12-24 02:08:21,096 - INFO: Round 8: Fine-tuning iteration
2025-12-24 02:08:21,096 - INFO: ====================
2025-12-24 02:08:21,153 - INFO: Round 8 Part 1: Fine-tuning embedding model
2025-12-24 02:08:21,155 - INFO: Using pseudo-label file: runs/the big bang theory/exp_video/result/self_supervised/exp1/round7/pseudo_label/pseudo_labels_audio_nested_hmm_full(unreliable_pp=5.0).json
2025-12-24 02:08:21,167 - INFO: Using face pseudo-label file: runs/the big bang theory/exp_video/result/self_supervised/exp1/round7/pseudo_label/pseudo_labels_faces_mid_frame_nested_hmm_full.json
2025-12-24 02:08:21,182 - INFO: Created face dataloader with 14646 samples
2025-12-24 02:08:21,193 - INFO: Fine-tuning speaker embedding model for 20 epochs...
2025-12-24 02:08:21,384 - INFO: Epoch: [0][  0/107]	Time  0.187 ( 0.187)	Loss 2.5406e-02 (2.5406e-02)	Acc pseudo  98.44 ( 98.44)	Lr 1.000e-03 (1.000e-03)
2025-12-24 02:08:21,596 - INFO: Epoch: [0][ 50/107]	Time  0.004 ( 0.008)	Loss 5.5028e-02 (9.0266e-02)	Acc pseudo  98.44 ( 98.10)	Lr 1.000e-03 (1.000e-03)
2025-12-24 02:08:21,784 - INFO: Epoch: [0][100/107]	Time  0.003 ( 0.006)	Loss 2.7451e-01 (8.8535e-02)	Acc pseudo  96.88 ( 98.24)	Lr 1.000e-03 (1.000e-03)
2025-12-24 02:08:21,857 - INFO: Round 8, Fine-tune Epoch 0: loss=0.0885, acc(pseudo)=98.24%
2025-12-24 02:08:26,215 - INFO: Round 8, Fine-tune Epoch 0: acc(valid_pseudo): 0.9958, acc: 0.9060
2025-12-24 02:08:26,570 - INFO: Epoch: [1][  0/107]	Time  0.226 ( 0.226)	Loss 4.1505e-03 (4.1505e-03)	Acc pseudo 100.00 (100.00)	Lr 1.000e-03 (1.000e-03)
2025-12-24 02:08:26,765 - INFO: Epoch: [1][ 50/107]	Time  0.003 ( 0.008)	Loss 3.7607e-02 (6.1263e-02)	Acc pseudo  98.44 ( 98.28)	Lr 1.000e-03 (1.000e-03)
2025-12-24 02:08:26,935 - INFO: Epoch: [1][100/107]	Time  0.002 ( 0.006)	Loss 7.9925e-02 (7.2915e-02)	Acc pseudo  95.31 ( 98.11)	Lr 1.000e-03 (1.000e-03)
2025-12-24 02:08:26,991 - INFO: Round 8, Fine-tune Epoch 1: loss=0.0736, acc(pseudo)=98.11%
2025-12-24 02:08:31,541 - INFO: Round 8, Fine-tune Epoch 1: acc(valid_pseudo): 0.9958, acc: 0.9115
2025-12-24 02:08:31,542 - INFO: Round 8, Speaker Fine-tune Epoch 1: No improvement in validation accuracy. Patience(epoch): 1/3
2025-12-24 02:08:31,714 - INFO: Epoch: [2][  0/107]	Time  0.167 ( 0.167)	Loss 9.1769e-02 (9.1769e-02)	Acc pseudo  98.44 ( 98.44)	Lr 1.000e-03 (1.000e-03)
2025-12-24 02:08:31,892 - INFO: Epoch: [2][ 50/107]	Time  0.003 ( 0.007)	Loss 1.2152e-01 (6.0729e-02)	Acc pseudo  98.44 ( 98.44)	Lr 1.000e-03 (1.000e-03)
2025-12-24 02:08:32,050 - INFO: Epoch: [2][100/107]	Time  0.002 ( 0.005)	Loss 3.6890e-02 (6.2811e-02)	Acc pseudo  98.44 ( 98.33)	Lr 1.000e-03 (1.000e-03)
2025-12-24 02:08:32,106 - INFO: Round 8, Fine-tune Epoch 2: loss=0.0629, acc(pseudo)=98.33%
2025-12-24 02:08:36,657 - INFO: Round 8, Fine-tune Epoch 2: acc(valid_pseudo): 0.9900, acc: 0.9100
2025-12-24 02:08:36,658 - INFO: Round 8, Speaker Fine-tune Epoch 2: No improvement in validation accuracy. Patience(epoch): 2/3
2025-12-24 02:08:36,838 - INFO: Epoch: [3][  0/107]	Time  0.175 ( 0.175)	Loss 7.5930e-02 (7.5930e-02)	Acc pseudo  98.44 ( 98.44)	Lr 1.000e-03 (1.000e-03)
2025-12-24 02:08:37,012 - INFO: Epoch: [3][ 50/107]	Time  0.003 ( 0.007)	Loss 1.2433e-02 (9.2013e-02)	Acc pseudo 100.00 ( 98.10)	Lr 1.000e-03 (1.000e-03)
2025-12-24 02:08:37,161 - INFO: Epoch: [3][100/107]	Time  0.002 ( 0.005)	Loss 7.7479e-02 (7.2524e-02)	Acc pseudo  96.88 ( 98.25)	Lr 1.000e-03 (1.000e-03)
2025-12-24 02:08:37,217 - INFO: Round 8, Fine-tune Epoch 3: loss=0.0735, acc(pseudo)=98.17%
2025-12-24 02:08:41,589 - INFO: Round 8, Fine-tune Epoch 3: acc(valid_pseudo): 0.9983, acc: 0.9085
2025-12-24 02:08:41,854 - INFO: Epoch: [4][  0/107]	Time  0.168 ( 0.168)	Loss 1.6720e-03 (1.6720e-03)	Acc pseudo 100.00 (100.00)	Lr 1.000e-03 (1.000e-03)
2025-12-24 02:08:42,041 - INFO: Epoch: [4][ 50/107]	Time  0.003 ( 0.007)	Loss 1.3715e-02 (6.4187e-02)	Acc pseudo  98.44 ( 97.95)	Lr 1.000e-03 (1.000e-03)
2025-12-24 02:08:42,212 - INFO: Epoch: [4][100/107]	Time  0.002 ( 0.005)	Loss 4.4350e-02 (6.8473e-02)	Acc pseudo  96.88 ( 97.91)	Lr 1.000e-03 (1.000e-03)
2025-12-24 02:08:42,287 - INFO: Round 8, Fine-tune Epoch 4: loss=0.0660, acc(pseudo)=97.96%
2025-12-24 02:08:46,753 - INFO: Round 8, Fine-tune Epoch 4: acc(valid_pseudo): 0.9958, acc: 0.9080
2025-12-24 02:08:46,754 - INFO: Round 8, Speaker Fine-tune Epoch 4: No improvement in validation accuracy. Patience(epoch): 1/3
2025-12-24 02:08:46,968 - INFO: Epoch: [5][  0/107]	Time  0.209 ( 0.209)	Loss 6.4217e-02 (6.4217e-02)	Acc pseudo  98.44 ( 98.44)	Lr 1.000e-03 (1.000e-03)
2025-12-24 02:08:47,162 - INFO: Epoch: [5][ 50/107]	Time  0.004 ( 0.008)	Loss 3.1104e-02 (8.6622e-02)	Acc pseudo 100.00 ( 97.70)	Lr 1.000e-03 (1.000e-03)
2025-12-24 02:08:47,334 - INFO: Epoch: [5][100/107]	Time  0.002 ( 0.006)	Loss 1.0124e-02 (7.3216e-02)	Acc pseudo 100.00 ( 97.93)	Lr 1.000e-03 (1.000e-03)
2025-12-24 02:08:47,410 - INFO: Round 8, Fine-tune Epoch 5: loss=0.0762, acc(pseudo)=97.85%
2025-12-24 02:08:53,584 - INFO: Round 8, Fine-tune Epoch 5: acc(valid_pseudo): 0.9883, acc: 0.9080
2025-12-24 02:08:53,584 - INFO: Round 8, Speaker Fine-tune Epoch 5: No improvement in validation accuracy. Patience(epoch): 2/3
2025-12-24 02:08:53,800 - INFO: Epoch: [6][  0/107]	Time  0.211 ( 0.211)	Loss 2.9515e-02 (2.9515e-02)	Acc pseudo  96.88 ( 96.88)	Lr 1.000e-03 (1.000e-03)
2025-12-24 02:08:54,003 - INFO: Epoch: [6][ 50/107]	Time  0.004 ( 0.008)	Loss 5.4063e-02 (5.2472e-02)	Acc pseudo  98.44 ( 98.28)	Lr 1.000e-03 (1.000e-03)
2025-12-24 02:08:54,175 - INFO: Epoch: [6][100/107]	Time  0.002 ( 0.006)	Loss 1.6122e-02 (6.5631e-02)	Acc pseudo 100.00 ( 98.16)	Lr 1.000e-03 (1.000e-03)
2025-12-24 02:08:54,237 - INFO: Round 8, Fine-tune Epoch 6: loss=0.0698, acc(pseudo)=98.07%
2025-12-24 02:08:59,005 - INFO: Round 8, Fine-tune Epoch 6: acc(valid_pseudo): 0.9464, acc: 0.8010
2025-12-24 02:08:59,005 - INFO: Round 8, Speaker Fine-tune Epoch 6: No improvement in validation accuracy. Patience(epoch): 3/3
2025-12-24 02:08:59,006 - INFO: Early stopping at epoch 6 due to no improvement in validation accuracy for 3 epochs.
2025-12-24 02:08:59,007 - INFO: Round 8: Best speaker fine-tuned epoch=3, acc(valid_pseudo)=0.9983
2025-12-24 02:08:59,014 - INFO: Fine-tuning face embedding model for 20 epochs...
2025-12-24 02:08:59,542 - INFO: Epoch: [0][  0/229]	Time  0.488 ( 0.488)	Loss 1.2279e-02 (1.2279e-02)	Acc pseudo  98.44 ( 98.44)	Lr 1.000e-03 (1.000e-03)
2025-12-24 02:09:04,209 - INFO: Epoch: [0][ 50/229]	Time  0.040 ( 0.051)	Loss 3.8543e-02 (8.9366e-02)	Acc pseudo  98.44 ( 98.71)	Lr 1.000e-03 (1.000e-03)
2025-12-24 02:09:08,864 - INFO: Epoch: [0][100/229]	Time  0.045 ( 0.044)	Loss 2.9536e-02 (9.0768e-02)	Acc pseudo  96.88 ( 98.56)	Lr 1.000e-03 (1.000e-03)
2025-12-24 02:09:13,527 - INFO: Epoch: [0][150/229]	Time  0.045 ( 0.041)	Loss 2.1799e-01 (1.1586e-01)	Acc pseudo  98.44 ( 98.45)	Lr 1.000e-03 (1.000e-03)
2025-12-24 02:09:18,195 - INFO: Epoch: [0][200/229]	Time  0.028 ( 0.040)	Loss 4.2534e-02 (1.2003e-01)	Acc pseudo  98.44 ( 98.34)	Lr 1.000e-03 (1.000e-03)
2025-12-24 02:09:20,864 - INFO: Round 8, Face Fine-tune Epoch 0: loss=0.1231, acc(pseudo)=98.29%
2025-12-24 02:09:48,610 - INFO: Round 8, Face Fine-tune Epoch 0: acc(valid_pseudo): 0.8807, acc: 0.8943
2025-12-24 02:09:49,065 - INFO: Epoch: [1][  0/229]	Time  0.409 ( 0.409)	Loss 3.5313e-02 (3.5313e-02)	Acc pseudo  96.88 ( 96.88)	Lr 1.000e-03 (1.000e-03)
2025-12-24 02:09:53,755 - INFO: Epoch: [1][ 50/229]	Time  0.032 ( 0.047)	Loss 9.6937e-02 (2.1177e-01)	Acc pseudo  98.44 ( 98.25)	Lr 1.000e-03 (1.000e-03)
2025-12-24 02:09:58,445 - INFO: Epoch: [1][100/229]	Time  0.035 ( 0.044)	Loss 1.4027e-01 (1.5770e-01)	Acc pseudo  98.44 ( 98.19)	Lr 1.000e-03 (1.000e-03)
2025-12-24 02:10:03,137 - INFO: Epoch: [1][150/229]	Time  0.029 ( 0.043)	Loss 4.2388e-02 (1.4343e-01)	Acc pseudo  98.44 ( 98.06)	Lr 1.000e-03 (1.000e-03)
2025-12-24 02:10:07,821 - INFO: Epoch: [1][200/229]	Time  0.028 ( 0.039)	Loss 7.2180e-01 (1.4097e-01)	Acc pseudo  95.31 ( 98.03)	Lr 1.000e-03 (1.000e-03)
2025-12-24 02:10:10,506 - INFO: Round 8, Face Fine-tune Epoch 1: loss=0.1367, acc(pseudo)=98.02%
2025-12-24 02:10:36,128 - INFO: Round 8, Face Fine-tune Epoch 1: acc(valid_pseudo): 0.8795, acc: 0.8924
2025-12-24 02:10:36,605 - INFO: Epoch: [2][  0/229]	Time  0.425 ( 0.425)	Loss 3.7746e-02 (3.7746e-02)	Acc pseudo  98.44 ( 98.44)	Lr 1.000e-03 (1.000e-03)
2025-12-24 02:10:41,301 - INFO: Epoch: [2][ 50/229]	Time  0.044 ( 0.043)	Loss 6.9021e-03 (1.0411e-01)	Acc pseudo 100.00 ( 98.28)	Lr 1.000e-03 (1.000e-03)
2025-12-24 02:10:45,994 - INFO: Epoch: [2][100/229]	Time  0.028 ( 0.037)	Loss 1.6861e-02 (9.5129e-02)	Acc pseudo  98.44 ( 98.21)	Lr 1.000e-03 (1.000e-03)
2025-12-24 02:10:50,686 - INFO: Epoch: [2][150/229]	Time  0.029 ( 0.034)	Loss 3.3971e-02 (1.0001e-01)	Acc pseudo  98.44 ( 98.25)	Lr 1.000e-03 (1.000e-03)
2025-12-24 02:10:55,378 - INFO: Epoch: [2][200/229]	Time  0.033 ( 0.033)	Loss 1.0658e-01 (1.0445e-01)	Acc pseudo  95.31 ( 98.19)	Lr 1.000e-03 (1.000e-03)
2025-12-24 02:10:58,068 - INFO: Round 8, Face Fine-tune Epoch 2: loss=0.1065, acc(pseudo)=98.07%
2025-12-24 02:11:24,714 - INFO: Round 8, Face Fine-tune Epoch 2: acc(valid_pseudo): 0.8802, acc: 0.8924
2025-12-24 02:11:24,797 - INFO: Round 8: Best face fine-tuned epoch=2, acc(valid_pseudo)=0.8802
2025-12-24 02:11:24,813 - INFO: Using HMM model from previous round: runs/the big bang theory/exp_video/result/self_supervised/exp1/round7/pseudo_label/hmm_params.pkl
2025-12-24 02:18:58,731 - INFO: Round 8: speaker_acc=0.9105
2025-12-24 02:18:58,734 - INFO: Round 8: face_acc=0.8934
2025-12-24 02:18:58,736 - INFO: ====================
2025-12-24 02:18:58,736 - INFO: Round 9: Fine-tuning iteration
2025-12-24 02:18:58,736 - INFO: ====================
2025-12-24 02:18:58,791 - INFO: Round 9 Part 1: Fine-tuning embedding model
2025-12-24 02:18:58,792 - INFO: Using pseudo-label file: runs/the big bang theory/exp_video/result/self_supervised/exp1/round8/pseudo_label/pseudo_labels_audio_nested_hmm_full(unreliable_pp=5.0).json
2025-12-24 02:18:58,804 - INFO: Using face pseudo-label file: runs/the big bang theory/exp_video/result/self_supervised/exp1/round8/pseudo_label/pseudo_labels_faces_mid_frame_nested_hmm_full.json
2025-12-24 02:18:58,819 - INFO: Created face dataloader with 14646 samples
2025-12-24 02:18:59,005 - INFO: Fine-tuning speaker embedding model for 20 epochs...
2025-12-24 02:18:59,179 - INFO: Epoch: [0][  0/107]	Time  0.169 ( 0.169)	Loss 5.1246e-01 (5.1246e-01)	Acc pseudo  96.88 ( 96.88)	Lr 1.000e-03 (1.000e-03)
2025-12-24 02:18:59,363 - INFO: Epoch: [0][ 50/107]	Time  0.004 ( 0.007)	Loss 4.1709e-02 (1.5109e-01)	Acc pseudo  96.88 ( 98.01)	Lr 1.000e-03 (1.000e-03)
2025-12-24 02:18:59,524 - INFO: Epoch: [0][100/107]	Time  0.002 ( 0.005)	Loss 5.5787e-02 (1.2056e-01)	Acc pseudo  98.44 ( 98.21)	Lr 1.000e-03 (1.000e-03)
2025-12-24 02:18:59,584 - INFO: Round 9, Fine-tune Epoch 0: loss=0.1171, acc(pseudo)=98.23%
2025-12-24 02:19:04,299 - INFO: Round 9, Fine-tune Epoch 0: acc(valid_pseudo): 0.9975, acc: 0.9055
2025-12-24 02:19:04,579 - INFO: Epoch: [1][  0/107]	Time  0.188 ( 0.188)	Loss 2.9042e-02 (2.9042e-02)	Acc pseudo  98.44 ( 98.44)	Lr 1.000e-03 (1.000e-03)
2025-12-24 02:19:04,754 - INFO: Epoch: [1][ 50/107]	Time  0.003 ( 0.007)	Loss 2.3845e-02 (6.0981e-02)	Acc pseudo  98.44 ( 98.04)	Lr 1.000e-03 (1.000e-03)
2025-12-24 02:19:04,911 - INFO: Epoch: [1][100/107]	Time  0.002 ( 0.005)	Loss 1.1256e-01 (7.2980e-02)	Acc pseudo  95.31 ( 98.08)	Lr 1.000e-03 (1.000e-03)
2025-12-24 02:19:04,970 - INFO: Round 9, Fine-tune Epoch 1: loss=0.0708, acc(pseudo)=98.17%
2025-12-24 02:19:09,490 - INFO: Round 9, Fine-tune Epoch 1: acc(valid_pseudo): 0.9983, acc: 0.9105
2025-12-24 02:19:09,774 - INFO: Epoch: [2][  0/107]	Time  0.194 ( 0.194)	Loss 1.1127e-01 (1.1127e-01)	Acc pseudo  98.44 ( 98.44)	Lr 1.000e-03 (1.000e-03)
2025-12-24 02:19:09,940 - INFO: Epoch: [2][ 50/107]	Time  0.003 ( 0.007)	Loss 8.1874e-02 (4.4816e-02)	Acc pseudo  98.44 ( 98.65)	Lr 1.000e-03 (1.000e-03)
2025-12-24 02:19:10,098 - INFO: Epoch: [2][100/107]	Time  0.002 ( 0.005)	Loss 6.2950e-03 (4.8894e-02)	Acc pseudo 100.00 ( 98.72)	Lr 1.000e-03 (1.000e-03)
2025-12-24 02:19:10,155 - INFO: Round 9, Fine-tune Epoch 2: loss=0.0491, acc(pseudo)=98.65%
2025-12-24 02:19:15,118 - INFO: Round 9, Fine-tune Epoch 2: acc(valid_pseudo): 0.9983, acc: 0.9085
2025-12-24 02:19:15,119 - INFO: Round 9, Speaker Fine-tune Epoch 2: No improvement in validation accuracy. Patience(epoch): 1/3
2025-12-24 02:19:15,297 - INFO: Epoch: [3][  0/107]	Time  0.173 ( 0.173)	Loss 5.6452e-03 (5.6452e-03)	Acc pseudo 100.00 (100.00)	Lr 1.000e-03 (1.000e-03)
2025-12-24 02:19:15,524 - INFO: Epoch: [3][ 50/107]	Time  0.004 ( 0.008)	Loss 6.0177e-03 (4.9361e-02)	Acc pseudo 100.00 ( 98.59)	Lr 1.000e-03 (1.000e-03)
2025-12-24 02:19:15,718 - INFO: Epoch: [3][100/107]	Time  0.003 ( 0.006)	Loss 9.5256e-02 (5.5885e-02)	Acc pseudo  95.31 ( 98.48)	Lr 1.000e-03 (1.000e-03)
2025-12-24 02:19:15,780 - INFO: Round 9, Fine-tune Epoch 3: loss=0.0548, acc(pseudo)=98.52%
2025-12-24 02:19:19,946 - INFO: Round 9, Fine-tune Epoch 3: acc(valid_pseudo): 0.9900, acc: 0.9045
2025-12-24 02:19:19,946 - INFO: Round 9, Speaker Fine-tune Epoch 3: No improvement in validation accuracy. Patience(epoch): 2/3
2025-12-24 02:19:20,143 - INFO: Epoch: [4][  0/107]	Time  0.192 ( 0.192)	Loss 6.0759e-02 (6.0759e-02)	Acc pseudo  98.44 ( 98.44)	Lr 1.000e-03 (1.000e-03)
2025-12-24 02:19:20,324 - INFO: Epoch: [4][ 50/107]	Time  0.004 ( 0.007)	Loss 1.9084e-01 (7.6226e-02)	Acc pseudo  95.31 ( 98.04)	Lr 1.000e-03 (1.000e-03)
2025-12-24 02:19:20,487 - INFO: Epoch: [4][100/107]	Time  0.002 ( 0.005)	Loss 2.9395e-02 (7.1039e-02)	Acc pseudo  98.44 ( 98.07)	Lr 1.000e-03 (1.000e-03)
2025-12-24 02:19:20,546 - INFO: Round 9, Fine-tune Epoch 4: loss=0.0695, acc(pseudo)=98.10%
2025-12-24 02:19:25,208 - INFO: Round 9, Fine-tune Epoch 4: acc(valid_pseudo): 0.9983, acc: 0.9055
2025-12-24 02:19:25,208 - INFO: Round 9, Speaker Fine-tune Epoch 4: No improvement in validation accuracy. Patience(epoch): 3/3
2025-12-24 02:19:25,208 - INFO: Early stopping at epoch 4 due to no improvement in validation accuracy for 3 epochs.
2025-12-24 02:19:25,209 - INFO: Round 9: Best speaker fine-tuned epoch=1, acc(valid_pseudo)=0.9983
2025-12-24 02:19:25,214 - INFO: Fine-tuning face embedding model for 20 epochs...
2025-12-24 02:19:25,674 - INFO: Epoch: [0][  0/229]	Time  0.403 ( 0.403)	Loss 3.4273e-02 (3.4273e-02)	Acc pseudo  98.44 ( 98.44)	Lr 1.000e-03 (1.000e-03)
2025-12-24 02:19:30,330 - INFO: Epoch: [0][ 50/229]	Time  0.028 ( 0.040)	Loss 5.0287e-02 (4.7641e-02)	Acc pseudo  98.44 ( 98.84)	Lr 1.000e-03 (1.000e-03)
2025-12-24 02:19:34,984 - INFO: Epoch: [0][100/229]	Time  0.040 ( 0.037)	Loss 2.1430e-02 (9.1947e-02)	Acc pseudo  98.44 ( 98.75)	Lr 1.000e-03 (1.000e-03)
2025-12-24 02:19:39,642 - INFO: Epoch: [0][150/229]	Time  0.029 ( 0.035)	Loss 1.5512e-01 (1.9951e-01)	Acc pseudo  96.88 ( 98.49)	Lr 1.000e-03 (1.000e-03)
2025-12-24 02:19:44,302 - INFO: Epoch: [0][200/229]	Time  0.030 ( 0.034)	Loss 2.0559e-01 (1.7359e-01)	Acc pseudo  98.44 ( 98.31)	Lr 1.000e-03 (1.000e-03)
2025-12-24 02:19:46,970 - INFO: Round 9, Face Fine-tune Epoch 0: loss=0.1730, acc(pseudo)=98.18%
2025-12-24 02:20:14,758 - INFO: Round 9, Face Fine-tune Epoch 0: acc(valid_pseudo): 0.8738, acc: 0.8887
2025-12-24 02:20:15,201 - INFO: Epoch: [1][  0/229]	Time  0.412 ( 0.412)	Loss 9.1766e-03 (9.1766e-03)	Acc pseudo  98.44 ( 98.44)	Lr 1.000e-03 (1.000e-03)
2025-12-24 02:20:19,887 - INFO: Epoch: [1][ 50/229]	Time  0.045 ( 0.043)	Loss 4.8023e-02 (7.3742e-02)	Acc pseudo  98.44 ( 98.19)	Lr 1.000e-03 (1.000e-03)
2025-12-24 02:20:24,573 - INFO: Epoch: [1][100/229]	Time  0.047 ( 0.041)	Loss 4.2311e-02 (1.1295e-01)	Acc pseudo  96.88 ( 98.28)	Lr 1.000e-03 (1.000e-03)
2025-12-24 02:20:29,262 - INFO: Epoch: [1][150/229]	Time  0.047 ( 0.040)	Loss 3.6748e-02 (9.4158e-02)	Acc pseudo  98.44 ( 98.18)	Lr 1.000e-03 (1.000e-03)
2025-12-24 02:20:33,957 - INFO: Epoch: [1][200/229]	Time  0.045 ( 0.041)	Loss 1.9623e-02 (9.6304e-02)	Acc pseudo  98.44 ( 98.31)	Lr 1.000e-03 (1.000e-03)
2025-12-24 02:20:36,640 - INFO: Round 9, Face Fine-tune Epoch 1: loss=0.0970, acc(pseudo)=98.34%
2025-12-24 02:21:04,341 - INFO: Round 9, Face Fine-tune Epoch 1: acc(valid_pseudo): 0.8779, acc: 0.8896
2025-12-24 02:21:04,796 - INFO: Epoch: [2][  0/229]	Time  0.411 ( 0.411)	Loss 7.5227e-03 (7.5227e-03)	Acc pseudo 100.00 (100.00)	Lr 1.000e-03 (1.000e-03)
2025-12-24 02:21:09,492 - INFO: Epoch: [2][ 50/229]	Time  0.028 ( 0.037)	Loss 3.4676e-02 (5.8104e-02)	Acc pseudo  98.44 ( 98.68)	Lr 1.000e-03 (1.000e-03)
2025-12-24 02:21:14,179 - INFO: Epoch: [2][100/229]	Time  0.029 ( 0.033)	Loss 3.2379e-03 (6.3929e-02)	Acc pseudo 100.00 ( 98.67)	Lr 1.000e-03 (1.000e-03)
2025-12-24 02:21:18,869 - INFO: Epoch: [2][150/229]	Time  0.028 ( 0.032)	Loss 4.5230e-02 (6.5990e-02)	Acc pseudo  98.44 ( 98.74)	Lr 1.000e-03 (1.000e-03)
2025-12-24 02:21:23,562 - INFO: Epoch: [2][200/229]	Time  0.030 ( 0.031)	Loss 7.9427e-02 (7.0870e-02)	Acc pseudo  98.44 ( 98.75)	Lr 1.000e-03 (1.000e-03)
2025-12-24 02:21:26,246 - INFO: Round 9, Face Fine-tune Epoch 2: loss=0.0750, acc(pseudo)=98.65%
2025-12-24 02:21:53,054 - INFO: Round 9, Face Fine-tune Epoch 2: acc(valid_pseudo): 0.8788, acc: 0.8906
2025-12-24 02:21:53,136 - INFO: Round 9: Best face fine-tuned epoch=2, acc(valid_pseudo)=0.8788
2025-12-24 02:21:53,153 - INFO: Using HMM model from previous round: runs/the big bang theory/exp_video/result/self_supervised/exp1/round8/pseudo_label/hmm_params.pkl
2025-12-24 02:29:34,634 - INFO: Round 9: speaker_acc=0.9120
2025-12-24 02:29:34,638 - INFO: Round 9: face_acc=0.8915
2025-12-24 02:29:34,640 - INFO: ====================
2025-12-24 02:29:34,640 - INFO: Self-supervised fine-tuning completed!
2025-12-24 02:29:34,641 - INFO: Initial speaker: acc=0.9130
2025-12-24 02:29:34,641 - INFO: Final speaker at round 9: acc=0.9120
2025-12-24 02:29:34,641 - INFO: Speaker improvement: -0.0010 (-0.11%)
2025-12-24 02:29:34,641 - INFO: Initial face: acc=0.9074
2025-12-24 02:29:34,641 - INFO: Final face at round 9: acc=0.8915
2025-12-24 02:29:34,641 - INFO: Face improvement: -0.0159 (-1.75%)
2025-12-24 02:29:34,641 - INFO: ====================
