2026-01-13 18:03:25,946 - INFO: Starting self-supervised fine-tuning pipeline
2026-01-13 18:03:25,947 - INFO: Device: cuda:0
2026-01-13 18:03:25,951 - INFO: Saved arguments to runs/the big bang theory/exp_video/result/self_supervised/exp0/args.json
2026-01-13 18:03:25,951 - INFO: ====================
2026-01-13 18:03:25,951 - INFO: Initialization: Initial clustering with HMM correction
2026-01-13 18:03:25,951 - INFO: ====================
2026-01-13 18:03:25,999 - INFO: Skipping initial clustering, using existing results.
2026-01-13 18:03:41,107 - INFO: Initial: speaker_acc=0.9225
2026-01-13 18:03:41,108 - INFO: Initial: face_acc=0.9139
2026-01-13 18:03:41,122 - INFO: ====================
2026-01-13 18:03:41,122 - INFO: Round 0: Fine-tuning iteration
2026-01-13 18:03:41,122 - INFO: ====================
2026-01-13 18:03:41,175 - INFO: Round 0 Part 1: Fine-tuning embedding model
2026-01-13 18:03:41,177 - INFO: Using pseudo-label file: runs/the big bang theory/exp_video/result/self_supervised/exp0/initial/pseudo_label/pseudo_labels_audio_nested_hmm_full(unreliable_pp=20.0).json
2026-01-13 18:03:46,347 - INFO: Speaker embedding dimension: 512
2026-01-13 18:03:47,024 - INFO: Saved speaker config_model to runs/the big bang theory/exp_video/result/self_supervised/exp0/round0/config_model_speaker.json
2026-01-13 18:03:47,960 - INFO: Face embedding dimension: 512
2026-01-13 18:03:47,964 - INFO: Loading face pretrained model from pretrained_models/pytorch_model_tongyi.bin
2026-01-13 18:03:52,802 - INFO: Face model weights loaded successfully
2026-01-13 18:05:20,569 - INFO: Extracting hidden features for all speaker samples, which are outputs of StatsPool layer...
2026-01-13 18:05:20,569 - INFO: args.unfrozen_layers_num=2 is not used when extracting hidden features.
2026-01-13 18:09:05,680 - INFO: Hidden features extracted for 6829 speaker samples
2026-01-13 18:09:05,825 - INFO: For training, Using face pseudo-label file: runs/the big bang theory/exp_video/result/self_supervised/exp0/initial/pseudo_label/pseudo_labels_faces_mid_frame_train_nested_hmm_full.json
2026-01-13 18:09:05,826 - INFO: For infering, Using face pseudo-label file: runs/the big bang theory/exp_video/result/self_supervised/exp0/initial/pseudo_label/pseudo_labels_faces_mid_frame_all_nested_hmm_full.json
2026-01-13 18:09:05,875 - INFO: Created face dataloader with 14646 samples
2026-01-13 18:09:05,879 - INFO: Warmup training speaker classifier for 2 epochs...
2026-01-13 18:09:06,781 - INFO: Epoch: [0][  0/107]	Time  0.899 ( 0.899)	Loss 2.6492e+00 (2.6492e+00)	Acc pseudo   1.56 (  1.56)	Lr 1.000e-03 (1.000e-03)
2026-01-13 18:09:06,912 - INFO: Epoch: [0][ 50/107]	Time  0.003 ( 0.020)	Loss 6.4098e-01 (1.2078e+00)	Acc pseudo  89.06 ( 78.12)	Lr 1.000e-03 (1.000e-03)
2026-01-13 18:09:07,035 - INFO: Epoch: [0][100/107]	Time  0.002 ( 0.011)	Loss 8.6894e-01 (8.8450e-01)	Acc pseudo  84.38 ( 84.56)	Lr 1.000e-03 (1.000e-03)
2026-01-13 18:09:07,094 - INFO: Round 0, Speaker Warmup Epoch 0: loss=0.8619, acc(pseudo)=84.89%
2026-01-13 18:09:07,252 - INFO: Epoch: [1][  0/107]	Time  0.154 ( 0.154)	Loss 5.7442e-01 (5.7442e-01)	Acc pseudo  89.06 ( 89.06)	Lr 1.000e-03 (1.000e-03)
2026-01-13 18:09:07,386 - INFO: Epoch: [1][ 50/107]	Time  0.002 ( 0.006)	Loss 2.3576e-01 (4.0558e-01)	Acc pseudo  96.88 ( 91.94)	Lr 1.000e-03 (1.000e-03)
2026-01-13 18:09:07,509 - INFO: Epoch: [1][100/107]	Time  0.002 ( 0.004)	Loss 5.5522e-01 (4.0590e-01)	Acc pseudo  84.38 ( 91.86)	Lr 1.000e-03 (1.000e-03)
2026-01-13 18:09:07,564 - INFO: Round 0, Speaker Warmup Epoch 1: loss=0.4034, acc(pseudo)=91.83%
2026-01-13 18:09:07,568 - INFO: Warmup training face classifier for 2 epochs...
2026-01-13 18:09:10,823 - INFO: Epoch: [0][  0/229]	Time  3.217 ( 3.217)	Loss 2.3956e+00 (2.3956e+00)	Acc pseudo   1.56 (  1.56)	Lr 1.000e-03 (1.000e-03)
2026-01-13 18:09:26,344 - INFO: Epoch: [0][ 50/229]	Time  0.023 ( 0.301)	Loss 9.5236e-01 (1.6507e+00)	Acc pseudo  73.44 ( 58.64)	Lr 1.000e-03 (1.000e-03)
2026-01-13 18:09:40,774 - INFO: Epoch: [0][100/229]	Time  0.220 ( 0.262)	Loss 8.2804e-01 (1.2912e+00)	Acc pseudo  81.25 ( 69.09)	Lr 1.000e-03 (1.000e-03)
2026-01-13 18:09:53,424 - INFO: Epoch: [0][150/229]	Time  0.569 ( 0.237)	Loss 4.9422e-01 (1.1130e+00)	Acc pseudo  87.50 ( 73.52)	Lr 1.000e-03 (1.000e-03)
2026-01-13 18:10:04,369 - INFO: Epoch: [0][200/229]	Time  0.026 ( 0.216)	Loss 5.5023e-01 (1.0060e+00)	Acc pseudo  84.38 ( 76.17)	Lr 1.000e-03 (1.000e-03)
2026-01-13 18:10:10,498 - INFO: Round 0, Face Warmup Epoch 0: loss=0.9589, acc(pseudo)=77.27%
2026-01-13 18:10:11,584 - INFO: Epoch: [1][  0/229]	Time  1.027 ( 1.027)	Loss 5.6408e-01 (5.6408e-01)	Acc pseudo  84.38 ( 84.38)	Lr 1.000e-03 (1.000e-03)
2026-01-13 18:10:16,223 - INFO: Epoch: [1][ 50/229]	Time  0.023 ( 0.044)	Loss 5.3639e-01 (5.3403e-01)	Acc pseudo  89.06 ( 86.98)	Lr 1.000e-03 (1.000e-03)
2026-01-13 18:10:20,831 - INFO: Epoch: [1][100/229]	Time  0.025 ( 0.035)	Loss 3.3656e-01 (5.2076e-01)	Acc pseudo  89.06 ( 86.42)	Lr 1.000e-03 (1.000e-03)
2026-01-13 18:10:25,442 - INFO: Epoch: [1][150/229]	Time  0.025 ( 0.032)	Loss 5.1482e-01 (5.1062e-01)	Acc pseudo  89.06 ( 86.24)	Lr 1.000e-03 (1.000e-03)
2026-01-13 18:10:30,058 - INFO: Epoch: [1][200/229]	Time  0.024 ( 0.030)	Loss 5.8146e-01 (5.0613e-01)	Acc pseudo  78.12 ( 86.31)	Lr 1.000e-03 (1.000e-03)
2026-01-13 18:10:32,700 - INFO: Round 0, Face Warmup Epoch 1: loss=0.5051, acc(pseudo)=86.28%
2026-01-13 18:10:32,710 - INFO: Fine-tuning speaker embedding model for 20 epochs...
2026-01-13 18:10:34,067 - INFO: Epoch: [0][  0/107]	Time  1.353 ( 1.353)	Loss 3.3965e-01 (3.3965e-01)	Acc pseudo  89.06 ( 89.06)	Lr 1.000e-03 (1.000e-03)
2026-01-13 18:10:34,215 - INFO: Epoch: [0][ 50/107]	Time  0.003 ( 0.029)	Loss 4.5990e-01 (5.3853e-01)	Acc pseudo  87.50 ( 88.60)	Lr 1.000e-03 (1.000e-03)
2026-01-13 18:10:34,362 - INFO: Epoch: [0][100/107]	Time  0.002 ( 0.016)	Loss 2.6688e-01 (4.9172e-01)	Acc pseudo  95.31 ( 89.59)	Lr 1.000e-03 (1.000e-03)
2026-01-13 18:10:34,426 - INFO: Round 0, Fine-tune Epoch 0: loss=0.4873, acc(pseudo)=89.65%
2026-01-13 18:10:39,456 - INFO: Round 0, Fine-tune Epoch 0: acc(valid_pseudo): 0.9240, acc: 0.8515
2026-01-13 18:10:39,711 - INFO: Epoch: [1][  0/107]	Time  0.171 ( 0.171)	Loss 3.8381e-01 (3.8381e-01)	Acc pseudo  90.62 ( 90.62)	Lr 1.000e-03 (1.000e-03)
2026-01-13 18:10:39,871 - INFO: Epoch: [1][ 50/107]	Time  0.003 ( 0.006)	Loss 3.0332e-01 (3.4684e-01)	Acc pseudo  90.62 ( 91.94)	Lr 1.000e-03 (1.000e-03)
2026-01-13 18:10:40,017 - INFO: Epoch: [1][100/107]	Time  0.002 ( 0.005)	Loss 3.7689e-01 (3.5497e-01)	Acc pseudo  96.88 ( 91.96)	Lr 1.000e-03 (1.000e-03)
2026-01-13 18:10:40,078 - INFO: Round 0, Fine-tune Epoch 1: loss=0.3593, acc(pseudo)=91.89%
2026-01-13 18:10:44,424 - INFO: Round 0, Fine-tune Epoch 1: acc(valid_pseudo): 0.9249, acc: 0.7950
2026-01-13 18:10:44,670 - INFO: Epoch: [2][  0/107]	Time  0.179 ( 0.179)	Loss 2.6981e-01 (2.6981e-01)	Acc pseudo  92.19 ( 92.19)	Lr 1.000e-03 (1.000e-03)
2026-01-13 18:10:44,832 - INFO: Epoch: [2][ 50/107]	Time  0.003 ( 0.007)	Loss 3.8396e-01 (3.0450e-01)	Acc pseudo  90.62 ( 92.52)	Lr 1.000e-03 (1.000e-03)
2026-01-13 18:10:44,976 - INFO: Epoch: [2][100/107]	Time  0.002 ( 0.005)	Loss 1.9069e-01 (2.9198e-01)	Acc pseudo  95.31 ( 92.90)	Lr 1.000e-03 (1.000e-03)
2026-01-13 18:10:45,038 - INFO: Round 0, Fine-tune Epoch 2: loss=0.2949, acc(pseudo)=92.99%
2026-01-13 18:10:49,530 - INFO: Round 0, Fine-tune Epoch 2: acc(valid_pseudo): 0.9529, acc: 0.9000
2026-01-13 18:10:49,783 - INFO: Epoch: [3][  0/107]	Time  0.185 ( 0.185)	Loss 2.3285e-01 (2.3285e-01)	Acc pseudo  90.62 ( 90.62)	Lr 1.000e-03 (1.000e-03)
2026-01-13 18:10:49,943 - INFO: Epoch: [3][ 50/107]	Time  0.003 ( 0.007)	Loss 2.6642e-01 (2.4997e-01)	Acc pseudo  92.19 ( 93.05)	Lr 1.000e-03 (1.000e-03)
2026-01-13 18:10:50,085 - INFO: Epoch: [3][100/107]	Time  0.002 ( 0.005)	Loss 1.3746e-01 (2.6878e-01)	Acc pseudo  95.31 ( 93.16)	Lr 1.000e-03 (1.000e-03)
2026-01-13 18:10:50,145 - INFO: Round 0, Fine-tune Epoch 3: loss=0.2714, acc(pseudo)=93.10%
2026-01-13 18:10:55,070 - INFO: Round 0, Fine-tune Epoch 3: acc(valid_pseudo): 0.9694, acc: 0.8475
2026-01-13 18:10:55,324 - INFO: Epoch: [4][  0/107]	Time  0.180 ( 0.180)	Loss 1.8862e-01 (1.8862e-01)	Acc pseudo  95.31 ( 95.31)	Lr 1.000e-03 (1.000e-03)
2026-01-13 18:10:55,481 - INFO: Epoch: [4][ 50/107]	Time  0.003 ( 0.007)	Loss 2.7228e-01 (2.6963e-01)	Acc pseudo  95.31 ( 93.54)	Lr 1.000e-03 (1.000e-03)
2026-01-13 18:10:55,624 - INFO: Epoch: [4][100/107]	Time  0.002 ( 0.005)	Loss 1.6280e-01 (2.5867e-01)	Acc pseudo  92.19 ( 93.66)	Lr 1.000e-03 (1.000e-03)
2026-01-13 18:10:55,684 - INFO: Round 0, Fine-tune Epoch 4: loss=0.2624, acc(pseudo)=93.59%
2026-01-13 18:11:00,571 - INFO: Round 0, Fine-tune Epoch 4: acc(valid_pseudo): 0.9414, acc: 0.8650
2026-01-13 18:11:00,572 - INFO: Round 0, Speaker Fine-tune Epoch 4: No improvement in validation accuracy. Patience(epoch): 1/3
2026-01-13 18:11:00,752 - INFO: Epoch: [5][  0/107]	Time  0.175 ( 0.175)	Loss 2.4070e-01 (2.4070e-01)	Acc pseudo  92.19 ( 92.19)	Lr 1.000e-03 (1.000e-03)
2026-01-13 18:11:00,915 - INFO: Epoch: [5][ 50/107]	Time  0.003 ( 0.007)	Loss 1.0865e-01 (2.1004e-01)	Acc pseudo  98.44 ( 94.39)	Lr 1.000e-03 (1.000e-03)
2026-01-13 18:11:01,060 - INFO: Epoch: [5][100/107]	Time  0.002 ( 0.005)	Loss 1.3782e-01 (2.1661e-01)	Acc pseudo  93.75 ( 94.37)	Lr 1.000e-03 (1.000e-03)
2026-01-13 18:11:01,121 - INFO: Round 0, Fine-tune Epoch 5: loss=0.2187, acc(pseudo)=94.36%
2026-01-13 18:11:06,009 - INFO: Round 0, Fine-tune Epoch 5: acc(valid_pseudo): 0.9835, acc: 0.9095
2026-01-13 18:11:06,263 - INFO: Epoch: [6][  0/107]	Time  0.176 ( 0.176)	Loss 1.1782e-01 (1.1782e-01)	Acc pseudo  98.44 ( 98.44)	Lr 1.000e-03 (1.000e-03)
2026-01-13 18:11:06,427 - INFO: Epoch: [6][ 50/107]	Time  0.003 ( 0.007)	Loss 1.0636e-01 (2.1025e-01)	Acc pseudo 100.00 ( 94.00)	Lr 1.000e-03 (1.000e-03)
2026-01-13 18:11:06,576 - INFO: Epoch: [6][100/107]	Time  0.002 ( 0.005)	Loss 7.3035e-02 (2.0045e-01)	Acc pseudo  95.31 ( 94.59)	Lr 1.000e-03 (1.000e-03)
2026-01-13 18:11:06,641 - INFO: Round 0, Fine-tune Epoch 6: loss=0.2014, acc(pseudo)=94.60%
2026-01-13 18:11:10,997 - INFO: Round 0, Fine-tune Epoch 6: acc(valid_pseudo): 0.9802, acc: 0.9085
2026-01-13 18:11:10,997 - INFO: Round 0, Speaker Fine-tune Epoch 6: No improvement in validation accuracy. Patience(epoch): 1/3
2026-01-13 18:11:11,180 - INFO: Epoch: [7][  0/107]	Time  0.178 ( 0.178)	Loss 1.5685e-01 (1.5685e-01)	Acc pseudo  95.31 ( 95.31)	Lr 1.000e-03 (1.000e-03)
2026-01-13 18:11:11,338 - INFO: Epoch: [7][ 50/107]	Time  0.003 ( 0.007)	Loss 1.9896e-01 (1.7472e-01)	Acc pseudo  96.88 ( 95.34)	Lr 1.000e-03 (1.000e-03)
2026-01-13 18:11:11,488 - INFO: Epoch: [7][100/107]	Time  0.002 ( 0.005)	Loss 1.2504e-01 (1.9209e-01)	Acc pseudo  93.75 ( 94.94)	Lr 1.000e-03 (1.000e-03)
2026-01-13 18:11:11,550 - INFO: Round 0, Fine-tune Epoch 7: loss=0.1981, acc(pseudo)=94.92%
2026-01-13 18:11:15,876 - INFO: Round 0, Fine-tune Epoch 7: acc(valid_pseudo): 0.4608, acc: 0.7200
2026-01-13 18:11:15,876 - INFO: Round 0, Speaker Fine-tune Epoch 7: No improvement in validation accuracy. Patience(epoch): 2/3
2026-01-13 18:11:15,876 - INFO: Early stopping at epoch 7 due to significant drop in pseudo-label validation accuracy: 0.9802 -> 0.4608.
2026-01-13 18:11:15,877 - INFO: Round 0: Best speaker fine-tuned epoch=5, acc(valid_pseudo)=0.9835
2026-01-13 18:11:15,882 - INFO: Fine-tuning face embedding model for 20 epochs...
2026-01-13 18:11:16,464 - INFO: Epoch: [0][  0/229]	Time  0.579 ( 0.579)	Loss 2.7836e-01 (2.7836e-01)	Acc pseudo  90.62 ( 90.62)	Lr 1.000e-03 (1.000e-03)
2026-01-13 18:11:21,151 - INFO: Epoch: [0][ 50/229]	Time  0.026 ( 0.038)	Loss 7.0125e-01 (9.3165e-01)	Acc pseudo  79.69 ( 79.38)	Lr 1.000e-03 (1.000e-03)
2026-01-13 18:11:25,829 - INFO: Epoch: [0][100/229]	Time  0.026 ( 0.032)	Loss 9.1260e-01 (7.4582e-01)	Acc pseudo  78.12 ( 81.92)	Lr 1.000e-03 (1.000e-03)
2026-01-13 18:11:30,510 - INFO: Epoch: [0][150/229]	Time  0.026 ( 0.031)	Loss 4.6711e-01 (6.6759e-01)	Acc pseudo  90.62 ( 83.49)	Lr 1.000e-03 (1.000e-03)
2026-01-13 18:11:35,191 - INFO: Epoch: [0][200/229]	Time  0.026 ( 0.030)	Loss 3.6751e-01 (6.1564e-01)	Acc pseudo  85.94 ( 84.44)	Lr 1.000e-03 (1.000e-03)
2026-01-13 18:11:37,872 - INFO: Round 0, Face Fine-tune Epoch 0: loss=0.5922, acc(pseudo)=84.87%
2026-01-13 18:12:04,091 - INFO: Round 0, Face Fine-tune Epoch 0: acc(valid_pseudo): 0.9625, acc: 0.8971
2026-01-13 18:12:04,681 - INFO: Epoch: [1][  0/229]	Time  0.399 ( 0.399)	Loss 2.2974e-01 (2.2974e-01)	Acc pseudo  90.62 ( 90.62)	Lr 1.000e-03 (1.000e-03)
2026-01-13 18:12:09,390 - INFO: Epoch: [1][ 50/229]	Time  0.026 ( 0.035)	Loss 1.5320e-01 (2.9778e-01)	Acc pseudo  93.75 ( 90.38)	Lr 1.000e-03 (1.000e-03)
2026-01-13 18:12:14,095 - INFO: Epoch: [1][100/229]	Time  0.026 ( 0.032)	Loss 2.4660e-01 (3.1339e-01)	Acc pseudo  89.06 ( 90.66)	Lr 1.000e-03 (1.000e-03)
2026-01-13 18:12:18,800 - INFO: Epoch: [1][150/229]	Time  0.032 ( 0.030)	Loss 2.0588e-01 (3.1070e-01)	Acc pseudo  95.31 ( 90.28)	Lr 1.000e-03 (1.000e-03)
2026-01-13 18:12:23,505 - INFO: Epoch: [1][200/229]	Time  0.026 ( 0.030)	Loss 4.1358e-01 (3.2787e-01)	Acc pseudo  87.50 ( 90.14)	Lr 1.000e-03 (1.000e-03)
2026-01-13 18:12:26,197 - INFO: Round 0, Face Fine-tune Epoch 1: loss=0.3242, acc(pseudo)=90.14%
2026-01-13 18:12:51,157 - INFO: Round 0, Face Fine-tune Epoch 1: acc(valid_pseudo): 0.9767, acc: 0.9018
2026-01-13 18:12:51,769 - INFO: Epoch: [2][  0/229]	Time  0.420 ( 0.420)	Loss 2.8106e-01 (2.8106e-01)	Acc pseudo  92.19 ( 92.19)	Lr 1.000e-03 (1.000e-03)
2026-01-13 18:12:56,456 - INFO: Epoch: [2][ 50/229]	Time  0.026 ( 0.035)	Loss 2.0434e-01 (2.7747e-01)	Acc pseudo  90.62 ( 91.57)	Lr 1.000e-03 (1.000e-03)
2026-01-13 18:13:01,141 - INFO: Epoch: [2][100/229]	Time  0.026 ( 0.030)	Loss 1.9389e-01 (2.6983e-01)	Acc pseudo  90.62 ( 91.35)	Lr 1.000e-03 (1.000e-03)
2026-01-13 18:13:05,828 - INFO: Epoch: [2][150/229]	Time  0.026 ( 0.031)	Loss 4.5183e-01 (2.6368e-01)	Acc pseudo  92.19 ( 91.69)	Lr 1.000e-03 (1.000e-03)
2026-01-13 18:13:10,511 - INFO: Epoch: [2][200/229]	Time  0.026 ( 0.029)	Loss 2.8840e-01 (2.8940e-01)	Acc pseudo  92.19 ( 91.45)	Lr 1.000e-03 (1.000e-03)
2026-01-13 18:13:13,193 - INFO: Round 0, Face Fine-tune Epoch 2: loss=0.2898, acc(pseudo)=91.29%
2026-01-13 18:13:38,580 - INFO: Round 0, Face Fine-tune Epoch 2: acc(valid_pseudo): 0.9795, acc: 0.9065
2026-01-13 18:13:39,188 - INFO: Epoch: [3][  0/229]	Time  0.431 ( 0.431)	Loss 1.3863e-01 (1.3863e-01)	Acc pseudo  95.31 ( 95.31)	Lr 1.000e-03 (1.000e-03)
2026-01-13 18:13:43,871 - INFO: Epoch: [3][ 50/229]	Time  0.038 ( 0.040)	Loss 9.4721e-02 (2.0329e-01)	Acc pseudo  96.88 ( 93.20)	Lr 1.000e-03 (1.000e-03)
2026-01-13 18:13:48,553 - INFO: Epoch: [3][100/229]	Time  0.026 ( 0.035)	Loss 2.1022e-01 (2.0787e-01)	Acc pseudo  95.31 ( 92.81)	Lr 1.000e-03 (1.000e-03)
2026-01-13 18:13:53,233 - INFO: Epoch: [3][150/229]	Time  0.030 ( 0.033)	Loss 3.1717e-01 (2.0607e-01)	Acc pseudo  92.19 ( 92.70)	Lr 1.000e-03 (1.000e-03)
2026-01-13 18:13:57,916 - INFO: Epoch: [3][200/229]	Time  0.028 ( 0.033)	Loss 2.1492e-01 (2.1458e-01)	Acc pseudo  92.19 ( 92.54)	Lr 1.000e-03 (1.000e-03)
2026-01-13 18:14:00,596 - INFO: Round 0, Face Fine-tune Epoch 3: loss=0.2108, acc(pseudo)=92.66%
2026-01-13 18:14:25,602 - INFO: Round 0, Face Fine-tune Epoch 3: acc(valid_pseudo): 0.9826, acc: 0.9111
2026-01-13 18:14:26,217 - INFO: Epoch: [4][  0/229]	Time  0.425 ( 0.425)	Loss 2.1013e-01 (2.1013e-01)	Acc pseudo  93.75 ( 93.75)	Lr 1.000e-03 (1.000e-03)
2026-01-13 18:14:30,898 - INFO: Epoch: [4][ 50/229]	Time  0.027 ( 0.036)	Loss 2.0664e-01 (1.7961e-01)	Acc pseudo  92.19 ( 94.09)	Lr 1.000e-03 (1.000e-03)
2026-01-13 18:14:35,575 - INFO: Epoch: [4][100/229]	Time  0.026 ( 0.031)	Loss 1.1486e-01 (1.7479e-01)	Acc pseudo  93.75 ( 94.06)	Lr 1.000e-03 (1.000e-03)
2026-01-13 18:14:40,256 - INFO: Epoch: [4][150/229]	Time  0.028 ( 0.031)	Loss 3.1927e-01 (1.9710e-01)	Acc pseudo  78.12 ( 93.63)	Lr 1.000e-03 (1.000e-03)
2026-01-13 18:14:44,939 - INFO: Epoch: [4][200/229]	Time  0.026 ( 0.030)	Loss 2.8392e-01 (1.9639e-01)	Acc pseudo  95.31 ( 93.47)	Lr 1.000e-03 (1.000e-03)
2026-01-13 18:14:47,615 - INFO: Round 0, Face Fine-tune Epoch 4: loss=0.1938, acc(pseudo)=93.45%
2026-01-13 18:15:13,271 - INFO: Round 0, Face Fine-tune Epoch 4: acc(valid_pseudo): 0.9888, acc: 0.9130
2026-01-13 18:15:13,898 - INFO: Epoch: [5][  0/229]	Time  0.441 ( 0.441)	Loss 1.2226e-01 (1.2226e-01)	Acc pseudo  96.88 ( 96.88)	Lr 1.000e-03 (1.000e-03)
2026-01-13 18:15:18,583 - INFO: Epoch: [5][ 50/229]	Time  0.027 ( 0.036)	Loss 1.6695e-01 (1.4859e-01)	Acc pseudo  95.31 ( 94.58)	Lr 1.000e-03 (1.000e-03)
2026-01-13 18:15:23,263 - INFO: Epoch: [5][100/229]	Time  0.029 ( 0.031)	Loss 1.0707e-01 (1.5411e-01)	Acc pseudo  95.31 ( 94.57)	Lr 1.000e-03 (1.000e-03)
2026-01-13 18:15:27,943 - INFO: Epoch: [5][150/229]	Time  0.028 ( 0.030)	Loss 1.3677e-01 (1.5625e-01)	Acc pseudo  92.19 ( 94.46)	Lr 1.000e-03 (1.000e-03)
2026-01-13 18:15:32,626 - INFO: Epoch: [5][200/229]	Time  0.027 ( 0.029)	Loss 3.2140e-01 (1.5964e-01)	Acc pseudo  90.62 ( 94.27)	Lr 1.000e-03 (1.000e-03)
2026-01-13 18:15:35,304 - INFO: Round 0, Face Fine-tune Epoch 5: loss=0.1619, acc(pseudo)=94.16%
2026-01-13 18:16:00,067 - INFO: Round 0, Face Fine-tune Epoch 5: acc(valid_pseudo): 0.9889, acc: 0.9083
2026-01-13 18:16:00,684 - INFO: Epoch: [6][  0/229]	Time  0.432 ( 0.432)	Loss 2.0845e-01 (2.0845e-01)	Acc pseudo  93.75 ( 93.75)	Lr 1.000e-03 (1.000e-03)
2026-01-13 18:16:05,373 - INFO: Epoch: [6][ 50/229]	Time  0.028 ( 0.036)	Loss 2.3497e-01 (1.3821e-01)	Acc pseudo  98.44 ( 95.50)	Lr 1.000e-03 (1.000e-03)
2026-01-13 18:16:10,058 - INFO: Epoch: [6][100/229]	Time  0.028 ( 0.032)	Loss 1.5105e-01 (1.4390e-01)	Acc pseudo  92.19 ( 94.77)	Lr 1.000e-03 (1.000e-03)
2026-01-13 18:16:14,744 - INFO: Epoch: [6][150/229]	Time  0.026 ( 0.031)	Loss 6.0861e-01 (1.5232e-01)	Acc pseudo  95.31 ( 94.70)	Lr 1.000e-03 (1.000e-03)
2026-01-13 18:16:19,429 - INFO: Epoch: [6][200/229]	Time  0.026 ( 0.030)	Loss 1.1155e-01 (1.5501e-01)	Acc pseudo  95.31 ( 94.52)	Lr 1.000e-03 (1.000e-03)
2026-01-13 18:16:22,112 - INFO: Round 0, Face Fine-tune Epoch 6: loss=0.1580, acc(pseudo)=94.32%
2026-01-13 18:16:48,135 - INFO: Round 0, Face Fine-tune Epoch 6: acc(valid_pseudo): 0.9925, acc: 0.9130
2026-01-13 18:16:48,750 - INFO: Epoch: [7][  0/229]	Time  0.422 ( 0.422)	Loss 8.9747e-02 (8.9747e-02)	Acc pseudo  96.88 ( 96.88)	Lr 1.000e-03 (1.000e-03)
2026-01-13 18:16:53,446 - INFO: Epoch: [7][ 50/229]	Time  0.039 ( 0.037)	Loss 1.1057e-01 (1.7084e-01)	Acc pseudo  95.31 ( 94.27)	Lr 1.000e-03 (1.000e-03)
2026-01-13 18:16:58,138 - INFO: Epoch: [7][100/229]	Time  0.028 ( 0.032)	Loss 1.3439e-01 (1.6181e-01)	Acc pseudo  93.75 ( 93.97)	Lr 1.000e-03 (1.000e-03)
2026-01-13 18:17:02,832 - INFO: Epoch: [7][150/229]	Time  0.028 ( 0.030)	Loss 2.1439e-01 (1.5415e-01)	Acc pseudo  93.75 ( 94.17)	Lr 1.000e-03 (1.000e-03)
2026-01-13 18:17:07,529 - INFO: Epoch: [7][200/229]	Time  0.025 ( 0.030)	Loss 1.7248e-01 (1.5290e-01)	Acc pseudo  90.62 ( 94.22)	Lr 1.000e-03 (1.000e-03)
2026-01-13 18:17:10,223 - INFO: Round 0, Face Fine-tune Epoch 7: loss=0.1551, acc(pseudo)=94.16%
2026-01-13 18:17:35,344 - INFO: Round 0, Face Fine-tune Epoch 7: acc(valid_pseudo): 0.9927, acc: 0.9177
2026-01-13 18:17:35,961 - INFO: Epoch: [8][  0/229]	Time  0.427 ( 0.427)	Loss 1.4502e-01 (1.4502e-01)	Acc pseudo  93.75 ( 93.75)	Lr 1.000e-03 (1.000e-03)
2026-01-13 18:17:40,671 - INFO: Epoch: [8][ 50/229]	Time  0.026 ( 0.036)	Loss 4.0777e-02 (1.1858e-01)	Acc pseudo 100.00 ( 95.34)	Lr 1.000e-03 (1.000e-03)
2026-01-13 18:17:45,372 - INFO: Epoch: [8][100/229]	Time  0.026 ( 0.031)	Loss 3.7049e-01 (1.3129e-01)	Acc pseudo  89.06 ( 95.10)	Lr 1.000e-03 (1.000e-03)
2026-01-13 18:17:50,075 - INFO: Epoch: [8][150/229]	Time  0.031 ( 0.030)	Loss 9.1952e-02 (1.3814e-01)	Acc pseudo  98.44 ( 94.80)	Lr 1.000e-03 (1.000e-03)
2026-01-13 18:17:54,779 - INFO: Epoch: [8][200/229]	Time  0.027 ( 0.030)	Loss 1.9266e-01 (1.3931e-01)	Acc pseudo  93.75 ( 94.72)	Lr 1.000e-03 (1.000e-03)
2026-01-13 18:17:57,475 - INFO: Round 0, Face Fine-tune Epoch 8: loss=0.1407, acc(pseudo)=94.67%
2026-01-13 18:18:23,273 - INFO: Round 0, Face Fine-tune Epoch 8: acc(valid_pseudo): 0.9944, acc: 0.9121
2026-01-13 18:18:23,906 - INFO: Epoch: [9][  0/229]	Time  0.445 ( 0.445)	Loss 9.4329e-01 (9.4329e-01)	Acc pseudo  93.75 ( 93.75)	Lr 1.000e-03 (1.000e-03)
2026-01-13 18:18:28,604 - INFO: Epoch: [9][ 50/229]	Time  0.034 ( 0.037)	Loss 6.1969e-02 (1.4977e-01)	Acc pseudo  96.88 ( 94.91)	Lr 1.000e-03 (1.000e-03)
2026-01-13 18:18:33,303 - INFO: Epoch: [9][100/229]	Time  0.027 ( 0.033)	Loss 1.7249e-01 (1.4833e-01)	Acc pseudo  92.19 ( 94.83)	Lr 1.000e-03 (1.000e-03)
2026-01-13 18:18:37,999 - INFO: Epoch: [9][150/229]	Time  0.026 ( 0.031)	Loss 1.6796e-01 (1.4446e-01)	Acc pseudo  93.75 ( 94.73)	Lr 1.000e-03 (1.000e-03)
2026-01-13 18:18:42,701 - INFO: Epoch: [9][200/229]	Time  0.034 ( 0.030)	Loss 4.6455e-01 (1.4441e-01)	Acc pseudo  89.06 ( 94.77)	Lr 1.000e-03 (1.000e-03)
2026-01-13 18:18:45,391 - INFO: Round 0, Face Fine-tune Epoch 9: loss=0.1455, acc(pseudo)=94.67%
2026-01-13 18:19:10,141 - INFO: Round 0, Face Fine-tune Epoch 9: acc(valid_pseudo): 0.9950, acc: 0.9111
2026-01-13 18:19:11,029 - INFO: Epoch: [10][  0/229]	Time  0.574 ( 0.574)	Loss 1.7480e-01 (1.7480e-01)	Acc pseudo  96.88 ( 96.88)	Lr 1.000e-03 (1.000e-03)
2026-01-13 18:19:15,734 - INFO: Epoch: [10][ 50/229]	Time  0.027 ( 0.041)	Loss 1.5213e-01 (2.0085e-01)	Acc pseudo  93.75 ( 94.00)	Lr 1.000e-03 (1.000e-03)
2026-01-13 18:19:20,433 - INFO: Epoch: [10][100/229]	Time  0.028 ( 0.035)	Loss 1.0078e-01 (1.7387e-01)	Acc pseudo  98.44 ( 94.18)	Lr 1.000e-03 (1.000e-03)
2026-01-13 18:19:25,133 - INFO: Epoch: [10][150/229]	Time  0.028 ( 0.033)	Loss 9.1112e-02 (1.5999e-01)	Acc pseudo  95.31 ( 94.21)	Lr 1.000e-03 (1.000e-03)
2026-01-13 18:19:29,830 - INFO: Epoch: [10][200/229]	Time  0.026 ( 0.031)	Loss 8.6289e-02 (1.5499e-01)	Acc pseudo  98.44 ( 94.41)	Lr 1.000e-03 (1.000e-03)
2026-01-13 18:19:32,535 - INFO: Round 0, Face Fine-tune Epoch 10: loss=0.1541, acc(pseudo)=94.49%
2026-01-13 18:19:58,056 - INFO: Round 0, Face Fine-tune Epoch 10: acc(valid_pseudo): 0.9939, acc: 0.9074
2026-01-13 18:19:58,056 - INFO: Round 0, Face Fine-tune Epoch 10: No improvement. Patience(epoch): 1/3
2026-01-13 18:19:58,562 - INFO: Epoch: [11][  0/229]	Time  0.448 ( 0.448)	Loss 1.2355e-01 (1.2355e-01)	Acc pseudo  95.31 ( 95.31)	Lr 1.000e-03 (1.000e-03)
2026-01-13 18:20:03,263 - INFO: Epoch: [11][ 50/229]	Time  0.028 ( 0.039)	Loss 1.2464e-01 (1.3093e-01)	Acc pseudo  95.31 ( 94.24)	Lr 1.000e-03 (1.000e-03)
2026-01-13 18:20:07,957 - INFO: Epoch: [11][100/229]	Time  0.026 ( 0.033)	Loss 8.3090e-02 (1.4259e-01)	Acc pseudo  98.44 ( 94.51)	Lr 1.000e-03 (1.000e-03)
2026-01-13 18:20:12,651 - INFO: Epoch: [11][150/229]	Time  0.026 ( 0.030)	Loss 2.2245e-01 (1.4007e-01)	Acc pseudo  93.75 ( 94.74)	Lr 1.000e-03 (1.000e-03)
2026-01-13 18:20:17,348 - INFO: Epoch: [11][200/229]	Time  0.030 ( 0.030)	Loss 3.2395e-01 (1.3847e-01)	Acc pseudo  90.62 ( 94.81)	Lr 1.000e-03 (1.000e-03)
2026-01-13 18:20:20,042 - INFO: Round 0, Face Fine-tune Epoch 11: loss=0.1363, acc(pseudo)=94.89%
2026-01-13 18:20:45,019 - INFO: Round 0, Face Fine-tune Epoch 11: acc(valid_pseudo): 0.9949, acc: 0.9177
2026-01-13 18:20:45,019 - INFO: Round 0, Face Fine-tune Epoch 11: No improvement. Patience(epoch): 2/3
2026-01-13 18:20:45,497 - INFO: Epoch: [12][  0/229]	Time  0.422 ( 0.422)	Loss 1.0179e-01 (1.0179e-01)	Acc pseudo  96.88 ( 96.88)	Lr 1.000e-03 (1.000e-03)
2026-01-13 18:20:50,189 - INFO: Epoch: [12][ 50/229]	Time  0.031 ( 0.036)	Loss 9.0064e-02 (1.2069e-01)	Acc pseudo  98.44 ( 95.01)	Lr 1.000e-03 (1.000e-03)
2026-01-13 18:20:54,933 - INFO: Epoch: [12][100/229]	Time  0.029 ( 0.033)	Loss 2.4153e-01 (1.2257e-01)	Acc pseudo  93.75 ( 95.30)	Lr 1.000e-03 (1.000e-03)
2026-01-13 18:20:59,639 - INFO: Epoch: [12][150/229]	Time  0.026 ( 0.032)	Loss 1.2576e-01 (1.2018e-01)	Acc pseudo  92.19 ( 95.22)	Lr 1.000e-03 (1.000e-03)
2026-01-13 18:21:04,335 - INFO: Epoch: [12][200/229]	Time  0.035 ( 0.031)	Loss 1.2422e-01 (1.2082e-01)	Acc pseudo  95.31 ( 95.24)	Lr 1.000e-03 (1.000e-03)
2026-01-13 18:21:07,024 - INFO: Round 0, Face Fine-tune Epoch 12: loss=0.1231, acc(pseudo)=95.16%
2026-01-13 18:21:33,131 - INFO: Round 0, Face Fine-tune Epoch 12: acc(valid_pseudo): 0.9960, acc: 0.9149
2026-01-13 18:21:33,725 - INFO: Epoch: [13][  0/229]	Time  0.413 ( 0.413)	Loss 6.7378e-02 (6.7378e-02)	Acc pseudo  96.88 ( 96.88)	Lr 1.000e-03 (1.000e-03)
2026-01-13 18:21:38,417 - INFO: Epoch: [13][ 50/229]	Time  0.027 ( 0.038)	Loss 5.4596e-02 (1.4345e-01)	Acc pseudo  98.44 ( 95.22)	Lr 1.000e-03 (1.000e-03)
2026-01-13 18:21:43,138 - INFO: Epoch: [13][100/229]	Time  0.030 ( 0.033)	Loss 1.3172e-01 (1.2715e-01)	Acc pseudo  92.19 ( 94.96)	Lr 1.000e-03 (1.000e-03)
2026-01-13 18:21:47,834 - INFO: Epoch: [13][150/229]	Time  0.028 ( 0.032)	Loss 8.2456e-02 (1.2349e-01)	Acc pseudo  98.44 ( 95.19)	Lr 1.000e-03 (1.000e-03)
2026-01-13 18:21:52,532 - INFO: Epoch: [13][200/229]	Time  0.027 ( 0.031)	Loss 1.0484e-01 (1.2544e-01)	Acc pseudo  93.75 ( 95.16)	Lr 1.000e-03 (1.000e-03)
2026-01-13 18:21:55,223 - INFO: Round 0, Face Fine-tune Epoch 13: loss=0.1219, acc(pseudo)=95.33%
2026-01-13 18:22:21,238 - INFO: Round 0, Face Fine-tune Epoch 13: acc(valid_pseudo): 0.9945, acc: 0.9111
2026-01-13 18:22:21,239 - INFO: Round 0, Face Fine-tune Epoch 13: No improvement. Patience(epoch): 1/3
2026-01-13 18:22:21,728 - INFO: Epoch: [14][  0/229]	Time  0.443 ( 0.443)	Loss 1.6258e-01 (1.6258e-01)	Acc pseudo  90.62 ( 90.62)	Lr 1.000e-03 (1.000e-03)
2026-01-13 18:22:26,447 - INFO: Epoch: [14][ 50/229]	Time  0.027 ( 0.040)	Loss 1.3019e-01 (9.6645e-02)	Acc pseudo  92.19 ( 95.96)	Lr 1.000e-03 (1.000e-03)
2026-01-13 18:22:31,144 - INFO: Epoch: [14][100/229]	Time  0.028 ( 0.034)	Loss 9.5157e-02 (1.0085e-01)	Acc pseudo  95.31 ( 95.96)	Lr 1.000e-03 (1.000e-03)
2026-01-13 18:22:35,838 - INFO: Epoch: [14][150/229]	Time  0.028 ( 0.032)	Loss 6.4463e-02 (1.0263e-01)	Acc pseudo  98.44 ( 95.97)	Lr 1.000e-03 (1.000e-03)
2026-01-13 18:22:40,536 - INFO: Epoch: [14][200/229]	Time  0.030 ( 0.031)	Loss 2.6715e-02 (9.9982e-02)	Acc pseudo  98.44 ( 96.08)	Lr 1.000e-03 (1.000e-03)
2026-01-13 18:22:43,226 - INFO: Round 0, Face Fine-tune Epoch 14: loss=0.1011, acc(pseudo)=96.01%
2026-01-13 18:23:10,200 - INFO: Round 0, Face Fine-tune Epoch 14: acc(valid_pseudo): 0.9953, acc: 0.9111
2026-01-13 18:23:10,201 - INFO: Round 0, Face Fine-tune Epoch 14: No improvement. Patience(epoch): 2/3
2026-01-13 18:23:10,677 - INFO: Epoch: [15][  0/229]	Time  0.418 ( 0.418)	Loss 3.4454e-02 (3.4454e-02)	Acc pseudo 100.00 (100.00)	Lr 1.000e-03 (1.000e-03)
2026-01-13 18:23:15,374 - INFO: Epoch: [15][ 50/229]	Time  0.030 ( 0.037)	Loss 2.9571e-02 (9.8967e-02)	Acc pseudo  98.44 ( 96.26)	Lr 1.000e-03 (1.000e-03)
2026-01-13 18:23:20,066 - INFO: Epoch: [15][100/229]	Time  0.026 ( 0.032)	Loss 1.0695e+00 (1.1028e-01)	Acc pseudo  95.31 ( 96.16)	Lr 1.000e-03 (1.000e-03)
2026-01-13 18:23:24,760 - INFO: Epoch: [15][150/229]	Time  0.028 ( 0.030)	Loss 1.4446e-01 (1.2045e-01)	Acc pseudo  95.31 ( 95.58)	Lr 1.000e-03 (1.000e-03)
2026-01-13 18:23:29,459 - INFO: Epoch: [15][200/229]	Time  0.028 ( 0.030)	Loss 1.0065e-01 (1.2300e-01)	Acc pseudo  96.88 ( 95.43)	Lr 1.000e-03 (1.000e-03)
2026-01-13 18:23:32,154 - INFO: Round 0, Face Fine-tune Epoch 15: loss=0.1242, acc(pseudo)=95.31%
2026-01-13 18:23:57,339 - INFO: Round 0, Face Fine-tune Epoch 15: acc(valid_pseudo): 0.9973, acc: 0.9205
2026-01-13 18:23:57,968 - INFO: Epoch: [16][  0/229]	Time  0.427 ( 0.427)	Loss 1.3244e-01 (1.3244e-01)	Acc pseudo  96.88 ( 96.88)	Lr 1.000e-03 (1.000e-03)
2026-01-13 18:24:02,672 - INFO: Epoch: [16][ 50/229]	Time  0.037 ( 0.037)	Loss 7.2936e-02 (1.2146e-01)	Acc pseudo  95.31 ( 95.40)	Lr 1.000e-03 (1.000e-03)
2026-01-13 18:24:07,375 - INFO: Epoch: [16][100/229]	Time  0.030 ( 0.034)	Loss 7.2792e-02 (1.3353e-01)	Acc pseudo  95.31 ( 95.08)	Lr 1.000e-03 (1.000e-03)
2026-01-13 18:24:12,078 - INFO: Epoch: [16][150/229]	Time  0.032 ( 0.033)	Loss 2.1296e-01 (1.2912e-01)	Acc pseudo  90.62 ( 95.04)	Lr 1.000e-03 (1.000e-03)
2026-01-13 18:24:16,783 - INFO: Epoch: [16][200/229]	Time  0.032 ( 0.032)	Loss 9.2681e-02 (1.2725e-01)	Acc pseudo  93.75 ( 95.20)	Lr 1.000e-03 (1.000e-03)
2026-01-13 18:24:19,484 - INFO: Round 0, Face Fine-tune Epoch 16: loss=0.1281, acc(pseudo)=95.18%
2026-01-13 18:24:45,443 - INFO: Round 0, Face Fine-tune Epoch 16: acc(valid_pseudo): 0.9975, acc: 0.9167
2026-01-13 18:24:46,093 - INFO: Epoch: [17][  0/229]	Time  0.463 ( 0.463)	Loss 9.1813e-02 (9.1813e-02)	Acc pseudo  96.88 ( 96.88)	Lr 1.000e-03 (1.000e-03)
2026-01-13 18:24:50,795 - INFO: Epoch: [17][ 50/229]	Time  0.042 ( 0.038)	Loss 4.1057e-02 (1.2297e-01)	Acc pseudo  98.44 ( 95.10)	Lr 1.000e-03 (1.000e-03)
2026-01-13 18:24:55,495 - INFO: Epoch: [17][100/229]	Time  0.039 ( 0.034)	Loss 3.9342e-02 (1.2072e-01)	Acc pseudo  96.88 ( 95.36)	Lr 1.000e-03 (1.000e-03)
2026-01-13 18:25:00,197 - INFO: Epoch: [17][150/229]	Time  0.030 ( 0.032)	Loss 3.8070e-02 (1.1776e-01)	Acc pseudo  96.88 ( 95.27)	Lr 1.000e-03 (1.000e-03)
2026-01-13 18:25:04,900 - INFO: Epoch: [17][200/229]	Time  0.032 ( 0.032)	Loss 3.2202e-02 (1.1303e-01)	Acc pseudo 100.00 ( 95.49)	Lr 1.000e-03 (1.000e-03)
2026-01-13 18:25:07,603 - INFO: Round 0, Face Fine-tune Epoch 17: loss=0.1110, acc(pseudo)=95.60%
2026-01-13 18:25:32,635 - INFO: Round 0, Face Fine-tune Epoch 17: acc(valid_pseudo): 0.9963, acc: 0.9111
2026-01-13 18:25:32,635 - INFO: Round 0, Face Fine-tune Epoch 17: No improvement. Patience(epoch): 1/3
2026-01-13 18:25:33,133 - INFO: Epoch: [18][  0/229]	Time  0.437 ( 0.437)	Loss 5.2140e-02 (5.2140e-02)	Acc pseudo 100.00 (100.00)	Lr 1.000e-03 (1.000e-03)
2026-01-13 18:25:37,833 - INFO: Epoch: [18][ 50/229]	Time  0.031 ( 0.040)	Loss 4.9907e-02 (1.0037e-01)	Acc pseudo  96.88 ( 96.11)	Lr 1.000e-03 (1.000e-03)
2026-01-13 18:25:42,533 - INFO: Epoch: [18][100/229]	Time  0.028 ( 0.035)	Loss 7.1773e-02 (1.0294e-01)	Acc pseudo  96.88 ( 96.23)	Lr 1.000e-03 (1.000e-03)
2026-01-13 18:25:47,240 - INFO: Epoch: [18][150/229]	Time  0.027 ( 0.033)	Loss 1.5116e-01 (1.0183e-01)	Acc pseudo  95.31 ( 96.09)	Lr 1.000e-03 (1.000e-03)
2026-01-13 18:25:51,945 - INFO: Epoch: [18][200/229]	Time  0.028 ( 0.033)	Loss 1.0946e-01 (1.0220e-01)	Acc pseudo  96.88 ( 96.07)	Lr 1.000e-03 (1.000e-03)
2026-01-13 18:25:54,649 - INFO: Round 0, Face Fine-tune Epoch 18: loss=0.1042, acc(pseudo)=95.98%
2026-01-13 18:26:20,524 - INFO: Round 0, Face Fine-tune Epoch 18: acc(valid_pseudo): 0.9982, acc: 0.9139
2026-01-13 18:26:21,145 - INFO: Epoch: [19][  0/229]	Time  0.428 ( 0.428)	Loss 3.3796e-02 (3.3796e-02)	Acc pseudo  98.44 ( 98.44)	Lr 1.000e-03 (1.000e-03)
2026-01-13 18:26:25,851 - INFO: Epoch: [19][ 50/229]	Time  0.027 ( 0.037)	Loss 2.0712e-01 (8.9762e-02)	Acc pseudo  98.44 ( 95.96)	Lr 1.000e-03 (1.000e-03)
2026-01-13 18:26:30,548 - INFO: Epoch: [19][100/229]	Time  0.033 ( 0.033)	Loss 3.9382e-02 (9.4640e-02)	Acc pseudo  96.88 ( 96.18)	Lr 1.000e-03 (1.000e-03)
2026-01-13 18:26:35,250 - INFO: Epoch: [19][150/229]	Time  0.033 ( 0.032)	Loss 1.2034e-01 (9.3965e-02)	Acc pseudo  92.19 ( 96.05)	Lr 1.000e-03 (1.000e-03)
2026-01-13 18:26:39,955 - INFO: Epoch: [19][200/229]	Time  0.028 ( 0.032)	Loss 1.5639e-01 (9.6331e-02)	Acc pseudo  93.75 ( 95.96)	Lr 1.000e-03 (1.000e-03)
2026-01-13 18:26:42,647 - INFO: Round 0, Face Fine-tune Epoch 19: loss=0.0977, acc(pseudo)=95.96%
2026-01-13 18:27:08,675 - INFO: Round 0, Face Fine-tune Epoch 19: acc(valid_pseudo): 0.9969, acc: 0.9130
2026-01-13 18:27:08,675 - INFO: Round 0, Face Fine-tune Epoch 19: No improvement. Patience(epoch): 1/3
2026-01-13 18:27:08,676 - INFO: Round 0: Best face fine-tuned epoch=18, acc(valid_pseudo)=0.9982
2026-01-13 18:27:08,717 - INFO: Using HMM model from previous round: runs/the big bang theory/exp_video/result/self_supervised/exp0/initial/pseudo_label/hmm_params.pkl
2026-01-13 18:46:55,320 - INFO: Round 0: speaker_acc=0.9200
2026-01-13 18:46:55,323 - INFO: Round 0: face_acc=0.9167
2026-01-13 18:46:55,326 - INFO: ====================
2026-01-13 18:46:55,326 - INFO: Round 1: Fine-tuning iteration
2026-01-13 18:46:55,326 - INFO: ====================
2026-01-13 18:46:55,377 - INFO: Round 1 Part 1: Fine-tuning embedding model
2026-01-13 18:46:55,377 - INFO: Using pseudo-label file: runs/the big bang theory/exp_video/result/self_supervised/exp0/round0/pseudo_label/pseudo_labels_audio_nested_hmm_full(unreliable_pp=20.0).json
2026-01-13 18:46:55,389 - INFO: For training, Using face pseudo-label file: runs/the big bang theory/exp_video/result/self_supervised/exp0/round0/pseudo_label/pseudo_labels_faces_mid_frame_train_nested_hmm_full.json
2026-01-13 18:46:55,389 - INFO: For infering, Using face pseudo-label file: runs/the big bang theory/exp_video/result/self_supervised/exp0/round0/pseudo_label/pseudo_labels_faces_mid_frame_all_nested_hmm_full.json
2026-01-13 18:46:55,443 - INFO: Created face dataloader with 14646 samples
2026-01-13 18:46:55,454 - INFO: Fine-tuning speaker embedding model for 20 epochs...
2026-01-13 18:46:55,639 - INFO: Epoch: [0][  0/107]	Time  0.181 ( 0.181)	Loss 4.9005e-01 (4.9005e-01)	Acc pseudo  92.19 ( 92.19)	Lr 1.000e-03 (1.000e-03)
2026-01-13 18:46:55,807 - INFO: Epoch: [0][ 50/107]	Time  0.003 ( 0.007)	Loss 1.0989e-01 (3.4201e-01)	Acc pseudo  96.88 ( 92.98)	Lr 1.000e-03 (1.000e-03)
2026-01-13 18:46:55,956 - INFO: Epoch: [0][100/107]	Time  0.002 ( 0.005)	Loss 5.3283e-01 (3.6262e-01)	Acc pseudo  82.81 ( 92.44)	Lr 1.000e-03 (1.000e-03)
2026-01-13 18:46:56,019 - INFO: Round 1, Fine-tune Epoch 0: loss=0.3599, acc(pseudo)=92.49%
2026-01-13 18:47:01,669 - INFO: Round 1, Fine-tune Epoch 0: acc(valid_pseudo): 0.9620, acc: 0.8725
2026-01-13 18:47:01,967 - INFO: Epoch: [1][  0/107]	Time  0.188 ( 0.188)	Loss 4.0285e-01 (4.0285e-01)	Acc pseudo  92.19 ( 92.19)	Lr 1.000e-03 (1.000e-03)
2026-01-13 18:47:02,141 - INFO: Epoch: [1][ 50/107]	Time  0.003 ( 0.007)	Loss 1.6936e-01 (2.6333e-01)	Acc pseudo  95.31 ( 93.60)	Lr 1.000e-03 (1.000e-03)
2026-01-13 18:47:02,295 - INFO: Epoch: [1][100/107]	Time  0.002 ( 0.005)	Loss 1.0919e+00 (2.8459e-01)	Acc pseudo  89.06 ( 93.35)	Lr 1.000e-03 (1.000e-03)
2026-01-13 18:47:02,361 - INFO: Round 1, Fine-tune Epoch 1: loss=0.2811, acc(pseudo)=93.38%
2026-01-13 18:47:07,602 - INFO: Round 1, Fine-tune Epoch 1: acc(valid_pseudo): 0.9917, acc: 0.9260
2026-01-13 18:47:07,870 - INFO: Epoch: [2][  0/107]	Time  0.196 ( 0.196)	Loss 2.1485e-01 (2.1485e-01)	Acc pseudo  95.31 ( 95.31)	Lr 1.000e-03 (1.000e-03)
2026-01-13 18:47:08,051 - INFO: Epoch: [2][ 50/107]	Time  0.003 ( 0.007)	Loss 1.8842e-01 (2.6096e-01)	Acc pseudo  92.19 ( 93.75)	Lr 1.000e-03 (1.000e-03)
2026-01-13 18:47:08,213 - INFO: Epoch: [2][100/107]	Time  0.002 ( 0.005)	Loss 1.0870e-01 (2.5692e-01)	Acc pseudo  95.31 ( 93.66)	Lr 1.000e-03 (1.000e-03)
2026-01-13 18:47:08,275 - INFO: Round 1, Fine-tune Epoch 2: loss=0.2563, acc(pseudo)=93.63%
2026-01-13 18:47:12,620 - INFO: Round 1, Fine-tune Epoch 2: acc(valid_pseudo): 0.9843, acc: 0.9035
2026-01-13 18:47:12,620 - INFO: Round 1, Speaker Fine-tune Epoch 2: No improvement in validation accuracy. Patience(epoch): 1/3
2026-01-13 18:47:12,818 - INFO: Epoch: [3][  0/107]	Time  0.192 ( 0.192)	Loss 2.6750e-01 (2.6750e-01)	Acc pseudo  89.06 ( 89.06)	Lr 1.000e-03 (1.000e-03)
2026-01-13 18:47:13,003 - INFO: Epoch: [3][ 50/107]	Time  0.003 ( 0.007)	Loss 2.5932e-01 (2.4686e-01)	Acc pseudo  95.31 ( 93.75)	Lr 1.000e-03 (1.000e-03)
2026-01-13 18:47:13,155 - INFO: Epoch: [3][100/107]	Time  0.003 ( 0.005)	Loss 3.1732e-01 (2.4465e-01)	Acc pseudo  90.62 ( 93.80)	Lr 1.000e-03 (1.000e-03)
2026-01-13 18:47:13,217 - INFO: Round 1, Fine-tune Epoch 3: loss=0.2425, acc(pseudo)=93.85%
2026-01-13 18:47:17,934 - INFO: Round 1, Fine-tune Epoch 3: acc(valid_pseudo): 0.9166, acc: 0.8615
2026-01-13 18:47:17,935 - INFO: Round 1, Speaker Fine-tune Epoch 3: No improvement in validation accuracy. Patience(epoch): 2/3
2026-01-13 18:47:17,935 - INFO: Early stopping at epoch 3 due to significant drop in pseudo-label validation accuracy: 0.9843 -> 0.9166.
2026-01-13 18:47:17,936 - INFO: Round 1: Best speaker fine-tuned epoch=1, acc(valid_pseudo)=0.9917
2026-01-13 18:47:17,940 - INFO: Fine-tuning face embedding model for 20 epochs...
2026-01-13 18:47:18,435 - INFO: Epoch: [0][  0/229]	Time  0.433 ( 0.433)	Loss 2.5738e-02 (2.5738e-02)	Acc pseudo  98.44 ( 98.44)	Lr 1.000e-03 (1.000e-03)
2026-01-13 18:47:23,103 - INFO: Epoch: [0][ 50/229]	Time  0.029 ( 0.036)	Loss 6.0052e-02 (1.5794e-01)	Acc pseudo  96.88 ( 95.68)	Lr 1.000e-03 (1.000e-03)
2026-01-13 18:47:27,765 - INFO: Epoch: [0][100/229]	Time  0.039 ( 0.033)	Loss 1.8223e-01 (1.7711e-01)	Acc pseudo  93.75 ( 95.67)	Lr 1.000e-03 (1.000e-03)
2026-01-13 18:47:32,435 - INFO: Epoch: [0][150/229]	Time  0.029 ( 0.033)	Loss 1.2534e-01 (1.6297e-01)	Acc pseudo  93.75 ( 95.45)	Lr 1.000e-03 (1.000e-03)
2026-01-13 18:47:37,105 - INFO: Epoch: [0][200/229]	Time  0.036 ( 0.033)	Loss 9.1158e-02 (1.6315e-01)	Acc pseudo  96.88 ( 95.41)	Lr 1.000e-03 (1.000e-03)
2026-01-13 18:47:39,784 - INFO: Round 1, Face Fine-tune Epoch 0: loss=0.1603, acc(pseudo)=95.43%
2026-01-13 18:48:05,763 - INFO: Round 1, Face Fine-tune Epoch 0: acc(valid_pseudo): 0.9950, acc: 0.9205
2026-01-13 18:48:06,380 - INFO: Epoch: [1][  0/229]	Time  0.442 ( 0.442)	Loss 1.6396e-01 (1.6396e-01)	Acc pseudo  93.75 ( 93.75)	Lr 1.000e-03 (1.000e-03)
2026-01-13 18:48:11,076 - INFO: Epoch: [1][ 50/229]	Time  0.038 ( 0.041)	Loss 2.5294e-02 (1.4226e-01)	Acc pseudo  98.44 ( 95.96)	Lr 1.000e-03 (1.000e-03)
2026-01-13 18:48:15,771 - INFO: Epoch: [1][100/229]	Time  0.027 ( 0.036)	Loss 1.9011e-01 (1.4403e-01)	Acc pseudo  93.75 ( 95.64)	Lr 1.000e-03 (1.000e-03)
2026-01-13 18:48:20,465 - INFO: Epoch: [1][150/229]	Time  0.027 ( 0.033)	Loss 1.2735e-01 (1.3421e-01)	Acc pseudo  95.31 ( 95.56)	Lr 1.000e-03 (1.000e-03)
2026-01-13 18:48:25,161 - INFO: Epoch: [1][200/229]	Time  0.028 ( 0.032)	Loss 1.6099e-01 (1.3381e-01)	Acc pseudo  92.19 ( 95.52)	Lr 1.000e-03 (1.000e-03)
2026-01-13 18:48:27,854 - INFO: Round 1, Face Fine-tune Epoch 1: loss=0.1307, acc(pseudo)=95.57%
2026-01-13 18:48:53,107 - INFO: Round 1, Face Fine-tune Epoch 1: acc(valid_pseudo): 0.9967, acc: 0.9186
2026-01-13 18:48:53,716 - INFO: Epoch: [2][  0/229]	Time  0.421 ( 0.421)	Loss 5.5079e-02 (5.5079e-02)	Acc pseudo  96.88 ( 96.88)	Lr 1.000e-03 (1.000e-03)
2026-01-13 18:48:58,420 - INFO: Epoch: [2][ 50/229]	Time  0.029 ( 0.037)	Loss 6.5166e-02 (1.0976e-01)	Acc pseudo  96.88 ( 96.08)	Lr 1.000e-03 (1.000e-03)
2026-01-13 18:49:03,121 - INFO: Epoch: [2][100/229]	Time  0.029 ( 0.034)	Loss 5.6803e-02 (1.0927e-01)	Acc pseudo  98.44 ( 95.92)	Lr 1.000e-03 (1.000e-03)
2026-01-13 18:49:07,815 - INFO: Epoch: [2][150/229]	Time  0.027 ( 0.032)	Loss 5.5710e-02 (1.0628e-01)	Acc pseudo  98.44 ( 96.07)	Lr 1.000e-03 (1.000e-03)
2026-01-13 18:49:12,512 - INFO: Epoch: [2][200/229]	Time  0.029 ( 0.031)	Loss 8.7473e-02 (1.0650e-01)	Acc pseudo  93.75 ( 96.05)	Lr 1.000e-03 (1.000e-03)
2026-01-13 18:49:15,203 - INFO: Round 1, Face Fine-tune Epoch 2: loss=0.1053, acc(pseudo)=96.11%
2026-01-13 18:49:40,853 - INFO: Round 1, Face Fine-tune Epoch 2: acc(valid_pseudo): 0.9960, acc: 0.9102
2026-01-13 18:49:40,853 - INFO: Round 1, Face Fine-tune Epoch 2: No improvement. Patience(epoch): 1/3
2026-01-13 18:49:41,325 - INFO: Epoch: [3][  0/229]	Time  0.422 ( 0.422)	Loss 4.0283e-02 (4.0283e-02)	Acc pseudo  98.44 ( 98.44)	Lr 1.000e-03 (1.000e-03)
2026-01-13 18:49:46,017 - INFO: Epoch: [3][ 50/229]	Time  0.028 ( 0.037)	Loss 1.3871e-01 (1.0621e-01)	Acc pseudo  92.19 ( 96.38)	Lr 1.000e-03 (1.000e-03)
2026-01-13 18:49:50,701 - INFO: Epoch: [3][100/229]	Time  0.027 ( 0.033)	Loss 7.9623e-02 (9.9098e-02)	Acc pseudo  96.88 ( 96.52)	Lr 1.000e-03 (1.000e-03)
2026-01-13 18:49:55,387 - INFO: Epoch: [3][150/229]	Time  0.027 ( 0.031)	Loss 6.8235e-02 (1.0731e-01)	Acc pseudo  95.31 ( 96.36)	Lr 1.000e-03 (1.000e-03)
2026-01-13 18:50:00,070 - INFO: Epoch: [3][200/229]	Time  0.026 ( 0.030)	Loss 6.2789e-02 (1.1162e-01)	Acc pseudo  95.31 ( 95.98)	Lr 1.000e-03 (1.000e-03)
2026-01-13 18:50:02,754 - INFO: Round 1, Face Fine-tune Epoch 3: loss=0.1116, acc(pseudo)=95.92%
2026-01-13 18:50:27,608 - INFO: Round 1, Face Fine-tune Epoch 3: acc(valid_pseudo): 0.9946, acc: 0.9130
2026-01-13 18:50:27,608 - INFO: Round 1, Face Fine-tune Epoch 3: No improvement. Patience(epoch): 2/3
2026-01-13 18:50:28,103 - INFO: Epoch: [4][  0/229]	Time  0.442 ( 0.442)	Loss 6.6681e-02 (6.6681e-02)	Acc pseudo  98.44 ( 98.44)	Lr 1.000e-03 (1.000e-03)
2026-01-13 18:50:32,790 - INFO: Epoch: [4][ 50/229]	Time  0.028 ( 0.038)	Loss 1.0709e-01 (1.1430e-01)	Acc pseudo  95.31 ( 96.38)	Lr 1.000e-03 (1.000e-03)
2026-01-13 18:50:37,478 - INFO: Epoch: [4][100/229]	Time  0.029 ( 0.034)	Loss 1.3950e-01 (1.1280e-01)	Acc pseudo  95.31 ( 96.15)	Lr 1.000e-03 (1.000e-03)
2026-01-13 18:50:42,167 - INFO: Epoch: [4][150/229]	Time  0.039 ( 0.034)	Loss 1.2457e-01 (1.0673e-01)	Acc pseudo  93.75 ( 96.09)	Lr 1.000e-03 (1.000e-03)
2026-01-13 18:50:46,853 - INFO: Epoch: [4][200/229]	Time  0.030 ( 0.033)	Loss 1.2744e-01 (1.0779e-01)	Acc pseudo  95.31 ( 96.04)	Lr 1.000e-03 (1.000e-03)
2026-01-13 18:50:49,540 - INFO: Round 1, Face Fine-tune Epoch 4: loss=0.1079, acc(pseudo)=95.99%
2026-01-13 18:51:14,699 - INFO: Round 1, Face Fine-tune Epoch 4: acc(valid_pseudo): 0.9954, acc: 0.9167
2026-01-13 18:51:14,699 - INFO: Round 1, Face Fine-tune Epoch 4: No improvement. Patience(epoch): 3/3
2026-01-13 18:51:14,699 - INFO: Early stopping at face epoch 4
2026-01-13 18:51:14,701 - INFO: Round 1: Best face fine-tuned epoch=1, acc(valid_pseudo)=0.9967
2026-01-13 18:51:14,738 - INFO: Using HMM model from previous round: runs/the big bang theory/exp_video/result/self_supervised/exp0/round0/pseudo_label/hmm_params.pkl
2026-01-13 19:06:25,451 - INFO: Round 1: speaker_acc=0.9265
2026-01-13 19:06:25,454 - INFO: Round 1: face_acc=0.9186
2026-01-13 19:06:25,456 - INFO: ====================
2026-01-13 19:06:25,456 - INFO: Round 2: Fine-tuning iteration
2026-01-13 19:06:25,456 - INFO: ====================
2026-01-13 19:06:25,525 - INFO: Round 2 Part 1: Fine-tuning embedding model
2026-01-13 19:06:25,526 - INFO: Using pseudo-label file: runs/the big bang theory/exp_video/result/self_supervised/exp0/round1/pseudo_label/pseudo_labels_audio_nested_hmm_full(unreliable_pp=20.0).json
2026-01-13 19:06:25,538 - INFO: For training, Using face pseudo-label file: runs/the big bang theory/exp_video/result/self_supervised/exp0/round1/pseudo_label/pseudo_labels_faces_mid_frame_train_nested_hmm_full.json
2026-01-13 19:06:25,538 - INFO: For infering, Using face pseudo-label file: runs/the big bang theory/exp_video/result/self_supervised/exp0/round1/pseudo_label/pseudo_labels_faces_mid_frame_all_nested_hmm_full.json
2026-01-13 19:06:25,594 - INFO: Created face dataloader with 14646 samples
2026-01-13 19:06:25,605 - INFO: Fine-tuning speaker embedding model for 20 epochs...
2026-01-13 19:06:25,862 - INFO: Epoch: [0][  0/107]	Time  0.253 ( 0.253)	Loss 6.8042e-01 (6.8042e-01)	Acc pseudo  92.19 ( 92.19)	Lr 1.000e-03 (1.000e-03)
2026-01-13 19:06:26,035 - INFO: Epoch: [0][ 50/107]	Time  0.004 ( 0.008)	Loss 1.1060e-01 (3.0902e-01)	Acc pseudo  98.44 ( 94.39)	Lr 1.000e-03 (1.000e-03)
2026-01-13 19:06:26,199 - INFO: Epoch: [0][100/107]	Time  0.002 ( 0.006)	Loss 3.8690e-01 (2.9408e-01)	Acc pseudo  87.50 ( 94.31)	Lr 1.000e-03 (1.000e-03)
2026-01-13 19:06:26,268 - INFO: Round 2, Fine-tune Epoch 0: loss=0.2867, acc(pseudo)=94.38%
2026-01-13 19:06:31,056 - INFO: Round 2, Fine-tune Epoch 0: acc(valid_pseudo): 0.9562, acc: 0.7975
2026-01-13 19:06:31,318 - INFO: Epoch: [1][  0/107]	Time  0.178 ( 0.178)	Loss 2.3273e-01 (2.3273e-01)	Acc pseudo  95.31 ( 95.31)	Lr 1.000e-03 (1.000e-03)
2026-01-13 19:06:31,558 - INFO: Epoch: [1][ 50/107]	Time  0.003 ( 0.008)	Loss 1.0480e-01 (1.6530e-01)	Acc pseudo  95.31 ( 95.71)	Lr 1.000e-03 (1.000e-03)
2026-01-13 19:06:31,715 - INFO: Epoch: [1][100/107]	Time  0.002 ( 0.006)	Loss 4.2884e-01 (1.8310e-01)	Acc pseudo  93.75 ( 95.33)	Lr 1.000e-03 (1.000e-03)
2026-01-13 19:06:31,785 - INFO: Round 2, Fine-tune Epoch 1: loss=0.1843, acc(pseudo)=95.30%
2026-01-13 19:06:36,488 - INFO: Round 2, Fine-tune Epoch 1: acc(valid_pseudo): 0.9835, acc: 0.8980
2026-01-13 19:06:36,957 - INFO: Epoch: [2][  0/107]	Time  0.396 ( 0.396)	Loss 3.5792e-01 (3.5792e-01)	Acc pseudo  96.88 ( 96.88)	Lr 1.000e-03 (1.000e-03)
2026-01-13 19:06:37,322 - INFO: Epoch: [2][ 50/107]	Time  0.003 ( 0.015)	Loss 9.3944e-02 (1.6758e-01)	Acc pseudo  98.44 ( 96.02)	Lr 1.000e-03 (1.000e-03)
2026-01-13 19:06:37,480 - INFO: Epoch: [2][100/107]	Time  0.002 ( 0.009)	Loss 6.5685e-02 (1.5901e-01)	Acc pseudo  98.44 ( 96.01)	Lr 1.000e-03 (1.000e-03)
2026-01-13 19:06:37,548 - INFO: Round 2, Fine-tune Epoch 2: loss=0.1594, acc(pseudo)=95.96%
2026-01-13 19:06:42,827 - INFO: Round 2, Fine-tune Epoch 2: acc(valid_pseudo): 0.9794, acc: 0.9130
2026-01-13 19:06:42,827 - INFO: Round 2, Speaker Fine-tune Epoch 2: No improvement in validation accuracy. Patience(epoch): 1/3
2026-01-13 19:06:43,017 - INFO: Epoch: [3][  0/107]	Time  0.184 ( 0.184)	Loss 2.4784e-01 (2.4784e-01)	Acc pseudo  90.62 ( 90.62)	Lr 1.000e-03 (1.000e-03)
2026-01-13 19:06:43,183 - INFO: Epoch: [3][ 50/107]	Time  0.004 ( 0.007)	Loss 3.0779e-01 (1.5185e-01)	Acc pseudo  96.88 ( 96.05)	Lr 1.000e-03 (1.000e-03)
2026-01-13 19:06:43,328 - INFO: Epoch: [3][100/107]	Time  0.002 ( 0.005)	Loss 1.0579e-01 (1.4810e-01)	Acc pseudo  96.88 ( 96.06)	Lr 1.000e-03 (1.000e-03)
2026-01-13 19:06:43,399 - INFO: Round 2, Fine-tune Epoch 3: loss=0.1485, acc(pseudo)=96.09%
2026-01-13 19:06:48,011 - INFO: Round 2, Fine-tune Epoch 3: acc(valid_pseudo): 0.9860, acc: 0.9110
2026-01-13 19:06:48,257 - INFO: Epoch: [4][  0/107]	Time  0.176 ( 0.176)	Loss 5.0843e-02 (5.0843e-02)	Acc pseudo 100.00 (100.00)	Lr 1.000e-03 (1.000e-03)
2026-01-13 19:06:48,426 - INFO: Epoch: [4][ 50/107]	Time  0.003 ( 0.007)	Loss 1.2556e-01 (1.5619e-01)	Acc pseudo  93.75 ( 96.02)	Lr 1.000e-03 (1.000e-03)
2026-01-13 19:06:48,572 - INFO: Epoch: [4][100/107]	Time  0.002 ( 0.005)	Loss 9.4280e-02 (1.7195e-01)	Acc pseudo  98.44 ( 95.61)	Lr 1.000e-03 (1.000e-03)
2026-01-13 19:06:48,634 - INFO: Round 2, Fine-tune Epoch 4: loss=0.1688, acc(pseudo)=95.71%
2026-01-13 19:06:53,152 - INFO: Round 2, Fine-tune Epoch 4: acc(valid_pseudo): 0.9769, acc: 0.9050
2026-01-13 19:06:53,152 - INFO: Round 2, Speaker Fine-tune Epoch 4: No improvement in validation accuracy. Patience(epoch): 1/3
2026-01-13 19:06:53,371 - INFO: Epoch: [5][  0/107]	Time  0.214 ( 0.214)	Loss 2.3793e-01 (2.3793e-01)	Acc pseudo  93.75 ( 93.75)	Lr 1.000e-03 (1.000e-03)
2026-01-13 19:06:53,549 - INFO: Epoch: [5][ 50/107]	Time  0.003 ( 0.008)	Loss 3.0464e-01 (1.4461e-01)	Acc pseudo  92.19 ( 95.89)	Lr 1.000e-03 (1.000e-03)
2026-01-13 19:06:53,715 - INFO: Epoch: [5][100/107]	Time  0.002 ( 0.005)	Loss 1.9399e-01 (1.6264e-01)	Acc pseudo  90.62 ( 95.61)	Lr 1.000e-03 (1.000e-03)
2026-01-13 19:06:53,778 - INFO: Round 2, Fine-tune Epoch 5: loss=0.1708, acc(pseudo)=95.50%
2026-01-13 19:06:58,478 - INFO: Round 2, Fine-tune Epoch 5: acc(valid_pseudo): 0.9711, acc: 0.8820
2026-01-13 19:06:58,478 - INFO: Round 2, Speaker Fine-tune Epoch 5: No improvement in validation accuracy. Patience(epoch): 2/3
2026-01-13 19:06:58,681 - INFO: Epoch: [6][  0/107]	Time  0.198 ( 0.198)	Loss 1.5649e-01 (1.5649e-01)	Acc pseudo  96.88 ( 96.88)	Lr 1.000e-03 (1.000e-03)
2026-01-13 19:06:58,853 - INFO: Epoch: [6][ 50/107]	Time  0.003 ( 0.007)	Loss 4.4602e-02 (1.3860e-01)	Acc pseudo  98.44 ( 96.17)	Lr 1.000e-03 (1.000e-03)
2026-01-13 19:06:59,004 - INFO: Epoch: [6][100/107]	Time  0.002 ( 0.005)	Loss 1.9206e-01 (1.4299e-01)	Acc pseudo  95.31 ( 96.04)	Lr 1.000e-03 (1.000e-03)
2026-01-13 19:06:59,069 - INFO: Round 2, Fine-tune Epoch 6: loss=0.1439, acc(pseudo)=96.02%
2026-01-13 19:07:04,146 - INFO: Round 2, Fine-tune Epoch 6: acc(valid_pseudo): 0.9926, acc: 0.9260
2026-01-13 19:07:04,393 - INFO: Epoch: [7][  0/107]	Time  0.178 ( 0.178)	Loss 1.5402e-01 (1.5402e-01)	Acc pseudo  95.31 ( 95.31)	Lr 1.000e-03 (1.000e-03)
2026-01-13 19:07:04,561 - INFO: Epoch: [7][ 50/107]	Time  0.003 ( 0.007)	Loss 7.4210e-02 (1.2149e-01)	Acc pseudo  95.31 ( 97.03)	Lr 1.000e-03 (1.000e-03)
2026-01-13 19:07:04,709 - INFO: Epoch: [7][100/107]	Time  0.002 ( 0.005)	Loss 7.8308e-02 (1.2967e-01)	Acc pseudo  96.88 ( 96.70)	Lr 1.000e-03 (1.000e-03)
2026-01-13 19:07:04,773 - INFO: Round 2, Fine-tune Epoch 7: loss=0.1300, acc(pseudo)=96.65%
2026-01-13 19:07:09,870 - INFO: Round 2, Fine-tune Epoch 7: acc(valid_pseudo): 0.9661, acc: 0.9005
2026-01-13 19:07:09,870 - INFO: Round 2, Speaker Fine-tune Epoch 7: No improvement in validation accuracy. Patience(epoch): 1/3
2026-01-13 19:07:10,071 - INFO: Epoch: [8][  0/107]	Time  0.195 ( 0.195)	Loss 6.8066e-02 (6.8066e-02)	Acc pseudo  98.44 ( 98.44)	Lr 1.000e-03 (1.000e-03)
2026-01-13 19:07:10,257 - INFO: Epoch: [8][ 50/107]	Time  0.003 ( 0.007)	Loss 6.5920e-02 (1.2861e-01)	Acc pseudo  98.44 ( 96.54)	Lr 1.000e-03 (1.000e-03)
2026-01-13 19:07:10,417 - INFO: Epoch: [8][100/107]	Time  0.002 ( 0.005)	Loss 1.5290e-01 (1.2164e-01)	Acc pseudo  93.75 ( 96.46)	Lr 1.000e-03 (1.000e-03)
2026-01-13 19:07:10,481 - INFO: Round 2, Fine-tune Epoch 8: loss=0.1248, acc(pseudo)=96.46%
2026-01-13 19:07:15,817 - INFO: Round 2, Fine-tune Epoch 8: acc(valid_pseudo): 0.8637, acc: 0.8410
2026-01-13 19:07:15,818 - INFO: Round 2, Speaker Fine-tune Epoch 8: No improvement in validation accuracy. Patience(epoch): 2/3
2026-01-13 19:07:15,818 - INFO: Early stopping at epoch 8 due to significant drop in pseudo-label validation accuracy: 0.9661 -> 0.8637.
2026-01-13 19:07:15,819 - INFO: Round 2: Best speaker fine-tuned epoch=6, acc(valid_pseudo)=0.9926
2026-01-13 19:07:15,824 - INFO: Fine-tuning face embedding model for 20 epochs...
2026-01-13 19:07:16,313 - INFO: Epoch: [0][  0/229]	Time  0.432 ( 0.432)	Loss 2.4574e-01 (2.4574e-01)	Acc pseudo  96.88 ( 96.88)	Lr 1.000e-03 (1.000e-03)
2026-01-13 19:07:20,976 - INFO: Epoch: [0][ 50/229]	Time  0.026 ( 0.036)	Loss 7.2647e-02 (1.2030e-01)	Acc pseudo  96.88 ( 96.81)	Lr 1.000e-03 (1.000e-03)
2026-01-13 19:07:25,640 - INFO: Epoch: [0][100/229]	Time  0.026 ( 0.032)	Loss 9.1685e-02 (1.2145e-01)	Acc pseudo  96.88 ( 96.43)	Lr 1.000e-03 (1.000e-03)
2026-01-13 19:07:30,309 - INFO: Epoch: [0][150/229]	Time  0.038 ( 0.030)	Loss 8.7491e-02 (1.3515e-01)	Acc pseudo  96.88 ( 96.37)	Lr 1.000e-03 (1.000e-03)
2026-01-13 19:07:34,977 - INFO: Epoch: [0][200/229]	Time  0.030 ( 0.030)	Loss 9.1697e-02 (1.3046e-01)	Acc pseudo  96.88 ( 96.35)	Lr 1.000e-03 (1.000e-03)
2026-01-13 19:07:37,654 - INFO: Round 2, Face Fine-tune Epoch 0: loss=0.1353, acc(pseudo)=96.42%
2026-01-13 19:08:04,869 - INFO: Round 2, Face Fine-tune Epoch 0: acc(valid_pseudo): 0.9943, acc: 0.9214
2026-01-13 19:08:05,485 - INFO: Epoch: [1][  0/229]	Time  0.420 ( 0.420)	Loss 3.9242e-02 (3.9242e-02)	Acc pseudo  96.88 ( 96.88)	Lr 1.000e-03 (1.000e-03)
2026-01-13 19:08:10,190 - INFO: Epoch: [1][ 50/229]	Time  0.029 ( 0.042)	Loss 9.7851e-02 (1.1121e-01)	Acc pseudo  98.44 ( 96.69)	Lr 1.000e-03 (1.000e-03)
2026-01-13 19:08:14,884 - INFO: Epoch: [1][100/229]	Time  0.027 ( 0.035)	Loss 1.3669e-01 (9.9463e-02)	Acc pseudo  96.88 ( 96.78)	Lr 1.000e-03 (1.000e-03)
2026-01-13 19:08:19,582 - INFO: Epoch: [1][150/229]	Time  0.026 ( 0.032)	Loss 3.2882e-02 (1.0419e-01)	Acc pseudo  96.88 ( 96.61)	Lr 1.000e-03 (1.000e-03)
2026-01-13 19:08:24,280 - INFO: Epoch: [1][200/229]	Time  0.028 ( 0.031)	Loss 6.1537e-02 (1.0861e-01)	Acc pseudo  95.31 ( 96.56)	Lr 1.000e-03 (1.000e-03)
2026-01-13 19:08:26,978 - INFO: Round 2, Face Fine-tune Epoch 1: loss=0.1079, acc(pseudo)=96.51%
2026-01-13 19:08:53,094 - INFO: Round 2, Face Fine-tune Epoch 1: acc(valid_pseudo): 0.9951, acc: 0.9167
2026-01-13 19:08:53,700 - INFO: Epoch: [2][  0/229]	Time  0.431 ( 0.431)	Loss 4.5647e-02 (4.5647e-02)	Acc pseudo  96.88 ( 96.88)	Lr 1.000e-03 (1.000e-03)
2026-01-13 19:08:58,398 - INFO: Epoch: [2][ 50/229]	Time  0.039 ( 0.037)	Loss 2.5308e-02 (8.2907e-02)	Acc pseudo 100.00 ( 96.69)	Lr 1.000e-03 (1.000e-03)
2026-01-13 19:09:03,092 - INFO: Epoch: [2][100/229]	Time  0.026 ( 0.032)	Loss 5.9408e-02 (8.9364e-02)	Acc pseudo  98.44 ( 96.60)	Lr 1.000e-03 (1.000e-03)
2026-01-13 19:09:07,784 - INFO: Epoch: [2][150/229]	Time  0.027 ( 0.030)	Loss 1.5125e-01 (8.7653e-02)	Acc pseudo  93.75 ( 96.78)	Lr 1.000e-03 (1.000e-03)
2026-01-13 19:09:12,483 - INFO: Epoch: [2][200/229]	Time  0.027 ( 0.030)	Loss 6.8208e-02 (8.9554e-02)	Acc pseudo  95.31 ( 96.71)	Lr 1.000e-03 (1.000e-03)
2026-01-13 19:09:15,180 - INFO: Round 2, Face Fine-tune Epoch 2: loss=0.0884, acc(pseudo)=96.78%
2026-01-13 19:09:40,875 - INFO: Round 2, Face Fine-tune Epoch 2: acc(valid_pseudo): 0.9957, acc: 0.9149
2026-01-13 19:09:41,487 - INFO: Epoch: [3][  0/229]	Time  0.433 ( 0.433)	Loss 4.7576e-02 (4.7576e-02)	Acc pseudo  98.44 ( 98.44)	Lr 1.000e-03 (1.000e-03)
2026-01-13 19:09:46,179 - INFO: Epoch: [3][ 50/229]	Time  0.026 ( 0.038)	Loss 1.2388e-01 (6.3474e-02)	Acc pseudo  95.31 ( 97.58)	Lr 1.000e-03 (1.000e-03)
2026-01-13 19:09:50,861 - INFO: Epoch: [3][100/229]	Time  0.027 ( 0.032)	Loss 3.5725e-02 (6.7467e-02)	Acc pseudo  98.44 ( 97.52)	Lr 1.000e-03 (1.000e-03)
2026-01-13 19:09:55,544 - INFO: Epoch: [3][150/229]	Time  0.026 ( 0.032)	Loss 7.6631e-02 (6.2871e-02)	Acc pseudo  98.44 ( 97.74)	Lr 1.000e-03 (1.000e-03)
2026-01-13 19:10:00,227 - INFO: Epoch: [3][200/229]	Time  0.027 ( 0.031)	Loss 9.2541e-02 (6.5273e-02)	Acc pseudo  95.31 ( 97.62)	Lr 1.000e-03 (1.000e-03)
2026-01-13 19:10:02,917 - INFO: Round 2, Face Fine-tune Epoch 3: loss=0.0687, acc(pseudo)=97.54%
2026-01-13 19:10:27,646 - INFO: Round 2, Face Fine-tune Epoch 3: acc(valid_pseudo): 0.9949, acc: 0.9167
2026-01-13 19:10:27,646 - INFO: Round 2, Face Fine-tune Epoch 3: No improvement. Patience(epoch): 1/3
2026-01-13 19:10:28,115 - INFO: Epoch: [4][  0/229]	Time  0.411 ( 0.411)	Loss 1.4136e-02 (1.4136e-02)	Acc pseudo 100.00 (100.00)	Lr 1.000e-03 (1.000e-03)
2026-01-13 19:10:32,801 - INFO: Epoch: [4][ 50/229]	Time  0.039 ( 0.036)	Loss 2.7556e-02 (1.4487e-01)	Acc pseudo  98.44 ( 97.49)	Lr 1.000e-03 (1.000e-03)
2026-01-13 19:10:37,482 - INFO: Epoch: [4][100/229]	Time  0.027 ( 0.032)	Loss 6.9590e-02 (1.0567e-01)	Acc pseudo  96.88 ( 97.23)	Lr 1.000e-03 (1.000e-03)
2026-01-13 19:10:42,166 - INFO: Epoch: [4][150/229]	Time  0.026 ( 0.030)	Loss 5.8029e-02 (9.1518e-02)	Acc pseudo  96.88 ( 97.41)	Lr 1.000e-03 (1.000e-03)
2026-01-13 19:10:46,847 - INFO: Epoch: [4][200/229]	Time  0.026 ( 0.029)	Loss 1.3517e-01 (9.0290e-02)	Acc pseudo  98.44 ( 97.47)	Lr 1.000e-03 (1.000e-03)
2026-01-13 19:10:49,528 - INFO: Round 2, Face Fine-tune Epoch 4: loss=0.0894, acc(pseudo)=97.32%
2026-01-13 19:11:15,018 - INFO: Round 2, Face Fine-tune Epoch 4: acc(valid_pseudo): 0.9948, acc: 0.9196
2026-01-13 19:11:15,019 - INFO: Round 2, Face Fine-tune Epoch 4: No improvement. Patience(epoch): 2/3
2026-01-13 19:11:15,522 - INFO: Epoch: [5][  0/229]	Time  0.448 ( 0.448)	Loss 6.3348e-02 (6.3348e-02)	Acc pseudo  98.44 ( 98.44)	Lr 1.000e-03 (1.000e-03)
2026-01-13 19:11:20,207 - INFO: Epoch: [5][ 50/229]	Time  0.029 ( 0.038)	Loss 7.3628e-02 (1.1324e-01)	Acc pseudo  93.75 ( 95.86)	Lr 1.000e-03 (1.000e-03)
2026-01-13 19:11:24,891 - INFO: Epoch: [5][100/229]	Time  0.029 ( 0.033)	Loss 7.9963e-02 (1.2631e-01)	Acc pseudo  95.31 ( 96.09)	Lr 1.000e-03 (1.000e-03)
2026-01-13 19:11:29,577 - INFO: Epoch: [5][150/229]	Time  0.038 ( 0.032)	Loss 2.6932e-02 (1.2156e-01)	Acc pseudo 100.00 ( 96.03)	Lr 1.000e-03 (1.000e-03)
2026-01-13 19:11:34,261 - INFO: Epoch: [5][200/229]	Time  0.028 ( 0.032)	Loss 2.0296e-01 (1.1608e-01)	Acc pseudo  92.19 ( 96.11)	Lr 1.000e-03 (1.000e-03)
2026-01-13 19:11:36,952 - INFO: Round 2, Face Fine-tune Epoch 5: loss=0.1141, acc(pseudo)=96.16%
2026-01-13 19:12:01,604 - INFO: Round 2, Face Fine-tune Epoch 5: acc(valid_pseudo): 0.9950, acc: 0.9158
2026-01-13 19:12:01,604 - INFO: Round 2, Face Fine-tune Epoch 5: No improvement. Patience(epoch): 3/3
2026-01-13 19:12:01,604 - INFO: Early stopping at face epoch 5
2026-01-13 19:12:01,605 - INFO: Round 2: Best face fine-tuned epoch=2, acc(valid_pseudo)=0.9957
2026-01-13 19:12:01,644 - INFO: Using HMM model from previous round: runs/the big bang theory/exp_video/result/self_supervised/exp0/round1/pseudo_label/hmm_params.pkl
2026-01-13 19:29:55,566 - INFO: Round 2: speaker_acc=0.9280
2026-01-13 19:29:55,568 - INFO: Round 2: face_acc=0.9149
2026-01-13 19:29:55,571 - INFO: ====================
2026-01-13 19:29:55,571 - INFO: Round 3: Fine-tuning iteration
2026-01-13 19:29:55,571 - INFO: ====================
2026-01-13 19:29:55,624 - INFO: Round 3 Part 1: Fine-tuning embedding model
2026-01-13 19:29:55,625 - INFO: Using pseudo-label file: runs/the big bang theory/exp_video/result/self_supervised/exp0/round2/pseudo_label/pseudo_labels_audio_nested_hmm_full(unreliable_pp=20.0).json
2026-01-13 19:29:55,637 - INFO: For training, Using face pseudo-label file: runs/the big bang theory/exp_video/result/self_supervised/exp0/round2/pseudo_label/pseudo_labels_faces_mid_frame_train_nested_hmm_full.json
2026-01-13 19:29:55,637 - INFO: For infering, Using face pseudo-label file: runs/the big bang theory/exp_video/result/self_supervised/exp0/round2/pseudo_label/pseudo_labels_faces_mid_frame_all_nested_hmm_full.json
2026-01-13 19:29:55,692 - INFO: Created face dataloader with 14646 samples
2026-01-13 19:29:55,702 - INFO: Fine-tuning speaker embedding model for 20 epochs...
2026-01-13 19:29:56,022 - INFO: Epoch: [0][  0/107]	Time  0.314 ( 0.314)	Loss 3.3365e-01 (3.3365e-01)	Acc pseudo  98.44 ( 98.44)	Lr 1.000e-03 (1.000e-03)
2026-01-13 19:29:56,186 - INFO: Epoch: [0][ 50/107]	Time  0.003 ( 0.009)	Loss 2.3014e-02 (1.6605e-01)	Acc pseudo 100.00 ( 96.45)	Lr 1.000e-03 (1.000e-03)
2026-01-13 19:29:56,335 - INFO: Epoch: [0][100/107]	Time  0.002 ( 0.006)	Loss 1.2175e-01 (1.7426e-01)	Acc pseudo  96.88 ( 96.36)	Lr 1.000e-03 (1.000e-03)
2026-01-13 19:29:56,399 - INFO: Round 3, Fine-tune Epoch 0: loss=0.1766, acc(pseudo)=96.30%
2026-01-13 19:30:00,786 - INFO: Round 3, Fine-tune Epoch 0: acc(valid_pseudo): 0.9554, acc: 0.8580
2026-01-13 19:30:01,057 - INFO: Epoch: [1][  0/107]	Time  0.179 ( 0.179)	Loss 2.7735e-01 (2.7735e-01)	Acc pseudo  96.88 ( 96.88)	Lr 1.000e-03 (1.000e-03)
2026-01-13 19:30:01,219 - INFO: Epoch: [1][ 50/107]	Time  0.003 ( 0.007)	Loss 7.1769e-02 (1.2747e-01)	Acc pseudo  96.88 ( 96.60)	Lr 1.000e-03 (1.000e-03)
2026-01-13 19:30:01,367 - INFO: Epoch: [1][100/107]	Time  0.002 ( 0.005)	Loss 1.0364e-01 (1.3159e-01)	Acc pseudo  95.31 ( 96.44)	Lr 1.000e-03 (1.000e-03)
2026-01-13 19:30:01,430 - INFO: Round 3, Fine-tune Epoch 1: loss=0.1339, acc(pseudo)=96.44%
2026-01-13 19:30:05,825 - INFO: Round 3, Fine-tune Epoch 1: acc(valid_pseudo): 0.9934, acc: 0.8990
2026-01-13 19:30:06,074 - INFO: Epoch: [2][  0/107]	Time  0.178 ( 0.178)	Loss 3.5173e-01 (3.5173e-01)	Acc pseudo  95.31 ( 95.31)	Lr 1.000e-03 (1.000e-03)
2026-01-13 19:30:06,239 - INFO: Epoch: [2][ 50/107]	Time  0.003 ( 0.007)	Loss 1.2610e-01 (1.4318e-01)	Acc pseudo  96.88 ( 96.23)	Lr 1.000e-03 (1.000e-03)
2026-01-13 19:30:06,387 - INFO: Epoch: [2][100/107]	Time  0.002 ( 0.005)	Loss 2.0174e-02 (1.2304e-01)	Acc pseudo  98.44 ( 96.83)	Lr 1.000e-03 (1.000e-03)
2026-01-13 19:30:06,448 - INFO: Round 3, Fine-tune Epoch 2: loss=0.1202, acc(pseudo)=96.91%
2026-01-13 19:30:12,068 - INFO: Round 3, Fine-tune Epoch 2: acc(valid_pseudo): 0.9909, acc: 0.9235
2026-01-13 19:30:12,068 - INFO: Round 3, Speaker Fine-tune Epoch 2: No improvement in validation accuracy. Patience(epoch): 1/3
2026-01-13 19:30:12,245 - INFO: Epoch: [3][  0/107]	Time  0.171 ( 0.171)	Loss 2.3372e-01 (2.3372e-01)	Acc pseudo  93.75 ( 93.75)	Lr 1.000e-03 (1.000e-03)
2026-01-13 19:30:12,415 - INFO: Epoch: [3][ 50/107]	Time  0.003 ( 0.007)	Loss 1.0154e-01 (1.0589e-01)	Acc pseudo  93.75 ( 96.91)	Lr 1.000e-03 (1.000e-03)
2026-01-13 19:30:12,561 - INFO: Epoch: [3][100/107]	Time  0.002 ( 0.005)	Loss 2.0560e-02 (1.0819e-01)	Acc pseudo 100.00 ( 97.06)	Lr 1.000e-03 (1.000e-03)
2026-01-13 19:30:12,628 - INFO: Round 3, Fine-tune Epoch 3: loss=0.1091, acc(pseudo)=97.00%
2026-01-13 19:30:18,289 - INFO: Round 3, Fine-tune Epoch 3: acc(valid_pseudo): 0.9802, acc: 0.9095
2026-01-13 19:30:18,289 - INFO: Round 3, Speaker Fine-tune Epoch 3: No improvement in validation accuracy. Patience(epoch): 2/3
2026-01-13 19:30:18,467 - INFO: Epoch: [4][  0/107]	Time  0.172 ( 0.172)	Loss 5.6504e-02 (5.6504e-02)	Acc pseudo  96.88 ( 96.88)	Lr 1.000e-03 (1.000e-03)
2026-01-13 19:30:18,636 - INFO: Epoch: [4][ 50/107]	Time  0.003 ( 0.007)	Loss 3.9851e-02 (1.0305e-01)	Acc pseudo  96.88 ( 97.03)	Lr 1.000e-03 (1.000e-03)
2026-01-13 19:30:18,783 - INFO: Epoch: [4][100/107]	Time  0.002 ( 0.005)	Loss 1.8592e-01 (1.0242e-01)	Acc pseudo  95.31 ( 96.94)	Lr 1.000e-03 (1.000e-03)
2026-01-13 19:30:18,847 - INFO: Round 3, Fine-tune Epoch 4: loss=0.1040, acc(pseudo)=96.95%
2026-01-13 19:30:23,064 - INFO: Round 3, Fine-tune Epoch 4: acc(valid_pseudo): 0.9843, acc: 0.9035
2026-01-13 19:30:23,064 - INFO: Round 3, Speaker Fine-tune Epoch 4: No improvement in validation accuracy. Patience(epoch): 3/3
2026-01-13 19:30:23,064 - INFO: Early stopping at epoch 4 due to no improvement in validation accuracy for 3 epochs.
2026-01-13 19:30:23,065 - INFO: Round 3: Best speaker fine-tuned epoch=1, acc(valid_pseudo)=0.9934
2026-01-13 19:30:23,069 - INFO: Fine-tuning face embedding model for 20 epochs...
2026-01-13 19:30:23,821 - INFO: Epoch: [0][  0/229]	Time  0.717 ( 0.717)	Loss 1.8271e-02 (1.8271e-02)	Acc pseudo  98.44 ( 98.44)	Lr 1.000e-03 (1.000e-03)
2026-01-13 19:30:28,489 - INFO: Epoch: [0][ 50/229]	Time  0.027 ( 0.043)	Loss 4.6015e-02 (9.9040e-02)	Acc pseudo  98.44 ( 97.46)	Lr 1.000e-03 (1.000e-03)
2026-01-13 19:30:33,151 - INFO: Epoch: [0][100/229]	Time  0.026 ( 0.035)	Loss 1.2494e-01 (9.7463e-02)	Acc pseudo  96.88 ( 97.45)	Lr 1.000e-03 (1.000e-03)
2026-01-13 19:30:37,819 - INFO: Epoch: [0][150/229]	Time  0.027 ( 0.032)	Loss 3.3946e-02 (8.6887e-02)	Acc pseudo  98.44 ( 97.57)	Lr 1.000e-03 (1.000e-03)
2026-01-13 19:30:42,488 - INFO: Epoch: [0][200/229]	Time  0.027 ( 0.031)	Loss 3.9365e-02 (8.6234e-02)	Acc pseudo  98.44 ( 97.52)	Lr 1.000e-03 (1.000e-03)
2026-01-13 19:30:45,166 - INFO: Round 3, Face Fine-tune Epoch 0: loss=0.0916, acc(pseudo)=97.50%
2026-01-13 19:31:10,181 - INFO: Round 3, Face Fine-tune Epoch 0: acc(valid_pseudo): 0.9935, acc: 0.9149
2026-01-13 19:31:10,913 - INFO: Epoch: [1][  0/229]	Time  0.397 ( 0.397)	Loss 6.4829e-02 (6.4829e-02)	Acc pseudo  96.88 ( 96.88)	Lr 1.000e-03 (1.000e-03)
2026-01-13 19:31:15,605 - INFO: Epoch: [1][ 50/229]	Time  0.026 ( 0.035)	Loss 5.0234e-02 (9.1916e-02)	Acc pseudo  98.44 ( 97.49)	Lr 1.000e-03 (1.000e-03)
2026-01-13 19:31:20,296 - INFO: Epoch: [1][100/229]	Time  0.028 ( 0.032)	Loss 8.5395e-02 (9.4990e-02)	Acc pseudo  98.44 ( 97.66)	Lr 1.000e-03 (1.000e-03)
2026-01-13 19:31:24,991 - INFO: Epoch: [1][150/229]	Time  0.028 ( 0.030)	Loss 3.6332e-02 (9.1643e-02)	Acc pseudo  98.44 ( 97.45)	Lr 1.000e-03 (1.000e-03)
2026-01-13 19:31:29,687 - INFO: Epoch: [1][200/229]	Time  0.026 ( 0.029)	Loss 3.3706e-02 (9.1074e-02)	Acc pseudo 100.00 ( 97.41)	Lr 1.000e-03 (1.000e-03)
2026-01-13 19:31:32,379 - INFO: Round 3, Face Fine-tune Epoch 1: loss=0.0917, acc(pseudo)=97.28%
2026-01-13 19:31:57,010 - INFO: Round 3, Face Fine-tune Epoch 1: acc(valid_pseudo): 0.9950, acc: 0.9158
2026-01-13 19:31:57,607 - INFO: Epoch: [2][  0/229]	Time  0.410 ( 0.410)	Loss 2.5335e-02 (2.5335e-02)	Acc pseudo 100.00 (100.00)	Lr 1.000e-03 (1.000e-03)
2026-01-13 19:32:02,304 - INFO: Epoch: [2][ 50/229]	Time  0.028 ( 0.035)	Loss 1.8121e-02 (7.3820e-02)	Acc pseudo 100.00 ( 97.37)	Lr 1.000e-03 (1.000e-03)
2026-01-13 19:32:07,001 - INFO: Epoch: [2][100/229]	Time  0.029 ( 0.031)	Loss 2.6023e-02 (6.8789e-02)	Acc pseudo 100.00 ( 97.35)	Lr 1.000e-03 (1.000e-03)
2026-01-13 19:32:11,702 - INFO: Epoch: [2][150/229]	Time  0.027 ( 0.031)	Loss 4.5559e-02 (6.4416e-02)	Acc pseudo  96.88 ( 97.61)	Lr 1.000e-03 (1.000e-03)
2026-01-13 19:32:16,400 - INFO: Epoch: [2][200/229]	Time  0.031 ( 0.031)	Loss 1.2499e-01 (6.9421e-02)	Acc pseudo  95.31 ( 97.53)	Lr 1.000e-03 (1.000e-03)
2026-01-13 19:32:19,091 - INFO: Round 3, Face Fine-tune Epoch 2: loss=0.0702, acc(pseudo)=97.47%
2026-01-13 19:32:44,404 - INFO: Round 3, Face Fine-tune Epoch 2: acc(valid_pseudo): 0.9941, acc: 0.9130
2026-01-13 19:32:44,404 - INFO: Round 3, Face Fine-tune Epoch 2: No improvement. Patience(epoch): 1/3
2026-01-13 19:32:44,873 - INFO: Epoch: [3][  0/229]	Time  0.415 ( 0.415)	Loss 2.1891e-02 (2.1891e-02)	Acc pseudo  98.44 ( 98.44)	Lr 1.000e-03 (1.000e-03)
2026-01-13 19:32:49,572 - INFO: Epoch: [3][ 50/229]	Time  0.027 ( 0.037)	Loss 1.2066e-01 (8.1510e-02)	Acc pseudo  95.31 ( 97.52)	Lr 1.000e-03 (1.000e-03)
2026-01-13 19:32:54,260 - INFO: Epoch: [3][100/229]	Time  0.027 ( 0.032)	Loss 1.2791e-01 (7.1972e-02)	Acc pseudo  92.19 ( 97.63)	Lr 1.000e-03 (1.000e-03)
2026-01-13 19:32:58,952 - INFO: Epoch: [3][150/229]	Time  0.027 ( 0.031)	Loss 5.4811e-03 (6.9040e-02)	Acc pseudo 100.00 ( 97.78)	Lr 1.000e-03 (1.000e-03)
2026-01-13 19:33:03,641 - INFO: Epoch: [3][200/229]	Time  0.026 ( 0.030)	Loss 2.8618e-01 (7.3202e-02)	Acc pseudo  95.31 ( 97.68)	Lr 1.000e-03 (1.000e-03)
2026-01-13 19:33:06,329 - INFO: Round 3, Face Fine-tune Epoch 3: loss=0.0742, acc(pseudo)=97.60%
2026-01-13 19:33:31,221 - INFO: Round 3, Face Fine-tune Epoch 3: acc(valid_pseudo): 0.9946, acc: 0.9130
2026-01-13 19:33:31,221 - INFO: Round 3, Face Fine-tune Epoch 3: No improvement. Patience(epoch): 2/3
2026-01-13 19:33:31,727 - INFO: Epoch: [4][  0/229]	Time  0.450 ( 0.450)	Loss 4.9578e-02 (4.9578e-02)	Acc pseudo  98.44 ( 98.44)	Lr 1.000e-03 (1.000e-03)
2026-01-13 19:33:36,417 - INFO: Epoch: [4][ 50/229]	Time  0.028 ( 0.037)	Loss 2.3251e-01 (5.6727e-02)	Acc pseudo  98.44 ( 97.79)	Lr 1.000e-03 (1.000e-03)
2026-01-13 19:33:41,104 - INFO: Epoch: [4][100/229]	Time  0.027 ( 0.033)	Loss 1.1128e-01 (5.8529e-02)	Acc pseudo  98.44 ( 97.74)	Lr 1.000e-03 (1.000e-03)
2026-01-13 19:33:45,795 - INFO: Epoch: [4][150/229]	Time  0.026 ( 0.031)	Loss 1.4962e-01 (5.5160e-02)	Acc pseudo  92.19 ( 97.91)	Lr 1.000e-03 (1.000e-03)
2026-01-13 19:33:50,483 - INFO: Epoch: [4][200/229]	Time  0.028 ( 0.030)	Loss 1.3335e-01 (6.1623e-02)	Acc pseudo  92.19 ( 97.85)	Lr 1.000e-03 (1.000e-03)
2026-01-13 19:33:53,168 - INFO: Round 3, Face Fine-tune Epoch 4: loss=0.0624, acc(pseudo)=97.80%
2026-01-13 19:34:19,374 - INFO: Round 3, Face Fine-tune Epoch 4: acc(valid_pseudo): 0.9950, acc: 0.9158
2026-01-13 19:34:19,374 - INFO: Round 3, Face Fine-tune Epoch 4: No improvement. Patience(epoch): 3/3
2026-01-13 19:34:19,374 - INFO: Early stopping at face epoch 4
2026-01-13 19:34:19,375 - INFO: Round 3: Best face fine-tuned epoch=1, acc(valid_pseudo)=0.9950
2026-01-13 19:34:19,412 - INFO: Using HMM model from previous round: runs/the big bang theory/exp_video/result/self_supervised/exp0/round2/pseudo_label/hmm_params.pkl
2026-01-13 19:50:57,142 - INFO: Round 3: speaker_acc=0.9200
2026-01-13 19:50:57,145 - INFO: Round 3: face_acc=0.9139
2026-01-13 19:50:57,147 - INFO: ====================
2026-01-13 19:50:57,147 - INFO: Round 4: Fine-tuning iteration
2026-01-13 19:50:57,147 - INFO: ====================
2026-01-13 19:50:57,192 - INFO: Round 4 Part 1: Fine-tuning embedding model
2026-01-13 19:50:57,193 - INFO: Using pseudo-label file: runs/the big bang theory/exp_video/result/self_supervised/exp0/round3/pseudo_label/pseudo_labels_audio_nested_hmm_full(unreliable_pp=20.0).json
2026-01-13 19:50:57,208 - INFO: For training, Using face pseudo-label file: runs/the big bang theory/exp_video/result/self_supervised/exp0/round3/pseudo_label/pseudo_labels_faces_mid_frame_train_nested_hmm_full.json
2026-01-13 19:50:57,209 - INFO: For infering, Using face pseudo-label file: runs/the big bang theory/exp_video/result/self_supervised/exp0/round3/pseudo_label/pseudo_labels_faces_mid_frame_all_nested_hmm_full.json
2026-01-13 19:50:57,265 - INFO: Created face dataloader with 14646 samples
2026-01-13 19:50:57,276 - INFO: Fine-tuning speaker embedding model for 20 epochs...
2026-01-13 19:50:57,506 - INFO: Epoch: [0][  0/107]	Time  0.225 ( 0.225)	Loss 6.9864e-01 (6.9864e-01)	Acc pseudo  93.75 ( 93.75)	Lr 1.000e-03 (1.000e-03)
2026-01-13 19:50:57,674 - INFO: Epoch: [0][ 50/107]	Time  0.003 ( 0.008)	Loss 9.1683e-02 (2.9952e-01)	Acc pseudo  95.31 ( 94.73)	Lr 1.000e-03 (1.000e-03)
2026-01-13 19:50:57,822 - INFO: Epoch: [0][100/107]	Time  0.002 ( 0.005)	Loss 2.3691e-01 (3.0227e-01)	Acc pseudo  92.19 ( 94.29)	Lr 1.000e-03 (1.000e-03)
2026-01-13 19:50:57,883 - INFO: Round 4, Fine-tune Epoch 0: loss=0.3038, acc(pseudo)=94.30%
2026-01-13 19:51:03,185 - INFO: Round 4, Fine-tune Epoch 0: acc(valid_pseudo): 0.9959, acc: 0.9110
2026-01-13 19:51:03,457 - INFO: Epoch: [1][  0/107]	Time  0.191 ( 0.191)	Loss 2.2313e-01 (2.2313e-01)	Acc pseudo  93.75 ( 93.75)	Lr 1.000e-03 (1.000e-03)
2026-01-13 19:51:03,619 - INFO: Epoch: [1][ 50/107]	Time  0.003 ( 0.007)	Loss 9.3599e-02 (1.9679e-01)	Acc pseudo  96.88 ( 94.82)	Lr 1.000e-03 (1.000e-03)
2026-01-13 19:51:03,766 - INFO: Epoch: [1][100/107]	Time  0.002 ( 0.005)	Loss 2.7637e-01 (2.0374e-01)	Acc pseudo  93.75 ( 95.02)	Lr 1.000e-03 (1.000e-03)
2026-01-13 19:51:03,830 - INFO: Round 4, Fine-tune Epoch 1: loss=0.2061, acc(pseudo)=94.89%
2026-01-13 19:51:08,693 - INFO: Round 4, Fine-tune Epoch 1: acc(valid_pseudo): 0.9909, acc: 0.9155
2026-01-13 19:51:08,693 - INFO: Round 4, Speaker Fine-tune Epoch 1: No improvement in validation accuracy. Patience(epoch): 1/3
2026-01-13 19:51:08,875 - INFO: Epoch: [2][  0/107]	Time  0.176 ( 0.176)	Loss 1.0682e-01 (1.0682e-01)	Acc pseudo  96.88 ( 96.88)	Lr 1.000e-03 (1.000e-03)
2026-01-13 19:51:09,050 - INFO: Epoch: [2][ 50/107]	Time  0.003 ( 0.007)	Loss 1.0699e-01 (1.6672e-01)	Acc pseudo  98.44 ( 95.47)	Lr 1.000e-03 (1.000e-03)
2026-01-13 19:51:09,200 - INFO: Epoch: [2][100/107]	Time  0.002 ( 0.005)	Loss 1.6461e-02 (1.4746e-01)	Acc pseudo 100.00 ( 95.92)	Lr 1.000e-03 (1.000e-03)
2026-01-13 19:51:09,262 - INFO: Round 4, Fine-tune Epoch 2: loss=0.1463, acc(pseudo)=95.91%
2026-01-13 19:51:13,771 - INFO: Round 4, Fine-tune Epoch 2: acc(valid_pseudo): 0.9983, acc: 0.9210
2026-01-13 19:51:14,022 - INFO: Epoch: [3][  0/107]	Time  0.181 ( 0.181)	Loss 2.3159e-01 (2.3159e-01)	Acc pseudo  93.75 ( 93.75)	Lr 1.000e-03 (1.000e-03)
2026-01-13 19:51:14,193 - INFO: Epoch: [3][ 50/107]	Time  0.003 ( 0.007)	Loss 1.5110e-01 (1.4180e-01)	Acc pseudo  93.75 ( 95.62)	Lr 1.000e-03 (1.000e-03)
2026-01-13 19:51:14,343 - INFO: Epoch: [3][100/107]	Time  0.002 ( 0.005)	Loss 5.5246e-02 (1.4826e-01)	Acc pseudo  98.44 ( 95.65)	Lr 1.000e-03 (1.000e-03)
2026-01-13 19:51:14,408 - INFO: Round 4, Fine-tune Epoch 3: loss=0.1466, acc(pseudo)=95.69%
2026-01-13 19:51:19,153 - INFO: Round 4, Fine-tune Epoch 3: acc(valid_pseudo): 0.9926, acc: 0.9145
2026-01-13 19:51:19,153 - INFO: Round 4, Speaker Fine-tune Epoch 3: No improvement in validation accuracy. Patience(epoch): 1/3
2026-01-13 19:51:19,337 - INFO: Epoch: [4][  0/107]	Time  0.178 ( 0.178)	Loss 3.2836e-02 (3.2836e-02)	Acc pseudo 100.00 (100.00)	Lr 1.000e-03 (1.000e-03)
2026-01-13 19:51:19,505 - INFO: Epoch: [4][ 50/107]	Time  0.003 ( 0.007)	Loss 1.0972e-01 (1.3928e-01)	Acc pseudo  95.31 ( 96.02)	Lr 1.000e-03 (1.000e-03)
2026-01-13 19:51:19,652 - INFO: Epoch: [4][100/107]	Time  0.002 ( 0.005)	Loss 2.0417e-01 (1.4645e-01)	Acc pseudo  93.75 ( 95.78)	Lr 1.000e-03 (1.000e-03)
2026-01-13 19:51:19,716 - INFO: Round 4, Fine-tune Epoch 4: loss=0.1448, acc(pseudo)=95.86%
2026-01-13 19:51:24,212 - INFO: Round 4, Fine-tune Epoch 4: acc(valid_pseudo): 0.9967, acc: 0.9250
2026-01-13 19:51:24,213 - INFO: Round 4, Speaker Fine-tune Epoch 4: No improvement in validation accuracy. Patience(epoch): 2/3
2026-01-13 19:51:24,404 - INFO: Epoch: [5][  0/107]	Time  0.186 ( 0.186)	Loss 1.1019e-01 (1.1019e-01)	Acc pseudo  96.88 ( 96.88)	Lr 1.000e-03 (1.000e-03)
2026-01-13 19:51:24,588 - INFO: Epoch: [5][ 50/107]	Time  0.004 ( 0.007)	Loss 1.3967e-01 (1.2556e-01)	Acc pseudo  95.31 ( 95.99)	Lr 1.000e-03 (1.000e-03)
2026-01-13 19:51:24,751 - INFO: Epoch: [5][100/107]	Time  0.002 ( 0.005)	Loss 2.6555e-01 (1.3859e-01)	Acc pseudo  90.62 ( 95.85)	Lr 1.000e-03 (1.000e-03)
2026-01-13 19:51:24,816 - INFO: Round 4, Fine-tune Epoch 5: loss=0.1392, acc(pseudo)=95.84%
2026-01-13 19:51:29,260 - INFO: Round 4, Fine-tune Epoch 5: acc(valid_pseudo): 0.9265, acc: 0.8700
2026-01-13 19:51:29,261 - INFO: Round 4, Speaker Fine-tune Epoch 5: No improvement in validation accuracy. Patience(epoch): 3/3
2026-01-13 19:51:29,261 - INFO: Early stopping at epoch 5 due to no improvement in validation accuracy for 3 epochs.
2026-01-13 19:51:29,262 - INFO: Round 4: Best speaker fine-tuned epoch=2, acc(valid_pseudo)=0.9983
2026-01-13 19:51:29,267 - INFO: Fine-tuning face embedding model for 20 epochs...
2026-01-13 19:51:29,769 - INFO: Epoch: [0][  0/229]	Time  0.440 ( 0.440)	Loss 1.7268e-01 (1.7268e-01)	Acc pseudo  93.75 ( 93.75)	Lr 1.000e-03 (1.000e-03)
2026-01-13 19:51:34,438 - INFO: Epoch: [0][ 50/229]	Time  0.040 ( 0.043)	Loss 1.7594e-02 (1.4437e-01)	Acc pseudo 100.00 ( 97.64)	Lr 1.000e-03 (1.000e-03)
2026-01-13 19:51:39,109 - INFO: Epoch: [0][100/229]	Time  0.039 ( 0.041)	Loss 2.3283e-02 (1.4539e-01)	Acc pseudo  98.44 ( 97.51)	Lr 1.000e-03 (1.000e-03)
2026-01-13 19:51:43,779 - INFO: Epoch: [0][150/229]	Time  0.029 ( 0.039)	Loss 8.9164e-02 (1.2923e-01)	Acc pseudo  98.44 ( 97.64)	Lr 1.000e-03 (1.000e-03)
2026-01-13 19:51:48,502 - INFO: Epoch: [0][200/229]	Time  0.029 ( 0.036)	Loss 3.0967e-02 (1.3245e-01)	Acc pseudo  96.88 ( 97.61)	Lr 1.000e-03 (1.000e-03)
2026-01-13 19:51:51,180 - INFO: Round 4, Face Fine-tune Epoch 0: loss=0.1412, acc(pseudo)=97.57%
2026-01-13 19:52:16,416 - INFO: Round 4, Face Fine-tune Epoch 0: acc(valid_pseudo): 0.9941, acc: 0.9158
2026-01-13 19:52:17,064 - INFO: Epoch: [1][  0/229]	Time  0.456 ( 0.456)	Loss 1.8356e-02 (1.8356e-02)	Acc pseudo 100.00 (100.00)	Lr 1.000e-03 (1.000e-03)
2026-01-13 19:52:21,760 - INFO: Epoch: [1][ 50/229]	Time  0.026 ( 0.036)	Loss 1.0597e-02 (8.4334e-02)	Acc pseudo 100.00 ( 97.15)	Lr 1.000e-03 (1.000e-03)
2026-01-13 19:52:26,452 - INFO: Epoch: [1][100/229]	Time  0.026 ( 0.032)	Loss 8.7695e-02 (1.0296e-01)	Acc pseudo  95.31 ( 97.51)	Lr 1.000e-03 (1.000e-03)
2026-01-13 19:52:31,160 - INFO: Epoch: [1][150/229]	Time  0.028 ( 0.030)	Loss 2.0208e-02 (9.5174e-02)	Acc pseudo  98.44 ( 97.53)	Lr 1.000e-03 (1.000e-03)
2026-01-13 19:52:35,887 - INFO: Epoch: [1][200/229]	Time  0.026 ( 0.030)	Loss 8.2739e-02 (9.2624e-02)	Acc pseudo  98.44 ( 97.64)	Lr 1.000e-03 (1.000e-03)
2026-01-13 19:52:38,584 - INFO: Round 4, Face Fine-tune Epoch 1: loss=0.0942, acc(pseudo)=97.54%
2026-01-13 19:53:03,879 - INFO: Round 4, Face Fine-tune Epoch 1: acc(valid_pseudo): 0.9948, acc: 0.9158
2026-01-13 19:53:04,477 - INFO: Epoch: [2][  0/229]	Time  0.412 ( 0.412)	Loss 7.6182e-02 (7.6182e-02)	Acc pseudo  95.31 ( 95.31)	Lr 1.000e-03 (1.000e-03)
2026-01-13 19:53:09,171 - INFO: Epoch: [2][ 50/229]	Time  0.027 ( 0.036)	Loss 6.2125e-03 (7.5773e-02)	Acc pseudo 100.00 ( 97.61)	Lr 1.000e-03 (1.000e-03)
2026-01-13 19:53:13,899 - INFO: Epoch: [2][100/229]	Time  0.028 ( 0.032)	Loss 4.7335e-02 (6.6192e-02)	Acc pseudo  98.44 ( 97.85)	Lr 1.000e-03 (1.000e-03)
2026-01-13 19:53:18,627 - INFO: Epoch: [2][150/229]	Time  0.028 ( 0.031)	Loss 1.7099e-02 (6.6706e-02)	Acc pseudo 100.00 ( 97.96)	Lr 1.000e-03 (1.000e-03)
2026-01-13 19:53:23,325 - INFO: Epoch: [2][200/229]	Time  0.027 ( 0.031)	Loss 4.6485e-01 (6.8719e-02)	Acc pseudo  93.75 ( 97.82)	Lr 1.000e-03 (1.000e-03)
2026-01-13 19:53:26,015 - INFO: Round 4, Face Fine-tune Epoch 2: loss=0.0705, acc(pseudo)=97.73%
2026-01-13 19:53:51,787 - INFO: Round 4, Face Fine-tune Epoch 2: acc(valid_pseudo): 0.9946, acc: 0.9149
2026-01-13 19:53:51,787 - INFO: Round 4, Face Fine-tune Epoch 2: No improvement. Patience(epoch): 1/3
2026-01-13 19:53:52,276 - INFO: Epoch: [3][  0/229]	Time  0.430 ( 0.430)	Loss 1.4867e-02 (1.4867e-02)	Acc pseudo 100.00 (100.00)	Lr 1.000e-03 (1.000e-03)
2026-01-13 19:53:56,955 - INFO: Epoch: [3][ 50/229]	Time  0.026 ( 0.035)	Loss 3.6517e-02 (5.7491e-02)	Acc pseudo  96.88 ( 98.25)	Lr 1.000e-03 (1.000e-03)
2026-01-13 19:54:01,636 - INFO: Epoch: [3][100/229]	Time  0.026 ( 0.031)	Loss 4.2466e-02 (5.1993e-02)	Acc pseudo  98.44 ( 98.24)	Lr 1.000e-03 (1.000e-03)
2026-01-13 19:54:06,427 - INFO: Epoch: [3][150/229]	Time  0.026 ( 0.030)	Loss 9.5654e-03 (4.7783e-02)	Acc pseudo 100.00 ( 98.29)	Lr 1.000e-03 (1.000e-03)
2026-01-13 19:54:11,106 - INFO: Epoch: [3][200/229]	Time  0.027 ( 0.029)	Loss 1.7260e-02 (5.5955e-02)	Acc pseudo 100.00 ( 98.14)	Lr 1.000e-03 (1.000e-03)
2026-01-13 19:54:13,784 - INFO: Round 4, Face Fine-tune Epoch 3: loss=0.0614, acc(pseudo)=98.11%
2026-01-13 19:54:38,528 - INFO: Round 4, Face Fine-tune Epoch 3: acc(valid_pseudo): 0.9945, acc: 0.9149
2026-01-13 19:54:38,528 - INFO: Round 4, Face Fine-tune Epoch 3: No improvement. Patience(epoch): 2/3
2026-01-13 19:54:39,013 - INFO: Epoch: [4][  0/229]	Time  0.444 ( 0.444)	Loss 3.9353e-02 (3.9353e-02)	Acc pseudo  96.88 ( 96.88)	Lr 1.000e-03 (1.000e-03)
2026-01-13 19:54:43,694 - INFO: Epoch: [4][ 50/229]	Time  0.025 ( 0.038)	Loss 2.2927e-02 (7.2247e-02)	Acc pseudo  98.44 ( 97.89)	Lr 1.000e-03 (1.000e-03)
2026-01-13 19:54:48,393 - INFO: Epoch: [4][100/229]	Time  0.029 ( 0.034)	Loss 1.4516e-02 (5.8402e-02)	Acc pseudo 100.00 ( 98.08)	Lr 1.000e-03 (1.000e-03)
2026-01-13 19:54:53,065 - INFO: Epoch: [4][150/229]	Time  0.026 ( 0.031)	Loss 2.3327e-01 (5.8591e-02)	Acc pseudo  93.75 ( 98.04)	Lr 1.000e-03 (1.000e-03)
2026-01-13 19:54:57,746 - INFO: Epoch: [4][200/229]	Time  0.029 ( 0.031)	Loss 5.9732e-02 (6.1508e-02)	Acc pseudo  96.88 ( 97.96)	Lr 1.000e-03 (1.000e-03)
2026-01-13 19:55:00,423 - INFO: Round 4, Face Fine-tune Epoch 4: loss=0.0611, acc(pseudo)=97.96%
2026-01-13 19:55:26,238 - INFO: Round 4, Face Fine-tune Epoch 4: acc(valid_pseudo): 0.9936, acc: 0.9149
2026-01-13 19:55:26,238 - INFO: Round 4, Face Fine-tune Epoch 4: No improvement. Patience(epoch): 3/3
2026-01-13 19:55:26,238 - INFO: Early stopping at face epoch 4
2026-01-13 19:55:26,239 - INFO: Round 4: Best face fine-tuned epoch=1, acc(valid_pseudo)=0.9948
2026-01-13 19:55:26,281 - INFO: Using HMM model from previous round: runs/the big bang theory/exp_video/result/self_supervised/exp0/round3/pseudo_label/hmm_params.pkl
2026-01-13 20:10:04,850 - INFO: Round 4: speaker_acc=0.9280
2026-01-13 20:10:04,853 - INFO: Round 4: face_acc=0.9167
2026-01-13 20:10:04,855 - INFO: ====================
2026-01-13 20:10:04,855 - INFO: Round 5: Fine-tuning iteration
2026-01-13 20:10:04,855 - INFO: ====================
2026-01-13 20:10:04,914 - INFO: Round 5 Part 1: Fine-tuning embedding model
2026-01-13 20:10:04,915 - INFO: Using pseudo-label file: runs/the big bang theory/exp_video/result/self_supervised/exp0/round4/pseudo_label/pseudo_labels_audio_nested_hmm_full(unreliable_pp=20.0).json
2026-01-13 20:10:04,927 - INFO: For training, Using face pseudo-label file: runs/the big bang theory/exp_video/result/self_supervised/exp0/round4/pseudo_label/pseudo_labels_faces_mid_frame_train_nested_hmm_full.json
2026-01-13 20:10:04,927 - INFO: For infering, Using face pseudo-label file: runs/the big bang theory/exp_video/result/self_supervised/exp0/round4/pseudo_label/pseudo_labels_faces_mid_frame_all_nested_hmm_full.json
2026-01-13 20:10:04,982 - INFO: Created face dataloader with 14646 samples
2026-01-13 20:10:04,993 - INFO: Fine-tuning speaker embedding model for 20 epochs...
2026-01-13 20:10:05,251 - INFO: Epoch: [0][  0/107]	Time  0.254 ( 0.254)	Loss 2.8975e-01 (2.8975e-01)	Acc pseudo  95.31 ( 95.31)	Lr 1.000e-03 (1.000e-03)
2026-01-13 20:10:05,414 - INFO: Epoch: [0][ 50/107]	Time  0.003 ( 0.008)	Loss 4.5340e-02 (2.0385e-01)	Acc pseudo  98.44 ( 96.23)	Lr 1.000e-03 (1.000e-03)
2026-01-13 20:10:05,559 - INFO: Epoch: [0][100/107]	Time  0.002 ( 0.005)	Loss 2.7432e-01 (1.9032e-01)	Acc pseudo  89.06 ( 96.19)	Lr 1.000e-03 (1.000e-03)
2026-01-13 20:10:05,623 - INFO: Round 5, Fine-tune Epoch 0: loss=0.1955, acc(pseudo)=96.16%
2026-01-13 20:10:10,681 - INFO: Round 5, Fine-tune Epoch 0: acc(valid_pseudo): 0.9802, acc: 0.8900
2026-01-13 20:10:10,936 - INFO: Epoch: [1][  0/107]	Time  0.176 ( 0.176)	Loss 1.2411e-01 (1.2411e-01)	Acc pseudo  93.75 ( 93.75)	Lr 1.000e-03 (1.000e-03)
2026-01-13 20:10:11,107 - INFO: Epoch: [1][ 50/107]	Time  0.003 ( 0.007)	Loss 1.0909e-01 (1.5808e-01)	Acc pseudo  95.31 ( 95.89)	Lr 1.000e-03 (1.000e-03)
2026-01-13 20:10:11,262 - INFO: Epoch: [1][100/107]	Time  0.002 ( 0.005)	Loss 2.9177e-01 (1.4121e-01)	Acc pseudo  92.19 ( 96.30)	Lr 1.000e-03 (1.000e-03)
2026-01-13 20:10:11,326 - INFO: Round 5, Fine-tune Epoch 1: loss=0.1395, acc(pseudo)=96.31%
2026-01-13 20:10:16,544 - INFO: Round 5, Fine-tune Epoch 1: acc(valid_pseudo): 0.9975, acc: 0.9210
2026-01-13 20:10:16,796 - INFO: Epoch: [2][  0/107]	Time  0.183 ( 0.183)	Loss 9.0792e-02 (9.0792e-02)	Acc pseudo  98.44 ( 98.44)	Lr 1.000e-03 (1.000e-03)
2026-01-13 20:10:16,973 - INFO: Epoch: [2][ 50/107]	Time  0.004 ( 0.007)	Loss 8.1802e-02 (1.2377e-01)	Acc pseudo  98.44 ( 96.69)	Lr 1.000e-03 (1.000e-03)
2026-01-13 20:10:17,123 - INFO: Epoch: [2][100/107]	Time  0.002 ( 0.005)	Loss 7.8815e-03 (1.1486e-01)	Acc pseudo 100.00 ( 96.83)	Lr 1.000e-03 (1.000e-03)
2026-01-13 20:10:17,190 - INFO: Round 5, Fine-tune Epoch 2: loss=0.1120, acc(pseudo)=96.91%
2026-01-13 20:10:22,151 - INFO: Round 5, Fine-tune Epoch 2: acc(valid_pseudo): 0.9975, acc: 0.9315
2026-01-13 20:10:22,152 - INFO: Round 5, Speaker Fine-tune Epoch 2: No improvement in validation accuracy. Patience(epoch): 1/3
2026-01-13 20:10:22,349 - INFO: Epoch: [3][  0/107]	Time  0.192 ( 0.192)	Loss 2.9727e-01 (2.9727e-01)	Acc pseudo  92.19 ( 92.19)	Lr 1.000e-03 (1.000e-03)
2026-01-13 20:10:22,520 - INFO: Epoch: [3][ 50/107]	Time  0.003 ( 0.007)	Loss 2.3951e-01 (9.6442e-02)	Acc pseudo  96.88 ( 97.30)	Lr 1.000e-03 (1.000e-03)
2026-01-13 20:10:22,668 - INFO: Epoch: [3][100/107]	Time  0.002 ( 0.005)	Loss 1.2870e-01 (1.0272e-01)	Acc pseudo  98.44 ( 97.18)	Lr 1.000e-03 (1.000e-03)
2026-01-13 20:10:22,733 - INFO: Round 5, Fine-tune Epoch 3: loss=0.1014, acc(pseudo)=97.19%
2026-01-13 20:10:27,639 - INFO: Round 5, Fine-tune Epoch 3: acc(valid_pseudo): 0.9950, acc: 0.9215
2026-01-13 20:10:27,640 - INFO: Round 5, Speaker Fine-tune Epoch 3: No improvement in validation accuracy. Patience(epoch): 2/3
2026-01-13 20:10:27,931 - INFO: Epoch: [4][  0/107]	Time  0.283 ( 0.283)	Loss 1.5380e-02 (1.5380e-02)	Acc pseudo 100.00 (100.00)	Lr 1.000e-03 (1.000e-03)
2026-01-13 20:10:28,137 - INFO: Epoch: [4][ 50/107]	Time  0.004 ( 0.010)	Loss 9.1651e-02 (9.2473e-02)	Acc pseudo  96.88 ( 97.46)	Lr 1.000e-03 (1.000e-03)
2026-01-13 20:10:28,321 - INFO: Epoch: [4][100/107]	Time  0.002 ( 0.007)	Loss 6.2399e-02 (9.4077e-02)	Acc pseudo  96.88 ( 97.42)	Lr 1.000e-03 (1.000e-03)
2026-01-13 20:10:28,383 - INFO: Round 5, Fine-tune Epoch 4: loss=0.0955, acc(pseudo)=97.47%
2026-01-13 20:10:33,346 - INFO: Round 5, Fine-tune Epoch 4: acc(valid_pseudo): 0.9860, acc: 0.9250
2026-01-13 20:10:33,347 - INFO: Round 5, Speaker Fine-tune Epoch 4: No improvement in validation accuracy. Patience(epoch): 3/3
2026-01-13 20:10:33,347 - INFO: Early stopping at epoch 4 due to no improvement in validation accuracy for 3 epochs.
2026-01-13 20:10:33,348 - INFO: Round 5: Best speaker fine-tuned epoch=1, acc(valid_pseudo)=0.9975
2026-01-13 20:10:33,352 - INFO: Fine-tuning face embedding model for 20 epochs...
2026-01-13 20:10:33,853 - INFO: Epoch: [0][  0/229]	Time  0.455 ( 0.455)	Loss 1.0083e-01 (1.0083e-01)	Acc pseudo  96.88 ( 96.88)	Lr 1.000e-03 (1.000e-03)
2026-01-13 20:10:38,516 - INFO: Epoch: [0][ 50/229]	Time  0.028 ( 0.038)	Loss 2.1071e-02 (1.0364e-01)	Acc pseudo 100.00 ( 98.19)	Lr 1.000e-03 (1.000e-03)
2026-01-13 20:10:43,177 - INFO: Epoch: [0][100/229]	Time  0.027 ( 0.033)	Loss 1.9993e-01 (1.1956e-01)	Acc pseudo  96.88 ( 98.05)	Lr 1.000e-03 (1.000e-03)
2026-01-13 20:10:47,842 - INFO: Epoch: [0][150/229]	Time  0.026 ( 0.031)	Loss 1.7248e-01 (1.3143e-01)	Acc pseudo  96.88 ( 98.09)	Lr 1.000e-03 (1.000e-03)
2026-01-13 20:10:52,509 - INFO: Epoch: [0][200/229]	Time  0.026 ( 0.030)	Loss 1.2439e-02 (1.1847e-01)	Acc pseudo 100.00 ( 97.92)	Lr 1.000e-03 (1.000e-03)
2026-01-13 20:10:55,182 - INFO: Round 5, Face Fine-tune Epoch 0: loss=0.1262, acc(pseudo)=97.92%
2026-01-13 20:11:20,711 - INFO: Round 5, Face Fine-tune Epoch 0: acc(valid_pseudo): 0.9942, acc: 0.9158
2026-01-13 20:11:21,356 - INFO: Epoch: [1][  0/229]	Time  0.474 ( 0.474)	Loss 6.0865e-02 (6.0865e-02)	Acc pseudo  96.88 ( 96.88)	Lr 1.000e-03 (1.000e-03)
2026-01-13 20:11:26,047 - INFO: Epoch: [1][ 50/229]	Time  0.027 ( 0.038)	Loss 2.1041e-02 (1.2836e-01)	Acc pseudo  98.44 ( 97.43)	Lr 1.000e-03 (1.000e-03)
2026-01-13 20:11:30,741 - INFO: Epoch: [1][100/229]	Time  0.027 ( 0.033)	Loss 4.3289e-02 (1.1357e-01)	Acc pseudo  98.44 ( 97.60)	Lr 1.000e-03 (1.000e-03)
2026-01-13 20:11:35,436 - INFO: Epoch: [1][150/229]	Time  0.026 ( 0.031)	Loss 2.6256e-02 (9.7532e-02)	Acc pseudo 100.00 ( 97.79)	Lr 1.000e-03 (1.000e-03)
2026-01-13 20:11:40,138 - INFO: Epoch: [1][200/229]	Time  0.027 ( 0.030)	Loss 1.9163e-01 (8.8921e-02)	Acc pseudo  95.31 ( 97.81)	Lr 1.000e-03 (1.000e-03)
2026-01-13 20:11:42,831 - INFO: Round 5, Face Fine-tune Epoch 1: loss=0.0847, acc(pseudo)=97.81%
2026-01-13 20:12:07,773 - INFO: Round 5, Face Fine-tune Epoch 1: acc(valid_pseudo): 0.9946, acc: 0.9224
2026-01-13 20:12:08,563 - INFO: Epoch: [2][  0/229]	Time  0.439 ( 0.439)	Loss 7.8429e-02 (7.8429e-02)	Acc pseudo  96.88 ( 96.88)	Lr 1.000e-03 (1.000e-03)
2026-01-13 20:12:13,262 - INFO: Epoch: [2][ 50/229]	Time  0.027 ( 0.040)	Loss 7.5191e-03 (6.6195e-02)	Acc pseudo 100.00 ( 98.01)	Lr 1.000e-03 (1.000e-03)
2026-01-13 20:12:17,954 - INFO: Epoch: [2][100/229]	Time  0.027 ( 0.034)	Loss 5.1698e-03 (6.3773e-02)	Acc pseudo 100.00 ( 98.11)	Lr 1.000e-03 (1.000e-03)
2026-01-13 20:12:22,642 - INFO: Epoch: [2][150/229]	Time  0.027 ( 0.032)	Loss 3.8407e-02 (5.8068e-02)	Acc pseudo  98.44 ( 98.24)	Lr 1.000e-03 (1.000e-03)
2026-01-13 20:12:27,331 - INFO: Epoch: [2][200/229]	Time  0.040 ( 0.030)	Loss 2.6883e-01 (7.7484e-02)	Acc pseudo  96.88 ( 98.27)	Lr 1.000e-03 (1.000e-03)
2026-01-13 20:12:30,026 - INFO: Round 5, Face Fine-tune Epoch 2: loss=0.0755, acc(pseudo)=98.18%
2026-01-13 20:12:56,128 - INFO: Round 5, Face Fine-tune Epoch 2: acc(valid_pseudo): 0.9939, acc: 0.9149
2026-01-13 20:12:56,129 - INFO: Round 5, Face Fine-tune Epoch 2: No improvement. Patience(epoch): 1/3
2026-01-13 20:12:56,649 - INFO: Epoch: [3][  0/229]	Time  0.460 ( 0.460)	Loss 1.0295e-01 (1.0295e-01)	Acc pseudo  98.44 ( 98.44)	Lr 1.000e-03 (1.000e-03)
2026-01-13 20:13:01,350 - INFO: Epoch: [3][ 50/229]	Time  0.040 ( 0.038)	Loss 7.9553e-02 (4.9464e-02)	Acc pseudo  95.31 ( 98.44)	Lr 1.000e-03 (1.000e-03)
2026-01-13 20:13:06,030 - INFO: Epoch: [3][100/229]	Time  0.029 ( 0.033)	Loss 3.1993e-02 (5.1463e-02)	Acc pseudo  96.88 ( 98.08)	Lr 1.000e-03 (1.000e-03)
2026-01-13 20:13:10,725 - INFO: Epoch: [3][150/229]	Time  0.027 ( 0.032)	Loss 4.6889e-03 (4.7760e-02)	Acc pseudo 100.00 ( 98.18)	Lr 1.000e-03 (1.000e-03)
2026-01-13 20:13:15,406 - INFO: Epoch: [3][200/229]	Time  0.029 ( 0.031)	Loss 2.4341e-02 (4.7067e-02)	Acc pseudo  98.44 ( 98.17)	Lr 1.000e-03 (1.000e-03)
2026-01-13 20:13:18,086 - INFO: Round 5, Face Fine-tune Epoch 3: loss=0.0457, acc(pseudo)=98.24%
2026-01-13 20:13:42,687 - INFO: Round 5, Face Fine-tune Epoch 3: acc(valid_pseudo): 0.9939, acc: 0.9158
2026-01-13 20:13:42,688 - INFO: Round 5, Face Fine-tune Epoch 3: No improvement. Patience(epoch): 2/3
2026-01-13 20:13:43,149 - INFO: Epoch: [4][  0/229]	Time  0.405 ( 0.405)	Loss 1.5504e-02 (1.5504e-02)	Acc pseudo 100.00 (100.00)	Lr 1.000e-03 (1.000e-03)
2026-01-13 20:13:47,867 - INFO: Epoch: [4][ 50/229]	Time  0.032 ( 0.042)	Loss 1.1200e-02 (8.7755e-02)	Acc pseudo 100.00 ( 98.31)	Lr 1.000e-03 (1.000e-03)
2026-01-13 20:13:52,578 - INFO: Epoch: [4][100/229]	Time  0.031 ( 0.038)	Loss 1.0480e-02 (8.3535e-02)	Acc pseudo 100.00 ( 98.07)	Lr 1.000e-03 (1.000e-03)
2026-01-13 20:13:57,263 - INFO: Epoch: [4][150/229]	Time  0.026 ( 0.036)	Loss 1.4125e-01 (7.1908e-02)	Acc pseudo  90.62 ( 98.23)	Lr 1.000e-03 (1.000e-03)
2026-01-13 20:14:01,944 - INFO: Epoch: [4][200/229]	Time  0.029 ( 0.034)	Loss 2.0634e-01 (6.4254e-02)	Acc pseudo  93.75 ( 98.34)	Lr 1.000e-03 (1.000e-03)
2026-01-13 20:14:04,630 - INFO: Round 5, Face Fine-tune Epoch 4: loss=0.0624, acc(pseudo)=98.33%
2026-01-13 20:14:30,989 - INFO: Round 5, Face Fine-tune Epoch 4: acc(valid_pseudo): 0.9938, acc: 0.9158
2026-01-13 20:14:30,989 - INFO: Round 5, Face Fine-tune Epoch 4: No improvement. Patience(epoch): 3/3
2026-01-13 20:14:30,990 - INFO: Early stopping at face epoch 4
2026-01-13 20:14:30,991 - INFO: Round 5: Best face fine-tuned epoch=1, acc(valid_pseudo)=0.9946
2026-01-13 20:14:31,026 - INFO: Using HMM model from previous round: runs/the big bang theory/exp_video/result/self_supervised/exp0/round4/pseudo_label/hmm_params.pkl
2026-01-13 20:29:12,057 - INFO: Round 5: speaker_acc=0.9285
2026-01-13 20:29:12,060 - INFO: Round 5: face_acc=0.9196
2026-01-13 20:29:12,062 - INFO: ====================
2026-01-13 20:29:12,062 - INFO: Round 6: Fine-tuning iteration
2026-01-13 20:29:12,062 - INFO: ====================
2026-01-13 20:29:12,110 - INFO: Round 6 Part 1: Fine-tuning embedding model
2026-01-13 20:29:12,111 - INFO: Using pseudo-label file: runs/the big bang theory/exp_video/result/self_supervised/exp0/round5/pseudo_label/pseudo_labels_audio_nested_hmm_full(unreliable_pp=20.0).json
2026-01-13 20:29:12,123 - INFO: For training, Using face pseudo-label file: runs/the big bang theory/exp_video/result/self_supervised/exp0/round5/pseudo_label/pseudo_labels_faces_mid_frame_train_nested_hmm_full.json
2026-01-13 20:29:12,123 - INFO: For infering, Using face pseudo-label file: runs/the big bang theory/exp_video/result/self_supervised/exp0/round5/pseudo_label/pseudo_labels_faces_mid_frame_all_nested_hmm_full.json
2026-01-13 20:29:12,184 - INFO: Created face dataloader with 14646 samples
2026-01-13 20:29:12,200 - INFO: Fine-tuning speaker embedding model for 20 epochs...
2026-01-13 20:29:12,693 - INFO: Epoch: [0][  0/107]	Time  0.486 ( 0.486)	Loss 4.2753e-02 (4.2753e-02)	Acc pseudo  98.44 ( 98.44)	Lr 1.000e-03 (1.000e-03)
2026-01-13 20:29:12,860 - INFO: Epoch: [0][ 50/107]	Time  0.003 ( 0.013)	Loss 4.1254e-03 (2.0048e-01)	Acc pseudo 100.00 ( 96.81)	Lr 1.000e-03 (1.000e-03)
2026-01-13 20:29:13,013 - INFO: Epoch: [0][100/107]	Time  0.002 ( 0.008)	Loss 2.3311e-01 (2.2152e-01)	Acc pseudo  89.06 ( 96.33)	Lr 1.000e-03 (1.000e-03)
2026-01-13 20:29:13,077 - INFO: Round 6, Fine-tune Epoch 0: loss=0.2174, acc(pseudo)=96.40%
2026-01-13 20:29:17,489 - INFO: Round 6, Fine-tune Epoch 0: acc(valid_pseudo): 0.9884, acc: 0.9250
2026-01-13 20:29:17,754 - INFO: Epoch: [1][  0/107]	Time  0.189 ( 0.189)	Loss 2.4681e-01 (2.4681e-01)	Acc pseudo  95.31 ( 95.31)	Lr 1.000e-03 (1.000e-03)
2026-01-13 20:29:17,931 - INFO: Epoch: [1][ 50/107]	Time  0.003 ( 0.007)	Loss 2.4531e-02 (1.2385e-01)	Acc pseudo  98.44 ( 96.84)	Lr 1.000e-03 (1.000e-03)
2026-01-13 20:29:18,092 - INFO: Epoch: [1][100/107]	Time  0.002 ( 0.005)	Loss 4.2232e-01 (1.4445e-01)	Acc pseudo  92.19 ( 96.74)	Lr 1.000e-03 (1.000e-03)
2026-01-13 20:29:18,156 - INFO: Round 6, Fine-tune Epoch 1: loss=0.1431, acc(pseudo)=96.66%
2026-01-13 20:29:22,885 - INFO: Round 6, Fine-tune Epoch 1: acc(valid_pseudo): 0.9967, acc: 0.9165
2026-01-13 20:29:23,138 - INFO: Epoch: [2][  0/107]	Time  0.181 ( 0.181)	Loss 9.0254e-02 (9.0254e-02)	Acc pseudo  98.44 ( 98.44)	Lr 1.000e-03 (1.000e-03)
2026-01-13 20:29:23,494 - INFO: Epoch: [2][ 50/107]	Time  0.003 ( 0.010)	Loss 7.4933e-02 (1.2066e-01)	Acc pseudo  98.44 ( 97.15)	Lr 1.000e-03 (1.000e-03)
2026-01-13 20:29:23,649 - INFO: Epoch: [2][100/107]	Time  0.002 ( 0.007)	Loss 2.8754e-02 (1.1502e-01)	Acc pseudo  98.44 ( 97.22)	Lr 1.000e-03 (1.000e-03)
2026-01-13 20:29:23,727 - INFO: Round 6, Fine-tune Epoch 2: loss=0.1126, acc(pseudo)=97.26%
2026-01-13 20:29:28,359 - INFO: Round 6, Fine-tune Epoch 2: acc(valid_pseudo): 0.9967, acc: 0.9295
2026-01-13 20:29:28,359 - INFO: Round 6, Speaker Fine-tune Epoch 2: No improvement in validation accuracy. Patience(epoch): 1/3
2026-01-13 20:29:28,711 - INFO: Epoch: [3][  0/107]	Time  0.346 ( 0.346)	Loss 7.7289e-02 (7.7289e-02)	Acc pseudo  95.31 ( 95.31)	Lr 1.000e-03 (1.000e-03)
2026-01-13 20:29:28,888 - INFO: Epoch: [3][ 50/107]	Time  0.003 ( 0.010)	Loss 4.6493e-02 (9.3917e-02)	Acc pseudo  98.44 ( 97.00)	Lr 1.000e-03 (1.000e-03)
2026-01-13 20:29:29,041 - INFO: Epoch: [3][100/107]	Time  0.002 ( 0.007)	Loss 5.0776e-02 (9.6037e-02)	Acc pseudo  98.44 ( 96.83)	Lr 1.000e-03 (1.000e-03)
2026-01-13 20:29:29,107 - INFO: Round 6, Fine-tune Epoch 3: loss=0.0949, acc(pseudo)=96.91%
2026-01-13 20:29:33,756 - INFO: Round 6, Fine-tune Epoch 3: acc(valid_pseudo): 0.9975, acc: 0.9220
2026-01-13 20:29:34,026 - INFO: Epoch: [4][  0/107]	Time  0.193 ( 0.193)	Loss 4.7054e-02 (4.7054e-02)	Acc pseudo  98.44 ( 98.44)	Lr 1.000e-03 (1.000e-03)
2026-01-13 20:29:34,205 - INFO: Epoch: [4][ 50/107]	Time  0.003 ( 0.007)	Loss 4.3332e-02 (8.4030e-02)	Acc pseudo  98.44 ( 97.33)	Lr 1.000e-03 (1.000e-03)
2026-01-13 20:29:34,356 - INFO: Epoch: [4][100/107]	Time  0.002 ( 0.005)	Loss 2.5755e-02 (8.4749e-02)	Acc pseudo  98.44 ( 97.42)	Lr 1.000e-03 (1.000e-03)
2026-01-13 20:29:34,421 - INFO: Round 6, Fine-tune Epoch 4: loss=0.0832, acc(pseudo)=97.45%
2026-01-13 20:29:39,075 - INFO: Round 6, Fine-tune Epoch 4: acc(valid_pseudo): 0.9926, acc: 0.9205
2026-01-13 20:29:39,075 - INFO: Round 6, Speaker Fine-tune Epoch 4: No improvement in validation accuracy. Patience(epoch): 1/3
2026-01-13 20:29:39,440 - INFO: Epoch: [5][  0/107]	Time  0.356 ( 0.356)	Loss 5.7840e-02 (5.7840e-02)	Acc pseudo  98.44 ( 98.44)	Lr 1.000e-03 (1.000e-03)
2026-01-13 20:29:39,660 - INFO: Epoch: [5][ 50/107]	Time  0.004 ( 0.011)	Loss 6.9415e-02 (9.1086e-02)	Acc pseudo  96.88 ( 97.06)	Lr 1.000e-03 (1.000e-03)
2026-01-13 20:29:39,864 - INFO: Epoch: [5][100/107]	Time  0.003 ( 0.008)	Loss 1.5575e-01 (9.1105e-02)	Acc pseudo  95.31 ( 97.09)	Lr 1.000e-03 (1.000e-03)
2026-01-13 20:29:39,941 - INFO: Round 6, Fine-tune Epoch 5: loss=0.0964, acc(pseudo)=97.07%
2026-01-13 20:29:44,772 - INFO: Round 6, Fine-tune Epoch 5: acc(valid_pseudo): 0.9983, acc: 0.9290
2026-01-13 20:29:45,029 - INFO: Epoch: [6][  0/107]	Time  0.185 ( 0.185)	Loss 3.1946e-02 (3.1946e-02)	Acc pseudo  98.44 ( 98.44)	Lr 1.000e-03 (1.000e-03)
2026-01-13 20:29:45,258 - INFO: Epoch: [6][ 50/107]	Time  0.003 ( 0.008)	Loss 5.2422e-02 (9.2006e-02)	Acc pseudo  98.44 ( 97.03)	Lr 1.000e-03 (1.000e-03)
2026-01-13 20:29:45,421 - INFO: Epoch: [6][100/107]	Time  0.002 ( 0.006)	Loss 1.9446e-01 (1.1995e-01)	Acc pseudo  93.75 ( 96.74)	Lr 1.000e-03 (1.000e-03)
2026-01-13 20:29:45,486 - INFO: Round 6, Fine-tune Epoch 6: loss=0.1224, acc(pseudo)=96.65%
2026-01-13 20:29:49,947 - INFO: Round 6, Fine-tune Epoch 6: acc(valid_pseudo): 0.9942, acc: 0.9260
2026-01-13 20:29:49,947 - INFO: Round 6, Speaker Fine-tune Epoch 6: No improvement in validation accuracy. Patience(epoch): 1/3
2026-01-13 20:29:50,147 - INFO: Epoch: [7][  0/107]	Time  0.195 ( 0.195)	Loss 8.5786e-02 (8.5786e-02)	Acc pseudo  96.88 ( 96.88)	Lr 1.000e-03 (1.000e-03)
2026-01-13 20:29:50,315 - INFO: Epoch: [7][ 50/107]	Time  0.003 ( 0.007)	Loss 7.1993e-02 (1.3125e-01)	Acc pseudo  96.88 ( 96.35)	Lr 1.000e-03 (1.000e-03)
2026-01-13 20:29:50,484 - INFO: Epoch: [7][100/107]	Time  0.002 ( 0.005)	Loss 9.5302e-02 (1.2808e-01)	Acc pseudo  96.88 ( 96.40)	Lr 1.000e-03 (1.000e-03)
2026-01-13 20:29:50,547 - INFO: Round 6, Fine-tune Epoch 7: loss=0.1264, acc(pseudo)=96.40%
2026-01-13 20:29:55,269 - INFO: Round 6, Fine-tune Epoch 7: acc(valid_pseudo): 0.9893, acc: 0.9250
2026-01-13 20:29:55,269 - INFO: Round 6, Speaker Fine-tune Epoch 7: No improvement in validation accuracy. Patience(epoch): 2/3
2026-01-13 20:29:55,467 - INFO: Epoch: [8][  0/107]	Time  0.193 ( 0.193)	Loss 6.0388e-02 (6.0388e-02)	Acc pseudo  98.44 ( 98.44)	Lr 1.000e-03 (1.000e-03)
2026-01-13 20:29:55,667 - INFO: Epoch: [8][ 50/107]	Time  0.003 ( 0.008)	Loss 1.0604e-01 (1.1298e-01)	Acc pseudo  95.31 ( 96.72)	Lr 1.000e-03 (1.000e-03)
2026-01-13 20:29:55,819 - INFO: Epoch: [8][100/107]	Time  0.002 ( 0.005)	Loss 1.0262e-01 (1.1084e-01)	Acc pseudo  98.44 ( 96.64)	Lr 1.000e-03 (1.000e-03)
2026-01-13 20:29:55,891 - INFO: Round 6, Fine-tune Epoch 8: loss=0.1189, acc(pseudo)=96.56%
2026-01-13 20:30:00,116 - INFO: Round 6, Fine-tune Epoch 8: acc(valid_pseudo): 0.9950, acc: 0.9325
2026-01-13 20:30:00,117 - INFO: Round 6, Speaker Fine-tune Epoch 8: No improvement in validation accuracy. Patience(epoch): 3/3
2026-01-13 20:30:00,117 - INFO: Early stopping at epoch 8 due to no improvement in validation accuracy for 3 epochs.
2026-01-13 20:30:00,118 - INFO: Round 6: Best speaker fine-tuned epoch=5, acc(valid_pseudo)=0.9983
2026-01-13 20:30:00,122 - INFO: Fine-tuning face embedding model for 20 epochs...
2026-01-13 20:30:00,614 - INFO: Epoch: [0][  0/229]	Time  0.438 ( 0.438)	Loss 2.7043e-02 (2.7043e-02)	Acc pseudo  98.44 ( 98.44)	Lr 1.000e-03 (1.000e-03)
2026-01-13 20:30:05,297 - INFO: Epoch: [0][ 50/229]	Time  0.034 ( 0.039)	Loss 2.3793e-02 (1.1865e-01)	Acc pseudo  98.44 ( 98.22)	Lr 1.000e-03 (1.000e-03)
2026-01-13 20:30:10,026 - INFO: Epoch: [0][100/229]	Time  0.027 ( 0.035)	Loss 2.7543e-01 (8.9902e-02)	Acc pseudo  98.44 ( 98.31)	Lr 1.000e-03 (1.000e-03)
2026-01-13 20:30:14,746 - INFO: Epoch: [0][150/229]	Time  0.030 ( 0.034)	Loss 7.9010e-02 (8.2164e-02)	Acc pseudo  96.88 ( 98.26)	Lr 1.000e-03 (1.000e-03)
2026-01-13 20:30:19,414 - INFO: Epoch: [0][200/229]	Time  0.026 ( 0.033)	Loss 4.1370e-02 (9.6057e-02)	Acc pseudo  98.44 ( 98.12)	Lr 1.000e-03 (1.000e-03)
2026-01-13 20:30:22,087 - INFO: Round 6, Face Fine-tune Epoch 0: loss=0.0966, acc(pseudo)=98.04%
2026-01-13 20:30:48,037 - INFO: Round 6, Face Fine-tune Epoch 0: acc(valid_pseudo): 0.9934, acc: 0.9224
2026-01-13 20:30:48,651 - INFO: Epoch: [1][  0/229]	Time  0.425 ( 0.425)	Loss 1.8053e-02 (1.8053e-02)	Acc pseudo 100.00 (100.00)	Lr 1.000e-03 (1.000e-03)
2026-01-13 20:30:53,365 - INFO: Epoch: [1][ 50/229]	Time  0.027 ( 0.036)	Loss 6.6392e-02 (9.5605e-02)	Acc pseudo  98.44 ( 97.46)	Lr 1.000e-03 (1.000e-03)
2026-01-13 20:30:58,091 - INFO: Epoch: [1][100/229]	Time  0.027 ( 0.033)	Loss 4.4041e-02 (9.1064e-02)	Acc pseudo  95.31 ( 97.77)	Lr 1.000e-03 (1.000e-03)
2026-01-13 20:31:02,801 - INFO: Epoch: [1][150/229]	Time  0.031 ( 0.032)	Loss 1.2743e-02 (8.1110e-02)	Acc pseudo 100.00 ( 97.83)	Lr 1.000e-03 (1.000e-03)
2026-01-13 20:31:07,516 - INFO: Epoch: [1][200/229]	Time  0.027 ( 0.032)	Loss 1.6149e-01 (7.4295e-02)	Acc pseudo  98.44 ( 97.91)	Lr 1.000e-03 (1.000e-03)
2026-01-13 20:31:10,209 - INFO: Round 6, Face Fine-tune Epoch 1: loss=0.0773, acc(pseudo)=97.92%
2026-01-13 20:31:36,000 - INFO: Round 6, Face Fine-tune Epoch 1: acc(valid_pseudo): 0.9941, acc: 0.9233
2026-01-13 20:31:36,601 - INFO: Epoch: [2][  0/229]	Time  0.428 ( 0.428)	Loss 1.6018e-02 (1.6018e-02)	Acc pseudo 100.00 (100.00)	Lr 1.000e-03 (1.000e-03)
2026-01-13 20:31:41,288 - INFO: Epoch: [2][ 50/229]	Time  0.026 ( 0.036)	Loss 2.9948e-02 (7.2262e-02)	Acc pseudo  98.44 ( 97.49)	Lr 1.000e-03 (1.000e-03)
2026-01-13 20:31:45,974 - INFO: Epoch: [2][100/229]	Time  0.026 ( 0.031)	Loss 2.8852e-02 (7.0055e-02)	Acc pseudo  98.44 ( 97.82)	Lr 1.000e-03 (1.000e-03)
2026-01-13 20:31:50,661 - INFO: Epoch: [2][150/229]	Time  0.027 ( 0.030)	Loss 6.1015e-02 (6.9557e-02)	Acc pseudo  98.44 ( 97.94)	Lr 1.000e-03 (1.000e-03)
2026-01-13 20:31:55,345 - INFO: Epoch: [2][200/229]	Time  0.027 ( 0.029)	Loss 9.2579e-02 (6.4886e-02)	Acc pseudo  96.88 ( 97.99)	Lr 1.000e-03 (1.000e-03)
2026-01-13 20:31:58,032 - INFO: Round 6, Face Fine-tune Epoch 2: loss=0.0639, acc(pseudo)=98.03%
2026-01-13 20:32:24,924 - INFO: Round 6, Face Fine-tune Epoch 2: acc(valid_pseudo): 0.9935, acc: 0.9196
2026-01-13 20:32:24,924 - INFO: Round 6, Face Fine-tune Epoch 2: No improvement. Patience(epoch): 1/3
2026-01-13 20:32:25,413 - INFO: Epoch: [3][  0/229]	Time  0.433 ( 0.433)	Loss 7.0121e-03 (7.0121e-03)	Acc pseudo 100.00 (100.00)	Lr 1.000e-03 (1.000e-03)
2026-01-13 20:32:30,095 - INFO: Epoch: [3][ 50/229]	Time  0.040 ( 0.038)	Loss 2.2716e-02 (5.1195e-02)	Acc pseudo  98.44 ( 98.62)	Lr 1.000e-03 (1.000e-03)
2026-01-13 20:32:34,771 - INFO: Epoch: [3][100/229]	Time  0.032 ( 0.033)	Loss 1.3285e-01 (7.3356e-02)	Acc pseudo  96.88 ( 98.17)	Lr 1.000e-03 (1.000e-03)
2026-01-13 20:32:39,452 - INFO: Epoch: [3][150/229]	Time  0.028 ( 0.031)	Loss 9.3426e-03 (6.7114e-02)	Acc pseudo 100.00 ( 98.10)	Lr 1.000e-03 (1.000e-03)
2026-01-13 20:32:44,136 - INFO: Epoch: [3][200/229]	Time  0.043 ( 0.031)	Loss 1.4983e-02 (6.2053e-02)	Acc pseudo  98.44 ( 98.12)	Lr 1.000e-03 (1.000e-03)
2026-01-13 20:32:46,821 - INFO: Round 6, Face Fine-tune Epoch 3: loss=0.0596, acc(pseudo)=98.14%
2026-01-13 20:33:11,683 - INFO: Round 6, Face Fine-tune Epoch 3: acc(valid_pseudo): 0.9937, acc: 0.9196
2026-01-13 20:33:11,683 - INFO: Round 6, Face Fine-tune Epoch 3: No improvement. Patience(epoch): 2/3
2026-01-13 20:33:12,149 - INFO: Epoch: [4][  0/229]	Time  0.410 ( 0.410)	Loss 4.0060e-02 (4.0060e-02)	Acc pseudo  98.44 ( 98.44)	Lr 1.000e-03 (1.000e-03)
2026-01-13 20:33:16,831 - INFO: Epoch: [4][ 50/229]	Time  0.027 ( 0.036)	Loss 1.0473e-03 (5.0226e-02)	Acc pseudo 100.00 ( 98.50)	Lr 1.000e-03 (1.000e-03)
2026-01-13 20:33:21,509 - INFO: Epoch: [4][100/229]	Time  0.028 ( 0.033)	Loss 2.9469e-02 (1.0122e-01)	Acc pseudo  98.44 ( 98.27)	Lr 1.000e-03 (1.000e-03)
2026-01-13 20:33:26,189 - INFO: Epoch: [4][150/229]	Time  0.027 ( 0.032)	Loss 1.2731e-01 (8.5701e-02)	Acc pseudo  96.88 ( 98.19)	Lr 1.000e-03 (1.000e-03)
2026-01-13 20:33:30,870 - INFO: Epoch: [4][200/229]	Time  0.028 ( 0.031)	Loss 9.6601e-02 (7.6035e-02)	Acc pseudo  95.31 ( 98.16)	Lr 1.000e-03 (1.000e-03)
2026-01-13 20:33:33,558 - INFO: Round 6, Face Fine-tune Epoch 4: loss=0.0759, acc(pseudo)=98.05%
2026-01-13 20:33:59,316 - INFO: Round 6, Face Fine-tune Epoch 4: acc(valid_pseudo): 0.9935, acc: 0.9224
2026-01-13 20:33:59,317 - INFO: Round 6, Face Fine-tune Epoch 4: No improvement. Patience(epoch): 3/3
2026-01-13 20:33:59,317 - INFO: Early stopping at face epoch 4
2026-01-13 20:33:59,318 - INFO: Round 6: Best face fine-tuned epoch=1, acc(valid_pseudo)=0.9941
2026-01-13 20:33:59,355 - INFO: Using HMM model from previous round: runs/the big bang theory/exp_video/result/self_supervised/exp0/round5/pseudo_label/hmm_params.pkl
2026-01-13 20:47:41,400 - INFO: Round 6: speaker_acc=0.9280
2026-01-13 20:47:41,403 - INFO: Round 6: face_acc=0.9196
2026-01-13 20:47:41,406 - INFO: ====================
2026-01-13 20:47:41,406 - INFO: Round 7: Fine-tuning iteration
2026-01-13 20:47:41,406 - INFO: ====================
2026-01-13 20:47:41,461 - INFO: Round 7 Part 1: Fine-tuning embedding model
2026-01-13 20:47:41,462 - INFO: Using pseudo-label file: runs/the big bang theory/exp_video/result/self_supervised/exp0/round6/pseudo_label/pseudo_labels_audio_nested_hmm_full(unreliable_pp=20.0).json
2026-01-13 20:47:41,474 - INFO: For training, Using face pseudo-label file: runs/the big bang theory/exp_video/result/self_supervised/exp0/round6/pseudo_label/pseudo_labels_faces_mid_frame_train_nested_hmm_full.json
2026-01-13 20:47:41,474 - INFO: For infering, Using face pseudo-label file: runs/the big bang theory/exp_video/result/self_supervised/exp0/round6/pseudo_label/pseudo_labels_faces_mid_frame_all_nested_hmm_full.json
2026-01-13 20:47:41,529 - INFO: Created face dataloader with 14646 samples
2026-01-13 20:47:41,540 - INFO: Fine-tuning speaker embedding model for 20 epochs...
2026-01-13 20:47:41,758 - INFO: Epoch: [0][  0/107]	Time  0.214 ( 0.214)	Loss 1.0170e-02 (1.0170e-02)	Acc pseudo 100.00 (100.00)	Lr 1.000e-03 (1.000e-03)
2026-01-13 20:47:41,920 - INFO: Epoch: [0][ 50/107]	Time  0.003 ( 0.007)	Loss 9.2699e-03 (1.9274e-01)	Acc pseudo 100.00 ( 97.18)	Lr 1.000e-03 (1.000e-03)
2026-01-13 20:47:42,068 - INFO: Epoch: [0][100/107]	Time  0.002 ( 0.005)	Loss 2.1681e-01 (2.1360e-01)	Acc pseudo  93.75 ( 97.05)	Lr 1.000e-03 (1.000e-03)
2026-01-13 20:47:42,128 - INFO: Round 7, Fine-tune Epoch 0: loss=0.2087, acc(pseudo)=97.00%
2026-01-13 20:47:46,685 - INFO: Round 7, Fine-tune Epoch 0: acc(valid_pseudo): 0.9959, acc: 0.9250
2026-01-13 20:47:46,937 - INFO: Epoch: [1][  0/107]	Time  0.175 ( 0.175)	Loss 9.0137e-02 (9.0137e-02)	Acc pseudo  96.88 ( 96.88)	Lr 1.000e-03 (1.000e-03)
2026-01-13 20:47:47,109 - INFO: Epoch: [1][ 50/107]	Time  0.003 ( 0.007)	Loss 4.8547e-02 (8.7795e-02)	Acc pseudo  96.88 ( 97.46)	Lr 1.000e-03 (1.000e-03)
2026-01-13 20:47:47,253 - INFO: Epoch: [1][100/107]	Time  0.002 ( 0.005)	Loss 1.7911e-01 (9.4556e-02)	Acc pseudo  95.31 ( 97.35)	Lr 1.000e-03 (1.000e-03)
2026-01-13 20:47:47,317 - INFO: Round 7, Fine-tune Epoch 1: loss=0.0981, acc(pseudo)=97.33%
2026-01-13 20:47:51,699 - INFO: Round 7, Fine-tune Epoch 1: acc(valid_pseudo): 0.9868, acc: 0.9095
2026-01-13 20:47:51,700 - INFO: Round 7, Speaker Fine-tune Epoch 1: No improvement in validation accuracy. Patience(epoch): 1/3
2026-01-13 20:47:51,885 - INFO: Epoch: [2][  0/107]	Time  0.180 ( 0.180)	Loss 8.9402e-02 (8.9402e-02)	Acc pseudo  96.88 ( 96.88)	Lr 1.000e-03 (1.000e-03)
2026-01-13 20:47:52,045 - INFO: Epoch: [2][ 50/107]	Time  0.003 ( 0.007)	Loss 4.5907e-02 (1.0606e-01)	Acc pseudo  96.88 ( 97.21)	Lr 1.000e-03 (1.000e-03)
2026-01-13 20:47:52,190 - INFO: Epoch: [2][100/107]	Time  0.002 ( 0.005)	Loss 1.3776e-02 (9.7634e-02)	Acc pseudo 100.00 ( 97.43)	Lr 1.000e-03 (1.000e-03)
2026-01-13 20:47:52,253 - INFO: Round 7, Fine-tune Epoch 2: loss=0.0978, acc(pseudo)=97.44%
2026-01-13 20:47:56,464 - INFO: Round 7, Fine-tune Epoch 2: acc(valid_pseudo): 0.9810, acc: 0.9210
2026-01-13 20:47:56,464 - INFO: Round 7, Speaker Fine-tune Epoch 2: No improvement in validation accuracy. Patience(epoch): 2/3
2026-01-13 20:47:56,645 - INFO: Epoch: [3][  0/107]	Time  0.176 ( 0.176)	Loss 1.5129e-01 (1.5129e-01)	Acc pseudo  95.31 ( 95.31)	Lr 1.000e-03 (1.000e-03)
2026-01-13 20:47:56,832 - INFO: Epoch: [3][ 50/107]	Time  0.003 ( 0.007)	Loss 5.4725e-02 (9.9164e-02)	Acc pseudo  96.88 ( 97.43)	Lr 1.000e-03 (1.000e-03)
2026-01-13 20:47:56,990 - INFO: Epoch: [3][100/107]	Time  0.002 ( 0.005)	Loss 6.9260e-02 (9.5415e-02)	Acc pseudo  98.44 ( 97.42)	Lr 1.000e-03 (1.000e-03)
2026-01-13 20:47:57,052 - INFO: Round 7, Fine-tune Epoch 3: loss=0.0932, acc(pseudo)=97.50%
2026-01-13 20:48:01,292 - INFO: Round 7, Fine-tune Epoch 3: acc(valid_pseudo): 0.9950, acc: 0.9230
2026-01-13 20:48:01,293 - INFO: Round 7, Speaker Fine-tune Epoch 3: No improvement in validation accuracy. Patience(epoch): 3/3
2026-01-13 20:48:01,293 - INFO: Early stopping at epoch 3 due to no improvement in validation accuracy for 3 epochs.
2026-01-13 20:48:01,294 - INFO: Round 7: Best speaker fine-tuned epoch=0, acc(valid_pseudo)=0.9959
2026-01-13 20:48:01,299 - INFO: Fine-tuning face embedding model for 20 epochs...
2026-01-13 20:48:01,994 - INFO: Epoch: [0][  0/229]	Time  0.659 ( 0.659)	Loss 3.8266e-02 (3.8266e-02)	Acc pseudo  98.44 ( 98.44)	Lr 1.000e-03 (1.000e-03)
2026-01-13 20:48:06,660 - INFO: Epoch: [0][ 50/229]	Time  0.026 ( 0.042)	Loss 3.0123e-02 (5.4977e-02)	Acc pseudo  98.44 ( 98.71)	Lr 1.000e-03 (1.000e-03)
2026-01-13 20:48:11,327 - INFO: Epoch: [0][100/229]	Time  0.029 ( 0.037)	Loss 3.6705e-02 (7.4154e-02)	Acc pseudo  96.88 ( 98.30)	Lr 1.000e-03 (1.000e-03)
2026-01-13 20:48:15,996 - INFO: Epoch: [0][150/229]	Time  0.026 ( 0.035)	Loss 1.2488e-01 (9.2322e-02)	Acc pseudo  95.31 ( 98.26)	Lr 1.000e-03 (1.000e-03)
2026-01-13 20:48:20,719 - INFO: Epoch: [0][200/229]	Time  0.027 ( 0.033)	Loss 2.0009e-02 (9.2334e-02)	Acc pseudo  98.44 ( 98.08)	Lr 1.000e-03 (1.000e-03)
2026-01-13 20:48:23,395 - INFO: Round 7, Face Fine-tune Epoch 0: loss=0.1020, acc(pseudo)=98.03%
2026-01-13 20:48:49,175 - INFO: Round 7, Face Fine-tune Epoch 0: acc(valid_pseudo): 0.9940, acc: 0.9205
2026-01-13 20:48:49,804 - INFO: Epoch: [1][  0/229]	Time  0.423 ( 0.423)	Loss 8.2643e-03 (8.2643e-03)	Acc pseudo 100.00 (100.00)	Lr 1.000e-03 (1.000e-03)
2026-01-13 20:48:54,502 - INFO: Epoch: [1][ 50/229]	Time  0.027 ( 0.037)	Loss 9.7215e-03 (7.0775e-02)	Acc pseudo 100.00 ( 97.92)	Lr 1.000e-03 (1.000e-03)
2026-01-13 20:48:59,196 - INFO: Epoch: [1][100/229]	Time  0.027 ( 0.033)	Loss 4.2403e-02 (6.6192e-02)	Acc pseudo  96.88 ( 98.22)	Lr 1.000e-03 (1.000e-03)
2026-01-13 20:49:03,893 - INFO: Epoch: [1][150/229]	Time  0.025 ( 0.031)	Loss 1.4597e-01 (6.6479e-02)	Acc pseudo  96.88 ( 98.24)	Lr 1.000e-03 (1.000e-03)
2026-01-13 20:49:08,592 - INFO: Epoch: [1][200/229]	Time  0.035 ( 0.031)	Loss 1.3692e-01 (6.3342e-02)	Acc pseudo  96.88 ( 98.20)	Lr 1.000e-03 (1.000e-03)
2026-01-13 20:49:11,284 - INFO: Round 7, Face Fine-tune Epoch 1: loss=0.0733, acc(pseudo)=98.15%
2026-01-13 20:49:36,104 - INFO: Round 7, Face Fine-tune Epoch 1: acc(valid_pseudo): 0.9935, acc: 0.9252
2026-01-13 20:49:36,104 - INFO: Round 7, Face Fine-tune Epoch 1: No improvement. Patience(epoch): 1/3
2026-01-13 20:49:36,576 - INFO: Epoch: [2][  0/229]	Time  0.424 ( 0.424)	Loss 3.4842e-02 (3.4842e-02)	Acc pseudo  98.44 ( 98.44)	Lr 1.000e-03 (1.000e-03)
2026-01-13 20:49:41,266 - INFO: Epoch: [2][ 50/229]	Time  0.028 ( 0.036)	Loss 2.2886e-02 (7.6741e-02)	Acc pseudo  98.44 ( 97.79)	Lr 1.000e-03 (1.000e-03)
2026-01-13 20:49:45,947 - INFO: Epoch: [2][100/229]	Time  0.027 ( 0.032)	Loss 8.8867e-02 (7.3191e-02)	Acc pseudo  96.88 ( 98.04)	Lr 1.000e-03 (1.000e-03)
2026-01-13 20:49:50,628 - INFO: Epoch: [2][150/229]	Time  0.031 ( 0.031)	Loss 1.2876e-02 (7.8257e-02)	Acc pseudo 100.00 ( 97.93)	Lr 1.000e-03 (1.000e-03)
2026-01-13 20:49:55,308 - INFO: Epoch: [2][200/229]	Time  0.028 ( 0.030)	Loss 2.9497e-02 (7.4561e-02)	Acc pseudo  96.88 ( 97.98)	Lr 1.000e-03 (1.000e-03)
2026-01-13 20:49:57,997 - INFO: Round 7, Face Fine-tune Epoch 2: loss=0.0719, acc(pseudo)=97.94%
2026-01-13 20:50:23,620 - INFO: Round 7, Face Fine-tune Epoch 2: acc(valid_pseudo): 0.9936, acc: 0.9205
2026-01-13 20:50:23,621 - INFO: Round 7, Face Fine-tune Epoch 2: No improvement. Patience(epoch): 2/3
2026-01-13 20:50:24,130 - INFO: Epoch: [3][  0/229]	Time  0.451 ( 0.451)	Loss 2.0421e-02 (2.0421e-02)	Acc pseudo  98.44 ( 98.44)	Lr 1.000e-03 (1.000e-03)
2026-01-13 20:50:28,812 - INFO: Epoch: [3][ 50/229]	Time  0.027 ( 0.037)	Loss 1.3775e-02 (4.1143e-02)	Acc pseudo 100.00 ( 98.50)	Lr 1.000e-03 (1.000e-03)
2026-01-13 20:50:33,486 - INFO: Epoch: [3][100/229]	Time  0.040 ( 0.034)	Loss 2.5292e-02 (4.8509e-02)	Acc pseudo 100.00 ( 98.31)	Lr 1.000e-03 (1.000e-03)
2026-01-13 20:50:38,168 - INFO: Epoch: [3][150/229]	Time  0.039 ( 0.036)	Loss 7.8846e-03 (4.7229e-02)	Acc pseudo 100.00 ( 98.43)	Lr 1.000e-03 (1.000e-03)
2026-01-13 20:50:42,850 - INFO: Epoch: [3][200/229]	Time  0.040 ( 0.037)	Loss 5.5291e-03 (5.0016e-02)	Acc pseudo 100.00 ( 98.41)	Lr 1.000e-03 (1.000e-03)
2026-01-13 20:50:45,539 - INFO: Round 7, Face Fine-tune Epoch 3: loss=0.0507, acc(pseudo)=98.40%
2026-01-13 20:51:10,122 - INFO: Round 7, Face Fine-tune Epoch 3: acc(valid_pseudo): 0.9928, acc: 0.9261
2026-01-13 20:51:10,122 - INFO: Round 7, Face Fine-tune Epoch 3: No improvement. Patience(epoch): 3/3
2026-01-13 20:51:10,122 - INFO: Early stopping at face epoch 3
2026-01-13 20:51:10,123 - INFO: Round 7: Best face fine-tuned epoch=0, acc(valid_pseudo)=0.9940
2026-01-13 20:51:10,166 - INFO: Using HMM model from previous round: runs/the big bang theory/exp_video/result/self_supervised/exp0/round6/pseudo_label/hmm_params.pkl
2026-01-13 21:06:56,090 - INFO: Round 7: speaker_acc=0.9275
2026-01-13 21:06:56,093 - INFO: Round 7: face_acc=0.9158
2026-01-13 21:06:56,095 - INFO: ====================
2026-01-13 21:06:56,095 - INFO: Round 8: Fine-tuning iteration
2026-01-13 21:06:56,096 - INFO: ====================
2026-01-13 21:06:56,160 - INFO: Round 8 Part 1: Fine-tuning embedding model
2026-01-13 21:06:56,161 - INFO: Using pseudo-label file: runs/the big bang theory/exp_video/result/self_supervised/exp0/round7/pseudo_label/pseudo_labels_audio_nested_hmm_full(unreliable_pp=20.0).json
2026-01-13 21:06:56,173 - INFO: For training, Using face pseudo-label file: runs/the big bang theory/exp_video/result/self_supervised/exp0/round7/pseudo_label/pseudo_labels_faces_mid_frame_train_nested_hmm_full.json
2026-01-13 21:06:56,173 - INFO: For infering, Using face pseudo-label file: runs/the big bang theory/exp_video/result/self_supervised/exp0/round7/pseudo_label/pseudo_labels_faces_mid_frame_all_nested_hmm_full.json
2026-01-13 21:06:56,229 - INFO: Created face dataloader with 14646 samples
2026-01-13 21:06:56,240 - INFO: Fine-tuning speaker embedding model for 20 epochs...
2026-01-13 21:06:56,422 - INFO: Epoch: [0][  0/107]	Time  0.177 ( 0.177)	Loss 1.9163e+00 (1.9163e+00)	Acc pseudo  95.31 ( 95.31)	Lr 1.000e-03 (1.000e-03)
2026-01-13 21:06:56,597 - INFO: Epoch: [0][ 50/107]	Time  0.003 ( 0.007)	Loss 1.3919e-02 (2.4106e-01)	Acc pseudo  98.44 ( 96.45)	Lr 1.000e-03 (1.000e-03)
2026-01-13 21:06:56,747 - INFO: Epoch: [0][100/107]	Time  0.002 ( 0.005)	Loss 2.5811e-01 (2.4069e-01)	Acc pseudo  93.75 ( 96.33)	Lr 1.000e-03 (1.000e-03)
2026-01-13 21:06:56,811 - INFO: Round 8, Fine-tune Epoch 0: loss=0.2370, acc(pseudo)=96.31%
2026-01-13 21:07:01,133 - INFO: Round 8, Fine-tune Epoch 0: acc(valid_pseudo): 0.9983, acc: 0.9305
2026-01-13 21:07:01,544 - INFO: Epoch: [1][  0/107]	Time  0.271 ( 0.271)	Loss 7.8769e-02 (7.8769e-02)	Acc pseudo  98.44 ( 98.44)	Lr 1.000e-03 (1.000e-03)
2026-01-13 21:07:01,756 - INFO: Epoch: [1][ 50/107]	Time  0.004 ( 0.009)	Loss 3.5653e-02 (1.3785e-01)	Acc pseudo  98.44 ( 96.72)	Lr 1.000e-03 (1.000e-03)
2026-01-13 21:07:01,938 - INFO: Epoch: [1][100/107]	Time  0.003 ( 0.006)	Loss 1.3350e-01 (1.3436e-01)	Acc pseudo  95.31 ( 96.55)	Lr 1.000e-03 (1.000e-03)
2026-01-13 21:07:02,008 - INFO: Round 8, Fine-tune Epoch 1: loss=0.1319, acc(pseudo)=96.57%
2026-01-13 21:07:06,689 - INFO: Round 8, Fine-tune Epoch 1: acc(valid_pseudo): 0.9967, acc: 0.9190
2026-01-13 21:07:06,690 - INFO: Round 8, Speaker Fine-tune Epoch 1: No improvement in validation accuracy. Patience(epoch): 1/3
2026-01-13 21:07:06,877 - INFO: Epoch: [2][  0/107]	Time  0.182 ( 0.182)	Loss 9.0484e-02 (9.0484e-02)	Acc pseudo  98.44 ( 98.44)	Lr 1.000e-03 (1.000e-03)
2026-01-13 21:07:07,044 - INFO: Epoch: [2][ 50/107]	Time  0.003 ( 0.007)	Loss 1.3757e-01 (1.1616e-01)	Acc pseudo  96.88 ( 96.60)	Lr 1.000e-03 (1.000e-03)
2026-01-13 21:07:07,192 - INFO: Epoch: [2][100/107]	Time  0.002 ( 0.005)	Loss 6.4955e-02 (1.1803e-01)	Acc pseudo  96.88 ( 96.74)	Lr 1.000e-03 (1.000e-03)
2026-01-13 21:07:07,253 - INFO: Round 8, Fine-tune Epoch 2: loss=0.1177, acc(pseudo)=96.76%
2026-01-13 21:07:11,423 - INFO: Round 8, Fine-tune Epoch 2: acc(valid_pseudo): 0.9802, acc: 0.9020
2026-01-13 21:07:11,423 - INFO: Round 8, Speaker Fine-tune Epoch 2: No improvement in validation accuracy. Patience(epoch): 2/3
2026-01-13 21:07:11,789 - INFO: Epoch: [3][  0/107]	Time  0.358 ( 0.358)	Loss 9.6826e-02 (9.6826e-02)	Acc pseudo  95.31 ( 95.31)	Lr 1.000e-03 (1.000e-03)
2026-01-13 21:07:12,011 - INFO: Epoch: [3][ 50/107]	Time  0.004 ( 0.011)	Loss 1.1049e-01 (9.8417e-02)	Acc pseudo  96.88 ( 97.43)	Lr 1.000e-03 (1.000e-03)
2026-01-13 21:07:12,210 - INFO: Epoch: [3][100/107]	Time  0.003 ( 0.008)	Loss 6.5059e-02 (1.0407e-01)	Acc pseudo  98.44 ( 97.12)	Lr 1.000e-03 (1.000e-03)
2026-01-13 21:07:12,279 - INFO: Round 8, Fine-tune Epoch 3: loss=0.1020, acc(pseudo)=97.13%
2026-01-13 21:07:18,427 - INFO: Round 8, Fine-tune Epoch 3: acc(valid_pseudo): 0.9983, acc: 0.9260
2026-01-13 21:07:18,428 - INFO: Round 8, Speaker Fine-tune Epoch 3: No improvement in validation accuracy. Patience(epoch): 3/3
2026-01-13 21:07:18,428 - INFO: Early stopping at epoch 3 due to no improvement in validation accuracy for 3 epochs.
2026-01-13 21:07:18,430 - INFO: Round 8: Best speaker fine-tuned epoch=0, acc(valid_pseudo)=0.9983
2026-01-13 21:07:18,437 - INFO: Fine-tuning face embedding model for 20 epochs...
2026-01-13 21:07:19,454 - INFO: Epoch: [0][  0/229]	Time  0.970 ( 0.970)	Loss 3.8836e-04 (3.8836e-04)	Acc pseudo 100.00 (100.00)	Lr 1.000e-03 (1.000e-03)
2026-01-13 21:07:24,316 - INFO: Epoch: [0][ 50/229]	Time  0.029 ( 0.058)	Loss 2.4225e-03 (8.0037e-02)	Acc pseudo 100.00 ( 98.74)	Lr 1.000e-03 (1.000e-03)
2026-01-13 21:07:28,982 - INFO: Epoch: [0][100/229]	Time  0.028 ( 0.043)	Loss 5.8271e-03 (8.7419e-02)	Acc pseudo 100.00 ( 98.55)	Lr 1.000e-03 (1.000e-03)
2026-01-13 21:07:33,648 - INFO: Epoch: [0][150/229]	Time  0.026 ( 0.038)	Loss 1.1717e-02 (8.1610e-02)	Acc pseudo 100.00 ( 98.62)	Lr 1.000e-03 (1.000e-03)
2026-01-13 21:07:38,319 - INFO: Epoch: [0][200/229]	Time  0.033 ( 0.035)	Loss 1.3843e-02 (8.3316e-02)	Acc pseudo  98.44 ( 98.48)	Lr 1.000e-03 (1.000e-03)
2026-01-13 21:07:40,996 - INFO: Round 8, Face Fine-tune Epoch 0: loss=0.0853, acc(pseudo)=98.38%
2026-01-13 21:08:07,201 - INFO: Round 8, Face Fine-tune Epoch 0: acc(valid_pseudo): 0.9933, acc: 0.9205
2026-01-13 21:08:07,785 - INFO: Epoch: [1][  0/229]	Time  0.400 ( 0.400)	Loss 1.2156e-02 (1.2156e-02)	Acc pseudo 100.00 (100.00)	Lr 1.000e-03 (1.000e-03)
2026-01-13 21:08:12,484 - INFO: Epoch: [1][ 50/229]	Time  0.027 ( 0.034)	Loss 4.9065e-03 (5.0998e-02)	Acc pseudo 100.00 ( 97.86)	Lr 1.000e-03 (1.000e-03)
2026-01-13 21:08:17,177 - INFO: Epoch: [1][100/229]	Time  0.026 ( 0.030)	Loss 2.7579e-02 (5.2474e-02)	Acc pseudo  98.44 ( 98.14)	Lr 1.000e-03 (1.000e-03)
2026-01-13 21:08:21,873 - INFO: Epoch: [1][150/229]	Time  0.026 ( 0.029)	Loss 3.8785e-02 (5.1853e-02)	Acc pseudo  98.44 ( 98.30)	Lr 1.000e-03 (1.000e-03)
2026-01-13 21:08:26,569 - INFO: Epoch: [1][200/229]	Time  0.028 ( 0.029)	Loss 3.9157e-02 (5.6549e-02)	Acc pseudo  98.44 ( 98.24)	Lr 1.000e-03 (1.000e-03)
2026-01-13 21:08:29,263 - INFO: Round 8, Face Fine-tune Epoch 1: loss=0.0609, acc(pseudo)=98.12%
2026-01-13 21:08:53,980 - INFO: Round 8, Face Fine-tune Epoch 1: acc(valid_pseudo): 0.9940, acc: 0.9177
2026-01-13 21:08:54,611 - INFO: Epoch: [2][  0/229]	Time  0.452 ( 0.452)	Loss 6.1934e-02 (6.1934e-02)	Acc pseudo  93.75 ( 93.75)	Lr 1.000e-03 (1.000e-03)
2026-01-13 21:08:59,301 - INFO: Epoch: [2][ 50/229]	Time  0.027 ( 0.038)	Loss 1.1935e-01 (7.1096e-02)	Acc pseudo  98.44 ( 97.92)	Lr 1.000e-03 (1.000e-03)
2026-01-13 21:09:03,988 - INFO: Epoch: [2][100/229]	Time  0.030 ( 0.033)	Loss 4.0329e-02 (5.8662e-02)	Acc pseudo  96.88 ( 98.27)	Lr 1.000e-03 (1.000e-03)
2026-01-13 21:09:08,674 - INFO: Epoch: [2][150/229]	Time  0.029 ( 0.032)	Loss 5.3939e-02 (5.4079e-02)	Acc pseudo  98.44 ( 98.31)	Lr 1.000e-03 (1.000e-03)
2026-01-13 21:09:13,359 - INFO: Epoch: [2][200/229]	Time  0.028 ( 0.031)	Loss 5.5064e-02 (5.2967e-02)	Acc pseudo  96.88 ( 98.26)	Lr 1.000e-03 (1.000e-03)
2026-01-13 21:09:16,037 - INFO: Round 8, Face Fine-tune Epoch 2: loss=0.0522, acc(pseudo)=98.20%
2026-01-13 21:09:41,821 - INFO: Round 8, Face Fine-tune Epoch 2: acc(valid_pseudo): 0.9933, acc: 0.9177
2026-01-13 21:09:41,821 - INFO: Round 8, Face Fine-tune Epoch 2: No improvement. Patience(epoch): 1/3
2026-01-13 21:09:42,320 - INFO: Epoch: [3][  0/229]	Time  0.436 ( 0.436)	Loss 2.4074e-02 (2.4074e-02)	Acc pseudo  96.88 ( 96.88)	Lr 1.000e-03 (1.000e-03)
2026-01-13 21:09:46,998 - INFO: Epoch: [3][ 50/229]	Time  0.026 ( 0.038)	Loss 3.2615e-02 (4.2287e-02)	Acc pseudo  98.44 ( 98.62)	Lr 1.000e-03 (1.000e-03)
2026-01-13 21:09:51,674 - INFO: Epoch: [3][100/229]	Time  0.027 ( 0.034)	Loss 7.3323e-01 (7.4107e-02)	Acc pseudo  95.31 ( 98.16)	Lr 1.000e-03 (1.000e-03)
2026-01-13 21:09:56,352 - INFO: Epoch: [3][150/229]	Time  0.028 ( 0.032)	Loss 9.6154e-03 (6.4476e-02)	Acc pseudo 100.00 ( 98.21)	Lr 1.000e-03 (1.000e-03)
2026-01-13 21:10:01,027 - INFO: Epoch: [3][200/229]	Time  0.041 ( 0.031)	Loss 9.3085e-03 (6.6142e-02)	Acc pseudo 100.00 ( 98.20)	Lr 1.000e-03 (1.000e-03)
2026-01-13 21:10:03,722 - INFO: Round 8, Face Fine-tune Epoch 3: loss=0.0653, acc(pseudo)=98.18%
2026-01-13 21:10:28,325 - INFO: Round 8, Face Fine-tune Epoch 3: acc(valid_pseudo): 0.9931, acc: 0.9224
2026-01-13 21:10:28,328 - INFO: Round 8, Face Fine-tune Epoch 3: No improvement. Patience(epoch): 2/3
2026-01-13 21:10:28,812 - INFO: Epoch: [4][  0/229]	Time  0.426 ( 0.426)	Loss 1.3491e-01 (1.3491e-01)	Acc pseudo  96.88 ( 96.88)	Lr 1.000e-03 (1.000e-03)
2026-01-13 21:10:33,497 - INFO: Epoch: [4][ 50/229]	Time  0.027 ( 0.037)	Loss 1.3150e-01 (5.8379e-02)	Acc pseudo  98.44 ( 97.61)	Lr 1.000e-03 (1.000e-03)
2026-01-13 21:10:38,176 - INFO: Epoch: [4][100/229]	Time  0.028 ( 0.034)	Loss 2.4301e-02 (1.2269e-01)	Acc pseudo 100.00 ( 97.87)	Lr 1.000e-03 (1.000e-03)
2026-01-13 21:10:42,854 - INFO: Epoch: [4][150/229]	Time  0.026 ( 0.032)	Loss 1.9447e-01 (1.0385e-01)	Acc pseudo  93.75 ( 97.85)	Lr 1.000e-03 (1.000e-03)
2026-01-13 21:10:47,531 - INFO: Epoch: [4][200/229]	Time  0.029 ( 0.031)	Loss 2.9005e-02 (9.3634e-02)	Acc pseudo  98.44 ( 97.92)	Lr 1.000e-03 (1.000e-03)
2026-01-13 21:10:50,211 - INFO: Round 8, Face Fine-tune Epoch 4: loss=0.0905, acc(pseudo)=97.86%
2026-01-13 21:11:16,506 - INFO: Round 8, Face Fine-tune Epoch 4: acc(valid_pseudo): 0.9936, acc: 0.9205
2026-01-13 21:11:16,506 - INFO: Round 8, Face Fine-tune Epoch 4: No improvement. Patience(epoch): 3/3
2026-01-13 21:11:16,506 - INFO: Early stopping at face epoch 4
2026-01-13 21:11:16,508 - INFO: Round 8: Best face fine-tuned epoch=1, acc(valid_pseudo)=0.9940
2026-01-13 21:11:16,550 - INFO: Using HMM model from previous round: runs/the big bang theory/exp_video/result/self_supervised/exp0/round7/pseudo_label/hmm_params.pkl
2026-01-13 21:25:58,819 - INFO: Round 8: speaker_acc=0.9300
2026-01-13 21:25:58,823 - INFO: Round 8: face_acc=0.9158
2026-01-13 21:25:58,827 - INFO: ====================
2026-01-13 21:25:58,827 - INFO: Round 9: Fine-tuning iteration
2026-01-13 21:25:58,827 - INFO: ====================
2026-01-13 21:25:58,883 - INFO: Round 9 Part 1: Fine-tuning embedding model
2026-01-13 21:25:58,884 - INFO: Using pseudo-label file: runs/the big bang theory/exp_video/result/self_supervised/exp0/round8/pseudo_label/pseudo_labels_audio_nested_hmm_full(unreliable_pp=20.0).json
2026-01-13 21:25:58,897 - INFO: For training, Using face pseudo-label file: runs/the big bang theory/exp_video/result/self_supervised/exp0/round8/pseudo_label/pseudo_labels_faces_mid_frame_train_nested_hmm_full.json
2026-01-13 21:25:58,898 - INFO: For infering, Using face pseudo-label file: runs/the big bang theory/exp_video/result/self_supervised/exp0/round8/pseudo_label/pseudo_labels_faces_mid_frame_all_nested_hmm_full.json
2026-01-13 21:25:58,953 - INFO: Created face dataloader with 14646 samples
2026-01-13 21:25:58,964 - INFO: Fine-tuning speaker embedding model for 20 epochs...
2026-01-13 21:25:59,175 - INFO: Epoch: [0][  0/107]	Time  0.205 ( 0.205)	Loss 5.6954e-01 (5.6954e-01)	Acc pseudo  95.31 ( 95.31)	Lr 1.000e-03 (1.000e-03)
2026-01-13 21:25:59,350 - INFO: Epoch: [0][ 50/107]	Time  0.003 ( 0.007)	Loss 2.4417e-03 (1.2262e-01)	Acc pseudo 100.00 ( 97.33)	Lr 1.000e-03 (1.000e-03)
2026-01-13 21:25:59,512 - INFO: Epoch: [0][100/107]	Time  0.002 ( 0.005)	Loss 1.3742e-01 (1.3562e-01)	Acc pseudo  95.31 ( 97.17)	Lr 1.000e-03 (1.000e-03)
2026-01-13 21:25:59,577 - INFO: Round 9, Fine-tune Epoch 0: loss=0.1336, acc(pseudo)=97.12%
2026-01-13 21:26:04,295 - INFO: Round 9, Fine-tune Epoch 0: acc(valid_pseudo): 0.8324, acc: 0.6190
2026-01-13 21:26:04,545 - INFO: Epoch: [1][  0/107]	Time  0.176 ( 0.176)	Loss 2.6945e-02 (2.6945e-02)	Acc pseudo 100.00 (100.00)	Lr 1.000e-03 (1.000e-03)
2026-01-13 21:26:04,715 - INFO: Epoch: [1][ 50/107]	Time  0.003 ( 0.007)	Loss 7.5759e-02 (1.3060e-01)	Acc pseudo  96.88 ( 97.03)	Lr 1.000e-03 (1.000e-03)
2026-01-13 21:26:04,862 - INFO: Epoch: [1][100/107]	Time  0.002 ( 0.005)	Loss 2.7464e-01 (1.1459e-01)	Acc pseudo  95.31 ( 97.08)	Lr 1.000e-03 (1.000e-03)
2026-01-13 21:26:04,925 - INFO: Round 9, Fine-tune Epoch 1: loss=0.1130, acc(pseudo)=97.06%
2026-01-13 21:26:09,250 - INFO: Round 9, Fine-tune Epoch 1: acc(valid_pseudo): 0.9851, acc: 0.9110
2026-01-13 21:26:09,864 - INFO: Epoch: [2][  0/107]	Time  0.280 ( 0.280)	Loss 1.1061e-01 (1.1061e-01)	Acc pseudo  96.88 ( 96.88)	Lr 1.000e-03 (1.000e-03)
2026-01-13 21:26:10,050 - INFO: Epoch: [2][ 50/107]	Time  0.003 ( 0.009)	Loss 4.2005e-01 (1.0916e-01)	Acc pseudo  95.31 ( 97.33)	Lr 1.000e-03 (1.000e-03)
2026-01-13 21:26:10,224 - INFO: Epoch: [2][100/107]	Time  0.002 ( 0.006)	Loss 2.2167e-02 (9.8164e-02)	Acc pseudo  98.44 ( 97.49)	Lr 1.000e-03 (1.000e-03)
2026-01-13 21:26:10,291 - INFO: Round 9, Fine-tune Epoch 2: loss=0.0988, acc(pseudo)=97.51%
2026-01-13 21:26:15,101 - INFO: Round 9, Fine-tune Epoch 2: acc(valid_pseudo): 0.9959, acc: 0.9290
2026-01-13 21:26:15,379 - INFO: Epoch: [3][  0/107]	Time  0.205 ( 0.205)	Loss 8.5303e-02 (8.5303e-02)	Acc pseudo  95.31 ( 95.31)	Lr 1.000e-03 (1.000e-03)
2026-01-13 21:26:15,545 - INFO: Epoch: [3][ 50/107]	Time  0.003 ( 0.007)	Loss 1.7393e-01 (6.4338e-02)	Acc pseudo  95.31 ( 98.01)	Lr 1.000e-03 (1.000e-03)
2026-01-13 21:26:15,703 - INFO: Epoch: [3][100/107]	Time  0.003 ( 0.005)	Loss 3.5787e-02 (6.1048e-02)	Acc pseudo  98.44 ( 98.13)	Lr 1.000e-03 (1.000e-03)
2026-01-13 21:26:15,772 - INFO: Round 9, Fine-tune Epoch 3: loss=0.0613, acc(pseudo)=98.11%
2026-01-13 21:26:21,163 - INFO: Round 9, Fine-tune Epoch 3: acc(valid_pseudo): 0.9975, acc: 0.9315
2026-01-13 21:26:21,648 - INFO: Epoch: [4][  0/107]	Time  0.348 ( 0.348)	Loss 5.9149e-02 (5.9149e-02)	Acc pseudo  98.44 ( 98.44)	Lr 1.000e-03 (1.000e-03)
2026-01-13 21:26:21,836 - INFO: Epoch: [4][ 50/107]	Time  0.003 ( 0.010)	Loss 9.4253e-02 (7.3803e-02)	Acc pseudo  96.88 ( 97.76)	Lr 1.000e-03 (1.000e-03)
2026-01-13 21:26:21,996 - INFO: Epoch: [4][100/107]	Time  0.002 ( 0.007)	Loss 2.7527e-02 (7.5927e-02)	Acc pseudo 100.00 ( 97.76)	Lr 1.000e-03 (1.000e-03)
2026-01-13 21:26:22,061 - INFO: Round 9, Fine-tune Epoch 4: loss=0.0756, acc(pseudo)=97.79%
2026-01-13 21:26:28,099 - INFO: Round 9, Fine-tune Epoch 4: acc(valid_pseudo): 0.9884, acc: 0.9240
2026-01-13 21:26:28,099 - INFO: Round 9, Speaker Fine-tune Epoch 4: No improvement in validation accuracy. Patience(epoch): 1/3
2026-01-13 21:26:28,280 - INFO: Epoch: [5][  0/107]	Time  0.175 ( 0.175)	Loss 2.0734e-02 (2.0734e-02)	Acc pseudo  98.44 ( 98.44)	Lr 1.000e-03 (1.000e-03)
2026-01-13 21:26:28,453 - INFO: Epoch: [5][ 50/107]	Time  0.003 ( 0.007)	Loss 4.7094e-02 (7.6899e-02)	Acc pseudo  98.44 ( 97.49)	Lr 1.000e-03 (1.000e-03)
2026-01-13 21:26:28,600 - INFO: Epoch: [5][100/107]	Time  0.002 ( 0.005)	Loss 2.1212e-01 (9.1667e-02)	Acc pseudo  96.88 ( 97.39)	Lr 1.000e-03 (1.000e-03)
2026-01-13 21:26:28,679 - INFO: Round 9, Fine-tune Epoch 5: loss=0.0902, acc(pseudo)=97.39%
2026-01-13 21:26:34,191 - INFO: Round 9, Fine-tune Epoch 5: acc(valid_pseudo): 0.9802, acc: 0.9020
2026-01-13 21:26:34,191 - INFO: Round 9, Speaker Fine-tune Epoch 5: No improvement in validation accuracy. Patience(epoch): 2/3
2026-01-13 21:26:34,375 - INFO: Epoch: [6][  0/107]	Time  0.179 ( 0.179)	Loss 1.1275e-02 (1.1275e-02)	Acc pseudo 100.00 (100.00)	Lr 1.000e-03 (1.000e-03)
2026-01-13 21:26:34,547 - INFO: Epoch: [6][ 50/107]	Time  0.003 ( 0.007)	Loss 5.1339e-02 (6.9992e-02)	Acc pseudo  98.44 ( 98.10)	Lr 1.000e-03 (1.000e-03)
2026-01-13 21:26:34,699 - INFO: Epoch: [6][100/107]	Time  0.002 ( 0.005)	Loss 2.8878e-01 (8.4416e-02)	Acc pseudo  96.88 ( 97.85)	Lr 1.000e-03 (1.000e-03)
2026-01-13 21:26:34,762 - INFO: Round 9, Fine-tune Epoch 6: loss=0.0841, acc(pseudo)=97.82%
2026-01-13 21:26:39,606 - INFO: Round 9, Fine-tune Epoch 6: acc(valid_pseudo): 0.9884, acc: 0.9150
2026-01-13 21:26:39,607 - INFO: Round 9, Speaker Fine-tune Epoch 6: No improvement in validation accuracy. Patience(epoch): 3/3
2026-01-13 21:26:39,607 - INFO: Early stopping at epoch 6 due to no improvement in validation accuracy for 3 epochs.
2026-01-13 21:26:39,608 - INFO: Round 9: Best speaker fine-tuned epoch=3, acc(valid_pseudo)=0.9975
2026-01-13 21:26:39,612 - INFO: Fine-tuning face embedding model for 20 epochs...
2026-01-13 21:26:40,119 - INFO: Epoch: [0][  0/229]	Time  0.464 ( 0.464)	Loss 2.7299e-04 (2.7299e-04)	Acc pseudo 100.00 (100.00)	Lr 1.000e-03 (1.000e-03)
2026-01-13 21:26:44,786 - INFO: Epoch: [0][ 50/229]	Time  0.038 ( 0.041)	Loss 7.2219e-02 (8.9750e-02)	Acc pseudo  98.44 ( 98.07)	Lr 1.000e-03 (1.000e-03)
2026-01-13 21:26:49,458 - INFO: Epoch: [0][100/229]	Time  0.028 ( 0.035)	Loss 3.4467e-01 (1.1691e-01)	Acc pseudo  90.62 ( 97.97)	Lr 1.000e-03 (1.000e-03)
2026-01-13 21:26:54,126 - INFO: Epoch: [0][150/229]	Time  0.027 ( 0.033)	Loss 1.7154e-01 (1.2551e-01)	Acc pseudo  98.44 ( 97.81)	Lr 1.000e-03 (1.000e-03)
2026-01-13 21:26:58,799 - INFO: Epoch: [0][200/229]	Time  0.032 ( 0.032)	Loss 1.3031e-02 (1.1313e-01)	Acc pseudo 100.00 ( 97.78)	Lr 1.000e-03 (1.000e-03)
2026-01-13 21:27:01,495 - INFO: Round 9, Face Fine-tune Epoch 0: loss=0.1121, acc(pseudo)=97.77%
2026-01-13 21:27:28,560 - INFO: Round 9, Face Fine-tune Epoch 0: acc(valid_pseudo): 0.9940, acc: 0.9205
2026-01-13 21:27:29,172 - INFO: Epoch: [1][  0/229]	Time  0.441 ( 0.441)	Loss 3.1658e-02 (3.1658e-02)	Acc pseudo  98.44 ( 98.44)	Lr 1.000e-03 (1.000e-03)
2026-01-13 21:27:33,877 - INFO: Epoch: [1][ 50/229]	Time  0.039 ( 0.047)	Loss 2.1042e-02 (4.8361e-02)	Acc pseudo  98.44 ( 97.82)	Lr 1.000e-03 (1.000e-03)
2026-01-13 21:27:38,569 - INFO: Epoch: [1][100/229]	Time  0.028 ( 0.040)	Loss 4.1432e-02 (5.2919e-02)	Acc pseudo  98.44 ( 98.02)	Lr 1.000e-03 (1.000e-03)
2026-01-13 21:27:43,269 - INFO: Epoch: [1][150/229]	Time  0.026 ( 0.036)	Loss 8.7197e-02 (5.6435e-02)	Acc pseudo  98.44 ( 97.92)	Lr 1.000e-03 (1.000e-03)
2026-01-13 21:27:47,967 - INFO: Epoch: [1][200/229]	Time  0.028 ( 0.034)	Loss 5.1072e-01 (6.0823e-02)	Acc pseudo  96.88 ( 97.88)	Lr 1.000e-03 (1.000e-03)
2026-01-13 21:27:50,661 - INFO: Round 9, Face Fine-tune Epoch 1: loss=0.0608, acc(pseudo)=97.88%
2026-01-13 21:28:15,985 - INFO: Round 9, Face Fine-tune Epoch 1: acc(valid_pseudo): 0.9938, acc: 0.9177
2026-01-13 21:28:15,985 - INFO: Round 9, Face Fine-tune Epoch 1: No improvement. Patience(epoch): 1/3
2026-01-13 21:28:16,475 - INFO: Epoch: [2][  0/229]	Time  0.443 ( 0.443)	Loss 7.7708e-02 (7.7708e-02)	Acc pseudo  96.88 ( 96.88)	Lr 1.000e-03 (1.000e-03)
2026-01-13 21:28:21,169 - INFO: Epoch: [2][ 50/229]	Time  0.035 ( 0.038)	Loss 1.8359e-02 (5.4088e-02)	Acc pseudo  98.44 ( 98.07)	Lr 1.000e-03 (1.000e-03)
2026-01-13 21:28:25,858 - INFO: Epoch: [2][100/229]	Time  0.027 ( 0.033)	Loss 4.3256e-02 (5.1777e-02)	Acc pseudo  96.88 ( 98.16)	Lr 1.000e-03 (1.000e-03)
2026-01-13 21:28:30,553 - INFO: Epoch: [2][150/229]	Time  0.026 ( 0.031)	Loss 2.9742e-02 (5.9157e-02)	Acc pseudo 100.00 ( 98.10)	Lr 1.000e-03 (1.000e-03)
2026-01-13 21:28:35,244 - INFO: Epoch: [2][200/229]	Time  0.026 ( 0.030)	Loss 1.9279e-02 (5.9335e-02)	Acc pseudo 100.00 ( 98.13)	Lr 1.000e-03 (1.000e-03)
2026-01-13 21:28:37,940 - INFO: Round 9, Face Fine-tune Epoch 2: loss=0.0578, acc(pseudo)=98.14%
2026-01-13 21:29:04,569 - INFO: Round 9, Face Fine-tune Epoch 2: acc(valid_pseudo): 0.9933, acc: 0.9139
2026-01-13 21:29:04,569 - INFO: Round 9, Face Fine-tune Epoch 2: No improvement. Patience(epoch): 2/3
2026-01-13 21:29:05,071 - INFO: Epoch: [3][  0/229]	Time  0.447 ( 0.447)	Loss 7.2062e-02 (7.2062e-02)	Acc pseudo  98.44 ( 98.44)	Lr 1.000e-03 (1.000e-03)
2026-01-13 21:29:09,764 - INFO: Epoch: [3][ 50/229]	Time  0.026 ( 0.038)	Loss 2.2545e-02 (4.1201e-02)	Acc pseudo 100.00 ( 98.28)	Lr 1.000e-03 (1.000e-03)
2026-01-13 21:29:14,449 - INFO: Epoch: [3][100/229]	Time  0.029 ( 0.034)	Loss 7.4056e-02 (6.7673e-02)	Acc pseudo  95.31 ( 98.13)	Lr 1.000e-03 (1.000e-03)
2026-01-13 21:29:19,149 - INFO: Epoch: [3][150/229]	Time  0.028 ( 0.033)	Loss 4.0105e-03 (6.2309e-02)	Acc pseudo 100.00 ( 98.19)	Lr 1.000e-03 (1.000e-03)
2026-01-13 21:29:23,836 - INFO: Epoch: [3][200/229]	Time  0.027 ( 0.033)	Loss 5.7776e-03 (5.7604e-02)	Acc pseudo 100.00 ( 98.28)	Lr 1.000e-03 (1.000e-03)
2026-01-13 21:29:26,535 - INFO: Round 9, Face Fine-tune Epoch 3: loss=0.0556, acc(pseudo)=98.33%
2026-01-13 21:29:51,597 - INFO: Round 9, Face Fine-tune Epoch 3: acc(valid_pseudo): 0.9933, acc: 0.9167
2026-01-13 21:29:51,597 - INFO: Round 9, Face Fine-tune Epoch 3: No improvement. Patience(epoch): 3/3
2026-01-13 21:29:51,597 - INFO: Early stopping at face epoch 3
2026-01-13 21:29:51,598 - INFO: Round 9: Best face fine-tuned epoch=0, acc(valid_pseudo)=0.9940
2026-01-13 21:29:51,654 - INFO: Using HMM model from previous round: runs/the big bang theory/exp_video/result/self_supervised/exp0/round8/pseudo_label/hmm_params.pkl
2026-01-13 21:44:52,222 - INFO: Round 9: speaker_acc=0.9310
2026-01-13 21:44:52,266 - INFO: Round 9: face_acc=0.9177
2026-01-13 21:44:52,275 - INFO: ====================
2026-01-13 21:44:52,275 - INFO: Self-supervised fine-tuning completed!
2026-01-13 21:44:52,275 - INFO: Initial speaker: acc=0.9225
2026-01-13 21:44:52,275 - INFO: Final speaker at round 9: acc=0.9310
2026-01-13 21:44:52,275 - INFO: Speaker improvement: 0.0085 (0.92%)
2026-01-13 21:44:52,275 - INFO: Initial face: acc=0.9139
2026-01-13 21:44:52,275 - INFO: Final face at round 9: acc=0.9177
2026-01-13 21:44:52,275 - INFO: Face improvement: 0.0038 (0.42%)
2026-01-13 21:44:52,275 - INFO: ====================
