2026-02-08 15:20:55,615 - INFO: Starting self-supervised fine-tuning pipeline
2026-02-08 15:20:55,616 - INFO: Device: cuda:0
2026-02-08 15:20:55,621 - INFO: Saved arguments to runs/the big bang theory/exp_video/result/self_supervised/baseline_joint/exp1/args.json
2026-02-08 15:20:55,621 - INFO: ====================
2026-02-08 15:20:55,621 - INFO: Initialization: Initial clustering with baseline method joint
2026-02-08 15:20:55,621 - INFO: ====================
2026-02-08 15:22:04,204 - INFO: Saved initial clustering results to runs/the big bang theory/exp_video/result/self_supervised/baseline_joint/exp1/initial
2026-02-08 15:22:04,204 - INFO: Initial: speaker_acc=0.9090
2026-02-08 15:22:04,204 - INFO: Initial: face_acc=0.9074
2026-02-08 15:22:04,204 - INFO: ====================
2026-02-08 15:22:04,204 - INFO: Round 0: Fine-tuning iteration
2026-02-08 15:22:04,204 - INFO: ====================
2026-02-08 15:22:04,245 - INFO: Round 0 Part 1: Fine-tuning embedding model
2026-02-08 15:22:04,246 - INFO: Using pseudo-label file: runs/the big bang theory/exp_video/result/self_supervised/baseline_joint/exp1/initial/pseudo_label/pseudo_labels_audio_baseline_joint.json
2026-02-08 15:22:07,575 - INFO: Speaker embedding dimension: 512
2026-02-08 15:22:07,958 - INFO: Saved speaker config_model to runs/the big bang theory/exp_video/result/self_supervised/baseline_joint/exp1/round0/config_model_speaker.json
2026-02-08 15:22:08,838 - INFO: Face embedding dimension: 512
2026-02-08 15:22:08,845 - INFO: Loading face pretrained model from pretrained_models/pytorch_model_tongyi.bin
2026-02-08 15:22:11,119 - INFO: Face model weights loaded successfully
2026-02-08 15:23:15,207 - INFO: Extracting hidden features for all speaker samples, which are outputs of StatsPool layer...
2026-02-08 15:23:15,207 - INFO: args.unfrozen_layers_num=2 is not used when extracting hidden features.
2026-02-08 15:26:50,995 - INFO: Hidden features extracted for 6829 speaker samples
2026-02-08 15:26:51,044 - INFO: For training, Using face pseudo-label file: runs/the big bang theory/exp_video/result/self_supervised/baseline_joint/exp1/initial/pseudo_label/pseudo_labels_faces_mid_frame_train_baseline_joint.json
2026-02-08 15:26:51,044 - INFO: For infering, Using face pseudo-label file: runs/the big bang theory/exp_video/result/self_supervised/baseline_joint/exp1/initial/pseudo_label/pseudo_labels_faces_mid_frame_all_baseline_joint.json
2026-02-08 15:26:51,094 - INFO: Created face dataloader with 14646 samples
2026-02-08 15:26:51,097 - INFO: Warmup training speaker classifier for 2 epochs...
2026-02-08 15:26:51,537 - INFO: Epoch: [0][  0/107]	Time  0.436 ( 0.436)	Loss 2.4354e+00 (2.4354e+00)	Acc pseudo   9.38 (  9.38)	Lr 1.000e-03 (1.000e-03)
2026-02-08 15:26:51,675 - INFO: Epoch: [0][ 50/107]	Time  0.002 ( 0.011)	Loss 7.4142e-01 (1.0309e+00)	Acc pseudo  84.38 ( 83.06)	Lr 1.000e-03 (1.000e-03)
2026-02-08 15:26:51,795 - INFO: Epoch: [0][100/107]	Time  0.002 ( 0.007)	Loss 3.9026e-01 (6.9174e-01)	Acc pseudo  96.88 ( 88.77)	Lr 1.000e-03 (1.000e-03)
2026-02-08 15:26:51,832 - INFO: Round 0, Speaker Warmup Epoch 0: loss=0.6726, acc(pseudo)=89.09%
2026-02-08 15:26:51,944 - INFO: Epoch: [1][  0/107]	Time  0.108 ( 0.108)	Loss 1.0729e-01 (1.0729e-01)	Acc pseudo  98.44 ( 98.44)	Lr 1.000e-03 (1.000e-03)
2026-02-08 15:26:52,075 - INFO: Epoch: [1][ 50/107]	Time  0.002 ( 0.005)	Loss 2.0760e-01 (2.0909e-01)	Acc pseudo  96.88 ( 95.40)	Lr 1.000e-03 (1.000e-03)
2026-02-08 15:26:52,192 - INFO: Epoch: [1][100/107]	Time  0.001 ( 0.003)	Loss 1.4427e-01 (1.9721e-01)	Acc pseudo  95.31 ( 95.67)	Lr 1.000e-03 (1.000e-03)
2026-02-08 15:26:52,228 - INFO: Round 0, Speaker Warmup Epoch 1: loss=0.1977, acc(pseudo)=95.61%
2026-02-08 15:26:52,231 - INFO: Warmup training face classifier for 2 epochs...
2026-02-08 15:26:53,408 - INFO: Epoch: [0][  0/229]	Time  1.150 ( 1.150)	Loss 2.5914e+00 (2.5914e+00)	Acc pseudo   4.69 (  4.69)	Lr 1.000e-03 (1.000e-03)
2026-02-08 15:26:57,986 - INFO: Epoch: [0][ 50/229]	Time  0.027 ( 0.050)	Loss 1.3017e+00 (1.7458e+00)	Acc pseudo  75.00 ( 59.90)	Lr 1.000e-03 (1.000e-03)
2026-02-08 15:27:02,547 - INFO: Epoch: [0][100/229]	Time  0.030 ( 0.039)	Loss 1.1581e+00 (1.3836e+00)	Acc pseudo  82.81 ( 69.72)	Lr 1.000e-03 (1.000e-03)
2026-02-08 15:27:07,117 - INFO: Epoch: [0][150/229]	Time  0.026 ( 0.036)	Loss 5.2508e-01 (1.1752e+00)	Acc pseudo  87.50 ( 74.07)	Lr 1.000e-03 (1.000e-03)
2026-02-08 15:27:11,684 - INFO: Epoch: [0][200/229]	Time  0.029 ( 0.034)	Loss 4.5811e-01 (1.0434e+00)	Acc pseudo  84.38 ( 76.73)	Lr 1.000e-03 (1.000e-03)
2026-02-08 15:27:14,282 - INFO: Round 0, Face Warmup Epoch 0: loss=0.9822, acc(pseudo)=77.97%
2026-02-08 15:27:14,659 - INFO: Epoch: [1][  0/229]	Time  0.328 ( 0.328)	Loss 7.9683e-01 (7.9683e-01)	Acc pseudo  89.06 ( 89.06)	Lr 1.000e-03 (1.000e-03)
2026-02-08 15:27:19,228 - INFO: Epoch: [1][ 50/229]	Time  0.025 ( 0.033)	Loss 3.8498e-01 (4.7363e-01)	Acc pseudo  90.62 ( 87.71)	Lr 1.000e-03 (1.000e-03)
2026-02-08 15:27:23,798 - INFO: Epoch: [1][100/229]	Time  0.024 ( 0.030)	Loss 4.6016e-01 (4.9120e-01)	Acc pseudo  87.50 ( 87.84)	Lr 1.000e-03 (1.000e-03)
2026-02-08 15:27:28,372 - INFO: Epoch: [1][150/229]	Time  0.027 ( 0.030)	Loss 4.6609e-01 (5.0533e-01)	Acc pseudo  95.31 ( 87.61)	Lr 1.000e-03 (1.000e-03)
2026-02-08 15:27:33,087 - INFO: Epoch: [1][200/229]	Time  0.024 ( 0.030)	Loss 6.2843e-01 (4.9086e-01)	Acc pseudo  84.38 ( 87.65)	Lr 1.000e-03 (1.000e-03)
2026-02-08 15:27:35,686 - INFO: Round 0, Face Warmup Epoch 1: loss=0.4885, acc(pseudo)=87.56%
2026-02-08 15:27:35,696 - INFO: Fine-tuning speaker embedding model for 20 epochs...
2026-02-08 15:27:36,387 - INFO: Epoch: [0][  0/107]	Time  0.688 ( 0.688)	Loss 1.7594e-01 (1.7594e-01)	Acc pseudo  96.88 ( 96.88)	Lr 1.000e-03 (1.000e-03)
2026-02-08 15:27:36,555 - INFO: Epoch: [0][ 50/107]	Time  0.002 ( 0.017)	Loss 1.6384e-01 (3.1811e-01)	Acc pseudo  89.06 ( 92.92)	Lr 1.000e-03 (1.000e-03)
2026-02-08 15:27:36,686 - INFO: Epoch: [0][100/107]	Time  0.002 ( 0.010)	Loss 1.3211e-01 (2.7077e-01)	Acc pseudo  95.31 ( 93.49)	Lr 1.000e-03 (1.000e-03)
2026-02-08 15:27:36,729 - INFO: Round 0, Fine-tune Epoch 0: loss=0.2728, acc(pseudo)=93.54%
2026-02-08 15:27:41,143 - INFO: Round 0, Fine-tune Epoch 0: acc(valid_pseudo): 0.8590, acc: 0.8590
2026-02-08 15:27:41,512 - INFO: Epoch: [1][  0/107]	Time  0.117 ( 0.117)	Loss 2.1737e-01 (2.1737e-01)	Acc pseudo  93.75 ( 93.75)	Lr 1.000e-03 (1.000e-03)
2026-02-08 15:27:41,666 - INFO: Epoch: [1][ 50/107]	Time  0.003 ( 0.005)	Loss 8.6668e-02 (1.6914e-01)	Acc pseudo 100.00 ( 95.71)	Lr 1.000e-03 (1.000e-03)
2026-02-08 15:27:41,811 - INFO: Epoch: [1][100/107]	Time  0.002 ( 0.004)	Loss 1.3565e-01 (1.5425e-01)	Acc pseudo  93.75 ( 95.70)	Lr 1.000e-03 (1.000e-03)
2026-02-08 15:27:41,852 - INFO: Round 0, Fine-tune Epoch 1: loss=0.1561, acc(pseudo)=95.64%
2026-02-08 15:27:45,901 - INFO: Round 0, Fine-tune Epoch 1: acc(valid_pseudo): 0.8970, acc: 0.8970
2026-02-08 15:27:46,279 - INFO: Epoch: [2][  0/107]	Time  0.120 ( 0.120)	Loss 7.5196e-02 (7.5196e-02)	Acc pseudo  98.44 ( 98.44)	Lr 1.000e-03 (1.000e-03)
2026-02-08 15:27:46,427 - INFO: Epoch: [2][ 50/107]	Time  0.003 ( 0.005)	Loss 2.9819e-02 (1.3933e-01)	Acc pseudo 100.00 ( 96.26)	Lr 1.000e-03 (1.000e-03)
2026-02-08 15:27:46,565 - INFO: Epoch: [2][100/107]	Time  0.002 ( 0.004)	Loss 1.5181e-01 (1.5486e-01)	Acc pseudo  96.88 ( 95.82)	Lr 1.000e-03 (1.000e-03)
2026-02-08 15:27:46,604 - INFO: Round 0, Fine-tune Epoch 2: loss=0.1508, acc(pseudo)=95.87%
2026-02-08 15:27:50,434 - INFO: Round 0, Fine-tune Epoch 2: acc(valid_pseudo): 0.8710, acc: 0.8710
2026-02-08 15:27:50,435 - INFO: Round 0, Speaker Fine-tune Epoch 2: No improvement in validation accuracy. Patience(epoch): 1/3
2026-02-08 15:27:50,558 - INFO: Epoch: [3][  0/107]	Time  0.119 ( 0.119)	Loss 3.7118e-02 (3.7118e-02)	Acc pseudo  98.44 ( 98.44)	Lr 1.000e-03 (1.000e-03)
2026-02-08 15:27:50,716 - INFO: Epoch: [3][ 50/107]	Time  0.003 ( 0.005)	Loss 1.2151e-01 (1.1654e-01)	Acc pseudo  93.75 ( 96.32)	Lr 1.000e-03 (1.000e-03)
2026-02-08 15:27:50,857 - INFO: Epoch: [3][100/107]	Time  0.002 ( 0.004)	Loss 3.4325e-02 (1.2398e-01)	Acc pseudo  98.44 ( 96.10)	Lr 1.000e-03 (1.000e-03)
2026-02-08 15:27:50,910 - INFO: Round 0, Fine-tune Epoch 3: loss=0.1235, acc(pseudo)=96.16%
2026-02-08 15:27:54,779 - INFO: Round 0, Fine-tune Epoch 3: acc(valid_pseudo): 0.8700, acc: 0.8700
2026-02-08 15:27:54,779 - INFO: Round 0, Speaker Fine-tune Epoch 3: No improvement in validation accuracy. Patience(epoch): 2/3
2026-02-08 15:27:54,903 - INFO: Epoch: [4][  0/107]	Time  0.119 ( 0.119)	Loss 2.4076e-01 (2.4076e-01)	Acc pseudo  95.31 ( 95.31)	Lr 1.000e-03 (1.000e-03)
2026-02-08 15:27:55,051 - INFO: Epoch: [4][ 50/107]	Time  0.003 ( 0.005)	Loss 5.9134e-02 (8.7218e-02)	Acc pseudo  96.88 ( 97.00)	Lr 1.000e-03 (1.000e-03)
2026-02-08 15:27:55,192 - INFO: Epoch: [4][100/107]	Time  0.002 ( 0.004)	Loss 1.0462e-01 (8.7202e-02)	Acc pseudo  95.31 ( 97.17)	Lr 1.000e-03 (1.000e-03)
2026-02-08 15:27:55,233 - INFO: Round 0, Fine-tune Epoch 4: loss=0.0868, acc(pseudo)=97.22%
2026-02-08 15:27:59,006 - INFO: Round 0, Fine-tune Epoch 4: acc(valid_pseudo): 0.8965, acc: 0.8965
2026-02-08 15:27:59,006 - INFO: Round 0, Speaker Fine-tune Epoch 4: No improvement in validation accuracy. Patience(epoch): 3/3
2026-02-08 15:27:59,006 - INFO: Early stopping at epoch 4 due to no improvement in validation accuracy for 3 epochs.
2026-02-08 15:27:59,007 - INFO: Round 0: Best speaker fine-tuned epoch=1, acc(valid_pseudo)=0.8970
2026-02-08 15:27:59,011 - INFO: Fine-tuning face embedding model for 20 epochs...
2026-02-08 15:27:59,391 - INFO: Epoch: [0][  0/229]	Time  0.376 ( 0.376)	Loss 3.2587e-01 (3.2587e-01)	Acc pseudo  89.06 ( 89.06)	Lr 1.000e-03 (1.000e-03)
2026-02-08 15:28:04,042 - INFO: Epoch: [0][ 50/229]	Time  0.031 ( 0.038)	Loss 8.4548e-01 (8.8866e-01)	Acc pseudo  82.81 ( 78.68)	Lr 1.000e-03 (1.000e-03)
2026-02-08 15:28:08,681 - INFO: Epoch: [0][100/229]	Time  0.026 ( 0.033)	Loss 7.9640e-01 (7.2387e-01)	Acc pseudo  79.69 ( 81.96)	Lr 1.000e-03 (1.000e-03)
2026-02-08 15:28:13,319 - INFO: Epoch: [0][150/229]	Time  0.030 ( 0.031)	Loss 3.3445e-01 (6.3645e-01)	Acc pseudo  93.75 ( 83.54)	Lr 1.000e-03 (1.000e-03)
2026-02-08 15:28:18,049 - INFO: Epoch: [0][200/229]	Time  0.026 ( 0.031)	Loss 2.5293e-01 (5.7853e-01)	Acc pseudo  92.19 ( 84.72)	Lr 1.000e-03 (1.000e-03)
2026-02-08 15:28:20,793 - INFO: Round 0, Face Fine-tune Epoch 0: loss=0.5441, acc(pseudo)=85.38%
2026-02-08 15:28:45,361 - INFO: Round 0, Face Fine-tune Epoch 0: acc(valid_pseudo): 0.9655, acc: 0.8962
2026-02-08 15:28:46,720 - INFO: Epoch: [1][  0/229]	Time  0.335 ( 0.335)	Loss 2.2436e-01 (2.2436e-01)	Acc pseudo  92.19 ( 92.19)	Lr 1.000e-03 (1.000e-03)
2026-02-08 15:28:51,375 - INFO: Epoch: [1][ 50/229]	Time  0.030 ( 0.036)	Loss 9.1132e-02 (2.1636e-01)	Acc pseudo  95.31 ( 92.19)	Lr 1.000e-03 (1.000e-03)
2026-02-08 15:28:56,027 - INFO: Epoch: [1][100/229]	Time  0.037 ( 0.032)	Loss 2.5545e-01 (2.6371e-01)	Acc pseudo  87.50 ( 92.09)	Lr 1.000e-03 (1.000e-03)
2026-02-08 15:29:00,682 - INFO: Epoch: [1][150/229]	Time  0.037 ( 0.032)	Loss 1.5804e-01 (2.7763e-01)	Acc pseudo  96.88 ( 91.69)	Lr 1.000e-03 (1.000e-03)
2026-02-08 15:29:05,340 - INFO: Epoch: [1][200/229]	Time  0.027 ( 0.031)	Loss 3.8222e-01 (2.7211e-01)	Acc pseudo  85.94 ( 91.55)	Lr 1.000e-03 (1.000e-03)
2026-02-08 15:29:07,984 - INFO: Round 0, Face Fine-tune Epoch 1: loss=0.2700, acc(pseudo)=91.60%
2026-02-08 15:29:31,775 - INFO: Round 0, Face Fine-tune Epoch 1: acc(valid_pseudo): 0.9781, acc: 0.8980
2026-02-08 15:29:32,912 - INFO: Epoch: [2][  0/229]	Time  0.342 ( 0.342)	Loss 3.8008e-01 (3.8008e-01)	Acc pseudo  87.50 ( 87.50)	Lr 1.000e-03 (1.000e-03)
2026-02-08 15:29:37,582 - INFO: Epoch: [2][ 50/229]	Time  0.030 ( 0.037)	Loss 1.2324e-01 (1.8905e-01)	Acc pseudo  95.31 ( 92.83)	Lr 1.000e-03 (1.000e-03)
2026-02-08 15:29:42,241 - INFO: Epoch: [2][100/229]	Time  0.035 ( 0.033)	Loss 1.5382e-01 (2.2329e-01)	Acc pseudo  92.19 ( 92.45)	Lr 1.000e-03 (1.000e-03)
2026-02-08 15:29:46,905 - INFO: Epoch: [2][150/229]	Time  0.030 ( 0.032)	Loss 3.2229e-01 (2.1445e-01)	Acc pseudo  90.62 ( 92.62)	Lr 1.000e-03 (1.000e-03)
2026-02-08 15:29:51,567 - INFO: Epoch: [2][200/229]	Time  0.028 ( 0.031)	Loss 2.1458e-01 (2.1799e-01)	Acc pseudo  87.50 ( 92.50)	Lr 1.000e-03 (1.000e-03)
2026-02-08 15:29:54,213 - INFO: Round 0, Face Fine-tune Epoch 2: loss=0.2285, acc(pseudo)=92.52%
2026-02-08 15:30:18,570 - INFO: Round 0, Face Fine-tune Epoch 2: acc(valid_pseudo): 0.9794, acc: 0.8962
2026-02-08 15:30:19,695 - INFO: Epoch: [3][  0/229]	Time  0.349 ( 0.349)	Loss 1.1469e-01 (1.1469e-01)	Acc pseudo  95.31 ( 95.31)	Lr 1.000e-03 (1.000e-03)
2026-02-08 15:30:24,365 - INFO: Epoch: [3][ 50/229]	Time  0.029 ( 0.037)	Loss 2.1161e-01 (2.1310e-01)	Acc pseudo  92.19 ( 92.68)	Lr 1.000e-03 (1.000e-03)
2026-02-08 15:30:29,036 - INFO: Epoch: [3][100/229]	Time  0.029 ( 0.034)	Loss 2.1087e-01 (2.1033e-01)	Acc pseudo  89.06 ( 92.51)	Lr 1.000e-03 (1.000e-03)
2026-02-08 15:30:33,707 - INFO: Epoch: [3][150/229]	Time  0.026 ( 0.032)	Loss 1.9690e-01 (2.1901e-01)	Acc pseudo  90.62 ( 92.67)	Lr 1.000e-03 (1.000e-03)
2026-02-08 15:30:38,379 - INFO: Epoch: [3][200/229]	Time  0.033 ( 0.032)	Loss 3.6881e-01 (2.1446e-01)	Acc pseudo  85.94 ( 92.54)	Lr 1.000e-03 (1.000e-03)
2026-02-08 15:30:41,035 - INFO: Round 0, Face Fine-tune Epoch 3: loss=0.2093, acc(pseudo)=92.72%
2026-02-08 15:31:05,272 - INFO: Round 0, Face Fine-tune Epoch 3: acc(valid_pseudo): 0.9851, acc: 0.9027
2026-02-08 15:31:06,428 - INFO: Epoch: [4][  0/229]	Time  0.366 ( 0.366)	Loss 1.2165e-01 (1.2165e-01)	Acc pseudo  95.31 ( 95.31)	Lr 1.000e-03 (1.000e-03)
2026-02-08 15:31:11,089 - INFO: Epoch: [4][ 50/229]	Time  0.027 ( 0.036)	Loss 1.8283e-01 (1.4076e-01)	Acc pseudo  95.31 ( 94.18)	Lr 1.000e-03 (1.000e-03)
2026-02-08 15:31:15,750 - INFO: Epoch: [4][100/229]	Time  0.028 ( 0.033)	Loss 1.2760e-01 (1.4274e-01)	Acc pseudo  95.31 ( 94.62)	Lr 1.000e-03 (1.000e-03)
2026-02-08 15:31:20,414 - INFO: Epoch: [4][150/229]	Time  0.038 ( 0.032)	Loss 4.9362e-01 (1.5587e-01)	Acc pseudo  82.81 ( 94.39)	Lr 1.000e-03 (1.000e-03)
2026-02-08 15:31:25,079 - INFO: Epoch: [4][200/229]	Time  0.039 ( 0.032)	Loss 2.3721e-01 (1.6233e-01)	Acc pseudo  90.62 ( 94.06)	Lr 1.000e-03 (1.000e-03)
2026-02-08 15:31:27,757 - INFO: Round 0, Face Fine-tune Epoch 4: loss=0.1649, acc(pseudo)=94.00%
2026-02-08 15:31:52,602 - INFO: Round 0, Face Fine-tune Epoch 4: acc(valid_pseudo): 0.9898, acc: 0.9046
2026-02-08 15:31:53,796 - INFO: Epoch: [5][  0/229]	Time  0.358 ( 0.358)	Loss 4.4070e-02 (4.4070e-02)	Acc pseudo  98.44 ( 98.44)	Lr 1.000e-03 (1.000e-03)
2026-02-08 15:31:58,458 - INFO: Epoch: [5][ 50/229]	Time  0.039 ( 0.038)	Loss 3.0779e-01 (1.5174e-01)	Acc pseudo  89.06 ( 94.61)	Lr 1.000e-03 (1.000e-03)
2026-02-08 15:32:03,123 - INFO: Epoch: [5][100/229]	Time  0.030 ( 0.034)	Loss 7.2200e-02 (1.4951e-01)	Acc pseudo  98.44 ( 94.49)	Lr 1.000e-03 (1.000e-03)
2026-02-08 15:32:07,791 - INFO: Epoch: [5][150/229]	Time  0.027 ( 0.032)	Loss 6.8268e-02 (1.4578e-01)	Acc pseudo  96.88 ( 94.48)	Lr 1.000e-03 (1.000e-03)
2026-02-08 15:32:12,516 - INFO: Epoch: [5][200/229]	Time  0.026 ( 0.032)	Loss 1.5911e-01 (1.4542e-01)	Acc pseudo  96.88 ( 94.49)	Lr 1.000e-03 (1.000e-03)
2026-02-08 15:32:15,171 - INFO: Round 0, Face Fine-tune Epoch 5: loss=0.1460, acc(pseudo)=94.58%
2026-02-08 15:32:39,336 - INFO: Round 0, Face Fine-tune Epoch 5: acc(valid_pseudo): 0.9890, acc: 0.9074
2026-02-08 15:32:39,337 - INFO: Round 0, Face Fine-tune Epoch 5: No improvement. Patience(epoch): 1/3
2026-02-08 15:32:39,745 - INFO: Epoch: [6][  0/229]	Time  0.359 ( 0.359)	Loss 4.7767e-02 (4.7767e-02)	Acc pseudo  98.44 ( 98.44)	Lr 1.000e-03 (1.000e-03)
2026-02-08 15:32:44,416 - INFO: Epoch: [6][ 50/229]	Time  0.028 ( 0.036)	Loss 1.1170e-01 (1.1545e-01)	Acc pseudo  96.88 ( 95.77)	Lr 1.000e-03 (1.000e-03)
2026-02-08 15:32:49,085 - INFO: Epoch: [6][100/229]	Time  0.033 ( 0.033)	Loss 3.4793e-01 (1.1818e-01)	Acc pseudo  92.19 ( 95.54)	Lr 1.000e-03 (1.000e-03)
2026-02-08 15:32:53,755 - INFO: Epoch: [6][150/229]	Time  0.026 ( 0.032)	Loss 2.1003e-02 (1.1751e-01)	Acc pseudo 100.00 ( 95.43)	Lr 1.000e-03 (1.000e-03)
2026-02-08 15:32:58,423 - INFO: Epoch: [6][200/229]	Time  0.027 ( 0.031)	Loss 5.2216e-02 (1.1956e-01)	Acc pseudo  98.44 ( 95.39)	Lr 1.000e-03 (1.000e-03)
2026-02-08 15:33:01,080 - INFO: Round 0, Face Fine-tune Epoch 6: loss=0.1247, acc(pseudo)=95.15%
2026-02-08 15:33:25,807 - INFO: Round 0, Face Fine-tune Epoch 6: acc(valid_pseudo): 0.9946, acc: 0.9074
2026-02-08 15:33:26,958 - INFO: Epoch: [7][  0/229]	Time  0.356 ( 0.356)	Loss 5.2805e-02 (5.2805e-02)	Acc pseudo  96.88 ( 96.88)	Lr 1.000e-03 (1.000e-03)
2026-02-08 15:33:31,625 - INFO: Epoch: [7][ 50/229]	Time  0.029 ( 0.035)	Loss 8.7652e-02 (1.0015e-01)	Acc pseudo  95.31 ( 95.89)	Lr 1.000e-03 (1.000e-03)
2026-02-08 15:33:36,466 - INFO: Epoch: [7][100/229]	Time  0.031 ( 0.034)	Loss 1.2436e-02 (9.7887e-02)	Acc pseudo 100.00 ( 95.85)	Lr 1.000e-03 (1.000e-03)
2026-02-08 15:33:41,133 - INFO: Epoch: [7][150/229]	Time  0.030 ( 0.033)	Loss 1.1369e-01 (9.6362e-02)	Acc pseudo  96.88 ( 95.86)	Lr 1.000e-03 (1.000e-03)
2026-02-08 15:33:45,805 - INFO: Epoch: [7][200/229]	Time  0.036 ( 0.032)	Loss 1.3791e-01 (9.8733e-02)	Acc pseudo  93.75 ( 95.86)	Lr 1.000e-03 (1.000e-03)
2026-02-08 15:33:48,456 - INFO: Round 0, Face Fine-tune Epoch 7: loss=0.1034, acc(pseudo)=95.77%
2026-02-08 15:34:14,095 - INFO: Round 0, Face Fine-tune Epoch 7: acc(valid_pseudo): 0.9939, acc: 0.9083
2026-02-08 15:34:14,095 - INFO: Round 0, Face Fine-tune Epoch 7: No improvement. Patience(epoch): 1/3
2026-02-08 15:34:14,517 - INFO: Epoch: [8][  0/229]	Time  0.372 ( 0.372)	Loss 5.9942e-02 (5.9942e-02)	Acc pseudo  96.88 ( 96.88)	Lr 1.000e-03 (1.000e-03)
2026-02-08 15:34:19,226 - INFO: Epoch: [8][ 50/229]	Time  0.027 ( 0.038)	Loss 9.2859e-02 (1.0186e-01)	Acc pseudo  96.88 ( 96.48)	Lr 1.000e-03 (1.000e-03)
2026-02-08 15:34:23,893 - INFO: Epoch: [8][100/229]	Time  0.026 ( 0.034)	Loss 2.2808e-01 (1.0179e-01)	Acc pseudo  89.06 ( 96.27)	Lr 1.000e-03 (1.000e-03)
2026-02-08 15:34:28,565 - INFO: Epoch: [8][150/229]	Time  0.029 ( 0.034)	Loss 5.7384e-02 (1.0040e-01)	Acc pseudo  96.88 ( 96.21)	Lr 1.000e-03 (1.000e-03)
2026-02-08 15:34:33,234 - INFO: Epoch: [8][200/229]	Time  0.039 ( 0.033)	Loss 2.1834e-01 (1.0675e-01)	Acc pseudo  92.19 ( 96.07)	Lr 1.000e-03 (1.000e-03)
2026-02-08 15:34:35,892 - INFO: Round 0, Face Fine-tune Epoch 8: loss=0.1063, acc(pseudo)=96.03%
2026-02-08 15:35:02,667 - INFO: Round 0, Face Fine-tune Epoch 8: acc(valid_pseudo): 0.9921, acc: 0.9102
2026-02-08 15:35:02,667 - INFO: Round 0, Face Fine-tune Epoch 8: No improvement. Patience(epoch): 2/3
2026-02-08 15:35:03,084 - INFO: Epoch: [9][  0/229]	Time  0.355 ( 0.355)	Loss 6.3435e-02 (6.3435e-02)	Acc pseudo  98.44 ( 98.44)	Lr 1.000e-03 (1.000e-03)
2026-02-08 15:35:07,753 - INFO: Epoch: [9][ 50/229]	Time  0.027 ( 0.037)	Loss 6.8935e-02 (1.1137e-01)	Acc pseudo  96.88 ( 95.56)	Lr 1.000e-03 (1.000e-03)
2026-02-08 15:35:12,419 - INFO: Epoch: [9][100/229]	Time  0.027 ( 0.034)	Loss 1.2721e-01 (1.0744e-01)	Acc pseudo  95.31 ( 95.88)	Lr 1.000e-03 (1.000e-03)
2026-02-08 15:35:17,087 - INFO: Epoch: [9][150/229]	Time  0.029 ( 0.032)	Loss 9.1077e-02 (1.0175e-01)	Acc pseudo  93.75 ( 95.92)	Lr 1.000e-03 (1.000e-03)
2026-02-08 15:35:21,757 - INFO: Epoch: [9][200/229]	Time  0.031 ( 0.032)	Loss 2.1659e-01 (1.0857e-01)	Acc pseudo  96.88 ( 95.88)	Lr 1.000e-03 (1.000e-03)
2026-02-08 15:35:24,408 - INFO: Round 0, Face Fine-tune Epoch 9: loss=0.1151, acc(pseudo)=95.77%
2026-02-08 15:35:48,508 - INFO: Round 0, Face Fine-tune Epoch 9: acc(valid_pseudo): 0.9959, acc: 0.9130
2026-02-08 15:35:49,996 - INFO: Epoch: [10][  0/229]	Time  0.394 ( 0.394)	Loss 1.9983e-02 (1.9983e-02)	Acc pseudo 100.00 (100.00)	Lr 1.000e-03 (1.000e-03)
2026-02-08 15:35:54,660 - INFO: Epoch: [10][ 50/229]	Time  0.031 ( 0.038)	Loss 9.0463e-02 (1.1092e-01)	Acc pseudo  96.88 ( 95.83)	Lr 1.000e-03 (1.000e-03)
2026-02-08 15:35:59,325 - INFO: Epoch: [10][100/229]	Time  0.029 ( 0.033)	Loss 5.6346e-02 (1.0993e-01)	Acc pseudo  96.88 ( 95.79)	Lr 1.000e-03 (1.000e-03)
2026-02-08 15:36:03,993 - INFO: Epoch: [10][150/229]	Time  0.026 ( 0.032)	Loss 8.4398e-02 (1.0650e-01)	Acc pseudo  96.88 ( 95.99)	Lr 1.000e-03 (1.000e-03)
2026-02-08 15:36:08,662 - INFO: Epoch: [10][200/229]	Time  0.028 ( 0.031)	Loss 5.4597e-02 (1.0511e-01)	Acc pseudo  96.88 ( 95.90)	Lr 1.000e-03 (1.000e-03)
2026-02-08 15:36:11,314 - INFO: Round 0, Face Fine-tune Epoch 10: loss=0.1040, acc(pseudo)=95.91%
2026-02-08 15:36:35,484 - INFO: Round 0, Face Fine-tune Epoch 10: acc(valid_pseudo): 0.9945, acc: 0.9018
2026-02-08 15:36:35,484 - INFO: Round 0, Face Fine-tune Epoch 10: No improvement. Patience(epoch): 1/3
2026-02-08 15:36:35,881 - INFO: Epoch: [11][  0/229]	Time  0.353 ( 0.353)	Loss 1.2069e-01 (1.2069e-01)	Acc pseudo  96.88 ( 96.88)	Lr 1.000e-03 (1.000e-03)
2026-02-08 15:36:40,545 - INFO: Epoch: [11][ 50/229]	Time  0.029 ( 0.035)	Loss 4.8404e-02 (8.7480e-02)	Acc pseudo  96.88 ( 96.57)	Lr 1.000e-03 (1.000e-03)
2026-02-08 15:36:45,210 - INFO: Epoch: [11][100/229]	Time  0.026 ( 0.032)	Loss 1.6911e-01 (9.3790e-02)	Acc pseudo  96.88 ( 96.15)	Lr 1.000e-03 (1.000e-03)
2026-02-08 15:36:49,878 - INFO: Epoch: [11][150/229]	Time  0.030 ( 0.031)	Loss 8.2603e-02 (1.0540e-01)	Acc pseudo  98.44 ( 95.84)	Lr 1.000e-03 (1.000e-03)
2026-02-08 15:36:54,548 - INFO: Epoch: [11][200/229]	Time  0.028 ( 0.031)	Loss 1.9083e-01 (1.1061e-01)	Acc pseudo  92.19 ( 95.63)	Lr 1.000e-03 (1.000e-03)
2026-02-08 15:36:57,205 - INFO: Round 0, Face Fine-tune Epoch 11: loss=0.1100, acc(pseudo)=95.62%
2026-02-08 15:37:21,503 - INFO: Round 0, Face Fine-tune Epoch 11: acc(valid_pseudo): 0.9933, acc: 0.9074
2026-02-08 15:37:21,504 - INFO: Round 0, Face Fine-tune Epoch 11: No improvement. Patience(epoch): 2/3
2026-02-08 15:37:21,907 - INFO: Epoch: [12][  0/229]	Time  0.355 ( 0.355)	Loss 3.2343e-01 (3.2343e-01)	Acc pseudo  87.50 ( 87.50)	Lr 1.000e-03 (1.000e-03)
2026-02-08 15:37:26,579 - INFO: Epoch: [12][ 50/229]	Time  0.028 ( 0.035)	Loss 1.5618e-01 (1.1511e-01)	Acc pseudo  96.88 ( 95.71)	Lr 1.000e-03 (1.000e-03)
2026-02-08 15:37:31,250 - INFO: Epoch: [12][100/229]	Time  0.036 ( 0.032)	Loss 7.6307e-02 (1.0567e-01)	Acc pseudo  96.88 ( 96.02)	Lr 1.000e-03 (1.000e-03)
2026-02-08 15:37:35,918 - INFO: Epoch: [12][150/229]	Time  0.026 ( 0.030)	Loss 3.5496e-02 (1.0069e-01)	Acc pseudo  98.44 ( 96.18)	Lr 1.000e-03 (1.000e-03)
2026-02-08 15:37:40,589 - INFO: Epoch: [12][200/229]	Time  0.032 ( 0.030)	Loss 1.0451e-01 (9.6088e-02)	Acc pseudo  96.88 ( 96.32)	Lr 1.000e-03 (1.000e-03)
2026-02-08 15:37:43,250 - INFO: Round 0, Face Fine-tune Epoch 12: loss=0.0994, acc(pseudo)=96.22%
2026-02-08 15:38:07,539 - INFO: Round 0, Face Fine-tune Epoch 12: acc(valid_pseudo): 0.9951, acc: 0.9121
2026-02-08 15:38:07,539 - INFO: Round 0, Face Fine-tune Epoch 12: No improvement. Patience(epoch): 3/3
2026-02-08 15:38:07,539 - INFO: Early stopping at face epoch 12
2026-02-08 15:38:07,540 - INFO: Round 0: Best face fine-tuned epoch=9, acc(valid_pseudo)=0.9959
2026-02-08 15:38:25,174 - INFO: Round 0: speaker_acc=0.8970
2026-02-08 15:38:25,177 - INFO: Round 0: face_acc=0.9130
2026-02-08 15:38:25,180 - INFO: ====================
2026-02-08 15:38:25,180 - INFO: Round 1: Fine-tuning iteration
2026-02-08 15:38:25,180 - INFO: ====================
2026-02-08 15:38:25,202 - INFO: Round 1 Part 1: Fine-tuning embedding model
2026-02-08 15:38:25,203 - INFO: Using pseudo-label file: runs/the big bang theory/exp_video/result/self_supervised/baseline_joint/exp1/round0/pseudo_label/pseudo_labels_audio_baseline_joint.json
2026-02-08 15:38:25,322 - INFO: For training, Using face pseudo-label file: runs/the big bang theory/exp_video/result/self_supervised/baseline_joint/exp1/round0/pseudo_label/pseudo_labels_faces_mid_frame_train_baseline_joint.json
2026-02-08 15:38:25,322 - INFO: For infering, Using face pseudo-label file: runs/the big bang theory/exp_video/result/self_supervised/baseline_joint/exp1/round0/pseudo_label/pseudo_labels_faces_mid_frame_all_baseline_joint.json
2026-02-08 15:38:25,404 - INFO: Created face dataloader with 14646 samples
2026-02-08 15:38:25,428 - INFO: Warmup training speaker classifier for 2 epochs...
2026-02-08 15:38:25,811 - INFO: Epoch: [0][  0/107]	Time  0.375 ( 0.375)	Loss 2.3410e+00 (2.3410e+00)	Acc pseudo  21.88 ( 21.88)	Lr 1.000e-03 (1.000e-03)
2026-02-08 15:38:25,953 - INFO: Epoch: [0][ 50/107]	Time  0.002 ( 0.010)	Loss 3.4580e-01 (7.8868e-01)	Acc pseudo  95.31 ( 87.29)	Lr 1.000e-03 (1.000e-03)
2026-02-08 15:38:26,085 - INFO: Epoch: [0][100/107]	Time  0.002 ( 0.006)	Loss 3.6713e-01 (5.6451e-01)	Acc pseudo  95.31 ( 90.22)	Lr 1.000e-03 (1.000e-03)
2026-02-08 15:38:26,133 - INFO: Round 1, Speaker Warmup Epoch 0: loss=0.5499, acc(pseudo)=90.32%
2026-02-08 15:38:26,272 - INFO: Epoch: [1][  0/107]	Time  0.135 ( 0.135)	Loss 1.4537e-01 (1.4537e-01)	Acc pseudo  95.31 ( 95.31)	Lr 1.000e-03 (1.000e-03)
2026-02-08 15:38:26,417 - INFO: Epoch: [1][ 50/107]	Time  0.002 ( 0.005)	Loss 3.3915e-01 (2.7069e-01)	Acc pseudo  93.75 ( 93.75)	Lr 1.000e-03 (1.000e-03)
2026-02-08 15:38:26,546 - INFO: Epoch: [1][100/107]	Time  0.002 ( 0.004)	Loss 3.6772e-01 (2.5644e-01)	Acc pseudo  92.19 ( 94.09)	Lr 1.000e-03 (1.000e-03)
2026-02-08 15:38:26,588 - INFO: Round 1, Speaker Warmup Epoch 1: loss=0.2598, acc(pseudo)=94.03%
2026-02-08 15:38:26,592 - INFO: Warmup training face classifier for 2 epochs...
2026-02-08 15:38:27,060 - INFO: Epoch: [0][  0/229]	Time  0.423 ( 0.423)	Loss 2.6288e+00 (2.6288e+00)	Acc pseudo   6.25 (  6.25)	Lr 1.000e-03 (1.000e-03)
2026-02-08 15:38:31,652 - INFO: Epoch: [0][ 50/229]	Time  0.039 ( 0.039)	Loss 5.2842e-01 (7.9312e-01)	Acc pseudo  95.31 ( 85.94)	Lr 1.000e-03 (1.000e-03)
2026-02-08 15:38:36,237 - INFO: Epoch: [0][100/229]	Time  0.037 ( 0.035)	Loss 2.5810e-01 (5.5354e-01)	Acc pseudo  93.75 ( 90.47)	Lr 1.000e-03 (1.000e-03)
2026-02-08 15:38:40,825 - INFO: Epoch: [0][150/229]	Time  0.026 ( 0.033)	Loss 1.8053e-01 (4.3674e-01)	Acc pseudo  92.19 ( 92.23)	Lr 1.000e-03 (1.000e-03)
2026-02-08 15:38:45,414 - INFO: Epoch: [0][200/229]	Time  0.030 ( 0.032)	Loss 1.3183e-01 (3.6565e-01)	Acc pseudo  96.88 ( 93.17)	Lr 1.000e-03 (1.000e-03)
2026-02-08 15:38:48,024 - INFO: Round 1, Face Warmup Epoch 0: loss=0.3391, acc(pseudo)=93.56%
2026-02-08 15:38:48,418 - INFO: Epoch: [1][  0/229]	Time  0.344 ( 0.344)	Loss 1.2190e-01 (1.2190e-01)	Acc pseudo  95.31 ( 95.31)	Lr 1.000e-03 (1.000e-03)
2026-02-08 15:38:53,016 - INFO: Epoch: [1][ 50/229]	Time  0.026 ( 0.035)	Loss 6.6819e-02 (1.4236e-01)	Acc pseudo  96.88 ( 95.89)	Lr 1.000e-03 (1.000e-03)
2026-02-08 15:38:57,613 - INFO: Epoch: [1][100/229]	Time  0.027 ( 0.031)	Loss 1.2059e-01 (1.5965e-01)	Acc pseudo  93.75 ( 96.26)	Lr 1.000e-03 (1.000e-03)
2026-02-08 15:39:02,210 - INFO: Epoch: [1][150/229]	Time  0.029 ( 0.030)	Loss 9.5176e-02 (1.5728e-01)	Acc pseudo  98.44 ( 96.01)	Lr 1.000e-03 (1.000e-03)
2026-02-08 15:39:06,808 - INFO: Epoch: [1][200/229]	Time  0.029 ( 0.030)	Loss 1.1824e-01 (1.4747e-01)	Acc pseudo  93.75 ( 96.17)	Lr 1.000e-03 (1.000e-03)
2026-02-08 15:39:09,422 - INFO: Round 1, Face Warmup Epoch 1: loss=0.1455, acc(pseudo)=96.04%
2026-02-08 15:39:09,429 - INFO: Fine-tuning speaker embedding model for 20 epochs...
2026-02-08 15:39:09,570 - INFO: Epoch: [0][  0/107]	Time  0.138 ( 0.138)	Loss 2.2456e-01 (2.2456e-01)	Acc pseudo  93.75 ( 93.75)	Lr 1.000e-03 (1.000e-03)
2026-02-08 15:39:09,723 - INFO: Epoch: [0][ 50/107]	Time  0.003 ( 0.006)	Loss 3.4427e-01 (2.7356e-01)	Acc pseudo  93.75 ( 93.41)	Lr 1.000e-03 (1.000e-03)
2026-02-08 15:39:09,869 - INFO: Epoch: [0][100/107]	Time  0.002 ( 0.004)	Loss 1.8398e-01 (2.7918e-01)	Acc pseudo  95.31 ( 92.95)	Lr 1.000e-03 (1.000e-03)
2026-02-08 15:39:09,911 - INFO: Round 1, Fine-tune Epoch 0: loss=0.2795, acc(pseudo)=92.91%
2026-02-08 15:39:14,285 - INFO: Round 1, Fine-tune Epoch 0: acc(valid_pseudo): 0.7755, acc: 0.7755
2026-02-08 15:39:14,704 - INFO: Epoch: [1][  0/107]	Time  0.125 ( 0.125)	Loss 1.0969e-01 (1.0969e-01)	Acc pseudo  98.44 ( 98.44)	Lr 1.000e-03 (1.000e-03)
2026-02-08 15:39:14,862 - INFO: Epoch: [1][ 50/107]	Time  0.003 ( 0.005)	Loss 1.6532e-01 (2.0576e-01)	Acc pseudo  96.88 ( 94.85)	Lr 1.000e-03 (1.000e-03)
2026-02-08 15:39:15,003 - INFO: Epoch: [1][100/107]	Time  0.002 ( 0.004)	Loss 1.5849e-01 (1.9266e-01)	Acc pseudo  95.31 ( 94.80)	Lr 1.000e-03 (1.000e-03)
2026-02-08 15:39:15,046 - INFO: Round 1, Fine-tune Epoch 1: loss=0.1939, acc(pseudo)=94.76%
2026-02-08 15:39:19,335 - INFO: Round 1, Fine-tune Epoch 1: acc(valid_pseudo): 0.8570, acc: 0.8570
2026-02-08 15:39:19,738 - INFO: Epoch: [2][  0/107]	Time  0.128 ( 0.128)	Loss 6.5507e-02 (6.5507e-02)	Acc pseudo  98.44 ( 98.44)	Lr 1.000e-03 (1.000e-03)
2026-02-08 15:39:19,894 - INFO: Epoch: [2][ 50/107]	Time  0.003 ( 0.005)	Loss 2.0058e-01 (1.4883e-01)	Acc pseudo  95.31 ( 95.68)	Lr 1.000e-03 (1.000e-03)
2026-02-08 15:39:20,038 - INFO: Epoch: [2][100/107]	Time  0.002 ( 0.004)	Loss 2.3449e-01 (1.6815e-01)	Acc pseudo  92.19 ( 95.03)	Lr 1.000e-03 (1.000e-03)
2026-02-08 15:39:20,084 - INFO: Round 1, Fine-tune Epoch 2: loss=0.1688, acc(pseudo)=95.09%
2026-02-08 15:39:24,302 - INFO: Round 1, Fine-tune Epoch 2: acc(valid_pseudo): 0.8670, acc: 0.8670
2026-02-08 15:39:24,692 - INFO: Epoch: [3][  0/107]	Time  0.128 ( 0.128)	Loss 1.4409e-01 (1.4409e-01)	Acc pseudo  96.88 ( 96.88)	Lr 1.000e-03 (1.000e-03)
2026-02-08 15:39:24,851 - INFO: Epoch: [3][ 50/107]	Time  0.003 ( 0.006)	Loss 3.7058e-02 (1.5732e-01)	Acc pseudo 100.00 ( 95.28)	Lr 1.000e-03 (1.000e-03)
2026-02-08 15:39:25,000 - INFO: Epoch: [3][100/107]	Time  0.002 ( 0.004)	Loss 8.4395e-02 (1.6420e-01)	Acc pseudo  96.88 ( 95.34)	Lr 1.000e-03 (1.000e-03)
2026-02-08 15:39:25,043 - INFO: Round 1, Fine-tune Epoch 3: loss=0.1626, acc(pseudo)=95.37%
2026-02-08 15:39:28,850 - INFO: Round 1, Fine-tune Epoch 3: acc(valid_pseudo): 0.7620, acc: 0.7620
2026-02-08 15:39:28,851 - INFO: Round 1, Speaker Fine-tune Epoch 3: No improvement in validation accuracy. Patience(epoch): 1/3
2026-02-08 15:39:28,851 - INFO: Early stopping at epoch 3 due to significant drop in pseudo-label validation accuracy: 0.8670 -> 0.7620.
2026-02-08 15:39:28,852 - INFO: Round 1: Best speaker fine-tuned epoch=2, acc(valid_pseudo)=0.8670
2026-02-08 15:39:28,856 - INFO: Fine-tuning face embedding model for 20 epochs...
2026-02-08 15:39:29,249 - INFO: Epoch: [0][  0/229]	Time  0.356 ( 0.356)	Loss 1.3236e-02 (1.3236e-02)	Acc pseudo 100.00 (100.00)	Lr 1.000e-03 (1.000e-03)
2026-02-08 15:39:33,898 - INFO: Epoch: [0][ 50/229]	Time  0.030 ( 0.037)	Loss 1.8375e-01 (1.2986e-01)	Acc pseudo  93.75 ( 96.14)	Lr 1.000e-03 (1.000e-03)
2026-02-08 15:39:38,552 - INFO: Epoch: [0][100/229]	Time  0.027 ( 0.034)	Loss 2.2566e-01 (1.4946e-01)	Acc pseudo  89.06 ( 95.75)	Lr 1.000e-03 (1.000e-03)
2026-02-08 15:39:43,208 - INFO: Epoch: [0][150/229]	Time  0.038 ( 0.033)	Loss 2.1621e-01 (1.4494e-01)	Acc pseudo  95.31 ( 95.55)	Lr 1.000e-03 (1.000e-03)
2026-02-08 15:39:47,864 - INFO: Epoch: [0][200/229]	Time  0.030 ( 0.033)	Loss 2.0290e-01 (1.3824e-01)	Acc pseudo  92.19 ( 95.55)	Lr 1.000e-03 (1.000e-03)
2026-02-08 15:39:50,512 - INFO: Round 1, Face Fine-tune Epoch 0: loss=0.1355, acc(pseudo)=95.60%
2026-02-08 15:40:15,395 - INFO: Round 1, Face Fine-tune Epoch 0: acc(valid_pseudo): 0.9911, acc: 0.9046
2026-02-08 15:40:16,736 - INFO: Epoch: [1][  0/229]	Time  0.364 ( 0.364)	Loss 4.0770e-02 (4.0770e-02)	Acc pseudo 100.00 (100.00)	Lr 1.000e-03 (1.000e-03)
2026-02-08 15:40:21,405 - INFO: Epoch: [1][ 50/229]	Time  0.032 ( 0.039)	Loss 2.4639e-02 (9.4595e-02)	Acc pseudo 100.00 ( 96.72)	Lr 1.000e-03 (1.000e-03)
2026-02-08 15:40:26,073 - INFO: Epoch: [1][100/229]	Time  0.034 ( 0.036)	Loss 1.0155e-01 (1.0993e-01)	Acc pseudo  93.75 ( 96.69)	Lr 1.000e-03 (1.000e-03)
2026-02-08 15:40:30,741 - INFO: Epoch: [1][150/229]	Time  0.039 ( 0.035)	Loss 8.3252e-02 (1.1420e-01)	Acc pseudo  95.31 ( 96.24)	Lr 1.000e-03 (1.000e-03)
2026-02-08 15:40:35,411 - INFO: Epoch: [1][200/229]	Time  0.028 ( 0.034)	Loss 7.5782e-02 (1.1574e-01)	Acc pseudo  96.88 ( 96.34)	Lr 1.000e-03 (1.000e-03)
2026-02-08 15:40:38,063 - INFO: Round 1, Face Fine-tune Epoch 1: loss=0.1177, acc(pseudo)=96.17%
2026-02-08 15:41:03,721 - INFO: Round 1, Face Fine-tune Epoch 1: acc(valid_pseudo): 0.9947, acc: 0.9149
2026-02-08 15:41:04,989 - INFO: Epoch: [2][  0/229]	Time  0.346 ( 0.346)	Loss 1.8889e-01 (1.8889e-01)	Acc pseudo  92.19 ( 92.19)	Lr 1.000e-03 (1.000e-03)
2026-02-08 15:41:09,671 - INFO: Epoch: [2][ 50/229]	Time  0.037 ( 0.039)	Loss 1.0067e-01 (1.0470e-01)	Acc pseudo  96.88 ( 96.17)	Lr 1.000e-03 (1.000e-03)
2026-02-08 15:41:14,339 - INFO: Epoch: [2][100/229]	Time  0.030 ( 0.035)	Loss 8.4224e-02 (1.0081e-01)	Acc pseudo  96.88 ( 96.27)	Lr 1.000e-03 (1.000e-03)
2026-02-08 15:41:19,010 - INFO: Epoch: [2][150/229]	Time  0.032 ( 0.033)	Loss 4.4719e-02 (9.8304e-02)	Acc pseudo  98.44 ( 96.32)	Lr 1.000e-03 (1.000e-03)
2026-02-08 15:41:23,683 - INFO: Epoch: [2][200/229]	Time  0.034 ( 0.032)	Loss 1.7278e-01 (9.8403e-02)	Acc pseudo  90.62 ( 96.28)	Lr 1.000e-03 (1.000e-03)
2026-02-08 15:41:26,345 - INFO: Round 1, Face Fine-tune Epoch 2: loss=0.1022, acc(pseudo)=96.29%
2026-02-08 15:41:51,299 - INFO: Round 1, Face Fine-tune Epoch 2: acc(valid_pseudo): 0.9960, acc: 0.9149
2026-02-08 15:41:52,462 - INFO: Epoch: [3][  0/229]	Time  0.360 ( 0.360)	Loss 1.0589e-01 (1.0589e-01)	Acc pseudo  96.88 ( 96.88)	Lr 1.000e-03 (1.000e-03)
2026-02-08 15:41:57,135 - INFO: Epoch: [3][ 50/229]	Time  0.029 ( 0.037)	Loss 1.8429e-01 (1.0118e-01)	Acc pseudo  92.19 ( 96.23)	Lr 1.000e-03 (1.000e-03)
2026-02-08 15:42:01,800 - INFO: Epoch: [3][100/229]	Time  0.029 ( 0.033)	Loss 1.0391e-01 (9.4863e-02)	Acc pseudo  93.75 ( 96.41)	Lr 1.000e-03 (1.000e-03)
2026-02-08 15:42:06,470 - INFO: Epoch: [3][150/229]	Time  0.037 ( 0.032)	Loss 1.6631e-01 (9.8663e-02)	Acc pseudo  95.31 ( 96.29)	Lr 1.000e-03 (1.000e-03)
2026-02-08 15:42:11,143 - INFO: Epoch: [3][200/229]	Time  0.028 ( 0.032)	Loss 1.4638e-01 (1.1120e-01)	Acc pseudo  93.75 ( 96.28)	Lr 1.000e-03 (1.000e-03)
2026-02-08 15:42:13,793 - INFO: Round 1, Face Fine-tune Epoch 3: loss=0.1086, acc(pseudo)=96.31%
2026-02-08 15:42:38,796 - INFO: Round 1, Face Fine-tune Epoch 3: acc(valid_pseudo): 0.9950, acc: 0.9074
2026-02-08 15:42:38,796 - INFO: Round 1, Face Fine-tune Epoch 3: No improvement. Patience(epoch): 1/3
2026-02-08 15:42:39,493 - INFO: Epoch: [4][  0/229]	Time  0.657 ( 0.657)	Loss 7.4251e-02 (7.4251e-02)	Acc pseudo  98.44 ( 98.44)	Lr 1.000e-03 (1.000e-03)
2026-02-08 15:42:44,162 - INFO: Epoch: [4][ 50/229]	Time  0.028 ( 0.040)	Loss 1.4545e+00 (1.2252e-01)	Acc pseudo  93.75 ( 96.60)	Lr 1.000e-03 (1.000e-03)
2026-02-08 15:42:48,829 - INFO: Epoch: [4][100/229]	Time  0.033 ( 0.035)	Loss 1.3002e-01 (1.2628e-01)	Acc pseudo  96.88 ( 95.87)	Lr 1.000e-03 (1.000e-03)
2026-02-08 15:42:53,503 - INFO: Epoch: [4][150/229]	Time  0.031 ( 0.034)	Loss 9.5732e-02 (1.1298e-01)	Acc pseudo  93.75 ( 96.17)	Lr 1.000e-03 (1.000e-03)
2026-02-08 15:42:58,175 - INFO: Epoch: [4][200/229]	Time  0.029 ( 0.033)	Loss 6.5595e-01 (1.0915e-01)	Acc pseudo  95.31 ( 96.29)	Lr 1.000e-03 (1.000e-03)
2026-02-08 15:43:00,835 - INFO: Round 1, Face Fine-tune Epoch 4: loss=0.1161, acc(pseudo)=96.31%
2026-02-08 15:43:26,258 - INFO: Round 1, Face Fine-tune Epoch 4: acc(valid_pseudo): 0.9958, acc: 0.9065
2026-02-08 15:43:26,258 - INFO: Round 1, Face Fine-tune Epoch 4: No improvement. Patience(epoch): 2/3
2026-02-08 15:43:26,665 - INFO: Epoch: [5][  0/229]	Time  0.352 ( 0.352)	Loss 3.1839e-02 (3.1839e-02)	Acc pseudo 100.00 (100.00)	Lr 1.000e-03 (1.000e-03)
2026-02-08 15:43:31,341 - INFO: Epoch: [5][ 50/229]	Time  0.026 ( 0.035)	Loss 2.6021e-01 (9.7000e-02)	Acc pseudo  89.06 ( 96.38)	Lr 1.000e-03 (1.000e-03)
2026-02-08 15:43:36,005 - INFO: Epoch: [5][100/229]	Time  0.026 ( 0.031)	Loss 4.3573e-02 (9.1348e-02)	Acc pseudo  98.44 ( 96.49)	Lr 1.000e-03 (1.000e-03)
2026-02-08 15:43:40,674 - INFO: Epoch: [5][150/229]	Time  0.032 ( 0.031)	Loss 1.6380e-01 (1.0262e-01)	Acc pseudo  95.31 ( 96.52)	Lr 1.000e-03 (1.000e-03)
2026-02-08 15:43:45,346 - INFO: Epoch: [5][200/229]	Time  0.030 ( 0.031)	Loss 3.4175e-02 (1.0559e-01)	Acc pseudo 100.00 ( 96.32)	Lr 1.000e-03 (1.000e-03)
2026-02-08 15:43:48,000 - INFO: Round 1, Face Fine-tune Epoch 5: loss=0.1061, acc(pseudo)=96.32%
2026-02-08 15:44:12,899 - INFO: Round 1, Face Fine-tune Epoch 5: acc(valid_pseudo): 0.9980, acc: 0.9121
2026-02-08 15:44:14,109 - INFO: Epoch: [6][  0/229]	Time  0.387 ( 0.387)	Loss 4.2976e-02 (4.2976e-02)	Acc pseudo  98.44 ( 98.44)	Lr 1.000e-03 (1.000e-03)
2026-02-08 15:44:18,780 - INFO: Epoch: [6][ 50/229]	Time  0.030 ( 0.037)	Loss 8.4773e-02 (8.1339e-02)	Acc pseudo  95.31 ( 96.60)	Lr 1.000e-03 (1.000e-03)
2026-02-08 15:44:23,449 - INFO: Epoch: [6][100/229]	Time  0.032 ( 0.034)	Loss 3.1316e-02 (8.7791e-02)	Acc pseudo  98.44 ( 96.84)	Lr 1.000e-03 (1.000e-03)
2026-02-08 15:44:28,118 - INFO: Epoch: [6][150/229]	Time  0.030 ( 0.032)	Loss 8.0512e-02 (8.3083e-02)	Acc pseudo  98.44 ( 97.03)	Lr 1.000e-03 (1.000e-03)
2026-02-08 15:44:32,789 - INFO: Epoch: [6][200/229]	Time  0.037 ( 0.032)	Loss 8.4679e-02 (8.3064e-02)	Acc pseudo  98.44 ( 97.02)	Lr 1.000e-03 (1.000e-03)
2026-02-08 15:44:35,442 - INFO: Round 1, Face Fine-tune Epoch 6: loss=0.0873, acc(pseudo)=96.87%
2026-02-08 15:45:00,051 - INFO: Round 1, Face Fine-tune Epoch 6: acc(valid_pseudo): 0.9982, acc: 0.9149
2026-02-08 15:45:01,216 - INFO: Epoch: [7][  0/229]	Time  0.373 ( 0.373)	Loss 6.0904e-02 (6.0904e-02)	Acc pseudo  96.88 ( 96.88)	Lr 1.000e-03 (1.000e-03)
2026-02-08 15:45:05,893 - INFO: Epoch: [7][ 50/229]	Time  0.026 ( 0.037)	Loss 1.4258e-01 (8.3125e-02)	Acc pseudo  96.88 ( 96.69)	Lr 1.000e-03 (1.000e-03)
2026-02-08 15:45:10,560 - INFO: Epoch: [7][100/229]	Time  0.027 ( 0.032)	Loss 3.0799e-03 (9.1275e-02)	Acc pseudo 100.00 ( 96.35)	Lr 1.000e-03 (1.000e-03)
2026-02-08 15:45:15,231 - INFO: Epoch: [7][150/229]	Time  0.040 ( 0.031)	Loss 1.1374e-01 (8.2064e-02)	Acc pseudo  93.75 ( 96.71)	Lr 1.000e-03 (1.000e-03)
2026-02-08 15:45:19,905 - INFO: Epoch: [7][200/229]	Time  0.036 ( 0.031)	Loss 6.2138e-02 (7.8174e-02)	Acc pseudo  96.88 ( 96.81)	Lr 1.000e-03 (1.000e-03)
2026-02-08 15:45:22,564 - INFO: Round 1, Face Fine-tune Epoch 7: loss=0.0798, acc(pseudo)=96.72%
2026-02-08 15:45:47,020 - INFO: Round 1, Face Fine-tune Epoch 7: acc(valid_pseudo): 0.9983, acc: 0.9102
2026-02-08 15:45:48,179 - INFO: Epoch: [8][  0/229]	Time  0.363 ( 0.363)	Loss 2.3962e-02 (2.3962e-02)	Acc pseudo 100.00 (100.00)	Lr 1.000e-03 (1.000e-03)
2026-02-08 15:45:52,848 - INFO: Epoch: [8][ 50/229]	Time  0.027 ( 0.036)	Loss 1.2831e-01 (8.4954e-02)	Acc pseudo  96.88 ( 97.37)	Lr 1.000e-03 (1.000e-03)
2026-02-08 15:45:57,514 - INFO: Epoch: [8][100/229]	Time  0.028 ( 0.033)	Loss 1.6335e-01 (8.5730e-02)	Acc pseudo  92.19 ( 97.17)	Lr 1.000e-03 (1.000e-03)
2026-02-08 15:46:02,185 - INFO: Epoch: [8][150/229]	Time  0.031 ( 0.032)	Loss 3.5087e-02 (9.5368e-02)	Acc pseudo  96.88 ( 97.19)	Lr 1.000e-03 (1.000e-03)
2026-02-08 15:46:06,856 - INFO: Epoch: [8][200/229]	Time  0.029 ( 0.032)	Loss 2.0533e-01 (9.5630e-02)	Acc pseudo  92.19 ( 96.98)	Lr 1.000e-03 (1.000e-03)
2026-02-08 15:46:09,509 - INFO: Round 1, Face Fine-tune Epoch 8: loss=0.0921, acc(pseudo)=97.01%
2026-02-08 15:46:34,906 - INFO: Round 1, Face Fine-tune Epoch 8: acc(valid_pseudo): 0.9982, acc: 0.9102
2026-02-08 15:46:34,906 - INFO: Round 1, Face Fine-tune Epoch 8: No improvement. Patience(epoch): 1/3
2026-02-08 15:46:35,308 - INFO: Epoch: [9][  0/229]	Time  0.352 ( 0.352)	Loss 8.0195e-02 (8.0195e-02)	Acc pseudo  95.31 ( 95.31)	Lr 1.000e-03 (1.000e-03)
2026-02-08 15:46:39,985 - INFO: Epoch: [9][ 50/229]	Time  0.037 ( 0.038)	Loss 8.8415e-02 (6.6325e-02)	Acc pseudo  95.31 ( 96.97)	Lr 1.000e-03 (1.000e-03)
2026-02-08 15:46:44,653 - INFO: Epoch: [9][100/229]	Time  0.031 ( 0.033)	Loss 7.2597e-02 (7.2185e-02)	Acc pseudo  98.44 ( 97.01)	Lr 1.000e-03 (1.000e-03)
2026-02-08 15:46:49,326 - INFO: Epoch: [9][150/229]	Time  0.029 ( 0.032)	Loss 6.9287e-02 (6.8811e-02)	Acc pseudo  92.19 ( 97.10)	Lr 1.000e-03 (1.000e-03)
2026-02-08 15:46:54,001 - INFO: Epoch: [9][200/229]	Time  0.028 ( 0.032)	Loss 5.0859e-02 (7.1530e-02)	Acc pseudo  98.44 ( 97.11)	Lr 1.000e-03 (1.000e-03)
2026-02-08 15:46:56,663 - INFO: Round 1, Face Fine-tune Epoch 9: loss=0.0706, acc(pseudo)=97.19%
2026-02-08 15:47:20,700 - INFO: Round 1, Face Fine-tune Epoch 9: acc(valid_pseudo): 0.9996, acc: 0.9121
2026-02-08 15:47:22,015 - INFO: Epoch: [10][  0/229]	Time  0.344 ( 0.344)	Loss 3.8269e-02 (3.8269e-02)	Acc pseudo  98.44 ( 98.44)	Lr 1.000e-03 (1.000e-03)
2026-02-08 15:47:26,689 - INFO: Epoch: [10][ 50/229]	Time  0.030 ( 0.037)	Loss 1.1533e-01 (5.3160e-02)	Acc pseudo  92.19 ( 97.70)	Lr 1.000e-03 (1.000e-03)
2026-02-08 15:47:31,360 - INFO: Epoch: [10][100/229]	Time  0.035 ( 0.034)	Loss 6.0906e-02 (5.2209e-02)	Acc pseudo  95.31 ( 97.83)	Lr 1.000e-03 (1.000e-03)
2026-02-08 15:47:36,032 - INFO: Epoch: [10][150/229]	Time  0.027 ( 0.032)	Loss 8.1973e-02 (5.4292e-02)	Acc pseudo  95.31 ( 97.66)	Lr 1.000e-03 (1.000e-03)
2026-02-08 15:47:40,705 - INFO: Epoch: [10][200/229]	Time  0.036 ( 0.032)	Loss 8.7688e-02 (5.6473e-02)	Acc pseudo  95.31 ( 97.54)	Lr 1.000e-03 (1.000e-03)
2026-02-08 15:47:43,366 - INFO: Round 1, Face Fine-tune Epoch 10: loss=0.0569, acc(pseudo)=97.51%
2026-02-08 15:48:07,760 - INFO: Round 1, Face Fine-tune Epoch 10: acc(valid_pseudo): 0.9989, acc: 0.9130
2026-02-08 15:48:07,760 - INFO: Round 1, Face Fine-tune Epoch 10: No improvement. Patience(epoch): 1/3
2026-02-08 15:48:08,174 - INFO: Epoch: [11][  0/229]	Time  0.367 ( 0.367)	Loss 6.8105e-02 (6.8105e-02)	Acc pseudo  98.44 ( 98.44)	Lr 1.000e-03 (1.000e-03)
2026-02-08 15:48:12,854 - INFO: Epoch: [11][ 50/229]	Time  0.030 ( 0.040)	Loss 8.7442e-02 (5.4885e-02)	Acc pseudo  96.88 ( 97.52)	Lr 1.000e-03 (1.000e-03)
2026-02-08 15:48:17,525 - INFO: Epoch: [11][100/229]	Time  0.028 ( 0.036)	Loss 1.8002e-02 (6.1369e-02)	Acc pseudo  98.44 ( 97.56)	Lr 1.000e-03 (1.000e-03)
2026-02-08 15:48:22,196 - INFO: Epoch: [11][150/229]	Time  0.028 ( 0.034)	Loss 3.9805e-02 (5.5724e-02)	Acc pseudo  98.44 ( 97.60)	Lr 1.000e-03 (1.000e-03)
2026-02-08 15:48:26,868 - INFO: Epoch: [11][200/229]	Time  0.028 ( 0.033)	Loss 1.7982e-01 (5.9109e-02)	Acc pseudo  95.31 ( 97.58)	Lr 1.000e-03 (1.000e-03)
2026-02-08 15:48:29,527 - INFO: Round 1, Face Fine-tune Epoch 11: loss=0.0589, acc(pseudo)=97.56%
2026-02-08 15:48:53,775 - INFO: Round 1, Face Fine-tune Epoch 11: acc(valid_pseudo): 0.9994, acc: 0.9130
2026-02-08 15:48:53,775 - INFO: Round 1, Face Fine-tune Epoch 11: No improvement. Patience(epoch): 2/3
2026-02-08 15:48:54,176 - INFO: Epoch: [12][  0/229]	Time  0.357 ( 0.357)	Loss 4.7706e-02 (4.7706e-02)	Acc pseudo  98.44 ( 98.44)	Lr 1.000e-03 (1.000e-03)
2026-02-08 15:48:58,840 - INFO: Epoch: [12][ 50/229]	Time  0.031 ( 0.038)	Loss 5.2968e-02 (6.4699e-02)	Acc pseudo  98.44 ( 97.70)	Lr 1.000e-03 (1.000e-03)
2026-02-08 15:49:03,509 - INFO: Epoch: [12][100/229]	Time  0.037 ( 0.035)	Loss 7.9024e-03 (6.4897e-02)	Acc pseudo 100.00 ( 97.68)	Lr 1.000e-03 (1.000e-03)
2026-02-08 15:49:08,179 - INFO: Epoch: [12][150/229]	Time  0.029 ( 0.033)	Loss 1.8276e-01 (6.0680e-02)	Acc pseudo  90.62 ( 97.59)	Lr 1.000e-03 (1.000e-03)
2026-02-08 15:49:12,851 - INFO: Epoch: [12][200/229]	Time  0.029 ( 0.032)	Loss 2.9757e-02 (6.1946e-02)	Acc pseudo  98.44 ( 97.60)	Lr 1.000e-03 (1.000e-03)
2026-02-08 15:49:15,511 - INFO: Round 1, Face Fine-tune Epoch 12: loss=0.0630, acc(pseudo)=97.52%
2026-02-08 15:49:39,887 - INFO: Round 1, Face Fine-tune Epoch 12: acc(valid_pseudo): 0.9995, acc: 0.9158
2026-02-08 15:49:39,887 - INFO: Round 1, Face Fine-tune Epoch 12: No improvement. Patience(epoch): 3/3
2026-02-08 15:49:39,887 - INFO: Early stopping at face epoch 12
2026-02-08 15:49:39,888 - INFO: Round 1: Best face fine-tuned epoch=9, acc(valid_pseudo)=0.9996
2026-02-08 15:49:59,245 - INFO: Round 1: speaker_acc=0.8670
2026-02-08 15:49:59,248 - INFO: Round 1: face_acc=0.9121
2026-02-08 15:49:59,250 - INFO: ====================
2026-02-08 15:49:59,250 - INFO: Round 2: Fine-tuning iteration
2026-02-08 15:49:59,250 - INFO: ====================
2026-02-08 15:49:59,308 - INFO: Round 2 Part 1: Fine-tuning embedding model
2026-02-08 15:49:59,309 - INFO: Using pseudo-label file: runs/the big bang theory/exp_video/result/self_supervised/baseline_joint/exp1/round1/pseudo_label/pseudo_labels_audio_baseline_joint.json
2026-02-08 15:49:59,320 - INFO: For training, Using face pseudo-label file: runs/the big bang theory/exp_video/result/self_supervised/baseline_joint/exp1/round1/pseudo_label/pseudo_labels_faces_mid_frame_train_baseline_joint.json
2026-02-08 15:49:59,320 - INFO: For infering, Using face pseudo-label file: runs/the big bang theory/exp_video/result/self_supervised/baseline_joint/exp1/round1/pseudo_label/pseudo_labels_faces_mid_frame_all_baseline_joint.json
2026-02-08 15:49:59,373 - INFO: Created face dataloader with 14646 samples
2026-02-08 15:49:59,378 - INFO: Warmup training speaker classifier for 2 epochs...
2026-02-08 15:49:59,506 - INFO: Epoch: [0][  0/107]	Time  0.123 ( 0.123)	Loss 2.1333e+00 (2.1333e+00)	Acc pseudo  26.56 ( 26.56)	Lr 1.000e-03 (1.000e-03)
2026-02-08 15:49:59,648 - INFO: Epoch: [0][ 50/107]	Time  0.002 ( 0.005)	Loss 5.6111e-01 (7.4257e-01)	Acc pseudo  89.06 ( 87.13)	Lr 1.000e-03 (1.000e-03)
2026-02-08 15:49:59,778 - INFO: Epoch: [0][100/107]	Time  0.002 ( 0.004)	Loss 5.4177e-01 (5.6261e-01)	Acc pseudo  90.62 ( 89.77)	Lr 1.000e-03 (1.000e-03)
2026-02-08 15:49:59,817 - INFO: Round 2, Speaker Warmup Epoch 0: loss=0.5523, acc(pseudo)=89.82%
2026-02-08 15:49:59,943 - INFO: Epoch: [1][  0/107]	Time  0.121 ( 0.121)	Loss 2.4193e-01 (2.4193e-01)	Acc pseudo  95.31 ( 95.31)	Lr 1.000e-03 (1.000e-03)
2026-02-08 15:50:00,086 - INFO: Epoch: [1][ 50/107]	Time  0.002 ( 0.005)	Loss 2.8696e-01 (3.1223e-01)	Acc pseudo  90.62 ( 92.59)	Lr 1.000e-03 (1.000e-03)
2026-02-08 15:50:00,215 - INFO: Epoch: [1][100/107]	Time  0.002 ( 0.004)	Loss 2.5734e-01 (3.0517e-01)	Acc pseudo  95.31 ( 92.99)	Lr 1.000e-03 (1.000e-03)
2026-02-08 15:50:00,259 - INFO: Round 2, Speaker Warmup Epoch 1: loss=0.3095, acc(pseudo)=92.85%
2026-02-08 15:50:00,263 - INFO: Warmup training face classifier for 2 epochs...
2026-02-08 15:50:00,689 - INFO: Epoch: [0][  0/229]	Time  0.379 ( 0.379)	Loss 2.2894e+00 (2.2894e+00)	Acc pseudo  26.56 ( 26.56)	Lr 1.000e-03 (1.000e-03)
2026-02-08 15:50:05,283 - INFO: Epoch: [0][ 50/229]	Time  0.026 ( 0.038)	Loss 4.8575e-01 (6.3574e-01)	Acc pseudo  93.75 ( 90.23)	Lr 1.000e-03 (1.000e-03)
2026-02-08 15:50:09,912 - INFO: Epoch: [0][100/229]	Time  0.030 ( 0.034)	Loss 9.2064e-02 (4.0726e-01)	Acc pseudo  96.88 ( 93.66)	Lr 1.000e-03 (1.000e-03)
2026-02-08 15:50:14,558 - INFO: Epoch: [0][150/229]	Time  0.027 ( 0.033)	Loss 1.0309e-01 (3.0847e-01)	Acc pseudo  96.88 ( 94.96)	Lr 1.000e-03 (1.000e-03)
2026-02-08 15:50:19,177 - INFO: Epoch: [0][200/229]	Time  0.028 ( 0.033)	Loss 5.8161e-02 (2.5332e-01)	Acc pseudo  98.44 ( 95.63)	Lr 1.000e-03 (1.000e-03)
2026-02-08 15:50:21,786 - INFO: Round 2, Face Warmup Epoch 0: loss=0.2333, acc(pseudo)=95.87%
2026-02-08 15:50:22,172 - INFO: Epoch: [1][  0/229]	Time  0.349 ( 0.349)	Loss 9.3849e-02 (9.3849e-02)	Acc pseudo  98.44 ( 98.44)	Lr 1.000e-03 (1.000e-03)
2026-02-08 15:50:26,767 - INFO: Epoch: [1][ 50/229]	Time  0.025 ( 0.035)	Loss 4.2629e-02 (7.2572e-02)	Acc pseudo  98.44 ( 97.86)	Lr 1.000e-03 (1.000e-03)
2026-02-08 15:50:31,361 - INFO: Epoch: [1][100/229]	Time  0.029 ( 0.031)	Loss 6.6638e-02 (8.8332e-02)	Acc pseudo  96.88 ( 97.83)	Lr 1.000e-03 (1.000e-03)
2026-02-08 15:50:35,961 - INFO: Epoch: [1][150/229]	Time  0.030 ( 0.030)	Loss 1.6912e-02 (8.5335e-02)	Acc pseudo 100.00 ( 97.75)	Lr 1.000e-03 (1.000e-03)
2026-02-08 15:50:40,561 - INFO: Epoch: [1][200/229]	Time  0.028 ( 0.030)	Loss 2.7422e-02 (7.8819e-02)	Acc pseudo 100.00 ( 97.87)	Lr 1.000e-03 (1.000e-03)
2026-02-08 15:50:43,180 - INFO: Round 2, Face Warmup Epoch 1: loss=0.0797, acc(pseudo)=97.88%
2026-02-08 15:50:43,187 - INFO: Fine-tuning speaker embedding model for 20 epochs...
2026-02-08 15:50:43,316 - INFO: Epoch: [0][  0/107]	Time  0.126 ( 0.126)	Loss 2.1461e-01 (2.1461e-01)	Acc pseudo  96.88 ( 96.88)	Lr 1.000e-03 (1.000e-03)
2026-02-08 15:50:43,479 - INFO: Epoch: [0][ 50/107]	Time  0.003 ( 0.006)	Loss 1.9413e-01 (3.2672e-01)	Acc pseudo  96.88 ( 92.37)	Lr 1.000e-03 (1.000e-03)
2026-02-08 15:50:43,624 - INFO: Epoch: [0][100/107]	Time  0.002 ( 0.004)	Loss 3.1081e-01 (3.2099e-01)	Acc pseudo  92.19 ( 92.22)	Lr 1.000e-03 (1.000e-03)
2026-02-08 15:50:43,666 - INFO: Round 2, Fine-tune Epoch 0: loss=0.3232, acc(pseudo)=92.11%
2026-02-08 15:50:48,369 - INFO: Round 2, Fine-tune Epoch 0: acc(valid_pseudo): 0.7590, acc: 0.7590
2026-02-08 15:50:48,742 - INFO: Epoch: [1][  0/107]	Time  0.127 ( 0.127)	Loss 1.4909e-01 (1.4909e-01)	Acc pseudo  98.44 ( 98.44)	Lr 1.000e-03 (1.000e-03)
2026-02-08 15:50:48,904 - INFO: Epoch: [1][ 50/107]	Time  0.003 ( 0.006)	Loss 1.5015e-01 (2.5745e-01)	Acc pseudo  95.31 ( 93.57)	Lr 1.000e-03 (1.000e-03)
2026-02-08 15:50:49,047 - INFO: Epoch: [1][100/107]	Time  0.002 ( 0.004)	Loss 2.5638e-01 (2.4230e-01)	Acc pseudo  92.19 ( 93.66)	Lr 1.000e-03 (1.000e-03)
2026-02-08 15:50:49,093 - INFO: Round 2, Fine-tune Epoch 1: loss=0.2417, acc(pseudo)=93.72%
2026-02-08 15:50:54,112 - INFO: Round 2, Fine-tune Epoch 1: acc(valid_pseudo): 0.8675, acc: 0.8675
2026-02-08 15:50:54,510 - INFO: Epoch: [2][  0/107]	Time  0.128 ( 0.128)	Loss 1.4272e-01 (1.4272e-01)	Acc pseudo  96.88 ( 96.88)	Lr 1.000e-03 (1.000e-03)
2026-02-08 15:50:54,672 - INFO: Epoch: [2][ 50/107]	Time  0.003 ( 0.006)	Loss 2.0148e-01 (1.9440e-01)	Acc pseudo  96.88 ( 95.07)	Lr 1.000e-03 (1.000e-03)
2026-02-08 15:50:54,817 - INFO: Epoch: [2][100/107]	Time  0.002 ( 0.004)	Loss 3.1378e-01 (1.9749e-01)	Acc pseudo  87.50 ( 94.97)	Lr 1.000e-03 (1.000e-03)
2026-02-08 15:50:54,872 - INFO: Round 2, Fine-tune Epoch 2: loss=0.1987, acc(pseudo)=94.95%
2026-02-08 15:50:59,421 - INFO: Round 2, Fine-tune Epoch 2: acc(valid_pseudo): 0.8780, acc: 0.8780
2026-02-08 15:50:59,843 - INFO: Epoch: [3][  0/107]	Time  0.148 ( 0.148)	Loss 4.6683e-02 (4.6683e-02)	Acc pseudo  98.44 ( 98.44)	Lr 1.000e-03 (1.000e-03)
2026-02-08 15:51:00,001 - INFO: Epoch: [3][ 50/107]	Time  0.003 ( 0.006)	Loss 3.4642e-02 (1.8673e-01)	Acc pseudo 100.00 ( 95.16)	Lr 1.000e-03 (1.000e-03)
2026-02-08 15:51:00,143 - INFO: Epoch: [3][100/107]	Time  0.002 ( 0.004)	Loss 1.4518e-01 (1.8822e-01)	Acc pseudo  96.88 ( 95.03)	Lr 1.000e-03 (1.000e-03)
2026-02-08 15:51:00,186 - INFO: Round 2, Fine-tune Epoch 3: loss=0.1899, acc(pseudo)=95.02%
2026-02-08 15:51:04,310 - INFO: Round 2, Fine-tune Epoch 3: acc(valid_pseudo): 0.8420, acc: 0.8420
2026-02-08 15:51:04,310 - INFO: Round 2, Speaker Fine-tune Epoch 3: No improvement in validation accuracy. Patience(epoch): 1/3
2026-02-08 15:51:04,441 - INFO: Epoch: [4][  0/107]	Time  0.126 ( 0.126)	Loss 1.1954e-01 (1.1954e-01)	Acc pseudo  96.88 ( 96.88)	Lr 1.000e-03 (1.000e-03)
2026-02-08 15:51:04,601 - INFO: Epoch: [4][ 50/107]	Time  0.003 ( 0.006)	Loss 2.6218e-01 (1.8724e-01)	Acc pseudo  89.06 ( 94.85)	Lr 1.000e-03 (1.000e-03)
2026-02-08 15:51:04,744 - INFO: Epoch: [4][100/107]	Time  0.002 ( 0.004)	Loss 1.9376e-01 (1.8651e-01)	Acc pseudo  95.31 ( 94.86)	Lr 1.000e-03 (1.000e-03)
2026-02-08 15:51:04,791 - INFO: Round 2, Fine-tune Epoch 4: loss=0.1872, acc(pseudo)=94.93%
2026-02-08 15:51:08,633 - INFO: Round 2, Fine-tune Epoch 4: acc(valid_pseudo): 0.8155, acc: 0.8155
2026-02-08 15:51:08,634 - INFO: Round 2, Speaker Fine-tune Epoch 4: No improvement in validation accuracy. Patience(epoch): 2/3
2026-02-08 15:51:08,765 - INFO: Epoch: [5][  0/107]	Time  0.127 ( 0.127)	Loss 1.6684e-01 (1.6684e-01)	Acc pseudo  95.31 ( 95.31)	Lr 1.000e-03 (1.000e-03)
2026-02-08 15:51:08,925 - INFO: Epoch: [5][ 50/107]	Time  0.003 ( 0.006)	Loss 5.4992e-02 (1.4294e-01)	Acc pseudo  96.88 ( 96.02)	Lr 1.000e-03 (1.000e-03)
2026-02-08 15:51:09,067 - INFO: Epoch: [5][100/107]	Time  0.002 ( 0.004)	Loss 1.0743e-01 (1.4723e-01)	Acc pseudo  95.31 ( 95.96)	Lr 1.000e-03 (1.000e-03)
2026-02-08 15:51:09,113 - INFO: Round 2, Fine-tune Epoch 5: loss=0.1519, acc(pseudo)=95.87%
2026-02-08 15:51:12,913 - INFO: Round 2, Fine-tune Epoch 5: acc(valid_pseudo): 0.8570, acc: 0.8570
2026-02-08 15:51:12,914 - INFO: Round 2, Speaker Fine-tune Epoch 5: No improvement in validation accuracy. Patience(epoch): 3/3
2026-02-08 15:51:12,914 - INFO: Early stopping at epoch 5 due to no improvement in validation accuracy for 3 epochs.
2026-02-08 15:51:12,915 - INFO: Round 2: Best speaker fine-tuned epoch=2, acc(valid_pseudo)=0.8780
2026-02-08 15:51:12,918 - INFO: Fine-tuning face embedding model for 20 epochs...
2026-02-08 15:51:13,322 - INFO: Epoch: [0][  0/229]	Time  0.358 ( 0.358)	Loss 4.1520e-02 (4.1520e-02)	Acc pseudo  98.44 ( 98.44)	Lr 1.000e-03 (1.000e-03)
2026-02-08 15:51:17,979 - INFO: Epoch: [0][ 50/229]	Time  0.026 ( 0.038)	Loss 7.3076e-02 (6.6667e-02)	Acc pseudo  95.31 ( 97.82)	Lr 1.000e-03 (1.000e-03)
2026-02-08 15:51:22,630 - INFO: Epoch: [0][100/229]	Time  0.032 ( 0.034)	Loss 4.9149e-02 (6.5091e-02)	Acc pseudo  96.88 ( 97.71)	Lr 1.000e-03 (1.000e-03)
2026-02-08 15:51:27,287 - INFO: Epoch: [0][150/229]	Time  0.026 ( 0.033)	Loss 8.0825e-02 (6.0518e-02)	Acc pseudo  96.88 ( 97.86)	Lr 1.000e-03 (1.000e-03)
2026-02-08 15:51:31,949 - INFO: Epoch: [0][200/229]	Time  0.027 ( 0.032)	Loss 9.1397e-02 (6.0679e-02)	Acc pseudo  96.88 ( 97.84)	Lr 1.000e-03 (1.000e-03)
2026-02-08 15:51:34,599 - INFO: Round 2, Face Fine-tune Epoch 0: loss=0.0601, acc(pseudo)=97.84%
2026-02-08 15:51:59,293 - INFO: Round 2, Face Fine-tune Epoch 0: acc(valid_pseudo): 0.9952, acc: 0.9093
2026-02-08 15:52:00,376 - INFO: Epoch: [1][  0/229]	Time  0.345 ( 0.345)	Loss 1.3173e-02 (1.3173e-02)	Acc pseudo 100.00 (100.00)	Lr 1.000e-03 (1.000e-03)
2026-02-08 15:52:05,047 - INFO: Epoch: [1][ 50/229]	Time  0.026 ( 0.037)	Loss 7.8006e-02 (4.2841e-02)	Acc pseudo  96.88 ( 98.41)	Lr 1.000e-03 (1.000e-03)
2026-02-08 15:52:09,716 - INFO: Epoch: [1][100/229]	Time  0.041 ( 0.034)	Loss 2.2363e-02 (4.9011e-02)	Acc pseudo 100.00 ( 98.24)	Lr 1.000e-03 (1.000e-03)
2026-02-08 15:52:14,388 - INFO: Epoch: [1][150/229]	Time  0.029 ( 0.033)	Loss 2.6479e-02 (5.5303e-02)	Acc pseudo  98.44 ( 97.98)	Lr 1.000e-03 (1.000e-03)
2026-02-08 15:52:19,062 - INFO: Epoch: [1][200/229]	Time  0.028 ( 0.033)	Loss 9.1897e-02 (5.5150e-02)	Acc pseudo  93.75 ( 97.93)	Lr 1.000e-03 (1.000e-03)
2026-02-08 15:52:21,718 - INFO: Round 2, Face Fine-tune Epoch 1: loss=0.0580, acc(pseudo)=97.86%
2026-02-08 15:52:45,837 - INFO: Round 2, Face Fine-tune Epoch 1: acc(valid_pseudo): 0.9982, acc: 0.9121
2026-02-08 15:52:46,977 - INFO: Epoch: [2][  0/229]	Time  0.344 ( 0.344)	Loss 4.7850e-02 (4.7850e-02)	Acc pseudo  98.44 ( 98.44)	Lr 1.000e-03 (1.000e-03)
2026-02-08 15:52:51,643 - INFO: Epoch: [2][ 50/229]	Time  0.030 ( 0.038)	Loss 1.4250e-01 (5.3683e-02)	Acc pseudo  96.88 ( 98.07)	Lr 1.000e-03 (1.000e-03)
2026-02-08 15:52:56,314 - INFO: Epoch: [2][100/229]	Time  0.027 ( 0.034)	Loss 3.5407e-02 (5.4942e-02)	Acc pseudo  98.44 ( 97.91)	Lr 1.000e-03 (1.000e-03)
2026-02-08 15:53:00,986 - INFO: Epoch: [2][150/229]	Time  0.037 ( 0.033)	Loss 3.0826e-02 (5.1969e-02)	Acc pseudo  98.44 ( 98.12)	Lr 1.000e-03 (1.000e-03)
2026-02-08 15:53:05,660 - INFO: Epoch: [2][200/229]	Time  0.033 ( 0.033)	Loss 4.5790e-02 (5.3600e-02)	Acc pseudo  96.88 ( 97.97)	Lr 1.000e-03 (1.000e-03)
2026-02-08 15:53:08,319 - INFO: Round 2, Face Fine-tune Epoch 2: loss=0.0550, acc(pseudo)=97.94%
2026-02-08 15:53:32,717 - INFO: Round 2, Face Fine-tune Epoch 2: acc(valid_pseudo): 0.9980, acc: 0.9121
2026-02-08 15:53:32,717 - INFO: Round 2, Face Fine-tune Epoch 2: No improvement. Patience(epoch): 1/3
2026-02-08 15:53:33,144 - INFO: Epoch: [3][  0/229]	Time  0.370 ( 0.370)	Loss 9.1145e-02 (9.1145e-02)	Acc pseudo  98.44 ( 98.44)	Lr 1.000e-03 (1.000e-03)
2026-02-08 15:53:37,818 - INFO: Epoch: [3][ 50/229]	Time  0.038 ( 0.039)	Loss 7.6979e-02 (5.2641e-02)	Acc pseudo  95.31 ( 98.07)	Lr 1.000e-03 (1.000e-03)
2026-02-08 15:53:42,491 - INFO: Epoch: [3][100/229]	Time  0.029 ( 0.034)	Loss 5.4612e-02 (5.4676e-02)	Acc pseudo  95.31 ( 98.00)	Lr 1.000e-03 (1.000e-03)
2026-02-08 15:53:47,165 - INFO: Epoch: [3][150/229]	Time  0.030 ( 0.032)	Loss 3.1060e-03 (5.9486e-02)	Acc pseudo 100.00 ( 97.87)	Lr 1.000e-03 (1.000e-03)
2026-02-08 15:53:51,842 - INFO: Epoch: [3][200/229]	Time  0.031 ( 0.032)	Loss 1.3790e-01 (6.3297e-02)	Acc pseudo  98.44 ( 97.78)	Lr 1.000e-03 (1.000e-03)
2026-02-08 15:53:54,503 - INFO: Round 2, Face Fine-tune Epoch 3: loss=0.0618, acc(pseudo)=97.88%
2026-02-08 15:54:18,898 - INFO: Round 2, Face Fine-tune Epoch 3: acc(valid_pseudo): 0.9968, acc: 0.9149
2026-02-08 15:54:18,899 - INFO: Round 2, Face Fine-tune Epoch 3: No improvement. Patience(epoch): 2/3
2026-02-08 15:54:19,306 - INFO: Epoch: [4][  0/229]	Time  0.362 ( 0.362)	Loss 1.1384e-01 (1.1384e-01)	Acc pseudo  96.88 ( 96.88)	Lr 1.000e-03 (1.000e-03)
2026-02-08 15:54:23,988 - INFO: Epoch: [4][ 50/229]	Time  0.032 ( 0.038)	Loss 1.0978e+00 (6.9146e-02)	Acc pseudo  95.31 ( 97.95)	Lr 1.000e-03 (1.000e-03)
2026-02-08 15:54:28,662 - INFO: Epoch: [4][100/229]	Time  0.029 ( 0.035)	Loss 5.1656e-02 (6.6279e-02)	Acc pseudo  96.88 ( 97.65)	Lr 1.000e-03 (1.000e-03)
2026-02-08 15:54:33,336 - INFO: Epoch: [4][150/229]	Time  0.031 ( 0.033)	Loss 2.1974e-01 (6.2148e-02)	Acc pseudo  95.31 ( 97.69)	Lr 1.000e-03 (1.000e-03)
2026-02-08 15:54:38,012 - INFO: Epoch: [4][200/229]	Time  0.026 ( 0.032)	Loss 2.1186e+00 (7.8628e-02)	Acc pseudo  95.31 ( 97.75)	Lr 1.000e-03 (1.000e-03)
2026-02-08 15:54:40,672 - INFO: Round 2, Face Fine-tune Epoch 4: loss=0.0860, acc(pseudo)=97.69%
2026-02-08 15:55:05,169 - INFO: Round 2, Face Fine-tune Epoch 4: acc(valid_pseudo): 0.9977, acc: 0.9111
2026-02-08 15:55:05,170 - INFO: Round 2, Face Fine-tune Epoch 4: No improvement. Patience(epoch): 3/3
2026-02-08 15:55:05,170 - INFO: Early stopping at face epoch 4
2026-02-08 15:55:05,171 - INFO: Round 2: Best face fine-tuned epoch=1, acc(valid_pseudo)=0.9982
2026-02-08 15:55:22,503 - INFO: Round 2: speaker_acc=0.8780
2026-02-08 15:55:22,508 - INFO: Round 2: face_acc=0.9121
2026-02-08 15:55:22,510 - INFO: ====================
2026-02-08 15:55:22,510 - INFO: Round 3: Fine-tuning iteration
2026-02-08 15:55:22,510 - INFO: ====================
2026-02-08 15:55:22,579 - INFO: Round 3 Part 1: Fine-tuning embedding model
2026-02-08 15:55:22,580 - INFO: Using pseudo-label file: runs/the big bang theory/exp_video/result/self_supervised/baseline_joint/exp1/round2/pseudo_label/pseudo_labels_audio_baseline_joint.json
2026-02-08 15:55:22,591 - INFO: For training, Using face pseudo-label file: runs/the big bang theory/exp_video/result/self_supervised/baseline_joint/exp1/round2/pseudo_label/pseudo_labels_faces_mid_frame_train_baseline_joint.json
2026-02-08 15:55:22,591 - INFO: For infering, Using face pseudo-label file: runs/the big bang theory/exp_video/result/self_supervised/baseline_joint/exp1/round2/pseudo_label/pseudo_labels_faces_mid_frame_all_baseline_joint.json
2026-02-08 15:55:22,645 - INFO: Created face dataloader with 14646 samples
2026-02-08 15:55:22,650 - INFO: Warmup training speaker classifier for 2 epochs...
2026-02-08 15:55:22,776 - INFO: Epoch: [0][  0/107]	Time  0.122 ( 0.122)	Loss 2.4041e+00 (2.4041e+00)	Acc pseudo   9.38 (  9.38)	Lr 1.000e-03 (1.000e-03)
2026-02-08 15:55:22,920 - INFO: Epoch: [0][ 50/107]	Time  0.003 ( 0.005)	Loss 3.6415e-01 (7.2894e-01)	Acc pseudo  95.31 ( 87.07)	Lr 1.000e-03 (1.000e-03)
2026-02-08 15:55:23,055 - INFO: Epoch: [0][100/107]	Time  0.002 ( 0.004)	Loss 4.6640e-01 (4.9998e-01)	Acc pseudo  90.62 ( 90.93)	Lr 1.000e-03 (1.000e-03)
2026-02-08 15:55:23,097 - INFO: Round 3, Speaker Warmup Epoch 0: loss=0.4880, acc(pseudo)=91.16%
2026-02-08 15:55:23,222 - INFO: Epoch: [1][  0/107]	Time  0.121 ( 0.121)	Loss 1.0494e-01 (1.0494e-01)	Acc pseudo  96.88 ( 96.88)	Lr 1.000e-03 (1.000e-03)
2026-02-08 15:55:23,367 - INFO: Epoch: [1][ 50/107]	Time  0.002 ( 0.005)	Loss 3.8789e-01 (2.2413e-01)	Acc pseudo  90.62 ( 94.49)	Lr 1.000e-03 (1.000e-03)
2026-02-08 15:55:23,493 - INFO: Epoch: [1][100/107]	Time  0.002 ( 0.004)	Loss 2.0438e-01 (2.0744e-01)	Acc pseudo  96.88 ( 94.89)	Lr 1.000e-03 (1.000e-03)
2026-02-08 15:55:23,537 - INFO: Round 3, Speaker Warmup Epoch 1: loss=0.2066, acc(pseudo)=94.93%
2026-02-08 15:55:23,541 - INFO: Warmup training face classifier for 2 epochs...
2026-02-08 15:55:23,955 - INFO: Epoch: [0][  0/229]	Time  0.369 ( 0.369)	Loss 2.1744e+00 (2.1744e+00)	Acc pseudo  31.25 ( 31.25)	Lr 1.000e-03 (1.000e-03)
2026-02-08 15:55:28,546 - INFO: Epoch: [0][ 50/229]	Time  0.025 ( 0.037)	Loss 2.8859e-01 (5.8156e-01)	Acc pseudo  98.44 ( 92.06)	Lr 1.000e-03 (1.000e-03)
2026-02-08 15:55:33,155 - INFO: Epoch: [0][100/229]	Time  0.026 ( 0.032)	Loss 1.0780e-01 (3.7812e-01)	Acc pseudo  96.88 ( 94.55)	Lr 1.000e-03 (1.000e-03)
2026-02-08 15:55:37,791 - INFO: Epoch: [0][150/229]	Time  0.029 ( 0.031)	Loss 6.0044e-02 (2.9417e-01)	Acc pseudo  98.44 ( 95.52)	Lr 1.000e-03 (1.000e-03)
2026-02-08 15:55:42,388 - INFO: Epoch: [0][200/229]	Time  0.030 ( 0.031)	Loss 4.7690e-02 (2.4448e-01)	Acc pseudo 100.00 ( 96.07)	Lr 1.000e-03 (1.000e-03)
2026-02-08 15:55:45,007 - INFO: Round 3, Face Warmup Epoch 0: loss=0.2263, acc(pseudo)=96.35%
2026-02-08 15:55:45,423 - INFO: Epoch: [1][  0/229]	Time  0.377 ( 0.377)	Loss 1.1777e-01 (1.1777e-01)	Acc pseudo  95.31 ( 95.31)	Lr 1.000e-03 (1.000e-03)
2026-02-08 15:55:50,026 - INFO: Epoch: [1][ 50/229]	Time  0.036 ( 0.039)	Loss 1.7188e-02 (8.7023e-02)	Acc pseudo 100.00 ( 97.82)	Lr 1.000e-03 (1.000e-03)
2026-02-08 15:55:54,627 - INFO: Epoch: [1][100/229]	Time  0.038 ( 0.035)	Loss 6.1936e-02 (9.2143e-02)	Acc pseudo  98.44 ( 97.97)	Lr 1.000e-03 (1.000e-03)
2026-02-08 15:55:59,232 - INFO: Epoch: [1][150/229]	Time  0.029 ( 0.034)	Loss 2.1381e-02 (9.8468e-02)	Acc pseudo 100.00 ( 97.82)	Lr 1.000e-03 (1.000e-03)
2026-02-08 15:56:03,836 - INFO: Epoch: [1][200/229]	Time  0.029 ( 0.033)	Loss 8.2554e-02 (9.0098e-02)	Acc pseudo  98.44 ( 97.96)	Lr 1.000e-03 (1.000e-03)
2026-02-08 15:56:06,451 - INFO: Round 3, Face Warmup Epoch 1: loss=0.0891, acc(pseudo)=97.95%
2026-02-08 15:56:06,458 - INFO: Fine-tuning speaker embedding model for 20 epochs...
2026-02-08 15:56:06,590 - INFO: Epoch: [0][  0/107]	Time  0.129 ( 0.129)	Loss 1.7328e-01 (1.7328e-01)	Acc pseudo  95.31 ( 95.31)	Lr 1.000e-03 (1.000e-03)
2026-02-08 15:56:06,750 - INFO: Epoch: [0][ 50/107]	Time  0.003 ( 0.006)	Loss 1.1177e-01 (1.9268e-01)	Acc pseudo  96.88 ( 94.85)	Lr 1.000e-03 (1.000e-03)
2026-02-08 15:56:06,896 - INFO: Epoch: [0][100/107]	Time  0.002 ( 0.004)	Loss 3.2989e-01 (2.2925e-01)	Acc pseudo  90.62 ( 94.25)	Lr 1.000e-03 (1.000e-03)
2026-02-08 15:56:06,938 - INFO: Round 3, Fine-tune Epoch 0: loss=0.2305, acc(pseudo)=94.26%
2026-02-08 15:56:10,903 - INFO: Round 3, Fine-tune Epoch 0: acc(valid_pseudo): 0.8065, acc: 0.8065
2026-02-08 15:56:11,275 - INFO: Epoch: [1][  0/107]	Time  0.125 ( 0.125)	Loss 3.2737e-01 (3.2737e-01)	Acc pseudo  92.19 ( 92.19)	Lr 1.000e-03 (1.000e-03)
2026-02-08 15:56:11,437 - INFO: Epoch: [1][ 50/107]	Time  0.003 ( 0.006)	Loss 1.8941e-01 (1.7433e-01)	Acc pseudo  96.88 ( 95.50)	Lr 1.000e-03 (1.000e-03)
2026-02-08 15:56:11,579 - INFO: Epoch: [1][100/107]	Time  0.002 ( 0.004)	Loss 2.2515e-01 (1.6948e-01)	Acc pseudo  92.19 ( 95.68)	Lr 1.000e-03 (1.000e-03)
2026-02-08 15:56:11,624 - INFO: Round 3, Fine-tune Epoch 1: loss=0.1661, acc(pseudo)=95.71%
2026-02-08 15:56:15,581 - INFO: Round 3, Fine-tune Epoch 1: acc(valid_pseudo): 0.8920, acc: 0.8920
2026-02-08 15:56:16,232 - INFO: Epoch: [2][  0/107]	Time  0.127 ( 0.127)	Loss 6.9277e-02 (6.9277e-02)	Acc pseudo  98.44 ( 98.44)	Lr 1.000e-03 (1.000e-03)
2026-02-08 15:56:16,401 - INFO: Epoch: [2][ 50/107]	Time  0.003 ( 0.006)	Loss 9.7865e-02 (1.2552e-01)	Acc pseudo  98.44 ( 96.72)	Lr 1.000e-03 (1.000e-03)
2026-02-08 15:56:16,542 - INFO: Epoch: [2][100/107]	Time  0.002 ( 0.004)	Loss 2.7094e-01 (1.3679e-01)	Acc pseudo  95.31 ( 96.33)	Lr 1.000e-03 (1.000e-03)
2026-02-08 15:56:16,584 - INFO: Round 3, Fine-tune Epoch 2: loss=0.1368, acc(pseudo)=96.37%
2026-02-08 15:56:20,954 - INFO: Round 3, Fine-tune Epoch 2: acc(valid_pseudo): 0.8775, acc: 0.8775
2026-02-08 15:56:20,955 - INFO: Round 3, Speaker Fine-tune Epoch 2: No improvement in validation accuracy. Patience(epoch): 1/3
2026-02-08 15:56:21,087 - INFO: Epoch: [3][  0/107]	Time  0.128 ( 0.128)	Loss 4.7523e-02 (4.7523e-02)	Acc pseudo  98.44 ( 98.44)	Lr 1.000e-03 (1.000e-03)
2026-02-08 15:56:21,249 - INFO: Epoch: [3][ 50/107]	Time  0.003 ( 0.006)	Loss 2.7525e-01 (1.2425e-01)	Acc pseudo  92.19 ( 96.54)	Lr 1.000e-03 (1.000e-03)
2026-02-08 15:56:21,399 - INFO: Epoch: [3][100/107]	Time  0.002 ( 0.004)	Loss 7.5810e-02 (1.2619e-01)	Acc pseudo  98.44 ( 96.33)	Lr 1.000e-03 (1.000e-03)
2026-02-08 15:56:21,445 - INFO: Round 3, Fine-tune Epoch 3: loss=0.1235, acc(pseudo)=96.46%
2026-02-08 15:56:26,067 - INFO: Round 3, Fine-tune Epoch 3: acc(valid_pseudo): 0.7860, acc: 0.7860
2026-02-08 15:56:26,068 - INFO: Round 3, Speaker Fine-tune Epoch 3: No improvement in validation accuracy. Patience(epoch): 2/3
2026-02-08 15:56:26,068 - INFO: Early stopping at epoch 3 due to significant drop in pseudo-label validation accuracy: 0.8775 -> 0.7860.
2026-02-08 15:56:26,069 - INFO: Round 3: Best speaker fine-tuned epoch=1, acc(valid_pseudo)=0.8920
2026-02-08 15:56:26,072 - INFO: Fine-tuning face embedding model for 20 epochs...
2026-02-08 15:56:26,485 - INFO: Epoch: [0][  0/229]	Time  0.356 ( 0.356)	Loss 6.4953e-03 (6.4953e-03)	Acc pseudo 100.00 (100.00)	Lr 1.000e-03 (1.000e-03)
2026-02-08 15:56:31,137 - INFO: Epoch: [0][ 50/229]	Time  0.030 ( 0.037)	Loss 6.0220e-02 (5.3857e-02)	Acc pseudo  96.88 ( 98.50)	Lr 1.000e-03 (1.000e-03)
2026-02-08 15:56:35,784 - INFO: Epoch: [0][100/229]	Time  0.030 ( 0.033)	Loss 4.3713e-02 (5.8385e-02)	Acc pseudo  98.44 ( 98.19)	Lr 1.000e-03 (1.000e-03)
2026-02-08 15:56:40,435 - INFO: Epoch: [0][150/229]	Time  0.026 ( 0.032)	Loss 6.3432e-02 (6.8599e-02)	Acc pseudo  98.44 ( 98.09)	Lr 1.000e-03 (1.000e-03)
2026-02-08 15:56:45,083 - INFO: Epoch: [0][200/229]	Time  0.028 ( 0.031)	Loss 3.0422e-02 (6.7939e-02)	Acc pseudo 100.00 ( 98.04)	Lr 1.000e-03 (1.000e-03)
2026-02-08 15:56:47,726 - INFO: Round 3, Face Fine-tune Epoch 0: loss=0.0679, acc(pseudo)=98.03%
2026-02-08 15:57:13,263 - INFO: Round 3, Face Fine-tune Epoch 0: acc(valid_pseudo): 0.9961, acc: 0.9083
2026-02-08 15:57:14,405 - INFO: Epoch: [1][  0/229]	Time  0.398 ( 0.398)	Loss 6.1219e-02 (6.1219e-02)	Acc pseudo  95.31 ( 95.31)	Lr 1.000e-03 (1.000e-03)
2026-02-08 15:57:19,070 - INFO: Epoch: [1][ 50/229]	Time  0.027 ( 0.038)	Loss 1.5284e-02 (5.2789e-02)	Acc pseudo 100.00 ( 98.31)	Lr 1.000e-03 (1.000e-03)
2026-02-08 15:57:23,733 - INFO: Epoch: [1][100/229]	Time  0.033 ( 0.034)	Loss 7.6365e-02 (4.9765e-02)	Acc pseudo  96.88 ( 98.47)	Lr 1.000e-03 (1.000e-03)
2026-02-08 15:57:28,396 - INFO: Epoch: [1][150/229]	Time  0.029 ( 0.033)	Loss 5.4354e-02 (5.8651e-02)	Acc pseudo  96.88 ( 98.32)	Lr 1.000e-03 (1.000e-03)
2026-02-08 15:57:33,059 - INFO: Epoch: [1][200/229]	Time  0.029 ( 0.032)	Loss 4.5755e-02 (5.3340e-02)	Acc pseudo  98.44 ( 98.39)	Lr 1.000e-03 (1.000e-03)
2026-02-08 15:57:35,712 - INFO: Round 3, Face Fine-tune Epoch 1: loss=0.0546, acc(pseudo)=98.33%
2026-02-08 15:58:00,495 - INFO: Round 3, Face Fine-tune Epoch 1: acc(valid_pseudo): 0.9988, acc: 0.9158
2026-02-08 15:58:02,448 - INFO: Epoch: [2][  0/229]	Time  1.019 ( 1.019)	Loss 1.0050e-01 (1.0050e-01)	Acc pseudo  95.31 ( 95.31)	Lr 1.000e-03 (1.000e-03)
2026-02-08 15:58:07,117 - INFO: Epoch: [2][ 50/229]	Time  0.030 ( 0.050)	Loss 1.7783e-01 (6.5895e-02)	Acc pseudo  95.31 ( 97.67)	Lr 1.000e-03 (1.000e-03)
2026-02-08 15:58:11,783 - INFO: Epoch: [2][100/229]	Time  0.028 ( 0.040)	Loss 5.0141e-02 (6.0265e-02)	Acc pseudo  96.88 ( 97.74)	Lr 1.000e-03 (1.000e-03)
2026-02-08 15:58:16,452 - INFO: Epoch: [2][150/229]	Time  0.028 ( 0.037)	Loss 8.6985e-02 (5.9424e-02)	Acc pseudo  98.44 ( 97.91)	Lr 1.000e-03 (1.000e-03)
2026-02-08 15:58:21,122 - INFO: Epoch: [2][200/229]	Time  0.039 ( 0.035)	Loss 1.1771e-01 (6.6621e-02)	Acc pseudo  95.31 ( 97.90)	Lr 1.000e-03 (1.000e-03)
2026-02-08 15:58:23,778 - INFO: Round 3, Face Fine-tune Epoch 2: loss=0.0670, acc(pseudo)=97.84%
2026-02-08 15:58:48,964 - INFO: Round 3, Face Fine-tune Epoch 2: acc(valid_pseudo): 0.9971, acc: 0.9102
2026-02-08 15:58:48,965 - INFO: Round 3, Face Fine-tune Epoch 2: No improvement. Patience(epoch): 1/3
2026-02-08 15:58:49,370 - INFO: Epoch: [3][  0/229]	Time  0.356 ( 0.356)	Loss 6.8329e-01 (6.8329e-01)	Acc pseudo  96.88 ( 96.88)	Lr 1.000e-03 (1.000e-03)
2026-02-08 15:58:54,039 - INFO: Epoch: [3][ 50/229]	Time  0.037 ( 0.038)	Loss 1.0882e-01 (6.6232e-02)	Acc pseudo  95.31 ( 98.01)	Lr 1.000e-03 (1.000e-03)
2026-02-08 15:58:58,702 - INFO: Epoch: [3][100/229]	Time  0.027 ( 0.034)	Loss 7.0769e-02 (5.4809e-02)	Acc pseudo  95.31 ( 98.14)	Lr 1.000e-03 (1.000e-03)
2026-02-08 15:59:03,368 - INFO: Epoch: [3][150/229]	Time  0.029 ( 0.033)	Loss 1.1879e-01 (5.5851e-02)	Acc pseudo  96.88 ( 98.11)	Lr 1.000e-03 (1.000e-03)
2026-02-08 15:59:08,034 - INFO: Epoch: [3][200/229]	Time  0.040 ( 0.032)	Loss 3.6899e-02 (5.7973e-02)	Acc pseudo  98.44 ( 97.99)	Lr 1.000e-03 (1.000e-03)
2026-02-08 15:59:10,686 - INFO: Round 3, Face Fine-tune Epoch 3: loss=0.0581, acc(pseudo)=97.99%
2026-02-08 15:59:35,048 - INFO: Round 3, Face Fine-tune Epoch 3: acc(valid_pseudo): 0.9971, acc: 0.9074
2026-02-08 15:59:35,048 - INFO: Round 3, Face Fine-tune Epoch 3: No improvement. Patience(epoch): 2/3
2026-02-08 15:59:35,446 - INFO: Epoch: [4][  0/229]	Time  0.353 ( 0.353)	Loss 2.0230e-01 (2.0230e-01)	Acc pseudo  93.75 ( 93.75)	Lr 1.000e-03 (1.000e-03)
2026-02-08 15:59:40,111 - INFO: Epoch: [4][ 50/229]	Time  0.040 ( 0.041)	Loss 2.8277e-02 (4.8734e-02)	Acc pseudo  98.44 ( 98.13)	Lr 1.000e-03 (1.000e-03)
2026-02-08 15:59:44,779 - INFO: Epoch: [4][100/229]	Time  0.026 ( 0.036)	Loss 4.3994e-02 (6.3930e-02)	Acc pseudo  95.31 ( 97.97)	Lr 1.000e-03 (1.000e-03)
2026-02-08 15:59:49,445 - INFO: Epoch: [4][150/229]	Time  0.027 ( 0.033)	Loss 2.8647e-02 (5.8875e-02)	Acc pseudo  98.44 ( 98.00)	Lr 1.000e-03 (1.000e-03)
2026-02-08 15:59:54,113 - INFO: Epoch: [4][200/229]	Time  0.028 ( 0.032)	Loss 4.3697e-02 (5.5147e-02)	Acc pseudo  98.44 ( 98.06)	Lr 1.000e-03 (1.000e-03)
2026-02-08 15:59:56,777 - INFO: Round 3, Face Fine-tune Epoch 4: loss=0.0560, acc(pseudo)=97.94%
2026-02-08 16:00:21,045 - INFO: Round 3, Face Fine-tune Epoch 4: acc(valid_pseudo): 0.9992, acc: 0.9121
2026-02-08 16:00:22,328 - INFO: Epoch: [5][  0/229]	Time  0.341 ( 0.341)	Loss 6.7767e-03 (6.7767e-03)	Acc pseudo 100.00 (100.00)	Lr 1.000e-03 (1.000e-03)
2026-02-08 16:00:27,000 - INFO: Epoch: [5][ 50/229]	Time  0.039 ( 0.036)	Loss 9.1489e-02 (9.3248e-02)	Acc pseudo  95.31 ( 97.55)	Lr 1.000e-03 (1.000e-03)
2026-02-08 16:00:31,665 - INFO: Epoch: [5][100/229]	Time  0.029 ( 0.033)	Loss 4.2575e-02 (7.7263e-02)	Acc pseudo  98.44 ( 97.57)	Lr 1.000e-03 (1.000e-03)
2026-02-08 16:00:36,338 - INFO: Epoch: [5][150/229]	Time  0.033 ( 0.032)	Loss 1.1890e-01 (7.2207e-02)	Acc pseudo  95.31 ( 97.59)	Lr 1.000e-03 (1.000e-03)
2026-02-08 16:00:41,010 - INFO: Epoch: [5][200/229]	Time  0.027 ( 0.031)	Loss 2.3889e-02 (7.0809e-02)	Acc pseudo  98.44 ( 97.64)	Lr 1.000e-03 (1.000e-03)
2026-02-08 16:00:43,664 - INFO: Round 3, Face Fine-tune Epoch 5: loss=0.0692, acc(pseudo)=97.71%
2026-02-08 16:01:08,309 - INFO: Round 3, Face Fine-tune Epoch 5: acc(valid_pseudo): 0.9992, acc: 0.9111
2026-02-08 16:01:08,309 - INFO: Round 3, Face Fine-tune Epoch 5: No improvement. Patience(epoch): 1/3
2026-02-08 16:01:08,727 - INFO: Epoch: [6][  0/229]	Time  0.359 ( 0.359)	Loss 2.2725e-02 (2.2725e-02)	Acc pseudo 100.00 (100.00)	Lr 1.000e-03 (1.000e-03)
2026-02-08 16:01:13,395 - INFO: Epoch: [6][ 50/229]	Time  0.028 ( 0.036)	Loss 1.8683e-01 (3.9805e-02)	Acc pseudo  98.44 ( 98.50)	Lr 1.000e-03 (1.000e-03)
2026-02-08 16:01:18,059 - INFO: Epoch: [6][100/229]	Time  0.030 ( 0.033)	Loss 1.5079e-02 (4.4211e-02)	Acc pseudo 100.00 ( 98.61)	Lr 1.000e-03 (1.000e-03)
2026-02-08 16:01:22,725 - INFO: Epoch: [6][150/229]	Time  0.032 ( 0.032)	Loss 4.3254e-03 (4.5171e-02)	Acc pseudo 100.00 ( 98.47)	Lr 1.000e-03 (1.000e-03)
2026-02-08 16:01:27,391 - INFO: Epoch: [6][200/229]	Time  0.031 ( 0.031)	Loss 2.9049e-02 (4.8299e-02)	Acc pseudo  98.44 ( 98.34)	Lr 1.000e-03 (1.000e-03)
2026-02-08 16:01:30,045 - INFO: Round 3, Face Fine-tune Epoch 6: loss=0.0493, acc(pseudo)=98.26%
2026-02-08 16:01:54,061 - INFO: Round 3, Face Fine-tune Epoch 6: acc(valid_pseudo): 0.9988, acc: 0.9149
2026-02-08 16:01:54,061 - INFO: Round 3, Face Fine-tune Epoch 6: No improvement. Patience(epoch): 2/3
2026-02-08 16:01:54,473 - INFO: Epoch: [7][  0/229]	Time  0.365 ( 0.365)	Loss 5.3012e-01 (5.3012e-01)	Acc pseudo  98.44 ( 98.44)	Lr 1.000e-03 (1.000e-03)
2026-02-08 16:01:59,139 - INFO: Epoch: [7][ 50/229]	Time  0.030 ( 0.038)	Loss 2.3584e-02 (6.8881e-02)	Acc pseudo  98.44 ( 97.79)	Lr 1.000e-03 (1.000e-03)
2026-02-08 16:02:03,805 - INFO: Epoch: [7][100/229]	Time  0.030 ( 0.034)	Loss 2.0738e-03 (6.2256e-02)	Acc pseudo 100.00 ( 97.83)	Lr 1.000e-03 (1.000e-03)
2026-02-08 16:02:08,473 - INFO: Epoch: [7][150/229]	Time  0.035 ( 0.033)	Loss 1.6305e-02 (5.6434e-02)	Acc pseudo  98.44 ( 98.02)	Lr 1.000e-03 (1.000e-03)
2026-02-08 16:02:13,141 - INFO: Epoch: [7][200/229]	Time  0.031 ( 0.033)	Loss 6.8150e-02 (5.4161e-02)	Acc pseudo  98.44 ( 98.13)	Lr 1.000e-03 (1.000e-03)
2026-02-08 16:02:15,798 - INFO: Round 3, Face Fine-tune Epoch 7: loss=0.0551, acc(pseudo)=98.06%
2026-02-08 16:02:39,714 - INFO: Round 3, Face Fine-tune Epoch 7: acc(valid_pseudo): 0.9993, acc: 0.9111
2026-02-08 16:02:41,018 - INFO: Epoch: [8][  0/229]	Time  0.340 ( 0.340)	Loss 2.0013e-02 (2.0013e-02)	Acc pseudo 100.00 (100.00)	Lr 1.000e-03 (1.000e-03)
2026-02-08 16:02:45,682 - INFO: Epoch: [8][ 50/229]	Time  0.028 ( 0.036)	Loss 1.8694e-02 (3.7598e-02)	Acc pseudo 100.00 ( 98.59)	Lr 1.000e-03 (1.000e-03)
2026-02-08 16:02:50,346 - INFO: Epoch: [8][100/229]	Time  0.029 ( 0.033)	Loss 1.2912e-01 (4.8270e-02)	Acc pseudo  93.75 ( 98.33)	Lr 1.000e-03 (1.000e-03)
2026-02-08 16:02:55,010 - INFO: Epoch: [8][150/229]	Time  0.028 ( 0.032)	Loss 1.1446e-01 (5.7134e-02)	Acc pseudo  95.31 ( 98.25)	Lr 1.000e-03 (1.000e-03)
2026-02-08 16:02:59,675 - INFO: Epoch: [8][200/229]	Time  0.031 ( 0.032)	Loss 2.4068e-02 (5.5074e-02)	Acc pseudo  98.44 ( 98.20)	Lr 1.000e-03 (1.000e-03)
2026-02-08 16:03:02,322 - INFO: Round 3, Face Fine-tune Epoch 8: loss=0.0534, acc(pseudo)=98.22%
2026-02-08 16:03:26,484 - INFO: Round 3, Face Fine-tune Epoch 8: acc(valid_pseudo): 0.9996, acc: 0.9130
2026-02-08 16:03:27,615 - INFO: Epoch: [9][  0/229]	Time  0.347 ( 0.347)	Loss 1.9511e-02 (1.9511e-02)	Acc pseudo 100.00 (100.00)	Lr 1.000e-03 (1.000e-03)
2026-02-08 16:03:32,275 - INFO: Epoch: [9][ 50/229]	Time  0.030 ( 0.038)	Loss 3.4113e-02 (4.4940e-02)	Acc pseudo  98.44 ( 97.98)	Lr 1.000e-03 (1.000e-03)
2026-02-08 16:03:36,936 - INFO: Epoch: [9][100/229]	Time  0.031 ( 0.033)	Loss 1.6694e-01 (4.8151e-02)	Acc pseudo  93.75 ( 98.00)	Lr 1.000e-03 (1.000e-03)
2026-02-08 16:03:41,603 - INFO: Epoch: [9][150/229]	Time  0.033 ( 0.032)	Loss 8.4576e-02 (4.7666e-02)	Acc pseudo  96.88 ( 98.04)	Lr 1.000e-03 (1.000e-03)
2026-02-08 16:03:46,273 - INFO: Epoch: [9][200/229]	Time  0.029 ( 0.032)	Loss 2.3949e-02 (4.7849e-02)	Acc pseudo 100.00 ( 98.19)	Lr 1.000e-03 (1.000e-03)
2026-02-08 16:03:48,929 - INFO: Round 3, Face Fine-tune Epoch 9: loss=0.0480, acc(pseudo)=98.13%
2026-02-08 16:04:13,215 - INFO: Round 3, Face Fine-tune Epoch 9: acc(valid_pseudo): 0.9999, acc: 0.9121
2026-02-08 16:04:14,334 - INFO: Epoch: [10][  0/229]	Time  0.340 ( 0.340)	Loss 2.1876e-02 (2.1876e-02)	Acc pseudo  98.44 ( 98.44)	Lr 1.000e-03 (1.000e-03)
2026-02-08 16:04:19,005 - INFO: Epoch: [10][ 50/229]	Time  0.027 ( 0.037)	Loss 4.4182e-03 (4.8674e-02)	Acc pseudo 100.00 ( 98.38)	Lr 1.000e-03 (1.000e-03)
2026-02-08 16:04:23,669 - INFO: Epoch: [10][100/229]	Time  0.028 ( 0.034)	Loss 6.3134e-02 (4.4853e-02)	Acc pseudo  96.88 ( 98.41)	Lr 1.000e-03 (1.000e-03)
2026-02-08 16:04:28,334 - INFO: Epoch: [10][150/229]	Time  0.027 ( 0.032)	Loss 2.1230e-01 (4.7040e-02)	Acc pseudo  96.88 ( 98.40)	Lr 1.000e-03 (1.000e-03)
2026-02-08 16:04:33,003 - INFO: Epoch: [10][200/229]	Time  0.028 ( 0.032)	Loss 3.1882e-02 (4.8464e-02)	Acc pseudo 100.00 ( 98.42)	Lr 1.000e-03 (1.000e-03)
2026-02-08 16:04:35,655 - INFO: Round 3, Face Fine-tune Epoch 10: loss=0.0480, acc(pseudo)=98.40%
2026-02-08 16:05:00,191 - INFO: Round 3, Face Fine-tune Epoch 10: acc(valid_pseudo): 0.9998, acc: 0.9130
2026-02-08 16:05:00,192 - INFO: Round 3, Face Fine-tune Epoch 10: No improvement. Patience(epoch): 1/3
2026-02-08 16:05:00,580 - INFO: Epoch: [11][  0/229]	Time  0.342 ( 0.342)	Loss 7.7873e-02 (7.7873e-02)	Acc pseudo  98.44 ( 98.44)	Lr 1.000e-03 (1.000e-03)
2026-02-08 16:05:05,246 - INFO: Epoch: [11][ 50/229]	Time  0.030 ( 0.035)	Loss 3.1915e-03 (4.2682e-02)	Acc pseudo 100.00 ( 98.50)	Lr 1.000e-03 (1.000e-03)
2026-02-08 16:05:09,908 - INFO: Epoch: [11][100/229]	Time  0.038 ( 0.033)	Loss 1.5086e-03 (3.9899e-02)	Acc pseudo 100.00 ( 98.53)	Lr 1.000e-03 (1.000e-03)
2026-02-08 16:05:14,571 - INFO: Epoch: [11][150/229]	Time  0.038 ( 0.032)	Loss 1.7448e-03 (3.9424e-02)	Acc pseudo 100.00 ( 98.57)	Lr 1.000e-03 (1.000e-03)
2026-02-08 16:05:19,235 - INFO: Epoch: [11][200/229]	Time  0.030 ( 0.031)	Loss 1.9850e-01 (4.0883e-02)	Acc pseudo  95.31 ( 98.48)	Lr 1.000e-03 (1.000e-03)
2026-02-08 16:05:21,891 - INFO: Round 3, Face Fine-tune Epoch 11: loss=0.0426, acc(pseudo)=98.42%
2026-02-08 16:05:46,164 - INFO: Round 3, Face Fine-tune Epoch 11: acc(valid_pseudo): 0.9998, acc: 0.9121
2026-02-08 16:05:46,164 - INFO: Round 3, Face Fine-tune Epoch 11: No improvement. Patience(epoch): 2/3
2026-02-08 16:05:46,550 - INFO: Epoch: [12][  0/229]	Time  0.344 ( 0.344)	Loss 2.0570e-02 (2.0570e-02)	Acc pseudo  98.44 ( 98.44)	Lr 1.000e-03 (1.000e-03)
2026-02-08 16:05:51,221 - INFO: Epoch: [12][ 50/229]	Time  0.030 ( 0.038)	Loss 1.4398e-02 (4.6895e-02)	Acc pseudo 100.00 ( 98.65)	Lr 1.000e-03 (1.000e-03)
2026-02-08 16:05:55,882 - INFO: Epoch: [12][100/229]	Time  0.027 ( 0.034)	Loss 7.4291e-03 (3.4998e-02)	Acc pseudo 100.00 ( 98.82)	Lr 1.000e-03 (1.000e-03)
2026-02-08 16:06:00,544 - INFO: Epoch: [12][150/229]	Time  0.038 ( 0.032)	Loss 3.2248e-02 (3.4484e-02)	Acc pseudo  98.44 ( 98.84)	Lr 1.000e-03 (1.000e-03)
2026-02-08 16:06:05,209 - INFO: Epoch: [12][200/229]	Time  0.028 ( 0.032)	Loss 1.9553e-03 (3.4458e-02)	Acc pseudo 100.00 ( 98.85)	Lr 1.000e-03 (1.000e-03)
2026-02-08 16:06:07,860 - INFO: Round 3, Face Fine-tune Epoch 12: loss=0.0366, acc(pseudo)=98.76%
2026-02-08 16:06:31,740 - INFO: Round 3, Face Fine-tune Epoch 12: acc(valid_pseudo): 0.9998, acc: 0.9130
2026-02-08 16:06:31,740 - INFO: Round 3, Face Fine-tune Epoch 12: No improvement. Patience(epoch): 3/3
2026-02-08 16:06:31,740 - INFO: Early stopping at face epoch 12
2026-02-08 16:06:31,741 - INFO: Round 3: Best face fine-tuned epoch=9, acc(valid_pseudo)=0.9999
2026-02-08 16:06:49,858 - INFO: Round 3: speaker_acc=0.8920
2026-02-08 16:06:49,861 - INFO: Round 3: face_acc=0.9121
2026-02-08 16:06:49,863 - INFO: ====================
2026-02-08 16:06:49,863 - INFO: Round 4: Fine-tuning iteration
2026-02-08 16:06:49,863 - INFO: ====================
2026-02-08 16:06:49,937 - INFO: Round 4 Part 1: Fine-tuning embedding model
2026-02-08 16:06:49,937 - INFO: Using pseudo-label file: runs/the big bang theory/exp_video/result/self_supervised/baseline_joint/exp1/round3/pseudo_label/pseudo_labels_audio_baseline_joint.json
2026-02-08 16:06:49,950 - INFO: For training, Using face pseudo-label file: runs/the big bang theory/exp_video/result/self_supervised/baseline_joint/exp1/round3/pseudo_label/pseudo_labels_faces_mid_frame_train_baseline_joint.json
2026-02-08 16:06:49,950 - INFO: For infering, Using face pseudo-label file: runs/the big bang theory/exp_video/result/self_supervised/baseline_joint/exp1/round3/pseudo_label/pseudo_labels_faces_mid_frame_all_baseline_joint.json
2026-02-08 16:06:50,007 - INFO: Created face dataloader with 14646 samples
2026-02-08 16:06:50,012 - INFO: Warmup training speaker classifier for 2 epochs...
2026-02-08 16:06:50,141 - INFO: Epoch: [0][  0/107]	Time  0.125 ( 0.125)	Loss 1.9648e+00 (1.9648e+00)	Acc pseudo  35.94 ( 35.94)	Lr 1.000e-03 (1.000e-03)
2026-02-08 16:06:50,281 - INFO: Epoch: [0][ 50/107]	Time  0.003 ( 0.005)	Loss 2.6052e-01 (6.0682e-01)	Acc pseudo  96.88 ( 90.10)	Lr 1.000e-03 (1.000e-03)
2026-02-08 16:06:50,407 - INFO: Epoch: [0][100/107]	Time  0.002 ( 0.004)	Loss 3.2451e-01 (4.2099e-01)	Acc pseudo  90.62 ( 92.48)	Lr 1.000e-03 (1.000e-03)
2026-02-08 16:06:50,447 - INFO: Round 4, Speaker Warmup Epoch 0: loss=0.4086, acc(pseudo)=92.61%
2026-02-08 16:06:50,577 - INFO: Epoch: [1][  0/107]	Time  0.125 ( 0.125)	Loss 1.2434e-01 (1.2434e-01)	Acc pseudo  96.88 ( 96.88)	Lr 1.000e-03 (1.000e-03)
2026-02-08 16:06:50,712 - INFO: Epoch: [1][ 50/107]	Time  0.002 ( 0.005)	Loss 2.6855e-01 (1.8287e-01)	Acc pseudo  95.31 ( 95.22)	Lr 1.000e-03 (1.000e-03)
2026-02-08 16:06:50,841 - INFO: Epoch: [1][100/107]	Time  0.002 ( 0.004)	Loss 1.9250e-01 (1.7430e-01)	Acc pseudo  93.75 ( 95.24)	Lr 1.000e-03 (1.000e-03)
2026-02-08 16:06:50,885 - INFO: Round 4, Speaker Warmup Epoch 1: loss=0.1743, acc(pseudo)=95.20%
2026-02-08 16:06:50,888 - INFO: Warmup training face classifier for 2 epochs...
2026-02-08 16:06:51,303 - INFO: Epoch: [0][  0/229]	Time  0.364 ( 0.364)	Loss 2.5734e+00 (2.5734e+00)	Acc pseudo  12.50 ( 12.50)	Lr 1.000e-03 (1.000e-03)
2026-02-08 16:06:55,881 - INFO: Epoch: [0][ 50/229]	Time  0.031 ( 0.037)	Loss 2.3338e-01 (6.8043e-01)	Acc pseudo  98.44 ( 87.68)	Lr 1.000e-03 (1.000e-03)
2026-02-08 16:07:00,460 - INFO: Epoch: [0][100/229]	Time  0.026 ( 0.033)	Loss 1.0456e-01 (4.3530e-01)	Acc pseudo  98.44 ( 92.67)	Lr 1.000e-03 (1.000e-03)
2026-02-08 16:07:05,096 - INFO: Epoch: [0][150/229]	Time  0.033 ( 0.032)	Loss 5.7114e-02 (3.2525e-01)	Acc pseudo 100.00 ( 94.43)	Lr 1.000e-03 (1.000e-03)
2026-02-08 16:07:09,686 - INFO: Epoch: [0][200/229]	Time  0.037 ( 0.032)	Loss 2.9648e-02 (2.6817e-01)	Acc pseudo 100.00 ( 95.39)	Lr 1.000e-03 (1.000e-03)
2026-02-08 16:07:12,297 - INFO: Round 4, Face Warmup Epoch 0: loss=0.2466, acc(pseudo)=95.73%
2026-02-08 16:07:12,673 - INFO: Epoch: [1][  0/229]	Time  0.333 ( 0.333)	Loss 8.8186e-02 (8.8186e-02)	Acc pseudo  98.44 ( 98.44)	Lr 1.000e-03 (1.000e-03)
2026-02-08 16:07:17,260 - INFO: Epoch: [1][ 50/229]	Time  0.030 ( 0.034)	Loss 1.5944e-02 (6.0245e-02)	Acc pseudo 100.00 ( 98.62)	Lr 1.000e-03 (1.000e-03)
2026-02-08 16:07:21,849 - INFO: Epoch: [1][100/229]	Time  0.027 ( 0.032)	Loss 3.5987e-02 (7.0304e-02)	Acc pseudo  98.44 ( 98.59)	Lr 1.000e-03 (1.000e-03)
2026-02-08 16:07:26,439 - INFO: Epoch: [1][150/229]	Time  0.025 ( 0.031)	Loss 3.4187e-02 (7.2469e-02)	Acc pseudo 100.00 ( 98.45)	Lr 1.000e-03 (1.000e-03)
2026-02-08 16:07:31,029 - INFO: Epoch: [1][200/229]	Time  0.029 ( 0.030)	Loss 1.7971e-02 (6.7098e-02)	Acc pseudo 100.00 ( 98.51)	Lr 1.000e-03 (1.000e-03)
2026-02-08 16:07:33,635 - INFO: Round 4, Face Warmup Epoch 1: loss=0.0649, acc(pseudo)=98.55%
2026-02-08 16:07:33,642 - INFO: Fine-tuning speaker embedding model for 20 epochs...
2026-02-08 16:07:33,768 - INFO: Epoch: [0][  0/107]	Time  0.122 ( 0.122)	Loss 9.6221e-02 (9.6221e-02)	Acc pseudo  95.31 ( 95.31)	Lr 1.000e-03 (1.000e-03)
2026-02-08 16:07:33,924 - INFO: Epoch: [0][ 50/107]	Time  0.003 ( 0.005)	Loss 1.1749e-01 (1.8280e-01)	Acc pseudo  95.31 ( 94.91)	Lr 1.000e-03 (1.000e-03)
2026-02-08 16:07:34,075 - INFO: Epoch: [0][100/107]	Time  0.002 ( 0.004)	Loss 2.3584e-01 (1.9773e-01)	Acc pseudo  96.88 ( 94.80)	Lr 1.000e-03 (1.000e-03)
2026-02-08 16:07:34,130 - INFO: Round 4, Fine-tune Epoch 0: loss=0.1951, acc(pseudo)=94.80%
2026-02-08 16:07:38,204 - INFO: Round 4, Fine-tune Epoch 0: acc(valid_pseudo): 0.8380, acc: 0.8380
2026-02-08 16:07:38,621 - INFO: Epoch: [1][  0/107]	Time  0.148 ( 0.148)	Loss 9.5393e-02 (9.5393e-02)	Acc pseudo  98.44 ( 98.44)	Lr 1.000e-03 (1.000e-03)
2026-02-08 16:07:38,779 - INFO: Epoch: [1][ 50/107]	Time  0.003 ( 0.006)	Loss 1.1006e-01 (1.4182e-01)	Acc pseudo 100.00 ( 96.08)	Lr 1.000e-03 (1.000e-03)
2026-02-08 16:07:38,929 - INFO: Epoch: [1][100/107]	Time  0.002 ( 0.004)	Loss 1.1879e-01 (1.3193e-01)	Acc pseudo  96.88 ( 96.41)	Lr 1.000e-03 (1.000e-03)
2026-02-08 16:07:38,975 - INFO: Round 4, Fine-tune Epoch 1: loss=0.1327, acc(pseudo)=96.41%
2026-02-08 16:07:43,130 - INFO: Round 4, Fine-tune Epoch 1: acc(valid_pseudo): 0.8990, acc: 0.8990
2026-02-08 16:07:43,528 - INFO: Epoch: [2][  0/107]	Time  0.122 ( 0.122)	Loss 9.1645e-02 (9.1645e-02)	Acc pseudo  95.31 ( 95.31)	Lr 1.000e-03 (1.000e-03)
2026-02-08 16:07:43,692 - INFO: Epoch: [2][ 50/107]	Time  0.003 ( 0.006)	Loss 8.2462e-02 (1.1695e-01)	Acc pseudo  98.44 ( 96.57)	Lr 1.000e-03 (1.000e-03)
2026-02-08 16:07:43,837 - INFO: Epoch: [2][100/107]	Time  0.002 ( 0.004)	Loss 2.6679e-02 (1.1528e-01)	Acc pseudo 100.00 ( 96.63)	Lr 1.000e-03 (1.000e-03)
2026-02-08 16:07:43,880 - INFO: Round 4, Fine-tune Epoch 2: loss=0.1153, acc(pseudo)=96.63%
2026-02-08 16:07:48,953 - INFO: Round 4, Fine-tune Epoch 2: acc(valid_pseudo): 0.8900, acc: 0.8900
2026-02-08 16:07:48,953 - INFO: Round 4, Speaker Fine-tune Epoch 2: No improvement in validation accuracy. Patience(epoch): 1/3
2026-02-08 16:07:49,089 - INFO: Epoch: [3][  0/107]	Time  0.131 ( 0.131)	Loss 1.0177e-01 (1.0177e-01)	Acc pseudo  95.31 ( 95.31)	Lr 1.000e-03 (1.000e-03)
2026-02-08 16:07:49,245 - INFO: Epoch: [3][ 50/107]	Time  0.003 ( 0.006)	Loss 5.8199e-02 (9.6072e-02)	Acc pseudo  98.44 ( 96.94)	Lr 1.000e-03 (1.000e-03)
2026-02-08 16:07:49,383 - INFO: Epoch: [3][100/107]	Time  0.002 ( 0.004)	Loss 2.8364e-01 (1.0826e-01)	Acc pseudo  90.62 ( 96.80)	Lr 1.000e-03 (1.000e-03)
2026-02-08 16:07:49,425 - INFO: Round 4, Fine-tune Epoch 3: loss=0.1083, acc(pseudo)=96.75%
2026-02-08 16:07:54,672 - INFO: Round 4, Fine-tune Epoch 3: acc(valid_pseudo): 0.8875, acc: 0.8875
2026-02-08 16:07:54,672 - INFO: Round 4, Speaker Fine-tune Epoch 3: No improvement in validation accuracy. Patience(epoch): 2/3
2026-02-08 16:07:54,804 - INFO: Epoch: [4][  0/107]	Time  0.127 ( 0.127)	Loss 4.6964e-02 (4.6964e-02)	Acc pseudo 100.00 (100.00)	Lr 1.000e-03 (1.000e-03)
2026-02-08 16:07:54,961 - INFO: Epoch: [4][ 50/107]	Time  0.003 ( 0.005)	Loss 6.5529e-02 (8.6671e-02)	Acc pseudo 100.00 ( 97.09)	Lr 1.000e-03 (1.000e-03)
2026-02-08 16:07:55,100 - INFO: Epoch: [4][100/107]	Time  0.002 ( 0.004)	Loss 3.0074e-02 (9.6887e-02)	Acc pseudo  96.88 ( 96.94)	Lr 1.000e-03 (1.000e-03)
2026-02-08 16:07:55,143 - INFO: Round 4, Fine-tune Epoch 4: loss=0.1032, acc(pseudo)=96.85%
2026-02-08 16:07:58,972 - INFO: Round 4, Fine-tune Epoch 4: acc(valid_pseudo): 0.8805, acc: 0.8805
2026-02-08 16:07:58,972 - INFO: Round 4, Speaker Fine-tune Epoch 4: No improvement in validation accuracy. Patience(epoch): 3/3
2026-02-08 16:07:58,972 - INFO: Early stopping at epoch 4 due to no improvement in validation accuracy for 3 epochs.
2026-02-08 16:07:58,973 - INFO: Round 4: Best speaker fine-tuned epoch=1, acc(valid_pseudo)=0.8990
2026-02-08 16:07:58,977 - INFO: Fine-tuning face embedding model for 20 epochs...
2026-02-08 16:07:59,376 - INFO: Epoch: [0][  0/229]	Time  0.353 ( 0.353)	Loss 1.9814e-02 (1.9814e-02)	Acc pseudo  98.44 ( 98.44)	Lr 1.000e-03 (1.000e-03)
2026-02-08 16:08:04,028 - INFO: Epoch: [0][ 50/229]	Time  0.026 ( 0.037)	Loss 4.5957e-02 (4.0627e-02)	Acc pseudo  98.44 ( 98.93)	Lr 1.000e-03 (1.000e-03)
2026-02-08 16:08:08,677 - INFO: Epoch: [0][100/229]	Time  0.041 ( 0.034)	Loss 6.3823e-02 (4.9415e-02)	Acc pseudo  96.88 ( 98.81)	Lr 1.000e-03 (1.000e-03)
2026-02-08 16:08:13,329 - INFO: Epoch: [0][150/229]	Time  0.036 ( 0.033)	Loss 1.3176e-02 (5.0836e-02)	Acc pseudo 100.00 ( 98.77)	Lr 1.000e-03 (1.000e-03)
2026-02-08 16:08:17,985 - INFO: Epoch: [0][200/229]	Time  0.028 ( 0.032)	Loss 2.7734e-02 (5.2352e-02)	Acc pseudo  98.44 ( 98.64)	Lr 1.000e-03 (1.000e-03)
2026-02-08 16:08:20,629 - INFO: Round 4, Face Fine-tune Epoch 0: loss=0.0533, acc(pseudo)=98.57%
2026-02-08 16:08:45,564 - INFO: Round 4, Face Fine-tune Epoch 0: acc(valid_pseudo): 0.9972, acc: 0.9121
2026-02-08 16:08:47,061 - INFO: Epoch: [1][  0/229]	Time  0.353 ( 0.353)	Loss 5.7432e-02 (5.7432e-02)	Acc pseudo  98.44 ( 98.44)	Lr 1.000e-03 (1.000e-03)
2026-02-08 16:08:51,729 - INFO: Epoch: [1][ 50/229]	Time  0.033 ( 0.039)	Loss 1.4821e-02 (4.4266e-02)	Acc pseudo 100.00 ( 98.44)	Lr 1.000e-03 (1.000e-03)
2026-02-08 16:08:56,392 - INFO: Epoch: [1][100/229]	Time  0.027 ( 0.035)	Loss 8.9557e-02 (4.3235e-02)	Acc pseudo  98.44 ( 98.50)	Lr 1.000e-03 (1.000e-03)
2026-02-08 16:09:01,059 - INFO: Epoch: [1][150/229]	Time  0.028 ( 0.034)	Loss 4.2581e-03 (4.5416e-02)	Acc pseudo 100.00 ( 98.31)	Lr 1.000e-03 (1.000e-03)
2026-02-08 16:09:05,726 - INFO: Epoch: [1][200/229]	Time  0.028 ( 0.033)	Loss 1.7463e-03 (4.3689e-02)	Acc pseudo 100.00 ( 98.40)	Lr 1.000e-03 (1.000e-03)
2026-02-08 16:09:08,391 - INFO: Round 4, Face Fine-tune Epoch 1: loss=0.0450, acc(pseudo)=98.35%
2026-02-08 16:09:32,569 - INFO: Round 4, Face Fine-tune Epoch 1: acc(valid_pseudo): 0.9981, acc: 0.9149
2026-02-08 16:09:33,702 - INFO: Epoch: [2][  0/229]	Time  0.352 ( 0.352)	Loss 3.5392e-02 (3.5392e-02)	Acc pseudo  98.44 ( 98.44)	Lr 1.000e-03 (1.000e-03)
2026-02-08 16:09:38,374 - INFO: Epoch: [2][ 50/229]	Time  0.031 ( 0.038)	Loss 2.7982e-02 (3.2673e-02)	Acc pseudo  98.44 ( 98.84)	Lr 1.000e-03 (1.000e-03)
2026-02-08 16:09:43,039 - INFO: Epoch: [2][100/229]	Time  0.038 ( 0.035)	Loss 1.6386e-02 (4.0046e-02)	Acc pseudo 100.00 ( 98.67)	Lr 1.000e-03 (1.000e-03)
2026-02-08 16:09:47,705 - INFO: Epoch: [2][150/229]	Time  0.031 ( 0.034)	Loss 7.2933e-03 (3.9268e-02)	Acc pseudo 100.00 ( 98.61)	Lr 1.000e-03 (1.000e-03)
2026-02-08 16:09:52,375 - INFO: Epoch: [2][200/229]	Time  0.035 ( 0.033)	Loss 3.0509e-02 (4.2626e-02)	Acc pseudo  98.44 ( 98.51)	Lr 1.000e-03 (1.000e-03)
2026-02-08 16:09:55,032 - INFO: Round 4, Face Fine-tune Epoch 2: loss=0.0455, acc(pseudo)=98.44%
2026-02-08 16:10:19,780 - INFO: Round 4, Face Fine-tune Epoch 2: acc(valid_pseudo): 0.9986, acc: 0.9130
2026-02-08 16:10:20,923 - INFO: Epoch: [3][  0/229]	Time  0.369 ( 0.369)	Loss 5.0389e-03 (5.0389e-03)	Acc pseudo 100.00 (100.00)	Lr 1.000e-03 (1.000e-03)
2026-02-08 16:10:25,594 - INFO: Epoch: [3][ 50/229]	Time  0.031 ( 0.037)	Loss 2.8445e-02 (4.5254e-02)	Acc pseudo  98.44 ( 98.44)	Lr 1.000e-03 (1.000e-03)
2026-02-08 16:10:30,259 - INFO: Epoch: [3][100/229]	Time  0.040 ( 0.035)	Loss 1.2692e-02 (5.2487e-02)	Acc pseudo  98.44 ( 98.41)	Lr 1.000e-03 (1.000e-03)
2026-02-08 16:10:34,922 - INFO: Epoch: [3][150/229]	Time  0.026 ( 0.034)	Loss 4.8906e-02 (5.0871e-02)	Acc pseudo  98.44 ( 98.34)	Lr 1.000e-03 (1.000e-03)
2026-02-08 16:10:39,587 - INFO: Epoch: [3][200/229]	Time  0.026 ( 0.032)	Loss 5.7427e-02 (5.8556e-02)	Acc pseudo  98.44 ( 98.26)	Lr 1.000e-03 (1.000e-03)
2026-02-08 16:10:42,233 - INFO: Round 4, Face Fine-tune Epoch 3: loss=0.0618, acc(pseudo)=98.24%
2026-02-08 16:11:06,751 - INFO: Round 4, Face Fine-tune Epoch 3: acc(valid_pseudo): 0.9981, acc: 0.9102
2026-02-08 16:11:06,751 - INFO: Round 4, Face Fine-tune Epoch 3: No improvement. Patience(epoch): 1/3
2026-02-08 16:11:07,171 - INFO: Epoch: [4][  0/229]	Time  0.368 ( 0.368)	Loss 6.3695e-03 (6.3695e-03)	Acc pseudo 100.00 (100.00)	Lr 1.000e-03 (1.000e-03)
2026-02-08 16:11:11,841 - INFO: Epoch: [4][ 50/229]	Time  0.026 ( 0.037)	Loss 5.4562e-01 (4.7038e-02)	Acc pseudo  98.44 ( 98.62)	Lr 1.000e-03 (1.000e-03)
2026-02-08 16:11:16,507 - INFO: Epoch: [4][100/229]	Time  0.029 ( 0.035)	Loss 7.3083e-02 (4.6097e-02)	Acc pseudo  98.44 ( 98.42)	Lr 1.000e-03 (1.000e-03)
2026-02-08 16:11:21,172 - INFO: Epoch: [4][150/229]	Time  0.026 ( 0.033)	Loss 4.0900e-02 (4.9264e-02)	Acc pseudo  96.88 ( 98.31)	Lr 1.000e-03 (1.000e-03)
2026-02-08 16:11:25,838 - INFO: Epoch: [4][200/229]	Time  0.031 ( 0.032)	Loss 3.1366e-02 (4.6524e-02)	Acc pseudo  98.44 ( 98.34)	Lr 1.000e-03 (1.000e-03)
2026-02-08 16:11:28,491 - INFO: Round 4, Face Fine-tune Epoch 4: loss=0.0515, acc(pseudo)=98.31%
2026-02-08 16:11:52,977 - INFO: Round 4, Face Fine-tune Epoch 4: acc(valid_pseudo): 0.9983, acc: 0.9130
2026-02-08 16:11:52,977 - INFO: Round 4, Face Fine-tune Epoch 4: No improvement. Patience(epoch): 2/3
2026-02-08 16:11:53,408 - INFO: Epoch: [5][  0/229]	Time  0.388 ( 0.388)	Loss 1.2595e-02 (1.2595e-02)	Acc pseudo  98.44 ( 98.44)	Lr 1.000e-03 (1.000e-03)
2026-02-08 16:11:58,074 - INFO: Epoch: [5][ 50/229]	Time  0.026 ( 0.039)	Loss 5.2875e-02 (9.4331e-02)	Acc pseudo  96.88 ( 97.98)	Lr 1.000e-03 (1.000e-03)
2026-02-08 16:12:02,741 - INFO: Epoch: [5][100/229]	Time  0.036 ( 0.034)	Loss 6.0781e-02 (8.6945e-02)	Acc pseudo  96.88 ( 98.08)	Lr 1.000e-03 (1.000e-03)
2026-02-08 16:12:07,406 - INFO: Epoch: [5][150/229]	Time  0.029 ( 0.032)	Loss 4.7235e-02 (7.2146e-02)	Acc pseudo  98.44 ( 98.18)	Lr 1.000e-03 (1.000e-03)
2026-02-08 16:12:12,075 - INFO: Epoch: [5][200/229]	Time  0.038 ( 0.032)	Loss 3.3766e-02 (6.7592e-02)	Acc pseudo  98.44 ( 98.21)	Lr 1.000e-03 (1.000e-03)
2026-02-08 16:12:14,727 - INFO: Round 4, Face Fine-tune Epoch 5: loss=0.0647, acc(pseudo)=98.25%
2026-02-08 16:12:38,567 - INFO: Round 4, Face Fine-tune Epoch 5: acc(valid_pseudo): 0.9986, acc: 0.9111
2026-02-08 16:12:38,568 - INFO: Round 4, Face Fine-tune Epoch 5: No improvement. Patience(epoch): 3/3
2026-02-08 16:12:38,568 - INFO: Early stopping at face epoch 5
2026-02-08 16:12:38,569 - INFO: Round 4: Best face fine-tuned epoch=2, acc(valid_pseudo)=0.9986
2026-02-08 16:12:55,581 - INFO: Round 4: speaker_acc=0.8990
2026-02-08 16:12:55,584 - INFO: Round 4: face_acc=0.9130
2026-02-08 16:12:55,586 - INFO: ====================
2026-02-08 16:12:55,586 - INFO: Round 5: Fine-tuning iteration
2026-02-08 16:12:55,586 - INFO: ====================
2026-02-08 16:12:55,659 - INFO: Round 5 Part 1: Fine-tuning embedding model
2026-02-08 16:12:55,660 - INFO: Using pseudo-label file: runs/the big bang theory/exp_video/result/self_supervised/baseline_joint/exp1/round4/pseudo_label/pseudo_labels_audio_baseline_joint.json
2026-02-08 16:12:55,671 - INFO: For training, Using face pseudo-label file: runs/the big bang theory/exp_video/result/self_supervised/baseline_joint/exp1/round4/pseudo_label/pseudo_labels_faces_mid_frame_train_baseline_joint.json
2026-02-08 16:12:55,671 - INFO: For infering, Using face pseudo-label file: runs/the big bang theory/exp_video/result/self_supervised/baseline_joint/exp1/round4/pseudo_label/pseudo_labels_faces_mid_frame_all_baseline_joint.json
2026-02-08 16:12:55,728 - INFO: Created face dataloader with 14646 samples
2026-02-08 16:12:55,733 - INFO: Warmup training speaker classifier for 2 epochs...
2026-02-08 16:12:55,861 - INFO: Epoch: [0][  0/107]	Time  0.124 ( 0.124)	Loss 2.3705e+00 (2.3705e+00)	Acc pseudo   9.38 (  9.38)	Lr 1.000e-03 (1.000e-03)
2026-02-08 16:12:56,008 - INFO: Epoch: [0][ 50/107]	Time  0.002 ( 0.005)	Loss 2.0393e-01 (6.5831e-01)	Acc pseudo  98.44 ( 89.03)	Lr 1.000e-03 (1.000e-03)
2026-02-08 16:12:56,136 - INFO: Epoch: [0][100/107]	Time  0.002 ( 0.004)	Loss 1.6773e-01 (4.3835e-01)	Acc pseudo  96.88 ( 92.14)	Lr 1.000e-03 (1.000e-03)
2026-02-08 16:12:56,187 - INFO: Round 5, Speaker Warmup Epoch 0: loss=0.4256, acc(pseudo)=92.28%
2026-02-08 16:12:56,315 - INFO: Epoch: [1][  0/107]	Time  0.124 ( 0.124)	Loss 1.6446e-01 (1.6446e-01)	Acc pseudo  96.88 ( 96.88)	Lr 1.000e-03 (1.000e-03)
2026-02-08 16:12:56,453 - INFO: Epoch: [1][ 50/107]	Time  0.002 ( 0.005)	Loss 7.4232e-02 (1.7080e-01)	Acc pseudo 100.00 ( 95.74)	Lr 1.000e-03 (1.000e-03)
2026-02-08 16:12:56,576 - INFO: Epoch: [1][100/107]	Time  0.002 ( 0.004)	Loss 1.1597e-01 (1.6385e-01)	Acc pseudo  96.88 ( 95.85)	Lr 1.000e-03 (1.000e-03)
2026-02-08 16:12:56,616 - INFO: Round 5, Speaker Warmup Epoch 1: loss=0.1621, acc(pseudo)=95.86%
2026-02-08 16:12:56,620 - INFO: Warmup training face classifier for 2 epochs...
2026-02-08 16:12:57,007 - INFO: Epoch: [0][  0/229]	Time  0.342 ( 0.342)	Loss 2.4787e+00 (2.4787e+00)	Acc pseudo  12.50 ( 12.50)	Lr 1.000e-03 (1.000e-03)
2026-02-08 16:13:01,589 - INFO: Epoch: [0][ 50/229]	Time  0.028 ( 0.037)	Loss 1.4641e-01 (6.1354e-01)	Acc pseudo  98.44 ( 89.55)	Lr 1.000e-03 (1.000e-03)
2026-02-08 16:13:06,175 - INFO: Epoch: [0][100/229]	Time  0.031 ( 0.032)	Loss 7.8140e-02 (3.9954e-01)	Acc pseudo 100.00 ( 93.80)	Lr 1.000e-03 (1.000e-03)
2026-02-08 16:13:10,765 - INFO: Epoch: [0][150/229]	Time  0.028 ( 0.031)	Loss 6.5071e-02 (2.9407e-01)	Acc pseudo 100.00 ( 95.38)	Lr 1.000e-03 (1.000e-03)
2026-02-08 16:13:15,360 - INFO: Epoch: [0][200/229]	Time  0.031 ( 0.031)	Loss 1.1347e-02 (2.3937e-01)	Acc pseudo 100.00 ( 96.24)	Lr 1.000e-03 (1.000e-03)
2026-02-08 16:13:17,974 - INFO: Round 5, Face Warmup Epoch 0: loss=0.2181, acc(pseudo)=96.48%
2026-02-08 16:13:18,360 - INFO: Epoch: [1][  0/229]	Time  0.356 ( 0.356)	Loss 1.4216e-01 (1.4216e-01)	Acc pseudo  96.88 ( 96.88)	Lr 1.000e-03 (1.000e-03)
2026-02-08 16:13:22,954 - INFO: Epoch: [1][ 50/229]	Time  0.040 ( 0.039)	Loss 2.7185e-02 (5.8780e-02)	Acc pseudo  98.44 ( 98.56)	Lr 1.000e-03 (1.000e-03)
2026-02-08 16:13:27,547 - INFO: Epoch: [1][100/229]	Time  0.037 ( 0.036)	Loss 1.3071e-02 (5.8880e-02)	Acc pseudo 100.00 ( 98.65)	Lr 1.000e-03 (1.000e-03)
2026-02-08 16:13:32,143 - INFO: Epoch: [1][150/229]	Time  0.031 ( 0.035)	Loss 1.0790e-01 (5.8712e-02)	Acc pseudo  96.88 ( 98.72)	Lr 1.000e-03 (1.000e-03)
2026-02-08 16:13:36,736 - INFO: Epoch: [1][200/229]	Time  0.028 ( 0.033)	Loss 1.3770e-02 (5.3504e-02)	Acc pseudo 100.00 ( 98.79)	Lr 1.000e-03 (1.000e-03)
2026-02-08 16:13:39,351 - INFO: Round 5, Face Warmup Epoch 1: loss=0.0519, acc(pseudo)=98.82%
2026-02-08 16:13:39,359 - INFO: Fine-tuning speaker embedding model for 20 epochs...
2026-02-08 16:13:39,487 - INFO: Epoch: [0][  0/107]	Time  0.125 ( 0.125)	Loss 2.4190e-01 (2.4190e-01)	Acc pseudo  96.88 ( 96.88)	Lr 1.000e-03 (1.000e-03)
2026-02-08 16:13:39,638 - INFO: Epoch: [0][ 50/107]	Time  0.003 ( 0.005)	Loss 1.0687e-01 (1.6717e-01)	Acc pseudo  96.88 ( 95.83)	Lr 1.000e-03 (1.000e-03)
2026-02-08 16:13:39,777 - INFO: Epoch: [0][100/107]	Time  0.002 ( 0.004)	Loss 7.4325e-02 (1.6635e-01)	Acc pseudo  98.44 ( 95.64)	Lr 1.000e-03 (1.000e-03)
2026-02-08 16:13:39,819 - INFO: Round 5, Fine-tune Epoch 0: loss=0.1641, acc(pseudo)=95.74%
2026-02-08 16:13:43,820 - INFO: Round 5, Fine-tune Epoch 0: acc(valid_pseudo): 0.8775, acc: 0.8775
2026-02-08 16:13:44,228 - INFO: Epoch: [1][  0/107]	Time  0.148 ( 0.148)	Loss 1.5435e-01 (1.5435e-01)	Acc pseudo  93.75 ( 93.75)	Lr 1.000e-03 (1.000e-03)
2026-02-08 16:13:44,387 - INFO: Epoch: [1][ 50/107]	Time  0.003 ( 0.006)	Loss 1.4076e-01 (1.2134e-01)	Acc pseudo  98.44 ( 96.38)	Lr 1.000e-03 (1.000e-03)
2026-02-08 16:13:44,527 - INFO: Epoch: [1][100/107]	Time  0.002 ( 0.004)	Loss 4.9806e-02 (1.2013e-01)	Acc pseudo  98.44 ( 96.57)	Lr 1.000e-03 (1.000e-03)
2026-02-08 16:13:44,572 - INFO: Round 5, Fine-tune Epoch 1: loss=0.1201, acc(pseudo)=96.51%
2026-02-08 16:13:48,656 - INFO: Round 5, Fine-tune Epoch 1: acc(valid_pseudo): 0.8855, acc: 0.8855
2026-02-08 16:13:49,142 - INFO: Epoch: [2][  0/107]	Time  0.208 ( 0.208)	Loss 9.5252e-02 (9.5252e-02)	Acc pseudo  96.88 ( 96.88)	Lr 1.000e-03 (1.000e-03)
2026-02-08 16:13:49,297 - INFO: Epoch: [2][ 50/107]	Time  0.003 ( 0.007)	Loss 3.3358e-02 (1.1595e-01)	Acc pseudo  98.44 ( 96.63)	Lr 1.000e-03 (1.000e-03)
2026-02-08 16:13:49,438 - INFO: Epoch: [2][100/107]	Time  0.002 ( 0.005)	Loss 4.3270e-02 (1.1704e-01)	Acc pseudo  98.44 ( 96.58)	Lr 1.000e-03 (1.000e-03)
2026-02-08 16:13:49,480 - INFO: Round 5, Fine-tune Epoch 2: loss=0.1157, acc(pseudo)=96.63%
2026-02-08 16:13:53,613 - INFO: Round 5, Fine-tune Epoch 2: acc(valid_pseudo): 0.8985, acc: 0.8985
2026-02-08 16:13:54,020 - INFO: Epoch: [3][  0/107]	Time  0.129 ( 0.129)	Loss 5.9058e-02 (5.9058e-02)	Acc pseudo  96.88 ( 96.88)	Lr 1.000e-03 (1.000e-03)
2026-02-08 16:13:54,177 - INFO: Epoch: [3][ 50/107]	Time  0.003 ( 0.006)	Loss 7.3117e-02 (8.4504e-02)	Acc pseudo  95.31 ( 97.24)	Lr 1.000e-03 (1.000e-03)
2026-02-08 16:13:54,315 - INFO: Epoch: [3][100/107]	Time  0.002 ( 0.004)	Loss 1.4384e-01 (8.5975e-02)	Acc pseudo  95.31 ( 97.34)	Lr 1.000e-03 (1.000e-03)
2026-02-08 16:13:54,372 - INFO: Round 5, Fine-tune Epoch 3: loss=0.0859, acc(pseudo)=97.31%
2026-02-08 16:13:59,486 - INFO: Round 5, Fine-tune Epoch 3: acc(valid_pseudo): 0.8860, acc: 0.8860
2026-02-08 16:13:59,487 - INFO: Round 5, Speaker Fine-tune Epoch 3: No improvement in validation accuracy. Patience(epoch): 1/3
2026-02-08 16:13:59,617 - INFO: Epoch: [4][  0/107]	Time  0.126 ( 0.126)	Loss 3.0207e-02 (3.0207e-02)	Acc pseudo 100.00 (100.00)	Lr 1.000e-03 (1.000e-03)
2026-02-08 16:13:59,780 - INFO: Epoch: [4][ 50/107]	Time  0.003 ( 0.006)	Loss 9.1306e-02 (9.3024e-02)	Acc pseudo  96.88 ( 97.00)	Lr 1.000e-03 (1.000e-03)
2026-02-08 16:13:59,924 - INFO: Epoch: [4][100/107]	Time  0.002 ( 0.004)	Loss 1.6118e-01 (8.8933e-02)	Acc pseudo  95.31 ( 97.34)	Lr 1.000e-03 (1.000e-03)
2026-02-08 16:13:59,970 - INFO: Round 5, Fine-tune Epoch 4: loss=0.0885, acc(pseudo)=97.38%
2026-02-08 16:14:04,745 - INFO: Round 5, Fine-tune Epoch 4: acc(valid_pseudo): 0.8975, acc: 0.8975
2026-02-08 16:14:04,745 - INFO: Round 5, Speaker Fine-tune Epoch 4: No improvement in validation accuracy. Patience(epoch): 2/3
2026-02-08 16:14:04,879 - INFO: Epoch: [5][  0/107]	Time  0.129 ( 0.129)	Loss 6.7960e-02 (6.7960e-02)	Acc pseudo  96.88 ( 96.88)	Lr 1.000e-03 (1.000e-03)
2026-02-08 16:14:05,057 - INFO: Epoch: [5][ 50/107]	Time  0.003 ( 0.006)	Loss 4.7346e-02 (6.2448e-02)	Acc pseudo  98.44 ( 97.86)	Lr 1.000e-03 (1.000e-03)
2026-02-08 16:14:05,205 - INFO: Epoch: [5][100/107]	Time  0.002 ( 0.004)	Loss 5.7008e-02 (6.6413e-02)	Acc pseudo  95.31 ( 97.82)	Lr 1.000e-03 (1.000e-03)
2026-02-08 16:14:05,252 - INFO: Round 5, Fine-tune Epoch 5: loss=0.0667, acc(pseudo)=97.85%
2026-02-08 16:14:09,208 - INFO: Round 5, Fine-tune Epoch 5: acc(valid_pseudo): 0.9040, acc: 0.9040
2026-02-08 16:14:09,621 - INFO: Epoch: [6][  0/107]	Time  0.125 ( 0.125)	Loss 1.9423e-02 (1.9423e-02)	Acc pseudo 100.00 (100.00)	Lr 1.000e-03 (1.000e-03)
2026-02-08 16:14:09,778 - INFO: Epoch: [6][ 50/107]	Time  0.003 ( 0.005)	Loss 9.6304e-02 (6.2476e-02)	Acc pseudo  96.88 ( 98.22)	Lr 1.000e-03 (1.000e-03)
2026-02-08 16:14:09,919 - INFO: Epoch: [6][100/107]	Time  0.002 ( 0.004)	Loss 8.2758e-03 (7.6508e-02)	Acc pseudo 100.00 ( 97.76)	Lr 1.000e-03 (1.000e-03)
2026-02-08 16:14:09,962 - INFO: Round 5, Fine-tune Epoch 6: loss=0.0771, acc(pseudo)=97.72%
2026-02-08 16:14:13,969 - INFO: Round 5, Fine-tune Epoch 6: acc(valid_pseudo): 0.8940, acc: 0.8940
2026-02-08 16:14:13,970 - INFO: Round 5, Speaker Fine-tune Epoch 6: No improvement in validation accuracy. Patience(epoch): 1/3
2026-02-08 16:14:14,120 - INFO: Epoch: [7][  0/107]	Time  0.145 ( 0.145)	Loss 3.0121e-02 (3.0121e-02)	Acc pseudo  98.44 ( 98.44)	Lr 1.000e-03 (1.000e-03)
2026-02-08 16:14:14,277 - INFO: Epoch: [7][ 50/107]	Time  0.003 ( 0.006)	Loss 3.3315e-02 (6.7337e-02)	Acc pseudo  98.44 ( 97.82)	Lr 1.000e-03 (1.000e-03)
2026-02-08 16:14:14,419 - INFO: Epoch: [7][100/107]	Time  0.002 ( 0.004)	Loss 1.1576e-01 (7.5151e-02)	Acc pseudo  98.44 ( 97.66)	Lr 1.000e-03 (1.000e-03)
2026-02-08 16:14:14,462 - INFO: Round 5, Fine-tune Epoch 7: loss=0.0730, acc(pseudo)=97.76%
2026-02-08 16:14:18,574 - INFO: Round 5, Fine-tune Epoch 7: acc(valid_pseudo): 0.8935, acc: 0.8935
2026-02-08 16:14:18,575 - INFO: Round 5, Speaker Fine-tune Epoch 7: No improvement in validation accuracy. Patience(epoch): 2/3
2026-02-08 16:14:18,720 - INFO: Epoch: [8][  0/107]	Time  0.141 ( 0.141)	Loss 1.2137e-01 (1.2137e-01)	Acc pseudo  95.31 ( 95.31)	Lr 1.000e-03 (1.000e-03)
2026-02-08 16:14:18,882 - INFO: Epoch: [8][ 50/107]	Time  0.003 ( 0.006)	Loss 3.8729e-02 (6.7506e-02)	Acc pseudo 100.00 ( 97.49)	Lr 1.000e-03 (1.000e-03)
2026-02-08 16:14:19,026 - INFO: Epoch: [8][100/107]	Time  0.002 ( 0.004)	Loss 9.1470e-02 (6.5674e-02)	Acc pseudo  96.88 ( 97.74)	Lr 1.000e-03 (1.000e-03)
2026-02-08 16:14:19,068 - INFO: Round 5, Fine-tune Epoch 8: loss=0.0679, acc(pseudo)=97.70%
2026-02-08 16:14:23,023 - INFO: Round 5, Fine-tune Epoch 8: acc(valid_pseudo): 0.8945, acc: 0.8945
2026-02-08 16:14:23,023 - INFO: Round 5, Speaker Fine-tune Epoch 8: No improvement in validation accuracy. Patience(epoch): 3/3
2026-02-08 16:14:23,023 - INFO: Early stopping at epoch 8 due to no improvement in validation accuracy for 3 epochs.
2026-02-08 16:14:23,024 - INFO: Round 5: Best speaker fine-tuned epoch=5, acc(valid_pseudo)=0.9040
2026-02-08 16:14:23,028 - INFO: Fine-tuning face embedding model for 20 epochs...
2026-02-08 16:14:23,442 - INFO: Epoch: [0][  0/229]	Time  0.360 ( 0.360)	Loss 1.6443e-03 (1.6443e-03)	Acc pseudo 100.00 (100.00)	Lr 1.000e-03 (1.000e-03)
2026-02-08 16:14:28,098 - INFO: Epoch: [0][ 50/229]	Time  0.030 ( 0.038)	Loss 3.3992e-02 (3.1508e-02)	Acc pseudo  98.44 ( 99.17)	Lr 1.000e-03 (1.000e-03)
2026-02-08 16:14:32,746 - INFO: Epoch: [0][100/229]	Time  0.029 ( 0.035)	Loss 7.5042e-03 (4.3457e-02)	Acc pseudo 100.00 ( 99.03)	Lr 1.000e-03 (1.000e-03)
2026-02-08 16:14:37,396 - INFO: Epoch: [0][150/229]	Time  0.027 ( 0.034)	Loss 3.6355e-02 (3.9498e-02)	Acc pseudo  98.44 ( 99.02)	Lr 1.000e-03 (1.000e-03)
2026-02-08 16:14:42,047 - INFO: Epoch: [0][200/229]	Time  0.033 ( 0.033)	Loss 8.9900e-03 (4.1472e-02)	Acc pseudo 100.00 ( 98.98)	Lr 1.000e-03 (1.000e-03)
2026-02-08 16:14:44,697 - INFO: Round 5, Face Fine-tune Epoch 0: loss=0.0405, acc(pseudo)=99.00%
2026-02-08 16:15:09,298 - INFO: Round 5, Face Fine-tune Epoch 0: acc(valid_pseudo): 0.9969, acc: 0.9121
2026-02-08 16:15:10,410 - INFO: Epoch: [1][  0/229]	Time  0.363 ( 0.363)	Loss 2.6734e-02 (2.6734e-02)	Acc pseudo  98.44 ( 98.44)	Lr 1.000e-03 (1.000e-03)
2026-02-08 16:15:15,074 - INFO: Epoch: [1][ 50/229]	Time  0.031 ( 0.038)	Loss 2.1616e-02 (3.1445e-02)	Acc pseudo  98.44 ( 99.14)	Lr 1.000e-03 (1.000e-03)
2026-02-08 16:15:19,736 - INFO: Epoch: [1][100/229]	Time  0.029 ( 0.034)	Loss 1.1612e-02 (4.7811e-02)	Acc pseudo 100.00 ( 99.09)	Lr 1.000e-03 (1.000e-03)
2026-02-08 16:15:24,401 - INFO: Epoch: [1][150/229]	Time  0.032 ( 0.033)	Loss 3.5990e-02 (4.6610e-02)	Acc pseudo 100.00 ( 99.06)	Lr 1.000e-03 (1.000e-03)
2026-02-08 16:15:29,066 - INFO: Epoch: [1][200/229]	Time  0.030 ( 0.032)	Loss 1.3408e-02 (4.2002e-02)	Acc pseudo 100.00 ( 99.04)	Lr 1.000e-03 (1.000e-03)
2026-02-08 16:15:31,716 - INFO: Round 5, Face Fine-tune Epoch 1: loss=0.0401, acc(pseudo)=99.03%
2026-02-08 16:15:56,318 - INFO: Round 5, Face Fine-tune Epoch 1: acc(valid_pseudo): 0.9974, acc: 0.9158
2026-02-08 16:15:57,471 - INFO: Epoch: [2][  0/229]	Time  0.356 ( 0.356)	Loss 2.1383e-02 (2.1383e-02)	Acc pseudo  98.44 ( 98.44)	Lr 1.000e-03 (1.000e-03)
2026-02-08 16:16:02,137 - INFO: Epoch: [2][ 50/229]	Time  0.028 ( 0.039)	Loss 1.2119e-02 (2.7999e-02)	Acc pseudo  98.44 ( 98.96)	Lr 1.000e-03 (1.000e-03)
2026-02-08 16:16:06,801 - INFO: Epoch: [2][100/229]	Time  0.027 ( 0.035)	Loss 3.4524e-02 (3.0222e-02)	Acc pseudo  96.88 ( 98.93)	Lr 1.000e-03 (1.000e-03)
2026-02-08 16:16:11,461 - INFO: Epoch: [2][150/229]	Time  0.031 ( 0.033)	Loss 1.1007e-02 (2.9642e-02)	Acc pseudo 100.00 ( 99.02)	Lr 1.000e-03 (1.000e-03)
2026-02-08 16:16:16,127 - INFO: Epoch: [2][200/229]	Time  0.039 ( 0.033)	Loss 1.6615e-02 (2.9632e-02)	Acc pseudo 100.00 ( 99.02)	Lr 1.000e-03 (1.000e-03)
2026-02-08 16:16:18,779 - INFO: Round 5, Face Fine-tune Epoch 2: loss=0.0299, acc(pseudo)=99.00%
2026-02-08 16:16:43,696 - INFO: Round 5, Face Fine-tune Epoch 2: acc(valid_pseudo): 0.9989, acc: 0.9149
2026-02-08 16:16:44,842 - INFO: Epoch: [3][  0/229]	Time  0.366 ( 0.366)	Loss 1.6237e-02 (1.6237e-02)	Acc pseudo 100.00 (100.00)	Lr 1.000e-03 (1.000e-03)
2026-02-08 16:16:49,508 - INFO: Epoch: [3][ 50/229]	Time  0.027 ( 0.036)	Loss 5.5679e-02 (2.1293e-02)	Acc pseudo  98.44 ( 99.30)	Lr 1.000e-03 (1.000e-03)
2026-02-08 16:16:54,173 - INFO: Epoch: [3][100/229]	Time  0.030 ( 0.033)	Loss 7.4974e-03 (1.9421e-02)	Acc pseudo 100.00 ( 99.33)	Lr 1.000e-03 (1.000e-03)
2026-02-08 16:16:58,841 - INFO: Epoch: [3][150/229]	Time  0.037 ( 0.032)	Loss 1.0494e-02 (2.8489e-02)	Acc pseudo 100.00 ( 99.31)	Lr 1.000e-03 (1.000e-03)
2026-02-08 16:17:03,510 - INFO: Epoch: [3][200/229]	Time  0.034 ( 0.032)	Loss 1.3858e-02 (3.0285e-02)	Acc pseudo 100.00 ( 99.21)	Lr 1.000e-03 (1.000e-03)
2026-02-08 16:17:06,161 - INFO: Round 5, Face Fine-tune Epoch 3: loss=0.0310, acc(pseudo)=99.17%
2026-02-08 16:17:30,175 - INFO: Round 5, Face Fine-tune Epoch 3: acc(valid_pseudo): 0.9988, acc: 0.9130
2026-02-08 16:17:30,176 - INFO: Round 5, Face Fine-tune Epoch 3: No improvement. Patience(epoch): 1/3
2026-02-08 16:17:30,577 - INFO: Epoch: [4][  0/229]	Time  0.353 ( 0.353)	Loss 8.1623e-02 (8.1623e-02)	Acc pseudo  98.44 ( 98.44)	Lr 1.000e-03 (1.000e-03)
2026-02-08 16:17:35,248 - INFO: Epoch: [4][ 50/229]	Time  0.029 ( 0.037)	Loss 3.9568e-02 (2.7915e-02)	Acc pseudo  98.44 ( 99.23)	Lr 1.000e-03 (1.000e-03)
2026-02-08 16:17:39,911 - INFO: Epoch: [4][100/229]	Time  0.031 ( 0.033)	Loss 3.4261e-02 (3.2042e-02)	Acc pseudo  96.88 ( 98.90)	Lr 1.000e-03 (1.000e-03)
2026-02-08 16:17:44,577 - INFO: Epoch: [4][150/229]	Time  0.028 ( 0.032)	Loss 2.3166e-01 (3.2710e-02)	Acc pseudo  92.19 ( 98.77)	Lr 1.000e-03 (1.000e-03)
2026-02-08 16:17:49,244 - INFO: Epoch: [4][200/229]	Time  0.036 ( 0.031)	Loss 9.2534e-03 (3.2070e-02)	Acc pseudo 100.00 ( 98.80)	Lr 1.000e-03 (1.000e-03)
2026-02-08 16:17:51,895 - INFO: Round 5, Face Fine-tune Epoch 4: loss=0.0486, acc(pseudo)=98.79%
2026-02-08 16:18:16,214 - INFO: Round 5, Face Fine-tune Epoch 4: acc(valid_pseudo): 0.9987, acc: 0.9130
2026-02-08 16:18:16,214 - INFO: Round 5, Face Fine-tune Epoch 4: No improvement. Patience(epoch): 2/3
2026-02-08 16:18:16,598 - INFO: Epoch: [5][  0/229]	Time  0.346 ( 0.346)	Loss 1.2947e-02 (1.2947e-02)	Acc pseudo  98.44 ( 98.44)	Lr 1.000e-03 (1.000e-03)
2026-02-08 16:18:21,256 - INFO: Epoch: [5][ 50/229]	Time  0.028 ( 0.037)	Loss 2.1701e-02 (4.5206e-02)	Acc pseudo  98.44 ( 98.81)	Lr 1.000e-03 (1.000e-03)
2026-02-08 16:18:25,919 - INFO: Epoch: [5][100/229]	Time  0.028 ( 0.035)	Loss 8.2726e-03 (4.4540e-02)	Acc pseudo 100.00 ( 98.61)	Lr 1.000e-03 (1.000e-03)
2026-02-08 16:18:30,584 - INFO: Epoch: [5][150/229]	Time  0.027 ( 0.033)	Loss 2.6282e-02 (4.1168e-02)	Acc pseudo  98.44 ( 98.59)	Lr 1.000e-03 (1.000e-03)
2026-02-08 16:18:35,247 - INFO: Epoch: [5][200/229]	Time  0.027 ( 0.032)	Loss 1.3612e-01 (4.1110e-02)	Acc pseudo  98.44 ( 98.59)	Lr 1.000e-03 (1.000e-03)
2026-02-08 16:18:37,897 - INFO: Round 5, Face Fine-tune Epoch 5: loss=0.0435, acc(pseudo)=98.60%
2026-02-08 16:19:03,199 - INFO: Round 5, Face Fine-tune Epoch 5: acc(valid_pseudo): 0.9988, acc: 0.9130
2026-02-08 16:19:03,199 - INFO: Round 5, Face Fine-tune Epoch 5: No improvement. Patience(epoch): 3/3
2026-02-08 16:19:03,199 - INFO: Early stopping at face epoch 5
2026-02-08 16:19:03,200 - INFO: Round 5: Best face fine-tuned epoch=2, acc(valid_pseudo)=0.9989
2026-02-08 16:19:21,820 - INFO: Round 5: speaker_acc=0.9040
2026-02-08 16:19:21,822 - INFO: Round 5: face_acc=0.9149
2026-02-08 16:19:21,824 - INFO: ====================
2026-02-08 16:19:21,824 - INFO: Round 6: Fine-tuning iteration
2026-02-08 16:19:21,824 - INFO: ====================
2026-02-08 16:19:21,885 - INFO: Round 6 Part 1: Fine-tuning embedding model
2026-02-08 16:19:21,886 - INFO: Using pseudo-label file: runs/the big bang theory/exp_video/result/self_supervised/baseline_joint/exp1/round5/pseudo_label/pseudo_labels_audio_baseline_joint.json
2026-02-08 16:19:21,897 - INFO: For training, Using face pseudo-label file: runs/the big bang theory/exp_video/result/self_supervised/baseline_joint/exp1/round5/pseudo_label/pseudo_labels_faces_mid_frame_train_baseline_joint.json
2026-02-08 16:19:21,897 - INFO: For infering, Using face pseudo-label file: runs/the big bang theory/exp_video/result/self_supervised/baseline_joint/exp1/round5/pseudo_label/pseudo_labels_faces_mid_frame_all_baseline_joint.json
2026-02-08 16:19:21,955 - INFO: Created face dataloader with 14646 samples
2026-02-08 16:19:21,960 - INFO: Warmup training speaker classifier for 2 epochs...
2026-02-08 16:19:22,091 - INFO: Epoch: [0][  0/107]	Time  0.127 ( 0.127)	Loss 2.2239e+00 (2.2239e+00)	Acc pseudo  21.88 ( 21.88)	Lr 1.000e-03 (1.000e-03)
2026-02-08 16:19:22,232 - INFO: Epoch: [0][ 50/107]	Time  0.002 ( 0.005)	Loss 2.7948e-01 (6.2252e-01)	Acc pseudo  95.31 ( 90.41)	Lr 1.000e-03 (1.000e-03)
2026-02-08 16:19:22,362 - INFO: Epoch: [0][100/107]	Time  0.002 ( 0.004)	Loss 1.6123e-01 (4.0560e-01)	Acc pseudo  95.31 ( 93.64)	Lr 1.000e-03 (1.000e-03)
2026-02-08 16:19:22,406 - INFO: Round 6, Speaker Warmup Epoch 0: loss=0.3901, acc(pseudo)=93.84%
2026-02-08 16:19:22,531 - INFO: Epoch: [1][  0/107]	Time  0.120 ( 0.120)	Loss 1.3587e-01 (1.3587e-01)	Acc pseudo  95.31 ( 95.31)	Lr 1.000e-03 (1.000e-03)
2026-02-08 16:19:22,674 - INFO: Epoch: [1][ 50/107]	Time  0.002 ( 0.005)	Loss 9.4804e-02 (1.2801e-01)	Acc pseudo  95.31 ( 96.97)	Lr 1.000e-03 (1.000e-03)
2026-02-08 16:19:22,806 - INFO: Epoch: [1][100/107]	Time  0.002 ( 0.004)	Loss 3.4292e-02 (1.2449e-01)	Acc pseudo  98.44 ( 96.95)	Lr 1.000e-03 (1.000e-03)
2026-02-08 16:19:22,850 - INFO: Round 6, Speaker Warmup Epoch 1: loss=0.1249, acc(pseudo)=96.98%
2026-02-08 16:19:22,854 - INFO: Warmup training face classifier for 2 epochs...
2026-02-08 16:19:23,233 - INFO: Epoch: [0][  0/229]	Time  0.341 ( 0.341)	Loss 2.3851e+00 (2.3851e+00)	Acc pseudo  14.06 ( 14.06)	Lr 1.000e-03 (1.000e-03)
2026-02-08 16:19:27,820 - INFO: Epoch: [0][ 50/229]	Time  0.031 ( 0.037)	Loss 1.8575e-01 (5.5974e-01)	Acc pseudo  98.44 ( 91.08)	Lr 1.000e-03 (1.000e-03)
2026-02-08 16:19:32,401 - INFO: Epoch: [0][100/229]	Time  0.026 ( 0.033)	Loss 7.5603e-02 (3.6450e-01)	Acc pseudo 100.00 ( 94.85)	Lr 1.000e-03 (1.000e-03)
2026-02-08 16:19:36,987 - INFO: Epoch: [0][150/229]	Time  0.030 ( 0.032)	Loss 6.6420e-02 (2.6610e-01)	Acc pseudo  98.44 ( 96.26)	Lr 1.000e-03 (1.000e-03)
2026-02-08 16:19:41,575 - INFO: Epoch: [0][200/229]	Time  0.033 ( 0.031)	Loss 1.0494e-02 (2.1680e-01)	Acc pseudo 100.00 ( 96.98)	Lr 1.000e-03 (1.000e-03)
2026-02-08 16:19:44,184 - INFO: Round 6, Face Warmup Epoch 0: loss=0.1955, acc(pseudo)=97.26%
2026-02-08 16:19:44,572 - INFO: Epoch: [1][  0/229]	Time  0.353 ( 0.353)	Loss 6.5718e-02 (6.5718e-02)	Acc pseudo  98.44 ( 98.44)	Lr 1.000e-03 (1.000e-03)
2026-02-08 16:19:49,163 - INFO: Epoch: [1][ 50/229]	Time  0.038 ( 0.037)	Loss 1.3876e-02 (4.4923e-02)	Acc pseudo 100.00 ( 99.33)	Lr 1.000e-03 (1.000e-03)
2026-02-08 16:19:53,755 - INFO: Epoch: [1][100/229]	Time  0.025 ( 0.033)	Loss 1.1958e-02 (5.4241e-02)	Acc pseudo 100.00 ( 99.29)	Lr 1.000e-03 (1.000e-03)
2026-02-08 16:19:58,346 - INFO: Epoch: [1][150/229]	Time  0.029 ( 0.031)	Loss 4.6946e-02 (4.9982e-02)	Acc pseudo  96.88 ( 99.20)	Lr 1.000e-03 (1.000e-03)
2026-02-08 16:20:02,940 - INFO: Epoch: [1][200/229]	Time  0.029 ( 0.031)	Loss 5.5338e-03 (4.7039e-02)	Acc pseudo 100.00 ( 99.21)	Lr 1.000e-03 (1.000e-03)
2026-02-08 16:20:05,555 - INFO: Round 6, Face Warmup Epoch 1: loss=0.0451, acc(pseudo)=99.17%
2026-02-08 16:20:05,562 - INFO: Fine-tuning speaker embedding model for 20 epochs...
2026-02-08 16:20:05,691 - INFO: Epoch: [0][  0/107]	Time  0.125 ( 0.125)	Loss 7.5781e-02 (7.5781e-02)	Acc pseudo  98.44 ( 98.44)	Lr 1.000e-03 (1.000e-03)
2026-02-08 16:20:05,846 - INFO: Epoch: [0][ 50/107]	Time  0.003 ( 0.005)	Loss 1.0785e-01 (1.2863e-01)	Acc pseudo  95.31 ( 96.54)	Lr 1.000e-03 (1.000e-03)
2026-02-08 16:20:05,987 - INFO: Epoch: [0][100/107]	Time  0.002 ( 0.004)	Loss 7.7959e-02 (1.2800e-01)	Acc pseudo  98.44 ( 96.74)	Lr 1.000e-03 (1.000e-03)
2026-02-08 16:20:06,034 - INFO: Round 6, Fine-tune Epoch 0: loss=0.1263, acc(pseudo)=96.82%
2026-02-08 16:20:10,959 - INFO: Round 6, Fine-tune Epoch 0: acc(valid_pseudo): 0.9000, acc: 0.9000
2026-02-08 16:20:11,425 - INFO: Epoch: [1][  0/107]	Time  0.123 ( 0.123)	Loss 8.0320e-02 (8.0320e-02)	Acc pseudo  95.31 ( 95.31)	Lr 1.000e-03 (1.000e-03)
2026-02-08 16:20:11,616 - INFO: Epoch: [1][ 50/107]	Time  0.003 ( 0.006)	Loss 7.0314e-02 (9.0350e-02)	Acc pseudo  96.88 ( 97.18)	Lr 1.000e-03 (1.000e-03)
2026-02-08 16:20:11,759 - INFO: Epoch: [1][100/107]	Time  0.002 ( 0.004)	Loss 5.7977e-02 (9.5012e-02)	Acc pseudo  98.44 ( 97.20)	Lr 1.000e-03 (1.000e-03)
2026-02-08 16:20:11,805 - INFO: Round 6, Fine-tune Epoch 1: loss=0.0941, acc(pseudo)=97.22%
2026-02-08 16:20:16,626 - INFO: Round 6, Fine-tune Epoch 1: acc(valid_pseudo): 0.8930, acc: 0.8930
2026-02-08 16:20:16,626 - INFO: Round 6, Speaker Fine-tune Epoch 1: No improvement in validation accuracy. Patience(epoch): 1/3
2026-02-08 16:20:16,761 - INFO: Epoch: [2][  0/107]	Time  0.130 ( 0.130)	Loss 1.0764e-01 (1.0764e-01)	Acc pseudo  95.31 ( 95.31)	Lr 1.000e-03 (1.000e-03)
2026-02-08 16:20:16,949 - INFO: Epoch: [2][ 50/107]	Time  0.003 ( 0.006)	Loss 2.4559e-02 (6.8539e-02)	Acc pseudo  98.44 ( 97.98)	Lr 1.000e-03 (1.000e-03)
2026-02-08 16:20:17,098 - INFO: Epoch: [2][100/107]	Time  0.002 ( 0.005)	Loss 5.3673e-02 (7.6959e-02)	Acc pseudo  98.44 ( 97.83)	Lr 1.000e-03 (1.000e-03)
2026-02-08 16:20:17,140 - INFO: Round 6, Fine-tune Epoch 2: loss=0.0828, acc(pseudo)=97.70%
2026-02-08 16:20:21,587 - INFO: Round 6, Fine-tune Epoch 2: acc(valid_pseudo): 0.8390, acc: 0.8390
2026-02-08 16:20:21,588 - INFO: Round 6, Speaker Fine-tune Epoch 2: No improvement in validation accuracy. Patience(epoch): 2/3
2026-02-08 16:20:21,719 - INFO: Epoch: [3][  0/107]	Time  0.127 ( 0.127)	Loss 3.1530e-02 (3.1530e-02)	Acc pseudo  96.88 ( 96.88)	Lr 1.000e-03 (1.000e-03)
2026-02-08 16:20:21,885 - INFO: Epoch: [3][ 50/107]	Time  0.003 ( 0.006)	Loss 5.7929e-02 (8.5158e-02)	Acc pseudo 100.00 ( 97.27)	Lr 1.000e-03 (1.000e-03)
2026-02-08 16:20:22,036 - INFO: Epoch: [3][100/107]	Time  0.002 ( 0.004)	Loss 2.6385e-01 (9.3277e-02)	Acc pseudo  93.75 ( 97.51)	Lr 1.000e-03 (1.000e-03)
2026-02-08 16:20:22,081 - INFO: Round 6, Fine-tune Epoch 3: loss=0.0936, acc(pseudo)=97.50%
2026-02-08 16:20:25,910 - INFO: Round 6, Fine-tune Epoch 3: acc(valid_pseudo): 0.8980, acc: 0.8980
2026-02-08 16:20:25,910 - INFO: Round 6, Speaker Fine-tune Epoch 3: No improvement in validation accuracy. Patience(epoch): 3/3
2026-02-08 16:20:25,910 - INFO: Early stopping at epoch 3 due to no improvement in validation accuracy for 3 epochs.
2026-02-08 16:20:25,911 - INFO: Round 6: Best speaker fine-tuned epoch=0, acc(valid_pseudo)=0.9000
2026-02-08 16:20:25,915 - INFO: Fine-tuning face embedding model for 20 epochs...
2026-02-08 16:20:26,330 - INFO: Epoch: [0][  0/229]	Time  0.367 ( 0.367)	Loss 5.0944e-04 (5.0944e-04)	Acc pseudo 100.00 (100.00)	Lr 1.000e-03 (1.000e-03)
2026-02-08 16:20:30,976 - INFO: Epoch: [0][ 50/229]	Time  0.028 ( 0.037)	Loss 8.4508e-03 (1.8168e-02)	Acc pseudo 100.00 ( 99.72)	Lr 1.000e-03 (1.000e-03)
2026-02-08 16:20:35,626 - INFO: Epoch: [0][100/229]	Time  0.039 ( 0.035)	Loss 1.4551e-02 (4.8110e-02)	Acc pseudo  98.44 ( 99.40)	Lr 1.000e-03 (1.000e-03)
2026-02-08 16:20:40,282 - INFO: Epoch: [0][150/229]	Time  0.027 ( 0.034)	Loss 1.3979e-02 (4.0540e-02)	Acc pseudo 100.00 ( 99.38)	Lr 1.000e-03 (1.000e-03)
2026-02-08 16:20:44,938 - INFO: Epoch: [0][200/229]	Time  0.039 ( 0.033)	Loss 2.6550e-02 (4.0822e-02)	Acc pseudo  98.44 ( 99.39)	Lr 1.000e-03 (1.000e-03)
2026-02-08 16:20:47,588 - INFO: Round 6, Face Fine-tune Epoch 0: loss=0.0378, acc(pseudo)=99.39%
2026-02-08 16:21:12,066 - INFO: Round 6, Face Fine-tune Epoch 0: acc(valid_pseudo): 0.9973, acc: 0.9149
2026-02-08 16:21:13,316 - INFO: Epoch: [1][  0/229]	Time  0.381 ( 0.381)	Loss 6.3416e-02 (6.3416e-02)	Acc pseudo  98.44 ( 98.44)	Lr 1.000e-03 (1.000e-03)
2026-02-08 16:21:17,982 - INFO: Epoch: [1][ 50/229]	Time  0.030 ( 0.036)	Loss 8.9429e-04 (2.6673e-02)	Acc pseudo 100.00 ( 99.23)	Lr 1.000e-03 (1.000e-03)
2026-02-08 16:21:22,644 - INFO: Epoch: [1][100/229]	Time  0.038 ( 0.033)	Loss 4.4710e-03 (2.5364e-02)	Acc pseudo 100.00 ( 99.27)	Lr 1.000e-03 (1.000e-03)
2026-02-08 16:21:27,309 - INFO: Epoch: [1][150/229]	Time  0.027 ( 0.032)	Loss 5.8369e-02 (2.4315e-02)	Acc pseudo  98.44 ( 99.18)	Lr 1.000e-03 (1.000e-03)
2026-02-08 16:21:31,974 - INFO: Epoch: [1][200/229]	Time  0.027 ( 0.031)	Loss 2.6281e-03 (2.3235e-02)	Acc pseudo 100.00 ( 99.23)	Lr 1.000e-03 (1.000e-03)
2026-02-08 16:21:34,630 - INFO: Round 6, Face Fine-tune Epoch 1: loss=0.0228, acc(pseudo)=99.25%
2026-02-08 16:21:58,400 - INFO: Round 6, Face Fine-tune Epoch 1: acc(valid_pseudo): 0.9988, acc: 0.9130
2026-02-08 16:21:59,538 - INFO: Epoch: [2][  0/229]	Time  0.334 ( 0.334)	Loss 4.4179e-02 (4.4179e-02)	Acc pseudo  98.44 ( 98.44)	Lr 1.000e-03 (1.000e-03)
2026-02-08 16:22:04,200 - INFO: Epoch: [2][ 50/229]	Time  0.029 ( 0.037)	Loss 3.0294e-03 (2.1641e-02)	Acc pseudo 100.00 ( 99.39)	Lr 1.000e-03 (1.000e-03)
2026-02-08 16:22:08,863 - INFO: Epoch: [2][100/229]	Time  0.030 ( 0.033)	Loss 3.1626e-03 (2.5212e-02)	Acc pseudo 100.00 ( 99.33)	Lr 1.000e-03 (1.000e-03)
2026-02-08 16:22:13,525 - INFO: Epoch: [2][150/229]	Time  0.028 ( 0.032)	Loss 1.6711e-03 (2.5584e-02)	Acc pseudo 100.00 ( 99.30)	Lr 1.000e-03 (1.000e-03)
2026-02-08 16:22:18,187 - INFO: Epoch: [2][200/229]	Time  0.028 ( 0.032)	Loss 2.8137e-02 (2.7486e-02)	Acc pseudo  98.44 ( 99.23)	Lr 1.000e-03 (1.000e-03)
2026-02-08 16:22:20,834 - INFO: Round 6, Face Fine-tune Epoch 2: loss=0.0274, acc(pseudo)=99.19%
2026-02-08 16:22:45,478 - INFO: Round 6, Face Fine-tune Epoch 2: acc(valid_pseudo): 0.9979, acc: 0.9139
2026-02-08 16:22:45,479 - INFO: Round 6, Face Fine-tune Epoch 2: No improvement. Patience(epoch): 1/3
2026-02-08 16:22:45,892 - INFO: Epoch: [3][  0/229]	Time  0.371 ( 0.371)	Loss 2.5238e-03 (2.5238e-03)	Acc pseudo 100.00 (100.00)	Lr 1.000e-03 (1.000e-03)
2026-02-08 16:22:50,559 - INFO: Epoch: [3][ 50/229]	Time  0.030 ( 0.038)	Loss 3.0785e-02 (1.7558e-02)	Acc pseudo 100.00 ( 99.39)	Lr 1.000e-03 (1.000e-03)
2026-02-08 16:22:55,219 - INFO: Epoch: [3][100/229]	Time  0.030 ( 0.033)	Loss 6.0056e-03 (1.5723e-02)	Acc pseudo 100.00 ( 99.33)	Lr 1.000e-03 (1.000e-03)
2026-02-08 16:22:59,881 - INFO: Epoch: [3][150/229]	Time  0.027 ( 0.032)	Loss 5.5550e-02 (1.9994e-02)	Acc pseudo  98.44 ( 99.23)	Lr 1.000e-03 (1.000e-03)
2026-02-08 16:23:04,700 - INFO: Epoch: [3][200/229]	Time  0.030 ( 0.032)	Loss 1.8906e-02 (1.8564e-02)	Acc pseudo  98.44 ( 99.25)	Lr 1.000e-03 (1.000e-03)
2026-02-08 16:23:07,353 - INFO: Round 6, Face Fine-tune Epoch 3: loss=0.0185, acc(pseudo)=99.24%
2026-02-08 16:23:31,198 - INFO: Round 6, Face Fine-tune Epoch 3: acc(valid_pseudo): 0.9985, acc: 0.9139
2026-02-08 16:23:31,198 - INFO: Round 6, Face Fine-tune Epoch 3: No improvement. Patience(epoch): 2/3
2026-02-08 16:23:31,617 - INFO: Epoch: [4][  0/229]	Time  0.366 ( 0.366)	Loss 2.8859e-03 (2.8859e-03)	Acc pseudo 100.00 (100.00)	Lr 1.000e-03 (1.000e-03)
2026-02-08 16:23:36,282 - INFO: Epoch: [4][ 50/229]	Time  0.036 ( 0.038)	Loss 2.5563e-02 (1.4335e-02)	Acc pseudo 100.00 ( 99.39)	Lr 1.000e-03 (1.000e-03)
2026-02-08 16:23:40,948 - INFO: Epoch: [4][100/229]	Time  0.026 ( 0.034)	Loss 1.1432e-02 (1.4620e-02)	Acc pseudo  98.44 ( 99.43)	Lr 1.000e-03 (1.000e-03)
2026-02-08 16:23:45,649 - INFO: Epoch: [4][150/229]	Time  0.030 ( 0.033)	Loss 3.3996e-02 (1.9292e-02)	Acc pseudo  98.44 ( 99.39)	Lr 1.000e-03 (1.000e-03)
2026-02-08 16:23:50,354 - INFO: Epoch: [4][200/229]	Time  0.030 ( 0.033)	Loss 9.1629e-02 (2.0718e-02)	Acc pseudo  96.88 ( 99.34)	Lr 1.000e-03 (1.000e-03)
2026-02-08 16:23:53,014 - INFO: Round 6, Face Fine-tune Epoch 4: loss=0.0309, acc(pseudo)=99.28%
2026-02-08 16:24:17,420 - INFO: Round 6, Face Fine-tune Epoch 4: acc(valid_pseudo): 0.9984, acc: 0.9158
2026-02-08 16:24:17,421 - INFO: Round 6, Face Fine-tune Epoch 4: No improvement. Patience(epoch): 3/3
2026-02-08 16:24:17,421 - INFO: Early stopping at face epoch 4
2026-02-08 16:24:17,422 - INFO: Round 6: Best face fine-tuned epoch=1, acc(valid_pseudo)=0.9988
2026-02-08 16:24:38,897 - INFO: Round 6: speaker_acc=0.9000
2026-02-08 16:24:38,903 - INFO: Round 6: face_acc=0.9130
2026-02-08 16:24:38,905 - INFO: ====================
2026-02-08 16:24:38,905 - INFO: Round 7: Fine-tuning iteration
2026-02-08 16:24:38,905 - INFO: ====================
2026-02-08 16:24:38,967 - INFO: Round 7 Part 1: Fine-tuning embedding model
2026-02-08 16:24:38,968 - INFO: Using pseudo-label file: runs/the big bang theory/exp_video/result/self_supervised/baseline_joint/exp1/round6/pseudo_label/pseudo_labels_audio_baseline_joint.json
2026-02-08 16:24:38,979 - INFO: For training, Using face pseudo-label file: runs/the big bang theory/exp_video/result/self_supervised/baseline_joint/exp1/round6/pseudo_label/pseudo_labels_faces_mid_frame_train_baseline_joint.json
2026-02-08 16:24:38,979 - INFO: For infering, Using face pseudo-label file: runs/the big bang theory/exp_video/result/self_supervised/baseline_joint/exp1/round6/pseudo_label/pseudo_labels_faces_mid_frame_all_baseline_joint.json
2026-02-08 16:24:39,036 - INFO: Created face dataloader with 14646 samples
2026-02-08 16:24:39,041 - INFO: Warmup training speaker classifier for 2 epochs...
2026-02-08 16:24:39,197 - INFO: Epoch: [0][  0/107]	Time  0.152 ( 0.152)	Loss 2.4433e+00 (2.4433e+00)	Acc pseudo   6.25 (  6.25)	Lr 1.000e-03 (1.000e-03)
2026-02-08 16:24:39,350 - INFO: Epoch: [0][ 50/107]	Time  0.003 ( 0.006)	Loss 1.7458e-01 (6.6283e-01)	Acc pseudo  98.44 ( 88.14)	Lr 1.000e-03 (1.000e-03)
2026-02-08 16:24:39,481 - INFO: Epoch: [0][100/107]	Time  0.002 ( 0.004)	Loss 1.2880e-01 (4.2759e-01)	Acc pseudo  98.44 ( 92.16)	Lr 1.000e-03 (1.000e-03)
2026-02-08 16:24:39,525 - INFO: Round 7, Speaker Warmup Epoch 0: loss=0.4114, acc(pseudo)=92.41%
2026-02-08 16:24:39,664 - INFO: Epoch: [1][  0/107]	Time  0.135 ( 0.135)	Loss 1.0502e-01 (1.0502e-01)	Acc pseudo  96.88 ( 96.88)	Lr 1.000e-03 (1.000e-03)
2026-02-08 16:24:39,809 - INFO: Epoch: [1][ 50/107]	Time  0.002 ( 0.005)	Loss 7.2908e-02 (1.2497e-01)	Acc pseudo  98.44 ( 97.33)	Lr 1.000e-03 (1.000e-03)
2026-02-08 16:24:39,940 - INFO: Epoch: [1][100/107]	Time  0.002 ( 0.004)	Loss 7.2445e-02 (1.2926e-01)	Acc pseudo  98.44 ( 97.01)	Lr 1.000e-03 (1.000e-03)
2026-02-08 16:24:39,981 - INFO: Round 7, Speaker Warmup Epoch 1: loss=0.1284, acc(pseudo)=96.95%
2026-02-08 16:24:39,985 - INFO: Warmup training face classifier for 2 epochs...
2026-02-08 16:24:40,451 - INFO: Epoch: [0][  0/229]	Time  0.421 ( 0.421)	Loss 2.3389e+00 (2.3389e+00)	Acc pseudo  21.88 ( 21.88)	Lr 1.000e-03 (1.000e-03)
2026-02-08 16:24:45,042 - INFO: Epoch: [0][ 50/229]	Time  0.026 ( 0.040)	Loss 2.5888e-01 (5.4381e-01)	Acc pseudo  98.44 ( 91.70)	Lr 1.000e-03 (1.000e-03)
2026-02-08 16:24:49,774 - INFO: Epoch: [0][100/229]	Time  0.026 ( 0.038)	Loss 1.2578e-01 (3.6426e-01)	Acc pseudo  98.44 ( 95.33)	Lr 1.000e-03 (1.000e-03)
2026-02-08 16:24:54,364 - INFO: Epoch: [0][150/229]	Time  0.032 ( 0.035)	Loss 1.3310e-01 (2.6702e-01)	Acc pseudo  95.31 ( 96.48)	Lr 1.000e-03 (1.000e-03)
2026-02-08 16:24:58,957 - INFO: Epoch: [0][200/229]	Time  0.035 ( 0.034)	Loss 1.2192e-02 (2.1910e-01)	Acc pseudo 100.00 ( 97.13)	Lr 1.000e-03 (1.000e-03)
2026-02-08 16:25:01,579 - INFO: Round 7, Face Warmup Epoch 0: loss=0.1979, acc(pseudo)=97.39%
2026-02-08 16:25:02,000 - INFO: Epoch: [1][  0/229]	Time  0.376 ( 0.376)	Loss 3.2519e-02 (3.2519e-02)	Acc pseudo  98.44 ( 98.44)	Lr 1.000e-03 (1.000e-03)
2026-02-08 16:25:06,638 - INFO: Epoch: [1][ 50/229]	Time  0.035 ( 0.039)	Loss 2.8609e-02 (4.7420e-02)	Acc pseudo  98.44 ( 99.11)	Lr 1.000e-03 (1.000e-03)
2026-02-08 16:25:11,256 - INFO: Epoch: [1][100/229]	Time  0.028 ( 0.035)	Loss 5.8368e-02 (5.0559e-02)	Acc pseudo 100.00 ( 99.12)	Lr 1.000e-03 (1.000e-03)
2026-02-08 16:25:15,851 - INFO: Epoch: [1][150/229]	Time  0.026 ( 0.033)	Loss 2.3814e-02 (4.7823e-02)	Acc pseudo 100.00 ( 99.07)	Lr 1.000e-03 (1.000e-03)
2026-02-08 16:25:20,443 - INFO: Epoch: [1][200/229]	Time  0.027 ( 0.032)	Loss 3.7487e-03 (4.4623e-02)	Acc pseudo 100.00 ( 99.09)	Lr 1.000e-03 (1.000e-03)
2026-02-08 16:25:23,062 - INFO: Round 7, Face Warmup Epoch 1: loss=0.0452, acc(pseudo)=99.09%
2026-02-08 16:25:23,069 - INFO: Fine-tuning speaker embedding model for 20 epochs...
2026-02-08 16:25:23,206 - INFO: Epoch: [0][  0/107]	Time  0.133 ( 0.133)	Loss 3.9906e-02 (3.9906e-02)	Acc pseudo 100.00 (100.00)	Lr 1.000e-03 (1.000e-03)
2026-02-08 16:25:23,373 - INFO: Epoch: [0][ 50/107]	Time  0.003 ( 0.006)	Loss 1.0560e-01 (1.3795e-01)	Acc pseudo  95.31 ( 96.29)	Lr 1.000e-03 (1.000e-03)
2026-02-08 16:25:23,516 - INFO: Epoch: [0][100/107]	Time  0.002 ( 0.004)	Loss 1.3062e-01 (1.2540e-01)	Acc pseudo  96.88 ( 96.47)	Lr 1.000e-03 (1.000e-03)
2026-02-08 16:25:23,563 - INFO: Round 7, Fine-tune Epoch 0: loss=0.1263, acc(pseudo)=96.46%
2026-02-08 16:25:28,368 - INFO: Round 7, Fine-tune Epoch 0: acc(valid_pseudo): 0.8835, acc: 0.8835
2026-02-08 16:25:28,742 - INFO: Epoch: [1][  0/107]	Time  0.127 ( 0.127)	Loss 5.8144e-02 (5.8144e-02)	Acc pseudo  96.88 ( 96.88)	Lr 1.000e-03 (1.000e-03)
2026-02-08 16:25:28,902 - INFO: Epoch: [1][ 50/107]	Time  0.003 ( 0.006)	Loss 1.4279e-01 (8.6965e-02)	Acc pseudo  96.88 ( 97.30)	Lr 1.000e-03 (1.000e-03)
2026-02-08 16:25:29,046 - INFO: Epoch: [1][100/107]	Time  0.002 ( 0.004)	Loss 8.7409e-03 (8.8334e-02)	Acc pseudo 100.00 ( 97.25)	Lr 1.000e-03 (1.000e-03)
2026-02-08 16:25:29,089 - INFO: Round 7, Fine-tune Epoch 1: loss=0.0940, acc(pseudo)=97.19%
2026-02-08 16:25:33,174 - INFO: Round 7, Fine-tune Epoch 1: acc(valid_pseudo): 0.8955, acc: 0.8955
2026-02-08 16:25:33,566 - INFO: Epoch: [2][  0/107]	Time  0.127 ( 0.127)	Loss 4.0686e-02 (4.0686e-02)	Acc pseudo  96.88 ( 96.88)	Lr 1.000e-03 (1.000e-03)
2026-02-08 16:25:33,720 - INFO: Epoch: [2][ 50/107]	Time  0.003 ( 0.005)	Loss 1.4365e-01 (8.3555e-02)	Acc pseudo  95.31 ( 97.18)	Lr 1.000e-03 (1.000e-03)
2026-02-08 16:25:33,868 - INFO: Epoch: [2][100/107]	Time  0.002 ( 0.004)	Loss 2.7798e-01 (9.1935e-02)	Acc pseudo  95.31 ( 97.11)	Lr 1.000e-03 (1.000e-03)
2026-02-08 16:25:33,918 - INFO: Round 7, Fine-tune Epoch 2: loss=0.0913, acc(pseudo)=97.12%
2026-02-08 16:25:37,846 - INFO: Round 7, Fine-tune Epoch 2: acc(valid_pseudo): 0.8800, acc: 0.8800
2026-02-08 16:25:37,846 - INFO: Round 7, Speaker Fine-tune Epoch 2: No improvement in validation accuracy. Patience(epoch): 1/3
2026-02-08 16:25:37,993 - INFO: Epoch: [3][  0/107]	Time  0.126 ( 0.126)	Loss 2.7304e-02 (2.7304e-02)	Acc pseudo 100.00 (100.00)	Lr 1.000e-03 (1.000e-03)
2026-02-08 16:25:38,149 - INFO: Epoch: [3][ 50/107]	Time  0.003 ( 0.005)	Loss 7.8400e-02 (8.3291e-02)	Acc pseudo  98.44 ( 97.86)	Lr 1.000e-03 (1.000e-03)
2026-02-08 16:25:38,293 - INFO: Epoch: [3][100/107]	Time  0.002 ( 0.004)	Loss 6.1573e-02 (7.6757e-02)	Acc pseudo  96.88 ( 97.88)	Lr 1.000e-03 (1.000e-03)
2026-02-08 16:25:38,338 - INFO: Round 7, Fine-tune Epoch 3: loss=0.0792, acc(pseudo)=97.85%
2026-02-08 16:25:42,397 - INFO: Round 7, Fine-tune Epoch 3: acc(valid_pseudo): 0.8985, acc: 0.8985
2026-02-08 16:25:42,833 - INFO: Epoch: [4][  0/107]	Time  0.163 ( 0.163)	Loss 1.4035e-01 (1.4035e-01)	Acc pseudo  96.88 ( 96.88)	Lr 1.000e-03 (1.000e-03)
2026-02-08 16:25:42,986 - INFO: Epoch: [4][ 50/107]	Time  0.003 ( 0.006)	Loss 1.7467e-02 (5.8325e-02)	Acc pseudo 100.00 ( 98.10)	Lr 1.000e-03 (1.000e-03)
2026-02-08 16:25:43,127 - INFO: Epoch: [4][100/107]	Time  0.002 ( 0.004)	Loss 1.1449e-02 (6.1457e-02)	Acc pseudo 100.00 ( 98.04)	Lr 1.000e-03 (1.000e-03)
2026-02-08 16:25:43,173 - INFO: Round 7, Fine-tune Epoch 4: loss=0.0605, acc(pseudo)=98.07%
2026-02-08 16:25:47,906 - INFO: Round 7, Fine-tune Epoch 4: acc(valid_pseudo): 0.9010, acc: 0.9010
2026-02-08 16:25:48,463 - INFO: Epoch: [5][  0/107]	Time  0.128 ( 0.128)	Loss 5.0780e-02 (5.0780e-02)	Acc pseudo  98.44 ( 98.44)	Lr 1.000e-03 (1.000e-03)
2026-02-08 16:25:48,628 - INFO: Epoch: [5][ 50/107]	Time  0.003 ( 0.006)	Loss 1.7173e-02 (4.4970e-02)	Acc pseudo 100.00 ( 98.87)	Lr 1.000e-03 (1.000e-03)
2026-02-08 16:25:48,770 - INFO: Epoch: [5][100/107]	Time  0.002 ( 0.004)	Loss 5.4013e-02 (4.9074e-02)	Acc pseudo 100.00 ( 98.58)	Lr 1.000e-03 (1.000e-03)
2026-02-08 16:25:48,817 - INFO: Round 7, Fine-tune Epoch 5: loss=0.0509, acc(pseudo)=98.46%
2026-02-08 16:25:54,145 - INFO: Round 7, Fine-tune Epoch 5: acc(valid_pseudo): 0.8965, acc: 0.8965
2026-02-08 16:25:54,145 - INFO: Round 7, Speaker Fine-tune Epoch 5: No improvement in validation accuracy. Patience(epoch): 1/3
2026-02-08 16:25:54,276 - INFO: Epoch: [6][  0/107]	Time  0.126 ( 0.126)	Loss 8.4255e-03 (8.4255e-03)	Acc pseudo 100.00 (100.00)	Lr 1.000e-03 (1.000e-03)
2026-02-08 16:25:54,438 - INFO: Epoch: [6][ 50/107]	Time  0.003 ( 0.006)	Loss 1.8459e-02 (5.1413e-02)	Acc pseudo 100.00 ( 98.44)	Lr 1.000e-03 (1.000e-03)
2026-02-08 16:25:54,579 - INFO: Epoch: [6][100/107]	Time  0.002 ( 0.004)	Loss 1.2582e-02 (6.0752e-02)	Acc pseudo 100.00 ( 98.10)	Lr 1.000e-03 (1.000e-03)
2026-02-08 16:25:54,625 - INFO: Round 7, Fine-tune Epoch 6: loss=0.0621, acc(pseudo)=98.04%
2026-02-08 16:25:58,630 - INFO: Round 7, Fine-tune Epoch 6: acc(valid_pseudo): 0.8080, acc: 0.8080
2026-02-08 16:25:58,630 - INFO: Round 7, Speaker Fine-tune Epoch 6: No improvement in validation accuracy. Patience(epoch): 2/3
2026-02-08 16:25:58,630 - INFO: Early stopping at epoch 6 due to significant drop in pseudo-label validation accuracy: 0.8965 -> 0.8080.
2026-02-08 16:25:58,631 - INFO: Round 7: Best speaker fine-tuned epoch=4, acc(valid_pseudo)=0.9010
2026-02-08 16:25:58,635 - INFO: Fine-tuning face embedding model for 20 epochs...
2026-02-08 16:25:59,044 - INFO: Epoch: [0][  0/229]	Time  0.362 ( 0.362)	Loss 3.7114e-04 (3.7114e-04)	Acc pseudo 100.00 (100.00)	Lr 1.000e-03 (1.000e-03)
2026-02-08 16:26:03,691 - INFO: Epoch: [0][ 50/229]	Time  0.026 ( 0.036)	Loss 2.9957e-01 (1.8355e-02)	Acc pseudo  98.44 ( 99.60)	Lr 1.000e-03 (1.000e-03)
2026-02-08 16:26:08,335 - INFO: Epoch: [0][100/229]	Time  0.030 ( 0.034)	Loss 2.1683e-02 (4.3970e-02)	Acc pseudo 100.00 ( 99.47)	Lr 1.000e-03 (1.000e-03)
2026-02-08 16:26:12,981 - INFO: Epoch: [0][150/229]	Time  0.026 ( 0.032)	Loss 4.9580e-02 (3.9874e-02)	Acc pseudo  96.88 ( 99.30)	Lr 1.000e-03 (1.000e-03)
2026-02-08 16:26:17,633 - INFO: Epoch: [0][200/229]	Time  0.031 ( 0.031)	Loss 1.2179e-03 (4.2191e-02)	Acc pseudo 100.00 ( 99.25)	Lr 1.000e-03 (1.000e-03)
2026-02-08 16:26:20,279 - INFO: Round 7, Face Fine-tune Epoch 0: loss=0.0397, acc(pseudo)=99.24%
2026-02-08 16:26:44,730 - INFO: Round 7, Face Fine-tune Epoch 0: acc(valid_pseudo): 0.9977, acc: 0.9139
2026-02-08 16:26:45,794 - INFO: Epoch: [1][  0/229]	Time  0.355 ( 0.355)	Loss 9.3793e-03 (9.3793e-03)	Acc pseudo 100.00 (100.00)	Lr 1.000e-03 (1.000e-03)
2026-02-08 16:26:50,460 - INFO: Epoch: [1][ 50/229]	Time  0.030 ( 0.035)	Loss 1.1540e-02 (1.9915e-02)	Acc pseudo  98.44 ( 99.30)	Lr 1.000e-03 (1.000e-03)
2026-02-08 16:26:55,119 - INFO: Epoch: [1][100/229]	Time  0.029 ( 0.032)	Loss 8.8300e-03 (2.0504e-02)	Acc pseudo 100.00 ( 99.16)	Lr 1.000e-03 (1.000e-03)
2026-02-08 16:26:59,783 - INFO: Epoch: [1][150/229]	Time  0.031 ( 0.031)	Loss 5.2724e-03 (2.2183e-02)	Acc pseudo 100.00 ( 99.20)	Lr 1.000e-03 (1.000e-03)
2026-02-08 16:27:04,447 - INFO: Epoch: [1][200/229]	Time  0.030 ( 0.031)	Loss 6.0420e-04 (2.1419e-02)	Acc pseudo 100.00 ( 99.20)	Lr 1.000e-03 (1.000e-03)
2026-02-08 16:27:07,103 - INFO: Round 7, Face Fine-tune Epoch 1: loss=0.0236, acc(pseudo)=99.17%
2026-02-08 16:27:31,354 - INFO: Round 7, Face Fine-tune Epoch 1: acc(valid_pseudo): 0.9979, acc: 0.9139
2026-02-08 16:27:32,550 - INFO: Epoch: [2][  0/229]	Time  0.358 ( 0.358)	Loss 3.6018e-02 (3.6018e-02)	Acc pseudo  96.88 ( 96.88)	Lr 1.000e-03 (1.000e-03)
2026-02-08 16:27:37,217 - INFO: Epoch: [2][ 50/229]	Time  0.030 ( 0.038)	Loss 2.9336e-02 (2.7911e-02)	Acc pseudo  98.44 ( 98.87)	Lr 1.000e-03 (1.000e-03)
2026-02-08 16:27:41,878 - INFO: Epoch: [2][100/229]	Time  0.027 ( 0.034)	Loss 9.0146e-03 (4.3394e-02)	Acc pseudo 100.00 ( 98.82)	Lr 1.000e-03 (1.000e-03)
2026-02-08 16:27:46,544 - INFO: Epoch: [2][150/229]	Time  0.043 ( 0.033)	Loss 8.3424e-03 (4.3034e-02)	Acc pseudo 100.00 ( 98.76)	Lr 1.000e-03 (1.000e-03)
2026-02-08 16:27:51,210 - INFO: Epoch: [2][200/229]	Time  0.031 ( 0.033)	Loss 3.5437e-02 (3.8139e-02)	Acc pseudo  98.44 ( 98.87)	Lr 1.000e-03 (1.000e-03)
2026-02-08 16:27:53,868 - INFO: Round 7, Face Fine-tune Epoch 2: loss=0.0356, acc(pseudo)=98.92%
2026-02-08 16:28:18,171 - INFO: Round 7, Face Fine-tune Epoch 2: acc(valid_pseudo): 0.9986, acc: 0.9121
2026-02-08 16:28:19,319 - INFO: Epoch: [3][  0/229]	Time  0.353 ( 0.353)	Loss 1.5105e-02 (1.5105e-02)	Acc pseudo  98.44 ( 98.44)	Lr 1.000e-03 (1.000e-03)
2026-02-08 16:28:23,982 - INFO: Epoch: [3][ 50/229]	Time  0.028 ( 0.037)	Loss 6.1616e-02 (3.5001e-02)	Acc pseudo  96.88 ( 99.05)	Lr 1.000e-03 (1.000e-03)
2026-02-08 16:28:28,647 - INFO: Epoch: [3][100/229]	Time  0.031 ( 0.033)	Loss 1.7069e-02 (3.1537e-02)	Acc pseudo  98.44 ( 99.03)	Lr 1.000e-03 (1.000e-03)
2026-02-08 16:28:33,317 - INFO: Epoch: [3][150/229]	Time  0.028 ( 0.032)	Loss 3.8380e-03 (3.4117e-02)	Acc pseudo 100.00 ( 98.94)	Lr 1.000e-03 (1.000e-03)
2026-02-08 16:28:37,988 - INFO: Epoch: [3][200/229]	Time  0.032 ( 0.032)	Loss 4.2343e-03 (3.4265e-02)	Acc pseudo 100.00 ( 98.99)	Lr 1.000e-03 (1.000e-03)
2026-02-08 16:28:40,650 - INFO: Round 7, Face Fine-tune Epoch 3: loss=0.0345, acc(pseudo)=98.99%
2026-02-08 16:29:05,070 - INFO: Round 7, Face Fine-tune Epoch 3: acc(valid_pseudo): 0.9985, acc: 0.9121
2026-02-08 16:29:05,070 - INFO: Round 7, Face Fine-tune Epoch 3: No improvement. Patience(epoch): 1/3
2026-02-08 16:29:05,478 - INFO: Epoch: [4][  0/229]	Time  0.363 ( 0.363)	Loss 6.8302e-03 (6.8302e-03)	Acc pseudo 100.00 (100.00)	Lr 1.000e-03 (1.000e-03)
2026-02-08 16:29:10,150 - INFO: Epoch: [4][ 50/229]	Time  0.036 ( 0.038)	Loss 1.2412e-03 (2.1142e-02)	Acc pseudo 100.00 ( 99.23)	Lr 1.000e-03 (1.000e-03)
2026-02-08 16:29:14,815 - INFO: Epoch: [4][100/229]	Time  0.028 ( 0.034)	Loss 1.2020e-02 (2.3786e-02)	Acc pseudo 100.00 ( 99.20)	Lr 1.000e-03 (1.000e-03)
2026-02-08 16:29:19,484 - INFO: Epoch: [4][150/229]	Time  0.035 ( 0.033)	Loss 4.2212e-02 (2.2992e-02)	Acc pseudo  98.44 ( 99.17)	Lr 1.000e-03 (1.000e-03)
2026-02-08 16:29:24,152 - INFO: Epoch: [4][200/229]	Time  0.028 ( 0.032)	Loss 4.7498e-03 (2.2677e-02)	Acc pseudo 100.00 ( 99.16)	Lr 1.000e-03 (1.000e-03)
2026-02-08 16:29:26,805 - INFO: Round 7, Face Fine-tune Epoch 4: loss=0.0249, acc(pseudo)=99.13%
2026-02-08 16:29:50,982 - INFO: Round 7, Face Fine-tune Epoch 4: acc(valid_pseudo): 0.9984, acc: 0.9130
2026-02-08 16:29:50,983 - INFO: Round 7, Face Fine-tune Epoch 4: No improvement. Patience(epoch): 2/3
2026-02-08 16:29:51,373 - INFO: Epoch: [5][  0/229]	Time  0.352 ( 0.352)	Loss 3.5478e-03 (3.5478e-03)	Acc pseudo 100.00 (100.00)	Lr 1.000e-03 (1.000e-03)
2026-02-08 16:29:56,037 - INFO: Epoch: [5][ 50/229]	Time  0.029 ( 0.038)	Loss 1.1496e-02 (3.3821e-02)	Acc pseudo 100.00 ( 98.62)	Lr 1.000e-03 (1.000e-03)
2026-02-08 16:30:00,700 - INFO: Epoch: [5][100/229]	Time  0.030 ( 0.034)	Loss 9.5486e-04 (3.0643e-02)	Acc pseudo 100.00 ( 98.78)	Lr 1.000e-03 (1.000e-03)
2026-02-08 16:30:05,367 - INFO: Epoch: [5][150/229]	Time  0.028 ( 0.033)	Loss 2.8862e-02 (3.1824e-02)	Acc pseudo  96.88 ( 98.85)	Lr 1.000e-03 (1.000e-03)
2026-02-08 16:30:10,033 - INFO: Epoch: [5][200/229]	Time  0.027 ( 0.032)	Loss 2.7142e-03 (3.3106e-02)	Acc pseudo 100.00 ( 98.86)	Lr 1.000e-03 (1.000e-03)
2026-02-08 16:30:12,722 - INFO: Round 7, Face Fine-tune Epoch 5: loss=0.0321, acc(pseudo)=98.86%
2026-02-08 16:30:37,137 - INFO: Round 7, Face Fine-tune Epoch 5: acc(valid_pseudo): 0.9983, acc: 0.9139
2026-02-08 16:30:37,138 - INFO: Round 7, Face Fine-tune Epoch 5: No improvement. Patience(epoch): 3/3
2026-02-08 16:30:37,138 - INFO: Early stopping at face epoch 5
2026-02-08 16:30:37,139 - INFO: Round 7: Best face fine-tuned epoch=2, acc(valid_pseudo)=0.9986
2026-02-08 16:30:59,110 - INFO: Round 7: speaker_acc=0.9010
2026-02-08 16:30:59,112 - INFO: Round 7: face_acc=0.9121
2026-02-08 16:30:59,114 - INFO: ====================
2026-02-08 16:30:59,114 - INFO: Round 8: Fine-tuning iteration
2026-02-08 16:30:59,114 - INFO: ====================
2026-02-08 16:30:59,173 - INFO: Round 8 Part 1: Fine-tuning embedding model
2026-02-08 16:30:59,174 - INFO: Using pseudo-label file: runs/the big bang theory/exp_video/result/self_supervised/baseline_joint/exp1/round7/pseudo_label/pseudo_labels_audio_baseline_joint.json
2026-02-08 16:30:59,185 - INFO: For training, Using face pseudo-label file: runs/the big bang theory/exp_video/result/self_supervised/baseline_joint/exp1/round7/pseudo_label/pseudo_labels_faces_mid_frame_train_baseline_joint.json
2026-02-08 16:30:59,185 - INFO: For infering, Using face pseudo-label file: runs/the big bang theory/exp_video/result/self_supervised/baseline_joint/exp1/round7/pseudo_label/pseudo_labels_faces_mid_frame_all_baseline_joint.json
2026-02-08 16:30:59,244 - INFO: Created face dataloader with 14646 samples
2026-02-08 16:30:59,249 - INFO: Warmup training speaker classifier for 2 epochs...
2026-02-08 16:30:59,379 - INFO: Epoch: [0][  0/107]	Time  0.126 ( 0.126)	Loss 2.3814e+00 (2.3814e+00)	Acc pseudo  12.50 ( 12.50)	Lr 1.000e-03 (1.000e-03)
2026-02-08 16:30:59,520 - INFO: Epoch: [0][ 50/107]	Time  0.003 ( 0.005)	Loss 2.4926e-01 (6.2121e-01)	Acc pseudo  95.31 ( 90.62)	Lr 1.000e-03 (1.000e-03)
2026-02-08 16:30:59,650 - INFO: Epoch: [0][100/107]	Time  0.002 ( 0.004)	Loss 2.1661e-01 (4.1800e-01)	Acc pseudo  90.62 ( 93.27)	Lr 1.000e-03 (1.000e-03)
2026-02-08 16:30:59,695 - INFO: Round 8, Speaker Warmup Epoch 0: loss=0.4042, acc(pseudo)=93.53%
2026-02-08 16:30:59,819 - INFO: Epoch: [1][  0/107]	Time  0.120 ( 0.120)	Loss 7.1876e-02 (7.1876e-02)	Acc pseudo 100.00 (100.00)	Lr 1.000e-03 (1.000e-03)
2026-02-08 16:30:59,962 - INFO: Epoch: [1][ 50/107]	Time  0.002 ( 0.005)	Loss 3.0759e-01 (1.5451e-01)	Acc pseudo  95.31 ( 96.97)	Lr 1.000e-03 (1.000e-03)
2026-02-08 16:31:00,087 - INFO: Epoch: [1][100/107]	Time  0.002 ( 0.004)	Loss 3.1411e-02 (1.5236e-01)	Acc pseudo 100.00 ( 96.74)	Lr 1.000e-03 (1.000e-03)
2026-02-08 16:31:00,131 - INFO: Round 8, Speaker Warmup Epoch 1: loss=0.1519, acc(pseudo)=96.73%
2026-02-08 16:31:00,135 - INFO: Warmup training face classifier for 2 epochs...
2026-02-08 16:31:00,542 - INFO: Epoch: [0][  0/229]	Time  0.366 ( 0.366)	Loss 2.3059e+00 (2.3059e+00)	Acc pseudo  10.94 ( 10.94)	Lr 1.000e-03 (1.000e-03)
2026-02-08 16:31:05,132 - INFO: Epoch: [0][ 50/229]	Time  0.030 ( 0.038)	Loss 1.5262e-01 (5.2421e-01)	Acc pseudo 100.00 ( 91.94)	Lr 1.000e-03 (1.000e-03)
2026-02-08 16:31:09,712 - INFO: Epoch: [0][100/229]	Time  0.031 ( 0.033)	Loss 4.7625e-02 (3.1903e-01)	Acc pseudo 100.00 ( 95.59)	Lr 1.000e-03 (1.000e-03)
2026-02-08 16:31:14,301 - INFO: Epoch: [0][150/229]	Time  0.026 ( 0.033)	Loss 3.5749e-02 (2.3443e-01)	Acc pseudo 100.00 ( 96.81)	Lr 1.000e-03 (1.000e-03)
2026-02-08 16:31:18,886 - INFO: Epoch: [0][200/229]	Time  0.031 ( 0.032)	Loss 8.9595e-03 (1.8953e-01)	Acc pseudo 100.00 ( 97.47)	Lr 1.000e-03 (1.000e-03)
2026-02-08 16:31:21,496 - INFO: Round 8, Face Warmup Epoch 0: loss=0.1713, acc(pseudo)=97.72%
2026-02-08 16:31:21,897 - INFO: Epoch: [1][  0/229]	Time  0.367 ( 0.367)	Loss 2.3832e-02 (2.3832e-02)	Acc pseudo 100.00 (100.00)	Lr 1.000e-03 (1.000e-03)
2026-02-08 16:31:26,484 - INFO: Epoch: [1][ 50/229]	Time  0.035 ( 0.035)	Loss 9.0838e-03 (3.0612e-02)	Acc pseudo 100.00 ( 99.54)	Lr 1.000e-03 (1.000e-03)
2026-02-08 16:31:31,075 - INFO: Epoch: [1][100/229]	Time  0.026 ( 0.033)	Loss 8.8463e-03 (3.0739e-02)	Acc pseudo 100.00 ( 99.57)	Lr 1.000e-03 (1.000e-03)
2026-02-08 16:31:35,722 - INFO: Epoch: [1][150/229]	Time  0.033 ( 0.032)	Loss 4.1132e-02 (3.4440e-02)	Acc pseudo  98.44 ( 99.50)	Lr 1.000e-03 (1.000e-03)
2026-02-08 16:31:40,311 - INFO: Epoch: [1][200/229]	Time  0.026 ( 0.031)	Loss 3.0775e-03 (3.3912e-02)	Acc pseudo 100.00 ( 99.50)	Lr 1.000e-03 (1.000e-03)
2026-02-08 16:31:42,925 - INFO: Round 8, Face Warmup Epoch 1: loss=0.0332, acc(pseudo)=99.49%
2026-02-08 16:31:42,932 - INFO: Fine-tuning speaker embedding model for 20 epochs...
2026-02-08 16:31:43,062 - INFO: Epoch: [0][  0/107]	Time  0.126 ( 0.126)	Loss 4.5012e-02 (4.5012e-02)	Acc pseudo 100.00 (100.00)	Lr 1.000e-03 (1.000e-03)
2026-02-08 16:31:43,219 - INFO: Epoch: [0][ 50/107]	Time  0.003 ( 0.005)	Loss 2.6523e-01 (1.5151e-01)	Acc pseudo  90.62 ( 96.45)	Lr 1.000e-03 (1.000e-03)
2026-02-08 16:31:43,359 - INFO: Epoch: [0][100/107]	Time  0.002 ( 0.004)	Loss 9.2864e-02 (1.4960e-01)	Acc pseudo  96.88 ( 96.21)	Lr 1.000e-03 (1.000e-03)
2026-02-08 16:31:43,402 - INFO: Round 8, Fine-tune Epoch 0: loss=0.1490, acc(pseudo)=96.22%
2026-02-08 16:31:47,757 - INFO: Round 8, Fine-tune Epoch 0: acc(valid_pseudo): 0.8955, acc: 0.8955
2026-02-08 16:31:48,141 - INFO: Epoch: [1][  0/107]	Time  0.132 ( 0.132)	Loss 9.4117e-02 (9.4117e-02)	Acc pseudo  96.88 ( 96.88)	Lr 1.000e-03 (1.000e-03)
2026-02-08 16:31:48,310 - INFO: Epoch: [1][ 50/107]	Time  0.003 ( 0.006)	Loss 1.2494e-01 (1.0328e-01)	Acc pseudo  98.44 ( 97.46)	Lr 1.000e-03 (1.000e-03)
2026-02-08 16:31:48,461 - INFO: Epoch: [1][100/107]	Time  0.002 ( 0.004)	Loss 1.4985e-02 (1.1542e-01)	Acc pseudo 100.00 ( 97.05)	Lr 1.000e-03 (1.000e-03)
2026-02-08 16:31:48,507 - INFO: Round 8, Fine-tune Epoch 1: loss=0.1171, acc(pseudo)=97.01%
2026-02-08 16:31:52,463 - INFO: Round 8, Fine-tune Epoch 1: acc(valid_pseudo): 0.8875, acc: 0.8875
2026-02-08 16:31:52,463 - INFO: Round 8, Speaker Fine-tune Epoch 1: No improvement in validation accuracy. Patience(epoch): 1/3
2026-02-08 16:31:52,595 - INFO: Epoch: [2][  0/107]	Time  0.127 ( 0.127)	Loss 1.2746e-01 (1.2746e-01)	Acc pseudo  98.44 ( 98.44)	Lr 1.000e-03 (1.000e-03)
2026-02-08 16:31:52,753 - INFO: Epoch: [2][ 50/107]	Time  0.003 ( 0.006)	Loss 6.4844e-02 (8.1295e-02)	Acc pseudo  95.31 ( 97.70)	Lr 1.000e-03 (1.000e-03)
2026-02-08 16:31:52,899 - INFO: Epoch: [2][100/107]	Time  0.002 ( 0.004)	Loss 1.1885e-01 (9.0062e-02)	Acc pseudo  93.75 ( 97.46)	Lr 1.000e-03 (1.000e-03)
2026-02-08 16:31:52,942 - INFO: Round 8, Fine-tune Epoch 2: loss=0.0884, acc(pseudo)=97.47%
2026-02-08 16:31:56,929 - INFO: Round 8, Fine-tune Epoch 2: acc(valid_pseudo): 0.8950, acc: 0.8950
2026-02-08 16:31:56,929 - INFO: Round 8, Speaker Fine-tune Epoch 2: No improvement in validation accuracy. Patience(epoch): 2/3
2026-02-08 16:31:57,087 - INFO: Epoch: [3][  0/107]	Time  0.153 ( 0.153)	Loss 4.3688e-02 (4.3688e-02)	Acc pseudo  98.44 ( 98.44)	Lr 1.000e-03 (1.000e-03)
2026-02-08 16:31:57,246 - INFO: Epoch: [3][ 50/107]	Time  0.003 ( 0.006)	Loss 8.8100e-02 (7.7741e-02)	Acc pseudo  96.88 ( 97.52)	Lr 1.000e-03 (1.000e-03)
2026-02-08 16:31:57,391 - INFO: Epoch: [3][100/107]	Time  0.002 ( 0.004)	Loss 1.0171e-01 (7.3414e-02)	Acc pseudo  98.44 ( 97.73)	Lr 1.000e-03 (1.000e-03)
2026-02-08 16:31:57,438 - INFO: Round 8, Fine-tune Epoch 3: loss=0.0726, acc(pseudo)=97.79%
2026-02-08 16:32:01,293 - INFO: Round 8, Fine-tune Epoch 3: acc(valid_pseudo): 0.8445, acc: 0.8445
2026-02-08 16:32:01,293 - INFO: Round 8, Speaker Fine-tune Epoch 3: No improvement in validation accuracy. Patience(epoch): 3/3
2026-02-08 16:32:01,294 - INFO: Early stopping at epoch 3 due to no improvement in validation accuracy for 3 epochs.
2026-02-08 16:32:01,294 - INFO: Round 8: Best speaker fine-tuned epoch=0, acc(valid_pseudo)=0.8955
2026-02-08 16:32:01,298 - INFO: Fine-tuning face embedding model for 20 epochs...
2026-02-08 16:32:01,738 - INFO: Epoch: [0][  0/229]	Time  0.387 ( 0.387)	Loss 2.0808e-04 (2.0808e-04)	Acc pseudo 100.00 (100.00)	Lr 1.000e-03 (1.000e-03)
2026-02-08 16:32:06,388 - INFO: Epoch: [0][ 50/229]	Time  0.028 ( 0.039)	Loss 6.6567e-03 (1.7339e-02)	Acc pseudo 100.00 ( 99.85)	Lr 1.000e-03 (1.000e-03)
2026-02-08 16:32:11,038 - INFO: Epoch: [0][100/229]	Time  0.027 ( 0.035)	Loss 4.6950e-03 (2.3761e-02)	Acc pseudo 100.00 ( 99.77)	Lr 1.000e-03 (1.000e-03)
2026-02-08 16:32:15,717 - INFO: Epoch: [0][150/229]	Time  0.041 ( 0.034)	Loss 1.4419e-02 (2.5663e-02)	Acc pseudo  98.44 ( 99.62)	Lr 1.000e-03 (1.000e-03)
2026-02-08 16:32:20,378 - INFO: Epoch: [0][200/229]	Time  0.029 ( 0.033)	Loss 1.7457e-03 (2.6247e-02)	Acc pseudo 100.00 ( 99.58)	Lr 1.000e-03 (1.000e-03)
2026-02-08 16:32:23,026 - INFO: Round 8, Face Fine-tune Epoch 0: loss=0.0258, acc(pseudo)=99.58%
2026-02-08 16:32:47,096 - INFO: Round 8, Face Fine-tune Epoch 0: acc(valid_pseudo): 0.9975, acc: 0.9121
2026-02-08 16:32:48,185 - INFO: Epoch: [1][  0/229]	Time  0.351 ( 0.351)	Loss 9.0863e-03 (9.0863e-03)	Acc pseudo 100.00 (100.00)	Lr 1.000e-03 (1.000e-03)
2026-02-08 16:32:52,851 - INFO: Epoch: [1][ 50/229]	Time  0.026 ( 0.036)	Loss 6.5292e-03 (1.5791e-02)	Acc pseudo 100.00 ( 99.57)	Lr 1.000e-03 (1.000e-03)
2026-02-08 16:32:57,509 - INFO: Epoch: [1][100/229]	Time  0.026 ( 0.033)	Loss 4.4557e-03 (1.8731e-02)	Acc pseudo 100.00 ( 99.63)	Lr 1.000e-03 (1.000e-03)
2026-02-08 16:33:02,166 - INFO: Epoch: [1][150/229]	Time  0.031 ( 0.032)	Loss 1.0028e-02 (1.8573e-02)	Acc pseudo 100.00 ( 99.56)	Lr 1.000e-03 (1.000e-03)
2026-02-08 16:33:06,826 - INFO: Epoch: [1][200/229]	Time  0.027 ( 0.031)	Loss 5.1240e-04 (1.7953e-02)	Acc pseudo 100.00 ( 99.58)	Lr 1.000e-03 (1.000e-03)
2026-02-08 16:33:09,501 - INFO: Round 8, Face Fine-tune Epoch 1: loss=0.0180, acc(pseudo)=99.56%
2026-02-08 16:33:34,546 - INFO: Round 8, Face Fine-tune Epoch 1: acc(valid_pseudo): 0.9983, acc: 0.9111
2026-02-08 16:33:35,766 - INFO: Epoch: [2][  0/229]	Time  0.332 ( 0.332)	Loss 4.3795e-03 (4.3795e-03)	Acc pseudo 100.00 (100.00)	Lr 1.000e-03 (1.000e-03)
2026-02-08 16:33:40,430 - INFO: Epoch: [2][ 50/229]	Time  0.026 ( 0.037)	Loss 3.8654e-02 (1.2418e-02)	Acc pseudo  98.44 ( 99.45)	Lr 1.000e-03 (1.000e-03)
2026-02-08 16:33:45,086 - INFO: Epoch: [2][100/229]	Time  0.030 ( 0.034)	Loss 3.6686e-02 (2.2237e-02)	Acc pseudo  98.44 ( 99.32)	Lr 1.000e-03 (1.000e-03)
2026-02-08 16:33:49,747 - INFO: Epoch: [2][150/229]	Time  0.030 ( 0.033)	Loss 2.8005e-02 (2.1411e-02)	Acc pseudo  98.44 ( 99.30)	Lr 1.000e-03 (1.000e-03)
2026-02-08 16:33:54,410 - INFO: Epoch: [2][200/229]	Time  0.028 ( 0.032)	Loss 2.2440e-03 (2.1228e-02)	Acc pseudo 100.00 ( 99.31)	Lr 1.000e-03 (1.000e-03)
2026-02-08 16:33:57,058 - INFO: Round 8, Face Fine-tune Epoch 2: loss=0.0223, acc(pseudo)=99.30%
2026-02-08 16:34:22,589 - INFO: Round 8, Face Fine-tune Epoch 2: acc(valid_pseudo): 0.9988, acc: 0.9121
2026-02-08 16:34:24,078 - INFO: Epoch: [3][  0/229]	Time  0.637 ( 0.637)	Loss 2.0170e-03 (2.0170e-03)	Acc pseudo 100.00 (100.00)	Lr 1.000e-03 (1.000e-03)
2026-02-08 16:34:28,740 - INFO: Epoch: [3][ 50/229]	Time  0.029 ( 0.044)	Loss 1.7617e-02 (1.7544e-02)	Acc pseudo 100.00 ( 99.39)	Lr 1.000e-03 (1.000e-03)
2026-02-08 16:34:33,398 - INFO: Epoch: [3][100/229]	Time  0.028 ( 0.038)	Loss 4.7202e-03 (1.6317e-02)	Acc pseudo 100.00 ( 99.44)	Lr 1.000e-03 (1.000e-03)
2026-02-08 16:34:38,056 - INFO: Epoch: [3][150/229]	Time  0.029 ( 0.035)	Loss 4.6961e-03 (1.9771e-02)	Acc pseudo 100.00 ( 99.41)	Lr 1.000e-03 (1.000e-03)
2026-02-08 16:34:42,715 - INFO: Epoch: [3][200/229]	Time  0.027 ( 0.034)	Loss 1.1553e-02 (1.9198e-02)	Acc pseudo  98.44 ( 99.41)	Lr 1.000e-03 (1.000e-03)
2026-02-08 16:34:45,366 - INFO: Round 8, Face Fine-tune Epoch 3: loss=0.0230, acc(pseudo)=99.43%
2026-02-08 16:35:09,639 - INFO: Round 8, Face Fine-tune Epoch 3: acc(valid_pseudo): 0.9994, acc: 0.9130
2026-02-08 16:35:10,764 - INFO: Epoch: [4][  0/229]	Time  0.354 ( 0.354)	Loss 1.9382e-03 (1.9382e-03)	Acc pseudo 100.00 (100.00)	Lr 1.000e-03 (1.000e-03)
2026-02-08 16:35:15,423 - INFO: Epoch: [4][ 50/229]	Time  0.029 ( 0.037)	Loss 9.0992e-02 (1.4062e-02)	Acc pseudo  96.88 ( 99.45)	Lr 1.000e-03 (1.000e-03)
2026-02-08 16:35:20,083 - INFO: Epoch: [4][100/229]	Time  0.029 ( 0.033)	Loss 3.7579e-02 (1.3559e-02)	Acc pseudo  98.44 ( 99.52)	Lr 1.000e-03 (1.000e-03)
2026-02-08 16:35:24,751 - INFO: Epoch: [4][150/229]	Time  0.036 ( 0.032)	Loss 1.3862e-02 (1.9513e-02)	Acc pseudo  98.44 ( 99.50)	Lr 1.000e-03 (1.000e-03)
2026-02-08 16:35:29,425 - INFO: Epoch: [4][200/229]	Time  0.034 ( 0.032)	Loss 4.4503e-02 (2.0569e-02)	Acc pseudo  96.88 ( 99.42)	Lr 1.000e-03 (1.000e-03)
2026-02-08 16:35:32,079 - INFO: Round 8, Face Fine-tune Epoch 4: loss=0.0210, acc(pseudo)=99.39%
2026-02-08 16:35:56,316 - INFO: Round 8, Face Fine-tune Epoch 4: acc(valid_pseudo): 0.9986, acc: 0.9121
2026-02-08 16:35:56,316 - INFO: Round 8, Face Fine-tune Epoch 4: No improvement. Patience(epoch): 1/3
2026-02-08 16:35:56,698 - INFO: Epoch: [5][  0/229]	Time  0.334 ( 0.334)	Loss 5.5197e-02 (5.5197e-02)	Acc pseudo  98.44 ( 98.44)	Lr 1.000e-03 (1.000e-03)
2026-02-08 16:36:01,367 - INFO: Epoch: [5][ 50/229]	Time  0.034 ( 0.036)	Loss 2.3341e-02 (3.8924e-02)	Acc pseudo  98.44 ( 99.36)	Lr 1.000e-03 (1.000e-03)
2026-02-08 16:36:06,027 - INFO: Epoch: [5][100/229]	Time  0.028 ( 0.033)	Loss 6.1389e-04 (3.7805e-02)	Acc pseudo 100.00 ( 98.96)	Lr 1.000e-03 (1.000e-03)
2026-02-08 16:36:10,686 - INFO: Epoch: [5][150/229]	Time  0.030 ( 0.032)	Loss 3.1736e-02 (3.6215e-02)	Acc pseudo  98.44 ( 98.97)	Lr 1.000e-03 (1.000e-03)
2026-02-08 16:36:15,346 - INFO: Epoch: [5][200/229]	Time  0.031 ( 0.032)	Loss 9.9839e-04 (3.4309e-02)	Acc pseudo 100.00 ( 98.97)	Lr 1.000e-03 (1.000e-03)
2026-02-08 16:36:17,993 - INFO: Round 8, Face Fine-tune Epoch 5: loss=0.0325, acc(pseudo)=99.02%
2026-02-08 16:36:42,182 - INFO: Round 8, Face Fine-tune Epoch 5: acc(valid_pseudo): 0.9990, acc: 0.9139
2026-02-08 16:36:42,182 - INFO: Round 8, Face Fine-tune Epoch 5: No improvement. Patience(epoch): 2/3
2026-02-08 16:36:42,588 - INFO: Epoch: [6][  0/229]	Time  0.371 ( 0.371)	Loss 6.4087e-02 (6.4087e-02)	Acc pseudo  98.44 ( 98.44)	Lr 1.000e-03 (1.000e-03)
2026-02-08 16:36:47,259 - INFO: Epoch: [6][ 50/229]	Time  0.028 ( 0.037)	Loss 2.1956e-02 (5.4509e-02)	Acc pseudo  98.44 ( 98.25)	Lr 1.000e-03 (1.000e-03)
2026-02-08 16:36:51,919 - INFO: Epoch: [6][100/229]	Time  0.030 ( 0.033)	Loss 1.6110e-02 (5.2756e-02)	Acc pseudo 100.00 ( 98.36)	Lr 1.000e-03 (1.000e-03)
2026-02-08 16:36:56,582 - INFO: Epoch: [6][150/229]	Time  0.028 ( 0.032)	Loss 8.7676e-02 (5.1845e-02)	Acc pseudo  98.44 ( 98.32)	Lr 1.000e-03 (1.000e-03)
2026-02-08 16:37:01,245 - INFO: Epoch: [6][200/229]	Time  0.029 ( 0.031)	Loss 6.2475e-02 (5.8222e-02)	Acc pseudo  96.88 ( 98.20)	Lr 1.000e-03 (1.000e-03)
2026-02-08 16:37:03,895 - INFO: Round 8, Face Fine-tune Epoch 6: loss=0.0654, acc(pseudo)=98.03%
2026-02-08 16:37:28,319 - INFO: Round 8, Face Fine-tune Epoch 6: acc(valid_pseudo): 0.9988, acc: 0.9121
2026-02-08 16:37:28,319 - INFO: Round 8, Face Fine-tune Epoch 6: No improvement. Patience(epoch): 3/3
2026-02-08 16:37:28,319 - INFO: Early stopping at face epoch 6
2026-02-08 16:37:28,320 - INFO: Round 8: Best face fine-tuned epoch=3, acc(valid_pseudo)=0.9994
2026-02-08 16:37:52,132 - INFO: Round 8: speaker_acc=0.8955
2026-02-08 16:37:52,134 - INFO: Round 8: face_acc=0.9130
2026-02-08 16:37:52,136 - INFO: ====================
2026-02-08 16:37:52,136 - INFO: Round 9: Fine-tuning iteration
2026-02-08 16:37:52,136 - INFO: ====================
2026-02-08 16:37:52,185 - INFO: Round 9 Part 1: Fine-tuning embedding model
2026-02-08 16:37:52,186 - INFO: Using pseudo-label file: runs/the big bang theory/exp_video/result/self_supervised/baseline_joint/exp1/round8/pseudo_label/pseudo_labels_audio_baseline_joint.json
2026-02-08 16:37:52,197 - INFO: For training, Using face pseudo-label file: runs/the big bang theory/exp_video/result/self_supervised/baseline_joint/exp1/round8/pseudo_label/pseudo_labels_faces_mid_frame_train_baseline_joint.json
2026-02-08 16:37:52,198 - INFO: For infering, Using face pseudo-label file: runs/the big bang theory/exp_video/result/self_supervised/baseline_joint/exp1/round8/pseudo_label/pseudo_labels_faces_mid_frame_all_baseline_joint.json
2026-02-08 16:37:52,255 - INFO: Created face dataloader with 14646 samples
2026-02-08 16:37:52,259 - INFO: Warmup training speaker classifier for 2 epochs...
2026-02-08 16:37:52,395 - INFO: Epoch: [0][  0/107]	Time  0.132 ( 0.132)	Loss 2.3409e+00 (2.3409e+00)	Acc pseudo  18.75 ( 18.75)	Lr 1.000e-03 (1.000e-03)
2026-02-08 16:37:52,531 - INFO: Epoch: [0][ 50/107]	Time  0.002 ( 0.005)	Loss 3.4851e-01 (6.5326e-01)	Acc pseudo  92.19 ( 89.64)	Lr 1.000e-03 (1.000e-03)
2026-02-08 16:37:52,664 - INFO: Epoch: [0][100/107]	Time  0.002 ( 0.004)	Loss 2.9279e-01 (4.4333e-01)	Acc pseudo  93.75 ( 92.56)	Lr 1.000e-03 (1.000e-03)
2026-02-08 16:37:52,708 - INFO: Round 9, Speaker Warmup Epoch 0: loss=0.4283, acc(pseudo)=92.78%
2026-02-08 16:37:52,832 - INFO: Epoch: [1][  0/107]	Time  0.120 ( 0.120)	Loss 1.2185e-01 (1.2185e-01)	Acc pseudo  95.31 ( 95.31)	Lr 1.000e-03 (1.000e-03)
2026-02-08 16:37:52,976 - INFO: Epoch: [1][ 50/107]	Time  0.002 ( 0.005)	Loss 2.5599e-01 (1.9184e-01)	Acc pseudo  96.88 ( 96.29)	Lr 1.000e-03 (1.000e-03)
2026-02-08 16:37:53,107 - INFO: Epoch: [1][100/107]	Time  0.002 ( 0.004)	Loss 1.0700e-01 (1.7492e-01)	Acc pseudo  98.44 ( 96.35)	Lr 1.000e-03 (1.000e-03)
2026-02-08 16:37:53,147 - INFO: Round 9, Speaker Warmup Epoch 1: loss=0.1757, acc(pseudo)=96.31%
2026-02-08 16:37:53,151 - INFO: Warmup training face classifier for 2 epochs...
2026-02-08 16:37:53,585 - INFO: Epoch: [0][  0/229]	Time  0.383 ( 0.383)	Loss 2.2663e+00 (2.2663e+00)	Acc pseudo  21.88 ( 21.88)	Lr 1.000e-03 (1.000e-03)
2026-02-08 16:37:58,166 - INFO: Epoch: [0][ 50/229]	Time  0.026 ( 0.036)	Loss 2.3779e-01 (6.0261e-01)	Acc pseudo 100.00 ( 89.43)	Lr 1.000e-03 (1.000e-03)
2026-02-08 16:38:02,743 - INFO: Epoch: [0][100/229]	Time  0.028 ( 0.033)	Loss 7.7012e-02 (3.6934e-01)	Acc pseudo  98.44 ( 94.07)	Lr 1.000e-03 (1.000e-03)
2026-02-08 16:38:07,322 - INFO: Epoch: [0][150/229]	Time  0.029 ( 0.031)	Loss 7.7297e-02 (2.7184e-01)	Acc pseudo 100.00 ( 95.78)	Lr 1.000e-03 (1.000e-03)
2026-02-08 16:38:11,906 - INFO: Epoch: [0][200/229]	Time  0.028 ( 0.031)	Loss 2.6426e-02 (2.2566e-01)	Acc pseudo  98.44 ( 96.67)	Lr 1.000e-03 (1.000e-03)
2026-02-08 16:38:14,518 - INFO: Round 9, Face Warmup Epoch 0: loss=0.2035, acc(pseudo)=97.02%
2026-02-08 16:38:14,895 - INFO: Epoch: [1][  0/229]	Time  0.332 ( 0.332)	Loss 4.1462e-02 (4.1462e-02)	Acc pseudo  98.44 ( 98.44)	Lr 1.000e-03 (1.000e-03)
2026-02-08 16:38:19,481 - INFO: Epoch: [1][ 50/229]	Time  0.028 ( 0.035)	Loss 5.0343e-02 (4.9682e-02)	Acc pseudo  98.44 ( 98.93)	Lr 1.000e-03 (1.000e-03)
2026-02-08 16:38:24,069 - INFO: Epoch: [1][100/229]	Time  0.027 ( 0.031)	Loss 1.7057e-02 (6.1019e-02)	Acc pseudo 100.00 ( 99.15)	Lr 1.000e-03 (1.000e-03)
2026-02-08 16:38:28,659 - INFO: Epoch: [1][150/229]	Time  0.029 ( 0.030)	Loss 3.9922e-02 (5.4205e-02)	Acc pseudo  98.44 ( 99.17)	Lr 1.000e-03 (1.000e-03)
2026-02-08 16:38:33,255 - INFO: Epoch: [1][200/229]	Time  0.030 ( 0.030)	Loss 1.5963e-02 (4.8439e-02)	Acc pseudo 100.00 ( 99.21)	Lr 1.000e-03 (1.000e-03)
2026-02-08 16:38:35,874 - INFO: Round 9, Face Warmup Epoch 1: loss=0.0460, acc(pseudo)=99.22%
2026-02-08 16:38:35,881 - INFO: Fine-tuning speaker embedding model for 20 epochs...
2026-02-08 16:38:36,016 - INFO: Epoch: [0][  0/107]	Time  0.131 ( 0.131)	Loss 9.8981e-02 (9.8981e-02)	Acc pseudo 100.00 (100.00)	Lr 1.000e-03 (1.000e-03)
2026-02-08 16:38:36,174 - INFO: Epoch: [0][ 50/107]	Time  0.003 ( 0.006)	Loss 1.8374e-01 (1.7050e-01)	Acc pseudo  93.75 ( 96.29)	Lr 1.000e-03 (1.000e-03)
2026-02-08 16:38:36,318 - INFO: Epoch: [0][100/107]	Time  0.002 ( 0.004)	Loss 2.5978e-01 (1.8267e-01)	Acc pseudo  93.75 ( 95.71)	Lr 1.000e-03 (1.000e-03)
2026-02-08 16:38:36,361 - INFO: Round 9, Fine-tune Epoch 0: loss=0.1810, acc(pseudo)=95.71%
2026-02-08 16:38:40,244 - INFO: Round 9, Fine-tune Epoch 0: acc(valid_pseudo): 0.8410, acc: 0.8410
2026-02-08 16:38:40,617 - INFO: Epoch: [1][  0/107]	Time  0.128 ( 0.128)	Loss 1.5414e-01 (1.5414e-01)	Acc pseudo  90.62 ( 90.62)	Lr 1.000e-03 (1.000e-03)
2026-02-08 16:38:40,778 - INFO: Epoch: [1][ 50/107]	Time  0.003 ( 0.006)	Loss 1.8786e-01 (1.3242e-01)	Acc pseudo  96.88 ( 96.63)	Lr 1.000e-03 (1.000e-03)
2026-02-08 16:38:40,920 - INFO: Epoch: [1][100/107]	Time  0.002 ( 0.004)	Loss 6.6700e-02 (1.3222e-01)	Acc pseudo  96.88 ( 96.52)	Lr 1.000e-03 (1.000e-03)
2026-02-08 16:38:40,966 - INFO: Round 9, Fine-tune Epoch 1: loss=0.1334, acc(pseudo)=96.50%
2026-02-08 16:38:44,781 - INFO: Round 9, Fine-tune Epoch 1: acc(valid_pseudo): 0.8950, acc: 0.8950
2026-02-08 16:38:45,168 - INFO: Epoch: [2][  0/107]	Time  0.126 ( 0.126)	Loss 8.7087e-02 (8.7087e-02)	Acc pseudo  98.44 ( 98.44)	Lr 1.000e-03 (1.000e-03)
2026-02-08 16:38:45,334 - INFO: Epoch: [2][ 50/107]	Time  0.003 ( 0.006)	Loss 1.2995e-01 (1.0977e-01)	Acc pseudo  95.31 ( 96.78)	Lr 1.000e-03 (1.000e-03)
2026-02-08 16:38:45,477 - INFO: Epoch: [2][100/107]	Time  0.002 ( 0.004)	Loss 1.0967e-01 (1.1022e-01)	Acc pseudo  96.88 ( 96.94)	Lr 1.000e-03 (1.000e-03)
2026-02-08 16:38:45,524 - INFO: Round 9, Fine-tune Epoch 2: loss=0.1090, acc(pseudo)=96.95%
2026-02-08 16:38:49,393 - INFO: Round 9, Fine-tune Epoch 2: acc(valid_pseudo): 0.8860, acc: 0.8860
2026-02-08 16:38:49,393 - INFO: Round 9, Speaker Fine-tune Epoch 2: No improvement in validation accuracy. Patience(epoch): 1/3
2026-02-08 16:38:49,526 - INFO: Epoch: [3][  0/107]	Time  0.127 ( 0.127)	Loss 1.3262e-01 (1.3262e-01)	Acc pseudo  96.88 ( 96.88)	Lr 1.000e-03 (1.000e-03)
2026-02-08 16:38:49,679 - INFO: Epoch: [3][ 50/107]	Time  0.003 ( 0.005)	Loss 1.1399e-01 (9.5668e-02)	Acc pseudo  95.31 ( 97.12)	Lr 1.000e-03 (1.000e-03)
2026-02-08 16:38:49,820 - INFO: Epoch: [3][100/107]	Time  0.002 ( 0.004)	Loss 1.0028e-01 (9.6140e-02)	Acc pseudo  96.88 ( 97.01)	Lr 1.000e-03 (1.000e-03)
2026-02-08 16:38:49,866 - INFO: Round 9, Fine-tune Epoch 3: loss=0.0969, acc(pseudo)=97.03%
2026-02-08 16:38:54,018 - INFO: Round 9, Fine-tune Epoch 3: acc(valid_pseudo): 0.8505, acc: 0.8505
2026-02-08 16:38:54,018 - INFO: Round 9, Speaker Fine-tune Epoch 3: No improvement in validation accuracy. Patience(epoch): 2/3
2026-02-08 16:38:54,148 - INFO: Epoch: [4][  0/107]	Time  0.125 ( 0.125)	Loss 3.3409e-02 (3.3409e-02)	Acc pseudo 100.00 (100.00)	Lr 1.000e-03 (1.000e-03)
2026-02-08 16:38:54,298 - INFO: Epoch: [4][ 50/107]	Time  0.003 ( 0.005)	Loss 3.7425e-02 (1.0043e-01)	Acc pseudo  98.44 ( 97.27)	Lr 1.000e-03 (1.000e-03)
2026-02-08 16:38:54,438 - INFO: Epoch: [4][100/107]	Time  0.002 ( 0.004)	Loss 2.0248e-01 (9.7921e-02)	Acc pseudo  95.31 ( 97.40)	Lr 1.000e-03 (1.000e-03)
2026-02-08 16:38:54,481 - INFO: Round 9, Fine-tune Epoch 4: loss=0.0983, acc(pseudo)=97.41%
2026-02-08 16:38:58,362 - INFO: Round 9, Fine-tune Epoch 4: acc(valid_pseudo): 0.8895, acc: 0.8895
2026-02-08 16:38:58,362 - INFO: Round 9, Speaker Fine-tune Epoch 4: No improvement in validation accuracy. Patience(epoch): 3/3
2026-02-08 16:38:58,362 - INFO: Early stopping at epoch 4 due to no improvement in validation accuracy for 3 epochs.
2026-02-08 16:38:58,363 - INFO: Round 9: Best speaker fine-tuned epoch=1, acc(valid_pseudo)=0.8950
2026-02-08 16:38:58,367 - INFO: Fine-tuning face embedding model for 20 epochs...
2026-02-08 16:38:58,793 - INFO: Epoch: [0][  0/229]	Time  0.372 ( 0.372)	Loss 3.9227e-03 (3.9227e-03)	Acc pseudo 100.00 (100.00)	Lr 1.000e-03 (1.000e-03)
2026-02-08 16:39:03,438 - INFO: Epoch: [0][ 50/229]	Time  0.030 ( 0.037)	Loss 9.4879e-03 (2.4376e-02)	Acc pseudo 100.00 ( 99.39)	Lr 1.000e-03 (1.000e-03)
2026-02-08 16:39:08,082 - INFO: Epoch: [0][100/229]	Time  0.029 ( 0.033)	Loss 2.2525e-02 (2.0329e-02)	Acc pseudo 100.00 ( 99.43)	Lr 1.000e-03 (1.000e-03)
2026-02-08 16:39:12,730 - INFO: Epoch: [0][150/229]	Time  0.029 ( 0.032)	Loss 4.1962e-03 (2.0188e-02)	Acc pseudo 100.00 ( 99.41)	Lr 1.000e-03 (1.000e-03)
2026-02-08 16:39:17,383 - INFO: Epoch: [0][200/229]	Time  0.032 ( 0.032)	Loss 1.8985e-02 (2.1920e-02)	Acc pseudo  98.44 ( 99.39)	Lr 1.000e-03 (1.000e-03)
2026-02-08 16:39:20,026 - INFO: Round 9, Face Fine-tune Epoch 0: loss=0.0213, acc(pseudo)=99.41%
2026-02-08 16:39:44,179 - INFO: Round 9, Face Fine-tune Epoch 0: acc(valid_pseudo): 0.9986, acc: 0.9130
2026-02-08 16:39:45,261 - INFO: Epoch: [1][  0/229]	Time  0.348 ( 0.348)	Loss 1.6506e-02 (1.6506e-02)	Acc pseudo 100.00 (100.00)	Lr 1.000e-03 (1.000e-03)
2026-02-08 16:39:49,920 - INFO: Epoch: [1][ 50/229]	Time  0.029 ( 0.037)	Loss 5.4077e-03 (1.5610e-02)	Acc pseudo 100.00 ( 99.57)	Lr 1.000e-03 (1.000e-03)
2026-02-08 16:39:54,580 - INFO: Epoch: [1][100/229]	Time  0.026 ( 0.034)	Loss 1.6763e-03 (1.4692e-02)	Acc pseudo 100.00 ( 99.64)	Lr 1.000e-03 (1.000e-03)
2026-02-08 16:39:59,238 - INFO: Epoch: [1][150/229]	Time  0.026 ( 0.032)	Loss 7.1041e-02 (1.9440e-02)	Acc pseudo  96.88 ( 99.53)	Lr 1.000e-03 (1.000e-03)
2026-02-08 16:40:03,902 - INFO: Epoch: [1][200/229]	Time  0.028 ( 0.032)	Loss 2.1081e-03 (1.8905e-02)	Acc pseudo 100.00 ( 99.49)	Lr 1.000e-03 (1.000e-03)
2026-02-08 16:40:06,555 - INFO: Round 9, Face Fine-tune Epoch 1: loss=0.0191, acc(pseudo)=99.45%
2026-02-08 16:40:31,399 - INFO: Round 9, Face Fine-tune Epoch 1: acc(valid_pseudo): 0.9986, acc: 0.9130
2026-02-08 16:40:31,399 - INFO: Round 9, Face Fine-tune Epoch 1: No improvement. Patience(epoch): 1/3
2026-02-08 16:40:31,859 - INFO: Epoch: [2][  0/229]	Time  0.400 ( 0.400)	Loss 1.8707e-02 (1.8707e-02)	Acc pseudo  98.44 ( 98.44)	Lr 1.000e-03 (1.000e-03)
2026-02-08 16:40:36,520 - INFO: Epoch: [2][ 50/229]	Time  0.034 ( 0.039)	Loss 2.1876e-02 (2.2999e-02)	Acc pseudo  98.44 ( 99.20)	Lr 1.000e-03 (1.000e-03)
2026-02-08 16:40:41,187 - INFO: Epoch: [2][100/229]	Time  0.033 ( 0.036)	Loss 4.0012e-02 (3.4363e-02)	Acc pseudo  98.44 ( 98.98)	Lr 1.000e-03 (1.000e-03)
2026-02-08 16:40:45,855 - INFO: Epoch: [2][150/229]	Time  0.034 ( 0.034)	Loss 1.8198e-02 (3.3222e-02)	Acc pseudo 100.00 ( 99.03)	Lr 1.000e-03 (1.000e-03)
2026-02-08 16:40:50,523 - INFO: Epoch: [2][200/229]	Time  0.034 ( 0.033)	Loss 8.2280e-03 (2.9913e-02)	Acc pseudo 100.00 ( 99.07)	Lr 1.000e-03 (1.000e-03)
2026-02-08 16:40:53,173 - INFO: Round 9, Face Fine-tune Epoch 2: loss=0.0295, acc(pseudo)=99.08%
2026-02-08 16:41:17,553 - INFO: Round 9, Face Fine-tune Epoch 2: acc(valid_pseudo): 0.9985, acc: 0.9130
2026-02-08 16:41:17,554 - INFO: Round 9, Face Fine-tune Epoch 2: No improvement. Patience(epoch): 2/3
2026-02-08 16:41:17,941 - INFO: Epoch: [3][  0/229]	Time  0.343 ( 0.343)	Loss 4.5056e-02 (4.5056e-02)	Acc pseudo  98.44 ( 98.44)	Lr 1.000e-03 (1.000e-03)
2026-02-08 16:41:22,612 - INFO: Epoch: [3][ 50/229]	Time  0.030 ( 0.038)	Loss 5.2025e-03 (2.0520e-02)	Acc pseudo 100.00 ( 99.14)	Lr 1.000e-03 (1.000e-03)
2026-02-08 16:41:27,274 - INFO: Epoch: [3][100/229]	Time  0.039 ( 0.034)	Loss 5.2776e-02 (1.6829e-02)	Acc pseudo  98.44 ( 99.30)	Lr 1.000e-03 (1.000e-03)
2026-02-08 16:41:31,938 - INFO: Epoch: [3][150/229]	Time  0.026 ( 0.033)	Loss 8.2678e-03 (2.0719e-02)	Acc pseudo 100.00 ( 99.21)	Lr 1.000e-03 (1.000e-03)
2026-02-08 16:41:36,603 - INFO: Epoch: [3][200/229]	Time  0.031 ( 0.032)	Loss 3.8574e-03 (2.0967e-02)	Acc pseudo 100.00 ( 99.25)	Lr 1.000e-03 (1.000e-03)
2026-02-08 16:41:39,267 - INFO: Round 9, Face Fine-tune Epoch 3: loss=0.0199, acc(pseudo)=99.28%
2026-02-08 16:42:03,830 - INFO: Round 9, Face Fine-tune Epoch 3: acc(valid_pseudo): 0.9984, acc: 0.9111
2026-02-08 16:42:03,830 - INFO: Round 9, Face Fine-tune Epoch 3: No improvement. Patience(epoch): 3/3
2026-02-08 16:42:03,830 - INFO: Early stopping at face epoch 3
2026-02-08 16:42:03,831 - INFO: Round 9: Best face fine-tuned epoch=0, acc(valid_pseudo)=0.9986
2026-02-08 16:42:21,801 - INFO: Round 9: speaker_acc=0.8950
2026-02-08 16:42:21,812 - INFO: Round 9: face_acc=0.9130
2026-02-08 16:42:21,813 - INFO: ====================
2026-02-08 16:42:21,814 - INFO: Self-supervised fine-tuning completed!
2026-02-08 16:42:21,814 - INFO: Initial speaker: acc=0.9090
2026-02-08 16:42:21,814 - INFO: Final speaker at round 9: acc=0.8950
2026-02-08 16:42:21,814 - INFO: Speaker improvement: -0.0140 (-1.54%)
2026-02-08 16:42:21,814 - INFO: Initial face: acc=0.9074
2026-02-08 16:42:21,814 - INFO: Final face at round 9: acc=0.9130
2026-02-08 16:42:21,814 - INFO: Face improvement: 0.0056 (0.62%)
2026-02-08 16:42:21,814 - INFO: ====================
