2026-03-23 22:37:05,620 - INFO: Starting self-supervised fine-tuning pipeline
2026-03-23 22:37:05,621 - INFO: Device: cuda:0
2026-03-23 22:37:05,625 - INFO: Saved arguments to runs/I love my family/exp_video_ablation/result/d/self_supervised/exp0/args.json
2026-03-23 22:37:05,625 - INFO: ====================
2026-03-23 22:37:05,625 - INFO: Initialization: Initial clustering with HMM correction
2026-03-23 22:37:05,625 - INFO: ====================
2026-03-23 23:08:40,326 - INFO: Saved initial clustering results to runs/I love my family/exp_video_ablation/result/d/self_supervised/exp0/initial
2026-03-23 23:08:40,327 - INFO: Initial: speaker_acc=0.7450
2026-03-23 23:08:40,344 - INFO: ====================
2026-03-23 23:08:40,344 - INFO: Round 0: Fine-tuning iteration
2026-03-23 23:08:40,344 - INFO: ====================
2026-03-23 23:08:40,418 - INFO: Round 0 Part 1: Fine-tuning embedding model
2026-03-23 23:08:40,421 - INFO: Using pseudo-label file: runs/I love my family/exp_video_ablation/result/d/self_supervised/exp0/initial/pseudo_label/pseudo_labels_audio_hmmx_X_only(unreliable_pp=100.0).json
2026-03-23 23:08:43,417 - INFO: Speaker embedding dimension: 512
2026-03-23 23:08:43,914 - INFO: Saved speaker config_model to runs/I love my family/exp_video_ablation/result/d/self_supervised/exp0/round0/config_model_speaker.json
2026-03-23 23:12:24,127 - INFO: Extracting hidden features for all speaker samples, which are outputs of StatsPool layer...
2026-03-23 23:12:24,127 - INFO: args.unfrozen_layers_num=2 is not used when extracting hidden features.
2026-03-23 23:24:11,170 - INFO: Hidden features extracted for 19225 speaker samples
2026-03-23 23:24:11,570 - INFO: Warmup training speaker classifier for 2 epochs...
2026-03-23 23:24:12,272 - INFO: Epoch: [0][  0/301]	Time  0.698 ( 0.698)	Loss 2.4865e+00 (2.4865e+00)	Acc pseudo   7.81 (  7.81)	Lr 1.000e-03 (1.000e-03)
2026-03-23 23:24:12,426 - INFO: Epoch: [0][ 50/301]	Time  0.003 ( 0.017)	Loss 1.3500e+00 (1.7933e+00)	Acc pseudo  59.38 ( 50.34)	Lr 1.000e-03 (1.000e-03)
2026-03-23 23:24:12,592 - INFO: Epoch: [0][100/301]	Time  0.004 ( 0.010)	Loss 1.1510e+00 (1.5393e+00)	Acc pseudo  68.75 ( 58.59)	Lr 1.000e-03 (1.000e-03)
2026-03-23 23:24:12,740 - INFO: Epoch: [0][150/301]	Time  0.003 ( 0.008)	Loss 1.2825e+00 (1.4356e+00)	Acc pseudo  65.62 ( 61.58)	Lr 1.000e-03 (1.000e-03)
2026-03-23 23:24:12,874 - INFO: Epoch: [0][200/301]	Time  0.003 ( 0.006)	Loss 8.9065e-01 (1.3754e+00)	Acc pseudo  78.12 ( 62.97)	Lr 1.000e-03 (1.000e-03)
2026-03-23 23:24:13,022 - INFO: Epoch: [0][250/301]	Time  0.004 ( 0.006)	Loss 9.6840e-01 (1.3284e+00)	Acc pseudo  76.56 ( 64.14)	Lr 1.000e-03 (1.000e-03)
2026-03-23 23:24:13,164 - INFO: Epoch: [0][300/301]	Time  0.003 ( 0.005)	Loss 9.9491e-01 (1.2942e+00)	Acc pseudo  72.00 ( 65.01)	Lr 1.000e-03 (1.000e-03)
2026-03-23 23:24:13,228 - INFO: Round 0, Speaker Warmup Epoch 0: loss=1.2942, acc(pseudo)=65.01%
2026-03-23 23:24:13,472 - INFO: Epoch: [1][  0/301]	Time  0.240 ( 0.240)	Loss 1.3904e+00 (1.3904e+00)	Acc pseudo  54.69 ( 54.69)	Lr 1.000e-03 (1.000e-03)
2026-03-23 23:24:13,634 - INFO: Epoch: [1][ 50/301]	Time  0.003 ( 0.008)	Loss 1.1540e+00 (1.0646e+00)	Acc pseudo  73.44 ( 70.56)	Lr 1.000e-03 (1.000e-03)
2026-03-23 23:24:13,776 - INFO: Epoch: [1][100/301]	Time  0.003 ( 0.005)	Loss 1.0476e+00 (1.0865e+00)	Acc pseudo  76.56 ( 70.13)	Lr 1.000e-03 (1.000e-03)
2026-03-23 23:24:13,909 - INFO: Epoch: [1][150/301]	Time  0.003 ( 0.004)	Loss 1.1444e+00 (1.0856e+00)	Acc pseudo  65.62 ( 70.25)	Lr 1.000e-03 (1.000e-03)
2026-03-23 23:24:14,055 - INFO: Epoch: [1][200/301]	Time  0.003 ( 0.004)	Loss 1.0092e+00 (1.0949e+00)	Acc pseudo  71.88 ( 70.09)	Lr 1.000e-03 (1.000e-03)
2026-03-23 23:24:14,194 - INFO: Epoch: [1][250/301]	Time  0.003 ( 0.004)	Loss 1.1729e+00 (1.0989e+00)	Acc pseudo  71.88 ( 69.97)	Lr 1.000e-03 (1.000e-03)
2026-03-23 23:24:14,348 - INFO: Epoch: [1][300/301]	Time  0.002 ( 0.004)	Loss 9.4431e-01 (1.0975e+00)	Acc pseudo  64.00 ( 70.00)	Lr 1.000e-03 (1.000e-03)
2026-03-23 23:24:14,417 - INFO: Round 0, Speaker Warmup Epoch 1: loss=1.0975, acc(pseudo)=70.00%
2026-03-23 23:24:14,436 - INFO: Fine-tuning speaker embedding model for 20 epochs...
2026-03-23 23:24:15,516 - INFO: Epoch: [0][  0/301]	Time  1.073 ( 1.073)	Loss 8.2099e-01 (8.2099e-01)	Acc pseudo  76.56 ( 76.56)	Lr 1.000e-03 (1.000e-03)
2026-03-23 23:24:15,715 - INFO: Epoch: [0][ 50/301]	Time  0.004 ( 0.025)	Loss 9.0507e-01 (1.2496e+00)	Acc pseudo  71.88 ( 64.55)	Lr 1.000e-03 (1.000e-03)
2026-03-23 23:24:15,914 - INFO: Epoch: [0][100/301]	Time  0.004 ( 0.014)	Loss 1.0662e+00 (1.2170e+00)	Acc pseudo  70.31 ( 66.23)	Lr 1.000e-03 (1.000e-03)
2026-03-23 23:24:16,126 - INFO: Epoch: [0][150/301]	Time  0.004 ( 0.011)	Loss 7.2988e-01 (1.2005e+00)	Acc pseudo  75.00 ( 66.42)	Lr 1.000e-03 (1.000e-03)
2026-03-23 23:24:16,334 - INFO: Epoch: [0][200/301]	Time  0.004 ( 0.009)	Loss 8.3482e-01 (1.1835e+00)	Acc pseudo  78.12 ( 66.92)	Lr 1.000e-03 (1.000e-03)
2026-03-23 23:24:16,520 - INFO: Epoch: [0][250/301]	Time  0.004 ( 0.008)	Loss 1.4793e+00 (1.1802e+00)	Acc pseudo  76.56 ( 67.24)	Lr 1.000e-03 (1.000e-03)
2026-03-23 23:24:16,699 - INFO: Epoch: [0][300/301]	Time  0.006 ( 0.007)	Loss 1.2059e+00 (1.1732e+00)	Acc pseudo  68.00 ( 67.54)	Lr 1.000e-03 (1.000e-03)
2026-03-23 23:24:16,764 - INFO: Round 0, Fine-tune Epoch 0: loss=1.1732, acc(pseudo)=67.54%
2026-03-23 23:24:25,439 - INFO: Round 0, Fine-tune Epoch 0: acc(valid_pseudo): 0.8685, acc: 0.7135
2026-03-23 23:24:26,448 - INFO: Epoch: [1][  0/301]	Time  0.346 ( 0.346)	Loss 1.1045e+00 (1.1045e+00)	Acc pseudo  65.62 ( 65.62)	Lr 1.000e-03 (1.000e-03)
2026-03-23 23:24:26,618 - INFO: Epoch: [1][ 50/301]	Time  0.003 ( 0.010)	Loss 1.2031e+00 (1.0314e+00)	Acc pseudo  56.25 ( 70.44)	Lr 1.000e-03 (1.000e-03)
2026-03-23 23:24:26,784 - INFO: Epoch: [1][100/301]	Time  0.003 ( 0.007)	Loss 1.0908e+00 (1.0646e+00)	Acc pseudo  68.75 ( 69.49)	Lr 1.000e-03 (1.000e-03)
2026-03-23 23:24:26,963 - INFO: Epoch: [1][150/301]	Time  0.003 ( 0.006)	Loss 1.2223e+00 (1.0596e+00)	Acc pseudo  65.62 ( 69.72)	Lr 1.000e-03 (1.000e-03)
2026-03-23 23:24:27,137 - INFO: Epoch: [1][200/301]	Time  0.003 ( 0.005)	Loss 8.4906e-01 (1.0506e+00)	Acc pseudo  71.88 ( 70.24)	Lr 1.000e-03 (1.000e-03)
2026-03-23 23:24:27,307 - INFO: Epoch: [1][250/301]	Time  0.003 ( 0.005)	Loss 1.3234e+00 (1.0417e+00)	Acc pseudo  73.44 ( 70.53)	Lr 1.000e-03 (1.000e-03)
2026-03-23 23:24:27,452 - INFO: Epoch: [1][300/301]	Time  0.002 ( 0.004)	Loss 1.1119e+00 (1.0525e+00)	Acc pseudo  60.00 ( 70.49)	Lr 1.000e-03 (1.000e-03)
2026-03-23 23:24:27,517 - INFO: Round 0, Fine-tune Epoch 1: loss=1.0525, acc(pseudo)=70.49%
2026-03-23 23:24:35,827 - INFO: Round 0, Fine-tune Epoch 1: acc(valid_pseudo): 0.8816, acc: 0.7425
2026-03-23 23:24:36,834 - INFO: Epoch: [2][  0/301]	Time  0.337 ( 0.337)	Loss 9.8702e-01 (9.8702e-01)	Acc pseudo  71.88 ( 71.88)	Lr 1.000e-03 (1.000e-03)
2026-03-23 23:24:37,022 - INFO: Epoch: [2][ 50/301]	Time  0.003 ( 0.010)	Loss 8.9549e-01 (9.7556e-01)	Acc pseudo  78.12 ( 71.11)	Lr 1.000e-03 (1.000e-03)
2026-03-23 23:24:37,181 - INFO: Epoch: [2][100/301]	Time  0.003 ( 0.007)	Loss 1.0660e+00 (9.9579e-01)	Acc pseudo  67.19 ( 70.98)	Lr 1.000e-03 (1.000e-03)
2026-03-23 23:24:37,340 - INFO: Epoch: [2][150/301]	Time  0.004 ( 0.005)	Loss 7.5521e-01 (1.0082e+00)	Acc pseudo  78.12 ( 71.21)	Lr 1.000e-03 (1.000e-03)
2026-03-23 23:24:37,523 - INFO: Epoch: [2][200/301]	Time  0.003 ( 0.005)	Loss 1.0297e+00 (1.0143e+00)	Acc pseudo  70.31 ( 71.17)	Lr 1.000e-03 (1.000e-03)
2026-03-23 23:24:37,690 - INFO: Epoch: [2][250/301]	Time  0.004 ( 0.005)	Loss 8.0487e-01 (1.0177e+00)	Acc pseudo  76.56 ( 71.29)	Lr 1.000e-03 (1.000e-03)
2026-03-23 23:24:37,867 - INFO: Epoch: [2][300/301]	Time  0.003 ( 0.004)	Loss 1.0100e+00 (1.0120e+00)	Acc pseudo  80.00 ( 71.34)	Lr 1.000e-03 (1.000e-03)
2026-03-23 23:24:37,948 - INFO: Round 0, Fine-tune Epoch 2: loss=1.0120, acc(pseudo)=71.34%
2026-03-23 23:24:48,248 - INFO: Round 0, Fine-tune Epoch 2: acc(valid_pseudo): 0.9011, acc: 0.7635
2026-03-23 23:24:49,720 - INFO: Epoch: [3][  0/301]	Time  0.452 ( 0.452)	Loss 9.5127e-01 (9.5127e-01)	Acc pseudo  70.31 ( 70.31)	Lr 1.000e-03 (1.000e-03)
2026-03-23 23:24:49,935 - INFO: Epoch: [3][ 50/301]	Time  0.004 ( 0.013)	Loss 6.1605e-01 (9.6332e-01)	Acc pseudo  82.81 ( 72.06)	Lr 1.000e-03 (1.000e-03)
2026-03-23 23:24:50,123 - INFO: Epoch: [3][100/301]	Time  0.003 ( 0.008)	Loss 1.1383e+00 (9.7220e-01)	Acc pseudo  71.88 ( 72.12)	Lr 1.000e-03 (1.000e-03)
2026-03-23 23:24:50,276 - INFO: Epoch: [3][150/301]	Time  0.002 ( 0.007)	Loss 8.7231e-01 (9.8689e-01)	Acc pseudo  81.25 ( 71.89)	Lr 1.000e-03 (1.000e-03)
2026-03-23 23:24:50,444 - INFO: Epoch: [3][200/301]	Time  0.003 ( 0.006)	Loss 9.6724e-01 (9.9274e-01)	Acc pseudo  71.88 ( 71.65)	Lr 1.000e-03 (1.000e-03)
2026-03-23 23:24:50,600 - INFO: Epoch: [3][250/301]	Time  0.004 ( 0.005)	Loss 1.1157e+00 (9.9479e-01)	Acc pseudo  76.56 ( 71.79)	Lr 1.000e-03 (1.000e-03)
2026-03-23 23:24:50,778 - INFO: Epoch: [3][300/301]	Time  0.003 ( 0.005)	Loss 5.2871e-01 (9.9360e-01)	Acc pseudo  88.00 ( 71.67)	Lr 1.000e-03 (1.000e-03)
2026-03-23 23:24:50,843 - INFO: Round 0, Fine-tune Epoch 3: loss=0.9936, acc(pseudo)=71.67%
2026-03-23 23:24:59,304 - INFO: Round 0, Fine-tune Epoch 3: acc(valid_pseudo): 0.8451, acc: 0.7130
2026-03-23 23:24:59,304 - INFO: Round 0, Speaker Fine-tune Epoch 3: No improvement in validation accuracy. Patience(epoch): 1/3
2026-03-23 23:24:59,305 - INFO: Early stopping at epoch 3 due to significant drop in pseudo-label validation accuracy: 0.9011 -> 0.8451.
2026-03-23 23:24:59,306 - INFO: Round 0: Best speaker fine-tuned epoch=2, acc(valid_pseudo)=0.9011
2026-03-23 23:24:59,318 - INFO: Using HMM model from previous round: runs/I love my family/exp_video_ablation/result/d/self_supervised/exp0/initial/pseudo_label/hmm_params.pkl
2026-03-23 23:38:15,899 - INFO: Round 0: speaker_acc=0.7725
2026-03-23 23:38:15,908 - INFO: ====================
2026-03-23 23:38:15,908 - INFO: Round 1: Fine-tuning iteration
2026-03-23 23:38:15,908 - INFO: ====================
2026-03-23 23:38:16,021 - INFO: Round 1 Part 1: Fine-tuning embedding model
2026-03-23 23:38:16,022 - INFO: Using pseudo-label file: runs/I love my family/exp_video_ablation/result/d/self_supervised/exp0/round0/pseudo_label/pseudo_labels_audio_hmmx_X_only(unreliable_pp=100.0).json
2026-03-23 23:38:16,058 - INFO: Fine-tuning speaker embedding model for 20 epochs...
2026-03-23 23:38:16,309 - INFO: Epoch: [0][  0/301]	Time  0.247 ( 0.247)	Loss 1.3816e+00 (1.3816e+00)	Acc pseudo  76.56 ( 76.56)	Lr 1.000e-03 (1.000e-03)
2026-03-23 23:38:16,487 - INFO: Epoch: [0][ 50/301]	Time  0.003 ( 0.008)	Loss 6.6819e-01 (9.7355e-01)	Acc pseudo  81.25 ( 72.70)	Lr 1.000e-03 (1.000e-03)
2026-03-23 23:38:16,650 - INFO: Epoch: [0][100/301]	Time  0.003 ( 0.006)	Loss 7.5745e-01 (9.5155e-01)	Acc pseudo  76.56 ( 73.76)	Lr 1.000e-03 (1.000e-03)
2026-03-23 23:38:16,799 - INFO: Epoch: [0][150/301]	Time  0.003 ( 0.005)	Loss 9.4289e-01 (9.5484e-01)	Acc pseudo  60.94 ( 73.52)	Lr 1.000e-03 (1.000e-03)
2026-03-23 23:38:16,945 - INFO: Epoch: [0][200/301]	Time  0.003 ( 0.004)	Loss 8.3403e-01 (9.4622e-01)	Acc pseudo  84.38 ( 73.69)	Lr 1.000e-03 (1.000e-03)
2026-03-23 23:38:17,105 - INFO: Epoch: [0][250/301]	Time  0.004 ( 0.004)	Loss 1.0611e+00 (9.3753e-01)	Acc pseudo  70.31 ( 73.84)	Lr 1.000e-03 (1.000e-03)
2026-03-23 23:38:17,253 - INFO: Epoch: [0][300/301]	Time  0.002 ( 0.004)	Loss 1.0185e+00 (9.3958e-01)	Acc pseudo  68.00 ( 73.99)	Lr 1.000e-03 (1.000e-03)
2026-03-23 23:38:17,321 - INFO: Round 1, Fine-tune Epoch 0: loss=0.9396, acc(pseudo)=73.99%
2026-03-23 23:38:25,458 - INFO: Round 1, Fine-tune Epoch 0: acc(valid_pseudo): 0.7752, acc: 0.6535
2026-03-23 23:38:26,371 - INFO: Epoch: [1][  0/301]	Time  0.254 ( 0.254)	Loss 1.6095e+00 (1.6095e+00)	Acc pseudo  67.19 ( 67.19)	Lr 1.000e-03 (1.000e-03)
2026-03-23 23:38:26,536 - INFO: Epoch: [1][ 50/301]	Time  0.004 ( 0.008)	Loss 6.8365e-01 (8.5585e-01)	Acc pseudo  79.69 ( 75.64)	Lr 1.000e-03 (1.000e-03)
2026-03-23 23:38:26,699 - INFO: Epoch: [1][100/301]	Time  0.003 ( 0.006)	Loss 9.6505e-01 (8.7522e-01)	Acc pseudo  78.12 ( 75.15)	Lr 1.000e-03 (1.000e-03)
2026-03-23 23:38:26,889 - INFO: Epoch: [1][150/301]	Time  0.004 ( 0.005)	Loss 1.0634e+00 (8.6319e-01)	Acc pseudo  68.75 ( 75.43)	Lr 1.000e-03 (1.000e-03)
2026-03-23 23:38:27,083 - INFO: Epoch: [1][200/301]	Time  0.005 ( 0.005)	Loss 9.1307e-01 (8.7525e-01)	Acc pseudo  76.56 ( 75.21)	Lr 1.000e-03 (1.000e-03)
2026-03-23 23:38:27,272 - INFO: Epoch: [1][250/301]	Time  0.004 ( 0.005)	Loss 6.8107e-01 (8.7977e-01)	Acc pseudo  82.81 ( 75.26)	Lr 1.000e-03 (1.000e-03)
2026-03-23 23:38:27,442 - INFO: Epoch: [1][300/301]	Time  0.003 ( 0.004)	Loss 1.1657e+00 (8.8480e-01)	Acc pseudo  56.00 ( 75.05)	Lr 1.000e-03 (1.000e-03)
2026-03-23 23:38:27,508 - INFO: Round 1, Fine-tune Epoch 1: loss=0.8848, acc(pseudo)=75.05%
2026-03-23 23:38:35,629 - INFO: Round 1, Fine-tune Epoch 1: acc(valid_pseudo): 0.8746, acc: 0.7675
2026-03-23 23:38:36,546 - INFO: Epoch: [2][  0/301]	Time  0.276 ( 0.276)	Loss 7.4502e-01 (7.4502e-01)	Acc pseudo  67.19 ( 67.19)	Lr 1.000e-03 (1.000e-03)
2026-03-23 23:38:36,752 - INFO: Epoch: [2][ 50/301]	Time  0.004 ( 0.009)	Loss 9.3168e-01 (8.3174e-01)	Acc pseudo  73.44 ( 76.26)	Lr 1.000e-03 (1.000e-03)
2026-03-23 23:38:36,919 - INFO: Epoch: [2][100/301]	Time  0.004 ( 0.006)	Loss 1.0618e+00 (8.2982e-01)	Acc pseudo  68.75 ( 76.50)	Lr 1.000e-03 (1.000e-03)
2026-03-23 23:38:37,080 - INFO: Epoch: [2][150/301]	Time  0.003 ( 0.005)	Loss 5.9627e-01 (8.3091e-01)	Acc pseudo  82.81 ( 76.31)	Lr 1.000e-03 (1.000e-03)
2026-03-23 23:38:37,248 - INFO: Epoch: [2][200/301]	Time  0.003 ( 0.005)	Loss 7.9745e-01 (8.3168e-01)	Acc pseudo  78.12 ( 76.49)	Lr 1.000e-03 (1.000e-03)
2026-03-23 23:38:37,412 - INFO: Epoch: [2][250/301]	Time  0.003 ( 0.004)	Loss 1.0094e+00 (8.3684e-01)	Acc pseudo  73.44 ( 76.48)	Lr 1.000e-03 (1.000e-03)
2026-03-23 23:38:37,571 - INFO: Epoch: [2][300/301]	Time  0.003 ( 0.004)	Loss 7.2139e-01 (8.3885e-01)	Acc pseudo  76.00 ( 76.47)	Lr 1.000e-03 (1.000e-03)
2026-03-23 23:38:37,636 - INFO: Round 1, Fine-tune Epoch 2: loss=0.8389, acc(pseudo)=76.47%
2026-03-23 23:38:46,412 - INFO: Round 1, Fine-tune Epoch 2: acc(valid_pseudo): 0.8895, acc: 0.7570
2026-03-23 23:38:47,365 - INFO: Epoch: [3][  0/301]	Time  0.332 ( 0.332)	Loss 9.0727e-01 (9.0727e-01)	Acc pseudo  73.44 ( 73.44)	Lr 1.000e-03 (1.000e-03)
2026-03-23 23:38:47,548 - INFO: Epoch: [3][ 50/301]	Time  0.003 ( 0.010)	Loss 8.6475e-01 (7.9810e-01)	Acc pseudo  73.44 ( 77.54)	Lr 1.000e-03 (1.000e-03)
2026-03-23 23:38:47,707 - INFO: Epoch: [3][100/301]	Time  0.003 ( 0.007)	Loss 8.6213e-01 (8.0625e-01)	Acc pseudo  73.44 ( 76.93)	Lr 1.000e-03 (1.000e-03)
2026-03-23 23:38:47,861 - INFO: Epoch: [3][150/301]	Time  0.003 ( 0.005)	Loss 1.0656e+00 (8.1291e-01)	Acc pseudo  78.12 ( 77.12)	Lr 1.000e-03 (1.000e-03)
2026-03-23 23:38:48,010 - INFO: Epoch: [3][200/301]	Time  0.004 ( 0.005)	Loss 6.7175e-01 (8.1269e-01)	Acc pseudo  82.81 ( 76.84)	Lr 1.000e-03 (1.000e-03)
2026-03-23 23:38:48,173 - INFO: Epoch: [3][250/301]	Time  0.003 ( 0.004)	Loss 9.9201e-01 (8.1933e-01)	Acc pseudo  70.31 ( 76.61)	Lr 1.000e-03 (1.000e-03)
2026-03-23 23:38:48,316 - INFO: Epoch: [3][300/301]	Time  0.002 ( 0.004)	Loss 6.5056e-01 (8.1788e-01)	Acc pseudo  84.00 ( 76.54)	Lr 1.000e-03 (1.000e-03)
2026-03-23 23:38:48,379 - INFO: Round 1, Fine-tune Epoch 3: loss=0.8179, acc(pseudo)=76.54%
2026-03-23 23:38:56,771 - INFO: Round 1, Fine-tune Epoch 3: acc(valid_pseudo): 0.8994, acc: 0.7420
2026-03-23 23:38:57,536 - INFO: Epoch: [4][  0/301]	Time  0.241 ( 0.241)	Loss 7.5065e-01 (7.5065e-01)	Acc pseudo  75.00 ( 75.00)	Lr 1.000e-03 (1.000e-03)
2026-03-23 23:38:57,712 - INFO: Epoch: [4][ 50/301]	Time  0.003 ( 0.008)	Loss 9.1210e-01 (7.9088e-01)	Acc pseudo  75.00 ( 77.36)	Lr 1.000e-03 (1.000e-03)
2026-03-23 23:38:57,868 - INFO: Epoch: [4][100/301]	Time  0.003 ( 0.006)	Loss 5.9015e-01 (7.8825e-01)	Acc pseudo  82.81 ( 76.98)	Lr 1.000e-03 (1.000e-03)
2026-03-23 23:38:58,022 - INFO: Epoch: [4][150/301]	Time  0.003 ( 0.005)	Loss 6.0103e-01 (7.9192e-01)	Acc pseudo  79.69 ( 77.04)	Lr 1.000e-03 (1.000e-03)
2026-03-23 23:38:58,168 - INFO: Epoch: [4][200/301]	Time  0.003 ( 0.004)	Loss 7.6833e-01 (7.9515e-01)	Acc pseudo  76.56 ( 77.41)	Lr 1.000e-03 (1.000e-03)
2026-03-23 23:38:58,320 - INFO: Epoch: [4][250/301]	Time  0.003 ( 0.004)	Loss 5.7358e-01 (7.9979e-01)	Acc pseudo  79.69 ( 77.22)	Lr 1.000e-03 (1.000e-03)
2026-03-23 23:38:58,471 - INFO: Epoch: [4][300/301]	Time  0.002 ( 0.004)	Loss 6.0050e-01 (8.0120e-01)	Acc pseudo  80.00 ( 77.15)	Lr 1.000e-03 (1.000e-03)
2026-03-23 23:38:58,537 - INFO: Round 1, Fine-tune Epoch 4: loss=0.8012, acc(pseudo)=77.15%
2026-03-23 23:39:06,998 - INFO: Round 1, Fine-tune Epoch 4: acc(valid_pseudo): 0.8726, acc: 0.7255
2026-03-23 23:39:06,998 - INFO: Round 1, Speaker Fine-tune Epoch 4: No improvement in validation accuracy. Patience(epoch): 1/3
2026-03-23 23:39:07,271 - INFO: Epoch: [5][  0/301]	Time  0.266 ( 0.266)	Loss 6.4653e-01 (6.4653e-01)	Acc pseudo  79.69 ( 79.69)	Lr 1.000e-03 (1.000e-03)
2026-03-23 23:39:07,453 - INFO: Epoch: [5][ 50/301]	Time  0.003 ( 0.009)	Loss 5.5709e-01 (7.3759e-01)	Acc pseudo  82.81 ( 78.80)	Lr 1.000e-03 (1.000e-03)
2026-03-23 23:39:07,617 - INFO: Epoch: [5][100/301]	Time  0.003 ( 0.006)	Loss 1.1273e+00 (7.5153e-01)	Acc pseudo  59.38 ( 77.80)	Lr 1.000e-03 (1.000e-03)
2026-03-23 23:39:07,786 - INFO: Epoch: [5][150/301]	Time  0.003 ( 0.005)	Loss 8.4387e-01 (7.7129e-01)	Acc pseudo  78.12 ( 77.68)	Lr 1.000e-03 (1.000e-03)
2026-03-23 23:39:07,961 - INFO: Epoch: [5][200/301]	Time  0.004 ( 0.005)	Loss 6.6808e-01 (7.6460e-01)	Acc pseudo  75.00 ( 77.83)	Lr 1.000e-03 (1.000e-03)
2026-03-23 23:39:08,112 - INFO: Epoch: [5][250/301]	Time  0.003 ( 0.004)	Loss 7.0082e-01 (7.6956e-01)	Acc pseudo  76.56 ( 77.82)	Lr 1.000e-03 (1.000e-03)
2026-03-23 23:39:08,252 - INFO: Epoch: [5][300/301]	Time  0.002 ( 0.004)	Loss 9.5127e-01 (7.7766e-01)	Acc pseudo  72.00 ( 77.40)	Lr 1.000e-03 (1.000e-03)
2026-03-23 23:39:08,319 - INFO: Round 1, Fine-tune Epoch 5: loss=0.7777, acc(pseudo)=77.40%
2026-03-23 23:39:16,176 - INFO: Round 1, Fine-tune Epoch 5: acc(valid_pseudo): 0.9008, acc: 0.7810
2026-03-23 23:39:16,956 - INFO: Epoch: [6][  0/301]	Time  0.265 ( 0.265)	Loss 1.0847e+00 (1.0847e+00)	Acc pseudo  67.19 ( 67.19)	Lr 1.000e-03 (1.000e-03)
2026-03-23 23:39:17,126 - INFO: Epoch: [6][ 50/301]	Time  0.003 ( 0.008)	Loss 5.0274e-01 (7.4806e-01)	Acc pseudo  81.25 ( 78.09)	Lr 1.000e-03 (1.000e-03)
2026-03-23 23:39:17,286 - INFO: Epoch: [6][100/301]	Time  0.003 ( 0.006)	Loss 7.8134e-01 (7.5911e-01)	Acc pseudo  76.56 ( 77.89)	Lr 1.000e-03 (1.000e-03)
2026-03-23 23:39:17,441 - INFO: Epoch: [6][150/301]	Time  0.003 ( 0.005)	Loss 8.6937e-01 (7.6329e-01)	Acc pseudo  79.69 ( 77.86)	Lr 1.000e-03 (1.000e-03)
2026-03-23 23:39:17,600 - INFO: Epoch: [6][200/301]	Time  0.003 ( 0.004)	Loss 5.6122e-01 (7.6778e-01)	Acc pseudo  82.81 ( 77.66)	Lr 1.000e-03 (1.000e-03)
2026-03-23 23:39:17,759 - INFO: Epoch: [6][250/301]	Time  0.003 ( 0.004)	Loss 8.0972e-01 (7.7092e-01)	Acc pseudo  84.38 ( 77.58)	Lr 1.000e-03 (1.000e-03)
2026-03-23 23:39:17,903 - INFO: Epoch: [6][300/301]	Time  0.002 ( 0.004)	Loss 6.3592e-01 (7.6932e-01)	Acc pseudo  80.00 ( 77.60)	Lr 1.000e-03 (1.000e-03)
2026-03-23 23:39:17,967 - INFO: Round 1, Fine-tune Epoch 6: loss=0.7693, acc(pseudo)=77.60%
2026-03-23 23:39:26,245 - INFO: Round 1, Fine-tune Epoch 6: acc(valid_pseudo): 0.9017, acc: 0.7855
2026-03-23 23:39:27,253 - INFO: Epoch: [7][  0/301]	Time  0.274 ( 0.274)	Loss 4.4038e-01 (4.4038e-01)	Acc pseudo  87.50 ( 87.50)	Lr 1.000e-03 (1.000e-03)
2026-03-23 23:39:27,443 - INFO: Epoch: [7][ 50/301]	Time  0.003 ( 0.009)	Loss 6.4366e-01 (7.1448e-01)	Acc pseudo  82.81 ( 78.71)	Lr 1.000e-03 (1.000e-03)
2026-03-23 23:39:27,601 - INFO: Epoch: [7][100/301]	Time  0.003 ( 0.006)	Loss 6.9081e-01 (7.4779e-01)	Acc pseudo  79.69 ( 77.55)	Lr 1.000e-03 (1.000e-03)
2026-03-23 23:39:27,753 - INFO: Epoch: [7][150/301]	Time  0.003 ( 0.005)	Loss 7.8458e-01 (7.5062e-01)	Acc pseudo  81.25 ( 77.63)	Lr 1.000e-03 (1.000e-03)
2026-03-23 23:39:27,909 - INFO: Epoch: [7][200/301]	Time  0.003 ( 0.005)	Loss 8.3256e-01 (7.5715e-01)	Acc pseudo  81.25 ( 77.63)	Lr 1.000e-03 (1.000e-03)
2026-03-23 23:39:28,060 - INFO: Epoch: [7][250/301]	Time  0.003 ( 0.004)	Loss 8.0903e-01 (7.6975e-01)	Acc pseudo  75.00 ( 77.34)	Lr 1.000e-03 (1.000e-03)
2026-03-23 23:39:28,203 - INFO: Epoch: [7][300/301]	Time  0.002 ( 0.004)	Loss 7.7449e-01 (7.7062e-01)	Acc pseudo  72.00 ( 77.39)	Lr 1.000e-03 (1.000e-03)
2026-03-23 23:39:28,270 - INFO: Round 1, Fine-tune Epoch 7: loss=0.7706, acc(pseudo)=77.39%
2026-03-23 23:39:36,581 - INFO: Round 1, Fine-tune Epoch 7: acc(valid_pseudo): 0.8941, acc: 0.7550
2026-03-23 23:39:36,582 - INFO: Round 1, Speaker Fine-tune Epoch 7: No improvement in validation accuracy. Patience(epoch): 1/3
2026-03-23 23:39:36,881 - INFO: Epoch: [8][  0/301]	Time  0.293 ( 0.293)	Loss 7.0964e-01 (7.0964e-01)	Acc pseudo  75.00 ( 75.00)	Lr 1.000e-03 (1.000e-03)
2026-03-23 23:39:37,097 - INFO: Epoch: [8][ 50/301]	Time  0.004 ( 0.010)	Loss 7.8846e-01 (7.0303e-01)	Acc pseudo  73.44 ( 80.21)	Lr 1.000e-03 (1.000e-03)
2026-03-23 23:39:37,283 - INFO: Epoch: [8][100/301]	Time  0.003 ( 0.007)	Loss 6.8887e-01 (6.9618e-01)	Acc pseudo  75.00 ( 79.22)	Lr 1.000e-03 (1.000e-03)
2026-03-23 23:39:37,456 - INFO: Epoch: [8][150/301]	Time  0.004 ( 0.006)	Loss 9.5682e-01 (7.0922e-01)	Acc pseudo  79.69 ( 78.56)	Lr 1.000e-03 (1.000e-03)
2026-03-23 23:39:37,635 - INFO: Epoch: [8][200/301]	Time  0.003 ( 0.005)	Loss 1.0786e+00 (7.2603e-01)	Acc pseudo  73.44 ( 78.26)	Lr 1.000e-03 (1.000e-03)
2026-03-23 23:39:37,807 - INFO: Epoch: [8][250/301]	Time  0.003 ( 0.005)	Loss 7.7807e-01 (7.3697e-01)	Acc pseudo  81.25 ( 78.08)	Lr 1.000e-03 (1.000e-03)
2026-03-23 23:39:37,973 - INFO: Epoch: [8][300/301]	Time  0.003 ( 0.004)	Loss 5.9085e-01 (7.5097e-01)	Acc pseudo  88.00 ( 77.89)	Lr 1.000e-03 (1.000e-03)
2026-03-23 23:39:38,043 - INFO: Round 1, Fine-tune Epoch 8: loss=0.7510, acc(pseudo)=77.89%
2026-03-23 23:39:46,562 - INFO: Round 1, Fine-tune Epoch 8: acc(valid_pseudo): 0.8501, acc: 0.7300
2026-03-23 23:39:46,563 - INFO: Round 1, Speaker Fine-tune Epoch 8: No improvement in validation accuracy. Patience(epoch): 2/3
2026-03-23 23:39:46,811 - INFO: Epoch: [9][  0/301]	Time  0.242 ( 0.242)	Loss 7.4687e-01 (7.4687e-01)	Acc pseudo  75.00 ( 75.00)	Lr 1.000e-03 (1.000e-03)
2026-03-23 23:39:46,985 - INFO: Epoch: [9][ 50/301]	Time  0.003 ( 0.008)	Loss 7.4253e-01 (6.8418e-01)	Acc pseudo  81.25 ( 80.27)	Lr 1.000e-03 (1.000e-03)
2026-03-23 23:39:47,133 - INFO: Epoch: [9][100/301]	Time  0.003 ( 0.006)	Loss 4.9189e-01 (7.1258e-01)	Acc pseudo  79.69 ( 79.36)	Lr 1.000e-03 (1.000e-03)
2026-03-23 23:39:47,281 - INFO: Epoch: [9][150/301]	Time  0.003 ( 0.005)	Loss 6.6050e-01 (7.2373e-01)	Acc pseudo  76.56 ( 78.71)	Lr 1.000e-03 (1.000e-03)
2026-03-23 23:39:47,429 - INFO: Epoch: [9][200/301]	Time  0.003 ( 0.004)	Loss 7.9202e-01 (7.4138e-01)	Acc pseudo  79.69 ( 78.19)	Lr 1.000e-03 (1.000e-03)
2026-03-23 23:39:47,583 - INFO: Epoch: [9][250/301]	Time  0.003 ( 0.004)	Loss 8.5862e-01 (7.4264e-01)	Acc pseudo  78.12 ( 78.06)	Lr 1.000e-03 (1.000e-03)
2026-03-23 23:39:47,724 - INFO: Epoch: [9][300/301]	Time  0.002 ( 0.004)	Loss 6.1091e-01 (7.4417e-01)	Acc pseudo  84.00 ( 78.09)	Lr 1.000e-03 (1.000e-03)
2026-03-23 23:39:47,788 - INFO: Round 1, Fine-tune Epoch 9: loss=0.7442, acc(pseudo)=78.09%
2026-03-23 23:39:56,166 - INFO: Round 1, Fine-tune Epoch 9: acc(valid_pseudo): 0.7250, acc: 0.6860
2026-03-23 23:39:56,166 - INFO: Round 1, Speaker Fine-tune Epoch 9: No improvement in validation accuracy. Patience(epoch): 3/3
2026-03-23 23:39:56,166 - INFO: Early stopping at epoch 9 due to no improvement in validation accuracy for 3 epochs.
2026-03-23 23:39:56,168 - INFO: Round 1: Best speaker fine-tuned epoch=6, acc(valid_pseudo)=0.9017
2026-03-23 23:39:56,180 - INFO: Using HMM model from previous round: runs/I love my family/exp_video_ablation/result/d/self_supervised/exp0/round0/pseudo_label/hmm_params.pkl
2026-03-23 23:44:59,593 - INFO: Round 1: speaker_acc=0.7935
2026-03-23 23:44:59,596 - INFO: ====================
2026-03-23 23:44:59,597 - INFO: Round 2: Fine-tuning iteration
2026-03-23 23:44:59,597 - INFO: ====================
2026-03-23 23:44:59,698 - INFO: Round 2 Part 1: Fine-tuning embedding model
2026-03-23 23:44:59,699 - INFO: Using pseudo-label file: runs/I love my family/exp_video_ablation/result/d/self_supervised/exp0/round1/pseudo_label/pseudo_labels_audio_hmmx_X_only(unreliable_pp=100.0).json
2026-03-23 23:44:59,752 - INFO: Fine-tuning speaker embedding model for 20 epochs...
2026-03-23 23:45:00,145 - INFO: Epoch: [0][  0/301]	Time  0.386 ( 0.386)	Loss 7.6156e-01 (7.6156e-01)	Acc pseudo  82.81 ( 82.81)	Lr 1.000e-03 (1.000e-03)
2026-03-23 23:45:00,331 - INFO: Epoch: [0][ 50/301]	Time  0.003 ( 0.011)	Loss 7.1266e-01 (7.4499e-01)	Acc pseudo  79.69 ( 79.90)	Lr 1.000e-03 (1.000e-03)
2026-03-23 23:45:00,488 - INFO: Epoch: [0][100/301]	Time  0.003 ( 0.007)	Loss 6.9934e-01 (7.4366e-01)	Acc pseudo  78.12 ( 79.69)	Lr 1.000e-03 (1.000e-03)
2026-03-23 23:45:00,660 - INFO: Epoch: [0][150/301]	Time  0.004 ( 0.006)	Loss 8.1957e-01 (7.5070e-01)	Acc pseudo  70.31 ( 79.62)	Lr 1.000e-03 (1.000e-03)
2026-03-23 23:45:00,830 - INFO: Epoch: [0][200/301]	Time  0.003 ( 0.005)	Loss 4.7618e-01 (7.4785e-01)	Acc pseudo  85.94 ( 79.59)	Lr 1.000e-03 (1.000e-03)
2026-03-23 23:45:00,984 - INFO: Epoch: [0][250/301]	Time  0.003 ( 0.005)	Loss 7.1688e-01 (7.4609e-01)	Acc pseudo  71.88 ( 79.54)	Lr 1.000e-03 (1.000e-03)
2026-03-23 23:45:01,136 - INFO: Epoch: [0][300/301]	Time  0.002 ( 0.004)	Loss 1.0751e+00 (7.5063e-01)	Acc pseudo  64.00 ( 79.43)	Lr 1.000e-03 (1.000e-03)
2026-03-23 23:45:01,219 - INFO: Round 2, Fine-tune Epoch 0: loss=0.7506, acc(pseudo)=79.43%
2026-03-23 23:45:09,951 - INFO: Round 2, Fine-tune Epoch 0: acc(valid_pseudo): 0.9096, acc: 0.7845
2026-03-23 23:45:10,932 - INFO: Epoch: [1][  0/301]	Time  0.348 ( 0.348)	Loss 1.0916e+00 (1.0916e+00)	Acc pseudo  70.31 ( 70.31)	Lr 1.000e-03 (1.000e-03)
2026-03-23 23:45:11,129 - INFO: Epoch: [1][ 50/301]	Time  0.003 ( 0.011)	Loss 4.6950e-01 (6.8384e-01)	Acc pseudo  90.62 ( 80.30)	Lr 1.000e-03 (1.000e-03)
2026-03-23 23:45:11,290 - INFO: Epoch: [1][100/301]	Time  0.004 ( 0.007)	Loss 6.6784e-01 (7.1113e-01)	Acc pseudo  81.25 ( 79.84)	Lr 1.000e-03 (1.000e-03)
2026-03-23 23:45:11,449 - INFO: Epoch: [1][150/301]	Time  0.003 ( 0.006)	Loss 8.2105e-01 (7.0365e-01)	Acc pseudo  78.12 ( 80.14)	Lr 1.000e-03 (1.000e-03)
2026-03-23 23:45:11,613 - INFO: Epoch: [1][200/301]	Time  0.003 ( 0.005)	Loss 6.4283e-01 (7.0925e-01)	Acc pseudo  79.69 ( 80.05)	Lr 1.000e-03 (1.000e-03)
2026-03-23 23:45:11,791 - INFO: Epoch: [1][250/301]	Time  0.003 ( 0.005)	Loss 8.7767e-01 (7.1639e-01)	Acc pseudo  76.56 ( 79.76)	Lr 1.000e-03 (1.000e-03)
2026-03-23 23:45:11,954 - INFO: Epoch: [1][300/301]	Time  0.003 ( 0.004)	Loss 9.4998e-01 (7.2122e-01)	Acc pseudo  64.00 ( 79.60)	Lr 1.000e-03 (1.000e-03)
2026-03-23 23:45:12,024 - INFO: Round 2, Fine-tune Epoch 1: loss=0.7212, acc(pseudo)=79.60%
2026-03-23 23:45:21,407 - INFO: Round 2, Fine-tune Epoch 1: acc(valid_pseudo): 0.8793, acc: 0.7675
2026-03-23 23:45:21,408 - INFO: Round 2, Speaker Fine-tune Epoch 1: No improvement in validation accuracy. Patience(epoch): 1/3
2026-03-23 23:45:21,670 - INFO: Epoch: [2][  0/301]	Time  0.257 ( 0.257)	Loss 6.5120e-01 (6.5120e-01)	Acc pseudo  75.00 ( 75.00)	Lr 1.000e-03 (1.000e-03)
2026-03-23 23:45:21,853 - INFO: Epoch: [2][ 50/301]	Time  0.003 ( 0.009)	Loss 6.7097e-01 (6.5949e-01)	Acc pseudo  76.56 ( 81.10)	Lr 1.000e-03 (1.000e-03)
2026-03-23 23:45:22,033 - INFO: Epoch: [2][100/301]	Time  0.003 ( 0.006)	Loss 9.3885e-01 (6.6630e-01)	Acc pseudo  70.31 ( 80.82)	Lr 1.000e-03 (1.000e-03)
2026-03-23 23:45:22,193 - INFO: Epoch: [2][150/301]	Time  0.003 ( 0.005)	Loss 4.5955e-01 (6.7982e-01)	Acc pseudo  84.38 ( 80.47)	Lr 1.000e-03 (1.000e-03)
2026-03-23 23:45:22,362 - INFO: Epoch: [2][200/301]	Time  0.003 ( 0.005)	Loss 6.4575e-01 (6.8835e-01)	Acc pseudo  81.25 ( 80.35)	Lr 1.000e-03 (1.000e-03)
2026-03-23 23:45:22,525 - INFO: Epoch: [2][250/301]	Time  0.003 ( 0.004)	Loss 7.0960e-01 (6.9129e-01)	Acc pseudo  76.56 ( 80.25)	Lr 1.000e-03 (1.000e-03)
2026-03-23 23:45:22,671 - INFO: Epoch: [2][300/301]	Time  0.002 ( 0.004)	Loss 5.1966e-01 (6.9730e-01)	Acc pseudo  80.00 ( 80.21)	Lr 1.000e-03 (1.000e-03)
2026-03-23 23:45:22,736 - INFO: Round 2, Fine-tune Epoch 2: loss=0.6973, acc(pseudo)=80.21%
2026-03-23 23:45:31,324 - INFO: Round 2, Fine-tune Epoch 2: acc(valid_pseudo): 0.9151, acc: 0.8145
2026-03-23 23:45:32,327 - INFO: Epoch: [3][  0/301]	Time  0.324 ( 0.324)	Loss 8.3422e-01 (8.3422e-01)	Acc pseudo  75.00 ( 75.00)	Lr 1.000e-03 (1.000e-03)
2026-03-23 23:45:32,514 - INFO: Epoch: [3][ 50/301]	Time  0.004 ( 0.010)	Loss 6.9728e-01 (6.4773e-01)	Acc pseudo  76.56 ( 81.13)	Lr 1.000e-03 (1.000e-03)
2026-03-23 23:45:32,690 - INFO: Epoch: [3][100/301]	Time  0.003 ( 0.007)	Loss 5.4983e-01 (6.5899e-01)	Acc pseudo  85.94 ( 80.94)	Lr 1.000e-03 (1.000e-03)
2026-03-23 23:45:32,854 - INFO: Epoch: [3][150/301]	Time  0.003 ( 0.006)	Loss 7.8832e-01 (6.6540e-01)	Acc pseudo  78.12 ( 80.87)	Lr 1.000e-03 (1.000e-03)
2026-03-23 23:45:33,008 - INFO: Epoch: [3][200/301]	Time  0.003 ( 0.005)	Loss 5.0461e-01 (6.6637e-01)	Acc pseudo  87.50 ( 80.80)	Lr 1.000e-03 (1.000e-03)
2026-03-23 23:45:33,179 - INFO: Epoch: [3][250/301]	Time  0.004 ( 0.005)	Loss 6.5467e-01 (6.7134e-01)	Acc pseudo  82.81 ( 80.62)	Lr 1.000e-03 (1.000e-03)
2026-03-23 23:45:33,354 - INFO: Epoch: [3][300/301]	Time  0.002 ( 0.004)	Loss 6.9044e-01 (6.7242e-01)	Acc pseudo  80.00 ( 80.47)	Lr 1.000e-03 (1.000e-03)
2026-03-23 23:45:33,422 - INFO: Round 2, Fine-tune Epoch 3: loss=0.6724, acc(pseudo)=80.47%
2026-03-23 23:45:43,777 - INFO: Round 2, Fine-tune Epoch 3: acc(valid_pseudo): 0.9023, acc: 0.7695
2026-03-23 23:45:43,778 - INFO: Round 2, Speaker Fine-tune Epoch 3: No improvement in validation accuracy. Patience(epoch): 1/3
2026-03-23 23:45:44,027 - INFO: Epoch: [4][  0/301]	Time  0.244 ( 0.244)	Loss 5.8776e-01 (5.8776e-01)	Acc pseudo  75.00 ( 75.00)	Lr 1.000e-03 (1.000e-03)
2026-03-23 23:45:44,203 - INFO: Epoch: [4][ 50/301]	Time  0.003 ( 0.008)	Loss 7.9832e-01 (6.5105e-01)	Acc pseudo  78.12 ( 81.71)	Lr 1.000e-03 (1.000e-03)
2026-03-23 23:45:44,364 - INFO: Epoch: [4][100/301]	Time  0.003 ( 0.006)	Loss 9.2374e-01 (6.6316e-01)	Acc pseudo  84.38 ( 81.16)	Lr 1.000e-03 (1.000e-03)
2026-03-23 23:45:44,525 - INFO: Epoch: [4][150/301]	Time  0.003 ( 0.005)	Loss 4.9627e-01 (6.5546e-01)	Acc pseudo  79.69 ( 81.27)	Lr 1.000e-03 (1.000e-03)
2026-03-23 23:45:44,680 - INFO: Epoch: [4][200/301]	Time  0.003 ( 0.004)	Loss 4.1141e-01 (6.5542e-01)	Acc pseudo  84.38 ( 81.35)	Lr 1.000e-03 (1.000e-03)
2026-03-23 23:45:44,832 - INFO: Epoch: [4][250/301]	Time  0.003 ( 0.004)	Loss 8.1320e-01 (6.6289e-01)	Acc pseudo  75.00 ( 81.16)	Lr 1.000e-03 (1.000e-03)
2026-03-23 23:45:44,980 - INFO: Epoch: [4][300/301]	Time  0.002 ( 0.004)	Loss 5.9783e-01 (6.7034e-01)	Acc pseudo  84.00 ( 80.92)	Lr 1.000e-03 (1.000e-03)
2026-03-23 23:45:45,050 - INFO: Round 2, Fine-tune Epoch 4: loss=0.6703, acc(pseudo)=80.92%
2026-03-23 23:45:53,242 - INFO: Round 2, Fine-tune Epoch 4: acc(valid_pseudo): 0.8813, acc: 0.7585
2026-03-23 23:45:53,242 - INFO: Round 2, Speaker Fine-tune Epoch 4: No improvement in validation accuracy. Patience(epoch): 2/3
2026-03-23 23:45:53,545 - INFO: Epoch: [5][  0/301]	Time  0.298 ( 0.298)	Loss 4.9789e-01 (4.9789e-01)	Acc pseudo  87.50 ( 87.50)	Lr 1.000e-03 (1.000e-03)
2026-03-23 23:45:53,740 - INFO: Epoch: [5][ 50/301]	Time  0.004 ( 0.010)	Loss 4.3212e-01 (6.2538e-01)	Acc pseudo  84.38 ( 82.11)	Lr 1.000e-03 (1.000e-03)
2026-03-23 23:45:53,916 - INFO: Epoch: [5][100/301]	Time  0.004 ( 0.007)	Loss 1.1830e+00 (6.2610e-01)	Acc pseudo  65.62 ( 81.42)	Lr 1.000e-03 (1.000e-03)
2026-03-23 23:45:54,102 - INFO: Epoch: [5][150/301]	Time  0.004 ( 0.006)	Loss 7.8853e-01 (6.3282e-01)	Acc pseudo  78.12 ( 81.44)	Lr 1.000e-03 (1.000e-03)
2026-03-23 23:45:54,263 - INFO: Epoch: [5][200/301]	Time  0.003 ( 0.005)	Loss 5.8572e-01 (6.3675e-01)	Acc pseudo  79.69 ( 81.45)	Lr 1.000e-03 (1.000e-03)
2026-03-23 23:45:54,453 - INFO: Epoch: [5][250/301]	Time  0.003 ( 0.005)	Loss 6.6226e-01 (6.4007e-01)	Acc pseudo  76.56 ( 81.42)	Lr 1.000e-03 (1.000e-03)
2026-03-23 23:45:54,603 - INFO: Epoch: [5][300/301]	Time  0.002 ( 0.004)	Loss 9.2714e-01 (6.5300e-01)	Acc pseudo  80.00 ( 81.07)	Lr 1.000e-03 (1.000e-03)
2026-03-23 23:45:54,670 - INFO: Round 2, Fine-tune Epoch 5: loss=0.6530, acc(pseudo)=81.07%
2026-03-23 23:46:02,922 - INFO: Round 2, Fine-tune Epoch 5: acc(valid_pseudo): 0.8332, acc: 0.7430
2026-03-23 23:46:02,922 - INFO: Round 2, Speaker Fine-tune Epoch 5: No improvement in validation accuracy. Patience(epoch): 3/3
2026-03-23 23:46:02,922 - INFO: Early stopping at epoch 5 due to no improvement in validation accuracy for 3 epochs.
2026-03-23 23:46:02,924 - INFO: Round 2: Best speaker fine-tuned epoch=2, acc(valid_pseudo)=0.9151
2026-03-23 23:46:02,945 - INFO: Using HMM model from previous round: runs/I love my family/exp_video_ablation/result/d/self_supervised/exp0/round1/pseudo_label/hmm_params.pkl
2026-03-23 23:50:22,053 - INFO: Round 2: speaker_acc=0.8030
2026-03-23 23:50:22,057 - INFO: ====================
2026-03-23 23:50:22,057 - INFO: Round 3: Fine-tuning iteration
2026-03-23 23:50:22,057 - INFO: ====================
2026-03-23 23:50:22,136 - INFO: Round 3 Part 1: Fine-tuning embedding model
2026-03-23 23:50:22,138 - INFO: Using pseudo-label file: runs/I love my family/exp_video_ablation/result/d/self_supervised/exp0/round2/pseudo_label/pseudo_labels_audio_hmmx_X_only(unreliable_pp=100.0).json
2026-03-23 23:50:22,174 - INFO: Fine-tuning speaker embedding model for 20 epochs...
2026-03-23 23:50:22,459 - INFO: Epoch: [0][  0/301]	Time  0.280 ( 0.280)	Loss 6.1187e-01 (6.1187e-01)	Acc pseudo  82.81 ( 82.81)	Lr 1.000e-03 (1.000e-03)
2026-03-23 23:50:22,640 - INFO: Epoch: [0][ 50/301]	Time  0.003 ( 0.009)	Loss 6.5266e-01 (6.7034e-01)	Acc pseudo  81.25 ( 81.59)	Lr 1.000e-03 (1.000e-03)
2026-03-23 23:50:22,813 - INFO: Epoch: [0][100/301]	Time  0.004 ( 0.006)	Loss 6.4803e-01 (6.6393e-01)	Acc pseudo  81.25 ( 82.05)	Lr 1.000e-03 (1.000e-03)
2026-03-23 23:50:22,973 - INFO: Epoch: [0][150/301]	Time  0.004 ( 0.005)	Loss 7.6369e-01 (6.7185e-01)	Acc pseudo  78.12 ( 81.52)	Lr 1.000e-03 (1.000e-03)
2026-03-23 23:50:23,153 - INFO: Epoch: [0][200/301]	Time  0.004 ( 0.005)	Loss 4.1656e-01 (6.7470e-01)	Acc pseudo  89.06 ( 81.51)	Lr 1.000e-03 (1.000e-03)
2026-03-23 23:50:23,327 - INFO: Epoch: [0][250/301]	Time  0.003 ( 0.004)	Loss 7.8339e-01 (6.7419e-01)	Acc pseudo  71.88 ( 81.35)	Lr 1.000e-03 (1.000e-03)
2026-03-23 23:50:23,476 - INFO: Epoch: [0][300/301]	Time  0.002 ( 0.004)	Loss 8.2346e-01 (6.7876e-01)	Acc pseudo  68.00 ( 81.17)	Lr 1.000e-03 (1.000e-03)
2026-03-23 23:50:23,542 - INFO: Round 3, Fine-tune Epoch 0: loss=0.6788, acc(pseudo)=81.17%
2026-03-23 23:50:31,558 - INFO: Round 3, Fine-tune Epoch 0: acc(valid_pseudo): 0.9111, acc: 0.7910
2026-03-23 23:50:32,420 - INFO: Epoch: [1][  0/301]	Time  0.340 ( 0.340)	Loss 8.8700e-01 (8.8700e-01)	Acc pseudo  76.56 ( 76.56)	Lr 1.000e-03 (1.000e-03)
2026-03-23 23:50:32,610 - INFO: Epoch: [1][ 50/301]	Time  0.003 ( 0.010)	Loss 3.4892e-01 (6.2622e-01)	Acc pseudo  90.62 ( 81.34)	Lr 1.000e-03 (1.000e-03)
2026-03-23 23:50:32,768 - INFO: Epoch: [1][100/301]	Time  0.003 ( 0.007)	Loss 5.5530e-01 (6.3171e-01)	Acc pseudo  82.81 ( 81.47)	Lr 1.000e-03 (1.000e-03)
2026-03-23 23:50:32,922 - INFO: Epoch: [1][150/301]	Time  0.003 ( 0.005)	Loss 8.1498e-01 (6.2680e-01)	Acc pseudo  73.44 ( 81.81)	Lr 1.000e-03 (1.000e-03)
2026-03-23 23:50:33,077 - INFO: Epoch: [1][200/301]	Time  0.003 ( 0.005)	Loss 7.4162e-01 (6.3362e-01)	Acc pseudo  79.69 ( 81.69)	Lr 1.000e-03 (1.000e-03)
2026-03-23 23:50:33,235 - INFO: Epoch: [1][250/301]	Time  0.003 ( 0.005)	Loss 8.0838e-01 (6.3941e-01)	Acc pseudo  79.69 ( 81.38)	Lr 1.000e-03 (1.000e-03)
2026-03-23 23:50:33,390 - INFO: Epoch: [1][300/301]	Time  0.002 ( 0.004)	Loss 5.4074e-01 (6.4028e-01)	Acc pseudo  76.00 ( 81.32)	Lr 1.000e-03 (1.000e-03)
2026-03-23 23:50:33,457 - INFO: Round 3, Fine-tune Epoch 1: loss=0.6403, acc(pseudo)=81.32%
2026-03-23 23:50:43,493 - INFO: Round 3, Fine-tune Epoch 1: acc(valid_pseudo): 0.8868, acc: 0.7780
2026-03-23 23:50:43,493 - INFO: Round 3, Speaker Fine-tune Epoch 1: No improvement in validation accuracy. Patience(epoch): 1/3
2026-03-23 23:50:43,762 - INFO: Epoch: [2][  0/301]	Time  0.263 ( 0.263)	Loss 7.6122e-01 (7.6122e-01)	Acc pseudo  68.75 ( 68.75)	Lr 1.000e-03 (1.000e-03)
2026-03-23 23:50:43,952 - INFO: Epoch: [2][ 50/301]	Time  0.004 ( 0.009)	Loss 7.0851e-01 (5.8170e-01)	Acc pseudo  75.00 ( 82.02)	Lr 1.000e-03 (1.000e-03)
2026-03-23 23:50:44,119 - INFO: Epoch: [2][100/301]	Time  0.003 ( 0.006)	Loss 9.2842e-01 (5.8584e-01)	Acc pseudo  73.44 ( 82.32)	Lr 1.000e-03 (1.000e-03)
2026-03-23 23:50:44,292 - INFO: Epoch: [2][150/301]	Time  0.003 ( 0.005)	Loss 4.1643e-01 (5.9985e-01)	Acc pseudo  84.38 ( 82.17)	Lr 1.000e-03 (1.000e-03)
2026-03-23 23:50:44,463 - INFO: Epoch: [2][200/301]	Time  0.004 ( 0.005)	Loss 6.4280e-01 (6.0863e-01)	Acc pseudo  82.81 ( 82.20)	Lr 1.000e-03 (1.000e-03)
2026-03-23 23:50:44,651 - INFO: Epoch: [2][250/301]	Time  0.004 ( 0.004)	Loss 5.1099e-01 (6.0995e-01)	Acc pseudo  84.38 ( 82.12)	Lr 1.000e-03 (1.000e-03)
2026-03-23 23:50:44,826 - INFO: Epoch: [2][300/301]	Time  0.002 ( 0.004)	Loss 5.0738e-01 (6.2158e-01)	Acc pseudo  84.00 ( 82.01)	Lr 1.000e-03 (1.000e-03)
2026-03-23 23:50:44,895 - INFO: Round 3, Fine-tune Epoch 2: loss=0.6216, acc(pseudo)=82.01%
2026-03-23 23:50:52,800 - INFO: Round 3, Fine-tune Epoch 2: acc(valid_pseudo): 0.9090, acc: 0.7965
2026-03-23 23:50:52,801 - INFO: Round 3, Speaker Fine-tune Epoch 2: No improvement in validation accuracy. Patience(epoch): 2/3
2026-03-23 23:50:53,050 - INFO: Epoch: [3][  0/301]	Time  0.244 ( 0.244)	Loss 7.4723e-01 (7.4723e-01)	Acc pseudo  76.56 ( 76.56)	Lr 1.000e-03 (1.000e-03)
2026-03-23 23:50:53,232 - INFO: Epoch: [3][ 50/301]	Time  0.003 ( 0.008)	Loss 6.2985e-01 (5.7109e-01)	Acc pseudo  82.81 ( 82.54)	Lr 1.000e-03 (1.000e-03)
2026-03-23 23:50:53,393 - INFO: Epoch: [3][100/301]	Time  0.003 ( 0.006)	Loss 7.0444e-01 (5.7354e-01)	Acc pseudo  81.25 ( 82.41)	Lr 1.000e-03 (1.000e-03)
2026-03-23 23:50:53,561 - INFO: Epoch: [3][150/301]	Time  0.003 ( 0.005)	Loss 6.6897e-01 (5.9035e-01)	Acc pseudo  75.00 ( 82.27)	Lr 1.000e-03 (1.000e-03)
2026-03-23 23:50:53,723 - INFO: Epoch: [3][200/301]	Time  0.003 ( 0.004)	Loss 4.4164e-01 (5.9163e-01)	Acc pseudo  87.50 ( 82.49)	Lr 1.000e-03 (1.000e-03)
2026-03-23 23:50:53,875 - INFO: Epoch: [3][250/301]	Time  0.003 ( 0.004)	Loss 5.1577e-01 (6.0195e-01)	Acc pseudo  87.50 ( 82.15)	Lr 1.000e-03 (1.000e-03)
2026-03-23 23:50:54,018 - INFO: Epoch: [3][300/301]	Time  0.002 ( 0.004)	Loss 4.1294e-01 (6.0887e-01)	Acc pseudo  88.00 ( 81.99)	Lr 1.000e-03 (1.000e-03)
2026-03-23 23:50:54,083 - INFO: Round 3, Fine-tune Epoch 3: loss=0.6089, acc(pseudo)=81.99%
2026-03-23 23:51:02,583 - INFO: Round 3, Fine-tune Epoch 3: acc(valid_pseudo): 0.9186, acc: 0.8150
2026-03-23 23:51:03,550 - INFO: Epoch: [4][  0/301]	Time  0.257 ( 0.257)	Loss 6.5940e-01 (6.5940e-01)	Acc pseudo  81.25 ( 81.25)	Lr 1.000e-03 (1.000e-03)
2026-03-23 23:51:03,739 - INFO: Epoch: [4][ 50/301]	Time  0.003 ( 0.009)	Loss 6.1434e-01 (5.7998e-01)	Acc pseudo  76.56 ( 83.12)	Lr 1.000e-03 (1.000e-03)
2026-03-23 23:51:03,921 - INFO: Epoch: [4][100/301]	Time  0.004 ( 0.006)	Loss 4.7699e-01 (5.9245e-01)	Acc pseudo  89.06 ( 82.64)	Lr 1.000e-03 (1.000e-03)
2026-03-23 23:51:04,102 - INFO: Epoch: [4][150/301]	Time  0.003 ( 0.005)	Loss 5.4986e-01 (5.7803e-01)	Acc pseudo  84.38 ( 82.77)	Lr 1.000e-03 (1.000e-03)
2026-03-23 23:51:04,274 - INFO: Epoch: [4][200/301]	Time  0.003 ( 0.005)	Loss 3.2095e-01 (5.8448e-01)	Acc pseudo  93.75 ( 82.64)	Lr 1.000e-03 (1.000e-03)
2026-03-23 23:51:04,452 - INFO: Epoch: [4][250/301]	Time  0.004 ( 0.005)	Loss 6.9663e-01 (5.8944e-01)	Acc pseudo  87.50 ( 82.59)	Lr 1.000e-03 (1.000e-03)
2026-03-23 23:51:04,632 - INFO: Epoch: [4][300/301]	Time  0.003 ( 0.004)	Loss 5.3989e-01 (5.9460e-01)	Acc pseudo  84.00 ( 82.51)	Lr 1.000e-03 (1.000e-03)
2026-03-23 23:51:04,700 - INFO: Round 3, Fine-tune Epoch 4: loss=0.5946, acc(pseudo)=82.51%
2026-03-23 23:51:13,946 - INFO: Round 3, Fine-tune Epoch 4: acc(valid_pseudo): 0.8994, acc: 0.7990
2026-03-23 23:51:13,947 - INFO: Round 3, Speaker Fine-tune Epoch 4: No improvement in validation accuracy. Patience(epoch): 1/3
2026-03-23 23:51:14,224 - INFO: Epoch: [5][  0/301]	Time  0.271 ( 0.271)	Loss 5.6789e-01 (5.6789e-01)	Acc pseudo  87.50 ( 87.50)	Lr 1.000e-03 (1.000e-03)
2026-03-23 23:51:14,417 - INFO: Epoch: [5][ 50/301]	Time  0.004 ( 0.009)	Loss 4.1089e-01 (5.6744e-01)	Acc pseudo  85.94 ( 83.36)	Lr 1.000e-03 (1.000e-03)
2026-03-23 23:51:14,593 - INFO: Epoch: [5][100/301]	Time  0.003 ( 0.006)	Loss 1.0058e+00 (5.5885e-01)	Acc pseudo  67.19 ( 82.98)	Lr 1.000e-03 (1.000e-03)
2026-03-23 23:51:14,760 - INFO: Epoch: [5][150/301]	Time  0.004 ( 0.005)	Loss 6.8024e-01 (5.6004e-01)	Acc pseudo  82.81 ( 83.19)	Lr 1.000e-03 (1.000e-03)
2026-03-23 23:51:14,927 - INFO: Epoch: [5][200/301]	Time  0.003 ( 0.005)	Loss 5.3884e-01 (5.6450e-01)	Acc pseudo  81.25 ( 82.94)	Lr 1.000e-03 (1.000e-03)
2026-03-23 23:51:15,088 - INFO: Epoch: [5][250/301]	Time  0.003 ( 0.004)	Loss 6.1242e-01 (5.7000e-01)	Acc pseudo  82.81 ( 82.97)	Lr 1.000e-03 (1.000e-03)
2026-03-23 23:51:15,255 - INFO: Epoch: [5][300/301]	Time  0.002 ( 0.004)	Loss 8.1087e-01 (5.7631e-01)	Acc pseudo  84.00 ( 82.64)	Lr 1.000e-03 (1.000e-03)
2026-03-23 23:51:15,324 - INFO: Round 3, Fine-tune Epoch 5: loss=0.5763, acc(pseudo)=82.64%
2026-03-23 23:51:25,434 - INFO: Round 3, Fine-tune Epoch 5: acc(valid_pseudo): 0.8314, acc: 0.7490
2026-03-23 23:51:25,434 - INFO: Round 3, Speaker Fine-tune Epoch 5: No improvement in validation accuracy. Patience(epoch): 2/3
2026-03-23 23:51:25,434 - INFO: Early stopping at epoch 5 due to significant drop in pseudo-label validation accuracy: 0.8994 -> 0.8314.
2026-03-23 23:51:25,436 - INFO: Round 3: Best speaker fine-tuned epoch=3, acc(valid_pseudo)=0.9186
2026-03-23 23:51:25,446 - INFO: Using HMM model from previous round: runs/I love my family/exp_video_ablation/result/d/self_supervised/exp0/round2/pseudo_label/hmm_params.pkl
2026-03-23 23:54:59,432 - INFO: Round 3: speaker_acc=0.8065
2026-03-23 23:54:59,435 - INFO: ====================
2026-03-23 23:54:59,435 - INFO: Round 4: Fine-tuning iteration
2026-03-23 23:54:59,435 - INFO: ====================
2026-03-23 23:54:59,500 - INFO: Round 4 Part 1: Fine-tuning embedding model
2026-03-23 23:54:59,502 - INFO: Using pseudo-label file: runs/I love my family/exp_video_ablation/result/d/self_supervised/exp0/round3/pseudo_label/pseudo_labels_audio_hmmx_X_only(unreliable_pp=100.0).json
2026-03-23 23:54:59,538 - INFO: Fine-tuning speaker embedding model for 20 epochs...
2026-03-23 23:54:59,791 - INFO: Epoch: [0][  0/301]	Time  0.249 ( 0.249)	Loss 5.3322e-01 (5.3322e-01)	Acc pseudo  81.25 ( 81.25)	Lr 1.000e-03 (1.000e-03)
2026-03-23 23:54:59,980 - INFO: Epoch: [0][ 50/301]	Time  0.004 ( 0.008)	Loss 5.2677e-01 (5.9510e-01)	Acc pseudo  84.38 ( 83.12)	Lr 1.000e-03 (1.000e-03)
2026-03-23 23:55:00,167 - INFO: Epoch: [0][100/301]	Time  0.004 ( 0.006)	Loss 4.2367e-01 (5.7985e-01)	Acc pseudo  87.50 ( 83.42)	Lr 1.000e-03 (1.000e-03)
2026-03-23 23:55:00,329 - INFO: Epoch: [0][150/301]	Time  0.003 ( 0.005)	Loss 7.1123e-01 (5.8533e-01)	Acc pseudo  79.69 ( 83.51)	Lr 1.000e-03 (1.000e-03)
2026-03-23 23:55:00,484 - INFO: Epoch: [0][200/301]	Time  0.003 ( 0.005)	Loss 3.5905e-01 (5.9366e-01)	Acc pseudo  90.62 ( 83.20)	Lr 1.000e-03 (1.000e-03)
2026-03-23 23:55:00,671 - INFO: Epoch: [0][250/301]	Time  0.004 ( 0.004)	Loss 6.0536e-01 (5.9535e-01)	Acc pseudo  79.69 ( 83.12)	Lr 1.000e-03 (1.000e-03)
2026-03-23 23:55:00,820 - INFO: Epoch: [0][300/301]	Time  0.002 ( 0.004)	Loss 1.0078e+00 (5.9724e-01)	Acc pseudo  72.00 ( 83.01)	Lr 1.000e-03 (1.000e-03)
2026-03-23 23:55:00,888 - INFO: Round 4, Fine-tune Epoch 0: loss=0.5972, acc(pseudo)=83.01%
2026-03-23 23:55:08,972 - INFO: Round 4, Fine-tune Epoch 0: acc(valid_pseudo): 0.8933, acc: 0.7895
2026-03-23 23:55:09,738 - INFO: Epoch: [1][  0/301]	Time  0.248 ( 0.248)	Loss 8.7833e-01 (8.7833e-01)	Acc pseudo  78.12 ( 78.12)	Lr 1.000e-03 (1.000e-03)
2026-03-23 23:55:09,919 - INFO: Epoch: [1][ 50/301]	Time  0.003 ( 0.008)	Loss 2.5817e-01 (5.4495e-01)	Acc pseudo  92.19 ( 83.00)	Lr 1.000e-03 (1.000e-03)
2026-03-23 23:55:10,075 - INFO: Epoch: [1][100/301]	Time  0.003 ( 0.006)	Loss 4.4480e-01 (5.4437e-01)	Acc pseudo  87.50 ( 83.11)	Lr 1.000e-03 (1.000e-03)
2026-03-23 23:55:10,234 - INFO: Epoch: [1][150/301]	Time  0.003 ( 0.005)	Loss 4.8629e-01 (5.4688e-01)	Acc pseudo  81.25 ( 83.59)	Lr 1.000e-03 (1.000e-03)
2026-03-23 23:55:10,389 - INFO: Epoch: [1][200/301]	Time  0.003 ( 0.004)	Loss 7.0782e-01 (5.5208e-01)	Acc pseudo  82.81 ( 83.44)	Lr 1.000e-03 (1.000e-03)
2026-03-23 23:55:10,546 - INFO: Epoch: [1][250/301]	Time  0.003 ( 0.004)	Loss 5.3859e-01 (5.6093e-01)	Acc pseudo  84.38 ( 83.25)	Lr 1.000e-03 (1.000e-03)
2026-03-23 23:55:10,694 - INFO: Epoch: [1][300/301]	Time  0.002 ( 0.004)	Loss 5.8510e-01 (5.6356e-01)	Acc pseudo  80.00 ( 83.06)	Lr 1.000e-03 (1.000e-03)
2026-03-23 23:55:10,760 - INFO: Round 4, Fine-tune Epoch 1: loss=0.5636, acc(pseudo)=83.06%
2026-03-23 23:55:18,847 - INFO: Round 4, Fine-tune Epoch 1: acc(valid_pseudo): 0.9093, acc: 0.8010
2026-03-23 23:55:19,728 - INFO: Epoch: [2][  0/301]	Time  0.320 ( 0.320)	Loss 4.9652e-01 (4.9652e-01)	Acc pseudo  82.81 ( 82.81)	Lr 1.000e-03 (1.000e-03)
2026-03-23 23:55:19,906 - INFO: Epoch: [2][ 50/301]	Time  0.003 ( 0.010)	Loss 6.0567e-01 (5.2980e-01)	Acc pseudo  84.38 ( 83.55)	Lr 1.000e-03 (1.000e-03)
2026-03-23 23:55:20,063 - INFO: Epoch: [2][100/301]	Time  0.003 ( 0.006)	Loss 8.3534e-01 (5.2465e-01)	Acc pseudo  79.69 ( 83.97)	Lr 1.000e-03 (1.000e-03)
2026-03-23 23:55:20,227 - INFO: Epoch: [2][150/301]	Time  0.003 ( 0.005)	Loss 5.1652e-01 (5.3004e-01)	Acc pseudo  84.38 ( 83.79)	Lr 1.000e-03 (1.000e-03)
2026-03-23 23:55:20,390 - INFO: Epoch: [2][200/301]	Time  0.003 ( 0.005)	Loss 4.2722e-01 (5.3998e-01)	Acc pseudo  87.50 ( 83.71)	Lr 1.000e-03 (1.000e-03)
2026-03-23 23:55:20,551 - INFO: Epoch: [2][250/301]	Time  0.003 ( 0.004)	Loss 7.3981e-01 (5.5094e-01)	Acc pseudo  84.38 ( 83.42)	Lr 1.000e-03 (1.000e-03)
2026-03-23 23:55:20,708 - INFO: Epoch: [2][300/301]	Time  0.003 ( 0.004)	Loss 2.8490e-01 (5.5727e-01)	Acc pseudo  96.00 ( 83.34)	Lr 1.000e-03 (1.000e-03)
2026-03-23 23:55:20,776 - INFO: Round 4, Fine-tune Epoch 2: loss=0.5573, acc(pseudo)=83.34%
2026-03-23 23:55:29,564 - INFO: Round 4, Fine-tune Epoch 2: acc(valid_pseudo): 0.9064, acc: 0.7870
2026-03-23 23:55:29,564 - INFO: Round 4, Speaker Fine-tune Epoch 2: No improvement in validation accuracy. Patience(epoch): 1/3
2026-03-23 23:55:29,843 - INFO: Epoch: [3][  0/301]	Time  0.273 ( 0.273)	Loss 6.1456e-01 (6.1456e-01)	Acc pseudo  81.25 ( 81.25)	Lr 1.000e-03 (1.000e-03)
2026-03-23 23:55:30,029 - INFO: Epoch: [3][ 50/301]	Time  0.003 ( 0.009)	Loss 6.6446e-01 (5.2369e-01)	Acc pseudo  85.94 ( 84.38)	Lr 1.000e-03 (1.000e-03)
2026-03-23 23:55:30,203 - INFO: Epoch: [3][100/301]	Time  0.003 ( 0.006)	Loss 4.9865e-01 (5.3515e-01)	Acc pseudo  85.94 ( 83.74)	Lr 1.000e-03 (1.000e-03)
2026-03-23 23:55:30,370 - INFO: Epoch: [3][150/301]	Time  0.003 ( 0.005)	Loss 5.9325e-01 (5.3133e-01)	Acc pseudo  81.25 ( 83.83)	Lr 1.000e-03 (1.000e-03)
2026-03-23 23:55:30,535 - INFO: Epoch: [3][200/301]	Time  0.004 ( 0.005)	Loss 3.7113e-01 (5.2305e-01)	Acc pseudo  87.50 ( 84.03)	Lr 1.000e-03 (1.000e-03)
2026-03-23 23:55:30,714 - INFO: Epoch: [3][250/301]	Time  0.004 ( 0.004)	Loss 5.1246e-01 (5.2613e-01)	Acc pseudo  84.38 ( 83.95)	Lr 1.000e-03 (1.000e-03)
2026-03-23 23:55:30,862 - INFO: Epoch: [3][300/301]	Time  0.003 ( 0.004)	Loss 5.7534e-01 (5.3162e-01)	Acc pseudo  84.00 ( 83.67)	Lr 1.000e-03 (1.000e-03)
2026-03-23 23:55:30,938 - INFO: Round 4, Fine-tune Epoch 3: loss=0.5316, acc(pseudo)=83.67%
2026-03-23 23:55:40,519 - INFO: Round 4, Fine-tune Epoch 3: acc(valid_pseudo): 0.9210, acc: 0.8125
2026-03-23 23:55:41,570 - INFO: Epoch: [4][  0/301]	Time  0.266 ( 0.266)	Loss 6.8020e-01 (6.8020e-01)	Acc pseudo  78.12 ( 78.12)	Lr 1.000e-03 (1.000e-03)
2026-03-23 23:55:41,759 - INFO: Epoch: [4][ 50/301]	Time  0.003 ( 0.009)	Loss 5.6143e-01 (5.2383e-01)	Acc pseudo  81.25 ( 84.07)	Lr 1.000e-03 (1.000e-03)
2026-03-23 23:55:41,927 - INFO: Epoch: [4][100/301]	Time  0.004 ( 0.006)	Loss 2.7600e-01 (5.1109e-01)	Acc pseudo  90.62 ( 84.05)	Lr 1.000e-03 (1.000e-03)
2026-03-23 23:55:42,094 - INFO: Epoch: [4][150/301]	Time  0.003 ( 0.005)	Loss 4.0270e-01 (5.1137e-01)	Acc pseudo  82.81 ( 84.15)	Lr 1.000e-03 (1.000e-03)
2026-03-23 23:55:42,274 - INFO: Epoch: [4][200/301]	Time  0.004 ( 0.005)	Loss 2.5658e-01 (5.1350e-01)	Acc pseudo  90.62 ( 84.24)	Lr 1.000e-03 (1.000e-03)
2026-03-23 23:55:42,433 - INFO: Epoch: [4][250/301]	Time  0.003 ( 0.004)	Loss 8.5816e-01 (5.1916e-01)	Acc pseudo  81.25 ( 84.09)	Lr 1.000e-03 (1.000e-03)
2026-03-23 23:55:42,585 - INFO: Epoch: [4][300/301]	Time  0.002 ( 0.004)	Loss 5.7885e-01 (5.2486e-01)	Acc pseudo  80.00 ( 84.01)	Lr 1.000e-03 (1.000e-03)
2026-03-23 23:55:42,654 - INFO: Round 4, Fine-tune Epoch 4: loss=0.5249, acc(pseudo)=84.01%
2026-03-23 23:55:51,243 - INFO: Round 4, Fine-tune Epoch 4: acc(valid_pseudo): 0.8737, acc: 0.7690
2026-03-23 23:55:51,244 - INFO: Round 4, Speaker Fine-tune Epoch 4: No improvement in validation accuracy. Patience(epoch): 1/3
2026-03-23 23:55:51,550 - INFO: Epoch: [5][  0/301]	Time  0.299 ( 0.299)	Loss 4.2712e-01 (4.2712e-01)	Acc pseudo  90.62 ( 90.62)	Lr 1.000e-03 (1.000e-03)
2026-03-23 23:55:51,738 - INFO: Epoch: [5][ 50/301]	Time  0.003 ( 0.009)	Loss 3.9771e-01 (5.0205e-01)	Acc pseudo  85.94 ( 84.59)	Lr 1.000e-03 (1.000e-03)
2026-03-23 23:55:51,895 - INFO: Epoch: [5][100/301]	Time  0.003 ( 0.006)	Loss 8.9907e-01 (4.9951e-01)	Acc pseudo  71.88 ( 84.31)	Lr 1.000e-03 (1.000e-03)
2026-03-23 23:55:52,046 - INFO: Epoch: [5][150/301]	Time  0.003 ( 0.005)	Loss 5.6222e-01 (4.9704e-01)	Acc pseudo  84.38 ( 84.57)	Lr 1.000e-03 (1.000e-03)
2026-03-23 23:55:52,196 - INFO: Epoch: [5][200/301]	Time  0.003 ( 0.005)	Loss 4.6187e-01 (4.9974e-01)	Acc pseudo  79.69 ( 84.58)	Lr 1.000e-03 (1.000e-03)
2026-03-23 23:55:52,352 - INFO: Epoch: [5][250/301]	Time  0.003 ( 0.004)	Loss 5.2147e-01 (5.0304e-01)	Acc pseudo  81.25 ( 84.56)	Lr 1.000e-03 (1.000e-03)
2026-03-23 23:55:52,495 - INFO: Epoch: [5][300/301]	Time  0.002 ( 0.004)	Loss 1.0009e+00 (5.1188e-01)	Acc pseudo  72.00 ( 84.30)	Lr 1.000e-03 (1.000e-03)
2026-03-23 23:55:52,561 - INFO: Round 4, Fine-tune Epoch 5: loss=0.5119, acc(pseudo)=84.30%
2026-03-23 23:56:00,607 - INFO: Round 4, Fine-tune Epoch 5: acc(valid_pseudo): 0.9166, acc: 0.8185
2026-03-23 23:56:00,607 - INFO: Round 4, Speaker Fine-tune Epoch 5: No improvement in validation accuracy. Patience(epoch): 2/3
2026-03-23 23:56:00,873 - INFO: Epoch: [6][  0/301]	Time  0.260 ( 0.260)	Loss 6.1724e-01 (6.1724e-01)	Acc pseudo  81.25 ( 81.25)	Lr 1.000e-03 (1.000e-03)
2026-03-23 23:56:01,058 - INFO: Epoch: [6][ 50/301]	Time  0.003 ( 0.009)	Loss 2.9659e-01 (5.3021e-01)	Acc pseudo  87.50 ( 84.01)	Lr 1.000e-03 (1.000e-03)
2026-03-23 23:56:01,209 - INFO: Epoch: [6][100/301]	Time  0.003 ( 0.006)	Loss 5.7830e-01 (5.4385e-01)	Acc pseudo  78.12 ( 83.52)	Lr 1.000e-03 (1.000e-03)
2026-03-23 23:56:01,377 - INFO: Epoch: [6][150/301]	Time  0.004 ( 0.005)	Loss 5.2158e-01 (5.4582e-01)	Acc pseudo  85.94 ( 83.39)	Lr 1.000e-03 (1.000e-03)
2026-03-23 23:56:01,545 - INFO: Epoch: [6][200/301]	Time  0.003 ( 0.005)	Loss 5.3703e-01 (5.4395e-01)	Acc pseudo  82.81 ( 83.44)	Lr 1.000e-03 (1.000e-03)
2026-03-23 23:56:01,717 - INFO: Epoch: [6][250/301]	Time  0.003 ( 0.004)	Loss 5.9176e-01 (5.4869e-01)	Acc pseudo  87.50 ( 83.28)	Lr 1.000e-03 (1.000e-03)
2026-03-23 23:56:01,863 - INFO: Epoch: [6][300/301]	Time  0.002 ( 0.004)	Loss 5.3734e-01 (5.4930e-01)	Acc pseudo  76.00 ( 83.19)	Lr 1.000e-03 (1.000e-03)
2026-03-23 23:56:01,928 - INFO: Round 4, Fine-tune Epoch 6: loss=0.5493, acc(pseudo)=83.19%
2026-03-23 23:56:10,257 - INFO: Round 4, Fine-tune Epoch 6: acc(valid_pseudo): 0.9073, acc: 0.7875
2026-03-23 23:56:10,257 - INFO: Round 4, Speaker Fine-tune Epoch 6: No improvement in validation accuracy. Patience(epoch): 3/3
2026-03-23 23:56:10,257 - INFO: Early stopping at epoch 6 due to no improvement in validation accuracy for 3 epochs.
2026-03-23 23:56:10,258 - INFO: Round 4: Best speaker fine-tuned epoch=3, acc(valid_pseudo)=0.9210
2026-03-23 23:56:10,268 - INFO: Using HMM model from previous round: runs/I love my family/exp_video_ablation/result/d/self_supervised/exp0/round3/pseudo_label/hmm_params.pkl
2026-03-23 23:59:54,156 - INFO: Round 4: speaker_acc=0.8035
2026-03-23 23:59:54,159 - INFO: ====================
2026-03-23 23:59:54,159 - INFO: Round 5: Fine-tuning iteration
2026-03-23 23:59:54,159 - INFO: ====================
2026-03-23 23:59:54,259 - INFO: Round 5 Part 1: Fine-tuning embedding model
2026-03-23 23:59:54,260 - INFO: Using pseudo-label file: runs/I love my family/exp_video_ablation/result/d/self_supervised/exp0/round4/pseudo_label/pseudo_labels_audio_hmmx_X_only(unreliable_pp=100.0).json
2026-03-23 23:59:54,297 - INFO: Fine-tuning speaker embedding model for 20 epochs...
2026-03-23 23:59:54,545 - INFO: Epoch: [0][  0/301]	Time  0.242 ( 0.242)	Loss 7.3031e-01 (7.3031e-01)	Acc pseudo  82.81 ( 82.81)	Lr 1.000e-03 (1.000e-03)
2026-03-23 23:59:54,716 - INFO: Epoch: [0][ 50/301]	Time  0.003 ( 0.008)	Loss 5.6638e-01 (5.2428e-01)	Acc pseudo  81.25 ( 84.68)	Lr 1.000e-03 (1.000e-03)
2026-03-23 23:59:54,880 - INFO: Epoch: [0][100/301]	Time  0.003 ( 0.006)	Loss 4.9739e-01 (5.1052e-01)	Acc pseudo  81.25 ( 84.96)	Lr 1.000e-03 (1.000e-03)
2026-03-23 23:59:55,038 - INFO: Epoch: [0][150/301]	Time  0.003 ( 0.005)	Loss 4.8902e-01 (5.1567e-01)	Acc pseudo  81.25 ( 84.87)	Lr 1.000e-03 (1.000e-03)
2026-03-23 23:59:55,189 - INFO: Epoch: [0][200/301]	Time  0.003 ( 0.004)	Loss 3.6292e-01 (5.2049e-01)	Acc pseudo  89.06 ( 84.67)	Lr 1.000e-03 (1.000e-03)
2026-03-23 23:59:55,344 - INFO: Epoch: [0][250/301]	Time  0.003 ( 0.004)	Loss 5.7796e-01 (5.2675e-01)	Acc pseudo  81.25 ( 84.52)	Lr 1.000e-03 (1.000e-03)
2026-03-23 23:59:55,492 - INFO: Epoch: [0][300/301]	Time  0.002 ( 0.004)	Loss 8.4903e-01 (5.2589e-01)	Acc pseudo  68.00 ( 84.34)	Lr 1.000e-03 (1.000e-03)
2026-03-23 23:59:55,558 - INFO: Round 5, Fine-tune Epoch 0: loss=0.5259, acc(pseudo)=84.34%
2026-03-24 00:00:05,718 - INFO: Round 5, Fine-tune Epoch 0: acc(valid_pseudo): 0.9008, acc: 0.8155
2026-03-24 00:00:06,658 - INFO: Epoch: [1][  0/301]	Time  0.239 ( 0.239)	Loss 7.5242e-01 (7.5242e-01)	Acc pseudo  78.12 ( 78.12)	Lr 1.000e-03 (1.000e-03)
2026-03-24 00:00:06,849 - INFO: Epoch: [1][ 50/301]	Time  0.003 ( 0.008)	Loss 3.3547e-01 (4.9181e-01)	Acc pseudo  90.62 ( 85.20)	Lr 1.000e-03 (1.000e-03)
2026-03-24 00:00:07,008 - INFO: Epoch: [1][100/301]	Time  0.003 ( 0.006)	Loss 6.0673e-01 (4.9883e-01)	Acc pseudo  87.50 ( 84.79)	Lr 1.000e-03 (1.000e-03)
2026-03-24 00:00:07,165 - INFO: Epoch: [1][150/301]	Time  0.003 ( 0.005)	Loss 6.3524e-01 (5.0086e-01)	Acc pseudo  79.69 ( 84.80)	Lr 1.000e-03 (1.000e-03)
2026-03-24 00:00:07,317 - INFO: Epoch: [1][200/301]	Time  0.003 ( 0.004)	Loss 4.7335e-01 (5.1253e-01)	Acc pseudo  87.50 ( 84.51)	Lr 1.000e-03 (1.000e-03)
2026-03-24 00:00:07,478 - INFO: Epoch: [1][250/301]	Time  0.003 ( 0.004)	Loss 5.2069e-01 (5.1371e-01)	Acc pseudo  79.69 ( 84.31)	Lr 1.000e-03 (1.000e-03)
2026-03-24 00:00:07,627 - INFO: Epoch: [1][300/301]	Time  0.002 ( 0.004)	Loss 5.4806e-01 (5.1464e-01)	Acc pseudo  80.00 ( 84.23)	Lr 1.000e-03 (1.000e-03)
2026-03-24 00:00:07,696 - INFO: Round 5, Fine-tune Epoch 1: loss=0.5146, acc(pseudo)=84.23%
2026-03-24 00:00:16,401 - INFO: Round 5, Fine-tune Epoch 1: acc(valid_pseudo): 0.9029, acc: 0.8000
2026-03-24 00:00:17,326 - INFO: Epoch: [2][  0/301]	Time  0.271 ( 0.271)	Loss 4.6875e-01 (4.6875e-01)	Acc pseudo  82.81 ( 82.81)	Lr 1.000e-03 (1.000e-03)
2026-03-24 00:00:17,507 - INFO: Epoch: [2][ 50/301]	Time  0.003 ( 0.009)	Loss 5.6474e-01 (4.7985e-01)	Acc pseudo  84.38 ( 84.87)	Lr 1.000e-03 (1.000e-03)
2026-03-24 00:00:17,666 - INFO: Epoch: [2][100/301]	Time  0.003 ( 0.006)	Loss 4.6344e-01 (4.7133e-01)	Acc pseudo  82.81 ( 84.92)	Lr 1.000e-03 (1.000e-03)
2026-03-24 00:00:17,827 - INFO: Epoch: [2][150/301]	Time  0.003 ( 0.005)	Loss 5.2166e-01 (4.8425e-01)	Acc pseudo  76.56 ( 84.61)	Lr 1.000e-03 (1.000e-03)
2026-03-24 00:00:17,991 - INFO: Epoch: [2][200/301]	Time  0.003 ( 0.005)	Loss 3.6342e-01 (4.9153e-01)	Acc pseudo  87.50 ( 84.65)	Lr 1.000e-03 (1.000e-03)
2026-03-24 00:00:18,144 - INFO: Epoch: [2][250/301]	Time  0.003 ( 0.004)	Loss 5.1096e-01 (4.9632e-01)	Acc pseudo  87.50 ( 84.51)	Lr 1.000e-03 (1.000e-03)
2026-03-24 00:00:18,324 - INFO: Epoch: [2][300/301]	Time  0.003 ( 0.004)	Loss 3.8009e-01 (5.0060e-01)	Acc pseudo  88.00 ( 84.40)	Lr 1.000e-03 (1.000e-03)
2026-03-24 00:00:18,393 - INFO: Round 5, Fine-tune Epoch 2: loss=0.5006, acc(pseudo)=84.40%
2026-03-24 00:00:27,531 - INFO: Round 5, Fine-tune Epoch 2: acc(valid_pseudo): 0.9283, acc: 0.8200
2026-03-24 00:00:28,491 - INFO: Epoch: [3][  0/301]	Time  0.278 ( 0.278)	Loss 5.6645e-01 (5.6645e-01)	Acc pseudo  81.25 ( 81.25)	Lr 1.000e-03 (1.000e-03)
2026-03-24 00:00:28,680 - INFO: Epoch: [3][ 50/301]	Time  0.003 ( 0.009)	Loss 7.4450e-01 (4.9370e-01)	Acc pseudo  82.81 ( 84.56)	Lr 1.000e-03 (1.000e-03)
2026-03-24 00:00:28,851 - INFO: Epoch: [3][100/301]	Time  0.003 ( 0.006)	Loss 8.2999e-01 (4.9452e-01)	Acc pseudo  84.38 ( 84.53)	Lr 1.000e-03 (1.000e-03)
2026-03-24 00:00:29,004 - INFO: Epoch: [3][150/301]	Time  0.003 ( 0.005)	Loss 5.6944e-01 (4.8799e-01)	Acc pseudo  82.81 ( 84.77)	Lr 1.000e-03 (1.000e-03)
2026-03-24 00:00:29,165 - INFO: Epoch: [3][200/301]	Time  0.003 ( 0.005)	Loss 3.9739e-01 (4.7849e-01)	Acc pseudo  87.50 ( 84.97)	Lr 1.000e-03 (1.000e-03)
2026-03-24 00:00:29,327 - INFO: Epoch: [3][250/301]	Time  0.003 ( 0.004)	Loss 5.3125e-01 (4.7911e-01)	Acc pseudo  84.38 ( 84.80)	Lr 1.000e-03 (1.000e-03)
2026-03-24 00:00:29,504 - INFO: Epoch: [3][300/301]	Time  0.003 ( 0.004)	Loss 4.0054e-01 (4.8083e-01)	Acc pseudo  88.00 ( 84.75)	Lr 1.000e-03 (1.000e-03)
2026-03-24 00:00:29,568 - INFO: Round 5, Fine-tune Epoch 3: loss=0.4808, acc(pseudo)=84.75%
2026-03-24 00:00:37,954 - INFO: Round 5, Fine-tune Epoch 3: acc(valid_pseudo): 0.9029, acc: 0.7895
2026-03-24 00:00:37,954 - INFO: Round 5, Speaker Fine-tune Epoch 3: No improvement in validation accuracy. Patience(epoch): 1/3
2026-03-24 00:00:38,260 - INFO: Epoch: [4][  0/301]	Time  0.300 ( 0.300)	Loss 5.4608e-01 (5.4608e-01)	Acc pseudo  79.69 ( 79.69)	Lr 1.000e-03 (1.000e-03)
2026-03-24 00:00:38,436 - INFO: Epoch: [4][ 50/301]	Time  0.004 ( 0.009)	Loss 5.1754e-01 (4.7329e-01)	Acc pseudo  79.69 ( 85.54)	Lr 1.000e-03 (1.000e-03)
2026-03-24 00:00:38,606 - INFO: Epoch: [4][100/301]	Time  0.003 ( 0.006)	Loss 2.7175e-01 (4.7523e-01)	Acc pseudo  92.19 ( 84.90)	Lr 1.000e-03 (1.000e-03)
2026-03-24 00:00:38,764 - INFO: Epoch: [4][150/301]	Time  0.003 ( 0.005)	Loss 3.5019e-01 (4.7131e-01)	Acc pseudo  89.06 ( 85.01)	Lr 1.000e-03 (1.000e-03)
2026-03-24 00:00:38,913 - INFO: Epoch: [4][200/301]	Time  0.003 ( 0.005)	Loss 3.5170e-01 (4.6959e-01)	Acc pseudo  84.38 ( 85.11)	Lr 1.000e-03 (1.000e-03)
2026-03-24 00:00:39,062 - INFO: Epoch: [4][250/301]	Time  0.003 ( 0.004)	Loss 6.1612e-01 (4.7818e-01)	Acc pseudo  79.69 ( 85.10)	Lr 1.000e-03 (1.000e-03)
2026-03-24 00:00:39,205 - INFO: Epoch: [4][300/301]	Time  0.002 ( 0.004)	Loss 4.3561e-01 (4.8286e-01)	Acc pseudo  80.00 ( 84.97)	Lr 1.000e-03 (1.000e-03)
2026-03-24 00:00:39,273 - INFO: Round 5, Fine-tune Epoch 4: loss=0.4829, acc(pseudo)=84.97%
2026-03-24 00:00:48,053 - INFO: Round 5, Fine-tune Epoch 4: acc(valid_pseudo): 0.9084, acc: 0.7960
2026-03-24 00:00:48,054 - INFO: Round 5, Speaker Fine-tune Epoch 4: No improvement in validation accuracy. Patience(epoch): 2/3
2026-03-24 00:00:48,311 - INFO: Epoch: [5][  0/301]	Time  0.252 ( 0.252)	Loss 3.9464e-01 (3.9464e-01)	Acc pseudo  87.50 ( 87.50)	Lr 1.000e-03 (1.000e-03)
2026-03-24 00:00:48,504 - INFO: Epoch: [5][ 50/301]	Time  0.005 ( 0.009)	Loss 3.2877e-01 (4.5867e-01)	Acc pseudo  84.38 ( 86.00)	Lr 1.000e-03 (1.000e-03)
2026-03-24 00:00:48,680 - INFO: Epoch: [5][100/301]	Time  0.003 ( 0.006)	Loss 7.5598e-01 (4.5481e-01)	Acc pseudo  73.44 ( 85.97)	Lr 1.000e-03 (1.000e-03)
2026-03-24 00:00:48,845 - INFO: Epoch: [5][150/301]	Time  0.003 ( 0.005)	Loss 6.8706e-01 (4.6172e-01)	Acc pseudo  81.25 ( 85.84)	Lr 1.000e-03 (1.000e-03)
2026-03-24 00:00:49,009 - INFO: Epoch: [5][200/301]	Time  0.003 ( 0.005)	Loss 3.4902e-01 (4.5592e-01)	Acc pseudo  89.06 ( 85.96)	Lr 1.000e-03 (1.000e-03)
2026-03-24 00:00:49,165 - INFO: Epoch: [5][250/301]	Time  0.004 ( 0.004)	Loss 4.8316e-01 (4.5438e-01)	Acc pseudo  85.94 ( 86.05)	Lr 1.000e-03 (1.000e-03)
2026-03-24 00:00:49,317 - INFO: Epoch: [5][300/301]	Time  0.002 ( 0.004)	Loss 5.4282e-01 (4.6345e-01)	Acc pseudo  80.00 ( 85.65)	Lr 1.000e-03 (1.000e-03)
2026-03-24 00:00:49,384 - INFO: Round 5, Fine-tune Epoch 5: loss=0.4635, acc(pseudo)=85.65%
2026-03-24 00:00:58,510 - INFO: Round 5, Fine-tune Epoch 5: acc(valid_pseudo): 0.9070, acc: 0.8035
2026-03-24 00:00:58,511 - INFO: Round 5, Speaker Fine-tune Epoch 5: No improvement in validation accuracy. Patience(epoch): 3/3
2026-03-24 00:00:58,511 - INFO: Early stopping at epoch 5 due to no improvement in validation accuracy for 3 epochs.
2026-03-24 00:00:58,512 - INFO: Round 5: Best speaker fine-tuned epoch=2, acc(valid_pseudo)=0.9283
2026-03-24 00:00:58,523 - INFO: Using HMM model from previous round: runs/I love my family/exp_video_ablation/result/d/self_supervised/exp0/round4/pseudo_label/hmm_params.pkl
2026-03-24 00:05:09,147 - INFO: Round 5: speaker_acc=0.8120
2026-03-24 00:05:09,150 - INFO: ====================
2026-03-24 00:05:09,150 - INFO: Round 6: Fine-tuning iteration
2026-03-24 00:05:09,150 - INFO: ====================
2026-03-24 00:05:09,238 - INFO: Round 6 Part 1: Fine-tuning embedding model
2026-03-24 00:05:09,239 - INFO: Using pseudo-label file: runs/I love my family/exp_video_ablation/result/d/self_supervised/exp0/round5/pseudo_label/pseudo_labels_audio_hmmx_X_only(unreliable_pp=100.0).json
2026-03-24 00:05:09,295 - INFO: Fine-tuning speaker embedding model for 20 epochs...
2026-03-24 00:05:09,615 - INFO: Epoch: [0][  0/301]	Time  0.313 ( 0.313)	Loss 7.0136e-01 (7.0136e-01)	Acc pseudo  87.50 ( 87.50)	Lr 1.000e-03 (1.000e-03)
2026-03-24 00:05:09,802 - INFO: Epoch: [0][ 50/301]	Time  0.003 ( 0.010)	Loss 7.9682e-01 (5.8381e-01)	Acc pseudo  78.12 ( 84.62)	Lr 1.000e-03 (1.000e-03)
2026-03-24 00:05:09,963 - INFO: Epoch: [0][100/301]	Time  0.003 ( 0.006)	Loss 5.1000e-01 (5.5202e-01)	Acc pseudo  82.81 ( 84.81)	Lr 1.000e-03 (1.000e-03)
2026-03-24 00:05:10,121 - INFO: Epoch: [0][150/301]	Time  0.003 ( 0.005)	Loss 5.1603e-01 (5.4938e-01)	Acc pseudo  84.38 ( 84.70)	Lr 1.000e-03 (1.000e-03)
2026-03-24 00:05:10,271 - INFO: Epoch: [0][200/301]	Time  0.003 ( 0.005)	Loss 3.7619e-01 (5.4384e-01)	Acc pseudo  87.50 ( 84.52)	Lr 1.000e-03 (1.000e-03)
2026-03-24 00:05:10,425 - INFO: Epoch: [0][250/301]	Time  0.003 ( 0.004)	Loss 5.0768e-01 (5.4153e-01)	Acc pseudo  82.81 ( 84.41)	Lr 1.000e-03 (1.000e-03)
2026-03-24 00:05:10,574 - INFO: Epoch: [0][300/301]	Time  0.002 ( 0.004)	Loss 6.9573e-01 (5.3739e-01)	Acc pseudo  72.00 ( 84.38)	Lr 1.000e-03 (1.000e-03)
2026-03-24 00:05:10,645 - INFO: Round 6, Fine-tune Epoch 0: loss=0.5374, acc(pseudo)=84.38%
2026-03-24 00:05:18,929 - INFO: Round 6, Fine-tune Epoch 0: acc(valid_pseudo): 0.9055, acc: 0.7835
2026-03-24 00:05:19,705 - INFO: Epoch: [1][  0/301]	Time  0.250 ( 0.250)	Loss 5.5360e-01 (5.5360e-01)	Acc pseudo  84.38 ( 84.38)	Lr 1.000e-03 (1.000e-03)
2026-03-24 00:05:19,881 - INFO: Epoch: [1][ 50/301]	Time  0.003 ( 0.008)	Loss 2.3416e-01 (4.6880e-01)	Acc pseudo  93.75 ( 85.45)	Lr 1.000e-03 (1.000e-03)
2026-03-24 00:05:20,047 - INFO: Epoch: [1][100/301]	Time  0.003 ( 0.006)	Loss 7.2842e-01 (4.7803e-01)	Acc pseudo  82.81 ( 85.16)	Lr 1.000e-03 (1.000e-03)
2026-03-24 00:05:20,209 - INFO: Epoch: [1][150/301]	Time  0.004 ( 0.005)	Loss 6.7415e-01 (4.7552e-01)	Acc pseudo  79.69 ( 85.37)	Lr 1.000e-03 (1.000e-03)
2026-03-24 00:05:20,374 - INFO: Epoch: [1][200/301]	Time  0.004 ( 0.004)	Loss 5.2936e-01 (5.0286e-01)	Acc pseudo  87.50 ( 84.88)	Lr 1.000e-03 (1.000e-03)
2026-03-24 00:05:20,539 - INFO: Epoch: [1][250/301]	Time  0.004 ( 0.004)	Loss 4.1878e-01 (5.0320e-01)	Acc pseudo  82.81 ( 84.66)	Lr 1.000e-03 (1.000e-03)
2026-03-24 00:05:20,697 - INFO: Epoch: [1][300/301]	Time  0.002 ( 0.004)	Loss 3.8005e-01 (5.0596e-01)	Acc pseudo  80.00 ( 84.61)	Lr 1.000e-03 (1.000e-03)
2026-03-24 00:05:20,765 - INFO: Round 6, Fine-tune Epoch 1: loss=0.5060, acc(pseudo)=84.61%
2026-03-24 00:05:28,814 - INFO: Round 6, Fine-tune Epoch 1: acc(valid_pseudo): 0.8536, acc: 0.7435
2026-03-24 00:05:28,814 - INFO: Round 6, Speaker Fine-tune Epoch 1: No improvement in validation accuracy. Patience(epoch): 1/3
2026-03-24 00:05:29,083 - INFO: Epoch: [2][  0/301]	Time  0.263 ( 0.263)	Loss 4.5395e-01 (4.5395e-01)	Acc pseudo  82.81 ( 82.81)	Lr 1.000e-03 (1.000e-03)
2026-03-24 00:05:29,252 - INFO: Epoch: [2][ 50/301]	Time  0.004 ( 0.008)	Loss 5.3130e-01 (4.5334e-01)	Acc pseudo  84.38 ( 85.51)	Lr 1.000e-03 (1.000e-03)
2026-03-24 00:05:29,413 - INFO: Epoch: [2][100/301]	Time  0.004 ( 0.006)	Loss 6.9898e-01 (4.5969e-01)	Acc pseudo  82.81 ( 85.55)	Lr 1.000e-03 (1.000e-03)
2026-03-24 00:05:29,577 - INFO: Epoch: [2][150/301]	Time  0.003 ( 0.005)	Loss 4.1838e-01 (4.6105e-01)	Acc pseudo  84.38 ( 85.48)	Lr 1.000e-03 (1.000e-03)
2026-03-24 00:05:29,749 - INFO: Epoch: [2][200/301]	Time  0.003 ( 0.005)	Loss 3.9748e-01 (4.6952e-01)	Acc pseudo  90.62 ( 85.37)	Lr 1.000e-03 (1.000e-03)
2026-03-24 00:05:29,917 - INFO: Epoch: [2][250/301]	Time  0.003 ( 0.004)	Loss 5.4283e-01 (4.8075e-01)	Acc pseudo  89.06 ( 85.14)	Lr 1.000e-03 (1.000e-03)
2026-03-24 00:05:30,072 - INFO: Epoch: [2][300/301]	Time  0.003 ( 0.004)	Loss 3.5030e-01 (4.8892e-01)	Acc pseudo  92.00 ( 85.07)	Lr 1.000e-03 (1.000e-03)
2026-03-24 00:05:30,135 - INFO: Round 6, Fine-tune Epoch 2: loss=0.4889, acc(pseudo)=85.07%
2026-03-24 00:05:40,386 - INFO: Round 6, Fine-tune Epoch 2: acc(valid_pseudo): 0.9207, acc: 0.8245
2026-03-24 00:05:41,155 - INFO: Epoch: [3][  0/301]	Time  0.252 ( 0.252)	Loss 5.1160e-01 (5.1160e-01)	Acc pseudo  84.38 ( 84.38)	Lr 1.000e-03 (1.000e-03)
2026-03-24 00:05:41,348 - INFO: Epoch: [3][ 50/301]	Time  0.003 ( 0.009)	Loss 5.1505e-01 (4.7819e-01)	Acc pseudo  81.25 ( 84.93)	Lr 1.000e-03 (1.000e-03)
2026-03-24 00:05:41,524 - INFO: Epoch: [3][100/301]	Time  0.004 ( 0.006)	Loss 6.0080e-01 (4.7625e-01)	Acc pseudo  81.25 ( 84.84)	Lr 1.000e-03 (1.000e-03)
2026-03-24 00:05:41,698 - INFO: Epoch: [3][150/301]	Time  0.003 ( 0.005)	Loss 4.9792e-01 (4.7629e-01)	Acc pseudo  82.81 ( 85.01)	Lr 1.000e-03 (1.000e-03)
2026-03-24 00:05:41,861 - INFO: Epoch: [3][200/301]	Time  0.004 ( 0.005)	Loss 3.8532e-01 (4.7405e-01)	Acc pseudo  87.50 ( 85.12)	Lr 1.000e-03 (1.000e-03)
2026-03-24 00:05:42,027 - INFO: Epoch: [3][250/301]	Time  0.003 ( 0.004)	Loss 4.3620e-01 (4.7927e-01)	Acc pseudo  85.94 ( 85.04)	Lr 1.000e-03 (1.000e-03)
2026-03-24 00:05:42,169 - INFO: Epoch: [3][300/301]	Time  0.002 ( 0.004)	Loss 4.8165e-01 (4.7931e-01)	Acc pseudo  84.00 ( 85.06)	Lr 1.000e-03 (1.000e-03)
2026-03-24 00:05:42,234 - INFO: Round 6, Fine-tune Epoch 3: loss=0.4793, acc(pseudo)=85.06%
2026-03-24 00:05:50,043 - INFO: Round 6, Fine-tune Epoch 3: acc(valid_pseudo): 0.9140, acc: 0.8070
2026-03-24 00:05:50,043 - INFO: Round 6, Speaker Fine-tune Epoch 3: No improvement in validation accuracy. Patience(epoch): 1/3
2026-03-24 00:05:50,291 - INFO: Epoch: [4][  0/301]	Time  0.243 ( 0.243)	Loss 6.5151e-01 (6.5151e-01)	Acc pseudo  73.44 ( 73.44)	Lr 1.000e-03 (1.000e-03)
2026-03-24 00:05:50,487 - INFO: Epoch: [4][ 50/301]	Time  0.004 ( 0.009)	Loss 5.7018e-01 (4.8627e-01)	Acc pseudo  81.25 ( 85.42)	Lr 1.000e-03 (1.000e-03)
2026-03-24 00:05:50,654 - INFO: Epoch: [4][100/301]	Time  0.004 ( 0.006)	Loss 3.8843e-01 (4.7690e-01)	Acc pseudo  89.06 ( 85.47)	Lr 1.000e-03 (1.000e-03)
2026-03-24 00:05:50,811 - INFO: Epoch: [4][150/301]	Time  0.003 ( 0.005)	Loss 3.1314e-01 (4.7375e-01)	Acc pseudo  89.06 ( 85.44)	Lr 1.000e-03 (1.000e-03)
2026-03-24 00:05:50,965 - INFO: Epoch: [4][200/301]	Time  0.003 ( 0.004)	Loss 2.4724e-01 (4.6348e-01)	Acc pseudo  92.19 ( 85.64)	Lr 1.000e-03 (1.000e-03)
2026-03-24 00:05:51,123 - INFO: Epoch: [4][250/301]	Time  0.003 ( 0.004)	Loss 3.8761e-01 (4.6615e-01)	Acc pseudo  85.94 ( 85.55)	Lr 1.000e-03 (1.000e-03)
2026-03-24 00:05:51,287 - INFO: Epoch: [4][300/301]	Time  0.002 ( 0.004)	Loss 3.6177e-01 (4.6681e-01)	Acc pseudo  84.00 ( 85.53)	Lr 1.000e-03 (1.000e-03)
2026-03-24 00:05:51,352 - INFO: Round 6, Fine-tune Epoch 4: loss=0.4668, acc(pseudo)=85.53%
2026-03-24 00:06:00,022 - INFO: Round 6, Fine-tune Epoch 4: acc(valid_pseudo): 0.9023, acc: 0.8020
2026-03-24 00:06:00,023 - INFO: Round 6, Speaker Fine-tune Epoch 4: No improvement in validation accuracy. Patience(epoch): 2/3
2026-03-24 00:06:00,278 - INFO: Epoch: [5][  0/301]	Time  0.249 ( 0.249)	Loss 4.1479e-01 (4.1479e-01)	Acc pseudo  85.94 ( 85.94)	Lr 1.000e-03 (1.000e-03)
2026-03-24 00:06:00,480 - INFO: Epoch: [5][ 50/301]	Time  0.003 ( 0.009)	Loss 3.3186e-01 (4.2756e-01)	Acc pseudo  85.94 ( 86.09)	Lr 1.000e-03 (1.000e-03)
2026-03-24 00:06:00,643 - INFO: Epoch: [5][100/301]	Time  0.003 ( 0.006)	Loss 6.6117e-01 (4.3206e-01)	Acc pseudo  84.38 ( 86.08)	Lr 1.000e-03 (1.000e-03)
2026-03-24 00:06:00,813 - INFO: Epoch: [5][150/301]	Time  0.003 ( 0.005)	Loss 8.0096e-01 (4.4481e-01)	Acc pseudo  75.00 ( 85.89)	Lr 1.000e-03 (1.000e-03)
2026-03-24 00:06:00,971 - INFO: Epoch: [5][200/301]	Time  0.003 ( 0.005)	Loss 3.8961e-01 (4.4325e-01)	Acc pseudo  89.06 ( 85.88)	Lr 1.000e-03 (1.000e-03)
2026-03-24 00:06:01,136 - INFO: Epoch: [5][250/301]	Time  0.003 ( 0.004)	Loss 4.6181e-01 (4.4906e-01)	Acc pseudo  82.81 ( 85.96)	Lr 1.000e-03 (1.000e-03)
2026-03-24 00:06:01,291 - INFO: Epoch: [5][300/301]	Time  0.003 ( 0.004)	Loss 5.2678e-01 (4.5870e-01)	Acc pseudo  80.00 ( 85.64)	Lr 1.000e-03 (1.000e-03)
2026-03-24 00:06:01,358 - INFO: Round 6, Fine-tune Epoch 5: loss=0.4587, acc(pseudo)=85.64%
2026-03-24 00:06:10,323 - INFO: Round 6, Fine-tune Epoch 5: acc(valid_pseudo): 0.9041, acc: 0.8000
2026-03-24 00:06:10,323 - INFO: Round 6, Speaker Fine-tune Epoch 5: No improvement in validation accuracy. Patience(epoch): 3/3
2026-03-24 00:06:10,323 - INFO: Early stopping at epoch 5 due to no improvement in validation accuracy for 3 epochs.
2026-03-24 00:06:10,324 - INFO: Round 6: Best speaker fine-tuned epoch=2, acc(valid_pseudo)=0.9207
2026-03-24 00:06:10,395 - INFO: Using HMM model from previous round: runs/I love my family/exp_video_ablation/result/d/self_supervised/exp0/round5/pseudo_label/hmm_params.pkl
2026-03-24 00:09:26,985 - INFO: Round 6: speaker_acc=0.8110
2026-03-24 00:09:26,988 - INFO: ====================
2026-03-24 00:09:26,988 - INFO: Round 7: Fine-tuning iteration
2026-03-24 00:09:26,989 - INFO: ====================
2026-03-24 00:09:27,078 - INFO: Round 7 Part 1: Fine-tuning embedding model
2026-03-24 00:09:27,080 - INFO: Using pseudo-label file: runs/I love my family/exp_video_ablation/result/d/self_supervised/exp0/round6/pseudo_label/pseudo_labels_audio_hmmx_X_only(unreliable_pp=100.0).json
2026-03-24 00:09:27,117 - INFO: Fine-tuning speaker embedding model for 20 epochs...
2026-03-24 00:09:27,403 - INFO: Epoch: [0][  0/301]	Time  0.281 ( 0.281)	Loss 7.8587e-01 (7.8587e-01)	Acc pseudo  84.38 ( 84.38)	Lr 1.000e-03 (1.000e-03)
2026-03-24 00:09:27,596 - INFO: Epoch: [0][ 50/301]	Time  0.004 ( 0.009)	Loss 7.8159e-01 (5.0042e-01)	Acc pseudo  78.12 ( 85.23)	Lr 1.000e-03 (1.000e-03)
2026-03-24 00:09:27,776 - INFO: Epoch: [0][100/301]	Time  0.003 ( 0.006)	Loss 4.4637e-01 (5.0775e-01)	Acc pseudo  85.94 ( 85.57)	Lr 1.000e-03 (1.000e-03)
2026-03-24 00:09:27,937 - INFO: Epoch: [0][150/301]	Time  0.003 ( 0.005)	Loss 1.9092e+00 (5.2180e-01)	Acc pseudo  78.12 ( 85.32)	Lr 1.000e-03 (1.000e-03)
2026-03-24 00:09:28,098 - INFO: Epoch: [0][200/301]	Time  0.004 ( 0.005)	Loss 3.4092e-01 (5.1982e-01)	Acc pseudo  85.94 ( 85.19)	Lr 1.000e-03 (1.000e-03)
2026-03-24 00:09:28,263 - INFO: Epoch: [0][250/301]	Time  0.004 ( 0.004)	Loss 4.9038e-01 (5.1654e-01)	Acc pseudo  84.38 ( 84.98)	Lr 1.000e-03 (1.000e-03)
2026-03-24 00:09:28,419 - INFO: Epoch: [0][300/301]	Time  0.002 ( 0.004)	Loss 6.1981e-01 (5.1919e-01)	Acc pseudo  80.00 ( 85.02)	Lr 1.000e-03 (1.000e-03)
2026-03-24 00:09:28,487 - INFO: Round 7, Fine-tune Epoch 0: loss=0.5192, acc(pseudo)=85.02%
2026-03-24 00:09:37,424 - INFO: Round 7, Fine-tune Epoch 0: acc(valid_pseudo): 0.9169, acc: 0.8210
2026-03-24 00:09:38,301 - INFO: Epoch: [1][  0/301]	Time  0.311 ( 0.311)	Loss 5.7647e-01 (5.7647e-01)	Acc pseudo  81.25 ( 81.25)	Lr 1.000e-03 (1.000e-03)
2026-03-24 00:09:38,490 - INFO: Epoch: [1][ 50/301]	Time  0.004 ( 0.010)	Loss 2.2013e-01 (4.6547e-01)	Acc pseudo  93.75 ( 85.14)	Lr 1.000e-03 (1.000e-03)
2026-03-24 00:09:38,681 - INFO: Epoch: [1][100/301]	Time  0.003 ( 0.007)	Loss 6.0827e-01 (4.7946e-01)	Acc pseudo  85.94 ( 85.16)	Lr 1.000e-03 (1.000e-03)
2026-03-24 00:09:38,846 - INFO: Epoch: [1][150/301]	Time  0.004 ( 0.006)	Loss 4.8803e-01 (4.7498e-01)	Acc pseudo  82.81 ( 85.54)	Lr 1.000e-03 (1.000e-03)
2026-03-24 00:09:39,014 - INFO: Epoch: [1][200/301]	Time  0.004 ( 0.005)	Loss 4.4294e-01 (4.8710e-01)	Acc pseudo  89.06 ( 85.28)	Lr 1.000e-03 (1.000e-03)
2026-03-24 00:09:39,200 - INFO: Epoch: [1][250/301]	Time  0.004 ( 0.005)	Loss 4.1254e-01 (4.9981e-01)	Acc pseudo  84.38 ( 84.92)	Lr 1.000e-03 (1.000e-03)
2026-03-24 00:09:39,350 - INFO: Epoch: [1][300/301]	Time  0.002 ( 0.004)	Loss 3.0032e-01 (5.0104e-01)	Acc pseudo  84.00 ( 84.81)	Lr 1.000e-03 (1.000e-03)
2026-03-24 00:09:39,418 - INFO: Round 7, Fine-tune Epoch 1: loss=0.5010, acc(pseudo)=84.81%
2026-03-24 00:09:48,978 - INFO: Round 7, Fine-tune Epoch 1: acc(valid_pseudo): 0.9169, acc: 0.7955
2026-03-24 00:09:48,978 - INFO: Round 7, Speaker Fine-tune Epoch 1: No improvement in validation accuracy. Patience(epoch): 1/3
2026-03-24 00:09:49,309 - INFO: Epoch: [2][  0/301]	Time  0.325 ( 0.325)	Loss 5.7803e-01 (5.7803e-01)	Acc pseudo  85.94 ( 85.94)	Lr 1.000e-03 (1.000e-03)
2026-03-24 00:09:49,502 - INFO: Epoch: [2][ 50/301]	Time  0.003 ( 0.010)	Loss 7.9321e-01 (4.4656e-01)	Acc pseudo  81.25 ( 85.78)	Lr 1.000e-03 (1.000e-03)
2026-03-24 00:09:49,669 - INFO: Epoch: [2][100/301]	Time  0.003 ( 0.007)	Loss 6.0129e-01 (4.5666e-01)	Acc pseudo  81.25 ( 86.11)	Lr 1.000e-03 (1.000e-03)
2026-03-24 00:09:49,842 - INFO: Epoch: [2][150/301]	Time  0.003 ( 0.006)	Loss 4.1848e-01 (4.5780e-01)	Acc pseudo  85.94 ( 85.85)	Lr 1.000e-03 (1.000e-03)
2026-03-24 00:09:50,030 - INFO: Epoch: [2][200/301]	Time  0.003 ( 0.005)	Loss 3.0259e-01 (4.6078e-01)	Acc pseudo  89.06 ( 85.73)	Lr 1.000e-03 (1.000e-03)
2026-03-24 00:09:50,216 - INFO: Epoch: [2][250/301]	Time  0.004 ( 0.005)	Loss 3.9784e-01 (4.6090e-01)	Acc pseudo  89.06 ( 85.70)	Lr 1.000e-03 (1.000e-03)
2026-03-24 00:09:50,393 - INFO: Epoch: [2][300/301]	Time  0.003 ( 0.005)	Loss 2.7820e-01 (4.6450e-01)	Acc pseudo  92.00 ( 85.64)	Lr 1.000e-03 (1.000e-03)
2026-03-24 00:09:50,463 - INFO: Round 7, Fine-tune Epoch 2: loss=0.4645, acc(pseudo)=85.64%
2026-03-24 00:09:59,447 - INFO: Round 7, Fine-tune Epoch 2: acc(valid_pseudo): 0.9224, acc: 0.8305
2026-03-24 00:10:00,271 - INFO: Epoch: [3][  0/301]	Time  0.266 ( 0.266)	Loss 4.0400e-01 (4.0400e-01)	Acc pseudo  85.94 ( 85.94)	Lr 1.000e-03 (1.000e-03)
2026-03-24 00:10:00,462 - INFO: Epoch: [3][ 50/301]	Time  0.005 ( 0.009)	Loss 4.8239e-01 (4.5739e-01)	Acc pseudo  90.62 ( 85.88)	Lr 1.000e-03 (1.000e-03)
2026-03-24 00:10:00,618 - INFO: Epoch: [3][100/301]	Time  0.003 ( 0.006)	Loss 3.8193e-01 (4.5207e-01)	Acc pseudo  87.50 ( 85.77)	Lr 1.000e-03 (1.000e-03)
2026-03-24 00:10:00,773 - INFO: Epoch: [3][150/301]	Time  0.003 ( 0.005)	Loss 6.3825e-01 (4.4374e-01)	Acc pseudo  76.56 ( 85.89)	Lr 1.000e-03 (1.000e-03)
2026-03-24 00:10:00,928 - INFO: Epoch: [3][200/301]	Time  0.003 ( 0.004)	Loss 4.2636e-01 (4.5233e-01)	Acc pseudo  85.94 ( 85.70)	Lr 1.000e-03 (1.000e-03)
2026-03-24 00:10:01,084 - INFO: Epoch: [3][250/301]	Time  0.004 ( 0.004)	Loss 4.5320e-01 (4.5585e-01)	Acc pseudo  82.81 ( 85.71)	Lr 1.000e-03 (1.000e-03)
2026-03-24 00:10:01,237 - INFO: Epoch: [3][300/301]	Time  0.002 ( 0.004)	Loss 4.4635e-01 (4.5986e-01)	Acc pseudo  76.00 ( 85.61)	Lr 1.000e-03 (1.000e-03)
2026-03-24 00:10:01,303 - INFO: Round 7, Fine-tune Epoch 3: loss=0.4599, acc(pseudo)=85.61%
2026-03-24 00:10:10,817 - INFO: Round 7, Fine-tune Epoch 3: acc(valid_pseudo): 0.8921, acc: 0.7680
2026-03-24 00:10:10,817 - INFO: Round 7, Speaker Fine-tune Epoch 3: No improvement in validation accuracy. Patience(epoch): 1/3
2026-03-24 00:10:11,094 - INFO: Epoch: [4][  0/301]	Time  0.271 ( 0.271)	Loss 4.3025e-01 (4.3025e-01)	Acc pseudo  85.94 ( 85.94)	Lr 1.000e-03 (1.000e-03)
2026-03-24 00:10:11,310 - INFO: Epoch: [4][ 50/301]	Time  0.004 ( 0.009)	Loss 4.9801e-01 (4.4664e-01)	Acc pseudo  82.81 ( 85.72)	Lr 1.000e-03 (1.000e-03)
2026-03-24 00:10:11,503 - INFO: Epoch: [4][100/301]	Time  0.004 ( 0.007)	Loss 6.0821e-01 (4.3903e-01)	Acc pseudo  82.81 ( 85.50)	Lr 1.000e-03 (1.000e-03)
2026-03-24 00:10:11,704 - INFO: Epoch: [4][150/301]	Time  0.004 ( 0.006)	Loss 2.8900e-01 (4.3654e-01)	Acc pseudo  87.50 ( 85.82)	Lr 1.000e-03 (1.000e-03)
2026-03-24 00:10:11,904 - INFO: Epoch: [4][200/301]	Time  0.005 ( 0.005)	Loss 2.0197e-01 (4.3687e-01)	Acc pseudo  93.75 ( 86.00)	Lr 1.000e-03 (1.000e-03)
2026-03-24 00:10:12,159 - INFO: Epoch: [4][250/301]	Time  0.005 ( 0.005)	Loss 4.3887e-01 (4.4107e-01)	Acc pseudo  85.94 ( 85.97)	Lr 1.000e-03 (1.000e-03)
2026-03-24 00:10:12,360 - INFO: Epoch: [4][300/301]	Time  0.002 ( 0.005)	Loss 2.6522e-01 (4.4583e-01)	Acc pseudo  88.00 ( 85.82)	Lr 1.000e-03 (1.000e-03)
2026-03-24 00:10:12,433 - INFO: Round 7, Fine-tune Epoch 4: loss=0.4458, acc(pseudo)=85.82%
2026-03-24 00:10:22,457 - INFO: Round 7, Fine-tune Epoch 4: acc(valid_pseudo): 0.8973, acc: 0.7910
2026-03-24 00:10:22,457 - INFO: Round 7, Speaker Fine-tune Epoch 4: No improvement in validation accuracy. Patience(epoch): 2/3
2026-03-24 00:10:22,697 - INFO: Epoch: [5][  0/301]	Time  0.234 ( 0.234)	Loss 5.4230e-01 (5.4230e-01)	Acc pseudo  85.94 ( 85.94)	Lr 1.000e-03 (1.000e-03)
2026-03-24 00:10:23,006 - INFO: Epoch: [5][ 50/301]	Time  0.003 ( 0.011)	Loss 3.4119e-01 (4.3758e-01)	Acc pseudo  87.50 ( 86.76)	Lr 1.000e-03 (1.000e-03)
2026-03-24 00:10:23,157 - INFO: Epoch: [5][100/301]	Time  0.003 ( 0.007)	Loss 7.8021e-01 (4.1763e-01)	Acc pseudo  78.12 ( 86.85)	Lr 1.000e-03 (1.000e-03)
2026-03-24 00:10:23,310 - INFO: Epoch: [5][150/301]	Time  0.003 ( 0.006)	Loss 4.8912e-01 (4.1716e-01)	Acc pseudo  87.50 ( 86.88)	Lr 1.000e-03 (1.000e-03)
2026-03-24 00:10:23,472 - INFO: Epoch: [5][200/301]	Time  0.003 ( 0.005)	Loss 3.7568e-01 (4.2310e-01)	Acc pseudo  81.25 ( 86.89)	Lr 1.000e-03 (1.000e-03)
2026-03-24 00:10:23,624 - INFO: Epoch: [5][250/301]	Time  0.003 ( 0.005)	Loss 3.6966e-01 (4.2551e-01)	Acc pseudo  87.50 ( 86.88)	Lr 1.000e-03 (1.000e-03)
2026-03-24 00:10:23,767 - INFO: Epoch: [5][300/301]	Time  0.002 ( 0.004)	Loss 6.0608e-01 (4.3472e-01)	Acc pseudo  76.00 ( 86.51)	Lr 1.000e-03 (1.000e-03)
2026-03-24 00:10:23,834 - INFO: Round 7, Fine-tune Epoch 5: loss=0.4347, acc(pseudo)=86.51%
2026-03-24 00:10:31,817 - INFO: Round 7, Fine-tune Epoch 5: acc(valid_pseudo): 0.9236, acc: 0.8145
2026-03-24 00:10:32,662 - INFO: Epoch: [6][  0/301]	Time  0.269 ( 0.269)	Loss 5.9804e-01 (5.9804e-01)	Acc pseudo  78.12 ( 78.12)	Lr 1.000e-03 (1.000e-03)
2026-03-24 00:10:32,872 - INFO: Epoch: [6][ 50/301]	Time  0.004 ( 0.009)	Loss 3.2988e-01 (4.6115e-01)	Acc pseudo  87.50 ( 85.11)	Lr 1.000e-03 (1.000e-03)
2026-03-24 00:10:33,064 - INFO: Epoch: [6][100/301]	Time  0.003 ( 0.007)	Loss 5.0034e-01 (4.8585e-01)	Acc pseudo  76.56 ( 84.78)	Lr 1.000e-03 (1.000e-03)
2026-03-24 00:10:33,253 - INFO: Epoch: [6][150/301]	Time  0.004 ( 0.006)	Loss 4.9500e-01 (4.9871e-01)	Acc pseudo  84.38 ( 84.44)	Lr 1.000e-03 (1.000e-03)
2026-03-24 00:10:33,423 - INFO: Epoch: [6][200/301]	Time  0.003 ( 0.005)	Loss 3.2258e-01 (4.9804e-01)	Acc pseudo  85.94 ( 84.50)	Lr 1.000e-03 (1.000e-03)
2026-03-24 00:10:33,586 - INFO: Epoch: [6][250/301]	Time  0.004 ( 0.005)	Loss 5.5363e-01 (5.0438e-01)	Acc pseudo  85.94 ( 84.42)	Lr 1.000e-03 (1.000e-03)
2026-03-24 00:10:33,738 - INFO: Epoch: [6][300/301]	Time  0.002 ( 0.004)	Loss 5.5556e-01 (5.0481e-01)	Acc pseudo  76.00 ( 84.16)	Lr 1.000e-03 (1.000e-03)
2026-03-24 00:10:33,807 - INFO: Round 7, Fine-tune Epoch 6: loss=0.5048, acc(pseudo)=84.16%
2026-03-24 00:10:43,538 - INFO: Round 7, Fine-tune Epoch 6: acc(valid_pseudo): 0.9160, acc: 0.7960
2026-03-24 00:10:43,538 - INFO: Round 7, Speaker Fine-tune Epoch 6: No improvement in validation accuracy. Patience(epoch): 1/3
2026-03-24 00:10:43,783 - INFO: Epoch: [7][  0/301]	Time  0.239 ( 0.239)	Loss 2.4367e-01 (2.4367e-01)	Acc pseudo  90.62 ( 90.62)	Lr 1.000e-03 (1.000e-03)
2026-03-24 00:10:43,978 - INFO: Epoch: [7][ 50/301]	Time  0.003 ( 0.008)	Loss 3.8596e-01 (4.5699e-01)	Acc pseudo  84.38 ( 85.51)	Lr 1.000e-03 (1.000e-03)
2026-03-24 00:10:44,140 - INFO: Epoch: [7][100/301]	Time  0.003 ( 0.006)	Loss 3.4630e-01 (4.8618e-01)	Acc pseudo  90.62 ( 84.67)	Lr 1.000e-03 (1.000e-03)
2026-03-24 00:10:44,294 - INFO: Epoch: [7][150/301]	Time  0.003 ( 0.005)	Loss 8.3576e-01 (4.8899e-01)	Acc pseudo  73.44 ( 84.54)	Lr 1.000e-03 (1.000e-03)
2026-03-24 00:10:44,452 - INFO: Epoch: [7][200/301]	Time  0.003 ( 0.004)	Loss 6.0717e-01 (4.9670e-01)	Acc pseudo  82.81 ( 84.31)	Lr 1.000e-03 (1.000e-03)
2026-03-24 00:10:44,609 - INFO: Epoch: [7][250/301]	Time  0.003 ( 0.004)	Loss 8.7853e-01 (5.0208e-01)	Acc pseudo  78.12 ( 84.18)	Lr 1.000e-03 (1.000e-03)
2026-03-24 00:10:44,761 - INFO: Epoch: [7][300/301]	Time  0.002 ( 0.004)	Loss 1.7922e-01 (5.0048e-01)	Acc pseudo  96.00 ( 84.20)	Lr 1.000e-03 (1.000e-03)
2026-03-24 00:10:44,828 - INFO: Round 7, Fine-tune Epoch 7: loss=0.5005, acc(pseudo)=84.20%
2026-03-24 00:10:53,312 - INFO: Round 7, Fine-tune Epoch 7: acc(valid_pseudo): 0.9291, acc: 0.8185
2026-03-24 00:10:54,175 - INFO: Epoch: [8][  0/301]	Time  0.340 ( 0.340)	Loss 5.8575e-01 (5.8575e-01)	Acc pseudo  75.00 ( 75.00)	Lr 1.000e-03 (1.000e-03)
2026-03-24 00:10:54,359 - INFO: Epoch: [8][ 50/301]	Time  0.004 ( 0.010)	Loss 7.7106e-01 (4.8283e-01)	Acc pseudo  76.56 ( 85.20)	Lr 1.000e-03 (1.000e-03)
2026-03-24 00:10:54,533 - INFO: Epoch: [8][100/301]	Time  0.003 ( 0.007)	Loss 4.3369e-01 (4.7255e-01)	Acc pseudo  84.38 ( 85.32)	Lr 1.000e-03 (1.000e-03)
2026-03-24 00:10:54,694 - INFO: Epoch: [8][150/301]	Time  0.003 ( 0.006)	Loss 4.3805e-01 (4.8311e-01)	Acc pseudo  84.38 ( 84.68)	Lr 1.000e-03 (1.000e-03)
2026-03-24 00:10:54,848 - INFO: Epoch: [8][200/301]	Time  0.003 ( 0.005)	Loss 5.8124e-01 (4.8616e-01)	Acc pseudo  81.25 ( 84.63)	Lr 1.000e-03 (1.000e-03)
2026-03-24 00:10:55,008 - INFO: Epoch: [8][250/301]	Time  0.003 ( 0.005)	Loss 5.2677e-01 (4.9000e-01)	Acc pseudo  87.50 ( 84.51)	Lr 1.000e-03 (1.000e-03)
2026-03-24 00:10:55,157 - INFO: Epoch: [8][300/301]	Time  0.003 ( 0.004)	Loss 6.2226e-01 (4.9498e-01)	Acc pseudo  88.00 ( 84.36)	Lr 1.000e-03 (1.000e-03)
2026-03-24 00:10:55,229 - INFO: Round 7, Fine-tune Epoch 8: loss=0.4950, acc(pseudo)=84.36%
2026-03-24 00:11:03,982 - INFO: Round 7, Fine-tune Epoch 8: acc(valid_pseudo): 0.9043, acc: 0.7785
2026-03-24 00:11:03,982 - INFO: Round 7, Speaker Fine-tune Epoch 8: No improvement in validation accuracy. Patience(epoch): 1/3
2026-03-24 00:11:04,299 - INFO: Epoch: [9][  0/301]	Time  0.309 ( 0.309)	Loss 4.3960e-01 (4.3960e-01)	Acc pseudo  79.69 ( 79.69)	Lr 1.000e-03 (1.000e-03)
2026-03-24 00:11:04,485 - INFO: Epoch: [9][ 50/301]	Time  0.002 ( 0.010)	Loss 3.6097e-01 (4.5560e-01)	Acc pseudo  82.81 ( 84.62)	Lr 1.000e-03 (1.000e-03)
2026-03-24 00:11:04,655 - INFO: Epoch: [9][100/301]	Time  0.003 ( 0.006)	Loss 1.9762e-01 (4.7368e-01)	Acc pseudo  93.75 ( 84.45)	Lr 1.000e-03 (1.000e-03)
2026-03-24 00:11:04,826 - INFO: Epoch: [9][150/301]	Time  0.003 ( 0.005)	Loss 5.6867e-01 (4.8226e-01)	Acc pseudo  85.94 ( 84.07)	Lr 1.000e-03 (1.000e-03)
2026-03-24 00:11:04,977 - INFO: Epoch: [9][200/301]	Time  0.003 ( 0.005)	Loss 3.9880e-01 (4.7910e-01)	Acc pseudo  89.06 ( 84.27)	Lr 1.000e-03 (1.000e-03)
2026-03-24 00:11:05,133 - INFO: Epoch: [9][250/301]	Time  0.003 ( 0.004)	Loss 5.9348e-01 (4.8266e-01)	Acc pseudo  84.38 ( 84.35)	Lr 1.000e-03 (1.000e-03)
2026-03-24 00:11:05,290 - INFO: Epoch: [9][300/301]	Time  0.002 ( 0.004)	Loss 6.1295e-01 (4.8291e-01)	Acc pseudo  80.00 ( 84.49)	Lr 1.000e-03 (1.000e-03)
2026-03-24 00:11:05,375 - INFO: Round 7, Fine-tune Epoch 9: loss=0.4829, acc(pseudo)=84.49%
2026-03-24 00:11:13,300 - INFO: Round 7, Fine-tune Epoch 9: acc(valid_pseudo): 0.9099, acc: 0.8095
2026-03-24 00:11:13,300 - INFO: Round 7, Speaker Fine-tune Epoch 9: No improvement in validation accuracy. Patience(epoch): 2/3
2026-03-24 00:11:13,635 - INFO: Epoch: [10][  0/301]	Time  0.329 ( 0.329)	Loss 4.3802e-01 (4.3802e-01)	Acc pseudo  81.25 ( 81.25)	Lr 1.000e-03 (1.000e-03)
2026-03-24 00:11:13,806 - INFO: Epoch: [10][ 50/301]	Time  0.003 ( 0.010)	Loss 3.8330e-01 (4.7573e-01)	Acc pseudo  89.06 ( 84.90)	Lr 1.000e-03 (1.000e-03)
2026-03-24 00:11:13,973 - INFO: Epoch: [10][100/301]	Time  0.003 ( 0.007)	Loss 4.4574e-01 (4.7186e-01)	Acc pseudo  82.81 ( 85.38)	Lr 1.000e-03 (1.000e-03)
2026-03-24 00:11:14,140 - INFO: Epoch: [10][150/301]	Time  0.003 ( 0.005)	Loss 4.4326e-01 (4.6927e-01)	Acc pseudo  84.38 ( 85.39)	Lr 1.000e-03 (1.000e-03)
2026-03-24 00:11:14,319 - INFO: Epoch: [10][200/301]	Time  0.004 ( 0.005)	Loss 3.9399e-01 (4.8292e-01)	Acc pseudo  87.50 ( 85.01)	Lr 1.000e-03 (1.000e-03)
2026-03-24 00:11:14,489 - INFO: Epoch: [10][250/301]	Time  0.003 ( 0.005)	Loss 2.2913e-01 (4.7833e-01)	Acc pseudo  93.75 ( 85.20)	Lr 1.000e-03 (1.000e-03)
2026-03-24 00:11:14,639 - INFO: Epoch: [10][300/301]	Time  0.002 ( 0.004)	Loss 4.4523e-01 (4.8767e-01)	Acc pseudo  84.00 ( 84.92)	Lr 1.000e-03 (1.000e-03)
2026-03-24 00:11:14,709 - INFO: Round 7, Fine-tune Epoch 10: loss=0.4877, acc(pseudo)=84.92%
2026-03-24 00:11:23,980 - INFO: Round 7, Fine-tune Epoch 10: acc(valid_pseudo): 0.8673, acc: 0.7465
2026-03-24 00:11:23,980 - INFO: Round 7, Speaker Fine-tune Epoch 10: No improvement in validation accuracy. Patience(epoch): 3/3
2026-03-24 00:11:23,981 - INFO: Early stopping at epoch 10 due to no improvement in validation accuracy for 3 epochs.
2026-03-24 00:11:23,982 - INFO: Round 7: Best speaker fine-tuned epoch=7, acc(valid_pseudo)=0.9291
2026-03-24 00:11:23,999 - INFO: Using HMM model from previous round: runs/I love my family/exp_video_ablation/result/d/self_supervised/exp0/round6/pseudo_label/hmm_params.pkl
2026-03-24 00:15:49,940 - INFO: Round 7: speaker_acc=0.8115
2026-03-24 00:15:49,944 - INFO: ====================
2026-03-24 00:15:49,944 - INFO: Round 8: Fine-tuning iteration
2026-03-24 00:15:49,944 - INFO: ====================
2026-03-24 00:15:50,015 - INFO: Round 8 Part 1: Fine-tuning embedding model
2026-03-24 00:15:50,018 - INFO: Using pseudo-label file: runs/I love my family/exp_video_ablation/result/d/self_supervised/exp0/round7/pseudo_label/pseudo_labels_audio_hmmx_X_only(unreliable_pp=100.0).json
2026-03-24 00:15:50,074 - INFO: Fine-tuning speaker embedding model for 20 epochs...
2026-03-24 00:15:50,373 - INFO: Epoch: [0][  0/301]	Time  0.292 ( 0.292)	Loss 4.4419e-01 (4.4419e-01)	Acc pseudo  89.06 ( 89.06)	Lr 1.000e-03 (1.000e-03)
2026-03-24 00:15:50,594 - INFO: Epoch: [0][ 50/301]	Time  0.004 ( 0.010)	Loss 4.2977e-01 (4.8139e-01)	Acc pseudo  84.38 ( 85.69)	Lr 1.000e-03 (1.000e-03)
2026-03-24 00:15:50,792 - INFO: Epoch: [0][100/301]	Time  0.004 ( 0.007)	Loss 4.5501e-01 (4.7540e-01)	Acc pseudo  84.38 ( 85.83)	Lr 1.000e-03 (1.000e-03)
2026-03-24 00:15:50,988 - INFO: Epoch: [0][150/301]	Time  0.004 ( 0.006)	Loss 6.1724e-01 (4.6589e-01)	Acc pseudo  84.38 ( 86.05)	Lr 1.000e-03 (1.000e-03)
2026-03-24 00:15:51,182 - INFO: Epoch: [0][200/301]	Time  0.004 ( 0.005)	Loss 3.2561e-01 (4.8014e-01)	Acc pseudo  89.06 ( 85.62)	Lr 1.000e-03 (1.000e-03)
2026-03-24 00:15:51,355 - INFO: Epoch: [0][250/301]	Time  0.003 ( 0.005)	Loss 3.8876e-01 (4.7325e-01)	Acc pseudo  87.50 ( 85.63)	Lr 1.000e-03 (1.000e-03)
2026-03-24 00:15:51,512 - INFO: Epoch: [0][300/301]	Time  0.002 ( 0.005)	Loss 7.5143e-01 (4.7654e-01)	Acc pseudo  68.00 ( 85.61)	Lr 1.000e-03 (1.000e-03)
2026-03-24 00:15:51,578 - INFO: Round 8, Fine-tune Epoch 0: loss=0.4765, acc(pseudo)=85.61%
2026-03-24 00:15:59,586 - INFO: Round 8, Fine-tune Epoch 0: acc(valid_pseudo): 0.9218, acc: 0.8145
2026-03-24 00:16:00,642 - INFO: Epoch: [1][  0/301]	Time  0.371 ( 0.371)	Loss 8.0313e-01 (8.0313e-01)	Acc pseudo  78.12 ( 78.12)	Lr 1.000e-03 (1.000e-03)
2026-03-24 00:16:00,822 - INFO: Epoch: [1][ 50/301]	Time  0.003 ( 0.011)	Loss 2.1609e-01 (4.4318e-01)	Acc pseudo  93.75 ( 86.27)	Lr 1.000e-03 (1.000e-03)
2026-03-24 00:16:00,984 - INFO: Epoch: [1][100/301]	Time  0.003 ( 0.007)	Loss 4.5089e-01 (4.4017e-01)	Acc pseudo  87.50 ( 86.28)	Lr 1.000e-03 (1.000e-03)
2026-03-24 00:16:01,141 - INFO: Epoch: [1][150/301]	Time  0.003 ( 0.006)	Loss 5.8437e-01 (4.3564e-01)	Acc pseudo  84.38 ( 86.51)	Lr 1.000e-03 (1.000e-03)
2026-03-24 00:16:01,308 - INFO: Epoch: [1][200/301]	Time  0.004 ( 0.005)	Loss 4.4968e-01 (4.4923e-01)	Acc pseudo  84.38 ( 86.33)	Lr 1.000e-03 (1.000e-03)
2026-03-24 00:16:01,487 - INFO: Epoch: [1][250/301]	Time  0.004 ( 0.005)	Loss 3.4048e-01 (4.5634e-01)	Acc pseudo  87.50 ( 86.00)	Lr 1.000e-03 (1.000e-03)
2026-03-24 00:16:01,643 - INFO: Epoch: [1][300/301]	Time  0.002 ( 0.004)	Loss 2.7732e-01 (4.5795e-01)	Acc pseudo  88.00 ( 85.93)	Lr 1.000e-03 (1.000e-03)
2026-03-24 00:16:01,710 - INFO: Round 8, Fine-tune Epoch 1: loss=0.4579, acc(pseudo)=85.93%
2026-03-24 00:16:09,587 - INFO: Round 8, Fine-tune Epoch 1: acc(valid_pseudo): 0.9186, acc: 0.8000
2026-03-24 00:16:09,587 - INFO: Round 8, Speaker Fine-tune Epoch 1: No improvement in validation accuracy. Patience(epoch): 1/3
2026-03-24 00:16:09,830 - INFO: Epoch: [2][  0/301]	Time  0.237 ( 0.237)	Loss 5.1387e-01 (5.1387e-01)	Acc pseudo  85.94 ( 85.94)	Lr 1.000e-03 (1.000e-03)
2026-03-24 00:16:10,004 - INFO: Epoch: [2][ 50/301]	Time  0.003 ( 0.008)	Loss 4.5486e-01 (4.0460e-01)	Acc pseudo  84.38 ( 86.43)	Lr 1.000e-03 (1.000e-03)
2026-03-24 00:16:10,164 - INFO: Epoch: [2][100/301]	Time  0.003 ( 0.006)	Loss 4.3859e-01 (4.1002e-01)	Acc pseudo  81.25 ( 86.54)	Lr 1.000e-03 (1.000e-03)
2026-03-24 00:16:10,316 - INFO: Epoch: [2][150/301]	Time  0.003 ( 0.005)	Loss 3.1944e-01 (4.1440e-01)	Acc pseudo  84.38 ( 86.65)	Lr 1.000e-03 (1.000e-03)
2026-03-24 00:16:10,468 - INFO: Epoch: [2][200/301]	Time  0.003 ( 0.004)	Loss 3.0170e-01 (4.2069e-01)	Acc pseudo  87.50 ( 86.38)	Lr 1.000e-03 (1.000e-03)
2026-03-24 00:16:10,623 - INFO: Epoch: [2][250/301]	Time  0.003 ( 0.004)	Loss 4.2864e-01 (4.2385e-01)	Acc pseudo  87.50 ( 86.33)	Lr 1.000e-03 (1.000e-03)
2026-03-24 00:16:10,765 - INFO: Epoch: [2][300/301]	Time  0.002 ( 0.004)	Loss 2.5368e-01 (4.2816e-01)	Acc pseudo  92.00 ( 86.24)	Lr 1.000e-03 (1.000e-03)
2026-03-24 00:16:10,834 - INFO: Round 8, Fine-tune Epoch 2: loss=0.4282, acc(pseudo)=86.24%
2026-03-24 00:16:20,859 - INFO: Round 8, Fine-tune Epoch 2: acc(valid_pseudo): 0.9093, acc: 0.8180
2026-03-24 00:16:20,860 - INFO: Round 8, Speaker Fine-tune Epoch 2: No improvement in validation accuracy. Patience(epoch): 2/3
2026-03-24 00:16:21,158 - INFO: Epoch: [3][  0/301]	Time  0.290 ( 0.290)	Loss 4.2684e-01 (4.2684e-01)	Acc pseudo  82.81 ( 82.81)	Lr 1.000e-03 (1.000e-03)
2026-03-24 00:16:21,359 - INFO: Epoch: [3][ 50/301]	Time  0.004 ( 0.010)	Loss 4.1051e-01 (4.3227e-01)	Acc pseudo  85.94 ( 86.76)	Lr 1.000e-03 (1.000e-03)
2026-03-24 00:16:21,562 - INFO: Epoch: [3][100/301]	Time  0.004 ( 0.007)	Loss 5.2356e-01 (4.2828e-01)	Acc pseudo  82.81 ( 86.56)	Lr 1.000e-03 (1.000e-03)
2026-03-24 00:16:21,743 - INFO: Epoch: [3][150/301]	Time  0.004 ( 0.006)	Loss 4.7735e-01 (4.1786e-01)	Acc pseudo  85.94 ( 86.96)	Lr 1.000e-03 (1.000e-03)
2026-03-24 00:16:21,904 - INFO: Epoch: [3][200/301]	Time  0.003 ( 0.005)	Loss 3.6891e-01 (4.1991e-01)	Acc pseudo  87.50 ( 86.95)	Lr 1.000e-03 (1.000e-03)
2026-03-24 00:16:22,072 - INFO: Epoch: [3][250/301]	Time  0.003 ( 0.005)	Loss 3.1284e-01 (4.2128e-01)	Acc pseudo  85.94 ( 86.86)	Lr 1.000e-03 (1.000e-03)
2026-03-24 00:16:22,231 - INFO: Epoch: [3][300/301]	Time  0.002 ( 0.004)	Loss 2.6894e-01 (4.2360e-01)	Acc pseudo  96.00 ( 86.68)	Lr 1.000e-03 (1.000e-03)
2026-03-24 00:16:22,296 - INFO: Round 8, Fine-tune Epoch 3: loss=0.4236, acc(pseudo)=86.68%
2026-03-24 00:16:31,341 - INFO: Round 8, Fine-tune Epoch 3: acc(valid_pseudo): 0.9318, acc: 0.8190
2026-03-24 00:16:32,127 - INFO: Epoch: [4][  0/301]	Time  0.255 ( 0.255)	Loss 4.3858e-01 (4.3858e-01)	Acc pseudo  84.38 ( 84.38)	Lr 1.000e-03 (1.000e-03)
2026-03-24 00:16:32,311 - INFO: Epoch: [4][ 50/301]	Time  0.003 ( 0.009)	Loss 4.4633e-01 (4.0587e-01)	Acc pseudo  85.94 ( 87.25)	Lr 1.000e-03 (1.000e-03)
2026-03-24 00:16:32,472 - INFO: Epoch: [4][100/301]	Time  0.003 ( 0.006)	Loss 3.0712e-01 (4.0418e-01)	Acc pseudo  89.06 ( 86.94)	Lr 1.000e-03 (1.000e-03)
2026-03-24 00:16:32,630 - INFO: Epoch: [4][150/301]	Time  0.003 ( 0.005)	Loss 2.7659e-01 (4.1489e-01)	Acc pseudo  89.06 ( 86.81)	Lr 1.000e-03 (1.000e-03)
2026-03-24 00:16:32,780 - INFO: Epoch: [4][200/301]	Time  0.003 ( 0.004)	Loss 2.1590e-01 (4.1187e-01)	Acc pseudo  93.75 ( 87.00)	Lr 1.000e-03 (1.000e-03)
2026-03-24 00:16:32,933 - INFO: Epoch: [4][250/301]	Time  0.003 ( 0.004)	Loss 3.5900e-01 (4.1169e-01)	Acc pseudo  85.94 ( 87.05)	Lr 1.000e-03 (1.000e-03)
2026-03-24 00:16:33,083 - INFO: Epoch: [4][300/301]	Time  0.002 ( 0.004)	Loss 2.2702e-01 (4.1378e-01)	Acc pseudo  88.00 ( 86.91)	Lr 1.000e-03 (1.000e-03)
2026-03-24 00:16:33,152 - INFO: Round 8, Fine-tune Epoch 4: loss=0.4138, acc(pseudo)=86.91%
2026-03-24 00:16:41,549 - INFO: Round 8, Fine-tune Epoch 4: acc(valid_pseudo): 0.8927, acc: 0.7820
2026-03-24 00:16:41,549 - INFO: Round 8, Speaker Fine-tune Epoch 4: No improvement in validation accuracy. Patience(epoch): 1/3
2026-03-24 00:16:41,809 - INFO: Epoch: [5][  0/301]	Time  0.254 ( 0.254)	Loss 3.5942e-01 (3.5942e-01)	Acc pseudo  87.50 ( 87.50)	Lr 1.000e-03 (1.000e-03)
2026-03-24 00:16:41,999 - INFO: Epoch: [5][ 50/301]	Time  0.003 ( 0.009)	Loss 2.7468e-01 (4.1558e-01)	Acc pseudo  90.62 ( 86.92)	Lr 1.000e-03 (1.000e-03)
2026-03-24 00:16:42,150 - INFO: Epoch: [5][100/301]	Time  0.003 ( 0.006)	Loss 5.7747e-01 (3.9250e-01)	Acc pseudo  81.25 ( 87.39)	Lr 1.000e-03 (1.000e-03)
2026-03-24 00:16:42,303 - INFO: Epoch: [5][150/301]	Time  0.003 ( 0.005)	Loss 5.2971e-01 (4.0047e-01)	Acc pseudo  82.81 ( 87.31)	Lr 1.000e-03 (1.000e-03)
2026-03-24 00:16:42,465 - INFO: Epoch: [5][200/301]	Time  0.003 ( 0.004)	Loss 3.7138e-01 (4.0156e-01)	Acc pseudo  87.50 ( 87.31)	Lr 1.000e-03 (1.000e-03)
2026-03-24 00:16:42,631 - INFO: Epoch: [5][250/301]	Time  0.003 ( 0.004)	Loss 3.8738e-01 (3.9942e-01)	Acc pseudo  89.06 ( 87.37)	Lr 1.000e-03 (1.000e-03)
2026-03-24 00:16:42,793 - INFO: Epoch: [5][300/301]	Time  0.002 ( 0.004)	Loss 4.2852e-01 (4.0960e-01)	Acc pseudo  84.00 ( 86.96)	Lr 1.000e-03 (1.000e-03)
2026-03-24 00:16:42,863 - INFO: Round 8, Fine-tune Epoch 5: loss=0.4096, acc(pseudo)=86.96%
2026-03-24 00:16:51,826 - INFO: Round 8, Fine-tune Epoch 5: acc(valid_pseudo): 0.9364, acc: 0.8205
2026-03-24 00:16:52,792 - INFO: Epoch: [6][  0/301]	Time  0.311 ( 0.311)	Loss 5.9646e-01 (5.9646e-01)	Acc pseudo  76.56 ( 76.56)	Lr 1.000e-03 (1.000e-03)
2026-03-24 00:16:52,989 - INFO: Epoch: [6][ 50/301]	Time  0.003 ( 0.010)	Loss 3.2068e-01 (4.2026e-01)	Acc pseudo  87.50 ( 86.64)	Lr 1.000e-03 (1.000e-03)
2026-03-24 00:16:53,147 - INFO: Epoch: [6][100/301]	Time  0.003 ( 0.006)	Loss 4.0087e-01 (4.4462e-01)	Acc pseudo  84.38 ( 85.92)	Lr 1.000e-03 (1.000e-03)
2026-03-24 00:16:53,308 - INFO: Epoch: [6][150/301]	Time  0.004 ( 0.005)	Loss 6.4769e-01 (4.4731e-01)	Acc pseudo  87.50 ( 85.74)	Lr 1.000e-03 (1.000e-03)
2026-03-24 00:16:53,489 - INFO: Epoch: [6][200/301]	Time  0.003 ( 0.005)	Loss 2.5455e-01 (4.4377e-01)	Acc pseudo  95.31 ( 85.89)	Lr 1.000e-03 (1.000e-03)
2026-03-24 00:16:53,656 - INFO: Epoch: [6][250/301]	Time  0.003 ( 0.005)	Loss 3.2163e-01 (4.4633e-01)	Acc pseudo  87.50 ( 85.89)	Lr 1.000e-03 (1.000e-03)
2026-03-24 00:16:53,811 - INFO: Epoch: [6][300/301]	Time  0.002 ( 0.004)	Loss 3.9360e-01 (4.4472e-01)	Acc pseudo  88.00 ( 85.80)	Lr 1.000e-03 (1.000e-03)
2026-03-24 00:16:53,893 - INFO: Round 8, Fine-tune Epoch 6: loss=0.4447, acc(pseudo)=85.80%
2026-03-24 00:17:02,823 - INFO: Round 8, Fine-tune Epoch 6: acc(valid_pseudo): 0.9140, acc: 0.7960
2026-03-24 00:17:02,824 - INFO: Round 8, Speaker Fine-tune Epoch 6: No improvement in validation accuracy. Patience(epoch): 1/3
2026-03-24 00:17:03,155 - INFO: Epoch: [7][  0/301]	Time  0.322 ( 0.322)	Loss 1.6171e-01 (1.6171e-01)	Acc pseudo  93.75 ( 93.75)	Lr 1.000e-03 (1.000e-03)
2026-03-24 00:17:03,347 - INFO: Epoch: [7][ 50/301]	Time  0.004 ( 0.010)	Loss 4.6524e-01 (4.1519e-01)	Acc pseudo  87.50 ( 86.61)	Lr 1.000e-03 (1.000e-03)
2026-03-24 00:17:03,528 - INFO: Epoch: [7][100/301]	Time  0.003 ( 0.007)	Loss 2.6775e-01 (4.4238e-01)	Acc pseudo  93.75 ( 85.95)	Lr 1.000e-03 (1.000e-03)
2026-03-24 00:17:03,690 - INFO: Epoch: [7][150/301]	Time  0.003 ( 0.006)	Loss 4.1434e-01 (4.4335e-01)	Acc pseudo  82.81 ( 85.93)	Lr 1.000e-03 (1.000e-03)
2026-03-24 00:17:03,858 - INFO: Epoch: [7][200/301]	Time  0.003 ( 0.005)	Loss 3.6620e-01 (4.4588e-01)	Acc pseudo  87.50 ( 85.81)	Lr 1.000e-03 (1.000e-03)
2026-03-24 00:17:04,024 - INFO: Epoch: [7][250/301]	Time  0.003 ( 0.005)	Loss 4.5618e-01 (4.4937e-01)	Acc pseudo  81.25 ( 85.57)	Lr 1.000e-03 (1.000e-03)
2026-03-24 00:17:04,190 - INFO: Epoch: [7][300/301]	Time  0.002 ( 0.004)	Loss 1.4743e-01 (4.4447e-01)	Acc pseudo  88.00 ( 85.66)	Lr 1.000e-03 (1.000e-03)
2026-03-24 00:17:04,257 - INFO: Round 8, Fine-tune Epoch 7: loss=0.4445, acc(pseudo)=85.66%
2026-03-24 00:17:15,815 - INFO: Round 8, Fine-tune Epoch 7: acc(valid_pseudo): 0.9183, acc: 0.8200
2026-03-24 00:17:15,815 - INFO: Round 8, Speaker Fine-tune Epoch 7: No improvement in validation accuracy. Patience(epoch): 2/3
2026-03-24 00:17:16,134 - INFO: Epoch: [8][  0/301]	Time  0.313 ( 0.313)	Loss 5.2809e-01 (5.2809e-01)	Acc pseudo  79.69 ( 79.69)	Lr 1.000e-03 (1.000e-03)
2026-03-24 00:17:16,324 - INFO: Epoch: [8][ 50/301]	Time  0.003 ( 0.010)	Loss 6.1352e-01 (4.0455e-01)	Acc pseudo  78.12 ( 86.52)	Lr 1.000e-03 (1.000e-03)
2026-03-24 00:17:16,500 - INFO: Epoch: [8][100/301]	Time  0.003 ( 0.007)	Loss 4.4323e-01 (4.1339e-01)	Acc pseudo  87.50 ( 86.37)	Lr 1.000e-03 (1.000e-03)
2026-03-24 00:17:16,661 - INFO: Epoch: [8][150/301]	Time  0.004 ( 0.005)	Loss 3.6448e-01 (4.2068e-01)	Acc pseudo  87.50 ( 85.98)	Lr 1.000e-03 (1.000e-03)
2026-03-24 00:17:16,825 - INFO: Epoch: [8][200/301]	Time  0.003 ( 0.005)	Loss 3.9350e-01 (4.2956e-01)	Acc pseudo  79.69 ( 85.78)	Lr 1.000e-03 (1.000e-03)
2026-03-24 00:17:16,996 - INFO: Epoch: [8][250/301]	Time  0.004 ( 0.005)	Loss 4.2334e-01 (4.3014e-01)	Acc pseudo  90.62 ( 85.84)	Lr 1.000e-03 (1.000e-03)
2026-03-24 00:17:17,155 - INFO: Epoch: [8][300/301]	Time  0.002 ( 0.004)	Loss 2.6896e-01 (4.3532e-01)	Acc pseudo  88.00 ( 85.82)	Lr 1.000e-03 (1.000e-03)
2026-03-24 00:17:17,238 - INFO: Round 8, Fine-tune Epoch 8: loss=0.4353, acc(pseudo)=85.82%
2026-03-24 00:17:28,618 - INFO: Round 8, Fine-tune Epoch 8: acc(valid_pseudo): 0.9140, acc: 0.7845
2026-03-24 00:17:28,619 - INFO: Round 8, Speaker Fine-tune Epoch 8: No improvement in validation accuracy. Patience(epoch): 3/3
2026-03-24 00:17:28,619 - INFO: Early stopping at epoch 8 due to no improvement in validation accuracy for 3 epochs.
2026-03-24 00:17:28,620 - INFO: Round 8: Best speaker fine-tuned epoch=5, acc(valid_pseudo)=0.9364
2026-03-24 00:17:28,630 - INFO: Using HMM model from previous round: runs/I love my family/exp_video_ablation/result/d/self_supervised/exp0/round7/pseudo_label/hmm_params.pkl
2026-03-24 00:21:37,010 - INFO: Round 8: speaker_acc=0.8140
2026-03-24 00:21:37,013 - INFO: ====================
2026-03-24 00:21:37,013 - INFO: Round 9: Fine-tuning iteration
2026-03-24 00:21:37,013 - INFO: ====================
2026-03-24 00:21:37,102 - INFO: Round 9 Part 1: Fine-tuning embedding model
2026-03-24 00:21:37,104 - INFO: Using pseudo-label file: runs/I love my family/exp_video_ablation/result/d/self_supervised/exp0/round8/pseudo_label/pseudo_labels_audio_hmmx_X_only(unreliable_pp=100.0).json
2026-03-24 00:21:37,141 - INFO: Fine-tuning speaker embedding model for 20 epochs...
2026-03-24 00:21:37,414 - INFO: Epoch: [0][  0/301]	Time  0.268 ( 0.268)	Loss 8.0437e-01 (8.0437e-01)	Acc pseudo  85.94 ( 85.94)	Lr 1.000e-03 (1.000e-03)
2026-03-24 00:21:37,606 - INFO: Epoch: [0][ 50/301]	Time  0.003 ( 0.009)	Loss 7.8960e-01 (4.3646e-01)	Acc pseudo  75.00 ( 86.61)	Lr 1.000e-03 (1.000e-03)
2026-03-24 00:21:37,766 - INFO: Epoch: [0][100/301]	Time  0.003 ( 0.006)	Loss 4.6492e-01 (4.4240e-01)	Acc pseudo  85.94 ( 87.10)	Lr 1.000e-03 (1.000e-03)
2026-03-24 00:21:37,928 - INFO: Epoch: [0][150/301]	Time  0.003 ( 0.005)	Loss 4.4570e-01 (4.4175e-01)	Acc pseudo  84.38 ( 87.02)	Lr 1.000e-03 (1.000e-03)
2026-03-24 00:21:38,086 - INFO: Epoch: [0][200/301]	Time  0.003 ( 0.005)	Loss 4.0130e-01 (4.4089e-01)	Acc pseudo  82.81 ( 86.88)	Lr 1.000e-03 (1.000e-03)
2026-03-24 00:21:38,262 - INFO: Epoch: [0][250/301]	Time  0.004 ( 0.004)	Loss 3.8328e-01 (4.3921e-01)	Acc pseudo  84.38 ( 86.65)	Lr 1.000e-03 (1.000e-03)
2026-03-24 00:21:38,460 - INFO: Epoch: [0][300/301]	Time  0.003 ( 0.004)	Loss 6.7362e-01 (4.4195e-01)	Acc pseudo  76.00 ( 86.73)	Lr 1.000e-03 (1.000e-03)
2026-03-24 00:21:38,525 - INFO: Round 9, Fine-tune Epoch 0: loss=0.4419, acc(pseudo)=86.73%
2026-03-24 00:21:46,639 - INFO: Round 9, Fine-tune Epoch 0: acc(valid_pseudo): 0.9332, acc: 0.8275
2026-03-24 00:21:47,414 - INFO: Epoch: [1][  0/301]	Time  0.244 ( 0.244)	Loss 4.9161e-01 (4.9161e-01)	Acc pseudo  82.81 ( 82.81)	Lr 1.000e-03 (1.000e-03)
2026-03-24 00:21:47,610 - INFO: Epoch: [1][ 50/301]	Time  0.003 ( 0.009)	Loss 2.1487e-01 (3.9628e-01)	Acc pseudo  95.31 ( 87.65)	Lr 1.000e-03 (1.000e-03)
2026-03-24 00:21:47,779 - INFO: Epoch: [1][100/301]	Time  0.003 ( 0.006)	Loss 6.2453e-01 (3.9848e-01)	Acc pseudo  87.50 ( 87.36)	Lr 1.000e-03 (1.000e-03)
2026-03-24 00:21:47,936 - INFO: Epoch: [1][150/301]	Time  0.003 ( 0.005)	Loss 5.8641e-01 (3.9589e-01)	Acc pseudo  84.38 ( 87.46)	Lr 1.000e-03 (1.000e-03)
2026-03-24 00:21:48,104 - INFO: Epoch: [1][200/301]	Time  0.003 ( 0.005)	Loss 4.6074e-01 (4.1095e-01)	Acc pseudo  84.38 ( 87.07)	Lr 1.000e-03 (1.000e-03)
2026-03-24 00:21:48,260 - INFO: Epoch: [1][250/301]	Time  0.003 ( 0.004)	Loss 3.9290e-01 (4.2013e-01)	Acc pseudo  81.25 ( 86.91)	Lr 1.000e-03 (1.000e-03)
2026-03-24 00:21:48,406 - INFO: Epoch: [1][300/301]	Time  0.002 ( 0.004)	Loss 2.0010e-01 (4.2291e-01)	Acc pseudo  92.00 ( 86.69)	Lr 1.000e-03 (1.000e-03)
2026-03-24 00:21:48,492 - INFO: Round 9, Fine-tune Epoch 1: loss=0.4229, acc(pseudo)=86.69%
2026-03-24 00:21:58,658 - INFO: Round 9, Fine-tune Epoch 1: acc(valid_pseudo): 0.8877, acc: 0.7685
2026-03-24 00:21:58,659 - INFO: Round 9, Speaker Fine-tune Epoch 1: No improvement in validation accuracy. Patience(epoch): 1/3
2026-03-24 00:21:58,902 - INFO: Epoch: [2][  0/301]	Time  0.237 ( 0.237)	Loss 4.7759e-01 (4.7759e-01)	Acc pseudo  82.81 ( 82.81)	Lr 1.000e-03 (1.000e-03)
2026-03-24 00:21:59,077 - INFO: Epoch: [2][ 50/301]	Time  0.003 ( 0.008)	Loss 4.9556e-01 (3.9840e-01)	Acc pseudo  81.25 ( 86.83)	Lr 1.000e-03 (1.000e-03)
2026-03-24 00:21:59,236 - INFO: Epoch: [2][100/301]	Time  0.003 ( 0.006)	Loss 8.1403e-01 (4.0197e-01)	Acc pseudo  78.12 ( 87.10)	Lr 1.000e-03 (1.000e-03)
2026-03-24 00:21:59,390 - INFO: Epoch: [2][150/301]	Time  0.003 ( 0.005)	Loss 2.9904e-01 (4.0423e-01)	Acc pseudo  87.50 ( 86.94)	Lr 1.000e-03 (1.000e-03)
2026-03-24 00:21:59,572 - INFO: Epoch: [2][200/301]	Time  0.003 ( 0.004)	Loss 3.0978e-01 (4.0483e-01)	Acc pseudo  90.62 ( 86.85)	Lr 1.000e-03 (1.000e-03)
2026-03-24 00:21:59,735 - INFO: Epoch: [2][250/301]	Time  0.003 ( 0.004)	Loss 3.5619e-01 (4.0645e-01)	Acc pseudo  87.50 ( 86.80)	Lr 1.000e-03 (1.000e-03)
2026-03-24 00:21:59,897 - INFO: Epoch: [2][300/301]	Time  0.003 ( 0.004)	Loss 3.0267e-01 (4.0828e-01)	Acc pseudo  88.00 ( 86.92)	Lr 1.000e-03 (1.000e-03)
2026-03-24 00:21:59,966 - INFO: Round 9, Fine-tune Epoch 2: loss=0.4083, acc(pseudo)=86.92%
2026-03-24 00:22:07,947 - INFO: Round 9, Fine-tune Epoch 2: acc(valid_pseudo): 0.9262, acc: 0.8290
2026-03-24 00:22:07,948 - INFO: Round 9, Speaker Fine-tune Epoch 2: No improvement in validation accuracy. Patience(epoch): 2/3
2026-03-24 00:22:08,188 - INFO: Epoch: [3][  0/301]	Time  0.235 ( 0.235)	Loss 4.5150e-01 (4.5150e-01)	Acc pseudo  85.94 ( 85.94)	Lr 1.000e-03 (1.000e-03)
2026-03-24 00:22:08,401 - INFO: Epoch: [3][ 50/301]	Time  0.003 ( 0.009)	Loss 4.2780e-01 (3.8866e-01)	Acc pseudo  85.94 ( 86.67)	Lr 1.000e-03 (1.000e-03)
2026-03-24 00:22:08,568 - INFO: Epoch: [3][100/301]	Time  0.004 ( 0.006)	Loss 3.0679e-01 (3.8513e-01)	Acc pseudo  89.06 ( 86.63)	Lr 1.000e-03 (1.000e-03)
2026-03-24 00:22:08,738 - INFO: Epoch: [3][150/301]	Time  0.003 ( 0.005)	Loss 3.8935e-01 (3.8449e-01)	Acc pseudo  85.94 ( 87.03)	Lr 1.000e-03 (1.000e-03)
2026-03-24 00:22:08,889 - INFO: Epoch: [3][200/301]	Time  0.003 ( 0.005)	Loss 3.6898e-01 (3.8658e-01)	Acc pseudo  85.94 ( 87.05)	Lr 1.000e-03 (1.000e-03)
2026-03-24 00:22:09,043 - INFO: Epoch: [3][250/301]	Time  0.003 ( 0.004)	Loss 4.1928e-01 (3.9752e-01)	Acc pseudo  81.25 ( 86.89)	Lr 1.000e-03 (1.000e-03)
2026-03-24 00:22:09,190 - INFO: Epoch: [3][300/301]	Time  0.002 ( 0.004)	Loss 3.0274e-01 (3.9977e-01)	Acc pseudo  92.00 ( 86.88)	Lr 1.000e-03 (1.000e-03)
2026-03-24 00:22:09,255 - INFO: Round 9, Fine-tune Epoch 3: loss=0.3998, acc(pseudo)=86.88%
2026-03-24 00:22:17,578 - INFO: Round 9, Fine-tune Epoch 3: acc(valid_pseudo): 0.9315, acc: 0.8195
2026-03-24 00:22:17,578 - INFO: Round 9, Speaker Fine-tune Epoch 3: No improvement in validation accuracy. Patience(epoch): 3/3
2026-03-24 00:22:17,578 - INFO: Early stopping at epoch 3 due to no improvement in validation accuracy for 3 epochs.
2026-03-24 00:22:17,579 - INFO: Round 9: Best speaker fine-tuned epoch=0, acc(valid_pseudo)=0.9332
2026-03-24 00:22:17,592 - INFO: Using HMM model from previous round: runs/I love my family/exp_video_ablation/result/d/self_supervised/exp0/round8/pseudo_label/hmm_params.pkl
2026-03-24 00:25:50,325 - INFO: Round 9: speaker_acc=0.8210
2026-03-24 00:25:50,328 - INFO: ====================
2026-03-24 00:25:50,329 - INFO: Self-supervised fine-tuning completed!
2026-03-24 00:25:50,329 - INFO: Initial speaker: acc=0.7450
2026-03-24 00:25:50,329 - INFO: Final speaker at round 9: acc=0.8210
2026-03-24 00:25:50,329 - INFO: Speaker improvement: 0.0760 (10.20%)
2026-03-24 00:25:50,329 - INFO: ====================
