2026-01-26 16:10:30,498 - INFO: Starting self-supervised fine-tuning pipeline
2026-01-26 16:10:30,499 - INFO: Device: cuda:0
2026-01-26 16:10:30,502 - INFO: Saved arguments to runs/the big bang theory/exp_video_overlap/result/self_supervised/exp0/args.json
2026-01-26 16:10:30,502 - INFO: ====================
2026-01-26 16:10:30,502 - INFO: Initialization: Initial clustering with HMM correction
2026-01-26 16:10:30,502 - INFO: ====================
2026-01-26 16:39:05,365 - INFO: Saved initial clustering results to runs/the big bang theory/exp_video_overlap/result/self_supervised/exp0/initial
2026-01-26 16:39:05,365 - INFO: Initial: speaker_acc=0.9130
2026-01-26 16:39:05,365 - INFO: Initial: face_acc=0.9130
2026-01-26 16:39:05,398 - INFO: ====================
2026-01-26 16:39:05,398 - INFO: Round 0: Fine-tuning iteration
2026-01-26 16:39:05,398 - INFO: ====================
2026-01-26 16:39:05,450 - INFO: Round 0 Part 1: Fine-tuning embedding model
2026-01-26 16:39:05,453 - INFO: Using pseudo-label file: runs/the big bang theory/exp_video_overlap/result/self_supervised/exp0/initial/pseudo_label/pseudo_labels_audio_nested_hmm_full(unreliable_pp=20.0).json
2026-01-26 16:39:45,167 - INFO: Speaker embedding dimension: 512
2026-01-26 16:39:45,358 - INFO: Saved speaker config_model to runs/the big bang theory/exp_video_overlap/result/self_supervised/exp0/round0/config_model_speaker.json
2026-01-26 16:39:46,233 - INFO: Face embedding dimension: 512
2026-01-26 16:39:46,240 - INFO: Loading face pretrained model from pretrained_models/pytorch_model_tongyi.bin
2026-01-26 16:39:48,445 - INFO: Face model weights loaded successfully
2026-01-26 16:40:04,901 - INFO: Extracting hidden features for all speaker samples, which are outputs of StatsPool layer...
2026-01-26 16:40:04,901 - INFO: args.unfrozen_layers_num=2 is not used when extracting hidden features.
2026-01-26 16:43:26,850 - INFO: Hidden features extracted for 6829 speaker samples
2026-01-26 16:43:26,898 - INFO: For training, Using face pseudo-label file: runs/the big bang theory/exp_video_overlap/result/self_supervised/exp0/initial/pseudo_label/pseudo_labels_faces_mid_frame_train_nested_hmm_full.json
2026-01-26 16:43:26,899 - INFO: For infering, Using face pseudo-label file: runs/the big bang theory/exp_video_overlap/result/self_supervised/exp0/initial/pseudo_label/pseudo_labels_faces_mid_frame_all_nested_hmm_full.json
2026-01-26 16:43:26,952 - INFO: Created face dataloader with 14646 samples
2026-01-26 16:43:26,956 - INFO: Warmup training speaker classifier for 2 epochs...
2026-01-26 16:43:27,285 - INFO: Epoch: [0][  0/107]	Time  0.326 ( 0.326)	Loss 2.5455e+00 (2.5455e+00)	Acc pseudo   3.12 (  3.12)	Lr 1.000e-03 (1.000e-03)
2026-01-26 16:43:27,414 - INFO: Epoch: [0][ 50/107]	Time  0.002 ( 0.009)	Loss 7.7924e-01 (1.2336e+00)	Acc pseudo  89.06 ( 77.70)	Lr 1.000e-03 (1.000e-03)
2026-01-26 16:43:27,526 - INFO: Epoch: [0][100/107]	Time  0.002 ( 0.006)	Loss 4.1800e-01 (8.9385e-01)	Acc pseudo  89.06 ( 83.88)	Lr 1.000e-03 (1.000e-03)
2026-01-26 16:43:27,569 - INFO: Round 0, Speaker Warmup Epoch 0: loss=0.8732, acc(pseudo)=84.23%
2026-01-26 16:43:27,684 - INFO: Epoch: [1][  0/107]	Time  0.111 ( 0.111)	Loss 5.1392e-01 (5.1392e-01)	Acc pseudo  89.06 ( 89.06)	Lr 1.000e-03 (1.000e-03)
2026-01-26 16:43:27,803 - INFO: Epoch: [1][ 50/107]	Time  0.002 ( 0.004)	Loss 2.2263e-01 (4.4697e-01)	Acc pseudo  98.44 ( 91.33)	Lr 1.000e-03 (1.000e-03)
2026-01-26 16:43:27,916 - INFO: Epoch: [1][100/107]	Time  0.002 ( 0.003)	Loss 7.1841e-01 (4.3212e-01)	Acc pseudo  84.38 ( 91.77)	Lr 1.000e-03 (1.000e-03)
2026-01-26 16:43:27,953 - INFO: Round 0, Speaker Warmup Epoch 1: loss=0.4282, acc(pseudo)=91.73%
2026-01-26 16:43:27,957 - INFO: Warmup training face classifier for 2 epochs...
2026-01-26 16:43:29,173 - INFO: Epoch: [0][  0/229]	Time  1.191 ( 1.191)	Loss 2.3953e+00 (2.3953e+00)	Acc pseudo   1.56 (  1.56)	Lr 1.000e-03 (1.000e-03)
2026-01-26 16:43:35,140 - INFO: Epoch: [0][ 50/229]	Time  0.031 ( 0.078)	Loss 9.3675e-01 (1.6447e+00)	Acc pseudo  73.44 ( 59.04)	Lr 1.000e-03 (1.000e-03)
2026-01-26 16:43:40,547 - INFO: Epoch: [0][100/229]	Time  0.027 ( 0.061)	Loss 8.4457e-01 (1.2912e+00)	Acc pseudo  81.25 ( 69.20)	Lr 1.000e-03 (1.000e-03)
2026-01-26 16:43:45,626 - INFO: Epoch: [0][150/229]	Time  0.028 ( 0.054)	Loss 4.8134e-01 (1.1185e+00)	Acc pseudo  90.62 ( 73.49)	Lr 1.000e-03 (1.000e-03)
2026-01-26 16:43:51,297 - INFO: Epoch: [0][200/229]	Time  0.029 ( 0.053)	Loss 5.4301e-01 (1.0064e+00)	Acc pseudo  84.38 ( 76.17)	Lr 1.000e-03 (1.000e-03)
2026-01-26 16:43:54,303 - INFO: Round 0, Face Warmup Epoch 0: loss=0.9580, acc(pseudo)=77.35%
2026-01-26 16:43:54,687 - INFO: Epoch: [1][  0/229]	Time  0.329 ( 0.329)	Loss 6.0567e-01 (6.0567e-01)	Acc pseudo  84.38 ( 84.38)	Lr 1.000e-03 (1.000e-03)
2026-01-26 16:43:59,274 - INFO: Epoch: [1][ 50/229]	Time  0.028 ( 0.033)	Loss 5.4934e-01 (5.3883e-01)	Acc pseudo  87.50 ( 86.64)	Lr 1.000e-03 (1.000e-03)
2026-01-26 16:44:03,892 - INFO: Epoch: [1][100/229]	Time  0.024 ( 0.031)	Loss 3.3509e-01 (5.2247e-01)	Acc pseudo  89.06 ( 86.49)	Lr 1.000e-03 (1.000e-03)
2026-01-26 16:44:08,452 - INFO: Epoch: [1][150/229]	Time  0.027 ( 0.029)	Loss 4.7772e-01 (5.1365e-01)	Acc pseudo  90.62 ( 86.26)	Lr 1.000e-03 (1.000e-03)
2026-01-26 16:44:13,013 - INFO: Epoch: [1][200/229]	Time  0.030 ( 0.029)	Loss 5.6424e-01 (5.0902e-01)	Acc pseudo  82.81 ( 86.25)	Lr 1.000e-03 (1.000e-03)
2026-01-26 16:44:15,602 - INFO: Round 0, Face Warmup Epoch 1: loss=0.5062, acc(pseudo)=86.16%
2026-01-26 16:44:15,612 - INFO: Fine-tuning speaker embedding model for 20 epochs...
2026-01-26 16:44:16,402 - INFO: Epoch: [0][  0/107]	Time  0.787 ( 0.787)	Loss 3.5493e-01 (3.5493e-01)	Acc pseudo  92.19 ( 92.19)	Lr 1.000e-03 (1.000e-03)
2026-01-26 16:44:16,560 - INFO: Epoch: [0][ 50/107]	Time  0.002 ( 0.018)	Loss 5.2085e-01 (5.6167e-01)	Acc pseudo  90.62 ( 88.11)	Lr 1.000e-03 (1.000e-03)
2026-01-26 16:44:16,685 - INFO: Epoch: [0][100/107]	Time  0.002 ( 0.011)	Loss 1.6932e-01 (5.0787e-01)	Acc pseudo  93.75 ( 89.37)	Lr 1.000e-03 (1.000e-03)
2026-01-26 16:44:16,732 - INFO: Round 0, Fine-tune Epoch 0: loss=0.5046, acc(pseudo)=89.52%
2026-01-26 16:44:21,474 - INFO: Round 0, Fine-tune Epoch 0: acc(valid_pseudo): 0.8200, acc: 0.6795
2026-01-26 16:44:21,869 - INFO: Epoch: [1][  0/107]	Time  0.123 ( 0.123)	Loss 2.3277e-01 (2.3277e-01)	Acc pseudo  93.75 ( 93.75)	Lr 1.000e-03 (1.000e-03)
2026-01-26 16:44:22,026 - INFO: Epoch: [1][ 50/107]	Time  0.003 ( 0.005)	Loss 4.6834e-01 (3.8758e-01)	Acc pseudo  90.62 ( 91.05)	Lr 1.000e-03 (1.000e-03)
2026-01-26 16:44:22,160 - INFO: Epoch: [1][100/107]	Time  0.002 ( 0.004)	Loss 3.3148e-01 (3.7867e-01)	Acc pseudo  92.19 ( 91.37)	Lr 1.000e-03 (1.000e-03)
2026-01-26 16:44:22,202 - INFO: Round 0, Fine-tune Epoch 1: loss=0.3848, acc(pseudo)=91.30%
2026-01-26 16:44:26,271 - INFO: Round 0, Fine-tune Epoch 1: acc(valid_pseudo): 0.9736, acc: 0.8805
2026-01-26 16:44:26,688 - INFO: Epoch: [2][  0/107]	Time  0.142 ( 0.142)	Loss 1.3055e-01 (1.3055e-01)	Acc pseudo  95.31 ( 95.31)	Lr 1.000e-03 (1.000e-03)
2026-01-26 16:44:26,843 - INFO: Epoch: [2][ 50/107]	Time  0.003 ( 0.006)	Loss 2.7408e-01 (3.2674e-01)	Acc pseudo  96.88 ( 91.79)	Lr 1.000e-03 (1.000e-03)
2026-01-26 16:44:26,979 - INFO: Epoch: [2][100/107]	Time  0.002 ( 0.004)	Loss 3.0425e-01 (3.1543e-01)	Acc pseudo  87.50 ( 92.09)	Lr 1.000e-03 (1.000e-03)
2026-01-26 16:44:27,023 - INFO: Round 0, Fine-tune Epoch 2: loss=0.3139, acc(pseudo)=92.14%
2026-01-26 16:44:31,207 - INFO: Round 0, Fine-tune Epoch 2: acc(valid_pseudo): 0.9835, acc: 0.8910
2026-01-26 16:44:31,578 - INFO: Epoch: [3][  0/107]	Time  0.124 ( 0.124)	Loss 3.0435e-01 (3.0435e-01)	Acc pseudo  93.75 ( 93.75)	Lr 1.000e-03 (1.000e-03)
2026-01-26 16:44:31,725 - INFO: Epoch: [3][ 50/107]	Time  0.003 ( 0.005)	Loss 3.4737e-01 (2.7704e-01)	Acc pseudo  85.94 ( 92.52)	Lr 1.000e-03 (1.000e-03)
2026-01-26 16:44:31,860 - INFO: Epoch: [3][100/107]	Time  0.002 ( 0.004)	Loss 2.3114e-01 (2.8604e-01)	Acc pseudo  92.19 ( 92.28)	Lr 1.000e-03 (1.000e-03)
2026-01-26 16:44:31,903 - INFO: Round 0, Fine-tune Epoch 3: loss=0.2850, acc(pseudo)=92.43%
2026-01-26 16:44:35,878 - INFO: Round 0, Fine-tune Epoch 3: acc(valid_pseudo): 0.9777, acc: 0.8995
2026-01-26 16:44:35,879 - INFO: Round 0, Speaker Fine-tune Epoch 3: No improvement in validation accuracy. Patience(epoch): 1/3
2026-01-26 16:44:36,005 - INFO: Epoch: [4][  0/107]	Time  0.121 ( 0.121)	Loss 7.7026e-02 (7.7026e-02)	Acc pseudo 100.00 (100.00)	Lr 1.000e-03 (1.000e-03)
2026-01-26 16:44:36,151 - INFO: Epoch: [4][ 50/107]	Time  0.003 ( 0.005)	Loss 2.6971e-01 (2.6367e-01)	Acc pseudo  92.19 ( 92.95)	Lr 1.000e-03 (1.000e-03)
2026-01-26 16:44:36,290 - INFO: Epoch: [4][100/107]	Time  0.002 ( 0.004)	Loss 2.9343e-01 (2.6147e-01)	Acc pseudo  92.19 ( 92.71)	Lr 1.000e-03 (1.000e-03)
2026-01-26 16:44:36,333 - INFO: Round 0, Fine-tune Epoch 4: loss=0.2610, acc(pseudo)=92.84%
2026-01-26 16:44:40,603 - INFO: Round 0, Fine-tune Epoch 4: acc(valid_pseudo): 0.9893, acc: 0.9055
2026-01-26 16:44:41,003 - INFO: Epoch: [5][  0/107]	Time  0.146 ( 0.146)	Loss 2.5153e-01 (2.5153e-01)	Acc pseudo  95.31 ( 95.31)	Lr 1.000e-03 (1.000e-03)
2026-01-26 16:44:41,152 - INFO: Epoch: [5][ 50/107]	Time  0.003 ( 0.006)	Loss 2.2035e-01 (2.0455e-01)	Acc pseudo  93.75 ( 94.36)	Lr 1.000e-03 (1.000e-03)
2026-01-26 16:44:41,285 - INFO: Epoch: [5][100/107]	Time  0.002 ( 0.004)	Loss 1.9852e-01 (2.1726e-01)	Acc pseudo  98.44 ( 94.07)	Lr 1.000e-03 (1.000e-03)
2026-01-26 16:44:41,327 - INFO: Round 0, Fine-tune Epoch 5: loss=0.2160, acc(pseudo)=94.13%
2026-01-26 16:44:46,085 - INFO: Round 0, Fine-tune Epoch 5: acc(valid_pseudo): 0.9909, acc: 0.9080
2026-01-26 16:44:46,497 - INFO: Epoch: [6][  0/107]	Time  0.124 ( 0.124)	Loss 5.7674e-02 (5.7674e-02)	Acc pseudo 100.00 (100.00)	Lr 1.000e-03 (1.000e-03)
2026-01-26 16:44:46,640 - INFO: Epoch: [6][ 50/107]	Time  0.003 ( 0.005)	Loss 1.3880e-01 (1.8965e-01)	Acc pseudo  96.88 ( 94.42)	Lr 1.000e-03 (1.000e-03)
2026-01-26 16:44:46,770 - INFO: Epoch: [6][100/107]	Time  0.002 ( 0.004)	Loss 1.6523e-01 (2.0934e-01)	Acc pseudo  96.88 ( 93.97)	Lr 1.000e-03 (1.000e-03)
2026-01-26 16:44:46,812 - INFO: Round 0, Fine-tune Epoch 6: loss=0.2120, acc(pseudo)=93.94%
2026-01-26 16:44:51,995 - INFO: Round 0, Fine-tune Epoch 6: acc(valid_pseudo): 0.9777, acc: 0.9025
2026-01-26 16:44:51,995 - INFO: Round 0, Speaker Fine-tune Epoch 6: No improvement in validation accuracy. Patience(epoch): 1/3
2026-01-26 16:44:52,152 - INFO: Epoch: [7][  0/107]	Time  0.152 ( 0.152)	Loss 1.8915e-01 (1.8915e-01)	Acc pseudo  95.31 ( 95.31)	Lr 1.000e-03 (1.000e-03)
2026-01-26 16:44:52,298 - INFO: Epoch: [7][ 50/107]	Time  0.003 ( 0.006)	Loss 2.1257e-01 (2.0145e-01)	Acc pseudo  95.31 ( 94.18)	Lr 1.000e-03 (1.000e-03)
2026-01-26 16:44:52,431 - INFO: Epoch: [7][100/107]	Time  0.002 ( 0.004)	Loss 1.8810e-01 (2.0981e-01)	Acc pseudo  93.75 ( 94.03)	Lr 1.000e-03 (1.000e-03)
2026-01-26 16:44:52,482 - INFO: Round 0, Fine-tune Epoch 7: loss=0.2106, acc(pseudo)=94.03%
2026-01-26 16:44:56,868 - INFO: Round 0, Fine-tune Epoch 7: acc(valid_pseudo): 0.9876, acc: 0.9140
2026-01-26 16:44:56,868 - INFO: Round 0, Speaker Fine-tune Epoch 7: No improvement in validation accuracy. Patience(epoch): 2/3
2026-01-26 16:44:56,998 - INFO: Epoch: [8][  0/107]	Time  0.126 ( 0.126)	Loss 1.7678e-01 (1.7678e-01)	Acc pseudo  93.75 ( 93.75)	Lr 1.000e-03 (1.000e-03)
2026-01-26 16:44:57,140 - INFO: Epoch: [8][ 50/107]	Time  0.003 ( 0.005)	Loss 3.5226e-01 (1.7360e-01)	Acc pseudo  92.19 ( 94.61)	Lr 1.000e-03 (1.000e-03)
2026-01-26 16:44:57,278 - INFO: Epoch: [8][100/107]	Time  0.002 ( 0.004)	Loss 2.0407e-01 (1.9074e-01)	Acc pseudo  95.31 ( 94.28)	Lr 1.000e-03 (1.000e-03)
2026-01-26 16:44:57,321 - INFO: Round 0, Fine-tune Epoch 8: loss=0.1912, acc(pseudo)=94.33%
2026-01-26 16:45:01,286 - INFO: Round 0, Fine-tune Epoch 8: acc(valid_pseudo): 0.7704, acc: 0.7670
2026-01-26 16:45:01,286 - INFO: Round 0, Speaker Fine-tune Epoch 8: No improvement in validation accuracy. Patience(epoch): 3/3
2026-01-26 16:45:01,286 - INFO: Early stopping at epoch 8 due to no improvement in validation accuracy for 3 epochs.
2026-01-26 16:45:01,287 - INFO: Round 0: Best speaker fine-tuned epoch=5, acc(valid_pseudo)=0.9909
2026-01-26 16:45:01,292 - INFO: Fine-tuning face embedding model for 20 epochs...
2026-01-26 16:45:01,824 - INFO: Epoch: [0][  0/229]	Time  0.529 ( 0.529)	Loss 2.7699e-01 (2.7699e-01)	Acc pseudo  92.19 ( 92.19)	Lr 1.000e-03 (1.000e-03)
2026-01-26 16:45:06,458 - INFO: Epoch: [0][ 50/229]	Time  0.034 ( 0.041)	Loss 5.5426e-01 (8.7285e-01)	Acc pseudo  84.38 ( 80.33)	Lr 1.000e-03 (1.000e-03)
2026-01-26 16:45:11,089 - INFO: Epoch: [0][100/229]	Time  0.030 ( 0.035)	Loss 7.5547e-01 (7.3470e-01)	Acc pseudo  79.69 ( 81.96)	Lr 1.000e-03 (1.000e-03)
2026-01-26 16:45:15,722 - INFO: Epoch: [0][150/229]	Time  0.028 ( 0.033)	Loss 5.1213e-01 (6.7227e-01)	Acc pseudo  87.50 ( 83.47)	Lr 1.000e-03 (1.000e-03)
2026-01-26 16:45:20,358 - INFO: Epoch: [0][200/229]	Time  0.025 ( 0.031)	Loss 3.0937e-01 (6.1585e-01)	Acc pseudo  87.50 ( 84.34)	Lr 1.000e-03 (1.000e-03)
2026-01-26 16:45:22,988 - INFO: Round 0, Face Fine-tune Epoch 0: loss=0.5889, acc(pseudo)=84.69%
2026-01-26 16:45:48,053 - INFO: Round 0, Face Fine-tune Epoch 0: acc(valid_pseudo): 0.9407, acc: 0.8971
2026-01-26 16:45:49,090 - INFO: Epoch: [1][  0/229]	Time  0.366 ( 0.366)	Loss 3.8964e-01 (3.8964e-01)	Acc pseudo  90.62 ( 90.62)	Lr 1.000e-03 (1.000e-03)
2026-01-26 16:45:53,733 - INFO: Epoch: [1][ 50/229]	Time  0.025 ( 0.033)	Loss 1.6833e-01 (3.2050e-01)	Acc pseudo  95.31 ( 90.72)	Lr 1.000e-03 (1.000e-03)
2026-01-26 16:45:58,371 - INFO: Epoch: [1][100/229]	Time  0.027 ( 0.031)	Loss 2.0968e-01 (3.1973e-01)	Acc pseudo  90.62 ( 90.66)	Lr 1.000e-03 (1.000e-03)
2026-01-26 16:46:03,015 - INFO: Epoch: [1][150/229]	Time  0.028 ( 0.030)	Loss 2.2608e-01 (3.1455e-01)	Acc pseudo  92.19 ( 90.38)	Lr 1.000e-03 (1.000e-03)
2026-01-26 16:46:07,660 - INFO: Epoch: [1][200/229]	Time  0.025 ( 0.030)	Loss 4.5449e-01 (3.2431e-01)	Acc pseudo  85.94 ( 90.18)	Lr 1.000e-03 (1.000e-03)
2026-01-26 16:46:10,309 - INFO: Round 0, Face Fine-tune Epoch 1: loss=0.3258, acc(pseudo)=90.02%
2026-01-26 16:46:34,370 - INFO: Round 0, Face Fine-tune Epoch 1: acc(valid_pseudo): 0.9505, acc: 0.9083
2026-01-26 16:46:35,509 - INFO: Epoch: [2][  0/229]	Time  0.341 ( 0.341)	Loss 2.5969e-01 (2.5969e-01)	Acc pseudo  93.75 ( 93.75)	Lr 1.000e-03 (1.000e-03)
2026-01-26 16:46:40,167 - INFO: Epoch: [2][ 50/229]	Time  0.029 ( 0.035)	Loss 1.4091e-01 (2.9120e-01)	Acc pseudo  93.75 ( 90.99)	Lr 1.000e-03 (1.000e-03)
2026-01-26 16:46:44,815 - INFO: Epoch: [2][100/229]	Time  0.026 ( 0.031)	Loss 3.2024e-01 (2.7541e-01)	Acc pseudo  89.06 ( 91.09)	Lr 1.000e-03 (1.000e-03)
2026-01-26 16:46:49,470 - INFO: Epoch: [2][150/229]	Time  0.025 ( 0.030)	Loss 4.3510e-01 (2.5985e-01)	Acc pseudo  92.19 ( 91.55)	Lr 1.000e-03 (1.000e-03)
2026-01-26 16:46:54,124 - INFO: Epoch: [2][200/229]	Time  0.030 ( 0.029)	Loss 2.2403e-01 (2.6792e-01)	Acc pseudo  90.62 ( 91.36)	Lr 1.000e-03 (1.000e-03)
2026-01-26 16:46:56,763 - INFO: Round 0, Face Fine-tune Epoch 2: loss=0.2648, acc(pseudo)=91.27%
2026-01-26 16:47:21,371 - INFO: Round 0, Face Fine-tune Epoch 2: acc(valid_pseudo): 0.9614, acc: 0.9102
2026-01-26 16:47:22,666 - INFO: Epoch: [3][  0/229]	Time  0.350 ( 0.350)	Loss 1.2810e-01 (1.2810e-01)	Acc pseudo  93.75 ( 93.75)	Lr 1.000e-03 (1.000e-03)
2026-01-26 16:47:27,322 - INFO: Epoch: [3][ 50/229]	Time  0.029 ( 0.035)	Loss 2.0948e-01 (2.9088e-01)	Acc pseudo  95.31 ( 92.77)	Lr 1.000e-03 (1.000e-03)
2026-01-26 16:47:31,977 - INFO: Epoch: [3][100/229]	Time  0.028 ( 0.031)	Loss 3.5132e-01 (2.5859e-01)	Acc pseudo  90.62 ( 92.61)	Lr 1.000e-03 (1.000e-03)
2026-01-26 16:47:36,636 - INFO: Epoch: [3][150/229]	Time  0.038 ( 0.031)	Loss 2.6091e-01 (2.5004e-01)	Acc pseudo  90.62 ( 92.55)	Lr 1.000e-03 (1.000e-03)
2026-01-26 16:47:41,298 - INFO: Epoch: [3][200/229]	Time  0.037 ( 0.030)	Loss 1.4170e-01 (2.5538e-01)	Acc pseudo  93.75 ( 92.34)	Lr 1.000e-03 (1.000e-03)
2026-01-26 16:47:43,947 - INFO: Round 0, Face Fine-tune Epoch 3: loss=0.2480, acc(pseudo)=92.44%
2026-01-26 16:48:07,950 - INFO: Round 0, Face Fine-tune Epoch 3: acc(valid_pseudo): 0.9686, acc: 0.9111
2026-01-26 16:48:09,103 - INFO: Epoch: [4][  0/229]	Time  0.369 ( 0.369)	Loss 1.4950e-01 (1.4950e-01)	Acc pseudo  92.19 ( 92.19)	Lr 1.000e-03 (1.000e-03)
2026-01-26 16:48:13,770 - INFO: Epoch: [4][ 50/229]	Time  0.037 ( 0.036)	Loss 2.4452e-01 (1.6144e-01)	Acc pseudo  92.19 ( 94.09)	Lr 1.000e-03 (1.000e-03)
2026-01-26 16:48:18,431 - INFO: Epoch: [4][100/229]	Time  0.027 ( 0.033)	Loss 1.3898e-01 (1.6046e-01)	Acc pseudo  90.62 ( 94.06)	Lr 1.000e-03 (1.000e-03)
2026-01-26 16:48:23,091 - INFO: Epoch: [4][150/229]	Time  0.030 ( 0.032)	Loss 3.4887e-01 (1.6561e-01)	Acc pseudo  84.38 ( 93.85)	Lr 1.000e-03 (1.000e-03)
2026-01-26 16:48:27,753 - INFO: Epoch: [4][200/229]	Time  0.026 ( 0.031)	Loss 2.5860e-01 (1.6533e-01)	Acc pseudo  92.19 ( 93.73)	Lr 1.000e-03 (1.000e-03)
2026-01-26 16:48:30,403 - INFO: Round 0, Face Fine-tune Epoch 4: loss=0.1663, acc(pseudo)=93.73%
2026-01-26 16:48:55,364 - INFO: Round 0, Face Fine-tune Epoch 4: acc(valid_pseudo): 0.9767, acc: 0.9149
2026-01-26 16:48:56,570 - INFO: Epoch: [5][  0/229]	Time  0.358 ( 0.358)	Loss 1.5956e-01 (1.5956e-01)	Acc pseudo  95.31 ( 95.31)	Lr 1.000e-03 (1.000e-03)
2026-01-26 16:49:01,237 - INFO: Epoch: [5][ 50/229]	Time  0.025 ( 0.034)	Loss 1.4065e-01 (1.6200e-01)	Acc pseudo  90.62 ( 94.30)	Lr 1.000e-03 (1.000e-03)
2026-01-26 16:49:05,902 - INFO: Epoch: [5][100/229]	Time  0.038 ( 0.032)	Loss 8.2873e-02 (1.7196e-01)	Acc pseudo  96.88 ( 94.00)	Lr 1.000e-03 (1.000e-03)
2026-01-26 16:49:10,567 - INFO: Epoch: [5][150/229]	Time  0.027 ( 0.031)	Loss 1.1814e-01 (1.7549e-01)	Acc pseudo  93.75 ( 93.86)	Lr 1.000e-03 (1.000e-03)
2026-01-26 16:49:15,235 - INFO: Epoch: [5][200/229]	Time  0.032 ( 0.030)	Loss 2.0328e-01 (1.8237e-01)	Acc pseudo  92.19 ( 93.73)	Lr 1.000e-03 (1.000e-03)
2026-01-26 16:49:17,887 - INFO: Round 0, Face Fine-tune Epoch 5: loss=0.1830, acc(pseudo)=93.63%
2026-01-26 16:49:42,006 - INFO: Round 0, Face Fine-tune Epoch 5: acc(valid_pseudo): 0.9753, acc: 0.9121
2026-01-26 16:49:42,006 - INFO: Round 0, Face Fine-tune Epoch 5: No improvement. Patience(epoch): 1/3
2026-01-26 16:49:42,420 - INFO: Epoch: [6][  0/229]	Time  0.358 ( 0.358)	Loss 3.4145e-01 (3.4145e-01)	Acc pseudo  93.75 ( 93.75)	Lr 1.000e-03 (1.000e-03)
2026-01-26 16:49:47,080 - INFO: Epoch: [6][ 50/229]	Time  0.030 ( 0.035)	Loss 3.0211e-01 (1.5731e-01)	Acc pseudo  92.19 ( 94.67)	Lr 1.000e-03 (1.000e-03)
2026-01-26 16:49:51,744 - INFO: Epoch: [6][100/229]	Time  0.029 ( 0.032)	Loss 1.4989e-01 (1.4668e-01)	Acc pseudo  95.31 ( 94.71)	Lr 1.000e-03 (1.000e-03)
2026-01-26 16:49:56,409 - INFO: Epoch: [6][150/229]	Time  0.028 ( 0.032)	Loss 5.0264e-01 (1.4927e-01)	Acc pseudo  93.75 ( 94.65)	Lr 1.000e-03 (1.000e-03)
2026-01-26 16:50:01,076 - INFO: Epoch: [6][200/229]	Time  0.029 ( 0.031)	Loss 9.2271e-02 (1.5014e-01)	Acc pseudo  96.88 ( 94.61)	Lr 1.000e-03 (1.000e-03)
2026-01-26 16:50:03,724 - INFO: Round 0, Face Fine-tune Epoch 6: loss=0.1534, acc(pseudo)=94.42%
2026-01-26 16:50:28,425 - INFO: Round 0, Face Fine-tune Epoch 6: acc(valid_pseudo): 0.9762, acc: 0.9158
2026-01-26 16:50:28,426 - INFO: Round 0, Face Fine-tune Epoch 6: No improvement. Patience(epoch): 2/3
2026-01-26 16:50:28,829 - INFO: Epoch: [7][  0/229]	Time  0.350 ( 0.350)	Loss 1.1578e-01 (1.1578e-01)	Acc pseudo  96.88 ( 96.88)	Lr 1.000e-03 (1.000e-03)
2026-01-26 16:50:33,500 - INFO: Epoch: [7][ 50/229]	Time  0.025 ( 0.035)	Loss 7.0392e-02 (1.6106e-01)	Acc pseudo  96.88 ( 94.24)	Lr 1.000e-03 (1.000e-03)
2026-01-26 16:50:38,167 - INFO: Epoch: [7][100/229]	Time  0.029 ( 0.031)	Loss 7.3945e-02 (1.5933e-01)	Acc pseudo  96.88 ( 94.29)	Lr 1.000e-03 (1.000e-03)
2026-01-26 16:50:42,835 - INFO: Epoch: [7][150/229]	Time  0.030 ( 0.030)	Loss 1.8233e-01 (1.5406e-01)	Acc pseudo  95.31 ( 94.18)	Lr 1.000e-03 (1.000e-03)
2026-01-26 16:50:47,509 - INFO: Epoch: [7][200/229]	Time  0.027 ( 0.030)	Loss 2.5495e-01 (1.5326e-01)	Acc pseudo  92.19 ( 94.16)	Lr 1.000e-03 (1.000e-03)
2026-01-26 16:50:50,174 - INFO: Round 0, Face Fine-tune Epoch 7: loss=0.1549, acc(pseudo)=94.11%
2026-01-26 16:51:14,262 - INFO: Round 0, Face Fine-tune Epoch 7: acc(valid_pseudo): 0.9799, acc: 0.9130
2026-01-26 16:51:15,464 - INFO: Epoch: [8][  0/229]	Time  0.383 ( 0.383)	Loss 1.7806e-01 (1.7806e-01)	Acc pseudo  93.75 ( 93.75)	Lr 1.000e-03 (1.000e-03)
2026-01-26 16:51:20,135 - INFO: Epoch: [8][ 50/229]	Time  0.025 ( 0.035)	Loss 7.1724e-02 (1.2346e-01)	Acc pseudo  95.31 ( 95.40)	Lr 1.000e-03 (1.000e-03)
2026-01-26 16:51:24,802 - INFO: Epoch: [8][100/229]	Time  0.025 ( 0.031)	Loss 2.6920e-01 (1.3029e-01)	Acc pseudo  89.06 ( 95.19)	Lr 1.000e-03 (1.000e-03)
2026-01-26 16:51:29,471 - INFO: Epoch: [8][150/229]	Time  0.030 ( 0.029)	Loss 1.8911e-01 (1.4129e-01)	Acc pseudo  95.31 ( 94.77)	Lr 1.000e-03 (1.000e-03)
2026-01-26 16:51:34,142 - INFO: Epoch: [8][200/229]	Time  0.028 ( 0.029)	Loss 1.9011e-01 (1.4507e-01)	Acc pseudo  93.75 ( 94.77)	Lr 1.000e-03 (1.000e-03)
2026-01-26 16:51:36,798 - INFO: Round 0, Face Fine-tune Epoch 8: loss=0.1455, acc(pseudo)=94.68%
2026-01-26 16:52:02,824 - INFO: Round 0, Face Fine-tune Epoch 8: acc(valid_pseudo): 0.9814, acc: 0.9177
2026-01-26 16:52:03,966 - INFO: Epoch: [9][  0/229]	Time  0.363 ( 0.363)	Loss 1.0998e-01 (1.0998e-01)	Acc pseudo  95.31 ( 95.31)	Lr 1.000e-03 (1.000e-03)
2026-01-26 16:52:08,632 - INFO: Epoch: [9][ 50/229]	Time  0.030 ( 0.035)	Loss 7.9841e-02 (1.3617e-01)	Acc pseudo  98.44 ( 95.34)	Lr 1.000e-03 (1.000e-03)
2026-01-26 16:52:13,298 - INFO: Epoch: [9][100/229]	Time  0.026 ( 0.031)	Loss 1.3537e-01 (1.3550e-01)	Acc pseudo  93.75 ( 95.02)	Lr 1.000e-03 (1.000e-03)
2026-01-26 16:52:17,968 - INFO: Epoch: [9][150/229]	Time  0.027 ( 0.030)	Loss 1.8405e-01 (1.3333e-01)	Acc pseudo  92.19 ( 95.13)	Lr 1.000e-03 (1.000e-03)
2026-01-26 16:52:22,639 - INFO: Epoch: [9][200/229]	Time  0.027 ( 0.030)	Loss 3.0036e-01 (1.3415e-01)	Acc pseudo  92.19 ( 95.05)	Lr 1.000e-03 (1.000e-03)
2026-01-26 16:52:25,337 - INFO: Round 0, Face Fine-tune Epoch 9: loss=0.1406, acc(pseudo)=94.96%
2026-01-26 16:52:49,657 - INFO: Round 0, Face Fine-tune Epoch 9: acc(valid_pseudo): 0.9810, acc: 0.9158
2026-01-26 16:52:49,657 - INFO: Round 0, Face Fine-tune Epoch 9: No improvement. Patience(epoch): 1/3
2026-01-26 16:52:50,084 - INFO: Epoch: [10][  0/229]	Time  0.367 ( 0.367)	Loss 1.1801e-01 (1.1801e-01)	Acc pseudo  95.31 ( 95.31)	Lr 1.000e-03 (1.000e-03)
2026-01-26 16:52:54,760 - INFO: Epoch: [10][ 50/229]	Time  0.029 ( 0.035)	Loss 6.9598e-02 (1.4002e-01)	Acc pseudo  98.44 ( 94.58)	Lr 1.000e-03 (1.000e-03)
2026-01-26 16:52:59,433 - INFO: Epoch: [10][100/229]	Time  0.029 ( 0.033)	Loss 1.5752e-01 (1.4255e-01)	Acc pseudo  89.06 ( 94.68)	Lr 1.000e-03 (1.000e-03)
2026-01-26 16:53:04,112 - INFO: Epoch: [10][150/229]	Time  0.026 ( 0.032)	Loss 1.1755e-01 (1.4116e-01)	Acc pseudo  98.44 ( 94.69)	Lr 1.000e-03 (1.000e-03)
2026-01-26 16:53:08,787 - INFO: Epoch: [10][200/229]	Time  0.026 ( 0.031)	Loss 1.1271e-01 (1.4217e-01)	Acc pseudo  96.88 ( 94.73)	Lr 1.000e-03 (1.000e-03)
2026-01-26 16:53:11,490 - INFO: Round 0, Face Fine-tune Epoch 10: loss=0.1421, acc(pseudo)=94.76%
2026-01-26 16:53:36,395 - INFO: Round 0, Face Fine-tune Epoch 10: acc(valid_pseudo): 0.9840, acc: 0.9083
2026-01-26 16:53:37,695 - INFO: Epoch: [11][  0/229]	Time  0.359 ( 0.359)	Loss 1.0319e-01 (1.0319e-01)	Acc pseudo  96.88 ( 96.88)	Lr 1.000e-03 (1.000e-03)
2026-01-26 16:53:42,360 - INFO: Epoch: [11][ 50/229]	Time  0.026 ( 0.035)	Loss 2.0896e-01 (1.5220e-01)	Acc pseudo  96.88 ( 94.82)	Lr 1.000e-03 (1.000e-03)
2026-01-26 16:53:47,029 - INFO: Epoch: [11][100/229]	Time  0.038 ( 0.032)	Loss 6.0932e-02 (1.5095e-01)	Acc pseudo  96.88 ( 94.71)	Lr 1.000e-03 (1.000e-03)
2026-01-26 16:53:51,704 - INFO: Epoch: [11][150/229]	Time  0.026 ( 0.031)	Loss 1.2261e-01 (1.4225e-01)	Acc pseudo  95.31 ( 95.03)	Lr 1.000e-03 (1.000e-03)
2026-01-26 16:53:56,376 - INFO: Epoch: [11][200/229]	Time  0.024 ( 0.030)	Loss 2.0632e-01 (1.4068e-01)	Acc pseudo  92.19 ( 95.03)	Lr 1.000e-03 (1.000e-03)
2026-01-26 16:53:59,034 - INFO: Round 0, Face Fine-tune Epoch 11: loss=0.1391, acc(pseudo)=94.99%
2026-01-26 16:54:23,753 - INFO: Round 0, Face Fine-tune Epoch 11: acc(valid_pseudo): 0.9835, acc: 0.9121
2026-01-26 16:54:23,753 - INFO: Round 0, Face Fine-tune Epoch 11: No improvement. Patience(epoch): 1/3
2026-01-26 16:54:24,188 - INFO: Epoch: [12][  0/229]	Time  0.386 ( 0.386)	Loss 1.3276e-01 (1.3276e-01)	Acc pseudo  95.31 ( 95.31)	Lr 1.000e-03 (1.000e-03)
2026-01-26 16:54:28,862 - INFO: Epoch: [12][ 50/229]	Time  0.029 ( 0.037)	Loss 1.4188e-01 (1.2805e-01)	Acc pseudo  96.88 ( 94.98)	Lr 1.000e-03 (1.000e-03)
2026-01-26 16:54:33,538 - INFO: Epoch: [12][100/229]	Time  0.030 ( 0.034)	Loss 1.7337e-01 (1.2926e-01)	Acc pseudo  95.31 ( 95.17)	Lr 1.000e-03 (1.000e-03)
2026-01-26 16:54:38,215 - INFO: Epoch: [12][150/229]	Time  0.037 ( 0.032)	Loss 1.7770e-01 (1.2655e-01)	Acc pseudo  93.75 ( 95.14)	Lr 1.000e-03 (1.000e-03)
2026-01-26 16:54:42,888 - INFO: Epoch: [12][200/229]	Time  0.027 ( 0.031)	Loss 1.0261e-01 (1.2525e-01)	Acc pseudo  93.75 ( 95.13)	Lr 1.000e-03 (1.000e-03)
2026-01-26 16:54:45,556 - INFO: Round 0, Face Fine-tune Epoch 12: loss=0.1261, acc(pseudo)=95.06%
2026-01-26 16:55:10,621 - INFO: Round 0, Face Fine-tune Epoch 12: acc(valid_pseudo): 0.9852, acc: 0.9158
2026-01-26 16:55:11,835 - INFO: Epoch: [13][  0/229]	Time  0.368 ( 0.368)	Loss 4.4593e-02 (4.4593e-02)	Acc pseudo 100.00 (100.00)	Lr 1.000e-03 (1.000e-03)
2026-01-26 16:55:16,509 - INFO: Epoch: [13][ 50/229]	Time  0.028 ( 0.035)	Loss 2.9471e-02 (9.6023e-02)	Acc pseudo  98.44 ( 96.20)	Lr 1.000e-03 (1.000e-03)
2026-01-26 16:55:21,179 - INFO: Epoch: [13][100/229]	Time  0.036 ( 0.031)	Loss 2.1484e-01 (1.0616e-01)	Acc pseudo  95.31 ( 95.84)	Lr 1.000e-03 (1.000e-03)
2026-01-26 16:55:25,853 - INFO: Epoch: [13][150/229]	Time  0.025 ( 0.030)	Loss 1.6786e-01 (1.0642e-01)	Acc pseudo  89.06 ( 95.63)	Lr 1.000e-03 (1.000e-03)
2026-01-26 16:55:30,527 - INFO: Epoch: [13][200/229]	Time  0.032 ( 0.030)	Loss 1.5193e-01 (1.0966e-01)	Acc pseudo  93.75 ( 95.58)	Lr 1.000e-03 (1.000e-03)
2026-01-26 16:55:33,179 - INFO: Round 0, Face Fine-tune Epoch 13: loss=0.1107, acc(pseudo)=95.62%
2026-01-26 16:55:57,331 - INFO: Round 0, Face Fine-tune Epoch 13: acc(valid_pseudo): 0.9853, acc: 0.9139
2026-01-26 16:55:58,502 - INFO: Epoch: [14][  0/229]	Time  0.356 ( 0.356)	Loss 2.5736e-01 (2.5736e-01)	Acc pseudo  93.75 ( 93.75)	Lr 1.000e-03 (1.000e-03)
2026-01-26 16:56:03,169 - INFO: Epoch: [14][ 50/229]	Time  0.028 ( 0.038)	Loss 1.2594e-01 (1.0662e-01)	Acc pseudo  95.31 ( 96.26)	Lr 1.000e-03 (1.000e-03)
2026-01-26 16:56:07,842 - INFO: Epoch: [14][100/229]	Time  0.026 ( 0.034)	Loss 5.9838e-02 (1.0920e-01)	Acc pseudo  96.88 ( 95.81)	Lr 1.000e-03 (1.000e-03)
2026-01-26 16:56:12,514 - INFO: Epoch: [14][150/229]	Time  0.029 ( 0.032)	Loss 5.5576e-02 (1.0686e-01)	Acc pseudo  96.88 ( 95.85)	Lr 1.000e-03 (1.000e-03)
2026-01-26 16:56:17,186 - INFO: Epoch: [14][200/229]	Time  0.025 ( 0.030)	Loss 7.5177e-02 (1.0730e-01)	Acc pseudo  98.44 ( 95.86)	Lr 1.000e-03 (1.000e-03)
2026-01-26 16:56:19,846 - INFO: Round 0, Face Fine-tune Epoch 14: loss=0.1078, acc(pseudo)=95.81%
2026-01-26 16:56:44,682 - INFO: Round 0, Face Fine-tune Epoch 14: acc(valid_pseudo): 0.9864, acc: 0.9111
2026-01-26 16:56:45,845 - INFO: Epoch: [15][  0/229]	Time  0.367 ( 0.367)	Loss 2.7690e-02 (2.7690e-02)	Acc pseudo  98.44 ( 98.44)	Lr 1.000e-03 (1.000e-03)
2026-01-26 16:56:50,513 - INFO: Epoch: [15][ 50/229]	Time  0.029 ( 0.035)	Loss 4.2361e-02 (9.4824e-02)	Acc pseudo 100.00 ( 96.17)	Lr 1.000e-03 (1.000e-03)
2026-01-26 16:56:55,176 - INFO: Epoch: [15][100/229]	Time  0.037 ( 0.031)	Loss 4.3041e-01 (1.0899e-01)	Acc pseudo  93.75 ( 96.06)	Lr 1.000e-03 (1.000e-03)
2026-01-26 16:56:59,845 - INFO: Epoch: [15][150/229]	Time  0.025 ( 0.030)	Loss 4.4079e-02 (1.1921e-01)	Acc pseudo  98.44 ( 95.58)	Lr 1.000e-03 (1.000e-03)
2026-01-26 16:57:04,600 - INFO: Epoch: [15][200/229]	Time  0.025 ( 0.030)	Loss 1.4502e-01 (1.1905e-01)	Acc pseudo  95.31 ( 95.44)	Lr 1.000e-03 (1.000e-03)
2026-01-26 16:57:07,255 - INFO: Round 0, Face Fine-tune Epoch 15: loss=0.1222, acc(pseudo)=95.23%
2026-01-26 16:57:31,406 - INFO: Round 0, Face Fine-tune Epoch 15: acc(valid_pseudo): 0.9858, acc: 0.9139
2026-01-26 16:57:31,407 - INFO: Round 0, Face Fine-tune Epoch 15: No improvement. Patience(epoch): 1/3
2026-01-26 16:57:31,818 - INFO: Epoch: [16][  0/229]	Time  0.358 ( 0.358)	Loss 1.9276e-01 (1.9276e-01)	Acc pseudo  95.31 ( 95.31)	Lr 1.000e-03 (1.000e-03)
2026-01-26 16:57:36,492 - INFO: Epoch: [16][ 50/229]	Time  0.026 ( 0.035)	Loss 1.0233e-01 (9.6628e-02)	Acc pseudo  95.31 ( 96.11)	Lr 1.000e-03 (1.000e-03)
2026-01-26 16:57:41,164 - INFO: Epoch: [16][100/229]	Time  0.026 ( 0.032)	Loss 1.0110e-01 (1.0620e-01)	Acc pseudo  95.31 ( 95.90)	Lr 1.000e-03 (1.000e-03)
2026-01-26 16:57:45,835 - INFO: Epoch: [16][150/229]	Time  0.025 ( 0.031)	Loss 1.6333e-01 (1.0562e-01)	Acc pseudo  93.75 ( 95.83)	Lr 1.000e-03 (1.000e-03)
2026-01-26 16:57:50,508 - INFO: Epoch: [16][200/229]	Time  0.038 ( 0.030)	Loss 7.6063e-02 (1.0341e-01)	Acc pseudo  95.31 ( 95.90)	Lr 1.000e-03 (1.000e-03)
2026-01-26 16:57:53,165 - INFO: Round 0, Face Fine-tune Epoch 16: loss=0.1082, acc(pseudo)=95.74%
2026-01-26 16:58:18,367 - INFO: Round 0, Face Fine-tune Epoch 16: acc(valid_pseudo): 0.9861, acc: 0.9149
2026-01-26 16:58:18,368 - INFO: Round 0, Face Fine-tune Epoch 16: No improvement. Patience(epoch): 2/3
2026-01-26 16:58:18,790 - INFO: Epoch: [17][  0/229]	Time  0.379 ( 0.379)	Loss 1.2812e-01 (1.2812e-01)	Acc pseudo  93.75 ( 93.75)	Lr 1.000e-03 (1.000e-03)
2026-01-26 16:58:23,461 - INFO: Epoch: [17][ 50/229]	Time  0.026 ( 0.036)	Loss 7.0874e-02 (1.1581e-01)	Acc pseudo  96.88 ( 95.74)	Lr 1.000e-03 (1.000e-03)
2026-01-26 16:58:28,130 - INFO: Epoch: [17][100/229]	Time  0.027 ( 0.033)	Loss 3.3646e-02 (1.2541e-01)	Acc pseudo  96.88 ( 95.62)	Lr 1.000e-03 (1.000e-03)
2026-01-26 16:58:32,856 - INFO: Epoch: [17][150/229]	Time  0.026 ( 0.032)	Loss 4.9622e-02 (1.2657e-01)	Acc pseudo  98.44 ( 95.52)	Lr 1.000e-03 (1.000e-03)
2026-01-26 16:58:37,540 - INFO: Epoch: [17][200/229]	Time  0.027 ( 0.031)	Loss 8.4470e-02 (1.2680e-01)	Acc pseudo  98.44 ( 95.52)	Lr 1.000e-03 (1.000e-03)
2026-01-26 16:58:40,197 - INFO: Round 0, Face Fine-tune Epoch 17: loss=0.1274, acc(pseudo)=95.53%
2026-01-26 16:59:04,498 - INFO: Round 0, Face Fine-tune Epoch 17: acc(valid_pseudo): 0.9876, acc: 0.9102
2026-01-26 16:59:05,648 - INFO: Epoch: [18][  0/229]	Time  0.361 ( 0.361)	Loss 3.0065e-02 (3.0065e-02)	Acc pseudo 100.00 (100.00)	Lr 1.000e-03 (1.000e-03)
2026-01-26 16:59:10,316 - INFO: Epoch: [18][ 50/229]	Time  0.025 ( 0.035)	Loss 1.1268e-01 (1.0597e-01)	Acc pseudo  95.31 ( 95.68)	Lr 1.000e-03 (1.000e-03)
2026-01-26 16:59:14,986 - INFO: Epoch: [18][100/229]	Time  0.033 ( 0.032)	Loss 1.3962e-01 (1.1685e-01)	Acc pseudo  93.75 ( 95.65)	Lr 1.000e-03 (1.000e-03)
2026-01-26 16:59:19,663 - INFO: Epoch: [18][150/229]	Time  0.027 ( 0.032)	Loss 7.8624e-02 (1.1131e-01)	Acc pseudo  96.88 ( 95.65)	Lr 1.000e-03 (1.000e-03)
2026-01-26 16:59:24,339 - INFO: Epoch: [18][200/229]	Time  0.030 ( 0.031)	Loss 6.0464e-02 (1.1047e-01)	Acc pseudo  96.88 ( 95.69)	Lr 1.000e-03 (1.000e-03)
2026-01-26 16:59:27,005 - INFO: Round 0, Face Fine-tune Epoch 18: loss=0.1106, acc(pseudo)=95.65%
2026-01-26 16:59:51,634 - INFO: Round 0, Face Fine-tune Epoch 18: acc(valid_pseudo): 0.9890, acc: 0.9149
2026-01-26 16:59:52,785 - INFO: Epoch: [19][  0/229]	Time  0.358 ( 0.358)	Loss 4.4232e-02 (4.4232e-02)	Acc pseudo  96.88 ( 96.88)	Lr 1.000e-03 (1.000e-03)
2026-01-26 16:59:57,454 - INFO: Epoch: [19][ 50/229]	Time  0.028 ( 0.036)	Loss 3.3251e-02 (9.7983e-02)	Acc pseudo  98.44 ( 96.02)	Lr 1.000e-03 (1.000e-03)
2026-01-26 17:00:02,128 - INFO: Epoch: [19][100/229]	Time  0.029 ( 0.033)	Loss 3.3657e-02 (1.0587e-01)	Acc pseudo  98.44 ( 95.92)	Lr 1.000e-03 (1.000e-03)
2026-01-26 17:00:06,804 - INFO: Epoch: [19][150/229]	Time  0.028 ( 0.031)	Loss 7.7515e-02 (1.0490e-01)	Acc pseudo  96.88 ( 95.88)	Lr 1.000e-03 (1.000e-03)
2026-01-26 17:00:11,481 - INFO: Epoch: [19][200/229]	Time  0.026 ( 0.031)	Loss 1.2543e-01 (1.0906e-01)	Acc pseudo  95.31 ( 95.70)	Lr 1.000e-03 (1.000e-03)
2026-01-26 17:00:14,135 - INFO: Round 0, Face Fine-tune Epoch 19: loss=0.1102, acc(pseudo)=95.69%
2026-01-26 17:00:38,727 - INFO: Round 0, Face Fine-tune Epoch 19: acc(valid_pseudo): 0.9883, acc: 0.9111
2026-01-26 17:00:38,727 - INFO: Round 0, Face Fine-tune Epoch 19: No improvement. Patience(epoch): 1/3
2026-01-26 17:00:38,728 - INFO: Round 0: Best face fine-tuned epoch=18, acc(valid_pseudo)=0.9890
2026-01-26 17:00:38,766 - INFO: Using HMM model from previous round: runs/the big bang theory/exp_video_overlap/result/self_supervised/exp0/initial/pseudo_label/hmm_params.pkl
2026-01-26 17:28:25,600 - INFO: Round 0: speaker_acc=0.9180
2026-01-26 17:28:25,604 - INFO: Round 0: face_acc=0.9186
2026-01-26 17:28:25,606 - INFO: ====================
2026-01-26 17:28:25,607 - INFO: Round 1: Fine-tuning iteration
2026-01-26 17:28:25,607 - INFO: ====================
2026-01-26 17:28:25,653 - INFO: Round 1 Part 1: Fine-tuning embedding model
2026-01-26 17:28:25,653 - INFO: Using pseudo-label file: runs/the big bang theory/exp_video_overlap/result/self_supervised/exp0/round0/pseudo_label/pseudo_labels_audio_nested_hmm_full(unreliable_pp=20.0).json
2026-01-26 17:28:25,667 - INFO: For training, Using face pseudo-label file: runs/the big bang theory/exp_video_overlap/result/self_supervised/exp0/round0/pseudo_label/pseudo_labels_faces_mid_frame_train_nested_hmm_full.json
2026-01-26 17:28:25,668 - INFO: For infering, Using face pseudo-label file: runs/the big bang theory/exp_video_overlap/result/self_supervised/exp0/round0/pseudo_label/pseudo_labels_faces_mid_frame_all_nested_hmm_full.json
2026-01-26 17:28:25,724 - INFO: Created face dataloader with 14646 samples
2026-01-26 17:28:25,734 - INFO: Fine-tuning speaker embedding model for 20 epochs...
2026-01-26 17:28:26,339 - INFO: Epoch: [0][  0/107]	Time  0.598 ( 0.598)	Loss 5.4435e-01 (5.4435e-01)	Acc pseudo  90.62 ( 90.62)	Lr 1.000e-03 (1.000e-03)
2026-01-26 17:28:26,491 - INFO: Epoch: [0][ 50/107]	Time  0.003 ( 0.015)	Loss 1.8848e-01 (5.1050e-01)	Acc pseudo  95.31 ( 91.97)	Lr 1.000e-03 (1.000e-03)
2026-01-26 17:28:26,629 - INFO: Epoch: [0][100/107]	Time  0.002 ( 0.009)	Loss 4.4400e-01 (4.8084e-01)	Acc pseudo  87.50 ( 91.62)	Lr 1.000e-03 (1.000e-03)
2026-01-26 17:28:26,674 - INFO: Round 1, Fine-tune Epoch 0: loss=0.4700, acc(pseudo)=91.64%
2026-01-26 17:28:30,617 - INFO: Round 1, Fine-tune Epoch 0: acc(valid_pseudo): 0.9694, acc: 0.8710
2026-01-26 17:28:31,046 - INFO: Epoch: [1][  0/107]	Time  0.132 ( 0.132)	Loss 4.0681e-01 (4.0681e-01)	Acc pseudo  89.06 ( 89.06)	Lr 1.000e-03 (1.000e-03)
2026-01-26 17:28:31,195 - INFO: Epoch: [1][ 50/107]	Time  0.003 ( 0.005)	Loss 1.4519e-01 (3.2362e-01)	Acc pseudo  95.31 ( 92.37)	Lr 1.000e-03 (1.000e-03)
2026-01-26 17:28:31,327 - INFO: Epoch: [1][100/107]	Time  0.002 ( 0.004)	Loss 3.4673e-01 (3.3305e-01)	Acc pseudo  87.50 ( 92.11)	Lr 1.000e-03 (1.000e-03)
2026-01-26 17:28:31,373 - INFO: Round 1, Fine-tune Epoch 1: loss=0.3353, acc(pseudo)=92.05%
2026-01-26 17:28:36,149 - INFO: Round 1, Fine-tune Epoch 1: acc(valid_pseudo): 0.9422, acc: 0.8205
2026-01-26 17:28:36,149 - INFO: Round 1, Speaker Fine-tune Epoch 1: No improvement in validation accuracy. Patience(epoch): 1/3
2026-01-26 17:28:36,282 - INFO: Epoch: [2][  0/107]	Time  0.128 ( 0.128)	Loss 4.6910e-01 (4.6910e-01)	Acc pseudo  90.62 ( 90.62)	Lr 1.000e-03 (1.000e-03)
2026-01-26 17:28:36,435 - INFO: Epoch: [2][ 50/107]	Time  0.003 ( 0.005)	Loss 1.5326e-01 (3.0109e-01)	Acc pseudo  96.88 ( 92.25)	Lr 1.000e-03 (1.000e-03)
2026-01-26 17:28:36,576 - INFO: Epoch: [2][100/107]	Time  0.002 ( 0.004)	Loss 1.2327e-01 (2.9102e-01)	Acc pseudo  96.88 ( 92.59)	Lr 1.000e-03 (1.000e-03)
2026-01-26 17:28:36,622 - INFO: Round 1, Fine-tune Epoch 2: loss=0.2921, acc(pseudo)=92.56%
2026-01-26 17:28:41,672 - INFO: Round 1, Fine-tune Epoch 2: acc(valid_pseudo): 0.9670, acc: 0.8905
2026-01-26 17:28:41,672 - INFO: Round 1, Speaker Fine-tune Epoch 2: No improvement in validation accuracy. Patience(epoch): 2/3
2026-01-26 17:28:41,806 - INFO: Epoch: [3][  0/107]	Time  0.129 ( 0.129)	Loss 5.0439e-01 (5.0439e-01)	Acc pseudo  87.50 ( 87.50)	Lr 1.000e-03 (1.000e-03)
2026-01-26 17:28:41,957 - INFO: Epoch: [3][ 50/107]	Time  0.003 ( 0.005)	Loss 3.0405e-01 (2.5148e-01)	Acc pseudo  96.88 ( 93.66)	Lr 1.000e-03 (1.000e-03)
2026-01-26 17:28:42,098 - INFO: Epoch: [3][100/107]	Time  0.002 ( 0.004)	Loss 1.5335e-01 (2.4378e-01)	Acc pseudo  93.75 ( 93.39)	Lr 1.000e-03 (1.000e-03)
2026-01-26 17:28:42,142 - INFO: Round 1, Fine-tune Epoch 3: loss=0.2413, acc(pseudo)=93.43%
2026-01-26 17:28:46,072 - INFO: Round 1, Fine-tune Epoch 3: acc(valid_pseudo): 0.9711, acc: 0.9010
2026-01-26 17:28:46,459 - INFO: Epoch: [4][  0/107]	Time  0.133 ( 0.133)	Loss 7.8724e-02 (7.8724e-02)	Acc pseudo  98.44 ( 98.44)	Lr 1.000e-03 (1.000e-03)
2026-01-26 17:28:46,615 - INFO: Epoch: [4][ 50/107]	Time  0.003 ( 0.006)	Loss 1.2912e-01 (2.2369e-01)	Acc pseudo  98.44 ( 93.54)	Lr 1.000e-03 (1.000e-03)
2026-01-26 17:28:46,750 - INFO: Epoch: [4][100/107]	Time  0.002 ( 0.004)	Loss 3.4515e-01 (2.2384e-01)	Acc pseudo  92.19 ( 93.78)	Lr 1.000e-03 (1.000e-03)
2026-01-26 17:28:46,798 - INFO: Round 1, Fine-tune Epoch 4: loss=0.2218, acc(pseudo)=93.82%
2026-01-26 17:28:51,018 - INFO: Round 1, Fine-tune Epoch 4: acc(valid_pseudo): 0.9562, acc: 0.8635
2026-01-26 17:28:51,019 - INFO: Round 1, Speaker Fine-tune Epoch 4: No improvement in validation accuracy. Patience(epoch): 1/3
2026-01-26 17:28:51,149 - INFO: Epoch: [5][  0/107]	Time  0.126 ( 0.126)	Loss 1.9667e-01 (1.9667e-01)	Acc pseudo  89.06 ( 89.06)	Lr 1.000e-03 (1.000e-03)
2026-01-26 17:28:51,300 - INFO: Epoch: [5][ 50/107]	Time  0.003 ( 0.005)	Loss 1.4408e-01 (2.0865e-01)	Acc pseudo  93.75 ( 93.57)	Lr 1.000e-03 (1.000e-03)
2026-01-26 17:28:51,439 - INFO: Epoch: [5][100/107]	Time  0.002 ( 0.004)	Loss 1.6242e-01 (2.1453e-01)	Acc pseudo  95.31 ( 93.78)	Lr 1.000e-03 (1.000e-03)
2026-01-26 17:28:51,481 - INFO: Round 1, Fine-tune Epoch 5: loss=0.2152, acc(pseudo)=93.79%
2026-01-26 17:28:55,538 - INFO: Round 1, Fine-tune Epoch 5: acc(valid_pseudo): 0.9554, acc: 0.8665
2026-01-26 17:28:55,538 - INFO: Round 1, Speaker Fine-tune Epoch 5: No improvement in validation accuracy. Patience(epoch): 2/3
2026-01-26 17:28:55,673 - INFO: Epoch: [6][  0/107]	Time  0.131 ( 0.131)	Loss 3.6583e-01 (3.6583e-01)	Acc pseudo  89.06 ( 89.06)	Lr 1.000e-03 (1.000e-03)
2026-01-26 17:28:55,833 - INFO: Epoch: [6][ 50/107]	Time  0.003 ( 0.006)	Loss 1.5229e-01 (1.9245e-01)	Acc pseudo  96.88 ( 94.30)	Lr 1.000e-03 (1.000e-03)
2026-01-26 17:28:55,971 - INFO: Epoch: [6][100/107]	Time  0.002 ( 0.004)	Loss 2.9843e-01 (2.0002e-01)	Acc pseudo  90.62 ( 94.11)	Lr 1.000e-03 (1.000e-03)
2026-01-26 17:28:56,018 - INFO: Round 1, Fine-tune Epoch 6: loss=0.2057, acc(pseudo)=94.00%
2026-01-26 17:29:00,243 - INFO: Round 1, Fine-tune Epoch 6: acc(valid_pseudo): 0.9967, acc: 0.9125
2026-01-26 17:29:00,633 - INFO: Epoch: [7][  0/107]	Time  0.132 ( 0.132)	Loss 9.4719e-02 (9.4719e-02)	Acc pseudo  98.44 ( 98.44)	Lr 1.000e-03 (1.000e-03)
2026-01-26 17:29:00,783 - INFO: Epoch: [7][ 50/107]	Time  0.003 ( 0.005)	Loss 1.7342e-01 (1.5508e-01)	Acc pseudo  93.75 ( 95.34)	Lr 1.000e-03 (1.000e-03)
2026-01-26 17:29:00,919 - INFO: Epoch: [7][100/107]	Time  0.002 ( 0.004)	Loss 1.8854e-01 (1.7172e-01)	Acc pseudo  93.75 ( 94.86)	Lr 1.000e-03 (1.000e-03)
2026-01-26 17:29:00,965 - INFO: Round 1, Fine-tune Epoch 7: loss=0.1713, acc(pseudo)=94.85%
2026-01-26 17:29:05,171 - INFO: Round 1, Fine-tune Epoch 7: acc(valid_pseudo): 0.9909, acc: 0.8995
2026-01-26 17:29:05,172 - INFO: Round 1, Speaker Fine-tune Epoch 7: No improvement in validation accuracy. Patience(epoch): 1/3
2026-01-26 17:29:05,309 - INFO: Epoch: [8][  0/107]	Time  0.133 ( 0.133)	Loss 7.5920e-02 (7.5920e-02)	Acc pseudo 100.00 (100.00)	Lr 1.000e-03 (1.000e-03)
2026-01-26 17:29:05,460 - INFO: Epoch: [8][ 50/107]	Time  0.002 ( 0.005)	Loss 2.0817e-01 (1.6174e-01)	Acc pseudo  98.44 ( 95.65)	Lr 1.000e-03 (1.000e-03)
2026-01-26 17:29:05,595 - INFO: Epoch: [8][100/107]	Time  0.002 ( 0.004)	Loss 1.3752e-01 (1.8223e-01)	Acc pseudo  92.19 ( 94.69)	Lr 1.000e-03 (1.000e-03)
2026-01-26 17:29:05,638 - INFO: Round 1, Fine-tune Epoch 8: loss=0.1826, acc(pseudo)=94.60%
2026-01-26 17:29:09,487 - INFO: Round 1, Fine-tune Epoch 8: acc(valid_pseudo): 0.7308, acc: 0.7270
2026-01-26 17:29:09,487 - INFO: Round 1, Speaker Fine-tune Epoch 8: No improvement in validation accuracy. Patience(epoch): 2/3
2026-01-26 17:29:09,487 - INFO: Early stopping at epoch 8 due to significant drop in pseudo-label validation accuracy: 0.9909 -> 0.7308.
2026-01-26 17:29:09,488 - INFO: Round 1: Best speaker fine-tuned epoch=6, acc(valid_pseudo)=0.9967
2026-01-26 17:29:09,492 - INFO: Fine-tuning face embedding model for 20 epochs...
2026-01-26 17:29:10,130 - INFO: Epoch: [0][  0/229]	Time  0.604 ( 0.604)	Loss 2.3372e-01 (2.3372e-01)	Acc pseudo  96.88 ( 96.88)	Lr 1.000e-03 (1.000e-03)
2026-01-26 17:29:14,750 - INFO: Epoch: [0][ 50/229]	Time  0.026 ( 0.040)	Loss 4.3748e-02 (1.5604e-01)	Acc pseudo  98.44 ( 95.44)	Lr 1.000e-03 (1.000e-03)
2026-01-26 17:29:19,358 - INFO: Epoch: [0][100/229]	Time  0.030 ( 0.035)	Loss 1.4764e-01 (1.5560e-01)	Acc pseudo  93.75 ( 95.45)	Lr 1.000e-03 (1.000e-03)
2026-01-26 17:29:23,973 - INFO: Epoch: [0][150/229]	Time  0.028 ( 0.033)	Loss 7.8403e-02 (1.5379e-01)	Acc pseudo  95.31 ( 95.35)	Lr 1.000e-03 (1.000e-03)
2026-01-26 17:29:28,587 - INFO: Epoch: [0][200/229]	Time  0.028 ( 0.032)	Loss 8.9396e-02 (1.4534e-01)	Acc pseudo  98.44 ( 95.48)	Lr 1.000e-03 (1.000e-03)
2026-01-26 17:29:31,213 - INFO: Round 1, Face Fine-tune Epoch 0: loss=0.1405, acc(pseudo)=95.58%
2026-01-26 17:29:55,935 - INFO: Round 1, Face Fine-tune Epoch 0: acc(valid_pseudo): 0.9849, acc: 0.9167
2026-01-26 17:29:57,283 - INFO: Epoch: [1][  0/229]	Time  0.357 ( 0.357)	Loss 1.0823e-01 (1.0823e-01)	Acc pseudo  96.88 ( 96.88)	Lr 1.000e-03 (1.000e-03)
2026-01-26 17:30:01,926 - INFO: Epoch: [1][ 50/229]	Time  0.028 ( 0.034)	Loss 1.8255e-01 (1.2376e-01)	Acc pseudo  96.88 ( 96.57)	Lr 1.000e-03 (1.000e-03)
2026-01-26 17:30:06,556 - INFO: Epoch: [1][100/229]	Time  0.024 ( 0.031)	Loss 1.7538e-01 (1.2155e-01)	Acc pseudo  93.75 ( 96.44)	Lr 1.000e-03 (1.000e-03)
2026-01-26 17:30:11,229 - INFO: Epoch: [1][150/229]	Time  0.031 ( 0.030)	Loss 4.9618e-02 (1.2232e-01)	Acc pseudo  96.88 ( 96.06)	Lr 1.000e-03 (1.000e-03)
2026-01-26 17:30:16,005 - INFO: Epoch: [1][200/229]	Time  0.025 ( 0.031)	Loss 8.4477e-02 (1.3373e-01)	Acc pseudo  96.88 ( 96.05)	Lr 1.000e-03 (1.000e-03)
2026-01-26 17:30:18,639 - INFO: Round 1, Face Fine-tune Epoch 1: loss=0.1343, acc(pseudo)=95.97%
2026-01-26 17:30:42,426 - INFO: Round 1, Face Fine-tune Epoch 1: acc(valid_pseudo): 0.9857, acc: 0.9158
2026-01-26 17:30:43,566 - INFO: Epoch: [2][  0/229]	Time  0.357 ( 0.357)	Loss 1.0845e-01 (1.0845e-01)	Acc pseudo  93.75 ( 93.75)	Lr 1.000e-03 (1.000e-03)
2026-01-26 17:30:48,212 - INFO: Epoch: [2][ 50/229]	Time  0.028 ( 0.036)	Loss 5.1844e-02 (1.3242e-01)	Acc pseudo  98.44 ( 95.53)	Lr 1.000e-03 (1.000e-03)
2026-01-26 17:30:52,874 - INFO: Epoch: [2][100/229]	Time  0.026 ( 0.032)	Loss 1.7145e-01 (1.2312e-01)	Acc pseudo  95.31 ( 95.58)	Lr 1.000e-03 (1.000e-03)
2026-01-26 17:30:57,727 - INFO: Epoch: [2][150/229]	Time  0.025 ( 0.032)	Loss 1.2307e-01 (1.2079e-01)	Acc pseudo  95.31 ( 95.78)	Lr 1.000e-03 (1.000e-03)
2026-01-26 17:31:02,373 - INFO: Epoch: [2][200/229]	Time  0.028 ( 0.031)	Loss 1.7133e-01 (1.2766e-01)	Acc pseudo  92.19 ( 95.55)	Lr 1.000e-03 (1.000e-03)
2026-01-26 17:31:05,015 - INFO: Round 1, Face Fine-tune Epoch 2: loss=0.1273, acc(pseudo)=95.56%
2026-01-26 17:31:29,840 - INFO: Round 1, Face Fine-tune Epoch 2: acc(valid_pseudo): 0.9870, acc: 0.9158
2026-01-26 17:31:30,981 - INFO: Epoch: [3][  0/229]	Time  0.361 ( 0.361)	Loss 9.0786e-02 (9.0786e-02)	Acc pseudo  96.88 ( 96.88)	Lr 1.000e-03 (1.000e-03)
2026-01-26 17:31:35,633 - INFO: Epoch: [3][ 50/229]	Time  0.026 ( 0.036)	Loss 1.7110e-01 (9.7419e-02)	Acc pseudo  92.19 ( 96.32)	Lr 1.000e-03 (1.000e-03)
2026-01-26 17:31:40,290 - INFO: Epoch: [3][100/229]	Time  0.027 ( 0.032)	Loss 9.6500e-02 (9.4666e-02)	Acc pseudo  93.75 ( 96.18)	Lr 1.000e-03 (1.000e-03)
2026-01-26 17:31:44,968 - INFO: Epoch: [3][150/229]	Time  0.029 ( 0.031)	Loss 5.6389e-02 (1.0044e-01)	Acc pseudo  98.44 ( 96.12)	Lr 1.000e-03 (1.000e-03)
2026-01-26 17:31:49,622 - INFO: Epoch: [3][200/229]	Time  0.027 ( 0.031)	Loss 4.9958e-02 (1.0427e-01)	Acc pseudo  98.44 ( 96.14)	Lr 1.000e-03 (1.000e-03)
2026-01-26 17:31:52,277 - INFO: Round 1, Face Fine-tune Epoch 3: loss=0.1036, acc(pseudo)=96.09%
2026-01-26 17:32:16,444 - INFO: Round 1, Face Fine-tune Epoch 3: acc(valid_pseudo): 0.9874, acc: 0.9121
2026-01-26 17:32:17,611 - INFO: Epoch: [4][  0/229]	Time  0.368 ( 0.368)	Loss 8.8136e-02 (8.8136e-02)	Acc pseudo  93.75 ( 93.75)	Lr 1.000e-03 (1.000e-03)
2026-01-26 17:32:22,271 - INFO: Epoch: [4][ 50/229]	Time  0.033 ( 0.037)	Loss 1.0851e-01 (9.1179e-02)	Acc pseudo  98.44 ( 96.05)	Lr 1.000e-03 (1.000e-03)
2026-01-26 17:32:26,924 - INFO: Epoch: [4][100/229]	Time  0.040 ( 0.033)	Loss 3.5496e-02 (8.5428e-02)	Acc pseudo  96.88 ( 96.38)	Lr 1.000e-03 (1.000e-03)
2026-01-26 17:32:31,579 - INFO: Epoch: [4][150/229]	Time  0.025 ( 0.032)	Loss 1.7168e-01 (8.4388e-02)	Acc pseudo  93.75 ( 96.55)	Lr 1.000e-03 (1.000e-03)
2026-01-26 17:32:36,239 - INFO: Epoch: [4][200/229]	Time  0.039 ( 0.032)	Loss 1.9006e-01 (8.8090e-02)	Acc pseudo  95.31 ( 96.48)	Lr 1.000e-03 (1.000e-03)
2026-01-26 17:32:38,882 - INFO: Round 1, Face Fine-tune Epoch 4: loss=0.0876, acc(pseudo)=96.45%
2026-01-26 17:33:03,975 - INFO: Round 1, Face Fine-tune Epoch 4: acc(valid_pseudo): 0.9901, acc: 0.9158
2026-01-26 17:33:05,561 - INFO: Epoch: [5][  0/229]	Time  0.715 ( 0.715)	Loss 1.3707e-01 (1.3707e-01)	Acc pseudo  93.75 ( 93.75)	Lr 1.000e-03 (1.000e-03)
2026-01-26 17:33:10,301 - INFO: Epoch: [5][ 50/229]	Time  0.026 ( 0.044)	Loss 1.0750e-01 (8.6458e-02)	Acc pseudo  93.75 ( 96.35)	Lr 1.000e-03 (1.000e-03)
2026-01-26 17:33:14,978 - INFO: Epoch: [5][100/229]	Time  0.030 ( 0.036)	Loss 1.2827e-01 (8.5210e-02)	Acc pseudo  95.31 ( 96.41)	Lr 1.000e-03 (1.000e-03)
2026-01-26 17:33:19,642 - INFO: Epoch: [5][150/229]	Time  0.026 ( 0.034)	Loss 4.2334e-02 (8.3185e-02)	Acc pseudo  98.44 ( 96.67)	Lr 1.000e-03 (1.000e-03)
2026-01-26 17:33:24,306 - INFO: Epoch: [5][200/229]	Time  0.025 ( 0.032)	Loss 9.4787e-02 (9.4324e-02)	Acc pseudo  96.88 ( 96.60)	Lr 1.000e-03 (1.000e-03)
2026-01-26 17:33:26,958 - INFO: Round 1, Face Fine-tune Epoch 5: loss=0.0927, acc(pseudo)=96.63%
2026-01-26 17:33:52,303 - INFO: Round 1, Face Fine-tune Epoch 5: acc(valid_pseudo): 0.9889, acc: 0.9149
2026-01-26 17:33:52,303 - INFO: Round 1, Face Fine-tune Epoch 5: No improvement. Patience(epoch): 1/3
2026-01-26 17:33:52,717 - INFO: Epoch: [6][  0/229]	Time  0.360 ( 0.360)	Loss 3.6617e-02 (3.6617e-02)	Acc pseudo 100.00 (100.00)	Lr 1.000e-03 (1.000e-03)
2026-01-26 17:33:57,511 - INFO: Epoch: [6][ 50/229]	Time  0.035 ( 0.038)	Loss 5.6283e-02 (8.8759e-02)	Acc pseudo  96.88 ( 97.09)	Lr 1.000e-03 (1.000e-03)
2026-01-26 17:34:02,171 - INFO: Epoch: [6][100/229]	Time  0.034 ( 0.033)	Loss 9.0352e-02 (9.1351e-02)	Acc pseudo  95.31 ( 96.88)	Lr 1.000e-03 (1.000e-03)
2026-01-26 17:34:06,834 - INFO: Epoch: [6][150/229]	Time  0.028 ( 0.032)	Loss 1.5157e-01 (9.3455e-02)	Acc pseudo  96.88 ( 96.60)	Lr 1.000e-03 (1.000e-03)
2026-01-26 17:34:11,497 - INFO: Epoch: [6][200/229]	Time  0.026 ( 0.031)	Loss 4.8849e-02 (9.2877e-02)	Acc pseudo  98.44 ( 96.53)	Lr 1.000e-03 (1.000e-03)
2026-01-26 17:34:14,142 - INFO: Round 1, Face Fine-tune Epoch 6: loss=0.0919, acc(pseudo)=96.54%
2026-01-26 17:34:40,688 - INFO: Round 1, Face Fine-tune Epoch 6: acc(valid_pseudo): 0.9909, acc: 0.9186
2026-01-26 17:34:41,865 - INFO: Epoch: [7][  0/229]	Time  0.389 ( 0.389)	Loss 5.8938e-02 (5.8938e-02)	Acc pseudo  98.44 ( 98.44)	Lr 1.000e-03 (1.000e-03)
2026-01-26 17:34:46,525 - INFO: Epoch: [7][ 50/229]	Time  0.036 ( 0.039)	Loss 9.1782e-02 (8.4817e-02)	Acc pseudo  96.88 ( 96.84)	Lr 1.000e-03 (1.000e-03)
2026-01-26 17:34:51,190 - INFO: Epoch: [7][100/229]	Time  0.027 ( 0.034)	Loss 2.5406e-02 (8.0377e-02)	Acc pseudo 100.00 ( 96.94)	Lr 1.000e-03 (1.000e-03)
2026-01-26 17:34:55,860 - INFO: Epoch: [7][150/229]	Time  0.028 ( 0.032)	Loss 8.7946e-02 (8.0158e-02)	Acc pseudo  96.88 ( 96.85)	Lr 1.000e-03 (1.000e-03)
2026-01-26 17:35:00,530 - INFO: Epoch: [7][200/229]	Time  0.029 ( 0.031)	Loss 4.0599e-02 (8.4431e-02)	Acc pseudo  98.44 ( 96.79)	Lr 1.000e-03 (1.000e-03)
2026-01-26 17:35:03,187 - INFO: Round 1, Face Fine-tune Epoch 7: loss=0.0853, acc(pseudo)=96.79%
2026-01-26 17:35:27,795 - INFO: Round 1, Face Fine-tune Epoch 7: acc(valid_pseudo): 0.9887, acc: 0.9167
2026-01-26 17:35:27,795 - INFO: Round 1, Face Fine-tune Epoch 7: No improvement. Patience(epoch): 1/3
2026-01-26 17:35:28,208 - INFO: Epoch: [8][  0/229]	Time  0.374 ( 0.374)	Loss 8.1113e-02 (8.1113e-02)	Acc pseudo  96.88 ( 96.88)	Lr 1.000e-03 (1.000e-03)
2026-01-26 17:35:32,877 - INFO: Epoch: [8][ 50/229]	Time  0.026 ( 0.037)	Loss 1.7612e-02 (7.4924e-02)	Acc pseudo  98.44 ( 96.60)	Lr 1.000e-03 (1.000e-03)
2026-01-26 17:35:37,544 - INFO: Epoch: [8][100/229]	Time  0.028 ( 0.033)	Loss 1.2180e-01 (7.4166e-02)	Acc pseudo  90.62 ( 96.70)	Lr 1.000e-03 (1.000e-03)
2026-01-26 17:35:42,213 - INFO: Epoch: [8][150/229]	Time  0.029 ( 0.031)	Loss 5.6433e-02 (7.8843e-02)	Acc pseudo  96.88 ( 96.36)	Lr 1.000e-03 (1.000e-03)
2026-01-26 17:35:46,882 - INFO: Epoch: [8][200/229]	Time  0.028 ( 0.030)	Loss 9.8160e-02 (8.2795e-02)	Acc pseudo  93.75 ( 96.32)	Lr 1.000e-03 (1.000e-03)
2026-01-26 17:35:49,536 - INFO: Round 1, Face Fine-tune Epoch 8: loss=0.0823, acc(pseudo)=96.36%
2026-01-26 17:36:14,047 - INFO: Round 1, Face Fine-tune Epoch 8: acc(valid_pseudo): 0.9909, acc: 0.9177
2026-01-26 17:36:14,048 - INFO: Round 1, Face Fine-tune Epoch 8: No improvement. Patience(epoch): 2/3
2026-01-26 17:36:14,472 - INFO: Epoch: [9][  0/229]	Time  0.376 ( 0.376)	Loss 2.8978e-02 (2.8978e-02)	Acc pseudo  98.44 ( 98.44)	Lr 1.000e-03 (1.000e-03)
2026-01-26 17:36:19,135 - INFO: Epoch: [9][ 50/229]	Time  0.034 ( 0.036)	Loss 3.9823e-02 (1.0506e-01)	Acc pseudo  98.44 ( 96.17)	Lr 1.000e-03 (1.000e-03)
2026-01-26 17:36:23,801 - INFO: Epoch: [9][100/229]	Time  0.036 ( 0.032)	Loss 1.8394e-01 (1.0629e-01)	Acc pseudo  93.75 ( 96.06)	Lr 1.000e-03 (1.000e-03)
2026-01-26 17:36:28,472 - INFO: Epoch: [9][150/229]	Time  0.028 ( 0.031)	Loss 7.3440e-02 (9.8702e-02)	Acc pseudo  96.88 ( 96.27)	Lr 1.000e-03 (1.000e-03)
2026-01-26 17:36:33,144 - INFO: Epoch: [9][200/229]	Time  0.028 ( 0.030)	Loss 2.2870e-01 (9.3475e-02)	Acc pseudo  96.88 ( 96.43)	Lr 1.000e-03 (1.000e-03)
2026-01-26 17:36:35,801 - INFO: Round 1, Face Fine-tune Epoch 9: loss=0.0903, acc(pseudo)=96.52%
2026-01-26 17:36:59,989 - INFO: Round 1, Face Fine-tune Epoch 9: acc(valid_pseudo): 0.9919, acc: 0.9224
2026-01-26 17:37:01,155 - INFO: Epoch: [10][  0/229]	Time  0.377 ( 0.377)	Loss 8.6361e-02 (8.6361e-02)	Acc pseudo  96.88 ( 96.88)	Lr 1.000e-03 (1.000e-03)
2026-01-26 17:37:05,819 - INFO: Epoch: [10][ 50/229]	Time  0.027 ( 0.036)	Loss 6.0697e-02 (8.2809e-02)	Acc pseudo  95.31 ( 96.78)	Lr 1.000e-03 (1.000e-03)
2026-01-26 17:37:10,482 - INFO: Epoch: [10][100/229]	Time  0.027 ( 0.032)	Loss 4.8852e-02 (8.4839e-02)	Acc pseudo  98.44 ( 96.84)	Lr 1.000e-03 (1.000e-03)
2026-01-26 17:37:15,147 - INFO: Epoch: [10][150/229]	Time  0.032 ( 0.031)	Loss 6.1882e-02 (8.2684e-02)	Acc pseudo  96.88 ( 96.76)	Lr 1.000e-03 (1.000e-03)
2026-01-26 17:37:19,814 - INFO: Epoch: [10][200/229]	Time  0.026 ( 0.031)	Loss 1.9492e-01 (8.2042e-02)	Acc pseudo  93.75 ( 96.70)	Lr 1.000e-03 (1.000e-03)
2026-01-26 17:37:22,467 - INFO: Round 1, Face Fine-tune Epoch 10: loss=0.0806, acc(pseudo)=96.81%
2026-01-26 17:37:47,543 - INFO: Round 1, Face Fine-tune Epoch 10: acc(valid_pseudo): 0.9925, acc: 0.9214
2026-01-26 17:37:48,720 - INFO: Epoch: [11][  0/229]	Time  0.346 ( 0.346)	Loss 8.9928e-02 (8.9928e-02)	Acc pseudo  95.31 ( 95.31)	Lr 1.000e-03 (1.000e-03)
2026-01-26 17:37:53,389 - INFO: Epoch: [11][ 50/229]	Time  0.026 ( 0.034)	Loss 5.6093e-02 (1.0185e-01)	Acc pseudo  98.44 ( 96.63)	Lr 1.000e-03 (1.000e-03)
2026-01-26 17:37:58,056 - INFO: Epoch: [11][100/229]	Time  0.037 ( 0.031)	Loss 2.4364e-02 (8.9921e-02)	Acc pseudo  98.44 ( 96.64)	Lr 1.000e-03 (1.000e-03)
2026-01-26 17:38:02,729 - INFO: Epoch: [11][150/229]	Time  0.028 ( 0.031)	Loss 1.3744e-01 (9.6548e-02)	Acc pseudo  92.19 ( 96.51)	Lr 1.000e-03 (1.000e-03)
2026-01-26 17:38:07,400 - INFO: Epoch: [11][200/229]	Time  0.026 ( 0.030)	Loss 1.4200e-01 (9.4976e-02)	Acc pseudo  95.31 ( 96.49)	Lr 1.000e-03 (1.000e-03)
2026-01-26 17:38:10,055 - INFO: Round 1, Face Fine-tune Epoch 11: loss=0.0965, acc(pseudo)=96.57%
2026-01-26 17:38:34,791 - INFO: Round 1, Face Fine-tune Epoch 11: acc(valid_pseudo): 0.9924, acc: 0.9186
2026-01-26 17:38:34,791 - INFO: Round 1, Face Fine-tune Epoch 11: No improvement. Patience(epoch): 1/3
2026-01-26 17:38:35,184 - INFO: Epoch: [12][  0/229]	Time  0.351 ( 0.351)	Loss 3.9570e-02 (3.9570e-02)	Acc pseudo  98.44 ( 98.44)	Lr 1.000e-03 (1.000e-03)
2026-01-26 17:38:39,851 - INFO: Epoch: [12][ 50/229]	Time  0.036 ( 0.038)	Loss 5.9548e-02 (7.4663e-02)	Acc pseudo  96.88 ( 96.91)	Lr 1.000e-03 (1.000e-03)
2026-01-26 17:38:44,517 - INFO: Epoch: [12][100/229]	Time  0.037 ( 0.034)	Loss 8.0402e-02 (8.6526e-02)	Acc pseudo  95.31 ( 97.00)	Lr 1.000e-03 (1.000e-03)
2026-01-26 17:38:49,182 - INFO: Epoch: [12][150/229]	Time  0.027 ( 0.032)	Loss 9.7436e-02 (8.6451e-02)	Acc pseudo  96.88 ( 96.86)	Lr 1.000e-03 (1.000e-03)
2026-01-26 17:38:53,850 - INFO: Epoch: [12][200/229]	Time  0.026 ( 0.031)	Loss 2.5474e-02 (8.3735e-02)	Acc pseudo  98.44 ( 96.76)	Lr 1.000e-03 (1.000e-03)
2026-01-26 17:38:56,504 - INFO: Round 1, Face Fine-tune Epoch 12: loss=0.0896, acc(pseudo)=96.65%
2026-01-26 17:39:21,223 - INFO: Round 1, Face Fine-tune Epoch 12: acc(valid_pseudo): 0.9928, acc: 0.9177
2026-01-26 17:39:22,368 - INFO: Epoch: [13][  0/229]	Time  0.370 ( 0.370)	Loss 7.6850e-02 (7.6850e-02)	Acc pseudo  96.88 ( 96.88)	Lr 1.000e-03 (1.000e-03)
2026-01-26 17:39:27,035 - INFO: Epoch: [13][ 50/229]	Time  0.028 ( 0.036)	Loss 1.4102e-02 (7.0061e-02)	Acc pseudo 100.00 ( 97.00)	Lr 1.000e-03 (1.000e-03)
2026-01-26 17:39:31,702 - INFO: Epoch: [13][100/229]	Time  0.027 ( 0.032)	Loss 9.7017e-02 (8.1071e-02)	Acc pseudo  95.31 ( 96.77)	Lr 1.000e-03 (1.000e-03)
2026-01-26 17:39:36,371 - INFO: Epoch: [13][150/229]	Time  0.027 ( 0.031)	Loss 2.2957e-01 (9.2947e-02)	Acc pseudo  92.19 ( 96.55)	Lr 1.000e-03 (1.000e-03)
2026-01-26 17:39:41,042 - INFO: Epoch: [13][200/229]	Time  0.031 ( 0.030)	Loss 2.8484e-01 (9.0154e-02)	Acc pseudo  96.88 ( 96.67)	Lr 1.000e-03 (1.000e-03)
2026-01-26 17:39:43,698 - INFO: Round 1, Face Fine-tune Epoch 13: loss=0.0877, acc(pseudo)=96.76%
2026-01-26 17:40:07,781 - INFO: Round 1, Face Fine-tune Epoch 13: acc(valid_pseudo): 0.9921, acc: 0.9130
2026-01-26 17:40:07,781 - INFO: Round 1, Face Fine-tune Epoch 13: No improvement. Patience(epoch): 1/3
2026-01-26 17:40:08,522 - INFO: Epoch: [14][  0/229]	Time  0.680 ( 0.680)	Loss 1.8478e-01 (1.8478e-01)	Acc pseudo  92.19 ( 92.19)	Lr 1.000e-03 (1.000e-03)
2026-01-26 17:40:13,238 - INFO: Epoch: [14][ 50/229]	Time  0.033 ( 0.044)	Loss 1.2321e-01 (1.3383e-01)	Acc pseudo  95.31 ( 97.00)	Lr 1.000e-03 (1.000e-03)
2026-01-26 17:40:17,900 - INFO: Epoch: [14][100/229]	Time  0.024 ( 0.036)	Loss 3.6425e-02 (1.1947e-01)	Acc pseudo  98.44 ( 96.75)	Lr 1.000e-03 (1.000e-03)
2026-01-26 17:40:22,566 - INFO: Epoch: [14][150/229]	Time  0.034 ( 0.033)	Loss 1.0937e-01 (1.1269e-01)	Acc pseudo  95.31 ( 96.71)	Lr 1.000e-03 (1.000e-03)
2026-01-26 17:40:27,232 - INFO: Epoch: [14][200/229]	Time  0.029 ( 0.032)	Loss 4.4309e-02 (1.0476e-01)	Acc pseudo  98.44 ( 96.70)	Lr 1.000e-03 (1.000e-03)
2026-01-26 17:40:29,884 - INFO: Round 1, Face Fine-tune Epoch 14: loss=0.1029, acc(pseudo)=96.66%
2026-01-26 17:40:54,874 - INFO: Round 1, Face Fine-tune Epoch 14: acc(valid_pseudo): 0.9913, acc: 0.9177
2026-01-26 17:40:54,874 - INFO: Round 1, Face Fine-tune Epoch 14: No improvement. Patience(epoch): 2/3
2026-01-26 17:40:55,292 - INFO: Epoch: [15][  0/229]	Time  0.368 ( 0.368)	Loss 2.5736e-02 (2.5736e-02)	Acc pseudo 100.00 (100.00)	Lr 1.000e-03 (1.000e-03)
2026-01-26 17:40:59,994 - INFO: Epoch: [15][ 50/229]	Time  0.026 ( 0.037)	Loss 2.2535e-02 (6.7518e-02)	Acc pseudo  98.44 ( 97.43)	Lr 1.000e-03 (1.000e-03)
2026-01-26 17:41:04,728 - INFO: Epoch: [15][100/229]	Time  0.029 ( 0.034)	Loss 6.5356e-02 (7.0009e-02)	Acc pseudo  96.88 ( 97.26)	Lr 1.000e-03 (1.000e-03)
2026-01-26 17:41:09,398 - INFO: Epoch: [15][150/229]	Time  0.028 ( 0.032)	Loss 2.8697e-02 (7.2214e-02)	Acc pseudo  98.44 ( 97.31)	Lr 1.000e-03 (1.000e-03)
2026-01-26 17:41:14,070 - INFO: Epoch: [15][200/229]	Time  0.032 ( 0.031)	Loss 1.1103e-01 (7.5576e-02)	Acc pseudo  96.88 ( 97.19)	Lr 1.000e-03 (1.000e-03)
2026-01-26 17:41:16,726 - INFO: Round 1, Face Fine-tune Epoch 15: loss=0.0759, acc(pseudo)=97.06%
2026-01-26 17:41:41,728 - INFO: Round 1, Face Fine-tune Epoch 15: acc(valid_pseudo): 0.9932, acc: 0.9205
2026-01-26 17:41:43,039 - INFO: Epoch: [16][  0/229]	Time  0.403 ( 0.403)	Loss 1.0283e-01 (1.0283e-01)	Acc pseudo  96.88 ( 96.88)	Lr 1.000e-03 (1.000e-03)
2026-01-26 17:41:47,710 - INFO: Epoch: [16][ 50/229]	Time  0.037 ( 0.037)	Loss 4.8885e-02 (6.2289e-02)	Acc pseudo  98.44 ( 97.46)	Lr 1.000e-03 (1.000e-03)
2026-01-26 17:41:52,377 - INFO: Epoch: [16][100/229]	Time  0.026 ( 0.032)	Loss 2.1491e-02 (6.3610e-02)	Acc pseudo 100.00 ( 97.34)	Lr 1.000e-03 (1.000e-03)
2026-01-26 17:41:57,048 - INFO: Epoch: [16][150/229]	Time  0.026 ( 0.031)	Loss 1.4656e-01 (6.4777e-02)	Acc pseudo  95.31 ( 97.19)	Lr 1.000e-03 (1.000e-03)
2026-01-26 17:42:01,718 - INFO: Epoch: [16][200/229]	Time  0.027 ( 0.030)	Loss 1.2005e-01 (6.5375e-02)	Acc pseudo  98.44 ( 97.29)	Lr 1.000e-03 (1.000e-03)
2026-01-26 17:42:04,370 - INFO: Round 1, Face Fine-tune Epoch 16: loss=0.0654, acc(pseudo)=97.30%
2026-01-26 17:42:31,304 - INFO: Round 1, Face Fine-tune Epoch 16: acc(valid_pseudo): 0.9944, acc: 0.9205
2026-01-26 17:42:32,513 - INFO: Epoch: [17][  0/229]	Time  0.370 ( 0.370)	Loss 3.4324e-02 (3.4324e-02)	Acc pseudo  96.88 ( 96.88)	Lr 1.000e-03 (1.000e-03)
2026-01-26 17:42:37,175 - INFO: Epoch: [17][ 50/229]	Time  0.027 ( 0.036)	Loss 1.1222e-01 (8.4107e-02)	Acc pseudo  98.44 ( 97.18)	Lr 1.000e-03 (1.000e-03)
2026-01-26 17:42:41,837 - INFO: Epoch: [17][100/229]	Time  0.027 ( 0.032)	Loss 1.0802e-01 (8.5649e-02)	Acc pseudo  96.88 ( 96.91)	Lr 1.000e-03 (1.000e-03)
2026-01-26 17:42:46,503 - INFO: Epoch: [17][150/229]	Time  0.027 ( 0.031)	Loss 7.5013e-02 (8.2000e-02)	Acc pseudo  93.75 ( 97.03)	Lr 1.000e-03 (1.000e-03)
2026-01-26 17:42:51,168 - INFO: Epoch: [17][200/229]	Time  0.031 ( 0.030)	Loss 1.9246e-02 (8.1280e-02)	Acc pseudo 100.00 ( 96.92)	Lr 1.000e-03 (1.000e-03)
2026-01-26 17:42:53,820 - INFO: Round 1, Face Fine-tune Epoch 17: loss=0.0802, acc(pseudo)=96.95%
2026-01-26 17:43:18,740 - INFO: Round 1, Face Fine-tune Epoch 17: acc(valid_pseudo): 0.9938, acc: 0.9167
2026-01-26 17:43:18,740 - INFO: Round 1, Face Fine-tune Epoch 17: No improvement. Patience(epoch): 1/3
2026-01-26 17:43:19,137 - INFO: Epoch: [18][  0/229]	Time  0.347 ( 0.347)	Loss 1.0287e-01 (1.0287e-01)	Acc pseudo  98.44 ( 98.44)	Lr 1.000e-03 (1.000e-03)
2026-01-26 17:43:23,804 - INFO: Epoch: [18][ 50/229]	Time  0.026 ( 0.034)	Loss 5.3831e-02 (8.3581e-02)	Acc pseudo  96.88 ( 97.15)	Lr 1.000e-03 (1.000e-03)
2026-01-26 17:43:28,467 - INFO: Epoch: [18][100/229]	Time  0.034 ( 0.032)	Loss 1.0777e-02 (7.5903e-02)	Acc pseudo 100.00 ( 97.15)	Lr 1.000e-03 (1.000e-03)
2026-01-26 17:43:33,130 - INFO: Epoch: [18][150/229]	Time  0.028 ( 0.031)	Loss 5.7438e-02 (7.1176e-02)	Acc pseudo  96.88 ( 97.29)	Lr 1.000e-03 (1.000e-03)
2026-01-26 17:43:37,795 - INFO: Epoch: [18][200/229]	Time  0.027 ( 0.030)	Loss 2.4677e-02 (6.8052e-02)	Acc pseudo  98.44 ( 97.31)	Lr 1.000e-03 (1.000e-03)
2026-01-26 17:43:40,448 - INFO: Round 1, Face Fine-tune Epoch 18: loss=0.0671, acc(pseudo)=97.31%
2026-01-26 17:44:05,489 - INFO: Round 1, Face Fine-tune Epoch 18: acc(valid_pseudo): 0.9941, acc: 0.9167
2026-01-26 17:44:05,490 - INFO: Round 1, Face Fine-tune Epoch 18: No improvement. Patience(epoch): 2/3
2026-01-26 17:44:05,893 - INFO: Epoch: [19][  0/229]	Time  0.363 ( 0.363)	Loss 4.2279e-02 (4.2279e-02)	Acc pseudo  98.44 ( 98.44)	Lr 1.000e-03 (1.000e-03)
2026-01-26 17:44:10,561 - INFO: Epoch: [19][ 50/229]	Time  0.028 ( 0.037)	Loss 2.7536e-02 (5.2494e-02)	Acc pseudo  98.44 ( 97.64)	Lr 1.000e-03 (1.000e-03)
2026-01-26 17:44:15,229 - INFO: Epoch: [19][100/229]	Time  0.025 ( 0.032)	Loss 2.0696e-02 (5.4259e-02)	Acc pseudo 100.00 ( 97.74)	Lr 1.000e-03 (1.000e-03)
2026-01-26 17:44:19,898 - INFO: Epoch: [19][150/229]	Time  0.032 ( 0.031)	Loss 1.1804e-01 (5.9840e-02)	Acc pseudo  93.75 ( 97.60)	Lr 1.000e-03 (1.000e-03)
2026-01-26 17:44:24,570 - INFO: Epoch: [19][200/229]	Time  0.026 ( 0.031)	Loss 1.5776e-01 (5.9474e-02)	Acc pseudo  95.31 ( 97.62)	Lr 1.000e-03 (1.000e-03)
2026-01-26 17:44:27,221 - INFO: Round 1, Face Fine-tune Epoch 19: loss=0.0639, acc(pseudo)=97.51%
2026-01-26 17:44:51,898 - INFO: Round 1, Face Fine-tune Epoch 19: acc(valid_pseudo): 0.9938, acc: 0.9177
2026-01-26 17:44:51,899 - INFO: Round 1, Face Fine-tune Epoch 19: No improvement. Patience(epoch): 3/3
2026-01-26 17:44:51,899 - INFO: Early stopping at face epoch 19
2026-01-26 17:44:51,900 - INFO: Round 1: Best face fine-tuned epoch=16, acc(valid_pseudo)=0.9944
2026-01-26 17:44:51,929 - INFO: Using HMM model from previous round: runs/the big bang theory/exp_video_overlap/result/self_supervised/exp0/round0/pseudo_label/hmm_params.pkl
2026-01-26 18:00:21,672 - INFO: Round 1: speaker_acc=0.9155
2026-01-26 18:00:21,678 - INFO: Round 1: face_acc=0.9214
2026-01-26 18:00:21,681 - INFO: ====================
2026-01-26 18:00:21,681 - INFO: Round 2: Fine-tuning iteration
2026-01-26 18:00:21,681 - INFO: ====================
2026-01-26 18:00:21,738 - INFO: Round 2 Part 1: Fine-tuning embedding model
2026-01-26 18:00:21,739 - INFO: Using pseudo-label file: runs/the big bang theory/exp_video_overlap/result/self_supervised/exp0/round1/pseudo_label/pseudo_labels_audio_nested_hmm_full(unreliable_pp=20.0).json
2026-01-26 18:00:21,752 - INFO: For training, Using face pseudo-label file: runs/the big bang theory/exp_video_overlap/result/self_supervised/exp0/round1/pseudo_label/pseudo_labels_faces_mid_frame_train_nested_hmm_full.json
2026-01-26 18:00:21,752 - INFO: For infering, Using face pseudo-label file: runs/the big bang theory/exp_video_overlap/result/self_supervised/exp0/round1/pseudo_label/pseudo_labels_faces_mid_frame_all_nested_hmm_full.json
2026-01-26 18:00:21,811 - INFO: Created face dataloader with 14646 samples
2026-01-26 18:00:21,821 - INFO: Fine-tuning speaker embedding model for 20 epochs...
2026-01-26 18:00:21,962 - INFO: Epoch: [0][  0/107]	Time  0.137 ( 0.137)	Loss 1.5131e-01 (1.5131e-01)	Acc pseudo  95.31 ( 95.31)	Lr 1.000e-03 (1.000e-03)
2026-01-26 18:00:22,119 - INFO: Epoch: [0][ 50/107]	Time  0.003 ( 0.006)	Loss 5.1190e-02 (2.4463e-01)	Acc pseudo  98.44 ( 94.06)	Lr 1.000e-03 (1.000e-03)
2026-01-26 18:00:22,259 - INFO: Epoch: [0][100/107]	Time  0.002 ( 0.004)	Loss 1.9664e-01 (2.5501e-01)	Acc pseudo  90.62 ( 93.89)	Lr 1.000e-03 (1.000e-03)
2026-01-26 18:00:22,305 - INFO: Round 2, Fine-tune Epoch 0: loss=0.2526, acc(pseudo)=93.88%
2026-01-26 18:00:26,210 - INFO: Round 2, Fine-tune Epoch 0: acc(valid_pseudo): 0.9959, acc: 0.9145
2026-01-26 18:00:26,597 - INFO: Epoch: [1][  0/107]	Time  0.130 ( 0.130)	Loss 1.5569e-01 (1.5569e-01)	Acc pseudo  92.19 ( 92.19)	Lr 1.000e-03 (1.000e-03)
2026-01-26 18:00:26,747 - INFO: Epoch: [1][ 50/107]	Time  0.003 ( 0.005)	Loss 1.3409e-01 (1.7857e-01)	Acc pseudo  96.88 ( 94.70)	Lr 1.000e-03 (1.000e-03)
2026-01-26 18:00:26,882 - INFO: Epoch: [1][100/107]	Time  0.002 ( 0.004)	Loss 1.1956e+00 (1.8772e-01)	Acc pseudo  90.62 ( 94.97)	Lr 1.000e-03 (1.000e-03)
2026-01-26 18:00:26,925 - INFO: Round 2, Fine-tune Epoch 1: loss=0.1888, acc(pseudo)=94.95%
2026-01-26 18:00:30,948 - INFO: Round 2, Fine-tune Epoch 1: acc(valid_pseudo): 0.9455, acc: 0.8665
2026-01-26 18:00:30,948 - INFO: Round 2, Speaker Fine-tune Epoch 1: No improvement in validation accuracy. Patience(epoch): 1/3
2026-01-26 18:00:31,086 - INFO: Epoch: [2][  0/107]	Time  0.134 ( 0.134)	Loss 1.3073e-01 (1.3073e-01)	Acc pseudo  95.31 ( 95.31)	Lr 1.000e-03 (1.000e-03)
2026-01-26 18:00:31,238 - INFO: Epoch: [2][ 50/107]	Time  0.003 ( 0.006)	Loss 7.4926e-02 (1.5494e-01)	Acc pseudo  98.44 ( 95.62)	Lr 1.000e-03 (1.000e-03)
2026-01-26 18:00:31,372 - INFO: Epoch: [2][100/107]	Time  0.002 ( 0.004)	Loss 1.1222e-01 (1.5621e-01)	Acc pseudo  96.88 ( 95.68)	Lr 1.000e-03 (1.000e-03)
2026-01-26 18:00:31,418 - INFO: Round 2, Fine-tune Epoch 2: loss=0.1589, acc(pseudo)=95.62%
2026-01-26 18:00:35,419 - INFO: Round 2, Fine-tune Epoch 2: acc(valid_pseudo): 0.9909, acc: 0.9155
2026-01-26 18:00:35,420 - INFO: Round 2, Speaker Fine-tune Epoch 2: No improvement in validation accuracy. Patience(epoch): 2/3
2026-01-26 18:00:35,571 - INFO: Epoch: [3][  0/107]	Time  0.147 ( 0.147)	Loss 1.7799e-01 (1.7799e-01)	Acc pseudo  92.19 ( 92.19)	Lr 1.000e-03 (1.000e-03)
2026-01-26 18:00:35,721 - INFO: Epoch: [3][ 50/107]	Time  0.003 ( 0.006)	Loss 1.9908e-01 (1.4916e-01)	Acc pseudo  95.31 ( 95.62)	Lr 1.000e-03 (1.000e-03)
2026-01-26 18:00:35,854 - INFO: Epoch: [3][100/107]	Time  0.002 ( 0.004)	Loss 6.9612e-02 (1.5834e-01)	Acc pseudo  96.88 ( 95.24)	Lr 1.000e-03 (1.000e-03)
2026-01-26 18:00:35,900 - INFO: Round 2, Fine-tune Epoch 3: loss=0.1571, acc(pseudo)=95.33%
2026-01-26 18:00:39,664 - INFO: Round 2, Fine-tune Epoch 3: acc(valid_pseudo): 0.9909, acc: 0.9145
2026-01-26 18:00:39,664 - INFO: Round 2, Speaker Fine-tune Epoch 3: No improvement in validation accuracy. Patience(epoch): 3/3
2026-01-26 18:00:39,664 - INFO: Early stopping at epoch 3 due to no improvement in validation accuracy for 3 epochs.
2026-01-26 18:00:39,665 - INFO: Round 2: Best speaker fine-tuned epoch=0, acc(valid_pseudo)=0.9959
2026-01-26 18:00:39,669 - INFO: Fine-tuning face embedding model for 20 epochs...
2026-01-26 18:00:40,082 - INFO: Epoch: [0][  0/229]	Time  0.361 ( 0.361)	Loss 3.3109e-02 (3.3109e-02)	Acc pseudo  98.44 ( 98.44)	Lr 1.000e-03 (1.000e-03)
2026-01-26 18:00:44,705 - INFO: Epoch: [0][ 50/229]	Time  0.026 ( 0.037)	Loss 4.4701e-01 (8.6507e-02)	Acc pseudo  93.75 ( 97.52)	Lr 1.000e-03 (1.000e-03)
2026-01-26 18:00:49,319 - INFO: Epoch: [0][100/229]	Time  0.036 ( 0.034)	Loss 1.0855e-01 (9.7030e-02)	Acc pseudo  93.75 ( 97.06)	Lr 1.000e-03 (1.000e-03)
2026-01-26 18:00:53,935 - INFO: Epoch: [0][150/229]	Time  0.025 ( 0.032)	Loss 6.5035e-02 (9.0968e-02)	Acc pseudo  95.31 ( 97.11)	Lr 1.000e-03 (1.000e-03)
2026-01-26 18:00:58,613 - INFO: Epoch: [0][200/229]	Time  0.075 ( 0.031)	Loss 3.3310e-02 (9.1643e-02)	Acc pseudo  98.44 ( 97.19)	Lr 1.000e-03 (1.000e-03)
2026-01-26 18:01:01,310 - INFO: Round 2, Face Fine-tune Epoch 0: loss=0.0879, acc(pseudo)=97.23%
2026-01-26 18:01:26,481 - INFO: Round 2, Face Fine-tune Epoch 0: acc(valid_pseudo): 0.9906, acc: 0.9167
2026-01-26 18:01:27,871 - INFO: Epoch: [1][  0/229]	Time  0.372 ( 0.372)	Loss 1.4376e-02 (1.4376e-02)	Acc pseudo 100.00 (100.00)	Lr 1.000e-03 (1.000e-03)
2026-01-26 18:01:32,513 - INFO: Epoch: [1][ 50/229]	Time  0.025 ( 0.036)	Loss 1.3974e-02 (8.2415e-02)	Acc pseudo 100.00 ( 97.30)	Lr 1.000e-03 (1.000e-03)
2026-01-26 18:01:37,148 - INFO: Epoch: [1][100/229]	Time  0.025 ( 0.033)	Loss 5.9957e-02 (7.2649e-02)	Acc pseudo  96.88 ( 97.62)	Lr 1.000e-03 (1.000e-03)
2026-01-26 18:01:41,783 - INFO: Epoch: [1][150/229]	Time  0.027 ( 0.031)	Loss 7.9052e-02 (7.4694e-02)	Acc pseudo  98.44 ( 97.64)	Lr 1.000e-03 (1.000e-03)
2026-01-26 18:01:46,424 - INFO: Epoch: [1][200/229]	Time  0.035 ( 0.030)	Loss 7.5525e-02 (7.0021e-02)	Acc pseudo  96.88 ( 97.68)	Lr 1.000e-03 (1.000e-03)
2026-01-26 18:01:49,062 - INFO: Round 2, Face Fine-tune Epoch 1: loss=0.0706, acc(pseudo)=97.64%
2026-01-26 18:02:13,255 - INFO: Round 2, Face Fine-tune Epoch 1: acc(valid_pseudo): 0.9917, acc: 0.9214
2026-01-26 18:02:14,536 - INFO: Epoch: [2][  0/229]	Time  0.354 ( 0.354)	Loss 6.0896e-02 (6.0896e-02)	Acc pseudo  96.88 ( 96.88)	Lr 1.000e-03 (1.000e-03)
2026-01-26 18:02:19,184 - INFO: Epoch: [2][ 50/229]	Time  0.031 ( 0.037)	Loss 2.7604e-02 (6.4366e-02)	Acc pseudo  98.44 ( 97.33)	Lr 1.000e-03 (1.000e-03)
2026-01-26 18:02:23,826 - INFO: Epoch: [2][100/229]	Time  0.037 ( 0.033)	Loss 3.6583e-02 (7.3846e-02)	Acc pseudo  98.44 ( 97.14)	Lr 1.000e-03 (1.000e-03)
2026-01-26 18:02:28,469 - INFO: Epoch: [2][150/229]	Time  0.026 ( 0.032)	Loss 2.9083e-02 (6.5797e-02)	Acc pseudo 100.00 ( 97.44)	Lr 1.000e-03 (1.000e-03)
2026-01-26 18:02:33,115 - INFO: Epoch: [2][200/229]	Time  0.031 ( 0.031)	Loss 8.1104e-02 (7.0018e-02)	Acc pseudo  95.31 ( 97.38)	Lr 1.000e-03 (1.000e-03)
2026-01-26 18:02:35,756 - INFO: Round 2, Face Fine-tune Epoch 2: loss=0.0741, acc(pseudo)=97.30%
2026-01-26 18:03:00,067 - INFO: Round 2, Face Fine-tune Epoch 2: acc(valid_pseudo): 0.9922, acc: 0.9214
2026-01-26 18:03:01,217 - INFO: Epoch: [3][  0/229]	Time  0.378 ( 0.378)	Loss 4.1380e-02 (4.1380e-02)	Acc pseudo  98.44 ( 98.44)	Lr 1.000e-03 (1.000e-03)
2026-01-26 18:03:05,875 - INFO: Epoch: [3][ 50/229]	Time  0.028 ( 0.041)	Loss 5.0180e-02 (7.6150e-02)	Acc pseudo  96.88 ( 97.03)	Lr 1.000e-03 (1.000e-03)
2026-01-26 18:03:10,521 - INFO: Epoch: [3][100/229]	Time  0.028 ( 0.036)	Loss 3.7316e-02 (6.9590e-02)	Acc pseudo  98.44 ( 97.31)	Lr 1.000e-03 (1.000e-03)
2026-01-26 18:03:15,183 - INFO: Epoch: [3][150/229]	Time  0.029 ( 0.034)	Loss 9.0338e-02 (6.4591e-02)	Acc pseudo  96.88 ( 97.52)	Lr 1.000e-03 (1.000e-03)
2026-01-26 18:03:19,836 - INFO: Epoch: [3][200/229]	Time  0.026 ( 0.033)	Loss 2.9542e-02 (8.4715e-02)	Acc pseudo  98.44 ( 97.34)	Lr 1.000e-03 (1.000e-03)
2026-01-26 18:03:22,481 - INFO: Round 2, Face Fine-tune Epoch 3: loss=0.0833, acc(pseudo)=97.30%
2026-01-26 18:03:46,472 - INFO: Round 2, Face Fine-tune Epoch 3: acc(valid_pseudo): 0.9906, acc: 0.9186
2026-01-26 18:03:46,473 - INFO: Round 2, Face Fine-tune Epoch 3: No improvement. Patience(epoch): 1/3
2026-01-26 18:03:46,867 - INFO: Epoch: [4][  0/229]	Time  0.347 ( 0.347)	Loss 2.9614e-02 (2.9614e-02)	Acc pseudo  98.44 ( 98.44)	Lr 1.000e-03 (1.000e-03)
2026-01-26 18:03:51,525 - INFO: Epoch: [4][ 50/229]	Time  0.025 ( 0.036)	Loss 4.6741e-02 (6.5444e-02)	Acc pseudo  96.88 ( 97.46)	Lr 1.000e-03 (1.000e-03)
2026-01-26 18:03:56,182 - INFO: Epoch: [4][100/229]	Time  0.026 ( 0.032)	Loss 1.1278e-01 (6.0864e-02)	Acc pseudo  96.88 ( 97.56)	Lr 1.000e-03 (1.000e-03)
2026-01-26 18:04:00,842 - INFO: Epoch: [4][150/229]	Time  0.026 ( 0.031)	Loss 2.9769e-01 (6.1196e-02)	Acc pseudo  87.50 ( 97.57)	Lr 1.000e-03 (1.000e-03)
2026-01-26 18:04:05,803 - INFO: Epoch: [4][200/229]	Time  0.025 ( 0.032)	Loss 2.8022e-02 (6.1559e-02)	Acc pseudo 100.00 ( 97.57)	Lr 1.000e-03 (1.000e-03)
2026-01-26 18:04:08,465 - INFO: Round 2, Face Fine-tune Epoch 4: loss=0.0612, acc(pseudo)=97.59%
2026-01-26 18:04:33,676 - INFO: Round 2, Face Fine-tune Epoch 4: acc(valid_pseudo): 0.9922, acc: 0.9205
2026-01-26 18:04:33,676 - INFO: Round 2, Face Fine-tune Epoch 4: No improvement. Patience(epoch): 2/3
2026-01-26 18:04:34,101 - INFO: Epoch: [5][  0/229]	Time  0.372 ( 0.372)	Loss 7.0358e-02 (7.0358e-02)	Acc pseudo  98.44 ( 98.44)	Lr 1.000e-03 (1.000e-03)
2026-01-26 18:04:38,766 - INFO: Epoch: [5][ 50/229]	Time  0.028 ( 0.037)	Loss 1.6085e-01 (7.1241e-02)	Acc pseudo  95.31 ( 97.49)	Lr 1.000e-03 (1.000e-03)
2026-01-26 18:04:43,427 - INFO: Epoch: [5][100/229]	Time  0.025 ( 0.032)	Loss 3.8789e-02 (7.8400e-02)	Acc pseudo  98.44 ( 97.45)	Lr 1.000e-03 (1.000e-03)
2026-01-26 18:04:48,172 - INFO: Epoch: [5][150/229]	Time  0.041 ( 0.032)	Loss 8.8022e-02 (7.3393e-02)	Acc pseudo  95.31 ( 97.38)	Lr 1.000e-03 (1.000e-03)
2026-01-26 18:04:52,872 - INFO: Epoch: [5][200/229]	Time  0.029 ( 0.031)	Loss 2.8227e-02 (8.2062e-02)	Acc pseudo 100.00 ( 97.29)	Lr 1.000e-03 (1.000e-03)
2026-01-26 18:04:55,525 - INFO: Round 2, Face Fine-tune Epoch 5: loss=0.0833, acc(pseudo)=97.25%
2026-01-26 18:05:19,992 - INFO: Round 2, Face Fine-tune Epoch 5: acc(valid_pseudo): 0.9928, acc: 0.9214
2026-01-26 18:05:21,223 - INFO: Epoch: [6][  0/229]	Time  0.373 ( 0.373)	Loss 1.8218e-01 (1.8218e-01)	Acc pseudo  92.19 ( 92.19)	Lr 1.000e-03 (1.000e-03)
2026-01-26 18:05:25,888 - INFO: Epoch: [6][ 50/229]	Time  0.025 ( 0.035)	Loss 2.3887e-02 (6.5503e-02)	Acc pseudo  98.44 ( 97.46)	Lr 1.000e-03 (1.000e-03)
2026-01-26 18:05:30,549 - INFO: Epoch: [6][100/229]	Time  0.026 ( 0.032)	Loss 1.0861e-01 (6.4105e-02)	Acc pseudo  95.31 ( 97.37)	Lr 1.000e-03 (1.000e-03)
2026-01-26 18:05:35,214 - INFO: Epoch: [6][150/229]	Time  0.037 ( 0.032)	Loss 2.5858e-01 (6.5564e-02)	Acc pseudo  96.88 ( 97.52)	Lr 1.000e-03 (1.000e-03)
2026-01-26 18:05:39,880 - INFO: Epoch: [6][200/229]	Time  0.032 ( 0.031)	Loss 1.5243e-02 (6.4163e-02)	Acc pseudo 100.00 ( 97.49)	Lr 1.000e-03 (1.000e-03)
2026-01-26 18:05:42,533 - INFO: Round 2, Face Fine-tune Epoch 6: loss=0.0647, acc(pseudo)=97.45%
2026-01-26 18:06:07,641 - INFO: Round 2, Face Fine-tune Epoch 6: acc(valid_pseudo): 0.9947, acc: 0.9214
2026-01-26 18:06:08,808 - INFO: Epoch: [7][  0/229]	Time  0.349 ( 0.349)	Loss 6.0936e-03 (6.0936e-03)	Acc pseudo 100.00 (100.00)	Lr 1.000e-03 (1.000e-03)
2026-01-26 18:06:13,472 - INFO: Epoch: [7][ 50/229]	Time  0.028 ( 0.035)	Loss 6.5947e-02 (5.7288e-02)	Acc pseudo  95.31 ( 97.98)	Lr 1.000e-03 (1.000e-03)
2026-01-26 18:06:18,139 - INFO: Epoch: [7][100/229]	Time  0.027 ( 0.032)	Loss 3.1504e-02 (7.1516e-02)	Acc pseudo  98.44 ( 97.54)	Lr 1.000e-03 (1.000e-03)
2026-01-26 18:06:22,807 - INFO: Epoch: [7][150/229]	Time  0.029 ( 0.031)	Loss 2.9553e-02 (7.8181e-02)	Acc pseudo  98.44 ( 97.64)	Lr 1.000e-03 (1.000e-03)
2026-01-26 18:06:27,478 - INFO: Epoch: [7][200/229]	Time  0.025 ( 0.030)	Loss 2.5426e-02 (7.8852e-02)	Acc pseudo 100.00 ( 97.43)	Lr 1.000e-03 (1.000e-03)
2026-01-26 18:06:30,134 - INFO: Round 2, Face Fine-tune Epoch 7: loss=0.0817, acc(pseudo)=97.35%
2026-01-26 18:06:54,357 - INFO: Round 2, Face Fine-tune Epoch 7: acc(valid_pseudo): 0.9932, acc: 0.9214
2026-01-26 18:06:54,357 - INFO: Round 2, Face Fine-tune Epoch 7: No improvement. Patience(epoch): 1/3
2026-01-26 18:06:54,748 - INFO: Epoch: [8][  0/229]	Time  0.342 ( 0.342)	Loss 4.2076e-02 (4.2076e-02)	Acc pseudo  98.44 ( 98.44)	Lr 1.000e-03 (1.000e-03)
2026-01-26 18:06:59,415 - INFO: Epoch: [8][ 50/229]	Time  0.026 ( 0.035)	Loss 3.5905e-02 (6.0311e-02)	Acc pseudo  98.44 ( 97.37)	Lr 1.000e-03 (1.000e-03)
2026-01-26 18:07:04,077 - INFO: Epoch: [8][100/229]	Time  0.031 ( 0.031)	Loss 8.4212e-01 (7.4020e-02)	Acc pseudo  95.31 ( 97.48)	Lr 1.000e-03 (1.000e-03)
2026-01-26 18:07:08,742 - INFO: Epoch: [8][150/229]	Time  0.026 ( 0.030)	Loss 7.9042e-02 (7.7758e-02)	Acc pseudo  96.88 ( 97.30)	Lr 1.000e-03 (1.000e-03)
2026-01-26 18:07:13,407 - INFO: Epoch: [8][200/229]	Time  0.026 ( 0.030)	Loss 5.8235e-02 (7.5186e-02)	Acc pseudo  96.88 ( 97.29)	Lr 1.000e-03 (1.000e-03)
2026-01-26 18:07:16,056 - INFO: Round 2, Face Fine-tune Epoch 8: loss=0.0723, acc(pseudo)=97.40%
2026-01-26 18:07:40,573 - INFO: Round 2, Face Fine-tune Epoch 8: acc(valid_pseudo): 0.9939, acc: 0.9233
2026-01-26 18:07:40,573 - INFO: Round 2, Face Fine-tune Epoch 8: No improvement. Patience(epoch): 2/3
2026-01-26 18:07:40,982 - INFO: Epoch: [9][  0/229]	Time  0.370 ( 0.370)	Loss 2.9405e-02 (2.9405e-02)	Acc pseudo  98.44 ( 98.44)	Lr 1.000e-03 (1.000e-03)
2026-01-26 18:07:45,649 - INFO: Epoch: [9][ 50/229]	Time  0.027 ( 0.036)	Loss 3.2213e-02 (7.2704e-02)	Acc pseudo  98.44 ( 97.24)	Lr 1.000e-03 (1.000e-03)
2026-01-26 18:07:50,314 - INFO: Epoch: [9][100/229]	Time  0.028 ( 0.032)	Loss 8.1012e-02 (5.9203e-02)	Acc pseudo  96.88 ( 97.71)	Lr 1.000e-03 (1.000e-03)
2026-01-26 18:07:54,984 - INFO: Epoch: [9][150/229]	Time  0.025 ( 0.031)	Loss 7.3944e-02 (5.7859e-02)	Acc pseudo  98.44 ( 97.76)	Lr 1.000e-03 (1.000e-03)
2026-01-26 18:07:59,723 - INFO: Epoch: [9][200/229]	Time  0.025 ( 0.031)	Loss 4.8807e-02 (5.4939e-02)	Acc pseudo  96.88 ( 97.90)	Lr 1.000e-03 (1.000e-03)
2026-01-26 18:08:02,380 - INFO: Round 2, Face Fine-tune Epoch 9: loss=0.0548, acc(pseudo)=97.93%
2026-01-26 18:08:26,766 - INFO: Round 2, Face Fine-tune Epoch 9: acc(valid_pseudo): 0.9952, acc: 0.9242
2026-01-26 18:08:27,982 - INFO: Epoch: [10][  0/229]	Time  0.388 ( 0.388)	Loss 1.4853e-02 (1.4853e-02)	Acc pseudo 100.00 (100.00)	Lr 1.000e-03 (1.000e-03)
2026-01-26 18:08:32,652 - INFO: Epoch: [10][ 50/229]	Time  0.029 ( 0.037)	Loss 1.3748e-02 (5.6922e-02)	Acc pseudo 100.00 ( 97.92)	Lr 1.000e-03 (1.000e-03)
2026-01-26 18:08:37,315 - INFO: Epoch: [10][100/229]	Time  0.028 ( 0.033)	Loss 5.8462e-02 (6.1248e-02)	Acc pseudo  95.31 ( 97.69)	Lr 1.000e-03 (1.000e-03)
2026-01-26 18:08:41,982 - INFO: Epoch: [10][150/229]	Time  0.027 ( 0.031)	Loss 4.6554e-02 (5.5256e-02)	Acc pseudo  96.88 ( 97.84)	Lr 1.000e-03 (1.000e-03)
2026-01-26 18:08:46,655 - INFO: Epoch: [10][200/229]	Time  0.031 ( 0.030)	Loss 8.1266e-02 (5.5406e-02)	Acc pseudo  95.31 ( 97.82)	Lr 1.000e-03 (1.000e-03)
2026-01-26 18:08:49,303 - INFO: Round 2, Face Fine-tune Epoch 10: loss=0.0538, acc(pseudo)=97.89%
2026-01-26 18:09:14,624 - INFO: Round 2, Face Fine-tune Epoch 10: acc(valid_pseudo): 0.9946, acc: 0.9205
2026-01-26 18:09:14,625 - INFO: Round 2, Face Fine-tune Epoch 10: No improvement. Patience(epoch): 1/3
2026-01-26 18:09:15,045 - INFO: Epoch: [11][  0/229]	Time  0.366 ( 0.366)	Loss 2.8022e-02 (2.8022e-02)	Acc pseudo  98.44 ( 98.44)	Lr 1.000e-03 (1.000e-03)
2026-01-26 18:09:19,712 - INFO: Epoch: [11][ 50/229]	Time  0.034 ( 0.036)	Loss 2.5833e-02 (1.7415e-01)	Acc pseudo  98.44 ( 97.37)	Lr 1.000e-03 (1.000e-03)
2026-01-26 18:09:24,381 - INFO: Epoch: [11][100/229]	Time  0.029 ( 0.033)	Loss 3.0467e-02 (1.2247e-01)	Acc pseudo  98.44 ( 97.22)	Lr 1.000e-03 (1.000e-03)
2026-01-26 18:09:29,051 - INFO: Epoch: [11][150/229]	Time  0.028 ( 0.032)	Loss 1.2236e-01 (1.0082e-01)	Acc pseudo  93.75 ( 97.38)	Lr 1.000e-03 (1.000e-03)
2026-01-26 18:09:33,723 - INFO: Epoch: [11][200/229]	Time  0.027 ( 0.031)	Loss 8.8806e-02 (9.0596e-02)	Acc pseudo  96.88 ( 97.61)	Lr 1.000e-03 (1.000e-03)
2026-01-26 18:09:36,373 - INFO: Round 2, Face Fine-tune Epoch 11: loss=0.0859, acc(pseudo)=97.66%
2026-01-26 18:10:00,526 - INFO: Round 2, Face Fine-tune Epoch 11: acc(valid_pseudo): 0.9943, acc: 0.9205
2026-01-26 18:10:00,526 - INFO: Round 2, Face Fine-tune Epoch 11: No improvement. Patience(epoch): 2/3
2026-01-26 18:10:00,918 - INFO: Epoch: [12][  0/229]	Time  0.346 ( 0.346)	Loss 3.4853e-02 (3.4853e-02)	Acc pseudo  98.44 ( 98.44)	Lr 1.000e-03 (1.000e-03)
2026-01-26 18:10:05,584 - INFO: Epoch: [12][ 50/229]	Time  0.026 ( 0.036)	Loss 1.3209e-02 (5.3383e-02)	Acc pseudo  98.44 ( 97.89)	Lr 1.000e-03 (1.000e-03)
2026-01-26 18:10:10,252 - INFO: Epoch: [12][100/229]	Time  0.031 ( 0.032)	Loss 8.1290e-02 (7.3268e-02)	Acc pseudo  96.88 ( 97.80)	Lr 1.000e-03 (1.000e-03)
2026-01-26 18:10:14,943 - INFO: Epoch: [12][150/229]	Time  0.027 ( 0.031)	Loss 4.5309e-02 (6.9474e-02)	Acc pseudo  96.88 ( 97.67)	Lr 1.000e-03 (1.000e-03)
2026-01-26 18:10:19,614 - INFO: Epoch: [12][200/229]	Time  0.029 ( 0.030)	Loss 4.6323e-02 (6.5573e-02)	Acc pseudo  96.88 ( 97.78)	Lr 1.000e-03 (1.000e-03)
2026-01-26 18:10:22,264 - INFO: Round 2, Face Fine-tune Epoch 12: loss=0.0645, acc(pseudo)=97.79%
2026-01-26 18:10:46,933 - INFO: Round 2, Face Fine-tune Epoch 12: acc(valid_pseudo): 0.9949, acc: 0.9214
2026-01-26 18:10:46,933 - INFO: Round 2, Face Fine-tune Epoch 12: No improvement. Patience(epoch): 3/3
2026-01-26 18:10:46,933 - INFO: Early stopping at face epoch 12
2026-01-26 18:10:46,934 - INFO: Round 2: Best face fine-tuned epoch=9, acc(valid_pseudo)=0.9952
2026-01-26 18:10:46,962 - INFO: Using HMM model from previous round: runs/the big bang theory/exp_video_overlap/result/self_supervised/exp0/round1/pseudo_label/hmm_params.pkl
2026-01-26 18:24:10,033 - INFO: Round 2: speaker_acc=0.9225
2026-01-26 18:24:10,035 - INFO: Round 2: face_acc=0.9224
2026-01-26 18:24:10,037 - INFO: ====================
2026-01-26 18:24:10,037 - INFO: Round 3: Fine-tuning iteration
2026-01-26 18:24:10,037 - INFO: ====================
2026-01-26 18:24:10,096 - INFO: Round 3 Part 1: Fine-tuning embedding model
2026-01-26 18:24:10,096 - INFO: Using pseudo-label file: runs/the big bang theory/exp_video_overlap/result/self_supervised/exp0/round2/pseudo_label/pseudo_labels_audio_nested_hmm_full(unreliable_pp=20.0).json
2026-01-26 18:24:10,108 - INFO: For training, Using face pseudo-label file: runs/the big bang theory/exp_video_overlap/result/self_supervised/exp0/round2/pseudo_label/pseudo_labels_faces_mid_frame_train_nested_hmm_full.json
2026-01-26 18:24:10,108 - INFO: For infering, Using face pseudo-label file: runs/the big bang theory/exp_video_overlap/result/self_supervised/exp0/round2/pseudo_label/pseudo_labels_faces_mid_frame_all_nested_hmm_full.json
2026-01-26 18:24:10,165 - INFO: Created face dataloader with 14646 samples
2026-01-26 18:24:10,175 - INFO: Fine-tuning speaker embedding model for 20 epochs...
2026-01-26 18:24:10,312 - INFO: Epoch: [0][  0/107]	Time  0.133 ( 0.133)	Loss 4.7055e-01 (4.7055e-01)	Acc pseudo  96.88 ( 96.88)	Lr 1.000e-03 (1.000e-03)
2026-01-26 18:24:10,462 - INFO: Epoch: [0][ 50/107]	Time  0.003 ( 0.005)	Loss 1.7463e-01 (2.5280e-01)	Acc pseudo  95.31 ( 94.58)	Lr 1.000e-03 (1.000e-03)
2026-01-26 18:24:10,597 - INFO: Epoch: [0][100/107]	Time  0.002 ( 0.004)	Loss 1.8250e-01 (2.5009e-01)	Acc pseudo  92.19 ( 94.72)	Lr 1.000e-03 (1.000e-03)
2026-01-26 18:24:10,645 - INFO: Round 3, Fine-tune Epoch 0: loss=0.2481, acc(pseudo)=94.71%
2026-01-26 18:24:14,703 - INFO: Round 3, Fine-tune Epoch 0: acc(valid_pseudo): 0.9777, acc: 0.9055
2026-01-26 18:24:15,094 - INFO: Epoch: [1][  0/107]	Time  0.134 ( 0.134)	Loss 2.4213e-01 (2.4213e-01)	Acc pseudo  95.31 ( 95.31)	Lr 1.000e-03 (1.000e-03)
2026-01-26 18:24:15,250 - INFO: Epoch: [1][ 50/107]	Time  0.002 ( 0.006)	Loss 9.4387e-02 (1.5956e-01)	Acc pseudo  98.44 ( 95.77)	Lr 1.000e-03 (1.000e-03)
2026-01-26 18:24:15,386 - INFO: Epoch: [1][100/107]	Time  0.002 ( 0.004)	Loss 5.5163e-01 (1.7193e-01)	Acc pseudo  92.19 ( 95.61)	Lr 1.000e-03 (1.000e-03)
2026-01-26 18:24:15,429 - INFO: Round 3, Fine-tune Epoch 1: loss=0.1785, acc(pseudo)=95.52%
2026-01-26 18:24:19,626 - INFO: Round 3, Fine-tune Epoch 1: acc(valid_pseudo): 0.9785, acc: 0.8815
2026-01-26 18:24:20,040 - INFO: Epoch: [2][  0/107]	Time  0.133 ( 0.133)	Loss 2.9210e-01 (2.9210e-01)	Acc pseudo  98.44 ( 98.44)	Lr 1.000e-03 (1.000e-03)
2026-01-26 18:24:20,193 - INFO: Epoch: [2][ 50/107]	Time  0.003 ( 0.006)	Loss 1.9850e-02 (1.6523e-01)	Acc pseudo 100.00 ( 95.50)	Lr 1.000e-03 (1.000e-03)
2026-01-26 18:24:20,334 - INFO: Epoch: [2][100/107]	Time  0.002 ( 0.004)	Loss 2.1374e-01 (1.5302e-01)	Acc pseudo  98.44 ( 95.76)	Lr 1.000e-03 (1.000e-03)
2026-01-26 18:24:20,389 - INFO: Round 3, Fine-tune Epoch 2: loss=0.1528, acc(pseudo)=95.78%
2026-01-26 18:24:24,773 - INFO: Round 3, Fine-tune Epoch 2: acc(valid_pseudo): 0.9967, acc: 0.9240
2026-01-26 18:24:25,186 - INFO: Epoch: [3][  0/107]	Time  0.132 ( 0.132)	Loss 1.4445e-01 (1.4445e-01)	Acc pseudo  93.75 ( 93.75)	Lr 1.000e-03 (1.000e-03)
2026-01-26 18:24:25,335 - INFO: Epoch: [3][ 50/107]	Time  0.003 ( 0.005)	Loss 2.1233e-01 (1.4884e-01)	Acc pseudo  95.31 ( 95.89)	Lr 1.000e-03 (1.000e-03)
2026-01-26 18:24:25,471 - INFO: Epoch: [3][100/107]	Time  0.002 ( 0.004)	Loss 8.3548e-02 (1.4151e-01)	Acc pseudo  95.31 ( 95.81)	Lr 1.000e-03 (1.000e-03)
2026-01-26 18:24:25,514 - INFO: Round 3, Fine-tune Epoch 3: loss=0.1408, acc(pseudo)=95.81%
2026-01-26 18:24:29,717 - INFO: Round 3, Fine-tune Epoch 3: acc(valid_pseudo): 0.9926, acc: 0.9210
2026-01-26 18:24:29,718 - INFO: Round 3, Speaker Fine-tune Epoch 3: No improvement in validation accuracy. Patience(epoch): 1/3
2026-01-26 18:24:29,852 - INFO: Epoch: [4][  0/107]	Time  0.130 ( 0.130)	Loss 2.0526e-02 (2.0526e-02)	Acc pseudo 100.00 (100.00)	Lr 1.000e-03 (1.000e-03)
2026-01-26 18:24:30,008 - INFO: Epoch: [4][ 50/107]	Time  0.003 ( 0.006)	Loss 1.4709e-01 (1.2737e-01)	Acc pseudo  96.88 ( 96.02)	Lr 1.000e-03 (1.000e-03)
2026-01-26 18:24:30,148 - INFO: Epoch: [4][100/107]	Time  0.002 ( 0.004)	Loss 1.2173e-01 (1.3434e-01)	Acc pseudo  95.31 ( 95.67)	Lr 1.000e-03 (1.000e-03)
2026-01-26 18:24:30,196 - INFO: Round 3, Fine-tune Epoch 4: loss=0.1334, acc(pseudo)=95.74%
2026-01-26 18:24:34,502 - INFO: Round 3, Fine-tune Epoch 4: acc(valid_pseudo): 0.9959, acc: 0.9120
2026-01-26 18:24:34,502 - INFO: Round 3, Speaker Fine-tune Epoch 4: No improvement in validation accuracy. Patience(epoch): 2/3
2026-01-26 18:24:34,633 - INFO: Epoch: [5][  0/107]	Time  0.126 ( 0.126)	Loss 1.2836e-01 (1.2836e-01)	Acc pseudo  98.44 ( 98.44)	Lr 1.000e-03 (1.000e-03)
2026-01-26 18:24:34,783 - INFO: Epoch: [5][ 50/107]	Time  0.003 ( 0.005)	Loss 3.1993e-01 (1.5248e-01)	Acc pseudo  92.19 ( 95.86)	Lr 1.000e-03 (1.000e-03)
2026-01-26 18:24:34,917 - INFO: Epoch: [5][100/107]	Time  0.002 ( 0.004)	Loss 1.1818e-01 (1.5018e-01)	Acc pseudo  95.31 ( 95.79)	Lr 1.000e-03 (1.000e-03)
2026-01-26 18:24:34,964 - INFO: Round 3, Fine-tune Epoch 5: loss=0.1490, acc(pseudo)=95.83%
2026-01-26 18:24:39,804 - INFO: Round 3, Fine-tune Epoch 5: acc(valid_pseudo): 0.9967, acc: 0.9230
2026-01-26 18:24:39,805 - INFO: Round 3, Speaker Fine-tune Epoch 5: No improvement in validation accuracy. Patience(epoch): 3/3
2026-01-26 18:24:39,805 - INFO: Early stopping at epoch 5 due to no improvement in validation accuracy for 3 epochs.
2026-01-26 18:24:39,806 - INFO: Round 3: Best speaker fine-tuned epoch=2, acc(valid_pseudo)=0.9967
2026-01-26 18:24:39,810 - INFO: Fine-tuning face embedding model for 20 epochs...
2026-01-26 18:24:40,225 - INFO: Epoch: [0][  0/229]	Time  0.368 ( 0.368)	Loss 6.7564e-03 (6.7564e-03)	Acc pseudo 100.00 (100.00)	Lr 1.000e-03 (1.000e-03)
2026-01-26 18:24:44,910 - INFO: Epoch: [0][ 50/229]	Time  0.028 ( 0.037)	Loss 9.7379e-02 (1.0028e-01)	Acc pseudo  92.19 ( 97.76)	Lr 1.000e-03 (1.000e-03)
2026-01-26 18:24:49,526 - INFO: Epoch: [0][100/229]	Time  0.041 ( 0.034)	Loss 6.1373e-02 (8.1556e-02)	Acc pseudo  98.44 ( 97.85)	Lr 1.000e-03 (1.000e-03)
2026-01-26 18:24:54,142 - INFO: Epoch: [0][150/229]	Time  0.028 ( 0.033)	Loss 9.6136e-02 (7.4359e-02)	Acc pseudo  98.44 ( 97.96)	Lr 1.000e-03 (1.000e-03)
2026-01-26 18:24:58,760 - INFO: Epoch: [0][200/229]	Time  0.025 ( 0.032)	Loss 2.4218e-02 (7.4895e-02)	Acc pseudo  98.44 ( 97.93)	Lr 1.000e-03 (1.000e-03)
2026-01-26 18:25:01,388 - INFO: Round 3, Face Fine-tune Epoch 0: loss=0.0757, acc(pseudo)=97.96%
2026-01-26 18:25:27,714 - INFO: Round 3, Face Fine-tune Epoch 0: acc(valid_pseudo): 0.9909, acc: 0.9205
2026-01-26 18:25:29,284 - INFO: Epoch: [1][  0/229]	Time  0.792 ( 0.792)	Loss 4.3965e-03 (4.3965e-03)	Acc pseudo 100.00 (100.00)	Lr 1.000e-03 (1.000e-03)
2026-01-26 18:25:33,918 - INFO: Epoch: [1][ 50/229]	Time  0.030 ( 0.045)	Loss 2.5390e-02 (4.5834e-02)	Acc pseudo  96.88 ( 98.38)	Lr 1.000e-03 (1.000e-03)
2026-01-26 18:25:38,551 - INFO: Epoch: [1][100/229]	Time  0.028 ( 0.036)	Loss 7.4140e-02 (5.3064e-02)	Acc pseudo  96.88 ( 98.33)	Lr 1.000e-03 (1.000e-03)
2026-01-26 18:25:43,185 - INFO: Epoch: [1][150/229]	Time  0.026 ( 0.033)	Loss 2.9901e-02 (5.3537e-02)	Acc pseudo  98.44 ( 98.23)	Lr 1.000e-03 (1.000e-03)
2026-01-26 18:25:47,823 - INFO: Epoch: [1][200/229]	Time  0.026 ( 0.032)	Loss 5.5051e-02 (5.2607e-02)	Acc pseudo  96.88 ( 98.24)	Lr 1.000e-03 (1.000e-03)
2026-01-26 18:25:50,460 - INFO: Round 3, Face Fine-tune Epoch 1: loss=0.0530, acc(pseudo)=98.16%
2026-01-26 18:26:15,322 - INFO: Round 3, Face Fine-tune Epoch 1: acc(valid_pseudo): 0.9948, acc: 0.9252
2026-01-26 18:26:16,544 - INFO: Epoch: [2][  0/229]	Time  0.392 ( 0.392)	Loss 1.1799e-02 (1.1799e-02)	Acc pseudo 100.00 (100.00)	Lr 1.000e-03 (1.000e-03)
2026-01-26 18:26:21,197 - INFO: Epoch: [2][ 50/229]	Time  0.025 ( 0.037)	Loss 2.2266e-02 (5.0350e-02)	Acc pseudo  98.44 ( 98.19)	Lr 1.000e-03 (1.000e-03)
2026-01-26 18:26:25,839 - INFO: Epoch: [2][100/229]	Time  0.030 ( 0.034)	Loss 2.5652e-02 (4.7057e-02)	Acc pseudo  98.44 ( 98.19)	Lr 1.000e-03 (1.000e-03)
2026-01-26 18:26:30,485 - INFO: Epoch: [2][150/229]	Time  0.025 ( 0.032)	Loss 5.3933e-02 (4.5186e-02)	Acc pseudo  95.31 ( 98.24)	Lr 1.000e-03 (1.000e-03)
2026-01-26 18:26:35,134 - INFO: Epoch: [2][200/229]	Time  0.028 ( 0.031)	Loss 1.9583e-02 (4.5662e-02)	Acc pseudo 100.00 ( 98.21)	Lr 1.000e-03 (1.000e-03)
2026-01-26 18:26:37,778 - INFO: Round 3, Face Fine-tune Epoch 2: loss=0.0468, acc(pseudo)=98.22%
2026-01-26 18:27:04,729 - INFO: Round 3, Face Fine-tune Epoch 2: acc(valid_pseudo): 0.9948, acc: 0.9252
2026-01-26 18:27:04,729 - INFO: Round 3, Face Fine-tune Epoch 2: No improvement. Patience(epoch): 1/3
2026-01-26 18:27:05,149 - INFO: Epoch: [3][  0/229]	Time  0.367 ( 0.367)	Loss 3.0689e-02 (3.0689e-02)	Acc pseudo  98.44 ( 98.44)	Lr 1.000e-03 (1.000e-03)
2026-01-26 18:27:09,965 - INFO: Epoch: [3][ 50/229]	Time  0.025 ( 0.039)	Loss 4.0647e-02 (5.1947e-02)	Acc pseudo  98.44 ( 98.19)	Lr 1.000e-03 (1.000e-03)
2026-01-26 18:27:14,612 - INFO: Epoch: [3][100/229]	Time  0.027 ( 0.034)	Loss 2.0592e-02 (4.6686e-02)	Acc pseudo  98.44 ( 98.34)	Lr 1.000e-03 (1.000e-03)
2026-01-26 18:27:19,264 - INFO: Epoch: [3][150/229]	Time  0.027 ( 0.033)	Loss 2.6877e-02 (4.7686e-02)	Acc pseudo  98.44 ( 98.32)	Lr 1.000e-03 (1.000e-03)
2026-01-26 18:27:23,917 - INFO: Epoch: [3][200/229]	Time  0.026 ( 0.032)	Loss 3.2886e-02 (4.9303e-02)	Acc pseudo 100.00 ( 98.26)	Lr 1.000e-03 (1.000e-03)
2026-01-26 18:27:26,563 - INFO: Round 3, Face Fine-tune Epoch 3: loss=0.0475, acc(pseudo)=98.31%
2026-01-26 18:27:51,850 - INFO: Round 3, Face Fine-tune Epoch 3: acc(valid_pseudo): 0.9943, acc: 0.9224
2026-01-26 18:27:51,850 - INFO: Round 3, Face Fine-tune Epoch 3: No improvement. Patience(epoch): 2/3
2026-01-26 18:27:52,250 - INFO: Epoch: [4][  0/229]	Time  0.350 ( 0.350)	Loss 1.1170e-02 (1.1170e-02)	Acc pseudo 100.00 (100.00)	Lr 1.000e-03 (1.000e-03)
2026-01-26 18:27:56,913 - INFO: Epoch: [4][ 50/229]	Time  0.032 ( 0.036)	Loss 7.9505e-02 (6.6031e-02)	Acc pseudo  93.75 ( 97.86)	Lr 1.000e-03 (1.000e-03)
2026-01-26 18:28:01,570 - INFO: Epoch: [4][100/229]	Time  0.029 ( 0.033)	Loss 2.9134e-02 (5.6609e-02)	Acc pseudo  98.44 ( 98.10)	Lr 1.000e-03 (1.000e-03)
2026-01-26 18:28:06,228 - INFO: Epoch: [4][150/229]	Time  0.026 ( 0.032)	Loss 1.1094e-01 (5.4575e-02)	Acc pseudo  95.31 ( 98.13)	Lr 1.000e-03 (1.000e-03)
2026-01-26 18:28:10,888 - INFO: Epoch: [4][200/229]	Time  0.027 ( 0.031)	Loss 3.8797e-02 (5.3197e-02)	Acc pseudo  96.88 ( 98.10)	Lr 1.000e-03 (1.000e-03)
2026-01-26 18:28:13,539 - INFO: Round 3, Face Fine-tune Epoch 4: loss=0.0524, acc(pseudo)=98.06%
2026-01-26 18:28:39,695 - INFO: Round 3, Face Fine-tune Epoch 4: acc(valid_pseudo): 0.9947, acc: 0.9224
2026-01-26 18:28:39,696 - INFO: Round 3, Face Fine-tune Epoch 4: No improvement. Patience(epoch): 3/3
2026-01-26 18:28:39,696 - INFO: Early stopping at face epoch 4
2026-01-26 18:28:39,697 - INFO: Round 3: Best face fine-tuned epoch=1, acc(valid_pseudo)=0.9948
2026-01-26 18:28:39,743 - INFO: Using HMM model from previous round: runs/the big bang theory/exp_video_overlap/result/self_supervised/exp0/round2/pseudo_label/hmm_params.pkl
2026-01-26 18:42:20,972 - INFO: Round 3: speaker_acc=0.9245
2026-01-26 18:42:20,975 - INFO: Round 3: face_acc=0.9261
2026-01-26 18:42:20,977 - INFO: ====================
2026-01-26 18:42:20,977 - INFO: Round 4: Fine-tuning iteration
2026-01-26 18:42:20,977 - INFO: ====================
2026-01-26 18:42:21,059 - INFO: Round 4 Part 1: Fine-tuning embedding model
2026-01-26 18:42:21,060 - INFO: Using pseudo-label file: runs/the big bang theory/exp_video_overlap/result/self_supervised/exp0/round3/pseudo_label/pseudo_labels_audio_nested_hmm_full(unreliable_pp=20.0).json
2026-01-26 18:42:21,071 - INFO: For training, Using face pseudo-label file: runs/the big bang theory/exp_video_overlap/result/self_supervised/exp0/round3/pseudo_label/pseudo_labels_faces_mid_frame_train_nested_hmm_full.json
2026-01-26 18:42:21,071 - INFO: For infering, Using face pseudo-label file: runs/the big bang theory/exp_video_overlap/result/self_supervised/exp0/round3/pseudo_label/pseudo_labels_faces_mid_frame_all_nested_hmm_full.json
2026-01-26 18:42:21,129 - INFO: Created face dataloader with 14646 samples
2026-01-26 18:42:21,139 - INFO: Fine-tuning speaker embedding model for 20 epochs...
2026-01-26 18:42:21,372 - INFO: Epoch: [0][  0/107]	Time  0.229 ( 0.229)	Loss 1.5012e-01 (1.5012e-01)	Acc pseudo  93.75 ( 93.75)	Lr 1.000e-03 (1.000e-03)
2026-01-26 18:42:21,527 - INFO: Epoch: [0][ 50/107]	Time  0.002 ( 0.007)	Loss 4.3047e-02 (1.7841e-01)	Acc pseudo 100.00 ( 95.68)	Lr 1.000e-03 (1.000e-03)
2026-01-26 18:42:21,662 - INFO: Epoch: [0][100/107]	Time  0.002 ( 0.005)	Loss 1.6719e-01 (1.6784e-01)	Acc pseudo  93.75 ( 95.88)	Lr 1.000e-03 (1.000e-03)
2026-01-26 18:42:21,705 - INFO: Round 4, Fine-tune Epoch 0: loss=0.1630, acc(pseudo)=95.93%
2026-01-26 18:42:25,794 - INFO: Round 4, Fine-tune Epoch 0: acc(valid_pseudo): 0.9950, acc: 0.9240
2026-01-26 18:42:26,194 - INFO: Epoch: [1][  0/107]	Time  0.146 ( 0.146)	Loss 7.1470e-02 (7.1470e-02)	Acc pseudo  96.88 ( 96.88)	Lr 1.000e-03 (1.000e-03)
2026-01-26 18:42:26,345 - INFO: Epoch: [1][ 50/107]	Time  0.003 ( 0.006)	Loss 6.5345e-02 (1.3121e-01)	Acc pseudo  96.88 ( 96.29)	Lr 1.000e-03 (1.000e-03)
2026-01-26 18:42:26,482 - INFO: Epoch: [1][100/107]	Time  0.002 ( 0.004)	Loss 2.6820e-01 (1.3216e-01)	Acc pseudo  92.19 ( 96.43)	Lr 1.000e-03 (1.000e-03)
2026-01-26 18:42:26,525 - INFO: Round 4, Fine-tune Epoch 1: loss=0.1317, acc(pseudo)=96.44%
2026-01-26 18:42:30,451 - INFO: Round 4, Fine-tune Epoch 1: acc(valid_pseudo): 0.9975, acc: 0.9205
2026-01-26 18:42:30,861 - INFO: Epoch: [2][  0/107]	Time  0.142 ( 0.142)	Loss 1.2756e-01 (1.2756e-01)	Acc pseudo  98.44 ( 98.44)	Lr 1.000e-03 (1.000e-03)
2026-01-26 18:42:31,017 - INFO: Epoch: [2][ 50/107]	Time  0.003 ( 0.006)	Loss 4.2199e-03 (1.0396e-01)	Acc pseudo 100.00 ( 97.06)	Lr 1.000e-03 (1.000e-03)
2026-01-26 18:42:31,160 - INFO: Epoch: [2][100/107]	Time  0.002 ( 0.004)	Loss 7.8372e-02 (1.0502e-01)	Acc pseudo  96.88 ( 96.95)	Lr 1.000e-03 (1.000e-03)
2026-01-26 18:42:31,216 - INFO: Round 4, Fine-tune Epoch 2: loss=0.1040, acc(pseudo)=97.01%
2026-01-26 18:42:35,159 - INFO: Round 4, Fine-tune Epoch 2: acc(valid_pseudo): 0.9950, acc: 0.9175
2026-01-26 18:42:35,159 - INFO: Round 4, Speaker Fine-tune Epoch 2: No improvement in validation accuracy. Patience(epoch): 1/3
2026-01-26 18:42:35,291 - INFO: Epoch: [3][  0/107]	Time  0.128 ( 0.128)	Loss 1.9701e-01 (1.9701e-01)	Acc pseudo  92.19 ( 92.19)	Lr 1.000e-03 (1.000e-03)
2026-01-26 18:42:35,438 - INFO: Epoch: [3][ 50/107]	Time  0.003 ( 0.005)	Loss 2.4459e-01 (1.2222e-01)	Acc pseudo  96.88 ( 96.72)	Lr 1.000e-03 (1.000e-03)
2026-01-26 18:42:35,573 - INFO: Epoch: [3][100/107]	Time  0.002 ( 0.004)	Loss 9.0439e-02 (1.1276e-01)	Acc pseudo  95.31 ( 96.66)	Lr 1.000e-03 (1.000e-03)
2026-01-26 18:42:35,615 - INFO: Round 4, Fine-tune Epoch 3: loss=0.1111, acc(pseudo)=96.69%
2026-01-26 18:42:39,514 - INFO: Round 4, Fine-tune Epoch 3: acc(valid_pseudo): 0.9835, acc: 0.9050
2026-01-26 18:42:39,514 - INFO: Round 4, Speaker Fine-tune Epoch 3: No improvement in validation accuracy. Patience(epoch): 2/3
2026-01-26 18:42:39,648 - INFO: Epoch: [4][  0/107]	Time  0.129 ( 0.129)	Loss 2.5234e-02 (2.5234e-02)	Acc pseudo  98.44 ( 98.44)	Lr 1.000e-03 (1.000e-03)
2026-01-26 18:42:39,805 - INFO: Epoch: [4][ 50/107]	Time  0.003 ( 0.006)	Loss 4.7400e-02 (1.1355e-01)	Acc pseudo  98.44 ( 96.66)	Lr 1.000e-03 (1.000e-03)
2026-01-26 18:42:39,950 - INFO: Epoch: [4][100/107]	Time  0.002 ( 0.004)	Loss 1.7389e-01 (1.1137e-01)	Acc pseudo  96.88 ( 96.61)	Lr 1.000e-03 (1.000e-03)
2026-01-26 18:42:39,993 - INFO: Round 4, Fine-tune Epoch 4: loss=0.1100, acc(pseudo)=96.66%
2026-01-26 18:42:43,997 - INFO: Round 4, Fine-tune Epoch 4: acc(valid_pseudo): 0.9851, acc: 0.9050
2026-01-26 18:42:43,998 - INFO: Round 4, Speaker Fine-tune Epoch 4: No improvement in validation accuracy. Patience(epoch): 3/3
2026-01-26 18:42:43,998 - INFO: Early stopping at epoch 4 due to no improvement in validation accuracy for 3 epochs.
2026-01-26 18:42:43,999 - INFO: Round 4: Best speaker fine-tuned epoch=1, acc(valid_pseudo)=0.9975
2026-01-26 18:42:44,003 - INFO: Fine-tuning face embedding model for 20 epochs...
2026-01-26 18:42:44,633 - INFO: Epoch: [0][  0/229]	Time  0.595 ( 0.595)	Loss 1.1827e-01 (1.1827e-01)	Acc pseudo  98.44 ( 98.44)	Lr 1.000e-03 (1.000e-03)
2026-01-26 18:42:49,247 - INFO: Epoch: [0][ 50/229]	Time  0.029 ( 0.040)	Loss 1.9030e-02 (5.0970e-02)	Acc pseudo 100.00 ( 98.68)	Lr 1.000e-03 (1.000e-03)
2026-01-26 18:42:53,885 - INFO: Epoch: [0][100/229]	Time  0.024 ( 0.034)	Loss 4.4378e-02 (7.3667e-02)	Acc pseudo  98.44 ( 98.56)	Lr 1.000e-03 (1.000e-03)
2026-01-26 18:42:58,589 - INFO: Epoch: [0][150/229]	Time  0.026 ( 0.033)	Loss 9.8014e-03 (6.3208e-02)	Acc pseudo 100.00 ( 98.67)	Lr 1.000e-03 (1.000e-03)
2026-01-26 18:43:03,207 - INFO: Epoch: [0][200/229]	Time  0.028 ( 0.032)	Loss 2.6504e-02 (5.9918e-02)	Acc pseudo  98.44 ( 98.60)	Lr 1.000e-03 (1.000e-03)
2026-01-26 18:43:05,835 - INFO: Round 4, Face Fine-tune Epoch 0: loss=0.0563, acc(pseudo)=98.65%
2026-01-26 18:43:30,701 - INFO: Round 4, Face Fine-tune Epoch 0: acc(valid_pseudo): 0.9932, acc: 0.9224
2026-01-26 18:43:32,333 - INFO: Epoch: [1][  0/229]	Time  0.843 ( 0.843)	Loss 3.6994e-03 (3.6994e-03)	Acc pseudo 100.00 (100.00)	Lr 1.000e-03 (1.000e-03)
2026-01-26 18:43:36,992 - INFO: Epoch: [1][ 50/229]	Time  0.024 ( 0.045)	Loss 1.1127e-02 (2.8978e-02)	Acc pseudo 100.00 ( 98.99)	Lr 1.000e-03 (1.000e-03)
2026-01-26 18:43:41,629 - INFO: Epoch: [1][100/229]	Time  0.028 ( 0.036)	Loss 2.7457e-02 (3.3954e-02)	Acc pseudo  98.44 ( 98.78)	Lr 1.000e-03 (1.000e-03)
2026-01-26 18:43:46,265 - INFO: Epoch: [1][150/229]	Time  0.029 ( 0.033)	Loss 8.1204e-03 (3.7991e-02)	Acc pseudo 100.00 ( 98.63)	Lr 1.000e-03 (1.000e-03)
2026-01-26 18:43:50,901 - INFO: Epoch: [1][200/229]	Time  0.027 ( 0.032)	Loss 6.5413e-02 (3.7788e-02)	Acc pseudo  96.88 ( 98.62)	Lr 1.000e-03 (1.000e-03)
2026-01-26 18:43:53,536 - INFO: Round 4, Face Fine-tune Epoch 1: loss=0.0379, acc(pseudo)=98.61%
2026-01-26 18:44:19,163 - INFO: Round 4, Face Fine-tune Epoch 1: acc(valid_pseudo): 0.9939, acc: 0.9252
2026-01-26 18:44:20,800 - INFO: Epoch: [2][  0/229]	Time  0.867 ( 0.867)	Loss 4.8293e-02 (4.8293e-02)	Acc pseudo  98.44 ( 98.44)	Lr 1.000e-03 (1.000e-03)
2026-01-26 18:44:25,451 - INFO: Epoch: [2][ 50/229]	Time  0.032 ( 0.048)	Loss 3.2998e-02 (3.1627e-02)	Acc pseudo  96.88 ( 98.65)	Lr 1.000e-03 (1.000e-03)
2026-01-26 18:44:30,094 - INFO: Epoch: [2][100/229]	Time  0.027 ( 0.038)	Loss 3.3712e-02 (3.3745e-02)	Acc pseudo  98.44 ( 98.70)	Lr 1.000e-03 (1.000e-03)
2026-01-26 18:44:34,741 - INFO: Epoch: [2][150/229]	Time  0.025 ( 0.035)	Loss 1.9670e-02 (3.5532e-02)	Acc pseudo  98.44 ( 98.74)	Lr 1.000e-03 (1.000e-03)
2026-01-26 18:44:39,389 - INFO: Epoch: [2][200/229]	Time  0.029 ( 0.033)	Loss 7.1042e-02 (3.5182e-02)	Acc pseudo  96.88 ( 98.74)	Lr 1.000e-03 (1.000e-03)
2026-01-26 18:44:42,031 - INFO: Round 4, Face Fine-tune Epoch 2: loss=0.0360, acc(pseudo)=98.70%
2026-01-26 18:45:07,014 - INFO: Round 4, Face Fine-tune Epoch 2: acc(valid_pseudo): 0.9937, acc: 0.9233
2026-01-26 18:45:07,014 - INFO: Round 4, Face Fine-tune Epoch 2: No improvement. Patience(epoch): 1/3
2026-01-26 18:45:07,435 - INFO: Epoch: [3][  0/229]	Time  0.372 ( 0.372)	Loss 5.4018e-03 (5.4018e-03)	Acc pseudo 100.00 (100.00)	Lr 1.000e-03 (1.000e-03)
2026-01-26 18:45:12,084 - INFO: Epoch: [3][ 50/229]	Time  0.029 ( 0.036)	Loss 1.6351e-02 (4.3284e-02)	Acc pseudo 100.00 ( 98.84)	Lr 1.000e-03 (1.000e-03)
2026-01-26 18:45:16,733 - INFO: Epoch: [3][100/229]	Time  0.029 ( 0.032)	Loss 6.1408e-02 (4.0417e-02)	Acc pseudo  98.44 ( 98.93)	Lr 1.000e-03 (1.000e-03)
2026-01-26 18:45:21,389 - INFO: Epoch: [3][150/229]	Time  0.025 ( 0.031)	Loss 1.6720e-02 (3.8677e-02)	Acc pseudo 100.00 ( 98.88)	Lr 1.000e-03 (1.000e-03)
2026-01-26 18:45:26,046 - INFO: Epoch: [3][200/229]	Time  0.025 ( 0.030)	Loss 1.2353e-02 (4.3755e-02)	Acc pseudo 100.00 ( 98.91)	Lr 1.000e-03 (1.000e-03)
2026-01-26 18:45:28,697 - INFO: Round 4, Face Fine-tune Epoch 3: loss=0.0409, acc(pseudo)=98.92%
2026-01-26 18:45:53,036 - INFO: Round 4, Face Fine-tune Epoch 3: acc(valid_pseudo): 0.9947, acc: 0.9233
2026-01-26 18:45:54,228 - INFO: Epoch: [4][  0/229]	Time  0.369 ( 0.369)	Loss 4.2876e-02 (4.2876e-02)	Acc pseudo  98.44 ( 98.44)	Lr 1.000e-03 (1.000e-03)
2026-01-26 18:45:58,888 - INFO: Epoch: [4][ 50/229]	Time  0.027 ( 0.036)	Loss 1.0594e-02 (5.9050e-02)	Acc pseudo 100.00 ( 98.50)	Lr 1.000e-03 (1.000e-03)
2026-01-26 18:46:03,546 - INFO: Epoch: [4][100/229]	Time  0.028 ( 0.033)	Loss 1.6315e-01 (4.8575e-02)	Acc pseudo  93.75 ( 98.51)	Lr 1.000e-03 (1.000e-03)
2026-01-26 18:46:08,207 - INFO: Epoch: [4][150/229]	Time  0.038 ( 0.031)	Loss 1.1834e-02 (4.0991e-02)	Acc pseudo 100.00 ( 98.65)	Lr 1.000e-03 (1.000e-03)
2026-01-26 18:46:12,869 - INFO: Epoch: [4][200/229]	Time  0.031 ( 0.031)	Loss 1.1523e-02 (3.7021e-02)	Acc pseudo 100.00 ( 98.75)	Lr 1.000e-03 (1.000e-03)
2026-01-26 18:46:15,522 - INFO: Round 4, Face Fine-tune Epoch 4: loss=0.0363, acc(pseudo)=98.71%
2026-01-26 18:46:40,424 - INFO: Round 4, Face Fine-tune Epoch 4: acc(valid_pseudo): 0.9955, acc: 0.9233
2026-01-26 18:46:41,593 - INFO: Epoch: [5][  0/229]	Time  0.352 ( 0.352)	Loss 1.3461e-01 (1.3461e-01)	Acc pseudo  93.75 ( 93.75)	Lr 1.000e-03 (1.000e-03)
2026-01-26 18:46:46,254 - INFO: Epoch: [5][ 50/229]	Time  0.027 ( 0.035)	Loss 9.8936e-02 (6.2774e-02)	Acc pseudo  95.31 ( 97.79)	Lr 1.000e-03 (1.000e-03)
2026-01-26 18:46:50,911 - INFO: Epoch: [5][100/229]	Time  0.034 ( 0.032)	Loss 5.9948e-02 (9.8572e-02)	Acc pseudo  98.44 ( 97.82)	Lr 1.000e-03 (1.000e-03)
2026-01-26 18:46:55,573 - INFO: Epoch: [5][150/229]	Time  0.027 ( 0.032)	Loss 7.6098e-02 (8.3022e-02)	Acc pseudo  96.88 ( 97.91)	Lr 1.000e-03 (1.000e-03)
2026-01-26 18:47:00,237 - INFO: Epoch: [5][200/229]	Time  0.029 ( 0.031)	Loss 1.4926e-01 (8.0475e-02)	Acc pseudo  93.75 ( 97.85)	Lr 1.000e-03 (1.000e-03)
2026-01-26 18:47:02,890 - INFO: Round 4, Face Fine-tune Epoch 5: loss=0.0778, acc(pseudo)=97.81%
2026-01-26 18:47:27,166 - INFO: Round 4, Face Fine-tune Epoch 5: acc(valid_pseudo): 0.9949, acc: 0.9242
2026-01-26 18:47:27,166 - INFO: Round 4, Face Fine-tune Epoch 5: No improvement. Patience(epoch): 1/3
2026-01-26 18:47:27,559 - INFO: Epoch: [6][  0/229]	Time  0.352 ( 0.352)	Loss 1.7126e-01 (1.7126e-01)	Acc pseudo  96.88 ( 96.88)	Lr 1.000e-03 (1.000e-03)
2026-01-26 18:47:32,224 - INFO: Epoch: [6][ 50/229]	Time  0.030 ( 0.036)	Loss 2.8369e-02 (6.8993e-02)	Acc pseudo  98.44 ( 97.76)	Lr 1.000e-03 (1.000e-03)
2026-01-26 18:47:36,883 - INFO: Epoch: [6][100/229]	Time  0.025 ( 0.032)	Loss 3.4160e-02 (7.9301e-02)	Acc pseudo  98.44 ( 97.68)	Lr 1.000e-03 (1.000e-03)
2026-01-26 18:47:41,545 - INFO: Epoch: [6][150/229]	Time  0.026 ( 0.031)	Loss 1.8217e-01 (7.3219e-02)	Acc pseudo  96.88 ( 97.79)	Lr 1.000e-03 (1.000e-03)
2026-01-26 18:47:46,208 - INFO: Epoch: [6][200/229]	Time  0.037 ( 0.030)	Loss 9.6850e-02 (7.2145e-02)	Acc pseudo  96.88 ( 97.71)	Lr 1.000e-03 (1.000e-03)
2026-01-26 18:47:48,857 - INFO: Round 4, Face Fine-tune Epoch 6: loss=0.0715, acc(pseudo)=97.69%
2026-01-26 18:48:14,200 - INFO: Round 4, Face Fine-tune Epoch 6: acc(valid_pseudo): 0.9954, acc: 0.9261
2026-01-26 18:48:14,200 - INFO: Round 4, Face Fine-tune Epoch 6: No improvement. Patience(epoch): 2/3
2026-01-26 18:48:14,614 - INFO: Epoch: [7][  0/229]	Time  0.363 ( 0.363)	Loss 1.8413e-02 (1.8413e-02)	Acc pseudo  98.44 ( 98.44)	Lr 1.000e-03 (1.000e-03)
2026-01-26 18:48:19,271 - INFO: Epoch: [7][ 50/229]	Time  0.027 ( 0.036)	Loss 6.6381e-02 (5.5918e-02)	Acc pseudo  95.31 ( 97.98)	Lr 1.000e-03 (1.000e-03)
2026-01-26 18:48:23,934 - INFO: Epoch: [7][100/229]	Time  0.030 ( 0.033)	Loss 4.0645e-02 (6.6175e-02)	Acc pseudo  95.31 ( 97.74)	Lr 1.000e-03 (1.000e-03)
2026-01-26 18:48:28,599 - INFO: Epoch: [7][150/229]	Time  0.037 ( 0.032)	Loss 1.6811e-02 (7.1232e-02)	Acc pseudo  98.44 ( 97.53)	Lr 1.000e-03 (1.000e-03)
2026-01-26 18:48:33,266 - INFO: Epoch: [7][200/229]	Time  0.030 ( 0.031)	Loss 3.1518e-02 (6.5778e-02)	Acc pseudo  98.44 ( 97.61)	Lr 1.000e-03 (1.000e-03)
2026-01-26 18:48:35,931 - INFO: Round 4, Face Fine-tune Epoch 7: loss=0.0648, acc(pseudo)=97.56%
2026-01-26 18:48:59,856 - INFO: Round 4, Face Fine-tune Epoch 7: acc(valid_pseudo): 0.9954, acc: 0.9261
2026-01-26 18:48:59,857 - INFO: Round 4, Face Fine-tune Epoch 7: No improvement. Patience(epoch): 3/3
2026-01-26 18:48:59,857 - INFO: Early stopping at face epoch 7
2026-01-26 18:48:59,858 - INFO: Round 4: Best face fine-tuned epoch=4, acc(valid_pseudo)=0.9955
2026-01-26 18:48:59,888 - INFO: Using HMM model from previous round: runs/the big bang theory/exp_video_overlap/result/self_supervised/exp0/round3/pseudo_label/hmm_params.pkl
2026-01-26 19:02:39,643 - INFO: Round 4: speaker_acc=0.9250
2026-01-26 19:02:39,645 - INFO: Round 4: face_acc=0.9214
2026-01-26 19:02:39,647 - INFO: ====================
2026-01-26 19:02:39,647 - INFO: Round 5: Fine-tuning iteration
2026-01-26 19:02:39,647 - INFO: ====================
2026-01-26 19:02:39,697 - INFO: Round 5 Part 1: Fine-tuning embedding model
2026-01-26 19:02:39,698 - INFO: Using pseudo-label file: runs/the big bang theory/exp_video_overlap/result/self_supervised/exp0/round4/pseudo_label/pseudo_labels_audio_nested_hmm_full(unreliable_pp=20.0).json
2026-01-26 19:02:39,710 - INFO: For training, Using face pseudo-label file: runs/the big bang theory/exp_video_overlap/result/self_supervised/exp0/round4/pseudo_label/pseudo_labels_faces_mid_frame_train_nested_hmm_full.json
2026-01-26 19:02:39,710 - INFO: For infering, Using face pseudo-label file: runs/the big bang theory/exp_video_overlap/result/self_supervised/exp0/round4/pseudo_label/pseudo_labels_faces_mid_frame_all_nested_hmm_full.json
2026-01-26 19:02:39,767 - INFO: Created face dataloader with 14646 samples
2026-01-26 19:02:39,778 - INFO: Fine-tuning speaker embedding model for 20 epochs...
2026-01-26 19:02:39,914 - INFO: Epoch: [0][  0/107]	Time  0.132 ( 0.132)	Loss 8.9239e-01 (8.9239e-01)	Acc pseudo  95.31 ( 95.31)	Lr 1.000e-03 (1.000e-03)
2026-01-26 19:02:40,073 - INFO: Epoch: [0][ 50/107]	Time  0.003 ( 0.006)	Loss 1.3091e-02 (1.6566e-01)	Acc pseudo 100.00 ( 96.51)	Lr 1.000e-03 (1.000e-03)
2026-01-26 19:02:40,208 - INFO: Epoch: [0][100/107]	Time  0.002 ( 0.004)	Loss 1.7123e-01 (1.8005e-01)	Acc pseudo  92.19 ( 96.04)	Lr 1.000e-03 (1.000e-03)
2026-01-26 19:02:40,257 - INFO: Round 5, Fine-tune Epoch 0: loss=0.1785, acc(pseudo)=96.08%
2026-01-26 19:02:44,229 - INFO: Round 5, Fine-tune Epoch 0: acc(valid_pseudo): 0.9959, acc: 0.9210
2026-01-26 19:02:44,605 - INFO: Epoch: [1][  0/107]	Time  0.133 ( 0.133)	Loss 1.8173e-01 (1.8173e-01)	Acc pseudo  92.19 ( 92.19)	Lr 1.000e-03 (1.000e-03)
2026-01-26 19:02:44,756 - INFO: Epoch: [1][ 50/107]	Time  0.003 ( 0.005)	Loss 7.1447e-02 (1.2597e-01)	Acc pseudo 100.00 ( 96.54)	Lr 1.000e-03 (1.000e-03)
2026-01-26 19:02:44,900 - INFO: Epoch: [1][100/107]	Time  0.002 ( 0.004)	Loss 3.1371e-01 (1.2762e-01)	Acc pseudo  90.62 ( 96.70)	Lr 1.000e-03 (1.000e-03)
2026-01-26 19:02:44,943 - INFO: Round 5, Fine-tune Epoch 1: loss=0.1287, acc(pseudo)=96.68%
2026-01-26 19:02:48,926 - INFO: Round 5, Fine-tune Epoch 1: acc(valid_pseudo): 0.9975, acc: 0.9265
2026-01-26 19:02:49,312 - INFO: Epoch: [2][  0/107]	Time  0.128 ( 0.128)	Loss 3.1484e-02 (3.1484e-02)	Acc pseudo 100.00 (100.00)	Lr 1.000e-03 (1.000e-03)
2026-01-26 19:02:49,470 - INFO: Epoch: [2][ 50/107]	Time  0.003 ( 0.006)	Loss 1.5057e-02 (8.5446e-02)	Acc pseudo 100.00 ( 97.64)	Lr 1.000e-03 (1.000e-03)
2026-01-26 19:02:49,611 - INFO: Epoch: [2][100/107]	Time  0.002 ( 0.004)	Loss 1.2350e-02 (9.3146e-02)	Acc pseudo 100.00 ( 97.32)	Lr 1.000e-03 (1.000e-03)
2026-01-26 19:02:49,657 - INFO: Round 5, Fine-tune Epoch 2: loss=0.0928, acc(pseudo)=97.29%
2026-01-26 19:02:54,476 - INFO: Round 5, Fine-tune Epoch 2: acc(valid_pseudo): 0.9967, acc: 0.9220
2026-01-26 19:02:54,477 - INFO: Round 5, Speaker Fine-tune Epoch 2: No improvement in validation accuracy. Patience(epoch): 1/3
2026-01-26 19:02:54,611 - INFO: Epoch: [3][  0/107]	Time  0.129 ( 0.129)	Loss 1.8958e-01 (1.8958e-01)	Acc pseudo  93.75 ( 93.75)	Lr 1.000e-03 (1.000e-03)
2026-01-26 19:02:54,765 - INFO: Epoch: [3][ 50/107]	Time  0.003 ( 0.005)	Loss 1.7999e-01 (9.2703e-02)	Acc pseudo  96.88 ( 97.58)	Lr 1.000e-03 (1.000e-03)
2026-01-26 19:02:54,903 - INFO: Epoch: [3][100/107]	Time  0.002 ( 0.004)	Loss 8.5166e-02 (9.6436e-02)	Acc pseudo  98.44 ( 97.43)	Lr 1.000e-03 (1.000e-03)
2026-01-26 19:02:54,950 - INFO: Round 5, Fine-tune Epoch 3: loss=0.0973, acc(pseudo)=97.47%
2026-01-26 19:02:58,706 - INFO: Round 5, Fine-tune Epoch 3: acc(valid_pseudo): 0.9983, acc: 0.9240
2026-01-26 19:02:59,092 - INFO: Epoch: [4][  0/107]	Time  0.130 ( 0.130)	Loss 4.2388e-03 (4.2388e-03)	Acc pseudo 100.00 (100.00)	Lr 1.000e-03 (1.000e-03)
2026-01-26 19:02:59,246 - INFO: Epoch: [4][ 50/107]	Time  0.003 ( 0.005)	Loss 2.2265e-02 (8.8134e-02)	Acc pseudo 100.00 ( 97.49)	Lr 1.000e-03 (1.000e-03)
2026-01-26 19:02:59,385 - INFO: Epoch: [4][100/107]	Time  0.002 ( 0.004)	Loss 1.5327e-01 (9.7052e-02)	Acc pseudo  95.31 ( 97.15)	Lr 1.000e-03 (1.000e-03)
2026-01-26 19:02:59,432 - INFO: Round 5, Fine-tune Epoch 4: loss=0.0954, acc(pseudo)=97.19%
2026-01-26 19:03:03,782 - INFO: Round 5, Fine-tune Epoch 4: acc(valid_pseudo): 0.9860, acc: 0.9160
2026-01-26 19:03:03,782 - INFO: Round 5, Speaker Fine-tune Epoch 4: No improvement in validation accuracy. Patience(epoch): 1/3
2026-01-26 19:03:03,918 - INFO: Epoch: [5][  0/107]	Time  0.131 ( 0.131)	Loss 6.6922e-02 (6.6922e-02)	Acc pseudo  98.44 ( 98.44)	Lr 1.000e-03 (1.000e-03)
2026-01-26 19:03:04,071 - INFO: Epoch: [5][ 50/107]	Time  0.003 ( 0.006)	Loss 4.7500e-02 (1.0300e-01)	Acc pseudo  96.88 ( 97.21)	Lr 1.000e-03 (1.000e-03)
2026-01-26 19:03:04,208 - INFO: Epoch: [5][100/107]	Time  0.002 ( 0.004)	Loss 6.7712e-02 (1.0124e-01)	Acc pseudo 100.00 ( 97.23)	Lr 1.000e-03 (1.000e-03)
2026-01-26 19:03:04,255 - INFO: Round 5, Fine-tune Epoch 5: loss=0.1040, acc(pseudo)=97.22%
2026-01-26 19:03:08,319 - INFO: Round 5, Fine-tune Epoch 5: acc(valid_pseudo): 0.9893, acc: 0.9155
2026-01-26 19:03:08,319 - INFO: Round 5, Speaker Fine-tune Epoch 5: No improvement in validation accuracy. Patience(epoch): 2/3
2026-01-26 19:03:08,456 - INFO: Epoch: [6][  0/107]	Time  0.131 ( 0.131)	Loss 9.8209e-02 (9.8209e-02)	Acc pseudo  93.75 ( 93.75)	Lr 1.000e-03 (1.000e-03)
2026-01-26 19:03:08,609 - INFO: Epoch: [6][ 50/107]	Time  0.003 ( 0.006)	Loss 8.6796e-02 (1.0990e-01)	Acc pseudo  95.31 ( 96.88)	Lr 1.000e-03 (1.000e-03)
2026-01-26 19:03:08,747 - INFO: Epoch: [6][100/107]	Time  0.002 ( 0.004)	Loss 2.0858e-01 (1.2524e-01)	Acc pseudo  95.31 ( 96.52)	Lr 1.000e-03 (1.000e-03)
2026-01-26 19:03:08,790 - INFO: Round 5, Fine-tune Epoch 6: loss=0.1244, acc(pseudo)=96.50%
2026-01-26 19:03:13,304 - INFO: Round 5, Fine-tune Epoch 6: acc(valid_pseudo): 0.9339, acc: 0.8310
2026-01-26 19:03:13,304 - INFO: Round 5, Speaker Fine-tune Epoch 6: No improvement in validation accuracy. Patience(epoch): 3/3
2026-01-26 19:03:13,304 - INFO: Early stopping at epoch 6 due to no improvement in validation accuracy for 3 epochs.
2026-01-26 19:03:13,305 - INFO: Round 5: Best speaker fine-tuned epoch=3, acc(valid_pseudo)=0.9983
2026-01-26 19:03:13,309 - INFO: Fine-tuning face embedding model for 20 epochs...
2026-01-26 19:03:14,089 - INFO: Epoch: [0][  0/229]	Time  0.719 ( 0.719)	Loss 4.5422e-03 (4.5422e-03)	Acc pseudo 100.00 (100.00)	Lr 1.000e-03 (1.000e-03)
2026-01-26 19:03:18,727 - INFO: Epoch: [0][ 50/229]	Time  0.027 ( 0.044)	Loss 2.6547e-01 (7.9939e-02)	Acc pseudo  95.31 ( 98.62)	Lr 1.000e-03 (1.000e-03)
2026-01-26 19:03:23,341 - INFO: Epoch: [0][100/229]	Time  0.028 ( 0.038)	Loss 2.5108e-02 (6.0995e-02)	Acc pseudo 100.00 ( 98.62)	Lr 1.000e-03 (1.000e-03)
2026-01-26 19:03:27,953 - INFO: Epoch: [0][150/229]	Time  0.026 ( 0.035)	Loss 3.9250e-03 (5.5803e-02)	Acc pseudo 100.00 ( 98.74)	Lr 1.000e-03 (1.000e-03)
2026-01-26 19:03:32,571 - INFO: Epoch: [0][200/229]	Time  0.039 ( 0.033)	Loss 3.1298e-02 (5.4335e-02)	Acc pseudo  96.88 ( 98.77)	Lr 1.000e-03 (1.000e-03)
2026-01-26 19:03:35,200 - INFO: Round 5, Face Fine-tune Epoch 0: loss=0.0535, acc(pseudo)=98.77%
2026-01-26 19:04:00,875 - INFO: Round 5, Face Fine-tune Epoch 0: acc(valid_pseudo): 0.9940, acc: 0.9224
2026-01-26 19:04:02,123 - INFO: Epoch: [1][  0/229]	Time  0.370 ( 0.370)	Loss 1.5169e-02 (1.5169e-02)	Acc pseudo 100.00 (100.00)	Lr 1.000e-03 (1.000e-03)
2026-01-26 19:04:06,932 - INFO: Epoch: [1][ 50/229]	Time  0.029 ( 0.042)	Loss 9.9828e-02 (3.9862e-02)	Acc pseudo  96.88 ( 98.68)	Lr 1.000e-03 (1.000e-03)
2026-01-26 19:04:11,568 - INFO: Epoch: [1][100/229]	Time  0.027 ( 0.035)	Loss 1.0971e-02 (4.6296e-02)	Acc pseudo 100.00 ( 98.65)	Lr 1.000e-03 (1.000e-03)
2026-01-26 19:04:16,205 - INFO: Epoch: [1][150/229]	Time  0.028 ( 0.033)	Loss 1.6118e-01 (4.2968e-02)	Acc pseudo  98.44 ( 98.67)	Lr 1.000e-03 (1.000e-03)
2026-01-26 19:04:20,846 - INFO: Epoch: [1][200/229]	Time  0.026 ( 0.031)	Loss 3.4496e-02 (4.3737e-02)	Acc pseudo  98.44 ( 98.69)	Lr 1.000e-03 (1.000e-03)
2026-01-26 19:04:23,484 - INFO: Round 5, Face Fine-tune Epoch 1: loss=0.0428, acc(pseudo)=98.70%
2026-01-26 19:04:48,347 - INFO: Round 5, Face Fine-tune Epoch 1: acc(valid_pseudo): 0.9939, acc: 0.9261
2026-01-26 19:04:48,347 - INFO: Round 5, Face Fine-tune Epoch 1: No improvement. Patience(epoch): 1/3
2026-01-26 19:04:48,743 - INFO: Epoch: [2][  0/229]	Time  0.345 ( 0.345)	Loss 1.3162e-02 (1.3162e-02)	Acc pseudo 100.00 (100.00)	Lr 1.000e-03 (1.000e-03)
2026-01-26 19:04:53,390 - INFO: Epoch: [2][ 50/229]	Time  0.024 ( 0.036)	Loss 1.9590e-02 (4.2447e-02)	Acc pseudo  98.44 ( 98.50)	Lr 1.000e-03 (1.000e-03)
2026-01-26 19:04:58,034 - INFO: Epoch: [2][100/229]	Time  0.027 ( 0.033)	Loss 1.7940e-02 (4.2177e-02)	Acc pseudo 100.00 ( 98.45)	Lr 1.000e-03 (1.000e-03)
2026-01-26 19:05:02,682 - INFO: Epoch: [2][150/229]	Time  0.030 ( 0.031)	Loss 2.1991e-02 (3.9172e-02)	Acc pseudo  98.44 ( 98.55)	Lr 1.000e-03 (1.000e-03)
2026-01-26 19:05:07,329 - INFO: Epoch: [2][200/229]	Time  0.028 ( 0.030)	Loss 2.1185e-01 (4.1826e-02)	Acc pseudo  96.88 ( 98.59)	Lr 1.000e-03 (1.000e-03)
2026-01-26 19:05:09,972 - INFO: Round 5, Face Fine-tune Epoch 2: loss=0.0402, acc(pseudo)=98.62%
2026-01-26 19:05:36,423 - INFO: Round 5, Face Fine-tune Epoch 2: acc(valid_pseudo): 0.9937, acc: 0.9224
2026-01-26 19:05:36,423 - INFO: Round 5, Face Fine-tune Epoch 2: No improvement. Patience(epoch): 2/3
2026-01-26 19:05:36,844 - INFO: Epoch: [3][  0/229]	Time  0.365 ( 0.365)	Loss 7.3948e-02 (7.3948e-02)	Acc pseudo  96.88 ( 96.88)	Lr 1.000e-03 (1.000e-03)
2026-01-26 19:05:41,750 - INFO: Epoch: [3][ 50/229]	Time  0.028 ( 0.041)	Loss 1.0173e-02 (3.4655e-02)	Acc pseudo 100.00 ( 98.65)	Lr 1.000e-03 (1.000e-03)
2026-01-26 19:05:46,399 - INFO: Epoch: [3][100/229]	Time  0.028 ( 0.035)	Loss 1.3449e-02 (3.5364e-02)	Acc pseudo  98.44 ( 98.59)	Lr 1.000e-03 (1.000e-03)
2026-01-26 19:05:51,050 - INFO: Epoch: [3][150/229]	Time  0.027 ( 0.032)	Loss 1.8932e-02 (3.5449e-02)	Acc pseudo 100.00 ( 98.64)	Lr 1.000e-03 (1.000e-03)
2026-01-26 19:05:55,704 - INFO: Epoch: [3][200/229]	Time  0.028 ( 0.031)	Loss 3.6064e-02 (6.5097e-02)	Acc pseudo  96.88 ( 98.64)	Lr 1.000e-03 (1.000e-03)
2026-01-26 19:05:58,348 - INFO: Round 5, Face Fine-tune Epoch 3: loss=0.0621, acc(pseudo)=98.61%
2026-01-26 19:06:23,532 - INFO: Round 5, Face Fine-tune Epoch 3: acc(valid_pseudo): 0.9919, acc: 0.9196
2026-01-26 19:06:23,532 - INFO: Round 5, Face Fine-tune Epoch 3: No improvement. Patience(epoch): 3/3
2026-01-26 19:06:23,532 - INFO: Early stopping at face epoch 3
2026-01-26 19:06:23,533 - INFO: Round 5: Best face fine-tuned epoch=0, acc(valid_pseudo)=0.9940
2026-01-26 19:06:23,564 - INFO: Using HMM model from previous round: runs/the big bang theory/exp_video_overlap/result/self_supervised/exp0/round4/pseudo_label/hmm_params.pkl
2026-01-26 19:20:44,638 - INFO: Round 5: speaker_acc=0.9240
2026-01-26 19:20:44,640 - INFO: Round 5: face_acc=0.9205
2026-01-26 19:20:44,643 - INFO: ====================
2026-01-26 19:20:44,643 - INFO: Round 6: Fine-tuning iteration
2026-01-26 19:20:44,643 - INFO: ====================
2026-01-26 19:20:44,741 - INFO: Round 6 Part 1: Fine-tuning embedding model
2026-01-26 19:20:44,742 - INFO: Using pseudo-label file: runs/the big bang theory/exp_video_overlap/result/self_supervised/exp0/round5/pseudo_label/pseudo_labels_audio_nested_hmm_full(unreliable_pp=20.0).json
2026-01-26 19:20:44,753 - INFO: For training, Using face pseudo-label file: runs/the big bang theory/exp_video_overlap/result/self_supervised/exp0/round5/pseudo_label/pseudo_labels_faces_mid_frame_train_nested_hmm_full.json
2026-01-26 19:20:44,754 - INFO: For infering, Using face pseudo-label file: runs/the big bang theory/exp_video_overlap/result/self_supervised/exp0/round5/pseudo_label/pseudo_labels_faces_mid_frame_all_nested_hmm_full.json
2026-01-26 19:20:44,811 - INFO: Created face dataloader with 14646 samples
2026-01-26 19:20:44,821 - INFO: Fine-tuning speaker embedding model for 20 epochs...
2026-01-26 19:20:44,958 - INFO: Epoch: [0][  0/107]	Time  0.133 ( 0.133)	Loss 6.6647e-02 (6.6647e-02)	Acc pseudo  98.44 ( 98.44)	Lr 1.000e-03 (1.000e-03)
2026-01-26 19:20:45,123 - INFO: Epoch: [0][ 50/107]	Time  0.003 ( 0.006)	Loss 3.2589e-02 (1.9129e-01)	Acc pseudo 100.00 ( 97.30)	Lr 1.000e-03 (1.000e-03)
2026-01-26 19:20:45,270 - INFO: Epoch: [0][100/107]	Time  0.002 ( 0.004)	Loss 8.8848e-02 (1.6679e-01)	Acc pseudo  96.88 ( 96.94)	Lr 1.000e-03 (1.000e-03)
2026-01-26 19:20:45,317 - INFO: Round 6, Fine-tune Epoch 0: loss=0.1645, acc(pseudo)=96.87%
2026-01-26 19:20:49,310 - INFO: Round 6, Fine-tune Epoch 0: acc(valid_pseudo): 0.9967, acc: 0.9210
2026-01-26 19:20:49,976 - INFO: Epoch: [1][  0/107]	Time  0.130 ( 0.130)	Loss 4.2678e-01 (4.2678e-01)	Acc pseudo  96.88 ( 96.88)	Lr 1.000e-03 (1.000e-03)
2026-01-26 19:20:50,135 - INFO: Epoch: [1][ 50/107]	Time  0.003 ( 0.006)	Loss 1.1613e-01 (1.2185e-01)	Acc pseudo  96.88 ( 97.06)	Lr 1.000e-03 (1.000e-03)
2026-01-26 19:20:50,277 - INFO: Epoch: [1][100/107]	Time  0.002 ( 0.004)	Loss 1.6750e-01 (1.0589e-01)	Acc pseudo  95.31 ( 97.31)	Lr 1.000e-03 (1.000e-03)
2026-01-26 19:20:50,324 - INFO: Round 6, Fine-tune Epoch 1: loss=0.1160, acc(pseudo)=97.19%
2026-01-26 19:20:55,360 - INFO: Round 6, Fine-tune Epoch 1: acc(valid_pseudo): 0.9744, acc: 0.8960
2026-01-26 19:20:55,361 - INFO: Round 6, Speaker Fine-tune Epoch 1: No improvement in validation accuracy. Patience(epoch): 1/3
2026-01-26 19:20:55,493 - INFO: Epoch: [2][  0/107]	Time  0.128 ( 0.128)	Loss 7.4715e-02 (7.4715e-02)	Acc pseudo  98.44 ( 98.44)	Lr 1.000e-03 (1.000e-03)
2026-01-26 19:20:55,695 - INFO: Epoch: [2][ 50/107]	Time  0.003 ( 0.006)	Loss 1.1081e-02 (9.8908e-02)	Acc pseudo 100.00 ( 96.94)	Lr 1.000e-03 (1.000e-03)
2026-01-26 19:20:55,835 - INFO: Epoch: [2][100/107]	Time  0.002 ( 0.005)	Loss 4.1088e-02 (8.7832e-02)	Acc pseudo  98.44 ( 97.17)	Lr 1.000e-03 (1.000e-03)
2026-01-26 19:20:55,881 - INFO: Round 6, Fine-tune Epoch 2: loss=0.0864, acc(pseudo)=97.23%
2026-01-26 19:20:59,790 - INFO: Round 6, Fine-tune Epoch 2: acc(valid_pseudo): 0.9934, acc: 0.9155
2026-01-26 19:20:59,790 - INFO: Round 6, Speaker Fine-tune Epoch 2: No improvement in validation accuracy. Patience(epoch): 2/3
2026-01-26 19:20:59,928 - INFO: Epoch: [3][  0/107]	Time  0.133 ( 0.133)	Loss 9.9382e-02 (9.9382e-02)	Acc pseudo  95.31 ( 95.31)	Lr 1.000e-03 (1.000e-03)
2026-01-26 19:21:00,083 - INFO: Epoch: [3][ 50/107]	Time  0.003 ( 0.006)	Loss 1.6779e-01 (7.5727e-02)	Acc pseudo  95.31 ( 97.89)	Lr 1.000e-03 (1.000e-03)
2026-01-26 19:21:00,218 - INFO: Epoch: [3][100/107]	Time  0.002 ( 0.004)	Loss 5.6845e-02 (8.4351e-02)	Acc pseudo  98.44 ( 97.63)	Lr 1.000e-03 (1.000e-03)
2026-01-26 19:21:00,273 - INFO: Round 6, Fine-tune Epoch 3: loss=0.0830, acc(pseudo)=97.67%
2026-01-26 19:21:04,525 - INFO: Round 6, Fine-tune Epoch 3: acc(valid_pseudo): 0.9827, acc: 0.8945
2026-01-26 19:21:04,525 - INFO: Round 6, Speaker Fine-tune Epoch 3: No improvement in validation accuracy. Patience(epoch): 3/3
2026-01-26 19:21:04,525 - INFO: Early stopping at epoch 3 due to no improvement in validation accuracy for 3 epochs.
2026-01-26 19:21:04,526 - INFO: Round 6: Best speaker fine-tuned epoch=0, acc(valid_pseudo)=0.9967
2026-01-26 19:21:04,530 - INFO: Fine-tuning face embedding model for 20 epochs...
2026-01-26 19:21:04,934 - INFO: Epoch: [0][  0/229]	Time  0.357 ( 0.357)	Loss 1.8214e-03 (1.8214e-03)	Acc pseudo 100.00 (100.00)	Lr 1.000e-03 (1.000e-03)
2026-01-26 19:21:09,556 - INFO: Epoch: [0][ 50/229]	Time  0.028 ( 0.035)	Loss 5.4218e-02 (6.6867e-02)	Acc pseudo  98.44 ( 98.77)	Lr 1.000e-03 (1.000e-03)
2026-01-26 19:21:14,172 - INFO: Epoch: [0][100/229]	Time  0.028 ( 0.032)	Loss 1.6862e-02 (6.3762e-02)	Acc pseudo  98.44 ( 98.81)	Lr 1.000e-03 (1.000e-03)
2026-01-26 19:21:18,791 - INFO: Epoch: [0][150/229]	Time  0.029 ( 0.030)	Loss 7.5144e-03 (6.0024e-02)	Acc pseudo 100.00 ( 98.83)	Lr 1.000e-03 (1.000e-03)
2026-01-26 19:21:23,411 - INFO: Epoch: [0][200/229]	Time  0.028 ( 0.030)	Loss 1.3924e-02 (5.7934e-02)	Acc pseudo 100.00 ( 98.83)	Lr 1.000e-03 (1.000e-03)
2026-01-26 19:21:26,042 - INFO: Round 6, Face Fine-tune Epoch 0: loss=0.0557, acc(pseudo)=98.87%
2026-01-26 19:21:50,527 - INFO: Round 6, Face Fine-tune Epoch 0: acc(valid_pseudo): 0.9934, acc: 0.9205
2026-01-26 19:21:51,561 - INFO: Epoch: [1][  0/229]	Time  0.346 ( 0.346)	Loss 1.0011e-02 (1.0011e-02)	Acc pseudo 100.00 (100.00)	Lr 1.000e-03 (1.000e-03)
2026-01-26 19:21:56,197 - INFO: Epoch: [1][ 50/229]	Time  0.038 ( 0.035)	Loss 3.7290e-02 (3.1849e-02)	Acc pseudo  96.88 ( 98.77)	Lr 1.000e-03 (1.000e-03)
2026-01-26 19:22:00,834 - INFO: Epoch: [1][100/229]	Time  0.027 ( 0.031)	Loss 9.5634e-03 (3.6642e-02)	Acc pseudo 100.00 ( 98.90)	Lr 1.000e-03 (1.000e-03)
2026-01-26 19:22:05,474 - INFO: Epoch: [1][150/229]	Time  0.029 ( 0.031)	Loss 1.4316e-02 (3.3780e-02)	Acc pseudo 100.00 ( 98.92)	Lr 1.000e-03 (1.000e-03)
2026-01-26 19:22:10,115 - INFO: Epoch: [1][200/229]	Time  0.027 ( 0.030)	Loss 2.2700e-02 (3.3808e-02)	Acc pseudo  98.44 ( 98.88)	Lr 1.000e-03 (1.000e-03)
2026-01-26 19:22:12,753 - INFO: Round 6, Face Fine-tune Epoch 1: loss=0.0352, acc(pseudo)=98.87%
2026-01-26 19:22:36,850 - INFO: Round 6, Face Fine-tune Epoch 1: acc(valid_pseudo): 0.9955, acc: 0.9242
2026-01-26 19:22:38,027 - INFO: Epoch: [2][  0/229]	Time  0.353 ( 0.353)	Loss 3.4805e-02 (3.4805e-02)	Acc pseudo  98.44 ( 98.44)	Lr 1.000e-03 (1.000e-03)
2026-01-26 19:22:42,674 - INFO: Epoch: [2][ 50/229]	Time  0.025 ( 0.034)	Loss 4.4142e-02 (5.7989e-02)	Acc pseudo  96.88 ( 99.05)	Lr 1.000e-03 (1.000e-03)
2026-01-26 19:22:47,316 - INFO: Epoch: [2][100/229]	Time  0.025 ( 0.032)	Loss 3.1649e-02 (4.2896e-02)	Acc pseudo  98.44 ( 98.95)	Lr 1.000e-03 (1.000e-03)
2026-01-26 19:22:51,960 - INFO: Epoch: [2][150/229]	Time  0.025 ( 0.031)	Loss 1.3088e-02 (3.8565e-02)	Acc pseudo 100.00 ( 98.88)	Lr 1.000e-03 (1.000e-03)
2026-01-26 19:22:56,608 - INFO: Epoch: [2][200/229]	Time  0.027 ( 0.030)	Loss 5.0950e-02 (3.8694e-02)	Acc pseudo  96.88 ( 98.89)	Lr 1.000e-03 (1.000e-03)
2026-01-26 19:22:59,255 - INFO: Round 6, Face Fine-tune Epoch 2: loss=0.0396, acc(pseudo)=98.82%
2026-01-26 19:23:23,240 - INFO: Round 6, Face Fine-tune Epoch 2: acc(valid_pseudo): 0.9936, acc: 0.9205
2026-01-26 19:23:23,240 - INFO: Round 6, Face Fine-tune Epoch 2: No improvement. Patience(epoch): 1/3
2026-01-26 19:23:23,662 - INFO: Epoch: [3][  0/229]	Time  0.381 ( 0.381)	Loss 1.2492e-01 (1.2492e-01)	Acc pseudo  93.75 ( 93.75)	Lr 1.000e-03 (1.000e-03)
2026-01-26 19:23:28,321 - INFO: Epoch: [3][ 50/229]	Time  0.028 ( 0.037)	Loss 3.6920e-02 (6.3964e-02)	Acc pseudo  98.44 ( 98.59)	Lr 1.000e-03 (1.000e-03)
2026-01-26 19:23:32,975 - INFO: Epoch: [3][100/229]	Time  0.028 ( 0.033)	Loss 3.7138e-02 (4.3112e-02)	Acc pseudo  98.44 ( 98.82)	Lr 1.000e-03 (1.000e-03)
2026-01-26 19:23:37,628 - INFO: Epoch: [3][150/229]	Time  0.027 ( 0.031)	Loss 4.2486e-03 (3.9660e-02)	Acc pseudo 100.00 ( 98.81)	Lr 1.000e-03 (1.000e-03)
2026-01-26 19:23:42,283 - INFO: Epoch: [3][200/229]	Time  0.028 ( 0.030)	Loss 1.4818e-02 (3.8684e-02)	Acc pseudo  98.44 ( 98.85)	Lr 1.000e-03 (1.000e-03)
2026-01-26 19:23:44,940 - INFO: Round 6, Face Fine-tune Epoch 3: loss=0.0374, acc(pseudo)=98.85%
2026-01-26 19:24:09,340 - INFO: Round 6, Face Fine-tune Epoch 3: acc(valid_pseudo): 0.9952, acc: 0.9205
2026-01-26 19:24:09,341 - INFO: Round 6, Face Fine-tune Epoch 3: No improvement. Patience(epoch): 2/3
2026-01-26 19:24:09,787 - INFO: Epoch: [4][  0/229]	Time  0.404 ( 0.404)	Loss 3.6921e-03 (3.6921e-03)	Acc pseudo 100.00 (100.00)	Lr 1.000e-03 (1.000e-03)
2026-01-26 19:24:14,444 - INFO: Epoch: [4][ 50/229]	Time  0.028 ( 0.037)	Loss 2.4775e-03 (3.3912e-02)	Acc pseudo 100.00 ( 98.77)	Lr 1.000e-03 (1.000e-03)
2026-01-26 19:24:19,099 - INFO: Epoch: [4][100/229]	Time  0.025 ( 0.033)	Loss 6.8994e-02 (4.5995e-02)	Acc pseudo  98.44 ( 98.47)	Lr 1.000e-03 (1.000e-03)
2026-01-26 19:24:23,758 - INFO: Epoch: [4][150/229]	Time  0.026 ( 0.031)	Loss 1.1644e-01 (4.2920e-02)	Acc pseudo  96.88 ( 98.49)	Lr 1.000e-03 (1.000e-03)
2026-01-26 19:24:28,418 - INFO: Epoch: [4][200/229]	Time  0.026 ( 0.030)	Loss 5.9722e-02 (5.2711e-02)	Acc pseudo  96.88 ( 98.51)	Lr 1.000e-03 (1.000e-03)
2026-01-26 19:24:31,067 - INFO: Round 6, Face Fine-tune Epoch 4: loss=0.0552, acc(pseudo)=98.40%
2026-01-26 19:24:56,404 - INFO: Round 6, Face Fine-tune Epoch 4: acc(valid_pseudo): 0.9939, acc: 0.9233
2026-01-26 19:24:56,404 - INFO: Round 6, Face Fine-tune Epoch 4: No improvement. Patience(epoch): 3/3
2026-01-26 19:24:56,404 - INFO: Early stopping at face epoch 4
2026-01-26 19:24:56,405 - INFO: Round 6: Best face fine-tuned epoch=1, acc(valid_pseudo)=0.9955
2026-01-26 19:24:56,433 - INFO: Using HMM model from previous round: runs/the big bang theory/exp_video_overlap/result/self_supervised/exp0/round5/pseudo_label/hmm_params.pkl
2026-01-26 19:38:49,536 - INFO: Round 6: speaker_acc=0.9225
2026-01-26 19:38:49,539 - INFO: Round 6: face_acc=0.9214
2026-01-26 19:38:49,541 - INFO: ====================
2026-01-26 19:38:49,541 - INFO: Round 7: Fine-tuning iteration
2026-01-26 19:38:49,541 - INFO: ====================
2026-01-26 19:38:49,595 - INFO: Round 7 Part 1: Fine-tuning embedding model
2026-01-26 19:38:49,596 - INFO: Using pseudo-label file: runs/the big bang theory/exp_video_overlap/result/self_supervised/exp0/round6/pseudo_label/pseudo_labels_audio_nested_hmm_full(unreliable_pp=20.0).json
2026-01-26 19:38:49,607 - INFO: For training, Using face pseudo-label file: runs/the big bang theory/exp_video_overlap/result/self_supervised/exp0/round6/pseudo_label/pseudo_labels_faces_mid_frame_train_nested_hmm_full.json
2026-01-26 19:38:49,607 - INFO: For infering, Using face pseudo-label file: runs/the big bang theory/exp_video_overlap/result/self_supervised/exp0/round6/pseudo_label/pseudo_labels_faces_mid_frame_all_nested_hmm_full.json
2026-01-26 19:38:49,664 - INFO: Created face dataloader with 14646 samples
2026-01-26 19:38:49,674 - INFO: Fine-tuning speaker embedding model for 20 epochs...
2026-01-26 19:38:49,809 - INFO: Epoch: [0][  0/107]	Time  0.131 ( 0.131)	Loss 2.2118e-01 (2.2118e-01)	Acc pseudo  96.88 ( 96.88)	Lr 1.000e-03 (1.000e-03)
2026-01-26 19:38:49,968 - INFO: Epoch: [0][ 50/107]	Time  0.003 ( 0.006)	Loss 1.8663e-01 (1.4644e-01)	Acc pseudo  96.88 ( 97.03)	Lr 1.000e-03 (1.000e-03)
2026-01-26 19:38:50,108 - INFO: Epoch: [0][100/107]	Time  0.002 ( 0.004)	Loss 1.0270e-01 (1.9265e-01)	Acc pseudo  96.88 ( 96.66)	Lr 1.000e-03 (1.000e-03)
2026-01-26 19:38:50,155 - INFO: Round 7, Fine-tune Epoch 0: loss=0.1862, acc(pseudo)=96.71%
2026-01-26 19:38:54,419 - INFO: Round 7, Fine-tune Epoch 0: acc(valid_pseudo): 0.9926, acc: 0.9175
2026-01-26 19:38:54,848 - INFO: Epoch: [1][  0/107]	Time  0.129 ( 0.129)	Loss 1.5840e-01 (1.5840e-01)	Acc pseudo  95.31 ( 95.31)	Lr 1.000e-03 (1.000e-03)
2026-01-26 19:38:55,006 - INFO: Epoch: [1][ 50/107]	Time  0.003 ( 0.006)	Loss 1.3369e-01 (1.0346e-01)	Acc pseudo  96.88 ( 97.09)	Lr 1.000e-03 (1.000e-03)
2026-01-26 19:38:55,149 - INFO: Epoch: [1][100/107]	Time  0.002 ( 0.004)	Loss 1.0752e-01 (1.2886e-01)	Acc pseudo  96.88 ( 97.06)	Lr 1.000e-03 (1.000e-03)
2026-01-26 19:38:55,195 - INFO: Round 7, Fine-tune Epoch 1: loss=0.1292, acc(pseudo)=97.00%
2026-01-26 19:38:59,068 - INFO: Round 7, Fine-tune Epoch 1: acc(valid_pseudo): 0.9959, acc: 0.9200
2026-01-26 19:38:59,457 - INFO: Epoch: [2][  0/107]	Time  0.132 ( 0.132)	Loss 3.4264e-02 (3.4264e-02)	Acc pseudo 100.00 (100.00)	Lr 1.000e-03 (1.000e-03)
2026-01-26 19:38:59,613 - INFO: Epoch: [2][ 50/107]	Time  0.003 ( 0.006)	Loss 2.5600e-02 (1.0250e-01)	Acc pseudo  98.44 ( 97.55)	Lr 1.000e-03 (1.000e-03)
2026-01-26 19:38:59,756 - INFO: Epoch: [2][100/107]	Time  0.002 ( 0.004)	Loss 3.0702e-01 (9.5508e-02)	Acc pseudo  95.31 ( 97.65)	Lr 1.000e-03 (1.000e-03)
2026-01-26 19:38:59,799 - INFO: Round 7, Fine-tune Epoch 2: loss=0.0975, acc(pseudo)=97.60%
2026-01-26 19:39:04,382 - INFO: Round 7, Fine-tune Epoch 2: acc(valid_pseudo): 0.9967, acc: 0.9250
2026-01-26 19:39:04,770 - INFO: Epoch: [3][  0/107]	Time  0.131 ( 0.131)	Loss 1.3460e-01 (1.3460e-01)	Acc pseudo  93.75 ( 93.75)	Lr 1.000e-03 (1.000e-03)
2026-01-26 19:39:04,922 - INFO: Epoch: [3][ 50/107]	Time  0.003 ( 0.005)	Loss 1.2831e-01 (1.0271e-01)	Acc pseudo  96.88 ( 97.12)	Lr 1.000e-03 (1.000e-03)
2026-01-26 19:39:05,063 - INFO: Epoch: [3][100/107]	Time  0.002 ( 0.004)	Loss 1.0332e-01 (9.9908e-02)	Acc pseudo  95.31 ( 97.23)	Lr 1.000e-03 (1.000e-03)
2026-01-26 19:39:05,121 - INFO: Round 7, Fine-tune Epoch 3: loss=0.0985, acc(pseudo)=97.28%
2026-01-26 19:39:09,061 - INFO: Round 7, Fine-tune Epoch 3: acc(valid_pseudo): 0.9959, acc: 0.9175
2026-01-26 19:39:09,062 - INFO: Round 7, Speaker Fine-tune Epoch 3: No improvement in validation accuracy. Patience(epoch): 1/3
2026-01-26 19:39:09,195 - INFO: Epoch: [4][  0/107]	Time  0.128 ( 0.128)	Loss 1.1941e-02 (1.1941e-02)	Acc pseudo  98.44 ( 98.44)	Lr 1.000e-03 (1.000e-03)
2026-01-26 19:39:09,344 - INFO: Epoch: [4][ 50/107]	Time  0.003 ( 0.005)	Loss 2.4090e-02 (9.5121e-02)	Acc pseudo 100.00 ( 97.37)	Lr 1.000e-03 (1.000e-03)
2026-01-26 19:39:09,478 - INFO: Epoch: [4][100/107]	Time  0.002 ( 0.004)	Loss 1.7159e-01 (9.8423e-02)	Acc pseudo  95.31 ( 97.29)	Lr 1.000e-03 (1.000e-03)
2026-01-26 19:39:09,520 - INFO: Round 7, Fine-tune Epoch 4: loss=0.0967, acc(pseudo)=97.28%
2026-01-26 19:39:13,339 - INFO: Round 7, Fine-tune Epoch 4: acc(valid_pseudo): 0.9975, acc: 0.9205
2026-01-26 19:39:13,885 - INFO: Epoch: [5][  0/107]	Time  0.131 ( 0.131)	Loss 6.2400e-02 (6.2400e-02)	Acc pseudo  98.44 ( 98.44)	Lr 1.000e-03 (1.000e-03)
2026-01-26 19:39:14,042 - INFO: Epoch: [5][ 50/107]	Time  0.003 ( 0.006)	Loss 3.3276e-02 (8.9502e-02)	Acc pseudo  98.44 ( 97.21)	Lr 1.000e-03 (1.000e-03)
2026-01-26 19:39:14,179 - INFO: Epoch: [5][100/107]	Time  0.002 ( 0.004)	Loss 6.9161e-02 (9.4772e-02)	Acc pseudo 100.00 ( 97.35)	Lr 1.000e-03 (1.000e-03)
2026-01-26 19:39:14,226 - INFO: Round 7, Fine-tune Epoch 5: loss=0.0958, acc(pseudo)=97.31%
2026-01-26 19:39:18,328 - INFO: Round 7, Fine-tune Epoch 5: acc(valid_pseudo): 0.9975, acc: 0.9205
2026-01-26 19:39:18,329 - INFO: Round 7, Speaker Fine-tune Epoch 5: No improvement in validation accuracy. Patience(epoch): 1/3
2026-01-26 19:39:18,461 - INFO: Epoch: [6][  0/107]	Time  0.128 ( 0.128)	Loss 1.1251e-01 (1.1251e-01)	Acc pseudo  96.88 ( 96.88)	Lr 1.000e-03 (1.000e-03)
2026-01-26 19:39:18,621 - INFO: Epoch: [6][ 50/107]	Time  0.003 ( 0.006)	Loss 1.7703e-01 (1.1222e-01)	Acc pseudo  95.31 ( 97.27)	Lr 1.000e-03 (1.000e-03)
2026-01-26 19:39:18,757 - INFO: Epoch: [6][100/107]	Time  0.002 ( 0.004)	Loss 5.3728e-01 (1.2347e-01)	Acc pseudo  92.19 ( 96.74)	Lr 1.000e-03 (1.000e-03)
2026-01-26 19:39:18,804 - INFO: Round 7, Fine-tune Epoch 6: loss=0.1303, acc(pseudo)=96.65%
2026-01-26 19:39:22,876 - INFO: Round 7, Fine-tune Epoch 6: acc(valid_pseudo): 0.9736, acc: 0.9060
2026-01-26 19:39:22,876 - INFO: Round 7, Speaker Fine-tune Epoch 6: No improvement in validation accuracy. Patience(epoch): 2/3
2026-01-26 19:39:23,010 - INFO: Epoch: [7][  0/107]	Time  0.129 ( 0.129)	Loss 5.7572e-02 (5.7572e-02)	Acc pseudo  98.44 ( 98.44)	Lr 1.000e-03 (1.000e-03)
2026-01-26 19:39:23,164 - INFO: Epoch: [7][ 50/107]	Time  0.003 ( 0.005)	Loss 2.5051e-01 (1.1395e-01)	Acc pseudo  89.06 ( 96.91)	Lr 1.000e-03 (1.000e-03)
2026-01-26 19:39:23,305 - INFO: Epoch: [7][100/107]	Time  0.002 ( 0.004)	Loss 7.1332e-02 (1.1983e-01)	Acc pseudo  96.88 ( 96.74)	Lr 1.000e-03 (1.000e-03)
2026-01-26 19:39:23,352 - INFO: Round 7, Fine-tune Epoch 7: loss=0.1194, acc(pseudo)=96.76%
2026-01-26 19:39:27,533 - INFO: Round 7, Fine-tune Epoch 7: acc(valid_pseudo): 0.9917, acc: 0.9200
2026-01-26 19:39:27,533 - INFO: Round 7, Speaker Fine-tune Epoch 7: No improvement in validation accuracy. Patience(epoch): 3/3
2026-01-26 19:39:27,533 - INFO: Early stopping at epoch 7 due to no improvement in validation accuracy for 3 epochs.
2026-01-26 19:39:27,534 - INFO: Round 7: Best speaker fine-tuned epoch=4, acc(valid_pseudo)=0.9975
2026-01-26 19:39:27,538 - INFO: Fine-tuning face embedding model for 20 epochs...
2026-01-26 19:39:27,985 - INFO: Epoch: [0][  0/229]	Time  0.393 ( 0.393)	Loss 6.4956e-04 (6.4956e-04)	Acc pseudo 100.00 (100.00)	Lr 1.000e-03 (1.000e-03)
2026-01-26 19:39:32,603 - INFO: Epoch: [0][ 50/229]	Time  0.029 ( 0.038)	Loss 1.8710e-02 (5.2973e-02)	Acc pseudo 100.00 ( 99.11)	Lr 1.000e-03 (1.000e-03)
2026-01-26 19:39:37,218 - INFO: Epoch: [0][100/229]	Time  0.027 ( 0.033)	Loss 2.2490e-01 (5.7800e-02)	Acc pseudo  95.31 ( 98.89)	Lr 1.000e-03 (1.000e-03)
2026-01-26 19:39:41,837 - INFO: Epoch: [0][150/229]	Time  0.029 ( 0.032)	Loss 2.5880e-02 (6.2377e-02)	Acc pseudo  98.44 ( 98.89)	Lr 1.000e-03 (1.000e-03)
2026-01-26 19:39:46,456 - INFO: Epoch: [0][200/229]	Time  0.030 ( 0.031)	Loss 1.7855e-02 (5.5037e-02)	Acc pseudo  98.44 ( 98.85)	Lr 1.000e-03 (1.000e-03)
2026-01-26 19:39:49,082 - INFO: Round 7, Face Fine-tune Epoch 0: loss=0.0535, acc(pseudo)=98.89%
2026-01-26 19:40:15,179 - INFO: Round 7, Face Fine-tune Epoch 0: acc(valid_pseudo): 0.9937, acc: 0.9242
2026-01-26 19:40:16,871 - INFO: Epoch: [1][  0/229]	Time  0.950 ( 0.950)	Loss 5.7383e-03 (5.7383e-03)	Acc pseudo 100.00 (100.00)	Lr 1.000e-03 (1.000e-03)
2026-01-26 19:40:21,514 - INFO: Epoch: [1][ 50/229]	Time  0.027 ( 0.047)	Loss 1.2653e-02 (3.6527e-02)	Acc pseudo  98.44 ( 99.02)	Lr 1.000e-03 (1.000e-03)
2026-01-26 19:40:26,152 - INFO: Epoch: [1][100/229]	Time  0.029 ( 0.039)	Loss 2.4001e-03 (3.8789e-02)	Acc pseudo 100.00 ( 98.90)	Lr 1.000e-03 (1.000e-03)
2026-01-26 19:40:30,795 - INFO: Epoch: [1][150/229]	Time  0.028 ( 0.035)	Loss 4.0279e-03 (3.8488e-02)	Acc pseudo 100.00 ( 98.88)	Lr 1.000e-03 (1.000e-03)
2026-01-26 19:40:35,438 - INFO: Epoch: [1][200/229]	Time  0.027 ( 0.034)	Loss 2.7180e-02 (4.3142e-02)	Acc pseudo  98.44 ( 98.77)	Lr 1.000e-03 (1.000e-03)
2026-01-26 19:40:38,089 - INFO: Round 7, Face Fine-tune Epoch 1: loss=0.0416, acc(pseudo)=98.77%
2026-01-26 19:41:03,197 - INFO: Round 7, Face Fine-tune Epoch 1: acc(valid_pseudo): 0.9945, acc: 0.9242
2026-01-26 19:41:04,440 - INFO: Epoch: [2][  0/229]	Time  0.357 ( 0.357)	Loss 8.1629e-03 (8.1629e-03)	Acc pseudo 100.00 (100.00)	Lr 1.000e-03 (1.000e-03)
2026-01-26 19:41:09,097 - INFO: Epoch: [2][ 50/229]	Time  0.027 ( 0.036)	Loss 4.3882e-02 (4.3396e-02)	Acc pseudo  98.44 ( 98.74)	Lr 1.000e-03 (1.000e-03)
2026-01-26 19:41:13,746 - INFO: Epoch: [2][100/229]	Time  0.031 ( 0.033)	Loss 5.2059e-02 (3.8438e-02)	Acc pseudo  96.88 ( 98.84)	Lr 1.000e-03 (1.000e-03)
2026-01-26 19:41:18,396 - INFO: Epoch: [2][150/229]	Time  0.029 ( 0.031)	Loss 5.0329e-02 (3.4842e-02)	Acc pseudo  96.88 ( 98.91)	Lr 1.000e-03 (1.000e-03)
2026-01-26 19:41:23,049 - INFO: Epoch: [2][200/229]	Time  0.027 ( 0.031)	Loss 9.0843e-02 (3.3198e-02)	Acc pseudo  98.44 ( 98.92)	Lr 1.000e-03 (1.000e-03)
2026-01-26 19:41:25,694 - INFO: Round 7, Face Fine-tune Epoch 2: loss=0.0354, acc(pseudo)=98.88%
2026-01-26 19:41:51,083 - INFO: Round 7, Face Fine-tune Epoch 2: acc(valid_pseudo): 0.9948, acc: 0.9261
2026-01-26 19:41:52,311 - INFO: Epoch: [3][  0/229]	Time  0.379 ( 0.379)	Loss 2.0940e-02 (2.0940e-02)	Acc pseudo 100.00 (100.00)	Lr 1.000e-03 (1.000e-03)
2026-01-26 19:41:56,974 - INFO: Epoch: [3][ 50/229]	Time  0.033 ( 0.038)	Loss 3.8742e-03 (2.9308e-02)	Acc pseudo 100.00 ( 98.90)	Lr 1.000e-03 (1.000e-03)
2026-01-26 19:42:01,626 - INFO: Epoch: [3][100/229]	Time  0.027 ( 0.035)	Loss 8.6844e-03 (3.6284e-02)	Acc pseudo 100.00 ( 99.06)	Lr 1.000e-03 (1.000e-03)
2026-01-26 19:42:06,283 - INFO: Epoch: [3][150/229]	Time  0.029 ( 0.032)	Loss 1.9713e-02 (3.1631e-02)	Acc pseudo 100.00 ( 99.06)	Lr 1.000e-03 (1.000e-03)
2026-01-26 19:42:10,942 - INFO: Epoch: [3][200/229]	Time  0.031 ( 0.031)	Loss 6.8681e-02 (3.0671e-02)	Acc pseudo  98.44 ( 99.07)	Lr 1.000e-03 (1.000e-03)
2026-01-26 19:42:13,601 - INFO: Round 7, Face Fine-tune Epoch 3: loss=0.0307, acc(pseudo)=99.07%
2026-01-26 19:42:37,844 - INFO: Round 7, Face Fine-tune Epoch 3: acc(valid_pseudo): 0.9956, acc: 0.9242
2026-01-26 19:42:39,193 - INFO: Epoch: [4][  0/229]	Time  0.380 ( 0.380)	Loss 8.7402e-03 (8.7402e-03)	Acc pseudo 100.00 (100.00)	Lr 1.000e-03 (1.000e-03)
2026-01-26 19:42:43,857 - INFO: Epoch: [4][ 50/229]	Time  0.034 ( 0.037)	Loss 8.9476e-03 (2.6270e-02)	Acc pseudo 100.00 ( 98.99)	Lr 1.000e-03 (1.000e-03)
2026-01-26 19:42:48,516 - INFO: Epoch: [4][100/229]	Time  0.029 ( 0.034)	Loss 6.3676e-03 (3.7470e-02)	Acc pseudo 100.00 ( 98.87)	Lr 1.000e-03 (1.000e-03)
2026-01-26 19:42:53,177 - INFO: Epoch: [4][150/229]	Time  0.028 ( 0.032)	Loss 9.1474e-02 (3.6137e-02)	Acc pseudo  95.31 ( 98.83)	Lr 1.000e-03 (1.000e-03)
2026-01-26 19:42:57,839 - INFO: Epoch: [4][200/229]	Time  0.027 ( 0.031)	Loss 1.0267e-01 (3.5854e-02)	Acc pseudo  96.88 ( 98.87)	Lr 1.000e-03 (1.000e-03)
2026-01-26 19:43:00,493 - INFO: Round 7, Face Fine-tune Epoch 4: loss=0.0363, acc(pseudo)=98.83%
2026-01-26 19:43:25,709 - INFO: Round 7, Face Fine-tune Epoch 4: acc(valid_pseudo): 0.9943, acc: 0.9261
2026-01-26 19:43:25,709 - INFO: Round 7, Face Fine-tune Epoch 4: No improvement. Patience(epoch): 1/3
2026-01-26 19:43:26,119 - INFO: Epoch: [5][  0/229]	Time  0.360 ( 0.360)	Loss 3.3358e-02 (3.3358e-02)	Acc pseudo  98.44 ( 98.44)	Lr 1.000e-03 (1.000e-03)
2026-01-26 19:43:30,783 - INFO: Epoch: [5][ 50/229]	Time  0.029 ( 0.036)	Loss 2.3117e-01 (9.1321e-02)	Acc pseudo  96.88 ( 98.07)	Lr 1.000e-03 (1.000e-03)
2026-01-26 19:43:35,446 - INFO: Epoch: [5][100/229]	Time  0.027 ( 0.033)	Loss 4.2655e-02 (1.7534e-01)	Acc pseudo  96.88 ( 97.83)	Lr 1.000e-03 (1.000e-03)
2026-01-26 19:43:40,109 - INFO: Epoch: [5][150/229]	Time  0.031 ( 0.032)	Loss 9.5928e-02 (1.3858e-01)	Acc pseudo  95.31 ( 97.75)	Lr 1.000e-03 (1.000e-03)
2026-01-26 19:43:44,776 - INFO: Epoch: [5][200/229]	Time  0.030 ( 0.031)	Loss 2.3510e-02 (1.2404e-01)	Acc pseudo  98.44 ( 97.70)	Lr 1.000e-03 (1.000e-03)
2026-01-26 19:43:47,431 - INFO: Round 7, Face Fine-tune Epoch 5: loss=0.1167, acc(pseudo)=97.71%
2026-01-26 19:44:11,959 - INFO: Round 7, Face Fine-tune Epoch 5: acc(valid_pseudo): 0.9955, acc: 0.9252
2026-01-26 19:44:11,959 - INFO: Round 7, Face Fine-tune Epoch 5: No improvement. Patience(epoch): 2/3
2026-01-26 19:44:12,405 - INFO: Epoch: [6][  0/229]	Time  0.391 ( 0.391)	Loss 7.2177e-02 (7.2177e-02)	Acc pseudo  96.88 ( 96.88)	Lr 1.000e-03 (1.000e-03)
2026-01-26 19:44:17,067 - INFO: Epoch: [6][ 50/229]	Time  0.033 ( 0.038)	Loss 8.4535e-01 (7.9198e-02)	Acc pseudo  98.44 ( 97.70)	Lr 1.000e-03 (1.000e-03)
2026-01-26 19:44:21,731 - INFO: Epoch: [6][100/229]	Time  0.029 ( 0.034)	Loss 2.1798e-02 (7.8666e-02)	Acc pseudo  98.44 ( 97.77)	Lr 1.000e-03 (1.000e-03)
2026-01-26 19:44:26,395 - INFO: Epoch: [6][150/229]	Time  0.030 ( 0.033)	Loss 2.4609e-01 (7.8164e-02)	Acc pseudo  96.88 ( 97.68)	Lr 1.000e-03 (1.000e-03)
2026-01-26 19:44:31,063 - INFO: Epoch: [6][200/229]	Time  0.032 ( 0.032)	Loss 2.1399e-02 (8.0079e-02)	Acc pseudo  98.44 ( 97.62)	Lr 1.000e-03 (1.000e-03)
2026-01-26 19:44:33,716 - INFO: Round 7, Face Fine-tune Epoch 6: loss=0.0805, acc(pseudo)=97.57%
2026-01-26 19:44:58,754 - INFO: Round 7, Face Fine-tune Epoch 6: acc(valid_pseudo): 0.9945, acc: 0.9224
2026-01-26 19:44:58,754 - INFO: Round 7, Face Fine-tune Epoch 6: No improvement. Patience(epoch): 3/3
2026-01-26 19:44:58,754 - INFO: Early stopping at face epoch 6
2026-01-26 19:44:58,755 - INFO: Round 7: Best face fine-tuned epoch=3, acc(valid_pseudo)=0.9956
2026-01-26 19:44:58,785 - INFO: Using HMM model from previous round: runs/the big bang theory/exp_video_overlap/result/self_supervised/exp0/round6/pseudo_label/hmm_params.pkl
2026-01-26 19:56:48,070 - INFO: Round 7: speaker_acc=0.9240
2026-01-26 19:56:48,074 - INFO: Round 7: face_acc=0.9233
2026-01-26 19:56:48,076 - INFO: ====================
2026-01-26 19:56:48,076 - INFO: Round 8: Fine-tuning iteration
2026-01-26 19:56:48,076 - INFO: ====================
2026-01-26 19:56:48,123 - INFO: Round 8 Part 1: Fine-tuning embedding model
2026-01-26 19:56:48,124 - INFO: Using pseudo-label file: runs/the big bang theory/exp_video_overlap/result/self_supervised/exp0/round7/pseudo_label/pseudo_labels_audio_nested_hmm_full(unreliable_pp=20.0).json
2026-01-26 19:56:48,137 - INFO: For training, Using face pseudo-label file: runs/the big bang theory/exp_video_overlap/result/self_supervised/exp0/round7/pseudo_label/pseudo_labels_faces_mid_frame_train_nested_hmm_full.json
2026-01-26 19:56:48,137 - INFO: For infering, Using face pseudo-label file: runs/the big bang theory/exp_video_overlap/result/self_supervised/exp0/round7/pseudo_label/pseudo_labels_faces_mid_frame_all_nested_hmm_full.json
2026-01-26 19:56:48,195 - INFO: Created face dataloader with 14646 samples
2026-01-26 19:56:48,205 - INFO: Fine-tuning speaker embedding model for 20 epochs...
2026-01-26 19:56:48,452 - INFO: Epoch: [0][  0/107]	Time  0.243 ( 0.243)	Loss 1.0521e-01 (1.0521e-01)	Acc pseudo  96.88 ( 96.88)	Lr 1.000e-03 (1.000e-03)
2026-01-26 19:56:48,607 - INFO: Epoch: [0][ 50/107]	Time  0.003 ( 0.008)	Loss 8.5902e-03 (1.3870e-01)	Acc pseudo 100.00 ( 97.30)	Lr 1.000e-03 (1.000e-03)
2026-01-26 19:56:48,748 - INFO: Epoch: [0][100/107]	Time  0.002 ( 0.005)	Loss 4.8248e-02 (1.2877e-01)	Acc pseudo  96.88 ( 97.12)	Lr 1.000e-03 (1.000e-03)
2026-01-26 19:56:48,794 - INFO: Round 8, Fine-tune Epoch 0: loss=0.1253, acc(pseudo)=97.14%
2026-01-26 19:56:52,688 - INFO: Round 8, Fine-tune Epoch 0: acc(valid_pseudo): 0.9653, acc: 0.8845
2026-01-26 19:56:53,236 - INFO: Epoch: [1][  0/107]	Time  0.131 ( 0.131)	Loss 4.0053e-01 (4.0053e-01)	Acc pseudo  98.44 ( 98.44)	Lr 1.000e-03 (1.000e-03)
2026-01-26 19:56:53,389 - INFO: Epoch: [1][ 50/107]	Time  0.003 ( 0.005)	Loss 3.0438e-02 (7.6108e-02)	Acc pseudo 100.00 ( 97.73)	Lr 1.000e-03 (1.000e-03)
2026-01-26 19:56:53,525 - INFO: Epoch: [1][100/107]	Time  0.002 ( 0.004)	Loss 4.7638e-01 (8.7754e-02)	Acc pseudo  93.75 ( 97.74)	Lr 1.000e-03 (1.000e-03)
2026-01-26 19:56:53,572 - INFO: Round 8, Fine-tune Epoch 1: loss=0.0870, acc(pseudo)=97.73%
2026-01-26 19:56:57,469 - INFO: Round 8, Fine-tune Epoch 1: acc(valid_pseudo): 0.9975, acc: 0.9180
2026-01-26 19:56:57,888 - INFO: Epoch: [2][  0/107]	Time  0.146 ( 0.146)	Loss 4.4781e-02 (4.4781e-02)	Acc pseudo 100.00 (100.00)	Lr 1.000e-03 (1.000e-03)
2026-01-26 19:56:58,042 - INFO: Epoch: [2][ 50/107]	Time  0.004 ( 0.006)	Loss 1.4108e-02 (7.9106e-02)	Acc pseudo 100.00 ( 97.15)	Lr 1.000e-03 (1.000e-03)
2026-01-26 19:56:58,195 - INFO: Epoch: [2][100/107]	Time  0.002 ( 0.004)	Loss 1.4092e-02 (8.1557e-02)	Acc pseudo  98.44 ( 97.45)	Lr 1.000e-03 (1.000e-03)
2026-01-26 19:56:58,242 - INFO: Round 8, Fine-tune Epoch 2: loss=0.0841, acc(pseudo)=97.42%
2026-01-26 19:57:02,324 - INFO: Round 8, Fine-tune Epoch 2: acc(valid_pseudo): 0.9934, acc: 0.9175
2026-01-26 19:57:02,324 - INFO: Round 8, Speaker Fine-tune Epoch 2: No improvement in validation accuracy. Patience(epoch): 1/3
2026-01-26 19:57:02,462 - INFO: Epoch: [3][  0/107]	Time  0.133 ( 0.133)	Loss 2.3174e-01 (2.3174e-01)	Acc pseudo  92.19 ( 92.19)	Lr 1.000e-03 (1.000e-03)
2026-01-26 19:57:02,622 - INFO: Epoch: [3][ 50/107]	Time  0.003 ( 0.006)	Loss 1.3517e-01 (7.8588e-02)	Acc pseudo  96.88 ( 97.55)	Lr 1.000e-03 (1.000e-03)
2026-01-26 19:57:02,769 - INFO: Epoch: [3][100/107]	Time  0.002 ( 0.004)	Loss 1.5738e-01 (8.7844e-02)	Acc pseudo  98.44 ( 97.56)	Lr 1.000e-03 (1.000e-03)
2026-01-26 19:57:02,817 - INFO: Round 8, Fine-tune Epoch 3: loss=0.0877, acc(pseudo)=97.54%
2026-01-26 19:57:06,789 - INFO: Round 8, Fine-tune Epoch 3: acc(valid_pseudo): 0.9942, acc: 0.9190
2026-01-26 19:57:06,789 - INFO: Round 8, Speaker Fine-tune Epoch 3: No improvement in validation accuracy. Patience(epoch): 2/3
2026-01-26 19:57:06,922 - INFO: Epoch: [4][  0/107]	Time  0.128 ( 0.128)	Loss 6.2131e-02 (6.2131e-02)	Acc pseudo  98.44 ( 98.44)	Lr 1.000e-03 (1.000e-03)
2026-01-26 19:57:07,076 - INFO: Epoch: [4][ 50/107]	Time  0.003 ( 0.005)	Loss 1.0943e-02 (7.5677e-02)	Acc pseudo 100.00 ( 97.64)	Lr 1.000e-03 (1.000e-03)
2026-01-26 19:57:07,211 - INFO: Epoch: [4][100/107]	Time  0.002 ( 0.004)	Loss 8.7414e-02 (8.3571e-02)	Acc pseudo  96.88 ( 97.48)	Lr 1.000e-03 (1.000e-03)
2026-01-26 19:57:07,269 - INFO: Round 8, Fine-tune Epoch 4: loss=0.0817, acc(pseudo)=97.51%
2026-01-26 19:57:11,439 - INFO: Round 8, Fine-tune Epoch 4: acc(valid_pseudo): 0.9942, acc: 0.9155
2026-01-26 19:57:11,439 - INFO: Round 8, Speaker Fine-tune Epoch 4: No improvement in validation accuracy. Patience(epoch): 3/3
2026-01-26 19:57:11,439 - INFO: Early stopping at epoch 4 due to no improvement in validation accuracy for 3 epochs.
2026-01-26 19:57:11,440 - INFO: Round 8: Best speaker fine-tuned epoch=1, acc(valid_pseudo)=0.9975
2026-01-26 19:57:11,445 - INFO: Fine-tuning face embedding model for 20 epochs...
2026-01-26 19:57:12,181 - INFO: Epoch: [0][  0/229]	Time  0.707 ( 0.707)	Loss 1.3870e-04 (1.3870e-04)	Acc pseudo 100.00 (100.00)	Lr 1.000e-03 (1.000e-03)
2026-01-26 19:57:16,790 - INFO: Epoch: [0][ 50/229]	Time  0.031 ( 0.043)	Loss 6.2566e-02 (5.1045e-02)	Acc pseudo  98.44 ( 99.05)	Lr 1.000e-03 (1.000e-03)
2026-01-26 19:57:21,402 - INFO: Epoch: [0][100/229]	Time  0.026 ( 0.036)	Loss 5.5399e-02 (3.7867e-02)	Acc pseudo  98.44 ( 99.09)	Lr 1.000e-03 (1.000e-03)
2026-01-26 19:57:26,016 - INFO: Epoch: [0][150/229]	Time  0.029 ( 0.034)	Loss 3.7857e-02 (4.8205e-02)	Acc pseudo  98.44 ( 99.04)	Lr 1.000e-03 (1.000e-03)
2026-01-26 19:57:30,648 - INFO: Epoch: [0][200/229]	Time  0.029 ( 0.033)	Loss 1.9052e-03 (5.0943e-02)	Acc pseudo 100.00 ( 98.97)	Lr 1.000e-03 (1.000e-03)
2026-01-26 19:57:33,271 - INFO: Round 8, Face Fine-tune Epoch 0: loss=0.0504, acc(pseudo)=98.96%
2026-01-26 19:57:58,149 - INFO: Round 8, Face Fine-tune Epoch 0: acc(valid_pseudo): 0.9926, acc: 0.9252
2026-01-26 19:57:59,381 - INFO: Epoch: [1][  0/229]	Time  0.361 ( 0.361)	Loss 1.0798e-03 (1.0798e-03)	Acc pseudo 100.00 (100.00)	Lr 1.000e-03 (1.000e-03)
2026-01-26 19:58:04,018 - INFO: Epoch: [1][ 50/229]	Time  0.034 ( 0.036)	Loss 1.3099e-03 (2.9772e-02)	Acc pseudo 100.00 ( 98.99)	Lr 1.000e-03 (1.000e-03)
2026-01-26 19:58:08,654 - INFO: Epoch: [1][100/229]	Time  0.025 ( 0.033)	Loss 9.7329e-03 (3.3364e-02)	Acc pseudo 100.00 ( 98.86)	Lr 1.000e-03 (1.000e-03)
2026-01-26 19:58:13,294 - INFO: Epoch: [1][150/229]	Time  0.040 ( 0.032)	Loss 4.3867e-02 (3.4544e-02)	Acc pseudo  98.44 ( 98.87)	Lr 1.000e-03 (1.000e-03)
2026-01-26 19:58:17,931 - INFO: Epoch: [1][200/229]	Time  0.025 ( 0.031)	Loss 3.7334e-02 (3.7273e-02)	Acc pseudo  98.44 ( 98.80)	Lr 1.000e-03 (1.000e-03)
2026-01-26 19:58:20,567 - INFO: Round 8, Face Fine-tune Epoch 1: loss=0.0364, acc(pseudo)=98.83%
2026-01-26 19:58:44,791 - INFO: Round 8, Face Fine-tune Epoch 1: acc(valid_pseudo): 0.9941, acc: 0.9261
2026-01-26 19:58:45,949 - INFO: Epoch: [2][  0/229]	Time  0.358 ( 0.358)	Loss 1.7244e-02 (1.7244e-02)	Acc pseudo  98.44 ( 98.44)	Lr 1.000e-03 (1.000e-03)
2026-01-26 19:58:50,593 - INFO: Epoch: [2][ 50/229]	Time  0.029 ( 0.036)	Loss 2.7057e-02 (3.0360e-02)	Acc pseudo  98.44 ( 99.08)	Lr 1.000e-03 (1.000e-03)
2026-01-26 19:58:55,234 - INFO: Epoch: [2][100/229]	Time  0.026 ( 0.032)	Loss 8.2180e-02 (3.2926e-02)	Acc pseudo  95.31 ( 98.98)	Lr 1.000e-03 (1.000e-03)
2026-01-26 19:58:59,884 - INFO: Epoch: [2][150/229]	Time  0.027 ( 0.031)	Loss 2.6958e-02 (3.1490e-02)	Acc pseudo 100.00 ( 98.92)	Lr 1.000e-03 (1.000e-03)
2026-01-26 19:59:04,579 - INFO: Epoch: [2][200/229]	Time  0.029 ( 0.031)	Loss 6.8926e-03 (3.0379e-02)	Acc pseudo 100.00 ( 98.97)	Lr 1.000e-03 (1.000e-03)
2026-01-26 19:59:07,224 - INFO: Round 8, Face Fine-tune Epoch 2: loss=0.0313, acc(pseudo)=98.93%
2026-01-26 19:59:31,871 - INFO: Round 8, Face Fine-tune Epoch 2: acc(valid_pseudo): 0.9952, acc: 0.9252
2026-01-26 19:59:33,029 - INFO: Epoch: [3][  0/229]	Time  0.348 ( 0.348)	Loss 2.3801e-03 (2.3801e-03)	Acc pseudo 100.00 (100.00)	Lr 1.000e-03 (1.000e-03)
2026-01-26 19:59:37,681 - INFO: Epoch: [3][ 50/229]	Time  0.030 ( 0.036)	Loss 9.0409e-03 (2.2948e-02)	Acc pseudo 100.00 ( 99.05)	Lr 1.000e-03 (1.000e-03)
2026-01-26 19:59:42,605 - INFO: Epoch: [3][100/229]	Time  0.026 ( 0.036)	Loss 7.8948e-04 (2.1415e-02)	Acc pseudo 100.00 ( 99.20)	Lr 1.000e-03 (1.000e-03)
2026-01-26 19:59:47,260 - INFO: Epoch: [3][150/229]	Time  0.028 ( 0.034)	Loss 4.4450e-02 (2.7789e-02)	Acc pseudo  98.44 ( 99.04)	Lr 1.000e-03 (1.000e-03)
2026-01-26 19:59:51,916 - INFO: Epoch: [3][200/229]	Time  0.028 ( 0.033)	Loss 1.0265e-03 (2.6114e-02)	Acc pseudo 100.00 ( 99.08)	Lr 1.000e-03 (1.000e-03)
2026-01-26 19:59:54,572 - INFO: Round 8, Face Fine-tune Epoch 3: loss=0.0328, acc(pseudo)=99.02%
2026-01-26 20:00:19,722 - INFO: Round 8, Face Fine-tune Epoch 3: acc(valid_pseudo): 0.9946, acc: 0.9233
2026-01-26 20:00:19,722 - INFO: Round 8, Face Fine-tune Epoch 3: No improvement. Patience(epoch): 1/3
2026-01-26 20:00:20,184 - INFO: Epoch: [4][  0/229]	Time  0.409 ( 0.409)	Loss 4.6528e-03 (4.6528e-03)	Acc pseudo 100.00 (100.00)	Lr 1.000e-03 (1.000e-03)
2026-01-26 20:00:25,166 - INFO: Epoch: [4][ 50/229]	Time  0.029 ( 0.044)	Loss 4.3648e-02 (2.7682e-02)	Acc pseudo  98.44 ( 98.84)	Lr 1.000e-03 (1.000e-03)
2026-01-26 20:00:29,826 - INFO: Epoch: [4][100/229]	Time  0.031 ( 0.037)	Loss 1.0311e-03 (5.4617e-02)	Acc pseudo 100.00 ( 98.76)	Lr 1.000e-03 (1.000e-03)
2026-01-26 20:00:34,487 - INFO: Epoch: [4][150/229]	Time  0.027 ( 0.034)	Loss 6.4140e-02 (5.4963e-02)	Acc pseudo  98.44 ( 98.65)	Lr 1.000e-03 (1.000e-03)
2026-01-26 20:00:39,152 - INFO: Epoch: [4][200/229]	Time  0.038 ( 0.032)	Loss 1.0003e-01 (5.1358e-02)	Acc pseudo  95.31 ( 98.61)	Lr 1.000e-03 (1.000e-03)
2026-01-26 20:00:41,804 - INFO: Round 8, Face Fine-tune Epoch 4: loss=0.0498, acc(pseudo)=98.59%
2026-01-26 20:01:08,395 - INFO: Round 8, Face Fine-tune Epoch 4: acc(valid_pseudo): 0.9953, acc: 0.9242
2026-01-26 20:01:09,800 - INFO: Epoch: [5][  0/229]	Time  0.526 ( 0.526)	Loss 2.6012e-02 (2.6012e-02)	Acc pseudo  98.44 ( 98.44)	Lr 1.000e-03 (1.000e-03)
2026-01-26 20:01:14,466 - INFO: Epoch: [5][ 50/229]	Time  0.031 ( 0.040)	Loss 4.1214e-02 (4.3905e-02)	Acc pseudo  96.88 ( 98.28)	Lr 1.000e-03 (1.000e-03)
2026-01-26 20:01:19,129 - INFO: Epoch: [5][100/229]	Time  0.036 ( 0.036)	Loss 5.9997e-03 (5.1803e-02)	Acc pseudo 100.00 ( 98.48)	Lr 1.000e-03 (1.000e-03)
2026-01-26 20:01:23,789 - INFO: Epoch: [5][150/229]	Time  0.037 ( 0.034)	Loss 1.9692e-02 (5.0499e-02)	Acc pseudo  98.44 ( 98.44)	Lr 1.000e-03 (1.000e-03)
2026-01-26 20:01:28,450 - INFO: Epoch: [5][200/229]	Time  0.027 ( 0.032)	Loss 5.5651e-02 (4.9249e-02)	Acc pseudo  96.88 ( 98.36)	Lr 1.000e-03 (1.000e-03)
2026-01-26 20:01:31,099 - INFO: Round 8, Face Fine-tune Epoch 5: loss=0.0475, acc(pseudo)=98.36%
2026-01-26 20:01:55,545 - INFO: Round 8, Face Fine-tune Epoch 5: acc(valid_pseudo): 0.9942, acc: 0.9242
2026-01-26 20:01:55,545 - INFO: Round 8, Face Fine-tune Epoch 5: No improvement. Patience(epoch): 1/3
2026-01-26 20:01:55,952 - INFO: Epoch: [6][  0/229]	Time  0.367 ( 0.367)	Loss 5.1440e-03 (5.1440e-03)	Acc pseudo 100.00 (100.00)	Lr 1.000e-03 (1.000e-03)
2026-01-26 20:02:00,616 - INFO: Epoch: [6][ 50/229]	Time  0.030 ( 0.037)	Loss 6.8052e-03 (5.1646e-02)	Acc pseudo 100.00 ( 98.38)	Lr 1.000e-03 (1.000e-03)
2026-01-26 20:02:05,283 - INFO: Epoch: [6][100/229]	Time  0.029 ( 0.034)	Loss 3.1567e-03 (5.9322e-02)	Acc pseudo 100.00 ( 98.10)	Lr 1.000e-03 (1.000e-03)
2026-01-26 20:02:09,950 - INFO: Epoch: [6][150/229]	Time  0.028 ( 0.032)	Loss 1.5984e-01 (5.3744e-02)	Acc pseudo  96.88 ( 98.18)	Lr 1.000e-03 (1.000e-03)
2026-01-26 20:02:14,619 - INFO: Epoch: [6][200/229]	Time  0.029 ( 0.031)	Loss 2.9334e-03 (4.8921e-02)	Acc pseudo 100.00 ( 98.19)	Lr 1.000e-03 (1.000e-03)
2026-01-26 20:02:17,273 - INFO: Round 8, Face Fine-tune Epoch 6: loss=0.0483, acc(pseudo)=98.22%
2026-01-26 20:02:42,312 - INFO: Round 8, Face Fine-tune Epoch 6: acc(valid_pseudo): 0.9964, acc: 0.9252
2026-01-26 20:02:43,508 - INFO: Epoch: [7][  0/229]	Time  0.367 ( 0.367)	Loss 2.2225e-02 (2.2225e-02)	Acc pseudo  98.44 ( 98.44)	Lr 1.000e-03 (1.000e-03)
2026-01-26 20:02:48,181 - INFO: Epoch: [7][ 50/229]	Time  0.030 ( 0.037)	Loss 2.6833e-02 (5.8468e-02)	Acc pseudo  98.44 ( 98.01)	Lr 1.000e-03 (1.000e-03)
2026-01-26 20:02:52,848 - INFO: Epoch: [7][100/229]	Time  0.027 ( 0.033)	Loss 2.2587e-02 (8.1880e-02)	Acc pseudo  98.44 ( 97.39)	Lr 1.000e-03 (1.000e-03)
2026-01-26 20:02:57,521 - INFO: Epoch: [7][150/229]	Time  0.028 ( 0.031)	Loss 2.8882e-02 (8.5705e-02)	Acc pseudo  98.44 ( 97.27)	Lr 1.000e-03 (1.000e-03)
2026-01-26 20:03:02,195 - INFO: Epoch: [7][200/229]	Time  0.032 ( 0.030)	Loss 2.5746e-02 (8.5381e-02)	Acc pseudo  98.44 ( 97.29)	Lr 1.000e-03 (1.000e-03)
2026-01-26 20:03:04,853 - INFO: Round 8, Face Fine-tune Epoch 7: loss=0.0824, acc(pseudo)=97.30%
2026-01-26 20:03:28,984 - INFO: Round 8, Face Fine-tune Epoch 7: acc(valid_pseudo): 0.9949, acc: 0.9205
2026-01-26 20:03:28,985 - INFO: Round 8, Face Fine-tune Epoch 7: No improvement. Patience(epoch): 1/3
2026-01-26 20:03:29,400 - INFO: Epoch: [8][  0/229]	Time  0.365 ( 0.365)	Loss 4.5032e-02 (4.5032e-02)	Acc pseudo  98.44 ( 98.44)	Lr 1.000e-03 (1.000e-03)
2026-01-26 20:03:34,075 - INFO: Epoch: [8][ 50/229]	Time  0.029 ( 0.037)	Loss 5.1252e-04 (1.0617e-01)	Acc pseudo 100.00 ( 96.66)	Lr 1.000e-03 (1.000e-03)
2026-01-26 20:03:38,740 - INFO: Epoch: [8][100/229]	Time  0.027 ( 0.033)	Loss 3.1062e-01 (9.8380e-02)	Acc pseudo  92.19 ( 96.97)	Lr 1.000e-03 (1.000e-03)
2026-01-26 20:03:43,407 - INFO: Epoch: [8][150/229]	Time  0.030 ( 0.032)	Loss 3.5469e-02 (8.9729e-02)	Acc pseudo  96.88 ( 97.16)	Lr 1.000e-03 (1.000e-03)
2026-01-26 20:03:48,074 - INFO: Epoch: [8][200/229]	Time  0.029 ( 0.031)	Loss 7.9875e-02 (8.8787e-02)	Acc pseudo  95.31 ( 97.13)	Lr 1.000e-03 (1.000e-03)
2026-01-26 20:03:50,731 - INFO: Round 8, Face Fine-tune Epoch 8: loss=0.0855, acc(pseudo)=97.20%
2026-01-26 20:04:16,487 - INFO: Round 8, Face Fine-tune Epoch 8: acc(valid_pseudo): 0.9956, acc: 0.9242
2026-01-26 20:04:16,487 - INFO: Round 8, Face Fine-tune Epoch 8: No improvement. Patience(epoch): 2/3
2026-01-26 20:04:16,888 - INFO: Epoch: [9][  0/229]	Time  0.364 ( 0.364)	Loss 1.9036e-02 (1.9036e-02)	Acc pseudo 100.00 (100.00)	Lr 1.000e-03 (1.000e-03)
2026-01-26 20:04:21,556 - INFO: Epoch: [9][ 50/229]	Time  0.027 ( 0.037)	Loss 5.6802e-02 (7.5897e-02)	Acc pseudo  98.44 ( 97.06)	Lr 1.000e-03 (1.000e-03)
2026-01-26 20:04:26,224 - INFO: Epoch: [9][100/229]	Time  0.028 ( 0.034)	Loss 1.1712e-01 (9.5118e-02)	Acc pseudo  92.19 ( 97.00)	Lr 1.000e-03 (1.000e-03)
2026-01-26 20:04:30,897 - INFO: Epoch: [9][150/229]	Time  0.037 ( 0.032)	Loss 1.1155e-01 (9.4928e-02)	Acc pseudo  95.31 ( 97.14)	Lr 1.000e-03 (1.000e-03)
2026-01-26 20:04:35,567 - INFO: Epoch: [9][200/229]	Time  0.028 ( 0.031)	Loss 1.1447e-01 (9.4175e-02)	Acc pseudo  96.88 ( 97.17)	Lr 1.000e-03 (1.000e-03)
2026-01-26 20:04:38,218 - INFO: Round 8, Face Fine-tune Epoch 9: loss=0.0928, acc(pseudo)=97.11%
2026-01-26 20:05:03,462 - INFO: Round 8, Face Fine-tune Epoch 9: acc(valid_pseudo): 0.9945, acc: 0.9233
2026-01-26 20:05:03,462 - INFO: Round 8, Face Fine-tune Epoch 9: No improvement. Patience(epoch): 3/3
2026-01-26 20:05:03,462 - INFO: Early stopping at face epoch 9
2026-01-26 20:05:03,463 - INFO: Round 8: Best face fine-tuned epoch=6, acc(valid_pseudo)=0.9964
2026-01-26 20:05:03,492 - INFO: Using HMM model from previous round: runs/the big bang theory/exp_video_overlap/result/self_supervised/exp0/round7/pseudo_label/hmm_params.pkl
2026-01-26 20:19:36,695 - INFO: Round 8: speaker_acc=0.9245
2026-01-26 20:19:36,698 - INFO: Round 8: face_acc=0.9214
2026-01-26 20:19:36,700 - INFO: ====================
2026-01-26 20:19:36,700 - INFO: Round 9: Fine-tuning iteration
2026-01-26 20:19:36,700 - INFO: ====================
2026-01-26 20:19:36,764 - INFO: Round 9 Part 1: Fine-tuning embedding model
2026-01-26 20:19:36,764 - INFO: Using pseudo-label file: runs/the big bang theory/exp_video_overlap/result/self_supervised/exp0/round8/pseudo_label/pseudo_labels_audio_nested_hmm_full(unreliable_pp=20.0).json
2026-01-26 20:19:36,776 - INFO: For training, Using face pseudo-label file: runs/the big bang theory/exp_video_overlap/result/self_supervised/exp0/round8/pseudo_label/pseudo_labels_faces_mid_frame_train_nested_hmm_full.json
2026-01-26 20:19:36,776 - INFO: For infering, Using face pseudo-label file: runs/the big bang theory/exp_video_overlap/result/self_supervised/exp0/round8/pseudo_label/pseudo_labels_faces_mid_frame_all_nested_hmm_full.json
2026-01-26 20:19:36,833 - INFO: Created face dataloader with 14646 samples
2026-01-26 20:19:36,843 - INFO: Fine-tuning speaker embedding model for 20 epochs...
2026-01-26 20:19:37,058 - INFO: Epoch: [0][  0/107]	Time  0.206 ( 0.206)	Loss 1.1536e-01 (1.1536e-01)	Acc pseudo  95.31 ( 95.31)	Lr 1.000e-03 (1.000e-03)
2026-01-26 20:19:37,212 - INFO: Epoch: [0][ 50/107]	Time  0.003 ( 0.007)	Loss 1.4891e-01 (1.6197e-01)	Acc pseudo  98.44 ( 96.78)	Lr 1.000e-03 (1.000e-03)
2026-01-26 20:19:37,350 - INFO: Epoch: [0][100/107]	Time  0.002 ( 0.005)	Loss 7.9120e-02 (1.8184e-01)	Acc pseudo  98.44 ( 96.69)	Lr 1.000e-03 (1.000e-03)
2026-01-26 20:19:37,394 - INFO: Round 9, Fine-tune Epoch 0: loss=0.1792, acc(pseudo)=96.76%
2026-01-26 20:19:41,560 - INFO: Round 9, Fine-tune Epoch 0: acc(valid_pseudo): 0.9967, acc: 0.9175
2026-01-26 20:19:41,937 - INFO: Epoch: [1][  0/107]	Time  0.130 ( 0.130)	Loss 3.4937e-02 (3.4937e-02)	Acc pseudo  98.44 ( 98.44)	Lr 1.000e-03 (1.000e-03)
2026-01-26 20:19:42,091 - INFO: Epoch: [1][ 50/107]	Time  0.003 ( 0.005)	Loss 3.9519e-02 (1.1226e-01)	Acc pseudo  98.44 ( 97.03)	Lr 1.000e-03 (1.000e-03)
2026-01-26 20:19:42,231 - INFO: Epoch: [1][100/107]	Time  0.002 ( 0.004)	Loss 4.8465e-02 (1.1199e-01)	Acc pseudo  98.44 ( 97.17)	Lr 1.000e-03 (1.000e-03)
2026-01-26 20:19:42,278 - INFO: Round 9, Fine-tune Epoch 1: loss=0.1103, acc(pseudo)=97.19%
2026-01-26 20:19:46,160 - INFO: Round 9, Fine-tune Epoch 1: acc(valid_pseudo): 0.9950, acc: 0.9210
2026-01-26 20:19:46,160 - INFO: Round 9, Speaker Fine-tune Epoch 1: No improvement in validation accuracy. Patience(epoch): 1/3
2026-01-26 20:19:46,295 - INFO: Epoch: [2][  0/107]	Time  0.129 ( 0.129)	Loss 4.2320e-02 (4.2320e-02)	Acc pseudo 100.00 (100.00)	Lr 1.000e-03 (1.000e-03)
2026-01-26 20:19:46,448 - INFO: Epoch: [2][ 50/107]	Time  0.003 ( 0.005)	Loss 1.6405e-01 (8.5946e-02)	Acc pseudo  96.88 ( 97.33)	Lr 1.000e-03 (1.000e-03)
2026-01-26 20:19:46,585 - INFO: Epoch: [2][100/107]	Time  0.002 ( 0.004)	Loss 7.9167e-02 (9.2484e-02)	Acc pseudo  98.44 ( 97.25)	Lr 1.000e-03 (1.000e-03)
2026-01-26 20:19:46,629 - INFO: Round 9, Fine-tune Epoch 2: loss=0.0912, acc(pseudo)=97.26%
2026-01-26 20:19:50,497 - INFO: Round 9, Fine-tune Epoch 2: acc(valid_pseudo): 0.9794, acc: 0.9055
2026-01-26 20:19:50,497 - INFO: Round 9, Speaker Fine-tune Epoch 2: No improvement in validation accuracy. Patience(epoch): 2/3
2026-01-26 20:19:50,630 - INFO: Epoch: [3][  0/107]	Time  0.128 ( 0.128)	Loss 7.3282e-02 (7.3282e-02)	Acc pseudo  96.88 ( 96.88)	Lr 1.000e-03 (1.000e-03)
2026-01-26 20:19:50,785 - INFO: Epoch: [3][ 50/107]	Time  0.003 ( 0.005)	Loss 1.7036e-01 (9.7006e-02)	Acc pseudo  95.31 ( 97.37)	Lr 1.000e-03 (1.000e-03)
2026-01-26 20:19:50,924 - INFO: Epoch: [3][100/107]	Time  0.002 ( 0.004)	Loss 1.6329e-02 (8.7340e-02)	Acc pseudo 100.00 ( 97.51)	Lr 1.000e-03 (1.000e-03)
2026-01-26 20:19:50,971 - INFO: Round 9, Fine-tune Epoch 3: loss=0.0883, acc(pseudo)=97.53%
2026-01-26 20:19:54,945 - INFO: Round 9, Fine-tune Epoch 3: acc(valid_pseudo): 0.9909, acc: 0.9140
2026-01-26 20:19:54,945 - INFO: Round 9, Speaker Fine-tune Epoch 3: No improvement in validation accuracy. Patience(epoch): 3/3
2026-01-26 20:19:54,945 - INFO: Early stopping at epoch 3 due to no improvement in validation accuracy for 3 epochs.
2026-01-26 20:19:54,946 - INFO: Round 9: Best speaker fine-tuned epoch=0, acc(valid_pseudo)=0.9967
2026-01-26 20:19:54,951 - INFO: Fine-tuning face embedding model for 20 epochs...
2026-01-26 20:19:55,381 - INFO: Epoch: [0][  0/229]	Time  0.395 ( 0.395)	Loss 3.5045e-03 (3.5045e-03)	Acc pseudo 100.00 (100.00)	Lr 1.000e-03 (1.000e-03)
2026-01-26 20:19:59,995 - INFO: Epoch: [0][ 50/229]	Time  0.025 ( 0.036)	Loss 7.4496e-03 (3.2929e-02)	Acc pseudo 100.00 ( 99.05)	Lr 1.000e-03 (1.000e-03)
2026-01-26 20:20:04,603 - INFO: Epoch: [0][100/229]	Time  0.027 ( 0.032)	Loss 7.4930e-02 (4.9192e-02)	Acc pseudo  96.88 ( 98.75)	Lr 1.000e-03 (1.000e-03)
2026-01-26 20:20:09,260 - INFO: Epoch: [0][150/229]	Time  0.028 ( 0.032)	Loss 9.6899e-03 (5.7650e-02)	Acc pseudo 100.00 ( 98.63)	Lr 1.000e-03 (1.000e-03)
2026-01-26 20:20:13,936 - INFO: Epoch: [0][200/229]	Time  0.025 ( 0.031)	Loss 3.6658e-02 (6.2833e-02)	Acc pseudo  98.44 ( 98.66)	Lr 1.000e-03 (1.000e-03)
2026-01-26 20:20:16,576 - INFO: Round 9, Face Fine-tune Epoch 0: loss=0.0624, acc(pseudo)=98.69%
2026-01-26 20:20:41,498 - INFO: Round 9, Face Fine-tune Epoch 0: acc(valid_pseudo): 0.9917, acc: 0.9214
2026-01-26 20:20:42,668 - INFO: Epoch: [1][  0/229]	Time  0.368 ( 0.368)	Loss 3.1265e-03 (3.1265e-03)	Acc pseudo 100.00 (100.00)	Lr 1.000e-03 (1.000e-03)
2026-01-26 20:20:47,305 - INFO: Epoch: [1][ 50/229]	Time  0.033 ( 0.038)	Loss 5.0635e-03 (3.9950e-02)	Acc pseudo 100.00 ( 98.59)	Lr 1.000e-03 (1.000e-03)
2026-01-26 20:20:51,936 - INFO: Epoch: [1][100/229]	Time  0.027 ( 0.033)	Loss 6.0551e-03 (3.6634e-02)	Acc pseudo 100.00 ( 98.69)	Lr 1.000e-03 (1.000e-03)
2026-01-26 20:20:56,784 - INFO: Epoch: [1][150/229]	Time  0.036 ( 0.033)	Loss 1.7972e-02 (4.2496e-02)	Acc pseudo  98.44 ( 98.69)	Lr 1.000e-03 (1.000e-03)
2026-01-26 20:21:01,430 - INFO: Epoch: [1][200/229]	Time  0.030 ( 0.032)	Loss 1.6838e-02 (4.8396e-02)	Acc pseudo  98.44 ( 98.71)	Lr 1.000e-03 (1.000e-03)
2026-01-26 20:21:04,064 - INFO: Round 9, Face Fine-tune Epoch 1: loss=0.0472, acc(pseudo)=98.70%
2026-01-26 20:21:28,289 - INFO: Round 9, Face Fine-tune Epoch 1: acc(valid_pseudo): 0.9936, acc: 0.9233
2026-01-26 20:21:29,600 - INFO: Epoch: [2][  0/229]	Time  0.444 ( 0.444)	Loss 5.7103e-02 (5.7103e-02)	Acc pseudo  98.44 ( 98.44)	Lr 1.000e-03 (1.000e-03)
2026-01-26 20:21:34,257 - INFO: Epoch: [2][ 50/229]	Time  0.037 ( 0.040)	Loss 2.8817e-02 (3.3427e-02)	Acc pseudo  98.44 ( 98.65)	Lr 1.000e-03 (1.000e-03)
2026-01-26 20:21:38,904 - INFO: Epoch: [2][100/229]	Time  0.038 ( 0.035)	Loss 4.7308e-02 (3.3138e-02)	Acc pseudo  96.88 ( 98.73)	Lr 1.000e-03 (1.000e-03)
2026-01-26 20:21:43,559 - INFO: Epoch: [2][150/229]	Time  0.028 ( 0.034)	Loss 2.4912e-02 (3.1101e-02)	Acc pseudo 100.00 ( 98.84)	Lr 1.000e-03 (1.000e-03)
2026-01-26 20:21:48,213 - INFO: Epoch: [2][200/229]	Time  0.040 ( 0.033)	Loss 8.3805e-02 (3.2881e-02)	Acc pseudo  98.44 ( 98.84)	Lr 1.000e-03 (1.000e-03)
2026-01-26 20:21:50,859 - INFO: Round 9, Face Fine-tune Epoch 2: loss=0.0331, acc(pseudo)=98.82%
2026-01-26 20:22:15,953 - INFO: Round 9, Face Fine-tune Epoch 2: acc(valid_pseudo): 0.9949, acc: 0.9242
2026-01-26 20:22:17,330 - INFO: Epoch: [3][  0/229]	Time  0.378 ( 0.378)	Loss 1.0208e-01 (1.0208e-01)	Acc pseudo  98.44 ( 98.44)	Lr 1.000e-03 (1.000e-03)
2026-01-26 20:22:21,986 - INFO: Epoch: [3][ 50/229]	Time  0.027 ( 0.038)	Loss 2.7244e-02 (4.2934e-02)	Acc pseudo  96.88 ( 98.84)	Lr 1.000e-03 (1.000e-03)
2026-01-26 20:22:26,637 - INFO: Epoch: [3][100/229]	Time  0.027 ( 0.034)	Loss 7.7018e-02 (3.7473e-02)	Acc pseudo  96.88 ( 98.87)	Lr 1.000e-03 (1.000e-03)
2026-01-26 20:22:31,301 - INFO: Epoch: [3][150/229]	Time  0.028 ( 0.032)	Loss 6.7523e-03 (3.9551e-02)	Acc pseudo 100.00 ( 98.89)	Lr 1.000e-03 (1.000e-03)
2026-01-26 20:22:35,962 - INFO: Epoch: [3][200/229]	Time  0.041 ( 0.032)	Loss 1.3827e-02 (5.8100e-02)	Acc pseudo  98.44 ( 98.95)	Lr 1.000e-03 (1.000e-03)
2026-01-26 20:22:38,612 - INFO: Round 9, Face Fine-tune Epoch 3: loss=0.0568, acc(pseudo)=98.95%
2026-01-26 20:23:03,027 - INFO: Round 9, Face Fine-tune Epoch 3: acc(valid_pseudo): 0.9944, acc: 0.9214
2026-01-26 20:23:03,027 - INFO: Round 9, Face Fine-tune Epoch 3: No improvement. Patience(epoch): 1/3
2026-01-26 20:23:03,437 - INFO: Epoch: [4][  0/229]	Time  0.374 ( 0.374)	Loss 5.1596e-02 (5.1596e-02)	Acc pseudo  98.44 ( 98.44)	Lr 1.000e-03 (1.000e-03)
2026-01-26 20:23:08,094 - INFO: Epoch: [4][ 50/229]	Time  0.029 ( 0.037)	Loss 4.9463e-02 (3.1024e-02)	Acc pseudo  96.88 ( 98.93)	Lr 1.000e-03 (1.000e-03)
2026-01-26 20:23:12,753 - INFO: Epoch: [4][100/229]	Time  0.027 ( 0.033)	Loss 2.5747e-01 (3.6851e-02)	Acc pseudo  96.88 ( 98.79)	Lr 1.000e-03 (1.000e-03)
2026-01-26 20:23:17,427 - INFO: Epoch: [4][150/229]	Time  0.031 ( 0.032)	Loss 1.4700e-02 (3.3534e-02)	Acc pseudo 100.00 ( 98.86)	Lr 1.000e-03 (1.000e-03)
2026-01-26 20:23:22,126 - INFO: Epoch: [4][200/229]	Time  0.030 ( 0.031)	Loss 1.6475e-01 (3.4972e-02)	Acc pseudo  96.88 ( 98.90)	Lr 1.000e-03 (1.000e-03)
2026-01-26 20:23:24,775 - INFO: Round 9, Face Fine-tune Epoch 4: loss=0.0344, acc(pseudo)=98.86%
2026-01-26 20:23:49,694 - INFO: Round 9, Face Fine-tune Epoch 4: acc(valid_pseudo): 0.9956, acc: 0.9242
2026-01-26 20:23:50,891 - INFO: Epoch: [5][  0/229]	Time  0.388 ( 0.388)	Loss 1.8646e-02 (1.8646e-02)	Acc pseudo 100.00 (100.00)	Lr 1.000e-03 (1.000e-03)
2026-01-26 20:23:55,556 - INFO: Epoch: [5][ 50/229]	Time  0.029 ( 0.038)	Loss 2.9472e-02 (3.6081e-02)	Acc pseudo  98.44 ( 98.74)	Lr 1.000e-03 (1.000e-03)
2026-01-26 20:24:00,334 - INFO: Epoch: [5][100/229]	Time  0.032 ( 0.035)	Loss 9.1695e-02 (3.9031e-02)	Acc pseudo  98.44 ( 98.70)	Lr 1.000e-03 (1.000e-03)
2026-01-26 20:24:05,240 - INFO: Epoch: [5][150/229]	Time  0.031 ( 0.035)	Loss 6.2912e-03 (4.1141e-02)	Acc pseudo 100.00 ( 98.65)	Lr 1.000e-03 (1.000e-03)
2026-01-26 20:24:09,913 - INFO: Epoch: [5][200/229]	Time  0.027 ( 0.034)	Loss 1.4364e-02 (4.7891e-02)	Acc pseudo 100.00 ( 98.62)	Lr 1.000e-03 (1.000e-03)
2026-01-26 20:24:12,563 - INFO: Round 9, Face Fine-tune Epoch 5: loss=0.0493, acc(pseudo)=98.57%
2026-01-26 20:24:37,215 - INFO: Round 9, Face Fine-tune Epoch 5: acc(valid_pseudo): 0.9956, acc: 0.9214
2026-01-26 20:24:37,216 - INFO: Round 9, Face Fine-tune Epoch 5: No improvement. Patience(epoch): 1/3
2026-01-26 20:24:37,679 - INFO: Epoch: [6][  0/229]	Time  0.416 ( 0.416)	Loss 1.5327e-02 (1.5327e-02)	Acc pseudo  98.44 ( 98.44)	Lr 1.000e-03 (1.000e-03)
2026-01-26 20:24:42,442 - INFO: Epoch: [6][ 50/229]	Time  0.032 ( 0.040)	Loss 1.1460e-02 (6.9863e-02)	Acc pseudo 100.00 ( 98.56)	Lr 1.000e-03 (1.000e-03)
2026-01-26 20:24:47,224 - INFO: Epoch: [6][100/229]	Time  0.037 ( 0.036)	Loss 6.0407e-02 (6.1123e-02)	Acc pseudo  96.88 ( 98.34)	Lr 1.000e-03 (1.000e-03)
2026-01-26 20:24:51,897 - INFO: Epoch: [6][150/229]	Time  0.026 ( 0.033)	Loss 1.8239e-01 (5.7336e-02)	Acc pseudo  96.88 ( 98.29)	Lr 1.000e-03 (1.000e-03)
2026-01-26 20:24:56,572 - INFO: Epoch: [6][200/229]	Time  0.028 ( 0.032)	Loss 1.2009e-02 (5.4235e-02)	Acc pseudo 100.00 ( 98.31)	Lr 1.000e-03 (1.000e-03)
2026-01-26 20:24:59,232 - INFO: Round 9, Face Fine-tune Epoch 6: loss=0.0528, acc(pseudo)=98.35%
2026-01-26 20:25:24,755 - INFO: Round 9, Face Fine-tune Epoch 6: acc(valid_pseudo): 0.9954, acc: 0.9252
2026-01-26 20:25:24,756 - INFO: Round 9, Face Fine-tune Epoch 6: No improvement. Patience(epoch): 2/3
2026-01-26 20:25:25,667 - INFO: Epoch: [7][  0/229]	Time  0.863 ( 0.863)	Loss 6.8704e-02 (6.8704e-02)	Acc pseudo  98.44 ( 98.44)	Lr 1.000e-03 (1.000e-03)
2026-01-26 20:25:30,345 - INFO: Epoch: [7][ 50/229]	Time  0.029 ( 0.046)	Loss 9.6172e-02 (4.9031e-02)	Acc pseudo  98.44 ( 98.38)	Lr 1.000e-03 (1.000e-03)
2026-01-26 20:25:35,030 - INFO: Epoch: [7][100/229]	Time  0.031 ( 0.038)	Loss 1.0203e-02 (5.3795e-02)	Acc pseudo 100.00 ( 98.22)	Lr 1.000e-03 (1.000e-03)
2026-01-26 20:25:39,705 - INFO: Epoch: [7][150/229]	Time  0.033 ( 0.036)	Loss 6.2108e-02 (6.1765e-02)	Acc pseudo  96.88 ( 98.11)	Lr 1.000e-03 (1.000e-03)
2026-01-26 20:25:44,381 - INFO: Epoch: [7][200/229]	Time  0.027 ( 0.034)	Loss 2.1164e-02 (5.8983e-02)	Acc pseudo  98.44 ( 98.20)	Lr 1.000e-03 (1.000e-03)
2026-01-26 20:25:47,040 - INFO: Round 9, Face Fine-tune Epoch 7: loss=0.0841, acc(pseudo)=98.14%
2026-01-26 20:26:11,189 - INFO: Round 9, Face Fine-tune Epoch 7: acc(valid_pseudo): 0.9951, acc: 0.9252
2026-01-26 20:26:11,189 - INFO: Round 9, Face Fine-tune Epoch 7: No improvement. Patience(epoch): 3/3
2026-01-26 20:26:11,189 - INFO: Early stopping at face epoch 7
2026-01-26 20:26:11,190 - INFO: Round 9: Best face fine-tuned epoch=4, acc(valid_pseudo)=0.9956
2026-01-26 20:26:11,224 - INFO: Using HMM model from previous round: runs/the big bang theory/exp_video_overlap/result/self_supervised/exp0/round8/pseudo_label/hmm_params.pkl
2026-01-26 20:38:39,601 - INFO: Round 9: speaker_acc=0.9235
2026-01-26 20:38:39,604 - INFO: Round 9: face_acc=0.9224
2026-01-26 20:38:39,606 - INFO: ====================
2026-01-26 20:38:39,606 - INFO: Self-supervised fine-tuning completed!
2026-01-26 20:38:39,606 - INFO: Initial speaker: acc=0.9130
2026-01-26 20:38:39,606 - INFO: Final speaker at round 9: acc=0.9235
2026-01-26 20:38:39,606 - INFO: Speaker improvement: 0.0105 (1.15%)
2026-01-26 20:38:39,606 - INFO: Initial face: acc=0.9130
2026-01-26 20:38:39,606 - INFO: Final face at round 9: acc=0.9224
2026-01-26 20:38:39,606 - INFO: Face improvement: 0.0094 (1.03%)
2026-01-26 20:38:39,606 - INFO: ====================
