2026-01-14 17:09:07,062 - INFO: Starting self-supervised fine-tuning pipeline
2026-01-14 17:09:07,063 - INFO: Device: cuda:0
2026-01-14 17:09:07,068 - INFO: Saved arguments to runs/I love my family/exp_video/result/self_supervised/exp4/args.json
2026-01-14 17:09:07,068 - INFO: ====================
2026-01-14 17:09:07,068 - INFO: Initialization: Initial clustering with HMM correction
2026-01-14 17:09:07,068 - INFO: ====================
2026-01-14 17:09:07,127 - INFO: Skipping initial clustering, using existing results.
2026-01-14 17:09:21,887 - INFO: Initial: speaker_acc=0.8035
2026-01-14 17:09:21,888 - INFO: Initial: face_acc=0.8617
2026-01-14 17:09:21,923 - INFO: ====================
2026-01-14 17:09:21,923 - INFO: Round 0: Fine-tuning iteration
2026-01-14 17:09:21,923 - INFO: ====================
2026-01-14 17:09:21,985 - INFO: Round 0 Part 1: Fine-tuning embedding model
2026-01-14 17:09:21,988 - INFO: Using pseudo-label file: runs/I love my family/exp_video/result/self_supervised/exp4/initial/pseudo_label/pseudo_labels_audio_nested_hmm_full(unreliable_pp=100.0).json
2026-01-14 17:09:24,913 - INFO: Speaker embedding dimension: 512
2026-01-14 17:09:25,535 - INFO: Saved speaker config_model to runs/I love my family/exp_video/result/self_supervised/exp4/round0/config_model_speaker.json
2026-01-14 17:09:26,510 - INFO: Face embedding dimension: 512
2026-01-14 17:09:26,512 - INFO: Loading face pretrained model from pretrained_models/pytorch_model_tongyi.bin
2026-01-14 17:09:27,795 - INFO: Face model weights loaded successfully
2026-01-14 17:13:37,120 - INFO: Extracting hidden features for all speaker samples, which are outputs of StatsPool layer...
2026-01-14 17:13:37,120 - INFO: args.unfrozen_layers_num=2 is not used when extracting hidden features.
2026-01-14 17:25:03,219 - INFO: Hidden features extracted for 19225 speaker samples
2026-01-14 17:25:03,413 - INFO: For training, Using face pseudo-label file: runs/I love my family/exp_video/result/self_supervised/exp4/initial/pseudo_label/pseudo_labels_faces_mid_frame_train_nested_hmm_full.json
2026-01-14 17:25:03,430 - INFO: For infering, Using face pseudo-label file: runs/I love my family/exp_video/result/self_supervised/exp4/initial/pseudo_label/pseudo_labels_faces_mid_frame_all_nested_hmm_full.json
2026-01-14 17:25:03,604 - INFO: Created face dataloader with 37219 samples
2026-01-14 17:25:03,607 - INFO: Warmup training speaker classifier for 2 epochs...
2026-01-14 17:25:04,644 - INFO: Epoch: [0][  0/301]	Time  1.033 ( 1.033)	Loss 2.4915e+00 (2.4915e+00)	Acc pseudo   6.25 (  6.25)	Lr 1.000e-03 (1.000e-03)
2026-01-14 17:25:04,793 - INFO: Epoch: [0][ 50/301]	Time  0.004 ( 0.023)	Loss 1.2754e+00 (1.6617e+00)	Acc pseudo  67.19 ( 55.82)	Lr 1.000e-03 (1.000e-03)
2026-01-14 17:25:04,934 - INFO: Epoch: [0][100/301]	Time  0.002 ( 0.013)	Loss 8.8551e-01 (1.3600e+00)	Acc pseudo  78.12 ( 63.89)	Lr 1.000e-03 (1.000e-03)
2026-01-14 17:25:05,100 - INFO: Epoch: [0][150/301]	Time  0.003 ( 0.010)	Loss 9.7044e-01 (1.2302e+00)	Acc pseudo  70.31 ( 67.08)	Lr 1.000e-03 (1.000e-03)
2026-01-14 17:25:05,263 - INFO: Epoch: [0][200/301]	Time  0.003 ( 0.008)	Loss 8.1575e-01 (1.1417e+00)	Acc pseudo  76.56 ( 68.98)	Lr 1.000e-03 (1.000e-03)
2026-01-14 17:25:05,431 - INFO: Epoch: [0][250/301]	Time  0.003 ( 0.007)	Loss 8.5400e-01 (1.0919e+00)	Acc pseudo  76.56 ( 70.12)	Lr 1.000e-03 (1.000e-03)
2026-01-14 17:25:05,567 - INFO: Epoch: [0][300/301]	Time  0.003 ( 0.006)	Loss 8.2881e-01 (1.0600e+00)	Acc pseudo  68.00 ( 70.93)	Lr 1.000e-03 (1.000e-03)
2026-01-14 17:25:05,613 - INFO: Round 0, Speaker Warmup Epoch 0: loss=1.0600, acc(pseudo)=70.93%
2026-01-14 17:25:05,944 - INFO: Epoch: [1][  0/301]	Time  0.324 ( 0.324)	Loss 1.0461e+00 (1.0461e+00)	Acc pseudo  71.88 ( 71.88)	Lr 1.000e-03 (1.000e-03)
2026-01-14 17:25:06,121 - INFO: Epoch: [1][ 50/301]	Time  0.002 ( 0.010)	Loss 6.8861e-01 (8.2198e-01)	Acc pseudo  79.69 ( 76.87)	Lr 1.000e-03 (1.000e-03)
2026-01-14 17:25:06,271 - INFO: Epoch: [1][100/301]	Time  0.003 ( 0.006)	Loss 6.9144e-01 (8.0421e-01)	Acc pseudo  78.12 ( 77.40)	Lr 1.000e-03 (1.000e-03)
2026-01-14 17:25:06,417 - INFO: Epoch: [1][150/301]	Time  0.002 ( 0.005)	Loss 8.1745e-01 (8.1137e-01)	Acc pseudo  62.50 ( 77.03)	Lr 1.000e-03 (1.000e-03)
2026-01-14 17:25:06,548 - INFO: Epoch: [1][200/301]	Time  0.003 ( 0.005)	Loss 9.0114e-01 (8.1708e-01)	Acc pseudo  76.56 ( 76.74)	Lr 1.000e-03 (1.000e-03)
2026-01-14 17:25:06,686 - INFO: Epoch: [1][250/301]	Time  0.003 ( 0.004)	Loss 1.0674e+00 (8.1667e-01)	Acc pseudo  78.12 ( 76.81)	Lr 1.000e-03 (1.000e-03)
2026-01-14 17:25:06,817 - INFO: Epoch: [1][300/301]	Time  0.002 ( 0.004)	Loss 8.7473e-01 (8.2143e-01)	Acc pseudo  68.00 ( 76.71)	Lr 1.000e-03 (1.000e-03)
2026-01-14 17:25:06,868 - INFO: Round 0, Speaker Warmup Epoch 1: loss=0.8214, acc(pseudo)=76.71%
2026-01-14 17:25:06,875 - INFO: Warmup training face classifier for 2 epochs...
2026-01-14 17:25:08,157 - INFO: Epoch: [0][  0/582]	Time  1.250 ( 1.250)	Loss 2.4211e+00 (2.4211e+00)	Acc pseudo   4.69 (  4.69)	Lr 1.000e-03 (1.000e-03)
2026-01-14 17:25:13,230 - INFO: Epoch: [0][ 50/582]	Time  0.026 ( 0.059)	Loss 1.6759e+00 (2.0420e+00)	Acc pseudo  51.56 ( 39.83)	Lr 1.000e-03 (1.000e-03)
2026-01-14 17:25:18,949 - INFO: Epoch: [0][100/582]	Time  0.031 ( 0.055)	Loss 1.1339e+00 (1.7661e+00)	Acc pseudo  68.75 ( 51.70)	Lr 1.000e-03 (1.000e-03)
2026-01-14 17:25:23,805 - INFO: Epoch: [0][150/582]	Time  0.036 ( 0.047)	Loss 1.1870e+00 (1.5854e+00)	Acc pseudo  70.31 ( 57.03)	Lr 1.000e-03 (1.000e-03)
2026-01-14 17:25:28,416 - INFO: Epoch: [0][200/582]	Time  0.026 ( 0.042)	Loss 8.6726e-01 (1.4674e+00)	Acc pseudo  78.12 ( 59.90)	Lr 1.000e-03 (1.000e-03)
2026-01-14 17:25:33,029 - INFO: Epoch: [0][250/582]	Time  0.026 ( 0.039)	Loss 1.0361e+00 (1.3817e+00)	Acc pseudo  64.06 ( 61.77)	Lr 1.000e-03 (1.000e-03)
2026-01-14 17:25:37,644 - INFO: Epoch: [0][300/582]	Time  0.026 ( 0.037)	Loss 7.2056e-01 (1.3087e+00)	Acc pseudo  76.56 ( 63.42)	Lr 1.000e-03 (1.000e-03)
2026-01-14 17:25:42,263 - INFO: Epoch: [0][350/582]	Time  0.026 ( 0.036)	Loss 6.9469e-01 (1.2550e+00)	Acc pseudo  82.81 ( 64.56)	Lr 1.000e-03 (1.000e-03)
2026-01-14 17:25:46,888 - INFO: Epoch: [0][400/582]	Time  0.038 ( 0.035)	Loss 6.4394e-01 (1.2075e+00)	Acc pseudo  81.25 ( 65.54)	Lr 1.000e-03 (1.000e-03)
2026-01-14 17:25:51,513 - INFO: Epoch: [0][450/582]	Time  0.040 ( 0.035)	Loss 9.1107e-01 (1.1713e+00)	Acc pseudo  79.69 ( 66.14)	Lr 1.000e-03 (1.000e-03)
2026-01-14 17:25:56,136 - INFO: Epoch: [0][500/582]	Time  0.026 ( 0.035)	Loss 6.1844e-01 (1.1445e+00)	Acc pseudo  79.69 ( 66.72)	Lr 1.000e-03 (1.000e-03)
2026-01-14 17:26:01,471 - INFO: Epoch: [0][550/582]	Time  0.026 ( 0.035)	Loss 1.0242e+00 (1.1188e+00)	Acc pseudo  73.44 ( 67.18)	Lr 1.000e-03 (1.000e-03)
2026-01-14 17:26:05,021 - INFO: Round 0, Face Warmup Epoch 0: loss=1.1046, acc(pseudo)=67.47%
2026-01-14 17:26:05,675 - INFO: Epoch: [1][  0/582]	Time  0.614 ( 0.614)	Loss 1.0127e+00 (1.0127e+00)	Acc pseudo  75.00 ( 75.00)	Lr 1.000e-03 (1.000e-03)
2026-01-14 17:26:10,293 - INFO: Epoch: [1][ 50/582]	Time  0.027 ( 0.038)	Loss 9.1762e-01 (8.4606e-01)	Acc pseudo  75.00 ( 72.27)	Lr 1.000e-03 (1.000e-03)
2026-01-14 17:26:14,914 - INFO: Epoch: [1][100/582]	Time  0.026 ( 0.032)	Loss 6.6740e-01 (8.2369e-01)	Acc pseudo  84.38 ( 72.90)	Lr 1.000e-03 (1.000e-03)
2026-01-14 17:26:19,538 - INFO: Epoch: [1][150/582]	Time  0.026 ( 0.030)	Loss 8.4127e-01 (8.0293e-01)	Acc pseudo  68.75 ( 73.44)	Lr 1.000e-03 (1.000e-03)
2026-01-14 17:26:24,164 - INFO: Epoch: [1][200/582]	Time  0.033 ( 0.030)	Loss 5.8569e-01 (8.0400e-01)	Acc pseudo  76.56 ( 73.39)	Lr 1.000e-03 (1.000e-03)
2026-01-14 17:26:28,790 - INFO: Epoch: [1][250/582]	Time  0.035 ( 0.029)	Loss 6.6578e-01 (8.0218e-01)	Acc pseudo  75.00 ( 73.38)	Lr 1.000e-03 (1.000e-03)
2026-01-14 17:26:33,419 - INFO: Epoch: [1][300/582]	Time  0.025 ( 0.029)	Loss 7.8516e-01 (8.0051e-01)	Acc pseudo  76.56 ( 73.47)	Lr 1.000e-03 (1.000e-03)
2026-01-14 17:26:38,045 - INFO: Epoch: [1][350/582]	Time  0.028 ( 0.029)	Loss 4.3569e-01 (7.9846e-01)	Acc pseudo  85.94 ( 73.56)	Lr 1.000e-03 (1.000e-03)
2026-01-14 17:26:42,672 - INFO: Epoch: [1][400/582]	Time  0.039 ( 0.029)	Loss 8.0797e-01 (7.9712e-01)	Acc pseudo  68.75 ( 73.57)	Lr 1.000e-03 (1.000e-03)
2026-01-14 17:26:47,313 - INFO: Epoch: [1][450/582]	Time  0.030 ( 0.029)	Loss 1.2433e+00 (7.9600e-01)	Acc pseudo  60.94 ( 73.61)	Lr 1.000e-03 (1.000e-03)
2026-01-14 17:26:51,941 - INFO: Epoch: [1][500/582]	Time  0.037 ( 0.029)	Loss 6.5411e-01 (7.9172e-01)	Acc pseudo  70.31 ( 73.71)	Lr 1.000e-03 (1.000e-03)
2026-01-14 17:26:56,571 - INFO: Epoch: [1][550/582]	Time  0.026 ( 0.029)	Loss 8.1653e-01 (7.9007e-01)	Acc pseudo  76.56 ( 73.65)	Lr 1.000e-03 (1.000e-03)
2026-01-14 17:26:59,482 - INFO: Round 0, Face Warmup Epoch 1: loss=0.7911, acc(pseudo)=73.65%
2026-01-14 17:26:59,492 - INFO: Fine-tuning speaker embedding model for 20 epochs...
2026-01-14 17:27:00,419 - INFO: Epoch: [0][  0/301]	Time  0.923 ( 0.923)	Loss 8.2364e-01 (8.2364e-01)	Acc pseudo  71.88 ( 71.88)	Lr 1.000e-03 (1.000e-03)
2026-01-14 17:27:00,617 - INFO: Epoch: [0][ 50/301]	Time  0.003 ( 0.022)	Loss 1.1052e+00 (1.0101e+00)	Acc pseudo  68.75 ( 71.88)	Lr 1.000e-03 (1.000e-03)
2026-01-14 17:27:00,786 - INFO: Epoch: [0][100/301]	Time  0.003 ( 0.013)	Loss 1.3899e+00 (9.7800e-01)	Acc pseudo  65.62 ( 72.25)	Lr 1.000e-03 (1.000e-03)
2026-01-14 17:27:00,943 - INFO: Epoch: [0][150/301]	Time  0.003 ( 0.009)	Loss 5.9875e-01 (9.6009e-01)	Acc pseudo  81.25 ( 72.53)	Lr 1.000e-03 (1.000e-03)
2026-01-14 17:27:01,098 - INFO: Epoch: [0][200/301]	Time  0.003 ( 0.008)	Loss 7.7145e-01 (9.4189e-01)	Acc pseudo  75.00 ( 72.87)	Lr 1.000e-03 (1.000e-03)
2026-01-14 17:27:01,250 - INFO: Epoch: [0][250/301]	Time  0.003 ( 0.007)	Loss 1.1968e+00 (9.3316e-01)	Acc pseudo  78.12 ( 73.01)	Lr 1.000e-03 (1.000e-03)
2026-01-14 17:27:01,394 - INFO: Epoch: [0][300/301]	Time  0.004 ( 0.006)	Loss 1.4505e+00 (9.3108e-01)	Acc pseudo  84.00 ( 73.11)	Lr 1.000e-03 (1.000e-03)
2026-01-14 17:27:01,441 - INFO: Round 0, Fine-tune Epoch 0: loss=0.9311, acc(pseudo)=73.11%
2026-01-14 17:27:08,871 - INFO: Round 0, Fine-tune Epoch 0: acc(valid_pseudo): 0.7635, acc: 0.6545
2026-01-14 17:27:09,473 - INFO: Epoch: [1][  0/301]	Time  0.254 ( 0.254)	Loss 7.2780e-01 (7.2780e-01)	Acc pseudo  70.31 ( 70.31)	Lr 1.000e-03 (1.000e-03)
2026-01-14 17:27:09,768 - INFO: Epoch: [1][ 50/301]	Time  0.003 ( 0.011)	Loss 8.4375e-01 (8.1367e-01)	Acc pseudo  73.44 ( 75.12)	Lr 1.000e-03 (1.000e-03)
2026-01-14 17:27:09,928 - INFO: Epoch: [1][100/301]	Time  0.002 ( 0.007)	Loss 1.2910e+00 (8.0143e-01)	Acc pseudo  73.44 ( 75.67)	Lr 1.000e-03 (1.000e-03)
2026-01-14 17:27:10,097 - INFO: Epoch: [1][150/301]	Time  0.004 ( 0.006)	Loss 7.7839e-01 (8.1629e-01)	Acc pseudo  75.00 ( 75.67)	Lr 1.000e-03 (1.000e-03)
2026-01-14 17:27:10,256 - INFO: Epoch: [1][200/301]	Time  0.003 ( 0.005)	Loss 9.2514e-01 (8.0957e-01)	Acc pseudo  71.88 ( 75.90)	Lr 1.000e-03 (1.000e-03)
2026-01-14 17:27:10,404 - INFO: Epoch: [1][250/301]	Time  0.003 ( 0.005)	Loss 7.9345e-01 (8.0756e-01)	Acc pseudo  71.88 ( 76.18)	Lr 1.000e-03 (1.000e-03)
2026-01-14 17:27:10,540 - INFO: Epoch: [1][300/301]	Time  0.002 ( 0.004)	Loss 1.0984e+00 (8.0941e-01)	Acc pseudo  68.00 ( 76.14)	Lr 1.000e-03 (1.000e-03)
2026-01-14 17:27:10,589 - INFO: Round 0, Fine-tune Epoch 1: loss=0.8094, acc(pseudo)=76.14%
2026-01-14 17:27:18,280 - INFO: Round 0, Fine-tune Epoch 1: acc(valid_pseudo): 0.8953, acc: 0.7640
2026-01-14 17:27:18,842 - INFO: Epoch: [2][  0/301]	Time  0.282 ( 0.282)	Loss 9.4171e-01 (9.4171e-01)	Acc pseudo  64.06 ( 64.06)	Lr 1.000e-03 (1.000e-03)
2026-01-14 17:27:19,125 - INFO: Epoch: [2][ 50/301]	Time  0.003 ( 0.011)	Loss 7.1230e-01 (7.4950e-01)	Acc pseudo  78.12 ( 76.35)	Lr 1.000e-03 (1.000e-03)
2026-01-14 17:27:19,316 - INFO: Epoch: [2][100/301]	Time  0.004 ( 0.007)	Loss 1.0447e+00 (7.5854e-01)	Acc pseudo  73.44 ( 77.03)	Lr 1.000e-03 (1.000e-03)
2026-01-14 17:27:19,528 - INFO: Epoch: [2][150/301]	Time  0.004 ( 0.006)	Loss 5.6805e-01 (7.5949e-01)	Acc pseudo  81.25 ( 77.25)	Lr 1.000e-03 (1.000e-03)
2026-01-14 17:27:19,708 - INFO: Epoch: [2][200/301]	Time  0.003 ( 0.006)	Loss 7.0214e-01 (7.6656e-01)	Acc pseudo  73.44 ( 77.04)	Lr 1.000e-03 (1.000e-03)
2026-01-14 17:27:19,872 - INFO: Epoch: [2][250/301]	Time  0.003 ( 0.005)	Loss 5.2932e-01 (7.6868e-01)	Acc pseudo  84.38 ( 76.90)	Lr 1.000e-03 (1.000e-03)
2026-01-14 17:27:20,036 - INFO: Epoch: [2][300/301]	Time  0.003 ( 0.005)	Loss 8.4765e-01 (7.6553e-01)	Acc pseudo  72.00 ( 76.97)	Lr 1.000e-03 (1.000e-03)
2026-01-14 17:27:20,085 - INFO: Round 0, Fine-tune Epoch 2: loss=0.7655, acc(pseudo)=76.97%
2026-01-14 17:27:27,828 - INFO: Round 0, Fine-tune Epoch 2: acc(valid_pseudo): 0.9122, acc: 0.7645
2026-01-14 17:27:28,300 - INFO: Epoch: [3][  0/301]	Time  0.287 ( 0.287)	Loss 6.6294e-01 (6.6294e-01)	Acc pseudo  79.69 ( 79.69)	Lr 1.000e-03 (1.000e-03)
2026-01-14 17:27:28,556 - INFO: Epoch: [3][ 50/301]	Time  0.004 ( 0.010)	Loss 5.3844e-01 (6.9679e-01)	Acc pseudo  84.38 ( 79.63)	Lr 1.000e-03 (1.000e-03)
2026-01-14 17:27:28,716 - INFO: Epoch: [3][100/301]	Time  0.003 ( 0.007)	Loss 7.7672e-01 (7.1901e-01)	Acc pseudo  75.00 ( 78.59)	Lr 1.000e-03 (1.000e-03)
2026-01-14 17:27:28,866 - INFO: Epoch: [3][150/301]	Time  0.002 ( 0.006)	Loss 4.0656e-01 (7.2316e-01)	Acc pseudo  85.94 ( 78.54)	Lr 1.000e-03 (1.000e-03)
2026-01-14 17:27:29,021 - INFO: Epoch: [3][200/301]	Time  0.003 ( 0.005)	Loss 6.4825e-01 (7.3349e-01)	Acc pseudo  81.25 ( 78.15)	Lr 1.000e-03 (1.000e-03)
2026-01-14 17:27:29,175 - INFO: Epoch: [3][250/301]	Time  0.004 ( 0.005)	Loss 1.0138e+00 (7.3301e-01)	Acc pseudo  68.75 ( 78.11)	Lr 1.000e-03 (1.000e-03)
2026-01-14 17:27:29,320 - INFO: Epoch: [3][300/301]	Time  0.002 ( 0.004)	Loss 6.3608e-01 (7.3749e-01)	Acc pseudo  80.00 ( 77.95)	Lr 1.000e-03 (1.000e-03)
2026-01-14 17:27:29,368 - INFO: Round 0, Fine-tune Epoch 3: loss=0.7375, acc(pseudo)=77.95%
2026-01-14 17:27:37,781 - INFO: Round 0, Fine-tune Epoch 3: acc(valid_pseudo): 0.9364, acc: 0.8175
2026-01-14 17:27:38,277 - INFO: Epoch: [4][  0/301]	Time  0.300 ( 0.300)	Loss 8.9665e-01 (8.9665e-01)	Acc pseudo  68.75 ( 68.75)	Lr 1.000e-03 (1.000e-03)
2026-01-14 17:27:38,545 - INFO: Epoch: [4][ 50/301]	Time  0.003 ( 0.011)	Loss 4.9678e-01 (7.0572e-01)	Acc pseudo  84.38 ( 78.31)	Lr 1.000e-03 (1.000e-03)
2026-01-14 17:27:38,762 - INFO: Epoch: [4][100/301]	Time  0.004 ( 0.008)	Loss 8.2481e-01 (7.0295e-01)	Acc pseudo  85.94 ( 78.26)	Lr 1.000e-03 (1.000e-03)
2026-01-14 17:27:38,934 - INFO: Epoch: [4][150/301]	Time  0.003 ( 0.006)	Loss 6.9441e-01 (7.1202e-01)	Acc pseudo  78.12 ( 78.34)	Lr 1.000e-03 (1.000e-03)
2026-01-14 17:27:39,124 - INFO: Epoch: [4][200/301]	Time  0.004 ( 0.006)	Loss 1.2714e+00 (7.1086e-01)	Acc pseudo  62.50 ( 78.23)	Lr 1.000e-03 (1.000e-03)
2026-01-14 17:27:39,320 - INFO: Epoch: [4][250/301]	Time  0.004 ( 0.005)	Loss 8.5791e-01 (7.0859e-01)	Acc pseudo  75.00 ( 78.29)	Lr 1.000e-03 (1.000e-03)
2026-01-14 17:27:39,520 - INFO: Epoch: [4][300/301]	Time  0.003 ( 0.005)	Loss 5.1736e-01 (7.1175e-01)	Acc pseudo  84.00 ( 78.22)	Lr 1.000e-03 (1.000e-03)
2026-01-14 17:27:39,576 - INFO: Round 0, Fine-tune Epoch 4: loss=0.7117, acc(pseudo)=78.22%
2026-01-14 17:27:46,882 - INFO: Round 0, Fine-tune Epoch 4: acc(valid_pseudo): 0.9277, acc: 0.7815
2026-01-14 17:27:46,882 - INFO: Round 0, Speaker Fine-tune Epoch 4: No improvement in validation accuracy. Patience(epoch): 1/3
2026-01-14 17:27:47,171 - INFO: Epoch: [5][  0/301]	Time  0.283 ( 0.283)	Loss 7.6121e-01 (7.6121e-01)	Acc pseudo  75.00 ( 75.00)	Lr 1.000e-03 (1.000e-03)
2026-01-14 17:27:47,442 - INFO: Epoch: [5][ 50/301]	Time  0.003 ( 0.011)	Loss 6.1794e-01 (6.8791e-01)	Acc pseudo  81.25 ( 79.29)	Lr 1.000e-03 (1.000e-03)
2026-01-14 17:27:47,597 - INFO: Epoch: [5][100/301]	Time  0.002 ( 0.007)	Loss 4.3399e-01 (6.8818e-01)	Acc pseudo  81.25 ( 79.08)	Lr 1.000e-03 (1.000e-03)
2026-01-14 17:27:47,743 - INFO: Epoch: [5][150/301]	Time  0.003 ( 0.006)	Loss 8.0892e-01 (7.0199e-01)	Acc pseudo  78.12 ( 78.55)	Lr 1.000e-03 (1.000e-03)
2026-01-14 17:27:47,894 - INFO: Epoch: [5][200/301]	Time  0.003 ( 0.005)	Loss 9.1049e-01 (7.0161e-01)	Acc pseudo  75.00 ( 78.54)	Lr 1.000e-03 (1.000e-03)
2026-01-14 17:27:48,035 - INFO: Epoch: [5][250/301]	Time  0.003 ( 0.004)	Loss 8.5519e-01 (7.0023e-01)	Acc pseudo  71.88 ( 78.49)	Lr 1.000e-03 (1.000e-03)
2026-01-14 17:27:48,172 - INFO: Epoch: [5][300/301]	Time  0.002 ( 0.004)	Loss 3.1590e-01 (6.9031e-01)	Acc pseudo  96.00 ( 78.90)	Lr 1.000e-03 (1.000e-03)
2026-01-14 17:27:48,221 - INFO: Round 0, Fine-tune Epoch 5: loss=0.6903, acc(pseudo)=78.90%
2026-01-14 17:27:56,674 - INFO: Round 0, Fine-tune Epoch 5: acc(valid_pseudo): 0.8752, acc: 0.7520
2026-01-14 17:27:56,674 - INFO: Round 0, Speaker Fine-tune Epoch 5: No improvement in validation accuracy. Patience(epoch): 2/3
2026-01-14 17:27:56,674 - INFO: Early stopping at epoch 5 due to significant drop in pseudo-label validation accuracy: 0.9277 -> 0.8752.
2026-01-14 17:27:56,675 - INFO: Round 0: Best speaker fine-tuned epoch=3, acc(valid_pseudo)=0.9364
2026-01-14 17:27:56,680 - INFO: Fine-tuning face embedding model for 20 epochs...
2026-01-14 17:27:57,317 - INFO: Epoch: [0][  0/582]	Time  0.634 ( 0.634)	Loss 6.1456e-01 (6.1456e-01)	Acc pseudo  78.12 ( 78.12)	Lr 1.000e-03 (1.000e-03)
2026-01-14 17:28:01,993 - INFO: Epoch: [0][ 50/582]	Time  0.027 ( 0.040)	Loss 2.2527e+00 (1.7036e+00)	Acc pseudo  57.81 ( 61.98)	Lr 1.000e-03 (1.000e-03)
2026-01-14 17:28:06,665 - INFO: Epoch: [0][100/582]	Time  0.027 ( 0.033)	Loss 9.7586e-01 (1.4697e+00)	Acc pseudo  70.31 ( 64.67)	Lr 1.000e-03 (1.000e-03)
2026-01-14 17:28:11,343 - INFO: Epoch: [0][150/582]	Time  0.027 ( 0.031)	Loss 8.1923e-01 (1.3025e+00)	Acc pseudo  67.19 ( 67.10)	Lr 1.000e-03 (1.000e-03)
2026-01-14 17:28:16,024 - INFO: Epoch: [0][200/582]	Time  0.027 ( 0.030)	Loss 5.4095e-01 (1.1735e+00)	Acc pseudo  82.81 ( 69.10)	Lr 1.000e-03 (1.000e-03)
2026-01-14 17:28:20,757 - INFO: Epoch: [0][250/582]	Time  0.027 ( 0.031)	Loss 5.8733e-01 (1.1108e+00)	Acc pseudo  71.88 ( 69.76)	Lr 1.000e-03 (1.000e-03)
2026-01-14 17:28:25,452 - INFO: Epoch: [0][300/582]	Time  0.034 ( 0.032)	Loss 7.2085e-01 (1.0478e+00)	Acc pseudo  76.56 ( 70.69)	Lr 1.000e-03 (1.000e-03)
2026-01-14 17:28:30,144 - INFO: Epoch: [0][350/582]	Time  0.027 ( 0.032)	Loss 3.8393e-01 (9.9733e-01)	Acc pseudo  87.50 ( 71.42)	Lr 1.000e-03 (1.000e-03)
2026-01-14 17:28:34,832 - INFO: Epoch: [0][400/582]	Time  0.028 ( 0.031)	Loss 3.9250e-01 (9.5787e-01)	Acc pseudo  85.94 ( 72.10)	Lr 1.000e-03 (1.000e-03)
2026-01-14 17:28:39,560 - INFO: Epoch: [0][450/582]	Time  0.027 ( 0.031)	Loss 5.9013e-01 (9.2267e-01)	Acc pseudo  76.56 ( 72.61)	Lr 1.000e-03 (1.000e-03)
2026-01-14 17:28:44,255 - INFO: Epoch: [0][500/582]	Time  0.028 ( 0.031)	Loss 5.8063e-01 (8.9736e-01)	Acc pseudo  78.12 ( 72.99)	Lr 1.000e-03 (1.000e-03)
2026-01-14 17:28:48,950 - INFO: Epoch: [0][550/582]	Time  0.026 ( 0.030)	Loss 6.5299e-01 (8.7379e-01)	Acc pseudo  75.00 ( 73.36)	Lr 1.000e-03 (1.000e-03)
2026-01-14 17:28:51,895 - INFO: Round 0, Face Fine-tune Epoch 0: loss=0.8597, acc(pseudo)=73.60%
2026-01-14 17:29:50,040 - INFO: Round 0, Face Fine-tune Epoch 0: acc(valid_pseudo): 0.9149, acc: 0.8257
2026-01-14 17:29:51,237 - INFO: Epoch: [1][  0/582]	Time  0.651 ( 0.651)	Loss 5.5013e-01 (5.5013e-01)	Acc pseudo  81.25 ( 81.25)	Lr 1.000e-03 (1.000e-03)
2026-01-14 17:29:55,939 - INFO: Epoch: [1][ 50/582]	Time  0.036 ( 0.046)	Loss 8.1389e-01 (5.4571e-01)	Acc pseudo  82.81 ( 80.67)	Lr 1.000e-03 (1.000e-03)
2026-01-14 17:30:00,639 - INFO: Epoch: [1][100/582]	Time  0.030 ( 0.039)	Loss 3.7475e-01 (5.2416e-01)	Acc pseudo  85.94 ( 80.74)	Lr 1.000e-03 (1.000e-03)
2026-01-14 17:30:05,337 - INFO: Epoch: [1][150/582]	Time  0.030 ( 0.036)	Loss 4.0752e-01 (5.0067e-01)	Acc pseudo  82.81 ( 81.43)	Lr 1.000e-03 (1.000e-03)
2026-01-14 17:30:10,034 - INFO: Epoch: [1][200/582]	Time  0.027 ( 0.034)	Loss 3.0041e-01 (5.0151e-01)	Acc pseudo  87.50 ( 81.50)	Lr 1.000e-03 (1.000e-03)
2026-01-14 17:30:14,731 - INFO: Epoch: [1][250/582]	Time  0.027 ( 0.033)	Loss 4.5130e-01 (5.0883e-01)	Acc pseudo  79.69 ( 81.31)	Lr 1.000e-03 (1.000e-03)
2026-01-14 17:30:19,433 - INFO: Epoch: [1][300/582]	Time  0.028 ( 0.033)	Loss 3.5603e-01 (5.0828e-01)	Acc pseudo  90.62 ( 81.30)	Lr 1.000e-03 (1.000e-03)
2026-01-14 17:30:24,132 - INFO: Epoch: [1][350/582]	Time  0.027 ( 0.032)	Loss 3.0645e-01 (5.1282e-01)	Acc pseudo  85.94 ( 81.11)	Lr 1.000e-03 (1.000e-03)
2026-01-14 17:30:28,832 - INFO: Epoch: [1][400/582]	Time  0.028 ( 0.032)	Loss 6.6846e-01 (5.1159e-01)	Acc pseudo  70.31 ( 81.06)	Lr 1.000e-03 (1.000e-03)
2026-01-14 17:30:33,529 - INFO: Epoch: [1][450/582]	Time  0.028 ( 0.031)	Loss 6.2701e-01 (5.1615e-01)	Acc pseudo  73.44 ( 81.00)	Lr 1.000e-03 (1.000e-03)
2026-01-14 17:30:38,229 - INFO: Epoch: [1][500/582]	Time  0.028 ( 0.031)	Loss 6.0320e-01 (5.1430e-01)	Acc pseudo  75.00 ( 81.08)	Lr 1.000e-03 (1.000e-03)
2026-01-14 17:30:42,926 - INFO: Epoch: [1][550/582]	Time  0.029 ( 0.031)	Loss 7.1112e-01 (5.1537e-01)	Acc pseudo  79.69 ( 81.02)	Lr 1.000e-03 (1.000e-03)
2026-01-14 17:30:45,878 - INFO: Round 0, Face Fine-tune Epoch 1: loss=0.5178, acc(pseudo)=81.00%
2026-01-14 17:31:45,116 - INFO: Round 0, Face Fine-tune Epoch 1: acc(valid_pseudo): 0.9327, acc: 0.8218
2026-01-14 17:31:46,358 - INFO: Epoch: [2][  0/582]	Time  0.610 ( 0.610)	Loss 2.4645e-01 (2.4645e-01)	Acc pseudo  85.94 ( 85.94)	Lr 1.000e-03 (1.000e-03)
2026-01-14 17:31:51,053 - INFO: Epoch: [2][ 50/582]	Time  0.027 ( 0.040)	Loss 5.1481e-01 (4.2952e-01)	Acc pseudo  78.12 ( 82.87)	Lr 1.000e-03 (1.000e-03)
2026-01-14 17:31:55,750 - INFO: Epoch: [2][100/582]	Time  0.029 ( 0.035)	Loss 5.2713e-01 (4.5202e-01)	Acc pseudo  81.25 ( 82.27)	Lr 1.000e-03 (1.000e-03)
2026-01-14 17:32:00,449 - INFO: Epoch: [2][150/582]	Time  0.031 ( 0.033)	Loss 6.8584e-01 (4.5329e-01)	Acc pseudo  79.69 ( 82.56)	Lr 1.000e-03 (1.000e-03)
2026-01-14 17:32:05,151 - INFO: Epoch: [2][200/582]	Time  0.027 ( 0.032)	Loss 4.0887e-01 (4.5930e-01)	Acc pseudo  79.69 ( 82.73)	Lr 1.000e-03 (1.000e-03)
2026-01-14 17:32:09,848 - INFO: Epoch: [2][250/582]	Time  0.027 ( 0.031)	Loss 5.3291e-01 (4.5962e-01)	Acc pseudo  78.12 ( 82.76)	Lr 1.000e-03 (1.000e-03)
2026-01-14 17:32:14,547 - INFO: Epoch: [2][300/582]	Time  0.027 ( 0.031)	Loss 8.0262e-01 (4.6346e-01)	Acc pseudo  78.12 ( 82.64)	Lr 1.000e-03 (1.000e-03)
2026-01-14 17:32:19,246 - INFO: Epoch: [2][350/582]	Time  0.028 ( 0.031)	Loss 3.4697e-01 (4.6056e-01)	Acc pseudo  89.06 ( 82.75)	Lr 1.000e-03 (1.000e-03)
2026-01-14 17:32:23,946 - INFO: Epoch: [2][400/582]	Time  0.026 ( 0.030)	Loss 5.3953e-01 (4.6577e-01)	Acc pseudo  84.38 ( 82.59)	Lr 1.000e-03 (1.000e-03)
2026-01-14 17:32:28,682 - INFO: Epoch: [2][450/582]	Time  0.027 ( 0.030)	Loss 5.6227e-01 (4.6823e-01)	Acc pseudo  79.69 ( 82.50)	Lr 1.000e-03 (1.000e-03)
2026-01-14 17:32:33,387 - INFO: Epoch: [2][500/582]	Time  0.027 ( 0.030)	Loss 4.1510e-01 (4.6827e-01)	Acc pseudo  78.12 ( 82.44)	Lr 1.000e-03 (1.000e-03)
2026-01-14 17:32:38,085 - INFO: Epoch: [2][550/582]	Time  0.028 ( 0.030)	Loss 5.0694e-01 (4.6794e-01)	Acc pseudo  81.25 ( 82.46)	Lr 1.000e-03 (1.000e-03)
2026-01-14 17:32:41,061 - INFO: Round 0, Face Fine-tune Epoch 2: loss=0.4685, acc(pseudo)=82.40%
2026-01-14 17:33:39,991 - INFO: Round 0, Face Fine-tune Epoch 2: acc(valid_pseudo): 0.9394, acc: 0.8354
2026-01-14 17:33:40,998 - INFO: Epoch: [3][  0/582]	Time  0.623 ( 0.623)	Loss 5.4621e-01 (5.4621e-01)	Acc pseudo  75.00 ( 75.00)	Lr 1.000e-03 (1.000e-03)
2026-01-14 17:33:45,701 - INFO: Epoch: [3][ 50/582]	Time  0.036 ( 0.046)	Loss 3.8037e-01 (4.5698e-01)	Acc pseudo  87.50 ( 83.15)	Lr 1.000e-03 (1.000e-03)
2026-01-14 17:33:50,402 - INFO: Epoch: [3][100/582]	Time  0.027 ( 0.040)	Loss 6.5636e-01 (4.5410e-01)	Acc pseudo  78.12 ( 83.03)	Lr 1.000e-03 (1.000e-03)
2026-01-14 17:33:55,103 - INFO: Epoch: [3][150/582]	Time  0.028 ( 0.037)	Loss 3.4215e-01 (4.4171e-01)	Acc pseudo  85.94 ( 83.23)	Lr 1.000e-03 (1.000e-03)
2026-01-14 17:33:59,830 - INFO: Epoch: [3][200/582]	Time  0.027 ( 0.036)	Loss 3.3963e-01 (4.3245e-01)	Acc pseudo  85.94 ( 83.50)	Lr 1.000e-03 (1.000e-03)
2026-01-14 17:34:04,530 - INFO: Epoch: [3][250/582]	Time  0.032 ( 0.034)	Loss 5.9609e-01 (4.3069e-01)	Acc pseudo  81.25 ( 83.56)	Lr 1.000e-03 (1.000e-03)
2026-01-14 17:34:09,231 - INFO: Epoch: [3][300/582]	Time  0.028 ( 0.033)	Loss 2.8245e-01 (4.2595e-01)	Acc pseudo  89.06 ( 83.71)	Lr 1.000e-03 (1.000e-03)
2026-01-14 17:34:13,931 - INFO: Epoch: [3][350/582]	Time  0.030 ( 0.033)	Loss 3.3329e-01 (4.2219e-01)	Acc pseudo  89.06 ( 83.73)	Lr 1.000e-03 (1.000e-03)
2026-01-14 17:34:18,632 - INFO: Epoch: [3][400/582]	Time  0.027 ( 0.032)	Loss 5.7656e-01 (4.2390e-01)	Acc pseudo  76.56 ( 83.81)	Lr 1.000e-03 (1.000e-03)
2026-01-14 17:34:23,333 - INFO: Epoch: [3][450/582]	Time  0.028 ( 0.032)	Loss 6.4282e-01 (4.2540e-01)	Acc pseudo  81.25 ( 83.77)	Lr 1.000e-03 (1.000e-03)
2026-01-14 17:34:28,034 - INFO: Epoch: [3][500/582]	Time  0.027 ( 0.032)	Loss 3.5956e-01 (4.2726e-01)	Acc pseudo  82.81 ( 83.61)	Lr 1.000e-03 (1.000e-03)
2026-01-14 17:34:32,736 - INFO: Epoch: [3][550/582]	Time  0.028 ( 0.031)	Loss 7.4453e-01 (4.3115e-01)	Acc pseudo  79.69 ( 83.54)	Lr 1.000e-03 (1.000e-03)
2026-01-14 17:34:35,688 - INFO: Round 0, Face Fine-tune Epoch 3: loss=0.4322, acc(pseudo)=83.53%
2026-01-14 17:35:36,937 - INFO: Round 0, Face Fine-tune Epoch 3: acc(valid_pseudo): 0.9508, acc: 0.8364
2026-01-14 17:35:38,226 - INFO: Epoch: [4][  0/582]	Time  0.709 ( 0.709)	Loss 4.9773e-01 (4.9773e-01)	Acc pseudo  85.94 ( 85.94)	Lr 1.000e-03 (1.000e-03)
2026-01-14 17:35:42,922 - INFO: Epoch: [4][ 50/582]	Time  0.029 ( 0.045)	Loss 5.6581e-01 (3.9601e-01)	Acc pseudo  76.56 ( 83.61)	Lr 1.000e-03 (1.000e-03)
2026-01-14 17:35:47,618 - INFO: Epoch: [4][100/582]	Time  0.030 ( 0.037)	Loss 4.9670e-01 (3.7752e-01)	Acc pseudo  78.12 ( 84.78)	Lr 1.000e-03 (1.000e-03)
2026-01-14 17:35:52,315 - INFO: Epoch: [4][150/582]	Time  0.029 ( 0.035)	Loss 3.0781e-01 (3.7738e-01)	Acc pseudo  87.50 ( 84.83)	Lr 1.000e-03 (1.000e-03)
2026-01-14 17:35:57,015 - INFO: Epoch: [4][200/582]	Time  0.031 ( 0.034)	Loss 4.5754e-01 (3.7323e-01)	Acc pseudo  85.94 ( 84.94)	Lr 1.000e-03 (1.000e-03)
2026-01-14 17:36:01,717 - INFO: Epoch: [4][250/582]	Time  0.030 ( 0.033)	Loss 2.3990e-01 (3.8341e-01)	Acc pseudo  90.62 ( 84.90)	Lr 1.000e-03 (1.000e-03)
2026-01-14 17:36:06,420 - INFO: Epoch: [4][300/582]	Time  0.042 ( 0.033)	Loss 3.4933e-01 (3.8640e-01)	Acc pseudo  92.19 ( 84.93)	Lr 1.000e-03 (1.000e-03)
2026-01-14 17:36:11,124 - INFO: Epoch: [4][350/582]	Time  0.030 ( 0.033)	Loss 3.2966e-01 (3.8832e-01)	Acc pseudo  81.25 ( 84.86)	Lr 1.000e-03 (1.000e-03)
2026-01-14 17:36:15,848 - INFO: Epoch: [4][400/582]	Time  0.028 ( 0.032)	Loss 3.9539e-01 (3.9352e-01)	Acc pseudo  82.81 ( 84.63)	Lr 1.000e-03 (1.000e-03)
2026-01-14 17:36:20,579 - INFO: Epoch: [4][450/582]	Time  0.027 ( 0.032)	Loss 4.3814e-01 (3.9448e-01)	Acc pseudo  79.69 ( 84.56)	Lr 1.000e-03 (1.000e-03)
2026-01-14 17:36:25,271 - INFO: Epoch: [4][500/582]	Time  0.027 ( 0.031)	Loss 2.4345e-01 (3.9658e-01)	Acc pseudo  87.50 ( 84.51)	Lr 1.000e-03 (1.000e-03)
2026-01-14 17:36:29,967 - INFO: Epoch: [4][550/582]	Time  0.027 ( 0.031)	Loss 2.6452e-01 (3.9983e-01)	Acc pseudo  89.06 ( 84.34)	Lr 1.000e-03 (1.000e-03)
2026-01-14 17:36:32,929 - INFO: Round 0, Face Fine-tune Epoch 4: loss=0.3985, acc(pseudo)=84.37%
2026-01-14 17:37:31,348 - INFO: Round 0, Face Fine-tune Epoch 4: acc(valid_pseudo): 0.9542, acc: 0.8432
2026-01-14 17:37:32,551 - INFO: Epoch: [5][  0/582]	Time  0.642 ( 0.642)	Loss 3.5127e-01 (3.5127e-01)	Acc pseudo  82.81 ( 82.81)	Lr 1.000e-03 (1.000e-03)
2026-01-14 17:37:37,252 - INFO: Epoch: [5][ 50/582]	Time  0.028 ( 0.043)	Loss 3.4717e-01 (3.5158e-01)	Acc pseudo  89.06 ( 85.75)	Lr 1.000e-03 (1.000e-03)
2026-01-14 17:37:41,950 - INFO: Epoch: [5][100/582]	Time  0.034 ( 0.036)	Loss 3.0003e-01 (3.6827e-01)	Acc pseudo  84.38 ( 84.95)	Lr 1.000e-03 (1.000e-03)
2026-01-14 17:37:46,653 - INFO: Epoch: [5][150/582]	Time  0.028 ( 0.034)	Loss 4.6362e-01 (3.7686e-01)	Acc pseudo  87.50 ( 85.09)	Lr 1.000e-03 (1.000e-03)
2026-01-14 17:37:51,353 - INFO: Epoch: [5][200/582]	Time  0.029 ( 0.033)	Loss 5.1800e-01 (3.7579e-01)	Acc pseudo  76.56 ( 85.00)	Lr 1.000e-03 (1.000e-03)
2026-01-14 17:37:56,057 - INFO: Epoch: [5][250/582]	Time  0.032 ( 0.032)	Loss 3.5381e-01 (3.8052e-01)	Acc pseudo  82.81 ( 85.14)	Lr 1.000e-03 (1.000e-03)
2026-01-14 17:38:00,763 - INFO: Epoch: [5][300/582]	Time  0.028 ( 0.032)	Loss 4.5654e-01 (3.7690e-01)	Acc pseudo  89.06 ( 85.13)	Lr 1.000e-03 (1.000e-03)
2026-01-14 17:38:05,467 - INFO: Epoch: [5][350/582]	Time  0.027 ( 0.032)	Loss 3.1460e-01 (3.7618e-01)	Acc pseudo  85.94 ( 85.24)	Lr 1.000e-03 (1.000e-03)
2026-01-14 17:38:10,171 - INFO: Epoch: [5][400/582]	Time  0.028 ( 0.032)	Loss 3.6887e-01 (3.8155e-01)	Acc pseudo  85.94 ( 85.10)	Lr 1.000e-03 (1.000e-03)
2026-01-14 17:38:14,878 - INFO: Epoch: [5][450/582]	Time  0.028 ( 0.032)	Loss 2.8459e-01 (3.8629e-01)	Acc pseudo  87.50 ( 84.90)	Lr 1.000e-03 (1.000e-03)
2026-01-14 17:38:19,576 - INFO: Epoch: [5][500/582]	Time  0.027 ( 0.031)	Loss 7.4503e-01 (3.9020e-01)	Acc pseudo  82.81 ( 84.83)	Lr 1.000e-03 (1.000e-03)
2026-01-14 17:38:24,274 - INFO: Epoch: [5][550/582]	Time  0.027 ( 0.031)	Loss 5.1701e-01 (3.9021e-01)	Acc pseudo  81.25 ( 84.85)	Lr 1.000e-03 (1.000e-03)
2026-01-14 17:38:27,226 - INFO: Round 0, Face Fine-tune Epoch 5: loss=0.3934, acc(pseudo)=84.79%
2026-01-14 17:39:25,556 - INFO: Round 0, Face Fine-tune Epoch 5: acc(valid_pseudo): 0.9622, acc: 0.8598
2026-01-14 17:39:26,701 - INFO: Epoch: [6][  0/582]	Time  0.591 ( 0.591)	Loss 3.3844e-01 (3.3844e-01)	Acc pseudo  90.62 ( 90.62)	Lr 1.000e-03 (1.000e-03)
2026-01-14 17:39:31,400 - INFO: Epoch: [6][ 50/582]	Time  0.028 ( 0.039)	Loss 2.7754e-01 (3.5085e-01)	Acc pseudo  89.06 ( 85.20)	Lr 1.000e-03 (1.000e-03)
2026-01-14 17:39:36,098 - INFO: Epoch: [6][100/582]	Time  0.028 ( 0.034)	Loss 4.3838e-01 (3.5657e-01)	Acc pseudo  79.69 ( 85.46)	Lr 1.000e-03 (1.000e-03)
2026-01-14 17:39:40,796 - INFO: Epoch: [6][150/582]	Time  0.028 ( 0.032)	Loss 7.5373e-01 (3.6731e-01)	Acc pseudo  82.81 ( 85.21)	Lr 1.000e-03 (1.000e-03)
2026-01-14 17:39:45,496 - INFO: Epoch: [6][200/582]	Time  0.028 ( 0.031)	Loss 4.6082e-01 (3.6059e-01)	Acc pseudo  76.56 ( 85.29)	Lr 1.000e-03 (1.000e-03)
2026-01-14 17:39:50,196 - INFO: Epoch: [6][250/582]	Time  0.027 ( 0.030)	Loss 4.4178e-01 (3.5967e-01)	Acc pseudo  87.50 ( 85.30)	Lr 1.000e-03 (1.000e-03)
2026-01-14 17:39:54,896 - INFO: Epoch: [6][300/582]	Time  0.028 ( 0.030)	Loss 5.6868e-01 (3.6022e-01)	Acc pseudo  82.81 ( 85.19)	Lr 1.000e-03 (1.000e-03)
2026-01-14 17:39:59,597 - INFO: Epoch: [6][350/582]	Time  0.027 ( 0.030)	Loss 3.8498e-01 (3.6369e-01)	Acc pseudo  82.81 ( 85.04)	Lr 1.000e-03 (1.000e-03)
2026-01-14 17:40:04,298 - INFO: Epoch: [6][400/582]	Time  0.027 ( 0.030)	Loss 5.2296e-01 (3.6392e-01)	Acc pseudo  81.25 ( 85.20)	Lr 1.000e-03 (1.000e-03)
2026-01-14 17:40:09,041 - INFO: Epoch: [6][450/582]	Time  0.029 ( 0.030)	Loss 2.5596e-01 (3.6908e-01)	Acc pseudo  87.50 ( 85.07)	Lr 1.000e-03 (1.000e-03)
2026-01-14 17:40:13,740 - INFO: Epoch: [6][500/582]	Time  0.028 ( 0.029)	Loss 4.8022e-01 (3.7172e-01)	Acc pseudo  79.69 ( 84.96)	Lr 1.000e-03 (1.000e-03)
2026-01-14 17:40:18,439 - INFO: Epoch: [6][550/582]	Time  0.028 ( 0.029)	Loss 3.9593e-01 (3.7281e-01)	Acc pseudo  81.25 ( 84.88)	Lr 1.000e-03 (1.000e-03)
2026-01-14 17:40:21,412 - INFO: Round 0, Face Fine-tune Epoch 6: loss=0.3742, acc(pseudo)=84.91%
2026-01-14 17:41:20,556 - INFO: Round 0, Face Fine-tune Epoch 6: acc(valid_pseudo): 0.9590, acc: 0.8374
2026-01-14 17:41:20,556 - INFO: Round 0, Face Fine-tune Epoch 6: No improvement. Patience(epoch): 1/3
2026-01-14 17:41:21,230 - INFO: Epoch: [7][  0/582]	Time  0.626 ( 0.626)	Loss 5.7061e-01 (5.7061e-01)	Acc pseudo  71.88 ( 71.88)	Lr 1.000e-03 (1.000e-03)
2026-01-14 17:41:25,934 - INFO: Epoch: [7][ 50/582]	Time  0.030 ( 0.043)	Loss 2.1769e-01 (3.6077e-01)	Acc pseudo  89.06 ( 85.45)	Lr 1.000e-03 (1.000e-03)
2026-01-14 17:41:30,631 - INFO: Epoch: [7][100/582]	Time  0.028 ( 0.036)	Loss 3.8299e-01 (3.5994e-01)	Acc pseudo  79.69 ( 85.57)	Lr 1.000e-03 (1.000e-03)
2026-01-14 17:41:35,331 - INFO: Epoch: [7][150/582]	Time  0.027 ( 0.034)	Loss 2.3124e-01 (3.5925e-01)	Acc pseudo  89.06 ( 85.48)	Lr 1.000e-03 (1.000e-03)
2026-01-14 17:41:40,028 - INFO: Epoch: [7][200/582]	Time  0.027 ( 0.032)	Loss 2.5880e-01 (3.5071e-01)	Acc pseudo  90.62 ( 85.83)	Lr 1.000e-03 (1.000e-03)
2026-01-14 17:41:44,725 - INFO: Epoch: [7][250/582]	Time  0.027 ( 0.031)	Loss 3.4298e-01 (3.4863e-01)	Acc pseudo  84.38 ( 85.91)	Lr 1.000e-03 (1.000e-03)
2026-01-14 17:41:49,423 - INFO: Epoch: [7][300/582]	Time  0.027 ( 0.031)	Loss 3.4808e-01 (3.5402e-01)	Acc pseudo  84.38 ( 85.83)	Lr 1.000e-03 (1.000e-03)
2026-01-14 17:41:54,120 - INFO: Epoch: [7][350/582]	Time  0.028 ( 0.030)	Loss 5.5877e-01 (3.5213e-01)	Acc pseudo  78.12 ( 85.91)	Lr 1.000e-03 (1.000e-03)
2026-01-14 17:41:58,816 - INFO: Epoch: [7][400/582]	Time  0.029 ( 0.030)	Loss 4.1947e-01 (3.5433e-01)	Acc pseudo  85.94 ( 86.06)	Lr 1.000e-03 (1.000e-03)
2026-01-14 17:42:03,514 - INFO: Epoch: [7][450/582]	Time  0.028 ( 0.030)	Loss 3.3640e-01 (3.5620e-01)	Acc pseudo  87.50 ( 86.00)	Lr 1.000e-03 (1.000e-03)
2026-01-14 17:42:08,214 - INFO: Epoch: [7][500/582]	Time  0.028 ( 0.029)	Loss 4.0459e-01 (3.5751e-01)	Acc pseudo  84.38 ( 85.93)	Lr 1.000e-03 (1.000e-03)
2026-01-14 17:42:12,911 - INFO: Epoch: [7][550/582]	Time  0.027 ( 0.029)	Loss 2.4250e-01 (3.5943e-01)	Acc pseudo  89.06 ( 85.79)	Lr 1.000e-03 (1.000e-03)
2026-01-14 17:42:15,862 - INFO: Round 0, Face Fine-tune Epoch 7: loss=0.3609, acc(pseudo)=85.79%
2026-01-14 17:43:15,007 - INFO: Round 0, Face Fine-tune Epoch 7: acc(valid_pseudo): 0.9652, acc: 0.8491
2026-01-14 17:43:16,072 - INFO: Epoch: [8][  0/582]	Time  0.671 ( 0.671)	Loss 3.1705e-01 (3.1705e-01)	Acc pseudo  87.50 ( 87.50)	Lr 1.000e-03 (1.000e-03)
2026-01-14 17:43:20,795 - INFO: Epoch: [8][ 50/582]	Time  0.027 ( 0.045)	Loss 1.4745e-01 (3.1369e-01)	Acc pseudo  92.19 ( 87.04)	Lr 1.000e-03 (1.000e-03)
2026-01-14 17:43:25,493 - INFO: Epoch: [8][100/582]	Time  0.027 ( 0.036)	Loss 2.4808e-01 (3.0022e-01)	Acc pseudo  87.50 ( 86.96)	Lr 1.000e-03 (1.000e-03)
2026-01-14 17:43:30,193 - INFO: Epoch: [8][150/582]	Time  0.029 ( 0.034)	Loss 3.1797e-01 (2.9994e-01)	Acc pseudo  84.38 ( 86.86)	Lr 1.000e-03 (1.000e-03)
2026-01-14 17:43:34,898 - INFO: Epoch: [8][200/582]	Time  0.030 ( 0.033)	Loss 5.2012e-01 (3.2195e-01)	Acc pseudo  82.81 ( 86.38)	Lr 1.000e-03 (1.000e-03)
2026-01-14 17:43:39,601 - INFO: Epoch: [8][250/582]	Time  0.031 ( 0.032)	Loss 2.2091e-01 (3.2109e-01)	Acc pseudo  89.06 ( 86.37)	Lr 1.000e-03 (1.000e-03)
2026-01-14 17:43:44,303 - INFO: Epoch: [8][300/582]	Time  0.040 ( 0.032)	Loss 4.1274e-01 (3.3436e-01)	Acc pseudo  84.38 ( 86.14)	Lr 1.000e-03 (1.000e-03)
2026-01-14 17:43:49,007 - INFO: Epoch: [8][350/582]	Time  0.027 ( 0.032)	Loss 1.7922e-01 (3.3564e-01)	Acc pseudo  92.19 ( 86.03)	Lr 1.000e-03 (1.000e-03)
2026-01-14 17:43:53,711 - INFO: Epoch: [8][400/582]	Time  0.030 ( 0.031)	Loss 2.0678e-01 (3.4000e-01)	Acc pseudo  90.62 ( 85.98)	Lr 1.000e-03 (1.000e-03)
2026-01-14 17:43:58,413 - INFO: Epoch: [8][450/582]	Time  0.038 ( 0.031)	Loss 1.4204e-01 (3.4268e-01)	Acc pseudo  96.88 ( 85.88)	Lr 1.000e-03 (1.000e-03)
2026-01-14 17:44:03,117 - INFO: Epoch: [8][500/582]	Time  0.029 ( 0.031)	Loss 2.2581e-01 (3.4397e-01)	Acc pseudo  92.19 ( 85.85)	Lr 1.000e-03 (1.000e-03)
2026-01-14 17:44:07,826 - INFO: Epoch: [8][550/582]	Time  0.039 ( 0.031)	Loss 3.0911e-01 (3.4463e-01)	Acc pseudo  89.06 ( 85.84)	Lr 1.000e-03 (1.000e-03)
2026-01-14 17:44:10,781 - INFO: Round 0, Face Fine-tune Epoch 8: loss=0.3458, acc(pseudo)=85.85%
2026-01-14 17:45:09,575 - INFO: Round 0, Face Fine-tune Epoch 8: acc(valid_pseudo): 0.9653, acc: 0.8500
2026-01-14 17:45:10,529 - INFO: Epoch: [9][  0/582]	Time  0.597 ( 0.597)	Loss 1.2869e-01 (1.2869e-01)	Acc pseudo  96.88 ( 96.88)	Lr 1.000e-03 (1.000e-03)
2026-01-14 17:45:15,237 - INFO: Epoch: [9][ 50/582]	Time  0.028 ( 0.045)	Loss 3.2126e-01 (3.0030e-01)	Acc pseudo  87.50 ( 87.71)	Lr 1.000e-03 (1.000e-03)
2026-01-14 17:45:19,929 - INFO: Epoch: [9][100/582]	Time  0.030 ( 0.037)	Loss 3.6076e-01 (3.0632e-01)	Acc pseudo  79.69 ( 87.59)	Lr 1.000e-03 (1.000e-03)
2026-01-14 17:45:24,622 - INFO: Epoch: [9][150/582]	Time  0.031 ( 0.035)	Loss 9.1842e-01 (3.1141e-01)	Acc pseudo  78.12 ( 87.50)	Lr 1.000e-03 (1.000e-03)
2026-01-14 17:45:29,318 - INFO: Epoch: [9][200/582]	Time  0.041 ( 0.033)	Loss 2.5065e-01 (3.1029e-01)	Acc pseudo  92.19 ( 87.18)	Lr 1.000e-03 (1.000e-03)
2026-01-14 17:45:34,022 - INFO: Epoch: [9][250/582]	Time  0.035 ( 0.033)	Loss 2.2494e-01 (3.0615e-01)	Acc pseudo  87.50 ( 87.24)	Lr 1.000e-03 (1.000e-03)
2026-01-14 17:45:38,724 - INFO: Epoch: [9][300/582]	Time  0.026 ( 0.032)	Loss 5.1809e-01 (3.1002e-01)	Acc pseudo  81.25 ( 87.07)	Lr 1.000e-03 (1.000e-03)
2026-01-14 17:45:43,423 - INFO: Epoch: [9][350/582]	Time  0.029 ( 0.032)	Loss 3.6099e-01 (3.1274e-01)	Acc pseudo  82.81 ( 87.09)	Lr 1.000e-03 (1.000e-03)
2026-01-14 17:45:48,327 - INFO: Epoch: [9][400/582]	Time  0.031 ( 0.032)	Loss 2.3854e-01 (3.1643e-01)	Acc pseudo  89.06 ( 87.02)	Lr 1.000e-03 (1.000e-03)
2026-01-14 17:45:53,033 - INFO: Epoch: [9][450/582]	Time  0.029 ( 0.032)	Loss 2.2666e-01 (3.2142e-01)	Acc pseudo  90.62 ( 86.79)	Lr 1.000e-03 (1.000e-03)
2026-01-14 17:45:57,739 - INFO: Epoch: [9][500/582]	Time  0.029 ( 0.032)	Loss 3.2469e-01 (3.2803e-01)	Acc pseudo  84.38 ( 86.57)	Lr 1.000e-03 (1.000e-03)
2026-01-14 17:46:02,442 - INFO: Epoch: [9][550/582]	Time  0.030 ( 0.032)	Loss 4.7297e-01 (3.3120e-01)	Acc pseudo  82.81 ( 86.46)	Lr 1.000e-03 (1.000e-03)
2026-01-14 17:46:05,403 - INFO: Round 0, Face Fine-tune Epoch 9: loss=0.3301, acc(pseudo)=86.51%
2026-01-14 17:47:04,564 - INFO: Round 0, Face Fine-tune Epoch 9: acc(valid_pseudo): 0.9672, acc: 0.8539
2026-01-14 17:47:05,585 - INFO: Epoch: [10][  0/582]	Time  0.668 ( 0.668)	Loss 2.3128e-01 (2.3128e-01)	Acc pseudo  96.88 ( 96.88)	Lr 1.000e-03 (1.000e-03)
2026-01-14 17:47:10,283 - INFO: Epoch: [10][ 50/582]	Time  0.027 ( 0.042)	Loss 4.6412e-01 (3.3372e-01)	Acc pseudo  81.25 ( 86.67)	Lr 1.000e-03 (1.000e-03)
2026-01-14 17:47:14,984 - INFO: Epoch: [10][100/582]	Time  0.040 ( 0.036)	Loss 1.9864e-01 (3.1852e-01)	Acc pseudo  89.06 ( 87.45)	Lr 1.000e-03 (1.000e-03)
2026-01-14 17:47:19,688 - INFO: Epoch: [10][150/582]	Time  0.039 ( 0.034)	Loss 3.1850e-01 (3.1533e-01)	Acc pseudo  82.81 ( 87.23)	Lr 1.000e-03 (1.000e-03)
2026-01-14 17:47:24,395 - INFO: Epoch: [10][200/582]	Time  0.042 ( 0.035)	Loss 3.9653e-01 (3.1931e-01)	Acc pseudo  85.94 ( 87.14)	Lr 1.000e-03 (1.000e-03)
2026-01-14 17:47:29,101 - INFO: Epoch: [10][250/582]	Time  0.043 ( 0.035)	Loss 3.1403e-01 (3.2286e-01)	Acc pseudo  85.94 ( 87.15)	Lr 1.000e-03 (1.000e-03)
2026-01-14 17:47:33,804 - INFO: Epoch: [10][300/582]	Time  0.027 ( 0.034)	Loss 5.8710e-01 (3.2451e-01)	Acc pseudo  87.50 ( 86.92)	Lr 1.000e-03 (1.000e-03)
2026-01-14 17:47:38,506 - INFO: Epoch: [10][350/582]	Time  0.029 ( 0.033)	Loss 5.3457e-01 (3.2792e-01)	Acc pseudo  81.25 ( 86.82)	Lr 1.000e-03 (1.000e-03)
2026-01-14 17:47:43,211 - INFO: Epoch: [10][400/582]	Time  0.027 ( 0.032)	Loss 3.8474e-01 (3.3012e-01)	Acc pseudo  87.50 ( 86.72)	Lr 1.000e-03 (1.000e-03)
2026-01-14 17:47:47,916 - INFO: Epoch: [10][450/582]	Time  0.040 ( 0.032)	Loss 1.9502e-01 (3.3268e-01)	Acc pseudo  87.50 ( 86.62)	Lr 1.000e-03 (1.000e-03)
2026-01-14 17:47:52,619 - INFO: Epoch: [10][500/582]	Time  0.029 ( 0.032)	Loss 5.1305e-01 (3.3575e-01)	Acc pseudo  78.12 ( 86.47)	Lr 1.000e-03 (1.000e-03)
2026-01-14 17:47:57,323 - INFO: Epoch: [10][550/582]	Time  0.034 ( 0.031)	Loss 1.8600e-01 (3.3745e-01)	Acc pseudo  87.50 ( 86.48)	Lr 1.000e-03 (1.000e-03)
2026-01-14 17:48:00,311 - INFO: Round 0, Face Fine-tune Epoch 10: loss=0.3393, acc(pseudo)=86.45%
2026-01-14 17:49:00,127 - INFO: Round 0, Face Fine-tune Epoch 10: acc(valid_pseudo): 0.9726, acc: 0.8510
2026-01-14 17:49:01,101 - INFO: Epoch: [11][  0/582]	Time  0.589 ( 0.589)	Loss 1.5930e-01 (1.5930e-01)	Acc pseudo  92.19 ( 92.19)	Lr 1.000e-03 (1.000e-03)
2026-01-14 17:49:05,800 - INFO: Epoch: [11][ 50/582]	Time  0.028 ( 0.041)	Loss 3.8715e-01 (3.1164e-01)	Acc pseudo  85.94 ( 87.50)	Lr 1.000e-03 (1.000e-03)
2026-01-14 17:49:10,497 - INFO: Epoch: [11][100/582]	Time  0.029 ( 0.035)	Loss 1.7269e-01 (2.9090e-01)	Acc pseudo  89.06 ( 87.69)	Lr 1.000e-03 (1.000e-03)
2026-01-14 17:49:15,197 - INFO: Epoch: [11][150/582]	Time  0.028 ( 0.033)	Loss 3.1051e-01 (2.9793e-01)	Acc pseudo  85.94 ( 87.79)	Lr 1.000e-03 (1.000e-03)
2026-01-14 17:49:19,900 - INFO: Epoch: [11][200/582]	Time  0.028 ( 0.032)	Loss 2.7672e-01 (2.9864e-01)	Acc pseudo  82.81 ( 87.68)	Lr 1.000e-03 (1.000e-03)
2026-01-14 17:49:24,603 - INFO: Epoch: [11][250/582]	Time  0.029 ( 0.031)	Loss 1.4398e-01 (3.0433e-01)	Acc pseudo  92.19 ( 87.54)	Lr 1.000e-03 (1.000e-03)
2026-01-14 17:49:29,304 - INFO: Epoch: [11][300/582]	Time  0.027 ( 0.031)	Loss 3.8293e-01 (3.0528e-01)	Acc pseudo  82.81 ( 87.54)	Lr 1.000e-03 (1.000e-03)
2026-01-14 17:49:34,008 - INFO: Epoch: [11][350/582]	Time  0.027 ( 0.030)	Loss 3.6733e-01 (3.0978e-01)	Acc pseudo  84.38 ( 87.42)	Lr 1.000e-03 (1.000e-03)
2026-01-14 17:49:38,712 - INFO: Epoch: [11][400/582]	Time  0.035 ( 0.030)	Loss 3.2125e-01 (3.0725e-01)	Acc pseudo  84.38 ( 87.45)	Lr 1.000e-03 (1.000e-03)
2026-01-14 17:49:43,414 - INFO: Epoch: [11][450/582]	Time  0.027 ( 0.030)	Loss 2.5362e-01 (3.0445e-01)	Acc pseudo  90.62 ( 87.52)	Lr 1.000e-03 (1.000e-03)
2026-01-14 17:49:48,115 - INFO: Epoch: [11][500/582]	Time  0.028 ( 0.030)	Loss 4.0243e-01 (3.0934e-01)	Acc pseudo  87.50 ( 87.35)	Lr 1.000e-03 (1.000e-03)
2026-01-14 17:49:52,820 - INFO: Epoch: [11][550/582]	Time  0.027 ( 0.030)	Loss 2.0601e-01 (3.1313e-01)	Acc pseudo  93.75 ( 87.21)	Lr 1.000e-03 (1.000e-03)
2026-01-14 17:49:55,790 - INFO: Round 0, Face Fine-tune Epoch 11: loss=0.3115, acc(pseudo)=87.22%
2026-01-14 17:50:55,023 - INFO: Round 0, Face Fine-tune Epoch 11: acc(valid_pseudo): 0.9712, acc: 0.8520
2026-01-14 17:50:55,023 - INFO: Round 0, Face Fine-tune Epoch 11: No improvement. Patience(epoch): 1/3
2026-01-14 17:50:55,791 - INFO: Epoch: [12][  0/582]	Time  0.719 ( 0.719)	Loss 2.8327e-01 (2.8327e-01)	Acc pseudo  85.94 ( 85.94)	Lr 1.000e-03 (1.000e-03)
2026-01-14 17:51:00,696 - INFO: Epoch: [12][ 50/582]	Time  0.027 ( 0.046)	Loss 2.8728e-01 (2.8686e-01)	Acc pseudo  89.06 ( 88.17)	Lr 1.000e-03 (1.000e-03)
2026-01-14 17:51:05,410 - INFO: Epoch: [12][100/582]	Time  0.041 ( 0.039)	Loss 4.6230e-01 (2.8436e-01)	Acc pseudo  76.56 ( 88.17)	Lr 1.000e-03 (1.000e-03)
2026-01-14 17:51:10,110 - INFO: Epoch: [12][150/582]	Time  0.040 ( 0.036)	Loss 1.2951e-01 (2.8609e-01)	Acc pseudo  92.19 ( 87.99)	Lr 1.000e-03 (1.000e-03)
2026-01-14 17:51:14,811 - INFO: Epoch: [12][200/582]	Time  0.028 ( 0.034)	Loss 4.1636e-01 (2.8808e-01)	Acc pseudo  89.06 ( 87.97)	Lr 1.000e-03 (1.000e-03)
2026-01-14 17:51:19,512 - INFO: Epoch: [12][250/582]	Time  0.036 ( 0.033)	Loss 2.0422e-01 (2.9386e-01)	Acc pseudo  89.06 ( 87.92)	Lr 1.000e-03 (1.000e-03)
2026-01-14 17:51:24,221 - INFO: Epoch: [12][300/582]	Time  0.036 ( 0.033)	Loss 3.7313e-01 (3.0194e-01)	Acc pseudo  81.25 ( 87.68)	Lr 1.000e-03 (1.000e-03)
2026-01-14 17:51:28,925 - INFO: Epoch: [12][350/582]	Time  0.032 ( 0.033)	Loss 3.3571e-01 (3.0811e-01)	Acc pseudo  87.50 ( 87.46)	Lr 1.000e-03 (1.000e-03)
2026-01-14 17:51:33,634 - INFO: Epoch: [12][400/582]	Time  0.038 ( 0.033)	Loss 5.1846e-01 (3.1384e-01)	Acc pseudo  84.38 ( 87.24)	Lr 1.000e-03 (1.000e-03)
2026-01-14 17:51:38,340 - INFO: Epoch: [12][450/582]	Time  0.040 ( 0.033)	Loss 1.9275e-01 (3.1615e-01)	Acc pseudo  92.19 ( 87.16)	Lr 1.000e-03 (1.000e-03)
2026-01-14 17:51:43,049 - INFO: Epoch: [12][500/582]	Time  0.027 ( 0.033)	Loss 2.4360e-01 (3.1517e-01)	Acc pseudo  89.06 ( 87.22)	Lr 1.000e-03 (1.000e-03)
2026-01-14 17:51:47,754 - INFO: Epoch: [12][550/582]	Time  0.027 ( 0.033)	Loss 3.9777e-01 (3.1812e-01)	Acc pseudo  82.81 ( 87.18)	Lr 1.000e-03 (1.000e-03)
2026-01-14 17:51:50,713 - INFO: Round 0, Face Fine-tune Epoch 12: loss=0.3200, acc(pseudo)=87.16%
2026-01-14 17:52:49,328 - INFO: Round 0, Face Fine-tune Epoch 12: acc(valid_pseudo): 0.9670, acc: 0.8452
2026-01-14 17:52:49,328 - INFO: Round 0, Face Fine-tune Epoch 12: No improvement. Patience(epoch): 2/3
2026-01-14 17:52:49,962 - INFO: Epoch: [13][  0/582]	Time  0.601 ( 0.601)	Loss 2.0718e-01 (2.0718e-01)	Acc pseudo  90.62 ( 90.62)	Lr 1.000e-03 (1.000e-03)
2026-01-14 17:52:54,669 - INFO: Epoch: [13][ 50/582]	Time  0.027 ( 0.040)	Loss 2.0955e-01 (3.0642e-01)	Acc pseudo  92.19 ( 86.86)	Lr 1.000e-03 (1.000e-03)
2026-01-14 17:52:59,370 - INFO: Epoch: [13][100/582]	Time  0.027 ( 0.036)	Loss 1.8536e-01 (2.9804e-01)	Acc pseudo  92.19 ( 87.24)	Lr 1.000e-03 (1.000e-03)
2026-01-14 17:53:04,073 - INFO: Epoch: [13][150/582]	Time  0.027 ( 0.035)	Loss 1.0514e-01 (2.9799e-01)	Acc pseudo  93.75 ( 87.26)	Lr 1.000e-03 (1.000e-03)
2026-01-14 17:53:08,780 - INFO: Epoch: [13][200/582]	Time  0.031 ( 0.034)	Loss 2.9325e-01 (3.0928e-01)	Acc pseudo  87.50 ( 87.13)	Lr 1.000e-03 (1.000e-03)
2026-01-14 17:53:13,482 - INFO: Epoch: [13][250/582]	Time  0.028 ( 0.033)	Loss 5.4243e-01 (3.1282e-01)	Acc pseudo  82.81 ( 87.05)	Lr 1.000e-03 (1.000e-03)
2026-01-14 17:53:18,187 - INFO: Epoch: [13][300/582]	Time  0.037 ( 0.033)	Loss 3.4382e-01 (3.1032e-01)	Acc pseudo  84.38 ( 87.08)	Lr 1.000e-03 (1.000e-03)
2026-01-14 17:53:22,894 - INFO: Epoch: [13][350/582]	Time  0.027 ( 0.033)	Loss 2.5897e-01 (3.1230e-01)	Acc pseudo  87.50 ( 87.01)	Lr 1.000e-03 (1.000e-03)
2026-01-14 17:53:27,596 - INFO: Epoch: [13][400/582]	Time  0.035 ( 0.033)	Loss 4.5047e-01 (3.1254e-01)	Acc pseudo  85.94 ( 87.08)	Lr 1.000e-03 (1.000e-03)
2026-01-14 17:53:32,302 - INFO: Epoch: [13][450/582]	Time  0.028 ( 0.033)	Loss 4.2647e-01 (3.1193e-01)	Acc pseudo  84.38 ( 87.09)	Lr 1.000e-03 (1.000e-03)
2026-01-14 17:53:37,003 - INFO: Epoch: [13][500/582]	Time  0.028 ( 0.032)	Loss 3.5215e-01 (3.1361e-01)	Acc pseudo  85.94 ( 87.19)	Lr 1.000e-03 (1.000e-03)
2026-01-14 17:53:41,706 - INFO: Epoch: [13][550/582]	Time  0.028 ( 0.032)	Loss 5.5668e-01 (3.1589e-01)	Acc pseudo  84.38 ( 87.21)	Lr 1.000e-03 (1.000e-03)
2026-01-14 17:53:44,661 - INFO: Round 0, Face Fine-tune Epoch 13: loss=0.3154, acc(pseudo)=87.24%
2026-01-14 17:54:43,674 - INFO: Round 0, Face Fine-tune Epoch 13: acc(valid_pseudo): 0.9691, acc: 0.8539
2026-01-14 17:54:43,674 - INFO: Round 0, Face Fine-tune Epoch 13: No improvement. Patience(epoch): 3/3
2026-01-14 17:54:43,675 - INFO: Early stopping at face epoch 13
2026-01-14 17:54:43,676 - INFO: Round 0: Best face fine-tuned epoch=10, acc(valid_pseudo)=0.9726
2026-01-14 17:54:43,761 - INFO: Using HMM model from previous round: runs/I love my family/exp_video/result/self_supervised/exp4/initial/pseudo_label/hmm_params.pkl
2026-01-14 19:30:21,754 - INFO: Round 0: speaker_acc=0.8605
2026-01-14 19:30:21,770 - INFO: Round 0: face_acc=0.8705
2026-01-14 19:30:21,778 - INFO: ====================
2026-01-14 19:30:21,778 - INFO: Round 1: Fine-tuning iteration
2026-01-14 19:30:21,778 - INFO: ====================
2026-01-14 19:30:21,897 - INFO: Round 1 Part 1: Fine-tuning embedding model
2026-01-14 19:30:21,899 - INFO: Using pseudo-label file: runs/I love my family/exp_video/result/self_supervised/exp4/round0/pseudo_label/pseudo_labels_audio_nested_hmm_full(unreliable_pp=100.0).json
2026-01-14 19:30:21,931 - INFO: For training, Using face pseudo-label file: runs/I love my family/exp_video/result/self_supervised/exp4/round0/pseudo_label/pseudo_labels_faces_mid_frame_train_nested_hmm_full.json
2026-01-14 19:30:21,932 - INFO: For infering, Using face pseudo-label file: runs/I love my family/exp_video/result/self_supervised/exp4/round0/pseudo_label/pseudo_labels_faces_mid_frame_all_nested_hmm_full.json
2026-01-14 19:30:22,072 - INFO: Created face dataloader with 37219 samples
2026-01-14 19:30:22,092 - INFO: Fine-tuning speaker embedding model for 20 epochs...
2026-01-14 19:30:23,041 - INFO: Epoch: [0][  0/301]	Time  0.923 ( 0.923)	Loss 6.8149e-01 (6.8149e-01)	Acc pseudo  84.38 ( 84.38)	Lr 1.000e-03 (1.000e-03)
2026-01-14 19:30:23,305 - INFO: Epoch: [0][ 50/301]	Time  0.003 ( 0.023)	Loss 8.1575e-01 (6.7385e-01)	Acc pseudo  71.88 ( 80.88)	Lr 1.000e-03 (1.000e-03)
2026-01-14 19:30:23,478 - INFO: Epoch: [0][100/301]	Time  0.004 ( 0.013)	Loss 5.4141e-01 (6.6764e-01)	Acc pseudo  82.81 ( 80.65)	Lr 1.000e-03 (1.000e-03)
2026-01-14 19:30:23,646 - INFO: Epoch: [0][150/301]	Time  0.004 ( 0.010)	Loss 5.5336e-01 (6.7388e-01)	Acc pseudo  79.69 ( 80.77)	Lr 1.000e-03 (1.000e-03)
2026-01-14 19:30:23,810 - INFO: Epoch: [0][200/301]	Time  0.003 ( 0.008)	Loss 5.5921e-01 (6.5913e-01)	Acc pseudo  84.38 ( 80.90)	Lr 1.000e-03 (1.000e-03)
2026-01-14 19:30:23,970 - INFO: Epoch: [0][250/301]	Time  0.003 ( 0.007)	Loss 5.9385e-01 (6.6458e-01)	Acc pseudo  79.69 ( 80.75)	Lr 1.000e-03 (1.000e-03)
2026-01-14 19:30:24,126 - INFO: Epoch: [0][300/301]	Time  0.003 ( 0.007)	Loss 3.0654e-01 (6.6308e-01)	Acc pseudo  92.00 ( 80.97)	Lr 1.000e-03 (1.000e-03)
2026-01-14 19:30:24,182 - INFO: Round 1, Fine-tune Epoch 0: loss=0.6631, acc(pseudo)=80.97%
2026-01-14 19:30:31,603 - INFO: Round 1, Fine-tune Epoch 0: acc(valid_pseudo): 0.9181, acc: 0.7995
2026-01-14 19:30:32,081 - INFO: Epoch: [1][  0/301]	Time  0.295 ( 0.295)	Loss 1.0136e+00 (1.0136e+00)	Acc pseudo  75.00 ( 75.00)	Lr 1.000e-03 (1.000e-03)
2026-01-14 19:30:32,325 - INFO: Epoch: [1][ 50/301]	Time  0.003 ( 0.010)	Loss 3.6903e-01 (5.7406e-01)	Acc pseudo  84.38 ( 81.62)	Lr 1.000e-03 (1.000e-03)
2026-01-14 19:30:32,492 - INFO: Epoch: [1][100/301]	Time  0.003 ( 0.007)	Loss 6.2205e-01 (5.7038e-01)	Acc pseudo  84.38 ( 82.13)	Lr 1.000e-03 (1.000e-03)
2026-01-14 19:30:32,667 - INFO: Epoch: [1][150/301]	Time  0.004 ( 0.006)	Loss 6.0530e-01 (5.7689e-01)	Acc pseudo  81.25 ( 82.23)	Lr 1.000e-03 (1.000e-03)
2026-01-14 19:30:32,837 - INFO: Epoch: [1][200/301]	Time  0.003 ( 0.005)	Loss 5.0647e-01 (5.8220e-01)	Acc pseudo  87.50 ( 82.18)	Lr 1.000e-03 (1.000e-03)
2026-01-14 19:30:32,993 - INFO: Epoch: [1][250/301]	Time  0.002 ( 0.005)	Loss 3.3740e-01 (5.8798e-01)	Acc pseudo  92.19 ( 82.34)	Lr 1.000e-03 (1.000e-03)
2026-01-14 19:30:33,139 - INFO: Epoch: [1][300/301]	Time  0.002 ( 0.004)	Loss 4.0683e-01 (5.9479e-01)	Acc pseudo  80.00 ( 82.08)	Lr 1.000e-03 (1.000e-03)
2026-01-14 19:30:33,199 - INFO: Round 1, Fine-tune Epoch 1: loss=0.5948, acc(pseudo)=82.08%
2026-01-14 19:30:41,001 - INFO: Round 1, Fine-tune Epoch 1: acc(valid_pseudo): 0.9493, acc: 0.8430
2026-01-14 19:30:41,456 - INFO: Epoch: [2][  0/301]	Time  0.280 ( 0.280)	Loss 7.3791e-01 (7.3791e-01)	Acc pseudo  85.94 ( 85.94)	Lr 1.000e-03 (1.000e-03)
2026-01-14 19:30:41,719 - INFO: Epoch: [2][ 50/301]	Time  0.003 ( 0.011)	Loss 4.6950e-01 (5.6040e-01)	Acc pseudo  79.69 ( 82.81)	Lr 1.000e-03 (1.000e-03)
2026-01-14 19:30:41,891 - INFO: Epoch: [2][100/301]	Time  0.003 ( 0.007)	Loss 7.8168e-01 (5.4473e-01)	Acc pseudo  75.00 ( 83.09)	Lr 1.000e-03 (1.000e-03)
2026-01-14 19:30:42,050 - INFO: Epoch: [2][150/301]	Time  0.003 ( 0.006)	Loss 4.0197e-01 (5.6187e-01)	Acc pseudo  87.50 ( 83.06)	Lr 1.000e-03 (1.000e-03)
2026-01-14 19:30:42,210 - INFO: Epoch: [2][200/301]	Time  0.002 ( 0.005)	Loss 5.0820e-01 (5.6443e-01)	Acc pseudo  81.25 ( 82.91)	Lr 1.000e-03 (1.000e-03)
2026-01-14 19:30:42,379 - INFO: Epoch: [2][250/301]	Time  0.003 ( 0.005)	Loss 5.3576e-01 (5.7083e-01)	Acc pseudo  75.00 ( 82.46)	Lr 1.000e-03 (1.000e-03)
2026-01-14 19:30:42,537 - INFO: Epoch: [2][300/301]	Time  0.002 ( 0.004)	Loss 8.3844e-01 (5.7719e-01)	Acc pseudo  68.00 ( 82.41)	Lr 1.000e-03 (1.000e-03)
2026-01-14 19:30:42,620 - INFO: Round 1, Fine-tune Epoch 2: loss=0.5772, acc(pseudo)=82.41%
2026-01-14 19:30:50,527 - INFO: Round 1, Fine-tune Epoch 2: acc(valid_pseudo): 0.9006, acc: 0.8340
2026-01-14 19:30:50,527 - INFO: Round 1, Speaker Fine-tune Epoch 2: No improvement in validation accuracy. Patience(epoch): 1/3
2026-01-14 19:30:50,818 - INFO: Epoch: [3][  0/301]	Time  0.285 ( 0.285)	Loss 6.4066e-01 (6.4066e-01)	Acc pseudo  78.12 ( 78.12)	Lr 1.000e-03 (1.000e-03)
2026-01-14 19:30:51,082 - INFO: Epoch: [3][ 50/301]	Time  0.003 ( 0.011)	Loss 9.3451e-01 (5.6444e-01)	Acc pseudo  75.00 ( 84.28)	Lr 1.000e-03 (1.000e-03)
2026-01-14 19:30:51,255 - INFO: Epoch: [3][100/301]	Time  0.003 ( 0.007)	Loss 3.5811e-01 (5.5720e-01)	Acc pseudo  84.38 ( 83.79)	Lr 1.000e-03 (1.000e-03)
2026-01-14 19:30:51,441 - INFO: Epoch: [3][150/301]	Time  0.004 ( 0.006)	Loss 6.3433e-01 (5.5514e-01)	Acc pseudo  85.94 ( 83.77)	Lr 1.000e-03 (1.000e-03)
2026-01-14 19:30:51,607 - INFO: Epoch: [3][200/301]	Time  0.003 ( 0.005)	Loss 3.5296e-01 (5.4868e-01)	Acc pseudo  87.50 ( 83.82)	Lr 1.000e-03 (1.000e-03)
2026-01-14 19:30:51,771 - INFO: Epoch: [3][250/301]	Time  0.003 ( 0.005)	Loss 4.6464e-01 (5.4720e-01)	Acc pseudo  87.50 ( 83.61)	Lr 1.000e-03 (1.000e-03)
2026-01-14 19:30:51,950 - INFO: Epoch: [3][300/301]	Time  0.003 ( 0.005)	Loss 6.1895e-01 (5.5146e-01)	Acc pseudo  84.00 ( 83.42)	Lr 1.000e-03 (1.000e-03)
2026-01-14 19:30:52,000 - INFO: Round 1, Fine-tune Epoch 3: loss=0.5515, acc(pseudo)=83.42%
2026-01-14 19:31:00,310 - INFO: Round 1, Fine-tune Epoch 3: acc(valid_pseudo): 0.9350, acc: 0.8240
2026-01-14 19:31:00,311 - INFO: Round 1, Speaker Fine-tune Epoch 3: No improvement in validation accuracy. Patience(epoch): 2/3
2026-01-14 19:31:00,609 - INFO: Epoch: [4][  0/301]	Time  0.293 ( 0.293)	Loss 6.9856e-01 (6.9856e-01)	Acc pseudo  79.69 ( 79.69)	Lr 1.000e-03 (1.000e-03)
2026-01-14 19:31:00,874 - INFO: Epoch: [4][ 50/301]	Time  0.003 ( 0.011)	Loss 4.5090e-01 (5.1408e-01)	Acc pseudo  84.38 ( 85.08)	Lr 1.000e-03 (1.000e-03)
2026-01-14 19:31:01,052 - INFO: Epoch: [4][100/301]	Time  0.005 ( 0.007)	Loss 4.7773e-01 (5.2436e-01)	Acc pseudo  89.06 ( 83.94)	Lr 1.000e-03 (1.000e-03)
2026-01-14 19:31:01,249 - INFO: Epoch: [4][150/301]	Time  0.004 ( 0.006)	Loss 4.0251e-01 (5.1743e-01)	Acc pseudo  79.69 ( 84.20)	Lr 1.000e-03 (1.000e-03)
2026-01-14 19:31:01,426 - INFO: Epoch: [4][200/301]	Time  0.002 ( 0.005)	Loss 4.1048e-01 (5.2549e-01)	Acc pseudo  85.94 ( 84.08)	Lr 1.000e-03 (1.000e-03)
2026-01-14 19:31:01,582 - INFO: Epoch: [4][250/301]	Time  0.003 ( 0.005)	Loss 6.7211e-01 (5.2946e-01)	Acc pseudo  79.69 ( 83.93)	Lr 1.000e-03 (1.000e-03)
2026-01-14 19:31:01,736 - INFO: Epoch: [4][300/301]	Time  0.002 ( 0.005)	Loss 5.4041e-01 (5.3794e-01)	Acc pseudo  80.00 ( 83.65)	Lr 1.000e-03 (1.000e-03)
2026-01-14 19:31:01,808 - INFO: Round 1, Fine-tune Epoch 4: loss=0.5379, acc(pseudo)=83.65%
2026-01-14 19:31:10,810 - INFO: Round 1, Fine-tune Epoch 4: acc(valid_pseudo): 0.8912, acc: 0.7540
2026-01-14 19:31:10,810 - INFO: Round 1, Speaker Fine-tune Epoch 4: No improvement in validation accuracy. Patience(epoch): 3/3
2026-01-14 19:31:10,810 - INFO: Early stopping at epoch 4 due to no improvement in validation accuracy for 3 epochs.
2026-01-14 19:31:10,811 - INFO: Round 1: Best speaker fine-tuned epoch=1, acc(valid_pseudo)=0.9493
2026-01-14 19:31:10,816 - INFO: Fine-tuning face embedding model for 20 epochs...
2026-01-14 19:31:11,998 - INFO: Epoch: [0][  0/582]	Time  1.154 ( 1.154)	Loss 3.0689e-01 (3.0689e-01)	Acc pseudo  89.06 ( 89.06)	Lr 1.000e-03 (1.000e-03)
2026-01-14 19:31:16,810 - INFO: Epoch: [0][ 50/582]	Time  0.027 ( 0.055)	Loss 5.5722e-01 (3.7178e-01)	Acc pseudo  87.50 ( 86.83)	Lr 1.000e-03 (1.000e-03)
2026-01-14 19:31:21,480 - INFO: Epoch: [0][100/582]	Time  0.035 ( 0.043)	Loss 4.4986e-01 (3.6953e-01)	Acc pseudo  84.38 ( 87.02)	Lr 1.000e-03 (1.000e-03)
2026-01-14 19:31:26,157 - INFO: Epoch: [0][150/582]	Time  0.028 ( 0.039)	Loss 4.4764e-01 (3.6200e-01)	Acc pseudo  79.69 ( 87.27)	Lr 1.000e-03 (1.000e-03)
2026-01-14 19:31:30,830 - INFO: Epoch: [0][200/582]	Time  0.034 ( 0.036)	Loss 2.9654e-01 (3.5300e-01)	Acc pseudo  85.94 ( 87.39)	Lr 1.000e-03 (1.000e-03)
2026-01-14 19:31:35,509 - INFO: Epoch: [0][250/582]	Time  0.031 ( 0.035)	Loss 4.3121e-01 (3.6786e-01)	Acc pseudo  81.25 ( 87.04)	Lr 1.000e-03 (1.000e-03)
2026-01-14 19:31:40,190 - INFO: Epoch: [0][300/582]	Time  0.040 ( 0.034)	Loss 1.9269e-01 (3.6568e-01)	Acc pseudo  87.50 ( 86.88)	Lr 1.000e-03 (1.000e-03)
2026-01-14 19:31:44,924 - INFO: Epoch: [0][350/582]	Time  0.030 ( 0.033)	Loss 1.7397e-01 (3.6757e-01)	Acc pseudo  90.62 ( 86.85)	Lr 1.000e-03 (1.000e-03)
2026-01-14 19:31:50,460 - INFO: Epoch: [0][400/582]	Time  0.028 ( 0.035)	Loss 2.4190e-01 (3.6848e-01)	Acc pseudo  90.62 ( 86.79)	Lr 1.000e-03 (1.000e-03)
2026-01-14 19:31:55,955 - INFO: Epoch: [0][450/582]	Time  0.030 ( 0.036)	Loss 3.4751e-01 (3.7016e-01)	Acc pseudo  85.94 ( 86.73)	Lr 1.000e-03 (1.000e-03)
2026-01-14 19:32:00,641 - INFO: Epoch: [0][500/582]	Time  0.027 ( 0.036)	Loss 2.7134e-01 (3.6891e-01)	Acc pseudo  89.06 ( 86.74)	Lr 1.000e-03 (1.000e-03)
2026-01-14 19:32:05,346 - INFO: Epoch: [0][550/582]	Time  0.028 ( 0.035)	Loss 1.9904e-01 (3.6765e-01)	Acc pseudo  92.19 ( 86.78)	Lr 1.000e-03 (1.000e-03)
2026-01-14 19:32:08,291 - INFO: Round 1, Face Fine-tune Epoch 0: loss=0.3675, acc(pseudo)=86.78%
2026-01-14 19:33:08,046 - INFO: Round 1, Face Fine-tune Epoch 0: acc(valid_pseudo): 0.9800, acc: 0.8627
2026-01-14 19:33:09,122 - INFO: Epoch: [1][  0/582]	Time  0.711 ( 0.711)	Loss 3.0961e-01 (3.0961e-01)	Acc pseudo  87.50 ( 87.50)	Lr 1.000e-03 (1.000e-03)
2026-01-14 19:33:13,817 - INFO: Epoch: [1][ 50/582]	Time  0.028 ( 0.044)	Loss 2.4227e-01 (3.1011e-01)	Acc pseudo  90.62 ( 88.02)	Lr 1.000e-03 (1.000e-03)
2026-01-14 19:33:18,514 - INFO: Epoch: [1][100/582]	Time  0.029 ( 0.037)	Loss 8.2174e-01 (3.1279e-01)	Acc pseudo  85.94 ( 88.18)	Lr 1.000e-03 (1.000e-03)
2026-01-14 19:33:23,208 - INFO: Epoch: [1][150/582]	Time  0.030 ( 0.035)	Loss 3.0454e-01 (3.1389e-01)	Acc pseudo  84.38 ( 88.22)	Lr 1.000e-03 (1.000e-03)
2026-01-14 19:33:27,910 - INFO: Epoch: [1][200/582]	Time  0.041 ( 0.035)	Loss 1.6770e-01 (3.1682e-01)	Acc pseudo  92.19 ( 88.18)	Lr 1.000e-03 (1.000e-03)
2026-01-14 19:33:32,604 - INFO: Epoch: [1][250/582]	Time  0.031 ( 0.034)	Loss 2.7362e-01 (3.1681e-01)	Acc pseudo  85.94 ( 88.08)	Lr 1.000e-03 (1.000e-03)
2026-01-14 19:33:37,300 - INFO: Epoch: [1][300/582]	Time  0.030 ( 0.033)	Loss 2.8926e-01 (3.1465e-01)	Acc pseudo  85.94 ( 88.10)	Lr 1.000e-03 (1.000e-03)
2026-01-14 19:33:41,996 - INFO: Epoch: [1][350/582]	Time  0.028 ( 0.033)	Loss 2.1988e-01 (3.2096e-01)	Acc pseudo  89.06 ( 87.99)	Lr 1.000e-03 (1.000e-03)
2026-01-14 19:33:46,695 - INFO: Epoch: [1][400/582]	Time  0.028 ( 0.032)	Loss 4.4598e-01 (3.2369e-01)	Acc pseudo  84.38 ( 87.98)	Lr 1.000e-03 (1.000e-03)
2026-01-14 19:33:51,398 - INFO: Epoch: [1][450/582]	Time  0.027 ( 0.032)	Loss 9.1278e-01 (3.2606e-01)	Acc pseudo  78.12 ( 87.97)	Lr 1.000e-03 (1.000e-03)
2026-01-14 19:33:56,099 - INFO: Epoch: [1][500/582]	Time  0.028 ( 0.032)	Loss 4.6689e-01 (3.2814e-01)	Acc pseudo  89.06 ( 87.91)	Lr 1.000e-03 (1.000e-03)
2026-01-14 19:34:00,797 - INFO: Epoch: [1][550/582]	Time  0.028 ( 0.032)	Loss 3.4822e-01 (3.2975e-01)	Acc pseudo  89.06 ( 87.79)	Lr 1.000e-03 (1.000e-03)
2026-01-14 19:34:03,870 - INFO: Round 1, Face Fine-tune Epoch 1: loss=0.3317, acc(pseudo)=87.70%
2026-01-14 19:35:05,207 - INFO: Round 1, Face Fine-tune Epoch 1: acc(valid_pseudo): 0.9770, acc: 0.8647
2026-01-14 19:35:05,207 - INFO: Round 1, Face Fine-tune Epoch 1: No improvement. Patience(epoch): 1/3
2026-01-14 19:35:05,885 - INFO: Epoch: [2][  0/582]	Time  0.654 ( 0.654)	Loss 1.7429e-01 (1.7429e-01)	Acc pseudo  90.62 ( 90.62)	Lr 1.000e-03 (1.000e-03)
2026-01-14 19:35:10,589 - INFO: Epoch: [2][ 50/582]	Time  0.029 ( 0.044)	Loss 3.2382e-01 (2.7572e-01)	Acc pseudo  82.81 ( 88.51)	Lr 1.000e-03 (1.000e-03)
2026-01-14 19:35:15,288 - INFO: Epoch: [2][100/582]	Time  0.040 ( 0.037)	Loss 2.4775e-01 (2.8408e-01)	Acc pseudo  87.50 ( 88.80)	Lr 1.000e-03 (1.000e-03)
2026-01-14 19:35:19,992 - INFO: Epoch: [2][150/582]	Time  0.029 ( 0.036)	Loss 2.0010e-01 (2.8469e-01)	Acc pseudo  87.50 ( 88.90)	Lr 1.000e-03 (1.000e-03)
2026-01-14 19:35:24,694 - INFO: Epoch: [2][200/582]	Time  0.037 ( 0.035)	Loss 2.6351e-01 (2.9135e-01)	Acc pseudo  90.62 ( 88.67)	Lr 1.000e-03 (1.000e-03)
2026-01-14 19:35:29,395 - INFO: Epoch: [2][250/582]	Time  0.029 ( 0.034)	Loss 3.4015e-01 (2.9092e-01)	Acc pseudo  92.19 ( 88.66)	Lr 1.000e-03 (1.000e-03)
2026-01-14 19:35:34,151 - INFO: Epoch: [2][300/582]	Time  0.027 ( 0.033)	Loss 2.3800e-01 (2.9302e-01)	Acc pseudo  87.50 ( 88.47)	Lr 1.000e-03 (1.000e-03)
2026-01-14 19:35:38,849 - INFO: Epoch: [2][350/582]	Time  0.029 ( 0.033)	Loss 3.8785e-01 (2.9444e-01)	Acc pseudo  87.50 ( 88.50)	Lr 1.000e-03 (1.000e-03)
2026-01-14 19:35:43,549 - INFO: Epoch: [2][400/582]	Time  0.028 ( 0.032)	Loss 3.0354e-01 (2.9323e-01)	Acc pseudo  89.06 ( 88.56)	Lr 1.000e-03 (1.000e-03)
2026-01-14 19:35:48,250 - INFO: Epoch: [2][450/582]	Time  0.028 ( 0.032)	Loss 3.5481e-01 (2.9421e-01)	Acc pseudo  89.06 ( 88.47)	Lr 1.000e-03 (1.000e-03)
2026-01-14 19:35:52,949 - INFO: Epoch: [2][500/582]	Time  0.028 ( 0.031)	Loss 2.7064e-01 (2.9560e-01)	Acc pseudo  87.50 ( 88.44)	Lr 1.000e-03 (1.000e-03)
2026-01-14 19:35:57,656 - INFO: Epoch: [2][550/582]	Time  0.030 ( 0.032)	Loss 4.8025e-01 (2.9512e-01)	Acc pseudo  82.81 ( 88.46)	Lr 1.000e-03 (1.000e-03)
2026-01-14 19:36:00,636 - INFO: Round 1, Face Fine-tune Epoch 2: loss=0.2967, acc(pseudo)=88.39%
2026-01-14 19:37:00,533 - INFO: Round 1, Face Fine-tune Epoch 2: acc(valid_pseudo): 0.9800, acc: 0.8588
2026-01-14 19:37:00,533 - INFO: Round 1, Face Fine-tune Epoch 2: No improvement. Patience(epoch): 2/3
2026-01-14 19:37:01,191 - INFO: Epoch: [3][  0/582]	Time  0.619 ( 0.619)	Loss 2.8494e-01 (2.8494e-01)	Acc pseudo  85.94 ( 85.94)	Lr 1.000e-03 (1.000e-03)
2026-01-14 19:37:05,885 - INFO: Epoch: [3][ 50/582]	Time  0.028 ( 0.042)	Loss 2.2168e-01 (2.7641e-01)	Acc pseudo  89.06 ( 88.73)	Lr 1.000e-03 (1.000e-03)
2026-01-14 19:37:10,581 - INFO: Epoch: [3][100/582]	Time  0.028 ( 0.035)	Loss 3.0440e-01 (2.8253e-01)	Acc pseudo  95.31 ( 88.52)	Lr 1.000e-03 (1.000e-03)
2026-01-14 19:37:15,278 - INFO: Epoch: [3][150/582]	Time  0.028 ( 0.033)	Loss 2.3785e-01 (2.8505e-01)	Acc pseudo  87.50 ( 88.60)	Lr 1.000e-03 (1.000e-03)
2026-01-14 19:37:19,974 - INFO: Epoch: [3][200/582]	Time  0.027 ( 0.032)	Loss 1.7956e-01 (2.8220e-01)	Acc pseudo  92.19 ( 88.60)	Lr 1.000e-03 (1.000e-03)
2026-01-14 19:37:24,671 - INFO: Epoch: [3][250/582]	Time  0.030 ( 0.031)	Loss 2.2979e-01 (2.8528e-01)	Acc pseudo  92.19 ( 88.61)	Lr 1.000e-03 (1.000e-03)
2026-01-14 19:37:29,371 - INFO: Epoch: [3][300/582]	Time  0.028 ( 0.031)	Loss 2.8980e-01 (2.8615e-01)	Acc pseudo  85.94 ( 88.59)	Lr 1.000e-03 (1.000e-03)
2026-01-14 19:37:34,069 - INFO: Epoch: [3][350/582]	Time  0.028 ( 0.030)	Loss 1.6215e-01 (2.8098e-01)	Acc pseudo  92.19 ( 88.79)	Lr 1.000e-03 (1.000e-03)
2026-01-14 19:37:38,770 - INFO: Epoch: [3][400/582]	Time  0.030 ( 0.030)	Loss 3.4342e-01 (2.8373e-01)	Acc pseudo  87.50 ( 88.69)	Lr 1.000e-03 (1.000e-03)
2026-01-14 19:37:43,468 - INFO: Epoch: [3][450/582]	Time  0.029 ( 0.030)	Loss 2.5665e-01 (2.8438e-01)	Acc pseudo  89.06 ( 88.64)	Lr 1.000e-03 (1.000e-03)
2026-01-14 19:37:48,175 - INFO: Epoch: [3][500/582]	Time  0.040 ( 0.031)	Loss 2.6456e-01 (2.8437e-01)	Acc pseudo  85.94 ( 88.63)	Lr 1.000e-03 (1.000e-03)
2026-01-14 19:37:52,887 - INFO: Epoch: [3][550/582]	Time  0.040 ( 0.031)	Loss 2.3539e-01 (2.8664e-01)	Acc pseudo  87.50 ( 88.56)	Lr 1.000e-03 (1.000e-03)
2026-01-14 19:37:55,861 - INFO: Round 1, Face Fine-tune Epoch 3: loss=0.2879, acc(pseudo)=88.57%
2026-01-14 19:38:55,738 - INFO: Round 1, Face Fine-tune Epoch 3: acc(valid_pseudo): 0.9818, acc: 0.8588
2026-01-14 19:38:57,036 - INFO: Epoch: [4][  0/582]	Time  0.702 ( 0.702)	Loss 5.7478e-01 (5.7478e-01)	Acc pseudo  82.81 ( 82.81)	Lr 1.000e-03 (1.000e-03)
2026-01-14 19:39:01,743 - INFO: Epoch: [4][ 50/582]	Time  0.032 ( 0.045)	Loss 3.6788e-01 (2.8345e-01)	Acc pseudo  84.38 ( 88.27)	Lr 1.000e-03 (1.000e-03)
2026-01-14 19:39:06,449 - INFO: Epoch: [4][100/582]	Time  0.030 ( 0.041)	Loss 4.8432e-01 (2.6671e-01)	Acc pseudo  82.81 ( 89.12)	Lr 1.000e-03 (1.000e-03)
2026-01-14 19:39:11,156 - INFO: Epoch: [4][150/582]	Time  0.039 ( 0.039)	Loss 1.5674e-01 (2.7581e-01)	Acc pseudo  95.31 ( 88.89)	Lr 1.000e-03 (1.000e-03)
2026-01-14 19:39:15,861 - INFO: Epoch: [4][200/582]	Time  0.028 ( 0.037)	Loss 3.8910e-01 (2.7485e-01)	Acc pseudo  84.38 ( 89.00)	Lr 1.000e-03 (1.000e-03)
2026-01-14 19:39:20,559 - INFO: Epoch: [4][250/582]	Time  0.030 ( 0.036)	Loss 2.4866e-01 (2.7587e-01)	Acc pseudo  87.50 ( 88.91)	Lr 1.000e-03 (1.000e-03)
2026-01-14 19:39:25,258 - INFO: Epoch: [4][300/582]	Time  0.028 ( 0.035)	Loss 3.9308e-01 (2.7555e-01)	Acc pseudo  89.06 ( 88.96)	Lr 1.000e-03 (1.000e-03)
2026-01-14 19:39:29,958 - INFO: Epoch: [4][350/582]	Time  0.028 ( 0.034)	Loss 2.7523e-01 (2.7952e-01)	Acc pseudo  85.94 ( 88.84)	Lr 1.000e-03 (1.000e-03)
2026-01-14 19:39:34,664 - INFO: Epoch: [4][400/582]	Time  0.037 ( 0.034)	Loss 2.0222e-01 (2.8223e-01)	Acc pseudo  85.94 ( 88.81)	Lr 1.000e-03 (1.000e-03)
2026-01-14 19:39:39,365 - INFO: Epoch: [4][450/582]	Time  0.029 ( 0.034)	Loss 4.5978e-01 (2.8343e-01)	Acc pseudo  85.94 ( 88.77)	Lr 1.000e-03 (1.000e-03)
2026-01-14 19:39:44,070 - INFO: Epoch: [4][500/582]	Time  0.040 ( 0.034)	Loss 2.2106e-01 (2.8512e-01)	Acc pseudo  92.19 ( 88.69)	Lr 1.000e-03 (1.000e-03)
2026-01-14 19:39:48,778 - INFO: Epoch: [4][550/582]	Time  0.029 ( 0.034)	Loss 2.7382e-01 (2.8687e-01)	Acc pseudo  87.50 ( 88.57)	Lr 1.000e-03 (1.000e-03)
2026-01-14 19:39:51,735 - INFO: Round 1, Face Fine-tune Epoch 4: loss=0.2843, acc(pseudo)=88.65%
2026-01-14 19:40:50,107 - INFO: Round 1, Face Fine-tune Epoch 4: acc(valid_pseudo): 0.9808, acc: 0.8559
2026-01-14 19:40:50,107 - INFO: Round 1, Face Fine-tune Epoch 4: No improvement. Patience(epoch): 1/3
2026-01-14 19:40:50,848 - INFO: Epoch: [5][  0/582]	Time  0.713 ( 0.713)	Loss 1.5634e-01 (1.5634e-01)	Acc pseudo  92.19 ( 92.19)	Lr 1.000e-03 (1.000e-03)
2026-01-14 19:40:55,553 - INFO: Epoch: [5][ 50/582]	Time  0.030 ( 0.048)	Loss 1.8118e-01 (2.5877e-01)	Acc pseudo  93.75 ( 89.77)	Lr 1.000e-03 (1.000e-03)
2026-01-14 19:41:00,258 - INFO: Epoch: [5][100/582]	Time  0.037 ( 0.042)	Loss 1.9991e-01 (2.5401e-01)	Acc pseudo  92.19 ( 89.63)	Lr 1.000e-03 (1.000e-03)
2026-01-14 19:41:05,018 - INFO: Epoch: [5][150/582]	Time  0.035 ( 0.040)	Loss 2.6853e-01 (2.5872e-01)	Acc pseudo  92.19 ( 89.61)	Lr 1.000e-03 (1.000e-03)
2026-01-14 19:41:09,721 - INFO: Epoch: [5][200/582]	Time  0.037 ( 0.038)	Loss 4.2906e-01 (2.5560e-01)	Acc pseudo  84.38 ( 89.74)	Lr 1.000e-03 (1.000e-03)
2026-01-14 19:41:14,426 - INFO: Epoch: [5][250/582]	Time  0.037 ( 0.038)	Loss 2.8561e-01 (2.5888e-01)	Acc pseudo  89.06 ( 89.52)	Lr 1.000e-03 (1.000e-03)
2026-01-14 19:41:19,129 - INFO: Epoch: [5][300/582]	Time  0.030 ( 0.037)	Loss 3.0074e-01 (2.5744e-01)	Acc pseudo  87.50 ( 89.58)	Lr 1.000e-03 (1.000e-03)
2026-01-14 19:41:23,830 - INFO: Epoch: [5][350/582]	Time  0.028 ( 0.036)	Loss 3.0544e-01 (2.6411e-01)	Acc pseudo  85.94 ( 89.46)	Lr 1.000e-03 (1.000e-03)
2026-01-14 19:41:28,530 - INFO: Epoch: [5][400/582]	Time  0.029 ( 0.035)	Loss 3.4438e-01 (2.6688e-01)	Acc pseudo  92.19 ( 89.30)	Lr 1.000e-03 (1.000e-03)
2026-01-14 19:41:33,229 - INFO: Epoch: [5][450/582]	Time  0.028 ( 0.034)	Loss 1.2352e-01 (2.6911e-01)	Acc pseudo  95.31 ( 89.14)	Lr 1.000e-03 (1.000e-03)
2026-01-14 19:41:37,921 - INFO: Epoch: [5][500/582]	Time  0.029 ( 0.033)	Loss 2.4804e-01 (2.7112e-01)	Acc pseudo  85.94 ( 89.03)	Lr 1.000e-03 (1.000e-03)
2026-01-14 19:41:42,617 - INFO: Epoch: [5][550/582]	Time  0.030 ( 0.033)	Loss 2.4179e-01 (2.6876e-01)	Acc pseudo  89.06 ( 89.06)	Lr 1.000e-03 (1.000e-03)
2026-01-14 19:41:45,575 - INFO: Round 1, Face Fine-tune Epoch 5: loss=0.2695, acc(pseudo)=89.00%
2026-01-14 19:42:45,247 - INFO: Round 1, Face Fine-tune Epoch 5: acc(valid_pseudo): 0.9836, acc: 0.8656
2026-01-14 19:42:46,221 - INFO: Epoch: [6][  0/582]	Time  0.604 ( 0.604)	Loss 1.4320e-01 (1.4320e-01)	Acc pseudo  93.75 ( 93.75)	Lr 1.000e-03 (1.000e-03)
2026-01-14 19:42:50,925 - INFO: Epoch: [6][ 50/582]	Time  0.037 ( 0.046)	Loss 3.0186e-01 (2.2504e-01)	Acc pseudo  95.31 ( 90.84)	Lr 1.000e-03 (1.000e-03)
2026-01-14 19:42:55,631 - INFO: Epoch: [6][100/582]	Time  0.043 ( 0.041)	Loss 2.9703e-01 (2.3410e-01)	Acc pseudo  89.06 ( 90.45)	Lr 1.000e-03 (1.000e-03)
2026-01-14 19:43:00,337 - INFO: Epoch: [6][150/582]	Time  0.028 ( 0.039)	Loss 2.8642e-01 (2.4702e-01)	Acc pseudo  85.94 ( 89.85)	Lr 1.000e-03 (1.000e-03)
2026-01-14 19:43:05,038 - INFO: Epoch: [6][200/582]	Time  0.030 ( 0.037)	Loss 3.1284e-01 (2.4816e-01)	Acc pseudo  82.81 ( 89.86)	Lr 1.000e-03 (1.000e-03)
2026-01-14 19:43:09,738 - INFO: Epoch: [6][250/582]	Time  0.028 ( 0.035)	Loss 2.4418e-01 (2.5030e-01)	Acc pseudo  87.50 ( 89.77)	Lr 1.000e-03 (1.000e-03)
2026-01-14 19:43:14,443 - INFO: Epoch: [6][300/582]	Time  0.028 ( 0.034)	Loss 3.5896e-01 (2.4994e-01)	Acc pseudo  84.38 ( 89.66)	Lr 1.000e-03 (1.000e-03)
2026-01-14 19:43:19,148 - INFO: Epoch: [6][350/582]	Time  0.029 ( 0.034)	Loss 2.4313e-01 (2.5223e-01)	Acc pseudo  85.94 ( 89.62)	Lr 1.000e-03 (1.000e-03)
2026-01-14 19:43:23,857 - INFO: Epoch: [6][400/582]	Time  0.028 ( 0.034)	Loss 3.2613e-01 (2.4807e-01)	Acc pseudo  85.94 ( 89.80)	Lr 1.000e-03 (1.000e-03)
2026-01-14 19:43:28,555 - INFO: Epoch: [6][450/582]	Time  0.028 ( 0.033)	Loss 3.3059e-01 (2.5153e-01)	Acc pseudo  85.94 ( 89.75)	Lr 1.000e-03 (1.000e-03)
2026-01-14 19:43:33,256 - INFO: Epoch: [6][500/582]	Time  0.028 ( 0.033)	Loss 2.3791e-01 (2.5471e-01)	Acc pseudo  90.62 ( 89.62)	Lr 1.000e-03 (1.000e-03)
2026-01-14 19:43:37,961 - INFO: Epoch: [6][550/582]	Time  0.028 ( 0.032)	Loss 3.4960e-01 (2.5680e-01)	Acc pseudo  84.38 ( 89.44)	Lr 1.000e-03 (1.000e-03)
2026-01-14 19:43:40,921 - INFO: Round 1, Face Fine-tune Epoch 6: loss=0.2604, acc(pseudo)=89.37%
2026-01-14 19:44:39,601 - INFO: Round 1, Face Fine-tune Epoch 6: acc(valid_pseudo): 0.9836, acc: 0.8647
2026-01-14 19:44:39,601 - INFO: Round 1, Face Fine-tune Epoch 6: No improvement. Patience(epoch): 1/3
2026-01-14 19:44:40,270 - INFO: Epoch: [7][  0/582]	Time  0.633 ( 0.633)	Loss 3.8524e-01 (3.8524e-01)	Acc pseudo  84.38 ( 84.38)	Lr 1.000e-03 (1.000e-03)
2026-01-14 19:44:44,974 - INFO: Epoch: [7][ 50/582]	Time  0.029 ( 0.042)	Loss 1.6374e-01 (2.3142e-01)	Acc pseudo  90.62 ( 89.95)	Lr 1.000e-03 (1.000e-03)
2026-01-14 19:44:49,675 - INFO: Epoch: [7][100/582]	Time  0.028 ( 0.035)	Loss 2.7969e-01 (2.4866e-01)	Acc pseudo  87.50 ( 89.33)	Lr 1.000e-03 (1.000e-03)
2026-01-14 19:44:54,385 - INFO: Epoch: [7][150/582]	Time  0.027 ( 0.033)	Loss 1.8694e-01 (2.4783e-01)	Acc pseudo  92.19 ( 89.47)	Lr 1.000e-03 (1.000e-03)
2026-01-14 19:44:59,086 - INFO: Epoch: [7][200/582]	Time  0.028 ( 0.032)	Loss 8.2166e-02 (2.4880e-01)	Acc pseudo  98.44 ( 89.64)	Lr 1.000e-03 (1.000e-03)
2026-01-14 19:45:03,788 - INFO: Epoch: [7][250/582]	Time  0.030 ( 0.031)	Loss 2.0947e-01 (2.5212e-01)	Acc pseudo  95.31 ( 89.71)	Lr 1.000e-03 (1.000e-03)
2026-01-14 19:45:08,491 - INFO: Epoch: [7][300/582]	Time  0.030 ( 0.031)	Loss 1.4356e-01 (2.5143e-01)	Acc pseudo  89.06 ( 89.69)	Lr 1.000e-03 (1.000e-03)
2026-01-14 19:45:13,195 - INFO: Epoch: [7][350/582]	Time  0.029 ( 0.031)	Loss 3.5694e-01 (2.4890e-01)	Acc pseudo  84.38 ( 89.64)	Lr 1.000e-03 (1.000e-03)
2026-01-14 19:45:17,892 - INFO: Epoch: [7][400/582]	Time  0.029 ( 0.031)	Loss 3.1771e-01 (2.5100e-01)	Acc pseudo  87.50 ( 89.67)	Lr 1.000e-03 (1.000e-03)
2026-01-14 19:45:22,603 - INFO: Epoch: [7][450/582]	Time  0.036 ( 0.031)	Loss 2.4406e-01 (2.5301e-01)	Acc pseudo  89.06 ( 89.66)	Lr 1.000e-03 (1.000e-03)
2026-01-14 19:45:27,311 - INFO: Epoch: [7][500/582]	Time  0.028 ( 0.031)	Loss 3.6707e-01 (2.5219e-01)	Acc pseudo  90.62 ( 89.73)	Lr 1.000e-03 (1.000e-03)
2026-01-14 19:45:32,016 - INFO: Epoch: [7][550/582]	Time  0.039 ( 0.031)	Loss 2.9645e-01 (2.5603e-01)	Acc pseudo  89.06 ( 89.61)	Lr 1.000e-03 (1.000e-03)
2026-01-14 19:45:34,976 - INFO: Round 1, Face Fine-tune Epoch 7: loss=0.2573, acc(pseudo)=89.60%
2026-01-14 19:46:35,737 - INFO: Round 1, Face Fine-tune Epoch 7: acc(valid_pseudo): 0.9833, acc: 0.8656
2026-01-14 19:46:35,738 - INFO: Round 1, Face Fine-tune Epoch 7: No improvement. Patience(epoch): 2/3
2026-01-14 19:46:36,385 - INFO: Epoch: [8][  0/582]	Time  0.613 ( 0.613)	Loss 2.2833e-01 (2.2833e-01)	Acc pseudo  89.06 ( 89.06)	Lr 1.000e-03 (1.000e-03)
2026-01-14 19:46:41,087 - INFO: Epoch: [8][ 50/582]	Time  0.031 ( 0.044)	Loss 1.4206e-01 (2.3123e-01)	Acc pseudo  93.75 ( 90.44)	Lr 1.000e-03 (1.000e-03)
2026-01-14 19:46:45,787 - INFO: Epoch: [8][100/582]	Time  0.027 ( 0.037)	Loss 1.4342e-01 (2.2579e-01)	Acc pseudo  95.31 ( 90.72)	Lr 1.000e-03 (1.000e-03)
2026-01-14 19:46:50,487 - INFO: Epoch: [8][150/582]	Time  0.035 ( 0.035)	Loss 2.4700e-01 (2.2942e-01)	Acc pseudo  84.38 ( 90.44)	Lr 1.000e-03 (1.000e-03)
2026-01-14 19:46:55,191 - INFO: Epoch: [8][200/582]	Time  0.041 ( 0.034)	Loss 2.0308e-01 (2.3539e-01)	Acc pseudo  92.19 ( 90.35)	Lr 1.000e-03 (1.000e-03)
2026-01-14 19:46:59,893 - INFO: Epoch: [8][250/582]	Time  0.028 ( 0.033)	Loss 2.3970e-01 (2.3622e-01)	Acc pseudo  84.38 ( 90.29)	Lr 1.000e-03 (1.000e-03)
2026-01-14 19:47:04,598 - INFO: Epoch: [8][300/582]	Time  0.029 ( 0.032)	Loss 1.9306e-01 (2.4023e-01)	Acc pseudo  90.62 ( 90.03)	Lr 1.000e-03 (1.000e-03)
2026-01-14 19:47:09,304 - INFO: Epoch: [8][350/582]	Time  0.031 ( 0.032)	Loss 1.8084e-01 (2.4236e-01)	Acc pseudo  92.19 ( 90.04)	Lr 1.000e-03 (1.000e-03)
2026-01-14 19:47:14,006 - INFO: Epoch: [8][400/582]	Time  0.028 ( 0.032)	Loss 1.3708e-01 (2.4621e-01)	Acc pseudo  95.31 ( 89.90)	Lr 1.000e-03 (1.000e-03)
2026-01-14 19:47:18,708 - INFO: Epoch: [8][450/582]	Time  0.028 ( 0.032)	Loss 1.2453e-01 (2.4712e-01)	Acc pseudo  96.88 ( 89.82)	Lr 1.000e-03 (1.000e-03)
2026-01-14 19:47:23,415 - INFO: Epoch: [8][500/582]	Time  0.029 ( 0.032)	Loss 1.6043e-01 (2.4913e-01)	Acc pseudo  92.19 ( 89.76)	Lr 1.000e-03 (1.000e-03)
2026-01-14 19:47:28,123 - INFO: Epoch: [8][550/582]	Time  0.030 ( 0.032)	Loss 1.9536e-01 (2.5145e-01)	Acc pseudo  92.19 ( 89.65)	Lr 1.000e-03 (1.000e-03)
2026-01-14 19:47:31,089 - INFO: Round 1, Face Fine-tune Epoch 8: loss=0.2516, acc(pseudo)=89.60%
2026-01-14 19:48:30,690 - INFO: Round 1, Face Fine-tune Epoch 8: acc(valid_pseudo): 0.9839, acc: 0.8637
2026-01-14 19:48:31,652 - INFO: Epoch: [9][  0/582]	Time  0.599 ( 0.599)	Loss 2.0460e-01 (2.0460e-01)	Acc pseudo  92.19 ( 92.19)	Lr 1.000e-03 (1.000e-03)
2026-01-14 19:48:36,360 - INFO: Epoch: [9][ 50/582]	Time  0.033 ( 0.043)	Loss 1.8890e-01 (2.2256e-01)	Acc pseudo  93.75 ( 90.69)	Lr 1.000e-03 (1.000e-03)
2026-01-14 19:48:41,064 - INFO: Epoch: [9][100/582]	Time  0.027 ( 0.039)	Loss 1.0311e-01 (2.2375e-01)	Acc pseudo  92.19 ( 90.81)	Lr 1.000e-03 (1.000e-03)
2026-01-14 19:48:45,767 - INFO: Epoch: [9][150/582]	Time  0.042 ( 0.037)	Loss 3.5955e-01 (2.3227e-01)	Acc pseudo  84.38 ( 90.59)	Lr 1.000e-03 (1.000e-03)
2026-01-14 19:48:50,473 - INFO: Epoch: [9][200/582]	Time  0.029 ( 0.036)	Loss 2.3973e-01 (2.3187e-01)	Acc pseudo  92.19 ( 90.46)	Lr 1.000e-03 (1.000e-03)
2026-01-14 19:48:55,173 - INFO: Epoch: [9][250/582]	Time  0.028 ( 0.035)	Loss 1.7657e-01 (2.3223e-01)	Acc pseudo  89.06 ( 90.48)	Lr 1.000e-03 (1.000e-03)
2026-01-14 19:48:59,872 - INFO: Epoch: [9][300/582]	Time  0.029 ( 0.034)	Loss 3.3035e-01 (2.3009e-01)	Acc pseudo  87.50 ( 90.45)	Lr 1.000e-03 (1.000e-03)
2026-01-14 19:49:04,578 - INFO: Epoch: [9][350/582]	Time  0.038 ( 0.033)	Loss 2.7159e-01 (2.3299e-01)	Acc pseudo  87.50 ( 90.31)	Lr 1.000e-03 (1.000e-03)
2026-01-14 19:49:09,285 - INFO: Epoch: [9][400/582]	Time  0.029 ( 0.033)	Loss 2.2221e-01 (2.3528e-01)	Acc pseudo  92.19 ( 90.19)	Lr 1.000e-03 (1.000e-03)
2026-01-14 19:49:13,986 - INFO: Epoch: [9][450/582]	Time  0.028 ( 0.033)	Loss 1.7589e-01 (2.3597e-01)	Acc pseudo  96.88 ( 90.12)	Lr 1.000e-03 (1.000e-03)
2026-01-14 19:49:18,695 - INFO: Epoch: [9][500/582]	Time  0.029 ( 0.033)	Loss 1.7231e-01 (2.3951e-01)	Acc pseudo  87.50 ( 89.99)	Lr 1.000e-03 (1.000e-03)
2026-01-14 19:49:23,399 - INFO: Epoch: [9][550/582]	Time  0.036 ( 0.033)	Loss 2.0301e-01 (2.3966e-01)	Acc pseudo  89.06 ( 90.00)	Lr 1.000e-03 (1.000e-03)
2026-01-14 19:49:26,363 - INFO: Round 1, Face Fine-tune Epoch 9: loss=0.2396, acc(pseudo)=89.97%
2026-01-14 19:50:25,963 - INFO: Round 1, Face Fine-tune Epoch 9: acc(valid_pseudo): 0.9847, acc: 0.8676
2026-01-14 19:50:26,937 - INFO: Epoch: [10][  0/582]	Time  0.607 ( 0.607)	Loss 1.3682e-01 (1.3682e-01)	Acc pseudo  96.88 ( 96.88)	Lr 1.000e-03 (1.000e-03)
2026-01-14 19:50:31,635 - INFO: Epoch: [10][ 50/582]	Time  0.029 ( 0.041)	Loss 2.8991e-01 (2.3903e-01)	Acc pseudo  85.94 ( 90.13)	Lr 1.000e-03 (1.000e-03)
2026-01-14 19:50:36,329 - INFO: Epoch: [10][100/582]	Time  0.027 ( 0.035)	Loss 2.4318e-01 (2.2460e-01)	Acc pseudo  92.19 ( 90.69)	Lr 1.000e-03 (1.000e-03)
2026-01-14 19:50:41,021 - INFO: Epoch: [10][150/582]	Time  0.033 ( 0.033)	Loss 1.7487e-01 (2.2051e-01)	Acc pseudo  90.62 ( 90.84)	Lr 1.000e-03 (1.000e-03)
2026-01-14 19:50:45,712 - INFO: Epoch: [10][200/582]	Time  0.030 ( 0.032)	Loss 2.7009e-01 (2.2466e-01)	Acc pseudo  92.19 ( 90.62)	Lr 1.000e-03 (1.000e-03)
2026-01-14 19:50:50,427 - INFO: Epoch: [10][250/582]	Time  0.028 ( 0.032)	Loss 2.1219e-01 (2.2822e-01)	Acc pseudo  89.06 ( 90.49)	Lr 1.000e-03 (1.000e-03)
2026-01-14 19:50:55,185 - INFO: Epoch: [10][300/582]	Time  0.029 ( 0.032)	Loss 1.0887e-01 (2.2916e-01)	Acc pseudo  93.75 ( 90.48)	Lr 1.000e-03 (1.000e-03)
2026-01-14 19:50:59,880 - INFO: Epoch: [10][350/582]	Time  0.027 ( 0.031)	Loss 4.8280e-01 (2.3029e-01)	Acc pseudo  81.25 ( 90.39)	Lr 1.000e-03 (1.000e-03)
2026-01-14 19:51:04,580 - INFO: Epoch: [10][400/582]	Time  0.031 ( 0.031)	Loss 1.6574e-01 (2.2853e-01)	Acc pseudo  89.06 ( 90.38)	Lr 1.000e-03 (1.000e-03)
2026-01-14 19:51:09,284 - INFO: Epoch: [10][450/582]	Time  0.030 ( 0.030)	Loss 1.9058e-01 (2.2942e-01)	Acc pseudo  84.38 ( 90.34)	Lr 1.000e-03 (1.000e-03)
2026-01-14 19:51:13,988 - INFO: Epoch: [10][500/582]	Time  0.028 ( 0.030)	Loss 5.1703e-01 (2.3181e-01)	Acc pseudo  82.81 ( 90.31)	Lr 1.000e-03 (1.000e-03)
2026-01-14 19:51:18,691 - INFO: Epoch: [10][550/582]	Time  0.029 ( 0.030)	Loss 2.4323e-01 (2.3246e-01)	Acc pseudo  89.06 ( 90.28)	Lr 1.000e-03 (1.000e-03)
2026-01-14 19:51:21,685 - INFO: Round 1, Face Fine-tune Epoch 10: loss=0.2335, acc(pseudo)=90.22%
2026-01-14 19:52:21,987 - INFO: Round 1, Face Fine-tune Epoch 10: acc(valid_pseudo): 0.9881, acc: 0.8627
2026-01-14 19:52:23,195 - INFO: Epoch: [11][  0/582]	Time  0.839 ( 0.839)	Loss 1.4228e-01 (1.4228e-01)	Acc pseudo  96.88 ( 96.88)	Lr 1.000e-03 (1.000e-03)
2026-01-14 19:52:27,900 - INFO: Epoch: [11][ 50/582]	Time  0.031 ( 0.048)	Loss 2.5004e-01 (2.1207e-01)	Acc pseudo  89.06 ( 91.61)	Lr 1.000e-03 (1.000e-03)
2026-01-14 19:52:32,600 - INFO: Epoch: [11][100/582]	Time  0.030 ( 0.039)	Loss 1.9613e-01 (2.0814e-01)	Acc pseudo  90.62 ( 91.10)	Lr 1.000e-03 (1.000e-03)
2026-01-14 19:52:37,302 - INFO: Epoch: [11][150/582]	Time  0.029 ( 0.036)	Loss 2.2586e-01 (2.2577e-01)	Acc pseudo  92.19 ( 90.73)	Lr 1.000e-03 (1.000e-03)
2026-01-14 19:52:42,005 - INFO: Epoch: [11][200/582]	Time  0.027 ( 0.034)	Loss 2.2769e-01 (2.2831e-01)	Acc pseudo  92.19 ( 90.60)	Lr 1.000e-03 (1.000e-03)
2026-01-14 19:52:46,706 - INFO: Epoch: [11][250/582]	Time  0.031 ( 0.033)	Loss 3.2918e-01 (2.2855e-01)	Acc pseudo  87.50 ( 90.52)	Lr 1.000e-03 (1.000e-03)
2026-01-14 19:52:51,410 - INFO: Epoch: [11][300/582]	Time  0.028 ( 0.033)	Loss 1.8480e-01 (2.2761e-01)	Acc pseudo  92.19 ( 90.44)	Lr 1.000e-03 (1.000e-03)
2026-01-14 19:52:56,116 - INFO: Epoch: [11][350/582]	Time  0.030 ( 0.033)	Loss 1.5322e-01 (2.3032e-01)	Acc pseudo  95.31 ( 90.40)	Lr 1.000e-03 (1.000e-03)
2026-01-14 19:53:00,818 - INFO: Epoch: [11][400/582]	Time  0.029 ( 0.032)	Loss 3.3905e-01 (2.2923e-01)	Acc pseudo  84.38 ( 90.50)	Lr 1.000e-03 (1.000e-03)
2026-01-14 19:53:05,524 - INFO: Epoch: [11][450/582]	Time  0.037 ( 0.032)	Loss 2.0481e-01 (2.2849e-01)	Acc pseudo  90.62 ( 90.55)	Lr 1.000e-03 (1.000e-03)
2026-01-14 19:53:10,229 - INFO: Epoch: [11][500/582]	Time  0.027 ( 0.032)	Loss 2.3148e-01 (2.2727e-01)	Acc pseudo  87.50 ( 90.50)	Lr 1.000e-03 (1.000e-03)
2026-01-14 19:53:14,952 - INFO: Epoch: [11][550/582]	Time  0.028 ( 0.032)	Loss 3.1420e-01 (2.2765e-01)	Acc pseudo  93.75 ( 90.47)	Lr 1.000e-03 (1.000e-03)
2026-01-14 19:53:17,939 - INFO: Round 1, Face Fine-tune Epoch 11: loss=0.2282, acc(pseudo)=90.50%
2026-01-14 19:54:17,753 - INFO: Round 1, Face Fine-tune Epoch 11: acc(valid_pseudo): 0.9860, acc: 0.8617
2026-01-14 19:54:17,753 - INFO: Round 1, Face Fine-tune Epoch 11: No improvement. Patience(epoch): 1/3
2026-01-14 19:54:18,513 - INFO: Epoch: [12][  0/582]	Time  0.720 ( 0.720)	Loss 2.2800e-01 (2.2800e-01)	Acc pseudo  89.06 ( 89.06)	Lr 1.000e-03 (1.000e-03)
2026-01-14 19:54:23,214 - INFO: Epoch: [12][ 50/582]	Time  0.028 ( 0.044)	Loss 2.2785e-01 (2.1357e-01)	Acc pseudo  87.50 ( 91.05)	Lr 1.000e-03 (1.000e-03)
2026-01-14 19:54:27,912 - INFO: Epoch: [12][100/582]	Time  0.029 ( 0.037)	Loss 9.7680e-02 (2.1120e-01)	Acc pseudo  92.19 ( 91.07)	Lr 1.000e-03 (1.000e-03)
2026-01-14 19:54:32,614 - INFO: Epoch: [12][150/582]	Time  0.028 ( 0.035)	Loss 1.1162e-01 (2.1875e-01)	Acc pseudo  95.31 ( 91.16)	Lr 1.000e-03 (1.000e-03)
2026-01-14 19:54:37,357 - INFO: Epoch: [12][200/582]	Time  0.028 ( 0.034)	Loss 1.5673e-01 (2.1850e-01)	Acc pseudo  90.62 ( 91.02)	Lr 1.000e-03 (1.000e-03)
2026-01-14 19:54:42,067 - INFO: Epoch: [12][250/582]	Time  0.029 ( 0.033)	Loss 3.0882e-01 (2.2051e-01)	Acc pseudo  90.62 ( 90.81)	Lr 1.000e-03 (1.000e-03)
2026-01-14 19:54:46,774 - INFO: Epoch: [12][300/582]	Time  0.028 ( 0.033)	Loss 2.8093e-01 (2.2428e-01)	Acc pseudo  84.38 ( 90.75)	Lr 1.000e-03 (1.000e-03)
2026-01-14 19:54:51,484 - INFO: Epoch: [12][350/582]	Time  0.028 ( 0.033)	Loss 2.3384e-01 (2.3102e-01)	Acc pseudo  90.62 ( 90.51)	Lr 1.000e-03 (1.000e-03)
2026-01-14 19:54:56,190 - INFO: Epoch: [12][400/582]	Time  0.038 ( 0.033)	Loss 3.7961e-01 (2.3233e-01)	Acc pseudo  85.94 ( 90.49)	Lr 1.000e-03 (1.000e-03)
2026-01-14 19:55:00,898 - INFO: Epoch: [12][450/582]	Time  0.030 ( 0.033)	Loss 2.2598e-01 (2.3407e-01)	Acc pseudo  90.62 ( 90.41)	Lr 1.000e-03 (1.000e-03)
2026-01-14 19:55:05,608 - INFO: Epoch: [12][500/582]	Time  0.038 ( 0.033)	Loss 2.6796e-01 (2.3543e-01)	Acc pseudo  89.06 ( 90.36)	Lr 1.000e-03 (1.000e-03)
2026-01-14 19:55:10,319 - INFO: Epoch: [12][550/582]	Time  0.039 ( 0.033)	Loss 1.2969e-01 (2.3737e-01)	Acc pseudo  95.31 ( 90.26)	Lr 1.000e-03 (1.000e-03)
2026-01-14 19:55:13,285 - INFO: Round 1, Face Fine-tune Epoch 12: loss=0.2382, acc(pseudo)=90.25%
2026-01-14 19:56:12,738 - INFO: Round 1, Face Fine-tune Epoch 12: acc(valid_pseudo): 0.9865, acc: 0.8598
2026-01-14 19:56:12,738 - INFO: Round 1, Face Fine-tune Epoch 12: No improvement. Patience(epoch): 2/3
2026-01-14 19:56:13,385 - INFO: Epoch: [13][  0/582]	Time  0.608 ( 0.608)	Loss 1.1085e-01 (1.1085e-01)	Acc pseudo  95.31 ( 95.31)	Lr 1.000e-03 (1.000e-03)
2026-01-14 19:56:18,081 - INFO: Epoch: [13][ 50/582]	Time  0.029 ( 0.040)	Loss 1.0308e-01 (2.0649e-01)	Acc pseudo  92.19 ( 91.05)	Lr 1.000e-03 (1.000e-03)
2026-01-14 19:56:22,782 - INFO: Epoch: [13][100/582]	Time  0.039 ( 0.035)	Loss 1.1534e-01 (2.1878e-01)	Acc pseudo  95.31 ( 90.92)	Lr 1.000e-03 (1.000e-03)
2026-01-14 19:56:27,485 - INFO: Epoch: [13][150/582]	Time  0.029 ( 0.033)	Loss 3.2062e-01 (2.1792e-01)	Acc pseudo  89.06 ( 90.77)	Lr 1.000e-03 (1.000e-03)
2026-01-14 19:56:32,190 - INFO: Epoch: [13][200/582]	Time  0.030 ( 0.033)	Loss 2.2744e-01 (2.2149e-01)	Acc pseudo  89.06 ( 90.54)	Lr 1.000e-03 (1.000e-03)
2026-01-14 19:56:36,899 - INFO: Epoch: [13][250/582]	Time  0.031 ( 0.034)	Loss 2.1809e-01 (2.1858e-01)	Acc pseudo  85.94 ( 90.62)	Lr 1.000e-03 (1.000e-03)
2026-01-14 19:56:41,604 - INFO: Epoch: [13][300/582]	Time  0.047 ( 0.033)	Loss 1.7731e-01 (2.1687e-01)	Acc pseudo  92.19 ( 90.76)	Lr 1.000e-03 (1.000e-03)
2026-01-14 19:56:46,308 - INFO: Epoch: [13][350/582]	Time  0.043 ( 0.033)	Loss 4.3451e-01 (2.2069e-01)	Acc pseudo  84.38 ( 90.67)	Lr 1.000e-03 (1.000e-03)
2026-01-14 19:56:51,017 - INFO: Epoch: [13][400/582]	Time  0.031 ( 0.033)	Loss 2.0869e-01 (2.2126e-01)	Acc pseudo  93.75 ( 90.63)	Lr 1.000e-03 (1.000e-03)
2026-01-14 19:56:55,727 - INFO: Epoch: [13][450/582]	Time  0.039 ( 0.033)	Loss 1.7444e-01 (2.1906e-01)	Acc pseudo  89.06 ( 90.66)	Lr 1.000e-03 (1.000e-03)
2026-01-14 19:57:00,435 - INFO: Epoch: [13][500/582]	Time  0.029 ( 0.033)	Loss 2.3888e-01 (2.2258e-01)	Acc pseudo  92.19 ( 90.63)	Lr 1.000e-03 (1.000e-03)
2026-01-14 19:57:05,140 - INFO: Epoch: [13][550/582]	Time  0.028 ( 0.033)	Loss 2.1784e-01 (2.2159e-01)	Acc pseudo  87.50 ( 90.64)	Lr 1.000e-03 (1.000e-03)
2026-01-14 19:57:08,101 - INFO: Round 1, Face Fine-tune Epoch 13: loss=0.2237, acc(pseudo)=90.62%
2026-01-14 19:58:08,130 - INFO: Round 1, Face Fine-tune Epoch 13: acc(valid_pseudo): 0.9857, acc: 0.8627
2026-01-14 19:58:08,130 - INFO: Round 1, Face Fine-tune Epoch 13: No improvement. Patience(epoch): 3/3
2026-01-14 19:58:08,130 - INFO: Early stopping at face epoch 13
2026-01-14 19:58:08,132 - INFO: Round 1: Best face fine-tuned epoch=10, acc(valid_pseudo)=0.9881
2026-01-14 19:58:08,283 - INFO: Using HMM model from previous round: runs/I love my family/exp_video/result/self_supervised/exp4/round0/pseudo_label/hmm_params.pkl
2026-01-14 21:23:02,857 - INFO: Round 1: speaker_acc=0.8780
2026-01-14 21:23:02,863 - INFO: Round 1: face_acc=0.8754
2026-01-14 21:23:02,870 - INFO: ====================
2026-01-14 21:23:02,870 - INFO: Round 2: Fine-tuning iteration
2026-01-14 21:23:02,870 - INFO: ====================
2026-01-14 21:23:02,968 - INFO: Round 2 Part 1: Fine-tuning embedding model
2026-01-14 21:23:02,969 - INFO: Using pseudo-label file: runs/I love my family/exp_video/result/self_supervised/exp4/round1/pseudo_label/pseudo_labels_audio_nested_hmm_full(unreliable_pp=100.0).json
2026-01-14 21:23:02,998 - INFO: For training, Using face pseudo-label file: runs/I love my family/exp_video/result/self_supervised/exp4/round1/pseudo_label/pseudo_labels_faces_mid_frame_train_nested_hmm_full.json
2026-01-14 21:23:02,998 - INFO: For infering, Using face pseudo-label file: runs/I love my family/exp_video/result/self_supervised/exp4/round1/pseudo_label/pseudo_labels_faces_mid_frame_all_nested_hmm_full.json
2026-01-14 21:23:03,138 - INFO: Created face dataloader with 37219 samples
2026-01-14 21:23:03,153 - INFO: Fine-tuning speaker embedding model for 20 epochs...
2026-01-14 21:23:03,825 - INFO: Epoch: [0][  0/301]	Time  0.652 ( 0.652)	Loss 4.5769e-01 (4.5769e-01)	Acc pseudo  84.38 ( 84.38)	Lr 1.000e-03 (1.000e-03)
2026-01-14 21:23:04,109 - INFO: Epoch: [0][ 50/301]	Time  0.004 ( 0.018)	Loss 5.4596e-01 (5.9850e-01)	Acc pseudo  85.94 ( 81.77)	Lr 1.000e-03 (1.000e-03)
2026-01-14 21:23:04,275 - INFO: Epoch: [0][100/301]	Time  0.002 ( 0.011)	Loss 6.0479e-01 (5.9549e-01)	Acc pseudo  79.69 ( 82.13)	Lr 1.000e-03 (1.000e-03)
2026-01-14 21:23:04,430 - INFO: Epoch: [0][150/301]	Time  0.003 ( 0.008)	Loss 3.7297e-01 (6.1153e-01)	Acc pseudo  82.81 ( 81.97)	Lr 1.000e-03 (1.000e-03)
2026-01-14 21:23:04,605 - INFO: Epoch: [0][200/301]	Time  0.003 ( 0.007)	Loss 4.3123e-01 (6.0592e-01)	Acc pseudo  87.50 ( 82.24)	Lr 1.000e-03 (1.000e-03)
2026-01-14 21:23:04,772 - INFO: Epoch: [0][250/301]	Time  0.003 ( 0.006)	Loss 7.1039e-01 (6.0683e-01)	Acc pseudo  79.69 ( 82.24)	Lr 1.000e-03 (1.000e-03)
2026-01-14 21:23:04,924 - INFO: Epoch: [0][300/301]	Time  0.002 ( 0.006)	Loss 6.5903e-01 (6.0377e-01)	Acc pseudo  88.00 ( 82.42)	Lr 1.000e-03 (1.000e-03)
2026-01-14 21:23:04,975 - INFO: Round 2, Fine-tune Epoch 0: loss=0.6038, acc(pseudo)=82.42%
2026-01-14 21:23:14,653 - INFO: Round 2, Fine-tune Epoch 0: acc(valid_pseudo): 0.9516, acc: 0.8340
2026-01-14 21:23:15,250 - INFO: Epoch: [1][  0/301]	Time  0.299 ( 0.299)	Loss 5.4544e-01 (5.4544e-01)	Acc pseudo  79.69 ( 79.69)	Lr 1.000e-03 (1.000e-03)
2026-01-14 21:23:15,518 - INFO: Epoch: [1][ 50/301]	Time  0.004 ( 0.011)	Loss 4.0888e-01 (5.1486e-01)	Acc pseudo  85.94 ( 83.58)	Lr 1.000e-03 (1.000e-03)
2026-01-14 21:23:15,687 - INFO: Epoch: [1][100/301]	Time  0.003 ( 0.007)	Loss 5.1189e-01 (5.2076e-01)	Acc pseudo  78.12 ( 83.93)	Lr 1.000e-03 (1.000e-03)
2026-01-14 21:23:15,854 - INFO: Epoch: [1][150/301]	Time  0.003 ( 0.006)	Loss 5.5845e-01 (5.3186e-01)	Acc pseudo  82.81 ( 83.79)	Lr 1.000e-03 (1.000e-03)
2026-01-14 21:23:16,017 - INFO: Epoch: [1][200/301]	Time  0.003 ( 0.005)	Loss 4.5918e-01 (5.3117e-01)	Acc pseudo  85.94 ( 83.90)	Lr 1.000e-03 (1.000e-03)
2026-01-14 21:23:16,180 - INFO: Epoch: [1][250/301]	Time  0.003 ( 0.005)	Loss 4.5188e-01 (5.3573e-01)	Acc pseudo  87.50 ( 83.88)	Lr 1.000e-03 (1.000e-03)
2026-01-14 21:23:16,333 - INFO: Epoch: [1][300/301]	Time  0.002 ( 0.004)	Loss 2.7152e-01 (5.3607e-01)	Acc pseudo  88.00 ( 83.92)	Lr 1.000e-03 (1.000e-03)
2026-01-14 21:23:16,386 - INFO: Round 2, Fine-tune Epoch 1: loss=0.5361, acc(pseudo)=83.92%
2026-01-14 21:23:25,172 - INFO: Round 2, Fine-tune Epoch 1: acc(valid_pseudo): 0.9460, acc: 0.8530
2026-01-14 21:23:25,172 - INFO: Round 2, Speaker Fine-tune Epoch 1: No improvement in validation accuracy. Patience(epoch): 1/3
2026-01-14 21:23:25,493 - INFO: Epoch: [2][  0/301]	Time  0.315 ( 0.315)	Loss 5.8575e-01 (5.8575e-01)	Acc pseudo  82.81 ( 82.81)	Lr 1.000e-03 (1.000e-03)
2026-01-14 21:23:25,762 - INFO: Epoch: [2][ 50/301]	Time  0.003 ( 0.011)	Loss 8.5976e-01 (5.2190e-01)	Acc pseudo  85.94 ( 84.38)	Lr 1.000e-03 (1.000e-03)
2026-01-14 21:23:25,947 - INFO: Epoch: [2][100/301]	Time  0.003 ( 0.007)	Loss 8.0154e-01 (5.1473e-01)	Acc pseudo  81.25 ( 84.53)	Lr 1.000e-03 (1.000e-03)
2026-01-14 21:23:26,111 - INFO: Epoch: [2][150/301]	Time  0.003 ( 0.006)	Loss 4.5882e-01 (5.2614e-01)	Acc pseudo  87.50 ( 84.20)	Lr 1.000e-03 (1.000e-03)
2026-01-14 21:23:26,285 - INFO: Epoch: [2][200/301]	Time  0.003 ( 0.005)	Loss 3.2181e-01 (5.1792e-01)	Acc pseudo  87.50 ( 84.37)	Lr 1.000e-03 (1.000e-03)
2026-01-14 21:23:26,459 - INFO: Epoch: [2][250/301]	Time  0.003 ( 0.005)	Loss 4.8760e-01 (5.2153e-01)	Acc pseudo  84.38 ( 84.11)	Lr 1.000e-03 (1.000e-03)
2026-01-14 21:23:26,614 - INFO: Epoch: [2][300/301]	Time  0.002 ( 0.005)	Loss 3.4266e-01 (5.2538e-01)	Acc pseudo  92.00 ( 84.13)	Lr 1.000e-03 (1.000e-03)
2026-01-14 21:23:26,676 - INFO: Round 2, Fine-tune Epoch 2: loss=0.5254, acc(pseudo)=84.13%
2026-01-14 21:23:34,447 - INFO: Round 2, Fine-tune Epoch 2: acc(valid_pseudo): 0.8976, acc: 0.7980
2026-01-14 21:23:34,448 - INFO: Round 2, Speaker Fine-tune Epoch 2: No improvement in validation accuracy. Patience(epoch): 2/3
2026-01-14 21:23:34,888 - INFO: Epoch: [3][  0/301]	Time  0.433 ( 0.433)	Loss 5.8209e-01 (5.8209e-01)	Acc pseudo  82.81 ( 82.81)	Lr 1.000e-03 (1.000e-03)
2026-01-14 21:23:35,195 - INFO: Epoch: [3][ 50/301]	Time  0.004 ( 0.014)	Loss 6.3467e-01 (5.0685e-01)	Acc pseudo  79.69 ( 85.32)	Lr 1.000e-03 (1.000e-03)
2026-01-14 21:23:35,361 - INFO: Epoch: [3][100/301]	Time  0.002 ( 0.009)	Loss 3.5685e-01 (5.0983e-01)	Acc pseudo  87.50 ( 84.90)	Lr 1.000e-03 (1.000e-03)
2026-01-14 21:23:35,545 - INFO: Epoch: [3][150/301]	Time  0.004 ( 0.007)	Loss 2.8163e-01 (5.0417e-01)	Acc pseudo  90.62 ( 84.98)	Lr 1.000e-03 (1.000e-03)
2026-01-14 21:23:35,735 - INFO: Epoch: [3][200/301]	Time  0.003 ( 0.006)	Loss 4.9473e-01 (5.0057e-01)	Acc pseudo  81.25 ( 85.09)	Lr 1.000e-03 (1.000e-03)
2026-01-14 21:23:35,921 - INFO: Epoch: [3][250/301]	Time  0.005 ( 0.006)	Loss 4.7626e-01 (5.0080e-01)	Acc pseudo  85.94 ( 84.99)	Lr 1.000e-03 (1.000e-03)
2026-01-14 21:23:36,086 - INFO: Epoch: [3][300/301]	Time  0.002 ( 0.005)	Loss 5.3310e-01 (5.0545e-01)	Acc pseudo  80.00 ( 84.72)	Lr 1.000e-03 (1.000e-03)
2026-01-14 21:23:36,153 - INFO: Round 2, Fine-tune Epoch 3: loss=0.5054, acc(pseudo)=84.72%
2026-01-14 21:23:44,178 - INFO: Round 2, Fine-tune Epoch 3: acc(valid_pseudo): 0.9490, acc: 0.8470
2026-01-14 21:23:44,178 - INFO: Round 2, Speaker Fine-tune Epoch 3: No improvement in validation accuracy. Patience(epoch): 3/3
2026-01-14 21:23:44,178 - INFO: Early stopping at epoch 3 due to no improvement in validation accuracy for 3 epochs.
2026-01-14 21:23:44,179 - INFO: Round 2: Best speaker fine-tuned epoch=0, acc(valid_pseudo)=0.9516
2026-01-14 21:23:44,184 - INFO: Fine-tuning face embedding model for 20 epochs...
2026-01-14 21:23:45,344 - INFO: Epoch: [0][  0/582]	Time  1.143 ( 1.143)	Loss 2.5551e-01 (2.5551e-01)	Acc pseudo  87.50 ( 87.50)	Lr 1.000e-03 (1.000e-03)
2026-01-14 21:23:50,297 - INFO: Epoch: [0][ 50/582]	Time  0.032 ( 0.059)	Loss 7.8503e-02 (2.7717e-01)	Acc pseudo  95.31 ( 90.93)	Lr 1.000e-03 (1.000e-03)
2026-01-14 21:23:57,105 - INFO: Epoch: [0][100/582]	Time  0.030 ( 0.067)	Loss 3.3484e-01 (2.6812e-01)	Acc pseudo  85.94 ( 90.50)	Lr 1.000e-03 (1.000e-03)
2026-01-14 21:24:01,787 - INFO: Epoch: [0][150/582]	Time  0.032 ( 0.055)	Loss 2.3224e-01 (2.7068e-01)	Acc pseudo  81.25 ( 90.38)	Lr 1.000e-03 (1.000e-03)
2026-01-14 21:24:06,622 - INFO: Epoch: [0][200/582]	Time  0.040 ( 0.050)	Loss 1.0838e-01 (2.5717e-01)	Acc pseudo  96.88 ( 90.65)	Lr 1.000e-03 (1.000e-03)
2026-01-14 21:24:11,585 - INFO: Epoch: [0][250/582]	Time  0.034 ( 0.048)	Loss 4.7428e-01 (2.6358e-01)	Acc pseudo  81.25 ( 90.53)	Lr 1.000e-03 (1.000e-03)
2026-01-14 21:24:16,419 - INFO: Epoch: [0][300/582]	Time  0.029 ( 0.046)	Loss 3.1426e-01 (2.6639e-01)	Acc pseudo  90.62 ( 90.45)	Lr 1.000e-03 (1.000e-03)
2026-01-14 21:24:21,349 - INFO: Epoch: [0][350/582]	Time  0.036 ( 0.044)	Loss 1.0009e-01 (2.6505e-01)	Acc pseudo  96.88 ( 90.62)	Lr 1.000e-03 (1.000e-03)
2026-01-14 21:24:26,086 - INFO: Epoch: [0][400/582]	Time  0.035 ( 0.043)	Loss 1.1322e-01 (2.6621e-01)	Acc pseudo  93.75 ( 90.53)	Lr 1.000e-03 (1.000e-03)
2026-01-14 21:24:31,247 - INFO: Epoch: [0][450/582]	Time  0.029 ( 0.043)	Loss 1.1079e-01 (2.6510e-01)	Acc pseudo  96.88 ( 90.47)	Lr 1.000e-03 (1.000e-03)
2026-01-14 21:24:37,413 - INFO: Epoch: [0][500/582]	Time  0.029 ( 0.045)	Loss 2.2027e-01 (2.6882e-01)	Acc pseudo  90.62 ( 90.38)	Lr 1.000e-03 (1.000e-03)
2026-01-14 21:24:42,495 - INFO: Epoch: [0][550/582]	Time  0.028 ( 0.044)	Loss 4.5535e-01 (2.6680e-01)	Acc pseudo  90.62 ( 90.37)	Lr 1.000e-03 (1.000e-03)
2026-01-14 21:24:45,445 - INFO: Round 2, Face Fine-tune Epoch 0: loss=0.2690, acc(pseudo)=90.32%
2026-01-14 21:25:45,227 - INFO: Round 2, Face Fine-tune Epoch 0: acc(valid_pseudo): 0.9883, acc: 0.8627
2026-01-14 21:25:46,207 - INFO: Epoch: [1][  0/582]	Time  0.615 ( 0.615)	Loss 2.9239e-01 (2.9239e-01)	Acc pseudo  87.50 ( 87.50)	Lr 1.000e-03 (1.000e-03)
2026-01-14 21:25:50,907 - INFO: Epoch: [1][ 50/582]	Time  0.033 ( 0.044)	Loss 1.2573e-01 (2.5366e-01)	Acc pseudo  95.31 ( 90.59)	Lr 1.000e-03 (1.000e-03)
2026-01-14 21:25:55,599 - INFO: Epoch: [1][100/582]	Time  0.028 ( 0.037)	Loss 3.0772e-01 (2.3730e-01)	Acc pseudo  84.38 ( 90.53)	Lr 1.000e-03 (1.000e-03)
2026-01-14 21:26:00,288 - INFO: Epoch: [1][150/582]	Time  0.027 ( 0.034)	Loss 1.5651e-01 (2.3720e-01)	Acc pseudo  90.62 ( 90.72)	Lr 1.000e-03 (1.000e-03)
2026-01-14 21:26:04,985 - INFO: Epoch: [1][200/582]	Time  0.027 ( 0.033)	Loss 2.2508e-01 (2.3940e-01)	Acc pseudo  92.19 ( 90.59)	Lr 1.000e-03 (1.000e-03)
2026-01-14 21:26:09,673 - INFO: Epoch: [1][250/582]	Time  0.028 ( 0.032)	Loss 2.6487e-01 (2.4158e-01)	Acc pseudo  90.62 ( 90.53)	Lr 1.000e-03 (1.000e-03)
2026-01-14 21:26:14,365 - INFO: Epoch: [1][300/582]	Time  0.027 ( 0.031)	Loss 1.6045e-01 (2.4099e-01)	Acc pseudo  90.62 ( 90.64)	Lr 1.000e-03 (1.000e-03)
2026-01-14 21:26:19,060 - INFO: Epoch: [1][350/582]	Time  0.041 ( 0.031)	Loss 3.9216e-01 (2.4420e-01)	Acc pseudo  85.94 ( 90.51)	Lr 1.000e-03 (1.000e-03)
2026-01-14 21:26:23,763 - INFO: Epoch: [1][400/582]	Time  0.029 ( 0.031)	Loss 1.9814e-01 (2.4615e-01)	Acc pseudo  89.06 ( 90.41)	Lr 1.000e-03 (1.000e-03)
2026-01-14 21:26:28,462 - INFO: Epoch: [1][450/582]	Time  0.029 ( 0.031)	Loss 4.2562e-01 (2.4640e-01)	Acc pseudo  90.62 ( 90.48)	Lr 1.000e-03 (1.000e-03)
2026-01-14 21:26:33,159 - INFO: Epoch: [1][500/582]	Time  0.030 ( 0.031)	Loss 2.3962e-01 (2.4481e-01)	Acc pseudo  92.19 ( 90.52)	Lr 1.000e-03 (1.000e-03)
2026-01-14 21:26:37,865 - INFO: Epoch: [1][550/582]	Time  0.030 ( 0.031)	Loss 2.6022e-01 (2.4553e-01)	Acc pseudo  89.06 ( 90.49)	Lr 1.000e-03 (1.000e-03)
2026-01-14 21:26:40,820 - INFO: Round 2, Face Fine-tune Epoch 1: loss=0.2466, acc(pseudo)=90.48%
2026-01-14 21:27:41,229 - INFO: Round 2, Face Fine-tune Epoch 1: acc(valid_pseudo): 0.9881, acc: 0.8569
2026-01-14 21:27:41,230 - INFO: Round 2, Face Fine-tune Epoch 1: No improvement. Patience(epoch): 1/3
2026-01-14 21:27:41,883 - INFO: Epoch: [2][  0/582]	Time  0.620 ( 0.620)	Loss 1.6046e-01 (1.6046e-01)	Acc pseudo  92.19 ( 92.19)	Lr 1.000e-03 (1.000e-03)
2026-01-14 21:27:46,584 - INFO: Epoch: [2][ 50/582]	Time  0.029 ( 0.043)	Loss 2.2868e-01 (2.4181e-01)	Acc pseudo  92.19 ( 90.41)	Lr 1.000e-03 (1.000e-03)
2026-01-14 21:27:51,281 - INFO: Epoch: [2][100/582]	Time  0.045 ( 0.038)	Loss 1.7013e-01 (2.3623e-01)	Acc pseudo  89.06 ( 90.62)	Lr 1.000e-03 (1.000e-03)
2026-01-14 21:27:55,981 - INFO: Epoch: [2][150/582]	Time  0.040 ( 0.036)	Loss 3.6113e-01 (2.2832e-01)	Acc pseudo  89.06 ( 90.83)	Lr 1.000e-03 (1.000e-03)
2026-01-14 21:28:00,677 - INFO: Epoch: [2][200/582]	Time  0.030 ( 0.035)	Loss 1.9497e-01 (2.3675e-01)	Acc pseudo  95.31 ( 90.53)	Lr 1.000e-03 (1.000e-03)
2026-01-14 21:28:05,374 - INFO: Epoch: [2][250/582]	Time  0.029 ( 0.034)	Loss 1.7723e-01 (2.3277e-01)	Acc pseudo  95.31 ( 90.59)	Lr 1.000e-03 (1.000e-03)
2026-01-14 21:28:10,071 - INFO: Epoch: [2][300/582]	Time  0.030 ( 0.033)	Loss 1.4817e-01 (2.2807e-01)	Acc pseudo  92.19 ( 90.74)	Lr 1.000e-03 (1.000e-03)
2026-01-14 21:28:14,766 - INFO: Epoch: [2][350/582]	Time  0.028 ( 0.033)	Loss 2.7708e-01 (2.2491e-01)	Acc pseudo  89.06 ( 90.88)	Lr 1.000e-03 (1.000e-03)
2026-01-14 21:28:19,462 - INFO: Epoch: [2][400/582]	Time  0.029 ( 0.032)	Loss 2.8440e-01 (2.2158e-01)	Acc pseudo  87.50 ( 91.04)	Lr 1.000e-03 (1.000e-03)
2026-01-14 21:28:24,163 - INFO: Epoch: [2][450/582]	Time  0.045 ( 0.032)	Loss 2.4571e-01 (2.2310e-01)	Acc pseudo  84.38 ( 91.01)	Lr 1.000e-03 (1.000e-03)
2026-01-14 21:28:28,864 - INFO: Epoch: [2][500/582]	Time  0.030 ( 0.032)	Loss 1.2059e-01 (2.2488e-01)	Acc pseudo  93.75 ( 91.00)	Lr 1.000e-03 (1.000e-03)
2026-01-14 21:28:33,563 - INFO: Epoch: [2][550/582]	Time  0.031 ( 0.032)	Loss 3.6341e-01 (2.2591e-01)	Acc pseudo  92.19 ( 90.91)	Lr 1.000e-03 (1.000e-03)
2026-01-14 21:28:36,527 - INFO: Round 2, Face Fine-tune Epoch 2: loss=0.2252, acc(pseudo)=90.91%
2026-01-14 21:29:36,333 - INFO: Round 2, Face Fine-tune Epoch 2: acc(valid_pseudo): 0.9884, acc: 0.8744
2026-01-14 21:29:37,588 - INFO: Epoch: [3][  0/582]	Time  0.627 ( 0.627)	Loss 1.1032e-01 (1.1032e-01)	Acc pseudo  96.88 ( 96.88)	Lr 1.000e-03 (1.000e-03)
2026-01-14 21:29:42,292 - INFO: Epoch: [3][ 50/582]	Time  0.031 ( 0.043)	Loss 1.0556e-01 (2.1637e-01)	Acc pseudo  95.31 ( 91.61)	Lr 1.000e-03 (1.000e-03)
2026-01-14 21:29:46,990 - INFO: Epoch: [3][100/582]	Time  0.029 ( 0.036)	Loss 1.2008e-01 (2.1448e-01)	Acc pseudo  93.75 ( 91.38)	Lr 1.000e-03 (1.000e-03)
2026-01-14 21:29:51,691 - INFO: Epoch: [3][150/582]	Time  0.028 ( 0.034)	Loss 2.0279e-01 (2.0768e-01)	Acc pseudo  93.75 ( 91.47)	Lr 1.000e-03 (1.000e-03)
2026-01-14 21:29:56,389 - INFO: Epoch: [3][200/582]	Time  0.029 ( 0.033)	Loss 3.2266e-01 (2.0961e-01)	Acc pseudo  92.19 ( 91.46)	Lr 1.000e-03 (1.000e-03)
2026-01-14 21:30:01,087 - INFO: Epoch: [3][250/582]	Time  0.028 ( 0.032)	Loss 3.3782e-01 (2.1157e-01)	Acc pseudo  87.50 ( 91.38)	Lr 1.000e-03 (1.000e-03)
2026-01-14 21:30:05,796 - INFO: Epoch: [3][300/582]	Time  0.030 ( 0.032)	Loss 4.6817e-01 (2.1452e-01)	Acc pseudo  90.62 ( 91.29)	Lr 1.000e-03 (1.000e-03)
2026-01-14 21:30:10,535 - INFO: Epoch: [3][350/582]	Time  0.038 ( 0.033)	Loss 1.7439e-01 (2.1377e-01)	Acc pseudo  90.62 ( 91.30)	Lr 1.000e-03 (1.000e-03)
2026-01-14 21:30:15,304 - INFO: Epoch: [3][400/582]	Time  0.029 ( 0.033)	Loss 2.6401e-01 (2.1481e-01)	Acc pseudo  85.94 ( 91.41)	Lr 1.000e-03 (1.000e-03)
2026-01-14 21:30:20,003 - INFO: Epoch: [3][450/582]	Time  0.029 ( 0.032)	Loss 1.7089e-01 (2.1781e-01)	Acc pseudo  92.19 ( 91.29)	Lr 1.000e-03 (1.000e-03)
2026-01-14 21:30:24,703 - INFO: Epoch: [3][500/582]	Time  0.029 ( 0.032)	Loss 2.3663e-01 (2.1742e-01)	Acc pseudo  92.19 ( 91.29)	Lr 1.000e-03 (1.000e-03)
2026-01-14 21:30:29,405 - INFO: Epoch: [3][550/582]	Time  0.038 ( 0.032)	Loss 1.3377e-01 (2.1830e-01)	Acc pseudo  95.31 ( 91.26)	Lr 1.000e-03 (1.000e-03)
2026-01-14 21:30:32,389 - INFO: Round 2, Face Fine-tune Epoch 3: loss=0.2171, acc(pseudo)=91.28%
2026-01-14 21:31:32,108 - INFO: Round 2, Face Fine-tune Epoch 3: acc(valid_pseudo): 0.9886, acc: 0.8578
2026-01-14 21:31:33,164 - INFO: Epoch: [4][  0/582]	Time  0.694 ( 0.694)	Loss 2.8893e-01 (2.8893e-01)	Acc pseudo  85.94 ( 85.94)	Lr 1.000e-03 (1.000e-03)
2026-01-14 21:31:37,882 - INFO: Epoch: [4][ 50/582]	Time  0.030 ( 0.052)	Loss 3.6723e-01 (1.9330e-01)	Acc pseudo  85.94 ( 91.33)	Lr 1.000e-03 (1.000e-03)
2026-01-14 21:31:42,600 - INFO: Epoch: [4][100/582]	Time  0.030 ( 0.042)	Loss 2.4056e-01 (1.9497e-01)	Acc pseudo  87.50 ( 91.43)	Lr 1.000e-03 (1.000e-03)
2026-01-14 21:31:47,300 - INFO: Epoch: [4][150/582]	Time  0.029 ( 0.038)	Loss 4.6783e-02 (1.9681e-01)	Acc pseudo  98.44 ( 91.39)	Lr 1.000e-03 (1.000e-03)
2026-01-14 21:31:52,001 - INFO: Epoch: [4][200/582]	Time  0.033 ( 0.036)	Loss 3.9886e-01 (1.9944e-01)	Acc pseudo  90.62 ( 91.62)	Lr 1.000e-03 (1.000e-03)
2026-01-14 21:31:56,705 - INFO: Epoch: [4][250/582]	Time  0.028 ( 0.035)	Loss 3.0973e-01 (1.9996e-01)	Acc pseudo  89.06 ( 91.62)	Lr 1.000e-03 (1.000e-03)
2026-01-14 21:32:01,413 - INFO: Epoch: [4][300/582]	Time  0.029 ( 0.035)	Loss 2.3292e-01 (1.9994e-01)	Acc pseudo  93.75 ( 91.67)	Lr 1.000e-03 (1.000e-03)
2026-01-14 21:32:06,112 - INFO: Epoch: [4][350/582]	Time  0.027 ( 0.035)	Loss 2.8133e-01 (2.0177e-01)	Acc pseudo  93.75 ( 91.72)	Lr 1.000e-03 (1.000e-03)
2026-01-14 21:32:10,812 - INFO: Epoch: [4][400/582]	Time  0.036 ( 0.034)	Loss 1.9122e-01 (2.0403e-01)	Acc pseudo  89.06 ( 91.68)	Lr 1.000e-03 (1.000e-03)
2026-01-14 21:32:15,514 - INFO: Epoch: [4][450/582]	Time  0.028 ( 0.034)	Loss 4.1626e-01 (2.0470e-01)	Acc pseudo  90.62 ( 91.65)	Lr 1.000e-03 (1.000e-03)
2026-01-14 21:32:20,227 - INFO: Epoch: [4][500/582]	Time  0.029 ( 0.034)	Loss 2.7297e-01 (2.0445e-01)	Acc pseudo  90.62 ( 91.61)	Lr 1.000e-03 (1.000e-03)
2026-01-14 21:32:24,939 - INFO: Epoch: [4][550/582]	Time  0.027 ( 0.033)	Loss 2.0875e-01 (2.0691e-01)	Acc pseudo  90.62 ( 91.52)	Lr 1.000e-03 (1.000e-03)
2026-01-14 21:32:28,031 - INFO: Round 2, Face Fine-tune Epoch 4: loss=0.2071, acc(pseudo)=91.52%
2026-01-14 21:33:27,840 - INFO: Round 2, Face Fine-tune Epoch 4: acc(valid_pseudo): 0.9892, acc: 0.8685
2026-01-14 21:33:28,890 - INFO: Epoch: [5][  0/582]	Time  0.672 ( 0.672)	Loss 2.0386e-01 (2.0386e-01)	Acc pseudo  92.19 ( 92.19)	Lr 1.000e-03 (1.000e-03)
2026-01-14 21:33:33,597 - INFO: Epoch: [5][ 50/582]	Time  0.044 ( 0.045)	Loss 1.7218e-01 (1.9371e-01)	Acc pseudo  95.31 ( 92.16)	Lr 1.000e-03 (1.000e-03)
2026-01-14 21:33:38,294 - INFO: Epoch: [5][100/582]	Time  0.029 ( 0.037)	Loss 2.0946e-01 (2.0164e-01)	Acc pseudo  87.50 ( 92.13)	Lr 1.000e-03 (1.000e-03)
2026-01-14 21:33:42,999 - INFO: Epoch: [5][150/582]	Time  0.037 ( 0.036)	Loss 1.6343e-01 (2.0125e-01)	Acc pseudo  92.19 ( 91.88)	Lr 1.000e-03 (1.000e-03)
2026-01-14 21:33:47,706 - INFO: Epoch: [5][200/582]	Time  0.029 ( 0.036)	Loss 3.1582e-01 (1.9776e-01)	Acc pseudo  90.62 ( 91.95)	Lr 1.000e-03 (1.000e-03)
2026-01-14 21:33:52,411 - INFO: Epoch: [5][250/582]	Time  0.028 ( 0.035)	Loss 1.7491e-01 (1.9701e-01)	Acc pseudo  93.75 ( 92.05)	Lr 1.000e-03 (1.000e-03)
2026-01-14 21:33:57,202 - INFO: Epoch: [5][300/582]	Time  0.030 ( 0.035)	Loss 1.8519e-01 (1.9615e-01)	Acc pseudo  92.19 ( 92.07)	Lr 1.000e-03 (1.000e-03)
2026-01-14 21:34:01,903 - INFO: Epoch: [5][350/582]	Time  0.031 ( 0.034)	Loss 1.5230e-01 (1.9898e-01)	Acc pseudo  95.31 ( 92.08)	Lr 1.000e-03 (1.000e-03)
2026-01-14 21:34:06,608 - INFO: Epoch: [5][400/582]	Time  0.034 ( 0.033)	Loss 5.7844e-01 (1.9942e-01)	Acc pseudo  85.94 ( 92.01)	Lr 1.000e-03 (1.000e-03)
2026-01-14 21:34:11,313 - INFO: Epoch: [5][450/582]	Time  0.036 ( 0.033)	Loss 2.6662e-01 (1.9893e-01)	Acc pseudo  90.62 ( 91.94)	Lr 1.000e-03 (1.000e-03)
2026-01-14 21:34:16,017 - INFO: Epoch: [5][500/582]	Time  0.030 ( 0.033)	Loss 9.2559e-02 (2.0034e-01)	Acc pseudo  95.31 ( 91.88)	Lr 1.000e-03 (1.000e-03)
2026-01-14 21:34:20,720 - INFO: Epoch: [5][550/582]	Time  0.029 ( 0.033)	Loss 2.1821e-01 (2.0072e-01)	Acc pseudo  92.19 ( 91.85)	Lr 1.000e-03 (1.000e-03)
2026-01-14 21:34:23,678 - INFO: Round 2, Face Fine-tune Epoch 5: loss=0.2010, acc(pseudo)=91.84%
2026-01-14 21:35:23,345 - INFO: Round 2, Face Fine-tune Epoch 5: acc(valid_pseudo): 0.9903, acc: 0.8676
2026-01-14 21:35:24,347 - INFO: Epoch: [6][  0/582]	Time  0.643 ( 0.643)	Loss 1.0187e-01 (1.0187e-01)	Acc pseudo  95.31 ( 95.31)	Lr 1.000e-03 (1.000e-03)
2026-01-14 21:35:29,049 - INFO: Epoch: [6][ 50/582]	Time  0.028 ( 0.042)	Loss 1.6879e-01 (1.7390e-01)	Acc pseudo  95.31 ( 92.68)	Lr 1.000e-03 (1.000e-03)
2026-01-14 21:35:33,752 - INFO: Epoch: [6][100/582]	Time  0.041 ( 0.037)	Loss 2.3244e-01 (1.7774e-01)	Acc pseudo  89.06 ( 92.28)	Lr 1.000e-03 (1.000e-03)
2026-01-14 21:35:38,459 - INFO: Epoch: [6][150/582]	Time  0.030 ( 0.037)	Loss 1.7787e-01 (1.8507e-01)	Acc pseudo  92.19 ( 92.20)	Lr 1.000e-03 (1.000e-03)
2026-01-14 21:35:43,159 - INFO: Epoch: [6][200/582]	Time  0.029 ( 0.035)	Loss 2.3473e-01 (1.8927e-01)	Acc pseudo  87.50 ( 92.24)	Lr 1.000e-03 (1.000e-03)
2026-01-14 21:35:47,860 - INFO: Epoch: [6][250/582]	Time  0.030 ( 0.034)	Loss 1.4933e-01 (1.8793e-01)	Acc pseudo  90.62 ( 92.13)	Lr 1.000e-03 (1.000e-03)
2026-01-14 21:35:52,562 - INFO: Epoch: [6][300/582]	Time  0.031 ( 0.033)	Loss 2.6267e-01 (1.9068e-01)	Acc pseudo  84.38 ( 92.13)	Lr 1.000e-03 (1.000e-03)
2026-01-14 21:35:57,262 - INFO: Epoch: [6][350/582]	Time  0.031 ( 0.033)	Loss 1.5624e-01 (1.9335e-01)	Acc pseudo  95.31 ( 92.04)	Lr 1.000e-03 (1.000e-03)
2026-01-14 21:36:01,964 - INFO: Epoch: [6][400/582]	Time  0.030 ( 0.032)	Loss 2.4746e-01 (1.9460e-01)	Acc pseudo  89.06 ( 92.00)	Lr 1.000e-03 (1.000e-03)
2026-01-14 21:36:06,668 - INFO: Epoch: [6][450/582]	Time  0.029 ( 0.032)	Loss 2.2450e-01 (1.9777e-01)	Acc pseudo  90.62 ( 91.88)	Lr 1.000e-03 (1.000e-03)
2026-01-14 21:36:11,373 - INFO: Epoch: [6][500/582]	Time  0.027 ( 0.032)	Loss 1.8597e-01 (1.9969e-01)	Acc pseudo  92.19 ( 91.88)	Lr 1.000e-03 (1.000e-03)
2026-01-14 21:36:16,079 - INFO: Epoch: [6][550/582]	Time  0.030 ( 0.032)	Loss 2.4545e-01 (2.0087e-01)	Acc pseudo  89.06 ( 91.88)	Lr 1.000e-03 (1.000e-03)
2026-01-14 21:36:19,036 - INFO: Round 2, Face Fine-tune Epoch 6: loss=0.2029, acc(pseudo)=91.86%
2026-01-14 21:37:18,649 - INFO: Round 2, Face Fine-tune Epoch 6: acc(valid_pseudo): 0.9900, acc: 0.8647
2026-01-14 21:37:18,649 - INFO: Round 2, Face Fine-tune Epoch 6: No improvement. Patience(epoch): 1/3
2026-01-14 21:37:19,389 - INFO: Epoch: [7][  0/582]	Time  0.709 ( 0.709)	Loss 3.2786e-01 (3.2786e-01)	Acc pseudo  84.38 ( 84.38)	Lr 1.000e-03 (1.000e-03)
2026-01-14 21:37:24,092 - INFO: Epoch: [7][ 50/582]	Time  0.039 ( 0.047)	Loss 1.9229e-01 (1.8025e-01)	Acc pseudo  90.62 ( 92.25)	Lr 1.000e-03 (1.000e-03)
2026-01-14 21:37:28,793 - INFO: Epoch: [7][100/582]	Time  0.029 ( 0.039)	Loss 1.6913e-01 (1.9297e-01)	Acc pseudo  92.19 ( 91.77)	Lr 1.000e-03 (1.000e-03)
2026-01-14 21:37:33,492 - INFO: Epoch: [7][150/582]	Time  0.030 ( 0.036)	Loss 9.6268e-02 (1.9279e-01)	Acc pseudo  95.31 ( 91.72)	Lr 1.000e-03 (1.000e-03)
2026-01-14 21:37:38,190 - INFO: Epoch: [7][200/582]	Time  0.029 ( 0.034)	Loss 1.0299e-01 (1.9709e-01)	Acc pseudo  93.75 ( 91.67)	Lr 1.000e-03 (1.000e-03)
2026-01-14 21:37:42,889 - INFO: Epoch: [7][250/582]	Time  0.028 ( 0.034)	Loss 2.3726e-01 (1.9872e-01)	Acc pseudo  90.62 ( 91.70)	Lr 1.000e-03 (1.000e-03)
2026-01-14 21:37:47,617 - INFO: Epoch: [7][300/582]	Time  0.028 ( 0.033)	Loss 1.3046e-01 (1.9621e-01)	Acc pseudo  95.31 ( 91.88)	Lr 1.000e-03 (1.000e-03)
2026-01-14 21:37:52,309 - INFO: Epoch: [7][350/582]	Time  0.030 ( 0.032)	Loss 4.1790e-01 (1.9320e-01)	Acc pseudo  89.06 ( 91.96)	Lr 1.000e-03 (1.000e-03)
2026-01-14 21:37:57,002 - INFO: Epoch: [7][400/582]	Time  0.030 ( 0.032)	Loss 1.8462e-01 (1.9581e-01)	Acc pseudo  89.06 ( 91.95)	Lr 1.000e-03 (1.000e-03)
2026-01-14 21:38:01,702 - INFO: Epoch: [7][450/582]	Time  0.034 ( 0.032)	Loss 2.4218e-01 (1.9782e-01)	Acc pseudo  90.62 ( 91.87)	Lr 1.000e-03 (1.000e-03)
2026-01-14 21:38:06,413 - INFO: Epoch: [7][500/582]	Time  0.032 ( 0.032)	Loss 2.5919e-01 (1.9716e-01)	Acc pseudo  87.50 ( 91.93)	Lr 1.000e-03 (1.000e-03)
2026-01-14 21:38:11,109 - INFO: Epoch: [7][550/582]	Time  0.028 ( 0.032)	Loss 1.1918e-01 (1.9901e-01)	Acc pseudo  95.31 ( 91.86)	Lr 1.000e-03 (1.000e-03)
2026-01-14 21:38:14,064 - INFO: Round 2, Face Fine-tune Epoch 7: loss=0.2000, acc(pseudo)=91.84%
2026-01-14 21:39:13,810 - INFO: Round 2, Face Fine-tune Epoch 7: acc(valid_pseudo): 0.9902, acc: 0.8647
2026-01-14 21:39:13,810 - INFO: Round 2, Face Fine-tune Epoch 7: No improvement. Patience(epoch): 2/3
2026-01-14 21:39:14,467 - INFO: Epoch: [8][  0/582]	Time  0.635 ( 0.635)	Loss 1.4583e-01 (1.4583e-01)	Acc pseudo  90.62 ( 90.62)	Lr 1.000e-03 (1.000e-03)
2026-01-14 21:39:19,168 - INFO: Epoch: [8][ 50/582]	Time  0.028 ( 0.043)	Loss 1.7007e-01 (1.7632e-01)	Acc pseudo  90.62 ( 92.49)	Lr 1.000e-03 (1.000e-03)
2026-01-14 21:39:23,873 - INFO: Epoch: [8][100/582]	Time  0.030 ( 0.039)	Loss 9.3630e-02 (1.7753e-01)	Acc pseudo  96.88 ( 92.71)	Lr 1.000e-03 (1.000e-03)
2026-01-14 21:39:28,576 - INFO: Epoch: [8][150/582]	Time  0.030 ( 0.036)	Loss 2.7152e-01 (1.8548e-01)	Acc pseudo  90.62 ( 92.32)	Lr 1.000e-03 (1.000e-03)
2026-01-14 21:39:33,280 - INFO: Epoch: [8][200/582]	Time  0.031 ( 0.035)	Loss 9.9420e-02 (1.8932e-01)	Acc pseudo  98.44 ( 92.27)	Lr 1.000e-03 (1.000e-03)
2026-01-14 21:39:37,986 - INFO: Epoch: [8][250/582]	Time  0.030 ( 0.034)	Loss 1.4809e-01 (1.8914e-01)	Acc pseudo  89.06 ( 92.22)	Lr 1.000e-03 (1.000e-03)
2026-01-14 21:39:42,698 - INFO: Epoch: [8][300/582]	Time  0.035 ( 0.034)	Loss 3.4835e-01 (1.8985e-01)	Acc pseudo  87.50 ( 92.20)	Lr 1.000e-03 (1.000e-03)
2026-01-14 21:39:47,404 - INFO: Epoch: [8][350/582]	Time  0.032 ( 0.034)	Loss 1.9899e-01 (1.8989e-01)	Acc pseudo  95.31 ( 92.18)	Lr 1.000e-03 (1.000e-03)
2026-01-14 21:39:52,109 - INFO: Epoch: [8][400/582]	Time  0.030 ( 0.033)	Loss 1.7951e-01 (1.9251e-01)	Acc pseudo  93.75 ( 92.10)	Lr 1.000e-03 (1.000e-03)
2026-01-14 21:39:56,818 - INFO: Epoch: [8][450/582]	Time  0.043 ( 0.034)	Loss 1.0697e-01 (1.9251e-01)	Acc pseudo  98.44 ( 92.06)	Lr 1.000e-03 (1.000e-03)
2026-01-14 21:40:01,530 - INFO: Epoch: [8][500/582]	Time  0.030 ( 0.034)	Loss 1.5496e-01 (1.9182e-01)	Acc pseudo  93.75 ( 92.13)	Lr 1.000e-03 (1.000e-03)
2026-01-14 21:40:06,235 - INFO: Epoch: [8][550/582]	Time  0.034 ( 0.034)	Loss 8.6046e-02 (1.9254e-01)	Acc pseudo  95.31 ( 92.10)	Lr 1.000e-03 (1.000e-03)
2026-01-14 21:40:09,223 - INFO: Round 2, Face Fine-tune Epoch 8: loss=0.1921, acc(pseudo)=92.10%
2026-01-14 21:41:09,362 - INFO: Round 2, Face Fine-tune Epoch 8: acc(valid_pseudo): 0.9907, acc: 0.8685
2026-01-14 21:41:10,368 - INFO: Epoch: [9][  0/582]	Time  0.645 ( 0.645)	Loss 1.2353e-01 (1.2353e-01)	Acc pseudo  96.88 ( 96.88)	Lr 1.000e-03 (1.000e-03)
2026-01-14 21:41:15,073 - INFO: Epoch: [9][ 50/582]	Time  0.029 ( 0.043)	Loss 2.1298e-01 (1.5651e-01)	Acc pseudo  95.31 ( 93.57)	Lr 1.000e-03 (1.000e-03)
2026-01-14 21:41:19,779 - INFO: Epoch: [9][100/582]	Time  0.031 ( 0.039)	Loss 7.6287e-02 (1.6988e-01)	Acc pseudo  96.88 ( 93.43)	Lr 1.000e-03 (1.000e-03)
2026-01-14 21:41:24,483 - INFO: Epoch: [9][150/582]	Time  0.030 ( 0.037)	Loss 1.5063e-01 (1.8018e-01)	Acc pseudo  93.75 ( 92.96)	Lr 1.000e-03 (1.000e-03)
2026-01-14 21:41:29,188 - INFO: Epoch: [9][200/582]	Time  0.028 ( 0.036)	Loss 2.8206e-01 (1.7718e-01)	Acc pseudo  92.19 ( 92.89)	Lr 1.000e-03 (1.000e-03)
2026-01-14 21:41:33,895 - INFO: Epoch: [9][250/582]	Time  0.046 ( 0.035)	Loss 1.0198e-01 (1.7952e-01)	Acc pseudo  93.75 ( 92.82)	Lr 1.000e-03 (1.000e-03)
2026-01-14 21:41:38,603 - INFO: Epoch: [9][300/582]	Time  0.037 ( 0.035)	Loss 1.2794e-01 (1.7833e-01)	Acc pseudo  93.75 ( 92.81)	Lr 1.000e-03 (1.000e-03)
2026-01-14 21:41:43,326 - INFO: Epoch: [9][350/582]	Time  0.030 ( 0.034)	Loss 2.6601e-01 (1.8298e-01)	Acc pseudo  90.62 ( 92.64)	Lr 1.000e-03 (1.000e-03)
2026-01-14 21:41:48,033 - INFO: Epoch: [9][400/582]	Time  0.039 ( 0.034)	Loss 1.2196e-01 (1.8401e-01)	Acc pseudo  92.19 ( 92.54)	Lr 1.000e-03 (1.000e-03)
2026-01-14 21:41:52,740 - INFO: Epoch: [9][450/582]	Time  0.037 ( 0.034)	Loss 1.7129e-01 (1.8630e-01)	Acc pseudo  92.19 ( 92.49)	Lr 1.000e-03 (1.000e-03)
2026-01-14 21:41:57,447 - INFO: Epoch: [9][500/582]	Time  0.031 ( 0.034)	Loss 3.4524e-01 (1.8963e-01)	Acc pseudo  81.25 ( 92.38)	Lr 1.000e-03 (1.000e-03)
2026-01-14 21:42:02,155 - INFO: Epoch: [9][550/582]	Time  0.050 ( 0.033)	Loss 1.2624e-01 (1.8901e-01)	Acc pseudo  90.62 ( 92.38)	Lr 1.000e-03 (1.000e-03)
2026-01-14 21:42:05,147 - INFO: Round 2, Face Fine-tune Epoch 9: loss=0.1883, acc(pseudo)=92.36%
2026-01-14 21:43:05,585 - INFO: Round 2, Face Fine-tune Epoch 9: acc(valid_pseudo): 0.9911, acc: 0.8715
2026-01-14 21:43:06,590 - INFO: Epoch: [10][  0/582]	Time  0.621 ( 0.621)	Loss 4.7234e-02 (4.7234e-02)	Acc pseudo 100.00 (100.00)	Lr 1.000e-03 (1.000e-03)
2026-01-14 21:43:11,296 - INFO: Epoch: [10][ 50/582]	Time  0.030 ( 0.046)	Loss 2.0616e-01 (1.6628e-01)	Acc pseudo  89.06 ( 92.62)	Lr 1.000e-03 (1.000e-03)
2026-01-14 21:43:15,999 - INFO: Epoch: [10][100/582]	Time  0.038 ( 0.040)	Loss 1.7657e-01 (1.7806e-01)	Acc pseudo  93.75 ( 92.51)	Lr 1.000e-03 (1.000e-03)
2026-01-14 21:43:20,700 - INFO: Epoch: [10][150/582]	Time  0.028 ( 0.037)	Loss 1.5783e-01 (1.8111e-01)	Acc pseudo  90.62 ( 92.37)	Lr 1.000e-03 (1.000e-03)
2026-01-14 21:43:25,406 - INFO: Epoch: [10][200/582]	Time  0.028 ( 0.035)	Loss 9.3219e-02 (1.8287e-01)	Acc pseudo  96.88 ( 92.37)	Lr 1.000e-03 (1.000e-03)
2026-01-14 21:43:30,110 - INFO: Epoch: [10][250/582]	Time  0.039 ( 0.034)	Loss 1.4644e-01 (1.8282e-01)	Acc pseudo  90.62 ( 92.42)	Lr 1.000e-03 (1.000e-03)
2026-01-14 21:43:34,818 - INFO: Epoch: [10][300/582]	Time  0.028 ( 0.034)	Loss 2.9174e-01 (1.8537e-01)	Acc pseudo  92.19 ( 92.42)	Lr 1.000e-03 (1.000e-03)
2026-01-14 21:43:39,524 - INFO: Epoch: [10][350/582]	Time  0.029 ( 0.034)	Loss 2.7411e-01 (1.8547e-01)	Acc pseudo  85.94 ( 92.42)	Lr 1.000e-03 (1.000e-03)
2026-01-14 21:43:44,229 - INFO: Epoch: [10][400/582]	Time  0.029 ( 0.034)	Loss 1.5833e-01 (1.8175e-01)	Acc pseudo  93.75 ( 92.49)	Lr 1.000e-03 (1.000e-03)
2026-01-14 21:43:48,931 - INFO: Epoch: [10][450/582]	Time  0.030 ( 0.033)	Loss 1.7639e-01 (1.8250e-01)	Acc pseudo  92.19 ( 92.47)	Lr 1.000e-03 (1.000e-03)
2026-01-14 21:43:53,637 - INFO: Epoch: [10][500/582]	Time  0.033 ( 0.033)	Loss 2.6263e-01 (1.8327e-01)	Acc pseudo  90.62 ( 92.46)	Lr 1.000e-03 (1.000e-03)
2026-01-14 21:43:58,346 - INFO: Epoch: [10][550/582]	Time  0.032 ( 0.033)	Loss 1.1807e-01 (1.8275e-01)	Acc pseudo  92.19 ( 92.41)	Lr 1.000e-03 (1.000e-03)
2026-01-14 21:44:01,306 - INFO: Round 2, Face Fine-tune Epoch 10: loss=0.1830, acc(pseudo)=92.42%
2026-01-14 21:45:01,344 - INFO: Round 2, Face Fine-tune Epoch 10: acc(valid_pseudo): 0.9912, acc: 0.8676
2026-01-14 21:45:02,508 - INFO: Epoch: [11][  0/582]	Time  0.788 ( 0.788)	Loss 2.5696e-01 (2.5696e-01)	Acc pseudo  85.94 ( 85.94)	Lr 1.000e-03 (1.000e-03)
2026-01-14 21:45:07,214 - INFO: Epoch: [11][ 50/582]	Time  0.032 ( 0.049)	Loss 6.5506e-01 (1.9339e-01)	Acc pseudo  82.81 ( 92.13)	Lr 1.000e-03 (1.000e-03)
2026-01-14 21:45:11,918 - INFO: Epoch: [11][100/582]	Time  0.030 ( 0.041)	Loss 2.9636e-01 (1.8977e-01)	Acc pseudo  89.06 ( 92.30)	Lr 1.000e-03 (1.000e-03)
2026-01-14 21:45:16,626 - INFO: Epoch: [11][150/582]	Time  0.036 ( 0.039)	Loss 2.8878e-01 (1.8584e-01)	Acc pseudo  92.19 ( 92.29)	Lr 1.000e-03 (1.000e-03)
2026-01-14 21:45:21,333 - INFO: Epoch: [11][200/582]	Time  0.029 ( 0.038)	Loss 2.3643e-01 (1.8826e-01)	Acc pseudo  89.06 ( 92.30)	Lr 1.000e-03 (1.000e-03)
2026-01-14 21:45:26,039 - INFO: Epoch: [11][250/582]	Time  0.028 ( 0.037)	Loss 8.1550e-02 (1.8705e-01)	Acc pseudo  95.31 ( 92.29)	Lr 1.000e-03 (1.000e-03)
2026-01-14 21:45:30,752 - INFO: Epoch: [11][300/582]	Time  0.029 ( 0.037)	Loss 1.2255e-01 (1.8898e-01)	Acc pseudo  96.88 ( 92.30)	Lr 1.000e-03 (1.000e-03)
2026-01-14 21:45:35,485 - INFO: Epoch: [11][350/582]	Time  0.039 ( 0.036)	Loss 1.9479e-01 (1.9040e-01)	Acc pseudo  89.06 ( 92.13)	Lr 1.000e-03 (1.000e-03)
2026-01-14 21:45:40,192 - INFO: Epoch: [11][400/582]	Time  0.041 ( 0.036)	Loss 1.6577e-01 (1.8911e-01)	Acc pseudo  90.62 ( 92.17)	Lr 1.000e-03 (1.000e-03)
2026-01-14 21:45:44,904 - INFO: Epoch: [11][450/582]	Time  0.034 ( 0.036)	Loss 1.0714e-01 (1.8962e-01)	Acc pseudo  95.31 ( 92.21)	Lr 1.000e-03 (1.000e-03)
2026-01-14 21:45:49,609 - INFO: Epoch: [11][500/582]	Time  0.028 ( 0.035)	Loss 1.3156e-01 (1.8836e-01)	Acc pseudo  92.19 ( 92.26)	Lr 1.000e-03 (1.000e-03)
2026-01-14 21:45:54,315 - INFO: Epoch: [11][550/582]	Time  0.034 ( 0.035)	Loss 2.2047e-01 (1.9024e-01)	Acc pseudo  93.75 ( 92.23)	Lr 1.000e-03 (1.000e-03)
2026-01-14 21:45:57,270 - INFO: Round 2, Face Fine-tune Epoch 11: loss=0.1898, acc(pseudo)=92.24%
2026-01-14 21:46:56,744 - INFO: Round 2, Face Fine-tune Epoch 11: acc(valid_pseudo): 0.9917, acc: 0.8724
2026-01-14 21:46:57,870 - INFO: Epoch: [12][  0/582]	Time  0.773 ( 0.773)	Loss 8.5706e-02 (8.5706e-02)	Acc pseudo  96.88 ( 96.88)	Lr 1.000e-03 (1.000e-03)
2026-01-14 21:47:02,717 - INFO: Epoch: [12][ 50/582]	Time  0.030 ( 0.049)	Loss 1.5944e-01 (1.7439e-01)	Acc pseudo  89.06 ( 92.86)	Lr 1.000e-03 (1.000e-03)
2026-01-14 21:47:07,417 - INFO: Epoch: [12][100/582]	Time  0.028 ( 0.039)	Loss 2.1617e-01 (1.7649e-01)	Acc pseudo  90.62 ( 92.71)	Lr 1.000e-03 (1.000e-03)
2026-01-14 21:47:12,181 - INFO: Epoch: [12][150/582]	Time  0.028 ( 0.036)	Loss 1.1910e-01 (1.7762e-01)	Acc pseudo  95.31 ( 92.75)	Lr 1.000e-03 (1.000e-03)
2026-01-14 21:47:16,883 - INFO: Epoch: [12][200/582]	Time  0.029 ( 0.034)	Loss 1.0563e-01 (1.8263e-01)	Acc pseudo  96.88 ( 92.65)	Lr 1.000e-03 (1.000e-03)
2026-01-14 21:47:21,589 - INFO: Epoch: [12][250/582]	Time  0.034 ( 0.033)	Loss 1.1642e-01 (1.8289e-01)	Acc pseudo  95.31 ( 92.71)	Lr 1.000e-03 (1.000e-03)
2026-01-14 21:47:26,294 - INFO: Epoch: [12][300/582]	Time  0.030 ( 0.033)	Loss 2.4323e-01 (1.8116e-01)	Acc pseudo  90.62 ( 92.77)	Lr 1.000e-03 (1.000e-03)
2026-01-14 21:47:31,007 - INFO: Epoch: [12][350/582]	Time  0.041 ( 0.033)	Loss 2.7340e-01 (1.8240e-01)	Acc pseudo  89.06 ( 92.67)	Lr 1.000e-03 (1.000e-03)
2026-01-14 21:47:35,719 - INFO: Epoch: [12][400/582]	Time  0.031 ( 0.033)	Loss 3.4401e-01 (1.8371e-01)	Acc pseudo  82.81 ( 92.60)	Lr 1.000e-03 (1.000e-03)
2026-01-14 21:47:40,426 - INFO: Epoch: [12][450/582]	Time  0.030 ( 0.033)	Loss 1.2704e-01 (1.8375e-01)	Acc pseudo  90.62 ( 92.58)	Lr 1.000e-03 (1.000e-03)
2026-01-14 21:47:45,140 - INFO: Epoch: [12][500/582]	Time  0.040 ( 0.033)	Loss 2.8703e-01 (1.8521e-01)	Acc pseudo  92.19 ( 92.54)	Lr 1.000e-03 (1.000e-03)
2026-01-14 21:47:49,849 - INFO: Epoch: [12][550/582]	Time  0.039 ( 0.033)	Loss 8.9024e-02 (1.8521e-01)	Acc pseudo  96.88 ( 92.49)	Lr 1.000e-03 (1.000e-03)
2026-01-14 21:47:52,817 - INFO: Round 2, Face Fine-tune Epoch 12: loss=0.1843, acc(pseudo)=92.52%
2026-01-14 21:48:52,602 - INFO: Round 2, Face Fine-tune Epoch 12: acc(valid_pseudo): 0.9918, acc: 0.8676
2026-01-14 21:48:53,871 - INFO: Epoch: [13][  0/582]	Time  0.665 ( 0.665)	Loss 1.2176e-01 (1.2176e-01)	Acc pseudo  90.62 ( 90.62)	Lr 1.000e-03 (1.000e-03)
2026-01-14 21:48:58,581 - INFO: Epoch: [13][ 50/582]	Time  0.031 ( 0.043)	Loss 5.4913e-02 (1.8960e-01)	Acc pseudo  95.31 ( 91.91)	Lr 1.000e-03 (1.000e-03)
2026-01-14 21:49:03,290 - INFO: Epoch: [13][100/582]	Time  0.029 ( 0.039)	Loss 2.2281e-01 (1.8870e-01)	Acc pseudo  87.50 ( 92.19)	Lr 1.000e-03 (1.000e-03)
2026-01-14 21:49:08,001 - INFO: Epoch: [13][150/582]	Time  0.032 ( 0.037)	Loss 3.3878e-01 (1.8097e-01)	Acc pseudo  93.75 ( 92.50)	Lr 1.000e-03 (1.000e-03)
2026-01-14 21:49:12,707 - INFO: Epoch: [13][200/582]	Time  0.029 ( 0.036)	Loss 1.2110e-01 (1.8223e-01)	Acc pseudo  95.31 ( 92.39)	Lr 1.000e-03 (1.000e-03)
2026-01-14 21:49:17,420 - INFO: Epoch: [13][250/582]	Time  0.040 ( 0.034)	Loss 1.6476e-01 (1.8206e-01)	Acc pseudo  90.62 ( 92.47)	Lr 1.000e-03 (1.000e-03)
2026-01-14 21:49:22,127 - INFO: Epoch: [13][300/582]	Time  0.029 ( 0.034)	Loss 1.1316e-01 (1.8004e-01)	Acc pseudo  95.31 ( 92.58)	Lr 1.000e-03 (1.000e-03)
2026-01-14 21:49:26,836 - INFO: Epoch: [13][350/582]	Time  0.031 ( 0.034)	Loss 3.4899e-01 (1.8283e-01)	Acc pseudo  90.62 ( 92.45)	Lr 1.000e-03 (1.000e-03)
2026-01-14 21:49:31,540 - INFO: Epoch: [13][400/582]	Time  0.032 ( 0.033)	Loss 1.3061e-01 (1.8340e-01)	Acc pseudo  93.75 ( 92.38)	Lr 1.000e-03 (1.000e-03)
2026-01-14 21:49:36,253 - INFO: Epoch: [13][450/582]	Time  0.040 ( 0.033)	Loss 2.3797e-01 (1.8153e-01)	Acc pseudo  89.06 ( 92.46)	Lr 1.000e-03 (1.000e-03)
2026-01-14 21:49:40,960 - INFO: Epoch: [13][500/582]	Time  0.030 ( 0.033)	Loss 1.5456e-01 (1.8201e-01)	Acc pseudo  95.31 ( 92.46)	Lr 1.000e-03 (1.000e-03)
2026-01-14 21:49:45,677 - INFO: Epoch: [13][550/582]	Time  0.043 ( 0.033)	Loss 2.3330e-01 (1.8367e-01)	Acc pseudo  85.94 ( 92.36)	Lr 1.000e-03 (1.000e-03)
2026-01-14 21:49:48,644 - INFO: Round 2, Face Fine-tune Epoch 13: loss=0.1842, acc(pseudo)=92.38%
2026-01-14 21:50:47,364 - INFO: Round 2, Face Fine-tune Epoch 13: acc(valid_pseudo): 0.9915, acc: 0.8695
2026-01-14 21:50:47,364 - INFO: Round 2, Face Fine-tune Epoch 13: No improvement. Patience(epoch): 1/3
2026-01-14 21:50:48,110 - INFO: Epoch: [14][  0/582]	Time  0.694 ( 0.694)	Loss 8.6663e-02 (8.6663e-02)	Acc pseudo  93.75 ( 93.75)	Lr 1.000e-03 (1.000e-03)
2026-01-14 21:50:52,822 - INFO: Epoch: [14][ 50/582]	Time  0.027 ( 0.046)	Loss 3.0477e-01 (2.6041e-01)	Acc pseudo  89.06 ( 90.90)	Lr 1.000e-03 (1.000e-03)
2026-01-14 21:50:57,523 - INFO: Epoch: [14][100/582]	Time  0.030 ( 0.038)	Loss 1.4136e-01 (2.6565e-01)	Acc pseudo  95.31 ( 90.86)	Lr 1.000e-03 (1.000e-03)
2026-01-14 21:51:02,248 - INFO: Epoch: [14][150/582]	Time  0.035 ( 0.037)	Loss 5.8168e-01 (2.7384e-01)	Acc pseudo  82.81 ( 90.12)	Lr 1.000e-03 (1.000e-03)
2026-01-14 21:51:06,948 - INFO: Epoch: [14][200/582]	Time  0.041 ( 0.035)	Loss 3.0116e-01 (2.8600e-01)	Acc pseudo  87.50 ( 90.01)	Lr 1.000e-03 (1.000e-03)
2026-01-14 21:51:11,653 - INFO: Epoch: [14][250/582]	Time  0.030 ( 0.034)	Loss 1.8228e-01 (2.9040e-01)	Acc pseudo  92.19 ( 89.60)	Lr 1.000e-03 (1.000e-03)
2026-01-14 21:51:16,368 - INFO: Epoch: [14][300/582]	Time  0.034 ( 0.034)	Loss 2.1110e-01 (2.8838e-01)	Acc pseudo  90.62 ( 89.58)	Lr 1.000e-03 (1.000e-03)
2026-01-14 21:51:21,076 - INFO: Epoch: [14][350/582]	Time  0.031 ( 0.034)	Loss 1.6086e-01 (2.9273e-01)	Acc pseudo  93.75 ( 89.46)	Lr 1.000e-03 (1.000e-03)
2026-01-14 21:51:25,781 - INFO: Epoch: [14][400/582]	Time  0.028 ( 0.033)	Loss 3.1034e-01 (2.9165e-01)	Acc pseudo  89.06 ( 89.43)	Lr 1.000e-03 (1.000e-03)
2026-01-14 21:51:30,486 - INFO: Epoch: [14][450/582]	Time  0.038 ( 0.033)	Loss 2.3773e-01 (2.9222e-01)	Acc pseudo  89.06 ( 89.38)	Lr 1.000e-03 (1.000e-03)
2026-01-14 21:51:35,195 - INFO: Epoch: [14][500/582]	Time  0.033 ( 0.033)	Loss 2.3011e-01 (2.9491e-01)	Acc pseudo  82.81 ( 89.23)	Lr 1.000e-03 (1.000e-03)
2026-01-14 21:51:39,901 - INFO: Epoch: [14][550/582]	Time  0.029 ( 0.033)	Loss 2.6976e-01 (2.9623e-01)	Acc pseudo  89.06 ( 89.09)	Lr 1.000e-03 (1.000e-03)
2026-01-14 21:51:42,867 - INFO: Round 2, Face Fine-tune Epoch 14: loss=0.2962, acc(pseudo)=89.10%
2026-01-14 21:52:42,030 - INFO: Round 2, Face Fine-tune Epoch 14: acc(valid_pseudo): 0.9895, acc: 0.8695
2026-01-14 21:52:42,030 - INFO: Round 2, Face Fine-tune Epoch 14: No improvement. Patience(epoch): 2/3
2026-01-14 21:52:42,680 - INFO: Epoch: [15][  0/582]	Time  0.633 ( 0.633)	Loss 2.7178e-01 (2.7178e-01)	Acc pseudo  85.94 ( 85.94)	Lr 1.000e-03 (1.000e-03)
2026-01-14 21:52:47,383 - INFO: Epoch: [15][ 50/582]	Time  0.041 ( 0.047)	Loss 7.9496e-01 (2.8515e-01)	Acc pseudo  82.81 ( 89.25)	Lr 1.000e-03 (1.000e-03)
2026-01-14 21:52:52,088 - INFO: Epoch: [15][100/582]	Time  0.037 ( 0.040)	Loss 2.4294e-01 (2.6530e-01)	Acc pseudo  90.62 ( 89.88)	Lr 1.000e-03 (1.000e-03)
2026-01-14 21:52:56,792 - INFO: Epoch: [15][150/582]	Time  0.036 ( 0.037)	Loss 2.6022e-01 (2.6414e-01)	Acc pseudo  90.62 ( 89.83)	Lr 1.000e-03 (1.000e-03)
2026-01-14 21:53:01,499 - INFO: Epoch: [15][200/582]	Time  0.030 ( 0.036)	Loss 1.8181e-01 (2.6033e-01)	Acc pseudo  90.62 ( 89.77)	Lr 1.000e-03 (1.000e-03)
2026-01-14 21:53:06,206 - INFO: Epoch: [15][250/582]	Time  0.031 ( 0.034)	Loss 2.8270e-01 (2.5983e-01)	Acc pseudo  85.94 ( 89.81)	Lr 1.000e-03 (1.000e-03)
2026-01-14 21:53:10,914 - INFO: Epoch: [15][300/582]	Time  0.029 ( 0.034)	Loss 7.1270e-01 (2.6444e-01)	Acc pseudo  84.38 ( 89.77)	Lr 1.000e-03 (1.000e-03)
2026-01-14 21:53:15,622 - INFO: Epoch: [15][350/582]	Time  0.043 ( 0.034)	Loss 1.7160e-01 (2.6361e-01)	Acc pseudo  92.19 ( 89.79)	Lr 1.000e-03 (1.000e-03)
2026-01-14 21:53:20,329 - INFO: Epoch: [15][400/582]	Time  0.037 ( 0.034)	Loss 2.2292e-01 (2.6665e-01)	Acc pseudo  90.62 ( 89.69)	Lr 1.000e-03 (1.000e-03)
2026-01-14 21:53:25,039 - INFO: Epoch: [15][450/582]	Time  0.027 ( 0.034)	Loss 3.9047e-01 (2.6915e-01)	Acc pseudo  85.94 ( 89.64)	Lr 1.000e-03 (1.000e-03)
2026-01-14 21:53:29,742 - INFO: Epoch: [15][500/582]	Time  0.029 ( 0.034)	Loss 3.9640e-01 (2.6902e-01)	Acc pseudo  85.94 ( 89.64)	Lr 1.000e-03 (1.000e-03)
2026-01-14 21:53:34,446 - INFO: Epoch: [15][550/582]	Time  0.030 ( 0.033)	Loss 2.8365e-01 (2.6799e-01)	Acc pseudo  90.62 ( 89.65)	Lr 1.000e-03 (1.000e-03)
2026-01-14 21:53:37,438 - INFO: Round 2, Face Fine-tune Epoch 15: loss=0.2676, acc(pseudo)=89.66%
2026-01-14 21:54:35,985 - INFO: Round 2, Face Fine-tune Epoch 15: acc(valid_pseudo): 0.9899, acc: 0.8656
2026-01-14 21:54:35,985 - INFO: Round 2, Face Fine-tune Epoch 15: No improvement. Patience(epoch): 3/3
2026-01-14 21:54:35,985 - INFO: Early stopping at face epoch 15
2026-01-14 21:54:35,986 - INFO: Round 2: Best face fine-tuned epoch=12, acc(valid_pseudo)=0.9918
2026-01-14 21:54:36,120 - INFO: Using HMM model from previous round: runs/I love my family/exp_video/result/self_supervised/exp4/round1/pseudo_label/hmm_params.pkl
2026-01-14 23:19:50,461 - INFO: Round 2: speaker_acc=0.8665
2026-01-14 23:19:50,469 - INFO: Round 2: face_acc=0.8715
2026-01-14 23:19:50,473 - INFO: ====================
2026-01-14 23:19:50,473 - INFO: Round 3: Fine-tuning iteration
2026-01-14 23:19:50,473 - INFO: ====================
2026-01-14 23:19:50,610 - INFO: Round 3 Part 1: Fine-tuning embedding model
2026-01-14 23:19:50,611 - INFO: Using pseudo-label file: runs/I love my family/exp_video/result/self_supervised/exp4/round2/pseudo_label/pseudo_labels_audio_nested_hmm_full(unreliable_pp=100.0).json
2026-01-14 23:19:50,640 - INFO: For training, Using face pseudo-label file: runs/I love my family/exp_video/result/self_supervised/exp4/round2/pseudo_label/pseudo_labels_faces_mid_frame_train_nested_hmm_full.json
2026-01-14 23:19:50,640 - INFO: For infering, Using face pseudo-label file: runs/I love my family/exp_video/result/self_supervised/exp4/round2/pseudo_label/pseudo_labels_faces_mid_frame_all_nested_hmm_full.json
2026-01-14 23:19:50,773 - INFO: Created face dataloader with 37219 samples
2026-01-14 23:19:50,790 - INFO: Fine-tuning speaker embedding model for 20 epochs...
2026-01-14 23:19:51,670 - INFO: Epoch: [0][  0/301]	Time  0.852 ( 0.852)	Loss 5.8706e-01 (5.8706e-01)	Acc pseudo  84.38 ( 84.38)	Lr 1.000e-03 (1.000e-03)
2026-01-14 23:19:51,949 - INFO: Epoch: [0][ 50/301]	Time  0.004 ( 0.022)	Loss 6.6477e-01 (5.1977e-01)	Acc pseudo  78.12 ( 84.44)	Lr 1.000e-03 (1.000e-03)
2026-01-14 23:19:52,142 - INFO: Epoch: [0][100/301]	Time  0.004 ( 0.013)	Loss 5.5913e-01 (5.4875e-01)	Acc pseudo  82.81 ( 84.70)	Lr 1.000e-03 (1.000e-03)
2026-01-14 23:19:52,305 - INFO: Epoch: [0][150/301]	Time  0.003 ( 0.010)	Loss 4.2319e-01 (5.4710e-01)	Acc pseudo  81.25 ( 84.35)	Lr 1.000e-03 (1.000e-03)
2026-01-14 23:19:52,464 - INFO: Epoch: [0][200/301]	Time  0.003 ( 0.008)	Loss 6.4739e-01 (5.4035e-01)	Acc pseudo  85.94 ( 84.48)	Lr 1.000e-03 (1.000e-03)
2026-01-14 23:19:52,627 - INFO: Epoch: [0][250/301]	Time  0.003 ( 0.007)	Loss 9.0565e-01 (5.4508e-01)	Acc pseudo  76.56 ( 84.39)	Lr 1.000e-03 (1.000e-03)
2026-01-14 23:19:52,785 - INFO: Epoch: [0][300/301]	Time  0.002 ( 0.006)	Loss 3.1992e-01 (5.4670e-01)	Acc pseudo  88.00 ( 84.37)	Lr 1.000e-03 (1.000e-03)
2026-01-14 23:19:52,839 - INFO: Round 3, Fine-tune Epoch 0: loss=0.5467, acc(pseudo)=84.37%
2026-01-14 23:20:01,356 - INFO: Round 3, Fine-tune Epoch 0: acc(valid_pseudo): 0.9411, acc: 0.8320
2026-01-14 23:20:02,096 - INFO: Epoch: [1][  0/301]	Time  0.417 ( 0.417)	Loss 4.1471e-01 (4.1471e-01)	Acc pseudo  82.81 ( 82.81)	Lr 1.000e-03 (1.000e-03)
2026-01-14 23:20:02,404 - INFO: Epoch: [1][ 50/301]	Time  0.004 ( 0.014)	Loss 3.1951e-01 (4.4273e-01)	Acc pseudo  87.50 ( 85.88)	Lr 1.000e-03 (1.000e-03)
2026-01-14 23:20:02,605 - INFO: Epoch: [1][100/301]	Time  0.003 ( 0.009)	Loss 3.1326e-01 (4.5179e-01)	Acc pseudo  90.62 ( 86.03)	Lr 1.000e-03 (1.000e-03)
2026-01-14 23:20:02,793 - INFO: Epoch: [1][150/301]	Time  0.004 ( 0.007)	Loss 4.2365e-01 (4.6339e-01)	Acc pseudo  82.81 ( 85.73)	Lr 1.000e-03 (1.000e-03)
2026-01-14 23:20:02,962 - INFO: Epoch: [1][200/301]	Time  0.003 ( 0.006)	Loss 6.3108e-01 (4.6840e-01)	Acc pseudo  84.38 ( 85.64)	Lr 1.000e-03 (1.000e-03)
2026-01-14 23:20:03,120 - INFO: Epoch: [1][250/301]	Time  0.003 ( 0.006)	Loss 6.3768e-01 (4.7735e-01)	Acc pseudo  84.38 ( 85.42)	Lr 1.000e-03 (1.000e-03)
2026-01-14 23:20:03,268 - INFO: Epoch: [1][300/301]	Time  0.002 ( 0.005)	Loss 3.6710e-01 (4.7929e-01)	Acc pseudo  76.00 ( 85.48)	Lr 1.000e-03 (1.000e-03)
2026-01-14 23:20:03,319 - INFO: Round 3, Fine-tune Epoch 1: loss=0.4793, acc(pseudo)=85.48%
2026-01-14 23:20:12,222 - INFO: Round 3, Fine-tune Epoch 1: acc(valid_pseudo): 0.9563, acc: 0.8400
2026-01-14 23:20:12,959 - INFO: Epoch: [2][  0/301]	Time  0.382 ( 0.382)	Loss 6.0958e-01 (6.0958e-01)	Acc pseudo  85.94 ( 85.94)	Lr 1.000e-03 (1.000e-03)
2026-01-14 23:20:13,225 - INFO: Epoch: [2][ 50/301]	Time  0.004 ( 0.013)	Loss 3.8837e-01 (4.6920e-01)	Acc pseudo  87.50 ( 86.06)	Lr 1.000e-03 (1.000e-03)
2026-01-14 23:20:13,422 - INFO: Epoch: [2][100/301]	Time  0.002 ( 0.008)	Loss 4.2734e-01 (4.6483e-01)	Acc pseudo  84.38 ( 86.28)	Lr 1.000e-03 (1.000e-03)
2026-01-14 23:20:13,597 - INFO: Epoch: [2][150/301]	Time  0.004 ( 0.007)	Loss 4.2361e-01 (4.5969e-01)	Acc pseudo  89.06 ( 86.27)	Lr 1.000e-03 (1.000e-03)
2026-01-14 23:20:13,760 - INFO: Epoch: [2][200/301]	Time  0.002 ( 0.006)	Loss 2.5485e-01 (4.4946e-01)	Acc pseudo  92.19 ( 86.40)	Lr 1.000e-03 (1.000e-03)
2026-01-14 23:20:13,922 - INFO: Epoch: [2][250/301]	Time  0.003 ( 0.005)	Loss 3.5920e-01 (4.5588e-01)	Acc pseudo  87.50 ( 85.97)	Lr 1.000e-03 (1.000e-03)
2026-01-14 23:20:14,088 - INFO: Epoch: [2][300/301]	Time  0.002 ( 0.005)	Loss 5.3174e-01 (4.5646e-01)	Acc pseudo  84.00 ( 85.99)	Lr 1.000e-03 (1.000e-03)
2026-01-14 23:20:14,143 - INFO: Round 3, Fine-tune Epoch 2: loss=0.4565, acc(pseudo)=85.99%
2026-01-14 23:20:22,474 - INFO: Round 3, Fine-tune Epoch 2: acc(valid_pseudo): 0.9487, acc: 0.8380
2026-01-14 23:20:22,474 - INFO: Round 3, Speaker Fine-tune Epoch 2: No improvement in validation accuracy. Patience(epoch): 1/3
2026-01-14 23:20:22,796 - INFO: Epoch: [3][  0/301]	Time  0.316 ( 0.316)	Loss 6.2229e-01 (6.2229e-01)	Acc pseudo  82.81 ( 82.81)	Lr 1.000e-03 (1.000e-03)
2026-01-14 23:20:23,109 - INFO: Epoch: [3][ 50/301]	Time  0.003 ( 0.012)	Loss 5.3864e-01 (4.1073e-01)	Acc pseudo  82.81 ( 87.38)	Lr 1.000e-03 (1.000e-03)
2026-01-14 23:20:23,279 - INFO: Epoch: [3][100/301]	Time  0.003 ( 0.008)	Loss 2.6408e-01 (4.3632e-01)	Acc pseudo  89.06 ( 86.60)	Lr 1.000e-03 (1.000e-03)
2026-01-14 23:20:23,446 - INFO: Epoch: [3][150/301]	Time  0.003 ( 0.006)	Loss 2.7852e-01 (4.3722e-01)	Acc pseudo  89.06 ( 86.48)	Lr 1.000e-03 (1.000e-03)
2026-01-14 23:20:23,611 - INFO: Epoch: [3][200/301]	Time  0.003 ( 0.006)	Loss 3.9030e-01 (4.3214e-01)	Acc pseudo  85.94 ( 86.64)	Lr 1.000e-03 (1.000e-03)
2026-01-14 23:20:23,775 - INFO: Epoch: [3][250/301]	Time  0.004 ( 0.005)	Loss 5.0006e-01 (4.3387e-01)	Acc pseudo  89.06 ( 86.64)	Lr 1.000e-03 (1.000e-03)
2026-01-14 23:20:23,943 - INFO: Epoch: [3][300/301]	Time  0.003 ( 0.005)	Loss 3.8723e-01 (4.3794e-01)	Acc pseudo  80.00 ( 86.44)	Lr 1.000e-03 (1.000e-03)
2026-01-14 23:20:24,012 - INFO: Round 3, Fine-tune Epoch 3: loss=0.4379, acc(pseudo)=86.44%
2026-01-14 23:20:32,080 - INFO: Round 3, Fine-tune Epoch 3: acc(valid_pseudo): 0.9530, acc: 0.8450
2026-01-14 23:20:32,081 - INFO: Round 3, Speaker Fine-tune Epoch 3: No improvement in validation accuracy. Patience(epoch): 2/3
2026-01-14 23:20:32,562 - INFO: Epoch: [4][  0/301]	Time  0.474 ( 0.474)	Loss 4.4023e-01 (4.4023e-01)	Acc pseudo  84.38 ( 84.38)	Lr 1.000e-03 (1.000e-03)
2026-01-14 23:20:32,836 - INFO: Epoch: [4][ 50/301]	Time  0.005 ( 0.014)	Loss 4.2449e-01 (4.2885e-01)	Acc pseudo  85.94 ( 86.24)	Lr 1.000e-03 (1.000e-03)
2026-01-14 23:20:33,003 - INFO: Epoch: [4][100/301]	Time  0.002 ( 0.009)	Loss 3.0199e-01 (4.3111e-01)	Acc pseudo  90.62 ( 86.28)	Lr 1.000e-03 (1.000e-03)
2026-01-14 23:20:33,173 - INFO: Epoch: [4][150/301]	Time  0.004 ( 0.007)	Loss 2.4586e-01 (4.3794e-01)	Acc pseudo  85.94 ( 86.08)	Lr 1.000e-03 (1.000e-03)
2026-01-14 23:20:33,349 - INFO: Epoch: [4][200/301]	Time  0.004 ( 0.006)	Loss 6.9499e-01 (4.4201e-01)	Acc pseudo  78.12 ( 85.98)	Lr 1.000e-03 (1.000e-03)
2026-01-14 23:20:33,523 - INFO: Epoch: [4][250/301]	Time  0.003 ( 0.006)	Loss 6.6325e-01 (4.4763e-01)	Acc pseudo  79.69 ( 85.69)	Lr 1.000e-03 (1.000e-03)
2026-01-14 23:20:33,676 - INFO: Epoch: [4][300/301]	Time  0.002 ( 0.005)	Loss 4.6832e-01 (4.5165e-01)	Acc pseudo  88.00 ( 85.73)	Lr 1.000e-03 (1.000e-03)
2026-01-14 23:20:33,728 - INFO: Round 3, Fine-tune Epoch 4: loss=0.4516, acc(pseudo)=85.73%
2026-01-14 23:20:42,521 - INFO: Round 3, Fine-tune Epoch 4: acc(valid_pseudo): 0.9344, acc: 0.8065
2026-01-14 23:20:42,522 - INFO: Round 3, Speaker Fine-tune Epoch 4: No improvement in validation accuracy. Patience(epoch): 3/3
2026-01-14 23:20:42,522 - INFO: Early stopping at epoch 4 due to no improvement in validation accuracy for 3 epochs.
2026-01-14 23:20:42,523 - INFO: Round 3: Best speaker fine-tuned epoch=1, acc(valid_pseudo)=0.9563
2026-01-14 23:20:42,530 - INFO: Fine-tuning face embedding model for 20 epochs...
2026-01-14 23:20:43,926 - INFO: Epoch: [0][  0/582]	Time  1.370 ( 1.370)	Loss 2.2375e-01 (2.2375e-01)	Acc pseudo  92.19 ( 92.19)	Lr 1.000e-03 (1.000e-03)
2026-01-14 23:20:48,606 - INFO: Epoch: [0][ 50/582]	Time  0.030 ( 0.061)	Loss 3.5097e-01 (1.9442e-01)	Acc pseudo  87.50 ( 92.83)	Lr 1.000e-03 (1.000e-03)
2026-01-14 23:20:53,276 - INFO: Epoch: [0][100/582]	Time  0.033 ( 0.047)	Loss 4.0564e-01 (2.2378e-01)	Acc pseudo  84.38 ( 92.14)	Lr 1.000e-03 (1.000e-03)
2026-01-14 23:20:58,471 - INFO: Epoch: [0][150/582]	Time  0.033 ( 0.045)	Loss 2.0178e-01 (2.2507e-01)	Acc pseudo  90.62 ( 92.15)	Lr 1.000e-03 (1.000e-03)
2026-01-14 23:21:04,279 - INFO: Epoch: [0][200/582]	Time  0.029 ( 0.047)	Loss 6.2709e-02 (2.1898e-01)	Acc pseudo  98.44 ( 92.11)	Lr 1.000e-03 (1.000e-03)
2026-01-14 23:21:09,310 - INFO: Epoch: [0][250/582]	Time  0.036 ( 0.045)	Loss 3.6948e-01 (2.1715e-01)	Acc pseudo  89.06 ( 92.00)	Lr 1.000e-03 (1.000e-03)
2026-01-14 23:21:13,995 - INFO: Epoch: [0][300/582]	Time  0.030 ( 0.043)	Loss 1.4841e-01 (2.1213e-01)	Acc pseudo  90.62 ( 92.06)	Lr 1.000e-03 (1.000e-03)
2026-01-14 23:21:18,679 - INFO: Epoch: [0][350/582]	Time  0.031 ( 0.041)	Loss 8.2079e-02 (2.1552e-01)	Acc pseudo  92.19 ( 92.00)	Lr 1.000e-03 (1.000e-03)
2026-01-14 23:21:23,365 - INFO: Epoch: [0][400/582]	Time  0.028 ( 0.040)	Loss 1.1774e-01 (2.1188e-01)	Acc pseudo  93.75 ( 92.03)	Lr 1.000e-03 (1.000e-03)
2026-01-14 23:21:28,054 - INFO: Epoch: [0][450/582]	Time  0.029 ( 0.039)	Loss 1.2574e-01 (2.1051e-01)	Acc pseudo  95.31 ( 91.99)	Lr 1.000e-03 (1.000e-03)
2026-01-14 23:21:32,741 - INFO: Epoch: [0][500/582]	Time  0.031 ( 0.038)	Loss 4.0031e-01 (2.1172e-01)	Acc pseudo  92.19 ( 91.94)	Lr 1.000e-03 (1.000e-03)
2026-01-14 23:21:37,431 - INFO: Epoch: [0][550/582]	Time  0.029 ( 0.037)	Loss 1.3292e-01 (2.1114e-01)	Acc pseudo  93.75 ( 91.94)	Lr 1.000e-03 (1.000e-03)
2026-01-14 23:21:40,378 - INFO: Round 3, Face Fine-tune Epoch 0: loss=0.2145, acc(pseudo)=91.92%
2026-01-14 23:22:39,488 - INFO: Round 3, Face Fine-tune Epoch 0: acc(valid_pseudo): 0.9911, acc: 0.8715
2026-01-14 23:22:40,932 - INFO: Epoch: [1][  0/582]	Time  0.758 ( 0.758)	Loss 2.1837e-01 (2.1837e-01)	Acc pseudo  92.19 ( 92.19)	Lr 1.000e-03 (1.000e-03)
2026-01-14 23:22:45,626 - INFO: Epoch: [1][ 50/582]	Time  0.029 ( 0.047)	Loss 1.4202e-01 (1.9943e-01)	Acc pseudo  96.88 ( 91.54)	Lr 1.000e-03 (1.000e-03)
2026-01-14 23:22:50,322 - INFO: Epoch: [1][100/582]	Time  0.034 ( 0.041)	Loss 2.8507e-01 (2.0169e-01)	Acc pseudo  90.62 ( 91.79)	Lr 1.000e-03 (1.000e-03)
2026-01-14 23:22:55,024 - INFO: Epoch: [1][150/582]	Time  0.038 ( 0.039)	Loss 3.6672e-01 (2.0138e-01)	Acc pseudo  92.19 ( 92.18)	Lr 1.000e-03 (1.000e-03)
2026-01-14 23:22:59,724 - INFO: Epoch: [1][200/582]	Time  0.036 ( 0.038)	Loss 3.3691e-01 (2.0694e-01)	Acc pseudo  93.75 ( 92.14)	Lr 1.000e-03 (1.000e-03)
2026-01-14 23:23:04,428 - INFO: Epoch: [1][250/582]	Time  0.035 ( 0.038)	Loss 1.2053e-01 (2.0475e-01)	Acc pseudo  92.19 ( 92.09)	Lr 1.000e-03 (1.000e-03)
2026-01-14 23:23:09,132 - INFO: Epoch: [1][300/582]	Time  0.041 ( 0.037)	Loss 1.6739e-01 (2.0087e-01)	Acc pseudo  93.75 ( 92.28)	Lr 1.000e-03 (1.000e-03)
2026-01-14 23:23:13,893 - INFO: Epoch: [1][350/582]	Time  0.043 ( 0.037)	Loss 1.3896e-01 (2.0205e-01)	Acc pseudo  92.19 ( 92.21)	Lr 1.000e-03 (1.000e-03)
2026-01-14 23:23:18,628 - INFO: Epoch: [1][400/582]	Time  0.029 ( 0.037)	Loss 2.1922e-01 (2.0227e-01)	Acc pseudo  90.62 ( 92.24)	Lr 1.000e-03 (1.000e-03)
2026-01-14 23:23:23,331 - INFO: Epoch: [1][450/582]	Time  0.030 ( 0.036)	Loss 2.5816e-01 (2.0296e-01)	Acc pseudo  87.50 ( 92.20)	Lr 1.000e-03 (1.000e-03)
2026-01-14 23:23:28,026 - INFO: Epoch: [1][500/582]	Time  0.029 ( 0.036)	Loss 1.8815e-01 (2.0224e-01)	Acc pseudo  92.19 ( 92.19)	Lr 1.000e-03 (1.000e-03)
2026-01-14 23:23:32,723 - INFO: Epoch: [1][550/582]	Time  0.039 ( 0.035)	Loss 4.9343e-01 (2.0328e-01)	Acc pseudo  87.50 ( 92.19)	Lr 1.000e-03 (1.000e-03)
2026-01-14 23:23:35,680 - INFO: Round 3, Face Fine-tune Epoch 1: loss=0.2019, acc(pseudo)=92.18%
2026-01-14 23:24:35,273 - INFO: Round 3, Face Fine-tune Epoch 1: acc(valid_pseudo): 0.9938, acc: 0.8695
2026-01-14 23:24:36,260 - INFO: Epoch: [2][  0/582]	Time  0.616 ( 0.616)	Loss 2.0688e-01 (2.0688e-01)	Acc pseudo  90.62 ( 90.62)	Lr 1.000e-03 (1.000e-03)
2026-01-14 23:24:40,966 - INFO: Epoch: [2][ 50/582]	Time  0.031 ( 0.046)	Loss 2.3589e-01 (1.7661e-01)	Acc pseudo  90.62 ( 92.34)	Lr 1.000e-03 (1.000e-03)
2026-01-14 23:24:45,690 - INFO: Epoch: [2][100/582]	Time  0.027 ( 0.039)	Loss 1.2474e-01 (1.8557e-01)	Acc pseudo  90.62 ( 92.11)	Lr 1.000e-03 (1.000e-03)
2026-01-14 23:24:50,486 - INFO: Epoch: [2][150/582]	Time  0.028 ( 0.037)	Loss 6.8684e-02 (1.7933e-01)	Acc pseudo  96.88 ( 92.36)	Lr 1.000e-03 (1.000e-03)
2026-01-14 23:24:55,185 - INFO: Epoch: [2][200/582]	Time  0.030 ( 0.036)	Loss 1.1897e-01 (1.8001e-01)	Acc pseudo  93.75 ( 92.40)	Lr 1.000e-03 (1.000e-03)
2026-01-14 23:24:59,885 - INFO: Epoch: [2][250/582]	Time  0.028 ( 0.035)	Loss 1.3463e-01 (1.7875e-01)	Acc pseudo  90.62 ( 92.47)	Lr 1.000e-03 (1.000e-03)
2026-01-14 23:25:04,583 - INFO: Epoch: [2][300/582]	Time  0.028 ( 0.035)	Loss 6.5854e-02 (1.8135e-01)	Acc pseudo  98.44 ( 92.39)	Lr 1.000e-03 (1.000e-03)
2026-01-14 23:25:09,280 - INFO: Epoch: [2][350/582]	Time  0.040 ( 0.034)	Loss 1.1840e-01 (1.7627e-01)	Acc pseudo  95.31 ( 92.65)	Lr 1.000e-03 (1.000e-03)
2026-01-14 23:25:13,971 - INFO: Epoch: [2][400/582]	Time  0.028 ( 0.034)	Loss 1.2771e-01 (1.7590e-01)	Acc pseudo  92.19 ( 92.67)	Lr 1.000e-03 (1.000e-03)
2026-01-14 23:25:18,668 - INFO: Epoch: [2][450/582]	Time  0.029 ( 0.033)	Loss 2.0616e-01 (1.7724e-01)	Acc pseudo  93.75 ( 92.69)	Lr 1.000e-03 (1.000e-03)
2026-01-14 23:25:23,373 - INFO: Epoch: [2][500/582]	Time  0.028 ( 0.033)	Loss 1.2514e-01 (1.7646e-01)	Acc pseudo  95.31 ( 92.71)	Lr 1.000e-03 (1.000e-03)
2026-01-14 23:25:28,064 - INFO: Epoch: [2][550/582]	Time  0.028 ( 0.032)	Loss 4.8286e-01 (1.7764e-01)	Acc pseudo  89.06 ( 92.68)	Lr 1.000e-03 (1.000e-03)
2026-01-14 23:25:31,043 - INFO: Round 3, Face Fine-tune Epoch 2: loss=0.1773, acc(pseudo)=92.70%
2026-01-14 23:26:30,708 - INFO: Round 3, Face Fine-tune Epoch 2: acc(valid_pseudo): 0.9909, acc: 0.8676
2026-01-14 23:26:30,709 - INFO: Round 3, Face Fine-tune Epoch 2: No improvement. Patience(epoch): 1/3
2026-01-14 23:26:31,369 - INFO: Epoch: [3][  0/582]	Time  0.636 ( 0.636)	Loss 1.5866e-01 (1.5866e-01)	Acc pseudo  90.62 ( 90.62)	Lr 1.000e-03 (1.000e-03)
2026-01-14 23:26:36,071 - INFO: Epoch: [3][ 50/582]	Time  0.030 ( 0.044)	Loss 1.3597e-01 (1.7622e-01)	Acc pseudo  93.75 ( 92.46)	Lr 1.000e-03 (1.000e-03)
2026-01-14 23:26:40,772 - INFO: Epoch: [3][100/582]	Time  0.040 ( 0.039)	Loss 1.8372e-01 (1.7526e-01)	Acc pseudo  96.88 ( 92.53)	Lr 1.000e-03 (1.000e-03)
2026-01-14 23:26:45,475 - INFO: Epoch: [3][150/582]	Time  0.029 ( 0.036)	Loss 9.6050e-02 (1.7727e-01)	Acc pseudo  95.31 ( 92.76)	Lr 1.000e-03 (1.000e-03)
2026-01-14 23:26:50,173 - INFO: Epoch: [3][200/582]	Time  0.029 ( 0.034)	Loss 2.6033e-01 (1.7669e-01)	Acc pseudo  93.75 ( 92.89)	Lr 1.000e-03 (1.000e-03)
2026-01-14 23:26:54,875 - INFO: Epoch: [3][250/582]	Time  0.029 ( 0.033)	Loss 1.5000e-01 (1.7676e-01)	Acc pseudo  92.19 ( 92.83)	Lr 1.000e-03 (1.000e-03)
2026-01-14 23:26:59,577 - INFO: Epoch: [3][300/582]	Time  0.029 ( 0.033)	Loss 2.4076e-01 (1.7620e-01)	Acc pseudo  87.50 ( 92.76)	Lr 1.000e-03 (1.000e-03)
2026-01-14 23:27:04,279 - INFO: Epoch: [3][350/582]	Time  0.040 ( 0.033)	Loss 9.3232e-02 (1.7629e-01)	Acc pseudo  95.31 ( 92.80)	Lr 1.000e-03 (1.000e-03)
2026-01-14 23:27:08,984 - INFO: Epoch: [3][400/582]	Time  0.027 ( 0.033)	Loss 1.9449e-01 (1.7699e-01)	Acc pseudo  92.19 ( 92.84)	Lr 1.000e-03 (1.000e-03)
2026-01-14 23:27:13,699 - INFO: Epoch: [3][450/582]	Time  0.028 ( 0.033)	Loss 1.5447e-01 (1.7640e-01)	Acc pseudo  96.88 ( 92.82)	Lr 1.000e-03 (1.000e-03)
2026-01-14 23:27:18,403 - INFO: Epoch: [3][500/582]	Time  0.028 ( 0.033)	Loss 1.5240e-01 (1.7965e-01)	Acc pseudo  96.88 ( 92.80)	Lr 1.000e-03 (1.000e-03)
2026-01-14 23:27:23,105 - INFO: Epoch: [3][550/582]	Time  0.028 ( 0.033)	Loss 1.9496e-01 (1.8033e-01)	Acc pseudo  90.62 ( 92.75)	Lr 1.000e-03 (1.000e-03)
2026-01-14 23:27:26,059 - INFO: Round 3, Face Fine-tune Epoch 3: loss=0.1810, acc(pseudo)=92.76%
2026-01-14 23:28:25,416 - INFO: Round 3, Face Fine-tune Epoch 3: acc(valid_pseudo): 0.9924, acc: 0.8656
2026-01-14 23:28:25,416 - INFO: Round 3, Face Fine-tune Epoch 3: No improvement. Patience(epoch): 2/3
2026-01-14 23:28:26,097 - INFO: Epoch: [4][  0/582]	Time  0.656 ( 0.656)	Loss 2.2784e-01 (2.2784e-01)	Acc pseudo  90.62 ( 90.62)	Lr 1.000e-03 (1.000e-03)
2026-01-14 23:28:30,800 - INFO: Epoch: [4][ 50/582]	Time  0.030 ( 0.048)	Loss 1.5311e-01 (1.6047e-01)	Acc pseudo  92.19 ( 93.01)	Lr 1.000e-03 (1.000e-03)
2026-01-14 23:28:35,503 - INFO: Epoch: [4][100/582]	Time  0.034 ( 0.042)	Loss 4.0605e-01 (1.6195e-01)	Acc pseudo  90.62 ( 93.10)	Lr 1.000e-03 (1.000e-03)
2026-01-14 23:28:40,204 - INFO: Epoch: [4][150/582]	Time  0.030 ( 0.039)	Loss 8.4601e-02 (1.7000e-01)	Acc pseudo  95.31 ( 92.87)	Lr 1.000e-03 (1.000e-03)
2026-01-14 23:28:44,905 - INFO: Epoch: [4][200/582]	Time  0.029 ( 0.037)	Loss 1.5656e-01 (1.7348e-01)	Acc pseudo  95.31 ( 92.86)	Lr 1.000e-03 (1.000e-03)
2026-01-14 23:28:49,601 - INFO: Epoch: [4][250/582]	Time  0.028 ( 0.035)	Loss 1.1524e-01 (1.7328e-01)	Acc pseudo  95.31 ( 92.90)	Lr 1.000e-03 (1.000e-03)
2026-01-14 23:28:54,298 - INFO: Epoch: [4][300/582]	Time  0.030 ( 0.034)	Loss 1.1620e-01 (1.7679e-01)	Acc pseudo  95.31 ( 92.78)	Lr 1.000e-03 (1.000e-03)
2026-01-14 23:28:59,002 - INFO: Epoch: [4][350/582]	Time  0.029 ( 0.034)	Loss 1.3996e-01 (1.7836e-01)	Acc pseudo  93.75 ( 92.74)	Lr 1.000e-03 (1.000e-03)
2026-01-14 23:29:03,705 - INFO: Epoch: [4][400/582]	Time  0.028 ( 0.033)	Loss 1.4334e-01 (1.7852e-01)	Acc pseudo  89.06 ( 92.70)	Lr 1.000e-03 (1.000e-03)
2026-01-14 23:29:08,407 - INFO: Epoch: [4][450/582]	Time  0.027 ( 0.033)	Loss 2.8413e-01 (1.7966e-01)	Acc pseudo  87.50 ( 92.65)	Lr 1.000e-03 (1.000e-03)
2026-01-14 23:29:13,108 - INFO: Epoch: [4][500/582]	Time  0.037 ( 0.033)	Loss 2.5347e-01 (1.7886e-01)	Acc pseudo  93.75 ( 92.66)	Lr 1.000e-03 (1.000e-03)
2026-01-14 23:29:17,815 - INFO: Epoch: [4][550/582]	Time  0.030 ( 0.033)	Loss 2.2514e-01 (1.8101e-01)	Acc pseudo  93.75 ( 92.62)	Lr 1.000e-03 (1.000e-03)
2026-01-14 23:29:20,776 - INFO: Round 3, Face Fine-tune Epoch 4: loss=0.1796, acc(pseudo)=92.66%
2026-01-14 23:30:19,791 - INFO: Round 3, Face Fine-tune Epoch 4: acc(valid_pseudo): 0.9914, acc: 0.8695
2026-01-14 23:30:19,792 - INFO: Round 3, Face Fine-tune Epoch 4: No improvement. Patience(epoch): 3/3
2026-01-14 23:30:19,792 - INFO: Early stopping at face epoch 4
2026-01-14 23:30:19,793 - INFO: Round 3: Best face fine-tuned epoch=1, acc(valid_pseudo)=0.9938
2026-01-14 23:30:19,909 - INFO: Using HMM model from previous round: runs/I love my family/exp_video/result/self_supervised/exp4/round2/pseudo_label/hmm_params.pkl
2026-01-15 00:56:06,899 - INFO: Round 3: speaker_acc=0.8665
2026-01-15 00:56:06,909 - INFO: Round 3: face_acc=0.8715
2026-01-15 00:56:06,912 - INFO: ====================
2026-01-15 00:56:06,912 - INFO: Round 4: Fine-tuning iteration
2026-01-15 00:56:06,912 - INFO: ====================
2026-01-15 00:56:07,018 - INFO: Round 4 Part 1: Fine-tuning embedding model
2026-01-15 00:56:07,019 - INFO: Using pseudo-label file: runs/I love my family/exp_video/result/self_supervised/exp4/round3/pseudo_label/pseudo_labels_audio_nested_hmm_full(unreliable_pp=100.0).json
2026-01-15 00:56:07,048 - INFO: For training, Using face pseudo-label file: runs/I love my family/exp_video/result/self_supervised/exp4/round3/pseudo_label/pseudo_labels_faces_mid_frame_train_nested_hmm_full.json
2026-01-15 00:56:07,048 - INFO: For infering, Using face pseudo-label file: runs/I love my family/exp_video/result/self_supervised/exp4/round3/pseudo_label/pseudo_labels_faces_mid_frame_all_nested_hmm_full.json
2026-01-15 00:56:07,188 - INFO: Created face dataloader with 37219 samples
2026-01-15 00:56:07,204 - INFO: Fine-tuning speaker embedding model for 20 epochs...
2026-01-15 00:56:07,944 - INFO: Epoch: [0][  0/301]	Time  0.720 ( 0.720)	Loss 6.0482e-01 (6.0482e-01)	Acc pseudo  79.69 ( 79.69)	Lr 1.000e-03 (1.000e-03)
2026-01-15 00:56:08,240 - INFO: Epoch: [0][ 50/301]	Time  0.004 ( 0.020)	Loss 4.8474e-01 (4.8213e-01)	Acc pseudo  78.12 ( 85.91)	Lr 1.000e-03 (1.000e-03)
2026-01-15 00:56:08,431 - INFO: Epoch: [0][100/301]	Time  0.003 ( 0.012)	Loss 4.4737e-01 (4.7040e-01)	Acc pseudo  85.94 ( 86.25)	Lr 1.000e-03 (1.000e-03)
2026-01-15 00:56:08,606 - INFO: Epoch: [0][150/301]	Time  0.003 ( 0.009)	Loss 7.3701e-01 (4.7361e-01)	Acc pseudo  84.38 ( 85.85)	Lr 1.000e-03 (1.000e-03)
2026-01-15 00:56:08,770 - INFO: Epoch: [0][200/301]	Time  0.003 ( 0.008)	Loss 2.9277e-01 (4.6737e-01)	Acc pseudo  87.50 ( 85.91)	Lr 1.000e-03 (1.000e-03)
2026-01-15 00:56:08,928 - INFO: Epoch: [0][250/301]	Time  0.003 ( 0.007)	Loss 4.6955e-01 (4.6575e-01)	Acc pseudo  87.50 ( 85.89)	Lr 1.000e-03 (1.000e-03)
2026-01-15 00:56:09,096 - INFO: Epoch: [0][300/301]	Time  0.003 ( 0.006)	Loss 7.7674e-01 (4.6253e-01)	Acc pseudo  84.00 ( 85.84)	Lr 1.000e-03 (1.000e-03)
2026-01-15 00:56:09,153 - INFO: Round 4, Fine-tune Epoch 0: loss=0.4625, acc(pseudo)=85.84%
2026-01-15 00:56:18,999 - INFO: Round 4, Fine-tune Epoch 0: acc(valid_pseudo): 0.9560, acc: 0.8575
2026-01-15 00:56:19,491 - INFO: Epoch: [1][  0/301]	Time  0.309 ( 0.309)	Loss 4.8683e-01 (4.8683e-01)	Acc pseudo  84.38 ( 84.38)	Lr 1.000e-03 (1.000e-03)
2026-01-15 00:56:19,734 - INFO: Epoch: [1][ 50/301]	Time  0.003 ( 0.011)	Loss 3.3090e-01 (3.9506e-01)	Acc pseudo  92.19 ( 87.65)	Lr 1.000e-03 (1.000e-03)
2026-01-15 00:56:19,900 - INFO: Epoch: [1][100/301]	Time  0.003 ( 0.007)	Loss 3.4396e-01 (3.8551e-01)	Acc pseudo  93.75 ( 87.81)	Lr 1.000e-03 (1.000e-03)
2026-01-15 00:56:20,067 - INFO: Epoch: [1][150/301]	Time  0.003 ( 0.006)	Loss 3.8198e-01 (3.9207e-01)	Acc pseudo  87.50 ( 87.64)	Lr 1.000e-03 (1.000e-03)
2026-01-15 00:56:20,233 - INFO: Epoch: [1][200/301]	Time  0.002 ( 0.005)	Loss 5.3273e-01 (3.9118e-01)	Acc pseudo  84.38 ( 87.77)	Lr 1.000e-03 (1.000e-03)
2026-01-15 00:56:20,395 - INFO: Epoch: [1][250/301]	Time  0.003 ( 0.005)	Loss 4.3992e-01 (4.0628e-01)	Acc pseudo  89.06 ( 87.48)	Lr 1.000e-03 (1.000e-03)
2026-01-15 00:56:20,543 - INFO: Epoch: [1][300/301]	Time  0.002 ( 0.004)	Loss 3.0896e-01 (4.0723e-01)	Acc pseudo  80.00 ( 87.46)	Lr 1.000e-03 (1.000e-03)
2026-01-15 00:56:20,596 - INFO: Round 4, Fine-tune Epoch 1: loss=0.4072, acc(pseudo)=87.46%
2026-01-15 00:56:29,100 - INFO: Round 4, Fine-tune Epoch 1: acc(valid_pseudo): 0.9498, acc: 0.8375
2026-01-15 00:56:29,101 - INFO: Round 4, Speaker Fine-tune Epoch 1: No improvement in validation accuracy. Patience(epoch): 1/3
2026-01-15 00:56:29,412 - INFO: Epoch: [2][  0/301]	Time  0.306 ( 0.306)	Loss 5.1521e-01 (5.1521e-01)	Acc pseudo  87.50 ( 87.50)	Lr 1.000e-03 (1.000e-03)
2026-01-15 00:56:29,677 - INFO: Epoch: [2][ 50/301]	Time  0.004 ( 0.011)	Loss 2.5228e-01 (3.8324e-01)	Acc pseudo  92.19 ( 87.62)	Lr 1.000e-03 (1.000e-03)
2026-01-15 00:56:29,844 - INFO: Epoch: [2][100/301]	Time  0.003 ( 0.007)	Loss 3.1928e-01 (3.7714e-01)	Acc pseudo  92.19 ( 87.73)	Lr 1.000e-03 (1.000e-03)
2026-01-15 00:56:30,009 - INFO: Epoch: [2][150/301]	Time  0.004 ( 0.006)	Loss 3.2888e-01 (3.8724e-01)	Acc pseudo  90.62 ( 87.62)	Lr 1.000e-03 (1.000e-03)
2026-01-15 00:56:30,200 - INFO: Epoch: [2][200/301]	Time  0.003 ( 0.005)	Loss 1.9863e-01 (3.8077e-01)	Acc pseudo  92.19 ( 87.76)	Lr 1.000e-03 (1.000e-03)
2026-01-15 00:56:30,362 - INFO: Epoch: [2][250/301]	Time  0.003 ( 0.005)	Loss 4.1806e-01 (3.8789e-01)	Acc pseudo  87.50 ( 87.58)	Lr 1.000e-03 (1.000e-03)
2026-01-15 00:56:30,516 - INFO: Epoch: [2][300/301]	Time  0.002 ( 0.005)	Loss 4.5095e-01 (3.8984e-01)	Acc pseudo  92.00 ( 87.65)	Lr 1.000e-03 (1.000e-03)
2026-01-15 00:56:30,574 - INFO: Round 4, Fine-tune Epoch 2: loss=0.3898, acc(pseudo)=87.65%
2026-01-15 00:56:38,521 - INFO: Round 4, Fine-tune Epoch 2: acc(valid_pseudo): 0.9449, acc: 0.8425
2026-01-15 00:56:38,521 - INFO: Round 4, Speaker Fine-tune Epoch 2: No improvement in validation accuracy. Patience(epoch): 2/3
2026-01-15 00:56:38,842 - INFO: Epoch: [3][  0/301]	Time  0.315 ( 0.315)	Loss 4.3603e-01 (4.3603e-01)	Acc pseudo  84.38 ( 84.38)	Lr 1.000e-03 (1.000e-03)
2026-01-15 00:56:39,091 - INFO: Epoch: [3][ 50/301]	Time  0.003 ( 0.011)	Loss 3.5686e-01 (3.8688e-01)	Acc pseudo  89.06 ( 87.87)	Lr 1.000e-03 (1.000e-03)
2026-01-15 00:56:39,260 - INFO: Epoch: [3][100/301]	Time  0.003 ( 0.007)	Loss 2.0412e-01 (3.8579e-01)	Acc pseudo  95.31 ( 87.81)	Lr 1.000e-03 (1.000e-03)
2026-01-15 00:56:39,420 - INFO: Epoch: [3][150/301]	Time  0.003 ( 0.006)	Loss 1.6048e-01 (3.8369e-01)	Acc pseudo  96.88 ( 88.05)	Lr 1.000e-03 (1.000e-03)
2026-01-15 00:56:39,578 - INFO: Epoch: [3][200/301]	Time  0.003 ( 0.005)	Loss 2.5526e-01 (3.8144e-01)	Acc pseudo  92.19 ( 88.13)	Lr 1.000e-03 (1.000e-03)
2026-01-15 00:56:39,738 - INFO: Epoch: [3][250/301]	Time  0.003 ( 0.005)	Loss 2.2958e-01 (3.8111e-01)	Acc pseudo  92.19 ( 87.97)	Lr 1.000e-03 (1.000e-03)
2026-01-15 00:56:39,888 - INFO: Epoch: [3][300/301]	Time  0.002 ( 0.004)	Loss 2.5037e-01 (3.8219e-01)	Acc pseudo  92.00 ( 87.94)	Lr 1.000e-03 (1.000e-03)
2026-01-15 00:56:39,939 - INFO: Round 4, Fine-tune Epoch 3: loss=0.3822, acc(pseudo)=87.94%
2026-01-15 00:56:48,185 - INFO: Round 4, Fine-tune Epoch 3: acc(valid_pseudo): 0.9551, acc: 0.8450
2026-01-15 00:56:48,185 - INFO: Round 4, Speaker Fine-tune Epoch 3: No improvement in validation accuracy. Patience(epoch): 3/3
2026-01-15 00:56:48,185 - INFO: Early stopping at epoch 3 due to no improvement in validation accuracy for 3 epochs.
2026-01-15 00:56:48,186 - INFO: Round 4: Best speaker fine-tuned epoch=0, acc(valid_pseudo)=0.9560
2026-01-15 00:56:48,191 - INFO: Fine-tuning face embedding model for 20 epochs...
2026-01-15 00:56:49,375 - INFO: Epoch: [0][  0/582]	Time  1.161 ( 1.161)	Loss 6.6743e-02 (6.6743e-02)	Acc pseudo  93.75 ( 93.75)	Lr 1.000e-03 (1.000e-03)
2026-01-15 00:56:54,055 - INFO: Epoch: [0][ 50/582]	Time  0.029 ( 0.053)	Loss 2.3743e-01 (1.7583e-01)	Acc pseudo  96.88 ( 94.06)	Lr 1.000e-03 (1.000e-03)
2026-01-15 00:56:58,734 - INFO: Epoch: [0][100/582]	Time  0.037 ( 0.044)	Loss 2.0294e-01 (1.8528e-01)	Acc pseudo  89.06 ( 93.61)	Lr 1.000e-03 (1.000e-03)
2026-01-15 00:57:03,821 - INFO: Epoch: [0][150/582]	Time  0.028 ( 0.043)	Loss 1.6458e-01 (1.9320e-01)	Acc pseudo  90.62 ( 93.35)	Lr 1.000e-03 (1.000e-03)
2026-01-15 00:57:09,638 - INFO: Epoch: [0][200/582]	Time  0.031 ( 0.046)	Loss 6.4817e-02 (2.0163e-01)	Acc pseudo  98.44 ( 93.27)	Lr 1.000e-03 (1.000e-03)
2026-01-15 00:57:14,520 - INFO: Epoch: [0][250/582]	Time  0.030 ( 0.044)	Loss 3.1228e-01 (2.0180e-01)	Acc pseudo  84.38 ( 93.11)	Lr 1.000e-03 (1.000e-03)
2026-01-15 00:57:19,207 - INFO: Epoch: [0][300/582]	Time  0.033 ( 0.042)	Loss 7.6434e-02 (1.9745e-01)	Acc pseudo  96.88 ( 93.15)	Lr 1.000e-03 (1.000e-03)
2026-01-15 00:57:23,889 - INFO: Epoch: [0][350/582]	Time  0.034 ( 0.040)	Loss 8.0881e-02 (1.9559e-01)	Acc pseudo  95.31 ( 93.24)	Lr 1.000e-03 (1.000e-03)
2026-01-15 00:57:28,573 - INFO: Epoch: [0][400/582]	Time  0.028 ( 0.039)	Loss 9.2934e-02 (1.9600e-01)	Acc pseudo  96.88 ( 93.17)	Lr 1.000e-03 (1.000e-03)
2026-01-15 00:57:33,263 - INFO: Epoch: [0][450/582]	Time  0.029 ( 0.038)	Loss 1.0637e-01 (1.9312e-01)	Acc pseudo  98.44 ( 93.21)	Lr 1.000e-03 (1.000e-03)
2026-01-15 00:57:37,953 - INFO: Epoch: [0][500/582]	Time  0.032 ( 0.037)	Loss 6.9680e-01 (1.9752e-01)	Acc pseudo  90.62 ( 93.19)	Lr 1.000e-03 (1.000e-03)
2026-01-15 00:57:42,652 - INFO: Epoch: [0][550/582]	Time  0.048 ( 0.037)	Loss 2.9377e-01 (1.9638e-01)	Acc pseudo  87.50 ( 93.14)	Lr 1.000e-03 (1.000e-03)
2026-01-15 00:57:45,639 - INFO: Round 4, Face Fine-tune Epoch 0: loss=0.1982, acc(pseudo)=93.12%
2026-01-15 00:58:46,962 - INFO: Round 4, Face Fine-tune Epoch 0: acc(valid_pseudo): 0.9927, acc: 0.8724
2026-01-15 00:58:48,193 - INFO: Epoch: [1][  0/582]	Time  0.619 ( 0.619)	Loss 1.8753e-01 (1.8753e-01)	Acc pseudo  92.19 ( 92.19)	Lr 1.000e-03 (1.000e-03)
2026-01-15 00:58:52,889 - INFO: Epoch: [1][ 50/582]	Time  0.028 ( 0.043)	Loss 7.0562e-02 (1.5417e-01)	Acc pseudo  96.88 ( 93.81)	Lr 1.000e-03 (1.000e-03)
2026-01-15 00:58:57,580 - INFO: Epoch: [1][100/582]	Time  0.030 ( 0.037)	Loss 3.3109e-01 (1.6446e-01)	Acc pseudo  92.19 ( 93.56)	Lr 1.000e-03 (1.000e-03)
2026-01-15 00:59:02,276 - INFO: Epoch: [1][150/582]	Time  0.035 ( 0.035)	Loss 1.4803e-01 (1.7280e-01)	Acc pseudo  93.75 ( 93.43)	Lr 1.000e-03 (1.000e-03)
2026-01-15 00:59:06,973 - INFO: Epoch: [1][200/582]	Time  0.031 ( 0.034)	Loss 2.8952e-01 (1.7003e-01)	Acc pseudo  89.06 ( 93.30)	Lr 1.000e-03 (1.000e-03)
2026-01-15 00:59:11,671 - INFO: Epoch: [1][250/582]	Time  0.028 ( 0.034)	Loss 1.4112e-01 (1.7180e-01)	Acc pseudo  92.19 ( 93.36)	Lr 1.000e-03 (1.000e-03)
2026-01-15 00:59:16,370 - INFO: Epoch: [1][300/582]	Time  0.031 ( 0.033)	Loss 1.8219e-01 (1.7394e-01)	Acc pseudo  89.06 ( 93.33)	Lr 1.000e-03 (1.000e-03)
2026-01-15 00:59:21,066 - INFO: Epoch: [1][350/582]	Time  0.032 ( 0.033)	Loss 1.5683e-01 (1.7708e-01)	Acc pseudo  92.19 ( 93.21)	Lr 1.000e-03 (1.000e-03)
2026-01-15 00:59:25,760 - INFO: Epoch: [1][400/582]	Time  0.037 ( 0.032)	Loss 1.1274e-01 (1.7703e-01)	Acc pseudo  96.88 ( 93.32)	Lr 1.000e-03 (1.000e-03)
2026-01-15 00:59:30,457 - INFO: Epoch: [1][450/582]	Time  0.028 ( 0.032)	Loss 1.4399e-01 (1.7642e-01)	Acc pseudo  92.19 ( 93.33)	Lr 1.000e-03 (1.000e-03)
2026-01-15 00:59:35,154 - INFO: Epoch: [1][500/582]	Time  0.029 ( 0.032)	Loss 1.3719e-01 (1.7517e-01)	Acc pseudo  93.75 ( 93.34)	Lr 1.000e-03 (1.000e-03)
2026-01-15 00:59:39,849 - INFO: Epoch: [1][550/582]	Time  0.029 ( 0.032)	Loss 1.1757e-01 (1.7428e-01)	Acc pseudo  90.62 ( 93.35)	Lr 1.000e-03 (1.000e-03)
2026-01-15 00:59:42,805 - INFO: Round 4, Face Fine-tune Epoch 1: loss=0.1742, acc(pseudo)=93.35%
2026-01-15 01:00:42,030 - INFO: Round 4, Face Fine-tune Epoch 1: acc(valid_pseudo): 0.9933, acc: 0.8705
2026-01-15 01:00:43,259 - INFO: Epoch: [2][  0/582]	Time  0.605 ( 0.605)	Loss 1.6377e-01 (1.6377e-01)	Acc pseudo  93.75 ( 93.75)	Lr 1.000e-03 (1.000e-03)
2026-01-15 01:00:47,958 - INFO: Epoch: [2][ 50/582]	Time  0.036 ( 0.044)	Loss 1.3939e-01 (1.5379e-01)	Acc pseudo  92.19 ( 93.66)	Lr 1.000e-03 (1.000e-03)
2026-01-15 01:00:52,655 - INFO: Epoch: [2][100/582]	Time  0.032 ( 0.038)	Loss 1.1604e-01 (1.5724e-01)	Acc pseudo  93.75 ( 93.52)	Lr 1.000e-03 (1.000e-03)
2026-01-15 01:00:57,355 - INFO: Epoch: [2][150/582]	Time  0.028 ( 0.036)	Loss 1.0079e-01 (1.5928e-01)	Acc pseudo  95.31 ( 93.71)	Lr 1.000e-03 (1.000e-03)
2026-01-15 01:01:02,111 - INFO: Epoch: [2][200/582]	Time  0.028 ( 0.036)	Loss 1.0423e-01 (1.5819e-01)	Acc pseudo  95.31 ( 93.62)	Lr 1.000e-03 (1.000e-03)
2026-01-15 01:01:06,965 - INFO: Epoch: [2][250/582]	Time  0.029 ( 0.035)	Loss 1.1065e-01 (1.5625e-01)	Acc pseudo  95.31 ( 93.76)	Lr 1.000e-03 (1.000e-03)
2026-01-15 01:01:11,664 - INFO: Epoch: [2][300/582]	Time  0.031 ( 0.034)	Loss 9.2643e-02 (1.5788e-01)	Acc pseudo  95.31 ( 93.72)	Lr 1.000e-03 (1.000e-03)
2026-01-15 01:01:16,365 - INFO: Epoch: [2][350/582]	Time  0.036 ( 0.034)	Loss 6.5131e-02 (1.5496e-01)	Acc pseudo  96.88 ( 93.88)	Lr 1.000e-03 (1.000e-03)
2026-01-15 01:01:21,063 - INFO: Epoch: [2][400/582]	Time  0.027 ( 0.033)	Loss 2.1340e-01 (1.5296e-01)	Acc pseudo  89.06 ( 93.98)	Lr 1.000e-03 (1.000e-03)
2026-01-15 01:01:25,761 - INFO: Epoch: [2][450/582]	Time  0.029 ( 0.033)	Loss 1.0643e-01 (1.5634e-01)	Acc pseudo  93.75 ( 93.99)	Lr 1.000e-03 (1.000e-03)
2026-01-15 01:01:30,461 - INFO: Epoch: [2][500/582]	Time  0.028 ( 0.032)	Loss 1.5267e-01 (1.5684e-01)	Acc pseudo  92.19 ( 93.94)	Lr 1.000e-03 (1.000e-03)
2026-01-15 01:01:35,160 - INFO: Epoch: [2][550/582]	Time  0.028 ( 0.032)	Loss 3.8944e-01 (1.5623e-01)	Acc pseudo  87.50 ( 93.89)	Lr 1.000e-03 (1.000e-03)
2026-01-15 01:01:38,116 - INFO: Round 4, Face Fine-tune Epoch 2: loss=0.1556, acc(pseudo)=93.91%
2026-01-15 01:02:37,364 - INFO: Round 4, Face Fine-tune Epoch 2: acc(valid_pseudo): 0.9921, acc: 0.8754
2026-01-15 01:02:37,364 - INFO: Round 4, Face Fine-tune Epoch 2: No improvement. Patience(epoch): 1/3
2026-01-15 01:02:38,012 - INFO: Epoch: [3][  0/582]	Time  0.610 ( 0.610)	Loss 9.2695e-02 (9.2695e-02)	Acc pseudo  95.31 ( 95.31)	Lr 1.000e-03 (1.000e-03)
2026-01-15 01:02:42,711 - INFO: Epoch: [3][ 50/582]	Time  0.029 ( 0.044)	Loss 9.1440e-02 (1.3478e-01)	Acc pseudo  93.75 ( 94.27)	Lr 1.000e-03 (1.000e-03)
2026-01-15 01:02:47,412 - INFO: Epoch: [3][100/582]	Time  0.040 ( 0.039)	Loss 2.7032e-01 (1.4498e-01)	Acc pseudo  93.75 ( 94.07)	Lr 1.000e-03 (1.000e-03)
2026-01-15 01:02:52,116 - INFO: Epoch: [3][150/582]	Time  0.040 ( 0.038)	Loss 9.8364e-02 (1.4479e-01)	Acc pseudo  93.75 ( 94.21)	Lr 1.000e-03 (1.000e-03)
2026-01-15 01:02:56,815 - INFO: Epoch: [3][200/582]	Time  0.028 ( 0.037)	Loss 3.1931e-01 (1.4413e-01)	Acc pseudo  92.19 ( 94.19)	Lr 1.000e-03 (1.000e-03)
2026-01-15 01:03:01,510 - INFO: Epoch: [3][250/582]	Time  0.029 ( 0.036)	Loss 2.4360e-01 (1.4405e-01)	Acc pseudo  92.19 ( 94.22)	Lr 1.000e-03 (1.000e-03)
2026-01-15 01:03:06,211 - INFO: Epoch: [3][300/582]	Time  0.029 ( 0.035)	Loss 1.2617e-01 (1.4478e-01)	Acc pseudo  95.31 ( 94.25)	Lr 1.000e-03 (1.000e-03)
2026-01-15 01:03:10,914 - INFO: Epoch: [3][350/582]	Time  0.029 ( 0.034)	Loss 1.1023e-01 (1.4498e-01)	Acc pseudo  95.31 ( 94.28)	Lr 1.000e-03 (1.000e-03)
2026-01-15 01:03:15,612 - INFO: Epoch: [3][400/582]	Time  0.028 ( 0.034)	Loss 2.1487e-01 (1.4588e-01)	Acc pseudo  93.75 ( 94.28)	Lr 1.000e-03 (1.000e-03)
2026-01-15 01:03:20,311 - INFO: Epoch: [3][450/582]	Time  0.029 ( 0.033)	Loss 2.6600e-01 (1.4706e-01)	Acc pseudo  90.62 ( 94.17)	Lr 1.000e-03 (1.000e-03)
2026-01-15 01:03:25,005 - INFO: Epoch: [3][500/582]	Time  0.027 ( 0.033)	Loss 1.5871e-01 (1.4592e-01)	Acc pseudo  96.88 ( 94.20)	Lr 1.000e-03 (1.000e-03)
2026-01-15 01:03:29,695 - INFO: Epoch: [3][550/582]	Time  0.028 ( 0.032)	Loss 1.1777e-01 (1.4915e-01)	Acc pseudo  92.19 ( 94.12)	Lr 1.000e-03 (1.000e-03)
2026-01-15 01:03:32,641 - INFO: Round 4, Face Fine-tune Epoch 3: loss=0.1499, acc(pseudo)=94.11%
2026-01-15 01:04:30,703 - INFO: Round 4, Face Fine-tune Epoch 3: acc(valid_pseudo): 0.9923, acc: 0.8734
2026-01-15 01:04:30,703 - INFO: Round 4, Face Fine-tune Epoch 3: No improvement. Patience(epoch): 2/3
2026-01-15 01:04:31,391 - INFO: Epoch: [4][  0/582]	Time  0.641 ( 0.641)	Loss 1.4813e-01 (1.4813e-01)	Acc pseudo  96.88 ( 96.88)	Lr 1.000e-03 (1.000e-03)
2026-01-15 01:04:36,092 - INFO: Epoch: [4][ 50/582]	Time  0.028 ( 0.042)	Loss 1.5103e-01 (1.4313e-01)	Acc pseudo  92.19 ( 94.36)	Lr 1.000e-03 (1.000e-03)
2026-01-15 01:04:40,791 - INFO: Epoch: [4][100/582]	Time  0.028 ( 0.036)	Loss 1.2588e-01 (1.3508e-01)	Acc pseudo  95.31 ( 94.60)	Lr 1.000e-03 (1.000e-03)
2026-01-15 01:04:45,491 - INFO: Epoch: [4][150/582]	Time  0.030 ( 0.033)	Loss 6.1573e-02 (1.3662e-01)	Acc pseudo  98.44 ( 94.43)	Lr 1.000e-03 (1.000e-03)
2026-01-15 01:04:50,192 - INFO: Epoch: [4][200/582]	Time  0.031 ( 0.032)	Loss 1.8368e-01 (1.4425e-01)	Acc pseudo  90.62 ( 94.27)	Lr 1.000e-03 (1.000e-03)
2026-01-15 01:04:54,909 - INFO: Epoch: [4][250/582]	Time  0.029 ( 0.032)	Loss 2.7100e-01 (1.4474e-01)	Acc pseudo  89.06 ( 94.18)	Lr 1.000e-03 (1.000e-03)
2026-01-15 01:04:59,625 - INFO: Epoch: [4][300/582]	Time  0.029 ( 0.031)	Loss 7.8729e-02 (1.4634e-01)	Acc pseudo  95.31 ( 94.12)	Lr 1.000e-03 (1.000e-03)
2026-01-15 01:05:04,327 - INFO: Epoch: [4][350/582]	Time  0.029 ( 0.031)	Loss 8.3895e-02 (1.4835e-01)	Acc pseudo  95.31 ( 94.03)	Lr 1.000e-03 (1.000e-03)
2026-01-15 01:05:09,028 - INFO: Epoch: [4][400/582]	Time  0.028 ( 0.031)	Loss 3.1278e-01 (1.4988e-01)	Acc pseudo  87.50 ( 93.98)	Lr 1.000e-03 (1.000e-03)
2026-01-15 01:05:13,727 - INFO: Epoch: [4][450/582]	Time  0.028 ( 0.031)	Loss 2.7197e-01 (1.5193e-01)	Acc pseudo  95.31 ( 93.94)	Lr 1.000e-03 (1.000e-03)
2026-01-15 01:05:18,428 - INFO: Epoch: [4][500/582]	Time  0.027 ( 0.030)	Loss 1.9724e-01 (1.5194e-01)	Acc pseudo  89.06 ( 93.88)	Lr 1.000e-03 (1.000e-03)
2026-01-15 01:05:23,130 - INFO: Epoch: [4][550/582]	Time  0.029 ( 0.030)	Loss 6.8845e-02 (1.5188e-01)	Acc pseudo  96.88 ( 93.85)	Lr 1.000e-03 (1.000e-03)
2026-01-15 01:05:26,090 - INFO: Round 4, Face Fine-tune Epoch 4: loss=0.1523, acc(pseudo)=93.87%
2026-01-15 01:06:25,698 - INFO: Round 4, Face Fine-tune Epoch 4: acc(valid_pseudo): 0.9930, acc: 0.8763
2026-01-15 01:06:25,698 - INFO: Round 4, Face Fine-tune Epoch 4: No improvement. Patience(epoch): 3/3
2026-01-15 01:06:25,698 - INFO: Early stopping at face epoch 4
2026-01-15 01:06:25,699 - INFO: Round 4: Best face fine-tuned epoch=1, acc(valid_pseudo)=0.9933
2026-01-15 01:06:25,830 - INFO: Using HMM model from previous round: runs/I love my family/exp_video/result/self_supervised/exp4/round3/pseudo_label/hmm_params.pkl
2026-01-15 02:30:29,522 - INFO: Round 4: speaker_acc=0.8735
2026-01-15 02:30:29,532 - INFO: Round 4: face_acc=0.8685
2026-01-15 02:30:29,536 - INFO: ====================
2026-01-15 02:30:29,536 - INFO: Round 5: Fine-tuning iteration
2026-01-15 02:30:29,536 - INFO: ====================
2026-01-15 02:30:29,620 - INFO: Round 5 Part 1: Fine-tuning embedding model
2026-01-15 02:30:29,622 - INFO: Using pseudo-label file: runs/I love my family/exp_video/result/self_supervised/exp4/round4/pseudo_label/pseudo_labels_audio_nested_hmm_full(unreliable_pp=100.0).json
2026-01-15 02:30:29,660 - INFO: For training, Using face pseudo-label file: runs/I love my family/exp_video/result/self_supervised/exp4/round4/pseudo_label/pseudo_labels_faces_mid_frame_train_nested_hmm_full.json
2026-01-15 02:30:29,660 - INFO: For infering, Using face pseudo-label file: runs/I love my family/exp_video/result/self_supervised/exp4/round4/pseudo_label/pseudo_labels_faces_mid_frame_all_nested_hmm_full.json
2026-01-15 02:30:29,799 - INFO: Created face dataloader with 37219 samples
2026-01-15 02:30:29,815 - INFO: Fine-tuning speaker embedding model for 20 epochs...
2026-01-15 02:30:30,409 - INFO: Epoch: [0][  0/301]	Time  0.576 ( 0.576)	Loss 5.3150e-01 (5.3150e-01)	Acc pseudo  84.38 ( 84.38)	Lr 1.000e-03 (1.000e-03)
2026-01-15 02:30:30,700 - INFO: Epoch: [0][ 50/301]	Time  0.004 ( 0.017)	Loss 5.0628e-01 (4.0621e-01)	Acc pseudo  81.25 ( 88.08)	Lr 1.000e-03 (1.000e-03)
2026-01-15 02:30:30,875 - INFO: Epoch: [0][100/301]	Time  0.003 ( 0.010)	Loss 4.5028e-01 (4.2923e-01)	Acc pseudo  89.06 ( 88.13)	Lr 1.000e-03 (1.000e-03)
2026-01-15 02:30:31,045 - INFO: Epoch: [0][150/301]	Time  0.004 ( 0.008)	Loss 6.4511e-01 (4.3348e-01)	Acc pseudo  84.38 ( 87.86)	Lr 1.000e-03 (1.000e-03)
2026-01-15 02:30:31,207 - INFO: Epoch: [0][200/301]	Time  0.003 ( 0.007)	Loss 2.2562e-01 (4.2354e-01)	Acc pseudo  92.19 ( 87.74)	Lr 1.000e-03 (1.000e-03)
2026-01-15 02:30:31,385 - INFO: Epoch: [0][250/301]	Time  0.004 ( 0.006)	Loss 4.2106e-01 (4.3332e-01)	Acc pseudo  84.38 ( 87.59)	Lr 1.000e-03 (1.000e-03)
2026-01-15 02:30:31,547 - INFO: Epoch: [0][300/301]	Time  0.002 ( 0.006)	Loss 2.7022e-01 (4.2577e-01)	Acc pseudo  92.00 ( 87.66)	Lr 1.000e-03 (1.000e-03)
2026-01-15 02:30:31,606 - INFO: Round 5, Fine-tune Epoch 0: loss=0.4258, acc(pseudo)=87.66%
2026-01-15 02:30:39,467 - INFO: Round 5, Fine-tune Epoch 0: acc(valid_pseudo): 0.9606, acc: 0.8610
2026-01-15 02:30:40,182 - INFO: Epoch: [1][  0/301]	Time  0.298 ( 0.298)	Loss 3.3485e-01 (3.3485e-01)	Acc pseudo  90.62 ( 90.62)	Lr 1.000e-03 (1.000e-03)
2026-01-15 02:30:40,458 - INFO: Epoch: [1][ 50/301]	Time  0.003 ( 0.011)	Loss 2.9562e-01 (3.7248e-01)	Acc pseudo  95.31 ( 89.40)	Lr 1.000e-03 (1.000e-03)
2026-01-15 02:30:40,645 - INFO: Epoch: [1][100/301]	Time  0.004 ( 0.007)	Loss 2.3164e-01 (3.7683e-01)	Acc pseudo  92.19 ( 88.77)	Lr 1.000e-03 (1.000e-03)
2026-01-15 02:30:40,828 - INFO: Epoch: [1][150/301]	Time  0.003 ( 0.006)	Loss 2.5544e-01 (3.6713e-01)	Acc pseudo  90.62 ( 88.78)	Lr 1.000e-03 (1.000e-03)
2026-01-15 02:30:40,986 - INFO: Epoch: [1][200/301]	Time  0.003 ( 0.005)	Loss 2.8427e-01 (3.6322e-01)	Acc pseudo  89.06 ( 88.88)	Lr 1.000e-03 (1.000e-03)
2026-01-15 02:30:41,146 - INFO: Epoch: [1][250/301]	Time  0.003 ( 0.005)	Loss 4.2307e-01 (3.7063e-01)	Acc pseudo  90.62 ( 88.74)	Lr 1.000e-03 (1.000e-03)
2026-01-15 02:30:41,302 - INFO: Epoch: [1][300/301]	Time  0.002 ( 0.005)	Loss 1.7814e-01 (3.7054e-01)	Acc pseudo  92.00 ( 88.72)	Lr 1.000e-03 (1.000e-03)
2026-01-15 02:30:41,355 - INFO: Round 5, Fine-tune Epoch 1: loss=0.3705, acc(pseudo)=88.72%
2026-01-15 02:30:49,600 - INFO: Round 5, Fine-tune Epoch 1: acc(valid_pseudo): 0.9003, acc: 0.8100
2026-01-15 02:30:49,601 - INFO: Round 5, Speaker Fine-tune Epoch 1: No improvement in validation accuracy. Patience(epoch): 1/3
2026-01-15 02:30:49,918 - INFO: Epoch: [2][  0/301]	Time  0.312 ( 0.312)	Loss 5.5916e-01 (5.5916e-01)	Acc pseudo  82.81 ( 82.81)	Lr 1.000e-03 (1.000e-03)
2026-01-15 02:30:50,179 - INFO: Epoch: [2][ 50/301]	Time  0.004 ( 0.011)	Loss 5.4644e-01 (3.7904e-01)	Acc pseudo  85.94 ( 88.27)	Lr 1.000e-03 (1.000e-03)
2026-01-15 02:30:50,367 - INFO: Epoch: [2][100/301]	Time  0.003 ( 0.007)	Loss 4.5655e-01 (3.6429e-01)	Acc pseudo  84.38 ( 88.58)	Lr 1.000e-03 (1.000e-03)
2026-01-15 02:30:50,544 - INFO: Epoch: [2][150/301]	Time  0.004 ( 0.006)	Loss 5.0912e-01 (3.5704e-01)	Acc pseudo  87.50 ( 88.95)	Lr 1.000e-03 (1.000e-03)
2026-01-15 02:30:50,710 - INFO: Epoch: [2][200/301]	Time  0.003 ( 0.005)	Loss 4.1001e-01 (3.5731e-01)	Acc pseudo  93.75 ( 88.90)	Lr 1.000e-03 (1.000e-03)
2026-01-15 02:30:50,873 - INFO: Epoch: [2][250/301]	Time  0.003 ( 0.005)	Loss 3.1644e-01 (3.6369e-01)	Acc pseudo  89.06 ( 88.60)	Lr 1.000e-03 (1.000e-03)
2026-01-15 02:30:51,031 - INFO: Epoch: [2][300/301]	Time  0.002 ( 0.005)	Loss 1.8584e-01 (3.6309e-01)	Acc pseudo  96.00 ( 88.62)	Lr 1.000e-03 (1.000e-03)
2026-01-15 02:30:51,086 - INFO: Round 5, Fine-tune Epoch 2: loss=0.3631, acc(pseudo)=88.62%
2026-01-15 02:31:00,706 - INFO: Round 5, Fine-tune Epoch 2: acc(valid_pseudo): 0.9630, acc: 0.8485
2026-01-15 02:31:01,196 - INFO: Epoch: [3][  0/301]	Time  0.304 ( 0.304)	Loss 3.9167e-01 (3.9167e-01)	Acc pseudo  89.06 ( 89.06)	Lr 1.000e-03 (1.000e-03)
2026-01-15 02:31:01,457 - INFO: Epoch: [3][ 50/301]	Time  0.003 ( 0.011)	Loss 4.9243e-01 (3.3989e-01)	Acc pseudo  84.38 ( 88.94)	Lr 1.000e-03 (1.000e-03)
2026-01-15 02:31:01,649 - INFO: Epoch: [3][100/301]	Time  0.003 ( 0.007)	Loss 1.9434e-01 (3.4132e-01)	Acc pseudo  89.06 ( 89.02)	Lr 1.000e-03 (1.000e-03)
2026-01-15 02:31:01,833 - INFO: Epoch: [3][150/301]	Time  0.003 ( 0.006)	Loss 2.2735e-01 (3.5034e-01)	Acc pseudo  92.19 ( 88.92)	Lr 1.000e-03 (1.000e-03)
2026-01-15 02:31:01,993 - INFO: Epoch: [3][200/301]	Time  0.003 ( 0.005)	Loss 3.2948e-01 (3.5120e-01)	Acc pseudo  89.06 ( 88.88)	Lr 1.000e-03 (1.000e-03)
2026-01-15 02:31:02,150 - INFO: Epoch: [3][250/301]	Time  0.003 ( 0.005)	Loss 2.9410e-01 (3.4936e-01)	Acc pseudo  92.19 ( 88.93)	Lr 1.000e-03 (1.000e-03)
2026-01-15 02:31:02,306 - INFO: Epoch: [3][300/301]	Time  0.003 ( 0.005)	Loss 3.7733e-01 (3.5246e-01)	Acc pseudo  84.00 ( 88.80)	Lr 1.000e-03 (1.000e-03)
2026-01-15 02:31:02,361 - INFO: Round 5, Fine-tune Epoch 3: loss=0.3525, acc(pseudo)=88.80%
2026-01-15 02:31:10,544 - INFO: Round 5, Fine-tune Epoch 3: acc(valid_pseudo): 0.9600, acc: 0.8505
2026-01-15 02:31:10,545 - INFO: Round 5, Speaker Fine-tune Epoch 3: No improvement in validation accuracy. Patience(epoch): 1/3
2026-01-15 02:31:11,031 - INFO: Epoch: [4][  0/301]	Time  0.479 ( 0.479)	Loss 3.9025e-01 (3.9025e-01)	Acc pseudo  85.94 ( 85.94)	Lr 1.000e-03 (1.000e-03)
2026-01-15 02:31:11,308 - INFO: Epoch: [4][ 50/301]	Time  0.003 ( 0.015)	Loss 5.1966e-01 (3.4613e-01)	Acc pseudo  78.12 ( 88.85)	Lr 1.000e-03 (1.000e-03)
2026-01-15 02:31:11,483 - INFO: Epoch: [4][100/301]	Time  0.004 ( 0.009)	Loss 2.4749e-01 (3.6325e-01)	Acc pseudo  93.75 ( 88.38)	Lr 1.000e-03 (1.000e-03)
2026-01-15 02:31:11,669 - INFO: Epoch: [4][150/301]	Time  0.003 ( 0.007)	Loss 3.9112e-01 (3.5691e-01)	Acc pseudo  85.94 ( 88.61)	Lr 1.000e-03 (1.000e-03)
2026-01-15 02:31:11,853 - INFO: Epoch: [4][200/301]	Time  0.003 ( 0.006)	Loss 2.5613e-01 (3.6684e-01)	Acc pseudo  89.06 ( 88.46)	Lr 1.000e-03 (1.000e-03)
2026-01-15 02:31:12,030 - INFO: Epoch: [4][250/301]	Time  0.003 ( 0.006)	Loss 3.1915e-01 (3.6754e-01)	Acc pseudo  85.94 ( 88.32)	Lr 1.000e-03 (1.000e-03)
2026-01-15 02:31:12,187 - INFO: Epoch: [4][300/301]	Time  0.002 ( 0.005)	Loss 3.7608e-01 (3.7003e-01)	Acc pseudo  84.00 ( 88.17)	Lr 1.000e-03 (1.000e-03)
2026-01-15 02:31:12,243 - INFO: Round 5, Fine-tune Epoch 4: loss=0.3700, acc(pseudo)=88.17%
2026-01-15 02:31:19,933 - INFO: Round 5, Fine-tune Epoch 4: acc(valid_pseudo): 0.9630, acc: 0.8575
2026-01-15 02:31:19,934 - INFO: Round 5, Speaker Fine-tune Epoch 4: No improvement in validation accuracy. Patience(epoch): 2/3
2026-01-15 02:31:20,236 - INFO: Epoch: [5][  0/301]	Time  0.296 ( 0.296)	Loss 5.2240e-01 (5.2240e-01)	Acc pseudo  79.69 ( 79.69)	Lr 1.000e-03 (1.000e-03)
2026-01-15 02:31:20,501 - INFO: Epoch: [5][ 50/301]	Time  0.004 ( 0.011)	Loss 2.5389e-01 (3.4707e-01)	Acc pseudo  89.06 ( 89.46)	Lr 1.000e-03 (1.000e-03)
2026-01-15 02:31:20,670 - INFO: Epoch: [5][100/301]	Time  0.003 ( 0.007)	Loss 5.6339e-01 (3.4787e-01)	Acc pseudo  82.81 ( 89.17)	Lr 1.000e-03 (1.000e-03)
2026-01-15 02:31:20,837 - INFO: Epoch: [5][150/301]	Time  0.003 ( 0.006)	Loss 2.4772e-01 (3.4573e-01)	Acc pseudo  89.06 ( 89.34)	Lr 1.000e-03 (1.000e-03)
2026-01-15 02:31:21,064 - INFO: Epoch: [5][200/301]	Time  0.004 ( 0.005)	Loss 2.0426e-01 (3.5642e-01)	Acc pseudo  93.75 ( 88.97)	Lr 1.000e-03 (1.000e-03)
2026-01-15 02:31:21,239 - INFO: Epoch: [5][250/301]	Time  0.004 ( 0.005)	Loss 2.8076e-01 (3.6308e-01)	Acc pseudo  90.62 ( 88.78)	Lr 1.000e-03 (1.000e-03)
2026-01-15 02:31:21,399 - INFO: Epoch: [5][300/301]	Time  0.002 ( 0.005)	Loss 6.1740e-01 (3.7067e-01)	Acc pseudo  80.00 ( 88.50)	Lr 1.000e-03 (1.000e-03)
2026-01-15 02:31:21,459 - INFO: Round 5, Fine-tune Epoch 5: loss=0.3707, acc(pseudo)=88.50%
2026-01-15 02:31:30,203 - INFO: Round 5, Fine-tune Epoch 5: acc(valid_pseudo): 0.9554, acc: 0.8410
2026-01-15 02:31:30,203 - INFO: Round 5, Speaker Fine-tune Epoch 5: No improvement in validation accuracy. Patience(epoch): 3/3
2026-01-15 02:31:30,203 - INFO: Early stopping at epoch 5 due to no improvement in validation accuracy for 3 epochs.
2026-01-15 02:31:30,204 - INFO: Round 5: Best speaker fine-tuned epoch=2, acc(valid_pseudo)=0.9630
2026-01-15 02:31:30,208 - INFO: Fine-tuning face embedding model for 20 epochs...
2026-01-15 02:31:31,296 - INFO: Epoch: [0][  0/582]	Time  1.054 ( 1.054)	Loss 3.6359e-02 (3.6359e-02)	Acc pseudo 100.00 (100.00)	Lr 1.000e-03 (1.000e-03)
2026-01-15 02:31:35,972 - INFO: Epoch: [0][ 50/582]	Time  0.030 ( 0.052)	Loss 1.7036e-01 (1.1702e-01)	Acc pseudo  96.88 ( 95.53)	Lr 1.000e-03 (1.000e-03)
2026-01-15 02:31:40,684 - INFO: Epoch: [0][100/582]	Time  0.029 ( 0.042)	Loss 1.9396e-01 (1.2819e-01)	Acc pseudo  89.06 ( 95.06)	Lr 1.000e-03 (1.000e-03)
2026-01-15 02:31:45,377 - INFO: Epoch: [0][150/582]	Time  0.029 ( 0.038)	Loss 9.6793e-02 (1.3993e-01)	Acc pseudo  92.19 ( 94.74)	Lr 1.000e-03 (1.000e-03)
2026-01-15 02:31:50,084 - INFO: Epoch: [0][200/582]	Time  0.042 ( 0.037)	Loss 7.9761e-02 (1.4074e-01)	Acc pseudo  96.88 ( 94.47)	Lr 1.000e-03 (1.000e-03)
2026-01-15 02:31:54,765 - INFO: Epoch: [0][250/582]	Time  0.029 ( 0.036)	Loss 3.4850e-01 (1.5173e-01)	Acc pseudo  85.94 ( 94.27)	Lr 1.000e-03 (1.000e-03)
2026-01-15 02:31:59,441 - INFO: Epoch: [0][300/582]	Time  0.029 ( 0.035)	Loss 1.9907e-01 (1.5233e-01)	Acc pseudo  95.31 ( 94.26)	Lr 1.000e-03 (1.000e-03)
2026-01-15 02:32:04,122 - INFO: Epoch: [0][350/582]	Time  0.030 ( 0.034)	Loss 4.1068e-01 (1.5979e-01)	Acc pseudo  90.62 ( 94.20)	Lr 1.000e-03 (1.000e-03)
2026-01-15 02:32:08,812 - INFO: Epoch: [0][400/582]	Time  0.031 ( 0.034)	Loss 7.8367e-02 (1.5990e-01)	Acc pseudo  98.44 ( 94.15)	Lr 1.000e-03 (1.000e-03)
2026-01-15 02:32:13,498 - INFO: Epoch: [0][450/582]	Time  0.031 ( 0.034)	Loss 1.3740e-01 (1.6157e-01)	Acc pseudo  93.75 ( 94.14)	Lr 1.000e-03 (1.000e-03)
2026-01-15 02:32:18,194 - INFO: Epoch: [0][500/582]	Time  0.046 ( 0.034)	Loss 2.9789e-01 (1.6939e-01)	Acc pseudo  90.62 ( 94.02)	Lr 1.000e-03 (1.000e-03)
2026-01-15 02:32:22,895 - INFO: Epoch: [0][550/582]	Time  0.047 ( 0.035)	Loss 1.2964e-01 (1.6911e-01)	Acc pseudo  92.19 ( 94.01)	Lr 1.000e-03 (1.000e-03)
2026-01-15 02:32:25,960 - INFO: Round 5, Face Fine-tune Epoch 0: loss=0.1697, acc(pseudo)=93.99%
2026-01-15 02:33:24,073 - INFO: Round 5, Face Fine-tune Epoch 0: acc(valid_pseudo): 0.9933, acc: 0.8773
2026-01-15 02:33:25,044 - INFO: Epoch: [1][  0/582]	Time  0.603 ( 0.603)	Loss 1.4628e-01 (1.4628e-01)	Acc pseudo  93.75 ( 93.75)	Lr 1.000e-03 (1.000e-03)
2026-01-15 02:33:29,742 - INFO: Epoch: [1][ 50/582]	Time  0.031 ( 0.046)	Loss 1.8664e-01 (1.4973e-01)	Acc pseudo  92.19 ( 94.27)	Lr 1.000e-03 (1.000e-03)
2026-01-15 02:33:34,441 - INFO: Epoch: [1][100/582]	Time  0.030 ( 0.039)	Loss 2.1481e-01 (1.4926e-01)	Acc pseudo  96.88 ( 94.23)	Lr 1.000e-03 (1.000e-03)
2026-01-15 02:33:39,137 - INFO: Epoch: [1][150/582]	Time  0.032 ( 0.037)	Loss 6.8703e-02 (1.4871e-01)	Acc pseudo  96.88 ( 94.21)	Lr 1.000e-03 (1.000e-03)
2026-01-15 02:33:43,831 - INFO: Epoch: [1][200/582]	Time  0.028 ( 0.035)	Loss 2.1123e-01 (1.5326e-01)	Acc pseudo  93.75 ( 94.03)	Lr 1.000e-03 (1.000e-03)
2026-01-15 02:33:48,524 - INFO: Epoch: [1][250/582]	Time  0.028 ( 0.033)	Loss 2.0537e-01 (1.5203e-01)	Acc pseudo  89.06 ( 93.99)	Lr 1.000e-03 (1.000e-03)
2026-01-15 02:33:53,221 - INFO: Epoch: [1][300/582]	Time  0.029 ( 0.033)	Loss 1.9526e-01 (1.5264e-01)	Acc pseudo  90.62 ( 94.03)	Lr 1.000e-03 (1.000e-03)
2026-01-15 02:33:57,921 - INFO: Epoch: [1][350/582]	Time  0.031 ( 0.032)	Loss 1.3428e-01 (1.5350e-01)	Acc pseudo  95.31 ( 94.03)	Lr 1.000e-03 (1.000e-03)
2026-01-15 02:34:02,623 - INFO: Epoch: [1][400/582]	Time  0.030 ( 0.032)	Loss 6.3293e-02 (1.5455e-01)	Acc pseudo  96.88 ( 94.01)	Lr 1.000e-03 (1.000e-03)
2026-01-15 02:34:07,326 - INFO: Epoch: [1][450/582]	Time  0.029 ( 0.032)	Loss 5.5248e-01 (1.5479e-01)	Acc pseudo  90.62 ( 93.95)	Lr 1.000e-03 (1.000e-03)
2026-01-15 02:34:12,029 - INFO: Epoch: [1][500/582]	Time  0.037 ( 0.032)	Loss 1.5727e-01 (1.5520e-01)	Acc pseudo  93.75 ( 93.93)	Lr 1.000e-03 (1.000e-03)
2026-01-15 02:34:16,733 - INFO: Epoch: [1][550/582]	Time  0.032 ( 0.032)	Loss 1.1738e-01 (1.5514e-01)	Acc pseudo  95.31 ( 93.97)	Lr 1.000e-03 (1.000e-03)
2026-01-15 02:34:19,725 - INFO: Round 5, Face Fine-tune Epoch 1: loss=0.1547, acc(pseudo)=94.01%
2026-01-15 02:35:19,151 - INFO: Round 5, Face Fine-tune Epoch 1: acc(valid_pseudo): 0.9931, acc: 0.8705
2026-01-15 02:35:19,151 - INFO: Round 5, Face Fine-tune Epoch 1: No improvement. Patience(epoch): 1/3
2026-01-15 02:35:19,855 - INFO: Epoch: [2][  0/582]	Time  0.666 ( 0.666)	Loss 9.2451e-02 (9.2451e-02)	Acc pseudo  93.75 ( 93.75)	Lr 1.000e-03 (1.000e-03)
2026-01-15 02:35:24,555 - INFO: Epoch: [2][ 50/582]	Time  0.032 ( 0.045)	Loss 1.8255e-01 (1.4629e-01)	Acc pseudo  93.75 ( 94.36)	Lr 1.000e-03 (1.000e-03)
2026-01-15 02:35:29,255 - INFO: Epoch: [2][100/582]	Time  0.038 ( 0.039)	Loss 6.0993e-02 (1.3979e-01)	Acc pseudo  96.88 ( 94.28)	Lr 1.000e-03 (1.000e-03)
2026-01-15 02:35:33,955 - INFO: Epoch: [2][150/582]	Time  0.030 ( 0.037)	Loss 1.2243e-01 (1.3782e-01)	Acc pseudo  93.75 ( 94.40)	Lr 1.000e-03 (1.000e-03)
2026-01-15 02:35:38,661 - INFO: Epoch: [2][200/582]	Time  0.028 ( 0.036)	Loss 7.2606e-02 (1.3838e-01)	Acc pseudo  98.44 ( 94.43)	Lr 1.000e-03 (1.000e-03)
2026-01-15 02:35:43,358 - INFO: Epoch: [2][250/582]	Time  0.029 ( 0.035)	Loss 4.1108e-01 (1.3936e-01)	Acc pseudo  93.75 ( 94.42)	Lr 1.000e-03 (1.000e-03)
2026-01-15 02:35:48,055 - INFO: Epoch: [2][300/582]	Time  0.029 ( 0.034)	Loss 4.9007e-01 (1.4525e-01)	Acc pseudo  87.50 ( 94.30)	Lr 1.000e-03 (1.000e-03)
2026-01-15 02:35:52,756 - INFO: Epoch: [2][350/582]	Time  0.040 ( 0.034)	Loss 8.0948e-02 (1.4391e-01)	Acc pseudo  95.31 ( 94.41)	Lr 1.000e-03 (1.000e-03)
2026-01-15 02:35:57,456 - INFO: Epoch: [2][400/582]	Time  0.029 ( 0.034)	Loss 1.2436e-01 (1.4105e-01)	Acc pseudo  92.19 ( 94.48)	Lr 1.000e-03 (1.000e-03)
2026-01-15 02:36:02,156 - INFO: Epoch: [2][450/582]	Time  0.029 ( 0.033)	Loss 1.0043e-01 (1.4153e-01)	Acc pseudo  96.88 ( 94.47)	Lr 1.000e-03 (1.000e-03)
2026-01-15 02:36:06,855 - INFO: Epoch: [2][500/582]	Time  0.029 ( 0.033)	Loss 8.9497e-02 (1.4383e-01)	Acc pseudo  98.44 ( 94.46)	Lr 1.000e-03 (1.000e-03)
2026-01-15 02:36:11,556 - INFO: Epoch: [2][550/582]	Time  0.033 ( 0.032)	Loss 2.5583e-01 (1.4405e-01)	Acc pseudo  95.31 ( 94.42)	Lr 1.000e-03 (1.000e-03)
2026-01-15 02:36:14,530 - INFO: Round 5, Face Fine-tune Epoch 2: loss=0.1440, acc(pseudo)=94.45%
2026-01-15 02:37:14,256 - INFO: Round 5, Face Fine-tune Epoch 2: acc(valid_pseudo): 0.9927, acc: 0.8695
2026-01-15 02:37:14,256 - INFO: Round 5, Face Fine-tune Epoch 2: No improvement. Patience(epoch): 2/3
2026-01-15 02:37:14,920 - INFO: Epoch: [3][  0/582]	Time  0.638 ( 0.638)	Loss 9.7343e-02 (9.7343e-02)	Acc pseudo  93.75 ( 93.75)	Lr 1.000e-03 (1.000e-03)
2026-01-15 02:37:19,614 - INFO: Epoch: [3][ 50/582]	Time  0.029 ( 0.043)	Loss 1.0014e-01 (1.2863e-01)	Acc pseudo  95.31 ( 94.79)	Lr 1.000e-03 (1.000e-03)
2026-01-15 02:37:24,313 - INFO: Epoch: [3][100/582]	Time  0.029 ( 0.036)	Loss 1.2034e-01 (1.3213e-01)	Acc pseudo  95.31 ( 94.68)	Lr 1.000e-03 (1.000e-03)
2026-01-15 02:37:29,009 - INFO: Epoch: [3][150/582]	Time  0.028 ( 0.033)	Loss 7.1040e-02 (1.3185e-01)	Acc pseudo  96.88 ( 94.80)	Lr 1.000e-03 (1.000e-03)
2026-01-15 02:37:33,706 - INFO: Epoch: [3][200/582]	Time  0.029 ( 0.032)	Loss 1.2942e-01 (1.2991e-01)	Acc pseudo  96.88 ( 94.84)	Lr 1.000e-03 (1.000e-03)
2026-01-15 02:37:38,401 - INFO: Epoch: [3][250/582]	Time  0.028 ( 0.032)	Loss 2.2761e-01 (1.3227e-01)	Acc pseudo  96.88 ( 94.83)	Lr 1.000e-03 (1.000e-03)
2026-01-15 02:37:43,101 - INFO: Epoch: [3][300/582]	Time  0.029 ( 0.031)	Loss 1.9855e-01 (1.3329e-01)	Acc pseudo  93.75 ( 94.82)	Lr 1.000e-03 (1.000e-03)
2026-01-15 02:37:47,800 - INFO: Epoch: [3][350/582]	Time  0.030 ( 0.031)	Loss 1.1788e-01 (1.3315e-01)	Acc pseudo  93.75 ( 94.85)	Lr 1.000e-03 (1.000e-03)
2026-01-15 02:37:52,500 - INFO: Epoch: [3][400/582]	Time  0.028 ( 0.031)	Loss 1.6042e-01 (1.3449e-01)	Acc pseudo  92.19 ( 94.86)	Lr 1.000e-03 (1.000e-03)
2026-01-15 02:37:57,202 - INFO: Epoch: [3][450/582]	Time  0.028 ( 0.031)	Loss 2.5203e-01 (1.3284e-01)	Acc pseudo  90.62 ( 94.88)	Lr 1.000e-03 (1.000e-03)
2026-01-15 02:38:01,905 - INFO: Epoch: [3][500/582]	Time  0.030 ( 0.031)	Loss 1.0634e-01 (1.3296e-01)	Acc pseudo  95.31 ( 94.94)	Lr 1.000e-03 (1.000e-03)
2026-01-15 02:38:06,646 - INFO: Epoch: [3][550/582]	Time  0.029 ( 0.030)	Loss 8.2207e-02 (1.3201e-01)	Acc pseudo  96.88 ( 94.93)	Lr 1.000e-03 (1.000e-03)
2026-01-15 02:38:09,608 - INFO: Round 5, Face Fine-tune Epoch 3: loss=0.1333, acc(pseudo)=94.91%
2026-01-15 02:39:12,886 - INFO: Round 5, Face Fine-tune Epoch 3: acc(valid_pseudo): 0.9934, acc: 0.8676
2026-01-15 02:39:13,862 - INFO: Epoch: [4][  0/582]	Time  0.608 ( 0.608)	Loss 1.5094e-01 (1.5094e-01)	Acc pseudo  92.19 ( 92.19)	Lr 1.000e-03 (1.000e-03)
2026-01-15 02:39:18,562 - INFO: Epoch: [4][ 50/582]	Time  0.028 ( 0.043)	Loss 1.1823e-01 (1.2886e-01)	Acc pseudo  92.19 ( 94.82)	Lr 1.000e-03 (1.000e-03)
2026-01-15 02:39:23,260 - INFO: Epoch: [4][100/582]	Time  0.032 ( 0.037)	Loss 7.6130e-02 (1.2366e-01)	Acc pseudo  95.31 ( 95.24)	Lr 1.000e-03 (1.000e-03)
2026-01-15 02:39:27,955 - INFO: Epoch: [4][150/582]	Time  0.031 ( 0.034)	Loss 3.4562e-01 (1.3291e-01)	Acc pseudo  96.88 ( 94.75)	Lr 1.000e-03 (1.000e-03)
2026-01-15 02:39:32,653 - INFO: Epoch: [4][200/582]	Time  0.028 ( 0.033)	Loss 1.7676e-01 (1.3076e-01)	Acc pseudo  93.75 ( 94.66)	Lr 1.000e-03 (1.000e-03)
2026-01-15 02:39:37,353 - INFO: Epoch: [4][250/582]	Time  0.028 ( 0.032)	Loss 1.0960e-01 (1.3229e-01)	Acc pseudo  93.75 ( 94.61)	Lr 1.000e-03 (1.000e-03)
2026-01-15 02:39:42,053 - INFO: Epoch: [4][300/582]	Time  0.029 ( 0.032)	Loss 6.8747e-02 (1.3159e-01)	Acc pseudo  96.88 ( 94.62)	Lr 1.000e-03 (1.000e-03)
2026-01-15 02:39:46,752 - INFO: Epoch: [4][350/582]	Time  0.028 ( 0.031)	Loss 6.0820e-02 (1.3531e-01)	Acc pseudo  96.88 ( 94.51)	Lr 1.000e-03 (1.000e-03)
2026-01-15 02:39:51,451 - INFO: Epoch: [4][400/582]	Time  0.034 ( 0.031)	Loss 8.9609e-02 (1.3468e-01)	Acc pseudo  93.75 ( 94.55)	Lr 1.000e-03 (1.000e-03)
2026-01-15 02:39:56,156 - INFO: Epoch: [4][450/582]	Time  0.030 ( 0.031)	Loss 1.5966e-01 (1.3660e-01)	Acc pseudo  93.75 ( 94.50)	Lr 1.000e-03 (1.000e-03)
2026-01-15 02:40:00,858 - INFO: Epoch: [4][500/582]	Time  0.035 ( 0.031)	Loss 9.2307e-02 (1.3714e-01)	Acc pseudo  96.88 ( 94.55)	Lr 1.000e-03 (1.000e-03)
2026-01-15 02:40:05,559 - INFO: Epoch: [4][550/582]	Time  0.029 ( 0.031)	Loss 9.8092e-02 (1.3817e-01)	Acc pseudo  93.75 ( 94.52)	Lr 1.000e-03 (1.000e-03)
2026-01-15 02:40:08,515 - INFO: Round 5, Face Fine-tune Epoch 4: loss=0.1384, acc(pseudo)=94.52%
2026-01-15 02:41:06,787 - INFO: Round 5, Face Fine-tune Epoch 4: acc(valid_pseudo): 0.9933, acc: 0.8715
2026-01-15 02:41:06,788 - INFO: Round 5, Face Fine-tune Epoch 4: No improvement. Patience(epoch): 1/3
2026-01-15 02:41:07,715 - INFO: Epoch: [5][  0/582]	Time  0.894 ( 0.894)	Loss 2.4292e-01 (2.4292e-01)	Acc pseudo  90.62 ( 90.62)	Lr 1.000e-03 (1.000e-03)
2026-01-15 02:41:12,422 - INFO: Epoch: [5][ 50/582]	Time  0.030 ( 0.052)	Loss 1.7641e-01 (2.2533e-01)	Acc pseudo  93.75 ( 91.70)	Lr 1.000e-03 (1.000e-03)
2026-01-15 02:41:17,118 - INFO: Epoch: [5][100/582]	Time  0.030 ( 0.041)	Loss 2.1713e-01 (2.2970e-01)	Acc pseudo  92.19 ( 91.71)	Lr 1.000e-03 (1.000e-03)
2026-01-15 02:41:21,818 - INFO: Epoch: [5][150/582]	Time  0.030 ( 0.038)	Loss 2.1172e-01 (2.3561e-01)	Acc pseudo  93.75 ( 91.67)	Lr 1.000e-03 (1.000e-03)
2026-01-15 02:41:26,527 - INFO: Epoch: [5][200/582]	Time  0.035 ( 0.038)	Loss 1.8810e-01 (2.2881e-01)	Acc pseudo  92.19 ( 91.84)	Lr 1.000e-03 (1.000e-03)
2026-01-15 02:41:31,227 - INFO: Epoch: [5][250/582]	Time  0.029 ( 0.036)	Loss 1.8787e-01 (2.3281e-01)	Acc pseudo  95.31 ( 91.68)	Lr 1.000e-03 (1.000e-03)
2026-01-15 02:41:35,928 - INFO: Epoch: [5][300/582]	Time  0.029 ( 0.035)	Loss 2.7316e-01 (2.3223e-01)	Acc pseudo  89.06 ( 91.56)	Lr 1.000e-03 (1.000e-03)
2026-01-15 02:41:40,628 - INFO: Epoch: [5][350/582]	Time  0.032 ( 0.035)	Loss 5.8328e-02 (2.3043e-01)	Acc pseudo  98.44 ( 91.62)	Lr 1.000e-03 (1.000e-03)
2026-01-15 02:41:45,326 - INFO: Epoch: [5][400/582]	Time  0.028 ( 0.034)	Loss 1.6504e-01 (2.3005e-01)	Acc pseudo  92.19 ( 91.60)	Lr 1.000e-03 (1.000e-03)
2026-01-15 02:41:50,021 - INFO: Epoch: [5][450/582]	Time  0.036 ( 0.033)	Loss 2.8854e-01 (2.3215e-01)	Acc pseudo  87.50 ( 91.56)	Lr 1.000e-03 (1.000e-03)
2026-01-15 02:41:54,720 - INFO: Epoch: [5][500/582]	Time  0.029 ( 0.033)	Loss 1.7090e-01 (2.3380e-01)	Acc pseudo  92.19 ( 91.50)	Lr 1.000e-03 (1.000e-03)
2026-01-15 02:41:59,418 - INFO: Epoch: [5][550/582]	Time  0.038 ( 0.033)	Loss 2.1077e-01 (2.3462e-01)	Acc pseudo  92.19 ( 91.51)	Lr 1.000e-03 (1.000e-03)
2026-01-15 02:42:02,384 - INFO: Round 5, Face Fine-tune Epoch 5: loss=0.2353, acc(pseudo)=91.50%
2026-01-15 02:43:01,487 - INFO: Round 5, Face Fine-tune Epoch 5: acc(valid_pseudo): 0.9922, acc: 0.8685
2026-01-15 02:43:01,487 - INFO: Round 5, Face Fine-tune Epoch 5: No improvement. Patience(epoch): 2/3
2026-01-15 02:43:02,201 - INFO: Epoch: [6][  0/582]	Time  0.705 ( 0.705)	Loss 9.1312e-02 (9.1312e-02)	Acc pseudo  96.88 ( 96.88)	Lr 1.000e-03 (1.000e-03)
2026-01-15 02:43:06,904 - INFO: Epoch: [6][ 50/582]	Time  0.029 ( 0.046)	Loss 1.2083e-01 (2.1228e-01)	Acc pseudo  95.31 ( 92.16)	Lr 1.000e-03 (1.000e-03)
2026-01-15 02:43:11,601 - INFO: Epoch: [6][100/582]	Time  0.030 ( 0.037)	Loss 2.0500e-01 (2.1426e-01)	Acc pseudo  87.50 ( 91.72)	Lr 1.000e-03 (1.000e-03)
2026-01-15 02:43:16,300 - INFO: Epoch: [6][150/582]	Time  0.029 ( 0.034)	Loss 1.7149e-01 (2.1406e-01)	Acc pseudo  92.19 ( 91.83)	Lr 1.000e-03 (1.000e-03)
2026-01-15 02:43:21,002 - INFO: Epoch: [6][200/582]	Time  0.029 ( 0.033)	Loss 2.6180e-01 (2.1542e-01)	Acc pseudo  92.19 ( 91.73)	Lr 1.000e-03 (1.000e-03)
2026-01-15 02:43:25,703 - INFO: Epoch: [6][250/582]	Time  0.028 ( 0.033)	Loss 2.8344e-01 (2.1514e-01)	Acc pseudo  84.38 ( 91.63)	Lr 1.000e-03 (1.000e-03)
2026-01-15 02:43:30,404 - INFO: Epoch: [6][300/582]	Time  0.031 ( 0.032)	Loss 3.1959e-01 (2.1792e-01)	Acc pseudo  82.81 ( 91.56)	Lr 1.000e-03 (1.000e-03)
2026-01-15 02:43:35,106 - INFO: Epoch: [6][350/582]	Time  0.030 ( 0.032)	Loss 2.9307e-01 (2.2059e-01)	Acc pseudo  87.50 ( 91.44)	Lr 1.000e-03 (1.000e-03)
2026-01-15 02:43:39,810 - INFO: Epoch: [6][400/582]	Time  0.027 ( 0.031)	Loss 3.4627e-01 (2.2286e-01)	Acc pseudo  85.94 ( 91.38)	Lr 1.000e-03 (1.000e-03)
2026-01-15 02:43:44,514 - INFO: Epoch: [6][450/582]	Time  0.028 ( 0.031)	Loss 1.2726e-01 (2.2462e-01)	Acc pseudo  96.88 ( 91.29)	Lr 1.000e-03 (1.000e-03)
2026-01-15 02:43:49,218 - INFO: Epoch: [6][500/582]	Time  0.028 ( 0.031)	Loss 2.1692e-01 (2.2297e-01)	Acc pseudo  89.06 ( 91.33)	Lr 1.000e-03 (1.000e-03)
2026-01-15 02:43:53,920 - INFO: Epoch: [6][550/582]	Time  0.029 ( 0.031)	Loss 2.0490e-01 (2.2224e-01)	Acc pseudo  93.75 ( 91.36)	Lr 1.000e-03 (1.000e-03)
2026-01-15 02:43:56,880 - INFO: Round 5, Face Fine-tune Epoch 6: loss=0.2227, acc(pseudo)=91.31%
2026-01-15 02:44:56,405 - INFO: Round 5, Face Fine-tune Epoch 6: acc(valid_pseudo): 0.9931, acc: 0.8744
2026-01-15 02:44:56,405 - INFO: Round 5, Face Fine-tune Epoch 6: No improvement. Patience(epoch): 3/3
2026-01-15 02:44:56,406 - INFO: Early stopping at face epoch 6
2026-01-15 02:44:56,407 - INFO: Round 5: Best face fine-tuned epoch=3, acc(valid_pseudo)=0.9934
2026-01-15 02:44:56,568 - INFO: Using HMM model from previous round: runs/I love my family/exp_video/result/self_supervised/exp4/round4/pseudo_label/hmm_params.pkl
2026-01-15 04:12:45,372 - INFO: Round 5: speaker_acc=0.8680
2026-01-15 04:12:45,381 - INFO: Round 5: face_acc=0.8695
2026-01-15 04:12:45,385 - INFO: ====================
2026-01-15 04:12:45,385 - INFO: Round 6: Fine-tuning iteration
2026-01-15 04:12:45,386 - INFO: ====================
2026-01-15 04:12:45,468 - INFO: Round 6 Part 1: Fine-tuning embedding model
2026-01-15 04:12:45,469 - INFO: Using pseudo-label file: runs/I love my family/exp_video/result/self_supervised/exp4/round5/pseudo_label/pseudo_labels_audio_nested_hmm_full(unreliable_pp=100.0).json
2026-01-15 04:12:45,498 - INFO: For training, Using face pseudo-label file: runs/I love my family/exp_video/result/self_supervised/exp4/round5/pseudo_label/pseudo_labels_faces_mid_frame_train_nested_hmm_full.json
2026-01-15 04:12:45,498 - INFO: For infering, Using face pseudo-label file: runs/I love my family/exp_video/result/self_supervised/exp4/round5/pseudo_label/pseudo_labels_faces_mid_frame_all_nested_hmm_full.json
2026-01-15 04:12:45,635 - INFO: Created face dataloader with 37219 samples
2026-01-15 04:12:45,649 - INFO: Fine-tuning speaker embedding model for 20 epochs...
2026-01-15 04:12:46,458 - INFO: Epoch: [0][  0/301]	Time  0.791 ( 0.791)	Loss 5.1763e-01 (5.1763e-01)	Acc pseudo  89.06 ( 89.06)	Lr 1.000e-03 (1.000e-03)
2026-01-15 04:12:46,747 - INFO: Epoch: [0][ 50/301]	Time  0.004 ( 0.021)	Loss 3.2236e-01 (3.8175e-01)	Acc pseudo  89.06 ( 88.82)	Lr 1.000e-03 (1.000e-03)
2026-01-15 04:12:46,917 - INFO: Epoch: [0][100/301]	Time  0.007 ( 0.012)	Loss 4.3941e-01 (3.7798e-01)	Acc pseudo  84.38 ( 88.81)	Lr 1.000e-03 (1.000e-03)
2026-01-15 04:12:47,090 - INFO: Epoch: [0][150/301]	Time  0.003 ( 0.009)	Loss 4.1899e-01 (3.8638e-01)	Acc pseudo  85.94 ( 88.44)	Lr 1.000e-03 (1.000e-03)
2026-01-15 04:12:47,250 - INFO: Epoch: [0][200/301]	Time  0.003 ( 0.008)	Loss 1.9765e-01 (3.8736e-01)	Acc pseudo  96.88 ( 88.49)	Lr 1.000e-03 (1.000e-03)
2026-01-15 04:12:47,415 - INFO: Epoch: [0][250/301]	Time  0.004 ( 0.007)	Loss 6.3820e-01 (3.9720e-01)	Acc pseudo  78.12 ( 88.00)	Lr 1.000e-03 (1.000e-03)
2026-01-15 04:12:47,610 - INFO: Epoch: [0][300/301]	Time  0.003 ( 0.006)	Loss 6.6623e-01 (3.9598e-01)	Acc pseudo  92.00 ( 88.08)	Lr 1.000e-03 (1.000e-03)
2026-01-15 04:12:47,664 - INFO: Round 6, Fine-tune Epoch 0: loss=0.3960, acc(pseudo)=88.08%
2026-01-15 04:12:55,912 - INFO: Round 6, Fine-tune Epoch 0: acc(valid_pseudo): 0.9087, acc: 0.7795
2026-01-15 04:12:56,676 - INFO: Epoch: [1][  0/301]	Time  0.320 ( 0.320)	Loss 3.0914e-01 (3.0914e-01)	Acc pseudo  85.94 ( 85.94)	Lr 1.000e-03 (1.000e-03)
2026-01-15 04:12:56,958 - INFO: Epoch: [1][ 50/301]	Time  0.003 ( 0.012)	Loss 1.9563e-01 (3.2057e-01)	Acc pseudo  95.31 ( 89.28)	Lr 1.000e-03 (1.000e-03)
2026-01-15 04:12:57,126 - INFO: Epoch: [1][100/301]	Time  0.002 ( 0.007)	Loss 1.2958e-01 (3.2412e-01)	Acc pseudo  98.44 ( 89.42)	Lr 1.000e-03 (1.000e-03)
2026-01-15 04:12:57,306 - INFO: Epoch: [1][150/301]	Time  0.004 ( 0.006)	Loss 3.7267e-01 (3.3618e-01)	Acc pseudo  89.06 ( 89.32)	Lr 1.000e-03 (1.000e-03)
2026-01-15 04:12:57,487 - INFO: Epoch: [1][200/301]	Time  0.003 ( 0.006)	Loss 3.2177e-01 (3.3455e-01)	Acc pseudo  87.50 ( 89.19)	Lr 1.000e-03 (1.000e-03)
2026-01-15 04:12:57,649 - INFO: Epoch: [1][250/301]	Time  0.003 ( 0.005)	Loss 4.8445e-01 (3.4063e-01)	Acc pseudo  84.38 ( 89.03)	Lr 1.000e-03 (1.000e-03)
2026-01-15 04:12:57,809 - INFO: Epoch: [1][300/301]	Time  0.002 ( 0.005)	Loss 2.3309e-01 (3.4579e-01)	Acc pseudo  96.00 ( 88.99)	Lr 1.000e-03 (1.000e-03)
2026-01-15 04:12:57,882 - INFO: Round 6, Fine-tune Epoch 1: loss=0.3458, acc(pseudo)=88.99%
2026-01-15 04:13:06,269 - INFO: Round 6, Fine-tune Epoch 1: acc(valid_pseudo): 0.9612, acc: 0.8685
2026-01-15 04:13:06,960 - INFO: Epoch: [2][  0/301]	Time  0.393 ( 0.393)	Loss 4.4199e-01 (4.4199e-01)	Acc pseudo  89.06 ( 89.06)	Lr 1.000e-03 (1.000e-03)
2026-01-15 04:13:07,242 - INFO: Epoch: [2][ 50/301]	Time  0.003 ( 0.013)	Loss 4.9323e-01 (3.4113e-01)	Acc pseudo  82.81 ( 88.85)	Lr 1.000e-03 (1.000e-03)
2026-01-15 04:13:07,420 - INFO: Epoch: [2][100/301]	Time  0.003 ( 0.008)	Loss 4.3533e-01 (3.4409e-01)	Acc pseudo  87.50 ( 89.12)	Lr 1.000e-03 (1.000e-03)
2026-01-15 04:13:07,597 - INFO: Epoch: [2][150/301]	Time  0.005 ( 0.007)	Loss 2.7621e-01 (3.4160e-01)	Acc pseudo  89.06 ( 89.06)	Lr 1.000e-03 (1.000e-03)
2026-01-15 04:13:07,767 - INFO: Epoch: [2][200/301]	Time  0.003 ( 0.006)	Loss 3.6719e-01 (3.3684e-01)	Acc pseudo  93.75 ( 89.28)	Lr 1.000e-03 (1.000e-03)
2026-01-15 04:13:07,940 - INFO: Epoch: [2][250/301]	Time  0.003 ( 0.005)	Loss 3.1293e-01 (3.4053e-01)	Acc pseudo  90.62 ( 89.17)	Lr 1.000e-03 (1.000e-03)
2026-01-15 04:13:08,137 - INFO: Epoch: [2][300/301]	Time  0.003 ( 0.005)	Loss 2.3994e-01 (3.4294e-01)	Acc pseudo  92.00 ( 89.20)	Lr 1.000e-03 (1.000e-03)
2026-01-15 04:13:08,197 - INFO: Round 6, Fine-tune Epoch 2: loss=0.3429, acc(pseudo)=89.20%
2026-01-15 04:13:16,403 - INFO: Round 6, Fine-tune Epoch 2: acc(valid_pseudo): 0.9621, acc: 0.8480
2026-01-15 04:13:16,893 - INFO: Epoch: [3][  0/301]	Time  0.308 ( 0.308)	Loss 4.7380e-01 (4.7380e-01)	Acc pseudo  81.25 ( 81.25)	Lr 1.000e-03 (1.000e-03)
2026-01-15 04:13:17,171 - INFO: Epoch: [3][ 50/301]	Time  0.004 ( 0.011)	Loss 3.5888e-01 (3.3285e-01)	Acc pseudo  85.94 ( 88.91)	Lr 1.000e-03 (1.000e-03)
2026-01-15 04:13:17,343 - INFO: Epoch: [3][100/301]	Time  0.003 ( 0.007)	Loss 1.6795e-01 (3.2699e-01)	Acc pseudo  92.19 ( 89.31)	Lr 1.000e-03 (1.000e-03)
2026-01-15 04:13:17,509 - INFO: Epoch: [3][150/301]	Time  0.003 ( 0.006)	Loss 2.7017e-01 (3.3275e-01)	Acc pseudo  92.19 ( 89.35)	Lr 1.000e-03 (1.000e-03)
2026-01-15 04:13:17,674 - INFO: Epoch: [3][200/301]	Time  0.002 ( 0.005)	Loss 3.4472e-01 (3.2222e-01)	Acc pseudo  85.94 ( 89.59)	Lr 1.000e-03 (1.000e-03)
2026-01-15 04:13:17,851 - INFO: Epoch: [3][250/301]	Time  0.004 ( 0.005)	Loss 3.5290e-01 (3.2132e-01)	Acc pseudo  87.50 ( 89.62)	Lr 1.000e-03 (1.000e-03)
2026-01-15 04:13:18,025 - INFO: Epoch: [3][300/301]	Time  0.002 ( 0.005)	Loss 2.2743e-01 (3.2247e-01)	Acc pseudo  92.00 ( 89.58)	Lr 1.000e-03 (1.000e-03)
2026-01-15 04:13:18,079 - INFO: Round 6, Fine-tune Epoch 3: loss=0.3225, acc(pseudo)=89.58%
2026-01-15 04:13:26,070 - INFO: Round 6, Fine-tune Epoch 3: acc(valid_pseudo): 0.9656, acc: 0.8580
2026-01-15 04:13:26,560 - INFO: Epoch: [4][  0/301]	Time  0.300 ( 0.300)	Loss 3.8342e-01 (3.8342e-01)	Acc pseudo  87.50 ( 87.50)	Lr 1.000e-03 (1.000e-03)
2026-01-15 04:13:26,834 - INFO: Epoch: [4][ 50/301]	Time  0.003 ( 0.011)	Loss 4.3857e-01 (3.1921e-01)	Acc pseudo  82.81 ( 89.06)	Lr 1.000e-03 (1.000e-03)
2026-01-15 04:13:27,018 - INFO: Epoch: [4][100/301]	Time  0.003 ( 0.007)	Loss 1.6217e-01 (3.1558e-01)	Acc pseudo  95.31 ( 89.59)	Lr 1.000e-03 (1.000e-03)
2026-01-15 04:13:27,180 - INFO: Epoch: [4][150/301]	Time  0.003 ( 0.006)	Loss 2.7919e-01 (3.1598e-01)	Acc pseudo  84.38 ( 89.66)	Lr 1.000e-03 (1.000e-03)
2026-01-15 04:13:27,345 - INFO: Epoch: [4][200/301]	Time  0.003 ( 0.005)	Loss 3.6914e-01 (3.2354e-01)	Acc pseudo  90.62 ( 89.45)	Lr 1.000e-03 (1.000e-03)
2026-01-15 04:13:27,540 - INFO: Epoch: [4][250/301]	Time  0.004 ( 0.005)	Loss 2.6027e-01 (3.2274e-01)	Acc pseudo  90.62 ( 89.35)	Lr 1.000e-03 (1.000e-03)
2026-01-15 04:13:27,717 - INFO: Epoch: [4][300/301]	Time  0.003 ( 0.005)	Loss 5.1729e-01 (3.2629e-01)	Acc pseudo  88.00 ( 89.25)	Lr 1.000e-03 (1.000e-03)
2026-01-15 04:13:27,773 - INFO: Round 6, Fine-tune Epoch 4: loss=0.3263, acc(pseudo)=89.25%
2026-01-15 04:13:35,826 - INFO: Round 6, Fine-tune Epoch 4: acc(valid_pseudo): 0.9691, acc: 0.8620
2026-01-15 04:13:36,320 - INFO: Epoch: [5][  0/301]	Time  0.313 ( 0.313)	Loss 4.0185e-01 (4.0185e-01)	Acc pseudo  87.50 ( 87.50)	Lr 1.000e-03 (1.000e-03)
2026-01-15 04:13:36,622 - INFO: Epoch: [5][ 50/301]	Time  0.004 ( 0.012)	Loss 1.3118e-01 (3.0219e-01)	Acc pseudo  98.44 ( 90.04)	Lr 1.000e-03 (1.000e-03)
2026-01-15 04:13:36,835 - INFO: Epoch: [5][100/301]	Time  0.004 ( 0.008)	Loss 3.2734e-01 (3.0133e-01)	Acc pseudo  87.50 ( 90.02)	Lr 1.000e-03 (1.000e-03)
2026-01-15 04:13:37,015 - INFO: Epoch: [5][150/301]	Time  0.003 ( 0.007)	Loss 3.2000e-01 (3.0322e-01)	Acc pseudo  90.62 ( 90.16)	Lr 1.000e-03 (1.000e-03)
2026-01-15 04:13:37,185 - INFO: Epoch: [5][200/301]	Time  0.002 ( 0.006)	Loss 2.6023e-01 (3.1177e-01)	Acc pseudo  93.75 ( 89.87)	Lr 1.000e-03 (1.000e-03)
2026-01-15 04:13:37,352 - INFO: Epoch: [5][250/301]	Time  0.003 ( 0.005)	Loss 3.6823e-01 (3.1756e-01)	Acc pseudo  89.06 ( 89.74)	Lr 1.000e-03 (1.000e-03)
2026-01-15 04:13:37,505 - INFO: Epoch: [5][300/301]	Time  0.002 ( 0.005)	Loss 5.2737e-01 (3.2951e-01)	Acc pseudo  84.00 ( 89.37)	Lr 1.000e-03 (1.000e-03)
2026-01-15 04:13:37,576 - INFO: Round 6, Fine-tune Epoch 5: loss=0.3295, acc(pseudo)=89.37%
2026-01-15 04:13:46,035 - INFO: Round 6, Fine-tune Epoch 5: acc(valid_pseudo): 0.9627, acc: 0.8230
2026-01-15 04:13:46,035 - INFO: Round 6, Speaker Fine-tune Epoch 5: No improvement in validation accuracy. Patience(epoch): 1/3
2026-01-15 04:13:46,339 - INFO: Epoch: [6][  0/301]	Time  0.299 ( 0.299)	Loss 4.0114e-01 (4.0114e-01)	Acc pseudo  85.94 ( 85.94)	Lr 1.000e-03 (1.000e-03)
2026-01-15 04:13:46,610 - INFO: Epoch: [6][ 50/301]	Time  0.004 ( 0.011)	Loss 4.2721e-01 (3.4931e-01)	Acc pseudo  82.81 ( 88.88)	Lr 1.000e-03 (1.000e-03)
2026-01-15 04:13:46,782 - INFO: Epoch: [6][100/301]	Time  0.003 ( 0.007)	Loss 3.9812e-01 (3.4451e-01)	Acc pseudo  87.50 ( 88.41)	Lr 1.000e-03 (1.000e-03)
2026-01-15 04:13:46,948 - INFO: Epoch: [6][150/301]	Time  0.003 ( 0.006)	Loss 2.6656e-01 (3.4796e-01)	Acc pseudo  89.06 ( 88.51)	Lr 1.000e-03 (1.000e-03)
2026-01-15 04:13:47,124 - INFO: Epoch: [6][200/301]	Time  0.003 ( 0.005)	Loss 3.9149e-01 (3.5090e-01)	Acc pseudo  85.94 ( 88.43)	Lr 1.000e-03 (1.000e-03)
2026-01-15 04:13:47,310 - INFO: Epoch: [6][250/301]	Time  0.003 ( 0.005)	Loss 3.7745e-01 (3.5223e-01)	Acc pseudo  87.50 ( 88.53)	Lr 1.000e-03 (1.000e-03)
2026-01-15 04:13:47,490 - INFO: Epoch: [6][300/301]	Time  0.002 ( 0.005)	Loss 1.2513e-01 (3.5726e-01)	Acc pseudo  92.00 ( 88.40)	Lr 1.000e-03 (1.000e-03)
2026-01-15 04:13:47,542 - INFO: Round 6, Fine-tune Epoch 6: loss=0.3573, acc(pseudo)=88.40%
2026-01-15 04:13:56,214 - INFO: Round 6, Fine-tune Epoch 6: acc(valid_pseudo): 0.9568, acc: 0.8340
2026-01-15 04:13:56,214 - INFO: Round 6, Speaker Fine-tune Epoch 6: No improvement in validation accuracy. Patience(epoch): 2/3
2026-01-15 04:13:56,530 - INFO: Epoch: [7][  0/301]	Time  0.310 ( 0.310)	Loss 2.1564e-01 (2.1564e-01)	Acc pseudo  93.75 ( 93.75)	Lr 1.000e-03 (1.000e-03)
2026-01-15 04:13:56,862 - INFO: Epoch: [7][ 50/301]	Time  0.004 ( 0.012)	Loss 3.5678e-01 (3.0712e-01)	Acc pseudo  85.94 ( 89.49)	Lr 1.000e-03 (1.000e-03)
2026-01-15 04:13:57,039 - INFO: Epoch: [7][100/301]	Time  0.003 ( 0.008)	Loss 1.9193e-01 (3.2449e-01)	Acc pseudo  93.75 ( 89.20)	Lr 1.000e-03 (1.000e-03)
2026-01-15 04:13:57,220 - INFO: Epoch: [7][150/301]	Time  0.004 ( 0.006)	Loss 5.8568e-01 (3.2983e-01)	Acc pseudo  84.38 ( 89.10)	Lr 1.000e-03 (1.000e-03)
2026-01-15 04:13:57,394 - INFO: Epoch: [7][200/301]	Time  0.003 ( 0.006)	Loss 4.1620e-01 (3.3195e-01)	Acc pseudo  85.94 ( 89.04)	Lr 1.000e-03 (1.000e-03)
2026-01-15 04:13:57,562 - INFO: Epoch: [7][250/301]	Time  0.003 ( 0.005)	Loss 2.7665e-01 (3.3704e-01)	Acc pseudo  87.50 ( 88.97)	Lr 1.000e-03 (1.000e-03)
2026-01-15 04:13:57,712 - INFO: Epoch: [7][300/301]	Time  0.002 ( 0.005)	Loss 1.2102e-01 (3.3472e-01)	Acc pseudo  92.00 ( 88.94)	Lr 1.000e-03 (1.000e-03)
2026-01-15 04:13:57,771 - INFO: Round 6, Fine-tune Epoch 7: loss=0.3347, acc(pseudo)=88.94%
2026-01-15 04:14:06,366 - INFO: Round 6, Fine-tune Epoch 7: acc(valid_pseudo): 0.9641, acc: 0.8555
2026-01-15 04:14:06,367 - INFO: Round 6, Speaker Fine-tune Epoch 7: No improvement in validation accuracy. Patience(epoch): 3/3
2026-01-15 04:14:06,367 - INFO: Early stopping at epoch 7 due to no improvement in validation accuracy for 3 epochs.
2026-01-15 04:14:06,368 - INFO: Round 6: Best speaker fine-tuned epoch=4, acc(valid_pseudo)=0.9691
2026-01-15 04:14:06,372 - INFO: Fine-tuning face embedding model for 20 epochs...
2026-01-15 04:14:07,928 - INFO: Epoch: [0][  0/582]	Time  1.538 ( 1.538)	Loss 3.7866e-02 (3.7866e-02)	Acc pseudo  98.44 ( 98.44)	Lr 1.000e-03 (1.000e-03)
2026-01-15 04:14:12,671 - INFO: Epoch: [0][ 50/582]	Time  0.032 ( 0.064)	Loss 4.6991e-02 (1.1812e-01)	Acc pseudo  98.44 ( 95.83)	Lr 1.000e-03 (1.000e-03)
2026-01-15 04:14:17,338 - INFO: Epoch: [0][100/582]	Time  0.031 ( 0.048)	Loss 2.1283e-01 (1.3271e-01)	Acc pseudo  92.19 ( 95.19)	Lr 1.000e-03 (1.000e-03)
2026-01-15 04:14:22,011 - INFO: Epoch: [0][150/582]	Time  0.030 ( 0.042)	Loss 6.7283e-02 (1.2948e-01)	Acc pseudo  96.88 ( 94.98)	Lr 1.000e-03 (1.000e-03)
2026-01-15 04:14:26,686 - INFO: Epoch: [0][200/582]	Time  0.031 ( 0.039)	Loss 4.5900e-02 (1.3814e-01)	Acc pseudo  96.88 ( 94.78)	Lr 1.000e-03 (1.000e-03)
2026-01-15 04:14:31,369 - INFO: Epoch: [0][250/582]	Time  0.029 ( 0.037)	Loss 2.4984e-01 (1.4109e-01)	Acc pseudo  93.75 ( 94.76)	Lr 1.000e-03 (1.000e-03)
2026-01-15 04:14:36,051 - INFO: Epoch: [0][300/582]	Time  0.029 ( 0.036)	Loss 1.2018e-01 (1.4265e-01)	Acc pseudo  90.62 ( 94.76)	Lr 1.000e-03 (1.000e-03)
2026-01-15 04:14:40,738 - INFO: Epoch: [0][350/582]	Time  0.038 ( 0.036)	Loss 1.7415e-01 (1.4575e-01)	Acc pseudo  89.06 ( 94.72)	Lr 1.000e-03 (1.000e-03)
2026-01-15 04:14:45,427 - INFO: Epoch: [0][400/582]	Time  0.038 ( 0.035)	Loss 5.4423e-02 (1.4798e-01)	Acc pseudo  98.44 ( 94.70)	Lr 1.000e-03 (1.000e-03)
2026-01-15 04:14:50,146 - INFO: Epoch: [0][450/582]	Time  0.028 ( 0.035)	Loss 4.0804e-02 (1.4524e-01)	Acc pseudo  98.44 ( 94.69)	Lr 1.000e-03 (1.000e-03)
2026-01-15 04:14:55,516 - INFO: Epoch: [0][500/582]	Time  0.030 ( 0.036)	Loss 1.6773e-01 (1.4395e-01)	Acc pseudo  87.50 ( 94.68)	Lr 1.000e-03 (1.000e-03)
2026-01-15 04:15:00,359 - INFO: Epoch: [0][550/582]	Time  0.030 ( 0.036)	Loss 7.4987e-02 (1.4529e-01)	Acc pseudo  96.88 ( 94.70)	Lr 1.000e-03 (1.000e-03)
2026-01-15 04:15:03,311 - INFO: Round 6, Face Fine-tune Epoch 0: loss=0.1468, acc(pseudo)=94.65%
2026-01-15 04:16:03,380 - INFO: Round 6, Face Fine-tune Epoch 0: acc(valid_pseudo): 0.9933, acc: 0.8734
2026-01-15 04:16:04,570 - INFO: Epoch: [1][  0/582]	Time  0.650 ( 0.650)	Loss 9.7736e-02 (9.7736e-02)	Acc pseudo  96.88 ( 96.88)	Lr 1.000e-03 (1.000e-03)
2026-01-15 04:16:09,268 - INFO: Epoch: [1][ 50/582]	Time  0.032 ( 0.048)	Loss 1.1004e-01 (1.1041e-01)	Acc pseudo  95.31 ( 95.10)	Lr 1.000e-03 (1.000e-03)
2026-01-15 04:16:13,968 - INFO: Epoch: [1][100/582]	Time  0.048 ( 0.044)	Loss 2.1521e-01 (1.1392e-01)	Acc pseudo  92.19 ( 95.17)	Lr 1.000e-03 (1.000e-03)
2026-01-15 04:16:18,673 - INFO: Epoch: [1][150/582]	Time  0.047 ( 0.045)	Loss 4.0049e-02 (1.1942e-01)	Acc pseudo 100.00 ( 95.05)	Lr 1.000e-03 (1.000e-03)
2026-01-15 04:16:23,379 - INFO: Epoch: [1][200/582]	Time  0.047 ( 0.046)	Loss 1.8183e-01 (1.2382e-01)	Acc pseudo  93.75 ( 95.04)	Lr 1.000e-03 (1.000e-03)
2026-01-15 04:16:28,102 - INFO: Epoch: [1][250/582]	Time  0.029 ( 0.044)	Loss 1.2091e-01 (1.2110e-01)	Acc pseudo  93.75 ( 95.08)	Lr 1.000e-03 (1.000e-03)
2026-01-15 04:16:32,797 - INFO: Epoch: [1][300/582]	Time  0.029 ( 0.041)	Loss 4.1014e-01 (1.2124e-01)	Acc pseudo  90.62 ( 95.07)	Lr 1.000e-03 (1.000e-03)
2026-01-15 04:16:37,493 - INFO: Epoch: [1][350/582]	Time  0.029 ( 0.040)	Loss 6.7556e-02 (1.2240e-01)	Acc pseudo  95.31 ( 95.09)	Lr 1.000e-03 (1.000e-03)
2026-01-15 04:16:42,186 - INFO: Epoch: [1][400/582]	Time  0.033 ( 0.038)	Loss 1.3208e-01 (1.2352e-01)	Acc pseudo  93.75 ( 95.06)	Lr 1.000e-03 (1.000e-03)
2026-01-15 04:16:46,885 - INFO: Epoch: [1][450/582]	Time  0.028 ( 0.038)	Loss 3.8615e-01 (1.2474e-01)	Acc pseudo  92.19 ( 95.05)	Lr 1.000e-03 (1.000e-03)
2026-01-15 04:16:51,578 - INFO: Epoch: [1][500/582]	Time  0.030 ( 0.037)	Loss 1.4587e-01 (1.2580e-01)	Acc pseudo  93.75 ( 95.03)	Lr 1.000e-03 (1.000e-03)
2026-01-15 04:16:56,271 - INFO: Epoch: [1][550/582]	Time  0.030 ( 0.036)	Loss 7.8847e-02 (1.2724e-01)	Acc pseudo  95.31 ( 95.01)	Lr 1.000e-03 (1.000e-03)
2026-01-15 04:16:59,229 - INFO: Round 6, Face Fine-tune Epoch 1: loss=0.1275, acc(pseudo)=95.00%
2026-01-15 04:17:59,119 - INFO: Round 6, Face Fine-tune Epoch 1: acc(valid_pseudo): 0.9933, acc: 0.8724
2026-01-15 04:17:59,120 - INFO: Round 6, Face Fine-tune Epoch 1: No improvement. Patience(epoch): 1/3
2026-01-15 04:17:59,769 - INFO: Epoch: [2][  0/582]	Time  0.616 ( 0.616)	Loss 1.6323e-01 (1.6323e-01)	Acc pseudo  93.75 ( 93.75)	Lr 1.000e-03 (1.000e-03)
2026-01-15 04:18:04,460 - INFO: Epoch: [2][ 50/582]	Time  0.030 ( 0.042)	Loss 1.1813e-01 (1.1771e-01)	Acc pseudo  95.31 ( 94.85)	Lr 1.000e-03 (1.000e-03)
2026-01-15 04:18:09,154 - INFO: Epoch: [2][100/582]	Time  0.029 ( 0.036)	Loss 1.6493e-01 (1.2459e-01)	Acc pseudo  95.31 ( 94.86)	Lr 1.000e-03 (1.000e-03)
2026-01-15 04:18:13,849 - INFO: Epoch: [2][150/582]	Time  0.029 ( 0.034)	Loss 3.1687e-01 (1.2462e-01)	Acc pseudo  98.44 ( 94.96)	Lr 1.000e-03 (1.000e-03)
2026-01-15 04:18:18,544 - INFO: Epoch: [2][200/582]	Time  0.029 ( 0.032)	Loss 5.8907e-02 (1.2453e-01)	Acc pseudo  98.44 ( 94.94)	Lr 1.000e-03 (1.000e-03)
2026-01-15 04:18:23,239 - INFO: Epoch: [2][250/582]	Time  0.029 ( 0.032)	Loss 1.1271e-01 (1.2702e-01)	Acc pseudo  93.75 ( 94.96)	Lr 1.000e-03 (1.000e-03)
2026-01-15 04:18:27,936 - INFO: Epoch: [2][300/582]	Time  0.028 ( 0.032)	Loss 3.1824e-01 (1.3086e-01)	Acc pseudo  93.75 ( 94.93)	Lr 1.000e-03 (1.000e-03)
2026-01-15 04:18:32,633 - INFO: Epoch: [2][350/582]	Time  0.029 ( 0.031)	Loss 1.4497e-01 (1.2819e-01)	Acc pseudo  93.75 ( 95.01)	Lr 1.000e-03 (1.000e-03)
2026-01-15 04:18:37,332 - INFO: Epoch: [2][400/582]	Time  0.028 ( 0.031)	Loss 6.9878e-02 (1.2629e-01)	Acc pseudo  96.88 ( 95.07)	Lr 1.000e-03 (1.000e-03)
2026-01-15 04:18:42,128 - INFO: Epoch: [2][450/582]	Time  0.028 ( 0.031)	Loss 1.1225e-01 (1.2543e-01)	Acc pseudo  93.75 ( 95.09)	Lr 1.000e-03 (1.000e-03)
2026-01-15 04:18:46,825 - INFO: Epoch: [2][500/582]	Time  0.027 ( 0.031)	Loss 1.2951e-01 (1.2472e-01)	Acc pseudo  95.31 ( 95.12)	Lr 1.000e-03 (1.000e-03)
2026-01-15 04:18:51,526 - INFO: Epoch: [2][550/582]	Time  0.029 ( 0.031)	Loss 1.7229e-01 (1.2721e-01)	Acc pseudo  93.75 ( 95.04)	Lr 1.000e-03 (1.000e-03)
2026-01-15 04:18:54,482 - INFO: Round 6, Face Fine-tune Epoch 2: loss=0.1269, acc(pseudo)=95.08%
2026-01-15 04:19:54,170 - INFO: Round 6, Face Fine-tune Epoch 2: acc(valid_pseudo): 0.9929, acc: 0.8685
2026-01-15 04:19:54,170 - INFO: Round 6, Face Fine-tune Epoch 2: No improvement. Patience(epoch): 2/3
2026-01-15 04:19:54,918 - INFO: Epoch: [3][  0/582]	Time  0.720 ( 0.720)	Loss 1.7053e-01 (1.7053e-01)	Acc pseudo  93.75 ( 93.75)	Lr 1.000e-03 (1.000e-03)
2026-01-15 04:19:59,619 - INFO: Epoch: [3][ 50/582]	Time  0.028 ( 0.050)	Loss 1.0604e-01 (1.2674e-01)	Acc pseudo  93.75 ( 95.16)	Lr 1.000e-03 (1.000e-03)
2026-01-15 04:20:04,319 - INFO: Epoch: [3][100/582]	Time  0.030 ( 0.041)	Loss 8.1716e-02 (1.2711e-01)	Acc pseudo  96.88 ( 95.11)	Lr 1.000e-03 (1.000e-03)
2026-01-15 04:20:09,012 - INFO: Epoch: [3][150/582]	Time  0.028 ( 0.037)	Loss 4.4836e-01 (1.2627e-01)	Acc pseudo  90.62 ( 95.14)	Lr 1.000e-03 (1.000e-03)
2026-01-15 04:20:13,701 - INFO: Epoch: [3][200/582]	Time  0.027 ( 0.035)	Loss 3.4738e-01 (1.2452e-01)	Acc pseudo  90.62 ( 95.15)	Lr 1.000e-03 (1.000e-03)
2026-01-15 04:20:18,408 - INFO: Epoch: [3][250/582]	Time  0.030 ( 0.033)	Loss 8.8317e-02 (1.2202e-01)	Acc pseudo  95.31 ( 95.23)	Lr 1.000e-03 (1.000e-03)
2026-01-15 04:20:23,113 - INFO: Epoch: [3][300/582]	Time  0.030 ( 0.033)	Loss 1.8045e-01 (1.2250e-01)	Acc pseudo  93.75 ( 95.24)	Lr 1.000e-03 (1.000e-03)
2026-01-15 04:20:27,817 - INFO: Epoch: [3][350/582]	Time  0.030 ( 0.033)	Loss 1.0049e-01 (1.2141e-01)	Acc pseudo  96.88 ( 95.27)	Lr 1.000e-03 (1.000e-03)
2026-01-15 04:20:32,514 - INFO: Epoch: [3][400/582]	Time  0.029 ( 0.033)	Loss 1.6473e-01 (1.2175e-01)	Acc pseudo  93.75 ( 95.30)	Lr 1.000e-03 (1.000e-03)
2026-01-15 04:20:37,214 - INFO: Epoch: [3][450/582]	Time  0.031 ( 0.032)	Loss 8.2370e-02 (1.2264e-01)	Acc pseudo  95.31 ( 95.31)	Lr 1.000e-03 (1.000e-03)
2026-01-15 04:20:41,924 - INFO: Epoch: [3][500/582]	Time  0.039 ( 0.033)	Loss 9.1708e-02 (1.2238e-01)	Acc pseudo  93.75 ( 95.26)	Lr 1.000e-03 (1.000e-03)
2026-01-15 04:20:46,629 - INFO: Epoch: [3][550/582]	Time  0.038 ( 0.033)	Loss 2.9680e-02 (1.2102e-01)	Acc pseudo 100.00 ( 95.30)	Lr 1.000e-03 (1.000e-03)
2026-01-15 04:20:49,607 - INFO: Round 6, Face Fine-tune Epoch 3: loss=0.1208, acc(pseudo)=95.33%
2026-01-15 04:21:50,076 - INFO: Round 6, Face Fine-tune Epoch 3: acc(valid_pseudo): 0.9936, acc: 0.8647
2026-01-15 04:21:51,364 - INFO: Epoch: [4][  0/582]	Time  0.670 ( 0.670)	Loss 1.7527e-01 (1.7527e-01)	Acc pseudo  92.19 ( 92.19)	Lr 1.000e-03 (1.000e-03)
2026-01-15 04:21:56,067 - INFO: Epoch: [4][ 50/582]	Time  0.028 ( 0.045)	Loss 4.1954e-02 (1.1058e-01)	Acc pseudo 100.00 ( 95.56)	Lr 1.000e-03 (1.000e-03)
2026-01-15 04:22:00,769 - INFO: Epoch: [4][100/582]	Time  0.028 ( 0.039)	Loss 4.1568e-02 (1.0795e-01)	Acc pseudo  98.44 ( 95.88)	Lr 1.000e-03 (1.000e-03)
2026-01-15 04:22:05,470 - INFO: Epoch: [4][150/582]	Time  0.031 ( 0.037)	Loss 3.8669e-02 (1.1529e-01)	Acc pseudo 100.00 ( 95.77)	Lr 1.000e-03 (1.000e-03)
2026-01-15 04:22:10,169 - INFO: Epoch: [4][200/582]	Time  0.031 ( 0.035)	Loss 1.6284e-01 (1.1812e-01)	Acc pseudo  95.31 ( 95.53)	Lr 1.000e-03 (1.000e-03)
2026-01-15 04:22:14,869 - INFO: Epoch: [4][250/582]	Time  0.028 ( 0.034)	Loss 1.1953e-01 (1.1789e-01)	Acc pseudo  96.88 ( 95.49)	Lr 1.000e-03 (1.000e-03)
2026-01-15 04:22:19,571 - INFO: Epoch: [4][300/582]	Time  0.030 ( 0.033)	Loss 4.3827e-02 (1.1796e-01)	Acc pseudo 100.00 ( 95.44)	Lr 1.000e-03 (1.000e-03)
2026-01-15 04:22:24,384 - INFO: Epoch: [4][350/582]	Time  0.034 ( 0.033)	Loss 5.7613e-02 (1.1929e-01)	Acc pseudo  93.75 ( 95.38)	Lr 1.000e-03 (1.000e-03)
2026-01-15 04:22:29,094 - INFO: Epoch: [4][400/582]	Time  0.030 ( 0.033)	Loss 1.5241e-01 (1.2021e-01)	Acc pseudo  89.06 ( 95.28)	Lr 1.000e-03 (1.000e-03)
2026-01-15 04:22:33,812 - INFO: Epoch: [4][450/582]	Time  0.029 ( 0.033)	Loss 5.3383e-02 (1.1979e-01)	Acc pseudo  96.88 ( 95.32)	Lr 1.000e-03 (1.000e-03)
2026-01-15 04:22:38,524 - INFO: Epoch: [4][500/582]	Time  0.045 ( 0.033)	Loss 7.6653e-02 (1.1978e-01)	Acc pseudo  96.88 ( 95.26)	Lr 1.000e-03 (1.000e-03)
2026-01-15 04:22:43,234 - INFO: Epoch: [4][550/582]	Time  0.030 ( 0.033)	Loss 3.8719e-02 (1.2015e-01)	Acc pseudo  96.88 ( 95.21)	Lr 1.000e-03 (1.000e-03)
2026-01-15 04:22:46,210 - INFO: Round 6, Face Fine-tune Epoch 4: loss=0.1188, acc(pseudo)=95.25%
2026-01-15 04:23:46,110 - INFO: Round 6, Face Fine-tune Epoch 4: acc(valid_pseudo): 0.9937, acc: 0.8656
2026-01-15 04:23:47,107 - INFO: Epoch: [5][  0/582]	Time  0.630 ( 0.630)	Loss 2.2193e-01 (2.2193e-01)	Acc pseudo  92.19 ( 92.19)	Lr 1.000e-03 (1.000e-03)
2026-01-15 04:23:51,809 - INFO: Epoch: [5][ 50/582]	Time  0.030 ( 0.043)	Loss 6.1643e-02 (1.4939e-01)	Acc pseudo  98.44 ( 94.30)	Lr 1.000e-03 (1.000e-03)
2026-01-15 04:23:56,512 - INFO: Epoch: [5][100/582]	Time  0.046 ( 0.040)	Loss 7.9765e-02 (1.4196e-01)	Acc pseudo  93.75 ( 94.46)	Lr 1.000e-03 (1.000e-03)
2026-01-15 04:24:01,246 - INFO: Epoch: [5][150/582]	Time  0.038 ( 0.038)	Loss 9.4043e-02 (1.4388e-01)	Acc pseudo  95.31 ( 94.35)	Lr 1.000e-03 (1.000e-03)
2026-01-15 04:24:05,953 - INFO: Epoch: [5][200/582]	Time  0.038 ( 0.038)	Loss 2.2286e-01 (1.4777e-01)	Acc pseudo  93.75 ( 94.41)	Lr 1.000e-03 (1.000e-03)
2026-01-15 04:24:10,659 - INFO: Epoch: [5][250/582]	Time  0.030 ( 0.037)	Loss 2.3958e-01 (1.5185e-01)	Acc pseudo  87.50 ( 94.16)	Lr 1.000e-03 (1.000e-03)
2026-01-15 04:24:15,360 - INFO: Epoch: [5][300/582]	Time  0.030 ( 0.036)	Loss 1.9754e-01 (1.5391e-01)	Acc pseudo  89.06 ( 94.08)	Lr 1.000e-03 (1.000e-03)
2026-01-15 04:24:20,068 - INFO: Epoch: [5][350/582]	Time  0.039 ( 0.036)	Loss 4.9329e-02 (1.5196e-01)	Acc pseudo  96.88 ( 94.12)	Lr 1.000e-03 (1.000e-03)
2026-01-15 04:24:24,773 - INFO: Epoch: [5][400/582]	Time  0.035 ( 0.036)	Loss 1.5800e-01 (1.5023e-01)	Acc pseudo  92.19 ( 94.18)	Lr 1.000e-03 (1.000e-03)
2026-01-15 04:24:29,479 - INFO: Epoch: [5][450/582]	Time  0.030 ( 0.035)	Loss 1.5532e-01 (1.5290e-01)	Acc pseudo  93.75 ( 94.12)	Lr 1.000e-03 (1.000e-03)
2026-01-15 04:24:34,180 - INFO: Epoch: [5][500/582]	Time  0.030 ( 0.034)	Loss 4.9838e-02 (1.5590e-01)	Acc pseudo  98.44 ( 93.99)	Lr 1.000e-03 (1.000e-03)
2026-01-15 04:24:38,884 - INFO: Epoch: [5][550/582]	Time  0.031 ( 0.034)	Loss 7.8403e-02 (1.5719e-01)	Acc pseudo  96.88 ( 93.97)	Lr 1.000e-03 (1.000e-03)
2026-01-15 04:24:41,893 - INFO: Round 6, Face Fine-tune Epoch 5: loss=0.1586, acc(pseudo)=93.92%
2026-01-15 04:25:43,136 - INFO: Round 6, Face Fine-tune Epoch 5: acc(valid_pseudo): 0.9933, acc: 0.8676
2026-01-15 04:25:43,137 - INFO: Round 6, Face Fine-tune Epoch 5: No improvement. Patience(epoch): 1/3
2026-01-15 04:25:43,845 - INFO: Epoch: [6][  0/582]	Time  0.669 ( 0.669)	Loss 1.0544e-01 (1.0544e-01)	Acc pseudo  96.88 ( 96.88)	Lr 1.000e-03 (1.000e-03)
2026-01-15 04:25:48,551 - INFO: Epoch: [6][ 50/582]	Time  0.030 ( 0.050)	Loss 1.6144e-01 (1.3787e-01)	Acc pseudo  90.62 ( 94.49)	Lr 1.000e-03 (1.000e-03)
2026-01-15 04:25:53,254 - INFO: Epoch: [6][100/582]	Time  0.029 ( 0.043)	Loss 2.5678e-01 (1.4776e-01)	Acc pseudo  92.19 ( 93.92)	Lr 1.000e-03 (1.000e-03)
2026-01-15 04:25:57,954 - INFO: Epoch: [6][150/582]	Time  0.029 ( 0.039)	Loss 7.2762e-02 (1.4912e-01)	Acc pseudo  95.31 ( 93.89)	Lr 1.000e-03 (1.000e-03)
2026-01-15 04:26:02,726 - INFO: Epoch: [6][200/582]	Time  0.030 ( 0.038)	Loss 2.0076e-01 (1.5167e-01)	Acc pseudo  90.62 ( 93.78)	Lr 1.000e-03 (1.000e-03)
2026-01-15 04:26:07,420 - INFO: Epoch: [6][250/582]	Time  0.028 ( 0.036)	Loss 7.1496e-02 (1.5302e-01)	Acc pseudo  95.31 ( 93.74)	Lr 1.000e-03 (1.000e-03)
2026-01-15 04:26:12,118 - INFO: Epoch: [6][300/582]	Time  0.027 ( 0.035)	Loss 2.1815e-01 (1.5560e-01)	Acc pseudo  82.81 ( 93.82)	Lr 1.000e-03 (1.000e-03)
2026-01-15 04:26:16,818 - INFO: Epoch: [6][350/582]	Time  0.037 ( 0.034)	Loss 1.0975e-01 (1.5777e-01)	Acc pseudo  93.75 ( 93.67)	Lr 1.000e-03 (1.000e-03)
2026-01-15 04:26:21,519 - INFO: Epoch: [6][400/582]	Time  0.028 ( 0.034)	Loss 2.1429e-01 (1.5951e-01)	Acc pseudo  92.19 ( 93.60)	Lr 1.000e-03 (1.000e-03)
2026-01-15 04:26:26,219 - INFO: Epoch: [6][450/582]	Time  0.029 ( 0.033)	Loss 1.2438e-01 (1.5982e-01)	Acc pseudo  93.75 ( 93.54)	Lr 1.000e-03 (1.000e-03)
2026-01-15 04:26:30,917 - INFO: Epoch: [6][500/582]	Time  0.028 ( 0.032)	Loss 1.3481e-01 (1.5942e-01)	Acc pseudo  93.75 ( 93.50)	Lr 1.000e-03 (1.000e-03)
2026-01-15 04:26:35,614 - INFO: Epoch: [6][550/582]	Time  0.027 ( 0.032)	Loss 2.2778e-01 (1.5898e-01)	Acc pseudo  87.50 ( 93.55)	Lr 1.000e-03 (1.000e-03)
2026-01-15 04:26:38,570 - INFO: Round 6, Face Fine-tune Epoch 6: loss=0.1606, acc(pseudo)=93.50%
2026-01-15 04:27:39,252 - INFO: Round 6, Face Fine-tune Epoch 6: acc(valid_pseudo): 0.9944, acc: 0.8715
2026-01-15 04:27:40,667 - INFO: Epoch: [7][  0/582]	Time  0.655 ( 0.655)	Loss 1.2256e-01 (1.2256e-01)	Acc pseudo  92.19 ( 92.19)	Lr 1.000e-03 (1.000e-03)
2026-01-15 04:27:45,369 - INFO: Epoch: [7][ 50/582]	Time  0.043 ( 0.051)	Loss 4.7806e-02 (2.3373e-01)	Acc pseudo  98.44 ( 91.64)	Lr 1.000e-03 (1.000e-03)
2026-01-15 04:27:50,077 - INFO: Epoch: [7][100/582]	Time  0.047 ( 0.044)	Loss 9.2433e-02 (2.2293e-01)	Acc pseudo  96.88 ( 91.54)	Lr 1.000e-03 (1.000e-03)
2026-01-15 04:27:54,776 - INFO: Epoch: [7][150/582]	Time  0.030 ( 0.040)	Loss 2.6560e-01 (2.2060e-01)	Acc pseudo  93.75 ( 91.59)	Lr 1.000e-03 (1.000e-03)
2026-01-15 04:27:59,483 - INFO: Epoch: [7][200/582]	Time  0.034 ( 0.038)	Loss 4.1214e-02 (2.1935e-01)	Acc pseudo  98.44 ( 91.64)	Lr 1.000e-03 (1.000e-03)
2026-01-15 04:28:04,188 - INFO: Epoch: [7][250/582]	Time  0.036 ( 0.038)	Loss 2.6849e-01 (2.2225e-01)	Acc pseudo  89.06 ( 91.56)	Lr 1.000e-03 (1.000e-03)
2026-01-15 04:28:08,891 - INFO: Epoch: [7][300/582]	Time  0.027 ( 0.037)	Loss 1.7731e-01 (2.2656e-01)	Acc pseudo  92.19 ( 91.54)	Lr 1.000e-03 (1.000e-03)
2026-01-15 04:28:13,590 - INFO: Epoch: [7][350/582]	Time  0.028 ( 0.036)	Loss 5.2476e-01 (2.2394e-01)	Acc pseudo  84.38 ( 91.60)	Lr 1.000e-03 (1.000e-03)
2026-01-15 04:28:18,291 - INFO: Epoch: [7][400/582]	Time  0.031 ( 0.035)	Loss 5.4534e-01 (2.2341e-01)	Acc pseudo  81.25 ( 91.57)	Lr 1.000e-03 (1.000e-03)
2026-01-15 04:28:22,990 - INFO: Epoch: [7][450/582]	Time  0.027 ( 0.034)	Loss 1.3955e-01 (2.2641e-01)	Acc pseudo  93.75 ( 91.44)	Lr 1.000e-03 (1.000e-03)
2026-01-15 04:28:27,716 - INFO: Epoch: [7][500/582]	Time  0.033 ( 0.034)	Loss 1.5655e-01 (2.2909e-01)	Acc pseudo  95.31 ( 91.45)	Lr 1.000e-03 (1.000e-03)
2026-01-15 04:28:32,451 - INFO: Epoch: [7][550/582]	Time  0.030 ( 0.034)	Loss 1.9274e-01 (2.3141e-01)	Acc pseudo  92.19 ( 91.43)	Lr 1.000e-03 (1.000e-03)
2026-01-15 04:28:35,415 - INFO: Round 6, Face Fine-tune Epoch 7: loss=0.2325, acc(pseudo)=91.46%
2026-01-15 04:29:35,724 - INFO: Round 6, Face Fine-tune Epoch 7: acc(valid_pseudo): 0.9929, acc: 0.8724
2026-01-15 04:29:35,725 - INFO: Round 6, Face Fine-tune Epoch 7: No improvement. Patience(epoch): 1/3
2026-01-15 04:29:36,412 - INFO: Epoch: [8][  0/582]	Time  0.643 ( 0.643)	Loss 9.8730e-02 (9.8730e-02)	Acc pseudo  96.88 ( 96.88)	Lr 1.000e-03 (1.000e-03)
2026-01-15 04:29:41,110 - INFO: Epoch: [8][ 50/582]	Time  0.028 ( 0.043)	Loss 1.0729e-01 (2.0494e-01)	Acc pseudo  95.31 ( 92.00)	Lr 1.000e-03 (1.000e-03)
2026-01-15 04:29:45,807 - INFO: Epoch: [8][100/582]	Time  0.027 ( 0.036)	Loss 2.4609e-01 (2.0385e-01)	Acc pseudo  90.62 ( 91.97)	Lr 1.000e-03 (1.000e-03)
2026-01-15 04:29:50,505 - INFO: Epoch: [8][150/582]	Time  0.028 ( 0.033)	Loss 9.4774e-02 (2.1247e-01)	Acc pseudo  96.88 ( 91.45)	Lr 1.000e-03 (1.000e-03)
2026-01-15 04:29:55,205 - INFO: Epoch: [8][200/582]	Time  0.028 ( 0.032)	Loss 2.1805e-01 (2.1889e-01)	Acc pseudo  92.19 ( 91.33)	Lr 1.000e-03 (1.000e-03)
2026-01-15 04:29:59,908 - INFO: Epoch: [8][250/582]	Time  0.028 ( 0.031)	Loss 5.8942e-02 (2.1941e-01)	Acc pseudo  96.88 ( 91.60)	Lr 1.000e-03 (1.000e-03)
2026-01-15 04:30:04,611 - INFO: Epoch: [8][300/582]	Time  0.030 ( 0.031)	Loss 1.8514e-01 (2.1865e-01)	Acc pseudo  89.06 ( 91.57)	Lr 1.000e-03 (1.000e-03)
2026-01-15 04:30:09,315 - INFO: Epoch: [8][350/582]	Time  0.028 ( 0.031)	Loss 2.1382e-01 (2.1654e-01)	Acc pseudo  92.19 ( 91.71)	Lr 1.000e-03 (1.000e-03)
2026-01-15 04:30:14,206 - INFO: Epoch: [8][400/582]	Time  0.038 ( 0.032)	Loss 2.6981e-01 (2.1657e-01)	Acc pseudo  92.19 ( 91.74)	Lr 1.000e-03 (1.000e-03)
2026-01-15 04:30:18,913 - INFO: Epoch: [8][450/582]	Time  0.031 ( 0.032)	Loss 2.3629e-01 (2.1518e-01)	Acc pseudo  89.06 ( 91.77)	Lr 1.000e-03 (1.000e-03)
2026-01-15 04:30:23,620 - INFO: Epoch: [8][500/582]	Time  0.036 ( 0.032)	Loss 1.4818e-01 (2.1381e-01)	Acc pseudo  93.75 ( 91.84)	Lr 1.000e-03 (1.000e-03)
2026-01-15 04:30:28,336 - INFO: Epoch: [8][550/582]	Time  0.027 ( 0.032)	Loss 6.9142e-02 (2.1552e-01)	Acc pseudo  96.88 ( 91.79)	Lr 1.000e-03 (1.000e-03)
2026-01-15 04:30:31,300 - INFO: Round 6, Face Fine-tune Epoch 8: loss=0.2158, acc(pseudo)=91.76%
2026-01-15 04:31:31,171 - INFO: Round 6, Face Fine-tune Epoch 8: acc(valid_pseudo): 0.9926, acc: 0.8676
2026-01-15 04:31:31,172 - INFO: Round 6, Face Fine-tune Epoch 8: No improvement. Patience(epoch): 2/3
2026-01-15 04:31:31,848 - INFO: Epoch: [9][  0/582]	Time  0.636 ( 0.636)	Loss 1.4181e-01 (1.4181e-01)	Acc pseudo  93.75 ( 93.75)	Lr 1.000e-03 (1.000e-03)
2026-01-15 04:31:36,555 - INFO: Epoch: [9][ 50/582]	Time  0.041 ( 0.043)	Loss 1.1662e-01 (2.0024e-01)	Acc pseudo  93.75 ( 92.13)	Lr 1.000e-03 (1.000e-03)
2026-01-15 04:31:41,250 - INFO: Epoch: [9][100/582]	Time  0.029 ( 0.036)	Loss 1.0225e-01 (1.8880e-01)	Acc pseudo  96.88 ( 92.50)	Lr 1.000e-03 (1.000e-03)
2026-01-15 04:31:45,953 - INFO: Epoch: [9][150/582]	Time  0.028 ( 0.035)	Loss 5.8597e-01 (1.9891e-01)	Acc pseudo  82.81 ( 92.34)	Lr 1.000e-03 (1.000e-03)
2026-01-15 04:31:50,659 - INFO: Epoch: [9][200/582]	Time  0.030 ( 0.034)	Loss 2.3096e-01 (1.9908e-01)	Acc pseudo  87.50 ( 92.30)	Lr 1.000e-03 (1.000e-03)
2026-01-15 04:31:55,369 - INFO: Epoch: [9][250/582]	Time  0.031 ( 0.035)	Loss 1.4247e-01 (2.0179e-01)	Acc pseudo  92.19 ( 92.27)	Lr 1.000e-03 (1.000e-03)
2026-01-15 04:32:00,078 - INFO: Epoch: [9][300/582]	Time  0.030 ( 0.035)	Loss 1.9311e-01 (1.9814e-01)	Acc pseudo  96.88 ( 92.32)	Lr 1.000e-03 (1.000e-03)
2026-01-15 04:32:04,784 - INFO: Epoch: [9][350/582]	Time  0.038 ( 0.035)	Loss 7.4485e-01 (2.0164e-01)	Acc pseudo  90.62 ( 92.28)	Lr 1.000e-03 (1.000e-03)
2026-01-15 04:32:09,496 - INFO: Epoch: [9][400/582]	Time  0.036 ( 0.035)	Loss 1.2782e-01 (2.0041e-01)	Acc pseudo  95.31 ( 92.38)	Lr 1.000e-03 (1.000e-03)
2026-01-15 04:32:14,210 - INFO: Epoch: [9][450/582]	Time  0.037 ( 0.035)	Loss 1.5672e-01 (1.9849e-01)	Acc pseudo  93.75 ( 92.39)	Lr 1.000e-03 (1.000e-03)
2026-01-15 04:32:18,925 - INFO: Epoch: [9][500/582]	Time  0.032 ( 0.036)	Loss 1.5242e-01 (2.0175e-01)	Acc pseudo  95.31 ( 92.27)	Lr 1.000e-03 (1.000e-03)
2026-01-15 04:32:23,636 - INFO: Epoch: [9][550/582]	Time  0.037 ( 0.036)	Loss 1.5969e-01 (2.0140e-01)	Acc pseudo  92.19 ( 92.26)	Lr 1.000e-03 (1.000e-03)
2026-01-15 04:32:26,632 - INFO: Round 6, Face Fine-tune Epoch 9: loss=0.2006, acc(pseudo)=92.28%
2026-01-15 04:33:26,624 - INFO: Round 6, Face Fine-tune Epoch 9: acc(valid_pseudo): 0.9938, acc: 0.8744
2026-01-15 04:33:26,624 - INFO: Round 6, Face Fine-tune Epoch 9: No improvement. Patience(epoch): 3/3
2026-01-15 04:33:26,624 - INFO: Early stopping at face epoch 9
2026-01-15 04:33:26,625 - INFO: Round 6: Best face fine-tuned epoch=6, acc(valid_pseudo)=0.9944
2026-01-15 04:33:26,803 - INFO: Using HMM model from previous round: runs/I love my family/exp_video/result/self_supervised/exp4/round5/pseudo_label/hmm_params.pkl
2026-01-15 06:00:09,377 - INFO: Round 6: speaker_acc=0.8740
2026-01-15 06:00:09,405 - INFO: Round 6: face_acc=0.8656
2026-01-15 06:00:09,437 - INFO: ====================
2026-01-15 06:00:09,437 - INFO: Round 7: Fine-tuning iteration
2026-01-15 06:00:09,437 - INFO: ====================
2026-01-15 06:00:09,602 - INFO: Round 7 Part 1: Fine-tuning embedding model
2026-01-15 06:00:09,604 - INFO: Using pseudo-label file: runs/I love my family/exp_video/result/self_supervised/exp4/round6/pseudo_label/pseudo_labels_audio_nested_hmm_full(unreliable_pp=100.0).json
2026-01-15 06:00:09,638 - INFO: For training, Using face pseudo-label file: runs/I love my family/exp_video/result/self_supervised/exp4/round6/pseudo_label/pseudo_labels_faces_mid_frame_train_nested_hmm_full.json
2026-01-15 06:00:09,638 - INFO: For infering, Using face pseudo-label file: runs/I love my family/exp_video/result/self_supervised/exp4/round6/pseudo_label/pseudo_labels_faces_mid_frame_all_nested_hmm_full.json
2026-01-15 06:00:09,779 - INFO: Created face dataloader with 37219 samples
2026-01-15 06:00:09,797 - INFO: Fine-tuning speaker embedding model for 20 epochs...
2026-01-15 06:00:10,465 - INFO: Epoch: [0][  0/301]	Time  0.646 ( 0.646)	Loss 2.6476e-01 (2.6476e-01)	Acc pseudo  89.06 ( 89.06)	Lr 1.000e-03 (1.000e-03)
2026-01-15 06:00:10,734 - INFO: Epoch: [0][ 50/301]	Time  0.004 ( 0.018)	Loss 2.9753e-01 (3.5635e-01)	Acc pseudo  90.62 ( 89.86)	Lr 1.000e-03 (1.000e-03)
2026-01-15 06:00:10,904 - INFO: Epoch: [0][100/301]	Time  0.004 ( 0.011)	Loss 2.9475e-01 (3.6172e-01)	Acc pseudo  87.50 ( 89.36)	Lr 1.000e-03 (1.000e-03)
2026-01-15 06:00:11,066 - INFO: Epoch: [0][150/301]	Time  0.003 ( 0.008)	Loss 2.7059e-01 (3.7070e-01)	Acc pseudo  92.19 ( 88.97)	Lr 1.000e-03 (1.000e-03)
2026-01-15 06:00:11,230 - INFO: Epoch: [0][200/301]	Time  0.003 ( 0.007)	Loss 2.7126e-01 (3.7528e-01)	Acc pseudo  93.75 ( 88.91)	Lr 1.000e-03 (1.000e-03)
2026-01-15 06:00:11,401 - INFO: Epoch: [0][250/301]	Time  0.003 ( 0.006)	Loss 3.5961e-01 (3.8819e-01)	Acc pseudo  87.50 ( 88.63)	Lr 1.000e-03 (1.000e-03)
2026-01-15 06:00:11,556 - INFO: Epoch: [0][300/301]	Time  0.002 ( 0.006)	Loss 1.7621e-01 (3.8130e-01)	Acc pseudo  88.00 ( 88.70)	Lr 1.000e-03 (1.000e-03)
2026-01-15 06:00:11,608 - INFO: Round 7, Fine-tune Epoch 0: loss=0.3813, acc(pseudo)=88.70%
2026-01-15 06:00:21,053 - INFO: Round 7, Fine-tune Epoch 0: acc(valid_pseudo): 0.9128, acc: 0.8090
2026-01-15 06:00:21,710 - INFO: Epoch: [1][  0/301]	Time  0.437 ( 0.437)	Loss 3.4536e-01 (3.4536e-01)	Acc pseudo  89.06 ( 89.06)	Lr 1.000e-03 (1.000e-03)
2026-01-15 06:00:21,977 - INFO: Epoch: [1][ 50/301]	Time  0.003 ( 0.014)	Loss 1.5599e-01 (3.1667e-01)	Acc pseudo  96.88 ( 89.71)	Lr 1.000e-03 (1.000e-03)
2026-01-15 06:00:22,151 - INFO: Epoch: [1][100/301]	Time  0.003 ( 0.009)	Loss 2.1692e-01 (3.3300e-01)	Acc pseudo  93.75 ( 89.74)	Lr 1.000e-03 (1.000e-03)
2026-01-15 06:00:22,324 - INFO: Epoch: [1][150/301]	Time  0.003 ( 0.007)	Loss 4.7834e-01 (3.3319e-01)	Acc pseudo  82.81 ( 89.65)	Lr 1.000e-03 (1.000e-03)
2026-01-15 06:00:22,494 - INFO: Epoch: [1][200/301]	Time  0.003 ( 0.006)	Loss 2.9322e-01 (3.3459e-01)	Acc pseudo  85.94 ( 89.56)	Lr 1.000e-03 (1.000e-03)
2026-01-15 06:00:22,663 - INFO: Epoch: [1][250/301]	Time  0.003 ( 0.005)	Loss 4.4659e-01 (3.3785e-01)	Acc pseudo  89.06 ( 89.46)	Lr 1.000e-03 (1.000e-03)
2026-01-15 06:00:22,825 - INFO: Epoch: [1][300/301]	Time  0.002 ( 0.005)	Loss 1.1007e-01 (3.3481e-01)	Acc pseudo  92.00 ( 89.47)	Lr 1.000e-03 (1.000e-03)
2026-01-15 06:00:22,883 - INFO: Round 7, Fine-tune Epoch 1: loss=0.3348, acc(pseudo)=89.47%
2026-01-15 06:00:31,079 - INFO: Round 7, Fine-tune Epoch 1: acc(valid_pseudo): 0.9644, acc: 0.8595
2026-01-15 06:00:31,578 - INFO: Epoch: [2][  0/301]	Time  0.317 ( 0.317)	Loss 4.0888e-01 (4.0888e-01)	Acc pseudo  89.06 ( 89.06)	Lr 1.000e-03 (1.000e-03)
2026-01-15 06:00:31,899 - INFO: Epoch: [2][ 50/301]	Time  0.003 ( 0.012)	Loss 5.7797e-01 (3.1700e-01)	Acc pseudo  87.50 ( 90.07)	Lr 1.000e-03 (1.000e-03)
2026-01-15 06:00:32,069 - INFO: Epoch: [2][100/301]	Time  0.003 ( 0.008)	Loss 3.5919e-01 (3.1372e-01)	Acc pseudo  87.50 ( 90.02)	Lr 1.000e-03 (1.000e-03)
2026-01-15 06:00:32,234 - INFO: Epoch: [2][150/301]	Time  0.003 ( 0.006)	Loss 3.1807e-01 (3.1555e-01)	Acc pseudo  87.50 ( 90.13)	Lr 1.000e-03 (1.000e-03)
2026-01-15 06:00:32,398 - INFO: Epoch: [2][200/301]	Time  0.003 ( 0.006)	Loss 3.5113e-01 (3.1593e-01)	Acc pseudo  93.75 ( 90.00)	Lr 1.000e-03 (1.000e-03)
2026-01-15 06:00:32,563 - INFO: Epoch: [2][250/301]	Time  0.004 ( 0.005)	Loss 2.5532e-01 (3.2004e-01)	Acc pseudo  90.62 ( 89.84)	Lr 1.000e-03 (1.000e-03)
2026-01-15 06:00:32,723 - INFO: Epoch: [2][300/301]	Time  0.002 ( 0.005)	Loss 8.8929e-02 (3.1911e-01)	Acc pseudo  96.00 ( 89.85)	Lr 1.000e-03 (1.000e-03)
2026-01-15 06:00:32,804 - INFO: Round 7, Fine-tune Epoch 2: loss=0.3191, acc(pseudo)=89.85%
2026-01-15 06:00:40,442 - INFO: Round 7, Fine-tune Epoch 2: acc(valid_pseudo): 0.9720, acc: 0.8675
2026-01-15 06:00:40,925 - INFO: Epoch: [3][  0/301]	Time  0.302 ( 0.302)	Loss 3.8072e-01 (3.8072e-01)	Acc pseudo  85.94 ( 85.94)	Lr 1.000e-03 (1.000e-03)
2026-01-15 06:00:41,201 - INFO: Epoch: [3][ 50/301]	Time  0.003 ( 0.011)	Loss 3.7301e-01 (2.8892e-01)	Acc pseudo  87.50 ( 90.78)	Lr 1.000e-03 (1.000e-03)
2026-01-15 06:00:41,361 - INFO: Epoch: [3][100/301]	Time  0.003 ( 0.007)	Loss 2.0581e-01 (2.8414e-01)	Acc pseudo  89.06 ( 90.28)	Lr 1.000e-03 (1.000e-03)
2026-01-15 06:00:41,523 - INFO: Epoch: [3][150/301]	Time  0.003 ( 0.006)	Loss 2.2382e-01 (3.0252e-01)	Acc pseudo  93.75 ( 89.94)	Lr 1.000e-03 (1.000e-03)
2026-01-15 06:00:41,687 - INFO: Epoch: [3][200/301]	Time  0.004 ( 0.005)	Loss 2.5290e-01 (3.0183e-01)	Acc pseudo  87.50 ( 90.05)	Lr 1.000e-03 (1.000e-03)
2026-01-15 06:00:41,851 - INFO: Epoch: [3][250/301]	Time  0.003 ( 0.005)	Loss 2.2362e-01 (2.9881e-01)	Acc pseudo  93.75 ( 90.07)	Lr 1.000e-03 (1.000e-03)
2026-01-15 06:00:42,009 - INFO: Epoch: [3][300/301]	Time  0.002 ( 0.004)	Loss 2.5458e-01 (3.0353e-01)	Acc pseudo  84.00 ( 89.84)	Lr 1.000e-03 (1.000e-03)
2026-01-15 06:00:42,071 - INFO: Round 7, Fine-tune Epoch 3: loss=0.3035, acc(pseudo)=89.84%
2026-01-15 06:00:50,257 - INFO: Round 7, Fine-tune Epoch 3: acc(valid_pseudo): 0.9708, acc: 0.8625
2026-01-15 06:00:50,258 - INFO: Round 7, Speaker Fine-tune Epoch 3: No improvement in validation accuracy. Patience(epoch): 1/3
2026-01-15 06:00:50,593 - INFO: Epoch: [4][  0/301]	Time  0.330 ( 0.330)	Loss 2.8061e-01 (2.8061e-01)	Acc pseudo  89.06 ( 89.06)	Lr 1.000e-03 (1.000e-03)
2026-01-15 06:00:50,863 - INFO: Epoch: [4][ 50/301]	Time  0.004 ( 0.012)	Loss 2.7940e-01 (3.0159e-01)	Acc pseudo  85.94 ( 90.23)	Lr 1.000e-03 (1.000e-03)
2026-01-15 06:00:51,038 - INFO: Epoch: [4][100/301]	Time  0.003 ( 0.008)	Loss 4.7343e-01 (3.0644e-01)	Acc pseudo  87.50 ( 89.94)	Lr 1.000e-03 (1.000e-03)
2026-01-15 06:00:51,221 - INFO: Epoch: [4][150/301]	Time  0.004 ( 0.006)	Loss 2.5155e-01 (3.0951e-01)	Acc pseudo  87.50 ( 89.92)	Lr 1.000e-03 (1.000e-03)
2026-01-15 06:00:51,392 - INFO: Epoch: [4][200/301]	Time  0.002 ( 0.006)	Loss 2.0657e-01 (3.1073e-01)	Acc pseudo  90.62 ( 89.96)	Lr 1.000e-03 (1.000e-03)
2026-01-15 06:00:51,559 - INFO: Epoch: [4][250/301]	Time  0.003 ( 0.005)	Loss 3.5262e-01 (3.1181e-01)	Acc pseudo  85.94 ( 89.74)	Lr 1.000e-03 (1.000e-03)
2026-01-15 06:00:51,721 - INFO: Epoch: [4][300/301]	Time  0.002 ( 0.005)	Loss 2.7262e-01 (3.1590e-01)	Acc pseudo  92.00 ( 89.62)	Lr 1.000e-03 (1.000e-03)
2026-01-15 06:00:51,786 - INFO: Round 7, Fine-tune Epoch 4: loss=0.3159, acc(pseudo)=89.62%
2026-01-15 06:01:00,337 - INFO: Round 7, Fine-tune Epoch 4: acc(valid_pseudo): 0.9487, acc: 0.8580
2026-01-15 06:01:00,337 - INFO: Round 7, Speaker Fine-tune Epoch 4: No improvement in validation accuracy. Patience(epoch): 2/3
2026-01-15 06:01:00,661 - INFO: Epoch: [5][  0/301]	Time  0.318 ( 0.318)	Loss 3.1065e-01 (3.1065e-01)	Acc pseudo  89.06 ( 89.06)	Lr 1.000e-03 (1.000e-03)
2026-01-15 06:01:00,914 - INFO: Epoch: [5][ 50/301]	Time  0.004 ( 0.011)	Loss 1.2709e-01 (2.7998e-01)	Acc pseudo  95.31 ( 90.81)	Lr 1.000e-03 (1.000e-03)
2026-01-15 06:01:01,100 - INFO: Epoch: [5][100/301]	Time  0.003 ( 0.007)	Loss 2.9145e-01 (2.8819e-01)	Acc pseudo  89.06 ( 90.50)	Lr 1.000e-03 (1.000e-03)
2026-01-15 06:01:01,262 - INFO: Epoch: [5][150/301]	Time  0.003 ( 0.006)	Loss 3.9643e-01 (2.8700e-01)	Acc pseudo  84.38 ( 90.39)	Lr 1.000e-03 (1.000e-03)
2026-01-15 06:01:01,427 - INFO: Epoch: [5][200/301]	Time  0.007 ( 0.005)	Loss 2.6668e-01 (2.9640e-01)	Acc pseudo  85.94 ( 90.16)	Lr 1.000e-03 (1.000e-03)
2026-01-15 06:01:01,586 - INFO: Epoch: [5][250/301]	Time  0.003 ( 0.005)	Loss 3.0919e-01 (3.0129e-01)	Acc pseudo  87.50 ( 89.99)	Lr 1.000e-03 (1.000e-03)
2026-01-15 06:01:01,741 - INFO: Epoch: [5][300/301]	Time  0.002 ( 0.005)	Loss 2.9853e-01 (3.0983e-01)	Acc pseudo  92.00 ( 89.78)	Lr 1.000e-03 (1.000e-03)
2026-01-15 06:01:01,793 - INFO: Round 7, Fine-tune Epoch 5: loss=0.3098, acc(pseudo)=89.78%
2026-01-15 06:01:10,345 - INFO: Round 7, Fine-tune Epoch 5: acc(valid_pseudo): 0.9160, acc: 0.8045
2026-01-15 06:01:10,346 - INFO: Round 7, Speaker Fine-tune Epoch 5: No improvement in validation accuracy. Patience(epoch): 3/3
2026-01-15 06:01:10,346 - INFO: Early stopping at epoch 5 due to no improvement in validation accuracy for 3 epochs.
2026-01-15 06:01:10,347 - INFO: Round 7: Best speaker fine-tuned epoch=2, acc(valid_pseudo)=0.9720
2026-01-15 06:01:10,351 - INFO: Fine-tuning face embedding model for 20 epochs...
2026-01-15 06:01:11,495 - INFO: Epoch: [0][  0/582]	Time  1.126 ( 1.126)	Loss 4.7767e-02 (4.7767e-02)	Acc pseudo 100.00 (100.00)	Lr 1.000e-03 (1.000e-03)
2026-01-15 06:01:16,174 - INFO: Epoch: [0][ 50/582]	Time  0.032 ( 0.055)	Loss 3.8676e-02 (1.1309e-01)	Acc pseudo  98.44 ( 96.17)	Lr 1.000e-03 (1.000e-03)
2026-01-15 06:01:20,928 - INFO: Epoch: [0][100/582]	Time  0.031 ( 0.044)	Loss 1.2346e-01 (1.3196e-01)	Acc pseudo  93.75 ( 95.78)	Lr 1.000e-03 (1.000e-03)
2026-01-15 06:01:25,602 - INFO: Epoch: [0][150/582]	Time  0.029 ( 0.039)	Loss 6.7071e-02 (1.3702e-01)	Acc pseudo  96.88 ( 95.57)	Lr 1.000e-03 (1.000e-03)
2026-01-15 06:01:30,279 - INFO: Epoch: [0][200/582]	Time  0.035 ( 0.037)	Loss 5.8526e-02 (1.3796e-01)	Acc pseudo  98.44 ( 95.44)	Lr 1.000e-03 (1.000e-03)
2026-01-15 06:01:34,956 - INFO: Epoch: [0][250/582]	Time  0.034 ( 0.036)	Loss 2.0734e-01 (1.3793e-01)	Acc pseudo  90.62 ( 95.32)	Lr 1.000e-03 (1.000e-03)
2026-01-15 06:01:39,640 - INFO: Epoch: [0][300/582]	Time  0.029 ( 0.035)	Loss 4.5719e-01 (1.3764e-01)	Acc pseudo  90.62 ( 95.39)	Lr 1.000e-03 (1.000e-03)
2026-01-15 06:01:44,328 - INFO: Epoch: [0][350/582]	Time  0.030 ( 0.036)	Loss 8.7487e-02 (1.3647e-01)	Acc pseudo  93.75 ( 95.33)	Lr 1.000e-03 (1.000e-03)
2026-01-15 06:01:49,442 - INFO: Epoch: [0][400/582]	Time  0.038 ( 0.036)	Loss 1.2950e-01 (1.3599e-01)	Acc pseudo  95.31 ( 95.34)	Lr 1.000e-03 (1.000e-03)
2026-01-15 06:01:55,300 - INFO: Epoch: [0][450/582]	Time  0.208 ( 0.038)	Loss 4.9688e-02 (1.3793e-01)	Acc pseudo  96.88 ( 95.27)	Lr 1.000e-03 (1.000e-03)
2026-01-15 06:02:00,278 - INFO: Epoch: [0][500/582]	Time  0.039 ( 0.038)	Loss 2.2200e-01 (1.3962e-01)	Acc pseudo  93.75 ( 95.22)	Lr 1.000e-03 (1.000e-03)
2026-01-15 06:02:04,972 - INFO: Epoch: [0][550/582]	Time  0.036 ( 0.038)	Loss 1.1792e-01 (1.4205e-01)	Acc pseudo  93.75 ( 95.19)	Lr 1.000e-03 (1.000e-03)
2026-01-15 06:02:07,921 - INFO: Round 7, Face Fine-tune Epoch 0: loss=0.1440, acc(pseudo)=95.14%
2026-01-15 06:03:07,943 - INFO: Round 7, Face Fine-tune Epoch 0: acc(valid_pseudo): 0.9945, acc: 0.8734
2026-01-15 06:03:08,985 - INFO: Epoch: [1][  0/582]	Time  0.666 ( 0.666)	Loss 1.5195e-01 (1.5195e-01)	Acc pseudo  93.75 ( 93.75)	Lr 1.000e-03 (1.000e-03)
2026-01-15 06:03:13,675 - INFO: Epoch: [1][ 50/582]	Time  0.028 ( 0.045)	Loss 1.3903e-01 (1.3662e-01)	Acc pseudo  98.44 ( 95.13)	Lr 1.000e-03 (1.000e-03)
2026-01-15 06:03:18,371 - INFO: Epoch: [1][100/582]	Time  0.028 ( 0.040)	Loss 2.0689e-01 (1.3486e-01)	Acc pseudo  95.31 ( 95.03)	Lr 1.000e-03 (1.000e-03)
2026-01-15 06:03:23,070 - INFO: Epoch: [1][150/582]	Time  0.030 ( 0.038)	Loss 6.4173e-02 (1.2640e-01)	Acc pseudo  96.88 ( 95.26)	Lr 1.000e-03 (1.000e-03)
2026-01-15 06:03:27,763 - INFO: Epoch: [1][200/582]	Time  0.029 ( 0.036)	Loss 2.8731e-01 (1.2438e-01)	Acc pseudo  92.19 ( 95.45)	Lr 1.000e-03 (1.000e-03)
2026-01-15 06:03:32,456 - INFO: Epoch: [1][250/582]	Time  0.028 ( 0.034)	Loss 2.6436e-01 (1.2540e-01)	Acc pseudo  85.94 ( 95.46)	Lr 1.000e-03 (1.000e-03)
2026-01-15 06:03:37,148 - INFO: Epoch: [1][300/582]	Time  0.029 ( 0.033)	Loss 1.4554e-01 (1.2373e-01)	Acc pseudo  92.19 ( 95.45)	Lr 1.000e-03 (1.000e-03)
2026-01-15 06:03:41,850 - INFO: Epoch: [1][350/582]	Time  0.027 ( 0.033)	Loss 6.5828e-02 (1.2267e-01)	Acc pseudo  96.88 ( 95.50)	Lr 1.000e-03 (1.000e-03)
2026-01-15 06:03:46,546 - INFO: Epoch: [1][400/582]	Time  0.033 ( 0.032)	Loss 6.7742e-02 (1.2438e-01)	Acc pseudo  96.88 ( 95.44)	Lr 1.000e-03 (1.000e-03)
2026-01-15 06:03:51,246 - INFO: Epoch: [1][450/582]	Time  0.031 ( 0.032)	Loss 1.1195e-01 (1.2483e-01)	Acc pseudo  92.19 ( 95.47)	Lr 1.000e-03 (1.000e-03)
2026-01-15 06:03:55,946 - INFO: Epoch: [1][500/582]	Time  0.029 ( 0.032)	Loss 4.6714e-01 (1.2373e-01)	Acc pseudo  93.75 ( 95.51)	Lr 1.000e-03 (1.000e-03)
2026-01-15 06:04:00,646 - INFO: Epoch: [1][550/582]	Time  0.029 ( 0.032)	Loss 6.3017e-02 (1.2403e-01)	Acc pseudo  95.31 ( 95.51)	Lr 1.000e-03 (1.000e-03)
2026-01-15 06:04:03,612 - INFO: Round 7, Face Fine-tune Epoch 1: loss=0.1236, acc(pseudo)=95.54%
2026-01-15 06:05:05,284 - INFO: Round 7, Face Fine-tune Epoch 1: acc(valid_pseudo): 0.9945, acc: 0.8685
2026-01-15 06:05:05,284 - INFO: Round 7, Face Fine-tune Epoch 1: No improvement. Patience(epoch): 1/3
2026-01-15 06:05:05,944 - INFO: Epoch: [2][  0/582]	Time  0.622 ( 0.622)	Loss 1.0118e-01 (1.0118e-01)	Acc pseudo  93.75 ( 93.75)	Lr 1.000e-03 (1.000e-03)
2026-01-15 06:05:10,646 - INFO: Epoch: [2][ 50/582]	Time  0.032 ( 0.043)	Loss 1.4579e-01 (1.0216e-01)	Acc pseudo  90.62 ( 95.74)	Lr 1.000e-03 (1.000e-03)
2026-01-15 06:05:15,348 - INFO: Epoch: [2][100/582]	Time  0.033 ( 0.038)	Loss 2.1324e-01 (1.1185e-01)	Acc pseudo  95.31 ( 95.88)	Lr 1.000e-03 (1.000e-03)
2026-01-15 06:05:20,043 - INFO: Epoch: [2][150/582]	Time  0.030 ( 0.036)	Loss 3.6573e-02 (1.1115e-01)	Acc pseudo  98.44 ( 95.96)	Lr 1.000e-03 (1.000e-03)
2026-01-15 06:05:24,742 - INFO: Epoch: [2][200/582]	Time  0.029 ( 0.035)	Loss 1.8250e-01 (1.1216e-01)	Acc pseudo  93.75 ( 95.83)	Lr 1.000e-03 (1.000e-03)
2026-01-15 06:05:29,441 - INFO: Epoch: [2][250/582]	Time  0.029 ( 0.034)	Loss 1.1501e-01 (1.1296e-01)	Acc pseudo  95.31 ( 95.77)	Lr 1.000e-03 (1.000e-03)
2026-01-15 06:05:34,141 - INFO: Epoch: [2][300/582]	Time  0.028 ( 0.033)	Loss 5.3574e-02 (1.1642e-01)	Acc pseudo  96.88 ( 95.64)	Lr 1.000e-03 (1.000e-03)
2026-01-15 06:05:38,839 - INFO: Epoch: [2][350/582]	Time  0.029 ( 0.033)	Loss 1.0493e-01 (1.1536e-01)	Acc pseudo  93.75 ( 95.71)	Lr 1.000e-03 (1.000e-03)
2026-01-15 06:05:43,677 - INFO: Epoch: [2][400/582]	Time  0.028 ( 0.033)	Loss 2.1377e-01 (1.1405e-01)	Acc pseudo  90.62 ( 95.74)	Lr 1.000e-03 (1.000e-03)
2026-01-15 06:05:48,437 - INFO: Epoch: [2][450/582]	Time  0.028 ( 0.033)	Loss 8.3204e-02 (1.1334e-01)	Acc pseudo  95.31 ( 95.76)	Lr 1.000e-03 (1.000e-03)
2026-01-15 06:05:53,139 - INFO: Epoch: [2][500/582]	Time  0.028 ( 0.033)	Loss 6.1134e-02 (1.1497e-01)	Acc pseudo  98.44 ( 95.71)	Lr 1.000e-03 (1.000e-03)
2026-01-15 06:05:57,846 - INFO: Epoch: [2][550/582]	Time  0.028 ( 0.033)	Loss 1.2633e-01 (1.1531e-01)	Acc pseudo  93.75 ( 95.69)	Lr 1.000e-03 (1.000e-03)
2026-01-15 06:06:00,800 - INFO: Round 7, Face Fine-tune Epoch 2: loss=0.1153, acc(pseudo)=95.70%
2026-01-15 06:07:00,200 - INFO: Round 7, Face Fine-tune Epoch 2: acc(valid_pseudo): 0.9945, acc: 0.8724
2026-01-15 06:07:00,200 - INFO: Round 7, Face Fine-tune Epoch 2: No improvement. Patience(epoch): 2/3
2026-01-15 06:07:00,855 - INFO: Epoch: [3][  0/582]	Time  0.626 ( 0.626)	Loss 9.0559e-02 (9.0559e-02)	Acc pseudo  95.31 ( 95.31)	Lr 1.000e-03 (1.000e-03)
2026-01-15 06:07:05,558 - INFO: Epoch: [3][ 50/582]	Time  0.028 ( 0.043)	Loss 3.9384e-02 (1.2149e-01)	Acc pseudo  96.88 ( 95.62)	Lr 1.000e-03 (1.000e-03)
2026-01-15 06:07:10,258 - INFO: Epoch: [3][100/582]	Time  0.037 ( 0.039)	Loss 7.7717e-02 (1.3004e-01)	Acc pseudo  95.31 ( 95.41)	Lr 1.000e-03 (1.000e-03)
2026-01-15 06:07:14,963 - INFO: Epoch: [3][150/582]	Time  0.036 ( 0.038)	Loss 2.0597e-01 (1.2958e-01)	Acc pseudo  93.75 ( 95.49)	Lr 1.000e-03 (1.000e-03)
2026-01-15 06:07:19,689 - INFO: Epoch: [3][200/582]	Time  0.029 ( 0.037)	Loss 1.1883e-01 (1.2299e-01)	Acc pseudo  95.31 ( 95.55)	Lr 1.000e-03 (1.000e-03)
2026-01-15 06:07:24,383 - INFO: Epoch: [3][250/582]	Time  0.027 ( 0.035)	Loss 4.9310e-02 (1.1850e-01)	Acc pseudo  98.44 ( 95.61)	Lr 1.000e-03 (1.000e-03)
2026-01-15 06:07:29,072 - INFO: Epoch: [3][300/582]	Time  0.029 ( 0.034)	Loss 1.0062e-01 (1.1794e-01)	Acc pseudo  93.75 ( 95.64)	Lr 1.000e-03 (1.000e-03)
2026-01-15 06:07:33,766 - INFO: Epoch: [3][350/582]	Time  0.027 ( 0.034)	Loss 6.6346e-02 (1.1620e-01)	Acc pseudo  96.88 ( 95.70)	Lr 1.000e-03 (1.000e-03)
2026-01-15 06:07:38,464 - INFO: Epoch: [3][400/582]	Time  0.027 ( 0.033)	Loss 2.5154e-01 (1.1929e-01)	Acc pseudo  93.75 ( 95.66)	Lr 1.000e-03 (1.000e-03)
2026-01-15 06:07:43,176 - INFO: Epoch: [3][450/582]	Time  0.041 ( 0.034)	Loss 1.6727e-01 (1.2068e-01)	Acc pseudo  95.31 ( 95.61)	Lr 1.000e-03 (1.000e-03)
2026-01-15 06:07:47,875 - INFO: Epoch: [3][500/582]	Time  0.029 ( 0.033)	Loss 8.4065e-02 (1.2023e-01)	Acc pseudo  98.44 ( 95.62)	Lr 1.000e-03 (1.000e-03)
2026-01-15 06:07:52,576 - INFO: Epoch: [3][550/582]	Time  0.030 ( 0.033)	Loss 9.2632e-02 (1.1942e-01)	Acc pseudo  96.88 ( 95.63)	Lr 1.000e-03 (1.000e-03)
2026-01-15 06:07:55,544 - INFO: Round 7, Face Fine-tune Epoch 3: loss=0.1202, acc(pseudo)=95.59%
2026-01-15 06:08:56,688 - INFO: Round 7, Face Fine-tune Epoch 3: acc(valid_pseudo): 0.9948, acc: 0.8685
2026-01-15 06:08:57,695 - INFO: Epoch: [4][  0/582]	Time  0.632 ( 0.632)	Loss 2.0304e-01 (2.0304e-01)	Acc pseudo  93.75 ( 93.75)	Lr 1.000e-03 (1.000e-03)
2026-01-15 06:09:02,403 - INFO: Epoch: [4][ 50/582]	Time  0.027 ( 0.048)	Loss 1.5481e-01 (1.0442e-01)	Acc pseudo  92.19 ( 96.35)	Lr 1.000e-03 (1.000e-03)
2026-01-15 06:09:07,098 - INFO: Epoch: [4][100/582]	Time  0.030 ( 0.039)	Loss 1.0580e-01 (9.6148e-02)	Acc pseudo  95.31 ( 96.49)	Lr 1.000e-03 (1.000e-03)
2026-01-15 06:09:11,798 - INFO: Epoch: [4][150/582]	Time  0.029 ( 0.035)	Loss 1.0893e-01 (1.0602e-01)	Acc pseudo  95.31 ( 96.41)	Lr 1.000e-03 (1.000e-03)
2026-01-15 06:09:16,504 - INFO: Epoch: [4][200/582]	Time  0.030 ( 0.035)	Loss 6.1990e-02 (1.1403e-01)	Acc pseudo  96.88 ( 96.00)	Lr 1.000e-03 (1.000e-03)
2026-01-15 06:09:21,211 - INFO: Epoch: [4][250/582]	Time  0.030 ( 0.035)	Loss 1.5687e-01 (1.1070e-01)	Acc pseudo  93.75 ( 96.00)	Lr 1.000e-03 (1.000e-03)
2026-01-15 06:09:25,915 - INFO: Epoch: [4][300/582]	Time  0.030 ( 0.035)	Loss 4.8843e-02 (1.0920e-01)	Acc pseudo  98.44 ( 96.02)	Lr 1.000e-03 (1.000e-03)
2026-01-15 06:09:30,615 - INFO: Epoch: [4][350/582]	Time  0.029 ( 0.034)	Loss 3.4178e-02 (1.0946e-01)	Acc pseudo  98.44 ( 95.98)	Lr 1.000e-03 (1.000e-03)
2026-01-15 06:09:35,317 - INFO: Epoch: [4][400/582]	Time  0.030 ( 0.034)	Loss 1.5039e-01 (1.1008e-01)	Acc pseudo  90.62 ( 95.90)	Lr 1.000e-03 (1.000e-03)
2026-01-15 06:09:40,017 - INFO: Epoch: [4][450/582]	Time  0.028 ( 0.033)	Loss 1.3972e-01 (1.1178e-01)	Acc pseudo  93.75 ( 95.88)	Lr 1.000e-03 (1.000e-03)
2026-01-15 06:09:44,720 - INFO: Epoch: [4][500/582]	Time  0.030 ( 0.033)	Loss 3.8862e-01 (1.1126e-01)	Acc pseudo  93.75 ( 95.87)	Lr 1.000e-03 (1.000e-03)
2026-01-15 06:09:49,425 - INFO: Epoch: [4][550/582]	Time  0.030 ( 0.033)	Loss 2.6462e-02 (1.1146e-01)	Acc pseudo 100.00 ( 95.84)	Lr 1.000e-03 (1.000e-03)
2026-01-15 06:09:52,383 - INFO: Round 7, Face Fine-tune Epoch 4: loss=0.1112, acc(pseudo)=95.85%
2026-01-15 06:10:54,086 - INFO: Round 7, Face Fine-tune Epoch 4: acc(valid_pseudo): 0.9947, acc: 0.8715
2026-01-15 06:10:54,087 - INFO: Round 7, Face Fine-tune Epoch 4: No improvement. Patience(epoch): 1/3
2026-01-15 06:10:55,197 - INFO: Epoch: [5][  0/582]	Time  1.071 ( 1.071)	Loss 1.5030e-01 (1.5030e-01)	Acc pseudo  90.62 ( 90.62)	Lr 1.000e-03 (1.000e-03)
2026-01-15 06:10:59,896 - INFO: Epoch: [5][ 50/582]	Time  0.038 ( 0.055)	Loss 4.5041e-02 (1.2908e-01)	Acc pseudo  96.88 ( 95.22)	Lr 1.000e-03 (1.000e-03)
2026-01-15 06:11:04,593 - INFO: Epoch: [5][100/582]	Time  0.030 ( 0.043)	Loss 4.8483e-02 (1.4134e-01)	Acc pseudo  98.44 ( 95.17)	Lr 1.000e-03 (1.000e-03)
2026-01-15 06:11:09,299 - INFO: Epoch: [5][150/582]	Time  0.028 ( 0.039)	Loss 6.4438e-02 (1.3560e-01)	Acc pseudo  96.88 ( 95.17)	Lr 1.000e-03 (1.000e-03)
2026-01-15 06:11:13,998 - INFO: Epoch: [5][200/582]	Time  0.039 ( 0.037)	Loss 2.3039e-01 (1.2931e-01)	Acc pseudo  92.19 ( 95.13)	Lr 1.000e-03 (1.000e-03)
2026-01-15 06:11:18,700 - INFO: Epoch: [5][250/582]	Time  0.030 ( 0.036)	Loss 1.6788e-01 (1.2937e-01)	Acc pseudo  93.75 ( 95.01)	Lr 1.000e-03 (1.000e-03)
2026-01-15 06:11:23,409 - INFO: Epoch: [5][300/582]	Time  0.037 ( 0.036)	Loss 1.5490e-01 (1.2889e-01)	Acc pseudo  92.19 ( 95.04)	Lr 1.000e-03 (1.000e-03)
2026-01-15 06:11:28,117 - INFO: Epoch: [5][350/582]	Time  0.041 ( 0.036)	Loss 7.6175e-02 (1.3005e-01)	Acc pseudo  96.88 ( 94.96)	Lr 1.000e-03 (1.000e-03)
2026-01-15 06:11:32,821 - INFO: Epoch: [5][400/582]	Time  0.028 ( 0.035)	Loss 1.2060e-01 (1.2892e-01)	Acc pseudo  95.31 ( 94.90)	Lr 1.000e-03 (1.000e-03)
2026-01-15 06:11:37,546 - INFO: Epoch: [5][450/582]	Time  0.041 ( 0.035)	Loss 2.4428e-01 (1.3067e-01)	Acc pseudo  93.75 ( 94.86)	Lr 1.000e-03 (1.000e-03)
2026-01-15 06:11:42,254 - INFO: Epoch: [5][500/582]	Time  0.031 ( 0.035)	Loss 3.1818e-02 (1.3215e-01)	Acc pseudo  98.44 ( 94.81)	Lr 1.000e-03 (1.000e-03)
2026-01-15 06:11:46,954 - INFO: Epoch: [5][550/582]	Time  0.029 ( 0.034)	Loss 1.2854e-01 (1.3447e-01)	Acc pseudo  93.75 ( 94.73)	Lr 1.000e-03 (1.000e-03)
2026-01-15 06:11:49,914 - INFO: Round 7, Face Fine-tune Epoch 5: loss=0.1357, acc(pseudo)=94.73%
2026-01-15 06:12:49,398 - INFO: Round 7, Face Fine-tune Epoch 5: acc(valid_pseudo): 0.9944, acc: 0.8734
2026-01-15 06:12:49,399 - INFO: Round 7, Face Fine-tune Epoch 5: No improvement. Patience(epoch): 2/3
2026-01-15 06:12:50,119 - INFO: Epoch: [6][  0/582]	Time  0.700 ( 0.700)	Loss 9.6755e-02 (9.6755e-02)	Acc pseudo  95.31 ( 95.31)	Lr 1.000e-03 (1.000e-03)
2026-01-15 06:12:54,830 - INFO: Epoch: [6][ 50/582]	Time  0.038 ( 0.047)	Loss 9.8672e-02 (1.2892e-01)	Acc pseudo  95.31 ( 94.58)	Lr 1.000e-03 (1.000e-03)
2026-01-15 06:12:59,533 - INFO: Epoch: [6][100/582]	Time  0.028 ( 0.040)	Loss 2.4635e-01 (1.4401e-01)	Acc pseudo  87.50 ( 94.40)	Lr 1.000e-03 (1.000e-03)
2026-01-15 06:13:04,313 - INFO: Epoch: [6][150/582]	Time  0.029 ( 0.037)	Loss 1.6527e-01 (1.4353e-01)	Acc pseudo  90.62 ( 94.40)	Lr 1.000e-03 (1.000e-03)
2026-01-15 06:13:09,013 - INFO: Epoch: [6][200/582]	Time  0.029 ( 0.035)	Loss 2.3549e-01 (1.4315e-01)	Acc pseudo  92.19 ( 94.43)	Lr 1.000e-03 (1.000e-03)
2026-01-15 06:13:13,713 - INFO: Epoch: [6][250/582]	Time  0.031 ( 0.034)	Loss 8.5567e-02 (1.4112e-01)	Acc pseudo  95.31 ( 94.41)	Lr 1.000e-03 (1.000e-03)
2026-01-15 06:13:18,414 - INFO: Epoch: [6][300/582]	Time  0.030 ( 0.034)	Loss 2.0484e-01 (1.3446e-01)	Acc pseudo  90.62 ( 94.62)	Lr 1.000e-03 (1.000e-03)
2026-01-15 06:13:23,122 - INFO: Epoch: [6][350/582]	Time  0.032 ( 0.034)	Loss 5.2982e-02 (1.3540e-01)	Acc pseudo  98.44 ( 94.64)	Lr 1.000e-03 (1.000e-03)
2026-01-15 06:13:27,829 - INFO: Epoch: [6][400/582]	Time  0.040 ( 0.034)	Loss 1.5536e-01 (1.3555e-01)	Acc pseudo  93.75 ( 94.58)	Lr 1.000e-03 (1.000e-03)
2026-01-15 06:13:32,542 - INFO: Epoch: [6][450/582]	Time  0.031 ( 0.034)	Loss 7.5716e-02 (1.3596e-01)	Acc pseudo  95.31 ( 94.55)	Lr 1.000e-03 (1.000e-03)
2026-01-15 06:13:37,246 - INFO: Epoch: [6][500/582]	Time  0.030 ( 0.034)	Loss 1.6385e-01 (1.3825e-01)	Acc pseudo  90.62 ( 94.49)	Lr 1.000e-03 (1.000e-03)
2026-01-15 06:13:41,953 - INFO: Epoch: [6][550/582]	Time  0.029 ( 0.034)	Loss 1.1891e-01 (1.3912e-01)	Acc pseudo  93.75 ( 94.53)	Lr 1.000e-03 (1.000e-03)
2026-01-15 06:13:44,909 - INFO: Round 7, Face Fine-tune Epoch 6: loss=0.1400, acc(pseudo)=94.47%
2026-01-15 06:14:44,487 - INFO: Round 7, Face Fine-tune Epoch 6: acc(valid_pseudo): 0.9940, acc: 0.8754
2026-01-15 06:14:44,488 - INFO: Round 7, Face Fine-tune Epoch 6: No improvement. Patience(epoch): 3/3
2026-01-15 06:14:44,488 - INFO: Early stopping at face epoch 6
2026-01-15 06:14:44,489 - INFO: Round 7: Best face fine-tuned epoch=3, acc(valid_pseudo)=0.9948
2026-01-15 06:14:44,626 - INFO: Using HMM model from previous round: runs/I love my family/exp_video/result/self_supervised/exp4/round6/pseudo_label/hmm_params.pkl
2026-01-15 07:37:11,815 - INFO: Round 7: speaker_acc=0.8730
2026-01-15 07:37:11,825 - INFO: Round 7: face_acc=0.8695
2026-01-15 07:37:11,829 - INFO: ====================
2026-01-15 07:37:11,829 - INFO: Round 8: Fine-tuning iteration
2026-01-15 07:37:11,829 - INFO: ====================
2026-01-15 07:37:11,871 - INFO: Round 8 Part 1: Fine-tuning embedding model
2026-01-15 07:37:11,872 - INFO: Using pseudo-label file: runs/I love my family/exp_video/result/self_supervised/exp4/round7/pseudo_label/pseudo_labels_audio_nested_hmm_full(unreliable_pp=100.0).json
2026-01-15 07:37:11,904 - INFO: For training, Using face pseudo-label file: runs/I love my family/exp_video/result/self_supervised/exp4/round7/pseudo_label/pseudo_labels_faces_mid_frame_train_nested_hmm_full.json
2026-01-15 07:37:11,905 - INFO: For infering, Using face pseudo-label file: runs/I love my family/exp_video/result/self_supervised/exp4/round7/pseudo_label/pseudo_labels_faces_mid_frame_all_nested_hmm_full.json
2026-01-15 07:37:12,051 - INFO: Created face dataloader with 37219 samples
2026-01-15 07:37:12,068 - INFO: Fine-tuning speaker embedding model for 20 epochs...
2026-01-15 07:37:12,940 - INFO: Epoch: [0][  0/301]	Time  0.843 ( 0.843)	Loss 2.2712e-01 (2.2712e-01)	Acc pseudo  90.62 ( 90.62)	Lr 1.000e-03 (1.000e-03)
2026-01-15 07:37:13,227 - INFO: Epoch: [0][ 50/301]	Time  0.003 ( 0.022)	Loss 3.0473e-01 (2.9756e-01)	Acc pseudo  90.62 ( 90.26)	Lr 1.000e-03 (1.000e-03)
2026-01-15 07:37:13,394 - INFO: Epoch: [0][100/301]	Time  0.004 ( 0.013)	Loss 3.1865e-01 (3.0543e-01)	Acc pseudo  90.62 ( 90.56)	Lr 1.000e-03 (1.000e-03)
2026-01-15 07:37:13,568 - INFO: Epoch: [0][150/301]	Time  0.004 ( 0.010)	Loss 2.3417e-01 (3.1514e-01)	Acc pseudo  90.62 ( 90.30)	Lr 1.000e-03 (1.000e-03)
2026-01-15 07:37:13,754 - INFO: Epoch: [0][200/301]	Time  0.004 ( 0.008)	Loss 1.7243e-01 (3.1607e-01)	Acc pseudo  93.75 ( 90.42)	Lr 1.000e-03 (1.000e-03)
2026-01-15 07:37:13,947 - INFO: Epoch: [0][250/301]	Time  0.003 ( 0.007)	Loss 4.2109e-01 (3.2289e-01)	Acc pseudo  89.06 ( 90.01)	Lr 1.000e-03 (1.000e-03)
2026-01-15 07:37:14,117 - INFO: Epoch: [0][300/301]	Time  0.002 ( 0.007)	Loss 1.3351e-01 (3.1620e-01)	Acc pseudo  92.00 ( 90.17)	Lr 1.000e-03 (1.000e-03)
2026-01-15 07:37:14,171 - INFO: Round 8, Fine-tune Epoch 0: loss=0.3162, acc(pseudo)=90.17%
2026-01-15 07:37:22,930 - INFO: Round 8, Fine-tune Epoch 0: acc(valid_pseudo): 0.9008, acc: 0.7875
2026-01-15 07:37:23,538 - INFO: Epoch: [1][  0/301]	Time  0.315 ( 0.315)	Loss 1.8558e-01 (1.8558e-01)	Acc pseudo  92.19 ( 92.19)	Lr 1.000e-03 (1.000e-03)
2026-01-15 07:37:23,811 - INFO: Epoch: [1][ 50/301]	Time  0.003 ( 0.011)	Loss 1.9157e-01 (2.6732e-01)	Acc pseudo  95.31 ( 90.84)	Lr 1.000e-03 (1.000e-03)
2026-01-15 07:37:23,974 - INFO: Epoch: [1][100/301]	Time  0.003 ( 0.007)	Loss 1.3575e-01 (2.6373e-01)	Acc pseudo  95.31 ( 90.87)	Lr 1.000e-03 (1.000e-03)
2026-01-15 07:37:24,141 - INFO: Epoch: [1][150/301]	Time  0.003 ( 0.006)	Loss 1.3467e-01 (2.6495e-01)	Acc pseudo  95.31 ( 91.07)	Lr 1.000e-03 (1.000e-03)
2026-01-15 07:37:24,295 - INFO: Epoch: [1][200/301]	Time  0.002 ( 0.005)	Loss 3.4861e-01 (2.6869e-01)	Acc pseudo  87.50 ( 91.10)	Lr 1.000e-03 (1.000e-03)
2026-01-15 07:37:24,447 - INFO: Epoch: [1][250/301]	Time  0.003 ( 0.005)	Loss 2.9926e-01 (2.7653e-01)	Acc pseudo  92.19 ( 90.78)	Lr 1.000e-03 (1.000e-03)
2026-01-15 07:37:24,602 - INFO: Epoch: [1][300/301]	Time  0.002 ( 0.004)	Loss 1.3170e-01 (2.7873e-01)	Acc pseudo  92.00 ( 90.81)	Lr 1.000e-03 (1.000e-03)
2026-01-15 07:37:24,655 - INFO: Round 8, Fine-tune Epoch 1: loss=0.2787, acc(pseudo)=90.81%
2026-01-15 07:37:32,891 - INFO: Round 8, Fine-tune Epoch 1: acc(valid_pseudo): 0.9530, acc: 0.8570
2026-01-15 07:37:33,373 - INFO: Epoch: [2][  0/301]	Time  0.303 ( 0.303)	Loss 3.5847e-01 (3.5847e-01)	Acc pseudo  92.19 ( 92.19)	Lr 1.000e-03 (1.000e-03)
2026-01-15 07:37:33,656 - INFO: Epoch: [2][ 50/301]	Time  0.006 ( 0.011)	Loss 2.5281e-01 (2.9303e-01)	Acc pseudo  89.06 ( 90.29)	Lr 1.000e-03 (1.000e-03)
2026-01-15 07:37:33,848 - INFO: Epoch: [2][100/301]	Time  0.002 ( 0.008)	Loss 3.3255e-01 (2.8384e-01)	Acc pseudo  90.62 ( 90.67)	Lr 1.000e-03 (1.000e-03)
2026-01-15 07:37:34,019 - INFO: Epoch: [2][150/301]	Time  0.003 ( 0.006)	Loss 1.4628e-01 (2.7994e-01)	Acc pseudo  96.88 ( 90.83)	Lr 1.000e-03 (1.000e-03)
2026-01-15 07:37:34,182 - INFO: Epoch: [2][200/301]	Time  0.003 ( 0.005)	Loss 3.3360e-01 (2.7435e-01)	Acc pseudo  90.62 ( 90.77)	Lr 1.000e-03 (1.000e-03)
2026-01-15 07:37:34,346 - INFO: Epoch: [2][250/301]	Time  0.004 ( 0.005)	Loss 2.3200e-01 (2.7845e-01)	Acc pseudo  92.19 ( 90.63)	Lr 1.000e-03 (1.000e-03)
2026-01-15 07:37:34,506 - INFO: Epoch: [2][300/301]	Time  0.002 ( 0.005)	Loss 7.7911e-02 (2.8045e-01)	Acc pseudo 100.00 ( 90.60)	Lr 1.000e-03 (1.000e-03)
2026-01-15 07:37:34,559 - INFO: Round 8, Fine-tune Epoch 2: loss=0.2805, acc(pseudo)=90.60%
2026-01-15 07:37:42,399 - INFO: Round 8, Fine-tune Epoch 2: acc(valid_pseudo): 0.9431, acc: 0.8540
2026-01-15 07:37:42,400 - INFO: Round 8, Speaker Fine-tune Epoch 2: No improvement in validation accuracy. Patience(epoch): 1/3
2026-01-15 07:37:42,716 - INFO: Epoch: [3][  0/301]	Time  0.311 ( 0.311)	Loss 3.0204e-01 (3.0204e-01)	Acc pseudo  79.69 ( 79.69)	Lr 1.000e-03 (1.000e-03)
2026-01-15 07:37:42,997 - INFO: Epoch: [3][ 50/301]	Time  0.004 ( 0.011)	Loss 2.3324e-01 (2.7189e-01)	Acc pseudo  90.62 ( 90.72)	Lr 1.000e-03 (1.000e-03)
2026-01-15 07:37:43,179 - INFO: Epoch: [3][100/301]	Time  0.003 ( 0.008)	Loss 1.5938e-01 (2.6107e-01)	Acc pseudo  93.75 ( 90.98)	Lr 1.000e-03 (1.000e-03)
2026-01-15 07:37:43,350 - INFO: Epoch: [3][150/301]	Time  0.003 ( 0.006)	Loss 1.4673e-01 (2.6031e-01)	Acc pseudo  92.19 ( 90.95)	Lr 1.000e-03 (1.000e-03)
2026-01-15 07:37:43,514 - INFO: Epoch: [3][200/301]	Time  0.003 ( 0.005)	Loss 1.9819e-01 (2.5838e-01)	Acc pseudo  92.19 ( 91.25)	Lr 1.000e-03 (1.000e-03)
2026-01-15 07:37:43,693 - INFO: Epoch: [3][250/301]	Time  0.003 ( 0.005)	Loss 1.2773e-01 (2.5813e-01)	Acc pseudo  96.88 ( 91.30)	Lr 1.000e-03 (1.000e-03)
2026-01-15 07:37:43,842 - INFO: Epoch: [3][300/301]	Time  0.002 ( 0.005)	Loss 2.2335e-01 (2.5904e-01)	Acc pseudo  88.00 ( 91.27)	Lr 1.000e-03 (1.000e-03)
2026-01-15 07:37:43,893 - INFO: Round 8, Fine-tune Epoch 3: loss=0.2590, acc(pseudo)=91.27%
2026-01-15 07:37:52,487 - INFO: Round 8, Fine-tune Epoch 3: acc(valid_pseudo): 0.9691, acc: 0.8620
2026-01-15 07:37:52,978 - INFO: Epoch: [4][  0/301]	Time  0.311 ( 0.311)	Loss 2.5559e-01 (2.5559e-01)	Acc pseudo  92.19 ( 92.19)	Lr 1.000e-03 (1.000e-03)
2026-01-15 07:37:53,281 - INFO: Epoch: [4][ 50/301]	Time  0.005 ( 0.012)	Loss 1.9824e-01 (2.6706e-01)	Acc pseudo  93.75 ( 91.24)	Lr 1.000e-03 (1.000e-03)
2026-01-15 07:37:53,489 - INFO: Epoch: [4][100/301]	Time  0.003 ( 0.008)	Loss 1.3437e-01 (2.7138e-01)	Acc pseudo  98.44 ( 91.20)	Lr 1.000e-03 (1.000e-03)
2026-01-15 07:37:53,686 - INFO: Epoch: [4][150/301]	Time  0.004 ( 0.007)	Loss 1.7628e-01 (2.7143e-01)	Acc pseudo  90.62 ( 91.29)	Lr 1.000e-03 (1.000e-03)
2026-01-15 07:37:53,879 - INFO: Epoch: [4][200/301]	Time  0.004 ( 0.006)	Loss 2.3719e-01 (2.7888e-01)	Acc pseudo  93.75 ( 91.12)	Lr 1.000e-03 (1.000e-03)
2026-01-15 07:37:54,062 - INFO: Epoch: [4][250/301]	Time  0.003 ( 0.005)	Loss 2.5554e-01 (2.7444e-01)	Acc pseudo  87.50 ( 91.06)	Lr 1.000e-03 (1.000e-03)
2026-01-15 07:37:54,222 - INFO: Epoch: [4][300/301]	Time  0.002 ( 0.005)	Loss 2.6321e-01 (2.7615e-01)	Acc pseudo  88.00 ( 90.94)	Lr 1.000e-03 (1.000e-03)
2026-01-15 07:37:54,289 - INFO: Round 8, Fine-tune Epoch 4: loss=0.2761, acc(pseudo)=90.94%
2026-01-15 07:38:02,568 - INFO: Round 8, Fine-tune Epoch 4: acc(valid_pseudo): 0.9627, acc: 0.8530
2026-01-15 07:38:02,568 - INFO: Round 8, Speaker Fine-tune Epoch 4: No improvement in validation accuracy. Patience(epoch): 1/3
2026-01-15 07:38:02,888 - INFO: Epoch: [5][  0/301]	Time  0.314 ( 0.314)	Loss 3.0167e-01 (3.0167e-01)	Acc pseudo  89.06 ( 89.06)	Lr 1.000e-03 (1.000e-03)
2026-01-15 07:38:03,137 - INFO: Epoch: [5][ 50/301]	Time  0.004 ( 0.011)	Loss 2.6360e-01 (2.2968e-01)	Acc pseudo  96.88 ( 92.31)	Lr 1.000e-03 (1.000e-03)
2026-01-15 07:38:03,300 - INFO: Epoch: [5][100/301]	Time  0.002 ( 0.007)	Loss 2.9842e-01 (2.3635e-01)	Acc pseudo  89.06 ( 92.30)	Lr 1.000e-03 (1.000e-03)
2026-01-15 07:38:03,464 - INFO: Epoch: [5][150/301]	Time  0.003 ( 0.006)	Loss 3.5944e-01 (2.3492e-01)	Acc pseudo  89.06 ( 92.37)	Lr 1.000e-03 (1.000e-03)
2026-01-15 07:38:03,630 - INFO: Epoch: [5][200/301]	Time  0.003 ( 0.005)	Loss 1.4845e-01 (2.4407e-01)	Acc pseudo  95.31 ( 92.18)	Lr 1.000e-03 (1.000e-03)
2026-01-15 07:38:03,794 - INFO: Epoch: [5][250/301]	Time  0.003 ( 0.005)	Loss 2.5824e-01 (2.5388e-01)	Acc pseudo  90.62 ( 91.76)	Lr 1.000e-03 (1.000e-03)
2026-01-15 07:38:03,946 - INFO: Epoch: [5][300/301]	Time  0.002 ( 0.004)	Loss 3.1899e-01 (2.6516e-01)	Acc pseudo  88.00 ( 91.43)	Lr 1.000e-03 (1.000e-03)
2026-01-15 07:38:04,017 - INFO: Round 8, Fine-tune Epoch 5: loss=0.2652, acc(pseudo)=91.43%
2026-01-15 07:38:12,860 - INFO: Round 8, Fine-tune Epoch 5: acc(valid_pseudo): 0.9568, acc: 0.8485
2026-01-15 07:38:12,860 - INFO: Round 8, Speaker Fine-tune Epoch 5: No improvement in validation accuracy. Patience(epoch): 2/3
2026-01-15 07:38:13,186 - INFO: Epoch: [6][  0/301]	Time  0.320 ( 0.320)	Loss 4.7370e-01 (4.7370e-01)	Acc pseudo  84.38 ( 84.38)	Lr 1.000e-03 (1.000e-03)
2026-01-15 07:38:13,465 - INFO: Epoch: [6][ 50/301]	Time  0.004 ( 0.012)	Loss 3.2233e-01 (3.1219e-01)	Acc pseudo  89.06 ( 89.98)	Lr 1.000e-03 (1.000e-03)
2026-01-15 07:38:13,641 - INFO: Epoch: [6][100/301]	Time  0.002 ( 0.008)	Loss 1.9396e-01 (2.9807e-01)	Acc pseudo  95.31 ( 90.15)	Lr 1.000e-03 (1.000e-03)
2026-01-15 07:38:13,822 - INFO: Epoch: [6][150/301]	Time  0.004 ( 0.006)	Loss 4.8107e-01 (3.0083e-01)	Acc pseudo  92.19 ( 90.16)	Lr 1.000e-03 (1.000e-03)
2026-01-15 07:38:14,046 - INFO: Epoch: [6][200/301]	Time  0.004 ( 0.006)	Loss 2.9205e-01 (2.9576e-01)	Acc pseudo  89.06 ( 90.27)	Lr 1.000e-03 (1.000e-03)
2026-01-15 07:38:14,222 - INFO: Epoch: [6][250/301]	Time  0.003 ( 0.005)	Loss 2.0601e-01 (2.9804e-01)	Acc pseudo  93.75 ( 90.18)	Lr 1.000e-03 (1.000e-03)
2026-01-15 07:38:14,388 - INFO: Epoch: [6][300/301]	Time  0.003 ( 0.005)	Loss 1.2335e-01 (3.0020e-01)	Acc pseudo  96.00 ( 90.04)	Lr 1.000e-03 (1.000e-03)
2026-01-15 07:38:14,441 - INFO: Round 8, Fine-tune Epoch 6: loss=0.3002, acc(pseudo)=90.04%
2026-01-15 07:38:22,155 - INFO: Round 8, Fine-tune Epoch 6: acc(valid_pseudo): 0.9633, acc: 0.8565
2026-01-15 07:38:22,155 - INFO: Round 8, Speaker Fine-tune Epoch 6: No improvement in validation accuracy. Patience(epoch): 3/3
2026-01-15 07:38:22,155 - INFO: Early stopping at epoch 6 due to no improvement in validation accuracy for 3 epochs.
2026-01-15 07:38:22,156 - INFO: Round 8: Best speaker fine-tuned epoch=3, acc(valid_pseudo)=0.9691
2026-01-15 07:38:22,160 - INFO: Fine-tuning face embedding model for 20 epochs...
2026-01-15 07:38:23,521 - INFO: Epoch: [0][  0/582]	Time  1.348 ( 1.348)	Loss 3.9496e-01 (3.9496e-01)	Acc pseudo  95.31 ( 95.31)	Lr 1.000e-03 (1.000e-03)
2026-01-15 07:38:28,205 - INFO: Epoch: [0][ 50/582]	Time  0.039 ( 0.057)	Loss 2.6173e-02 (1.2691e-01)	Acc pseudo  98.44 ( 96.63)	Lr 1.000e-03 (1.000e-03)
2026-01-15 07:38:32,876 - INFO: Epoch: [0][100/582]	Time  0.034 ( 0.043)	Loss 6.6805e-02 (1.2629e-01)	Acc pseudo  96.88 ( 96.46)	Lr 1.000e-03 (1.000e-03)
2026-01-15 07:38:37,550 - INFO: Epoch: [0][150/582]	Time  0.029 ( 0.039)	Loss 2.6648e-01 (1.2303e-01)	Acc pseudo  96.88 ( 96.38)	Lr 1.000e-03 (1.000e-03)
2026-01-15 07:38:42,226 - INFO: Epoch: [0][200/582]	Time  0.029 ( 0.037)	Loss 1.2687e-01 (1.2145e-01)	Acc pseudo  96.88 ( 96.22)	Lr 1.000e-03 (1.000e-03)
2026-01-15 07:38:46,905 - INFO: Epoch: [0][250/582]	Time  0.029 ( 0.036)	Loss 4.3826e-01 (1.2634e-01)	Acc pseudo  89.06 ( 96.02)	Lr 1.000e-03 (1.000e-03)
2026-01-15 07:38:51,589 - INFO: Epoch: [0][300/582]	Time  0.035 ( 0.035)	Loss 6.0453e-02 (1.2715e-01)	Acc pseudo  95.31 ( 96.02)	Lr 1.000e-03 (1.000e-03)
2026-01-15 07:38:56,276 - INFO: Epoch: [0][350/582]	Time  0.030 ( 0.035)	Loss 3.0284e-02 (1.2995e-01)	Acc pseudo 100.00 ( 96.02)	Lr 1.000e-03 (1.000e-03)
2026-01-15 07:39:00,961 - INFO: Epoch: [0][400/582]	Time  0.028 ( 0.034)	Loss 5.3714e-02 (1.2723e-01)	Acc pseudo  98.44 ( 96.01)	Lr 1.000e-03 (1.000e-03)
2026-01-15 07:39:05,654 - INFO: Epoch: [0][450/582]	Time  0.029 ( 0.034)	Loss 2.8139e-02 (1.2780e-01)	Acc pseudo  98.44 ( 95.95)	Lr 1.000e-03 (1.000e-03)
2026-01-15 07:39:10,355 - INFO: Epoch: [0][500/582]	Time  0.028 ( 0.033)	Loss 2.6492e-01 (1.2652e-01)	Acc pseudo  92.19 ( 95.95)	Lr 1.000e-03 (1.000e-03)
2026-01-15 07:39:15,080 - INFO: Epoch: [0][550/582]	Time  0.028 ( 0.033)	Loss 4.0365e-02 (1.2753e-01)	Acc pseudo 100.00 ( 95.92)	Lr 1.000e-03 (1.000e-03)
2026-01-15 07:39:18,027 - INFO: Round 8, Face Fine-tune Epoch 0: loss=0.1278, acc(pseudo)=95.92%
2026-01-15 07:40:19,116 - INFO: Round 8, Face Fine-tune Epoch 0: acc(valid_pseudo): 0.9946, acc: 0.8715
2026-01-15 07:40:20,178 - INFO: Epoch: [1][  0/582]	Time  0.679 ( 0.679)	Loss 1.2890e-01 (1.2890e-01)	Acc pseudo  95.31 ( 95.31)	Lr 1.000e-03 (1.000e-03)
2026-01-15 07:40:24,873 - INFO: Epoch: [1][ 50/582]	Time  0.028 ( 0.045)	Loss 8.0523e-02 (1.0582e-01)	Acc pseudo  96.88 ( 96.20)	Lr 1.000e-03 (1.000e-03)
2026-01-15 07:40:29,560 - INFO: Epoch: [1][100/582]	Time  0.029 ( 0.037)	Loss 1.5115e-01 (1.1129e-01)	Acc pseudo  95.31 ( 96.06)	Lr 1.000e-03 (1.000e-03)
2026-01-15 07:40:34,253 - INFO: Epoch: [1][150/582]	Time  0.028 ( 0.034)	Loss 1.5731e-02 (1.0924e-01)	Acc pseudo 100.00 ( 96.04)	Lr 1.000e-03 (1.000e-03)
2026-01-15 07:40:38,949 - INFO: Epoch: [1][200/582]	Time  0.028 ( 0.033)	Loss 1.2355e-01 (1.0747e-01)	Acc pseudo  93.75 ( 96.09)	Lr 1.000e-03 (1.000e-03)
2026-01-15 07:40:43,646 - INFO: Epoch: [1][250/582]	Time  0.028 ( 0.032)	Loss 2.1029e-01 (1.0718e-01)	Acc pseudo  90.62 ( 96.05)	Lr 1.000e-03 (1.000e-03)
2026-01-15 07:40:48,348 - INFO: Epoch: [1][300/582]	Time  0.028 ( 0.032)	Loss 1.0479e-01 (1.1007e-01)	Acc pseudo  93.75 ( 95.98)	Lr 1.000e-03 (1.000e-03)
2026-01-15 07:40:53,045 - INFO: Epoch: [1][350/582]	Time  0.035 ( 0.032)	Loss 1.7919e-01 (1.1443e-01)	Acc pseudo  90.62 ( 95.89)	Lr 1.000e-03 (1.000e-03)
2026-01-15 07:40:57,745 - INFO: Epoch: [1][400/582]	Time  0.032 ( 0.032)	Loss 7.8759e-02 (1.1281e-01)	Acc pseudo  95.31 ( 95.96)	Lr 1.000e-03 (1.000e-03)
2026-01-15 07:41:02,444 - INFO: Epoch: [1][450/582]	Time  0.042 ( 0.032)	Loss 8.2980e-02 (1.1357e-01)	Acc pseudo  95.31 ( 95.94)	Lr 1.000e-03 (1.000e-03)
2026-01-15 07:41:07,143 - INFO: Epoch: [1][500/582]	Time  0.042 ( 0.032)	Loss 6.2993e-02 (1.1206e-01)	Acc pseudo  98.44 ( 95.96)	Lr 1.000e-03 (1.000e-03)
2026-01-15 07:41:11,842 - INFO: Epoch: [1][550/582]	Time  0.030 ( 0.032)	Loss 3.5846e-02 (1.1207e-01)	Acc pseudo  98.44 ( 95.93)	Lr 1.000e-03 (1.000e-03)
2026-01-15 07:41:14,804 - INFO: Round 8, Face Fine-tune Epoch 1: loss=0.1112, acc(pseudo)=95.95%
2026-01-15 07:42:14,205 - INFO: Round 8, Face Fine-tune Epoch 1: acc(valid_pseudo): 0.9949, acc: 0.8705
2026-01-15 07:42:15,244 - INFO: Epoch: [2][  0/582]	Time  0.671 ( 0.671)	Loss 9.8762e-02 (9.8762e-02)	Acc pseudo  93.75 ( 93.75)	Lr 1.000e-03 (1.000e-03)
2026-01-15 07:42:19,947 - INFO: Epoch: [2][ 50/582]	Time  0.033 ( 0.049)	Loss 7.5428e-02 (8.9166e-02)	Acc pseudo  95.31 ( 96.60)	Lr 1.000e-03 (1.000e-03)
2026-01-15 07:42:24,648 - INFO: Epoch: [2][100/582]	Time  0.028 ( 0.041)	Loss 8.2200e-02 (9.2418e-02)	Acc pseudo  95.31 ( 96.33)	Lr 1.000e-03 (1.000e-03)
2026-01-15 07:42:29,342 - INFO: Epoch: [2][150/582]	Time  0.029 ( 0.037)	Loss 3.5040e-02 (9.5590e-02)	Acc pseudo  96.88 ( 96.35)	Lr 1.000e-03 (1.000e-03)
2026-01-15 07:42:34,080 - INFO: Epoch: [2][200/582]	Time  0.043 ( 0.036)	Loss 2.8303e-02 (9.6334e-02)	Acc pseudo  98.44 ( 96.33)	Lr 1.000e-03 (1.000e-03)
2026-01-15 07:42:38,779 - INFO: Epoch: [2][250/582]	Time  0.037 ( 0.035)	Loss 7.1028e-02 (9.2114e-02)	Acc pseudo  98.44 ( 96.50)	Lr 1.000e-03 (1.000e-03)
2026-01-15 07:42:43,481 - INFO: Epoch: [2][300/582]	Time  0.035 ( 0.035)	Loss 9.4534e-02 (9.6430e-02)	Acc pseudo  95.31 ( 96.35)	Lr 1.000e-03 (1.000e-03)
2026-01-15 07:42:48,182 - INFO: Epoch: [2][350/582]	Time  0.028 ( 0.034)	Loss 2.0094e-01 (9.4429e-02)	Acc pseudo  93.75 ( 96.46)	Lr 1.000e-03 (1.000e-03)
2026-01-15 07:42:52,893 - INFO: Epoch: [2][400/582]	Time  0.039 ( 0.034)	Loss 5.7445e-02 (9.5029e-02)	Acc pseudo  96.88 ( 96.44)	Lr 1.000e-03 (1.000e-03)
2026-01-15 07:42:57,598 - INFO: Epoch: [2][450/582]	Time  0.032 ( 0.034)	Loss 4.0327e-02 (9.7513e-02)	Acc pseudo  98.44 ( 96.38)	Lr 1.000e-03 (1.000e-03)
2026-01-15 07:43:02,303 - INFO: Epoch: [2][500/582]	Time  0.031 ( 0.034)	Loss 3.3834e-02 (9.7936e-02)	Acc pseudo  98.44 ( 96.36)	Lr 1.000e-03 (1.000e-03)
2026-01-15 07:43:07,005 - INFO: Epoch: [2][550/582]	Time  0.028 ( 0.033)	Loss 5.1297e-02 (9.8877e-02)	Acc pseudo  98.44 ( 96.33)	Lr 1.000e-03 (1.000e-03)
2026-01-15 07:43:09,960 - INFO: Round 8, Face Fine-tune Epoch 2: loss=0.0982, acc(pseudo)=96.35%
2026-01-15 07:44:10,420 - INFO: Round 8, Face Fine-tune Epoch 2: acc(valid_pseudo): 0.9943, acc: 0.8685
2026-01-15 07:44:10,420 - INFO: Round 8, Face Fine-tune Epoch 2: No improvement. Patience(epoch): 1/3
2026-01-15 07:44:11,176 - INFO: Epoch: [3][  0/582]	Time  0.719 ( 0.719)	Loss 3.9674e-02 (3.9674e-02)	Acc pseudo  96.88 ( 96.88)	Lr 1.000e-03 (1.000e-03)
2026-01-15 07:44:15,877 - INFO: Epoch: [3][ 50/582]	Time  0.031 ( 0.046)	Loss 4.7703e-02 (7.9404e-02)	Acc pseudo  96.88 ( 96.78)	Lr 1.000e-03 (1.000e-03)
2026-01-15 07:44:20,572 - INFO: Epoch: [3][100/582]	Time  0.030 ( 0.039)	Loss 2.3685e-02 (8.1907e-02)	Acc pseudo 100.00 ( 96.70)	Lr 1.000e-03 (1.000e-03)
2026-01-15 07:44:25,271 - INFO: Epoch: [3][150/582]	Time  0.032 ( 0.036)	Loss 2.6926e-01 (9.0123e-02)	Acc pseudo  93.75 ( 96.70)	Lr 1.000e-03 (1.000e-03)
2026-01-15 07:44:29,979 - INFO: Epoch: [3][200/582]	Time  0.030 ( 0.036)	Loss 1.4636e-01 (8.9577e-02)	Acc pseudo  93.75 ( 96.68)	Lr 1.000e-03 (1.000e-03)
2026-01-15 07:44:34,680 - INFO: Epoch: [3][250/582]	Time  0.030 ( 0.036)	Loss 2.5713e-02 (9.2344e-02)	Acc pseudo 100.00 ( 96.77)	Lr 1.000e-03 (1.000e-03)
2026-01-15 07:44:39,386 - INFO: Epoch: [3][300/582]	Time  0.028 ( 0.035)	Loss 1.5725e-01 (9.0187e-02)	Acc pseudo  92.19 ( 96.77)	Lr 1.000e-03 (1.000e-03)
2026-01-15 07:44:44,142 - INFO: Epoch: [3][350/582]	Time  0.036 ( 0.035)	Loss 7.4719e-02 (9.0662e-02)	Acc pseudo  96.88 ( 96.75)	Lr 1.000e-03 (1.000e-03)
2026-01-15 07:44:48,849 - INFO: Epoch: [3][400/582]	Time  0.040 ( 0.035)	Loss 7.9417e-02 (9.1331e-02)	Acc pseudo  96.88 ( 96.75)	Lr 1.000e-03 (1.000e-03)
2026-01-15 07:44:53,555 - INFO: Epoch: [3][450/582]	Time  0.030 ( 0.035)	Loss 7.8658e-02 (9.1863e-02)	Acc pseudo  98.44 ( 96.71)	Lr 1.000e-03 (1.000e-03)
2026-01-15 07:44:58,255 - INFO: Epoch: [3][500/582]	Time  0.028 ( 0.035)	Loss 4.8839e-02 (9.1213e-02)	Acc pseudo  98.44 ( 96.74)	Lr 1.000e-03 (1.000e-03)
2026-01-15 07:45:02,951 - INFO: Epoch: [3][550/582]	Time  0.028 ( 0.034)	Loss 6.0362e-02 (9.2170e-02)	Acc pseudo  96.88 ( 96.67)	Lr 1.000e-03 (1.000e-03)
2026-01-15 07:45:05,906 - INFO: Round 8, Face Fine-tune Epoch 3: loss=0.0934, acc(pseudo)=96.64%
2026-01-15 07:46:05,451 - INFO: Round 8, Face Fine-tune Epoch 3: acc(valid_pseudo): 0.9948, acc: 0.8724
2026-01-15 07:46:05,451 - INFO: Round 8, Face Fine-tune Epoch 3: No improvement. Patience(epoch): 2/3
2026-01-15 07:46:06,214 - INFO: Epoch: [4][  0/582]	Time  0.717 ( 0.717)	Loss 1.2013e-01 (1.2013e-01)	Acc pseudo  93.75 ( 93.75)	Lr 1.000e-03 (1.000e-03)
2026-01-15 07:46:11,010 - INFO: Epoch: [4][ 50/582]	Time  0.029 ( 0.051)	Loss 1.4313e-01 (9.9651e-02)	Acc pseudo  90.62 ( 96.05)	Lr 1.000e-03 (1.000e-03)
2026-01-15 07:46:15,711 - INFO: Epoch: [4][100/582]	Time  0.030 ( 0.041)	Loss 3.3585e-02 (8.6800e-02)	Acc pseudo 100.00 ( 96.61)	Lr 1.000e-03 (1.000e-03)
2026-01-15 07:46:20,486 - INFO: Epoch: [4][150/582]	Time  0.038 ( 0.039)	Loss 1.2616e-01 (8.9700e-02)	Acc pseudo  96.88 ( 96.42)	Lr 1.000e-03 (1.000e-03)
2026-01-15 07:46:25,190 - INFO: Epoch: [4][200/582]	Time  0.029 ( 0.037)	Loss 8.6493e-02 (8.7204e-02)	Acc pseudo  96.88 ( 96.53)	Lr 1.000e-03 (1.000e-03)
2026-01-15 07:46:29,888 - INFO: Epoch: [4][250/582]	Time  0.028 ( 0.035)	Loss 2.9999e-02 (8.8356e-02)	Acc pseudo 100.00 ( 96.57)	Lr 1.000e-03 (1.000e-03)
2026-01-15 07:46:34,591 - INFO: Epoch: [4][300/582]	Time  0.035 ( 0.035)	Loss 6.6440e-02 (8.8900e-02)	Acc pseudo  98.44 ( 96.48)	Lr 1.000e-03 (1.000e-03)
2026-01-15 07:46:39,300 - INFO: Epoch: [4][350/582]	Time  0.028 ( 0.034)	Loss 4.8330e-02 (8.9788e-02)	Acc pseudo  96.88 ( 96.45)	Lr 1.000e-03 (1.000e-03)
2026-01-15 07:46:44,006 - INFO: Epoch: [4][400/582]	Time  0.032 ( 0.035)	Loss 1.0016e-01 (8.9840e-02)	Acc pseudo  90.62 ( 96.38)	Lr 1.000e-03 (1.000e-03)
2026-01-15 07:46:48,707 - INFO: Epoch: [4][450/582]	Time  0.028 ( 0.034)	Loss 4.7923e-02 (9.1685e-02)	Acc pseudo  98.44 ( 96.38)	Lr 1.000e-03 (1.000e-03)
2026-01-15 07:46:53,408 - INFO: Epoch: [4][500/582]	Time  0.028 ( 0.033)	Loss 1.4909e-01 (9.2660e-02)	Acc pseudo  95.31 ( 96.39)	Lr 1.000e-03 (1.000e-03)
2026-01-15 07:46:58,108 - INFO: Epoch: [4][550/582]	Time  0.028 ( 0.033)	Loss 3.8729e-02 (9.2058e-02)	Acc pseudo  98.44 ( 96.36)	Lr 1.000e-03 (1.000e-03)
2026-01-15 07:47:01,067 - INFO: Round 8, Face Fine-tune Epoch 4: loss=0.0916, acc(pseudo)=96.37%
2026-01-15 07:48:01,345 - INFO: Round 8, Face Fine-tune Epoch 4: acc(valid_pseudo): 0.9944, acc: 0.8734
2026-01-15 07:48:01,346 - INFO: Round 8, Face Fine-tune Epoch 4: No improvement. Patience(epoch): 3/3
2026-01-15 07:48:01,346 - INFO: Early stopping at face epoch 4
2026-01-15 07:48:01,347 - INFO: Round 8: Best face fine-tuned epoch=1, acc(valid_pseudo)=0.9949
2026-01-15 07:48:01,482 - INFO: Using HMM model from previous round: runs/I love my family/exp_video/result/self_supervised/exp4/round7/pseudo_label/hmm_params.pkl
2026-01-15 09:11:41,006 - INFO: Round 8: speaker_acc=0.8745
2026-01-15 09:11:41,019 - INFO: Round 8: face_acc=0.8676
2026-01-15 09:11:41,023 - INFO: ====================
2026-01-15 09:11:41,024 - INFO: Round 9: Fine-tuning iteration
2026-01-15 09:11:41,024 - INFO: ====================
2026-01-15 09:11:41,102 - INFO: Round 9 Part 1: Fine-tuning embedding model
2026-01-15 09:11:41,104 - INFO: Using pseudo-label file: runs/I love my family/exp_video/result/self_supervised/exp4/round8/pseudo_label/pseudo_labels_audio_nested_hmm_full(unreliable_pp=100.0).json
2026-01-15 09:11:41,175 - INFO: For training, Using face pseudo-label file: runs/I love my family/exp_video/result/self_supervised/exp4/round8/pseudo_label/pseudo_labels_faces_mid_frame_train_nested_hmm_full.json
2026-01-15 09:11:41,176 - INFO: For infering, Using face pseudo-label file: runs/I love my family/exp_video/result/self_supervised/exp4/round8/pseudo_label/pseudo_labels_faces_mid_frame_all_nested_hmm_full.json
2026-01-15 09:11:41,346 - INFO: Created face dataloader with 37219 samples
2026-01-15 09:11:41,374 - INFO: Fine-tuning speaker embedding model for 20 epochs...
2026-01-15 09:11:42,103 - INFO: Epoch: [0][  0/301]	Time  0.663 ( 0.663)	Loss 1.6311e-01 (1.6311e-01)	Acc pseudo  95.31 ( 95.31)	Lr 1.000e-03 (1.000e-03)
2026-01-15 09:11:42,394 - INFO: Epoch: [0][ 50/301]	Time  0.004 ( 0.019)	Loss 2.1400e-01 (2.8716e-01)	Acc pseudo  89.06 ( 90.96)	Lr 1.000e-03 (1.000e-03)
2026-01-15 09:11:42,576 - INFO: Epoch: [0][100/301]	Time  0.003 ( 0.011)	Loss 4.3178e-01 (2.7670e-01)	Acc pseudo  87.50 ( 90.98)	Lr 1.000e-03 (1.000e-03)
2026-01-15 09:11:42,756 - INFO: Epoch: [0][150/301]	Time  0.003 ( 0.009)	Loss 1.5199e-01 (2.8195e-01)	Acc pseudo  93.75 ( 90.90)	Lr 1.000e-03 (1.000e-03)
2026-01-15 09:11:42,939 - INFO: Epoch: [0][200/301]	Time  0.003 ( 0.007)	Loss 1.7316e-01 (2.9718e-01)	Acc pseudo  93.75 ( 90.84)	Lr 1.000e-03 (1.000e-03)
2026-01-15 09:11:43,117 - INFO: Epoch: [0][250/301]	Time  0.003 ( 0.007)	Loss 4.6582e-01 (3.0871e-01)	Acc pseudo  87.50 ( 90.71)	Lr 1.000e-03 (1.000e-03)
2026-01-15 09:11:43,300 - INFO: Epoch: [0][300/301]	Time  0.004 ( 0.006)	Loss 1.9245e-01 (3.1630e-01)	Acc pseudo  92.00 ( 90.61)	Lr 1.000e-03 (1.000e-03)
2026-01-15 09:11:43,359 - INFO: Round 9, Fine-tune Epoch 0: loss=0.3163, acc(pseudo)=90.61%
2026-01-15 09:11:52,919 - INFO: Round 9, Fine-tune Epoch 0: acc(valid_pseudo): 0.9609, acc: 0.8545
2026-01-15 09:11:53,676 - INFO: Epoch: [1][  0/301]	Time  0.427 ( 0.427)	Loss 8.5674e-01 (8.5674e-01)	Acc pseudo  92.19 ( 92.19)	Lr 1.000e-03 (1.000e-03)
2026-01-15 09:11:53,950 - INFO: Epoch: [1][ 50/301]	Time  0.003 ( 0.014)	Loss 2.2072e-01 (2.7895e-01)	Acc pseudo  95.31 ( 90.50)	Lr 1.000e-03 (1.000e-03)
2026-01-15 09:11:54,118 - INFO: Epoch: [1][100/301]	Time  0.003 ( 0.009)	Loss 1.0657e-01 (2.6807e-01)	Acc pseudo  96.88 ( 91.15)	Lr 1.000e-03 (1.000e-03)
2026-01-15 09:11:54,289 - INFO: Epoch: [1][150/301]	Time  0.004 ( 0.007)	Loss 2.8438e-01 (2.6194e-01)	Acc pseudo  87.50 ( 91.33)	Lr 1.000e-03 (1.000e-03)
2026-01-15 09:11:54,455 - INFO: Epoch: [1][200/301]	Time  0.003 ( 0.006)	Loss 2.1801e-01 (2.6144e-01)	Acc pseudo  89.06 ( 91.21)	Lr 1.000e-03 (1.000e-03)
2026-01-15 09:11:54,619 - INFO: Epoch: [1][250/301]	Time  0.003 ( 0.005)	Loss 2.8301e-01 (2.6192e-01)	Acc pseudo  90.62 ( 91.12)	Lr 1.000e-03 (1.000e-03)
2026-01-15 09:11:54,775 - INFO: Epoch: [1][300/301]	Time  0.002 ( 0.005)	Loss 1.0438e-01 (2.6254e-01)	Acc pseudo 100.00 ( 91.15)	Lr 1.000e-03 (1.000e-03)
2026-01-15 09:11:54,828 - INFO: Round 9, Fine-tune Epoch 1: loss=0.2625, acc(pseudo)=91.15%
2026-01-15 09:12:02,991 - INFO: Round 9, Fine-tune Epoch 1: acc(valid_pseudo): 0.9740, acc: 0.8775
2026-01-15 09:12:03,489 - INFO: Epoch: [2][  0/301]	Time  0.318 ( 0.318)	Loss 3.2053e-01 (3.2053e-01)	Acc pseudo  90.62 ( 90.62)	Lr 1.000e-03 (1.000e-03)
2026-01-15 09:12:03,760 - INFO: Epoch: [2][ 50/301]	Time  0.004 ( 0.011)	Loss 3.4149e-01 (2.4475e-01)	Acc pseudo  92.19 ( 91.88)	Lr 1.000e-03 (1.000e-03)
2026-01-15 09:12:03,962 - INFO: Epoch: [2][100/301]	Time  0.003 ( 0.008)	Loss 3.2377e-01 (2.5479e-01)	Acc pseudo  87.50 ( 91.68)	Lr 1.000e-03 (1.000e-03)
2026-01-15 09:12:04,137 - INFO: Epoch: [2][150/301]	Time  0.003 ( 0.006)	Loss 2.3357e-01 (2.5526e-01)	Acc pseudo  92.19 ( 91.59)	Lr 1.000e-03 (1.000e-03)
2026-01-15 09:12:04,302 - INFO: Epoch: [2][200/301]	Time  0.003 ( 0.006)	Loss 2.7364e-01 (2.5289e-01)	Acc pseudo  92.19 ( 91.59)	Lr 1.000e-03 (1.000e-03)
2026-01-15 09:12:04,461 - INFO: Epoch: [2][250/301]	Time  0.003 ( 0.005)	Loss 2.9442e-01 (2.5791e-01)	Acc pseudo  90.62 ( 91.50)	Lr 1.000e-03 (1.000e-03)
2026-01-15 09:12:04,613 - INFO: Epoch: [2][300/301]	Time  0.002 ( 0.005)	Loss 2.9631e-01 (2.5953e-01)	Acc pseudo  96.00 ( 91.53)	Lr 1.000e-03 (1.000e-03)
2026-01-15 09:12:04,666 - INFO: Round 9, Fine-tune Epoch 2: loss=0.2595, acc(pseudo)=91.53%
2026-01-15 09:12:12,868 - INFO: Round 9, Fine-tune Epoch 2: acc(valid_pseudo): 0.9551, acc: 0.8410
2026-01-15 09:12:12,869 - INFO: Round 9, Speaker Fine-tune Epoch 2: No improvement in validation accuracy. Patience(epoch): 1/3
2026-01-15 09:12:13,180 - INFO: Epoch: [3][  0/301]	Time  0.306 ( 0.306)	Loss 2.4056e-01 (2.4056e-01)	Acc pseudo  89.06 ( 89.06)	Lr 1.000e-03 (1.000e-03)
2026-01-15 09:12:13,490 - INFO: Epoch: [3][ 50/301]	Time  0.004 ( 0.012)	Loss 2.0153e-01 (2.3869e-01)	Acc pseudo  92.19 ( 91.45)	Lr 1.000e-03 (1.000e-03)
2026-01-15 09:12:13,683 - INFO: Epoch: [3][100/301]	Time  0.003 ( 0.008)	Loss 1.4056e-01 (2.4252e-01)	Acc pseudo  96.88 ( 91.49)	Lr 1.000e-03 (1.000e-03)
2026-01-15 09:12:13,856 - INFO: Epoch: [3][150/301]	Time  0.003 ( 0.006)	Loss 1.7715e-01 (2.4322e-01)	Acc pseudo  95.31 ( 91.51)	Lr 1.000e-03 (1.000e-03)
2026-01-15 09:12:14,027 - INFO: Epoch: [3][200/301]	Time  0.003 ( 0.006)	Loss 2.7158e-01 (2.4237e-01)	Acc pseudo  90.62 ( 91.87)	Lr 1.000e-03 (1.000e-03)
2026-01-15 09:12:14,203 - INFO: Epoch: [3][250/301]	Time  0.004 ( 0.005)	Loss 1.0236e-01 (2.3698e-01)	Acc pseudo  95.31 ( 91.93)	Lr 1.000e-03 (1.000e-03)
2026-01-15 09:12:14,376 - INFO: Epoch: [3][300/301]	Time  0.002 ( 0.005)	Loss 5.4389e-01 (2.4552e-01)	Acc pseudo  88.00 ( 91.70)	Lr 1.000e-03 (1.000e-03)
2026-01-15 09:12:14,430 - INFO: Round 9, Fine-tune Epoch 3: loss=0.2455, acc(pseudo)=91.70%
2026-01-15 09:12:22,824 - INFO: Round 9, Fine-tune Epoch 3: acc(valid_pseudo): 0.9335, acc: 0.8200
2026-01-15 09:12:22,825 - INFO: Round 9, Speaker Fine-tune Epoch 3: No improvement in validation accuracy. Patience(epoch): 2/3
2026-01-15 09:12:23,138 - INFO: Epoch: [4][  0/301]	Time  0.308 ( 0.308)	Loss 3.0123e-01 (3.0123e-01)	Acc pseudo  90.62 ( 90.62)	Lr 1.000e-03 (1.000e-03)
2026-01-15 09:12:23,421 - INFO: Epoch: [4][ 50/301]	Time  0.004 ( 0.011)	Loss 1.8205e-01 (2.3950e-01)	Acc pseudo  95.31 ( 91.54)	Lr 1.000e-03 (1.000e-03)
2026-01-15 09:12:23,595 - INFO: Epoch: [4][100/301]	Time  0.003 ( 0.007)	Loss 2.3574e-01 (2.4385e-01)	Acc pseudo  92.19 ( 91.34)	Lr 1.000e-03 (1.000e-03)
2026-01-15 09:12:23,770 - INFO: Epoch: [4][150/301]	Time  0.003 ( 0.006)	Loss 1.8653e-01 (2.4057e-01)	Acc pseudo  89.06 ( 91.49)	Lr 1.000e-03 (1.000e-03)
2026-01-15 09:12:23,942 - INFO: Epoch: [4][200/301]	Time  0.003 ( 0.005)	Loss 2.0383e-01 (2.4449e-01)	Acc pseudo  92.19 ( 91.52)	Lr 1.000e-03 (1.000e-03)
2026-01-15 09:12:24,105 - INFO: Epoch: [4][250/301]	Time  0.003 ( 0.005)	Loss 6.9709e-01 (2.4542e-01)	Acc pseudo  84.38 ( 91.47)	Lr 1.000e-03 (1.000e-03)
2026-01-15 09:12:24,263 - INFO: Epoch: [4][300/301]	Time  0.002 ( 0.005)	Loss 3.1762e-01 (2.4734e-01)	Acc pseudo  88.00 ( 91.43)	Lr 1.000e-03 (1.000e-03)
2026-01-15 09:12:24,316 - INFO: Round 9, Fine-tune Epoch 4: loss=0.2473, acc(pseudo)=91.43%
2026-01-15 09:12:33,611 - INFO: Round 9, Fine-tune Epoch 4: acc(valid_pseudo): 0.9571, acc: 0.8570
2026-01-15 09:12:33,611 - INFO: Round 9, Speaker Fine-tune Epoch 4: No improvement in validation accuracy. Patience(epoch): 3/3
2026-01-15 09:12:33,611 - INFO: Early stopping at epoch 4 due to no improvement in validation accuracy for 3 epochs.
2026-01-15 09:12:33,612 - INFO: Round 9: Best speaker fine-tuned epoch=1, acc(valid_pseudo)=0.9740
2026-01-15 09:12:33,616 - INFO: Fine-tuning face embedding model for 20 epochs...
2026-01-15 09:12:35,202 - INFO: Epoch: [0][  0/582]	Time  1.574 ( 1.574)	Loss 7.6699e-02 (7.6699e-02)	Acc pseudo  98.44 ( 98.44)	Lr 1.000e-03 (1.000e-03)
2026-01-15 09:12:40,979 - INFO: Epoch: [0][ 50/582]	Time  0.034 ( 0.085)	Loss 2.2103e-02 (1.1228e-01)	Acc pseudo  98.44 ( 97.49)	Lr 1.000e-03 (1.000e-03)
2026-01-15 09:12:45,649 - INFO: Epoch: [0][100/582]	Time  0.028 ( 0.059)	Loss 7.3388e-02 (1.0536e-01)	Acc pseudo  95.31 ( 97.28)	Lr 1.000e-03 (1.000e-03)
2026-01-15 09:12:50,325 - INFO: Epoch: [0][150/582]	Time  0.037 ( 0.050)	Loss 3.2066e-02 (1.0188e-01)	Acc pseudo  98.44 ( 97.15)	Lr 1.000e-03 (1.000e-03)
2026-01-15 09:12:55,003 - INFO: Epoch: [0][200/582]	Time  0.030 ( 0.046)	Loss 3.0003e-02 (1.0144e-01)	Acc pseudo  98.44 ( 96.93)	Lr 1.000e-03 (1.000e-03)
2026-01-15 09:12:59,683 - INFO: Epoch: [0][250/582]	Time  0.029 ( 0.044)	Loss 2.1874e-01 (1.0463e-01)	Acc pseudo  92.19 ( 96.79)	Lr 1.000e-03 (1.000e-03)
2026-01-15 09:13:04,456 - INFO: Epoch: [0][300/582]	Time  0.036 ( 0.042)	Loss 3.9285e-02 (1.0434e-01)	Acc pseudo  98.44 ( 96.78)	Lr 1.000e-03 (1.000e-03)
2026-01-15 09:13:09,144 - INFO: Epoch: [0][350/582]	Time  0.028 ( 0.041)	Loss 2.2240e-02 (1.0258e-01)	Acc pseudo 100.00 ( 96.83)	Lr 1.000e-03 (1.000e-03)
2026-01-15 09:13:13,829 - INFO: Epoch: [0][400/582]	Time  0.029 ( 0.040)	Loss 8.8866e-02 (1.0435e-01)	Acc pseudo  98.44 ( 96.81)	Lr 1.000e-03 (1.000e-03)
2026-01-15 09:13:18,699 - INFO: Epoch: [0][450/582]	Time  0.029 ( 0.039)	Loss 1.0151e-01 (1.0370e-01)	Acc pseudo  93.75 ( 96.74)	Lr 1.000e-03 (1.000e-03)
2026-01-15 09:13:24,749 - INFO: Epoch: [0][500/582]	Time  0.042 ( 0.041)	Loss 1.4267e-01 (1.0410e-01)	Acc pseudo  95.31 ( 96.70)	Lr 1.000e-03 (1.000e-03)
2026-01-15 09:13:29,601 - INFO: Epoch: [0][550/582]	Time  0.037 ( 0.041)	Loss 1.0180e-01 (1.0535e-01)	Acc pseudo  96.88 ( 96.69)	Lr 1.000e-03 (1.000e-03)
2026-01-15 09:13:32,555 - INFO: Round 9, Face Fine-tune Epoch 0: loss=0.1066, acc(pseudo)=96.67%
2026-01-15 09:14:32,596 - INFO: Round 9, Face Fine-tune Epoch 0: acc(valid_pseudo): 0.9949, acc: 0.8715
2026-01-15 09:14:33,627 - INFO: Epoch: [1][  0/582]	Time  0.675 ( 0.675)	Loss 1.2272e-01 (1.2272e-01)	Acc pseudo  93.75 ( 93.75)	Lr 1.000e-03 (1.000e-03)
2026-01-15 09:14:38,331 - INFO: Epoch: [1][ 50/582]	Time  0.029 ( 0.049)	Loss 7.2345e-02 (8.7173e-02)	Acc pseudo  96.88 ( 96.45)	Lr 1.000e-03 (1.000e-03)
2026-01-15 09:14:43,024 - INFO: Epoch: [1][100/582]	Time  0.039 ( 0.041)	Loss 1.1804e-01 (9.0083e-02)	Acc pseudo  96.88 ( 96.61)	Lr 1.000e-03 (1.000e-03)
2026-01-15 09:14:47,723 - INFO: Epoch: [1][150/582]	Time  0.039 ( 0.039)	Loss 1.5489e-02 (9.0700e-02)	Acc pseudo 100.00 ( 96.65)	Lr 1.000e-03 (1.000e-03)
2026-01-15 09:14:52,414 - INFO: Epoch: [1][200/582]	Time  0.041 ( 0.037)	Loss 7.4217e-02 (9.2272e-02)	Acc pseudo  95.31 ( 96.67)	Lr 1.000e-03 (1.000e-03)
2026-01-15 09:14:57,117 - INFO: Epoch: [1][250/582]	Time  0.028 ( 0.036)	Loss 7.5363e-02 (9.0788e-02)	Acc pseudo  95.31 ( 96.66)	Lr 1.000e-03 (1.000e-03)
2026-01-15 09:15:01,807 - INFO: Epoch: [1][300/582]	Time  0.042 ( 0.035)	Loss 1.0628e-01 (9.1578e-02)	Acc pseudo  95.31 ( 96.64)	Lr 1.000e-03 (1.000e-03)
2026-01-15 09:15:06,505 - INFO: Epoch: [1][350/582]	Time  0.042 ( 0.035)	Loss 6.4613e-02 (9.3127e-02)	Acc pseudo  96.88 ( 96.54)	Lr 1.000e-03 (1.000e-03)
2026-01-15 09:15:11,219 - INFO: Epoch: [1][400/582]	Time  0.037 ( 0.036)	Loss 1.5337e-01 (9.3823e-02)	Acc pseudo  92.19 ( 96.50)	Lr 1.000e-03 (1.000e-03)
2026-01-15 09:15:15,911 - INFO: Epoch: [1][450/582]	Time  0.028 ( 0.035)	Loss 9.4166e-02 (9.4120e-02)	Acc pseudo  96.88 ( 96.51)	Lr 1.000e-03 (1.000e-03)
2026-01-15 09:15:20,604 - INFO: Epoch: [1][500/582]	Time  0.030 ( 0.034)	Loss 7.1388e-02 (9.3040e-02)	Acc pseudo  98.44 ( 96.54)	Lr 1.000e-03 (1.000e-03)
2026-01-15 09:15:25,310 - INFO: Epoch: [1][550/582]	Time  0.041 ( 0.034)	Loss 1.5519e-02 (9.2198e-02)	Acc pseudo 100.00 ( 96.60)	Lr 1.000e-03 (1.000e-03)
2026-01-15 09:15:28,274 - INFO: Round 9, Face Fine-tune Epoch 1: loss=0.0915, acc(pseudo)=96.62%
2026-01-15 09:16:28,251 - INFO: Round 9, Face Fine-tune Epoch 1: acc(valid_pseudo): 0.9952, acc: 0.8715
2026-01-15 09:16:29,991 - INFO: Epoch: [2][  0/582]	Time  1.146 ( 1.146)	Loss 9.5122e-02 (9.5122e-02)	Acc pseudo  93.75 ( 93.75)	Lr 1.000e-03 (1.000e-03)
2026-01-15 09:16:34,728 - INFO: Epoch: [2][ 50/582]	Time  0.040 ( 0.054)	Loss 6.4633e-02 (7.8659e-02)	Acc pseudo  96.88 ( 96.84)	Lr 1.000e-03 (1.000e-03)
2026-01-15 09:16:39,427 - INFO: Epoch: [2][100/582]	Time  0.030 ( 0.044)	Loss 1.0766e-01 (9.1497e-02)	Acc pseudo  93.75 ( 96.80)	Lr 1.000e-03 (1.000e-03)
2026-01-15 09:16:44,130 - INFO: Epoch: [2][150/582]	Time  0.038 ( 0.040)	Loss 3.9088e-02 (9.0485e-02)	Acc pseudo  96.88 ( 96.68)	Lr 1.000e-03 (1.000e-03)
2026-01-15 09:16:48,840 - INFO: Epoch: [2][200/582]	Time  0.030 ( 0.038)	Loss 1.8564e-02 (9.0588e-02)	Acc pseudo 100.00 ( 96.65)	Lr 1.000e-03 (1.000e-03)
2026-01-15 09:16:53,542 - INFO: Epoch: [2][250/582]	Time  0.030 ( 0.037)	Loss 5.6503e-02 (8.9516e-02)	Acc pseudo  96.88 ( 96.61)	Lr 1.000e-03 (1.000e-03)
2026-01-15 09:16:58,240 - INFO: Epoch: [2][300/582]	Time  0.029 ( 0.036)	Loss 3.2925e-02 (9.0773e-02)	Acc pseudo  98.44 ( 96.56)	Lr 1.000e-03 (1.000e-03)
2026-01-15 09:17:02,939 - INFO: Epoch: [2][350/582]	Time  0.028 ( 0.035)	Loss 5.6082e-02 (8.8181e-02)	Acc pseudo  95.31 ( 96.64)	Lr 1.000e-03 (1.000e-03)
2026-01-15 09:17:07,639 - INFO: Epoch: [2][400/582]	Time  0.032 ( 0.034)	Loss 8.3324e-02 (8.8179e-02)	Acc pseudo  96.88 ( 96.68)	Lr 1.000e-03 (1.000e-03)
2026-01-15 09:17:12,341 - INFO: Epoch: [2][450/582]	Time  0.041 ( 0.034)	Loss 5.5074e-02 (8.8550e-02)	Acc pseudo  96.88 ( 96.63)	Lr 1.000e-03 (1.000e-03)
2026-01-15 09:17:17,059 - INFO: Epoch: [2][500/582]	Time  0.037 ( 0.034)	Loss 1.3568e-02 (8.7006e-02)	Acc pseudo 100.00 ( 96.69)	Lr 1.000e-03 (1.000e-03)
2026-01-15 09:17:21,766 - INFO: Epoch: [2][550/582]	Time  0.031 ( 0.034)	Loss 6.6024e-02 (8.7614e-02)	Acc pseudo  95.31 ( 96.67)	Lr 1.000e-03 (1.000e-03)
2026-01-15 09:17:24,723 - INFO: Round 9, Face Fine-tune Epoch 2: loss=0.0871, acc(pseudo)=96.67%
2026-01-15 09:18:25,183 - INFO: Round 9, Face Fine-tune Epoch 2: acc(valid_pseudo): 0.9940, acc: 0.8685
2026-01-15 09:18:25,184 - INFO: Round 9, Face Fine-tune Epoch 2: No improvement. Patience(epoch): 1/3
2026-01-15 09:18:25,846 - INFO: Epoch: [3][  0/582]	Time  0.622 ( 0.622)	Loss 1.0391e-01 (1.0391e-01)	Acc pseudo  96.88 ( 96.88)	Lr 1.000e-03 (1.000e-03)
2026-01-15 09:18:30,552 - INFO: Epoch: [3][ 50/582]	Time  0.037 ( 0.043)	Loss 4.8054e-02 (8.2714e-02)	Acc pseudo  98.44 ( 96.94)	Lr 1.000e-03 (1.000e-03)
2026-01-15 09:18:35,264 - INFO: Epoch: [3][100/582]	Time  0.028 ( 0.039)	Loss 1.6162e-01 (8.4316e-02)	Acc pseudo  95.31 ( 96.88)	Lr 1.000e-03 (1.000e-03)
2026-01-15 09:18:39,965 - INFO: Epoch: [3][150/582]	Time  0.028 ( 0.037)	Loss 1.2374e-01 (8.6631e-02)	Acc pseudo  92.19 ( 96.76)	Lr 1.000e-03 (1.000e-03)
2026-01-15 09:18:44,670 - INFO: Epoch: [3][200/582]	Time  0.030 ( 0.036)	Loss 7.0586e-02 (8.5685e-02)	Acc pseudo  98.44 ( 96.87)	Lr 1.000e-03 (1.000e-03)
2026-01-15 09:18:49,372 - INFO: Epoch: [3][250/582]	Time  0.028 ( 0.035)	Loss 2.7847e-02 (8.5501e-02)	Acc pseudo 100.00 ( 96.89)	Lr 1.000e-03 (1.000e-03)
2026-01-15 09:18:54,117 - INFO: Epoch: [3][300/582]	Time  0.042 ( 0.035)	Loss 4.7618e-02 (8.4337e-02)	Acc pseudo  96.88 ( 96.96)	Lr 1.000e-03 (1.000e-03)
2026-01-15 09:18:58,823 - INFO: Epoch: [3][350/582]	Time  0.030 ( 0.035)	Loss 5.5909e-02 (8.4899e-02)	Acc pseudo  96.88 ( 96.95)	Lr 1.000e-03 (1.000e-03)
2026-01-15 09:19:03,528 - INFO: Epoch: [3][400/582]	Time  0.031 ( 0.035)	Loss 2.1527e-01 (8.6722e-02)	Acc pseudo  95.31 ( 96.89)	Lr 1.000e-03 (1.000e-03)
2026-01-15 09:19:08,228 - INFO: Epoch: [3][450/582]	Time  0.028 ( 0.034)	Loss 2.4797e-02 (8.6395e-02)	Acc pseudo  98.44 ( 96.87)	Lr 1.000e-03 (1.000e-03)
2026-01-15 09:19:12,934 - INFO: Epoch: [3][500/582]	Time  0.029 ( 0.034)	Loss 6.6168e-02 (8.5335e-02)	Acc pseudo  95.31 ( 96.93)	Lr 1.000e-03 (1.000e-03)
2026-01-15 09:19:17,636 - INFO: Epoch: [3][550/582]	Time  0.029 ( 0.034)	Loss 7.1091e-02 (8.6654e-02)	Acc pseudo  96.88 ( 96.93)	Lr 1.000e-03 (1.000e-03)
2026-01-15 09:19:20,595 - INFO: Round 9, Face Fine-tune Epoch 3: loss=0.0867, acc(pseudo)=96.88%
2026-01-15 09:20:20,752 - INFO: Round 9, Face Fine-tune Epoch 3: acc(valid_pseudo): 0.9931, acc: 0.8695
2026-01-15 09:20:20,753 - INFO: Round 9, Face Fine-tune Epoch 3: No improvement. Patience(epoch): 2/3
2026-01-15 09:20:21,434 - INFO: Epoch: [4][  0/582]	Time  0.629 ( 0.629)	Loss 5.8242e-02 (5.8242e-02)	Acc pseudo  98.44 ( 98.44)	Lr 1.000e-03 (1.000e-03)
2026-01-15 09:20:26,132 - INFO: Epoch: [4][ 50/582]	Time  0.035 ( 0.043)	Loss 1.2032e-01 (8.1040e-02)	Acc pseudo  95.31 ( 97.06)	Lr 1.000e-03 (1.000e-03)
2026-01-15 09:20:30,835 - INFO: Epoch: [4][100/582]	Time  0.031 ( 0.036)	Loss 6.2933e-02 (7.1568e-02)	Acc pseudo  96.88 ( 97.25)	Lr 1.000e-03 (1.000e-03)
2026-01-15 09:20:35,533 - INFO: Epoch: [4][150/582]	Time  0.030 ( 0.034)	Loss 7.4337e-02 (8.0137e-02)	Acc pseudo  96.88 ( 97.07)	Lr 1.000e-03 (1.000e-03)
2026-01-15 09:20:40,237 - INFO: Epoch: [4][200/582]	Time  0.029 ( 0.034)	Loss 4.6934e-02 (7.8581e-02)	Acc pseudo  98.44 ( 97.08)	Lr 1.000e-03 (1.000e-03)
2026-01-15 09:20:44,939 - INFO: Epoch: [4][250/582]	Time  0.032 ( 0.034)	Loss 6.9151e-02 (7.9374e-02)	Acc pseudo  96.88 ( 97.08)	Lr 1.000e-03 (1.000e-03)
2026-01-15 09:20:49,644 - INFO: Epoch: [4][300/582]	Time  0.029 ( 0.033)	Loss 3.1853e-02 (7.9805e-02)	Acc pseudo  98.44 ( 97.04)	Lr 1.000e-03 (1.000e-03)
2026-01-15 09:20:54,342 - INFO: Epoch: [4][350/582]	Time  0.028 ( 0.032)	Loss 1.9398e-02 (8.0055e-02)	Acc pseudo  98.44 ( 97.04)	Lr 1.000e-03 (1.000e-03)
2026-01-15 09:20:59,075 - INFO: Epoch: [4][400/582]	Time  0.029 ( 0.032)	Loss 5.1024e-02 (7.9936e-02)	Acc pseudo  96.88 ( 96.98)	Lr 1.000e-03 (1.000e-03)
2026-01-15 09:21:03,785 - INFO: Epoch: [4][450/582]	Time  0.031 ( 0.033)	Loss 4.6640e-02 (8.2146e-02)	Acc pseudo  98.44 ( 96.99)	Lr 1.000e-03 (1.000e-03)
2026-01-15 09:21:08,494 - INFO: Epoch: [4][500/582]	Time  0.037 ( 0.033)	Loss 1.1655e-01 (8.3054e-02)	Acc pseudo  98.44 ( 96.89)	Lr 1.000e-03 (1.000e-03)
2026-01-15 09:21:13,197 - INFO: Epoch: [4][550/582]	Time  0.030 ( 0.033)	Loss 1.7312e-02 (8.2625e-02)	Acc pseudo 100.00 ( 96.86)	Lr 1.000e-03 (1.000e-03)
2026-01-15 09:21:16,153 - INFO: Round 9, Face Fine-tune Epoch 4: loss=0.0833, acc(pseudo)=96.86%
2026-01-15 09:22:15,837 - INFO: Round 9, Face Fine-tune Epoch 4: acc(valid_pseudo): 0.9946, acc: 0.8734
2026-01-15 09:22:15,838 - INFO: Round 9, Face Fine-tune Epoch 4: No improvement. Patience(epoch): 3/3
2026-01-15 09:22:15,838 - INFO: Early stopping at face epoch 4
2026-01-15 09:22:15,839 - INFO: Round 9: Best face fine-tuned epoch=1, acc(valid_pseudo)=0.9952
2026-01-15 09:22:16,003 - INFO: Using HMM model from previous round: runs/I love my family/exp_video/result/self_supervised/exp4/round8/pseudo_label/hmm_params.pkl
2026-01-15 10:47:56,951 - INFO: Round 9: speaker_acc=0.8765
2026-01-15 10:47:56,969 - INFO: Round 9: face_acc=0.8666
2026-01-15 10:47:56,973 - INFO: ====================
2026-01-15 10:47:56,973 - INFO: Self-supervised fine-tuning completed!
2026-01-15 10:47:56,973 - INFO: Initial speaker: acc=0.8035
2026-01-15 10:47:56,974 - INFO: Final speaker at round 9: acc=0.8765
2026-01-15 10:47:56,974 - INFO: Speaker improvement: 0.0730 (9.09%)
2026-01-15 10:47:56,974 - INFO: Initial face: acc=0.8617
2026-01-15 10:47:56,974 - INFO: Final face at round 9: acc=0.8666
2026-01-15 10:47:56,974 - INFO: Face improvement: 0.0049 (0.57%)
2026-01-15 10:47:56,974 - INFO: ====================
