2025-12-19 00:31:46,475 - INFO: Starting self-supervised fine-tuning pipeline
2025-12-19 00:31:46,477 - INFO: Device: cuda:0
2025-12-19 00:31:46,480 - INFO: Saved arguments to runs/I love my family/exp_video/result/self_supervised/exp0/args.json
2025-12-19 00:31:46,480 - INFO: ====================
2025-12-19 00:31:46,480 - INFO: Initialization: Initial clustering with HMM correction
2025-12-19 00:31:46,480 - INFO: ====================
2025-12-19 00:31:46,521 - INFO: Skipping initial clustering, using existing results.
2025-12-19 00:32:03,793 - INFO: Initial: acc(valid)=0.8175, acc(test)=0.8038
2025-12-19 00:32:03,809 - INFO: ====================
2025-12-19 00:32:03,810 - INFO: Round 0: Fine-tuning iteration
2025-12-19 00:32:03,810 - INFO: ====================
2025-12-19 00:32:03,819 - INFO: Round 0 Part 1: Fine-tuning embedding model
2025-12-19 00:32:03,821 - INFO: Using pseudo-label file: runs/I love my family/exp_video/result/self_supervised/exp0/initial/pseudo_label/pseudo_labels_audio_nested_hmm_full(unreliable_pp=100.0).json
2025-12-19 00:32:07,332 - INFO: Embedding dimension: 512
2025-12-19 00:32:08,237 - INFO: Saved config_model to runs/I love my family/exp_video/result/self_supervised/exp0/round0/config_model.json
2025-12-19 00:34:57,631 - INFO: Extracting hidden features for all samples,which are outputs of StatsPool layer...
2025-12-19 00:34:57,631 - INFO: args.unfrozen_layers_num=2 is not used when extracting hidden features.
2025-12-19 00:47:02,080 - INFO: Hidden features extracted for 19225 samples
2025-12-19 00:47:02,246 - INFO: Warmup training classifier for 2 epochs...
2025-12-19 00:47:03,015 - INFO: Epoch: [0][  0/301]	Time  0.765 ( 0.765)	Loss 2.6203e+00 (2.6203e+00)	Acc pseudo   9.38 (  9.38)	Lr 1.000e-03 (1.000e-03)
2025-12-19 00:47:03,198 - INFO: Epoch: [0][ 50/301]	Time  0.003 ( 0.018)	Loss 1.5965e+00 (1.8416e+00)	Acc pseudo  54.69 ( 52.48)	Lr 1.000e-03 (1.000e-03)
2025-12-19 00:47:03,373 - INFO: Epoch: [0][100/301]	Time  0.003 ( 0.011)	Loss 1.2134e+00 (1.5140e+00)	Acc pseudo  65.62 ( 61.45)	Lr 1.000e-03 (1.000e-03)
2025-12-19 00:47:03,541 - INFO: Epoch: [0][150/301]	Time  0.003 ( 0.008)	Loss 1.2241e+00 (1.3606e+00)	Acc pseudo  68.75 ( 65.25)	Lr 1.000e-03 (1.000e-03)
2025-12-19 00:47:03,702 - INFO: Epoch: [0][200/301]	Time  0.004 ( 0.007)	Loss 8.5509e-01 (1.2639e+00)	Acc pseudo  81.25 ( 67.30)	Lr 1.000e-03 (1.000e-03)
2025-12-19 00:47:03,885 - INFO: Epoch: [0][250/301]	Time  0.003 ( 0.006)	Loss 1.0669e+00 (1.2078e+00)	Acc pseudo  73.44 ( 68.65)	Lr 1.000e-03 (1.000e-03)
2025-12-19 00:47:04,065 - INFO: Epoch: [0][300/301]	Time  0.006 ( 0.006)	Loss 7.2624e-01 (1.1695e+00)	Acc pseudo  68.00 ( 69.50)	Lr 1.000e-03 (1.000e-03)
2025-12-19 00:47:04,142 - INFO: Round 0, Warmup Epoch 0: loss=1.1695, acc(pseudo)=69.50%
2025-12-19 00:47:04,468 - INFO: Epoch: [1][  0/301]	Time  0.319 ( 0.319)	Loss 1.2085e+00 (1.2085e+00)	Acc pseudo  73.44 ( 73.44)	Lr 1.000e-03 (1.000e-03)
2025-12-19 00:47:04,659 - INFO: Epoch: [1][ 50/301]	Time  0.003 ( 0.010)	Loss 5.6977e-01 (9.2861e-01)	Acc pseudo  81.25 ( 74.60)	Lr 1.000e-03 (1.000e-03)
2025-12-19 00:47:04,853 - INFO: Epoch: [1][100/301]	Time  0.004 ( 0.007)	Loss 6.6917e-01 (9.1457e-01)	Acc pseudo  79.69 ( 74.57)	Lr 1.000e-03 (1.000e-03)
2025-12-19 00:47:05,048 - INFO: Epoch: [1][150/301]	Time  0.004 ( 0.006)	Loss 9.4286e-01 (9.0878e-01)	Acc pseudo  70.31 ( 74.70)	Lr 1.000e-03 (1.000e-03)
2025-12-19 00:47:05,246 - INFO: Epoch: [1][200/301]	Time  0.004 ( 0.005)	Loss 8.7818e-01 (9.1096e-01)	Acc pseudo  76.56 ( 74.81)	Lr 1.000e-03 (1.000e-03)
2025-12-19 00:47:05,416 - INFO: Epoch: [1][250/301]	Time  0.003 ( 0.005)	Loss 7.7430e-01 (9.1114e-01)	Acc pseudo  78.12 ( 74.78)	Lr 1.000e-03 (1.000e-03)
2025-12-19 00:47:05,577 - INFO: Epoch: [1][300/301]	Time  0.002 ( 0.005)	Loss 7.9253e-01 (9.1338e-01)	Acc pseudo  68.00 ( 74.77)	Lr 1.000e-03 (1.000e-03)
2025-12-19 00:47:05,635 - INFO: Round 0, Warmup Epoch 1: loss=0.9134, acc(pseudo)=74.77%
2025-12-19 00:47:05,656 - INFO: Fine-tuning embedding model for 20 epochs...
2025-12-19 00:47:06,616 - INFO: Epoch: [0][  0/301]	Time  0.956 ( 0.956)	Loss 7.8149e-01 (7.8149e-01)	Acc pseudo  75.00 ( 75.00)	Lr 1.000e-03 (1.000e-03)
2025-12-19 00:47:06,861 - INFO: Epoch: [0][ 50/301]	Time  0.005 ( 0.023)	Loss 1.0052e+00 (1.0353e+00)	Acc pseudo  73.44 ( 70.62)	Lr 1.000e-03 (1.000e-03)
2025-12-19 00:47:07,151 - INFO: Epoch: [0][100/301]	Time  0.006 ( 0.015)	Loss 1.2686e+00 (1.0407e+00)	Acc pseudo  70.31 ( 71.07)	Lr 1.000e-03 (1.000e-03)
2025-12-19 00:47:07,409 - INFO: Epoch: [0][150/301]	Time  0.004 ( 0.011)	Loss 7.9906e-01 (1.0345e+00)	Acc pseudo  70.31 ( 71.43)	Lr 1.000e-03 (1.000e-03)
2025-12-19 00:47:07,654 - INFO: Epoch: [0][200/301]	Time  0.005 ( 0.010)	Loss 6.7154e-01 (1.0147e+00)	Acc pseudo  81.25 ( 71.79)	Lr 1.000e-03 (1.000e-03)
2025-12-19 00:47:07,896 - INFO: Epoch: [0][250/301]	Time  0.005 ( 0.009)	Loss 1.1377e+00 (1.0060e+00)	Acc pseudo  79.69 ( 71.89)	Lr 1.000e-03 (1.000e-03)
2025-12-19 00:47:08,135 - INFO: Epoch: [0][300/301]	Time  0.007 ( 0.008)	Loss 1.1751e+00 (1.0019e+00)	Acc pseudo  72.00 ( 71.98)	Lr 1.000e-03 (1.000e-03)
2025-12-19 00:47:08,192 - INFO: Round 0, Fine-tune Epoch 0: loss=1.0019, acc(pseudo)=71.98%
2025-12-19 00:47:15,879 - INFO: Round 0, Fine-tune Epoch 0: acc(valid_pseudo): 0.6552, acc(valid): 0.5375
2025-12-19 00:47:16,631 - INFO: Epoch: [1][  0/301]	Time  0.337 ( 0.337)	Loss 9.1989e-01 (9.1989e-01)	Acc pseudo  71.88 ( 71.88)	Lr 1.000e-03 (1.000e-03)
2025-12-19 00:47:16,846 - INFO: Epoch: [1][ 50/301]	Time  0.005 ( 0.011)	Loss 1.0136e+00 (8.7712e-01)	Acc pseudo  68.75 ( 74.66)	Lr 1.000e-03 (1.000e-03)
2025-12-19 00:47:17,052 - INFO: Epoch: [1][100/301]	Time  0.004 ( 0.007)	Loss 9.6749e-01 (8.8170e-01)	Acc pseudo  70.31 ( 74.60)	Lr 1.000e-03 (1.000e-03)
2025-12-19 00:47:17,254 - INFO: Epoch: [1][150/301]	Time  0.004 ( 0.006)	Loss 8.7576e-01 (8.9291e-01)	Acc pseudo  84.38 ( 74.62)	Lr 1.000e-03 (1.000e-03)
2025-12-19 00:47:17,458 - INFO: Epoch: [1][200/301]	Time  0.004 ( 0.006)	Loss 8.5587e-01 (8.8624e-01)	Acc pseudo  75.00 ( 74.81)	Lr 1.000e-03 (1.000e-03)
2025-12-19 00:47:17,661 - INFO: Epoch: [1][250/301]	Time  0.004 ( 0.005)	Loss 5.6406e-01 (8.7847e-01)	Acc pseudo  79.69 ( 74.99)	Lr 1.000e-03 (1.000e-03)
2025-12-19 00:47:17,846 - INFO: Epoch: [1][300/301]	Time  0.003 ( 0.005)	Loss 1.1201e+00 (8.8442e-01)	Acc pseudo  64.00 ( 74.86)	Lr 1.000e-03 (1.000e-03)
2025-12-19 00:47:17,925 - INFO: Round 0, Fine-tune Epoch 1: loss=0.8844, acc(pseudo)=74.86%
2025-12-19 00:47:25,805 - INFO: Round 0, Fine-tune Epoch 1: acc(valid_pseudo): 0.8672, acc(valid): 0.7900
2025-12-19 00:47:26,283 - INFO: Epoch: [2][  0/301]	Time  0.211 ( 0.211)	Loss 1.1031e+00 (1.1031e+00)	Acc pseudo  67.19 ( 67.19)	Lr 1.000e-03 (1.000e-03)
2025-12-19 00:47:26,498 - INFO: Epoch: [2][ 50/301]	Time  0.004 ( 0.008)	Loss 1.1138e+00 (8.5196e-01)	Acc pseudo  75.00 ( 75.31)	Lr 1.000e-03 (1.000e-03)
2025-12-19 00:47:26,697 - INFO: Epoch: [2][100/301]	Time  0.003 ( 0.006)	Loss 8.8244e-01 (8.6725e-01)	Acc pseudo  68.75 ( 75.02)	Lr 1.000e-03 (1.000e-03)
2025-12-19 00:47:26,903 - INFO: Epoch: [2][150/301]	Time  0.005 ( 0.005)	Loss 8.0403e-01 (8.4504e-01)	Acc pseudo  76.56 ( 75.91)	Lr 1.000e-03 (1.000e-03)
2025-12-19 00:47:27,102 - INFO: Epoch: [2][200/301]	Time  0.004 ( 0.005)	Loss 9.4570e-01 (8.4812e-01)	Acc pseudo  76.56 ( 75.95)	Lr 1.000e-03 (1.000e-03)
2025-12-19 00:47:27,310 - INFO: Epoch: [2][250/301]	Time  0.005 ( 0.005)	Loss 8.0424e-01 (8.3792e-01)	Acc pseudo  79.69 ( 76.04)	Lr 1.000e-03 (1.000e-03)
2025-12-19 00:47:27,553 - INFO: Epoch: [2][300/301]	Time  0.004 ( 0.005)	Loss 4.8467e-01 (8.3015e-01)	Acc pseudo  92.00 ( 76.13)	Lr 1.000e-03 (1.000e-03)
2025-12-19 00:47:27,631 - INFO: Round 0, Fine-tune Epoch 2: loss=0.8302, acc(pseudo)=76.13%
2025-12-19 00:47:35,833 - INFO: Round 0, Fine-tune Epoch 2: acc(valid_pseudo): 0.9330, acc(valid): 0.8000
2025-12-19 00:47:36,345 - INFO: Epoch: [3][  0/301]	Time  0.246 ( 0.246)	Loss 6.1433e-01 (6.1433e-01)	Acc pseudo  78.12 ( 78.12)	Lr 1.000e-03 (1.000e-03)
2025-12-19 00:47:36,565 - INFO: Epoch: [3][ 50/301]	Time  0.004 ( 0.009)	Loss 6.4726e-01 (7.7815e-01)	Acc pseudo  78.12 ( 76.96)	Lr 1.000e-03 (1.000e-03)
2025-12-19 00:47:36,777 - INFO: Epoch: [3][100/301]	Time  0.004 ( 0.007)	Loss 8.7361e-01 (7.7937e-01)	Acc pseudo  78.12 ( 77.17)	Lr 1.000e-03 (1.000e-03)
2025-12-19 00:47:36,970 - INFO: Epoch: [3][150/301]	Time  0.004 ( 0.006)	Loss 4.8522e-01 (7.9814e-01)	Acc pseudo  81.25 ( 76.94)	Lr 1.000e-03 (1.000e-03)
2025-12-19 00:47:37,162 - INFO: Epoch: [3][200/301]	Time  0.004 ( 0.005)	Loss 1.0698e+00 (8.1001e-01)	Acc pseudo  82.81 ( 76.59)	Lr 1.000e-03 (1.000e-03)
2025-12-19 00:47:37,353 - INFO: Epoch: [3][250/301]	Time  0.004 ( 0.005)	Loss 1.0403e+00 (8.0361e-01)	Acc pseudo  78.12 ( 76.62)	Lr 1.000e-03 (1.000e-03)
2025-12-19 00:47:37,547 - INFO: Epoch: [3][300/301]	Time  0.003 ( 0.005)	Loss 1.0317e+00 (8.0786e-01)	Acc pseudo  76.00 ( 76.68)	Lr 1.000e-03 (1.000e-03)
2025-12-19 00:47:37,633 - INFO: Round 0, Fine-tune Epoch 3: loss=0.8079, acc(pseudo)=76.68%
2025-12-19 00:47:45,718 - INFO: Round 0, Fine-tune Epoch 3: acc(valid_pseudo): 0.8213, acc(valid): 0.6500
2025-12-19 00:47:45,719 - INFO: Round 0, Fine-tune Epoch 3: No improvement in validation accuracy. Patience(epoch): 1/5
2025-12-19 00:47:45,936 - INFO: Epoch: [4][  0/301]	Time  0.211 ( 0.211)	Loss 9.5476e-01 (9.5476e-01)	Acc pseudo  67.19 ( 67.19)	Lr 1.000e-03 (1.000e-03)
2025-12-19 00:47:46,180 - INFO: Epoch: [4][ 50/301]	Time  0.007 ( 0.009)	Loss 5.6125e-01 (7.6369e-01)	Acc pseudo  79.69 ( 78.25)	Lr 1.000e-03 (1.000e-03)
2025-12-19 00:47:46,461 - INFO: Epoch: [4][100/301]	Time  0.005 ( 0.007)	Loss 1.2017e+00 (7.6595e-01)	Acc pseudo  78.12 ( 77.77)	Lr 1.000e-03 (1.000e-03)
2025-12-19 00:47:46,733 - INFO: Epoch: [4][150/301]	Time  0.005 ( 0.007)	Loss 8.0097e-01 (7.7098e-01)	Acc pseudo  82.81 ( 77.62)	Lr 1.000e-03 (1.000e-03)
2025-12-19 00:47:46,962 - INFO: Epoch: [4][200/301]	Time  0.004 ( 0.006)	Loss 1.2925e+00 (7.6738e-01)	Acc pseudo  60.94 ( 77.52)	Lr 1.000e-03 (1.000e-03)
2025-12-19 00:47:47,181 - INFO: Epoch: [4][250/301]	Time  0.004 ( 0.006)	Loss 1.0144e+00 (7.7472e-01)	Acc pseudo  68.75 ( 77.51)	Lr 1.000e-03 (1.000e-03)
2025-12-19 00:47:47,396 - INFO: Epoch: [4][300/301]	Time  0.003 ( 0.005)	Loss 5.4872e-01 (7.7974e-01)	Acc pseudo  80.00 ( 77.44)	Lr 1.000e-03 (1.000e-03)
2025-12-19 00:47:47,454 - INFO: Round 0, Fine-tune Epoch 4: loss=0.7797, acc(pseudo)=77.44%
2025-12-19 00:47:54,346 - INFO: Round 0, Fine-tune Epoch 4: acc(valid_pseudo): 0.9468, acc(valid): 0.7950
2025-12-19 00:47:55,369 - INFO: Epoch: [5][  0/301]	Time  0.312 ( 0.312)	Loss 8.8930e-01 (8.8930e-01)	Acc pseudo  79.69 ( 79.69)	Lr 1.000e-03 (1.000e-03)
2025-12-19 00:47:55,618 - INFO: Epoch: [5][ 50/301]	Time  0.004 ( 0.011)	Loss 4.3634e-01 (7.5914e-01)	Acc pseudo  85.94 ( 78.03)	Lr 1.000e-03 (1.000e-03)
2025-12-19 00:47:55,824 - INFO: Epoch: [5][100/301]	Time  0.005 ( 0.007)	Loss 6.2205e-01 (7.4742e-01)	Acc pseudo  81.25 ( 77.92)	Lr 1.000e-03 (1.000e-03)
2025-12-19 00:47:56,063 - INFO: Epoch: [5][150/301]	Time  0.005 ( 0.007)	Loss 8.1434e-01 (7.5483e-01)	Acc pseudo  75.00 ( 77.69)	Lr 1.000e-03 (1.000e-03)
2025-12-19 00:47:56,300 - INFO: Epoch: [5][200/301]	Time  0.005 ( 0.006)	Loss 9.6819e-01 (7.5871e-01)	Acc pseudo  79.69 ( 77.55)	Lr 1.000e-03 (1.000e-03)
2025-12-19 00:47:56,535 - INFO: Epoch: [5][250/301]	Time  0.004 ( 0.006)	Loss 9.1679e-01 (7.6370e-01)	Acc pseudo  71.88 ( 77.53)	Lr 1.000e-03 (1.000e-03)
2025-12-19 00:47:56,759 - INFO: Epoch: [5][300/301]	Time  0.004 ( 0.006)	Loss 6.1145e-01 (7.5531e-01)	Acc pseudo  84.00 ( 77.88)	Lr 1.000e-03 (1.000e-03)
2025-12-19 00:47:56,823 - INFO: Round 0, Fine-tune Epoch 5: loss=0.7553, acc(pseudo)=77.88%
2025-12-19 00:48:04,961 - INFO: Round 0, Fine-tune Epoch 5: acc(valid_pseudo): 0.9149, acc(valid): 0.7650
2025-12-19 00:48:04,961 - INFO: Round 0, Fine-tune Epoch 5: No improvement in validation accuracy. Patience(epoch): 1/5
2025-12-19 00:48:05,225 - INFO: Epoch: [6][  0/301]	Time  0.259 ( 0.259)	Loss 6.2600e-01 (6.2600e-01)	Acc pseudo  82.81 ( 82.81)	Lr 1.000e-03 (1.000e-03)
2025-12-19 00:48:05,435 - INFO: Epoch: [6][ 50/301]	Time  0.004 ( 0.009)	Loss 6.5407e-01 (6.5943e-01)	Acc pseudo  90.62 ( 80.12)	Lr 1.000e-03 (1.000e-03)
2025-12-19 00:48:05,636 - INFO: Epoch: [6][100/301]	Time  0.004 ( 0.007)	Loss 9.7714e-01 (7.1425e-01)	Acc pseudo  73.44 ( 78.79)	Lr 1.000e-03 (1.000e-03)
2025-12-19 00:48:05,831 - INFO: Epoch: [6][150/301]	Time  0.004 ( 0.006)	Loss 8.3815e-01 (7.2457e-01)	Acc pseudo  79.69 ( 78.69)	Lr 1.000e-03 (1.000e-03)
2025-12-19 00:48:06,033 - INFO: Epoch: [6][200/301]	Time  0.004 ( 0.005)	Loss 5.1311e-01 (7.3799e-01)	Acc pseudo  84.38 ( 78.35)	Lr 1.000e-03 (1.000e-03)
2025-12-19 00:48:06,228 - INFO: Epoch: [6][250/301]	Time  0.004 ( 0.005)	Loss 7.0526e-01 (7.4287e-01)	Acc pseudo  76.56 ( 78.02)	Lr 1.000e-03 (1.000e-03)
2025-12-19 00:48:06,417 - INFO: Epoch: [6][300/301]	Time  0.003 ( 0.005)	Loss 7.2305e-01 (7.4204e-01)	Acc pseudo  80.00 ( 78.02)	Lr 1.000e-03 (1.000e-03)
2025-12-19 00:48:06,475 - INFO: Round 0, Fine-tune Epoch 6: loss=0.7420, acc(pseudo)=78.02%
2025-12-19 00:48:13,378 - INFO: Round 0, Fine-tune Epoch 6: acc(valid_pseudo): 0.9193, acc(valid): 0.7875
2025-12-19 00:48:13,379 - INFO: Round 0, Fine-tune Epoch 6: No improvement in validation accuracy. Patience(epoch): 2/5
2025-12-19 00:48:13,692 - INFO: Epoch: [7][  0/301]	Time  0.306 ( 0.306)	Loss 4.6196e-01 (4.6196e-01)	Acc pseudo  84.38 ( 84.38)	Lr 1.000e-03 (1.000e-03)
2025-12-19 00:48:13,906 - INFO: Epoch: [7][ 50/301]	Time  0.003 ( 0.010)	Loss 1.2074e+00 (6.6186e-01)	Acc pseudo  70.31 ( 80.30)	Lr 1.000e-03 (1.000e-03)
2025-12-19 00:48:14,106 - INFO: Epoch: [7][100/301]	Time  0.004 ( 0.007)	Loss 6.8915e-01 (6.9621e-01)	Acc pseudo  78.12 ( 79.42)	Lr 1.000e-03 (1.000e-03)
2025-12-19 00:48:14,303 - INFO: Epoch: [7][150/301]	Time  0.004 ( 0.006)	Loss 5.9502e-01 (7.1048e-01)	Acc pseudo  82.81 ( 78.86)	Lr 1.000e-03 (1.000e-03)
2025-12-19 00:48:14,490 - INFO: Epoch: [7][200/301]	Time  0.003 ( 0.005)	Loss 6.1728e-01 (7.1188e-01)	Acc pseudo  79.69 ( 78.86)	Lr 1.000e-03 (1.000e-03)
2025-12-19 00:48:14,680 - INFO: Epoch: [7][250/301]	Time  0.003 ( 0.005)	Loss 7.4918e-01 (7.1264e-01)	Acc pseudo  79.69 ( 78.78)	Lr 1.000e-03 (1.000e-03)
2025-12-19 00:48:14,856 - INFO: Epoch: [7][300/301]	Time  0.002 ( 0.005)	Loss 6.4681e-01 (7.2648e-01)	Acc pseudo  72.00 ( 78.41)	Lr 1.000e-03 (1.000e-03)
2025-12-19 00:48:14,934 - INFO: Round 0, Fine-tune Epoch 7: loss=0.7265, acc(pseudo)=78.41%
2025-12-19 00:48:22,876 - INFO: Round 0, Fine-tune Epoch 7: acc(valid_pseudo): 0.9190, acc(valid): 0.7675
2025-12-19 00:48:22,876 - INFO: Round 0, Fine-tune Epoch 7: No improvement in validation accuracy. Patience(epoch): 3/5
2025-12-19 00:48:23,195 - INFO: Epoch: [8][  0/301]	Time  0.312 ( 0.312)	Loss 6.2937e-01 (6.2937e-01)	Acc pseudo  84.38 ( 84.38)	Lr 1.000e-03 (1.000e-03)
2025-12-19 00:48:23,447 - INFO: Epoch: [8][ 50/301]	Time  0.004 ( 0.011)	Loss 5.5392e-01 (6.5760e-01)	Acc pseudo  85.94 ( 78.95)	Lr 1.000e-03 (1.000e-03)
2025-12-19 00:48:23,686 - INFO: Epoch: [8][100/301]	Time  0.005 ( 0.008)	Loss 6.9335e-01 (6.8740e-01)	Acc pseudo  79.69 ( 78.99)	Lr 1.000e-03 (1.000e-03)
2025-12-19 00:48:23,918 - INFO: Epoch: [8][150/301]	Time  0.005 ( 0.007)	Loss 6.6038e-01 (6.9078e-01)	Acc pseudo  76.56 ( 79.12)	Lr 1.000e-03 (1.000e-03)
2025-12-19 00:48:24,151 - INFO: Epoch: [8][200/301]	Time  0.005 ( 0.006)	Loss 6.1006e-01 (7.0448e-01)	Acc pseudo  82.81 ( 78.77)	Lr 1.000e-03 (1.000e-03)
2025-12-19 00:48:24,389 - INFO: Epoch: [8][250/301]	Time  0.004 ( 0.006)	Loss 6.7013e-01 (7.1282e-01)	Acc pseudo  81.25 ( 78.53)	Lr 1.000e-03 (1.000e-03)
2025-12-19 00:48:24,623 - INFO: Epoch: [8][300/301]	Time  0.003 ( 0.006)	Loss 3.0820e-01 (7.1058e-01)	Acc pseudo  92.00 ( 78.49)	Lr 1.000e-03 (1.000e-03)
2025-12-19 00:48:24,702 - INFO: Round 0, Fine-tune Epoch 8: loss=0.7106, acc(pseudo)=78.49%
2025-12-19 00:48:33,664 - INFO: Round 0, Fine-tune Epoch 8: acc(valid_pseudo): 0.9330, acc(valid): 0.7325
2025-12-19 00:48:33,664 - INFO: Round 0, Fine-tune Epoch 8: No improvement in validation accuracy. Patience(epoch): 4/5
2025-12-19 00:48:33,979 - INFO: Epoch: [9][  0/301]	Time  0.307 ( 0.307)	Loss 6.2029e-01 (6.2029e-01)	Acc pseudo  79.69 ( 79.69)	Lr 1.000e-03 (1.000e-03)
2025-12-19 00:48:34,222 - INFO: Epoch: [9][ 50/301]	Time  0.005 ( 0.011)	Loss 6.5742e-01 (6.7469e-01)	Acc pseudo  78.12 ( 78.86)	Lr 1.000e-03 (1.000e-03)
2025-12-19 00:48:34,460 - INFO: Epoch: [9][100/301]	Time  0.005 ( 0.008)	Loss 5.7172e-01 (6.8377e-01)	Acc pseudo  84.38 ( 78.87)	Lr 1.000e-03 (1.000e-03)
2025-12-19 00:48:34,696 - INFO: Epoch: [9][150/301]	Time  0.005 ( 0.007)	Loss 7.5841e-01 (6.9431e-01)	Acc pseudo  78.12 ( 78.63)	Lr 1.000e-03 (1.000e-03)
2025-12-19 00:48:34,929 - INFO: Epoch: [9][200/301]	Time  0.005 ( 0.006)	Loss 6.4381e-01 (6.9731e-01)	Acc pseudo  82.81 ( 78.42)	Lr 1.000e-03 (1.000e-03)
2025-12-19 00:48:35,159 - INFO: Epoch: [9][250/301]	Time  0.004 ( 0.006)	Loss 9.6793e-01 (6.9964e-01)	Acc pseudo  71.88 ( 78.45)	Lr 1.000e-03 (1.000e-03)
2025-12-19 00:48:35,381 - INFO: Epoch: [9][300/301]	Time  0.004 ( 0.006)	Loss 6.6914e-01 (7.0136e-01)	Acc pseudo  76.00 ( 78.46)	Lr 1.000e-03 (1.000e-03)
2025-12-19 00:48:35,441 - INFO: Round 0, Fine-tune Epoch 9: loss=0.7014, acc(pseudo)=78.46%
2025-12-19 00:48:42,947 - INFO: Round 0, Fine-tune Epoch 9: acc(valid_pseudo): 0.9564, acc(valid): 0.7950
2025-12-19 00:48:43,444 - INFO: Epoch: [10][  0/301]	Time  0.212 ( 0.212)	Loss 5.5435e-01 (5.5435e-01)	Acc pseudo  81.25 ( 81.25)	Lr 1.000e-03 (1.000e-03)
2025-12-19 00:48:43,680 - INFO: Epoch: [10][ 50/301]	Time  0.003 ( 0.009)	Loss 4.8109e-01 (7.0330e-01)	Acc pseudo  81.25 ( 78.68)	Lr 1.000e-03 (1.000e-03)
2025-12-19 00:48:43,894 - INFO: Epoch: [10][100/301]	Time  0.004 ( 0.006)	Loss 5.9467e-01 (6.8122e-01)	Acc pseudo  84.38 ( 79.30)	Lr 1.000e-03 (1.000e-03)
2025-12-19 00:48:44,107 - INFO: Epoch: [10][150/301]	Time  0.005 ( 0.006)	Loss 4.9249e-01 (6.7955e-01)	Acc pseudo  82.81 ( 79.29)	Lr 1.000e-03 (1.000e-03)
2025-12-19 00:48:44,357 - INFO: Epoch: [10][200/301]	Time  0.005 ( 0.005)	Loss 6.6818e-01 (6.8029e-01)	Acc pseudo  79.69 ( 79.10)	Lr 1.000e-03 (1.000e-03)
2025-12-19 00:48:44,601 - INFO: Epoch: [10][250/301]	Time  0.004 ( 0.005)	Loss 6.0357e-01 (6.8547e-01)	Acc pseudo  79.69 ( 78.93)	Lr 1.000e-03 (1.000e-03)
2025-12-19 00:48:44,834 - INFO: Epoch: [10][300/301]	Time  0.004 ( 0.005)	Loss 6.6903e-01 (6.9005e-01)	Acc pseudo  72.00 ( 78.80)	Lr 1.000e-03 (1.000e-03)
2025-12-19 00:48:44,908 - INFO: Round 0, Fine-tune Epoch 10: loss=0.6900, acc(pseudo)=78.80%
2025-12-19 00:48:52,951 - INFO: Round 0, Fine-tune Epoch 10: acc(valid_pseudo): 0.8713, acc(valid): 0.7300
2025-12-19 00:48:52,951 - INFO: Round 0, Fine-tune Epoch 10: No improvement in validation accuracy. Patience(epoch): 1/5
2025-12-19 00:48:53,170 - INFO: Epoch: [11][  0/301]	Time  0.214 ( 0.214)	Loss 5.4981e-01 (5.4981e-01)	Acc pseudo  82.81 ( 82.81)	Lr 1.000e-03 (1.000e-03)
2025-12-19 00:48:53,391 - INFO: Epoch: [11][ 50/301]	Time  0.005 ( 0.008)	Loss 5.9609e-01 (6.2080e-01)	Acc pseudo  84.38 ( 80.73)	Lr 1.000e-03 (1.000e-03)
2025-12-19 00:48:53,603 - INFO: Epoch: [11][100/301]	Time  0.004 ( 0.006)	Loss 6.6579e-01 (6.5690e-01)	Acc pseudo  84.38 ( 79.84)	Lr 1.000e-03 (1.000e-03)
2025-12-19 00:48:53,818 - INFO: Epoch: [11][150/301]	Time  0.004 ( 0.006)	Loss 1.0997e+00 (6.6767e-01)	Acc pseudo  67.19 ( 79.38)	Lr 1.000e-03 (1.000e-03)
2025-12-19 00:48:54,048 - INFO: Epoch: [11][200/301]	Time  0.004 ( 0.005)	Loss 9.5343e-01 (6.7702e-01)	Acc pseudo  62.50 ( 79.27)	Lr 1.000e-03 (1.000e-03)
2025-12-19 00:48:54,280 - INFO: Epoch: [11][250/301]	Time  0.005 ( 0.005)	Loss 7.9580e-01 (6.8412e-01)	Acc pseudo  73.44 ( 78.90)	Lr 1.000e-03 (1.000e-03)
2025-12-19 00:48:54,503 - INFO: Epoch: [11][300/301]	Time  0.004 ( 0.005)	Loss 5.0496e-01 (6.8634e-01)	Acc pseudo  88.00 ( 78.76)	Lr 1.000e-03 (1.000e-03)
2025-12-19 00:48:54,588 - INFO: Round 0, Fine-tune Epoch 11: loss=0.6863, acc(pseudo)=78.76%
2025-12-19 00:49:02,249 - INFO: Round 0, Fine-tune Epoch 11: acc(valid_pseudo): 0.8546, acc(valid): 0.7300
2025-12-19 00:49:02,249 - INFO: Round 0, Fine-tune Epoch 11: No improvement in validation accuracy. Patience(epoch): 2/5
2025-12-19 00:49:02,588 - INFO: Epoch: [12][  0/301]	Time  0.330 ( 0.330)	Loss 7.3836e-01 (7.3836e-01)	Acc pseudo  75.00 ( 75.00)	Lr 1.000e-03 (1.000e-03)
2025-12-19 00:49:02,856 - INFO: Epoch: [12][ 50/301]	Time  0.005 ( 0.012)	Loss 8.5262e-01 (6.5081e-01)	Acc pseudo  68.75 ( 78.95)	Lr 1.000e-03 (1.000e-03)
2025-12-19 00:49:03,103 - INFO: Epoch: [12][100/301]	Time  0.005 ( 0.008)	Loss 7.5017e-01 (6.4764e-01)	Acc pseudo  76.56 ( 79.15)	Lr 1.000e-03 (1.000e-03)
2025-12-19 00:49:03,348 - INFO: Epoch: [12][150/301]	Time  0.005 ( 0.007)	Loss 5.3045e-01 (6.5138e-01)	Acc pseudo  78.12 ( 79.14)	Lr 1.000e-03 (1.000e-03)
2025-12-19 00:49:03,588 - INFO: Epoch: [12][200/301]	Time  0.005 ( 0.007)	Loss 5.1713e-01 (6.5794e-01)	Acc pseudo  84.38 ( 79.19)	Lr 1.000e-03 (1.000e-03)
2025-12-19 00:49:03,827 - INFO: Epoch: [12][250/301]	Time  0.005 ( 0.006)	Loss 4.4812e-01 (6.6471e-01)	Acc pseudo  84.38 ( 79.03)	Lr 1.000e-03 (1.000e-03)
2025-12-19 00:49:04,003 - INFO: Epoch: [12][300/301]	Time  0.002 ( 0.006)	Loss 3.5242e-01 (6.6635e-01)	Acc pseudo  88.00 ( 79.11)	Lr 1.000e-03 (1.000e-03)
2025-12-19 00:49:04,069 - INFO: Round 0, Fine-tune Epoch 12: loss=0.6664, acc(pseudo)=79.11%
2025-12-19 00:49:11,286 - INFO: Round 0, Fine-tune Epoch 12: acc(valid_pseudo): 0.9137, acc(valid): 0.7575
2025-12-19 00:49:11,287 - INFO: Round 0, Fine-tune Epoch 12: No improvement in validation accuracy. Patience(epoch): 3/5
2025-12-19 00:49:11,503 - INFO: Epoch: [13][  0/301]	Time  0.211 ( 0.211)	Loss 7.0713e-01 (7.0713e-01)	Acc pseudo  78.12 ( 78.12)	Lr 1.000e-03 (1.000e-03)
2025-12-19 00:49:11,712 - INFO: Epoch: [13][ 50/301]	Time  0.004 ( 0.008)	Loss 5.6782e-01 (6.5437e-01)	Acc pseudo  78.12 ( 79.47)	Lr 1.000e-03 (1.000e-03)
2025-12-19 00:49:11,900 - INFO: Epoch: [13][100/301]	Time  0.003 ( 0.006)	Loss 5.9750e-01 (6.7100e-01)	Acc pseudo  85.94 ( 79.22)	Lr 1.000e-03 (1.000e-03)
2025-12-19 00:49:12,078 - INFO: Epoch: [13][150/301]	Time  0.004 ( 0.005)	Loss 5.5784e-01 (6.6439e-01)	Acc pseudo  81.25 ( 79.13)	Lr 1.000e-03 (1.000e-03)
2025-12-19 00:49:12,259 - INFO: Epoch: [13][200/301]	Time  0.004 ( 0.005)	Loss 8.0094e-01 (6.6641e-01)	Acc pseudo  73.44 ( 79.17)	Lr 1.000e-03 (1.000e-03)
2025-12-19 00:49:12,459 - INFO: Epoch: [13][250/301]	Time  0.004 ( 0.005)	Loss 6.7588e-01 (6.6901e-01)	Acc pseudo  75.00 ( 79.03)	Lr 1.000e-03 (1.000e-03)
2025-12-19 00:49:12,655 - INFO: Epoch: [13][300/301]	Time  0.002 ( 0.004)	Loss 6.3595e-01 (6.7182e-01)	Acc pseudo  72.00 ( 79.00)	Lr 1.000e-03 (1.000e-03)
2025-12-19 00:49:12,740 - INFO: Round 0, Fine-tune Epoch 13: loss=0.6718, acc(pseudo)=79.00%
2025-12-19 00:49:20,702 - INFO: Round 0, Fine-tune Epoch 13: acc(valid_pseudo): 0.9550, acc(valid): 0.8025
2025-12-19 00:49:20,703 - INFO: Round 0, Fine-tune Epoch 13: No improvement in validation accuracy. Patience(epoch): 4/5
2025-12-19 00:49:21,020 - INFO: Epoch: [14][  0/301]	Time  0.309 ( 0.309)	Loss 5.2918e-01 (5.2918e-01)	Acc pseudo  76.56 ( 76.56)	Lr 1.000e-03 (1.000e-03)
2025-12-19 00:49:21,256 - INFO: Epoch: [14][ 50/301]	Time  0.004 ( 0.011)	Loss 7.6540e-01 (6.3029e-01)	Acc pseudo  73.44 ( 79.60)	Lr 1.000e-03 (1.000e-03)
2025-12-19 00:49:21,483 - INFO: Epoch: [14][100/301]	Time  0.004 ( 0.008)	Loss 5.2817e-01 (6.3914e-01)	Acc pseudo  79.69 ( 79.38)	Lr 1.000e-03 (1.000e-03)
2025-12-19 00:49:21,705 - INFO: Epoch: [14][150/301]	Time  0.005 ( 0.006)	Loss 4.0702e-01 (6.4396e-01)	Acc pseudo  85.94 ( 79.40)	Lr 1.000e-03 (1.000e-03)
2025-12-19 00:49:21,937 - INFO: Epoch: [14][200/301]	Time  0.004 ( 0.006)	Loss 4.6126e-01 (6.5246e-01)	Acc pseudo  84.38 ( 79.28)	Lr 1.000e-03 (1.000e-03)
2025-12-19 00:49:22,176 - INFO: Epoch: [14][250/301]	Time  0.005 ( 0.006)	Loss 9.7002e-01 (6.5425e-01)	Acc pseudo  70.31 ( 79.16)	Lr 1.000e-03 (1.000e-03)
2025-12-19 00:49:22,402 - INFO: Epoch: [14][300/301]	Time  0.003 ( 0.006)	Loss 7.3666e-01 (6.6423e-01)	Acc pseudo  68.00 ( 79.01)	Lr 1.000e-03 (1.000e-03)
2025-12-19 00:49:22,479 - INFO: Round 0, Fine-tune Epoch 14: loss=0.6642, acc(pseudo)=79.01%
2025-12-19 00:49:29,992 - INFO: Round 0, Fine-tune Epoch 14: acc(valid_pseudo): 0.8903, acc(valid): 0.7475
2025-12-19 00:49:29,993 - INFO: Round 0, Fine-tune Epoch 14: No improvement in validation accuracy. Patience(epoch): 5/5
2025-12-19 00:49:29,993 - INFO: Early stopping at epoch 14 due to no improvement in validation accuracy for 5 epochs.
2025-12-19 00:49:29,994 - INFO: Round 0: Best fine-tuned epoch=9, acc(valid_pseudo)=0.9564
2025-12-19 00:49:30,054 - INFO: Using HMM model from previous round: runs/I love my family/exp_video/result/self_supervised/exp0/initial/pseudo_label/hmm_params.pkl
2025-12-19 01:47:44,610 - INFO: Round 0: acc(valid)=0.8325, acc(test)=0.8094
2025-12-19 01:47:44,737 - INFO: New best acc(valid) at round 0: acc(valid)=0.8325, acc(test)=0.8094
2025-12-19 01:47:44,742 - INFO: ====================
2025-12-19 01:47:44,742 - INFO: Round 1: Fine-tuning iteration
2025-12-19 01:47:44,742 - INFO: ====================
2025-12-19 01:47:44,758 - INFO: Round 1 Part 1: Fine-tuning embedding model
2025-12-19 01:47:44,760 - INFO: Using pseudo-label file: runs/I love my family/exp_video/result/self_supervised/exp0/round0/pseudo_label/pseudo_labels_audio_nested_hmm_full(unreliable_pp=100.0).json
2025-12-19 01:47:44,977 - INFO: Fine-tuning embedding model for 20 epochs...
2025-12-19 01:47:45,807 - INFO: Epoch: [0][  0/301]	Time  0.776 ( 0.776)	Loss 9.3015e-01 (9.3015e-01)	Acc pseudo  71.88 ( 71.88)	Lr 1.000e-03 (1.000e-03)
2025-12-19 01:47:46,058 - INFO: Epoch: [0][ 50/301]	Time  0.005 ( 0.020)	Loss 9.9212e-01 (6.5110e-01)	Acc pseudo  71.88 ( 81.07)	Lr 1.000e-03 (1.000e-03)
2025-12-19 01:47:46,309 - INFO: Epoch: [0][100/301]	Time  0.005 ( 0.013)	Loss 5.7061e-01 (6.6623e-01)	Acc pseudo  82.81 ( 80.60)	Lr 1.000e-03 (1.000e-03)
2025-12-19 01:47:46,548 - INFO: Epoch: [0][150/301]	Time  0.004 ( 0.010)	Loss 7.0288e-01 (6.6706e-01)	Acc pseudo  73.44 ( 80.75)	Lr 1.000e-03 (1.000e-03)
2025-12-19 01:47:46,749 - INFO: Epoch: [0][200/301]	Time  0.004 ( 0.008)	Loss 6.0384e-01 (6.5970e-01)	Acc pseudo  85.94 ( 80.75)	Lr 1.000e-03 (1.000e-03)
2025-12-19 01:47:46,961 - INFO: Epoch: [0][250/301]	Time  0.004 ( 0.008)	Loss 7.9179e-01 (6.7432e-01)	Acc pseudo  76.56 ( 80.78)	Lr 1.000e-03 (1.000e-03)
2025-12-19 01:47:47,156 - INFO: Epoch: [0][300/301]	Time  0.003 ( 0.007)	Loss 4.2446e-01 (6.6455e-01)	Acc pseudo  84.00 ( 80.92)	Lr 1.000e-03 (1.000e-03)
2025-12-19 01:47:47,237 - INFO: Round 1, Fine-tune Epoch 0: loss=0.6646, acc(pseudo)=80.92%
2025-12-19 01:47:54,496 - INFO: Round 1, Fine-tune Epoch 0: acc(valid_pseudo): 0.9339, acc(valid): 0.7800
2025-12-19 01:47:55,226 - INFO: Epoch: [1][  0/301]	Time  0.302 ( 0.302)	Loss 1.1006e+00 (1.1006e+00)	Acc pseudo  78.12 ( 78.12)	Lr 1.000e-03 (1.000e-03)
2025-12-19 01:47:55,470 - INFO: Epoch: [1][ 50/301]	Time  0.004 ( 0.011)	Loss 4.5668e-01 (6.7668e-01)	Acc pseudo  84.38 ( 81.10)	Lr 1.000e-03 (1.000e-03)
2025-12-19 01:47:55,709 - INFO: Epoch: [1][100/301]	Time  0.005 ( 0.008)	Loss 3.6904e-01 (6.2229e-01)	Acc pseudo  89.06 ( 81.99)	Lr 1.000e-03 (1.000e-03)
2025-12-19 01:47:55,951 - INFO: Epoch: [1][150/301]	Time  0.005 ( 0.007)	Loss 6.1737e-01 (6.0820e-01)	Acc pseudo  78.12 ( 82.28)	Lr 1.000e-03 (1.000e-03)
2025-12-19 01:47:56,198 - INFO: Epoch: [1][200/301]	Time  0.005 ( 0.006)	Loss 8.2663e-01 (6.1369e-01)	Acc pseudo  84.38 ( 82.42)	Lr 1.000e-03 (1.000e-03)
2025-12-19 01:47:56,436 - INFO: Epoch: [1][250/301]	Time  0.004 ( 0.006)	Loss 6.8573e-01 (6.1482e-01)	Acc pseudo  82.81 ( 82.34)	Lr 1.000e-03 (1.000e-03)
2025-12-19 01:47:56,666 - INFO: Epoch: [1][300/301]	Time  0.003 ( 0.006)	Loss 5.2565e-01 (6.1548e-01)	Acc pseudo  80.00 ( 82.29)	Lr 1.000e-03 (1.000e-03)
2025-12-19 01:47:56,751 - INFO: Round 1, Fine-tune Epoch 1: loss=0.6155, acc(pseudo)=82.29%
2025-12-19 01:48:06,157 - INFO: Round 1, Fine-tune Epoch 1: acc(valid_pseudo): 0.9137, acc(valid): 0.7800
2025-12-19 01:48:06,158 - INFO: Round 1, Fine-tune Epoch 1: No improvement in validation accuracy. Patience(epoch): 1/5
2025-12-19 01:48:06,469 - INFO: Epoch: [2][  0/301]	Time  0.304 ( 0.304)	Loss 4.0968e-01 (4.0968e-01)	Acc pseudo  85.94 ( 85.94)	Lr 1.000e-03 (1.000e-03)
2025-12-19 01:48:06,694 - INFO: Epoch: [2][ 50/301]	Time  0.004 ( 0.010)	Loss 3.3531e-01 (5.9786e-01)	Acc pseudo  90.62 ( 82.17)	Lr 1.000e-03 (1.000e-03)
2025-12-19 01:48:06,978 - INFO: Epoch: [2][100/301]	Time  0.006 ( 0.008)	Loss 6.4350e-01 (5.8799e-01)	Acc pseudo  78.12 ( 82.66)	Lr 1.000e-03 (1.000e-03)
2025-12-19 01:48:07,272 - INFO: Epoch: [2][150/301]	Time  0.005 ( 0.007)	Loss 5.5833e-01 (5.9192e-01)	Acc pseudo  87.50 ( 82.44)	Lr 1.000e-03 (1.000e-03)
2025-12-19 01:48:07,553 - INFO: Epoch: [2][200/301]	Time  0.006 ( 0.007)	Loss 2.4306e-01 (5.7648e-01)	Acc pseudo  90.62 ( 82.98)	Lr 1.000e-03 (1.000e-03)
2025-12-19 01:48:07,809 - INFO: Epoch: [2][250/301]	Time  0.005 ( 0.006)	Loss 5.7758e-01 (5.8399e-01)	Acc pseudo  82.81 ( 82.76)	Lr 1.000e-03 (1.000e-03)
2025-12-19 01:48:08,050 - INFO: Epoch: [2][300/301]	Time  0.003 ( 0.006)	Loss 3.8015e-01 (5.9098e-01)	Acc pseudo  88.00 ( 82.53)	Lr 1.000e-03 (1.000e-03)
2025-12-19 01:48:08,136 - INFO: Round 1, Fine-tune Epoch 2: loss=0.5910, acc(pseudo)=82.53%
2025-12-19 01:48:15,501 - INFO: Round 1, Fine-tune Epoch 2: acc(valid_pseudo): 0.9479, acc(valid): 0.7925
2025-12-19 01:48:16,489 - INFO: Epoch: [3][  0/301]	Time  0.303 ( 0.303)	Loss 5.3440e-01 (5.3440e-01)	Acc pseudo  78.12 ( 78.12)	Lr 1.000e-03 (1.000e-03)
2025-12-19 01:48:16,724 - INFO: Epoch: [3][ 50/301]	Time  0.004 ( 0.010)	Loss 5.9361e-01 (5.5914e-01)	Acc pseudo  79.69 ( 82.94)	Lr 1.000e-03 (1.000e-03)
2025-12-19 01:48:16,953 - INFO: Epoch: [3][100/301]	Time  0.004 ( 0.007)	Loss 3.1557e-01 (5.5029e-01)	Acc pseudo  89.06 ( 83.32)	Lr 1.000e-03 (1.000e-03)
2025-12-19 01:48:17,183 - INFO: Epoch: [3][150/301]	Time  0.005 ( 0.006)	Loss 5.9042e-01 (5.6245e-01)	Acc pseudo  81.25 ( 83.07)	Lr 1.000e-03 (1.000e-03)
2025-12-19 01:48:17,404 - INFO: Epoch: [3][200/301]	Time  0.004 ( 0.006)	Loss 7.5065e-01 (5.6772e-01)	Acc pseudo  90.62 ( 83.12)	Lr 1.000e-03 (1.000e-03)
2025-12-19 01:48:17,628 - INFO: Epoch: [3][250/301]	Time  0.005 ( 0.006)	Loss 7.7752e-01 (5.6971e-01)	Acc pseudo  79.69 ( 83.08)	Lr 1.000e-03 (1.000e-03)
2025-12-19 01:48:17,859 - INFO: Epoch: [3][300/301]	Time  0.004 ( 0.005)	Loss 9.2088e-01 (5.7402e-01)	Acc pseudo  72.00 ( 82.96)	Lr 1.000e-03 (1.000e-03)
2025-12-19 01:48:17,940 - INFO: Round 1, Fine-tune Epoch 3: loss=0.5740, acc(pseudo)=82.96%
2025-12-19 01:48:24,726 - INFO: Round 1, Fine-tune Epoch 3: acc(valid_pseudo): 0.9260, acc(valid): 0.7925
2025-12-19 01:48:24,726 - INFO: Round 1, Fine-tune Epoch 3: No improvement in validation accuracy. Patience(epoch): 1/5
2025-12-19 01:48:25,032 - INFO: Epoch: [4][  0/301]	Time  0.299 ( 0.299)	Loss 9.7459e-01 (9.7459e-01)	Acc pseudo  78.12 ( 78.12)	Lr 1.000e-03 (1.000e-03)
2025-12-19 01:48:25,293 - INFO: Epoch: [4][ 50/301]	Time  0.005 ( 0.011)	Loss 6.1226e-01 (5.6452e-01)	Acc pseudo  82.81 ( 82.72)	Lr 1.000e-03 (1.000e-03)
2025-12-19 01:48:25,533 - INFO: Epoch: [4][100/301]	Time  0.005 ( 0.008)	Loss 5.3931e-01 (5.5205e-01)	Acc pseudo  81.25 ( 82.83)	Lr 1.000e-03 (1.000e-03)
2025-12-19 01:48:25,773 - INFO: Epoch: [4][150/301]	Time  0.005 ( 0.007)	Loss 4.9472e-01 (5.4615e-01)	Acc pseudo  81.25 ( 83.29)	Lr 1.000e-03 (1.000e-03)
2025-12-19 01:48:26,000 - INFO: Epoch: [4][200/301]	Time  0.004 ( 0.006)	Loss 4.2353e-01 (5.5902e-01)	Acc pseudo  84.38 ( 83.37)	Lr 1.000e-03 (1.000e-03)
2025-12-19 01:48:26,225 - INFO: Epoch: [4][250/301]	Time  0.004 ( 0.006)	Loss 5.9116e-01 (5.6273e-01)	Acc pseudo  82.81 ( 83.33)	Lr 1.000e-03 (1.000e-03)
2025-12-19 01:48:26,444 - INFO: Epoch: [4][300/301]	Time  0.003 ( 0.006)	Loss 5.4846e-01 (5.6470e-01)	Acc pseudo  80.00 ( 83.22)	Lr 1.000e-03 (1.000e-03)
2025-12-19 01:48:26,516 - INFO: Round 1, Fine-tune Epoch 4: loss=0.5647, acc(pseudo)=83.22%
2025-12-19 01:48:33,502 - INFO: Round 1, Fine-tune Epoch 4: acc(valid_pseudo): 0.9532, acc(valid): 0.7975
2025-12-19 01:48:33,977 - INFO: Epoch: [5][  0/301]	Time  0.207 ( 0.207)	Loss 5.5793e-01 (5.5793e-01)	Acc pseudo  84.38 ( 84.38)	Lr 1.000e-03 (1.000e-03)
2025-12-19 01:48:34,198 - INFO: Epoch: [5][ 50/301]	Time  0.004 ( 0.008)	Loss 4.9234e-01 (5.1243e-01)	Acc pseudo  87.50 ( 84.01)	Lr 1.000e-03 (1.000e-03)
2025-12-19 01:48:34,407 - INFO: Epoch: [5][100/301]	Time  0.004 ( 0.006)	Loss 8.9698e-01 (5.1307e-01)	Acc pseudo  75.00 ( 84.14)	Lr 1.000e-03 (1.000e-03)
2025-12-19 01:48:34,617 - INFO: Epoch: [5][150/301]	Time  0.004 ( 0.005)	Loss 5.8704e-01 (5.1843e-01)	Acc pseudo  82.81 ( 84.17)	Lr 1.000e-03 (1.000e-03)
2025-12-19 01:48:34,815 - INFO: Epoch: [5][200/301]	Time  0.004 ( 0.005)	Loss 4.7162e-01 (5.2220e-01)	Acc pseudo  81.25 ( 84.27)	Lr 1.000e-03 (1.000e-03)
2025-12-19 01:48:35,028 - INFO: Epoch: [5][250/301]	Time  0.004 ( 0.005)	Loss 5.6683e-01 (5.2759e-01)	Acc pseudo  84.38 ( 83.98)	Lr 1.000e-03 (1.000e-03)
2025-12-19 01:48:35,217 - INFO: Epoch: [5][300/301]	Time  0.003 ( 0.005)	Loss 1.0797e+00 (5.3694e-01)	Acc pseudo  68.00 ( 83.66)	Lr 1.000e-03 (1.000e-03)
2025-12-19 01:48:35,295 - INFO: Round 1, Fine-tune Epoch 5: loss=0.5369, acc(pseudo)=83.66%
2025-12-19 01:48:42,385 - INFO: Round 1, Fine-tune Epoch 5: acc(valid_pseudo): 0.8889, acc(valid): 0.7775
2025-12-19 01:48:42,385 - INFO: Round 1, Fine-tune Epoch 5: No improvement in validation accuracy. Patience(epoch): 1/5
2025-12-19 01:48:42,598 - INFO: Epoch: [6][  0/301]	Time  0.208 ( 0.208)	Loss 5.1842e-01 (5.1842e-01)	Acc pseudo  79.69 ( 79.69)	Lr 1.000e-03 (1.000e-03)
2025-12-19 01:48:42,815 - INFO: Epoch: [6][ 50/301]	Time  0.004 ( 0.008)	Loss 3.9606e-01 (5.3387e-01)	Acc pseudo  87.50 ( 85.08)	Lr 1.000e-03 (1.000e-03)
2025-12-19 01:48:43,016 - INFO: Epoch: [6][100/301]	Time  0.004 ( 0.006)	Loss 6.8956e-01 (5.2140e-01)	Acc pseudo  79.69 ( 84.53)	Lr 1.000e-03 (1.000e-03)
2025-12-19 01:48:43,209 - INFO: Epoch: [6][150/301]	Time  0.004 ( 0.005)	Loss 3.0123e-01 (5.2558e-01)	Acc pseudo  89.06 ( 84.22)	Lr 1.000e-03 (1.000e-03)
2025-12-19 01:48:43,405 - INFO: Epoch: [6][200/301]	Time  0.004 ( 0.005)	Loss 4.0073e-01 (5.3818e-01)	Acc pseudo  85.94 ( 84.06)	Lr 1.000e-03 (1.000e-03)
2025-12-19 01:48:43,607 - INFO: Epoch: [6][250/301]	Time  0.003 ( 0.005)	Loss 4.5920e-01 (5.4179e-01)	Acc pseudo  81.25 ( 83.93)	Lr 1.000e-03 (1.000e-03)
2025-12-19 01:48:43,831 - INFO: Epoch: [6][300/301]	Time  0.004 ( 0.005)	Loss 3.0591e-01 (5.4370e-01)	Acc pseudo  84.00 ( 83.80)	Lr 1.000e-03 (1.000e-03)
2025-12-19 01:48:43,919 - INFO: Round 1, Fine-tune Epoch 6: loss=0.5437, acc(pseudo)=83.80%
2025-12-19 01:48:50,287 - INFO: Round 1, Fine-tune Epoch 6: acc(valid_pseudo): 0.9465, acc(valid): 0.8075
2025-12-19 01:48:50,287 - INFO: Round 1, Fine-tune Epoch 6: No improvement in validation accuracy. Patience(epoch): 2/5
2025-12-19 01:48:50,511 - INFO: Epoch: [7][  0/301]	Time  0.219 ( 0.219)	Loss 5.8579e-01 (5.8579e-01)	Acc pseudo  85.94 ( 85.94)	Lr 1.000e-03 (1.000e-03)
2025-12-19 01:48:50,745 - INFO: Epoch: [7][ 50/301]	Time  0.005 ( 0.009)	Loss 3.9366e-01 (4.8693e-01)	Acc pseudo  92.19 ( 84.83)	Lr 1.000e-03 (1.000e-03)
2025-12-19 01:48:50,975 - INFO: Epoch: [7][100/301]	Time  0.004 ( 0.007)	Loss 4.4762e-01 (4.8661e-01)	Acc pseudo  82.81 ( 84.64)	Lr 1.000e-03 (1.000e-03)
2025-12-19 01:48:51,207 - INFO: Epoch: [7][150/301]	Time  0.004 ( 0.006)	Loss 3.7122e-01 (4.9538e-01)	Acc pseudo  87.50 ( 84.62)	Lr 1.000e-03 (1.000e-03)
2025-12-19 01:48:51,432 - INFO: Epoch: [7][200/301]	Time  0.005 ( 0.006)	Loss 5.0185e-01 (5.1152e-01)	Acc pseudo  82.81 ( 84.18)	Lr 1.000e-03 (1.000e-03)
2025-12-19 01:48:51,665 - INFO: Epoch: [7][250/301]	Time  0.005 ( 0.005)	Loss 6.1542e-01 (5.2685e-01)	Acc pseudo  82.81 ( 83.94)	Lr 1.000e-03 (1.000e-03)
2025-12-19 01:48:51,889 - INFO: Epoch: [7][300/301]	Time  0.004 ( 0.005)	Loss 6.2840e-01 (5.2674e-01)	Acc pseudo  80.00 ( 83.79)	Lr 1.000e-03 (1.000e-03)
2025-12-19 01:48:51,956 - INFO: Round 1, Fine-tune Epoch 7: loss=0.5267, acc(pseudo)=83.79%
2025-12-19 01:48:59,739 - INFO: Round 1, Fine-tune Epoch 7: acc(valid_pseudo): 0.9494, acc(valid): 0.8175
2025-12-19 01:48:59,739 - INFO: Round 1, Fine-tune Epoch 7: No improvement in validation accuracy. Patience(epoch): 3/5
2025-12-19 01:49:00,121 - INFO: Epoch: [8][  0/301]	Time  0.373 ( 0.373)	Loss 3.8744e-01 (3.8744e-01)	Acc pseudo  85.94 ( 85.94)	Lr 1.000e-03 (1.000e-03)
2025-12-19 01:49:00,384 - INFO: Epoch: [8][ 50/301]	Time  0.004 ( 0.012)	Loss 5.3974e-01 (4.5975e-01)	Acc pseudo  84.38 ( 85.17)	Lr 1.000e-03 (1.000e-03)
2025-12-19 01:49:00,586 - INFO: Epoch: [8][100/301]	Time  0.004 ( 0.008)	Loss 1.0272e+00 (4.8967e-01)	Acc pseudo  71.88 ( 84.93)	Lr 1.000e-03 (1.000e-03)
2025-12-19 01:49:00,785 - INFO: Epoch: [8][150/301]	Time  0.004 ( 0.007)	Loss 4.8301e-01 (4.9852e-01)	Acc pseudo  89.06 ( 84.66)	Lr 1.000e-03 (1.000e-03)
2025-12-19 01:49:00,981 - INFO: Epoch: [8][200/301]	Time  0.004 ( 0.006)	Loss 4.4216e-01 (5.0112e-01)	Acc pseudo  84.38 ( 84.55)	Lr 1.000e-03 (1.000e-03)
2025-12-19 01:49:01,170 - INFO: Epoch: [8][250/301]	Time  0.004 ( 0.006)	Loss 3.7328e-01 (5.0598e-01)	Acc pseudo  90.62 ( 84.41)	Lr 1.000e-03 (1.000e-03)
2025-12-19 01:49:01,357 - INFO: Epoch: [8][300/301]	Time  0.003 ( 0.005)	Loss 7.0258e-01 (5.1610e-01)	Acc pseudo  88.00 ( 84.25)	Lr 1.000e-03 (1.000e-03)
2025-12-19 01:49:01,421 - INFO: Round 1, Fine-tune Epoch 8: loss=0.5161, acc(pseudo)=84.25%
2025-12-19 01:49:07,585 - INFO: Round 1, Fine-tune Epoch 8: acc(valid_pseudo): 0.9596, acc(valid): 0.8225
2025-12-19 01:49:08,065 - INFO: Epoch: [9][  0/301]	Time  0.211 ( 0.211)	Loss 5.8631e-01 (5.8631e-01)	Acc pseudo  84.38 ( 84.38)	Lr 1.000e-03 (1.000e-03)
2025-12-19 01:49:08,287 - INFO: Epoch: [9][ 50/301]	Time  0.005 ( 0.008)	Loss 4.4521e-01 (4.6461e-01)	Acc pseudo  85.94 ( 85.57)	Lr 1.000e-03 (1.000e-03)
2025-12-19 01:49:08,496 - INFO: Epoch: [9][100/301]	Time  0.004 ( 0.006)	Loss 3.6805e-01 (4.9664e-01)	Acc pseudo  81.25 ( 84.45)	Lr 1.000e-03 (1.000e-03)
2025-12-19 01:49:08,712 - INFO: Epoch: [9][150/301]	Time  0.004 ( 0.006)	Loss 2.6961e-01 (5.0448e-01)	Acc pseudo  90.62 ( 84.14)	Lr 1.000e-03 (1.000e-03)
2025-12-19 01:49:08,913 - INFO: Epoch: [9][200/301]	Time  0.004 ( 0.005)	Loss 4.0332e-01 (5.1075e-01)	Acc pseudo  87.50 ( 83.96)	Lr 1.000e-03 (1.000e-03)
2025-12-19 01:49:09,109 - INFO: Epoch: [9][250/301]	Time  0.003 ( 0.005)	Loss 4.4351e-01 (5.0864e-01)	Acc pseudo  84.38 ( 84.16)	Lr 1.000e-03 (1.000e-03)
2025-12-19 01:49:09,284 - INFO: Epoch: [9][300/301]	Time  0.003 ( 0.005)	Loss 2.6373e-01 (5.1544e-01)	Acc pseudo  96.00 ( 84.03)	Lr 1.000e-03 (1.000e-03)
2025-12-19 01:49:09,371 - INFO: Round 1, Fine-tune Epoch 9: loss=0.5154, acc(pseudo)=84.03%
2025-12-19 01:49:16,660 - INFO: Round 1, Fine-tune Epoch 9: acc(valid_pseudo): 0.9123, acc(valid): 0.7700
2025-12-19 01:49:16,660 - INFO: Round 1, Fine-tune Epoch 9: No improvement in validation accuracy. Patience(epoch): 1/5
2025-12-19 01:49:16,876 - INFO: Epoch: [10][  0/301]	Time  0.211 ( 0.211)	Loss 3.8549e-01 (3.8549e-01)	Acc pseudo  85.94 ( 85.94)	Lr 1.000e-03 (1.000e-03)
2025-12-19 01:49:17,118 - INFO: Epoch: [10][ 50/301]	Time  0.004 ( 0.009)	Loss 5.1264e-01 (5.1260e-01)	Acc pseudo  87.50 ( 83.95)	Lr 1.000e-03 (1.000e-03)
2025-12-19 01:49:17,342 - INFO: Epoch: [10][100/301]	Time  0.004 ( 0.007)	Loss 6.5666e-01 (5.0746e-01)	Acc pseudo  79.69 ( 83.90)	Lr 1.000e-03 (1.000e-03)
2025-12-19 01:49:17,571 - INFO: Epoch: [10][150/301]	Time  0.004 ( 0.006)	Loss 4.8443e-01 (5.1203e-01)	Acc pseudo  82.81 ( 83.72)	Lr 1.000e-03 (1.000e-03)
2025-12-19 01:49:17,812 - INFO: Epoch: [10][200/301]	Time  0.005 ( 0.006)	Loss 3.5750e-01 (5.0914e-01)	Acc pseudo  87.50 ( 83.80)	Lr 1.000e-03 (1.000e-03)
2025-12-19 01:49:18,057 - INFO: Epoch: [10][250/301]	Time  0.005 ( 0.005)	Loss 4.2509e-01 (5.0709e-01)	Acc pseudo  82.81 ( 84.03)	Lr 1.000e-03 (1.000e-03)
2025-12-19 01:49:18,297 - INFO: Epoch: [10][300/301]	Time  0.004 ( 0.005)	Loss 8.2415e-01 (5.1526e-01)	Acc pseudo  76.00 ( 83.88)	Lr 1.000e-03 (1.000e-03)
2025-12-19 01:49:18,384 - INFO: Round 1, Fine-tune Epoch 10: loss=0.5153, acc(pseudo)=83.88%
2025-12-19 01:49:25,265 - INFO: Round 1, Fine-tune Epoch 10: acc(valid_pseudo): 0.9570, acc(valid): 0.8150
2025-12-19 01:49:25,265 - INFO: Round 1, Fine-tune Epoch 10: No improvement in validation accuracy. Patience(epoch): 2/5
2025-12-19 01:49:25,484 - INFO: Epoch: [11][  0/301]	Time  0.214 ( 0.214)	Loss 2.1794e-01 (2.1794e-01)	Acc pseudo  89.06 ( 89.06)	Lr 1.000e-03 (1.000e-03)
2025-12-19 01:49:25,693 - INFO: Epoch: [11][ 50/301]	Time  0.004 ( 0.008)	Loss 3.9339e-01 (4.7246e-01)	Acc pseudo  90.62 ( 84.56)	Lr 1.000e-03 (1.000e-03)
2025-12-19 01:49:25,899 - INFO: Epoch: [11][100/301]	Time  0.004 ( 0.006)	Loss 4.2304e-01 (4.7130e-01)	Acc pseudo  85.94 ( 84.65)	Lr 1.000e-03 (1.000e-03)
2025-12-19 01:49:26,068 - INFO: Epoch: [11][150/301]	Time  0.003 ( 0.005)	Loss 5.8808e-01 (4.8433e-01)	Acc pseudo  75.00 ( 84.53)	Lr 1.000e-03 (1.000e-03)
2025-12-19 01:49:26,261 - INFO: Epoch: [11][200/301]	Time  0.004 ( 0.005)	Loss 7.1364e-01 (4.9235e-01)	Acc pseudo  81.25 ( 84.20)	Lr 1.000e-03 (1.000e-03)
2025-12-19 01:49:26,463 - INFO: Epoch: [11][250/301]	Time  0.004 ( 0.005)	Loss 3.7910e-01 (4.9689e-01)	Acc pseudo  87.50 ( 84.13)	Lr 1.000e-03 (1.000e-03)
2025-12-19 01:49:26,652 - INFO: Epoch: [11][300/301]	Time  0.003 ( 0.004)	Loss 9.7814e-01 (4.9269e-01)	Acc pseudo  80.00 ( 84.28)	Lr 1.000e-03 (1.000e-03)
2025-12-19 01:49:26,722 - INFO: Round 1, Fine-tune Epoch 11: loss=0.4927, acc(pseudo)=84.28%
2025-12-19 01:49:32,879 - INFO: Round 1, Fine-tune Epoch 11: acc(valid_pseudo): 0.9608, acc(valid): 0.8025
2025-12-19 01:49:33,368 - INFO: Epoch: [12][  0/301]	Time  0.214 ( 0.214)	Loss 4.1410e-01 (4.1410e-01)	Acc pseudo  84.38 ( 84.38)	Lr 1.000e-03 (1.000e-03)
2025-12-19 01:49:33,635 - INFO: Epoch: [12][ 50/301]	Time  0.006 ( 0.009)	Loss 6.3127e-01 (4.8258e-01)	Acc pseudo  85.94 ( 84.19)	Lr 1.000e-03 (1.000e-03)
2025-12-19 01:49:33,908 - INFO: Epoch: [12][100/301]	Time  0.005 ( 0.007)	Loss 3.5029e-01 (4.9098e-01)	Acc pseudo  90.62 ( 84.03)	Lr 1.000e-03 (1.000e-03)
2025-12-19 01:49:34,115 - INFO: Epoch: [12][150/301]	Time  0.004 ( 0.006)	Loss 3.2482e-01 (5.0665e-01)	Acc pseudo  92.19 ( 83.97)	Lr 1.000e-03 (1.000e-03)
2025-12-19 01:49:34,315 - INFO: Epoch: [12][200/301]	Time  0.004 ( 0.006)	Loss 4.5384e-01 (5.0130e-01)	Acc pseudo  85.94 ( 84.17)	Lr 1.000e-03 (1.000e-03)
2025-12-19 01:49:34,511 - INFO: Epoch: [12][250/301]	Time  0.004 ( 0.005)	Loss 4.4050e-01 (4.9554e-01)	Acc pseudo  87.50 ( 84.24)	Lr 1.000e-03 (1.000e-03)
2025-12-19 01:49:34,681 - INFO: Epoch: [12][300/301]	Time  0.002 ( 0.005)	Loss 3.8031e-01 (4.9979e-01)	Acc pseudo  84.00 ( 84.29)	Lr 1.000e-03 (1.000e-03)
2025-12-19 01:49:34,741 - INFO: Round 1, Fine-tune Epoch 12: loss=0.4998, acc(pseudo)=84.29%
2025-12-19 01:49:42,811 - INFO: Round 1, Fine-tune Epoch 12: acc(valid_pseudo): 0.9377, acc(valid): 0.7800
2025-12-19 01:49:42,811 - INFO: Round 1, Fine-tune Epoch 12: No improvement in validation accuracy. Patience(epoch): 1/5
2025-12-19 01:49:43,024 - INFO: Epoch: [13][  0/301]	Time  0.207 ( 0.207)	Loss 3.7328e-01 (3.7328e-01)	Acc pseudo  87.50 ( 87.50)	Lr 1.000e-03 (1.000e-03)
2025-12-19 01:49:43,250 - INFO: Epoch: [13][ 50/301]	Time  0.005 ( 0.008)	Loss 4.1819e-01 (4.4912e-01)	Acc pseudo  90.62 ( 85.42)	Lr 1.000e-03 (1.000e-03)
2025-12-19 01:49:43,468 - INFO: Epoch: [13][100/301]	Time  0.004 ( 0.006)	Loss 4.0317e-01 (4.5661e-01)	Acc pseudo  84.38 ( 85.55)	Lr 1.000e-03 (1.000e-03)
2025-12-19 01:49:43,698 - INFO: Epoch: [13][150/301]	Time  0.005 ( 0.006)	Loss 6.0184e-01 (4.6273e-01)	Acc pseudo  82.81 ( 85.47)	Lr 1.000e-03 (1.000e-03)
2025-12-19 01:49:43,934 - INFO: Epoch: [13][200/301]	Time  0.005 ( 0.005)	Loss 6.4604e-01 (4.7426e-01)	Acc pseudo  79.69 ( 85.18)	Lr 1.000e-03 (1.000e-03)
2025-12-19 01:49:44,163 - INFO: Epoch: [13][250/301]	Time  0.004 ( 0.005)	Loss 3.4794e-01 (4.7720e-01)	Acc pseudo  85.94 ( 85.02)	Lr 1.000e-03 (1.000e-03)
2025-12-19 01:49:44,375 - INFO: Epoch: [13][300/301]	Time  0.003 ( 0.005)	Loss 6.0850e-01 (4.7746e-01)	Acc pseudo  76.00 ( 84.85)	Lr 1.000e-03 (1.000e-03)
2025-12-19 01:49:44,450 - INFO: Round 1, Fine-tune Epoch 13: loss=0.4775, acc(pseudo)=84.85%
2025-12-19 01:49:52,133 - INFO: Round 1, Fine-tune Epoch 13: acc(valid_pseudo): 0.9406, acc(valid): 0.8200
2025-12-19 01:49:52,134 - INFO: Round 1, Fine-tune Epoch 13: No improvement in validation accuracy. Patience(epoch): 2/5
2025-12-19 01:49:52,358 - INFO: Epoch: [14][  0/301]	Time  0.219 ( 0.219)	Loss 4.7893e-01 (4.7893e-01)	Acc pseudo  85.94 ( 85.94)	Lr 1.000e-03 (1.000e-03)
2025-12-19 01:49:52,595 - INFO: Epoch: [14][ 50/301]	Time  0.004 ( 0.009)	Loss 6.1159e-01 (4.6176e-01)	Acc pseudo  84.38 ( 85.11)	Lr 1.000e-03 (1.000e-03)
2025-12-19 01:49:52,818 - INFO: Epoch: [14][100/301]	Time  0.005 ( 0.007)	Loss 4.7996e-01 (4.8182e-01)	Acc pseudo  90.62 ( 84.64)	Lr 1.000e-03 (1.000e-03)
2025-12-19 01:49:53,056 - INFO: Epoch: [14][150/301]	Time  0.004 ( 0.006)	Loss 5.1080e-01 (4.6715e-01)	Acc pseudo  89.06 ( 85.28)	Lr 1.000e-03 (1.000e-03)
2025-12-19 01:49:53,279 - INFO: Epoch: [14][200/301]	Time  0.004 ( 0.006)	Loss 7.5789e-01 (4.6813e-01)	Acc pseudo  79.69 ( 85.26)	Lr 1.000e-03 (1.000e-03)
2025-12-19 01:49:53,509 - INFO: Epoch: [14][250/301]	Time  0.005 ( 0.005)	Loss 3.9762e-01 (4.7308e-01)	Acc pseudo  87.50 ( 84.99)	Lr 1.000e-03 (1.000e-03)
2025-12-19 01:49:53,744 - INFO: Epoch: [14][300/301]	Time  0.003 ( 0.005)	Loss 5.0363e-01 (4.7576e-01)	Acc pseudo  84.00 ( 84.84)	Lr 1.000e-03 (1.000e-03)
2025-12-19 01:49:53,806 - INFO: Round 1, Fine-tune Epoch 14: loss=0.4758, acc(pseudo)=84.84%
2025-12-19 01:50:01,069 - INFO: Round 1, Fine-tune Epoch 14: acc(valid_pseudo): 0.9237, acc(valid): 0.7825
2025-12-19 01:50:01,069 - INFO: Round 1, Fine-tune Epoch 14: No improvement in validation accuracy. Patience(epoch): 3/5
2025-12-19 01:50:01,308 - INFO: Epoch: [15][  0/301]	Time  0.233 ( 0.233)	Loss 5.3798e-01 (5.3798e-01)	Acc pseudo  78.12 ( 78.12)	Lr 1.000e-03 (1.000e-03)
2025-12-19 01:50:01,508 - INFO: Epoch: [15][ 50/301]	Time  0.004 ( 0.008)	Loss 3.9583e-01 (4.5661e-01)	Acc pseudo  82.81 ( 84.80)	Lr 1.000e-03 (1.000e-03)
2025-12-19 01:50:01,692 - INFO: Epoch: [15][100/301]	Time  0.003 ( 0.006)	Loss 3.2136e-01 (4.5485e-01)	Acc pseudo  87.50 ( 84.96)	Lr 1.000e-03 (1.000e-03)
2025-12-19 01:50:01,882 - INFO: Epoch: [15][150/301]	Time  0.004 ( 0.005)	Loss 4.6062e-01 (4.5577e-01)	Acc pseudo  85.94 ( 84.88)	Lr 1.000e-03 (1.000e-03)
2025-12-19 01:50:02,077 - INFO: Epoch: [15][200/301]	Time  0.004 ( 0.005)	Loss 4.5224e-01 (4.5477e-01)	Acc pseudo  82.81 ( 85.18)	Lr 1.000e-03 (1.000e-03)
2025-12-19 01:50:02,297 - INFO: Epoch: [15][250/301]	Time  0.005 ( 0.005)	Loss 7.0192e-01 (4.6452e-01)	Acc pseudo  76.56 ( 84.93)	Lr 1.000e-03 (1.000e-03)
2025-12-19 01:50:02,503 - INFO: Epoch: [15][300/301]	Time  0.003 ( 0.005)	Loss 1.0635e+00 (4.7538e-01)	Acc pseudo  64.00 ( 84.70)	Lr 1.000e-03 (1.000e-03)
2025-12-19 01:50:02,583 - INFO: Round 1, Fine-tune Epoch 15: loss=0.4754, acc(pseudo)=84.70%
2025-12-19 01:50:10,899 - INFO: Round 1, Fine-tune Epoch 15: acc(valid_pseudo): 0.9678, acc(valid): 0.8225
2025-12-19 01:50:11,629 - INFO: Epoch: [16][  0/301]	Time  0.305 ( 0.305)	Loss 4.0960e-01 (4.0960e-01)	Acc pseudo  89.06 ( 89.06)	Lr 1.000e-03 (1.000e-03)
2025-12-19 01:50:11,864 - INFO: Epoch: [16][ 50/301]	Time  0.004 ( 0.010)	Loss 6.0190e-01 (4.4597e-01)	Acc pseudo  85.94 ( 85.51)	Lr 1.000e-03 (1.000e-03)
2025-12-19 01:50:12,085 - INFO: Epoch: [16][100/301]	Time  0.004 ( 0.007)	Loss 3.4269e-01 (4.5638e-01)	Acc pseudo  89.06 ( 85.58)	Lr 1.000e-03 (1.000e-03)
2025-12-19 01:50:12,305 - INFO: Epoch: [16][150/301]	Time  0.004 ( 0.006)	Loss 3.7989e-01 (4.5541e-01)	Acc pseudo  89.06 ( 85.80)	Lr 1.000e-03 (1.000e-03)
2025-12-19 01:50:12,521 - INFO: Epoch: [16][200/301]	Time  0.004 ( 0.006)	Loss 4.8144e-01 (4.5925e-01)	Acc pseudo  84.38 ( 85.60)	Lr 1.000e-03 (1.000e-03)
2025-12-19 01:50:12,729 - INFO: Epoch: [16][250/301]	Time  0.003 ( 0.005)	Loss 4.1129e-01 (4.6993e-01)	Acc pseudo  89.06 ( 85.22)	Lr 1.000e-03 (1.000e-03)
2025-12-19 01:50:12,897 - INFO: Epoch: [16][300/301]	Time  0.002 ( 0.005)	Loss 6.7188e-01 (4.7355e-01)	Acc pseudo  84.00 ( 85.04)	Lr 1.000e-03 (1.000e-03)
2025-12-19 01:50:12,956 - INFO: Round 1, Fine-tune Epoch 16: loss=0.4735, acc(pseudo)=85.04%
2025-12-19 01:50:18,852 - INFO: Round 1, Fine-tune Epoch 16: acc(valid_pseudo): 0.9646, acc(valid): 0.8200
2025-12-19 01:50:18,853 - INFO: Round 1, Fine-tune Epoch 16: No improvement in validation accuracy. Patience(epoch): 1/5
2025-12-19 01:50:19,070 - INFO: Epoch: [17][  0/301]	Time  0.212 ( 0.212)	Loss 7.1189e-01 (7.1189e-01)	Acc pseudo  87.50 ( 87.50)	Lr 1.000e-03 (1.000e-03)
2025-12-19 01:50:19,277 - INFO: Epoch: [17][ 50/301]	Time  0.004 ( 0.008)	Loss 5.4391e-01 (4.5175e-01)	Acc pseudo  84.38 ( 85.45)	Lr 1.000e-03 (1.000e-03)
2025-12-19 01:50:19,475 - INFO: Epoch: [17][100/301]	Time  0.004 ( 0.006)	Loss 3.6900e-01 (4.7491e-01)	Acc pseudo  84.38 ( 84.70)	Lr 1.000e-03 (1.000e-03)
2025-12-19 01:50:19,663 - INFO: Epoch: [17][150/301]	Time  0.003 ( 0.005)	Loss 4.9080e-01 (4.7158e-01)	Acc pseudo  84.38 ( 84.96)	Lr 1.000e-03 (1.000e-03)
2025-12-19 01:50:19,849 - INFO: Epoch: [17][200/301]	Time  0.003 ( 0.005)	Loss 5.2457e-01 (4.6853e-01)	Acc pseudo  78.12 ( 85.02)	Lr 1.000e-03 (1.000e-03)
2025-12-19 01:50:20,046 - INFO: Epoch: [17][250/301]	Time  0.003 ( 0.005)	Loss 3.3091e-01 (4.7121e-01)	Acc pseudo  85.94 ( 84.89)	Lr 1.000e-03 (1.000e-03)
2025-12-19 01:50:20,227 - INFO: Epoch: [17][300/301]	Time  0.002 ( 0.004)	Loss 4.0582e-01 (4.7846e-01)	Acc pseudo  88.00 ( 84.79)	Lr 1.000e-03 (1.000e-03)
2025-12-19 01:50:20,301 - INFO: Round 1, Fine-tune Epoch 17: loss=0.4785, acc(pseudo)=84.79%
2025-12-19 01:50:26,042 - INFO: Round 1, Fine-tune Epoch 17: acc(valid_pseudo): 0.9664, acc(valid): 0.8100
2025-12-19 01:50:26,042 - INFO: Round 1, Fine-tune Epoch 17: No improvement in validation accuracy. Patience(epoch): 2/5
2025-12-19 01:50:26,260 - INFO: Epoch: [18][  0/301]	Time  0.212 ( 0.212)	Loss 2.7522e-01 (2.7522e-01)	Acc pseudo  93.75 ( 93.75)	Lr 1.000e-03 (1.000e-03)
2025-12-19 01:50:26,522 - INFO: Epoch: [18][ 50/301]	Time  0.005 ( 0.009)	Loss 4.7584e-01 (4.6532e-01)	Acc pseudo  79.69 ( 85.69)	Lr 1.000e-03 (1.000e-03)
2025-12-19 01:50:26,789 - INFO: Epoch: [18][100/301]	Time  0.005 ( 0.007)	Loss 5.2848e-01 (4.5419e-01)	Acc pseudo  81.25 ( 85.24)	Lr 1.000e-03 (1.000e-03)
2025-12-19 01:50:27,051 - INFO: Epoch: [18][150/301]	Time  0.005 ( 0.007)	Loss 6.6594e-01 (4.5906e-01)	Acc pseudo  76.56 ( 84.91)	Lr 1.000e-03 (1.000e-03)
2025-12-19 01:50:27,312 - INFO: Epoch: [18][200/301]	Time  0.005 ( 0.006)	Loss 3.7241e-01 (4.6067e-01)	Acc pseudo  89.06 ( 85.04)	Lr 1.000e-03 (1.000e-03)
2025-12-19 01:50:27,583 - INFO: Epoch: [18][250/301]	Time  0.005 ( 0.006)	Loss 5.0659e-01 (4.6449e-01)	Acc pseudo  84.38 ( 85.09)	Lr 1.000e-03 (1.000e-03)
2025-12-19 01:50:27,844 - INFO: Epoch: [18][300/301]	Time  0.004 ( 0.006)	Loss 3.9669e-01 (4.6619e-01)	Acc pseudo  92.00 ( 85.13)	Lr 1.000e-03 (1.000e-03)
2025-12-19 01:50:27,919 - INFO: Round 1, Fine-tune Epoch 18: loss=0.4662, acc(pseudo)=85.13%
2025-12-19 01:50:34,711 - INFO: Round 1, Fine-tune Epoch 18: acc(valid_pseudo): 0.9570, acc(valid): 0.8375
2025-12-19 01:50:34,712 - INFO: Round 1, Fine-tune Epoch 18: No improvement in validation accuracy. Patience(epoch): 3/5
2025-12-19 01:50:35,014 - INFO: Epoch: [19][  0/301]	Time  0.295 ( 0.295)	Loss 5.1011e-01 (5.1011e-01)	Acc pseudo  79.69 ( 79.69)	Lr 1.000e-03 (1.000e-03)
2025-12-19 01:50:35,252 - INFO: Epoch: [19][ 50/301]	Time  0.004 ( 0.010)	Loss 6.8077e-01 (4.3390e-01)	Acc pseudo  81.25 ( 85.54)	Lr 1.000e-03 (1.000e-03)
2025-12-19 01:50:35,490 - INFO: Epoch: [19][100/301]	Time  0.005 ( 0.008)	Loss 7.6090e-01 (4.3408e-01)	Acc pseudo  84.38 ( 85.98)	Lr 1.000e-03 (1.000e-03)
2025-12-19 01:50:35,732 - INFO: Epoch: [19][150/301]	Time  0.005 ( 0.007)	Loss 6.2783e-01 (4.3841e-01)	Acc pseudo  81.25 ( 85.92)	Lr 1.000e-03 (1.000e-03)
2025-12-19 01:50:35,957 - INFO: Epoch: [19][200/301]	Time  0.004 ( 0.006)	Loss 3.1625e-01 (4.4638e-01)	Acc pseudo  87.50 ( 85.69)	Lr 1.000e-03 (1.000e-03)
2025-12-19 01:50:36,176 - INFO: Epoch: [19][250/301]	Time  0.004 ( 0.006)	Loss 4.9246e-01 (4.4709e-01)	Acc pseudo  85.94 ( 85.66)	Lr 1.000e-03 (1.000e-03)
2025-12-19 01:50:36,385 - INFO: Epoch: [19][300/301]	Time  0.003 ( 0.005)	Loss 8.5563e-01 (4.4831e-01)	Acc pseudo  88.00 ( 85.51)	Lr 1.000e-03 (1.000e-03)
2025-12-19 01:50:36,444 - INFO: Round 1, Fine-tune Epoch 19: loss=0.4483, acc(pseudo)=85.51%
2025-12-19 01:50:44,226 - INFO: Round 1, Fine-tune Epoch 19: acc(valid_pseudo): 0.9629, acc(valid): 0.8100
2025-12-19 01:50:44,226 - INFO: Round 1, Fine-tune Epoch 19: No improvement in validation accuracy. Patience(epoch): 4/5
2025-12-19 01:50:44,227 - INFO: Round 1: Best fine-tuned epoch=15, acc(valid_pseudo)=0.9678
2025-12-19 01:50:44,274 - INFO: Using HMM model from previous round: runs/I love my family/exp_video/result/self_supervised/exp0/round0/pseudo_label/hmm_params.pkl
2025-12-19 02:48:39,515 - INFO: Round 1: acc(valid)=0.8450, acc(test)=0.8200
2025-12-19 02:48:39,624 - INFO: New best acc(valid) at round 1: acc(valid)=0.8450, acc(test)=0.8200
2025-12-19 02:48:39,628 - INFO: ====================
2025-12-19 02:48:39,628 - INFO: Round 2: Fine-tuning iteration
2025-12-19 02:48:39,628 - INFO: ====================
2025-12-19 02:48:39,636 - INFO: Round 2 Part 1: Fine-tuning embedding model
2025-12-19 02:48:39,637 - INFO: Using pseudo-label file: runs/I love my family/exp_video/result/self_supervised/exp0/round1/pseudo_label/pseudo_labels_audio_nested_hmm_full(unreliable_pp=100.0).json
2025-12-19 02:48:39,928 - INFO: Fine-tuning embedding model for 20 epochs...
2025-12-19 02:48:40,852 - INFO: Epoch: [0][  0/301]	Time  0.876 ( 0.876)	Loss 3.8583e-01 (3.8583e-01)	Acc pseudo  87.50 ( 87.50)	Lr 1.000e-03 (1.000e-03)
2025-12-19 02:48:41,100 - INFO: Epoch: [0][ 50/301]	Time  0.005 ( 0.022)	Loss 5.4270e-01 (4.7345e-01)	Acc pseudo  84.38 ( 86.58)	Lr 1.000e-03 (1.000e-03)
2025-12-19 02:48:41,326 - INFO: Epoch: [0][100/301]	Time  0.005 ( 0.013)	Loss 2.7635e-01 (5.0741e-01)	Acc pseudo  92.19 ( 86.14)	Lr 1.000e-03 (1.000e-03)
2025-12-19 02:48:41,555 - INFO: Epoch: [0][150/301]	Time  0.004 ( 0.010)	Loss 4.4560e-01 (4.9732e-01)	Acc pseudo  84.38 ( 85.96)	Lr 1.000e-03 (1.000e-03)
2025-12-19 02:48:41,796 - INFO: Epoch: [0][200/301]	Time  0.004 ( 0.009)	Loss 3.2372e-01 (4.9712e-01)	Acc pseudo  93.75 ( 85.90)	Lr 1.000e-03 (1.000e-03)
2025-12-19 02:48:42,008 - INFO: Epoch: [0][250/301]	Time  0.004 ( 0.008)	Loss 5.8453e-01 (4.9715e-01)	Acc pseudo  85.94 ( 85.84)	Lr 1.000e-03 (1.000e-03)
2025-12-19 02:48:42,216 - INFO: Epoch: [0][300/301]	Time  0.005 ( 0.007)	Loss 1.4271e-01 (4.8379e-01)	Acc pseudo  92.00 ( 86.11)	Lr 1.000e-03 (1.000e-03)
2025-12-19 02:48:42,274 - INFO: Round 2, Fine-tune Epoch 0: loss=0.4838, acc(pseudo)=86.11%
2025-12-19 02:48:49,980 - INFO: Round 2, Fine-tune Epoch 0: acc(valid_pseudo): 0.9661, acc(valid): 0.8475
2025-12-19 02:48:50,542 - INFO: Epoch: [1][  0/301]	Time  0.211 ( 0.211)	Loss 4.6838e-01 (4.6838e-01)	Acc pseudo  84.38 ( 84.38)	Lr 1.000e-03 (1.000e-03)
2025-12-19 02:48:50,763 - INFO: Epoch: [1][ 50/301]	Time  0.004 ( 0.008)	Loss 3.2195e-01 (4.3457e-01)	Acc pseudo  96.88 ( 86.70)	Lr 1.000e-03 (1.000e-03)
2025-12-19 02:48:50,963 - INFO: Epoch: [1][100/301]	Time  0.004 ( 0.006)	Loss 3.8704e-01 (4.3819e-01)	Acc pseudo  90.62 ( 86.68)	Lr 1.000e-03 (1.000e-03)
2025-12-19 02:48:51,159 - INFO: Epoch: [1][150/301]	Time  0.004 ( 0.005)	Loss 4.7751e-01 (4.4163e-01)	Acc pseudo  84.38 ( 86.77)	Lr 1.000e-03 (1.000e-03)
2025-12-19 02:48:51,355 - INFO: Epoch: [1][200/301]	Time  0.004 ( 0.005)	Loss 4.4143e-01 (4.5388e-01)	Acc pseudo  89.06 ( 86.48)	Lr 1.000e-03 (1.000e-03)
2025-12-19 02:48:51,551 - INFO: Epoch: [1][250/301]	Time  0.003 ( 0.005)	Loss 3.0894e-01 (4.6289e-01)	Acc pseudo  92.19 ( 86.37)	Lr 1.000e-03 (1.000e-03)
2025-12-19 02:48:51,735 - INFO: Epoch: [1][300/301]	Time  0.002 ( 0.005)	Loss 4.2916e-01 (4.6210e-01)	Acc pseudo  80.00 ( 86.29)	Lr 1.000e-03 (1.000e-03)
2025-12-19 02:48:51,791 - INFO: Round 2, Fine-tune Epoch 1: loss=0.4621, acc(pseudo)=86.29%
2025-12-19 02:48:59,200 - INFO: Round 2, Fine-tune Epoch 1: acc(valid_pseudo): 0.9479, acc(valid): 0.8000
2025-12-19 02:48:59,201 - INFO: Round 2, Fine-tune Epoch 1: No improvement in validation accuracy. Patience(epoch): 1/5
2025-12-19 02:48:59,412 - INFO: Epoch: [2][  0/301]	Time  0.206 ( 0.206)	Loss 2.4020e-01 (2.4020e-01)	Acc pseudo  93.75 ( 93.75)	Lr 1.000e-03 (1.000e-03)
2025-12-19 02:48:59,605 - INFO: Epoch: [2][ 50/301]	Time  0.004 ( 0.008)	Loss 2.2749e-01 (4.1390e-01)	Acc pseudo  95.31 ( 86.67)	Lr 1.000e-03 (1.000e-03)
2025-12-19 02:48:59,789 - INFO: Epoch: [2][100/301]	Time  0.003 ( 0.006)	Loss 6.1860e-01 (4.1369e-01)	Acc pseudo  82.81 ( 86.97)	Lr 1.000e-03 (1.000e-03)
2025-12-19 02:48:59,968 - INFO: Epoch: [2][150/301]	Time  0.003 ( 0.005)	Loss 3.3991e-01 (4.2249e-01)	Acc pseudo  85.94 ( 86.95)	Lr 1.000e-03 (1.000e-03)
2025-12-19 02:49:00,143 - INFO: Epoch: [2][200/301]	Time  0.003 ( 0.005)	Loss 1.6529e-01 (4.1612e-01)	Acc pseudo  96.88 ( 87.15)	Lr 1.000e-03 (1.000e-03)
2025-12-19 02:49:00,319 - INFO: Epoch: [2][250/301]	Time  0.003 ( 0.004)	Loss 3.3569e-01 (4.2425e-01)	Acc pseudo  89.06 ( 87.01)	Lr 1.000e-03 (1.000e-03)
2025-12-19 02:49:00,484 - INFO: Epoch: [2][300/301]	Time  0.003 ( 0.004)	Loss 3.2333e-01 (4.2656e-01)	Acc pseudo  92.00 ( 86.91)	Lr 1.000e-03 (1.000e-03)
2025-12-19 02:49:00,541 - INFO: Round 2, Fine-tune Epoch 2: loss=0.4266, acc(pseudo)=86.91%
2025-12-19 02:49:06,511 - INFO: Round 2, Fine-tune Epoch 2: acc(valid_pseudo): 0.9713, acc(valid): 0.8475
2025-12-19 02:49:07,223 - INFO: Epoch: [3][  0/301]	Time  0.305 ( 0.305)	Loss 3.8967e-01 (3.8967e-01)	Acc pseudo  82.81 ( 82.81)	Lr 1.000e-03 (1.000e-03)
2025-12-19 02:49:07,482 - INFO: Epoch: [3][ 50/301]	Time  0.005 ( 0.011)	Loss 1.1122e+00 (3.9283e-01)	Acc pseudo  82.81 ( 88.39)	Lr 1.000e-03 (1.000e-03)
2025-12-19 02:49:07,723 - INFO: Epoch: [3][100/301]	Time  0.005 ( 0.008)	Loss 4.1917e-01 (4.1384e-01)	Acc pseudo  84.38 ( 87.31)	Lr 1.000e-03 (1.000e-03)
2025-12-19 02:49:07,949 - INFO: Epoch: [3][150/301]	Time  0.004 ( 0.007)	Loss 4.3166e-01 (4.2091e-01)	Acc pseudo  85.94 ( 87.13)	Lr 1.000e-03 (1.000e-03)
2025-12-19 02:49:08,175 - INFO: Epoch: [3][200/301]	Time  0.004 ( 0.006)	Loss 5.1286e-01 (4.2024e-01)	Acc pseudo  90.62 ( 87.00)	Lr 1.000e-03 (1.000e-03)
2025-12-19 02:49:08,365 - INFO: Epoch: [3][250/301]	Time  0.004 ( 0.006)	Loss 5.5024e-01 (4.2166e-01)	Acc pseudo  85.94 ( 87.00)	Lr 1.000e-03 (1.000e-03)
2025-12-19 02:49:08,547 - INFO: Epoch: [3][300/301]	Time  0.003 ( 0.005)	Loss 4.4826e-01 (4.2393e-01)	Acc pseudo  84.00 ( 86.95)	Lr 1.000e-03 (1.000e-03)
2025-12-19 02:49:08,604 - INFO: Round 2, Fine-tune Epoch 3: loss=0.4239, acc(pseudo)=86.95%
2025-12-19 02:49:14,440 - INFO: Round 2, Fine-tune Epoch 3: acc(valid_pseudo): 0.9485, acc(valid): 0.8175
2025-12-19 02:49:14,440 - INFO: Round 2, Fine-tune Epoch 3: No improvement in validation accuracy. Patience(epoch): 1/5
2025-12-19 02:49:14,659 - INFO: Epoch: [4][  0/301]	Time  0.214 ( 0.214)	Loss 6.3401e-01 (6.3401e-01)	Acc pseudo  78.12 ( 78.12)	Lr 1.000e-03 (1.000e-03)
2025-12-19 02:49:14,869 - INFO: Epoch: [4][ 50/301]	Time  0.004 ( 0.008)	Loss 4.1461e-01 (4.0689e-01)	Acc pseudo  84.38 ( 86.31)	Lr 1.000e-03 (1.000e-03)
2025-12-19 02:49:15,073 - INFO: Epoch: [4][100/301]	Time  0.004 ( 0.006)	Loss 3.0430e-01 (4.0090e-01)	Acc pseudo  93.75 ( 86.51)	Lr 1.000e-03 (1.000e-03)
2025-12-19 02:49:15,269 - INFO: Epoch: [4][150/301]	Time  0.004 ( 0.005)	Loss 5.7908e-01 (4.0183e-01)	Acc pseudo  81.25 ( 86.81)	Lr 1.000e-03 (1.000e-03)
2025-12-19 02:49:15,464 - INFO: Epoch: [4][200/301]	Time  0.004 ( 0.005)	Loss 2.7044e-01 (4.0544e-01)	Acc pseudo  90.62 ( 86.82)	Lr 1.000e-03 (1.000e-03)
2025-12-19 02:49:15,661 - INFO: Epoch: [4][250/301]	Time  0.004 ( 0.005)	Loss 3.1303e-01 (4.0786e-01)	Acc pseudo  92.19 ( 86.96)	Lr 1.000e-03 (1.000e-03)
2025-12-19 02:49:15,853 - INFO: Epoch: [4][300/301]	Time  0.003 ( 0.005)	Loss 4.2452e-01 (4.1487e-01)	Acc pseudo  88.00 ( 86.92)	Lr 1.000e-03 (1.000e-03)
2025-12-19 02:49:15,938 - INFO: Round 2, Fine-tune Epoch 4: loss=0.4149, acc(pseudo)=86.92%
2025-12-19 02:49:21,749 - INFO: Round 2, Fine-tune Epoch 4: acc(valid_pseudo): 0.9310, acc(valid): 0.7825
2025-12-19 02:49:21,749 - INFO: Round 2, Fine-tune Epoch 4: No improvement in validation accuracy. Patience(epoch): 2/5
2025-12-19 02:49:21,986 - INFO: Epoch: [5][  0/301]	Time  0.232 ( 0.232)	Loss 6.1051e-01 (6.1051e-01)	Acc pseudo  82.81 ( 82.81)	Lr 1.000e-03 (1.000e-03)
2025-12-19 02:49:22,179 - INFO: Epoch: [5][ 50/301]	Time  0.003 ( 0.008)	Loss 3.0305e-01 (3.6976e-01)	Acc pseudo  95.31 ( 89.46)	Lr 1.000e-03 (1.000e-03)
2025-12-19 02:49:22,372 - INFO: Epoch: [5][100/301]	Time  0.004 ( 0.006)	Loss 6.4434e-01 (3.8514e-01)	Acc pseudo  78.12 ( 88.80)	Lr 1.000e-03 (1.000e-03)
2025-12-19 02:49:22,578 - INFO: Epoch: [5][150/301]	Time  0.004 ( 0.005)	Loss 5.9630e-01 (3.8907e-01)	Acc pseudo  82.81 ( 88.13)	Lr 1.000e-03 (1.000e-03)
2025-12-19 02:49:22,795 - INFO: Epoch: [5][200/301]	Time  0.004 ( 0.005)	Loss 3.7415e-01 (4.0105e-01)	Acc pseudo  81.25 ( 87.67)	Lr 1.000e-03 (1.000e-03)
2025-12-19 02:49:22,991 - INFO: Epoch: [5][250/301]	Time  0.004 ( 0.005)	Loss 3.6374e-01 (4.1541e-01)	Acc pseudo  84.38 ( 87.26)	Lr 1.000e-03 (1.000e-03)
2025-12-19 02:49:23,177 - INFO: Epoch: [5][300/301]	Time  0.003 ( 0.005)	Loss 6.1468e-01 (4.2251e-01)	Acc pseudo  76.00 ( 86.96)	Lr 1.000e-03 (1.000e-03)
2025-12-19 02:49:23,252 - INFO: Round 2, Fine-tune Epoch 5: loss=0.4225, acc(pseudo)=86.96%
2025-12-19 02:49:29,667 - INFO: Round 2, Fine-tune Epoch 5: acc(valid_pseudo): 0.9599, acc(valid): 0.8150
2025-12-19 02:49:29,667 - INFO: Round 2, Fine-tune Epoch 5: No improvement in validation accuracy. Patience(epoch): 3/5
2025-12-19 02:49:29,884 - INFO: Epoch: [6][  0/301]	Time  0.211 ( 0.211)	Loss 5.6113e-01 (5.6113e-01)	Acc pseudo  78.12 ( 78.12)	Lr 1.000e-03 (1.000e-03)
2025-12-19 02:49:30,071 - INFO: Epoch: [6][ 50/301]	Time  0.004 ( 0.008)	Loss 2.6588e-01 (3.9936e-01)	Acc pseudo  90.62 ( 87.25)	Lr 1.000e-03 (1.000e-03)
2025-12-19 02:49:30,258 - INFO: Epoch: [6][100/301]	Time  0.004 ( 0.006)	Loss 4.0872e-01 (3.8555e-01)	Acc pseudo  89.06 ( 87.69)	Lr 1.000e-03 (1.000e-03)
2025-12-19 02:49:30,446 - INFO: Epoch: [6][150/301]	Time  0.004 ( 0.005)	Loss 2.9983e-01 (3.9994e-01)	Acc pseudo  90.62 ( 87.38)	Lr 1.000e-03 (1.000e-03)
2025-12-19 02:49:30,627 - INFO: Epoch: [6][200/301]	Time  0.003 ( 0.005)	Loss 2.7452e-01 (4.0842e-01)	Acc pseudo  93.75 ( 87.17)	Lr 1.000e-03 (1.000e-03)
2025-12-19 02:49:30,808 - INFO: Epoch: [6][250/301]	Time  0.004 ( 0.004)	Loss 4.7923e-01 (4.0414e-01)	Acc pseudo  85.94 ( 87.16)	Lr 1.000e-03 (1.000e-03)
2025-12-19 02:49:30,980 - INFO: Epoch: [6][300/301]	Time  0.002 ( 0.004)	Loss 2.1344e-01 (4.0854e-01)	Acc pseudo  92.00 ( 87.09)	Lr 1.000e-03 (1.000e-03)
2025-12-19 02:49:31,067 - INFO: Round 2, Fine-tune Epoch 6: loss=0.4085, acc(pseudo)=87.09%
2025-12-19 02:49:37,311 - INFO: Round 2, Fine-tune Epoch 6: acc(valid_pseudo): 0.9634, acc(valid): 0.8125
2025-12-19 02:49:37,311 - INFO: Round 2, Fine-tune Epoch 6: No improvement in validation accuracy. Patience(epoch): 4/5
2025-12-19 02:49:37,526 - INFO: Epoch: [7][  0/301]	Time  0.210 ( 0.210)	Loss 4.1638e-01 (4.1638e-01)	Acc pseudo  90.62 ( 90.62)	Lr 1.000e-03 (1.000e-03)
2025-12-19 02:49:37,719 - INFO: Epoch: [7][ 50/301]	Time  0.004 ( 0.008)	Loss 3.8400e-01 (3.4756e-01)	Acc pseudo  89.06 ( 89.00)	Lr 1.000e-03 (1.000e-03)
2025-12-19 02:49:37,914 - INFO: Epoch: [7][100/301]	Time  0.004 ( 0.006)	Loss 3.8002e-01 (3.5866e-01)	Acc pseudo  85.94 ( 88.57)	Lr 1.000e-03 (1.000e-03)
2025-12-19 02:49:38,107 - INFO: Epoch: [7][150/301]	Time  0.003 ( 0.005)	Loss 3.3041e-01 (3.6917e-01)	Acc pseudo  89.06 ( 88.28)	Lr 1.000e-03 (1.000e-03)
2025-12-19 02:49:38,310 - INFO: Epoch: [7][200/301]	Time  0.004 ( 0.005)	Loss 3.0896e-01 (3.8391e-01)	Acc pseudo  89.06 ( 87.94)	Lr 1.000e-03 (1.000e-03)
2025-12-19 02:49:38,520 - INFO: Epoch: [7][250/301]	Time  0.004 ( 0.005)	Loss 5.6325e-01 (3.9418e-01)	Acc pseudo  81.25 ( 87.71)	Lr 1.000e-03 (1.000e-03)
2025-12-19 02:49:38,698 - INFO: Epoch: [7][300/301]	Time  0.002 ( 0.004)	Loss 1.0357e-01 (3.9370e-01)	Acc pseudo  92.00 ( 87.68)	Lr 1.000e-03 (1.000e-03)
2025-12-19 02:49:38,782 - INFO: Round 2, Fine-tune Epoch 7: loss=0.3937, acc(pseudo)=87.68%
2025-12-19 02:49:46,209 - INFO: Round 2, Fine-tune Epoch 7: acc(valid_pseudo): 0.9669, acc(valid): 0.8350
2025-12-19 02:49:46,209 - INFO: Round 2, Fine-tune Epoch 7: No improvement in validation accuracy. Patience(epoch): 5/5
2025-12-19 02:49:46,209 - INFO: Early stopping at epoch 7 due to no improvement in validation accuracy for 5 epochs.
2025-12-19 02:49:46,210 - INFO: Round 2: Best fine-tuned epoch=2, acc(valid_pseudo)=0.9713
2025-12-19 02:49:46,253 - INFO: Using HMM model from previous round: runs/I love my family/exp_video/result/self_supervised/exp0/round1/pseudo_label/hmm_params.pkl
2025-12-19 03:51:19,821 - INFO: Round 2: acc(valid)=0.8625, acc(test)=0.8475
2025-12-19 03:51:19,942 - INFO: New best acc(valid) at round 2: acc(valid)=0.8625, acc(test)=0.8475
2025-12-19 03:51:19,947 - INFO: ====================
2025-12-19 03:51:19,948 - INFO: Round 3: Fine-tuning iteration
2025-12-19 03:51:19,948 - INFO: ====================
2025-12-19 03:51:19,956 - INFO: Round 3 Part 1: Fine-tuning embedding model
2025-12-19 03:51:19,957 - INFO: Using pseudo-label file: runs/I love my family/exp_video/result/self_supervised/exp0/round2/pseudo_label/pseudo_labels_audio_nested_hmm_full(unreliable_pp=100.0).json
2025-12-19 03:51:20,174 - INFO: Fine-tuning embedding model for 20 epochs...
2025-12-19 03:51:21,120 - INFO: Epoch: [0][  0/301]	Time  0.882 ( 0.882)	Loss 4.0468e-01 (4.0468e-01)	Acc pseudo  89.06 ( 89.06)	Lr 1.000e-03 (1.000e-03)
2025-12-19 03:51:21,376 - INFO: Epoch: [0][ 50/301]	Time  0.007 ( 0.022)	Loss 4.0787e-01 (5.8057e-01)	Acc pseudo  89.06 ( 86.15)	Lr 1.000e-03 (1.000e-03)
2025-12-19 03:51:21,625 - INFO: Epoch: [0][100/301]	Time  0.005 ( 0.014)	Loss 3.5265e-01 (5.5691e-01)	Acc pseudo  90.62 ( 85.71)	Lr 1.000e-03 (1.000e-03)
2025-12-19 03:51:21,870 - INFO: Epoch: [0][150/301]	Time  0.005 ( 0.011)	Loss 3.9786e-01 (5.5857e-01)	Acc pseudo  85.94 ( 85.55)	Lr 1.000e-03 (1.000e-03)
2025-12-19 03:51:22,119 - INFO: Epoch: [0][200/301]	Time  0.004 ( 0.009)	Loss 2.8318e-01 (5.6040e-01)	Acc pseudo  89.06 ( 85.27)	Lr 1.000e-03 (1.000e-03)
2025-12-19 03:51:22,359 - INFO: Epoch: [0][250/301]	Time  0.004 ( 0.008)	Loss 5.7017e-01 (5.8306e-01)	Acc pseudo  79.69 ( 85.15)	Lr 1.000e-03 (1.000e-03)
2025-12-19 03:51:22,576 - INFO: Epoch: [0][300/301]	Time  0.003 ( 0.008)	Loss 9.4208e-02 (5.9184e-01)	Acc pseudo 100.00 ( 85.19)	Lr 1.000e-03 (1.000e-03)
2025-12-19 03:51:22,635 - INFO: Round 3, Fine-tune Epoch 0: loss=0.5918, acc(pseudo)=85.19%
2025-12-19 03:51:30,638 - INFO: Round 3, Fine-tune Epoch 0: acc(valid_pseudo): 0.9336, acc(valid): 0.7800
2025-12-19 03:51:31,411 - INFO: Epoch: [1][  0/301]	Time  0.317 ( 0.317)	Loss 5.6271e-01 (5.6271e-01)	Acc pseudo  84.38 ( 84.38)	Lr 1.000e-03 (1.000e-03)
2025-12-19 03:51:31,662 - INFO: Epoch: [1][ 50/301]	Time  0.005 ( 0.011)	Loss 3.2311e-01 (4.9421e-01)	Acc pseudo  92.19 ( 84.83)	Lr 1.000e-03 (1.000e-03)
2025-12-19 03:51:31,898 - INFO: Epoch: [1][100/301]	Time  0.005 ( 0.008)	Loss 3.0515e-01 (5.1557e-01)	Acc pseudo  90.62 ( 85.50)	Lr 1.000e-03 (1.000e-03)
2025-12-19 03:51:32,132 - INFO: Epoch: [1][150/301]	Time  0.004 ( 0.007)	Loss 7.6352e-01 (5.1188e-01)	Acc pseudo  76.56 ( 85.64)	Lr 1.000e-03 (1.000e-03)
2025-12-19 03:51:32,361 - INFO: Epoch: [1][200/301]	Time  0.004 ( 0.006)	Loss 4.8010e-01 (5.1967e-01)	Acc pseudo  84.38 ( 85.70)	Lr 1.000e-03 (1.000e-03)
2025-12-19 03:51:32,593 - INFO: Epoch: [1][250/301]	Time  0.004 ( 0.006)	Loss 5.0871e-01 (5.1328e-01)	Acc pseudo  84.38 ( 85.55)	Lr 1.000e-03 (1.000e-03)
2025-12-19 03:51:32,813 - INFO: Epoch: [1][300/301]	Time  0.003 ( 0.006)	Loss 3.8045e-01 (5.1760e-01)	Acc pseudo  80.00 ( 85.32)	Lr 1.000e-03 (1.000e-03)
2025-12-19 03:51:32,887 - INFO: Round 3, Fine-tune Epoch 1: loss=0.5176, acc(pseudo)=85.32%
2025-12-19 03:51:40,493 - INFO: Round 3, Fine-tune Epoch 1: acc(valid_pseudo): 0.9725, acc(valid): 0.8300
2025-12-19 03:51:41,315 - INFO: Epoch: [2][  0/301]	Time  0.361 ( 0.361)	Loss 3.1367e-01 (3.1367e-01)	Acc pseudo  92.19 ( 92.19)	Lr 1.000e-03 (1.000e-03)
2025-12-19 03:51:41,530 - INFO: Epoch: [2][ 50/301]	Time  0.004 ( 0.011)	Loss 2.7463e-01 (4.7025e-01)	Acc pseudo  92.19 ( 85.29)	Lr 1.000e-03 (1.000e-03)
2025-12-19 03:51:41,731 - INFO: Epoch: [2][100/301]	Time  0.003 ( 0.008)	Loss 3.7303e-01 (4.7019e-01)	Acc pseudo  81.25 ( 86.01)	Lr 1.000e-03 (1.000e-03)
2025-12-19 03:51:41,927 - INFO: Epoch: [2][150/301]	Time  0.004 ( 0.006)	Loss 5.0081e-01 (4.6725e-01)	Acc pseudo  90.62 ( 85.91)	Lr 1.000e-03 (1.000e-03)
2025-12-19 03:51:42,152 - INFO: Epoch: [2][200/301]	Time  0.005 ( 0.006)	Loss 4.2548e-01 (4.6941e-01)	Acc pseudo  89.06 ( 86.03)	Lr 1.000e-03 (1.000e-03)
2025-12-19 03:51:42,396 - INFO: Epoch: [2][250/301]	Time  0.005 ( 0.006)	Loss 2.8509e-01 (4.7166e-01)	Acc pseudo  92.19 ( 85.90)	Lr 1.000e-03 (1.000e-03)
2025-12-19 03:51:42,627 - INFO: Epoch: [2][300/301]	Time  0.004 ( 0.005)	Loss 5.5941e-01 (4.7398e-01)	Acc pseudo  88.00 ( 85.77)	Lr 1.000e-03 (1.000e-03)
2025-12-19 03:51:42,686 - INFO: Round 3, Fine-tune Epoch 2: loss=0.4740, acc(pseudo)=85.77%
2025-12-19 03:51:51,015 - INFO: Round 3, Fine-tune Epoch 2: acc(valid_pseudo): 0.9684, acc(valid): 0.8350
2025-12-19 03:51:51,015 - INFO: Round 3, Fine-tune Epoch 2: No improvement in validation accuracy. Patience(epoch): 1/5
2025-12-19 03:51:51,337 - INFO: Epoch: [3][  0/301]	Time  0.316 ( 0.316)	Loss 4.2911e-01 (4.2911e-01)	Acc pseudo  85.94 ( 85.94)	Lr 1.000e-03 (1.000e-03)
2025-12-19 03:51:51,586 - INFO: Epoch: [3][ 50/301]	Time  0.005 ( 0.011)	Loss 7.4967e-01 (4.2153e-01)	Acc pseudo  81.25 ( 87.68)	Lr 1.000e-03 (1.000e-03)
2025-12-19 03:51:51,846 - INFO: Epoch: [3][100/301]	Time  0.005 ( 0.008)	Loss 6.2283e-01 (4.3394e-01)	Acc pseudo  82.81 ( 86.90)	Lr 1.000e-03 (1.000e-03)
2025-12-19 03:51:52,084 - INFO: Epoch: [3][150/301]	Time  0.004 ( 0.007)	Loss 4.4755e-01 (4.4871e-01)	Acc pseudo  84.38 ( 86.59)	Lr 1.000e-03 (1.000e-03)
2025-12-19 03:51:52,328 - INFO: Epoch: [3][200/301]	Time  0.005 ( 0.006)	Loss 2.3099e-01 (4.5689e-01)	Acc pseudo  92.19 ( 86.38)	Lr 1.000e-03 (1.000e-03)
2025-12-19 03:51:52,555 - INFO: Epoch: [3][250/301]	Time  0.004 ( 0.006)	Loss 5.2142e-01 (4.5863e-01)	Acc pseudo  87.50 ( 86.28)	Lr 1.000e-03 (1.000e-03)
2025-12-19 03:51:52,757 - INFO: Epoch: [3][300/301]	Time  0.003 ( 0.006)	Loss 6.1232e-01 (4.5997e-01)	Acc pseudo  84.00 ( 86.22)	Lr 1.000e-03 (1.000e-03)
2025-12-19 03:51:52,838 - INFO: Round 3, Fine-tune Epoch 3: loss=0.4600, acc(pseudo)=86.22%
2025-12-19 03:52:00,952 - INFO: Round 3, Fine-tune Epoch 3: acc(valid_pseudo): 0.9748, acc(valid): 0.8350
2025-12-19 03:52:01,461 - INFO: Epoch: [4][  0/301]	Time  0.218 ( 0.218)	Loss 5.4380e-01 (5.4380e-01)	Acc pseudo  81.25 ( 81.25)	Lr 1.000e-03 (1.000e-03)
2025-12-19 03:52:01,677 - INFO: Epoch: [4][ 50/301]	Time  0.004 ( 0.008)	Loss 1.1337e+00 (4.6302e-01)	Acc pseudo  84.38 ( 85.88)	Lr 1.000e-03 (1.000e-03)
2025-12-19 03:52:01,909 - INFO: Epoch: [4][100/301]	Time  0.006 ( 0.006)	Loss 4.4022e-01 (4.3952e-01)	Acc pseudo  85.94 ( 85.89)	Lr 1.000e-03 (1.000e-03)
2025-12-19 03:52:02,138 - INFO: Epoch: [4][150/301]	Time  0.005 ( 0.006)	Loss 2.2134e-01 (4.3709e-01)	Acc pseudo  90.62 ( 86.17)	Lr 1.000e-03 (1.000e-03)
2025-12-19 03:52:02,353 - INFO: Epoch: [4][200/301]	Time  0.004 ( 0.005)	Loss 4.2668e-01 (4.3970e-01)	Acc pseudo  92.19 ( 86.44)	Lr 1.000e-03 (1.000e-03)
2025-12-19 03:52:02,567 - INFO: Epoch: [4][250/301]	Time  0.004 ( 0.005)	Loss 5.6929e-01 (4.4541e-01)	Acc pseudo  85.94 ( 86.27)	Lr 1.000e-03 (1.000e-03)
2025-12-19 03:52:02,770 - INFO: Epoch: [4][300/301]	Time  0.003 ( 0.005)	Loss 3.4145e-01 (4.4802e-01)	Acc pseudo  88.00 ( 86.28)	Lr 1.000e-03 (1.000e-03)
2025-12-19 03:52:02,856 - INFO: Round 3, Fine-tune Epoch 4: loss=0.4480, acc(pseudo)=86.28%
2025-12-19 03:52:10,111 - INFO: Round 3, Fine-tune Epoch 4: acc(valid_pseudo): 0.9643, acc(valid): 0.8250
2025-12-19 03:52:10,112 - INFO: Round 3, Fine-tune Epoch 4: No improvement in validation accuracy. Patience(epoch): 1/5
2025-12-19 03:52:10,434 - INFO: Epoch: [5][  0/301]	Time  0.315 ( 0.315)	Loss 4.9388e-01 (4.9388e-01)	Acc pseudo  81.25 ( 81.25)	Lr 1.000e-03 (1.000e-03)
2025-12-19 03:52:10,685 - INFO: Epoch: [5][ 50/301]	Time  0.005 ( 0.011)	Loss 4.2896e-01 (4.0690e-01)	Acc pseudo  89.06 ( 87.71)	Lr 1.000e-03 (1.000e-03)
2025-12-19 03:52:10,924 - INFO: Epoch: [5][100/301]	Time  0.004 ( 0.008)	Loss 5.4030e-01 (4.1348e-01)	Acc pseudo  81.25 ( 87.44)	Lr 1.000e-03 (1.000e-03)
2025-12-19 03:52:11,157 - INFO: Epoch: [5][150/301]	Time  0.005 ( 0.007)	Loss 5.8420e-01 (4.1200e-01)	Acc pseudo  85.94 ( 87.31)	Lr 1.000e-03 (1.000e-03)
2025-12-19 03:52:11,380 - INFO: Epoch: [5][200/301]	Time  0.004 ( 0.006)	Loss 3.0445e-01 (4.2062e-01)	Acc pseudo  84.38 ( 87.03)	Lr 1.000e-03 (1.000e-03)
2025-12-19 03:52:11,635 - INFO: Epoch: [5][250/301]	Time  0.005 ( 0.006)	Loss 2.7825e-01 (4.2595e-01)	Acc pseudo  85.94 ( 87.03)	Lr 1.000e-03 (1.000e-03)
2025-12-19 03:52:11,842 - INFO: Epoch: [5][300/301]	Time  0.003 ( 0.006)	Loss 1.6023e+00 (4.3611e-01)	Acc pseudo  76.00 ( 86.86)	Lr 1.000e-03 (1.000e-03)
2025-12-19 03:52:11,926 - INFO: Round 3, Fine-tune Epoch 5: loss=0.4361, acc(pseudo)=86.86%
2025-12-19 03:52:18,512 - INFO: Round 3, Fine-tune Epoch 5: acc(valid_pseudo): 0.9664, acc(valid): 0.8325
2025-12-19 03:52:18,513 - INFO: Round 3, Fine-tune Epoch 5: No improvement in validation accuracy. Patience(epoch): 2/5
2025-12-19 03:52:18,732 - INFO: Epoch: [6][  0/301]	Time  0.214 ( 0.214)	Loss 5.5793e-01 (5.5793e-01)	Acc pseudo  81.25 ( 81.25)	Lr 1.000e-03 (1.000e-03)
2025-12-19 03:52:18,966 - INFO: Epoch: [6][ 50/301]	Time  0.004 ( 0.009)	Loss 3.2058e-01 (4.0637e-01)	Acc pseudo  90.62 ( 86.76)	Lr 1.000e-03 (1.000e-03)
2025-12-19 03:52:19,185 - INFO: Epoch: [6][100/301]	Time  0.004 ( 0.006)	Loss 4.2048e-01 (3.9710e-01)	Acc pseudo  85.94 ( 87.35)	Lr 1.000e-03 (1.000e-03)
2025-12-19 03:52:19,400 - INFO: Epoch: [6][150/301]	Time  0.004 ( 0.006)	Loss 2.4633e-01 (4.0784e-01)	Acc pseudo  90.62 ( 87.03)	Lr 1.000e-03 (1.000e-03)
2025-12-19 03:52:19,620 - INFO: Epoch: [6][200/301]	Time  0.004 ( 0.005)	Loss 2.9442e-01 (4.1887e-01)	Acc pseudo  90.62 ( 86.78)	Lr 1.000e-03 (1.000e-03)
2025-12-19 03:52:19,833 - INFO: Epoch: [6][250/301]	Time  0.005 ( 0.005)	Loss 3.7627e-01 (4.2188e-01)	Acc pseudo  89.06 ( 86.87)	Lr 1.000e-03 (1.000e-03)
2025-12-19 03:52:20,029 - INFO: Epoch: [6][300/301]	Time  0.003 ( 0.005)	Loss 4.5875e-01 (4.2502e-01)	Acc pseudo  92.00 ( 86.69)	Lr 1.000e-03 (1.000e-03)
2025-12-19 03:52:20,111 - INFO: Round 3, Fine-tune Epoch 6: loss=0.4250, acc(pseudo)=86.69%
2025-12-19 03:52:28,557 - INFO: Round 3, Fine-tune Epoch 6: acc(valid_pseudo): 0.9757, acc(valid): 0.8475
2025-12-19 03:52:29,197 - INFO: Epoch: [7][  0/301]	Time  0.303 ( 0.303)	Loss 3.4419e-01 (3.4419e-01)	Acc pseudo  84.38 ( 84.38)	Lr 1.000e-03 (1.000e-03)
2025-12-19 03:52:29,439 - INFO: Epoch: [7][ 50/301]	Time  0.004 ( 0.011)	Loss 2.9492e-01 (3.5711e-01)	Acc pseudo  87.50 ( 88.17)	Lr 1.000e-03 (1.000e-03)
2025-12-19 03:52:29,666 - INFO: Epoch: [7][100/301]	Time  0.004 ( 0.008)	Loss 3.2225e-01 (3.9159e-01)	Acc pseudo  95.31 ( 87.59)	Lr 1.000e-03 (1.000e-03)
2025-12-19 03:52:29,902 - INFO: Epoch: [7][150/301]	Time  0.005 ( 0.007)	Loss 3.8573e-01 (3.9899e-01)	Acc pseudo  89.06 ( 87.46)	Lr 1.000e-03 (1.000e-03)
2025-12-19 03:52:30,121 - INFO: Epoch: [7][200/301]	Time  0.004 ( 0.006)	Loss 4.5456e-01 (4.1162e-01)	Acc pseudo  90.62 ( 87.24)	Lr 1.000e-03 (1.000e-03)
2025-12-19 03:52:30,331 - INFO: Epoch: [7][250/301]	Time  0.004 ( 0.006)	Loss 5.6244e-01 (4.1756e-01)	Acc pseudo  82.81 ( 87.11)	Lr 1.000e-03 (1.000e-03)
2025-12-19 03:52:30,533 - INFO: Epoch: [7][300/301]	Time  0.003 ( 0.005)	Loss 5.2510e-01 (4.2012e-01)	Acc pseudo  84.00 ( 87.05)	Lr 1.000e-03 (1.000e-03)
2025-12-19 03:52:30,624 - INFO: Round 3, Fine-tune Epoch 7: loss=0.4201, acc(pseudo)=87.05%
2025-12-19 03:52:39,929 - INFO: Round 3, Fine-tune Epoch 7: acc(valid_pseudo): 0.9757, acc(valid): 0.8375
2025-12-19 03:52:39,929 - INFO: Round 3, Fine-tune Epoch 7: No improvement in validation accuracy. Patience(epoch): 1/5
2025-12-19 03:52:40,145 - INFO: Epoch: [8][  0/301]	Time  0.211 ( 0.211)	Loss 4.4050e-01 (4.4050e-01)	Acc pseudo  90.62 ( 90.62)	Lr 1.000e-03 (1.000e-03)
2025-12-19 03:52:40,384 - INFO: Epoch: [8][ 50/301]	Time  0.005 ( 0.009)	Loss 3.1663e-01 (3.9213e-01)	Acc pseudo  90.62 ( 87.41)	Lr 1.000e-03 (1.000e-03)
2025-12-19 03:52:40,624 - INFO: Epoch: [8][100/301]	Time  0.005 ( 0.007)	Loss 9.5467e-01 (4.0716e-01)	Acc pseudo  81.25 ( 87.10)	Lr 1.000e-03 (1.000e-03)
2025-12-19 03:52:40,861 - INFO: Epoch: [8][150/301]	Time  0.005 ( 0.006)	Loss 3.6228e-01 (4.2209e-01)	Acc pseudo  85.94 ( 86.83)	Lr 1.000e-03 (1.000e-03)
2025-12-19 03:52:41,091 - INFO: Epoch: [8][200/301]	Time  0.005 ( 0.006)	Loss 6.2953e-01 (4.2200e-01)	Acc pseudo  85.94 ( 86.78)	Lr 1.000e-03 (1.000e-03)
2025-12-19 03:52:41,328 - INFO: Epoch: [8][250/301]	Time  0.004 ( 0.005)	Loss 3.1500e-01 (4.2525e-01)	Acc pseudo  90.62 ( 86.57)	Lr 1.000e-03 (1.000e-03)
2025-12-19 03:52:41,553 - INFO: Epoch: [8][300/301]	Time  0.004 ( 0.005)	Loss 5.0095e-01 (4.3962e-01)	Acc pseudo  84.00 ( 86.35)	Lr 1.000e-03 (1.000e-03)
2025-12-19 03:52:41,642 - INFO: Round 3, Fine-tune Epoch 8: loss=0.4396, acc(pseudo)=86.35%
2025-12-19 03:52:49,023 - INFO: Round 3, Fine-tune Epoch 8: acc(valid_pseudo): 0.9681, acc(valid): 0.8300
2025-12-19 03:52:49,023 - INFO: Round 3, Fine-tune Epoch 8: No improvement in validation accuracy. Patience(epoch): 2/5
2025-12-19 03:52:49,239 - INFO: Epoch: [9][  0/301]	Time  0.211 ( 0.211)	Loss 3.3807e-01 (3.3807e-01)	Acc pseudo  84.38 ( 84.38)	Lr 1.000e-03 (1.000e-03)
2025-12-19 03:52:49,504 - INFO: Epoch: [9][ 50/301]	Time  0.005 ( 0.009)	Loss 3.4474e-01 (4.0095e-01)	Acc pseudo  84.38 ( 87.04)	Lr 1.000e-03 (1.000e-03)
2025-12-19 03:52:49,753 - INFO: Epoch: [9][100/301]	Time  0.005 ( 0.007)	Loss 3.5988e-01 (4.1693e-01)	Acc pseudo  87.50 ( 86.49)	Lr 1.000e-03 (1.000e-03)
2025-12-19 03:52:49,996 - INFO: Epoch: [9][150/301]	Time  0.005 ( 0.006)	Loss 1.7140e-01 (4.2167e-01)	Acc pseudo  95.31 ( 86.54)	Lr 1.000e-03 (1.000e-03)
2025-12-19 03:52:50,284 - INFO: Epoch: [9][200/301]	Time  0.006 ( 0.006)	Loss 2.9932e-01 (4.1814e-01)	Acc pseudo  85.94 ( 86.44)	Lr 1.000e-03 (1.000e-03)
2025-12-19 03:52:50,539 - INFO: Epoch: [9][250/301]	Time  0.004 ( 0.006)	Loss 3.7296e-01 (4.1693e-01)	Acc pseudo  85.94 ( 86.57)	Lr 1.000e-03 (1.000e-03)
2025-12-19 03:52:50,767 - INFO: Epoch: [9][300/301]	Time  0.003 ( 0.006)	Loss 3.7397e-01 (4.1942e-01)	Acc pseudo  88.00 ( 86.62)	Lr 1.000e-03 (1.000e-03)
2025-12-19 03:52:50,845 - INFO: Round 3, Fine-tune Epoch 9: loss=0.4194, acc(pseudo)=86.62%
2025-12-19 03:52:58,388 - INFO: Round 3, Fine-tune Epoch 9: acc(valid_pseudo): 0.9734, acc(valid): 0.8350
2025-12-19 03:52:58,389 - INFO: Round 3, Fine-tune Epoch 9: No improvement in validation accuracy. Patience(epoch): 3/5
2025-12-19 03:52:58,613 - INFO: Epoch: [10][  0/301]	Time  0.220 ( 0.220)	Loss 6.0830e-01 (6.0830e-01)	Acc pseudo  82.81 ( 82.81)	Lr 1.000e-03 (1.000e-03)
2025-12-19 03:52:58,829 - INFO: Epoch: [10][ 50/301]	Time  0.004 ( 0.008)	Loss 3.8522e-01 (4.2142e-01)	Acc pseudo  87.50 ( 85.97)	Lr 1.000e-03 (1.000e-03)
2025-12-19 03:52:59,040 - INFO: Epoch: [10][100/301]	Time  0.004 ( 0.006)	Loss 2.4836e-01 (4.1355e-01)	Acc pseudo  89.06 ( 86.25)	Lr 1.000e-03 (1.000e-03)
2025-12-19 03:52:59,288 - INFO: Epoch: [10][150/301]	Time  0.004 ( 0.006)	Loss 3.8470e-01 (4.1293e-01)	Acc pseudo  89.06 ( 86.49)	Lr 1.000e-03 (1.000e-03)
2025-12-19 03:52:59,525 - INFO: Epoch: [10][200/301]	Time  0.004 ( 0.006)	Loss 3.0445e-01 (4.0679e-01)	Acc pseudo  90.62 ( 86.83)	Lr 1.000e-03 (1.000e-03)
2025-12-19 03:52:59,759 - INFO: Epoch: [10][250/301]	Time  0.005 ( 0.005)	Loss 2.6657e-01 (4.0225e-01)	Acc pseudo  89.06 ( 87.08)	Lr 1.000e-03 (1.000e-03)
2025-12-19 03:52:59,996 - INFO: Epoch: [10][300/301]	Time  0.004 ( 0.005)	Loss 7.3494e-01 (4.1678e-01)	Acc pseudo  80.00 ( 86.74)	Lr 1.000e-03 (1.000e-03)
2025-12-19 03:53:00,081 - INFO: Round 3, Fine-tune Epoch 10: loss=0.4168, acc(pseudo)=86.74%
2025-12-19 03:53:07,780 - INFO: Round 3, Fine-tune Epoch 10: acc(valid_pseudo): 0.9661, acc(valid): 0.8325
2025-12-19 03:53:07,780 - INFO: Round 3, Fine-tune Epoch 10: No improvement in validation accuracy. Patience(epoch): 4/5
2025-12-19 03:53:08,101 - INFO: Epoch: [11][  0/301]	Time  0.313 ( 0.313)	Loss 2.8826e-01 (2.8826e-01)	Acc pseudo  92.19 ( 92.19)	Lr 1.000e-03 (1.000e-03)
2025-12-19 03:53:08,368 - INFO: Epoch: [11][ 50/301]	Time  0.004 ( 0.011)	Loss 3.0679e-01 (4.0173e-01)	Acc pseudo  90.62 ( 87.13)	Lr 1.000e-03 (1.000e-03)
2025-12-19 03:53:08,611 - INFO: Epoch: [11][100/301]	Time  0.004 ( 0.008)	Loss 2.6507e-01 (3.9482e-01)	Acc pseudo  92.19 ( 87.38)	Lr 1.000e-03 (1.000e-03)
2025-12-19 03:53:08,830 - INFO: Epoch: [11][150/301]	Time  0.005 ( 0.007)	Loss 7.8606e-01 (3.9723e-01)	Acc pseudo  78.12 ( 87.24)	Lr 1.000e-03 (1.000e-03)
2025-12-19 03:53:09,051 - INFO: Epoch: [11][200/301]	Time  0.004 ( 0.006)	Loss 4.2307e-01 (3.9637e-01)	Acc pseudo  87.50 ( 87.21)	Lr 1.000e-03 (1.000e-03)
2025-12-19 03:53:09,264 - INFO: Epoch: [11][250/301]	Time  0.004 ( 0.006)	Loss 2.0519e-01 (4.0557e-01)	Acc pseudo  93.75 ( 86.95)	Lr 1.000e-03 (1.000e-03)
2025-12-19 03:53:09,463 - INFO: Epoch: [11][300/301]	Time  0.003 ( 0.005)	Loss 4.5007e-01 (4.0306e-01)	Acc pseudo  88.00 ( 87.03)	Lr 1.000e-03 (1.000e-03)
2025-12-19 03:53:09,552 - INFO: Round 3, Fine-tune Epoch 11: loss=0.4031, acc(pseudo)=87.03%
2025-12-19 03:53:17,438 - INFO: Round 3, Fine-tune Epoch 11: acc(valid_pseudo): 0.9778, acc(valid): 0.8550
2025-12-19 03:53:18,182 - INFO: Epoch: [12][  0/301]	Time  0.312 ( 0.312)	Loss 4.2512e-01 (4.2512e-01)	Acc pseudo  81.25 ( 81.25)	Lr 1.000e-03 (1.000e-03)
2025-12-19 03:53:18,439 - INFO: Epoch: [12][ 50/301]	Time  0.005 ( 0.011)	Loss 3.0982e-01 (3.7327e-01)	Acc pseudo  89.06 ( 86.64)	Lr 1.000e-03 (1.000e-03)
2025-12-19 03:53:18,682 - INFO: Epoch: [12][100/301]	Time  0.004 ( 0.008)	Loss 2.6579e-01 (3.8847e-01)	Acc pseudo  87.50 ( 86.62)	Lr 1.000e-03 (1.000e-03)
2025-12-19 03:53:18,908 - INFO: Epoch: [12][150/301]	Time  0.005 ( 0.007)	Loss 2.3147e-01 (3.9917e-01)	Acc pseudo  90.62 ( 86.81)	Lr 1.000e-03 (1.000e-03)
2025-12-19 03:53:19,140 - INFO: Epoch: [12][200/301]	Time  0.005 ( 0.006)	Loss 4.6977e-01 (3.9407e-01)	Acc pseudo  84.38 ( 87.10)	Lr 1.000e-03 (1.000e-03)
2025-12-19 03:53:19,372 - INFO: Epoch: [12][250/301]	Time  0.004 ( 0.006)	Loss 4.9263e-01 (3.9827e-01)	Acc pseudo  87.50 ( 87.05)	Lr 1.000e-03 (1.000e-03)
2025-12-19 03:53:19,590 - INFO: Epoch: [12][300/301]	Time  0.003 ( 0.006)	Loss 4.6865e-01 (4.0404e-01)	Acc pseudo  80.00 ( 87.08)	Lr 1.000e-03 (1.000e-03)
2025-12-19 03:53:19,663 - INFO: Round 3, Fine-tune Epoch 12: loss=0.4040, acc(pseudo)=87.08%
2025-12-19 03:53:27,913 - INFO: Round 3, Fine-tune Epoch 12: acc(valid_pseudo): 0.9409, acc(valid): 0.8050
2025-12-19 03:53:27,913 - INFO: Round 3, Fine-tune Epoch 12: No improvement in validation accuracy. Patience(epoch): 1/5
2025-12-19 03:53:28,138 - INFO: Epoch: [13][  0/301]	Time  0.219 ( 0.219)	Loss 2.5475e-01 (2.5475e-01)	Acc pseudo  90.62 ( 90.62)	Lr 1.000e-03 (1.000e-03)
2025-12-19 03:53:28,354 - INFO: Epoch: [13][ 50/301]	Time  0.005 ( 0.008)	Loss 2.2860e-01 (3.8324e-01)	Acc pseudo  95.31 ( 87.59)	Lr 1.000e-03 (1.000e-03)
2025-12-19 03:53:28,584 - INFO: Epoch: [13][100/301]	Time  0.004 ( 0.006)	Loss 3.9498e-01 (3.8777e-01)	Acc pseudo  85.94 ( 87.41)	Lr 1.000e-03 (1.000e-03)
2025-12-19 03:53:28,823 - INFO: Epoch: [13][150/301]	Time  0.005 ( 0.006)	Loss 4.0775e-01 (3.9053e-01)	Acc pseudo  87.50 ( 87.40)	Lr 1.000e-03 (1.000e-03)
2025-12-19 03:53:29,050 - INFO: Epoch: [13][200/301]	Time  0.005 ( 0.006)	Loss 4.7528e-01 (3.9122e-01)	Acc pseudo  82.81 ( 87.28)	Lr 1.000e-03 (1.000e-03)
2025-12-19 03:53:29,286 - INFO: Epoch: [13][250/301]	Time  0.005 ( 0.005)	Loss 3.5512e-01 (4.0166e-01)	Acc pseudo  89.06 ( 87.09)	Lr 1.000e-03 (1.000e-03)
2025-12-19 03:53:29,482 - INFO: Epoch: [13][300/301]	Time  0.003 ( 0.005)	Loss 4.9451e-01 (3.9810e-01)	Acc pseudo  84.00 ( 87.19)	Lr 1.000e-03 (1.000e-03)
2025-12-19 03:53:29,570 - INFO: Round 3, Fine-tune Epoch 13: loss=0.3981, acc(pseudo)=87.19%
2025-12-19 03:53:35,582 - INFO: Round 3, Fine-tune Epoch 13: acc(valid_pseudo): 0.9555, acc(valid): 0.8250
2025-12-19 03:53:35,582 - INFO: Round 3, Fine-tune Epoch 13: No improvement in validation accuracy. Patience(epoch): 2/5
2025-12-19 03:53:35,908 - INFO: Epoch: [14][  0/301]	Time  0.318 ( 0.318)	Loss 2.7488e-01 (2.7488e-01)	Acc pseudo  89.06 ( 89.06)	Lr 1.000e-03 (1.000e-03)
2025-12-19 03:53:36,154 - INFO: Epoch: [14][ 50/301]	Time  0.004 ( 0.011)	Loss 4.9880e-01 (3.8615e-01)	Acc pseudo  89.06 ( 87.01)	Lr 1.000e-03 (1.000e-03)
2025-12-19 03:53:36,400 - INFO: Epoch: [14][100/301]	Time  0.005 ( 0.008)	Loss 3.1942e-01 (3.9829e-01)	Acc pseudo  90.62 ( 87.11)	Lr 1.000e-03 (1.000e-03)
2025-12-19 03:53:36,644 - INFO: Epoch: [14][150/301]	Time  0.005 ( 0.007)	Loss 2.1884e-01 (3.9825e-01)	Acc pseudo  90.62 ( 87.22)	Lr 1.000e-03 (1.000e-03)
2025-12-19 03:53:36,879 - INFO: Epoch: [14][200/301]	Time  0.005 ( 0.006)	Loss 6.3964e-01 (3.9245e-01)	Acc pseudo  87.50 ( 87.19)	Lr 1.000e-03 (1.000e-03)
2025-12-19 03:53:37,105 - INFO: Epoch: [14][250/301]	Time  0.004 ( 0.006)	Loss 3.1614e-01 (3.9363e-01)	Acc pseudo  87.50 ( 87.25)	Lr 1.000e-03 (1.000e-03)
2025-12-19 03:53:37,292 - INFO: Epoch: [14][300/301]	Time  0.002 ( 0.006)	Loss 1.6349e-01 (3.9524e-01)	Acc pseudo 100.00 ( 87.27)	Lr 1.000e-03 (1.000e-03)
2025-12-19 03:53:37,350 - INFO: Round 3, Fine-tune Epoch 14: loss=0.3952, acc(pseudo)=87.27%
2025-12-19 03:53:44,962 - INFO: Round 3, Fine-tune Epoch 14: acc(valid_pseudo): 0.9766, acc(valid): 0.8450
2025-12-19 03:53:44,963 - INFO: Round 3, Fine-tune Epoch 14: No improvement in validation accuracy. Patience(epoch): 3/5
2025-12-19 03:53:45,378 - INFO: Epoch: [15][  0/301]	Time  0.386 ( 0.386)	Loss 4.0171e-01 (4.0171e-01)	Acc pseudo  87.50 ( 87.50)	Lr 1.000e-03 (1.000e-03)
2025-12-19 03:53:45,629 - INFO: Epoch: [15][ 50/301]	Time  0.004 ( 0.012)	Loss 2.7066e-01 (3.4611e-01)	Acc pseudo  90.62 ( 88.02)	Lr 1.000e-03 (1.000e-03)
2025-12-19 03:53:45,859 - INFO: Epoch: [15][100/301]	Time  0.004 ( 0.008)	Loss 3.4593e-01 (3.5552e-01)	Acc pseudo  84.38 ( 87.70)	Lr 1.000e-03 (1.000e-03)
2025-12-19 03:53:46,091 - INFO: Epoch: [15][150/301]	Time  0.004 ( 0.007)	Loss 5.4394e-01 (3.6581e-01)	Acc pseudo  87.50 ( 87.67)	Lr 1.000e-03 (1.000e-03)
2025-12-19 03:53:46,324 - INFO: Epoch: [15][200/301]	Time  0.004 ( 0.007)	Loss 2.5274e-01 (3.7400e-01)	Acc pseudo  95.31 ( 87.59)	Lr 1.000e-03 (1.000e-03)
2025-12-19 03:53:46,542 - INFO: Epoch: [15][250/301]	Time  0.005 ( 0.006)	Loss 5.4460e-01 (3.8257e-01)	Acc pseudo  82.81 ( 87.40)	Lr 1.000e-03 (1.000e-03)
2025-12-19 03:53:46,732 - INFO: Epoch: [15][300/301]	Time  0.004 ( 0.006)	Loss 1.3727e+00 (3.8725e-01)	Acc pseudo  64.00 ( 87.29)	Lr 1.000e-03 (1.000e-03)
2025-12-19 03:53:46,813 - INFO: Round 3, Fine-tune Epoch 15: loss=0.3872, acc(pseudo)=87.29%
2025-12-19 03:53:53,910 - INFO: Round 3, Fine-tune Epoch 15: acc(valid_pseudo): 0.9687, acc(valid): 0.8375
2025-12-19 03:53:53,911 - INFO: Round 3, Fine-tune Epoch 15: No improvement in validation accuracy. Patience(epoch): 4/5
2025-12-19 03:53:54,128 - INFO: Epoch: [16][  0/301]	Time  0.212 ( 0.212)	Loss 2.8928e-01 (2.8928e-01)	Acc pseudo  93.75 ( 93.75)	Lr 1.000e-03 (1.000e-03)
2025-12-19 03:53:54,506 - INFO: Epoch: [16][ 50/301]	Time  0.005 ( 0.011)	Loss 4.1717e-01 (4.0126e-01)	Acc pseudo  87.50 ( 87.53)	Lr 1.000e-03 (1.000e-03)
2025-12-19 03:53:54,710 - INFO: Epoch: [16][100/301]	Time  0.004 ( 0.008)	Loss 3.9967e-01 (3.8665e-01)	Acc pseudo  89.06 ( 87.76)	Lr 1.000e-03 (1.000e-03)
2025-12-19 03:53:54,922 - INFO: Epoch: [16][150/301]	Time  0.004 ( 0.007)	Loss 3.9904e-01 (3.7459e-01)	Acc pseudo  85.94 ( 88.07)	Lr 1.000e-03 (1.000e-03)
2025-12-19 03:53:55,139 - INFO: Epoch: [16][200/301]	Time  0.004 ( 0.006)	Loss 3.9965e-01 (3.7881e-01)	Acc pseudo  87.50 ( 87.87)	Lr 1.000e-03 (1.000e-03)
2025-12-19 03:53:55,350 - INFO: Epoch: [16][250/301]	Time  0.003 ( 0.006)	Loss 3.7058e-01 (3.8477e-01)	Acc pseudo  92.19 ( 87.63)	Lr 1.000e-03 (1.000e-03)
2025-12-19 03:53:55,534 - INFO: Epoch: [16][300/301]	Time  0.003 ( 0.005)	Loss 2.9488e-01 (3.8807e-01)	Acc pseudo  88.00 ( 87.45)	Lr 1.000e-03 (1.000e-03)
2025-12-19 03:53:55,620 - INFO: Round 3, Fine-tune Epoch 16: loss=0.3881, acc(pseudo)=87.45%
2025-12-19 03:54:03,404 - INFO: Round 3, Fine-tune Epoch 16: acc(valid_pseudo): 0.9649, acc(valid): 0.8475
2025-12-19 03:54:03,404 - INFO: Round 3, Fine-tune Epoch 16: No improvement in validation accuracy. Patience(epoch): 5/5
2025-12-19 03:54:03,404 - INFO: Early stopping at epoch 16 due to no improvement in validation accuracy for 5 epochs.
2025-12-19 03:54:03,406 - INFO: Round 3: Best fine-tuned epoch=11, acc(valid_pseudo)=0.9778
2025-12-19 03:54:03,457 - INFO: Using HMM model from previous round: runs/I love my family/exp_video/result/self_supervised/exp0/round2/pseudo_label/hmm_params.pkl
2025-12-19 04:39:25,124 - INFO: Round 3: acc(valid)=0.8675, acc(test)=0.8525
2025-12-19 04:39:25,260 - INFO: New best acc(valid) at round 3: acc(valid)=0.8675, acc(test)=0.8525
2025-12-19 04:39:25,262 - INFO: ====================
2025-12-19 04:39:25,263 - INFO: Round 4: Fine-tuning iteration
2025-12-19 04:39:25,263 - INFO: ====================
2025-12-19 04:39:25,271 - INFO: Round 4 Part 1: Fine-tuning embedding model
2025-12-19 04:39:25,272 - INFO: Using pseudo-label file: runs/I love my family/exp_video/result/self_supervised/exp0/round3/pseudo_label/pseudo_labels_audio_nested_hmm_full(unreliable_pp=100.0).json
2025-12-19 04:39:25,384 - INFO: Fine-tuning embedding model for 20 epochs...
2025-12-19 04:39:25,609 - INFO: Epoch: [0][  0/301]	Time  0.220 ( 0.220)	Loss 4.4025e-01 (4.4025e-01)	Acc pseudo  84.38 ( 84.38)	Lr 1.000e-03 (1.000e-03)
2025-12-19 04:39:25,859 - INFO: Epoch: [0][ 50/301]	Time  0.006 ( 0.009)	Loss 3.5101e-01 (4.1479e-01)	Acc pseudo  90.62 ( 87.44)	Lr 1.000e-03 (1.000e-03)
2025-12-19 04:39:26,143 - INFO: Epoch: [0][100/301]	Time  0.006 ( 0.007)	Loss 3.6389e-01 (4.1060e-01)	Acc pseudo  89.06 ( 87.84)	Lr 1.000e-03 (1.000e-03)
2025-12-19 04:39:26,421 - INFO: Epoch: [0][150/301]	Time  0.005 ( 0.007)	Loss 7.5158e-01 (4.0983e-01)	Acc pseudo  79.69 ( 87.92)	Lr 1.000e-03 (1.000e-03)
2025-12-19 04:39:26,707 - INFO: Epoch: [0][200/301]	Time  0.006 ( 0.006)	Loss 2.8103e-01 (4.1435e-01)	Acc pseudo  89.06 ( 87.75)	Lr 1.000e-03 (1.000e-03)
2025-12-19 04:39:26,982 - INFO: Epoch: [0][250/301]	Time  0.005 ( 0.006)	Loss 4.0848e-01 (4.2528e-01)	Acc pseudo  85.94 ( 87.47)	Lr 1.000e-03 (1.000e-03)
2025-12-19 04:39:27,240 - INFO: Epoch: [0][300/301]	Time  0.004 ( 0.006)	Loss 6.3174e-02 (4.2213e-01)	Acc pseudo 100.00 ( 87.42)	Lr 1.000e-03 (1.000e-03)
2025-12-19 04:39:27,299 - INFO: Round 4, Fine-tune Epoch 0: loss=0.4221, acc(pseudo)=87.42%
2025-12-19 04:39:34,806 - INFO: Round 4, Fine-tune Epoch 0: acc(valid_pseudo): 0.9737, acc(valid): 0.8525
2025-12-19 04:39:35,659 - INFO: Epoch: [1][  0/301]	Time  0.377 ( 0.377)	Loss 4.8488e-01 (4.8488e-01)	Acc pseudo  87.50 ( 87.50)	Lr 1.000e-03 (1.000e-03)
2025-12-19 04:39:35,944 - INFO: Epoch: [1][ 50/301]	Time  0.005 ( 0.013)	Loss 2.9766e-01 (3.8142e-01)	Acc pseudo  92.19 ( 88.08)	Lr 1.000e-03 (1.000e-03)
2025-12-19 04:39:36,172 - INFO: Epoch: [1][100/301]	Time  0.005 ( 0.009)	Loss 2.1615e-01 (3.8432e-01)	Acc pseudo  92.19 ( 87.87)	Lr 1.000e-03 (1.000e-03)
2025-12-19 04:39:36,418 - INFO: Epoch: [1][150/301]	Time  0.005 ( 0.007)	Loss 5.9737e-01 (3.8622e-01)	Acc pseudo  78.12 ( 88.29)	Lr 1.000e-03 (1.000e-03)
2025-12-19 04:39:36,666 - INFO: Epoch: [1][200/301]	Time  0.005 ( 0.007)	Loss 4.3169e-01 (3.8743e-01)	Acc pseudo  85.94 ( 88.01)	Lr 1.000e-03 (1.000e-03)
2025-12-19 04:39:36,921 - INFO: Epoch: [1][250/301]	Time  0.005 ( 0.006)	Loss 3.5646e-01 (3.8848e-01)	Acc pseudo  84.38 ( 88.17)	Lr 1.000e-03 (1.000e-03)
2025-12-19 04:39:37,165 - INFO: Epoch: [1][300/301]	Time  0.003 ( 0.006)	Loss 2.8826e-01 (3.8549e-01)	Acc pseudo  88.00 ( 88.12)	Lr 1.000e-03 (1.000e-03)
2025-12-19 04:39:37,225 - INFO: Round 4, Fine-tune Epoch 1: loss=0.3855, acc(pseudo)=88.12%
2025-12-19 04:39:44,933 - INFO: Round 4, Fine-tune Epoch 1: acc(valid_pseudo): 0.9775, acc(valid): 0.8575
2025-12-19 04:39:45,812 - INFO: Epoch: [2][  0/301]	Time  0.382 ( 0.382)	Loss 1.5541e-01 (1.5541e-01)	Acc pseudo  95.31 ( 95.31)	Lr 1.000e-03 (1.000e-03)
2025-12-19 04:39:46,108 - INFO: Epoch: [2][ 50/301]	Time  0.006 ( 0.013)	Loss 7.5442e-01 (3.7023e-01)	Acc pseudo  92.19 ( 87.90)	Lr 1.000e-03 (1.000e-03)
2025-12-19 04:39:46,386 - INFO: Epoch: [2][100/301]	Time  0.006 ( 0.009)	Loss 7.1822e-01 (3.6161e-01)	Acc pseudo  84.38 ( 88.32)	Lr 1.000e-03 (1.000e-03)
2025-12-19 04:39:46,659 - INFO: Epoch: [2][150/301]	Time  0.005 ( 0.008)	Loss 3.2770e-01 (3.6444e-01)	Acc pseudo  92.19 ( 88.27)	Lr 1.000e-03 (1.000e-03)
2025-12-19 04:39:46,886 - INFO: Epoch: [2][200/301]	Time  0.004 ( 0.007)	Loss 2.5732e-01 (3.6093e-01)	Acc pseudo  90.62 ( 88.43)	Lr 1.000e-03 (1.000e-03)
2025-12-19 04:39:47,094 - INFO: Epoch: [2][250/301]	Time  0.004 ( 0.007)	Loss 2.3244e-01 (3.6642e-01)	Acc pseudo  90.62 ( 88.18)	Lr 1.000e-03 (1.000e-03)
2025-12-19 04:39:47,297 - INFO: Epoch: [2][300/301]	Time  0.003 ( 0.006)	Loss 4.1067e-01 (3.6895e-01)	Acc pseudo  84.00 ( 88.16)	Lr 1.000e-03 (1.000e-03)
2025-12-19 04:39:47,379 - INFO: Round 4, Fine-tune Epoch 2: loss=0.3689, acc(pseudo)=88.16%
2025-12-19 04:39:54,350 - INFO: Round 4, Fine-tune Epoch 2: acc(valid_pseudo): 0.9740, acc(valid): 0.8575
2025-12-19 04:39:54,350 - INFO: Round 4, Fine-tune Epoch 2: No improvement in validation accuracy. Patience(epoch): 1/5
2025-12-19 04:39:54,604 - INFO: Epoch: [3][  0/301]	Time  0.248 ( 0.248)	Loss 4.3600e-01 (4.3600e-01)	Acc pseudo  87.50 ( 87.50)	Lr 1.000e-03 (1.000e-03)
2025-12-19 04:39:54,870 - INFO: Epoch: [3][ 50/301]	Time  0.005 ( 0.010)	Loss 4.2546e-01 (3.5159e-01)	Acc pseudo  85.94 ( 89.09)	Lr 1.000e-03 (1.000e-03)
2025-12-19 04:39:55,141 - INFO: Epoch: [3][100/301]	Time  0.006 ( 0.008)	Loss 4.5637e-01 (3.5060e-01)	Acc pseudo  90.62 ( 88.72)	Lr 1.000e-03 (1.000e-03)
2025-12-19 04:39:55,375 - INFO: Epoch: [3][150/301]	Time  0.004 ( 0.007)	Loss 4.2325e-01 (3.5853e-01)	Acc pseudo  84.38 ( 88.51)	Lr 1.000e-03 (1.000e-03)
2025-12-19 04:39:55,597 - INFO: Epoch: [3][200/301]	Time  0.004 ( 0.006)	Loss 2.8041e-01 (3.6311e-01)	Acc pseudo  95.31 ( 88.43)	Lr 1.000e-03 (1.000e-03)
2025-12-19 04:39:55,813 - INFO: Epoch: [3][250/301]	Time  0.004 ( 0.006)	Loss 3.2025e-01 (3.6299e-01)	Acc pseudo  89.06 ( 88.42)	Lr 1.000e-03 (1.000e-03)
2025-12-19 04:39:56,029 - INFO: Epoch: [3][300/301]	Time  0.004 ( 0.005)	Loss 5.5476e-01 (3.6510e-01)	Acc pseudo  80.00 ( 88.49)	Lr 1.000e-03 (1.000e-03)
2025-12-19 04:39:56,121 - INFO: Round 4, Fine-tune Epoch 3: loss=0.3651, acc(pseudo)=88.49%
2025-12-19 04:40:03,475 - INFO: Round 4, Fine-tune Epoch 3: acc(valid_pseudo): 0.9468, acc(valid): 0.8275
2025-12-19 04:40:03,475 - INFO: Round 4, Fine-tune Epoch 3: No improvement in validation accuracy. Patience(epoch): 2/5
2025-12-19 04:40:03,799 - INFO: Epoch: [4][  0/301]	Time  0.317 ( 0.317)	Loss 4.0332e-01 (4.0332e-01)	Acc pseudo  89.06 ( 89.06)	Lr 1.000e-03 (1.000e-03)
2025-12-19 04:40:04,048 - INFO: Epoch: [4][ 50/301]	Time  0.005 ( 0.011)	Loss 3.8594e-01 (3.3894e-01)	Acc pseudo  85.94 ( 88.42)	Lr 1.000e-03 (1.000e-03)
2025-12-19 04:40:04,293 - INFO: Epoch: [4][100/301]	Time  0.005 ( 0.008)	Loss 2.7312e-01 (3.4136e-01)	Acc pseudo  93.75 ( 88.41)	Lr 1.000e-03 (1.000e-03)
2025-12-19 04:40:04,542 - INFO: Epoch: [4][150/301]	Time  0.005 ( 0.007)	Loss 1.4314e-01 (3.3469e-01)	Acc pseudo  93.75 ( 88.83)	Lr 1.000e-03 (1.000e-03)
2025-12-19 04:40:04,778 - INFO: Epoch: [4][200/301]	Time  0.004 ( 0.006)	Loss 2.0455e-01 (3.3613e-01)	Acc pseudo  92.19 ( 88.95)	Lr 1.000e-03 (1.000e-03)
2025-12-19 04:40:05,043 - INFO: Epoch: [4][250/301]	Time  0.006 ( 0.006)	Loss 2.7730e-01 (3.4548e-01)	Acc pseudo  85.94 ( 88.74)	Lr 1.000e-03 (1.000e-03)
2025-12-19 04:40:05,304 - INFO: Epoch: [4][300/301]	Time  0.004 ( 0.006)	Loss 3.7061e-01 (3.4776e-01)	Acc pseudo  84.00 ( 88.66)	Lr 1.000e-03 (1.000e-03)
2025-12-19 04:40:05,362 - INFO: Round 4, Fine-tune Epoch 4: loss=0.3478, acc(pseudo)=88.66%
2025-12-19 04:40:15,319 - INFO: Round 4, Fine-tune Epoch 4: acc(valid_pseudo): 0.9687, acc(valid): 0.8375
2025-12-19 04:40:15,319 - INFO: Round 4, Fine-tune Epoch 4: No improvement in validation accuracy. Patience(epoch): 3/5
2025-12-19 04:40:15,643 - INFO: Epoch: [5][  0/301]	Time  0.316 ( 0.316)	Loss 4.1222e-01 (4.1222e-01)	Acc pseudo  84.38 ( 84.38)	Lr 1.000e-03 (1.000e-03)
2025-12-19 04:40:15,861 - INFO: Epoch: [5][ 50/301]	Time  0.004 ( 0.010)	Loss 3.4260e-01 (3.2696e-01)	Acc pseudo  92.19 ( 89.74)	Lr 1.000e-03 (1.000e-03)
2025-12-19 04:40:16,055 - INFO: Epoch: [5][100/301]	Time  0.004 ( 0.007)	Loss 3.7870e-01 (3.3632e-01)	Acc pseudo  82.81 ( 88.95)	Lr 1.000e-03 (1.000e-03)
2025-12-19 04:40:16,249 - INFO: Epoch: [5][150/301]	Time  0.004 ( 0.006)	Loss 3.6580e-01 (3.3123e-01)	Acc pseudo  87.50 ( 89.18)	Lr 1.000e-03 (1.000e-03)
2025-12-19 04:40:16,438 - INFO: Epoch: [5][200/301]	Time  0.004 ( 0.005)	Loss 2.4261e-01 (3.3925e-01)	Acc pseudo  87.50 ( 88.86)	Lr 1.000e-03 (1.000e-03)
2025-12-19 04:40:16,626 - INFO: Epoch: [5][250/301]	Time  0.004 ( 0.005)	Loss 3.9441e-01 (3.4236e-01)	Acc pseudo  89.06 ( 88.74)	Lr 1.000e-03 (1.000e-03)
2025-12-19 04:40:16,826 - INFO: Epoch: [5][300/301]	Time  0.003 ( 0.005)	Loss 5.9150e-01 (3.4707e-01)	Acc pseudo  84.00 ( 88.58)	Lr 1.000e-03 (1.000e-03)
2025-12-19 04:40:16,903 - INFO: Round 4, Fine-tune Epoch 5: loss=0.3471, acc(pseudo)=88.58%
2025-12-19 04:40:25,973 - INFO: Round 4, Fine-tune Epoch 5: acc(valid_pseudo): 0.9725, acc(valid): 0.8425
2025-12-19 04:40:25,974 - INFO: Round 4, Fine-tune Epoch 5: No improvement in validation accuracy. Patience(epoch): 4/5
2025-12-19 04:40:26,285 - INFO: Epoch: [6][  0/301]	Time  0.304 ( 0.304)	Loss 5.2726e-01 (5.2726e-01)	Acc pseudo  85.94 ( 85.94)	Lr 1.000e-03 (1.000e-03)
2025-12-19 04:40:26,514 - INFO: Epoch: [6][ 50/301]	Time  0.004 ( 0.010)	Loss 2.3041e-01 (3.5028e-01)	Acc pseudo  95.31 ( 89.55)	Lr 1.000e-03 (1.000e-03)
2025-12-19 04:40:26,716 - INFO: Epoch: [6][100/301]	Time  0.004 ( 0.007)	Loss 4.1693e-01 (3.1407e-01)	Acc pseudo  85.94 ( 89.94)	Lr 1.000e-03 (1.000e-03)
2025-12-19 04:40:26,920 - INFO: Epoch: [6][150/301]	Time  0.004 ( 0.006)	Loss 2.1183e-01 (3.2046e-01)	Acc pseudo  89.06 ( 89.68)	Lr 1.000e-03 (1.000e-03)
2025-12-19 04:40:27,122 - INFO: Epoch: [6][200/301]	Time  0.004 ( 0.006)	Loss 2.4854e-01 (3.3058e-01)	Acc pseudo  92.19 ( 89.25)	Lr 1.000e-03 (1.000e-03)
2025-12-19 04:40:27,320 - INFO: Epoch: [6][250/301]	Time  0.004 ( 0.005)	Loss 3.9870e-01 (3.3245e-01)	Acc pseudo  84.38 ( 89.17)	Lr 1.000e-03 (1.000e-03)
2025-12-19 04:40:27,513 - INFO: Epoch: [6][300/301]	Time  0.002 ( 0.005)	Loss 5.0557e-01 (3.3627e-01)	Acc pseudo  88.00 ( 89.07)	Lr 1.000e-03 (1.000e-03)
2025-12-19 04:40:27,592 - INFO: Round 4, Fine-tune Epoch 6: loss=0.3363, acc(pseudo)=89.07%
2025-12-19 04:40:35,956 - INFO: Round 4, Fine-tune Epoch 6: acc(valid_pseudo): 0.9734, acc(valid): 0.8450
2025-12-19 04:40:35,956 - INFO: Round 4, Fine-tune Epoch 6: No improvement in validation accuracy. Patience(epoch): 5/5
2025-12-19 04:40:35,956 - INFO: Early stopping at epoch 6 due to no improvement in validation accuracy for 5 epochs.
2025-12-19 04:40:35,958 - INFO: Round 4: Best fine-tuned epoch=1, acc(valid_pseudo)=0.9775
2025-12-19 04:40:36,005 - INFO: Using HMM model from previous round: runs/I love my family/exp_video/result/self_supervised/exp0/round3/pseudo_label/hmm_params.pkl
2025-12-19 05:12:26,213 - INFO: Round 4: acc(valid)=0.8825, acc(test)=0.8575
2025-12-19 05:12:26,363 - INFO: New best acc(valid) at round 4: acc(valid)=0.8825, acc(test)=0.8575
2025-12-19 05:12:26,366 - INFO: ====================
2025-12-19 05:12:26,366 - INFO: Round 5: Fine-tuning iteration
2025-12-19 05:12:26,366 - INFO: ====================
2025-12-19 05:12:26,377 - INFO: Round 5 Part 1: Fine-tuning embedding model
2025-12-19 05:12:26,378 - INFO: Using pseudo-label file: runs/I love my family/exp_video/result/self_supervised/exp0/round4/pseudo_label/pseudo_labels_audio_nested_hmm_full(unreliable_pp=100.0).json
2025-12-19 05:12:26,568 - INFO: Fine-tuning embedding model for 20 epochs...
2025-12-19 05:12:27,575 - INFO: Epoch: [0][  0/301]	Time  0.924 ( 0.924)	Loss 3.4939e-01 (3.4939e-01)	Acc pseudo  85.94 ( 85.94)	Lr 1.000e-03 (1.000e-03)
2025-12-19 05:12:27,761 - INFO: Epoch: [0][ 50/301]	Time  0.003 ( 0.022)	Loss 3.1154e-01 (3.5615e-01)	Acc pseudo  95.31 ( 89.37)	Lr 1.000e-03 (1.000e-03)
2025-12-19 05:12:27,926 - INFO: Epoch: [0][100/301]	Time  0.003 ( 0.013)	Loss 2.6588e-01 (3.6325e-01)	Acc pseudo  92.19 ( 89.31)	Lr 1.000e-03 (1.000e-03)
2025-12-19 05:12:28,096 - INFO: Epoch: [0][150/301]	Time  0.003 ( 0.009)	Loss 4.0357e-01 (3.7281e-01)	Acc pseudo  87.50 ( 88.78)	Lr 1.000e-03 (1.000e-03)
2025-12-19 05:12:28,263 - INFO: Epoch: [0][200/301]	Time  0.003 ( 0.008)	Loss 2.1438e-01 (3.7789e-01)	Acc pseudo  92.19 ( 88.60)	Lr 1.000e-03 (1.000e-03)
2025-12-19 05:12:28,439 - INFO: Epoch: [0][250/301]	Time  0.005 ( 0.007)	Loss 3.2440e-01 (3.7622e-01)	Acc pseudo  89.06 ( 88.56)	Lr 1.000e-03 (1.000e-03)
2025-12-19 05:12:28,609 - INFO: Epoch: [0][300/301]	Time  0.004 ( 0.006)	Loss 6.8914e-02 (3.7912e-01)	Acc pseudo 100.00 ( 88.52)	Lr 1.000e-03 (1.000e-03)
2025-12-19 05:12:28,667 - INFO: Round 5, Fine-tune Epoch 0: loss=0.3791, acc(pseudo)=88.52%
2025-12-19 05:12:34,421 - INFO: Round 5, Fine-tune Epoch 0: acc(valid_pseudo): 0.9731, acc(valid): 0.8450
2025-12-19 05:12:34,929 - INFO: Epoch: [1][  0/301]	Time  0.226 ( 0.226)	Loss 5.5197e-01 (5.5197e-01)	Acc pseudo  85.94 ( 85.94)	Lr 1.000e-03 (1.000e-03)
2025-12-19 05:12:35,104 - INFO: Epoch: [1][ 50/301]	Time  0.003 ( 0.008)	Loss 1.5389e-01 (3.4483e-01)	Acc pseudo  95.31 ( 88.66)	Lr 1.000e-03 (1.000e-03)
2025-12-19 05:12:35,269 - INFO: Epoch: [1][100/301]	Time  0.003 ( 0.006)	Loss 4.2138e-01 (3.4485e-01)	Acc pseudo  89.06 ( 88.94)	Lr 1.000e-03 (1.000e-03)
2025-12-19 05:12:35,433 - INFO: Epoch: [1][150/301]	Time  0.003 ( 0.005)	Loss 3.9647e-01 (3.4179e-01)	Acc pseudo  81.25 ( 89.02)	Lr 1.000e-03 (1.000e-03)
2025-12-19 05:12:35,600 - INFO: Epoch: [1][200/301]	Time  0.003 ( 0.004)	Loss 4.0545e-01 (3.4508e-01)	Acc pseudo  90.62 ( 88.99)	Lr 1.000e-03 (1.000e-03)
2025-12-19 05:12:35,765 - INFO: Epoch: [1][250/301]	Time  0.004 ( 0.004)	Loss 2.9553e-01 (3.4989e-01)	Acc pseudo  87.50 ( 88.84)	Lr 1.000e-03 (1.000e-03)
2025-12-19 05:12:35,925 - INFO: Epoch: [1][300/301]	Time  0.002 ( 0.004)	Loss 1.3103e-01 (3.4974e-01)	Acc pseudo 100.00 ( 88.86)	Lr 1.000e-03 (1.000e-03)
2025-12-19 05:12:35,980 - INFO: Round 5, Fine-tune Epoch 1: loss=0.3497, acc(pseudo)=88.86%
2025-12-19 05:12:42,427 - INFO: Round 5, Fine-tune Epoch 1: acc(valid_pseudo): 0.9795, acc(valid): 0.8500
2025-12-19 05:12:43,149 - INFO: Epoch: [2][  0/301]	Time  0.207 ( 0.207)	Loss 1.6076e-01 (1.6076e-01)	Acc pseudo  96.88 ( 96.88)	Lr 1.000e-03 (1.000e-03)
2025-12-19 05:12:43,340 - INFO: Epoch: [2][ 50/301]	Time  0.004 ( 0.008)	Loss 4.8733e-01 (3.3376e-01)	Acc pseudo  90.62 ( 88.82)	Lr 1.000e-03 (1.000e-03)
2025-12-19 05:12:43,515 - INFO: Epoch: [2][100/301]	Time  0.003 ( 0.006)	Loss 2.5225e-01 (3.3343e-01)	Acc pseudo  92.19 ( 89.23)	Lr 1.000e-03 (1.000e-03)
2025-12-19 05:12:43,696 - INFO: Epoch: [2][150/301]	Time  0.004 ( 0.005)	Loss 3.2817e-01 (3.3446e-01)	Acc pseudo  92.19 ( 88.99)	Lr 1.000e-03 (1.000e-03)
2025-12-19 05:12:43,865 - INFO: Epoch: [2][200/301]	Time  0.003 ( 0.005)	Loss 2.2987e-01 (3.2853e-01)	Acc pseudo  93.75 ( 89.19)	Lr 1.000e-03 (1.000e-03)
2025-12-19 05:12:44,034 - INFO: Epoch: [2][250/301]	Time  0.003 ( 0.004)	Loss 2.4414e-01 (3.3932e-01)	Acc pseudo  89.06 ( 89.01)	Lr 1.000e-03 (1.000e-03)
2025-12-19 05:12:44,195 - INFO: Epoch: [2][300/301]	Time  0.002 ( 0.004)	Loss 2.2841e-01 (3.4193e-01)	Acc pseudo  92.00 ( 88.91)	Lr 1.000e-03 (1.000e-03)
2025-12-19 05:12:44,254 - INFO: Round 5, Fine-tune Epoch 2: loss=0.3419, acc(pseudo)=88.91%
2025-12-19 05:12:50,054 - INFO: Round 5, Fine-tune Epoch 2: acc(valid_pseudo): 0.9740, acc(valid): 0.8425
2025-12-19 05:12:50,055 - INFO: Round 5, Fine-tune Epoch 2: No improvement in validation accuracy. Patience(epoch): 1/5
2025-12-19 05:12:50,268 - INFO: Epoch: [3][  0/301]	Time  0.209 ( 0.209)	Loss 3.7232e-01 (3.7232e-01)	Acc pseudo  84.38 ( 84.38)	Lr 1.000e-03 (1.000e-03)
2025-12-19 05:12:50,461 - INFO: Epoch: [3][ 50/301]	Time  0.003 ( 0.008)	Loss 3.3189e-01 (3.1569e-01)	Acc pseudo  85.94 ( 89.52)	Lr 1.000e-03 (1.000e-03)
2025-12-19 05:12:50,636 - INFO: Epoch: [3][100/301]	Time  0.003 ( 0.006)	Loss 1.3973e-01 (3.0876e-01)	Acc pseudo  95.31 ( 89.56)	Lr 1.000e-03 (1.000e-03)
2025-12-19 05:12:50,805 - INFO: Epoch: [3][150/301]	Time  0.003 ( 0.005)	Loss 3.6033e-01 (3.1039e-01)	Acc pseudo  89.06 ( 89.80)	Lr 1.000e-03 (1.000e-03)
2025-12-19 05:12:50,983 - INFO: Epoch: [3][200/301]	Time  0.004 ( 0.004)	Loss 2.7064e-01 (3.1257e-01)	Acc pseudo  93.75 ( 89.63)	Lr 1.000e-03 (1.000e-03)
2025-12-19 05:12:51,164 - INFO: Epoch: [3][250/301]	Time  0.004 ( 0.004)	Loss 4.6929e-01 (3.1964e-01)	Acc pseudo  89.06 ( 89.55)	Lr 1.000e-03 (1.000e-03)
2025-12-19 05:12:51,339 - INFO: Epoch: [3][300/301]	Time  0.002 ( 0.004)	Loss 3.8624e-01 (3.2451e-01)	Acc pseudo  84.00 ( 89.44)	Lr 1.000e-03 (1.000e-03)
2025-12-19 05:12:51,399 - INFO: Round 5, Fine-tune Epoch 3: loss=0.3245, acc(pseudo)=89.44%
2025-12-19 05:12:57,110 - INFO: Round 5, Fine-tune Epoch 3: acc(valid_pseudo): 0.9719, acc(valid): 0.8500
2025-12-19 05:12:57,110 - INFO: Round 5, Fine-tune Epoch 3: No improvement in validation accuracy. Patience(epoch): 2/5
2025-12-19 05:12:57,335 - INFO: Epoch: [4][  0/301]	Time  0.219 ( 0.219)	Loss 4.3773e-01 (4.3773e-01)	Acc pseudo  89.06 ( 89.06)	Lr 1.000e-03 (1.000e-03)
2025-12-19 05:12:57,538 - INFO: Epoch: [4][ 50/301]	Time  0.004 ( 0.008)	Loss 4.1945e-01 (3.2969e-01)	Acc pseudo  85.94 ( 88.88)	Lr 1.000e-03 (1.000e-03)
2025-12-19 05:12:57,731 - INFO: Epoch: [4][100/301]	Time  0.003 ( 0.006)	Loss 2.8145e-01 (3.2386e-01)	Acc pseudo  90.62 ( 88.69)	Lr 1.000e-03 (1.000e-03)
2025-12-19 05:12:57,932 - INFO: Epoch: [4][150/301]	Time  0.004 ( 0.005)	Loss 1.9965e-01 (3.1661e-01)	Acc pseudo  92.19 ( 89.28)	Lr 1.000e-03 (1.000e-03)
2025-12-19 05:12:58,129 - INFO: Epoch: [4][200/301]	Time  0.004 ( 0.005)	Loss 2.8827e-01 (3.2099e-01)	Acc pseudo  92.19 ( 89.25)	Lr 1.000e-03 (1.000e-03)
2025-12-19 05:12:58,319 - INFO: Epoch: [4][250/301]	Time  0.004 ( 0.005)	Loss 4.3495e-01 (3.2970e-01)	Acc pseudo  89.06 ( 89.14)	Lr 1.000e-03 (1.000e-03)
2025-12-19 05:12:58,504 - INFO: Epoch: [4][300/301]	Time  0.003 ( 0.005)	Loss 2.1566e-01 (3.2580e-01)	Acc pseudo  88.00 ( 89.17)	Lr 1.000e-03 (1.000e-03)
2025-12-19 05:12:58,567 - INFO: Round 5, Fine-tune Epoch 4: loss=0.3258, acc(pseudo)=89.17%
2025-12-19 05:13:05,146 - INFO: Round 5, Fine-tune Epoch 4: acc(valid_pseudo): 0.9658, acc(valid): 0.8425
2025-12-19 05:13:05,146 - INFO: Round 5, Fine-tune Epoch 4: No improvement in validation accuracy. Patience(epoch): 3/5
2025-12-19 05:13:05,447 - INFO: Epoch: [5][  0/301]	Time  0.293 ( 0.293)	Loss 4.2718e-01 (4.2718e-01)	Acc pseudo  87.50 ( 87.50)	Lr 1.000e-03 (1.000e-03)
2025-12-19 05:13:05,655 - INFO: Epoch: [5][ 50/301]	Time  0.004 ( 0.010)	Loss 3.1050e-01 (3.0501e-01)	Acc pseudo  95.31 ( 90.04)	Lr 1.000e-03 (1.000e-03)
2025-12-19 05:13:05,847 - INFO: Epoch: [5][100/301]	Time  0.004 ( 0.007)	Loss 3.9279e-01 (3.0739e-01)	Acc pseudo  84.38 ( 89.59)	Lr 1.000e-03 (1.000e-03)
2025-12-19 05:13:06,040 - INFO: Epoch: [5][150/301]	Time  0.004 ( 0.006)	Loss 4.9381e-01 (3.1069e-01)	Acc pseudo  79.69 ( 89.54)	Lr 1.000e-03 (1.000e-03)
2025-12-19 05:13:06,232 - INFO: Epoch: [5][200/301]	Time  0.004 ( 0.005)	Loss 1.5094e-01 (3.1941e-01)	Acc pseudo  95.31 ( 89.37)	Lr 1.000e-03 (1.000e-03)
2025-12-19 05:13:06,422 - INFO: Epoch: [5][250/301]	Time  0.003 ( 0.005)	Loss 3.0513e-01 (3.1849e-01)	Acc pseudo  89.06 ( 89.43)	Lr 1.000e-03 (1.000e-03)
2025-12-19 05:13:06,603 - INFO: Epoch: [5][300/301]	Time  0.003 ( 0.005)	Loss 4.0822e-01 (3.2359e-01)	Acc pseudo  80.00 ( 89.36)	Lr 1.000e-03 (1.000e-03)
2025-12-19 05:13:06,659 - INFO: Round 5, Fine-tune Epoch 5: loss=0.3236, acc(pseudo)=89.36%
2025-12-19 05:13:12,817 - INFO: Round 5, Fine-tune Epoch 5: acc(valid_pseudo): 0.9345, acc(valid): 0.8425
2025-12-19 05:13:12,817 - INFO: Round 5, Fine-tune Epoch 5: No improvement in validation accuracy. Patience(epoch): 4/5
2025-12-19 05:13:13,125 - INFO: Epoch: [6][  0/301]	Time  0.301 ( 0.301)	Loss 3.4662e-01 (3.4662e-01)	Acc pseudo  93.75 ( 93.75)	Lr 1.000e-03 (1.000e-03)
2025-12-19 05:13:13,328 - INFO: Epoch: [6][ 50/301]	Time  0.004 ( 0.010)	Loss 1.6944e-01 (2.9684e-01)	Acc pseudo  95.31 ( 89.86)	Lr 1.000e-03 (1.000e-03)
2025-12-19 05:13:13,524 - INFO: Epoch: [6][100/301]	Time  0.004 ( 0.007)	Loss 3.5072e-01 (2.9877e-01)	Acc pseudo  87.50 ( 90.28)	Lr 1.000e-03 (1.000e-03)
2025-12-19 05:13:13,696 - INFO: Epoch: [6][150/301]	Time  0.003 ( 0.006)	Loss 1.9880e-01 (2.9784e-01)	Acc pseudo  90.62 ( 90.21)	Lr 1.000e-03 (1.000e-03)
2025-12-19 05:13:13,859 - INFO: Epoch: [6][200/301]	Time  0.003 ( 0.005)	Loss 2.4078e-01 (3.0136e-01)	Acc pseudo  90.62 ( 89.99)	Lr 1.000e-03 (1.000e-03)
2025-12-19 05:13:14,026 - INFO: Epoch: [6][250/301]	Time  0.004 ( 0.005)	Loss 3.0316e-01 (3.0003e-01)	Acc pseudo  87.50 ( 90.07)	Lr 1.000e-03 (1.000e-03)
2025-12-19 05:13:14,190 - INFO: Epoch: [6][300/301]	Time  0.002 ( 0.004)	Loss 4.4172e-01 (3.0153e-01)	Acc pseudo  92.00 ( 89.93)	Lr 1.000e-03 (1.000e-03)
2025-12-19 05:13:14,250 - INFO: Round 5, Fine-tune Epoch 6: loss=0.3015, acc(pseudo)=89.93%
2025-12-19 05:13:20,928 - INFO: Round 5, Fine-tune Epoch 6: acc(valid_pseudo): 0.9640, acc(valid): 0.8475
2025-12-19 05:13:20,928 - INFO: Round 5, Fine-tune Epoch 6: No improvement in validation accuracy. Patience(epoch): 5/5
2025-12-19 05:13:20,928 - INFO: Early stopping at epoch 6 due to no improvement in validation accuracy for 5 epochs.
2025-12-19 05:13:20,930 - INFO: Round 5: Best fine-tuned epoch=1, acc(valid_pseudo)=0.9795
2025-12-19 05:13:20,990 - INFO: Using HMM model from previous round: runs/I love my family/exp_video/result/self_supervised/exp0/round4/pseudo_label/hmm_params.pkl
2025-12-19 05:44:39,172 - INFO: Round 5: acc(valid)=0.8700, acc(test)=0.8544
2025-12-19 05:44:39,173 - INFO: No improvement. Patience(round): 1/5
2025-12-19 05:44:39,175 - INFO: ====================
2025-12-19 05:44:39,176 - INFO: Round 6: Fine-tuning iteration
2025-12-19 05:44:39,176 - INFO: ====================
2025-12-19 05:44:39,184 - INFO: Round 6 Part 1: Fine-tuning embedding model
2025-12-19 05:44:39,185 - INFO: Using pseudo-label file: runs/I love my family/exp_video/result/self_supervised/exp0/round5/pseudo_label/pseudo_labels_audio_nested_hmm_full(unreliable_pp=100.0).json
2025-12-19 05:44:39,338 - INFO: Fine-tuning embedding model for 20 epochs...
2025-12-19 05:44:39,647 - INFO: Epoch: [0][  0/301]	Time  0.302 ( 0.302)	Loss 3.2141e-01 (3.2141e-01)	Acc pseudo  90.62 ( 90.62)	Lr 1.000e-03 (1.000e-03)
2025-12-19 05:44:39,920 - INFO: Epoch: [0][ 50/301]	Time  0.005 ( 0.011)	Loss 3.2762e-01 (3.4367e-01)	Acc pseudo  92.19 ( 89.83)	Lr 1.000e-03 (1.000e-03)
2025-12-19 05:44:40,153 - INFO: Epoch: [0][100/301]	Time  0.004 ( 0.008)	Loss 2.3050e-01 (3.4169e-01)	Acc pseudo  95.31 ( 89.84)	Lr 1.000e-03 (1.000e-03)
2025-12-19 05:44:40,370 - INFO: Epoch: [0][150/301]	Time  0.004 ( 0.007)	Loss 3.8385e-01 (3.5005e-01)	Acc pseudo  87.50 ( 89.76)	Lr 1.000e-03 (1.000e-03)
2025-12-19 05:44:40,575 - INFO: Epoch: [0][200/301]	Time  0.004 ( 0.006)	Loss 2.2001e-01 (3.6229e-01)	Acc pseudo  93.75 ( 89.45)	Lr 1.000e-03 (1.000e-03)
2025-12-19 05:44:40,774 - INFO: Epoch: [0][250/301]	Time  0.004 ( 0.006)	Loss 4.8746e-01 (3.7870e-01)	Acc pseudo  84.38 ( 89.33)	Lr 1.000e-03 (1.000e-03)
2025-12-19 05:44:40,965 - INFO: Epoch: [0][300/301]	Time  0.003 ( 0.005)	Loss 5.5339e-02 (3.7135e-01)	Acc pseudo  96.00 ( 89.37)	Lr 1.000e-03 (1.000e-03)
2025-12-19 05:44:41,041 - INFO: Round 6, Fine-tune Epoch 0: loss=0.3713, acc(pseudo)=89.37%
2025-12-19 05:44:49,521 - INFO: Round 6, Fine-tune Epoch 0: acc(valid_pseudo): 0.9667, acc(valid): 0.8300
2025-12-19 05:44:50,799 - INFO: Epoch: [1][  0/301]	Time  0.674 ( 0.674)	Loss 6.1401e-01 (6.1401e-01)	Acc pseudo  81.25 ( 81.25)	Lr 1.000e-03 (1.000e-03)
2025-12-19 05:44:51,016 - INFO: Epoch: [1][ 50/301]	Time  0.004 ( 0.017)	Loss 1.6077e-01 (3.3135e-01)	Acc pseudo  95.31 ( 89.34)	Lr 1.000e-03 (1.000e-03)
2025-12-19 05:44:51,201 - INFO: Epoch: [1][100/301]	Time  0.004 ( 0.011)	Loss 2.2533e-01 (3.2600e-01)	Acc pseudo  95.31 ( 89.51)	Lr 1.000e-03 (1.000e-03)
2025-12-19 05:44:51,383 - INFO: Epoch: [1][150/301]	Time  0.004 ( 0.008)	Loss 4.2195e-01 (3.2409e-01)	Acc pseudo  81.25 ( 89.62)	Lr 1.000e-03 (1.000e-03)
2025-12-19 05:44:51,559 - INFO: Epoch: [1][200/301]	Time  0.003 ( 0.007)	Loss 3.8110e-01 (3.2413e-01)	Acc pseudo  87.50 ( 89.69)	Lr 1.000e-03 (1.000e-03)
2025-12-19 05:44:51,742 - INFO: Epoch: [1][250/301]	Time  0.005 ( 0.006)	Loss 2.6303e-01 (3.2719e-01)	Acc pseudo  87.50 ( 89.45)	Lr 1.000e-03 (1.000e-03)
2025-12-19 05:44:51,967 - INFO: Epoch: [1][300/301]	Time  0.003 ( 0.006)	Loss 1.7942e-01 (3.3141e-01)	Acc pseudo  92.00 ( 89.38)	Lr 1.000e-03 (1.000e-03)
2025-12-19 05:44:52,031 - INFO: Round 6, Fine-tune Epoch 1: loss=0.3314, acc(pseudo)=89.38%
2025-12-19 05:45:00,176 - INFO: Round 6, Fine-tune Epoch 1: acc(valid_pseudo): 0.9740, acc(valid): 0.8475
2025-12-19 05:45:00,875 - INFO: Epoch: [2][  0/301]	Time  0.301 ( 0.301)	Loss 2.0046e-01 (2.0046e-01)	Acc pseudo  92.19 ( 92.19)	Lr 1.000e-03 (1.000e-03)
2025-12-19 05:45:01,066 - INFO: Epoch: [2][ 50/301]	Time  0.003 ( 0.010)	Loss 5.0420e-01 (2.9324e-01)	Acc pseudo  93.75 ( 90.26)	Lr 1.000e-03 (1.000e-03)
2025-12-19 05:45:01,231 - INFO: Epoch: [2][100/301]	Time  0.003 ( 0.006)	Loss 1.9971e-01 (3.0200e-01)	Acc pseudo  92.19 ( 90.35)	Lr 1.000e-03 (1.000e-03)
2025-12-19 05:45:01,392 - INFO: Epoch: [2][150/301]	Time  0.003 ( 0.005)	Loss 1.8114e-01 (3.1004e-01)	Acc pseudo  92.19 ( 90.08)	Lr 1.000e-03 (1.000e-03)
2025-12-19 05:45:01,551 - INFO: Epoch: [2][200/301]	Time  0.003 ( 0.005)	Loss 1.4462e-01 (3.1249e-01)	Acc pseudo  96.88 ( 90.10)	Lr 1.000e-03 (1.000e-03)
2025-12-19 05:45:01,706 - INFO: Epoch: [2][250/301]	Time  0.003 ( 0.004)	Loss 1.4489e-01 (3.1624e-01)	Acc pseudo  96.88 ( 90.06)	Lr 1.000e-03 (1.000e-03)
2025-12-19 05:45:01,855 - INFO: Epoch: [2][300/301]	Time  0.002 ( 0.004)	Loss 2.9003e-01 (3.1553e-01)	Acc pseudo  88.00 ( 90.02)	Lr 1.000e-03 (1.000e-03)
2025-12-19 05:45:01,913 - INFO: Round 6, Fine-tune Epoch 2: loss=0.3155, acc(pseudo)=90.02%
2025-12-19 05:45:07,743 - INFO: Round 6, Fine-tune Epoch 2: acc(valid_pseudo): 0.9716, acc(valid): 0.8425
2025-12-19 05:45:07,744 - INFO: Round 6, Fine-tune Epoch 2: No improvement in validation accuracy. Patience(epoch): 1/5
2025-12-19 05:45:07,956 - INFO: Epoch: [3][  0/301]	Time  0.207 ( 0.207)	Loss 3.6349e-01 (3.6349e-01)	Acc pseudo  82.81 ( 82.81)	Lr 1.000e-03 (1.000e-03)
2025-12-19 05:45:08,137 - INFO: Epoch: [3][ 50/301]	Time  0.004 ( 0.008)	Loss 4.7434e-01 (2.9009e-01)	Acc pseudo  81.25 ( 90.07)	Lr 1.000e-03 (1.000e-03)
2025-12-19 05:45:08,307 - INFO: Epoch: [3][100/301]	Time  0.003 ( 0.005)	Loss 2.6842e-01 (2.9889e-01)	Acc pseudo  92.19 ( 90.08)	Lr 1.000e-03 (1.000e-03)
2025-12-19 05:45:08,481 - INFO: Epoch: [3][150/301]	Time  0.003 ( 0.005)	Loss 2.9209e-01 (2.9872e-01)	Acc pseudo  95.31 ( 90.16)	Lr 1.000e-03 (1.000e-03)
2025-12-19 05:45:08,647 - INFO: Epoch: [3][200/301]	Time  0.003 ( 0.004)	Loss 1.3893e-01 (3.0418e-01)	Acc pseudo  93.75 ( 90.07)	Lr 1.000e-03 (1.000e-03)
2025-12-19 05:45:08,812 - INFO: Epoch: [3][250/301]	Time  0.003 ( 0.004)	Loss 3.3727e-01 (3.0224e-01)	Acc pseudo  90.62 ( 90.12)	Lr 1.000e-03 (1.000e-03)
2025-12-19 05:45:08,969 - INFO: Epoch: [3][300/301]	Time  0.002 ( 0.004)	Loss 2.6392e-01 (3.0364e-01)	Acc pseudo  88.00 ( 90.08)	Lr 1.000e-03 (1.000e-03)
2025-12-19 05:45:09,026 - INFO: Round 6, Fine-tune Epoch 3: loss=0.3036, acc(pseudo)=90.08%
2025-12-19 05:45:15,788 - INFO: Round 6, Fine-tune Epoch 3: acc(valid_pseudo): 0.9693, acc(valid): 0.8450
2025-12-19 05:45:15,789 - INFO: Round 6, Fine-tune Epoch 3: No improvement in validation accuracy. Patience(epoch): 2/5
2025-12-19 05:45:16,092 - INFO: Epoch: [4][  0/301]	Time  0.296 ( 0.296)	Loss 5.8970e-01 (5.8970e-01)	Acc pseudo  87.50 ( 87.50)	Lr 1.000e-03 (1.000e-03)
2025-12-19 05:45:16,266 - INFO: Epoch: [4][ 50/301]	Time  0.003 ( 0.009)	Loss 3.2518e-01 (2.9120e-01)	Acc pseudo  90.62 ( 90.13)	Lr 1.000e-03 (1.000e-03)
2025-12-19 05:45:16,427 - INFO: Epoch: [4][100/301]	Time  0.003 ( 0.006)	Loss 2.4328e-01 (3.0089e-01)	Acc pseudo  87.50 ( 90.07)	Lr 1.000e-03 (1.000e-03)
2025-12-19 05:45:16,590 - INFO: Epoch: [4][150/301]	Time  0.003 ( 0.005)	Loss 2.6322e-01 (2.9770e-01)	Acc pseudo  93.75 ( 90.36)	Lr 1.000e-03 (1.000e-03)
2025-12-19 05:45:16,762 - INFO: Epoch: [4][200/301]	Time  0.003 ( 0.005)	Loss 1.3200e-01 (2.9326e-01)	Acc pseudo  92.19 ( 90.44)	Lr 1.000e-03 (1.000e-03)
2025-12-19 05:45:16,931 - INFO: Epoch: [4][250/301]	Time  0.003 ( 0.004)	Loss 3.0810e-01 (2.9030e-01)	Acc pseudo  85.94 ( 90.34)	Lr 1.000e-03 (1.000e-03)
2025-12-19 05:45:17,091 - INFO: Epoch: [4][300/301]	Time  0.002 ( 0.004)	Loss 1.5454e-01 (2.9461e-01)	Acc pseudo  92.00 ( 90.30)	Lr 1.000e-03 (1.000e-03)
2025-12-19 05:45:17,149 - INFO: Round 6, Fine-tune Epoch 4: loss=0.2946, acc(pseudo)=90.30%
2025-12-19 05:45:24,390 - INFO: Round 6, Fine-tune Epoch 4: acc(valid_pseudo): 0.9763, acc(valid): 0.8575
2025-12-19 05:45:24,890 - INFO: Epoch: [5][  0/301]	Time  0.230 ( 0.230)	Loss 3.1571e-01 (3.1571e-01)	Acc pseudo  87.50 ( 87.50)	Lr 1.000e-03 (1.000e-03)
2025-12-19 05:45:25,090 - INFO: Epoch: [5][ 50/301]	Time  0.004 ( 0.008)	Loss 1.9823e-01 (2.7054e-01)	Acc pseudo  95.31 ( 91.33)	Lr 1.000e-03 (1.000e-03)
2025-12-19 05:45:25,279 - INFO: Epoch: [5][100/301]	Time  0.004 ( 0.006)	Loss 3.1728e-01 (2.7181e-01)	Acc pseudo  84.38 ( 90.93)	Lr 1.000e-03 (1.000e-03)
2025-12-19 05:45:25,473 - INFO: Epoch: [5][150/301]	Time  0.004 ( 0.005)	Loss 3.3298e-01 (2.6394e-01)	Acc pseudo  89.06 ( 91.13)	Lr 1.000e-03 (1.000e-03)
2025-12-19 05:45:25,665 - INFO: Epoch: [5][200/301]	Time  0.004 ( 0.005)	Loss 2.2684e-01 (2.7306e-01)	Acc pseudo  92.19 ( 91.06)	Lr 1.000e-03 (1.000e-03)
2025-12-19 05:45:25,842 - INFO: Epoch: [5][250/301]	Time  0.003 ( 0.005)	Loss 2.5528e-01 (2.7863e-01)	Acc pseudo  89.06 ( 90.84)	Lr 1.000e-03 (1.000e-03)
2025-12-19 05:45:26,027 - INFO: Epoch: [5][300/301]	Time  0.003 ( 0.004)	Loss 2.5083e-01 (2.8899e-01)	Acc pseudo  88.00 ( 90.62)	Lr 1.000e-03 (1.000e-03)
2025-12-19 05:45:26,084 - INFO: Round 6, Fine-tune Epoch 5: loss=0.2890, acc(pseudo)=90.62%
2025-12-19 05:45:32,634 - INFO: Round 6, Fine-tune Epoch 5: acc(valid_pseudo): 0.9588, acc(valid): 0.8350
2025-12-19 05:45:32,634 - INFO: Round 6, Fine-tune Epoch 5: No improvement in validation accuracy. Patience(epoch): 1/5
2025-12-19 05:45:33,110 - INFO: Epoch: [6][  0/301]	Time  0.470 ( 0.470)	Loss 4.3229e-01 (4.3229e-01)	Acc pseudo  85.94 ( 85.94)	Lr 1.000e-03 (1.000e-03)
2025-12-19 05:45:33,289 - INFO: Epoch: [6][ 50/301]	Time  0.003 ( 0.013)	Loss 1.7884e-01 (2.8453e-01)	Acc pseudo  93.75 ( 90.59)	Lr 1.000e-03 (1.000e-03)
2025-12-19 05:45:33,463 - INFO: Epoch: [6][100/301]	Time  0.004 ( 0.008)	Loss 4.1746e-01 (2.7583e-01)	Acc pseudo  84.38 ( 90.93)	Lr 1.000e-03 (1.000e-03)
2025-12-19 05:45:33,630 - INFO: Epoch: [6][150/301]	Time  0.003 ( 0.006)	Loss 2.3757e-01 (2.7777e-01)	Acc pseudo  90.62 ( 90.79)	Lr 1.000e-03 (1.000e-03)
2025-12-19 05:45:33,795 - INFO: Epoch: [6][200/301]	Time  0.003 ( 0.006)	Loss 2.0234e-01 (2.8415e-01)	Acc pseudo  92.19 ( 90.60)	Lr 1.000e-03 (1.000e-03)
2025-12-19 05:45:33,987 - INFO: Epoch: [6][250/301]	Time  0.004 ( 0.005)	Loss 2.7443e-01 (2.8635e-01)	Acc pseudo  89.06 ( 90.54)	Lr 1.000e-03 (1.000e-03)
2025-12-19 05:45:34,181 - INFO: Epoch: [6][300/301]	Time  0.003 ( 0.005)	Loss 2.2393e-01 (2.8983e-01)	Acc pseudo  92.00 ( 90.41)	Lr 1.000e-03 (1.000e-03)
2025-12-19 05:45:34,275 - INFO: Round 6, Fine-tune Epoch 6: loss=0.2898, acc(pseudo)=90.41%
2025-12-19 05:45:41,881 - INFO: Round 6, Fine-tune Epoch 6: acc(valid_pseudo): 0.9751, acc(valid): 0.8450
2025-12-19 05:45:41,881 - INFO: Round 6, Fine-tune Epoch 6: No improvement in validation accuracy. Patience(epoch): 2/5
2025-12-19 05:45:42,094 - INFO: Epoch: [7][  0/301]	Time  0.208 ( 0.208)	Loss 2.6269e-01 (2.6269e-01)	Acc pseudo  90.62 ( 90.62)	Lr 1.000e-03 (1.000e-03)
2025-12-19 05:45:42,280 - INFO: Epoch: [7][ 50/301]	Time  0.004 ( 0.008)	Loss 1.9035e-01 (2.8331e-01)	Acc pseudo  89.06 ( 90.41)	Lr 1.000e-03 (1.000e-03)
2025-12-19 05:45:42,451 - INFO: Epoch: [7][100/301]	Time  0.003 ( 0.005)	Loss 1.6305e-01 (2.9074e-01)	Acc pseudo  96.88 ( 90.22)	Lr 1.000e-03 (1.000e-03)
2025-12-19 05:45:42,619 - INFO: Epoch: [7][150/301]	Time  0.003 ( 0.005)	Loss 1.4615e-01 (2.9789e-01)	Acc pseudo  92.19 ( 90.14)	Lr 1.000e-03 (1.000e-03)
2025-12-19 05:45:42,788 - INFO: Epoch: [7][200/301]	Time  0.003 ( 0.004)	Loss 4.6294e-01 (3.1122e-01)	Acc pseudo  87.50 ( 89.78)	Lr 1.000e-03 (1.000e-03)
2025-12-19 05:45:42,958 - INFO: Epoch: [7][250/301]	Time  0.004 ( 0.004)	Loss 5.6924e-01 (3.2724e-01)	Acc pseudo  81.25 ( 89.28)	Lr 1.000e-03 (1.000e-03)
2025-12-19 05:45:43,115 - INFO: Epoch: [7][300/301]	Time  0.002 ( 0.004)	Loss 4.3848e-02 (3.2472e-01)	Acc pseudo 100.00 ( 89.33)	Lr 1.000e-03 (1.000e-03)
2025-12-19 05:45:43,202 - INFO: Round 6, Fine-tune Epoch 7: loss=0.3247, acc(pseudo)=89.33%
2025-12-19 05:45:48,883 - INFO: Round 6, Fine-tune Epoch 7: acc(valid_pseudo): 0.9561, acc(valid): 0.8500
2025-12-19 05:45:48,884 - INFO: Round 6, Fine-tune Epoch 7: No improvement in validation accuracy. Patience(epoch): 3/5
2025-12-19 05:45:49,105 - INFO: Epoch: [8][  0/301]	Time  0.216 ( 0.216)	Loss 2.0743e-01 (2.0743e-01)	Acc pseudo  92.19 ( 92.19)	Lr 1.000e-03 (1.000e-03)
2025-12-19 05:45:49,271 - INFO: Epoch: [8][ 50/301]	Time  0.003 ( 0.007)	Loss 2.7286e-01 (3.1141e-01)	Acc pseudo  87.50 ( 90.50)	Lr 1.000e-03 (1.000e-03)
2025-12-19 05:45:49,436 - INFO: Epoch: [8][100/301]	Time  0.003 ( 0.005)	Loss 6.2568e-01 (3.1332e-01)	Acc pseudo  78.12 ( 90.07)	Lr 1.000e-03 (1.000e-03)
2025-12-19 05:45:49,604 - INFO: Epoch: [8][150/301]	Time  0.004 ( 0.005)	Loss 3.6690e-01 (3.1697e-01)	Acc pseudo  87.50 ( 89.76)	Lr 1.000e-03 (1.000e-03)
2025-12-19 05:45:49,773 - INFO: Epoch: [8][200/301]	Time  0.003 ( 0.004)	Loss 3.2428e-01 (3.2053e-01)	Acc pseudo  89.06 ( 89.48)	Lr 1.000e-03 (1.000e-03)
2025-12-19 05:45:49,935 - INFO: Epoch: [8][250/301]	Time  0.003 ( 0.004)	Loss 1.5903e-01 (3.2650e-01)	Acc pseudo  92.19 ( 89.29)	Lr 1.000e-03 (1.000e-03)
2025-12-19 05:45:50,099 - INFO: Epoch: [8][300/301]	Time  0.002 ( 0.004)	Loss 3.1514e-01 (3.3046e-01)	Acc pseudo  96.00 ( 89.19)	Lr 1.000e-03 (1.000e-03)
2025-12-19 05:45:50,177 - INFO: Round 6, Fine-tune Epoch 8: loss=0.3305, acc(pseudo)=89.19%
2025-12-19 05:45:57,937 - INFO: Round 6, Fine-tune Epoch 8: acc(valid_pseudo): 0.9810, acc(valid): 0.8575
2025-12-19 05:45:58,614 - INFO: Epoch: [9][  0/301]	Time  0.299 ( 0.299)	Loss 3.1637e-01 (3.1637e-01)	Acc pseudo  87.50 ( 87.50)	Lr 1.000e-03 (1.000e-03)
2025-12-19 05:45:58,817 - INFO: Epoch: [9][ 50/301]	Time  0.004 ( 0.010)	Loss 2.9211e-01 (2.7930e-01)	Acc pseudo  89.06 ( 90.53)	Lr 1.000e-03 (1.000e-03)
2025-12-19 05:45:59,015 - INFO: Epoch: [9][100/301]	Time  0.004 ( 0.007)	Loss 2.1450e-01 (2.9729e-01)	Acc pseudo  90.62 ( 89.79)	Lr 1.000e-03 (1.000e-03)
2025-12-19 05:45:59,228 - INFO: Epoch: [9][150/301]	Time  0.004 ( 0.006)	Loss 1.3673e-01 (3.0541e-01)	Acc pseudo  95.31 ( 89.89)	Lr 1.000e-03 (1.000e-03)
2025-12-19 05:45:59,435 - INFO: Epoch: [9][200/301]	Time  0.004 ( 0.005)	Loss 3.1847e-01 (3.1496e-01)	Acc pseudo  92.19 ( 89.51)	Lr 1.000e-03 (1.000e-03)
2025-12-19 05:45:59,643 - INFO: Epoch: [9][250/301]	Time  0.004 ( 0.005)	Loss 3.0742e-01 (3.1021e-01)	Acc pseudo  90.62 ( 89.72)	Lr 1.000e-03 (1.000e-03)
2025-12-19 05:45:59,839 - INFO: Epoch: [9][300/301]	Time  0.003 ( 0.005)	Loss 2.3639e-01 (3.1481e-01)	Acc pseudo  88.00 ( 89.77)	Lr 1.000e-03 (1.000e-03)
2025-12-19 05:45:59,895 - INFO: Round 6, Fine-tune Epoch 9: loss=0.3148, acc(pseudo)=89.77%
2025-12-19 05:46:06,344 - INFO: Round 6, Fine-tune Epoch 9: acc(valid_pseudo): 0.9748, acc(valid): 0.8450
2025-12-19 05:46:06,344 - INFO: Round 6, Fine-tune Epoch 9: No improvement in validation accuracy. Patience(epoch): 1/5
2025-12-19 05:46:06,647 - INFO: Epoch: [10][  0/301]	Time  0.296 ( 0.296)	Loss 3.0906e-01 (3.0906e-01)	Acc pseudo  89.06 ( 89.06)	Lr 1.000e-03 (1.000e-03)
2025-12-19 05:46:06,860 - INFO: Epoch: [10][ 50/301]	Time  0.004 ( 0.010)	Loss 2.7889e-01 (3.0095e-01)	Acc pseudo  90.62 ( 89.74)	Lr 1.000e-03 (1.000e-03)
2025-12-19 05:46:07,057 - INFO: Epoch: [10][100/301]	Time  0.004 ( 0.007)	Loss 2.4630e-01 (3.0205e-01)	Acc pseudo  90.62 ( 89.82)	Lr 1.000e-03 (1.000e-03)
2025-12-19 05:46:07,252 - INFO: Epoch: [10][150/301]	Time  0.004 ( 0.006)	Loss 3.6424e-01 (3.1028e-01)	Acc pseudo  87.50 ( 89.78)	Lr 1.000e-03 (1.000e-03)
2025-12-19 05:46:07,448 - INFO: Epoch: [10][200/301]	Time  0.004 ( 0.005)	Loss 2.9486e-01 (3.0529e-01)	Acc pseudo  90.62 ( 89.89)	Lr 1.000e-03 (1.000e-03)
2025-12-19 05:46:07,645 - INFO: Epoch: [10][250/301]	Time  0.004 ( 0.005)	Loss 1.7359e-01 (3.0104e-01)	Acc pseudo  96.88 ( 90.13)	Lr 1.000e-03 (1.000e-03)
2025-12-19 05:46:07,815 - INFO: Epoch: [10][300/301]	Time  0.002 ( 0.005)	Loss 5.2112e-01 (3.0976e-01)	Acc pseudo  76.00 ( 89.80)	Lr 1.000e-03 (1.000e-03)
2025-12-19 05:46:07,902 - INFO: Round 6, Fine-tune Epoch 10: loss=0.3098, acc(pseudo)=89.80%
2025-12-19 05:46:14,271 - INFO: Round 6, Fine-tune Epoch 10: acc(valid_pseudo): 0.9681, acc(valid): 0.8400
2025-12-19 05:46:14,271 - INFO: Round 6, Fine-tune Epoch 10: No improvement in validation accuracy. Patience(epoch): 2/5
2025-12-19 05:46:14,484 - INFO: Epoch: [11][  0/301]	Time  0.207 ( 0.207)	Loss 1.4299e-01 (1.4299e-01)	Acc pseudo  93.75 ( 93.75)	Lr 1.000e-03 (1.000e-03)
2025-12-19 05:46:14,691 - INFO: Epoch: [11][ 50/301]	Time  0.003 ( 0.008)	Loss 2.1774e-01 (3.0624e-01)	Acc pseudo  93.75 ( 89.68)	Lr 1.000e-03 (1.000e-03)
2025-12-19 05:46:14,883 - INFO: Epoch: [11][100/301]	Time  0.004 ( 0.006)	Loss 2.9101e-01 (2.9619e-01)	Acc pseudo  85.94 ( 90.05)	Lr 1.000e-03 (1.000e-03)
2025-12-19 05:46:15,062 - INFO: Epoch: [11][150/301]	Time  0.003 ( 0.005)	Loss 1.9700e-01 (2.9194e-01)	Acc pseudo  93.75 ( 90.34)	Lr 1.000e-03 (1.000e-03)
2025-12-19 05:46:15,237 - INFO: Epoch: [11][200/301]	Time  0.003 ( 0.005)	Loss 3.3020e-01 (2.9219e-01)	Acc pseudo  81.25 ( 90.30)	Lr 1.000e-03 (1.000e-03)
2025-12-19 05:46:15,417 - INFO: Epoch: [11][250/301]	Time  0.003 ( 0.004)	Loss 2.1359e-01 (3.0000e-01)	Acc pseudo  92.19 ( 90.10)	Lr 1.000e-03 (1.000e-03)
2025-12-19 05:46:15,582 - INFO: Epoch: [11][300/301]	Time  0.002 ( 0.004)	Loss 4.7541e-01 (3.0319e-01)	Acc pseudo  84.00 ( 90.08)	Lr 1.000e-03 (1.000e-03)
2025-12-19 05:46:15,668 - INFO: Round 6, Fine-tune Epoch 11: loss=0.3032, acc(pseudo)=90.08%
2025-12-19 05:46:23,327 - INFO: Round 6, Fine-tune Epoch 11: acc(valid_pseudo): 0.9605, acc(valid): 0.8450
2025-12-19 05:46:23,327 - INFO: Round 6, Fine-tune Epoch 11: No improvement in validation accuracy. Patience(epoch): 3/5
2025-12-19 05:46:23,539 - INFO: Epoch: [12][  0/301]	Time  0.207 ( 0.207)	Loss 1.8606e-01 (1.8606e-01)	Acc pseudo  93.75 ( 93.75)	Lr 1.000e-03 (1.000e-03)
2025-12-19 05:46:23,748 - INFO: Epoch: [12][ 50/301]	Time  0.004 ( 0.008)	Loss 3.3645e-01 (2.9483e-01)	Acc pseudo  89.06 ( 89.49)	Lr 1.000e-03 (1.000e-03)
2025-12-19 05:46:23,940 - INFO: Epoch: [12][100/301]	Time  0.004 ( 0.006)	Loss 1.8327e-01 (3.0382e-01)	Acc pseudo  93.75 ( 89.90)	Lr 1.000e-03 (1.000e-03)
2025-12-19 05:46:24,130 - INFO: Epoch: [12][150/301]	Time  0.004 ( 0.005)	Loss 2.0697e-01 (3.1139e-01)	Acc pseudo  92.19 ( 89.84)	Lr 1.000e-03 (1.000e-03)
2025-12-19 05:46:24,318 - INFO: Epoch: [12][200/301]	Time  0.004 ( 0.005)	Loss 3.9474e-01 (3.0607e-01)	Acc pseudo  85.94 ( 89.89)	Lr 1.000e-03 (1.000e-03)
2025-12-19 05:46:24,508 - INFO: Epoch: [12][250/301]	Time  0.004 ( 0.005)	Loss 2.8986e-01 (3.0262e-01)	Acc pseudo  93.75 ( 90.00)	Lr 1.000e-03 (1.000e-03)
2025-12-19 05:46:24,728 - INFO: Epoch: [12][300/301]	Time  0.004 ( 0.005)	Loss 2.4746e-01 (3.0653e-01)	Acc pseudo  84.00 ( 90.02)	Lr 1.000e-03 (1.000e-03)
2025-12-19 05:46:24,787 - INFO: Round 6, Fine-tune Epoch 12: loss=0.3065, acc(pseudo)=90.02%
2025-12-19 05:46:32,450 - INFO: Round 6, Fine-tune Epoch 12: acc(valid_pseudo): 0.9751, acc(valid): 0.8450
2025-12-19 05:46:32,450 - INFO: Round 6, Fine-tune Epoch 12: No improvement in validation accuracy. Patience(epoch): 4/5
2025-12-19 05:46:32,838 - INFO: Epoch: [13][  0/301]	Time  0.379 ( 0.379)	Loss 2.3468e-01 (2.3468e-01)	Acc pseudo  90.62 ( 90.62)	Lr 1.000e-03 (1.000e-03)
2025-12-19 05:46:33,041 - INFO: Epoch: [13][ 50/301]	Time  0.004 ( 0.011)	Loss 1.0431e-01 (2.6662e-01)	Acc pseudo  96.88 ( 90.66)	Lr 1.000e-03 (1.000e-03)
2025-12-19 05:46:33,227 - INFO: Epoch: [13][100/301]	Time  0.003 ( 0.007)	Loss 3.3160e-01 (2.7955e-01)	Acc pseudo  87.50 ( 90.49)	Lr 1.000e-03 (1.000e-03)
2025-12-19 05:46:33,413 - INFO: Epoch: [13][150/301]	Time  0.004 ( 0.006)	Loss 2.7253e-01 (2.7821e-01)	Acc pseudo  92.19 ( 90.69)	Lr 1.000e-03 (1.000e-03)
2025-12-19 05:46:33,622 - INFO: Epoch: [13][200/301]	Time  0.005 ( 0.006)	Loss 4.1112e-01 (2.8168e-01)	Acc pseudo  85.94 ( 90.56)	Lr 1.000e-03 (1.000e-03)
2025-12-19 05:46:33,829 - INFO: Epoch: [13][250/301]	Time  0.004 ( 0.005)	Loss 2.1939e-01 (2.9126e-01)	Acc pseudo  92.19 ( 90.29)	Lr 1.000e-03 (1.000e-03)
2025-12-19 05:46:34,026 - INFO: Epoch: [13][300/301]	Time  0.003 ( 0.005)	Loss 1.4206e-01 (2.9359e-01)	Acc pseudo  92.00 ( 90.16)	Lr 1.000e-03 (1.000e-03)
2025-12-19 05:46:34,083 - INFO: Round 6, Fine-tune Epoch 13: loss=0.2936, acc(pseudo)=90.16%
2025-12-19 05:46:41,431 - INFO: Round 6, Fine-tune Epoch 13: acc(valid_pseudo): 0.9748, acc(valid): 0.8450
2025-12-19 05:46:41,432 - INFO: Round 6, Fine-tune Epoch 13: No improvement in validation accuracy. Patience(epoch): 5/5
2025-12-19 05:46:41,432 - INFO: Early stopping at epoch 13 due to no improvement in validation accuracy for 5 epochs.
2025-12-19 05:46:41,433 - INFO: Round 6: Best fine-tuned epoch=8, acc(valid_pseudo)=0.9810
2025-12-19 05:46:41,480 - INFO: Using HMM model from previous round: runs/I love my family/exp_video/result/self_supervised/exp0/round5/pseudo_label/hmm_params.pkl
2025-12-19 06:21:08,872 - INFO: Round 6: acc(valid)=0.8700, acc(test)=0.8588
2025-12-19 06:21:08,873 - INFO: No improvement. Patience(round): 2/5
2025-12-19 06:21:08,875 - INFO: ====================
2025-12-19 06:21:08,875 - INFO: Round 7: Fine-tuning iteration
2025-12-19 06:21:08,875 - INFO: ====================
2025-12-19 06:21:08,885 - INFO: Round 7 Part 1: Fine-tuning embedding model
2025-12-19 06:21:08,886 - INFO: Using pseudo-label file: runs/I love my family/exp_video/result/self_supervised/exp0/round6/pseudo_label/pseudo_labels_audio_nested_hmm_full(unreliable_pp=100.0).json
2025-12-19 06:21:09,052 - INFO: Fine-tuning embedding model for 20 epochs...
2025-12-19 06:21:09,878 - INFO: Epoch: [0][  0/301]	Time  0.745 ( 0.745)	Loss 4.9012e-01 (4.9012e-01)	Acc pseudo  89.06 ( 89.06)	Lr 1.000e-03 (1.000e-03)
2025-12-19 06:21:10,049 - INFO: Epoch: [0][ 50/301]	Time  0.003 ( 0.018)	Loss 4.3143e-01 (3.4308e-01)	Acc pseudo  90.62 ( 90.10)	Lr 1.000e-03 (1.000e-03)
2025-12-19 06:21:10,212 - INFO: Epoch: [0][100/301]	Time  0.003 ( 0.011)	Loss 1.8106e-01 (3.5420e-01)	Acc pseudo  92.19 ( 89.50)	Lr 1.000e-03 (1.000e-03)
2025-12-19 06:21:10,380 - INFO: Epoch: [0][150/301]	Time  0.003 ( 0.008)	Loss 2.7126e-01 (3.4305e-01)	Acc pseudo  92.19 ( 89.74)	Lr 1.000e-03 (1.000e-03)
2025-12-19 06:21:10,541 - INFO: Epoch: [0][200/301]	Time  0.003 ( 0.007)	Loss 2.1590e-01 (3.5397e-01)	Acc pseudo  96.88 ( 89.55)	Lr 1.000e-03 (1.000e-03)
2025-12-19 06:21:10,717 - INFO: Epoch: [0][250/301]	Time  0.003 ( 0.006)	Loss 4.5451e-01 (3.5691e-01)	Acc pseudo  81.25 ( 89.47)	Lr 1.000e-03 (1.000e-03)
2025-12-19 06:21:10,887 - INFO: Epoch: [0][300/301]	Time  0.004 ( 0.006)	Loss 6.0234e-02 (3.5424e-01)	Acc pseudo  96.00 ( 89.51)	Lr 1.000e-03 (1.000e-03)
2025-12-19 06:21:10,969 - INFO: Round 7, Fine-tune Epoch 0: loss=0.3542, acc(pseudo)=89.51%
2025-12-19 06:21:17,374 - INFO: Round 7, Fine-tune Epoch 0: acc(valid_pseudo): 0.9822, acc(valid): 0.8650
2025-12-19 06:21:17,839 - INFO: Epoch: [1][  0/301]	Time  0.208 ( 0.208)	Loss 5.4584e-01 (5.4584e-01)	Acc pseudo  84.38 ( 84.38)	Lr 1.000e-03 (1.000e-03)
2025-12-19 06:21:18,020 - INFO: Epoch: [1][ 50/301]	Time  0.003 ( 0.008)	Loss 1.8080e-01 (3.0558e-01)	Acc pseudo  95.31 ( 89.40)	Lr 1.000e-03 (1.000e-03)
2025-12-19 06:21:18,183 - INFO: Epoch: [1][100/301]	Time  0.003 ( 0.005)	Loss 2.5092e-01 (3.0777e-01)	Acc pseudo  92.19 ( 89.91)	Lr 1.000e-03 (1.000e-03)
2025-12-19 06:21:18,348 - INFO: Epoch: [1][150/301]	Time  0.003 ( 0.005)	Loss 3.3230e-01 (3.0186e-01)	Acc pseudo  90.62 ( 90.34)	Lr 1.000e-03 (1.000e-03)
2025-12-19 06:21:18,508 - INFO: Epoch: [1][200/301]	Time  0.003 ( 0.004)	Loss 2.9818e-01 (3.1163e-01)	Acc pseudo  92.19 ( 90.09)	Lr 1.000e-03 (1.000e-03)
2025-12-19 06:21:18,665 - INFO: Epoch: [1][250/301]	Time  0.003 ( 0.004)	Loss 3.3787e-01 (3.1602e-01)	Acc pseudo  93.75 ( 89.89)	Lr 1.000e-03 (1.000e-03)
2025-12-19 06:21:18,813 - INFO: Epoch: [1][300/301]	Time  0.002 ( 0.004)	Loss 6.1014e-01 (3.1881e-01)	Acc pseudo  80.00 ( 89.80)	Lr 1.000e-03 (1.000e-03)
2025-12-19 06:21:18,870 - INFO: Round 7, Fine-tune Epoch 1: loss=0.3188, acc(pseudo)=89.80%
2025-12-19 06:21:24,444 - INFO: Round 7, Fine-tune Epoch 1: acc(valid_pseudo): 0.9766, acc(valid): 0.8600
2025-12-19 06:21:24,444 - INFO: Round 7, Fine-tune Epoch 1: No improvement in validation accuracy. Patience(epoch): 1/5
2025-12-19 06:21:24,656 - INFO: Epoch: [2][  0/301]	Time  0.207 ( 0.207)	Loss 1.8454e-01 (1.8454e-01)	Acc pseudo  90.62 ( 90.62)	Lr 1.000e-03 (1.000e-03)
2025-12-19 06:21:24,849 - INFO: Epoch: [2][ 50/301]	Time  0.004 ( 0.008)	Loss 2.5866e-01 (3.0555e-01)	Acc pseudo  89.06 ( 89.43)	Lr 1.000e-03 (1.000e-03)
2025-12-19 06:21:25,049 - INFO: Epoch: [2][100/301]	Time  0.004 ( 0.006)	Loss 2.0626e-01 (2.9775e-01)	Acc pseudo  89.06 ( 89.99)	Lr 1.000e-03 (1.000e-03)
2025-12-19 06:21:25,240 - INFO: Epoch: [2][150/301]	Time  0.003 ( 0.005)	Loss 1.9584e-01 (3.0086e-01)	Acc pseudo  93.75 ( 90.37)	Lr 1.000e-03 (1.000e-03)
2025-12-19 06:21:25,430 - INFO: Epoch: [2][200/301]	Time  0.004 ( 0.005)	Loss 1.7190e-01 (2.9983e-01)	Acc pseudo  95.31 ( 90.52)	Lr 1.000e-03 (1.000e-03)
2025-12-19 06:21:25,625 - INFO: Epoch: [2][250/301]	Time  0.004 ( 0.005)	Loss 3.2863e-01 (3.0443e-01)	Acc pseudo  89.06 ( 90.36)	Lr 1.000e-03 (1.000e-03)
2025-12-19 06:21:25,790 - INFO: Epoch: [2][300/301]	Time  0.002 ( 0.004)	Loss 2.2632e-01 (3.0576e-01)	Acc pseudo  88.00 ( 90.32)	Lr 1.000e-03 (1.000e-03)
2025-12-19 06:21:25,869 - INFO: Round 7, Fine-tune Epoch 2: loss=0.3058, acc(pseudo)=90.32%
2025-12-19 06:21:32,306 - INFO: Round 7, Fine-tune Epoch 2: acc(valid_pseudo): 0.9713, acc(valid): 0.8475
2025-12-19 06:21:32,307 - INFO: Round 7, Fine-tune Epoch 2: No improvement in validation accuracy. Patience(epoch): 2/5
2025-12-19 06:21:32,619 - INFO: Epoch: [3][  0/301]	Time  0.306 ( 0.306)	Loss 4.8175e-01 (4.8175e-01)	Acc pseudo  85.94 ( 85.94)	Lr 1.000e-03 (1.000e-03)
2025-12-19 06:21:32,825 - INFO: Epoch: [3][ 50/301]	Time  0.004 ( 0.010)	Loss 5.0554e-01 (3.1197e-01)	Acc pseudo  81.25 ( 90.23)	Lr 1.000e-03 (1.000e-03)
2025-12-19 06:21:33,025 - INFO: Epoch: [3][100/301]	Time  0.004 ( 0.007)	Loss 2.7604e-01 (2.9796e-01)	Acc pseudo  92.19 ( 90.38)	Lr 1.000e-03 (1.000e-03)
2025-12-19 06:21:33,221 - INFO: Epoch: [3][150/301]	Time  0.004 ( 0.006)	Loss 2.8617e-01 (2.9052e-01)	Acc pseudo  85.94 ( 90.37)	Lr 1.000e-03 (1.000e-03)
2025-12-19 06:21:33,422 - INFO: Epoch: [3][200/301]	Time  0.004 ( 0.005)	Loss 2.9877e-01 (2.8923e-01)	Acc pseudo  89.06 ( 90.49)	Lr 1.000e-03 (1.000e-03)
2025-12-19 06:21:33,606 - INFO: Epoch: [3][250/301]	Time  0.003 ( 0.005)	Loss 4.5459e-01 (2.8398e-01)	Acc pseudo  89.06 ( 90.69)	Lr 1.000e-03 (1.000e-03)
2025-12-19 06:21:33,763 - INFO: Epoch: [3][300/301]	Time  0.002 ( 0.005)	Loss 2.4295e-01 (2.8633e-01)	Acc pseudo  88.00 ( 90.62)	Lr 1.000e-03 (1.000e-03)
2025-12-19 06:21:33,840 - INFO: Round 7, Fine-tune Epoch 3: loss=0.2863, acc(pseudo)=90.62%
2025-12-19 06:21:40,215 - INFO: Round 7, Fine-tune Epoch 3: acc(valid_pseudo): 0.9807, acc(valid): 0.8650
2025-12-19 06:21:40,216 - INFO: Round 7, Fine-tune Epoch 3: No improvement in validation accuracy. Patience(epoch): 3/5
2025-12-19 06:21:40,434 - INFO: Epoch: [4][  0/301]	Time  0.213 ( 0.213)	Loss 2.1667e-01 (2.1667e-01)	Acc pseudo  93.75 ( 93.75)	Lr 1.000e-03 (1.000e-03)
2025-12-19 06:21:40,617 - INFO: Epoch: [4][ 50/301]	Time  0.004 ( 0.008)	Loss 2.3419e-01 (2.7094e-01)	Acc pseudo  95.31 ( 91.30)	Lr 1.000e-03 (1.000e-03)
2025-12-19 06:21:40,791 - INFO: Epoch: [4][100/301]	Time  0.003 ( 0.006)	Loss 2.3283e-01 (2.7809e-01)	Acc pseudo  92.19 ( 90.84)	Lr 1.000e-03 (1.000e-03)
2025-12-19 06:21:40,963 - INFO: Epoch: [4][150/301]	Time  0.003 ( 0.005)	Loss 1.9611e-01 (2.7933e-01)	Acc pseudo  93.75 ( 91.04)	Lr 1.000e-03 (1.000e-03)
2025-12-19 06:21:41,142 - INFO: Epoch: [4][200/301]	Time  0.003 ( 0.004)	Loss 2.5740e-01 (2.7899e-01)	Acc pseudo  89.06 ( 90.95)	Lr 1.000e-03 (1.000e-03)
2025-12-19 06:21:41,313 - INFO: Epoch: [4][250/301]	Time  0.003 ( 0.004)	Loss 3.6370e-01 (2.7768e-01)	Acc pseudo  84.38 ( 90.85)	Lr 1.000e-03 (1.000e-03)
2025-12-19 06:21:41,470 - INFO: Epoch: [4][300/301]	Time  0.003 ( 0.004)	Loss 2.4429e-01 (2.8037e-01)	Acc pseudo  92.00 ( 90.89)	Lr 1.000e-03 (1.000e-03)
2025-12-19 06:21:41,529 - INFO: Round 7, Fine-tune Epoch 4: loss=0.2804, acc(pseudo)=90.89%
2025-12-19 06:21:49,373 - INFO: Round 7, Fine-tune Epoch 4: acc(valid_pseudo): 0.9804, acc(valid): 0.8600
2025-12-19 06:21:49,374 - INFO: Round 7, Fine-tune Epoch 4: No improvement in validation accuracy. Patience(epoch): 4/5
2025-12-19 06:21:49,638 - INFO: Epoch: [5][  0/301]	Time  0.260 ( 0.260)	Loss 2.4466e-01 (2.4466e-01)	Acc pseudo  89.06 ( 89.06)	Lr 1.000e-03 (1.000e-03)
2025-12-19 06:21:49,817 - INFO: Epoch: [5][ 50/301]	Time  0.003 ( 0.008)	Loss 1.8414e-01 (2.6777e-01)	Acc pseudo  95.31 ( 91.51)	Lr 1.000e-03 (1.000e-03)
2025-12-19 06:21:49,994 - INFO: Epoch: [5][100/301]	Time  0.004 ( 0.006)	Loss 2.8366e-01 (2.6487e-01)	Acc pseudo  87.50 ( 91.41)	Lr 1.000e-03 (1.000e-03)
2025-12-19 06:21:50,172 - INFO: Epoch: [5][150/301]	Time  0.003 ( 0.005)	Loss 3.0966e-01 (2.6824e-01)	Acc pseudo  90.62 ( 91.19)	Lr 1.000e-03 (1.000e-03)
2025-12-19 06:21:50,349 - INFO: Epoch: [5][200/301]	Time  0.004 ( 0.005)	Loss 1.6608e-01 (2.6884e-01)	Acc pseudo  93.75 ( 91.18)	Lr 1.000e-03 (1.000e-03)
2025-12-19 06:21:50,525 - INFO: Epoch: [5][250/301]	Time  0.003 ( 0.004)	Loss 3.8720e-01 (2.7467e-01)	Acc pseudo  90.62 ( 90.98)	Lr 1.000e-03 (1.000e-03)
2025-12-19 06:21:50,692 - INFO: Epoch: [5][300/301]	Time  0.002 ( 0.004)	Loss 2.7232e-01 (2.7815e-01)	Acc pseudo  88.00 ( 90.85)	Lr 1.000e-03 (1.000e-03)
2025-12-19 06:21:50,748 - INFO: Round 7, Fine-tune Epoch 5: loss=0.2782, acc(pseudo)=90.85%
2025-12-19 06:21:56,356 - INFO: Round 7, Fine-tune Epoch 5: acc(valid_pseudo): 0.9687, acc(valid): 0.8425
2025-12-19 06:21:56,357 - INFO: Round 7, Fine-tune Epoch 5: No improvement in validation accuracy. Patience(epoch): 5/5
2025-12-19 06:21:56,357 - INFO: Early stopping at epoch 5 due to no improvement in validation accuracy for 5 epochs.
2025-12-19 06:21:56,358 - INFO: Round 7: Best fine-tuned epoch=0, acc(valid_pseudo)=0.9822
2025-12-19 06:21:56,411 - INFO: Using HMM model from previous round: runs/I love my family/exp_video/result/self_supervised/exp0/round6/pseudo_label/hmm_params.pkl
2025-12-19 06:50:17,240 - INFO: Round 7: acc(valid)=0.8725, acc(test)=0.8525
2025-12-19 06:50:17,241 - INFO: No improvement. Patience(round): 3/5
2025-12-19 06:50:17,244 - INFO: ====================
2025-12-19 06:50:17,244 - INFO: Round 8: Fine-tuning iteration
2025-12-19 06:50:17,244 - INFO: ====================
2025-12-19 06:50:17,252 - INFO: Round 8 Part 1: Fine-tuning embedding model
2025-12-19 06:50:17,254 - INFO: Using pseudo-label file: runs/I love my family/exp_video/result/self_supervised/exp0/round7/pseudo_label/pseudo_labels_audio_nested_hmm_full(unreliable_pp=100.0).json
2025-12-19 06:50:17,441 - INFO: Fine-tuning embedding model for 20 epochs...
2025-12-19 06:50:17,872 - INFO: Epoch: [0][  0/301]	Time  0.418 ( 0.418)	Loss 3.3167e-01 (3.3167e-01)	Acc pseudo  92.19 ( 92.19)	Lr 1.000e-03 (1.000e-03)
2025-12-19 06:50:18,056 - INFO: Epoch: [0][ 50/301]	Time  0.004 ( 0.012)	Loss 1.7129e-01 (3.3192e-01)	Acc pseudo  90.62 ( 90.47)	Lr 1.000e-03 (1.000e-03)
2025-12-19 06:50:18,231 - INFO: Epoch: [0][100/301]	Time  0.003 ( 0.008)	Loss 2.3818e-01 (3.3265e-01)	Acc pseudo  93.75 ( 90.04)	Lr 1.000e-03 (1.000e-03)
2025-12-19 06:50:18,403 - INFO: Epoch: [0][150/301]	Time  0.003 ( 0.006)	Loss 2.8213e-01 (3.5643e-01)	Acc pseudo  89.06 ( 89.71)	Lr 1.000e-03 (1.000e-03)
2025-12-19 06:50:18,581 - INFO: Epoch: [0][200/301]	Time  0.004 ( 0.005)	Loss 2.3143e-01 (3.5212e-01)	Acc pseudo  92.19 ( 89.61)	Lr 1.000e-03 (1.000e-03)
2025-12-19 06:50:18,760 - INFO: Epoch: [0][250/301]	Time  0.003 ( 0.005)	Loss 4.7062e-01 (3.4637e-01)	Acc pseudo  81.25 ( 89.62)	Lr 1.000e-03 (1.000e-03)
2025-12-19 06:50:18,920 - INFO: Epoch: [0][300/301]	Time  0.003 ( 0.005)	Loss 2.1652e-01 (3.4595e-01)	Acc pseudo  92.00 ( 89.59)	Lr 1.000e-03 (1.000e-03)
2025-12-19 06:50:18,977 - INFO: Round 8, Fine-tune Epoch 0: loss=0.3460, acc(pseudo)=89.59%
2025-12-19 06:50:25,562 - INFO: Round 8, Fine-tune Epoch 0: acc(valid_pseudo): 0.9696, acc(valid): 0.8325
2025-12-19 06:50:26,045 - INFO: Epoch: [1][  0/301]	Time  0.209 ( 0.209)	Loss 4.1885e-01 (4.1885e-01)	Acc pseudo  85.94 ( 85.94)	Lr 1.000e-03 (1.000e-03)
2025-12-19 06:50:26,232 - INFO: Epoch: [1][ 50/301]	Time  0.003 ( 0.008)	Loss 2.1104e-01 (2.9463e-01)	Acc pseudo  92.19 ( 90.07)	Lr 1.000e-03 (1.000e-03)
2025-12-19 06:50:26,406 - INFO: Epoch: [1][100/301]	Time  0.003 ( 0.006)	Loss 1.6148e-01 (2.9924e-01)	Acc pseudo  93.75 ( 90.21)	Lr 1.000e-03 (1.000e-03)
2025-12-19 06:50:26,578 - INFO: Epoch: [1][150/301]	Time  0.003 ( 0.005)	Loss 2.5501e-01 (3.0078e-01)	Acc pseudo  87.50 ( 90.41)	Lr 1.000e-03 (1.000e-03)
2025-12-19 06:50:26,753 - INFO: Epoch: [1][200/301]	Time  0.003 ( 0.004)	Loss 2.9393e-01 (2.9979e-01)	Acc pseudo  87.50 ( 90.38)	Lr 1.000e-03 (1.000e-03)
2025-12-19 06:50:26,923 - INFO: Epoch: [1][250/301]	Time  0.003 ( 0.004)	Loss 1.8402e-01 (3.0157e-01)	Acc pseudo  93.75 ( 90.35)	Lr 1.000e-03 (1.000e-03)
2025-12-19 06:50:27,081 - INFO: Epoch: [1][300/301]	Time  0.002 ( 0.004)	Loss 1.7889e-01 (3.0369e-01)	Acc pseudo  92.00 ( 90.27)	Lr 1.000e-03 (1.000e-03)
2025-12-19 06:50:27,138 - INFO: Round 8, Fine-tune Epoch 1: loss=0.3037, acc(pseudo)=90.27%
2025-12-19 06:50:32,857 - INFO: Round 8, Fine-tune Epoch 1: acc(valid_pseudo): 0.9804, acc(valid): 0.8550
2025-12-19 06:50:33,548 - INFO: Epoch: [2][  0/301]	Time  0.310 ( 0.310)	Loss 1.6017e-01 (1.6017e-01)	Acc pseudo  93.75 ( 93.75)	Lr 1.000e-03 (1.000e-03)
2025-12-19 06:50:33,745 - INFO: Epoch: [2][ 50/301]	Time  0.004 ( 0.010)	Loss 2.6457e-01 (2.8154e-01)	Acc pseudo  93.75 ( 89.77)	Lr 1.000e-03 (1.000e-03)
2025-12-19 06:50:33,935 - INFO: Epoch: [2][100/301]	Time  0.004 ( 0.007)	Loss 2.0157e-01 (2.7309e-01)	Acc pseudo  90.62 ( 90.70)	Lr 1.000e-03 (1.000e-03)
2025-12-19 06:50:34,135 - INFO: Epoch: [2][150/301]	Time  0.003 ( 0.006)	Loss 3.1694e-01 (2.7657e-01)	Acc pseudo  92.19 ( 90.65)	Lr 1.000e-03 (1.000e-03)
2025-12-19 06:50:34,327 - INFO: Epoch: [2][200/301]	Time  0.004 ( 0.005)	Loss 2.3434e-01 (2.7967e-01)	Acc pseudo  87.50 ( 90.61)	Lr 1.000e-03 (1.000e-03)
2025-12-19 06:50:34,524 - INFO: Epoch: [2][250/301]	Time  0.004 ( 0.005)	Loss 2.4213e-01 (2.9181e-01)	Acc pseudo  90.62 ( 90.30)	Lr 1.000e-03 (1.000e-03)
2025-12-19 06:50:34,714 - INFO: Epoch: [2][300/301]	Time  0.003 ( 0.005)	Loss 3.8146e-01 (2.9300e-01)	Acc pseudo  88.00 ( 90.23)	Lr 1.000e-03 (1.000e-03)
2025-12-19 06:50:34,770 - INFO: Round 8, Fine-tune Epoch 2: loss=0.2930, acc(pseudo)=90.23%
2025-12-19 06:50:41,229 - INFO: Round 8, Fine-tune Epoch 2: acc(valid_pseudo): 0.9778, acc(valid): 0.8600
2025-12-19 06:50:41,229 - INFO: Round 8, Fine-tune Epoch 2: No improvement in validation accuracy. Patience(epoch): 1/5
2025-12-19 06:50:41,439 - INFO: Epoch: [3][  0/301]	Time  0.204 ( 0.204)	Loss 3.9106e-01 (3.9106e-01)	Acc pseudo  87.50 ( 87.50)	Lr 1.000e-03 (1.000e-03)
2025-12-19 06:50:41,634 - INFO: Epoch: [3][ 50/301]	Time  0.003 ( 0.008)	Loss 4.8106e-01 (2.8540e-01)	Acc pseudo  85.94 ( 91.08)	Lr 1.000e-03 (1.000e-03)
2025-12-19 06:50:41,810 - INFO: Epoch: [3][100/301]	Time  0.003 ( 0.006)	Loss 2.2295e-01 (2.7906e-01)	Acc pseudo  92.19 ( 90.87)	Lr 1.000e-03 (1.000e-03)
2025-12-19 06:50:41,986 - INFO: Epoch: [3][150/301]	Time  0.004 ( 0.005)	Loss 3.1737e-01 (2.8274e-01)	Acc pseudo  84.38 ( 90.78)	Lr 1.000e-03 (1.000e-03)
2025-12-19 06:50:42,157 - INFO: Epoch: [3][200/301]	Time  0.004 ( 0.004)	Loss 2.1489e-01 (2.8360e-01)	Acc pseudo  93.75 ( 90.80)	Lr 1.000e-03 (1.000e-03)
2025-12-19 06:50:42,333 - INFO: Epoch: [3][250/301]	Time  0.004 ( 0.004)	Loss 3.1776e-01 (2.8210e-01)	Acc pseudo  87.50 ( 90.74)	Lr 1.000e-03 (1.000e-03)
2025-12-19 06:50:42,519 - INFO: Epoch: [3][300/301]	Time  0.003 ( 0.004)	Loss 2.0337e-01 (2.8394e-01)	Acc pseudo  92.00 ( 90.64)	Lr 1.000e-03 (1.000e-03)
2025-12-19 06:50:42,576 - INFO: Round 8, Fine-tune Epoch 3: loss=0.2839, acc(pseudo)=90.64%
2025-12-19 06:50:48,797 - INFO: Round 8, Fine-tune Epoch 3: acc(valid_pseudo): 0.9684, acc(valid): 0.8400
2025-12-19 06:50:48,797 - INFO: Round 8, Fine-tune Epoch 3: No improvement in validation accuracy. Patience(epoch): 2/5
2025-12-19 06:50:49,119 - INFO: Epoch: [4][  0/301]	Time  0.314 ( 0.314)	Loss 5.2455e-01 (5.2455e-01)	Acc pseudo  85.94 ( 85.94)	Lr 1.000e-03 (1.000e-03)
2025-12-19 06:50:49,318 - INFO: Epoch: [4][ 50/301]	Time  0.004 ( 0.010)	Loss 2.1331e-01 (2.8987e-01)	Acc pseudo  90.62 ( 90.56)	Lr 1.000e-03 (1.000e-03)
2025-12-19 06:50:49,497 - INFO: Epoch: [4][100/301]	Time  0.004 ( 0.007)	Loss 3.2967e-01 (2.8828e-01)	Acc pseudo  85.94 ( 90.27)	Lr 1.000e-03 (1.000e-03)
2025-12-19 06:50:49,672 - INFO: Epoch: [4][150/301]	Time  0.004 ( 0.006)	Loss 1.7170e-01 (2.8200e-01)	Acc pseudo  92.19 ( 90.50)	Lr 1.000e-03 (1.000e-03)
2025-12-19 06:50:49,849 - INFO: Epoch: [4][200/301]	Time  0.004 ( 0.005)	Loss 9.8844e-02 (2.8293e-01)	Acc pseudo  96.88 ( 90.44)	Lr 1.000e-03 (1.000e-03)
2025-12-19 06:50:50,026 - INFO: Epoch: [4][250/301]	Time  0.004 ( 0.005)	Loss 2.7349e-01 (2.8138e-01)	Acc pseudo  85.94 ( 90.49)	Lr 1.000e-03 (1.000e-03)
2025-12-19 06:50:50,191 - INFO: Epoch: [4][300/301]	Time  0.002 ( 0.004)	Loss 1.2934e-01 (2.8659e-01)	Acc pseudo  92.00 ( 90.44)	Lr 1.000e-03 (1.000e-03)
2025-12-19 06:50:50,248 - INFO: Round 8, Fine-tune Epoch 4: loss=0.2866, acc(pseudo)=90.44%
2025-12-19 06:50:57,021 - INFO: Round 8, Fine-tune Epoch 4: acc(valid_pseudo): 0.9748, acc(valid): 0.8450
2025-12-19 06:50:57,021 - INFO: Round 8, Fine-tune Epoch 4: No improvement in validation accuracy. Patience(epoch): 3/5
2025-12-19 06:50:57,231 - INFO: Epoch: [5][  0/301]	Time  0.205 ( 0.205)	Loss 4.7329e-01 (4.7329e-01)	Acc pseudo  85.94 ( 85.94)	Lr 1.000e-03 (1.000e-03)
2025-12-19 06:50:57,414 - INFO: Epoch: [5][ 50/301]	Time  0.004 ( 0.007)	Loss 1.7162e-01 (2.6179e-01)	Acc pseudo  96.88 ( 91.70)	Lr 1.000e-03 (1.000e-03)
2025-12-19 06:50:57,589 - INFO: Epoch: [5][100/301]	Time  0.003 ( 0.005)	Loss 4.7244e-01 (2.7865e-01)	Acc pseudo  81.25 ( 90.64)	Lr 1.000e-03 (1.000e-03)
2025-12-19 06:50:57,760 - INFO: Epoch: [5][150/301]	Time  0.004 ( 0.005)	Loss 3.5297e-01 (2.7267e-01)	Acc pseudo  89.06 ( 90.68)	Lr 1.000e-03 (1.000e-03)
2025-12-19 06:50:57,932 - INFO: Epoch: [5][200/301]	Time  0.003 ( 0.004)	Loss 3.8294e-01 (2.7368e-01)	Acc pseudo  87.50 ( 90.61)	Lr 1.000e-03 (1.000e-03)
2025-12-19 06:50:58,104 - INFO: Epoch: [5][250/301]	Time  0.003 ( 0.004)	Loss 1.9058e-01 (2.7820e-01)	Acc pseudo  90.62 ( 90.47)	Lr 1.000e-03 (1.000e-03)
2025-12-19 06:50:58,265 - INFO: Epoch: [5][300/301]	Time  0.002 ( 0.004)	Loss 2.5521e-01 (2.8208e-01)	Acc pseudo  92.00 ( 90.38)	Lr 1.000e-03 (1.000e-03)
2025-12-19 06:50:58,350 - INFO: Round 8, Fine-tune Epoch 5: loss=0.2821, acc(pseudo)=90.38%
2025-12-19 06:51:05,014 - INFO: Round 8, Fine-tune Epoch 5: acc(valid_pseudo): 0.9769, acc(valid): 0.8600
2025-12-19 06:51:05,014 - INFO: Round 8, Fine-tune Epoch 5: No improvement in validation accuracy. Patience(epoch): 4/5
2025-12-19 06:51:05,225 - INFO: Epoch: [6][  0/301]	Time  0.206 ( 0.206)	Loss 3.9757e-01 (3.9757e-01)	Acc pseudo  89.06 ( 89.06)	Lr 1.000e-03 (1.000e-03)
2025-12-19 06:51:05,413 - INFO: Epoch: [6][ 50/301]	Time  0.004 ( 0.008)	Loss 2.3052e-01 (2.7979e-01)	Acc pseudo  93.75 ( 90.96)	Lr 1.000e-03 (1.000e-03)
2025-12-19 06:51:05,581 - INFO: Epoch: [6][100/301]	Time  0.003 ( 0.005)	Loss 3.2086e-01 (2.6353e-01)	Acc pseudo  89.06 ( 91.09)	Lr 1.000e-03 (1.000e-03)
2025-12-19 06:51:05,747 - INFO: Epoch: [6][150/301]	Time  0.003 ( 0.005)	Loss 2.6555e-01 (2.7249e-01)	Acc pseudo  90.62 ( 90.65)	Lr 1.000e-03 (1.000e-03)
2025-12-19 06:51:05,911 - INFO: Epoch: [6][200/301]	Time  0.003 ( 0.004)	Loss 2.2564e-01 (2.7703e-01)	Acc pseudo  92.19 ( 90.67)	Lr 1.000e-03 (1.000e-03)
2025-12-19 06:51:06,073 - INFO: Epoch: [6][250/301]	Time  0.003 ( 0.004)	Loss 7.0253e-01 (2.8444e-01)	Acc pseudo  85.94 ( 90.66)	Lr 1.000e-03 (1.000e-03)
2025-12-19 06:51:06,233 - INFO: Epoch: [6][300/301]	Time  0.002 ( 0.004)	Loss 2.9968e-01 (2.8574e-01)	Acc pseudo  88.00 ( 90.56)	Lr 1.000e-03 (1.000e-03)
2025-12-19 06:51:06,292 - INFO: Round 8, Fine-tune Epoch 6: loss=0.2857, acc(pseudo)=90.56%
2025-12-19 06:51:12,182 - INFO: Round 8, Fine-tune Epoch 6: acc(valid_pseudo): 0.9775, acc(valid): 0.8550
2025-12-19 06:51:12,182 - INFO: Round 8, Fine-tune Epoch 6: No improvement in validation accuracy. Patience(epoch): 5/5
2025-12-19 06:51:12,182 - INFO: Early stopping at epoch 6 due to no improvement in validation accuracy for 5 epochs.
2025-12-19 06:51:12,183 - INFO: Round 8: Best fine-tuned epoch=1, acc(valid_pseudo)=0.9804
2025-12-19 06:51:12,241 - INFO: Using HMM model from previous round: runs/I love my family/exp_video/result/self_supervised/exp0/round7/pseudo_label/hmm_params.pkl
2025-12-19 07:15:32,618 - INFO: Round 8: acc(valid)=0.8700, acc(test)=0.8606
2025-12-19 07:15:32,618 - INFO: No improvement. Patience(round): 4/5
2025-12-19 07:15:32,621 - INFO: ====================
2025-12-19 07:15:32,621 - INFO: Round 9: Fine-tuning iteration
2025-12-19 07:15:32,621 - INFO: ====================
2025-12-19 07:15:32,629 - INFO: Round 9 Part 1: Fine-tuning embedding model
2025-12-19 07:15:32,630 - INFO: Using pseudo-label file: runs/I love my family/exp_video/result/self_supervised/exp0/round8/pseudo_label/pseudo_labels_audio_nested_hmm_full(unreliable_pp=100.0).json
2025-12-19 07:15:32,738 - INFO: Fine-tuning embedding model for 20 epochs...
2025-12-19 07:15:32,955 - INFO: Epoch: [0][  0/301]	Time  0.212 ( 0.212)	Loss 1.6396e-01 (1.6396e-01)	Acc pseudo  92.19 ( 92.19)	Lr 1.000e-03 (1.000e-03)
2025-12-19 07:15:33,135 - INFO: Epoch: [0][ 50/301]	Time  0.004 ( 0.008)	Loss 1.0872e-01 (2.5907e-01)	Acc pseudo  96.88 ( 91.42)	Lr 1.000e-03 (1.000e-03)
2025-12-19 07:15:33,329 - INFO: Epoch: [0][100/301]	Time  0.004 ( 0.006)	Loss 2.1810e-01 (2.6846e-01)	Acc pseudo  90.62 ( 91.35)	Lr 1.000e-03 (1.000e-03)
2025-12-19 07:15:33,520 - INFO: Epoch: [0][150/301]	Time  0.004 ( 0.005)	Loss 2.3591e-01 (2.7873e-01)	Acc pseudo  90.62 ( 91.11)	Lr 1.000e-03 (1.000e-03)
2025-12-19 07:15:33,703 - INFO: Epoch: [0][200/301]	Time  0.003 ( 0.005)	Loss 3.0684e-01 (2.8414e-01)	Acc pseudo  93.75 ( 90.76)	Lr 1.000e-03 (1.000e-03)
2025-12-19 07:15:33,884 - INFO: Epoch: [0][250/301]	Time  0.003 ( 0.004)	Loss 4.7645e-01 (2.8628e-01)	Acc pseudo  87.50 ( 90.74)	Lr 1.000e-03 (1.000e-03)
2025-12-19 07:15:34,059 - INFO: Epoch: [0][300/301]	Time  0.003 ( 0.004)	Loss 4.1527e-02 (2.9047e-01)	Acc pseudo 100.00 ( 90.79)	Lr 1.000e-03 (1.000e-03)
2025-12-19 07:15:34,117 - INFO: Round 9, Fine-tune Epoch 0: loss=0.2905, acc(pseudo)=90.79%
2025-12-19 07:15:42,345 - INFO: Round 9, Fine-tune Epoch 0: acc(valid_pseudo): 0.9564, acc(valid): 0.8350
2025-12-19 07:15:43,018 - INFO: Epoch: [1][  0/301]	Time  0.201 ( 0.201)	Loss 3.4914e-01 (3.4914e-01)	Acc pseudo  84.38 ( 84.38)	Lr 1.000e-03 (1.000e-03)
2025-12-19 07:15:43,225 - INFO: Epoch: [1][ 50/301]	Time  0.004 ( 0.008)	Loss 1.1695e-01 (2.5619e-01)	Acc pseudo  95.31 ( 90.87)	Lr 1.000e-03 (1.000e-03)
2025-12-19 07:15:43,424 - INFO: Epoch: [1][100/301]	Time  0.004 ( 0.006)	Loss 1.7923e-01 (2.5201e-01)	Acc pseudo  95.31 ( 91.23)	Lr 1.000e-03 (1.000e-03)
2025-12-19 07:15:43,624 - INFO: Epoch: [1][150/301]	Time  0.004 ( 0.005)	Loss 2.2492e-01 (2.5827e-01)	Acc pseudo  89.06 ( 91.12)	Lr 1.000e-03 (1.000e-03)
2025-12-19 07:15:43,826 - INFO: Epoch: [1][200/301]	Time  0.004 ( 0.005)	Loss 4.1940e-01 (2.6485e-01)	Acc pseudo  87.50 ( 91.18)	Lr 1.000e-03 (1.000e-03)
2025-12-19 07:15:44,025 - INFO: Epoch: [1][250/301]	Time  0.004 ( 0.005)	Loss 9.9815e-02 (2.6806e-01)	Acc pseudo  96.88 ( 91.18)	Lr 1.000e-03 (1.000e-03)
2025-12-19 07:15:44,217 - INFO: Epoch: [1][300/301]	Time  0.003 ( 0.005)	Loss 1.8268e-01 (2.7421e-01)	Acc pseudo  88.00 ( 91.09)	Lr 1.000e-03 (1.000e-03)
2025-12-19 07:15:44,274 - INFO: Round 9, Fine-tune Epoch 1: loss=0.2742, acc(pseudo)=91.09%
2025-12-19 07:15:50,053 - INFO: Round 9, Fine-tune Epoch 1: acc(valid_pseudo): 0.9786, acc(valid): 0.8600
2025-12-19 07:15:50,529 - INFO: Epoch: [2][  0/301]	Time  0.211 ( 0.211)	Loss 1.7530e-01 (1.7530e-01)	Acc pseudo  92.19 ( 92.19)	Lr 1.000e-03 (1.000e-03)
2025-12-19 07:15:50,780 - INFO: Epoch: [2][ 50/301]	Time  0.004 ( 0.009)	Loss 1.2602e-01 (2.4338e-01)	Acc pseudo  96.88 ( 90.66)	Lr 1.000e-03 (1.000e-03)
2025-12-19 07:15:50,992 - INFO: Epoch: [2][100/301]	Time  0.004 ( 0.007)	Loss 1.1387e-01 (2.4027e-01)	Acc pseudo  98.44 ( 91.38)	Lr 1.000e-03 (1.000e-03)
2025-12-19 07:15:51,195 - INFO: Epoch: [2][150/301]	Time  0.004 ( 0.006)	Loss 1.0695e-01 (2.4516e-01)	Acc pseudo  96.88 ( 91.45)	Lr 1.000e-03 (1.000e-03)
2025-12-19 07:15:51,399 - INFO: Epoch: [2][200/301]	Time  0.004 ( 0.005)	Loss 2.3136e-01 (2.5260e-01)	Acc pseudo  92.19 ( 91.49)	Lr 1.000e-03 (1.000e-03)
2025-12-19 07:15:51,602 - INFO: Epoch: [2][250/301]	Time  0.004 ( 0.005)	Loss 1.6361e-01 (2.5820e-01)	Acc pseudo  96.88 ( 91.39)	Lr 1.000e-03 (1.000e-03)
2025-12-19 07:15:51,801 - INFO: Epoch: [2][300/301]	Time  0.003 ( 0.005)	Loss 2.6611e-01 (2.5683e-01)	Acc pseudo  88.00 ( 91.42)	Lr 1.000e-03 (1.000e-03)
2025-12-19 07:15:51,859 - INFO: Round 9, Fine-tune Epoch 2: loss=0.2568, acc(pseudo)=91.42%
2025-12-19 07:15:59,425 - INFO: Round 9, Fine-tune Epoch 2: acc(valid_pseudo): 0.9830, acc(valid): 0.8575
2025-12-19 07:16:00,103 - INFO: Epoch: [3][  0/301]	Time  0.299 ( 0.299)	Loss 2.4375e-01 (2.4375e-01)	Acc pseudo  89.06 ( 89.06)	Lr 1.000e-03 (1.000e-03)
2025-12-19 07:16:00,320 - INFO: Epoch: [3][ 50/301]	Time  0.004 ( 0.010)	Loss 3.2979e-01 (2.4139e-01)	Acc pseudo  87.50 ( 92.03)	Lr 1.000e-03 (1.000e-03)
2025-12-19 07:16:00,527 - INFO: Epoch: [3][100/301]	Time  0.004 ( 0.007)	Loss 1.6938e-01 (2.4007e-01)	Acc pseudo  93.75 ( 91.97)	Lr 1.000e-03 (1.000e-03)
2025-12-19 07:16:00,732 - INFO: Epoch: [3][150/301]	Time  0.003 ( 0.006)	Loss 3.4514e-01 (2.4244e-01)	Acc pseudo  89.06 ( 91.87)	Lr 1.000e-03 (1.000e-03)
2025-12-19 07:16:00,908 - INFO: Epoch: [3][200/301]	Time  0.004 ( 0.005)	Loss 2.7313e-01 (2.4219e-01)	Acc pseudo  90.62 ( 91.84)	Lr 1.000e-03 (1.000e-03)
2025-12-19 07:16:01,083 - INFO: Epoch: [3][250/301]	Time  0.004 ( 0.005)	Loss 4.0672e-01 (2.4296e-01)	Acc pseudo  92.19 ( 91.89)	Lr 1.000e-03 (1.000e-03)
2025-12-19 07:16:01,250 - INFO: Epoch: [3][300/301]	Time  0.002 ( 0.005)	Loss 3.5379e-01 (2.5161e-01)	Acc pseudo  92.00 ( 91.78)	Lr 1.000e-03 (1.000e-03)
2025-12-19 07:16:01,327 - INFO: Round 9, Fine-tune Epoch 3: loss=0.2516, acc(pseudo)=91.78%
2025-12-19 07:16:07,092 - INFO: Round 9, Fine-tune Epoch 3: acc(valid_pseudo): 0.9605, acc(valid): 0.8425
2025-12-19 07:16:07,092 - INFO: Round 9, Fine-tune Epoch 3: No improvement in validation accuracy. Patience(epoch): 1/5
2025-12-19 07:16:07,303 - INFO: Epoch: [4][  0/301]	Time  0.206 ( 0.206)	Loss 4.2985e-01 (4.2985e-01)	Acc pseudo  82.81 ( 82.81)	Lr 1.000e-03 (1.000e-03)
2025-12-19 07:16:07,509 - INFO: Epoch: [4][ 50/301]	Time  0.005 ( 0.008)	Loss 1.4592e-01 (2.4426e-01)	Acc pseudo  96.88 ( 91.76)	Lr 1.000e-03 (1.000e-03)
2025-12-19 07:16:07,693 - INFO: Epoch: [4][100/301]	Time  0.003 ( 0.006)	Loss 2.3599e-01 (2.4989e-01)	Acc pseudo  93.75 ( 91.58)	Lr 1.000e-03 (1.000e-03)
2025-12-19 07:16:07,885 - INFO: Epoch: [4][150/301]	Time  0.004 ( 0.005)	Loss 2.8772e-01 (2.4229e-01)	Acc pseudo  87.50 ( 91.81)	Lr 1.000e-03 (1.000e-03)
2025-12-19 07:16:08,093 - INFO: Epoch: [4][200/301]	Time  0.004 ( 0.005)	Loss 1.4582e-01 (2.4127e-01)	Acc pseudo  95.31 ( 91.95)	Lr 1.000e-03 (1.000e-03)
2025-12-19 07:16:08,289 - INFO: Epoch: [4][250/301]	Time  0.004 ( 0.005)	Loss 2.3951e-01 (2.4277e-01)	Acc pseudo  87.50 ( 91.99)	Lr 1.000e-03 (1.000e-03)
2025-12-19 07:16:08,474 - INFO: Epoch: [4][300/301]	Time  0.003 ( 0.004)	Loss 3.0600e-01 (2.4317e-01)	Acc pseudo  92.00 ( 92.00)	Lr 1.000e-03 (1.000e-03)
2025-12-19 07:16:08,557 - INFO: Round 9, Fine-tune Epoch 4: loss=0.2432, acc(pseudo)=92.00%
2025-12-19 07:16:15,747 - INFO: Round 9, Fine-tune Epoch 4: acc(valid_pseudo): 0.9766, acc(valid): 0.8575
2025-12-19 07:16:15,747 - INFO: Round 9, Fine-tune Epoch 4: No improvement in validation accuracy. Patience(epoch): 2/5
2025-12-19 07:16:16,082 - INFO: Epoch: [5][  0/301]	Time  0.327 ( 0.327)	Loss 3.5004e-01 (3.5004e-01)	Acc pseudo  89.06 ( 89.06)	Lr 1.000e-03 (1.000e-03)
2025-12-19 07:16:16,309 - INFO: Epoch: [5][ 50/301]	Time  0.004 ( 0.011)	Loss 9.5275e-02 (2.4155e-01)	Acc pseudo  98.44 ( 91.97)	Lr 1.000e-03 (1.000e-03)
2025-12-19 07:16:16,529 - INFO: Epoch: [5][100/301]	Time  0.004 ( 0.008)	Loss 2.3683e-01 (2.3960e-01)	Acc pseudo  89.06 ( 91.75)	Lr 1.000e-03 (1.000e-03)
2025-12-19 07:16:16,745 - INFO: Epoch: [5][150/301]	Time  0.004 ( 0.006)	Loss 4.4996e-01 (2.3960e-01)	Acc pseudo  84.38 ( 91.65)	Lr 1.000e-03 (1.000e-03)
2025-12-19 07:16:16,949 - INFO: Epoch: [5][200/301]	Time  0.004 ( 0.006)	Loss 1.8013e-01 (2.4554e-01)	Acc pseudo  93.75 ( 91.64)	Lr 1.000e-03 (1.000e-03)
2025-12-19 07:16:17,158 - INFO: Epoch: [5][250/301]	Time  0.004 ( 0.005)	Loss 4.3374e-01 (2.5004e-01)	Acc pseudo  90.62 ( 91.53)	Lr 1.000e-03 (1.000e-03)
2025-12-19 07:16:17,344 - INFO: Epoch: [5][300/301]	Time  0.002 ( 0.005)	Loss 2.5693e-01 (2.5483e-01)	Acc pseudo  88.00 ( 91.39)	Lr 1.000e-03 (1.000e-03)
2025-12-19 07:16:17,425 - INFO: Round 9, Fine-tune Epoch 5: loss=0.2548, acc(pseudo)=91.39%
2025-12-19 07:16:26,011 - INFO: Round 9, Fine-tune Epoch 5: acc(valid_pseudo): 0.9754, acc(valid): 0.8575
2025-12-19 07:16:26,012 - INFO: Round 9, Fine-tune Epoch 5: No improvement in validation accuracy. Patience(epoch): 3/5
2025-12-19 07:16:26,352 - INFO: Epoch: [6][  0/301]	Time  0.333 ( 0.333)	Loss 3.6132e-01 (3.6132e-01)	Acc pseudo  93.75 ( 93.75)	Lr 1.000e-03 (1.000e-03)
2025-12-19 07:16:26,547 - INFO: Epoch: [6][ 50/301]	Time  0.004 ( 0.010)	Loss 2.2029e-01 (2.2763e-01)	Acc pseudo  93.75 ( 92.43)	Lr 1.000e-03 (1.000e-03)
2025-12-19 07:16:26,729 - INFO: Epoch: [6][100/301]	Time  0.003 ( 0.007)	Loss 2.6951e-01 (2.3111e-01)	Acc pseudo  89.06 ( 92.36)	Lr 1.000e-03 (1.000e-03)
2025-12-19 07:16:26,910 - INFO: Epoch: [6][150/301]	Time  0.003 ( 0.006)	Loss 2.0219e-01 (2.3461e-01)	Acc pseudo  90.62 ( 92.14)	Lr 1.000e-03 (1.000e-03)
2025-12-19 07:16:27,093 - INFO: Epoch: [6][200/301]	Time  0.004 ( 0.005)	Loss 1.6937e-01 (2.3559e-01)	Acc pseudo  92.19 ( 91.99)	Lr 1.000e-03 (1.000e-03)
2025-12-19 07:16:27,276 - INFO: Epoch: [6][250/301]	Time  0.003 ( 0.005)	Loss 3.6519e-01 (2.4209e-01)	Acc pseudo  84.38 ( 91.85)	Lr 1.000e-03 (1.000e-03)
2025-12-19 07:16:27,446 - INFO: Epoch: [6][300/301]	Time  0.002 ( 0.005)	Loss 2.3061e-01 (2.4574e-01)	Acc pseudo  88.00 ( 91.68)	Lr 1.000e-03 (1.000e-03)
2025-12-19 07:16:27,533 - INFO: Round 9, Fine-tune Epoch 6: loss=0.2457, acc(pseudo)=91.68%
2025-12-19 07:16:35,737 - INFO: Round 9, Fine-tune Epoch 6: acc(valid_pseudo): 0.9482, acc(valid): 0.8525
2025-12-19 07:16:35,738 - INFO: Round 9, Fine-tune Epoch 6: No improvement in validation accuracy. Patience(epoch): 4/5
2025-12-19 07:16:36,044 - INFO: Epoch: [7][  0/301]	Time  0.299 ( 0.299)	Loss 2.0845e-01 (2.0845e-01)	Acc pseudo  92.19 ( 92.19)	Lr 1.000e-03 (1.000e-03)
2025-12-19 07:16:36,301 - INFO: Epoch: [7][ 50/301]	Time  0.005 ( 0.011)	Loss 5.1921e-01 (2.4544e-01)	Acc pseudo  87.50 ( 91.54)	Lr 1.000e-03 (1.000e-03)
2025-12-19 07:16:36,544 - INFO: Epoch: [7][100/301]	Time  0.005 ( 0.008)	Loss 1.8054e-01 (2.5555e-01)	Acc pseudo  95.31 ( 91.23)	Lr 1.000e-03 (1.000e-03)
2025-12-19 07:16:36,786 - INFO: Epoch: [7][150/301]	Time  0.005 ( 0.007)	Loss 2.3196e-01 (2.6574e-01)	Acc pseudo  92.19 ( 91.19)	Lr 1.000e-03 (1.000e-03)
2025-12-19 07:16:37,016 - INFO: Epoch: [7][200/301]	Time  0.004 ( 0.006)	Loss 3.1444e-01 (2.7351e-01)	Acc pseudo  93.75 ( 90.96)	Lr 1.000e-03 (1.000e-03)
2025-12-19 07:16:37,258 - INFO: Epoch: [7][250/301]	Time  0.005 ( 0.006)	Loss 5.2469e-01 (2.8252e-01)	Acc pseudo  84.38 ( 90.61)	Lr 1.000e-03 (1.000e-03)
2025-12-19 07:16:37,485 - INFO: Epoch: [7][300/301]	Time  0.003 ( 0.006)	Loss 8.9060e-02 (2.8886e-01)	Acc pseudo  96.00 ( 90.51)	Lr 1.000e-03 (1.000e-03)
2025-12-19 07:16:37,569 - INFO: Round 9, Fine-tune Epoch 7: loss=0.2889, acc(pseudo)=90.51%
2025-12-19 07:16:44,606 - INFO: Round 9, Fine-tune Epoch 7: acc(valid_pseudo): 0.9553, acc(valid): 0.8350
2025-12-19 07:16:44,607 - INFO: Round 9, Fine-tune Epoch 7: No improvement in validation accuracy. Patience(epoch): 5/5
2025-12-19 07:16:44,607 - INFO: Early stopping at epoch 7 due to no improvement in validation accuracy for 5 epochs.
2025-12-19 07:16:44,608 - INFO: Round 9: Best fine-tuned epoch=2, acc(valid_pseudo)=0.9830
2025-12-19 07:16:44,675 - INFO: Using HMM model from previous round: runs/I love my family/exp_video/result/self_supervised/exp0/round8/pseudo_label/hmm_params.pkl
2025-12-19 07:53:14,206 - INFO: Round 9: acc(valid)=0.8675, acc(test)=0.8600
2025-12-19 07:53:14,207 - INFO: No improvement. Patience(round): 5/5
2025-12-19 07:53:14,211 - INFO: Early stopping triggered at round 4.
2025-12-19 07:53:14,212 - INFO: ====================
2025-12-19 07:53:14,212 - INFO: Self-supervised fine-tuning completed!
2025-12-19 07:53:14,212 - INFO: Initial: acc(valid)=0.8175, acc(test)=0.8038
2025-12-19 07:53:14,212 - INFO: Best acc(valid) at round 4: acc(valid)=0.8825, acc(test)=0.8575
2025-12-19 07:53:14,212 - INFO: Improvement for acc(valid): 0.0650 (7.95%)
2025-12-19 07:53:14,212 - INFO: Improvement for acc(test): 0.0537 (6.68%)
2025-12-19 07:53:14,212 - INFO: ====================
