2026-01-13 23:16:19,283 - INFO: Starting self-supervised fine-tuning pipeline
2026-01-13 23:16:19,285 - INFO: Device: cuda:0
2026-01-13 23:16:19,294 - INFO: Saved arguments to runs/I love my family/exp_video/result/self_supervised/exp2/args.json
2026-01-13 23:16:19,294 - INFO: ====================
2026-01-13 23:16:19,295 - INFO: Initialization: Initial clustering with HMM correction
2026-01-13 23:16:19,295 - INFO: ====================
2026-01-13 23:16:19,351 - INFO: Skipping initial clustering, using existing results.
2026-01-13 23:16:31,936 - INFO: Initial: speaker_acc=0.8035
2026-01-13 23:16:31,937 - INFO: Initial: face_acc=0.8617
2026-01-13 23:16:31,971 - INFO: ====================
2026-01-13 23:16:31,971 - INFO: Round 0: Fine-tuning iteration
2026-01-13 23:16:31,972 - INFO: ====================
2026-01-13 23:16:32,032 - INFO: Round 0 Part 1: Fine-tuning embedding model
2026-01-13 23:16:32,034 - INFO: Using pseudo-label file: runs/I love my family/exp_video/result/self_supervised/exp2/initial/pseudo_label/pseudo_labels_audio_nested_hmm_full(unreliable_pp=100.0).json
2026-01-13 23:16:34,976 - INFO: Speaker embedding dimension: 512
2026-01-13 23:16:35,573 - INFO: Saved speaker config_model to runs/I love my family/exp_video/result/self_supervised/exp2/round0/config_model_speaker.json
2026-01-13 23:16:36,474 - INFO: Face embedding dimension: 512
2026-01-13 23:16:36,484 - INFO: Loading face pretrained model from pretrained_models/pytorch_model_tongyi.bin
2026-01-13 23:16:38,571 - INFO: Face model weights loaded successfully
2026-01-13 23:19:59,506 - INFO: Extracting hidden features for all speaker samples, which are outputs of StatsPool layer...
2026-01-13 23:19:59,508 - INFO: args.unfrozen_layers_num=2 is not used when extracting hidden features.
2026-01-13 23:31:01,003 - INFO: Hidden features extracted for 19225 speaker samples
2026-01-13 23:31:01,299 - INFO: For training, Using face pseudo-label file: runs/I love my family/exp_video/result/self_supervised/exp2/initial/pseudo_label/pseudo_labels_faces_mid_frame_train_nested_hmm_full.json
2026-01-13 23:31:01,323 - INFO: For infering, Using face pseudo-label file: runs/I love my family/exp_video/result/self_supervised/exp2/initial/pseudo_label/pseudo_labels_faces_mid_frame_all_nested_hmm_full.json
2026-01-13 23:31:01,445 - INFO: Created face dataloader with 37219 samples
2026-01-13 23:31:01,448 - INFO: Warmup training speaker classifier for 2 epochs...
2026-01-13 23:31:02,234 - INFO: Epoch: [0][  0/301]	Time  0.783 ( 0.783)	Loss 2.4915e+00 (2.4915e+00)	Acc pseudo   6.25 (  6.25)	Lr 1.000e-03 (1.000e-03)
2026-01-13 23:31:02,367 - INFO: Epoch: [0][ 50/301]	Time  0.002 ( 0.018)	Loss 1.2754e+00 (1.6617e+00)	Acc pseudo  67.19 ( 55.82)	Lr 1.000e-03 (1.000e-03)
2026-01-13 23:31:02,503 - INFO: Epoch: [0][100/301]	Time  0.003 ( 0.010)	Loss 8.8551e-01 (1.3600e+00)	Acc pseudo  78.12 ( 63.89)	Lr 1.000e-03 (1.000e-03)
2026-01-13 23:31:02,635 - INFO: Epoch: [0][150/301]	Time  0.003 ( 0.008)	Loss 9.7044e-01 (1.2302e+00)	Acc pseudo  70.31 ( 67.08)	Lr 1.000e-03 (1.000e-03)
2026-01-13 23:31:02,768 - INFO: Epoch: [0][200/301]	Time  0.002 ( 0.006)	Loss 8.1575e-01 (1.1417e+00)	Acc pseudo  76.56 ( 68.98)	Lr 1.000e-03 (1.000e-03)
2026-01-13 23:31:02,897 - INFO: Epoch: [0][250/301]	Time  0.002 ( 0.006)	Loss 8.5400e-01 (1.0919e+00)	Acc pseudo  76.56 ( 70.12)	Lr 1.000e-03 (1.000e-03)
2026-01-13 23:31:03,021 - INFO: Epoch: [0][300/301]	Time  0.003 ( 0.005)	Loss 8.2881e-01 (1.0600e+00)	Acc pseudo  68.00 ( 70.93)	Lr 1.000e-03 (1.000e-03)
2026-01-13 23:31:03,088 - INFO: Round 0, Speaker Warmup Epoch 0: loss=1.0600, acc(pseudo)=70.93%
2026-01-13 23:31:03,345 - INFO: Epoch: [1][  0/301]	Time  0.252 ( 0.252)	Loss 1.0461e+00 (1.0461e+00)	Acc pseudo  71.88 ( 71.88)	Lr 1.000e-03 (1.000e-03)
2026-01-13 23:31:03,503 - INFO: Epoch: [1][ 50/301]	Time  0.003 ( 0.008)	Loss 6.8861e-01 (8.2198e-01)	Acc pseudo  79.69 ( 76.87)	Lr 1.000e-03 (1.000e-03)
2026-01-13 23:31:03,639 - INFO: Epoch: [1][100/301]	Time  0.004 ( 0.005)	Loss 6.9144e-01 (8.0421e-01)	Acc pseudo  78.12 ( 77.40)	Lr 1.000e-03 (1.000e-03)
2026-01-13 23:31:03,787 - INFO: Epoch: [1][150/301]	Time  0.003 ( 0.004)	Loss 8.1745e-01 (8.1137e-01)	Acc pseudo  62.50 ( 77.03)	Lr 1.000e-03 (1.000e-03)
2026-01-13 23:31:03,936 - INFO: Epoch: [1][200/301]	Time  0.003 ( 0.004)	Loss 9.0114e-01 (8.1708e-01)	Acc pseudo  76.56 ( 76.74)	Lr 1.000e-03 (1.000e-03)
2026-01-13 23:31:04,071 - INFO: Epoch: [1][250/301]	Time  0.003 ( 0.004)	Loss 1.0674e+00 (8.1667e-01)	Acc pseudo  78.12 ( 76.81)	Lr 1.000e-03 (1.000e-03)
2026-01-13 23:31:04,188 - INFO: Epoch: [1][300/301]	Time  0.002 ( 0.004)	Loss 8.7473e-01 (8.2143e-01)	Acc pseudo  68.00 ( 76.71)	Lr 1.000e-03 (1.000e-03)
2026-01-13 23:31:04,253 - INFO: Round 0, Speaker Warmup Epoch 1: loss=0.8214, acc(pseudo)=76.71%
2026-01-13 23:31:04,257 - INFO: Warmup training face classifier for 2 epochs...
2026-01-13 23:31:05,348 - INFO: Epoch: [0][  0/582]	Time  1.058 ( 1.058)	Loss 2.4211e+00 (2.4211e+00)	Acc pseudo   4.69 (  4.69)	Lr 1.000e-03 (1.000e-03)
2026-01-13 23:31:09,990 - INFO: Epoch: [0][ 50/582]	Time  0.026 ( 0.047)	Loss 1.6759e+00 (2.0420e+00)	Acc pseudo  51.56 ( 39.83)	Lr 1.000e-03 (1.000e-03)
2026-01-13 23:31:14,642 - INFO: Epoch: [0][100/582]	Time  0.044 ( 0.037)	Loss 1.1339e+00 (1.7661e+00)	Acc pseudo  68.75 ( 51.70)	Lr 1.000e-03 (1.000e-03)
2026-01-13 23:31:19,299 - INFO: Epoch: [0][150/582]	Time  0.026 ( 0.034)	Loss 1.1870e+00 (1.5854e+00)	Acc pseudo  70.31 ( 57.03)	Lr 1.000e-03 (1.000e-03)
2026-01-13 23:31:23,959 - INFO: Epoch: [0][200/582]	Time  0.024 ( 0.032)	Loss 8.6726e-01 (1.4674e+00)	Acc pseudo  78.12 ( 59.90)	Lr 1.000e-03 (1.000e-03)
2026-01-13 23:31:28,627 - INFO: Epoch: [0][250/582]	Time  0.025 ( 0.030)	Loss 1.0361e+00 (1.3817e+00)	Acc pseudo  64.06 ( 61.77)	Lr 1.000e-03 (1.000e-03)
2026-01-13 23:31:33,295 - INFO: Epoch: [0][300/582]	Time  0.026 ( 0.030)	Loss 7.2056e-01 (1.3087e+00)	Acc pseudo  76.56 ( 63.42)	Lr 1.000e-03 (1.000e-03)
2026-01-13 23:31:37,966 - INFO: Epoch: [0][350/582]	Time  0.026 ( 0.029)	Loss 6.9469e-01 (1.2550e+00)	Acc pseudo  82.81 ( 64.56)	Lr 1.000e-03 (1.000e-03)
2026-01-13 23:31:43,131 - INFO: Epoch: [0][400/582]	Time  0.025 ( 0.030)	Loss 6.4394e-01 (1.2075e+00)	Acc pseudo  81.25 ( 65.54)	Lr 1.000e-03 (1.000e-03)
2026-01-13 23:31:48,350 - INFO: Epoch: [0][450/582]	Time  0.024 ( 0.031)	Loss 9.1107e-01 (1.1713e+00)	Acc pseudo  79.69 ( 66.14)	Lr 1.000e-03 (1.000e-03)
2026-01-13 23:31:53,054 - INFO: Epoch: [0][500/582]	Time  0.026 ( 0.031)	Loss 6.1844e-01 (1.1445e+00)	Acc pseudo  79.69 ( 66.72)	Lr 1.000e-03 (1.000e-03)
2026-01-13 23:31:57,727 - INFO: Epoch: [0][550/582]	Time  0.025 ( 0.030)	Loss 1.0242e+00 (1.1188e+00)	Acc pseudo  73.44 ( 67.18)	Lr 1.000e-03 (1.000e-03)
2026-01-13 23:32:00,699 - INFO: Round 0, Face Warmup Epoch 0: loss=1.1046, acc(pseudo)=67.47%
2026-01-13 23:32:01,239 - INFO: Epoch: [1][  0/582]	Time  0.487 ( 0.487)	Loss 1.0127e+00 (1.0127e+00)	Acc pseudo  75.00 ( 75.00)	Lr 1.000e-03 (1.000e-03)
2026-01-13 23:32:05,906 - INFO: Epoch: [1][ 50/582]	Time  0.025 ( 0.035)	Loss 9.1762e-01 (8.4606e-01)	Acc pseudo  75.00 ( 72.27)	Lr 1.000e-03 (1.000e-03)
2026-01-13 23:32:10,575 - INFO: Epoch: [1][100/582]	Time  0.035 ( 0.034)	Loss 6.6740e-01 (8.2369e-01)	Acc pseudo  84.38 ( 72.90)	Lr 1.000e-03 (1.000e-03)
2026-01-13 23:32:15,249 - INFO: Epoch: [1][150/582]	Time  0.042 ( 0.036)	Loss 8.4127e-01 (8.0293e-01)	Acc pseudo  68.75 ( 73.44)	Lr 1.000e-03 (1.000e-03)
2026-01-13 23:32:19,924 - INFO: Epoch: [1][200/582]	Time  0.042 ( 0.037)	Loss 5.8569e-01 (8.0400e-01)	Acc pseudo  76.56 ( 73.39)	Lr 1.000e-03 (1.000e-03)
2026-01-13 23:32:24,596 - INFO: Epoch: [1][250/582]	Time  0.043 ( 0.037)	Loss 6.6578e-01 (8.0218e-01)	Acc pseudo  75.00 ( 73.38)	Lr 1.000e-03 (1.000e-03)
2026-01-13 23:32:29,266 - INFO: Epoch: [1][300/582]	Time  0.025 ( 0.037)	Loss 7.8516e-01 (8.0051e-01)	Acc pseudo  76.56 ( 73.47)	Lr 1.000e-03 (1.000e-03)
2026-01-13 23:32:33,999 - INFO: Epoch: [1][350/582]	Time  0.025 ( 0.037)	Loss 4.3569e-01 (7.9846e-01)	Acc pseudo  85.94 ( 73.56)	Lr 1.000e-03 (1.000e-03)
2026-01-13 23:32:38,680 - INFO: Epoch: [1][400/582]	Time  0.025 ( 0.035)	Loss 8.0797e-01 (7.9712e-01)	Acc pseudo  68.75 ( 73.57)	Lr 1.000e-03 (1.000e-03)
2026-01-13 23:32:43,341 - INFO: Epoch: [1][450/582]	Time  0.025 ( 0.035)	Loss 1.2433e+00 (7.9600e-01)	Acc pseudo  60.94 ( 73.61)	Lr 1.000e-03 (1.000e-03)
2026-01-13 23:32:48,000 - INFO: Epoch: [1][500/582]	Time  0.025 ( 0.034)	Loss 6.5411e-01 (7.9172e-01)	Acc pseudo  70.31 ( 73.71)	Lr 1.000e-03 (1.000e-03)
2026-01-13 23:32:52,657 - INFO: Epoch: [1][550/582]	Time  0.025 ( 0.033)	Loss 8.1653e-01 (7.9007e-01)	Acc pseudo  76.56 ( 73.65)	Lr 1.000e-03 (1.000e-03)
2026-01-13 23:32:55,605 - INFO: Round 0, Face Warmup Epoch 1: loss=0.7911, acc(pseudo)=73.65%
2026-01-13 23:32:55,616 - INFO: Fine-tuning speaker embedding model for 20 epochs...
2026-01-13 23:32:56,116 - INFO: Epoch: [0][  0/301]	Time  0.497 ( 0.497)	Loss 8.2364e-01 (8.2364e-01)	Acc pseudo  71.88 ( 71.88)	Lr 1.000e-03 (1.000e-03)
2026-01-13 23:32:56,280 - INFO: Epoch: [0][ 50/301]	Time  0.003 ( 0.013)	Loss 1.1052e+00 (1.0101e+00)	Acc pseudo  68.75 ( 71.88)	Lr 1.000e-03 (1.000e-03)
2026-01-13 23:32:56,449 - INFO: Epoch: [0][100/301]	Time  0.003 ( 0.008)	Loss 1.3899e+00 (9.7800e-01)	Acc pseudo  65.62 ( 72.25)	Lr 1.000e-03 (1.000e-03)
2026-01-13 23:32:56,595 - INFO: Epoch: [0][150/301]	Time  0.003 ( 0.006)	Loss 5.9875e-01 (9.6009e-01)	Acc pseudo  81.25 ( 72.53)	Lr 1.000e-03 (1.000e-03)
2026-01-13 23:32:56,749 - INFO: Epoch: [0][200/301]	Time  0.003 ( 0.006)	Loss 7.7145e-01 (9.4189e-01)	Acc pseudo  75.00 ( 72.87)	Lr 1.000e-03 (1.000e-03)
2026-01-13 23:32:56,891 - INFO: Epoch: [0][250/301]	Time  0.003 ( 0.005)	Loss 1.1968e+00 (9.3316e-01)	Acc pseudo  78.12 ( 73.01)	Lr 1.000e-03 (1.000e-03)
2026-01-13 23:32:57,028 - INFO: Epoch: [0][300/301]	Time  0.005 ( 0.005)	Loss 1.4505e+00 (9.3108e-01)	Acc pseudo  84.00 ( 73.11)	Lr 1.000e-03 (1.000e-03)
2026-01-13 23:32:57,097 - INFO: Round 0, Fine-tune Epoch 0: loss=0.9311, acc(pseudo)=73.11%
2026-01-13 23:33:04,746 - INFO: Round 0, Fine-tune Epoch 0: acc(valid_pseudo): 0.7635, acc: 0.6545
2026-01-13 23:33:05,333 - INFO: Epoch: [1][  0/301]	Time  0.241 ( 0.241)	Loss 7.2780e-01 (7.2780e-01)	Acc pseudo  70.31 ( 70.31)	Lr 1.000e-03 (1.000e-03)
2026-01-13 23:33:05,517 - INFO: Epoch: [1][ 50/301]	Time  0.003 ( 0.008)	Loss 8.4375e-01 (8.1367e-01)	Acc pseudo  73.44 ( 75.12)	Lr 1.000e-03 (1.000e-03)
2026-01-13 23:33:05,672 - INFO: Epoch: [1][100/301]	Time  0.003 ( 0.006)	Loss 1.2910e+00 (8.0143e-01)	Acc pseudo  73.44 ( 75.67)	Lr 1.000e-03 (1.000e-03)
2026-01-13 23:33:05,824 - INFO: Epoch: [1][150/301]	Time  0.003 ( 0.005)	Loss 7.7839e-01 (8.1629e-01)	Acc pseudo  75.00 ( 75.67)	Lr 1.000e-03 (1.000e-03)
2026-01-13 23:33:05,974 - INFO: Epoch: [1][200/301]	Time  0.003 ( 0.004)	Loss 9.2514e-01 (8.0957e-01)	Acc pseudo  71.88 ( 75.90)	Lr 1.000e-03 (1.000e-03)
2026-01-13 23:33:06,121 - INFO: Epoch: [1][250/301]	Time  0.003 ( 0.004)	Loss 7.9345e-01 (8.0756e-01)	Acc pseudo  71.88 ( 76.18)	Lr 1.000e-03 (1.000e-03)
2026-01-13 23:33:06,261 - INFO: Epoch: [1][300/301]	Time  0.002 ( 0.004)	Loss 1.0984e+00 (8.0941e-01)	Acc pseudo  68.00 ( 76.14)	Lr 1.000e-03 (1.000e-03)
2026-01-13 23:33:06,326 - INFO: Round 0, Fine-tune Epoch 1: loss=0.8094, acc(pseudo)=76.14%
2026-01-13 23:33:13,517 - INFO: Round 0, Fine-tune Epoch 1: acc(valid_pseudo): 0.8953, acc: 0.7640
2026-01-13 23:33:13,967 - INFO: Epoch: [2][  0/301]	Time  0.279 ( 0.279)	Loss 9.4171e-01 (9.4171e-01)	Acc pseudo  64.06 ( 64.06)	Lr 1.000e-03 (1.000e-03)
2026-01-13 23:33:14,151 - INFO: Epoch: [2][ 50/301]	Time  0.004 ( 0.009)	Loss 7.1230e-01 (7.4950e-01)	Acc pseudo  78.12 ( 76.35)	Lr 1.000e-03 (1.000e-03)
2026-01-13 23:33:14,315 - INFO: Epoch: [2][100/301]	Time  0.003 ( 0.006)	Loss 1.0447e+00 (7.5854e-01)	Acc pseudo  73.44 ( 77.03)	Lr 1.000e-03 (1.000e-03)
2026-01-13 23:33:14,464 - INFO: Epoch: [2][150/301]	Time  0.003 ( 0.005)	Loss 5.6805e-01 (7.5949e-01)	Acc pseudo  81.25 ( 77.25)	Lr 1.000e-03 (1.000e-03)
2026-01-13 23:33:14,619 - INFO: Epoch: [2][200/301]	Time  0.003 ( 0.005)	Loss 7.0214e-01 (7.6656e-01)	Acc pseudo  73.44 ( 77.04)	Lr 1.000e-03 (1.000e-03)
2026-01-13 23:33:14,770 - INFO: Epoch: [2][250/301]	Time  0.003 ( 0.004)	Loss 5.2932e-01 (7.6868e-01)	Acc pseudo  84.38 ( 76.90)	Lr 1.000e-03 (1.000e-03)
2026-01-13 23:33:14,915 - INFO: Epoch: [2][300/301]	Time  0.002 ( 0.004)	Loss 8.4765e-01 (7.6553e-01)	Acc pseudo  72.00 ( 76.97)	Lr 1.000e-03 (1.000e-03)
2026-01-13 23:33:14,980 - INFO: Round 0, Fine-tune Epoch 2: loss=0.7655, acc(pseudo)=76.97%
2026-01-13 23:33:23,096 - INFO: Round 0, Fine-tune Epoch 2: acc(valid_pseudo): 0.9122, acc: 0.7645
2026-01-13 23:33:23,544 - INFO: Epoch: [3][  0/301]	Time  0.255 ( 0.255)	Loss 6.6294e-01 (6.6294e-01)	Acc pseudo  79.69 ( 79.69)	Lr 1.000e-03 (1.000e-03)
2026-01-13 23:33:23,762 - INFO: Epoch: [3][ 50/301]	Time  0.004 ( 0.009)	Loss 5.3844e-01 (6.9679e-01)	Acc pseudo  84.38 ( 79.63)	Lr 1.000e-03 (1.000e-03)
2026-01-13 23:33:23,937 - INFO: Epoch: [3][100/301]	Time  0.003 ( 0.006)	Loss 7.7672e-01 (7.1901e-01)	Acc pseudo  75.00 ( 78.59)	Lr 1.000e-03 (1.000e-03)
2026-01-13 23:33:24,086 - INFO: Epoch: [3][150/301]	Time  0.003 ( 0.005)	Loss 4.0656e-01 (7.2316e-01)	Acc pseudo  85.94 ( 78.54)	Lr 1.000e-03 (1.000e-03)
2026-01-13 23:33:24,236 - INFO: Epoch: [3][200/301]	Time  0.003 ( 0.005)	Loss 6.4825e-01 (7.3349e-01)	Acc pseudo  81.25 ( 78.15)	Lr 1.000e-03 (1.000e-03)
2026-01-13 23:33:24,379 - INFO: Epoch: [3][250/301]	Time  0.003 ( 0.004)	Loss 1.0138e+00 (7.3301e-01)	Acc pseudo  68.75 ( 78.11)	Lr 1.000e-03 (1.000e-03)
2026-01-13 23:33:24,521 - INFO: Epoch: [3][300/301]	Time  0.002 ( 0.004)	Loss 6.3608e-01 (7.3749e-01)	Acc pseudo  80.00 ( 77.95)	Lr 1.000e-03 (1.000e-03)
2026-01-13 23:33:24,598 - INFO: Round 0, Fine-tune Epoch 3: loss=0.7375, acc(pseudo)=77.95%
2026-01-13 23:33:31,533 - INFO: Round 0, Fine-tune Epoch 3: acc(valid_pseudo): 0.9364, acc: 0.8175
2026-01-13 23:33:31,981 - INFO: Epoch: [4][  0/301]	Time  0.275 ( 0.275)	Loss 8.9665e-01 (8.9665e-01)	Acc pseudo  68.75 ( 68.75)	Lr 1.000e-03 (1.000e-03)
2026-01-13 23:33:32,147 - INFO: Epoch: [4][ 50/301]	Time  0.003 ( 0.009)	Loss 4.9678e-01 (7.0572e-01)	Acc pseudo  84.38 ( 78.31)	Lr 1.000e-03 (1.000e-03)
2026-01-13 23:33:32,301 - INFO: Epoch: [4][100/301]	Time  0.003 ( 0.006)	Loss 8.2481e-01 (7.0295e-01)	Acc pseudo  85.94 ( 78.26)	Lr 1.000e-03 (1.000e-03)
2026-01-13 23:33:32,456 - INFO: Epoch: [4][150/301]	Time  0.003 ( 0.005)	Loss 6.9441e-01 (7.1202e-01)	Acc pseudo  78.12 ( 78.34)	Lr 1.000e-03 (1.000e-03)
2026-01-13 23:33:32,612 - INFO: Epoch: [4][200/301]	Time  0.003 ( 0.004)	Loss 1.2714e+00 (7.1086e-01)	Acc pseudo  62.50 ( 78.23)	Lr 1.000e-03 (1.000e-03)
2026-01-13 23:33:32,760 - INFO: Epoch: [4][250/301]	Time  0.003 ( 0.004)	Loss 8.5791e-01 (7.0859e-01)	Acc pseudo  75.00 ( 78.29)	Lr 1.000e-03 (1.000e-03)
2026-01-13 23:33:32,909 - INFO: Epoch: [4][300/301]	Time  0.002 ( 0.004)	Loss 5.1736e-01 (7.1175e-01)	Acc pseudo  84.00 ( 78.22)	Lr 1.000e-03 (1.000e-03)
2026-01-13 23:33:32,976 - INFO: Round 0, Fine-tune Epoch 4: loss=0.7117, acc(pseudo)=78.22%
2026-01-13 23:33:40,281 - INFO: Round 0, Fine-tune Epoch 4: acc(valid_pseudo): 0.9277, acc: 0.7815
2026-01-13 23:33:40,281 - INFO: Round 0, Speaker Fine-tune Epoch 4: No improvement in validation accuracy. Patience(epoch): 1/3
2026-01-13 23:33:40,554 - INFO: Epoch: [5][  0/301]	Time  0.267 ( 0.267)	Loss 7.6121e-01 (7.6121e-01)	Acc pseudo  75.00 ( 75.00)	Lr 1.000e-03 (1.000e-03)
2026-01-13 23:33:40,721 - INFO: Epoch: [5][ 50/301]	Time  0.003 ( 0.008)	Loss 6.1794e-01 (6.8791e-01)	Acc pseudo  81.25 ( 79.29)	Lr 1.000e-03 (1.000e-03)
2026-01-13 23:33:40,887 - INFO: Epoch: [5][100/301]	Time  0.004 ( 0.006)	Loss 4.3399e-01 (6.8818e-01)	Acc pseudo  81.25 ( 79.08)	Lr 1.000e-03 (1.000e-03)
2026-01-13 23:33:41,084 - INFO: Epoch: [5][150/301]	Time  0.003 ( 0.005)	Loss 8.0892e-01 (7.0199e-01)	Acc pseudo  78.12 ( 78.55)	Lr 1.000e-03 (1.000e-03)
2026-01-13 23:33:41,235 - INFO: Epoch: [5][200/301]	Time  0.003 ( 0.005)	Loss 9.1049e-01 (7.0161e-01)	Acc pseudo  75.00 ( 78.54)	Lr 1.000e-03 (1.000e-03)
2026-01-13 23:33:41,386 - INFO: Epoch: [5][250/301]	Time  0.003 ( 0.004)	Loss 8.5519e-01 (7.0023e-01)	Acc pseudo  71.88 ( 78.49)	Lr 1.000e-03 (1.000e-03)
2026-01-13 23:33:41,536 - INFO: Epoch: [5][300/301]	Time  0.002 ( 0.004)	Loss 3.1590e-01 (6.9031e-01)	Acc pseudo  96.00 ( 78.90)	Lr 1.000e-03 (1.000e-03)
2026-01-13 23:33:41,603 - INFO: Round 0, Fine-tune Epoch 5: loss=0.6903, acc(pseudo)=78.90%
2026-01-13 23:33:48,917 - INFO: Round 0, Fine-tune Epoch 5: acc(valid_pseudo): 0.8752, acc: 0.7520
2026-01-13 23:33:48,917 - INFO: Round 0, Speaker Fine-tune Epoch 5: No improvement in validation accuracy. Patience(epoch): 2/3
2026-01-13 23:33:48,917 - INFO: Early stopping at epoch 5 due to significant drop in pseudo-label validation accuracy: 0.9277 -> 0.8752.
2026-01-13 23:33:48,918 - INFO: Round 0: Best speaker fine-tuned epoch=3, acc(valid_pseudo)=0.9364
2026-01-13 23:33:48,923 - INFO: Fine-tuning face embedding model for 20 epochs...
2026-01-13 23:33:49,473 - INFO: Epoch: [0][  0/582]	Time  0.546 ( 0.546)	Loss 6.1456e-01 (6.1456e-01)	Acc pseudo  78.12 ( 78.12)	Lr 1.000e-03 (1.000e-03)
2026-01-13 23:33:54,165 - INFO: Epoch: [0][ 50/582]	Time  0.028 ( 0.040)	Loss 2.2527e+00 (1.7036e+00)	Acc pseudo  57.81 ( 61.98)	Lr 1.000e-03 (1.000e-03)
2026-01-13 23:33:58,866 - INFO: Epoch: [0][100/582]	Time  0.028 ( 0.036)	Loss 9.7586e-01 (1.4697e+00)	Acc pseudo  70.31 ( 64.67)	Lr 1.000e-03 (1.000e-03)
2026-01-13 23:34:03,565 - INFO: Epoch: [0][150/582]	Time  0.029 ( 0.033)	Loss 8.1923e-01 (1.3025e+00)	Acc pseudo  67.19 ( 67.10)	Lr 1.000e-03 (1.000e-03)
2026-01-13 23:34:08,265 - INFO: Epoch: [0][200/582]	Time  0.028 ( 0.032)	Loss 5.4095e-01 (1.1735e+00)	Acc pseudo  82.81 ( 69.10)	Lr 1.000e-03 (1.000e-03)
2026-01-13 23:34:12,969 - INFO: Epoch: [0][250/582]	Time  0.033 ( 0.032)	Loss 5.8733e-01 (1.1108e+00)	Acc pseudo  71.88 ( 69.76)	Lr 1.000e-03 (1.000e-03)
2026-01-13 23:34:17,673 - INFO: Epoch: [0][300/582]	Time  0.039 ( 0.032)	Loss 7.2085e-01 (1.0478e+00)	Acc pseudo  76.56 ( 70.69)	Lr 1.000e-03 (1.000e-03)
2026-01-13 23:34:22,386 - INFO: Epoch: [0][350/582]	Time  0.027 ( 0.033)	Loss 3.8393e-01 (9.9733e-01)	Acc pseudo  87.50 ( 71.42)	Lr 1.000e-03 (1.000e-03)
2026-01-13 23:34:27,098 - INFO: Epoch: [0][400/582]	Time  0.040 ( 0.033)	Loss 3.9250e-01 (9.5787e-01)	Acc pseudo  85.94 ( 72.10)	Lr 1.000e-03 (1.000e-03)
2026-01-13 23:34:31,813 - INFO: Epoch: [0][450/582]	Time  0.028 ( 0.034)	Loss 5.9013e-01 (9.2267e-01)	Acc pseudo  76.56 ( 72.61)	Lr 1.000e-03 (1.000e-03)
2026-01-13 23:34:36,524 - INFO: Epoch: [0][500/582]	Time  0.027 ( 0.033)	Loss 5.8063e-01 (8.9736e-01)	Acc pseudo  78.12 ( 72.99)	Lr 1.000e-03 (1.000e-03)
2026-01-13 23:34:41,235 - INFO: Epoch: [0][550/582]	Time  0.028 ( 0.033)	Loss 6.5299e-01 (8.7379e-01)	Acc pseudo  75.00 ( 73.36)	Lr 1.000e-03 (1.000e-03)
2026-01-13 23:34:44,224 - INFO: Round 0, Face Fine-tune Epoch 0: loss=0.8597, acc(pseudo)=73.60%
2026-01-13 23:35:42,755 - INFO: Round 0, Face Fine-tune Epoch 0: acc(valid_pseudo): 0.9149, acc: 0.8257
2026-01-13 23:35:44,145 - INFO: Epoch: [1][  0/582]	Time  0.695 ( 0.695)	Loss 5.5013e-01 (5.5013e-01)	Acc pseudo  81.25 ( 81.25)	Lr 1.000e-03 (1.000e-03)
2026-01-13 23:35:48,894 - INFO: Epoch: [1][ 50/582]	Time  0.041 ( 0.047)	Loss 8.1389e-01 (5.4571e-01)	Acc pseudo  82.81 ( 80.67)	Lr 1.000e-03 (1.000e-03)
2026-01-13 23:35:53,650 - INFO: Epoch: [1][100/582]	Time  0.030 ( 0.040)	Loss 3.7475e-01 (5.2416e-01)	Acc pseudo  85.94 ( 80.74)	Lr 1.000e-03 (1.000e-03)
2026-01-13 23:35:58,432 - INFO: Epoch: [1][150/582]	Time  0.029 ( 0.036)	Loss 4.0752e-01 (5.0067e-01)	Acc pseudo  82.81 ( 81.43)	Lr 1.000e-03 (1.000e-03)
2026-01-13 23:36:03,151 - INFO: Epoch: [1][200/582]	Time  0.042 ( 0.035)	Loss 3.0041e-01 (5.0151e-01)	Acc pseudo  87.50 ( 81.50)	Lr 1.000e-03 (1.000e-03)
2026-01-13 23:36:07,864 - INFO: Epoch: [1][250/582]	Time  0.028 ( 0.034)	Loss 4.5130e-01 (5.0883e-01)	Acc pseudo  79.69 ( 81.31)	Lr 1.000e-03 (1.000e-03)
2026-01-13 23:36:12,580 - INFO: Epoch: [1][300/582]	Time  0.028 ( 0.033)	Loss 3.5603e-01 (5.0828e-01)	Acc pseudo  90.62 ( 81.30)	Lr 1.000e-03 (1.000e-03)
2026-01-13 23:36:17,294 - INFO: Epoch: [1][350/582]	Time  0.029 ( 0.032)	Loss 3.0645e-01 (5.1282e-01)	Acc pseudo  85.94 ( 81.11)	Lr 1.000e-03 (1.000e-03)
2026-01-13 23:36:22,009 - INFO: Epoch: [1][400/582]	Time  0.028 ( 0.032)	Loss 6.6846e-01 (5.1159e-01)	Acc pseudo  70.31 ( 81.06)	Lr 1.000e-03 (1.000e-03)
2026-01-13 23:36:26,730 - INFO: Epoch: [1][450/582]	Time  0.027 ( 0.031)	Loss 6.2701e-01 (5.1615e-01)	Acc pseudo  73.44 ( 81.00)	Lr 1.000e-03 (1.000e-03)
2026-01-13 23:36:31,453 - INFO: Epoch: [1][500/582]	Time  0.027 ( 0.031)	Loss 6.0320e-01 (5.1430e-01)	Acc pseudo  75.00 ( 81.08)	Lr 1.000e-03 (1.000e-03)
2026-01-13 23:36:36,178 - INFO: Epoch: [1][550/582]	Time  0.027 ( 0.031)	Loss 7.1112e-01 (5.1537e-01)	Acc pseudo  79.69 ( 81.02)	Lr 1.000e-03 (1.000e-03)
2026-01-13 23:36:39,184 - INFO: Round 0, Face Fine-tune Epoch 1: loss=0.5178, acc(pseudo)=81.00%
2026-01-13 23:37:37,534 - INFO: Round 0, Face Fine-tune Epoch 1: acc(valid_pseudo): 0.9327, acc: 0.8218
2026-01-13 23:37:38,615 - INFO: Epoch: [2][  0/582]	Time  0.497 ( 0.497)	Loss 2.4645e-01 (2.4645e-01)	Acc pseudo  85.94 ( 85.94)	Lr 1.000e-03 (1.000e-03)
2026-01-13 23:37:43,344 - INFO: Epoch: [2][ 50/582]	Time  0.028 ( 0.039)	Loss 5.1481e-01 (4.2952e-01)	Acc pseudo  78.12 ( 82.87)	Lr 1.000e-03 (1.000e-03)
2026-01-13 23:37:48,075 - INFO: Epoch: [2][100/582]	Time  0.038 ( 0.034)	Loss 5.2713e-01 (4.5202e-01)	Acc pseudo  81.25 ( 82.27)	Lr 1.000e-03 (1.000e-03)
2026-01-13 23:37:52,807 - INFO: Epoch: [2][150/582]	Time  0.027 ( 0.033)	Loss 6.8584e-01 (4.5329e-01)	Acc pseudo  79.69 ( 82.56)	Lr 1.000e-03 (1.000e-03)
2026-01-13 23:37:57,535 - INFO: Epoch: [2][200/582]	Time  0.027 ( 0.031)	Loss 4.0887e-01 (4.5930e-01)	Acc pseudo  79.69 ( 82.73)	Lr 1.000e-03 (1.000e-03)
2026-01-13 23:38:02,270 - INFO: Epoch: [2][250/582]	Time  0.029 ( 0.031)	Loss 5.3291e-01 (4.5962e-01)	Acc pseudo  78.12 ( 82.76)	Lr 1.000e-03 (1.000e-03)
2026-01-13 23:38:07,005 - INFO: Epoch: [2][300/582]	Time  0.029 ( 0.031)	Loss 8.0262e-01 (4.6346e-01)	Acc pseudo  78.12 ( 82.64)	Lr 1.000e-03 (1.000e-03)
2026-01-13 23:38:11,746 - INFO: Epoch: [2][350/582]	Time  0.029 ( 0.031)	Loss 3.4697e-01 (4.6056e-01)	Acc pseudo  89.06 ( 82.75)	Lr 1.000e-03 (1.000e-03)
2026-01-13 23:38:16,479 - INFO: Epoch: [2][400/582]	Time  0.028 ( 0.031)	Loss 5.3953e-01 (4.6577e-01)	Acc pseudo  84.38 ( 82.59)	Lr 1.000e-03 (1.000e-03)
2026-01-13 23:38:21,214 - INFO: Epoch: [2][450/582]	Time  0.027 ( 0.030)	Loss 5.6227e-01 (4.6823e-01)	Acc pseudo  79.69 ( 82.50)	Lr 1.000e-03 (1.000e-03)
2026-01-13 23:38:25,949 - INFO: Epoch: [2][500/582]	Time  0.026 ( 0.030)	Loss 4.1510e-01 (4.6827e-01)	Acc pseudo  78.12 ( 82.44)	Lr 1.000e-03 (1.000e-03)
2026-01-13 23:38:30,686 - INFO: Epoch: [2][550/582]	Time  0.027 ( 0.030)	Loss 5.0694e-01 (4.6794e-01)	Acc pseudo  81.25 ( 82.46)	Lr 1.000e-03 (1.000e-03)
2026-01-13 23:38:33,703 - INFO: Round 0, Face Fine-tune Epoch 2: loss=0.4685, acc(pseudo)=82.40%
2026-01-13 23:39:33,148 - INFO: Round 0, Face Fine-tune Epoch 2: acc(valid_pseudo): 0.9394, acc: 0.8354
2026-01-13 23:39:34,009 - INFO: Epoch: [3][  0/582]	Time  0.483 ( 0.483)	Loss 5.4621e-01 (5.4621e-01)	Acc pseudo  75.00 ( 75.00)	Lr 1.000e-03 (1.000e-03)
2026-01-13 23:39:38,743 - INFO: Epoch: [3][ 50/582]	Time  0.028 ( 0.040)	Loss 3.8037e-01 (4.5698e-01)	Acc pseudo  87.50 ( 83.15)	Lr 1.000e-03 (1.000e-03)
2026-01-13 23:39:43,479 - INFO: Epoch: [3][100/582]	Time  0.036 ( 0.035)	Loss 6.5636e-01 (4.5410e-01)	Acc pseudo  78.12 ( 83.03)	Lr 1.000e-03 (1.000e-03)
2026-01-13 23:39:48,215 - INFO: Epoch: [3][150/582]	Time  0.026 ( 0.033)	Loss 3.4215e-01 (4.4171e-01)	Acc pseudo  85.94 ( 83.23)	Lr 1.000e-03 (1.000e-03)
2026-01-13 23:39:52,953 - INFO: Epoch: [3][200/582]	Time  0.027 ( 0.032)	Loss 3.3963e-01 (4.3245e-01)	Acc pseudo  85.94 ( 83.50)	Lr 1.000e-03 (1.000e-03)
2026-01-13 23:39:57,690 - INFO: Epoch: [3][250/582]	Time  0.027 ( 0.031)	Loss 5.9609e-01 (4.3069e-01)	Acc pseudo  81.25 ( 83.56)	Lr 1.000e-03 (1.000e-03)
2026-01-13 23:40:02,431 - INFO: Epoch: [3][300/582]	Time  0.029 ( 0.031)	Loss 2.8245e-01 (4.2595e-01)	Acc pseudo  89.06 ( 83.71)	Lr 1.000e-03 (1.000e-03)
2026-01-13 23:40:07,171 - INFO: Epoch: [3][350/582]	Time  0.029 ( 0.031)	Loss 3.3329e-01 (4.2219e-01)	Acc pseudo  89.06 ( 83.73)	Lr 1.000e-03 (1.000e-03)
2026-01-13 23:40:11,913 - INFO: Epoch: [3][400/582]	Time  0.029 ( 0.030)	Loss 5.7656e-01 (4.2390e-01)	Acc pseudo  76.56 ( 83.81)	Lr 1.000e-03 (1.000e-03)
2026-01-13 23:40:16,657 - INFO: Epoch: [3][450/582]	Time  0.040 ( 0.031)	Loss 6.4282e-01 (4.2540e-01)	Acc pseudo  81.25 ( 83.77)	Lr 1.000e-03 (1.000e-03)
2026-01-13 23:40:21,403 - INFO: Epoch: [3][500/582]	Time  0.028 ( 0.031)	Loss 3.5956e-01 (4.2726e-01)	Acc pseudo  82.81 ( 83.61)	Lr 1.000e-03 (1.000e-03)
2026-01-13 23:40:26,144 - INFO: Epoch: [3][550/582]	Time  0.027 ( 0.031)	Loss 7.4453e-01 (4.3115e-01)	Acc pseudo  79.69 ( 83.54)	Lr 1.000e-03 (1.000e-03)
2026-01-13 23:40:29,173 - INFO: Round 0, Face Fine-tune Epoch 3: loss=0.4322, acc(pseudo)=83.53%
2026-01-13 23:41:29,054 - INFO: Round 0, Face Fine-tune Epoch 3: acc(valid_pseudo): 0.9508, acc: 0.8364
2026-01-13 23:41:29,941 - INFO: Epoch: [4][  0/582]	Time  0.508 ( 0.508)	Loss 4.9773e-01 (4.9773e-01)	Acc pseudo  85.94 ( 85.94)	Lr 1.000e-03 (1.000e-03)
2026-01-13 23:41:34,673 - INFO: Epoch: [4][ 50/582]	Time  0.027 ( 0.040)	Loss 5.6581e-01 (3.9601e-01)	Acc pseudo  76.56 ( 83.61)	Lr 1.000e-03 (1.000e-03)
2026-01-13 23:41:39,398 - INFO: Epoch: [4][100/582]	Time  0.028 ( 0.034)	Loss 4.9670e-01 (3.7752e-01)	Acc pseudo  78.12 ( 84.78)	Lr 1.000e-03 (1.000e-03)
2026-01-13 23:41:44,123 - INFO: Epoch: [4][150/582]	Time  0.027 ( 0.032)	Loss 3.0781e-01 (3.7738e-01)	Acc pseudo  87.50 ( 84.83)	Lr 1.000e-03 (1.000e-03)
2026-01-13 23:41:48,850 - INFO: Epoch: [4][200/582]	Time  0.031 ( 0.031)	Loss 4.5754e-01 (3.7323e-01)	Acc pseudo  85.94 ( 84.94)	Lr 1.000e-03 (1.000e-03)
2026-01-13 23:41:53,583 - INFO: Epoch: [4][250/582]	Time  0.043 ( 0.031)	Loss 2.3990e-01 (3.8341e-01)	Acc pseudo  90.62 ( 84.90)	Lr 1.000e-03 (1.000e-03)
2026-01-13 23:41:58,316 - INFO: Epoch: [4][300/582]	Time  0.027 ( 0.031)	Loss 3.4933e-01 (3.8640e-01)	Acc pseudo  92.19 ( 84.93)	Lr 1.000e-03 (1.000e-03)
2026-01-13 23:42:03,057 - INFO: Epoch: [4][350/582]	Time  0.048 ( 0.032)	Loss 3.2966e-01 (3.8832e-01)	Acc pseudo  81.25 ( 84.86)	Lr 1.000e-03 (1.000e-03)
2026-01-13 23:42:07,794 - INFO: Epoch: [4][400/582]	Time  0.027 ( 0.033)	Loss 3.9539e-01 (3.9352e-01)	Acc pseudo  82.81 ( 84.63)	Lr 1.000e-03 (1.000e-03)
2026-01-13 23:42:12,530 - INFO: Epoch: [4][450/582]	Time  0.037 ( 0.033)	Loss 4.3814e-01 (3.9448e-01)	Acc pseudo  79.69 ( 84.56)	Lr 1.000e-03 (1.000e-03)
2026-01-13 23:42:17,270 - INFO: Epoch: [4][500/582]	Time  0.027 ( 0.033)	Loss 2.4345e-01 (3.9658e-01)	Acc pseudo  87.50 ( 84.51)	Lr 1.000e-03 (1.000e-03)
2026-01-13 23:42:22,012 - INFO: Epoch: [4][550/582]	Time  0.041 ( 0.033)	Loss 2.6452e-01 (3.9983e-01)	Acc pseudo  89.06 ( 84.34)	Lr 1.000e-03 (1.000e-03)
2026-01-13 23:42:25,030 - INFO: Round 0, Face Fine-tune Epoch 4: loss=0.3985, acc(pseudo)=84.37%
2026-01-13 23:43:26,372 - INFO: Round 0, Face Fine-tune Epoch 4: acc(valid_pseudo): 0.9542, acc: 0.8432
2026-01-13 23:43:27,442 - INFO: Epoch: [5][  0/582]	Time  0.509 ( 0.509)	Loss 3.5127e-01 (3.5127e-01)	Acc pseudo  82.81 ( 82.81)	Lr 1.000e-03 (1.000e-03)
2026-01-13 23:43:32,175 - INFO: Epoch: [5][ 50/582]	Time  0.028 ( 0.040)	Loss 3.4717e-01 (3.5158e-01)	Acc pseudo  89.06 ( 85.75)	Lr 1.000e-03 (1.000e-03)
2026-01-13 23:43:36,904 - INFO: Epoch: [5][100/582]	Time  0.028 ( 0.034)	Loss 3.0003e-01 (3.6827e-01)	Acc pseudo  84.38 ( 84.95)	Lr 1.000e-03 (1.000e-03)
2026-01-13 23:43:41,637 - INFO: Epoch: [5][150/582]	Time  0.028 ( 0.032)	Loss 4.6362e-01 (3.7686e-01)	Acc pseudo  87.50 ( 85.09)	Lr 1.000e-03 (1.000e-03)
2026-01-13 23:43:46,373 - INFO: Epoch: [5][200/582]	Time  0.040 ( 0.033)	Loss 5.1800e-01 (3.7579e-01)	Acc pseudo  76.56 ( 85.00)	Lr 1.000e-03 (1.000e-03)
2026-01-13 23:43:51,110 - INFO: Epoch: [5][250/582]	Time  0.027 ( 0.033)	Loss 3.5381e-01 (3.8052e-01)	Acc pseudo  82.81 ( 85.14)	Lr 1.000e-03 (1.000e-03)
2026-01-13 23:43:55,843 - INFO: Epoch: [5][300/582]	Time  0.027 ( 0.032)	Loss 4.5654e-01 (3.7690e-01)	Acc pseudo  89.06 ( 85.13)	Lr 1.000e-03 (1.000e-03)
2026-01-13 23:44:00,580 - INFO: Epoch: [5][350/582]	Time  0.037 ( 0.032)	Loss 3.1460e-01 (3.7618e-01)	Acc pseudo  85.94 ( 85.24)	Lr 1.000e-03 (1.000e-03)
2026-01-13 23:44:05,322 - INFO: Epoch: [5][400/582]	Time  0.031 ( 0.032)	Loss 3.6887e-01 (3.8155e-01)	Acc pseudo  85.94 ( 85.10)	Lr 1.000e-03 (1.000e-03)
2026-01-13 23:44:10,061 - INFO: Epoch: [5][450/582]	Time  0.027 ( 0.032)	Loss 2.8459e-01 (3.8629e-01)	Acc pseudo  87.50 ( 84.90)	Lr 1.000e-03 (1.000e-03)
2026-01-13 23:44:14,797 - INFO: Epoch: [5][500/582]	Time  0.028 ( 0.032)	Loss 7.4503e-01 (3.9020e-01)	Acc pseudo  82.81 ( 84.83)	Lr 1.000e-03 (1.000e-03)
2026-01-13 23:44:19,531 - INFO: Epoch: [5][550/582]	Time  0.027 ( 0.031)	Loss 5.1701e-01 (3.9021e-01)	Acc pseudo  81.25 ( 84.85)	Lr 1.000e-03 (1.000e-03)
2026-01-13 23:44:22,577 - INFO: Round 0, Face Fine-tune Epoch 5: loss=0.3934, acc(pseudo)=84.79%
2026-01-13 23:45:21,598 - INFO: Round 0, Face Fine-tune Epoch 5: acc(valid_pseudo): 0.9622, acc: 0.8598
2026-01-13 23:45:22,696 - INFO: Epoch: [6][  0/582]	Time  0.511 ( 0.511)	Loss 3.3844e-01 (3.3844e-01)	Acc pseudo  90.62 ( 90.62)	Lr 1.000e-03 (1.000e-03)
2026-01-13 23:45:27,434 - INFO: Epoch: [6][ 50/582]	Time  0.027 ( 0.040)	Loss 2.7754e-01 (3.5085e-01)	Acc pseudo  89.06 ( 85.20)	Lr 1.000e-03 (1.000e-03)
2026-01-13 23:45:32,172 - INFO: Epoch: [6][100/582]	Time  0.028 ( 0.036)	Loss 4.3838e-01 (3.5657e-01)	Acc pseudo  79.69 ( 85.46)	Lr 1.000e-03 (1.000e-03)
2026-01-13 23:45:36,909 - INFO: Epoch: [6][150/582]	Time  0.029 ( 0.033)	Loss 7.5373e-01 (3.6731e-01)	Acc pseudo  82.81 ( 85.21)	Lr 1.000e-03 (1.000e-03)
2026-01-13 23:45:41,667 - INFO: Epoch: [6][200/582]	Time  0.027 ( 0.034)	Loss 4.6082e-01 (3.6059e-01)	Acc pseudo  76.56 ( 85.29)	Lr 1.000e-03 (1.000e-03)
2026-01-13 23:45:46,496 - INFO: Epoch: [6][250/582]	Time  0.029 ( 0.033)	Loss 4.4178e-01 (3.5967e-01)	Acc pseudo  87.50 ( 85.30)	Lr 1.000e-03 (1.000e-03)
2026-01-13 23:45:51,233 - INFO: Epoch: [6][300/582]	Time  0.039 ( 0.034)	Loss 5.6868e-01 (3.6022e-01)	Acc pseudo  82.81 ( 85.19)	Lr 1.000e-03 (1.000e-03)
2026-01-13 23:45:55,973 - INFO: Epoch: [6][350/582]	Time  0.041 ( 0.034)	Loss 3.8498e-01 (3.6369e-01)	Acc pseudo  82.81 ( 85.04)	Lr 1.000e-03 (1.000e-03)
2026-01-13 23:46:00,719 - INFO: Epoch: [6][400/582]	Time  0.031 ( 0.034)	Loss 5.2296e-01 (3.6392e-01)	Acc pseudo  81.25 ( 85.20)	Lr 1.000e-03 (1.000e-03)
2026-01-13 23:46:05,468 - INFO: Epoch: [6][450/582]	Time  0.028 ( 0.034)	Loss 2.5596e-01 (3.6908e-01)	Acc pseudo  87.50 ( 85.07)	Lr 1.000e-03 (1.000e-03)
2026-01-13 23:46:10,208 - INFO: Epoch: [6][500/582]	Time  0.035 ( 0.034)	Loss 4.8022e-01 (3.7172e-01)	Acc pseudo  79.69 ( 84.96)	Lr 1.000e-03 (1.000e-03)
2026-01-13 23:46:14,949 - INFO: Epoch: [6][550/582]	Time  0.040 ( 0.033)	Loss 3.9593e-01 (3.7281e-01)	Acc pseudo  81.25 ( 84.88)	Lr 1.000e-03 (1.000e-03)
2026-01-13 23:46:17,971 - INFO: Round 0, Face Fine-tune Epoch 6: loss=0.3742, acc(pseudo)=84.91%
2026-01-13 23:47:17,319 - INFO: Round 0, Face Fine-tune Epoch 6: acc(valid_pseudo): 0.9590, acc: 0.8374
2026-01-13 23:47:17,319 - INFO: Round 0, Face Fine-tune Epoch 6: No improvement. Patience(epoch): 1/3
2026-01-13 23:47:17,908 - INFO: Epoch: [7][  0/582]	Time  0.538 ( 0.538)	Loss 5.7061e-01 (5.7061e-01)	Acc pseudo  71.88 ( 71.88)	Lr 1.000e-03 (1.000e-03)
2026-01-13 23:47:22,643 - INFO: Epoch: [7][ 50/582]	Time  0.030 ( 0.043)	Loss 2.1769e-01 (3.6077e-01)	Acc pseudo  89.06 ( 85.45)	Lr 1.000e-03 (1.000e-03)
2026-01-13 23:47:27,384 - INFO: Epoch: [7][100/582]	Time  0.037 ( 0.039)	Loss 3.8299e-01 (3.5994e-01)	Acc pseudo  79.69 ( 85.57)	Lr 1.000e-03 (1.000e-03)
2026-01-13 23:47:32,122 - INFO: Epoch: [7][150/582]	Time  0.028 ( 0.036)	Loss 2.3124e-01 (3.5925e-01)	Acc pseudo  89.06 ( 85.48)	Lr 1.000e-03 (1.000e-03)
2026-01-13 23:47:36,858 - INFO: Epoch: [7][200/582]	Time  0.027 ( 0.034)	Loss 2.5880e-01 (3.5071e-01)	Acc pseudo  90.62 ( 85.83)	Lr 1.000e-03 (1.000e-03)
2026-01-13 23:47:41,598 - INFO: Epoch: [7][250/582]	Time  0.028 ( 0.033)	Loss 3.4298e-01 (3.4863e-01)	Acc pseudo  84.38 ( 85.91)	Lr 1.000e-03 (1.000e-03)
2026-01-13 23:47:46,338 - INFO: Epoch: [7][300/582]	Time  0.027 ( 0.033)	Loss 3.4808e-01 (3.5402e-01)	Acc pseudo  84.38 ( 85.83)	Lr 1.000e-03 (1.000e-03)
2026-01-13 23:47:51,079 - INFO: Epoch: [7][350/582]	Time  0.027 ( 0.032)	Loss 5.5877e-01 (3.5213e-01)	Acc pseudo  78.12 ( 85.91)	Lr 1.000e-03 (1.000e-03)
2026-01-13 23:47:55,814 - INFO: Epoch: [7][400/582]	Time  0.027 ( 0.032)	Loss 4.1947e-01 (3.5433e-01)	Acc pseudo  85.94 ( 86.06)	Lr 1.000e-03 (1.000e-03)
2026-01-13 23:48:00,553 - INFO: Epoch: [7][450/582]	Time  0.028 ( 0.031)	Loss 3.3640e-01 (3.5620e-01)	Acc pseudo  87.50 ( 86.00)	Lr 1.000e-03 (1.000e-03)
2026-01-13 23:48:05,297 - INFO: Epoch: [7][500/582]	Time  0.028 ( 0.031)	Loss 4.0459e-01 (3.5751e-01)	Acc pseudo  84.38 ( 85.93)	Lr 1.000e-03 (1.000e-03)
2026-01-13 23:48:10,041 - INFO: Epoch: [7][550/582]	Time  0.028 ( 0.031)	Loss 2.4250e-01 (3.5943e-01)	Acc pseudo  89.06 ( 85.79)	Lr 1.000e-03 (1.000e-03)
2026-01-13 23:48:13,073 - INFO: Round 0, Face Fine-tune Epoch 7: loss=0.3609, acc(pseudo)=85.79%
2026-01-13 23:49:12,564 - INFO: Round 0, Face Fine-tune Epoch 7: acc(valid_pseudo): 0.9652, acc: 0.8491
2026-01-13 23:49:13,432 - INFO: Epoch: [8][  0/582]	Time  0.501 ( 0.501)	Loss 3.1705e-01 (3.1705e-01)	Acc pseudo  87.50 ( 87.50)	Lr 1.000e-03 (1.000e-03)
2026-01-13 23:49:18,155 - INFO: Epoch: [8][ 50/582]	Time  0.028 ( 0.039)	Loss 1.4745e-01 (3.1369e-01)	Acc pseudo  92.19 ( 87.04)	Lr 1.000e-03 (1.000e-03)
2026-01-13 23:49:22,883 - INFO: Epoch: [8][100/582]	Time  0.028 ( 0.034)	Loss 2.4808e-01 (3.0022e-01)	Acc pseudo  87.50 ( 86.96)	Lr 1.000e-03 (1.000e-03)
2026-01-13 23:49:27,606 - INFO: Epoch: [8][150/582]	Time  0.027 ( 0.032)	Loss 3.1797e-01 (2.9994e-01)	Acc pseudo  84.38 ( 86.86)	Lr 1.000e-03 (1.000e-03)
2026-01-13 23:49:32,331 - INFO: Epoch: [8][200/582]	Time  0.039 ( 0.032)	Loss 5.2012e-01 (3.2195e-01)	Acc pseudo  82.81 ( 86.38)	Lr 1.000e-03 (1.000e-03)
2026-01-13 23:49:37,054 - INFO: Epoch: [8][250/582]	Time  0.029 ( 0.031)	Loss 2.2091e-01 (3.2109e-01)	Acc pseudo  89.06 ( 86.37)	Lr 1.000e-03 (1.000e-03)
2026-01-13 23:49:41,780 - INFO: Epoch: [8][300/582]	Time  0.028 ( 0.031)	Loss 4.1274e-01 (3.3436e-01)	Acc pseudo  84.38 ( 86.14)	Lr 1.000e-03 (1.000e-03)
2026-01-13 23:49:46,509 - INFO: Epoch: [8][350/582]	Time  0.049 ( 0.031)	Loss 1.7922e-01 (3.3564e-01)	Acc pseudo  92.19 ( 86.03)	Lr 1.000e-03 (1.000e-03)
2026-01-13 23:49:51,238 - INFO: Epoch: [8][400/582]	Time  0.040 ( 0.031)	Loss 2.0678e-01 (3.4000e-01)	Acc pseudo  90.62 ( 85.98)	Lr 1.000e-03 (1.000e-03)
2026-01-13 23:49:55,965 - INFO: Epoch: [8][450/582]	Time  0.028 ( 0.031)	Loss 1.4204e-01 (3.4268e-01)	Acc pseudo  96.88 ( 85.88)	Lr 1.000e-03 (1.000e-03)
2026-01-13 23:50:00,692 - INFO: Epoch: [8][500/582]	Time  0.028 ( 0.031)	Loss 2.2581e-01 (3.4397e-01)	Acc pseudo  92.19 ( 85.85)	Lr 1.000e-03 (1.000e-03)
2026-01-13 23:50:05,416 - INFO: Epoch: [8][550/582]	Time  0.029 ( 0.031)	Loss 3.0911e-01 (3.4463e-01)	Acc pseudo  89.06 ( 85.84)	Lr 1.000e-03 (1.000e-03)
2026-01-13 23:50:08,440 - INFO: Round 0, Face Fine-tune Epoch 8: loss=0.3458, acc(pseudo)=85.85%
2026-01-13 23:51:07,657 - INFO: Round 0, Face Fine-tune Epoch 8: acc(valid_pseudo): 0.9653, acc: 0.8500
2026-01-13 23:51:08,563 - INFO: Epoch: [9][  0/582]	Time  0.520 ( 0.520)	Loss 1.2869e-01 (1.2869e-01)	Acc pseudo  96.88 ( 96.88)	Lr 1.000e-03 (1.000e-03)
2026-01-13 23:51:13,297 - INFO: Epoch: [9][ 50/582]	Time  0.029 ( 0.040)	Loss 3.2126e-01 (3.0030e-01)	Acc pseudo  87.50 ( 87.71)	Lr 1.000e-03 (1.000e-03)
2026-01-13 23:51:18,021 - INFO: Epoch: [9][100/582]	Time  0.028 ( 0.034)	Loss 3.6076e-01 (3.0632e-01)	Acc pseudo  79.69 ( 87.59)	Lr 1.000e-03 (1.000e-03)
2026-01-13 23:51:22,751 - INFO: Epoch: [9][150/582]	Time  0.027 ( 0.033)	Loss 9.1842e-01 (3.1141e-01)	Acc pseudo  78.12 ( 87.50)	Lr 1.000e-03 (1.000e-03)
2026-01-13 23:51:27,480 - INFO: Epoch: [9][200/582]	Time  0.027 ( 0.032)	Loss 2.5065e-01 (3.1029e-01)	Acc pseudo  92.19 ( 87.18)	Lr 1.000e-03 (1.000e-03)
2026-01-13 23:51:32,212 - INFO: Epoch: [9][250/582]	Time  0.048 ( 0.031)	Loss 2.2494e-01 (3.0615e-01)	Acc pseudo  87.50 ( 87.24)	Lr 1.000e-03 (1.000e-03)
2026-01-13 23:51:36,959 - INFO: Epoch: [9][300/582]	Time  0.042 ( 0.033)	Loss 5.1809e-01 (3.1002e-01)	Acc pseudo  81.25 ( 87.07)	Lr 1.000e-03 (1.000e-03)
2026-01-13 23:51:41,784 - INFO: Epoch: [9][350/582]	Time  0.029 ( 0.034)	Loss 3.6099e-01 (3.1274e-01)	Acc pseudo  82.81 ( 87.09)	Lr 1.000e-03 (1.000e-03)
2026-01-13 23:51:46,620 - INFO: Epoch: [9][400/582]	Time  0.029 ( 0.034)	Loss 2.3854e-01 (3.1643e-01)	Acc pseudo  89.06 ( 87.02)	Lr 1.000e-03 (1.000e-03)
2026-01-13 23:51:51,357 - INFO: Epoch: [9][450/582]	Time  0.028 ( 0.034)	Loss 2.2666e-01 (3.2142e-01)	Acc pseudo  90.62 ( 86.79)	Lr 1.000e-03 (1.000e-03)
2026-01-13 23:51:56,092 - INFO: Epoch: [9][500/582]	Time  0.028 ( 0.033)	Loss 3.2469e-01 (3.2803e-01)	Acc pseudo  84.38 ( 86.57)	Lr 1.000e-03 (1.000e-03)
2026-01-13 23:52:00,831 - INFO: Epoch: [9][550/582]	Time  0.038 ( 0.033)	Loss 4.7297e-01 (3.3120e-01)	Acc pseudo  82.81 ( 86.46)	Lr 1.000e-03 (1.000e-03)
2026-01-13 23:52:03,853 - INFO: Round 0, Face Fine-tune Epoch 9: loss=0.3301, acc(pseudo)=86.51%
2026-01-13 23:53:02,785 - INFO: Round 0, Face Fine-tune Epoch 9: acc(valid_pseudo): 0.9672, acc: 0.8539
2026-01-13 23:53:03,696 - INFO: Epoch: [10][  0/582]	Time  0.539 ( 0.539)	Loss 2.3128e-01 (2.3128e-01)	Acc pseudo  96.88 ( 96.88)	Lr 1.000e-03 (1.000e-03)
2026-01-13 23:53:08,436 - INFO: Epoch: [10][ 50/582]	Time  0.027 ( 0.041)	Loss 4.6412e-01 (3.3372e-01)	Acc pseudo  81.25 ( 86.67)	Lr 1.000e-03 (1.000e-03)
2026-01-13 23:53:13,176 - INFO: Epoch: [10][100/582]	Time  0.030 ( 0.035)	Loss 1.9864e-01 (3.1852e-01)	Acc pseudo  89.06 ( 87.45)	Lr 1.000e-03 (1.000e-03)
2026-01-13 23:53:17,945 - INFO: Epoch: [10][150/582]	Time  0.028 ( 0.033)	Loss 3.1850e-01 (3.1533e-01)	Acc pseudo  82.81 ( 87.23)	Lr 1.000e-03 (1.000e-03)
2026-01-13 23:53:22,679 - INFO: Epoch: [10][200/582]	Time  0.029 ( 0.032)	Loss 3.9653e-01 (3.1931e-01)	Acc pseudo  85.94 ( 87.14)	Lr 1.000e-03 (1.000e-03)
2026-01-13 23:53:27,415 - INFO: Epoch: [10][250/582]	Time  0.029 ( 0.031)	Loss 3.1403e-01 (3.2286e-01)	Acc pseudo  85.94 ( 87.15)	Lr 1.000e-03 (1.000e-03)
2026-01-13 23:53:32,156 - INFO: Epoch: [10][300/582]	Time  0.027 ( 0.031)	Loss 5.8710e-01 (3.2451e-01)	Acc pseudo  87.50 ( 86.92)	Lr 1.000e-03 (1.000e-03)
2026-01-13 23:53:36,896 - INFO: Epoch: [10][350/582]	Time  0.027 ( 0.031)	Loss 5.3457e-01 (3.2792e-01)	Acc pseudo  81.25 ( 86.82)	Lr 1.000e-03 (1.000e-03)
2026-01-13 23:53:41,641 - INFO: Epoch: [10][400/582]	Time  0.039 ( 0.031)	Loss 3.8474e-01 (3.3012e-01)	Acc pseudo  87.50 ( 86.72)	Lr 1.000e-03 (1.000e-03)
2026-01-13 23:53:46,394 - INFO: Epoch: [10][450/582]	Time  0.042 ( 0.032)	Loss 1.9502e-01 (3.3268e-01)	Acc pseudo  87.50 ( 86.62)	Lr 1.000e-03 (1.000e-03)
2026-01-13 23:53:51,145 - INFO: Epoch: [10][500/582]	Time  0.035 ( 0.033)	Loss 5.1305e-01 (3.3575e-01)	Acc pseudo  78.12 ( 86.47)	Lr 1.000e-03 (1.000e-03)
2026-01-13 23:53:55,893 - INFO: Epoch: [10][550/582]	Time  0.034 ( 0.033)	Loss 1.8600e-01 (3.3745e-01)	Acc pseudo  87.50 ( 86.48)	Lr 1.000e-03 (1.000e-03)
2026-01-13 23:53:58,952 - INFO: Round 0, Face Fine-tune Epoch 10: loss=0.3393, acc(pseudo)=86.45%
2026-01-13 23:54:58,785 - INFO: Round 0, Face Fine-tune Epoch 10: acc(valid_pseudo): 0.9726, acc: 0.8510
2026-01-13 23:54:59,710 - INFO: Epoch: [11][  0/582]	Time  0.542 ( 0.542)	Loss 1.5930e-01 (1.5930e-01)	Acc pseudo  92.19 ( 92.19)	Lr 1.000e-03 (1.000e-03)
2026-01-13 23:55:04,437 - INFO: Epoch: [11][ 50/582]	Time  0.029 ( 0.041)	Loss 3.8715e-01 (3.1164e-01)	Acc pseudo  85.94 ( 87.50)	Lr 1.000e-03 (1.000e-03)
2026-01-13 23:55:09,167 - INFO: Epoch: [11][100/582]	Time  0.028 ( 0.036)	Loss 1.7269e-01 (2.9090e-01)	Acc pseudo  89.06 ( 87.69)	Lr 1.000e-03 (1.000e-03)
2026-01-13 23:55:13,895 - INFO: Epoch: [11][150/582]	Time  0.029 ( 0.034)	Loss 3.1051e-01 (2.9793e-01)	Acc pseudo  85.94 ( 87.79)	Lr 1.000e-03 (1.000e-03)
2026-01-13 23:55:18,629 - INFO: Epoch: [11][200/582]	Time  0.029 ( 0.033)	Loss 2.7672e-01 (2.9864e-01)	Acc pseudo  82.81 ( 87.68)	Lr 1.000e-03 (1.000e-03)
2026-01-13 23:55:23,360 - INFO: Epoch: [11][250/582]	Time  0.041 ( 0.033)	Loss 1.4398e-01 (3.0433e-01)	Acc pseudo  92.19 ( 87.54)	Lr 1.000e-03 (1.000e-03)
2026-01-13 23:55:28,093 - INFO: Epoch: [11][300/582]	Time  0.031 ( 0.033)	Loss 3.8293e-01 (3.0528e-01)	Acc pseudo  82.81 ( 87.54)	Lr 1.000e-03 (1.000e-03)
2026-01-13 23:55:32,857 - INFO: Epoch: [11][350/582]	Time  0.029 ( 0.032)	Loss 3.6733e-01 (3.0978e-01)	Acc pseudo  84.38 ( 87.42)	Lr 1.000e-03 (1.000e-03)
2026-01-13 23:55:37,627 - INFO: Epoch: [11][400/582]	Time  0.028 ( 0.032)	Loss 3.2125e-01 (3.0725e-01)	Acc pseudo  84.38 ( 87.45)	Lr 1.000e-03 (1.000e-03)
2026-01-13 23:55:42,361 - INFO: Epoch: [11][450/582]	Time  0.029 ( 0.032)	Loss 2.5362e-01 (3.0445e-01)	Acc pseudo  90.62 ( 87.52)	Lr 1.000e-03 (1.000e-03)
2026-01-13 23:55:47,095 - INFO: Epoch: [11][500/582]	Time  0.028 ( 0.031)	Loss 4.0243e-01 (3.0934e-01)	Acc pseudo  87.50 ( 87.35)	Lr 1.000e-03 (1.000e-03)
2026-01-13 23:55:51,828 - INFO: Epoch: [11][550/582]	Time  0.034 ( 0.031)	Loss 2.0601e-01 (3.1313e-01)	Acc pseudo  93.75 ( 87.21)	Lr 1.000e-03 (1.000e-03)
2026-01-13 23:55:54,880 - INFO: Round 0, Face Fine-tune Epoch 11: loss=0.3115, acc(pseudo)=87.22%
2026-01-13 23:56:53,002 - INFO: Round 0, Face Fine-tune Epoch 11: acc(valid_pseudo): 0.9712, acc: 0.8520
2026-01-13 23:56:53,002 - INFO: Round 0, Face Fine-tune Epoch 11: No improvement. Patience(epoch): 1/3
2026-01-13 23:56:53,619 - INFO: Epoch: [12][  0/582]	Time  0.584 ( 0.584)	Loss 2.8327e-01 (2.8327e-01)	Acc pseudo  85.94 ( 85.94)	Lr 1.000e-03 (1.000e-03)
2026-01-13 23:56:58,355 - INFO: Epoch: [12][ 50/582]	Time  0.029 ( 0.044)	Loss 2.8728e-01 (2.8686e-01)	Acc pseudo  89.06 ( 88.17)	Lr 1.000e-03 (1.000e-03)
2026-01-13 23:57:03,120 - INFO: Epoch: [12][100/582]	Time  0.032 ( 0.037)	Loss 4.6230e-01 (2.8436e-01)	Acc pseudo  76.56 ( 88.17)	Lr 1.000e-03 (1.000e-03)
2026-01-13 23:57:07,926 - INFO: Epoch: [12][150/582]	Time  0.028 ( 0.035)	Loss 1.2951e-01 (2.8609e-01)	Acc pseudo  92.19 ( 87.99)	Lr 1.000e-03 (1.000e-03)
2026-01-13 23:57:12,662 - INFO: Epoch: [12][200/582]	Time  0.028 ( 0.034)	Loss 4.1636e-01 (2.8808e-01)	Acc pseudo  89.06 ( 87.97)	Lr 1.000e-03 (1.000e-03)
2026-01-13 23:57:17,395 - INFO: Epoch: [12][250/582]	Time  0.028 ( 0.033)	Loss 2.0422e-01 (2.9386e-01)	Acc pseudo  89.06 ( 87.92)	Lr 1.000e-03 (1.000e-03)
2026-01-13 23:57:22,127 - INFO: Epoch: [12][300/582]	Time  0.028 ( 0.032)	Loss 3.7313e-01 (3.0194e-01)	Acc pseudo  81.25 ( 87.68)	Lr 1.000e-03 (1.000e-03)
2026-01-13 23:57:26,860 - INFO: Epoch: [12][350/582]	Time  0.028 ( 0.032)	Loss 3.3571e-01 (3.0811e-01)	Acc pseudo  87.50 ( 87.46)	Lr 1.000e-03 (1.000e-03)
2026-01-13 23:57:31,591 - INFO: Epoch: [12][400/582]	Time  0.043 ( 0.032)	Loss 5.1846e-01 (3.1384e-01)	Acc pseudo  84.38 ( 87.24)	Lr 1.000e-03 (1.000e-03)
2026-01-13 23:57:36,321 - INFO: Epoch: [12][450/582]	Time  0.028 ( 0.032)	Loss 1.9275e-01 (3.1615e-01)	Acc pseudo  92.19 ( 87.16)	Lr 1.000e-03 (1.000e-03)
2026-01-13 23:57:41,053 - INFO: Epoch: [12][500/582]	Time  0.041 ( 0.032)	Loss 2.4360e-01 (3.1517e-01)	Acc pseudo  89.06 ( 87.22)	Lr 1.000e-03 (1.000e-03)
2026-01-13 23:57:45,792 - INFO: Epoch: [12][550/582]	Time  0.049 ( 0.032)	Loss 3.9777e-01 (3.1812e-01)	Acc pseudo  82.81 ( 87.18)	Lr 1.000e-03 (1.000e-03)
2026-01-13 23:57:48,842 - INFO: Round 0, Face Fine-tune Epoch 12: loss=0.3200, acc(pseudo)=87.16%
2026-01-13 23:58:48,642 - INFO: Round 0, Face Fine-tune Epoch 12: acc(valid_pseudo): 0.9670, acc: 0.8452
2026-01-13 23:58:48,642 - INFO: Round 0, Face Fine-tune Epoch 12: No improvement. Patience(epoch): 2/3
2026-01-13 23:58:49,193 - INFO: Epoch: [13][  0/582]	Time  0.500 ( 0.500)	Loss 2.0718e-01 (2.0718e-01)	Acc pseudo  90.62 ( 90.62)	Lr 1.000e-03 (1.000e-03)
2026-01-13 23:58:53,928 - INFO: Epoch: [13][ 50/582]	Time  0.028 ( 0.039)	Loss 2.0955e-01 (3.0642e-01)	Acc pseudo  92.19 ( 86.86)	Lr 1.000e-03 (1.000e-03)
2026-01-13 23:58:58,657 - INFO: Epoch: [13][100/582]	Time  0.027 ( 0.034)	Loss 1.8536e-01 (2.9804e-01)	Acc pseudo  92.19 ( 87.24)	Lr 1.000e-03 (1.000e-03)
2026-01-13 23:59:03,393 - INFO: Epoch: [13][150/582]	Time  0.027 ( 0.034)	Loss 1.0514e-01 (2.9799e-01)	Acc pseudo  93.75 ( 87.26)	Lr 1.000e-03 (1.000e-03)
2026-01-13 23:59:08,126 - INFO: Epoch: [13][200/582]	Time  0.027 ( 0.033)	Loss 2.9325e-01 (3.0928e-01)	Acc pseudo  87.50 ( 87.13)	Lr 1.000e-03 (1.000e-03)
2026-01-13 23:59:12,858 - INFO: Epoch: [13][250/582]	Time  0.028 ( 0.032)	Loss 5.4243e-01 (3.1282e-01)	Acc pseudo  82.81 ( 87.05)	Lr 1.000e-03 (1.000e-03)
2026-01-13 23:59:17,597 - INFO: Epoch: [13][300/582]	Time  0.036 ( 0.033)	Loss 3.4382e-01 (3.1032e-01)	Acc pseudo  84.38 ( 87.08)	Lr 1.000e-03 (1.000e-03)
2026-01-13 23:59:22,342 - INFO: Epoch: [13][350/582]	Time  0.029 ( 0.034)	Loss 2.5897e-01 (3.1230e-01)	Acc pseudo  87.50 ( 87.01)	Lr 1.000e-03 (1.000e-03)
2026-01-13 23:59:27,083 - INFO: Epoch: [13][400/582]	Time  0.027 ( 0.034)	Loss 4.5047e-01 (3.1254e-01)	Acc pseudo  85.94 ( 87.08)	Lr 1.000e-03 (1.000e-03)
2026-01-13 23:59:31,819 - INFO: Epoch: [13][450/582]	Time  0.029 ( 0.034)	Loss 4.2647e-01 (3.1193e-01)	Acc pseudo  84.38 ( 87.09)	Lr 1.000e-03 (1.000e-03)
2026-01-13 23:59:36,551 - INFO: Epoch: [13][500/582]	Time  0.029 ( 0.033)	Loss 3.5215e-01 (3.1361e-01)	Acc pseudo  85.94 ( 87.19)	Lr 1.000e-03 (1.000e-03)
2026-01-13 23:59:41,283 - INFO: Epoch: [13][550/582]	Time  0.028 ( 0.033)	Loss 5.5668e-01 (3.1589e-01)	Acc pseudo  84.38 ( 87.21)	Lr 1.000e-03 (1.000e-03)
2026-01-13 23:59:44,301 - INFO: Round 0, Face Fine-tune Epoch 13: loss=0.3154, acc(pseudo)=87.24%
2026-01-14 00:00:44,093 - INFO: Round 0, Face Fine-tune Epoch 13: acc(valid_pseudo): 0.9691, acc: 0.8539
2026-01-14 00:00:44,093 - INFO: Round 0, Face Fine-tune Epoch 13: No improvement. Patience(epoch): 3/3
2026-01-14 00:00:44,093 - INFO: Early stopping at face epoch 13
2026-01-14 00:00:44,094 - INFO: Round 0: Best face fine-tuned epoch=10, acc(valid_pseudo)=0.9726
2026-01-14 00:00:44,152 - INFO: Using HMM model from previous round: runs/I love my family/exp_video/result/self_supervised/exp2/initial/pseudo_label/hmm_params.pkl
2026-01-14 01:29:29,597 - INFO: Round 0: speaker_acc=0.8595
2026-01-14 01:29:29,605 - INFO: Round 0: face_acc=0.8695
2026-01-14 01:29:29,608 - INFO: ====================
2026-01-14 01:29:29,608 - INFO: Round 1: Fine-tuning iteration
2026-01-14 01:29:29,608 - INFO: ====================
2026-01-14 01:29:29,681 - INFO: Round 1 Part 1: Fine-tuning embedding model
2026-01-14 01:29:29,682 - INFO: Using pseudo-label file: runs/I love my family/exp_video/result/self_supervised/exp2/round0/pseudo_label/pseudo_labels_audio_nested_hmm_full(unreliable_pp=100.0).json
2026-01-14 01:29:29,831 - INFO: For training, Using face pseudo-label file: runs/I love my family/exp_video/result/self_supervised/exp2/round0/pseudo_label/pseudo_labels_faces_mid_frame_train_nested_hmm_full.json
2026-01-14 01:29:29,832 - INFO: For infering, Using face pseudo-label file: runs/I love my family/exp_video/result/self_supervised/exp2/round0/pseudo_label/pseudo_labels_faces_mid_frame_all_nested_hmm_full.json
2026-01-14 01:29:30,041 - INFO: Created face dataloader with 37219 samples
2026-01-14 01:29:30,062 - INFO: Fine-tuning speaker embedding model for 20 epochs...
2026-01-14 01:29:31,130 - INFO: Epoch: [0][  0/301]	Time  1.013 ( 1.013)	Loss 5.9533e-01 (5.9533e-01)	Acc pseudo  85.94 ( 85.94)	Lr 1.000e-03 (1.000e-03)
2026-01-14 01:29:31,334 - INFO: Epoch: [0][ 50/301]	Time  0.003 ( 0.024)	Loss 7.0370e-01 (6.7125e-01)	Acc pseudo  71.88 ( 80.48)	Lr 1.000e-03 (1.000e-03)
2026-01-14 01:29:31,495 - INFO: Epoch: [0][100/301]	Time  0.003 ( 0.014)	Loss 4.7469e-01 (6.6575e-01)	Acc pseudo  87.50 ( 80.54)	Lr 1.000e-03 (1.000e-03)
2026-01-14 01:29:31,651 - INFO: Epoch: [0][150/301]	Time  0.003 ( 0.010)	Loss 6.8004e-01 (6.6265e-01)	Acc pseudo  76.56 ( 80.74)	Lr 1.000e-03 (1.000e-03)
2026-01-14 01:29:31,807 - INFO: Epoch: [0][200/301]	Time  0.003 ( 0.008)	Loss 5.8311e-01 (6.4614e-01)	Acc pseudo  82.81 ( 80.92)	Lr 1.000e-03 (1.000e-03)
2026-01-14 01:29:31,964 - INFO: Epoch: [0][250/301]	Time  0.003 ( 0.007)	Loss 5.8899e-01 (6.5203e-01)	Acc pseudo  76.56 ( 80.85)	Lr 1.000e-03 (1.000e-03)
2026-01-14 01:29:32,112 - INFO: Epoch: [0][300/301]	Time  0.002 ( 0.007)	Loss 3.4098e-01 (6.5139e-01)	Acc pseudo  80.00 ( 81.04)	Lr 1.000e-03 (1.000e-03)
2026-01-14 01:29:32,184 - INFO: Round 1, Fine-tune Epoch 0: loss=0.6514, acc(pseudo)=81.04%
2026-01-14 01:29:39,236 - INFO: Round 1, Fine-tune Epoch 0: acc(valid_pseudo): 0.9376, acc: 0.8210
2026-01-14 01:29:39,685 - INFO: Epoch: [1][  0/301]	Time  0.266 ( 0.266)	Loss 1.1784e+00 (1.1784e+00)	Acc pseudo  64.06 ( 64.06)	Lr 1.000e-03 (1.000e-03)
2026-01-14 01:29:39,868 - INFO: Epoch: [1][ 50/301]	Time  0.003 ( 0.009)	Loss 4.3508e-01 (5.6503e-01)	Acc pseudo  78.12 ( 82.08)	Lr 1.000e-03 (1.000e-03)
2026-01-14 01:29:40,040 - INFO: Epoch: [1][100/301]	Time  0.003 ( 0.006)	Loss 5.5631e-01 (5.5654e-01)	Acc pseudo  85.94 ( 82.60)	Lr 1.000e-03 (1.000e-03)
2026-01-14 01:29:40,204 - INFO: Epoch: [1][150/301]	Time  0.003 ( 0.005)	Loss 6.0918e-01 (5.6654e-01)	Acc pseudo  79.69 ( 82.65)	Lr 1.000e-03 (1.000e-03)
2026-01-14 01:29:40,368 - INFO: Epoch: [1][200/301]	Time  0.003 ( 0.005)	Loss 4.7122e-01 (5.6781e-01)	Acc pseudo  89.06 ( 82.60)	Lr 1.000e-03 (1.000e-03)
2026-01-14 01:29:40,534 - INFO: Epoch: [1][250/301]	Time  0.003 ( 0.004)	Loss 4.9245e-01 (5.7615e-01)	Acc pseudo  89.06 ( 82.52)	Lr 1.000e-03 (1.000e-03)
2026-01-14 01:29:40,699 - INFO: Epoch: [1][300/301]	Time  0.002 ( 0.004)	Loss 3.9504e-01 (5.8233e-01)	Acc pseudo  80.00 ( 82.31)	Lr 1.000e-03 (1.000e-03)
2026-01-14 01:29:40,780 - INFO: Round 1, Fine-tune Epoch 1: loss=0.5823, acc(pseudo)=82.31%
2026-01-14 01:29:48,115 - INFO: Round 1, Fine-tune Epoch 1: acc(valid_pseudo): 0.9557, acc: 0.8515
2026-01-14 01:29:48,562 - INFO: Epoch: [2][  0/301]	Time  0.259 ( 0.259)	Loss 7.2988e-01 (7.2988e-01)	Acc pseudo  81.25 ( 81.25)	Lr 1.000e-03 (1.000e-03)
2026-01-14 01:29:48,778 - INFO: Epoch: [2][ 50/301]	Time  0.004 ( 0.009)	Loss 4.7049e-01 (5.5609e-01)	Acc pseudo  82.81 ( 83.36)	Lr 1.000e-03 (1.000e-03)
2026-01-14 01:29:48,950 - INFO: Epoch: [2][100/301]	Time  0.004 ( 0.006)	Loss 7.6416e-01 (5.3077e-01)	Acc pseudo  78.12 ( 83.71)	Lr 1.000e-03 (1.000e-03)
2026-01-14 01:29:49,107 - INFO: Epoch: [2][150/301]	Time  0.003 ( 0.005)	Loss 2.8412e-01 (5.5178e-01)	Acc pseudo  90.62 ( 83.43)	Lr 1.000e-03 (1.000e-03)
2026-01-14 01:29:49,264 - INFO: Epoch: [2][200/301]	Time  0.004 ( 0.005)	Loss 4.2685e-01 (5.5678e-01)	Acc pseudo  85.94 ( 83.26)	Lr 1.000e-03 (1.000e-03)
2026-01-14 01:29:49,427 - INFO: Epoch: [2][250/301]	Time  0.003 ( 0.004)	Loss 5.1371e-01 (5.6283e-01)	Acc pseudo  79.69 ( 82.69)	Lr 1.000e-03 (1.000e-03)
2026-01-14 01:29:49,574 - INFO: Epoch: [2][300/301]	Time  0.002 ( 0.004)	Loss 6.5633e-01 (5.6681e-01)	Acc pseudo  72.00 ( 82.69)	Lr 1.000e-03 (1.000e-03)
2026-01-14 01:29:49,665 - INFO: Round 1, Fine-tune Epoch 2: loss=0.5668, acc(pseudo)=82.69%
2026-01-14 01:29:57,175 - INFO: Round 1, Fine-tune Epoch 2: acc(valid_pseudo): 0.9286, acc: 0.8300
2026-01-14 01:29:57,175 - INFO: Round 1, Speaker Fine-tune Epoch 2: No improvement in validation accuracy. Patience(epoch): 1/3
2026-01-14 01:29:57,443 - INFO: Epoch: [3][  0/301]	Time  0.263 ( 0.263)	Loss 5.1903e-01 (5.1903e-01)	Acc pseudo  76.56 ( 76.56)	Lr 1.000e-03 (1.000e-03)
2026-01-14 01:29:57,631 - INFO: Epoch: [3][ 50/301]	Time  0.003 ( 0.009)	Loss 8.7018e-01 (5.4948e-01)	Acc pseudo  76.56 ( 83.88)	Lr 1.000e-03 (1.000e-03)
2026-01-14 01:29:57,792 - INFO: Epoch: [3][100/301]	Time  0.003 ( 0.006)	Loss 3.4904e-01 (5.4174e-01)	Acc pseudo  84.38 ( 83.60)	Lr 1.000e-03 (1.000e-03)
2026-01-14 01:29:57,947 - INFO: Epoch: [3][150/301]	Time  0.003 ( 0.005)	Loss 5.7729e-01 (5.4089e-01)	Acc pseudo  89.06 ( 83.75)	Lr 1.000e-03 (1.000e-03)
2026-01-14 01:29:58,096 - INFO: Epoch: [3][200/301]	Time  0.003 ( 0.004)	Loss 4.0486e-01 (5.3557e-01)	Acc pseudo  81.25 ( 83.98)	Lr 1.000e-03 (1.000e-03)
2026-01-14 01:29:58,245 - INFO: Epoch: [3][250/301]	Time  0.003 ( 0.004)	Loss 4.2190e-01 (5.3440e-01)	Acc pseudo  84.38 ( 83.76)	Lr 1.000e-03 (1.000e-03)
2026-01-14 01:29:58,386 - INFO: Epoch: [3][300/301]	Time  0.002 ( 0.004)	Loss 5.7120e-01 (5.4065e-01)	Acc pseudo  80.00 ( 83.57)	Lr 1.000e-03 (1.000e-03)
2026-01-14 01:29:58,458 - INFO: Round 1, Fine-tune Epoch 3: loss=0.5407, acc(pseudo)=83.57%
2026-01-14 01:30:06,242 - INFO: Round 1, Fine-tune Epoch 3: acc(valid_pseudo): 0.9355, acc: 0.8140
2026-01-14 01:30:06,242 - INFO: Round 1, Speaker Fine-tune Epoch 3: No improvement in validation accuracy. Patience(epoch): 2/3
2026-01-14 01:30:06,511 - INFO: Epoch: [4][  0/301]	Time  0.263 ( 0.263)	Loss 6.7505e-01 (6.7505e-01)	Acc pseudo  81.25 ( 81.25)	Lr 1.000e-03 (1.000e-03)
2026-01-14 01:30:06,705 - INFO: Epoch: [4][ 50/301]	Time  0.003 ( 0.009)	Loss 4.1712e-01 (5.0147e-01)	Acc pseudo  90.62 ( 85.45)	Lr 1.000e-03 (1.000e-03)
2026-01-14 01:30:06,866 - INFO: Epoch: [4][100/301]	Time  0.003 ( 0.006)	Loss 5.2616e-01 (5.0877e-01)	Acc pseudo  84.38 ( 84.51)	Lr 1.000e-03 (1.000e-03)
2026-01-14 01:30:07,021 - INFO: Epoch: [4][150/301]	Time  0.003 ( 0.005)	Loss 5.1442e-01 (5.0662e-01)	Acc pseudo  79.69 ( 84.50)	Lr 1.000e-03 (1.000e-03)
2026-01-14 01:30:07,174 - INFO: Epoch: [4][200/301]	Time  0.003 ( 0.005)	Loss 4.0923e-01 (5.1289e-01)	Acc pseudo  87.50 ( 84.33)	Lr 1.000e-03 (1.000e-03)
2026-01-14 01:30:07,325 - INFO: Epoch: [4][250/301]	Time  0.003 ( 0.004)	Loss 6.5525e-01 (5.2176e-01)	Acc pseudo  81.25 ( 84.12)	Lr 1.000e-03 (1.000e-03)
2026-01-14 01:30:07,470 - INFO: Epoch: [4][300/301]	Time  0.003 ( 0.004)	Loss 4.6951e-01 (5.2779e-01)	Acc pseudo  80.00 ( 83.89)	Lr 1.000e-03 (1.000e-03)
2026-01-14 01:30:07,543 - INFO: Round 1, Fine-tune Epoch 4: loss=0.5278, acc(pseudo)=83.89%
2026-01-14 01:30:16,541 - INFO: Round 1, Fine-tune Epoch 4: acc(valid_pseudo): 0.9353, acc: 0.8100
2026-01-14 01:30:16,541 - INFO: Round 1, Speaker Fine-tune Epoch 4: No improvement in validation accuracy. Patience(epoch): 3/3
2026-01-14 01:30:16,541 - INFO: Early stopping at epoch 4 due to no improvement in validation accuracy for 3 epochs.
2026-01-14 01:30:16,542 - INFO: Round 1: Best speaker fine-tuned epoch=1, acc(valid_pseudo)=0.9557
2026-01-14 01:30:16,547 - INFO: Fine-tuning face embedding model for 20 epochs...
2026-01-14 01:30:17,674 - INFO: Epoch: [0][  0/582]	Time  1.110 ( 1.110)	Loss 3.0695e-01 (3.0695e-01)	Acc pseudo  89.06 ( 89.06)	Lr 1.000e-03 (1.000e-03)
2026-01-14 01:30:22,381 - INFO: Epoch: [0][ 50/582]	Time  0.030 ( 0.053)	Loss 5.5449e-01 (3.8775e-01)	Acc pseudo  87.50 ( 87.01)	Lr 1.000e-03 (1.000e-03)
2026-01-14 01:30:27,093 - INFO: Epoch: [0][100/582]	Time  0.029 ( 0.041)	Loss 4.5870e-01 (3.7391e-01)	Acc pseudo  82.81 ( 86.90)	Lr 1.000e-03 (1.000e-03)
2026-01-14 01:30:31,811 - INFO: Epoch: [0][150/582]	Time  0.028 ( 0.037)	Loss 3.8846e-01 (3.6130e-01)	Acc pseudo  81.25 ( 87.31)	Lr 1.000e-03 (1.000e-03)
2026-01-14 01:30:36,537 - INFO: Epoch: [0][200/582]	Time  0.029 ( 0.036)	Loss 2.9019e-01 (3.5748e-01)	Acc pseudo  87.50 ( 87.36)	Lr 1.000e-03 (1.000e-03)
2026-01-14 01:30:41,262 - INFO: Epoch: [0][250/582]	Time  0.029 ( 0.035)	Loss 3.7523e-01 (3.7316e-01)	Acc pseudo  78.12 ( 87.06)	Lr 1.000e-03 (1.000e-03)
2026-01-14 01:30:45,997 - INFO: Epoch: [0][300/582]	Time  0.045 ( 0.035)	Loss 1.8875e-01 (3.7246e-01)	Acc pseudo  89.06 ( 86.88)	Lr 1.000e-03 (1.000e-03)
2026-01-14 01:30:50,733 - INFO: Epoch: [0][350/582]	Time  0.027 ( 0.035)	Loss 1.8485e-01 (3.7113e-01)	Acc pseudo  95.31 ( 86.88)	Lr 1.000e-03 (1.000e-03)
2026-01-14 01:30:56,003 - INFO: Epoch: [0][400/582]	Time  0.029 ( 0.035)	Loss 2.3028e-01 (3.7005e-01)	Acc pseudo  92.19 ( 86.88)	Lr 1.000e-03 (1.000e-03)
2026-01-14 01:31:00,932 - INFO: Epoch: [0][450/582]	Time  0.030 ( 0.035)	Loss 3.9285e-01 (3.7121e-01)	Acc pseudo  85.94 ( 86.83)	Lr 1.000e-03 (1.000e-03)
2026-01-14 01:31:05,675 - INFO: Epoch: [0][500/582]	Time  0.031 ( 0.035)	Loss 2.3176e-01 (3.7092e-01)	Acc pseudo  87.50 ( 86.79)	Lr 1.000e-03 (1.000e-03)
2026-01-14 01:31:10,419 - INFO: Epoch: [0][550/582]	Time  0.030 ( 0.034)	Loss 2.2888e-01 (3.6923e-01)	Acc pseudo  92.19 ( 86.77)	Lr 1.000e-03 (1.000e-03)
2026-01-14 01:31:13,452 - INFO: Round 1, Face Fine-tune Epoch 0: loss=0.3699, acc(pseudo)=86.74%
2026-01-14 01:32:12,931 - INFO: Round 1, Face Fine-tune Epoch 0: acc(valid_pseudo): 0.9798, acc: 0.8559
2026-01-14 01:32:13,849 - INFO: Epoch: [1][  0/582]	Time  0.527 ( 0.527)	Loss 2.9380e-01 (2.9380e-01)	Acc pseudo  90.62 ( 90.62)	Lr 1.000e-03 (1.000e-03)
2026-01-14 01:32:18,559 - INFO: Epoch: [1][ 50/582]	Time  0.029 ( 0.042)	Loss 3.4032e-01 (3.2078e-01)	Acc pseudo  87.50 ( 87.81)	Lr 1.000e-03 (1.000e-03)
2026-01-14 01:32:23,263 - INFO: Epoch: [1][100/582]	Time  0.028 ( 0.035)	Loss 7.2733e-01 (3.1350e-01)	Acc pseudo  85.94 ( 87.93)	Lr 1.000e-03 (1.000e-03)
2026-01-14 01:32:27,971 - INFO: Epoch: [1][150/582]	Time  0.027 ( 0.033)	Loss 3.3491e-01 (3.1471e-01)	Acc pseudo  84.38 ( 88.37)	Lr 1.000e-03 (1.000e-03)
2026-01-14 01:32:32,682 - INFO: Epoch: [1][200/582]	Time  0.028 ( 0.032)	Loss 1.6532e-01 (3.1766e-01)	Acc pseudo  93.75 ( 88.15)	Lr 1.000e-03 (1.000e-03)
2026-01-14 01:32:37,401 - INFO: Epoch: [1][250/582]	Time  0.029 ( 0.034)	Loss 2.7574e-01 (3.1568e-01)	Acc pseudo  85.94 ( 88.29)	Lr 1.000e-03 (1.000e-03)
2026-01-14 01:32:42,116 - INFO: Epoch: [1][300/582]	Time  0.029 ( 0.034)	Loss 3.3145e-01 (3.1448e-01)	Acc pseudo  87.50 ( 88.40)	Lr 1.000e-03 (1.000e-03)
2026-01-14 01:32:46,830 - INFO: Epoch: [1][350/582]	Time  0.029 ( 0.033)	Loss 2.1046e-01 (3.1982e-01)	Acc pseudo  84.38 ( 88.09)	Lr 1.000e-03 (1.000e-03)
2026-01-14 01:32:51,543 - INFO: Epoch: [1][400/582]	Time  0.039 ( 0.033)	Loss 3.7302e-01 (3.2445e-01)	Acc pseudo  81.25 ( 87.98)	Lr 1.000e-03 (1.000e-03)
2026-01-14 01:32:56,257 - INFO: Epoch: [1][450/582]	Time  0.040 ( 0.032)	Loss 7.1453e-01 (3.2610e-01)	Acc pseudo  78.12 ( 87.89)	Lr 1.000e-03 (1.000e-03)
2026-01-14 01:33:00,979 - INFO: Epoch: [1][500/582]	Time  0.029 ( 0.033)	Loss 5.5765e-01 (3.2953e-01)	Acc pseudo  85.94 ( 87.85)	Lr 1.000e-03 (1.000e-03)
2026-01-14 01:33:05,695 - INFO: Epoch: [1][550/582]	Time  0.040 ( 0.033)	Loss 4.2894e-01 (3.3156e-01)	Acc pseudo  89.06 ( 87.77)	Lr 1.000e-03 (1.000e-03)
2026-01-14 01:33:08,711 - INFO: Round 1, Face Fine-tune Epoch 1: loss=0.3337, acc(pseudo)=87.68%
2026-01-14 01:34:09,668 - INFO: Round 1, Face Fine-tune Epoch 1: acc(valid_pseudo): 0.9787, acc: 0.8617
2026-01-14 01:34:09,668 - INFO: Round 1, Face Fine-tune Epoch 1: No improvement. Patience(epoch): 1/3
2026-01-14 01:34:10,225 - INFO: Epoch: [2][  0/582]	Time  0.509 ( 0.509)	Loss 1.5014e-01 (1.5014e-01)	Acc pseudo  93.75 ( 93.75)	Lr 1.000e-03 (1.000e-03)
2026-01-14 01:34:14,941 - INFO: Epoch: [2][ 50/582]	Time  0.049 ( 0.054)	Loss 3.1764e-01 (2.8015e-01)	Acc pseudo  84.38 ( 88.36)	Lr 1.000e-03 (1.000e-03)
2026-01-14 01:34:19,656 - INFO: Epoch: [2][100/582]	Time  0.028 ( 0.042)	Loss 1.9667e-01 (2.8410e-01)	Acc pseudo  89.06 ( 88.34)	Lr 1.000e-03 (1.000e-03)
2026-01-14 01:34:24,370 - INFO: Epoch: [2][150/582]	Time  0.028 ( 0.039)	Loss 1.6497e-01 (2.8627e-01)	Acc pseudo  89.06 ( 88.60)	Lr 1.000e-03 (1.000e-03)
2026-01-14 01:34:29,085 - INFO: Epoch: [2][200/582]	Time  0.041 ( 0.038)	Loss 3.1705e-01 (2.8962e-01)	Acc pseudo  85.94 ( 88.46)	Lr 1.000e-03 (1.000e-03)
2026-01-14 01:34:33,800 - INFO: Epoch: [2][250/582]	Time  0.028 ( 0.037)	Loss 3.2222e-01 (2.8857e-01)	Acc pseudo  87.50 ( 88.48)	Lr 1.000e-03 (1.000e-03)
2026-01-14 01:34:38,514 - INFO: Epoch: [2][300/582]	Time  0.029 ( 0.036)	Loss 2.4674e-01 (2.8981e-01)	Acc pseudo  84.38 ( 88.49)	Lr 1.000e-03 (1.000e-03)
2026-01-14 01:34:43,228 - INFO: Epoch: [2][350/582]	Time  0.028 ( 0.035)	Loss 3.7087e-01 (2.9050e-01)	Acc pseudo  89.06 ( 88.59)	Lr 1.000e-03 (1.000e-03)
2026-01-14 01:34:48,074 - INFO: Epoch: [2][400/582]	Time  0.029 ( 0.034)	Loss 3.5300e-01 (2.9019e-01)	Acc pseudo  85.94 ( 88.59)	Lr 1.000e-03 (1.000e-03)
2026-01-14 01:34:52,790 - INFO: Epoch: [2][450/582]	Time  0.030 ( 0.034)	Loss 3.6158e-01 (2.9259e-01)	Acc pseudo  85.94 ( 88.43)	Lr 1.000e-03 (1.000e-03)
2026-01-14 01:34:57,509 - INFO: Epoch: [2][500/582]	Time  0.028 ( 0.033)	Loss 3.3663e-01 (2.9647e-01)	Acc pseudo  87.50 ( 88.32)	Lr 1.000e-03 (1.000e-03)
2026-01-14 01:35:02,229 - INFO: Epoch: [2][550/582]	Time  0.028 ( 0.033)	Loss 6.2000e-01 (2.9712e-01)	Acc pseudo  79.69 ( 88.31)	Lr 1.000e-03 (1.000e-03)
2026-01-14 01:35:05,290 - INFO: Round 1, Face Fine-tune Epoch 2: loss=0.2987, acc(pseudo)=88.26%
2026-01-14 01:36:05,805 - INFO: Round 1, Face Fine-tune Epoch 2: acc(valid_pseudo): 0.9781, acc: 0.8569
2026-01-14 01:36:05,805 - INFO: Round 1, Face Fine-tune Epoch 2: No improvement. Patience(epoch): 2/3
2026-01-14 01:36:06,627 - INFO: Epoch: [3][  0/582]	Time  0.787 ( 0.787)	Loss 2.1312e-01 (2.1312e-01)	Acc pseudo  89.06 ( 89.06)	Lr 1.000e-03 (1.000e-03)
2026-01-14 01:36:11,354 - INFO: Epoch: [3][ 50/582]	Time  0.029 ( 0.046)	Loss 2.3241e-01 (3.0396e-01)	Acc pseudo  89.06 ( 88.14)	Lr 1.000e-03 (1.000e-03)
2026-01-14 01:36:16,078 - INFO: Epoch: [3][100/582]	Time  0.028 ( 0.038)	Loss 2.0929e-01 (3.0025e-01)	Acc pseudo  92.19 ( 87.98)	Lr 1.000e-03 (1.000e-03)
2026-01-14 01:36:20,809 - INFO: Epoch: [3][150/582]	Time  0.029 ( 0.035)	Loss 2.8543e-01 (2.9532e-01)	Acc pseudo  85.94 ( 88.16)	Lr 1.000e-03 (1.000e-03)
2026-01-14 01:36:25,572 - INFO: Epoch: [3][200/582]	Time  0.029 ( 0.035)	Loss 2.0856e-01 (2.9053e-01)	Acc pseudo  90.62 ( 88.33)	Lr 1.000e-03 (1.000e-03)
2026-01-14 01:36:30,298 - INFO: Epoch: [3][250/582]	Time  0.028 ( 0.034)	Loss 2.9044e-01 (2.9448e-01)	Acc pseudo  92.19 ( 88.33)	Lr 1.000e-03 (1.000e-03)
2026-01-14 01:36:35,023 - INFO: Epoch: [3][300/582]	Time  0.029 ( 0.033)	Loss 2.3639e-01 (2.9225e-01)	Acc pseudo  89.06 ( 88.27)	Lr 1.000e-03 (1.000e-03)
2026-01-14 01:36:39,749 - INFO: Epoch: [3][350/582]	Time  0.029 ( 0.032)	Loss 1.7877e-01 (2.8851e-01)	Acc pseudo  92.19 ( 88.59)	Lr 1.000e-03 (1.000e-03)
2026-01-14 01:36:44,482 - INFO: Epoch: [3][400/582]	Time  0.038 ( 0.032)	Loss 3.1779e-01 (2.9023e-01)	Acc pseudo  90.62 ( 88.61)	Lr 1.000e-03 (1.000e-03)
2026-01-14 01:36:49,219 - INFO: Epoch: [3][450/582]	Time  0.028 ( 0.032)	Loss 2.3668e-01 (2.9054e-01)	Acc pseudo  87.50 ( 88.58)	Lr 1.000e-03 (1.000e-03)
2026-01-14 01:36:53,952 - INFO: Epoch: [3][500/582]	Time  0.027 ( 0.032)	Loss 2.5129e-01 (2.9150e-01)	Acc pseudo  90.62 ( 88.55)	Lr 1.000e-03 (1.000e-03)
2026-01-14 01:36:58,691 - INFO: Epoch: [3][550/582]	Time  0.039 ( 0.032)	Loss 2.2643e-01 (2.9322e-01)	Acc pseudo  87.50 ( 88.51)	Lr 1.000e-03 (1.000e-03)
2026-01-14 01:37:01,738 - INFO: Round 1, Face Fine-tune Epoch 3: loss=0.2950, acc(pseudo)=88.52%
2026-01-14 01:38:01,101 - INFO: Round 1, Face Fine-tune Epoch 3: acc(valid_pseudo): 0.9807, acc: 0.8549
2026-01-14 01:38:02,235 - INFO: Epoch: [4][  0/582]	Time  0.539 ( 0.539)	Loss 4.9679e-01 (4.9679e-01)	Acc pseudo  81.25 ( 81.25)	Lr 1.000e-03 (1.000e-03)
2026-01-14 01:38:07,167 - INFO: Epoch: [4][ 50/582]	Time  0.029 ( 0.046)	Loss 4.6678e-01 (2.8570e-01)	Acc pseudo  79.69 ( 87.44)	Lr 1.000e-03 (1.000e-03)
2026-01-14 01:38:11,905 - INFO: Epoch: [4][100/582]	Time  0.030 ( 0.038)	Loss 4.4304e-01 (2.7609e-01)	Acc pseudo  87.50 ( 88.63)	Lr 1.000e-03 (1.000e-03)
2026-01-14 01:38:16,642 - INFO: Epoch: [4][150/582]	Time  0.028 ( 0.035)	Loss 1.1197e-01 (2.7216e-01)	Acc pseudo  95.31 ( 88.80)	Lr 1.000e-03 (1.000e-03)
2026-01-14 01:38:21,382 - INFO: Epoch: [4][200/582]	Time  0.029 ( 0.033)	Loss 3.0871e-01 (2.7141e-01)	Acc pseudo  89.06 ( 88.89)	Lr 1.000e-03 (1.000e-03)
2026-01-14 01:38:26,122 - INFO: Epoch: [4][250/582]	Time  0.029 ( 0.032)	Loss 2.9415e-01 (2.7316e-01)	Acc pseudo  87.50 ( 88.87)	Lr 1.000e-03 (1.000e-03)
2026-01-14 01:38:30,865 - INFO: Epoch: [4][300/582]	Time  0.042 ( 0.032)	Loss 4.3675e-01 (2.7311e-01)	Acc pseudo  89.06 ( 88.93)	Lr 1.000e-03 (1.000e-03)
2026-01-14 01:38:35,607 - INFO: Epoch: [4][350/582]	Time  0.028 ( 0.032)	Loss 2.6116e-01 (2.7688e-01)	Acc pseudo  87.50 ( 88.93)	Lr 1.000e-03 (1.000e-03)
2026-01-14 01:38:40,340 - INFO: Epoch: [4][400/582]	Time  0.028 ( 0.031)	Loss 2.3135e-01 (2.7930e-01)	Acc pseudo  89.06 ( 88.93)	Lr 1.000e-03 (1.000e-03)
2026-01-14 01:38:45,072 - INFO: Epoch: [4][450/582]	Time  0.029 ( 0.031)	Loss 4.5977e-01 (2.8084e-01)	Acc pseudo  87.50 ( 88.89)	Lr 1.000e-03 (1.000e-03)
2026-01-14 01:38:49,807 - INFO: Epoch: [4][500/582]	Time  0.028 ( 0.031)	Loss 2.4074e-01 (2.8025e-01)	Acc pseudo  92.19 ( 88.82)	Lr 1.000e-03 (1.000e-03)
2026-01-14 01:38:54,540 - INFO: Epoch: [4][550/582]	Time  0.029 ( 0.030)	Loss 2.0242e-01 (2.8144e-01)	Acc pseudo  85.94 ( 88.71)	Lr 1.000e-03 (1.000e-03)
2026-01-14 01:38:57,574 - INFO: Round 1, Face Fine-tune Epoch 4: loss=0.2814, acc(pseudo)=88.76%
2026-01-14 01:39:56,176 - INFO: Round 1, Face Fine-tune Epoch 4: acc(valid_pseudo): 0.9793, acc: 0.8598
2026-01-14 01:39:56,177 - INFO: Round 1, Face Fine-tune Epoch 4: No improvement. Patience(epoch): 1/3
2026-01-14 01:39:56,728 - INFO: Epoch: [5][  0/582]	Time  0.503 ( 0.503)	Loss 1.7158e-01 (1.7158e-01)	Acc pseudo  90.62 ( 90.62)	Lr 1.000e-03 (1.000e-03)
2026-01-14 01:40:01,445 - INFO: Epoch: [5][ 50/582]	Time  0.030 ( 0.040)	Loss 2.1519e-01 (2.4952e-01)	Acc pseudo  90.62 ( 89.58)	Lr 1.000e-03 (1.000e-03)
2026-01-14 01:40:06,163 - INFO: Epoch: [5][100/582]	Time  0.031 ( 0.036)	Loss 2.0760e-01 (2.5781e-01)	Acc pseudo  90.62 ( 89.14)	Lr 1.000e-03 (1.000e-03)
2026-01-14 01:40:10,891 - INFO: Epoch: [5][150/582]	Time  0.029 ( 0.035)	Loss 2.7141e-01 (2.6479e-01)	Acc pseudo  90.62 ( 89.12)	Lr 1.000e-03 (1.000e-03)
2026-01-14 01:40:15,613 - INFO: Epoch: [5][200/582]	Time  0.029 ( 0.034)	Loss 2.4862e-01 (2.6062e-01)	Acc pseudo  90.62 ( 89.45)	Lr 1.000e-03 (1.000e-03)
2026-01-14 01:40:20,333 - INFO: Epoch: [5][250/582]	Time  0.028 ( 0.033)	Loss 2.8425e-01 (2.6312e-01)	Acc pseudo  85.94 ( 89.39)	Lr 1.000e-03 (1.000e-03)
2026-01-14 01:40:25,054 - INFO: Epoch: [5][300/582]	Time  0.029 ( 0.033)	Loss 2.5823e-01 (2.5822e-01)	Acc pseudo  87.50 ( 89.45)	Lr 1.000e-03 (1.000e-03)
2026-01-14 01:40:29,773 - INFO: Epoch: [5][350/582]	Time  0.042 ( 0.032)	Loss 2.1749e-01 (2.6145e-01)	Acc pseudo  92.19 ( 89.51)	Lr 1.000e-03 (1.000e-03)
2026-01-14 01:40:34,492 - INFO: Epoch: [5][400/582]	Time  0.029 ( 0.032)	Loss 2.4978e-01 (2.6388e-01)	Acc pseudo  93.75 ( 89.39)	Lr 1.000e-03 (1.000e-03)
2026-01-14 01:40:39,213 - INFO: Epoch: [5][450/582]	Time  0.029 ( 0.032)	Loss 1.3951e-01 (2.6568e-01)	Acc pseudo  92.19 ( 89.26)	Lr 1.000e-03 (1.000e-03)
2026-01-14 01:40:43,927 - INFO: Epoch: [5][500/582]	Time  0.029 ( 0.031)	Loss 4.1069e-01 (2.6855e-01)	Acc pseudo  85.94 ( 89.15)	Lr 1.000e-03 (1.000e-03)
2026-01-14 01:40:48,645 - INFO: Epoch: [5][550/582]	Time  0.028 ( 0.031)	Loss 2.3591e-01 (2.6638e-01)	Acc pseudo  89.06 ( 89.21)	Lr 1.000e-03 (1.000e-03)
2026-01-14 01:40:51,701 - INFO: Round 1, Face Fine-tune Epoch 5: loss=0.2677, acc(pseudo)=89.17%
2026-01-14 01:41:50,548 - INFO: Round 1, Face Fine-tune Epoch 5: acc(valid_pseudo): 0.9833, acc: 0.8637
2026-01-14 01:41:51,677 - INFO: Epoch: [6][  0/582]	Time  0.531 ( 0.531)	Loss 7.5339e-02 (7.5339e-02)	Acc pseudo  96.88 ( 96.88)	Lr 1.000e-03 (1.000e-03)
2026-01-14 01:41:56,401 - INFO: Epoch: [6][ 50/582]	Time  0.031 ( 0.041)	Loss 3.0121e-01 (2.4277e-01)	Acc pseudo  92.19 ( 90.26)	Lr 1.000e-03 (1.000e-03)
2026-01-14 01:42:01,123 - INFO: Epoch: [6][100/582]	Time  0.029 ( 0.035)	Loss 2.3820e-01 (2.4090e-01)	Acc pseudo  90.62 ( 90.21)	Lr 1.000e-03 (1.000e-03)
2026-01-14 01:42:05,844 - INFO: Epoch: [6][150/582]	Time  0.028 ( 0.032)	Loss 2.8888e-01 (2.4246e-01)	Acc pseudo  87.50 ( 90.16)	Lr 1.000e-03 (1.000e-03)
2026-01-14 01:42:10,564 - INFO: Epoch: [6][200/582]	Time  0.028 ( 0.031)	Loss 2.7985e-01 (2.4147e-01)	Acc pseudo  87.50 ( 90.19)	Lr 1.000e-03 (1.000e-03)
2026-01-14 01:42:15,294 - INFO: Epoch: [6][250/582]	Time  0.028 ( 0.033)	Loss 2.2141e-01 (2.4360e-01)	Acc pseudo  92.19 ( 90.16)	Lr 1.000e-03 (1.000e-03)
2026-01-14 01:42:20,023 - INFO: Epoch: [6][300/582]	Time  0.032 ( 0.032)	Loss 2.4262e-01 (2.4442e-01)	Acc pseudo  84.38 ( 90.03)	Lr 1.000e-03 (1.000e-03)
2026-01-14 01:42:24,751 - INFO: Epoch: [6][350/582]	Time  0.040 ( 0.033)	Loss 3.1194e-01 (2.4641e-01)	Acc pseudo  87.50 ( 89.98)	Lr 1.000e-03 (1.000e-03)
2026-01-14 01:42:29,480 - INFO: Epoch: [6][400/582]	Time  0.032 ( 0.033)	Loss 2.7064e-01 (2.4377e-01)	Acc pseudo  89.06 ( 90.07)	Lr 1.000e-03 (1.000e-03)
2026-01-14 01:42:34,211 - INFO: Epoch: [6][450/582]	Time  0.028 ( 0.033)	Loss 2.6388e-01 (2.4753e-01)	Acc pseudo  84.38 ( 89.94)	Lr 1.000e-03 (1.000e-03)
2026-01-14 01:42:38,938 - INFO: Epoch: [6][500/582]	Time  0.028 ( 0.033)	Loss 2.0607e-01 (2.4795e-01)	Acc pseudo  90.62 ( 89.90)	Lr 1.000e-03 (1.000e-03)
2026-01-14 01:42:43,670 - INFO: Epoch: [6][550/582]	Time  0.028 ( 0.032)	Loss 3.4487e-01 (2.4963e-01)	Acc pseudo  84.38 ( 89.75)	Lr 1.000e-03 (1.000e-03)
2026-01-14 01:42:46,693 - INFO: Round 1, Face Fine-tune Epoch 6: loss=0.2514, acc(pseudo)=89.71%
2026-01-14 01:43:47,632 - INFO: Round 1, Face Fine-tune Epoch 6: acc(valid_pseudo): 0.9827, acc: 0.8617
2026-01-14 01:43:47,632 - INFO: Round 1, Face Fine-tune Epoch 6: No improvement. Patience(epoch): 1/3
2026-01-14 01:43:48,309 - INFO: Epoch: [7][  0/582]	Time  0.624 ( 0.624)	Loss 3.5404e-01 (3.5404e-01)	Acc pseudo  84.38 ( 84.38)	Lr 1.000e-03 (1.000e-03)
2026-01-14 01:43:53,037 - INFO: Epoch: [7][ 50/582]	Time  0.027 ( 0.048)	Loss 1.5198e-01 (2.2679e-01)	Acc pseudo  92.19 ( 90.53)	Lr 1.000e-03 (1.000e-03)
2026-01-14 01:43:57,771 - INFO: Epoch: [7][100/582]	Time  0.049 ( 0.043)	Loss 1.6880e-01 (2.3479e-01)	Acc pseudo  90.62 ( 90.11)	Lr 1.000e-03 (1.000e-03)
2026-01-14 01:44:02,509 - INFO: Epoch: [7][150/582]	Time  0.044 ( 0.042)	Loss 2.3019e-01 (2.3590e-01)	Acc pseudo  90.62 ( 90.08)	Lr 1.000e-03 (1.000e-03)
2026-01-14 01:44:07,244 - INFO: Epoch: [7][200/582]	Time  0.031 ( 0.039)	Loss 4.5566e-02 (2.3951e-01)	Acc pseudo 100.00 ( 90.14)	Lr 1.000e-03 (1.000e-03)
2026-01-14 01:44:11,988 - INFO: Epoch: [7][250/582]	Time  0.027 ( 0.038)	Loss 1.9687e-01 (2.4075e-01)	Acc pseudo  95.31 ( 90.21)	Lr 1.000e-03 (1.000e-03)
2026-01-14 01:44:16,723 - INFO: Epoch: [7][300/582]	Time  0.028 ( 0.037)	Loss 2.9738e-01 (2.4098e-01)	Acc pseudo  89.06 ( 90.17)	Lr 1.000e-03 (1.000e-03)
2026-01-14 01:44:21,459 - INFO: Epoch: [7][350/582]	Time  0.029 ( 0.036)	Loss 3.1335e-01 (2.4056e-01)	Acc pseudo  79.69 ( 90.10)	Lr 1.000e-03 (1.000e-03)
2026-01-14 01:44:26,194 - INFO: Epoch: [7][400/582]	Time  0.027 ( 0.035)	Loss 3.1040e-01 (2.4441e-01)	Acc pseudo  89.06 ( 89.92)	Lr 1.000e-03 (1.000e-03)
2026-01-14 01:44:30,979 - INFO: Epoch: [7][450/582]	Time  0.028 ( 0.034)	Loss 2.5354e-01 (2.4730e-01)	Acc pseudo  90.62 ( 89.84)	Lr 1.000e-03 (1.000e-03)
2026-01-14 01:44:35,715 - INFO: Epoch: [7][500/582]	Time  0.028 ( 0.034)	Loss 3.7767e-01 (2.4827e-01)	Acc pseudo  85.94 ( 89.85)	Lr 1.000e-03 (1.000e-03)
2026-01-14 01:44:40,456 - INFO: Epoch: [7][550/582]	Time  0.042 ( 0.034)	Loss 3.6748e-01 (2.5255e-01)	Acc pseudo  85.94 ( 89.77)	Lr 1.000e-03 (1.000e-03)
2026-01-14 01:44:43,495 - INFO: Round 1, Face Fine-tune Epoch 7: loss=0.2534, acc(pseudo)=89.73%
2026-01-14 01:45:42,208 - INFO: Round 1, Face Fine-tune Epoch 7: acc(valid_pseudo): 0.9831, acc: 0.8627
2026-01-14 01:45:42,208 - INFO: Round 1, Face Fine-tune Epoch 7: No improvement. Patience(epoch): 2/3
2026-01-14 01:45:42,764 - INFO: Epoch: [8][  0/582]	Time  0.511 ( 0.511)	Loss 2.1796e-01 (2.1796e-01)	Acc pseudo  90.62 ( 90.62)	Lr 1.000e-03 (1.000e-03)
2026-01-14 01:45:47,496 - INFO: Epoch: [8][ 50/582]	Time  0.029 ( 0.040)	Loss 2.7265e-01 (2.4627e-01)	Acc pseudo  89.06 ( 90.17)	Lr 1.000e-03 (1.000e-03)
2026-01-14 01:45:52,234 - INFO: Epoch: [8][100/582]	Time  0.030 ( 0.035)	Loss 2.5189e-01 (2.3781e-01)	Acc pseudo  87.50 ( 90.39)	Lr 1.000e-03 (1.000e-03)
2026-01-14 01:45:56,965 - INFO: Epoch: [8][150/582]	Time  0.029 ( 0.032)	Loss 2.4916e-01 (2.4071e-01)	Acc pseudo  84.38 ( 90.22)	Lr 1.000e-03 (1.000e-03)
2026-01-14 01:46:01,697 - INFO: Epoch: [8][200/582]	Time  0.027 ( 0.031)	Loss 2.4545e-01 (2.4657e-01)	Acc pseudo  90.62 ( 90.11)	Lr 1.000e-03 (1.000e-03)
2026-01-14 01:46:06,431 - INFO: Epoch: [8][250/582]	Time  0.028 ( 0.031)	Loss 2.2414e-01 (2.4344e-01)	Acc pseudo  84.38 ( 90.03)	Lr 1.000e-03 (1.000e-03)
2026-01-14 01:46:11,166 - INFO: Epoch: [8][300/582]	Time  0.028 ( 0.030)	Loss 3.1642e-01 (2.4851e-01)	Acc pseudo  87.50 ( 90.00)	Lr 1.000e-03 (1.000e-03)
2026-01-14 01:46:15,904 - INFO: Epoch: [8][350/582]	Time  0.028 ( 0.030)	Loss 1.4324e-01 (2.5037e-01)	Acc pseudo  93.75 ( 89.97)	Lr 1.000e-03 (1.000e-03)
2026-01-14 01:46:20,642 - INFO: Epoch: [8][400/582]	Time  0.028 ( 0.030)	Loss 2.1030e-01 (2.5263e-01)	Acc pseudo  90.62 ( 89.90)	Lr 1.000e-03 (1.000e-03)
2026-01-14 01:46:25,381 - INFO: Epoch: [8][450/582]	Time  0.033 ( 0.030)	Loss 1.3584e-01 (2.5300e-01)	Acc pseudo  95.31 ( 89.86)	Lr 1.000e-03 (1.000e-03)
2026-01-14 01:46:30,118 - INFO: Epoch: [8][500/582]	Time  0.032 ( 0.030)	Loss 1.6195e-01 (2.5308e-01)	Acc pseudo  92.19 ( 89.83)	Lr 1.000e-03 (1.000e-03)
2026-01-14 01:46:34,863 - INFO: Epoch: [8][550/582]	Time  0.028 ( 0.029)	Loss 1.6881e-01 (2.5265e-01)	Acc pseudo  90.62 ( 89.79)	Lr 1.000e-03 (1.000e-03)
2026-01-14 01:46:37,895 - INFO: Round 1, Face Fine-tune Epoch 8: loss=0.2536, acc(pseudo)=89.70%
2026-01-14 01:47:37,866 - INFO: Round 1, Face Fine-tune Epoch 8: acc(valid_pseudo): 0.9846, acc: 0.8656
2026-01-14 01:47:38,972 - INFO: Epoch: [9][  0/582]	Time  0.511 ( 0.511)	Loss 2.2926e-01 (2.2926e-01)	Acc pseudo  93.75 ( 93.75)	Lr 1.000e-03 (1.000e-03)
2026-01-14 01:47:43,689 - INFO: Epoch: [9][ 50/582]	Time  0.028 ( 0.039)	Loss 2.0275e-01 (2.2247e-01)	Acc pseudo  92.19 ( 90.90)	Lr 1.000e-03 (1.000e-03)
2026-01-14 01:47:48,407 - INFO: Epoch: [9][100/582]	Time  0.027 ( 0.034)	Loss 1.0376e-01 (2.2362e-01)	Acc pseudo  95.31 ( 90.83)	Lr 1.000e-03 (1.000e-03)
2026-01-14 01:47:53,128 - INFO: Epoch: [9][150/582]	Time  0.027 ( 0.032)	Loss 2.5194e-01 (2.2877e-01)	Acc pseudo  84.38 ( 90.41)	Lr 1.000e-03 (1.000e-03)
2026-01-14 01:47:57,847 - INFO: Epoch: [9][200/582]	Time  0.027 ( 0.031)	Loss 3.3197e-01 (2.3379e-01)	Acc pseudo  85.94 ( 90.08)	Lr 1.000e-03 (1.000e-03)
2026-01-14 01:48:02,566 - INFO: Epoch: [9][250/582]	Time  0.027 ( 0.030)	Loss 1.1993e-01 (2.3289e-01)	Acc pseudo  89.06 ( 90.13)	Lr 1.000e-03 (1.000e-03)
2026-01-14 01:48:07,338 - INFO: Epoch: [9][300/582]	Time  0.031 ( 0.030)	Loss 3.1736e-01 (2.2897e-01)	Acc pseudo  90.62 ( 90.34)	Lr 1.000e-03 (1.000e-03)
2026-01-14 01:48:12,059 - INFO: Epoch: [9][350/582]	Time  0.028 ( 0.030)	Loss 2.5193e-01 (2.3551e-01)	Acc pseudo  89.06 ( 90.15)	Lr 1.000e-03 (1.000e-03)
2026-01-14 01:48:16,798 - INFO: Epoch: [9][400/582]	Time  0.035 ( 0.031)	Loss 2.5986e-01 (2.3872e-01)	Acc pseudo  89.06 ( 90.06)	Lr 1.000e-03 (1.000e-03)
2026-01-14 01:48:21,530 - INFO: Epoch: [9][450/582]	Time  0.041 ( 0.032)	Loss 1.2453e-01 (2.4050e-01)	Acc pseudo  96.88 ( 90.00)	Lr 1.000e-03 (1.000e-03)
2026-01-14 01:48:26,263 - INFO: Epoch: [9][500/582]	Time  0.033 ( 0.033)	Loss 2.4396e-01 (2.4367e-01)	Acc pseudo  84.38 ( 89.84)	Lr 1.000e-03 (1.000e-03)
2026-01-14 01:48:30,996 - INFO: Epoch: [9][550/582]	Time  0.028 ( 0.033)	Loss 1.6227e-01 (2.4474e-01)	Acc pseudo  90.62 ( 89.85)	Lr 1.000e-03 (1.000e-03)
2026-01-14 01:48:34,020 - INFO: Round 1, Face Fine-tune Epoch 9: loss=0.2451, acc(pseudo)=89.84%
2026-01-14 01:49:33,794 - INFO: Round 1, Face Fine-tune Epoch 9: acc(valid_pseudo): 0.9831, acc: 0.8647
2026-01-14 01:49:33,794 - INFO: Round 1, Face Fine-tune Epoch 9: No improvement. Patience(epoch): 1/3
2026-01-14 01:49:34,343 - INFO: Epoch: [10][  0/582]	Time  0.498 ( 0.498)	Loss 1.0734e-01 (1.0734e-01)	Acc pseudo  96.88 ( 96.88)	Lr 1.000e-03 (1.000e-03)
2026-01-14 01:49:39,073 - INFO: Epoch: [10][ 50/582]	Time  0.028 ( 0.043)	Loss 2.5157e-01 (2.1803e-01)	Acc pseudo  82.81 ( 90.62)	Lr 1.000e-03 (1.000e-03)
2026-01-14 01:49:43,806 - INFO: Epoch: [10][100/582]	Time  0.047 ( 0.039)	Loss 2.2548e-01 (2.1836e-01)	Acc pseudo  92.19 ( 90.80)	Lr 1.000e-03 (1.000e-03)
2026-01-14 01:49:48,543 - INFO: Epoch: [10][150/582]	Time  0.029 ( 0.038)	Loss 2.1978e-01 (2.2102e-01)	Acc pseudo  90.62 ( 90.74)	Lr 1.000e-03 (1.000e-03)
2026-01-14 01:49:53,275 - INFO: Epoch: [10][200/582]	Time  0.036 ( 0.036)	Loss 2.3173e-01 (2.3109e-01)	Acc pseudo  93.75 ( 90.38)	Lr 1.000e-03 (1.000e-03)
2026-01-14 01:49:58,007 - INFO: Epoch: [10][250/582]	Time  0.028 ( 0.035)	Loss 1.5446e-01 (2.3341e-01)	Acc pseudo  95.31 ( 90.42)	Lr 1.000e-03 (1.000e-03)
2026-01-14 01:50:02,746 - INFO: Epoch: [10][300/582]	Time  0.037 ( 0.034)	Loss 2.2687e-01 (2.3237e-01)	Acc pseudo  90.62 ( 90.39)	Lr 1.000e-03 (1.000e-03)
2026-01-14 01:50:07,485 - INFO: Epoch: [10][350/582]	Time  0.028 ( 0.034)	Loss 3.0755e-01 (2.3348e-01)	Acc pseudo  84.38 ( 90.33)	Lr 1.000e-03 (1.000e-03)
2026-01-14 01:50:12,263 - INFO: Epoch: [10][400/582]	Time  0.030 ( 0.034)	Loss 1.7370e-01 (2.3298e-01)	Acc pseudo  92.19 ( 90.35)	Lr 1.000e-03 (1.000e-03)
2026-01-14 01:50:17,014 - INFO: Epoch: [10][450/582]	Time  0.028 ( 0.033)	Loss 2.3518e-01 (2.3349e-01)	Acc pseudo  87.50 ( 90.33)	Lr 1.000e-03 (1.000e-03)
2026-01-14 01:50:21,746 - INFO: Epoch: [10][500/582]	Time  0.028 ( 0.033)	Loss 4.2001e-01 (2.3581e-01)	Acc pseudo  79.69 ( 90.29)	Lr 1.000e-03 (1.000e-03)
2026-01-14 01:50:26,482 - INFO: Epoch: [10][550/582]	Time  0.028 ( 0.032)	Loss 1.8396e-01 (2.3654e-01)	Acc pseudo  90.62 ( 90.28)	Lr 1.000e-03 (1.000e-03)
2026-01-14 01:50:29,503 - INFO: Round 1, Face Fine-tune Epoch 10: loss=0.2375, acc(pseudo)=90.22%
2026-01-14 01:51:29,018 - INFO: Round 1, Face Fine-tune Epoch 10: acc(valid_pseudo): 0.9866, acc: 0.8627
2026-01-14 01:51:29,889 - INFO: Epoch: [11][  0/582]	Time  0.512 ( 0.512)	Loss 1.5624e-01 (1.5624e-01)	Acc pseudo  92.19 ( 92.19)	Lr 1.000e-03 (1.000e-03)
2026-01-14 01:51:34,627 - INFO: Epoch: [11][ 50/582]	Time  0.030 ( 0.042)	Loss 2.8777e-01 (2.2473e-01)	Acc pseudo  82.81 ( 90.41)	Lr 1.000e-03 (1.000e-03)
2026-01-14 01:51:39,362 - INFO: Epoch: [11][100/582]	Time  0.027 ( 0.036)	Loss 1.8467e-01 (2.0980e-01)	Acc pseudo  89.06 ( 90.75)	Lr 1.000e-03 (1.000e-03)
2026-01-14 01:51:44,180 - INFO: Epoch: [11][150/582]	Time  0.029 ( 0.034)	Loss 2.2196e-01 (2.1432e-01)	Acc pseudo  93.75 ( 90.87)	Lr 1.000e-03 (1.000e-03)
2026-01-14 01:51:48,912 - INFO: Epoch: [11][200/582]	Time  0.027 ( 0.033)	Loss 2.1668e-01 (2.1773e-01)	Acc pseudo  93.75 ( 90.84)	Lr 1.000e-03 (1.000e-03)
2026-01-14 01:51:53,646 - INFO: Epoch: [11][250/582]	Time  0.027 ( 0.032)	Loss 2.9255e-01 (2.2394e-01)	Acc pseudo  89.06 ( 90.76)	Lr 1.000e-03 (1.000e-03)
2026-01-14 01:51:58,384 - INFO: Epoch: [11][300/582]	Time  0.027 ( 0.031)	Loss 1.8495e-01 (2.2335e-01)	Acc pseudo  90.62 ( 90.74)	Lr 1.000e-03 (1.000e-03)
2026-01-14 01:52:03,123 - INFO: Epoch: [11][350/582]	Time  0.029 ( 0.031)	Loss 1.4702e-01 (2.2689e-01)	Acc pseudo  90.62 ( 90.59)	Lr 1.000e-03 (1.000e-03)
2026-01-14 01:52:07,862 - INFO: Epoch: [11][400/582]	Time  0.027 ( 0.030)	Loss 3.1222e-01 (2.2639e-01)	Acc pseudo  87.50 ( 90.63)	Lr 1.000e-03 (1.000e-03)
2026-01-14 01:52:12,606 - INFO: Epoch: [11][450/582]	Time  0.040 ( 0.031)	Loss 2.1279e-01 (2.2514e-01)	Acc pseudo  87.50 ( 90.64)	Lr 1.000e-03 (1.000e-03)
2026-01-14 01:52:17,339 - INFO: Epoch: [11][500/582]	Time  0.029 ( 0.031)	Loss 2.0927e-01 (2.2446e-01)	Acc pseudo  96.88 ( 90.63)	Lr 1.000e-03 (1.000e-03)
2026-01-14 01:52:22,071 - INFO: Epoch: [11][550/582]	Time  0.029 ( 0.031)	Loss 3.2857e-01 (2.2503e-01)	Acc pseudo  90.62 ( 90.61)	Lr 1.000e-03 (1.000e-03)
2026-01-14 01:52:25,100 - INFO: Round 1, Face Fine-tune Epoch 11: loss=0.2265, acc(pseudo)=90.59%
2026-01-14 01:53:24,992 - INFO: Round 1, Face Fine-tune Epoch 11: acc(valid_pseudo): 0.9851, acc: 0.8676
2026-01-14 01:53:24,992 - INFO: Round 1, Face Fine-tune Epoch 11: No improvement. Patience(epoch): 1/3
2026-01-14 01:53:25,544 - INFO: Epoch: [12][  0/582]	Time  0.502 ( 0.502)	Loss 1.7086e-01 (1.7086e-01)	Acc pseudo  93.75 ( 93.75)	Lr 1.000e-03 (1.000e-03)
2026-01-14 01:53:30,260 - INFO: Epoch: [12][ 50/582]	Time  0.029 ( 0.042)	Loss 3.4373e-01 (2.3275e-01)	Acc pseudo  84.38 ( 90.35)	Lr 1.000e-03 (1.000e-03)
2026-01-14 01:53:34,983 - INFO: Epoch: [12][100/582]	Time  0.037 ( 0.038)	Loss 1.2827e-01 (2.2624e-01)	Acc pseudo  93.75 ( 90.36)	Lr 1.000e-03 (1.000e-03)
2026-01-14 01:53:39,708 - INFO: Epoch: [12][150/582]	Time  0.027 ( 0.037)	Loss 1.4649e-01 (2.2828e-01)	Acc pseudo  93.75 ( 90.64)	Lr 1.000e-03 (1.000e-03)
2026-01-14 01:53:44,435 - INFO: Epoch: [12][200/582]	Time  0.040 ( 0.037)	Loss 1.8668e-01 (2.2591e-01)	Acc pseudo  89.06 ( 90.70)	Lr 1.000e-03 (1.000e-03)
2026-01-14 01:53:49,158 - INFO: Epoch: [12][250/582]	Time  0.029 ( 0.036)	Loss 1.1989e-01 (2.2759e-01)	Acc pseudo  93.75 ( 90.48)	Lr 1.000e-03 (1.000e-03)
2026-01-14 01:53:53,879 - INFO: Epoch: [12][300/582]	Time  0.027 ( 0.035)	Loss 2.1425e-01 (2.2850e-01)	Acc pseudo  90.62 ( 90.41)	Lr 1.000e-03 (1.000e-03)
2026-01-14 01:53:58,602 - INFO: Epoch: [12][350/582]	Time  0.028 ( 0.034)	Loss 2.2267e-01 (2.3156e-01)	Acc pseudo  89.06 ( 90.24)	Lr 1.000e-03 (1.000e-03)
2026-01-14 01:54:03,328 - INFO: Epoch: [12][400/582]	Time  0.030 ( 0.033)	Loss 3.9780e-01 (2.3140e-01)	Acc pseudo  85.94 ( 90.24)	Lr 1.000e-03 (1.000e-03)
2026-01-14 01:54:08,049 - INFO: Epoch: [12][450/582]	Time  0.029 ( 0.033)	Loss 2.0622e-01 (2.3364e-01)	Acc pseudo  93.75 ( 90.19)	Lr 1.000e-03 (1.000e-03)
2026-01-14 01:54:12,772 - INFO: Epoch: [12][500/582]	Time  0.028 ( 0.032)	Loss 3.0891e-01 (2.3717e-01)	Acc pseudo  89.06 ( 90.13)	Lr 1.000e-03 (1.000e-03)
2026-01-14 01:54:17,498 - INFO: Epoch: [12][550/582]	Time  0.028 ( 0.032)	Loss 1.5131e-01 (2.3956e-01)	Acc pseudo  95.31 ( 90.12)	Lr 1.000e-03 (1.000e-03)
2026-01-14 01:54:20,530 - INFO: Round 1, Face Fine-tune Epoch 12: loss=0.2404, acc(pseudo)=90.06%
2026-01-14 01:55:20,081 - INFO: Round 1, Face Fine-tune Epoch 12: acc(valid_pseudo): 0.9864, acc: 0.8666
2026-01-14 01:55:20,082 - INFO: Round 1, Face Fine-tune Epoch 12: No improvement. Patience(epoch): 2/3
2026-01-14 01:55:20,829 - INFO: Epoch: [13][  0/582]	Time  0.694 ( 0.694)	Loss 1.3594e-01 (1.3594e-01)	Acc pseudo  92.19 ( 92.19)	Lr 1.000e-03 (1.000e-03)
2026-01-14 01:55:25,560 - INFO: Epoch: [13][ 50/582]	Time  0.030 ( 0.044)	Loss 1.5324e-01 (2.2089e-01)	Acc pseudo  93.75 ( 90.59)	Lr 1.000e-03 (1.000e-03)
2026-01-14 01:55:30,286 - INFO: Epoch: [13][100/582]	Time  0.029 ( 0.037)	Loss 2.0150e-01 (2.3168e-01)	Acc pseudo  89.06 ( 90.41)	Lr 1.000e-03 (1.000e-03)
2026-01-14 01:55:35,014 - INFO: Epoch: [13][150/582]	Time  0.028 ( 0.035)	Loss 4.0444e-01 (2.2967e-01)	Acc pseudo  87.50 ( 90.58)	Lr 1.000e-03 (1.000e-03)
2026-01-14 01:55:39,750 - INFO: Epoch: [13][200/582]	Time  0.030 ( 0.033)	Loss 2.4809e-01 (2.3571e-01)	Acc pseudo  87.50 ( 90.34)	Lr 1.000e-03 (1.000e-03)
2026-01-14 01:55:44,550 - INFO: Epoch: [13][250/582]	Time  0.028 ( 0.034)	Loss 2.8246e-01 (2.3745e-01)	Acc pseudo  89.06 ( 90.21)	Lr 1.000e-03 (1.000e-03)
2026-01-14 01:55:49,285 - INFO: Epoch: [13][300/582]	Time  0.049 ( 0.034)	Loss 1.3996e-01 (2.3671e-01)	Acc pseudo  93.75 ( 90.29)	Lr 1.000e-03 (1.000e-03)
2026-01-14 01:55:54,019 - INFO: Epoch: [13][350/582]	Time  0.028 ( 0.034)	Loss 4.0226e-01 (2.3985e-01)	Acc pseudo  84.38 ( 90.22)	Lr 1.000e-03 (1.000e-03)
2026-01-14 01:55:58,752 - INFO: Epoch: [13][400/582]	Time  0.027 ( 0.033)	Loss 2.8447e-01 (2.3826e-01)	Acc pseudo  87.50 ( 90.20)	Lr 1.000e-03 (1.000e-03)
2026-01-14 01:56:03,486 - INFO: Epoch: [13][450/582]	Time  0.028 ( 0.033)	Loss 1.9616e-01 (2.3403e-01)	Acc pseudo  85.94 ( 90.34)	Lr 1.000e-03 (1.000e-03)
2026-01-14 01:56:08,221 - INFO: Epoch: [13][500/582]	Time  0.028 ( 0.032)	Loss 2.2392e-01 (2.3490e-01)	Acc pseudo  90.62 ( 90.29)	Lr 1.000e-03 (1.000e-03)
2026-01-14 01:56:12,961 - INFO: Epoch: [13][550/582]	Time  0.049 ( 0.032)	Loss 3.0579e-01 (2.3520e-01)	Acc pseudo  85.94 ( 90.27)	Lr 1.000e-03 (1.000e-03)
2026-01-14 01:56:15,996 - INFO: Round 1, Face Fine-tune Epoch 13: loss=0.2371, acc(pseudo)=90.23%
2026-01-14 01:57:18,463 - INFO: Round 1, Face Fine-tune Epoch 13: acc(valid_pseudo): 0.9850, acc: 0.8676
2026-01-14 01:57:18,463 - INFO: Round 1, Face Fine-tune Epoch 13: No improvement. Patience(epoch): 3/3
2026-01-14 01:57:18,463 - INFO: Early stopping at face epoch 13
2026-01-14 01:57:18,464 - INFO: Round 1: Best face fine-tuned epoch=10, acc(valid_pseudo)=0.9866
2026-01-14 01:57:18,585 - INFO: Using HMM model from previous round: runs/I love my family/exp_video/result/self_supervised/exp2/round0/pseudo_label/hmm_params.pkl
2026-01-14 03:22:17,570 - INFO: Round 1: speaker_acc=0.8780
2026-01-14 03:22:17,578 - INFO: Round 1: face_acc=0.8676
2026-01-14 03:22:17,582 - INFO: ====================
2026-01-14 03:22:17,583 - INFO: Round 2: Fine-tuning iteration
2026-01-14 03:22:17,583 - INFO: ====================
2026-01-14 03:22:17,636 - INFO: Round 2 Part 1: Fine-tuning embedding model
2026-01-14 03:22:17,639 - INFO: Using pseudo-label file: runs/I love my family/exp_video/result/self_supervised/exp2/round1/pseudo_label/pseudo_labels_audio_nested_hmm_full(unreliable_pp=100.0).json
2026-01-14 03:22:17,780 - INFO: For training, Using face pseudo-label file: runs/I love my family/exp_video/result/self_supervised/exp2/round1/pseudo_label/pseudo_labels_faces_mid_frame_train_nested_hmm_full.json
2026-01-14 03:22:17,780 - INFO: For infering, Using face pseudo-label file: runs/I love my family/exp_video/result/self_supervised/exp2/round1/pseudo_label/pseudo_labels_faces_mid_frame_all_nested_hmm_full.json
2026-01-14 03:22:18,020 - INFO: Created face dataloader with 37219 samples
2026-01-14 03:22:18,036 - INFO: Fine-tuning speaker embedding model for 20 epochs...
2026-01-14 03:22:19,157 - INFO: Epoch: [0][  0/301]	Time  1.076 ( 1.076)	Loss 6.0794e-01 (6.0794e-01)	Acc pseudo  84.38 ( 84.38)	Lr 1.000e-03 (1.000e-03)
2026-01-14 03:22:19,349 - INFO: Epoch: [0][ 50/301]	Time  0.003 ( 0.025)	Loss 5.5546e-01 (6.0405e-01)	Acc pseudo  78.12 ( 82.81)	Lr 1.000e-03 (1.000e-03)
2026-01-14 03:22:19,515 - INFO: Epoch: [0][100/301]	Time  0.003 ( 0.014)	Loss 6.2088e-01 (5.9260e-01)	Acc pseudo  79.69 ( 82.56)	Lr 1.000e-03 (1.000e-03)
2026-01-14 03:22:19,682 - INFO: Epoch: [0][150/301]	Time  0.003 ( 0.011)	Loss 5.1852e-01 (6.0037e-01)	Acc pseudo  85.94 ( 82.52)	Lr 1.000e-03 (1.000e-03)
2026-01-14 03:22:19,868 - INFO: Epoch: [0][200/301]	Time  0.004 ( 0.009)	Loss 4.3928e-01 (6.0519e-01)	Acc pseudo  84.38 ( 82.63)	Lr 1.000e-03 (1.000e-03)
2026-01-14 03:22:20,031 - INFO: Epoch: [0][250/301]	Time  0.003 ( 0.008)	Loss 5.5462e-01 (6.1017e-01)	Acc pseudo  79.69 ( 82.40)	Lr 1.000e-03 (1.000e-03)
2026-01-14 03:22:20,173 - INFO: Epoch: [0][300/301]	Time  0.002 ( 0.007)	Loss 6.1665e-01 (6.0485e-01)	Acc pseudo  88.00 ( 82.57)	Lr 1.000e-03 (1.000e-03)
2026-01-14 03:22:20,244 - INFO: Round 2, Fine-tune Epoch 0: loss=0.6049, acc(pseudo)=82.57%
2026-01-14 03:22:27,455 - INFO: Round 2, Fine-tune Epoch 0: acc(valid_pseudo): 0.9703, acc: 0.8480
2026-01-14 03:22:28,105 - INFO: Epoch: [1][  0/301]	Time  0.248 ( 0.248)	Loss 8.8879e-01 (8.8879e-01)	Acc pseudo  78.12 ( 78.12)	Lr 1.000e-03 (1.000e-03)
2026-01-14 03:22:28,316 - INFO: Epoch: [1][ 50/301]	Time  0.003 ( 0.009)	Loss 4.0650e-01 (5.1544e-01)	Acc pseudo  89.06 ( 84.07)	Lr 1.000e-03 (1.000e-03)
2026-01-14 03:22:28,477 - INFO: Epoch: [1][100/301]	Time  0.003 ( 0.006)	Loss 5.1387e-01 (5.2076e-01)	Acc pseudo  82.81 ( 84.33)	Lr 1.000e-03 (1.000e-03)
2026-01-14 03:22:28,635 - INFO: Epoch: [1][150/301]	Time  0.003 ( 0.005)	Loss 5.1026e-01 (5.2183e-01)	Acc pseudo  87.50 ( 84.27)	Lr 1.000e-03 (1.000e-03)
2026-01-14 03:22:28,795 - INFO: Epoch: [1][200/301]	Time  0.003 ( 0.005)	Loss 5.1684e-01 (5.2869e-01)	Acc pseudo  89.06 ( 84.19)	Lr 1.000e-03 (1.000e-03)
2026-01-14 03:22:28,965 - INFO: Epoch: [1][250/301]	Time  0.003 ( 0.004)	Loss 4.8364e-01 (5.3571e-01)	Acc pseudo  84.38 ( 84.11)	Lr 1.000e-03 (1.000e-03)
2026-01-14 03:22:29,111 - INFO: Epoch: [1][300/301]	Time  0.002 ( 0.004)	Loss 4.1573e-01 (5.3647e-01)	Acc pseudo  68.00 ( 84.07)	Lr 1.000e-03 (1.000e-03)
2026-01-14 03:22:29,182 - INFO: Round 2, Fine-tune Epoch 1: loss=0.5365, acc(pseudo)=84.07%
2026-01-14 03:22:37,643 - INFO: Round 2, Fine-tune Epoch 1: acc(valid_pseudo): 0.9536, acc: 0.8390
2026-01-14 03:22:37,644 - INFO: Round 2, Speaker Fine-tune Epoch 1: No improvement in validation accuracy. Patience(epoch): 1/3
2026-01-14 03:22:38,047 - INFO: Epoch: [2][  0/301]	Time  0.395 ( 0.395)	Loss 5.3061e-01 (5.3061e-01)	Acc pseudo  87.50 ( 87.50)	Lr 1.000e-03 (1.000e-03)
2026-01-14 03:22:38,349 - INFO: Epoch: [2][ 50/301]	Time  0.003 ( 0.014)	Loss 3.3572e-01 (5.1708e-01)	Acc pseudo  87.50 ( 84.01)	Lr 1.000e-03 (1.000e-03)
2026-01-14 03:22:38,500 - INFO: Epoch: [2][100/301]	Time  0.003 ( 0.008)	Loss 7.1048e-01 (5.0197e-01)	Acc pseudo  85.94 ( 84.92)	Lr 1.000e-03 (1.000e-03)
2026-01-14 03:22:38,650 - INFO: Epoch: [2][150/301]	Time  0.003 ( 0.007)	Loss 4.9121e-01 (5.1499e-01)	Acc pseudo  85.94 ( 84.92)	Lr 1.000e-03 (1.000e-03)
2026-01-14 03:22:38,800 - INFO: Epoch: [2][200/301]	Time  0.003 ( 0.006)	Loss 4.0807e-01 (5.1333e-01)	Acc pseudo  82.81 ( 84.80)	Lr 1.000e-03 (1.000e-03)
2026-01-14 03:22:38,946 - INFO: Epoch: [2][250/301]	Time  0.003 ( 0.005)	Loss 5.5294e-01 (5.1147e-01)	Acc pseudo  81.25 ( 84.53)	Lr 1.000e-03 (1.000e-03)
2026-01-14 03:22:39,091 - INFO: Epoch: [2][300/301]	Time  0.002 ( 0.005)	Loss 5.3765e-01 (5.1842e-01)	Acc pseudo  84.00 ( 84.47)	Lr 1.000e-03 (1.000e-03)
2026-01-14 03:22:39,161 - INFO: Round 2, Fine-tune Epoch 2: loss=0.5184, acc(pseudo)=84.47%
2026-01-14 03:22:46,764 - INFO: Round 2, Fine-tune Epoch 2: acc(valid_pseudo): 0.9358, acc: 0.8475
2026-01-14 03:22:46,764 - INFO: Round 2, Speaker Fine-tune Epoch 2: No improvement in validation accuracy. Patience(epoch): 2/3
2026-01-14 03:22:47,023 - INFO: Epoch: [3][  0/301]	Time  0.254 ( 0.254)	Loss 6.4674e-01 (6.4674e-01)	Acc pseudo  78.12 ( 78.12)	Lr 1.000e-03 (1.000e-03)
2026-01-14 03:22:47,312 - INFO: Epoch: [3][ 50/301]	Time  0.003 ( 0.011)	Loss 6.9455e-01 (5.3001e-01)	Acc pseudo  81.25 ( 84.53)	Lr 1.000e-03 (1.000e-03)
2026-01-14 03:22:47,499 - INFO: Epoch: [3][100/301]	Time  0.003 ( 0.007)	Loss 3.4649e-01 (5.1933e-01)	Acc pseudo  85.94 ( 84.33)	Lr 1.000e-03 (1.000e-03)
2026-01-14 03:22:47,667 - INFO: Epoch: [3][150/301]	Time  0.003 ( 0.006)	Loss 4.4774e-01 (5.1568e-01)	Acc pseudo  85.94 ( 84.22)	Lr 1.000e-03 (1.000e-03)
2026-01-14 03:22:47,825 - INFO: Epoch: [3][200/301]	Time  0.003 ( 0.005)	Loss 5.0192e-01 (5.0807e-01)	Acc pseudo  84.38 ( 84.56)	Lr 1.000e-03 (1.000e-03)
2026-01-14 03:22:47,984 - INFO: Epoch: [3][250/301]	Time  0.003 ( 0.005)	Loss 5.0641e-01 (5.0016e-01)	Acc pseudo  85.94 ( 84.53)	Lr 1.000e-03 (1.000e-03)
2026-01-14 03:22:48,133 - INFO: Epoch: [3][300/301]	Time  0.002 ( 0.004)	Loss 6.5720e-01 (5.0077e-01)	Acc pseudo  68.00 ( 84.49)	Lr 1.000e-03 (1.000e-03)
2026-01-14 03:22:48,206 - INFO: Round 2, Fine-tune Epoch 3: loss=0.5008, acc(pseudo)=84.49%
2026-01-14 03:22:55,383 - INFO: Round 2, Fine-tune Epoch 3: acc(valid_pseudo): 0.9431, acc: 0.8350
2026-01-14 03:22:55,383 - INFO: Round 2, Speaker Fine-tune Epoch 3: No improvement in validation accuracy. Patience(epoch): 3/3
2026-01-14 03:22:55,383 - INFO: Early stopping at epoch 3 due to no improvement in validation accuracy for 3 epochs.
2026-01-14 03:22:55,385 - INFO: Round 2: Best speaker fine-tuned epoch=0, acc(valid_pseudo)=0.9703
2026-01-14 03:22:55,389 - INFO: Fine-tuning face embedding model for 20 epochs...
2026-01-14 03:22:56,369 - INFO: Epoch: [0][  0/582]	Time  0.962 ( 0.962)	Loss 1.5671e-01 (1.5671e-01)	Acc pseudo  92.19 ( 92.19)	Lr 1.000e-03 (1.000e-03)
2026-01-14 03:23:01,081 - INFO: Epoch: [0][ 50/582]	Time  0.027 ( 0.050)	Loss 1.6780e-01 (2.6627e-01)	Acc pseudo  93.75 ( 91.18)	Lr 1.000e-03 (1.000e-03)
2026-01-14 03:23:05,796 - INFO: Epoch: [0][100/582]	Time  0.029 ( 0.040)	Loss 2.8292e-01 (2.8557e-01)	Acc pseudo  87.50 ( 90.55)	Lr 1.000e-03 (1.000e-03)
2026-01-14 03:23:10,515 - INFO: Epoch: [0][150/582]	Time  0.029 ( 0.036)	Loss 1.6832e-01 (2.8396e-01)	Acc pseudo  87.50 ( 90.16)	Lr 1.000e-03 (1.000e-03)
2026-01-14 03:23:15,240 - INFO: Epoch: [0][200/582]	Time  0.027 ( 0.035)	Loss 1.4873e-01 (2.8517e-01)	Acc pseudo  95.31 ( 90.21)	Lr 1.000e-03 (1.000e-03)
2026-01-14 03:23:20,296 - INFO: Epoch: [0][250/582]	Time  0.029 ( 0.035)	Loss 1.0468e+00 (2.9780e-01)	Acc pseudo  79.69 ( 89.89)	Lr 1.000e-03 (1.000e-03)
2026-01-14 03:23:25,431 - INFO: Epoch: [0][300/582]	Time  0.029 ( 0.035)	Loss 2.3062e-01 (2.9667e-01)	Acc pseudo  92.19 ( 89.82)	Lr 1.000e-03 (1.000e-03)
2026-01-14 03:23:30,190 - INFO: Epoch: [0][350/582]	Time  0.028 ( 0.035)	Loss 1.5701e-01 (2.9496e-01)	Acc pseudo  93.75 ( 89.81)	Lr 1.000e-03 (1.000e-03)
2026-01-14 03:23:34,931 - INFO: Epoch: [0][400/582]	Time  0.027 ( 0.034)	Loss 1.3363e-01 (2.9219e-01)	Acc pseudo  96.88 ( 89.88)	Lr 1.000e-03 (1.000e-03)
2026-01-14 03:23:39,674 - INFO: Epoch: [0][450/582]	Time  0.028 ( 0.034)	Loss 1.6873e-01 (2.8800e-01)	Acc pseudo  95.31 ( 89.89)	Lr 1.000e-03 (1.000e-03)
2026-01-14 03:23:44,423 - INFO: Epoch: [0][500/582]	Time  0.048 ( 0.035)	Loss 5.6489e-01 (2.8998e-01)	Acc pseudo  84.38 ( 89.87)	Lr 1.000e-03 (1.000e-03)
2026-01-14 03:23:49,164 - INFO: Epoch: [0][550/582]	Time  0.028 ( 0.035)	Loss 1.9440e-01 (2.8996e-01)	Acc pseudo  89.06 ( 89.85)	Lr 1.000e-03 (1.000e-03)
2026-01-14 03:23:52,191 - INFO: Round 2, Face Fine-tune Epoch 0: loss=0.2925, acc(pseudo)=89.83%
2026-01-14 03:24:52,018 - INFO: Round 2, Face Fine-tune Epoch 0: acc(valid_pseudo): 0.9882, acc: 0.8724
2026-01-14 03:24:53,037 - INFO: Epoch: [1][  0/582]	Time  0.623 ( 0.623)	Loss 2.4781e-01 (2.4781e-01)	Acc pseudo  90.62 ( 90.62)	Lr 1.000e-03 (1.000e-03)
2026-01-14 03:24:57,779 - INFO: Epoch: [1][ 50/582]	Time  0.029 ( 0.044)	Loss 1.3971e-01 (2.4889e-01)	Acc pseudo  93.75 ( 90.13)	Lr 1.000e-03 (1.000e-03)
2026-01-14 03:25:02,506 - INFO: Epoch: [1][100/582]	Time  0.029 ( 0.039)	Loss 1.3585e-01 (2.4630e-01)	Acc pseudo  87.50 ( 90.50)	Lr 1.000e-03 (1.000e-03)
2026-01-14 03:25:07,310 - INFO: Epoch: [1][150/582]	Time  0.029 ( 0.037)	Loss 2.8557e-01 (2.4860e-01)	Acc pseudo  93.75 ( 90.75)	Lr 1.000e-03 (1.000e-03)
2026-01-14 03:25:12,018 - INFO: Epoch: [1][200/582]	Time  0.028 ( 0.035)	Loss 2.0318e-01 (2.4631e-01)	Acc pseudo  93.75 ( 90.60)	Lr 1.000e-03 (1.000e-03)
2026-01-14 03:25:16,728 - INFO: Epoch: [1][250/582]	Time  0.041 ( 0.034)	Loss 3.9455e-01 (2.4741e-01)	Acc pseudo  89.06 ( 90.50)	Lr 1.000e-03 (1.000e-03)
2026-01-14 03:25:21,436 - INFO: Epoch: [1][300/582]	Time  0.029 ( 0.034)	Loss 1.4792e-01 (2.4369e-01)	Acc pseudo  92.19 ( 90.54)	Lr 1.000e-03 (1.000e-03)
2026-01-14 03:25:26,145 - INFO: Epoch: [1][350/582]	Time  0.030 ( 0.033)	Loss 2.0351e-01 (2.4806e-01)	Acc pseudo  92.19 ( 90.40)	Lr 1.000e-03 (1.000e-03)
2026-01-14 03:25:30,855 - INFO: Epoch: [1][400/582]	Time  0.029 ( 0.033)	Loss 3.2153e-01 (2.4817e-01)	Acc pseudo  84.38 ( 90.37)	Lr 1.000e-03 (1.000e-03)
2026-01-14 03:25:35,566 - INFO: Epoch: [1][450/582]	Time  0.028 ( 0.032)	Loss 5.6903e-01 (2.4851e-01)	Acc pseudo  84.38 ( 90.43)	Lr 1.000e-03 (1.000e-03)
2026-01-14 03:25:40,278 - INFO: Epoch: [1][500/582]	Time  0.029 ( 0.032)	Loss 2.2376e-01 (2.4821e-01)	Acc pseudo  89.06 ( 90.46)	Lr 1.000e-03 (1.000e-03)
2026-01-14 03:25:45,070 - INFO: Epoch: [1][550/582]	Time  0.027 ( 0.032)	Loss 1.8523e-01 (2.4703e-01)	Acc pseudo  92.19 ( 90.47)	Lr 1.000e-03 (1.000e-03)
2026-01-14 03:25:48,114 - INFO: Round 2, Face Fine-tune Epoch 1: loss=0.2485, acc(pseudo)=90.44%
2026-01-14 03:26:48,406 - INFO: Round 2, Face Fine-tune Epoch 1: acc(valid_pseudo): 0.9885, acc: 0.8617
2026-01-14 03:26:49,284 - INFO: Epoch: [2][  0/582]	Time  0.513 ( 0.513)	Loss 1.8285e-01 (1.8285e-01)	Acc pseudo  87.50 ( 87.50)	Lr 1.000e-03 (1.000e-03)
2026-01-14 03:26:53,999 - INFO: Epoch: [2][ 50/582]	Time  0.037 ( 0.048)	Loss 2.4004e-01 (2.1374e-01)	Acc pseudo  87.50 ( 90.56)	Lr 1.000e-03 (1.000e-03)
2026-01-14 03:26:58,708 - INFO: Epoch: [2][100/582]	Time  0.036 ( 0.042)	Loss 1.4464e-01 (2.2233e-01)	Acc pseudo  90.62 ( 90.61)	Lr 1.000e-03 (1.000e-03)
2026-01-14 03:27:03,424 - INFO: Epoch: [2][150/582]	Time  0.037 ( 0.040)	Loss 3.3177e-01 (2.2289e-01)	Acc pseudo  89.06 ( 90.75)	Lr 1.000e-03 (1.000e-03)
2026-01-14 03:27:08,138 - INFO: Epoch: [2][200/582]	Time  0.038 ( 0.039)	Loss 2.1384e-01 (2.2815e-01)	Acc pseudo  87.50 ( 90.52)	Lr 1.000e-03 (1.000e-03)
2026-01-14 03:27:12,855 - INFO: Epoch: [2][250/582]	Time  0.042 ( 0.039)	Loss 2.8333e-01 (2.3106e-01)	Acc pseudo  93.75 ( 90.59)	Lr 1.000e-03 (1.000e-03)
2026-01-14 03:27:17,574 - INFO: Epoch: [2][300/582]	Time  0.032 ( 0.038)	Loss 1.7458e-01 (2.3266e-01)	Acc pseudo  93.75 ( 90.66)	Lr 1.000e-03 (1.000e-03)
2026-01-14 03:27:22,285 - INFO: Epoch: [2][350/582]	Time  0.028 ( 0.037)	Loss 1.5428e-01 (2.3371e-01)	Acc pseudo  96.88 ( 90.70)	Lr 1.000e-03 (1.000e-03)
2026-01-14 03:27:27,032 - INFO: Epoch: [2][400/582]	Time  0.029 ( 0.036)	Loss 2.7066e-01 (2.3203e-01)	Acc pseudo  90.62 ( 90.83)	Lr 1.000e-03 (1.000e-03)
2026-01-14 03:27:31,743 - INFO: Epoch: [2][450/582]	Time  0.029 ( 0.035)	Loss 2.1107e-01 (2.3343e-01)	Acc pseudo  87.50 ( 90.78)	Lr 1.000e-03 (1.000e-03)
2026-01-14 03:27:36,455 - INFO: Epoch: [2][500/582]	Time  0.030 ( 0.034)	Loss 2.3869e-01 (2.3433e-01)	Acc pseudo  92.19 ( 90.77)	Lr 1.000e-03 (1.000e-03)
2026-01-14 03:27:41,168 - INFO: Epoch: [2][550/582]	Time  0.027 ( 0.034)	Loss 4.0214e-01 (2.3652e-01)	Acc pseudo  84.38 ( 90.73)	Lr 1.000e-03 (1.000e-03)
2026-01-14 03:27:44,180 - INFO: Round 2, Face Fine-tune Epoch 2: loss=0.2364, acc(pseudo)=90.77%
2026-01-14 03:28:44,470 - INFO: Round 2, Face Fine-tune Epoch 2: acc(valid_pseudo): 0.9873, acc: 0.8627
2026-01-14 03:28:44,471 - INFO: Round 2, Face Fine-tune Epoch 2: No improvement. Patience(epoch): 1/3
2026-01-14 03:28:44,996 - INFO: Epoch: [3][  0/582]	Time  0.475 ( 0.475)	Loss 1.6875e-01 (1.6875e-01)	Acc pseudo  95.31 ( 95.31)	Lr 1.000e-03 (1.000e-03)
2026-01-14 03:28:49,718 - INFO: Epoch: [3][ 50/582]	Time  0.041 ( 0.041)	Loss 1.4685e-01 (2.1593e-01)	Acc pseudo  95.31 ( 91.18)	Lr 1.000e-03 (1.000e-03)
2026-01-14 03:28:54,438 - INFO: Epoch: [3][100/582]	Time  0.040 ( 0.037)	Loss 2.1318e-01 (2.1594e-01)	Acc pseudo  90.62 ( 90.98)	Lr 1.000e-03 (1.000e-03)
2026-01-14 03:28:59,197 - INFO: Epoch: [3][150/582]	Time  0.037 ( 0.036)	Loss 1.9514e-01 (2.1095e-01)	Acc pseudo  87.50 ( 91.21)	Lr 1.000e-03 (1.000e-03)
2026-01-14 03:29:03,974 - INFO: Epoch: [3][200/582]	Time  0.039 ( 0.036)	Loss 3.2786e-01 (2.0846e-01)	Acc pseudo  90.62 ( 91.43)	Lr 1.000e-03 (1.000e-03)
2026-01-14 03:29:08,701 - INFO: Epoch: [3][250/582]	Time  0.028 ( 0.036)	Loss 2.5621e-01 (2.1163e-01)	Acc pseudo  89.06 ( 91.35)	Lr 1.000e-03 (1.000e-03)
2026-01-14 03:29:13,428 - INFO: Epoch: [3][300/582]	Time  0.030 ( 0.035)	Loss 3.0596e-01 (2.1504e-01)	Acc pseudo  87.50 ( 91.29)	Lr 1.000e-03 (1.000e-03)
2026-01-14 03:29:18,157 - INFO: Epoch: [3][350/582]	Time  0.040 ( 0.035)	Loss 1.2556e-01 (2.1532e-01)	Acc pseudo  92.19 ( 91.23)	Lr 1.000e-03 (1.000e-03)
2026-01-14 03:29:22,887 - INFO: Epoch: [3][400/582]	Time  0.046 ( 0.035)	Loss 2.9610e-01 (2.1513e-01)	Acc pseudo  84.38 ( 91.26)	Lr 1.000e-03 (1.000e-03)
2026-01-14 03:29:27,619 - INFO: Epoch: [3][450/582]	Time  0.034 ( 0.036)	Loss 2.9571e-01 (2.1921e-01)	Acc pseudo  90.62 ( 91.10)	Lr 1.000e-03 (1.000e-03)
2026-01-14 03:29:32,354 - INFO: Epoch: [3][500/582]	Time  0.029 ( 0.037)	Loss 2.4327e-01 (2.1919e-01)	Acc pseudo  90.62 ( 91.15)	Lr 1.000e-03 (1.000e-03)
2026-01-14 03:29:37,089 - INFO: Epoch: [3][550/582]	Time  0.042 ( 0.037)	Loss 1.4781e-01 (2.2175e-01)	Acc pseudo  95.31 ( 91.13)	Lr 1.000e-03 (1.000e-03)
2026-01-14 03:29:40,122 - INFO: Round 2, Face Fine-tune Epoch 3: loss=0.2227, acc(pseudo)=91.09%
2026-01-14 03:30:39,645 - INFO: Round 2, Face Fine-tune Epoch 3: acc(valid_pseudo): 0.9884, acc: 0.8617
2026-01-14 03:30:39,645 - INFO: Round 2, Face Fine-tune Epoch 3: No improvement. Patience(epoch): 2/3
2026-01-14 03:30:40,201 - INFO: Epoch: [4][  0/582]	Time  0.505 ( 0.505)	Loss 2.4510e-01 (2.4510e-01)	Acc pseudo  90.62 ( 90.62)	Lr 1.000e-03 (1.000e-03)
2026-01-14 03:30:44,934 - INFO: Epoch: [4][ 50/582]	Time  0.029 ( 0.046)	Loss 3.3149e-01 (2.1884e-01)	Acc pseudo  90.62 ( 91.24)	Lr 1.000e-03 (1.000e-03)
2026-01-14 03:30:49,672 - INFO: Epoch: [4][100/582]	Time  0.037 ( 0.040)	Loss 4.4950e-01 (2.1125e-01)	Acc pseudo  85.94 ( 91.27)	Lr 1.000e-03 (1.000e-03)
2026-01-14 03:30:54,465 - INFO: Epoch: [4][150/582]	Time  0.028 ( 0.038)	Loss 2.0072e-01 (2.1283e-01)	Acc pseudo  98.44 ( 91.35)	Lr 1.000e-03 (1.000e-03)
2026-01-14 03:30:59,250 - INFO: Epoch: [4][200/582]	Time  0.029 ( 0.036)	Loss 1.9782e-01 (2.1122e-01)	Acc pseudo  92.19 ( 91.56)	Lr 1.000e-03 (1.000e-03)
2026-01-14 03:31:03,987 - INFO: Epoch: [4][250/582]	Time  0.028 ( 0.035)	Loss 3.2592e-01 (2.0902e-01)	Acc pseudo  87.50 ( 91.65)	Lr 1.000e-03 (1.000e-03)
2026-01-14 03:31:08,717 - INFO: Epoch: [4][300/582]	Time  0.027 ( 0.034)	Loss 2.2447e-01 (2.0898e-01)	Acc pseudo  90.62 ( 91.57)	Lr 1.000e-03 (1.000e-03)
2026-01-14 03:31:13,456 - INFO: Epoch: [4][350/582]	Time  0.029 ( 0.033)	Loss 2.5601e-01 (2.0769e-01)	Acc pseudo  90.62 ( 91.67)	Lr 1.000e-03 (1.000e-03)
2026-01-14 03:31:18,192 - INFO: Epoch: [4][400/582]	Time  0.029 ( 0.033)	Loss 3.1439e-01 (2.1198e-01)	Acc pseudo  82.81 ( 91.56)	Lr 1.000e-03 (1.000e-03)
2026-01-14 03:31:22,930 - INFO: Epoch: [4][450/582]	Time  0.030 ( 0.032)	Loss 1.9393e-01 (2.1445e-01)	Acc pseudo  93.75 ( 91.50)	Lr 1.000e-03 (1.000e-03)
2026-01-14 03:31:27,667 - INFO: Epoch: [4][500/582]	Time  0.030 ( 0.032)	Loss 3.0327e-01 (2.1443e-01)	Acc pseudo  85.94 ( 91.42)	Lr 1.000e-03 (1.000e-03)
2026-01-14 03:31:32,404 - INFO: Epoch: [4][550/582]	Time  0.029 ( 0.032)	Loss 2.2796e-01 (2.1512e-01)	Acc pseudo  92.19 ( 91.40)	Lr 1.000e-03 (1.000e-03)
2026-01-14 03:31:35,451 - INFO: Round 2, Face Fine-tune Epoch 4: loss=0.2149, acc(pseudo)=91.41%
2026-01-14 03:32:35,941 - INFO: Round 2, Face Fine-tune Epoch 4: acc(valid_pseudo): 0.9887, acc: 0.8598
2026-01-14 03:32:37,053 - INFO: Epoch: [5][  0/582]	Time  0.510 ( 0.510)	Loss 1.4144e-01 (1.4144e-01)	Acc pseudo  92.19 ( 92.19)	Lr 1.000e-03 (1.000e-03)
2026-01-14 03:32:41,770 - INFO: Epoch: [5][ 50/582]	Time  0.028 ( 0.044)	Loss 1.2130e-01 (1.9412e-01)	Acc pseudo  96.88 ( 91.91)	Lr 1.000e-03 (1.000e-03)
2026-01-14 03:32:46,492 - INFO: Epoch: [5][100/582]	Time  0.043 ( 0.039)	Loss 1.7416e-01 (1.8679e-01)	Acc pseudo  90.62 ( 92.14)	Lr 1.000e-03 (1.000e-03)
2026-01-14 03:32:51,217 - INFO: Epoch: [5][150/582]	Time  0.031 ( 0.038)	Loss 1.9191e-01 (1.9112e-01)	Acc pseudo  92.19 ( 92.15)	Lr 1.000e-03 (1.000e-03)
2026-01-14 03:32:55,937 - INFO: Epoch: [5][200/582]	Time  0.029 ( 0.036)	Loss 2.9453e-01 (1.8721e-01)	Acc pseudo  89.06 ( 92.28)	Lr 1.000e-03 (1.000e-03)
2026-01-14 03:33:00,652 - INFO: Epoch: [5][250/582]	Time  0.027 ( 0.034)	Loss 2.1638e-01 (1.9565e-01)	Acc pseudo  92.19 ( 92.03)	Lr 1.000e-03 (1.000e-03)
2026-01-14 03:33:05,372 - INFO: Epoch: [5][300/582]	Time  0.028 ( 0.033)	Loss 1.9014e-01 (1.9801e-01)	Acc pseudo  87.50 ( 92.05)	Lr 1.000e-03 (1.000e-03)
2026-01-14 03:33:10,091 - INFO: Epoch: [5][350/582]	Time  0.034 ( 0.033)	Loss 2.3716e-01 (1.9984e-01)	Acc pseudo  89.06 ( 92.03)	Lr 1.000e-03 (1.000e-03)
2026-01-14 03:33:14,859 - INFO: Epoch: [5][400/582]	Time  0.028 ( 0.033)	Loss 1.7177e-01 (2.0247e-01)	Acc pseudo  92.19 ( 91.86)	Lr 1.000e-03 (1.000e-03)
2026-01-14 03:33:19,602 - INFO: Epoch: [5][450/582]	Time  0.028 ( 0.033)	Loss 2.1857e-01 (2.0335e-01)	Acc pseudo  92.19 ( 91.81)	Lr 1.000e-03 (1.000e-03)
2026-01-14 03:33:24,329 - INFO: Epoch: [5][500/582]	Time  0.027 ( 0.033)	Loss 1.1415e-01 (2.0494e-01)	Acc pseudo  95.31 ( 91.73)	Lr 1.000e-03 (1.000e-03)
2026-01-14 03:33:29,059 - INFO: Epoch: [5][550/582]	Time  0.041 ( 0.033)	Loss 2.2102e-01 (2.0531e-01)	Acc pseudo  89.06 ( 91.68)	Lr 1.000e-03 (1.000e-03)
2026-01-14 03:33:32,100 - INFO: Round 2, Face Fine-tune Epoch 5: loss=0.2079, acc(pseudo)=91.63%
2026-01-14 03:34:32,950 - INFO: Round 2, Face Fine-tune Epoch 5: acc(valid_pseudo): 0.9894, acc: 0.8637
2026-01-14 03:34:33,888 - INFO: Epoch: [6][  0/582]	Time  0.545 ( 0.545)	Loss 1.1658e-01 (1.1658e-01)	Acc pseudo  95.31 ( 95.31)	Lr 1.000e-03 (1.000e-03)
2026-01-14 03:34:38,615 - INFO: Epoch: [6][ 50/582]	Time  0.029 ( 0.042)	Loss 2.7752e-01 (2.0904e-01)	Acc pseudo  93.75 ( 91.76)	Lr 1.000e-03 (1.000e-03)
2026-01-14 03:34:43,339 - INFO: Epoch: [6][100/582]	Time  0.030 ( 0.036)	Loss 1.7450e-01 (2.0881e-01)	Acc pseudo  93.75 ( 91.66)	Lr 1.000e-03 (1.000e-03)
2026-01-14 03:34:48,105 - INFO: Epoch: [6][150/582]	Time  0.029 ( 0.033)	Loss 2.5038e-01 (2.0987e-01)	Acc pseudo  90.62 ( 91.45)	Lr 1.000e-03 (1.000e-03)
2026-01-14 03:34:52,835 - INFO: Epoch: [6][200/582]	Time  0.030 ( 0.032)	Loss 2.2152e-01 (2.0712e-01)	Acc pseudo  92.19 ( 91.61)	Lr 1.000e-03 (1.000e-03)
2026-01-14 03:34:57,564 - INFO: Epoch: [6][250/582]	Time  0.028 ( 0.032)	Loss 2.1593e-01 (2.0644e-01)	Acc pseudo  92.19 ( 91.66)	Lr 1.000e-03 (1.000e-03)
2026-01-14 03:35:02,297 - INFO: Epoch: [6][300/582]	Time  0.029 ( 0.031)	Loss 2.6134e-01 (2.0394e-01)	Acc pseudo  87.50 ( 91.64)	Lr 1.000e-03 (1.000e-03)
2026-01-14 03:35:07,031 - INFO: Epoch: [6][350/582]	Time  0.027 ( 0.031)	Loss 2.1322e-01 (2.0411e-01)	Acc pseudo  92.19 ( 91.65)	Lr 1.000e-03 (1.000e-03)
2026-01-14 03:35:11,762 - INFO: Epoch: [6][400/582]	Time  0.028 ( 0.031)	Loss 2.8041e-01 (2.0421e-01)	Acc pseudo  93.75 ( 91.77)	Lr 1.000e-03 (1.000e-03)
2026-01-14 03:35:16,494 - INFO: Epoch: [6][450/582]	Time  0.029 ( 0.031)	Loss 1.4010e-01 (2.0635e-01)	Acc pseudo  93.75 ( 91.73)	Lr 1.000e-03 (1.000e-03)
2026-01-14 03:35:21,225 - INFO: Epoch: [6][500/582]	Time  0.027 ( 0.031)	Loss 1.5753e-01 (2.0693e-01)	Acc pseudo  93.75 ( 91.72)	Lr 1.000e-03 (1.000e-03)
2026-01-14 03:35:25,963 - INFO: Epoch: [6][550/582]	Time  0.027 ( 0.031)	Loss 1.7772e-01 (2.0686e-01)	Acc pseudo  92.19 ( 91.75)	Lr 1.000e-03 (1.000e-03)
2026-01-14 03:35:28,992 - INFO: Round 2, Face Fine-tune Epoch 6: loss=0.2072, acc(pseudo)=91.72%
2026-01-14 03:36:29,356 - INFO: Round 2, Face Fine-tune Epoch 6: acc(valid_pseudo): 0.9903, acc: 0.8588
2026-01-14 03:36:30,251 - INFO: Epoch: [7][  0/582]	Time  0.513 ( 0.513)	Loss 2.4600e-01 (2.4600e-01)	Acc pseudo  90.62 ( 90.62)	Lr 1.000e-03 (1.000e-03)
2026-01-14 03:36:34,995 - INFO: Epoch: [7][ 50/582]	Time  0.042 ( 0.051)	Loss 1.4492e-01 (1.9670e-01)	Acc pseudo  95.31 ( 92.37)	Lr 1.000e-03 (1.000e-03)
2026-01-14 03:36:39,739 - INFO: Epoch: [7][100/582]	Time  0.041 ( 0.046)	Loss 1.5611e-01 (1.9766e-01)	Acc pseudo  89.06 ( 92.14)	Lr 1.000e-03 (1.000e-03)
2026-01-14 03:36:44,488 - INFO: Epoch: [7][150/582]	Time  0.041 ( 0.045)	Loss 3.4831e-01 (1.9356e-01)	Acc pseudo  90.62 ( 92.30)	Lr 1.000e-03 (1.000e-03)
2026-01-14 03:36:49,239 - INFO: Epoch: [7][200/582]	Time  0.042 ( 0.044)	Loss 1.6949e-01 (1.9401e-01)	Acc pseudo  96.88 ( 92.26)	Lr 1.000e-03 (1.000e-03)
2026-01-14 03:36:53,984 - INFO: Epoch: [7][250/582]	Time  0.028 ( 0.042)	Loss 5.3284e-01 (1.9927e-01)	Acc pseudo  82.81 ( 92.13)	Lr 1.000e-03 (1.000e-03)
2026-01-14 03:36:58,722 - INFO: Epoch: [7][300/582]	Time  0.029 ( 0.040)	Loss 2.1284e-01 (1.9605e-01)	Acc pseudo  84.38 ( 92.19)	Lr 1.000e-03 (1.000e-03)
2026-01-14 03:37:03,459 - INFO: Epoch: [7][350/582]	Time  0.029 ( 0.038)	Loss 3.7458e-01 (1.9347e-01)	Acc pseudo  81.25 ( 92.17)	Lr 1.000e-03 (1.000e-03)
2026-01-14 03:37:08,292 - INFO: Epoch: [7][400/582]	Time  0.035 ( 0.037)	Loss 2.1094e-01 (1.9236e-01)	Acc pseudo  90.62 ( 92.20)	Lr 1.000e-03 (1.000e-03)
2026-01-14 03:37:13,072 - INFO: Epoch: [7][450/582]	Time  0.040 ( 0.037)	Loss 1.9008e-01 (1.9209e-01)	Acc pseudo  90.62 ( 92.21)	Lr 1.000e-03 (1.000e-03)
2026-01-14 03:37:17,844 - INFO: Epoch: [7][500/582]	Time  0.028 ( 0.036)	Loss 2.3549e-01 (1.9250e-01)	Acc pseudo  87.50 ( 92.19)	Lr 1.000e-03 (1.000e-03)
2026-01-14 03:37:22,574 - INFO: Epoch: [7][550/582]	Time  0.028 ( 0.036)	Loss 1.1701e-01 (1.9313e-01)	Acc pseudo  93.75 ( 92.15)	Lr 1.000e-03 (1.000e-03)
2026-01-14 03:37:25,598 - INFO: Round 2, Face Fine-tune Epoch 7: loss=0.1942, acc(pseudo)=92.14%
2026-01-14 03:38:26,483 - INFO: Round 2, Face Fine-tune Epoch 7: acc(valid_pseudo): 0.9887, acc: 0.8617
2026-01-14 03:38:26,483 - INFO: Round 2, Face Fine-tune Epoch 7: No improvement. Patience(epoch): 1/3
2026-01-14 03:38:27,040 - INFO: Epoch: [8][  0/582]	Time  0.524 ( 0.524)	Loss 1.4813e-01 (1.4813e-01)	Acc pseudo  93.75 ( 93.75)	Lr 1.000e-03 (1.000e-03)
2026-01-14 03:38:31,755 - INFO: Epoch: [8][ 50/582]	Time  0.028 ( 0.042)	Loss 1.7523e-01 (1.9384e-01)	Acc pseudo  93.75 ( 92.49)	Lr 1.000e-03 (1.000e-03)
2026-01-14 03:38:36,468 - INFO: Epoch: [8][100/582]	Time  0.029 ( 0.035)	Loss 1.3404e-01 (1.8166e-01)	Acc pseudo  90.62 ( 92.47)	Lr 1.000e-03 (1.000e-03)
2026-01-14 03:38:41,182 - INFO: Epoch: [8][150/582]	Time  0.030 ( 0.033)	Loss 1.6767e-01 (1.8518e-01)	Acc pseudo  89.06 ( 92.39)	Lr 1.000e-03 (1.000e-03)
2026-01-14 03:38:45,901 - INFO: Epoch: [8][200/582]	Time  0.028 ( 0.032)	Loss 3.3809e-01 (1.9089e-01)	Acc pseudo  89.06 ( 92.28)	Lr 1.000e-03 (1.000e-03)
2026-01-14 03:38:50,650 - INFO: Epoch: [8][250/582]	Time  0.030 ( 0.032)	Loss 2.3276e-01 (1.9114e-01)	Acc pseudo  90.62 ( 92.33)	Lr 1.000e-03 (1.000e-03)
2026-01-14 03:38:55,367 - INFO: Epoch: [8][300/582]	Time  0.028 ( 0.031)	Loss 1.8758e-01 (1.9126e-01)	Acc pseudo  92.19 ( 92.31)	Lr 1.000e-03 (1.000e-03)
2026-01-14 03:39:00,083 - INFO: Epoch: [8][350/582]	Time  0.029 ( 0.031)	Loss 1.4266e-01 (1.9338e-01)	Acc pseudo  90.62 ( 92.29)	Lr 1.000e-03 (1.000e-03)
2026-01-14 03:39:04,807 - INFO: Epoch: [8][400/582]	Time  0.032 ( 0.031)	Loss 1.4769e-01 (1.9437e-01)	Acc pseudo  93.75 ( 92.24)	Lr 1.000e-03 (1.000e-03)
2026-01-14 03:39:09,526 - INFO: Epoch: [8][450/582]	Time  0.029 ( 0.031)	Loss 5.7632e-02 (1.9235e-01)	Acc pseudo 100.00 ( 92.22)	Lr 1.000e-03 (1.000e-03)
2026-01-14 03:39:14,246 - INFO: Epoch: [8][500/582]	Time  0.029 ( 0.031)	Loss 1.6368e-01 (1.9307e-01)	Acc pseudo  89.06 ( 92.11)	Lr 1.000e-03 (1.000e-03)
2026-01-14 03:39:18,963 - INFO: Epoch: [8][550/582]	Time  0.040 ( 0.031)	Loss 8.4145e-02 (1.9397e-01)	Acc pseudo  95.31 ( 92.09)	Lr 1.000e-03 (1.000e-03)
2026-01-14 03:39:21,975 - INFO: Round 2, Face Fine-tune Epoch 8: loss=0.1948, acc(pseudo)=92.05%
2026-01-14 03:40:22,416 - INFO: Round 2, Face Fine-tune Epoch 8: acc(valid_pseudo): 0.9910, acc: 0.8666
2026-01-14 03:40:23,529 - INFO: Epoch: [9][  0/582]	Time  0.522 ( 0.522)	Loss 1.4282e-01 (1.4282e-01)	Acc pseudo  96.88 ( 96.88)	Lr 1.000e-03 (1.000e-03)
2026-01-14 03:40:28,248 - INFO: Epoch: [9][ 50/582]	Time  0.028 ( 0.040)	Loss 2.0459e-01 (1.7255e-01)	Acc pseudo  89.06 ( 92.62)	Lr 1.000e-03 (1.000e-03)
2026-01-14 03:40:32,964 - INFO: Epoch: [9][100/582]	Time  0.029 ( 0.035)	Loss 8.4522e-02 (1.6784e-01)	Acc pseudo  95.31 ( 92.88)	Lr 1.000e-03 (1.000e-03)
2026-01-14 03:40:37,684 - INFO: Epoch: [9][150/582]	Time  0.030 ( 0.033)	Loss 1.6879e-01 (1.7549e-01)	Acc pseudo  90.62 ( 92.60)	Lr 1.000e-03 (1.000e-03)
2026-01-14 03:40:42,409 - INFO: Epoch: [9][200/582]	Time  0.028 ( 0.032)	Loss 1.5575e-01 (1.7866e-01)	Acc pseudo  93.75 ( 92.53)	Lr 1.000e-03 (1.000e-03)
2026-01-14 03:40:47,138 - INFO: Epoch: [9][250/582]	Time  0.029 ( 0.031)	Loss 9.4740e-02 (1.8479e-01)	Acc pseudo  90.62 ( 92.47)	Lr 1.000e-03 (1.000e-03)
2026-01-14 03:40:51,865 - INFO: Epoch: [9][300/582]	Time  0.028 ( 0.031)	Loss 1.1044e-01 (1.8460e-01)	Acc pseudo  95.31 ( 92.48)	Lr 1.000e-03 (1.000e-03)
2026-01-14 03:40:56,594 - INFO: Epoch: [9][350/582]	Time  0.026 ( 0.030)	Loss 2.3979e-01 (1.8645e-01)	Acc pseudo  92.19 ( 92.40)	Lr 1.000e-03 (1.000e-03)
2026-01-14 03:41:01,324 - INFO: Epoch: [9][400/582]	Time  0.029 ( 0.030)	Loss 2.1809e-01 (1.8513e-01)	Acc pseudo  92.19 ( 92.49)	Lr 1.000e-03 (1.000e-03)
2026-01-14 03:41:06,255 - INFO: Epoch: [9][450/582]	Time  0.029 ( 0.030)	Loss 1.4900e-01 (1.8692e-01)	Acc pseudo  95.31 ( 92.40)	Lr 1.000e-03 (1.000e-03)
2026-01-14 03:41:10,984 - INFO: Epoch: [9][500/582]	Time  0.027 ( 0.030)	Loss 5.0134e-01 (1.8971e-01)	Acc pseudo  89.06 ( 92.30)	Lr 1.000e-03 (1.000e-03)
2026-01-14 03:41:15,719 - INFO: Epoch: [9][550/582]	Time  0.027 ( 0.030)	Loss 1.6900e-01 (1.9056e-01)	Acc pseudo  87.50 ( 92.26)	Lr 1.000e-03 (1.000e-03)
2026-01-14 03:41:18,748 - INFO: Round 2, Face Fine-tune Epoch 9: loss=0.1896, acc(pseudo)=92.26%
2026-01-14 03:42:18,531 - INFO: Round 2, Face Fine-tune Epoch 9: acc(valid_pseudo): 0.9904, acc: 0.8676
2026-01-14 03:42:18,532 - INFO: Round 2, Face Fine-tune Epoch 9: No improvement. Patience(epoch): 1/3
2026-01-14 03:42:19,104 - INFO: Epoch: [10][  0/582]	Time  0.524 ( 0.524)	Loss 1.0230e-01 (1.0230e-01)	Acc pseudo  93.75 ( 93.75)	Lr 1.000e-03 (1.000e-03)
2026-01-14 03:42:23,842 - INFO: Epoch: [10][ 50/582]	Time  0.027 ( 0.041)	Loss 2.2576e-01 (1.7655e-01)	Acc pseudo  87.50 ( 93.20)	Lr 1.000e-03 (1.000e-03)
2026-01-14 03:42:28,577 - INFO: Epoch: [10][100/582]	Time  0.028 ( 0.036)	Loss 2.3241e-01 (1.7644e-01)	Acc pseudo  93.75 ( 92.70)	Lr 1.000e-03 (1.000e-03)
2026-01-14 03:42:33,381 - INFO: Epoch: [10][150/582]	Time  0.029 ( 0.034)	Loss 1.2007e-01 (1.7322e-01)	Acc pseudo  92.19 ( 92.69)	Lr 1.000e-03 (1.000e-03)
2026-01-14 03:42:38,112 - INFO: Epoch: [10][200/582]	Time  0.028 ( 0.033)	Loss 1.5282e-01 (1.7715e-01)	Acc pseudo  93.75 ( 92.60)	Lr 1.000e-03 (1.000e-03)
2026-01-14 03:42:42,858 - INFO: Epoch: [10][250/582]	Time  0.027 ( 0.033)	Loss 1.4576e-01 (1.7976e-01)	Acc pseudo  92.19 ( 92.52)	Lr 1.000e-03 (1.000e-03)
2026-01-14 03:42:47,588 - INFO: Epoch: [10][300/582]	Time  0.027 ( 0.032)	Loss 9.6724e-02 (1.8136e-01)	Acc pseudo  95.31 ( 92.38)	Lr 1.000e-03 (1.000e-03)
2026-01-14 03:42:52,318 - INFO: Epoch: [10][350/582]	Time  0.028 ( 0.031)	Loss 4.1101e-01 (1.8237e-01)	Acc pseudo  85.94 ( 92.35)	Lr 1.000e-03 (1.000e-03)
2026-01-14 03:42:57,049 - INFO: Epoch: [10][400/582]	Time  0.028 ( 0.031)	Loss 8.0086e-02 (1.8306e-01)	Acc pseudo  96.88 ( 92.31)	Lr 1.000e-03 (1.000e-03)
2026-01-14 03:43:01,786 - INFO: Epoch: [10][450/582]	Time  0.028 ( 0.031)	Loss 1.1209e-01 (1.8232e-01)	Acc pseudo  96.88 ( 92.27)	Lr 1.000e-03 (1.000e-03)
2026-01-14 03:43:06,524 - INFO: Epoch: [10][500/582]	Time  0.029 ( 0.031)	Loss 1.8084e-01 (1.8412e-01)	Acc pseudo  87.50 ( 92.31)	Lr 1.000e-03 (1.000e-03)
2026-01-14 03:43:11,261 - INFO: Epoch: [10][550/582]	Time  0.028 ( 0.031)	Loss 1.0432e-01 (1.8316e-01)	Acc pseudo  93.75 ( 92.33)	Lr 1.000e-03 (1.000e-03)
2026-01-14 03:43:14,329 - INFO: Round 2, Face Fine-tune Epoch 10: loss=0.1850, acc(pseudo)=92.31%
2026-01-14 03:44:15,064 - INFO: Round 2, Face Fine-tune Epoch 10: acc(valid_pseudo): 0.9914, acc: 0.8617
2026-01-14 03:44:15,969 - INFO: Epoch: [11][  0/582]	Time  0.515 ( 0.515)	Loss 8.5672e-01 (8.5672e-01)	Acc pseudo  89.06 ( 89.06)	Lr 1.000e-03 (1.000e-03)
2026-01-14 03:44:20,697 - INFO: Epoch: [11][ 50/582]	Time  0.045 ( 0.044)	Loss 2.0795e-01 (2.0370e-01)	Acc pseudo  89.06 ( 92.25)	Lr 1.000e-03 (1.000e-03)
2026-01-14 03:44:25,422 - INFO: Epoch: [11][100/582]	Time  0.028 ( 0.037)	Loss 4.4936e-01 (1.9220e-01)	Acc pseudo  87.50 ( 92.45)	Lr 1.000e-03 (1.000e-03)
2026-01-14 03:44:30,146 - INFO: Epoch: [11][150/582]	Time  0.029 ( 0.034)	Loss 1.5521e-01 (1.8244e-01)	Acc pseudo  95.31 ( 92.65)	Lr 1.000e-03 (1.000e-03)
2026-01-14 03:44:34,874 - INFO: Epoch: [11][200/582]	Time  0.028 ( 0.033)	Loss 1.8939e-01 (1.8140e-01)	Acc pseudo  95.31 ( 92.56)	Lr 1.000e-03 (1.000e-03)
2026-01-14 03:44:39,604 - INFO: Epoch: [11][250/582]	Time  0.028 ( 0.032)	Loss 3.2230e-01 (1.8073e-01)	Acc pseudo  89.06 ( 92.60)	Lr 1.000e-03 (1.000e-03)
2026-01-14 03:44:44,408 - INFO: Epoch: [11][300/582]	Time  0.029 ( 0.032)	Loss 1.2032e-01 (1.8012e-01)	Acc pseudo  92.19 ( 92.70)	Lr 1.000e-03 (1.000e-03)
2026-01-14 03:44:49,133 - INFO: Epoch: [11][350/582]	Time  0.028 ( 0.031)	Loss 1.4542e-01 (1.8043e-01)	Acc pseudo  93.75 ( 92.67)	Lr 1.000e-03 (1.000e-03)
2026-01-14 03:44:53,857 - INFO: Epoch: [11][400/582]	Time  0.028 ( 0.031)	Loss 1.3852e-01 (1.7923e-01)	Acc pseudo  93.75 ( 92.64)	Lr 1.000e-03 (1.000e-03)
2026-01-14 03:44:58,582 - INFO: Epoch: [11][450/582]	Time  0.035 ( 0.031)	Loss 1.0110e-01 (1.7908e-01)	Acc pseudo  95.31 ( 92.63)	Lr 1.000e-03 (1.000e-03)
2026-01-14 03:45:03,315 - INFO: Epoch: [11][500/582]	Time  0.029 ( 0.031)	Loss 1.5645e-01 (1.7822e-01)	Acc pseudo  93.75 ( 92.59)	Lr 1.000e-03 (1.000e-03)
2026-01-14 03:45:08,048 - INFO: Epoch: [11][550/582]	Time  0.040 ( 0.031)	Loss 3.8710e-01 (1.7955e-01)	Acc pseudo  96.88 ( 92.56)	Lr 1.000e-03 (1.000e-03)
2026-01-14 03:45:11,078 - INFO: Round 2, Face Fine-tune Epoch 11: loss=0.1802, acc(pseudo)=92.53%
2026-01-14 03:46:10,106 - INFO: Round 2, Face Fine-tune Epoch 11: acc(valid_pseudo): 0.9914, acc: 0.8656
2026-01-14 03:46:10,107 - INFO: Round 2, Face Fine-tune Epoch 11: No improvement. Patience(epoch): 1/3
2026-01-14 03:46:10,670 - INFO: Epoch: [12][  0/582]	Time  0.508 ( 0.508)	Loss 1.0947e-01 (1.0947e-01)	Acc pseudo  95.31 ( 95.31)	Lr 1.000e-03 (1.000e-03)
2026-01-14 03:46:15,400 - INFO: Epoch: [12][ 50/582]	Time  0.028 ( 0.039)	Loss 8.2035e-02 (1.9464e-01)	Acc pseudo  96.88 ( 92.68)	Lr 1.000e-03 (1.000e-03)
2026-01-14 03:46:20,129 - INFO: Epoch: [12][100/582]	Time  0.034 ( 0.034)	Loss 1.6493e-01 (1.9220e-01)	Acc pseudo  90.62 ( 92.26)	Lr 1.000e-03 (1.000e-03)
2026-01-14 03:46:24,860 - INFO: Epoch: [12][150/582]	Time  0.028 ( 0.032)	Loss 1.4129e-01 (1.9380e-01)	Acc pseudo  92.19 ( 92.32)	Lr 1.000e-03 (1.000e-03)
2026-01-14 03:46:29,592 - INFO: Epoch: [12][200/582]	Time  0.030 ( 0.032)	Loss 3.4864e-01 (1.8955e-01)	Acc pseudo  93.75 ( 92.35)	Lr 1.000e-03 (1.000e-03)
2026-01-14 03:46:34,322 - INFO: Epoch: [12][250/582]	Time  0.033 ( 0.031)	Loss 9.1907e-02 (1.8669e-01)	Acc pseudo  95.31 ( 92.42)	Lr 1.000e-03 (1.000e-03)
2026-01-14 03:46:39,059 - INFO: Epoch: [12][300/582]	Time  0.028 ( 0.031)	Loss 1.0318e-01 (1.8610e-01)	Acc pseudo  93.75 ( 92.56)	Lr 1.000e-03 (1.000e-03)
2026-01-14 03:46:43,794 - INFO: Epoch: [12][350/582]	Time  0.040 ( 0.031)	Loss 2.4925e-01 (1.8769e-01)	Acc pseudo  90.62 ( 92.50)	Lr 1.000e-03 (1.000e-03)
2026-01-14 03:46:48,530 - INFO: Epoch: [12][400/582]	Time  0.028 ( 0.030)	Loss 3.3113e-01 (1.8634e-01)	Acc pseudo  82.81 ( 92.52)	Lr 1.000e-03 (1.000e-03)
2026-01-14 03:46:53,271 - INFO: Epoch: [12][450/582]	Time  0.028 ( 0.030)	Loss 1.1729e-01 (1.8608e-01)	Acc pseudo  93.75 ( 92.45)	Lr 1.000e-03 (1.000e-03)
2026-01-14 03:46:58,007 - INFO: Epoch: [12][500/582]	Time  0.037 ( 0.031)	Loss 4.7824e-01 (1.8794e-01)	Acc pseudo  82.81 ( 92.36)	Lr 1.000e-03 (1.000e-03)
2026-01-14 03:47:02,804 - INFO: Epoch: [12][550/582]	Time  0.047 ( 0.032)	Loss 1.5357e-01 (1.8782e-01)	Acc pseudo  90.62 ( 92.39)	Lr 1.000e-03 (1.000e-03)
2026-01-14 03:47:05,913 - INFO: Round 2, Face Fine-tune Epoch 12: loss=0.1875, acc(pseudo)=92.38%
2026-01-14 03:48:05,597 - INFO: Round 2, Face Fine-tune Epoch 12: acc(valid_pseudo): 0.9928, acc: 0.8676
2026-01-14 03:48:06,480 - INFO: Epoch: [13][  0/582]	Time  0.498 ( 0.498)	Loss 1.2426e-01 (1.2426e-01)	Acc pseudo  93.75 ( 93.75)	Lr 1.000e-03 (1.000e-03)
2026-01-14 03:48:11,213 - INFO: Epoch: [13][ 50/582]	Time  0.029 ( 0.040)	Loss 1.0771e-01 (1.7909e-01)	Acc pseudo  95.31 ( 92.03)	Lr 1.000e-03 (1.000e-03)
2026-01-14 03:48:15,945 - INFO: Epoch: [13][100/582]	Time  0.027 ( 0.035)	Loss 1.5805e-01 (1.8463e-01)	Acc pseudo  89.06 ( 92.40)	Lr 1.000e-03 (1.000e-03)
2026-01-14 03:48:20,679 - INFO: Epoch: [13][150/582]	Time  0.042 ( 0.033)	Loss 2.9474e-01 (1.8186e-01)	Acc pseudo  90.62 ( 92.44)	Lr 1.000e-03 (1.000e-03)
2026-01-14 03:48:25,418 - INFO: Epoch: [13][200/582]	Time  0.032 ( 0.033)	Loss 1.5469e-01 (1.8431e-01)	Acc pseudo  92.19 ( 92.23)	Lr 1.000e-03 (1.000e-03)
2026-01-14 03:48:30,154 - INFO: Epoch: [13][250/582]	Time  0.028 ( 0.033)	Loss 1.7937e-01 (1.8138e-01)	Acc pseudo  90.62 ( 92.27)	Lr 1.000e-03 (1.000e-03)
2026-01-14 03:48:34,923 - INFO: Epoch: [13][300/582]	Time  0.036 ( 0.032)	Loss 1.1680e-01 (1.7838e-01)	Acc pseudo  95.31 ( 92.40)	Lr 1.000e-03 (1.000e-03)
2026-01-14 03:48:39,660 - INFO: Epoch: [13][350/582]	Time  0.028 ( 0.032)	Loss 3.6454e-01 (1.7975e-01)	Acc pseudo  89.06 ( 92.42)	Lr 1.000e-03 (1.000e-03)
2026-01-14 03:48:44,396 - INFO: Epoch: [13][400/582]	Time  0.027 ( 0.032)	Loss 2.1328e-01 (1.8134e-01)	Acc pseudo  85.94 ( 92.30)	Lr 1.000e-03 (1.000e-03)
2026-01-14 03:48:49,135 - INFO: Epoch: [13][450/582]	Time  0.027 ( 0.031)	Loss 1.0619e-01 (1.8177e-01)	Acc pseudo  93.75 ( 92.35)	Lr 1.000e-03 (1.000e-03)
2026-01-14 03:48:53,875 - INFO: Epoch: [13][500/582]	Time  0.028 ( 0.032)	Loss 2.1089e-01 (1.8300e-01)	Acc pseudo  89.06 ( 92.29)	Lr 1.000e-03 (1.000e-03)
2026-01-14 03:48:58,611 - INFO: Epoch: [13][550/582]	Time  0.028 ( 0.031)	Loss 3.1435e-01 (1.8358e-01)	Acc pseudo  89.06 ( 92.26)	Lr 1.000e-03 (1.000e-03)
2026-01-14 03:49:01,641 - INFO: Round 2, Face Fine-tune Epoch 13: loss=0.1865, acc(pseudo)=92.15%
2026-01-14 03:50:00,657 - INFO: Round 2, Face Fine-tune Epoch 13: acc(valid_pseudo): 0.9914, acc: 0.8666
2026-01-14 03:50:00,658 - INFO: Round 2, Face Fine-tune Epoch 13: No improvement. Patience(epoch): 1/3
2026-01-14 03:50:01,202 - INFO: Epoch: [14][  0/582]	Time  0.500 ( 0.500)	Loss 1.3920e-01 (1.3920e-01)	Acc pseudo  93.75 ( 93.75)	Lr 1.000e-03 (1.000e-03)
2026-01-14 03:50:05,935 - INFO: Epoch: [14][ 50/582]	Time  0.039 ( 0.041)	Loss 3.2981e-01 (2.6405e-01)	Acc pseudo  90.62 ( 90.69)	Lr 1.000e-03 (1.000e-03)
2026-01-14 03:50:10,734 - INFO: Epoch: [14][100/582]	Time  0.037 ( 0.039)	Loss 1.3357e-01 (2.5620e-01)	Acc pseudo  93.75 ( 90.69)	Lr 1.000e-03 (1.000e-03)
2026-01-14 03:50:15,520 - INFO: Epoch: [14][150/582]	Time  0.029 ( 0.038)	Loss 2.6284e-01 (2.7292e-01)	Acc pseudo  89.06 ( 90.20)	Lr 1.000e-03 (1.000e-03)
2026-01-14 03:50:20,252 - INFO: Epoch: [14][200/582]	Time  0.028 ( 0.035)	Loss 4.2675e-01 (2.7963e-01)	Acc pseudo  89.06 ( 89.96)	Lr 1.000e-03 (1.000e-03)
2026-01-14 03:50:24,985 - INFO: Epoch: [14][250/582]	Time  0.027 ( 0.034)	Loss 2.9920e-01 (2.8520e-01)	Acc pseudo  85.94 ( 89.85)	Lr 1.000e-03 (1.000e-03)
2026-01-14 03:50:29,716 - INFO: Epoch: [14][300/582]	Time  0.040 ( 0.033)	Loss 1.6669e-01 (2.8993e-01)	Acc pseudo  92.19 ( 89.77)	Lr 1.000e-03 (1.000e-03)
2026-01-14 03:50:34,450 - INFO: Epoch: [14][350/582]	Time  0.029 ( 0.033)	Loss 2.4441e-01 (2.9104e-01)	Acc pseudo  85.94 ( 89.79)	Lr 1.000e-03 (1.000e-03)
2026-01-14 03:50:39,184 - INFO: Epoch: [14][400/582]	Time  0.027 ( 0.032)	Loss 3.9740e-01 (2.9438e-01)	Acc pseudo  84.38 ( 89.66)	Lr 1.000e-03 (1.000e-03)
2026-01-14 03:50:43,917 - INFO: Epoch: [14][450/582]	Time  0.027 ( 0.032)	Loss 2.4332e-01 (2.9605e-01)	Acc pseudo  92.19 ( 89.57)	Lr 1.000e-03 (1.000e-03)
2026-01-14 03:50:48,651 - INFO: Epoch: [14][500/582]	Time  0.028 ( 0.031)	Loss 1.5270e-01 (2.9695e-01)	Acc pseudo  92.19 ( 89.42)	Lr 1.000e-03 (1.000e-03)
2026-01-14 03:50:53,386 - INFO: Epoch: [14][550/582]	Time  0.028 ( 0.031)	Loss 2.7992e-01 (2.9962e-01)	Acc pseudo  87.50 ( 89.35)	Lr 1.000e-03 (1.000e-03)
2026-01-14 03:50:56,434 - INFO: Round 2, Face Fine-tune Epoch 14: loss=0.3008, acc(pseudo)=89.27%
2026-01-14 03:51:56,106 - INFO: Round 2, Face Fine-tune Epoch 14: acc(valid_pseudo): 0.9879, acc: 0.8705
2026-01-14 03:51:56,106 - INFO: Round 2, Face Fine-tune Epoch 14: No improvement. Patience(epoch): 2/3
2026-01-14 03:51:56,642 - INFO: Epoch: [15][  0/582]	Time  0.489 ( 0.489)	Loss 2.1087e-01 (2.1087e-01)	Acc pseudo  93.75 ( 93.75)	Lr 1.000e-03 (1.000e-03)
2026-01-14 03:52:01,376 - INFO: Epoch: [15][ 50/582]	Time  0.029 ( 0.039)	Loss 8.0710e-01 (2.7663e-01)	Acc pseudo  81.25 ( 89.55)	Lr 1.000e-03 (1.000e-03)
2026-01-14 03:52:06,112 - INFO: Epoch: [15][100/582]	Time  0.039 ( 0.037)	Loss 1.9459e-01 (2.6433e-01)	Acc pseudo  87.50 ( 89.90)	Lr 1.000e-03 (1.000e-03)
2026-01-14 03:52:10,843 - INFO: Epoch: [15][150/582]	Time  0.029 ( 0.034)	Loss 1.2694e-01 (2.5793e-01)	Acc pseudo  92.19 ( 89.93)	Lr 1.000e-03 (1.000e-03)
2026-01-14 03:52:15,572 - INFO: Epoch: [15][200/582]	Time  0.032 ( 0.033)	Loss 2.0565e-01 (2.5581e-01)	Acc pseudo  90.62 ( 89.95)	Lr 1.000e-03 (1.000e-03)
2026-01-14 03:52:20,306 - INFO: Epoch: [15][250/582]	Time  0.027 ( 0.032)	Loss 2.5355e-01 (2.5731e-01)	Acc pseudo  87.50 ( 89.85)	Lr 1.000e-03 (1.000e-03)
2026-01-14 03:52:25,041 - INFO: Epoch: [15][300/582]	Time  0.027 ( 0.032)	Loss 4.7535e-01 (2.6237e-01)	Acc pseudo  84.38 ( 89.77)	Lr 1.000e-03 (1.000e-03)
2026-01-14 03:52:29,779 - INFO: Epoch: [15][350/582]	Time  0.028 ( 0.031)	Loss 2.4666e-01 (2.6428e-01)	Acc pseudo  85.94 ( 89.69)	Lr 1.000e-03 (1.000e-03)
2026-01-14 03:52:34,532 - INFO: Epoch: [15][400/582]	Time  0.044 ( 0.032)	Loss 3.0625e-01 (2.6860e-01)	Acc pseudo  92.19 ( 89.59)	Lr 1.000e-03 (1.000e-03)
2026-01-14 03:52:39,273 - INFO: Epoch: [15][450/582]	Time  0.035 ( 0.033)	Loss 9.5388e-01 (2.7126e-01)	Acc pseudo  79.69 ( 89.62)	Lr 1.000e-03 (1.000e-03)
2026-01-14 03:52:44,018 - INFO: Epoch: [15][500/582]	Time  0.040 ( 0.033)	Loss 4.0406e-01 (2.7003e-01)	Acc pseudo  82.81 ( 89.63)	Lr 1.000e-03 (1.000e-03)
2026-01-14 03:52:48,762 - INFO: Epoch: [15][550/582]	Time  0.027 ( 0.034)	Loss 2.3812e-01 (2.7209e-01)	Acc pseudo  90.62 ( 89.58)	Lr 1.000e-03 (1.000e-03)
2026-01-14 03:52:51,793 - INFO: Round 2, Face Fine-tune Epoch 15: loss=0.2710, acc(pseudo)=89.65%
2026-01-14 03:53:52,174 - INFO: Round 2, Face Fine-tune Epoch 15: acc(valid_pseudo): 0.9892, acc: 0.8656
2026-01-14 03:53:52,175 - INFO: Round 2, Face Fine-tune Epoch 15: No improvement. Patience(epoch): 3/3
2026-01-14 03:53:52,175 - INFO: Early stopping at face epoch 15
2026-01-14 03:53:52,176 - INFO: Round 2: Best face fine-tuned epoch=12, acc(valid_pseudo)=0.9928
2026-01-14 03:53:52,320 - INFO: Using HMM model from previous round: runs/I love my family/exp_video/result/self_supervised/exp2/round1/pseudo_label/hmm_params.pkl
2026-01-14 05:24:04,159 - INFO: Round 2: speaker_acc=0.8705
2026-01-14 05:24:04,166 - INFO: Round 2: face_acc=0.8705
2026-01-14 05:24:04,169 - INFO: ====================
2026-01-14 05:24:04,169 - INFO: Round 3: Fine-tuning iteration
2026-01-14 05:24:04,169 - INFO: ====================
2026-01-14 05:24:04,241 - INFO: Round 3 Part 1: Fine-tuning embedding model
2026-01-14 05:24:04,242 - INFO: Using pseudo-label file: runs/I love my family/exp_video/result/self_supervised/exp2/round2/pseudo_label/pseudo_labels_audio_nested_hmm_full(unreliable_pp=100.0).json
2026-01-14 05:24:04,289 - INFO: For training, Using face pseudo-label file: runs/I love my family/exp_video/result/self_supervised/exp2/round2/pseudo_label/pseudo_labels_faces_mid_frame_train_nested_hmm_full.json
2026-01-14 05:24:04,290 - INFO: For infering, Using face pseudo-label file: runs/I love my family/exp_video/result/self_supervised/exp2/round2/pseudo_label/pseudo_labels_faces_mid_frame_all_nested_hmm_full.json
2026-01-14 05:24:04,554 - INFO: Created face dataloader with 37219 samples
2026-01-14 05:24:04,580 - INFO: Fine-tuning speaker embedding model for 20 epochs...
2026-01-14 05:24:05,371 - INFO: Epoch: [0][  0/301]	Time  0.766 ( 0.766)	Loss 3.3174e-01 (3.3174e-01)	Acc pseudo  89.06 ( 89.06)	Lr 1.000e-03 (1.000e-03)
2026-01-14 05:24:05,568 - INFO: Epoch: [0][ 50/301]	Time  0.004 ( 0.019)	Loss 5.3427e-01 (5.0482e-01)	Acc pseudo  85.94 ( 85.36)	Lr 1.000e-03 (1.000e-03)
2026-01-14 05:24:05,756 - INFO: Epoch: [0][100/301]	Time  0.004 ( 0.011)	Loss 7.1181e-01 (4.9897e-01)	Acc pseudo  85.94 ( 85.44)	Lr 1.000e-03 (1.000e-03)
2026-01-14 05:24:05,951 - INFO: Epoch: [0][150/301]	Time  0.003 ( 0.009)	Loss 4.8888e-01 (5.0163e-01)	Acc pseudo  81.25 ( 85.36)	Lr 1.000e-03 (1.000e-03)
2026-01-14 05:24:06,106 - INFO: Epoch: [0][200/301]	Time  0.003 ( 0.007)	Loss 8.6074e-01 (5.0104e-01)	Acc pseudo  87.50 ( 85.25)	Lr 1.000e-03 (1.000e-03)
2026-01-14 05:24:06,275 - INFO: Epoch: [0][250/301]	Time  0.004 ( 0.007)	Loss 7.1709e-01 (5.1000e-01)	Acc pseudo  84.38 ( 85.08)	Lr 1.000e-03 (1.000e-03)
2026-01-14 05:24:06,432 - INFO: Epoch: [0][300/301]	Time  0.002 ( 0.006)	Loss 2.5324e-01 (5.0464e-01)	Acc pseudo  96.00 ( 85.21)	Lr 1.000e-03 (1.000e-03)
2026-01-14 05:24:06,506 - INFO: Round 3, Fine-tune Epoch 0: loss=0.5046, acc(pseudo)=85.21%
2026-01-14 05:24:13,822 - INFO: Round 3, Fine-tune Epoch 0: acc(valid_pseudo): 0.9291, acc: 0.8135
2026-01-14 05:24:14,254 - INFO: Epoch: [1][  0/301]	Time  0.248 ( 0.248)	Loss 6.8985e-01 (6.8985e-01)	Acc pseudo  78.12 ( 78.12)	Lr 1.000e-03 (1.000e-03)
2026-01-14 05:24:14,448 - INFO: Epoch: [1][ 50/301]	Time  0.003 ( 0.009)	Loss 3.0642e-01 (4.4191e-01)	Acc pseudo  92.19 ( 86.58)	Lr 1.000e-03 (1.000e-03)
2026-01-14 05:24:14,607 - INFO: Epoch: [1][100/301]	Time  0.003 ( 0.006)	Loss 4.7915e-01 (4.5333e-01)	Acc pseudo  85.94 ( 86.23)	Lr 1.000e-03 (1.000e-03)
2026-01-14 05:24:14,769 - INFO: Epoch: [1][150/301]	Time  0.003 ( 0.005)	Loss 4.2142e-01 (4.4826e-01)	Acc pseudo  82.81 ( 86.41)	Lr 1.000e-03 (1.000e-03)
2026-01-14 05:24:14,925 - INFO: Epoch: [1][200/301]	Time  0.003 ( 0.004)	Loss 3.5143e-01 (4.5188e-01)	Acc pseudo  87.50 ( 86.28)	Lr 1.000e-03 (1.000e-03)
2026-01-14 05:24:15,075 - INFO: Epoch: [1][250/301]	Time  0.003 ( 0.004)	Loss 4.5170e-01 (4.5856e-01)	Acc pseudo  90.62 ( 86.16)	Lr 1.000e-03 (1.000e-03)
2026-01-14 05:24:15,221 - INFO: Epoch: [1][300/301]	Time  0.002 ( 0.004)	Loss 2.2675e-01 (4.5861e-01)	Acc pseudo  92.00 ( 86.18)	Lr 1.000e-03 (1.000e-03)
2026-01-14 05:24:15,292 - INFO: Round 3, Fine-tune Epoch 1: loss=0.4586, acc(pseudo)=86.18%
2026-01-14 05:24:22,620 - INFO: Round 3, Fine-tune Epoch 1: acc(valid_pseudo): 0.9563, acc: 0.8490
2026-01-14 05:24:23,084 - INFO: Epoch: [2][  0/301]	Time  0.283 ( 0.283)	Loss 5.5785e-01 (5.5785e-01)	Acc pseudo  82.81 ( 82.81)	Lr 1.000e-03 (1.000e-03)
2026-01-14 05:24:23,317 - INFO: Epoch: [2][ 50/301]	Time  0.004 ( 0.010)	Loss 3.2475e-01 (4.2366e-01)	Acc pseudo  89.06 ( 86.67)	Lr 1.000e-03 (1.000e-03)
2026-01-14 05:24:23,522 - INFO: Epoch: [2][100/301]	Time  0.004 ( 0.007)	Loss 6.0592e-01 (4.2456e-01)	Acc pseudo  78.12 ( 86.91)	Lr 1.000e-03 (1.000e-03)
2026-01-14 05:24:23,688 - INFO: Epoch: [2][150/301]	Time  0.003 ( 0.006)	Loss 2.5950e-01 (4.2315e-01)	Acc pseudo  90.62 ( 86.97)	Lr 1.000e-03 (1.000e-03)
2026-01-14 05:24:23,832 - INFO: Epoch: [2][200/301]	Time  0.003 ( 0.005)	Loss 3.3952e-01 (4.2079e-01)	Acc pseudo  92.19 ( 86.91)	Lr 1.000e-03 (1.000e-03)
2026-01-14 05:24:23,980 - INFO: Epoch: [2][250/301]	Time  0.003 ( 0.005)	Loss 3.1854e-01 (4.2288e-01)	Acc pseudo  89.06 ( 86.75)	Lr 1.000e-03 (1.000e-03)
2026-01-14 05:24:24,120 - INFO: Epoch: [2][300/301]	Time  0.002 ( 0.004)	Loss 5.8877e-01 (4.3095e-01)	Acc pseudo  92.00 ( 86.76)	Lr 1.000e-03 (1.000e-03)
2026-01-14 05:24:24,192 - INFO: Round 3, Fine-tune Epoch 2: loss=0.4310, acc(pseudo)=86.76%
2026-01-14 05:24:32,773 - INFO: Round 3, Fine-tune Epoch 2: acc(valid_pseudo): 0.9700, acc: 0.8595
2026-01-14 05:24:33,968 - INFO: Epoch: [3][  0/301]	Time  0.481 ( 0.481)	Loss 5.1680e-01 (5.1680e-01)	Acc pseudo  79.69 ( 79.69)	Lr 1.000e-03 (1.000e-03)
2026-01-14 05:24:34,224 - INFO: Epoch: [3][ 50/301]	Time  0.005 ( 0.014)	Loss 4.5149e-01 (4.0655e-01)	Acc pseudo  78.12 ( 87.29)	Lr 1.000e-03 (1.000e-03)
2026-01-14 05:24:34,426 - INFO: Epoch: [3][100/301]	Time  0.004 ( 0.009)	Loss 2.2585e-01 (4.0629e-01)	Acc pseudo  90.62 ( 87.28)	Lr 1.000e-03 (1.000e-03)
2026-01-14 05:24:34,620 - INFO: Epoch: [3][150/301]	Time  0.004 ( 0.007)	Loss 4.1010e-01 (4.1531e-01)	Acc pseudo  90.62 ( 87.11)	Lr 1.000e-03 (1.000e-03)
2026-01-14 05:24:34,815 - INFO: Epoch: [3][200/301]	Time  0.004 ( 0.007)	Loss 3.5878e-01 (4.1692e-01)	Acc pseudo  84.38 ( 87.14)	Lr 1.000e-03 (1.000e-03)
2026-01-14 05:24:35,010 - INFO: Epoch: [3][250/301]	Time  0.004 ( 0.006)	Loss 5.6622e-01 (4.1834e-01)	Acc pseudo  87.50 ( 87.23)	Lr 1.000e-03 (1.000e-03)
2026-01-14 05:24:35,198 - INFO: Epoch: [3][300/301]	Time  0.003 ( 0.006)	Loss 4.1180e-01 (4.2276e-01)	Acc pseudo  80.00 ( 87.05)	Lr 1.000e-03 (1.000e-03)
2026-01-14 05:24:35,270 - INFO: Round 3, Fine-tune Epoch 3: loss=0.4228, acc(pseudo)=87.05%
2026-01-14 05:24:44,005 - INFO: Round 3, Fine-tune Epoch 3: acc(valid_pseudo): 0.9443, acc: 0.8395
2026-01-14 05:24:44,006 - INFO: Round 3, Speaker Fine-tune Epoch 3: No improvement in validation accuracy. Patience(epoch): 1/3
2026-01-14 05:24:44,463 - INFO: Epoch: [4][  0/301]	Time  0.449 ( 0.449)	Loss 6.8623e-01 (6.8623e-01)	Acc pseudo  82.81 ( 82.81)	Lr 1.000e-03 (1.000e-03)
2026-01-14 05:24:44,693 - INFO: Epoch: [4][ 50/301]	Time  0.004 ( 0.013)	Loss 5.1773e-01 (4.1238e-01)	Acc pseudo  87.50 ( 87.50)	Lr 1.000e-03 (1.000e-03)
2026-01-14 05:24:44,906 - INFO: Epoch: [4][100/301]	Time  0.003 ( 0.009)	Loss 3.2471e-01 (4.1629e-01)	Acc pseudo  84.38 ( 86.88)	Lr 1.000e-03 (1.000e-03)
2026-01-14 05:24:45,064 - INFO: Epoch: [4][150/301]	Time  0.003 ( 0.007)	Loss 3.5825e-01 (4.2017e-01)	Acc pseudo  82.81 ( 86.89)	Lr 1.000e-03 (1.000e-03)
2026-01-14 05:24:45,219 - INFO: Epoch: [4][200/301]	Time  0.003 ( 0.006)	Loss 3.8935e-01 (4.2949e-01)	Acc pseudo  84.38 ( 86.99)	Lr 1.000e-03 (1.000e-03)
2026-01-14 05:24:45,371 - INFO: Epoch: [4][250/301]	Time  0.003 ( 0.005)	Loss 4.4598e-01 (4.2899e-01)	Acc pseudo  82.81 ( 86.82)	Lr 1.000e-03 (1.000e-03)
2026-01-14 05:24:45,518 - INFO: Epoch: [4][300/301]	Time  0.002 ( 0.005)	Loss 5.0424e-01 (4.3437e-01)	Acc pseudo  92.00 ( 86.79)	Lr 1.000e-03 (1.000e-03)
2026-01-14 05:24:45,592 - INFO: Round 3, Fine-tune Epoch 4: loss=0.4344, acc(pseudo)=86.79%
2026-01-14 05:24:53,043 - INFO: Round 3, Fine-tune Epoch 4: acc(valid_pseudo): 0.8769, acc: 0.7630
2026-01-14 05:24:53,044 - INFO: Round 3, Speaker Fine-tune Epoch 4: No improvement in validation accuracy. Patience(epoch): 2/3
2026-01-14 05:24:53,044 - INFO: Early stopping at epoch 4 due to significant drop in pseudo-label validation accuracy: 0.9443 -> 0.8769.
2026-01-14 05:24:53,045 - INFO: Round 3: Best speaker fine-tuned epoch=2, acc(valid_pseudo)=0.9700
2026-01-14 05:24:53,049 - INFO: Fine-tuning face embedding model for 20 epochs...
2026-01-14 05:24:54,011 - INFO: Epoch: [0][  0/582]	Time  0.926 ( 0.926)	Loss 1.5835e-01 (1.5835e-01)	Acc pseudo  90.62 ( 90.62)	Lr 1.000e-03 (1.000e-03)
2026-01-14 05:24:58,722 - INFO: Epoch: [0][ 50/582]	Time  0.035 ( 0.049)	Loss 9.4840e-02 (2.2315e-01)	Acc pseudo  96.88 ( 92.62)	Lr 1.000e-03 (1.000e-03)
2026-01-14 05:25:03,440 - INFO: Epoch: [0][100/582]	Time  0.035 ( 0.041)	Loss 2.3925e-01 (2.3595e-01)	Acc pseudo  87.50 ( 91.91)	Lr 1.000e-03 (1.000e-03)
2026-01-14 05:25:08,164 - INFO: Epoch: [0][150/582]	Time  0.028 ( 0.038)	Loss 2.7651e-01 (2.2344e-01)	Acc pseudo  89.06 ( 91.96)	Lr 1.000e-03 (1.000e-03)
2026-01-14 05:25:12,892 - INFO: Epoch: [0][200/582]	Time  0.029 ( 0.036)	Loss 6.0710e-02 (2.2068e-01)	Acc pseudo  98.44 ( 91.86)	Lr 1.000e-03 (1.000e-03)
2026-01-14 05:25:17,771 - INFO: Epoch: [0][250/582]	Time  0.030 ( 0.036)	Loss 2.3025e-01 (2.2047e-01)	Acc pseudo  90.62 ( 91.78)	Lr 1.000e-03 (1.000e-03)
2026-01-14 05:25:23,048 - INFO: Epoch: [0][300/582]	Time  0.029 ( 0.036)	Loss 1.0574e-01 (2.1742e-01)	Acc pseudo  95.31 ( 91.83)	Lr 1.000e-03 (1.000e-03)
2026-01-14 05:25:27,843 - INFO: Epoch: [0][350/582]	Time  0.038 ( 0.037)	Loss 9.1275e-02 (2.1420e-01)	Acc pseudo  92.19 ( 91.92)	Lr 1.000e-03 (1.000e-03)
2026-01-14 05:25:32,588 - INFO: Epoch: [0][400/582]	Time  0.032 ( 0.037)	Loss 1.3726e-01 (2.0948e-01)	Acc pseudo  93.75 ( 92.04)	Lr 1.000e-03 (1.000e-03)
2026-01-14 05:25:37,333 - INFO: Epoch: [0][450/582]	Time  0.028 ( 0.036)	Loss 1.3264e-01 (2.0877e-01)	Acc pseudo  95.31 ( 92.09)	Lr 1.000e-03 (1.000e-03)
2026-01-14 05:25:42,080 - INFO: Epoch: [0][500/582]	Time  0.036 ( 0.035)	Loss 1.4584e-01 (2.1177e-01)	Acc pseudo  93.75 ( 92.01)	Lr 1.000e-03 (1.000e-03)
2026-01-14 05:25:46,828 - INFO: Epoch: [0][550/582]	Time  0.028 ( 0.035)	Loss 1.6087e-01 (2.1106e-01)	Acc pseudo  90.62 ( 92.04)	Lr 1.000e-03 (1.000e-03)
2026-01-14 05:25:49,916 - INFO: Round 3, Face Fine-tune Epoch 0: loss=0.2124, acc(pseudo)=92.01%
2026-01-14 05:26:50,316 - INFO: Round 3, Face Fine-tune Epoch 0: acc(valid_pseudo): 0.9916, acc: 0.8666
2026-01-14 05:26:51,206 - INFO: Epoch: [1][  0/582]	Time  0.508 ( 0.508)	Loss 3.2202e-01 (3.2202e-01)	Acc pseudo  87.50 ( 87.50)	Lr 1.000e-03 (1.000e-03)
2026-01-14 05:26:56,072 - INFO: Epoch: [1][ 50/582]	Time  0.030 ( 0.044)	Loss 1.2251e-01 (2.1361e-01)	Acc pseudo  96.88 ( 91.30)	Lr 1.000e-03 (1.000e-03)
2026-01-14 05:27:00,777 - INFO: Epoch: [1][100/582]	Time  0.028 ( 0.036)	Loss 3.6976e-01 (2.0371e-01)	Acc pseudo  89.06 ( 91.74)	Lr 1.000e-03 (1.000e-03)
2026-01-14 05:27:05,481 - INFO: Epoch: [1][150/582]	Time  0.028 ( 0.034)	Loss 1.1550e-01 (2.0070e-01)	Acc pseudo  92.19 ( 91.89)	Lr 1.000e-03 (1.000e-03)
2026-01-14 05:27:10,188 - INFO: Epoch: [1][200/582]	Time  0.040 ( 0.032)	Loss 7.5355e-02 (1.9579e-01)	Acc pseudo  98.44 ( 92.06)	Lr 1.000e-03 (1.000e-03)
2026-01-14 05:27:14,895 - INFO: Epoch: [1][250/582]	Time  0.028 ( 0.032)	Loss 1.1696e-01 (1.9543e-01)	Acc pseudo  92.19 ( 92.08)	Lr 1.000e-03 (1.000e-03)
2026-01-14 05:27:19,600 - INFO: Epoch: [1][300/582]	Time  0.027 ( 0.031)	Loss 1.9719e-01 (1.9350e-01)	Acc pseudo  92.19 ( 92.17)	Lr 1.000e-03 (1.000e-03)
2026-01-14 05:27:24,304 - INFO: Epoch: [1][350/582]	Time  0.027 ( 0.031)	Loss 1.0726e-01 (1.9304e-01)	Acc pseudo  93.75 ( 92.12)	Lr 1.000e-03 (1.000e-03)
2026-01-14 05:27:29,003 - INFO: Epoch: [1][400/582]	Time  0.027 ( 0.030)	Loss 1.4321e-01 (1.9352e-01)	Acc pseudo  93.75 ( 92.16)	Lr 1.000e-03 (1.000e-03)
2026-01-14 05:27:33,701 - INFO: Epoch: [1][450/582]	Time  0.027 ( 0.030)	Loss 2.9155e-01 (1.9529e-01)	Acc pseudo  89.06 ( 92.19)	Lr 1.000e-03 (1.000e-03)
2026-01-14 05:27:38,409 - INFO: Epoch: [1][500/582]	Time  0.047 ( 0.030)	Loss 1.9705e-01 (1.9694e-01)	Acc pseudo  89.06 ( 92.14)	Lr 1.000e-03 (1.000e-03)
2026-01-14 05:27:43,115 - INFO: Epoch: [1][550/582]	Time  0.029 ( 0.031)	Loss 1.7053e-01 (1.9867e-01)	Acc pseudo  92.19 ( 92.17)	Lr 1.000e-03 (1.000e-03)
2026-01-14 05:27:46,143 - INFO: Round 3, Face Fine-tune Epoch 1: loss=0.1985, acc(pseudo)=92.19%
2026-01-14 05:28:44,847 - INFO: Round 3, Face Fine-tune Epoch 1: acc(valid_pseudo): 0.9916, acc: 0.8637
2026-01-14 05:28:44,847 - INFO: Round 3, Face Fine-tune Epoch 1: No improvement. Patience(epoch): 1/3
2026-01-14 05:28:45,382 - INFO: Epoch: [2][  0/582]	Time  0.495 ( 0.495)	Loss 8.7724e-02 (8.7724e-02)	Acc pseudo  95.31 ( 95.31)	Lr 1.000e-03 (1.000e-03)
2026-01-14 05:28:50,092 - INFO: Epoch: [2][ 50/582]	Time  0.030 ( 0.042)	Loss 1.8656e-01 (1.6634e-01)	Acc pseudo  90.62 ( 92.98)	Lr 1.000e-03 (1.000e-03)
2026-01-14 05:28:54,799 - INFO: Epoch: [2][100/582]	Time  0.028 ( 0.036)	Loss 1.5356e-01 (1.8437e-01)	Acc pseudo  92.19 ( 93.05)	Lr 1.000e-03 (1.000e-03)
2026-01-14 05:28:59,509 - INFO: Epoch: [2][150/582]	Time  0.041 ( 0.036)	Loss 1.5861e-01 (1.8237e-01)	Acc pseudo  95.31 ( 92.99)	Lr 1.000e-03 (1.000e-03)
2026-01-14 05:29:04,220 - INFO: Epoch: [2][200/582]	Time  0.027 ( 0.036)	Loss 1.4964e-01 (1.8205e-01)	Acc pseudo  95.31 ( 92.86)	Lr 1.000e-03 (1.000e-03)
2026-01-14 05:29:08,930 - INFO: Epoch: [2][250/582]	Time  0.028 ( 0.035)	Loss 7.2688e-02 (1.8224e-01)	Acc pseudo  95.31 ( 92.80)	Lr 1.000e-03 (1.000e-03)
2026-01-14 05:29:13,636 - INFO: Epoch: [2][300/582]	Time  0.028 ( 0.034)	Loss 1.3581e-01 (1.8629e-01)	Acc pseudo  93.75 ( 92.68)	Lr 1.000e-03 (1.000e-03)
2026-01-14 05:29:18,342 - INFO: Epoch: [2][350/582]	Time  0.029 ( 0.033)	Loss 1.9126e-01 (1.8285e-01)	Acc pseudo  90.62 ( 92.85)	Lr 1.000e-03 (1.000e-03)
2026-01-14 05:29:23,053 - INFO: Epoch: [2][400/582]	Time  0.029 ( 0.032)	Loss 1.7197e-01 (1.8324e-01)	Acc pseudo  85.94 ( 92.82)	Lr 1.000e-03 (1.000e-03)
2026-01-14 05:29:27,764 - INFO: Epoch: [2][450/582]	Time  0.029 ( 0.032)	Loss 1.9177e-01 (1.8335e-01)	Acc pseudo  89.06 ( 92.76)	Lr 1.000e-03 (1.000e-03)
2026-01-14 05:29:32,470 - INFO: Epoch: [2][500/582]	Time  0.028 ( 0.032)	Loss 3.0982e-01 (1.8483e-01)	Acc pseudo  89.06 ( 92.70)	Lr 1.000e-03 (1.000e-03)
2026-01-14 05:29:37,172 - INFO: Epoch: [2][550/582]	Time  0.028 ( 0.031)	Loss 1.6894e-01 (1.8514e-01)	Acc pseudo  93.75 ( 92.68)	Lr 1.000e-03 (1.000e-03)
2026-01-14 05:29:40,178 - INFO: Round 3, Face Fine-tune Epoch 2: loss=0.1852, acc(pseudo)=92.72%
2026-01-14 05:30:40,304 - INFO: Round 3, Face Fine-tune Epoch 2: acc(valid_pseudo): 0.9917, acc: 0.8685
2026-01-14 05:30:41,163 - INFO: Epoch: [3][  0/582]	Time  0.476 ( 0.476)	Loss 8.9342e-02 (8.9342e-02)	Acc pseudo  98.44 ( 98.44)	Lr 1.000e-03 (1.000e-03)
2026-01-14 05:30:45,873 - INFO: Epoch: [3][ 50/582]	Time  0.029 ( 0.038)	Loss 8.1947e-02 (1.9910e-01)	Acc pseudo  96.88 ( 93.05)	Lr 1.000e-03 (1.000e-03)
2026-01-14 05:30:50,587 - INFO: Epoch: [3][100/582]	Time  0.043 ( 0.034)	Loss 1.7773e-01 (1.9651e-01)	Acc pseudo  90.62 ( 92.59)	Lr 1.000e-03 (1.000e-03)
2026-01-14 05:30:55,305 - INFO: Epoch: [3][150/582]	Time  0.028 ( 0.034)	Loss 8.5112e-02 (1.9615e-01)	Acc pseudo  96.88 ( 92.66)	Lr 1.000e-03 (1.000e-03)
2026-01-14 05:31:00,019 - INFO: Epoch: [3][200/582]	Time  0.027 ( 0.033)	Loss 3.5854e-01 (1.9371e-01)	Acc pseudo  87.50 ( 92.74)	Lr 1.000e-03 (1.000e-03)
2026-01-14 05:31:04,738 - INFO: Epoch: [3][250/582]	Time  0.036 ( 0.033)	Loss 1.9788e-01 (1.8970e-01)	Acc pseudo  95.31 ( 92.72)	Lr 1.000e-03 (1.000e-03)
2026-01-14 05:31:09,459 - INFO: Epoch: [3][300/582]	Time  0.029 ( 0.032)	Loss 2.2828e-01 (1.8718e-01)	Acc pseudo  90.62 ( 92.64)	Lr 1.000e-03 (1.000e-03)
2026-01-14 05:31:14,187 - INFO: Epoch: [3][350/582]	Time  0.046 ( 0.034)	Loss 1.5923e-01 (1.8321e-01)	Acc pseudo  92.19 ( 92.79)	Lr 1.000e-03 (1.000e-03)
2026-01-14 05:31:18,916 - INFO: Epoch: [3][400/582]	Time  0.046 ( 0.035)	Loss 3.3539e-01 (1.8400e-01)	Acc pseudo  89.06 ( 92.78)	Lr 1.000e-03 (1.000e-03)
2026-01-14 05:31:23,645 - INFO: Epoch: [3][450/582]	Time  0.039 ( 0.036)	Loss 3.1360e-01 (1.8425e-01)	Acc pseudo  89.06 ( 92.75)	Lr 1.000e-03 (1.000e-03)
2026-01-14 05:31:28,377 - INFO: Epoch: [3][500/582]	Time  0.047 ( 0.036)	Loss 2.6351e-01 (1.8418e-01)	Acc pseudo  89.06 ( 92.71)	Lr 1.000e-03 (1.000e-03)
2026-01-14 05:31:33,106 - INFO: Epoch: [3][550/582]	Time  0.029 ( 0.036)	Loss 1.4259e-01 (1.8325e-01)	Acc pseudo  95.31 ( 92.70)	Lr 1.000e-03 (1.000e-03)
2026-01-14 05:31:36,124 - INFO: Round 3, Face Fine-tune Epoch 3: loss=0.1834, acc(pseudo)=92.71%
2026-01-14 05:32:36,734 - INFO: Round 3, Face Fine-tune Epoch 3: acc(valid_pseudo): 0.9926, acc: 0.8656
2026-01-14 05:32:37,787 - INFO: Epoch: [4][  0/582]	Time  0.626 ( 0.626)	Loss 3.8983e-01 (3.8983e-01)	Acc pseudo  87.50 ( 87.50)	Lr 1.000e-03 (1.000e-03)
2026-01-14 05:32:42,517 - INFO: Epoch: [4][ 50/582]	Time  0.031 ( 0.042)	Loss 2.1368e-01 (1.6346e-01)	Acc pseudo  95.31 ( 93.29)	Lr 1.000e-03 (1.000e-03)
2026-01-14 05:32:47,245 - INFO: Epoch: [4][100/582]	Time  0.029 ( 0.036)	Loss 2.5169e-01 (1.6456e-01)	Acc pseudo  93.75 ( 93.39)	Lr 1.000e-03 (1.000e-03)
2026-01-14 05:32:51,975 - INFO: Epoch: [4][150/582]	Time  0.027 ( 0.033)	Loss 8.3483e-02 (1.7106e-01)	Acc pseudo  96.88 ( 93.03)	Lr 1.000e-03 (1.000e-03)
2026-01-14 05:32:56,703 - INFO: Epoch: [4][200/582]	Time  0.027 ( 0.032)	Loss 1.9950e-01 (1.6740e-01)	Acc pseudo  93.75 ( 93.17)	Lr 1.000e-03 (1.000e-03)
2026-01-14 05:33:01,438 - INFO: Epoch: [4][250/582]	Time  0.039 ( 0.032)	Loss 1.8062e-01 (1.7012e-01)	Acc pseudo  87.50 ( 92.97)	Lr 1.000e-03 (1.000e-03)
2026-01-14 05:33:06,171 - INFO: Epoch: [4][300/582]	Time  0.028 ( 0.031)	Loss 2.1300e-01 (1.7077e-01)	Acc pseudo  90.62 ( 93.04)	Lr 1.000e-03 (1.000e-03)
2026-01-14 05:33:10,924 - INFO: Epoch: [4][350/582]	Time  0.028 ( 0.031)	Loss 2.8687e-01 (1.7273e-01)	Acc pseudo  89.06 ( 93.06)	Lr 1.000e-03 (1.000e-03)
2026-01-14 05:33:15,659 - INFO: Epoch: [4][400/582]	Time  0.038 ( 0.031)	Loss 1.6371e-01 (1.7491e-01)	Acc pseudo  90.62 ( 92.96)	Lr 1.000e-03 (1.000e-03)
2026-01-14 05:33:20,392 - INFO: Epoch: [4][450/582]	Time  0.047 ( 0.031)	Loss 3.3923e-01 (1.7499e-01)	Acc pseudo  89.06 ( 92.92)	Lr 1.000e-03 (1.000e-03)
2026-01-14 05:33:25,130 - INFO: Epoch: [4][500/582]	Time  0.029 ( 0.032)	Loss 1.5737e-01 (1.7540e-01)	Acc pseudo  92.19 ( 92.86)	Lr 1.000e-03 (1.000e-03)
2026-01-14 05:33:29,864 - INFO: Epoch: [4][550/582]	Time  0.027 ( 0.031)	Loss 1.2798e-01 (1.7512e-01)	Acc pseudo  96.88 ( 92.80)	Lr 1.000e-03 (1.000e-03)
2026-01-14 05:33:32,883 - INFO: Round 3, Face Fine-tune Epoch 4: loss=0.1748, acc(pseudo)=92.84%
2026-01-14 05:34:33,616 - INFO: Round 3, Face Fine-tune Epoch 4: acc(valid_pseudo): 0.9922, acc: 0.8656
2026-01-14 05:34:33,616 - INFO: Round 3, Face Fine-tune Epoch 4: No improvement. Patience(epoch): 1/3
2026-01-14 05:34:34,203 - INFO: Epoch: [5][  0/582]	Time  0.534 ( 0.534)	Loss 2.5847e-01 (2.5847e-01)	Acc pseudo  93.75 ( 93.75)	Lr 1.000e-03 (1.000e-03)
2026-01-14 05:34:38,934 - INFO: Epoch: [5][ 50/582]	Time  0.028 ( 0.043)	Loss 5.5503e-02 (1.7691e-01)	Acc pseudo 100.00 ( 92.80)	Lr 1.000e-03 (1.000e-03)
2026-01-14 05:34:43,657 - INFO: Epoch: [5][100/582]	Time  0.028 ( 0.037)	Loss 1.1272e-01 (1.7103e-01)	Acc pseudo  92.19 ( 93.01)	Lr 1.000e-03 (1.000e-03)
2026-01-14 05:34:48,619 - INFO: Epoch: [5][150/582]	Time  0.041 ( 0.036)	Loss 2.1567e-01 (1.6517e-01)	Acc pseudo  92.19 ( 93.20)	Lr 1.000e-03 (1.000e-03)
2026-01-14 05:34:53,352 - INFO: Epoch: [5][200/582]	Time  0.027 ( 0.037)	Loss 3.3666e-01 (1.6380e-01)	Acc pseudo  89.06 ( 93.34)	Lr 1.000e-03 (1.000e-03)
2026-01-14 05:34:58,081 - INFO: Epoch: [5][250/582]	Time  0.029 ( 0.036)	Loss 1.8506e-01 (1.6784e-01)	Acc pseudo  90.62 ( 93.16)	Lr 1.000e-03 (1.000e-03)
2026-01-14 05:35:02,812 - INFO: Epoch: [5][300/582]	Time  0.030 ( 0.035)	Loss 1.4689e-01 (1.6789e-01)	Acc pseudo  92.19 ( 93.29)	Lr 1.000e-03 (1.000e-03)
2026-01-14 05:35:07,542 - INFO: Epoch: [5][350/582]	Time  0.029 ( 0.034)	Loss 9.6867e-02 (1.6663e-01)	Acc pseudo  96.88 ( 93.40)	Lr 1.000e-03 (1.000e-03)
2026-01-14 05:35:12,270 - INFO: Epoch: [5][400/582]	Time  0.028 ( 0.033)	Loss 1.3087e-01 (1.6674e-01)	Acc pseudo  95.31 ( 93.33)	Lr 1.000e-03 (1.000e-03)
2026-01-14 05:35:16,998 - INFO: Epoch: [5][450/582]	Time  0.028 ( 0.033)	Loss 1.7088e-01 (1.6719e-01)	Acc pseudo  90.62 ( 93.31)	Lr 1.000e-03 (1.000e-03)
2026-01-14 05:35:21,726 - INFO: Epoch: [5][500/582]	Time  0.028 ( 0.032)	Loss 1.1962e-01 (1.6749e-01)	Acc pseudo  93.75 ( 93.30)	Lr 1.000e-03 (1.000e-03)
2026-01-14 05:35:26,550 - INFO: Epoch: [5][550/582]	Time  0.028 ( 0.032)	Loss 9.5765e-02 (1.6720e-01)	Acc pseudo  95.31 ( 93.28)	Lr 1.000e-03 (1.000e-03)
2026-01-14 05:35:29,582 - INFO: Round 3, Face Fine-tune Epoch 5: loss=0.1679, acc(pseudo)=93.23%
2026-01-14 05:36:28,957 - INFO: Round 3, Face Fine-tune Epoch 5: acc(valid_pseudo): 0.9933, acc: 0.8656
2026-01-14 05:36:29,829 - INFO: Epoch: [6][  0/582]	Time  0.501 ( 0.501)	Loss 5.3552e-02 (5.3552e-02)	Acc pseudo  96.88 ( 96.88)	Lr 1.000e-03 (1.000e-03)
2026-01-14 05:36:34,557 - INFO: Epoch: [6][ 50/582]	Time  0.029 ( 0.039)	Loss 1.6566e-01 (1.5800e-01)	Acc pseudo  92.19 ( 93.81)	Lr 1.000e-03 (1.000e-03)
2026-01-14 05:36:39,285 - INFO: Epoch: [6][100/582]	Time  0.037 ( 0.035)	Loss 2.1897e-01 (1.5509e-01)	Acc pseudo  92.19 ( 93.66)	Lr 1.000e-03 (1.000e-03)
2026-01-14 05:36:44,015 - INFO: Epoch: [6][150/582]	Time  0.037 ( 0.035)	Loss 1.2718e-01 (1.5979e-01)	Acc pseudo  93.75 ( 93.46)	Lr 1.000e-03 (1.000e-03)
2026-01-14 05:36:48,746 - INFO: Epoch: [6][200/582]	Time  0.032 ( 0.035)	Loss 1.8654e-01 (1.5684e-01)	Acc pseudo  87.50 ( 93.52)	Lr 1.000e-03 (1.000e-03)
2026-01-14 05:36:53,476 - INFO: Epoch: [6][250/582]	Time  0.032 ( 0.035)	Loss 2.5592e-01 (1.5639e-01)	Acc pseudo  92.19 ( 93.54)	Lr 1.000e-03 (1.000e-03)
2026-01-14 05:36:58,211 - INFO: Epoch: [6][300/582]	Time  0.029 ( 0.035)	Loss 1.9138e-01 (1.5621e-01)	Acc pseudo  89.06 ( 93.50)	Lr 1.000e-03 (1.000e-03)
2026-01-14 05:37:02,946 - INFO: Epoch: [6][350/582]	Time  0.048 ( 0.035)	Loss 1.5313e-01 (1.5801e-01)	Acc pseudo  92.19 ( 93.42)	Lr 1.000e-03 (1.000e-03)
2026-01-14 05:37:07,684 - INFO: Epoch: [6][400/582]	Time  0.028 ( 0.036)	Loss 3.2860e-01 (1.5849e-01)	Acc pseudo  92.19 ( 93.41)	Lr 1.000e-03 (1.000e-03)
2026-01-14 05:37:12,419 - INFO: Epoch: [6][450/582]	Time  0.028 ( 0.035)	Loss 1.9621e-01 (1.5993e-01)	Acc pseudo  90.62 ( 93.38)	Lr 1.000e-03 (1.000e-03)
2026-01-14 05:37:17,152 - INFO: Epoch: [6][500/582]	Time  0.027 ( 0.034)	Loss 2.2254e-01 (1.6326e-01)	Acc pseudo  90.62 ( 93.28)	Lr 1.000e-03 (1.000e-03)
2026-01-14 05:37:21,881 - INFO: Epoch: [6][550/582]	Time  0.027 ( 0.034)	Loss 2.5308e-01 (1.6342e-01)	Acc pseudo  89.06 ( 93.30)	Lr 1.000e-03 (1.000e-03)
2026-01-14 05:37:24,900 - INFO: Round 3, Face Fine-tune Epoch 6: loss=0.1649, acc(pseudo)=93.27%
2026-01-14 05:38:26,357 - INFO: Round 3, Face Fine-tune Epoch 6: acc(valid_pseudo): 0.9918, acc: 0.8685
2026-01-14 05:38:26,357 - INFO: Round 3, Face Fine-tune Epoch 6: No improvement. Patience(epoch): 1/3
2026-01-14 05:38:26,884 - INFO: Epoch: [7][  0/582]	Time  0.476 ( 0.476)	Loss 1.7684e-01 (1.7684e-01)	Acc pseudo  92.19 ( 92.19)	Lr 1.000e-03 (1.000e-03)
2026-01-14 05:38:31,616 - INFO: Epoch: [7][ 50/582]	Time  0.028 ( 0.039)	Loss 1.8842e-01 (1.5345e-01)	Acc pseudo  92.19 ( 93.44)	Lr 1.000e-03 (1.000e-03)
2026-01-14 05:38:36,344 - INFO: Epoch: [7][100/582]	Time  0.029 ( 0.034)	Loss 1.6774e-01 (1.5325e-01)	Acc pseudo  92.19 ( 93.64)	Lr 1.000e-03 (1.000e-03)
2026-01-14 05:38:41,074 - INFO: Epoch: [7][150/582]	Time  0.030 ( 0.033)	Loss 1.7333e-01 (1.5061e-01)	Acc pseudo  92.19 ( 93.74)	Lr 1.000e-03 (1.000e-03)
2026-01-14 05:38:45,804 - INFO: Epoch: [7][200/582]	Time  0.041 ( 0.032)	Loss 4.0141e-02 (1.4868e-01)	Acc pseudo 100.00 ( 93.79)	Lr 1.000e-03 (1.000e-03)
2026-01-14 05:38:50,535 - INFO: Epoch: [7][250/582]	Time  0.036 ( 0.031)	Loss 1.4902e-01 (1.4972e-01)	Acc pseudo  90.62 ( 93.72)	Lr 1.000e-03 (1.000e-03)
2026-01-14 05:38:55,266 - INFO: Epoch: [7][300/582]	Time  0.035 ( 0.032)	Loss 1.6519e-01 (1.4743e-01)	Acc pseudo  92.19 ( 93.82)	Lr 1.000e-03 (1.000e-03)
2026-01-14 05:38:59,998 - INFO: Epoch: [7][350/582]	Time  0.028 ( 0.032)	Loss 3.0265e-01 (1.4844e-01)	Acc pseudo  92.19 ( 93.81)	Lr 1.000e-03 (1.000e-03)
2026-01-14 05:39:04,730 - INFO: Epoch: [7][400/582]	Time  0.028 ( 0.032)	Loss 8.9567e-02 (1.4845e-01)	Acc pseudo  96.88 ( 93.80)	Lr 1.000e-03 (1.000e-03)
2026-01-14 05:39:09,464 - INFO: Epoch: [7][450/582]	Time  0.027 ( 0.031)	Loss 1.0139e-01 (1.5199e-01)	Acc pseudo  93.75 ( 93.72)	Lr 1.000e-03 (1.000e-03)
2026-01-14 05:39:14,199 - INFO: Epoch: [7][500/582]	Time  0.028 ( 0.031)	Loss 3.7854e-01 (1.5330e-01)	Acc pseudo  95.31 ( 93.72)	Lr 1.000e-03 (1.000e-03)
2026-01-14 05:39:18,932 - INFO: Epoch: [7][550/582]	Time  0.027 ( 0.031)	Loss 8.4644e-02 (1.5548e-01)	Acc pseudo  93.75 ( 93.63)	Lr 1.000e-03 (1.000e-03)
2026-01-14 05:39:21,975 - INFO: Round 3, Face Fine-tune Epoch 7: loss=0.1577, acc(pseudo)=93.62%
2026-01-14 05:40:21,249 - INFO: Round 3, Face Fine-tune Epoch 7: acc(valid_pseudo): 0.9929, acc: 0.8666
2026-01-14 05:40:21,249 - INFO: Round 3, Face Fine-tune Epoch 7: No improvement. Patience(epoch): 2/3
2026-01-14 05:40:21,784 - INFO: Epoch: [8][  0/582]	Time  0.490 ( 0.490)	Loss 1.1559e-01 (1.1559e-01)	Acc pseudo  93.75 ( 93.75)	Lr 1.000e-03 (1.000e-03)
2026-01-14 05:40:26,525 - INFO: Epoch: [8][ 50/582]	Time  0.041 ( 0.054)	Loss 1.3668e-01 (1.4875e-01)	Acc pseudo  93.75 ( 93.93)	Lr 1.000e-03 (1.000e-03)
2026-01-14 05:40:31,270 - INFO: Epoch: [8][100/582]	Time  0.027 ( 0.049)	Loss 1.3049e-01 (1.4271e-01)	Acc pseudo  90.62 ( 93.89)	Lr 1.000e-03 (1.000e-03)
2026-01-14 05:40:36,008 - INFO: Epoch: [8][150/582]	Time  0.029 ( 0.043)	Loss 1.1180e-01 (1.4160e-01)	Acc pseudo  92.19 ( 93.79)	Lr 1.000e-03 (1.000e-03)
2026-01-14 05:40:40,746 - INFO: Epoch: [8][200/582]	Time  0.041 ( 0.040)	Loss 1.9767e-01 (1.4583e-01)	Acc pseudo  90.62 ( 93.77)	Lr 1.000e-03 (1.000e-03)
2026-01-14 05:40:45,482 - INFO: Epoch: [8][250/582]	Time  0.029 ( 0.038)	Loss 1.9479e-01 (1.4900e-01)	Acc pseudo  90.62 ( 93.77)	Lr 1.000e-03 (1.000e-03)
2026-01-14 05:40:50,219 - INFO: Epoch: [8][300/582]	Time  0.032 ( 0.037)	Loss 9.7509e-02 (1.5191e-01)	Acc pseudo  93.75 ( 93.65)	Lr 1.000e-03 (1.000e-03)
2026-01-14 05:40:54,996 - INFO: Epoch: [8][350/582]	Time  0.027 ( 0.036)	Loss 6.0877e-02 (1.5051e-01)	Acc pseudo  95.31 ( 93.78)	Lr 1.000e-03 (1.000e-03)
2026-01-14 05:40:59,745 - INFO: Epoch: [8][400/582]	Time  0.028 ( 0.035)	Loss 9.2214e-02 (1.5195e-01)	Acc pseudo  96.88 ( 93.70)	Lr 1.000e-03 (1.000e-03)
2026-01-14 05:41:04,581 - INFO: Epoch: [8][450/582]	Time  0.040 ( 0.034)	Loss 4.7985e-02 (1.5221e-01)	Acc pseudo  96.88 ( 93.69)	Lr 1.000e-03 (1.000e-03)
2026-01-14 05:41:09,315 - INFO: Epoch: [8][500/582]	Time  0.027 ( 0.034)	Loss 1.3058e-01 (1.5363e-01)	Acc pseudo  96.88 ( 93.70)	Lr 1.000e-03 (1.000e-03)
2026-01-14 05:41:14,054 - INFO: Epoch: [8][550/582]	Time  0.028 ( 0.033)	Loss 9.2475e-02 (1.5524e-01)	Acc pseudo  93.75 ( 93.64)	Lr 1.000e-03 (1.000e-03)
2026-01-14 05:41:17,129 - INFO: Round 3, Face Fine-tune Epoch 8: loss=0.1561, acc(pseudo)=93.58%
2026-01-14 05:42:16,072 - INFO: Round 3, Face Fine-tune Epoch 8: acc(valid_pseudo): 0.9933, acc: 0.8705
2026-01-14 05:42:17,526 - INFO: Epoch: [9][  0/582]	Time  0.722 ( 0.722)	Loss 6.0245e-02 (6.0245e-02)	Acc pseudo  95.31 ( 95.31)	Lr 1.000e-03 (1.000e-03)
2026-01-14 05:42:22,244 - INFO: Epoch: [9][ 50/582]	Time  0.027 ( 0.043)	Loss 2.6420e-01 (1.6742e-01)	Acc pseudo  92.19 ( 93.57)	Lr 1.000e-03 (1.000e-03)
2026-01-14 05:42:26,961 - INFO: Epoch: [9][100/582]	Time  0.028 ( 0.036)	Loss 2.7061e-02 (1.5617e-01)	Acc pseudo 100.00 ( 93.94)	Lr 1.000e-03 (1.000e-03)
2026-01-14 05:42:31,678 - INFO: Epoch: [9][150/582]	Time  0.028 ( 0.033)	Loss 2.2607e-01 (1.5671e-01)	Acc pseudo  89.06 ( 93.54)	Lr 1.000e-03 (1.000e-03)
2026-01-14 05:42:36,397 - INFO: Epoch: [9][200/582]	Time  0.033 ( 0.033)	Loss 1.5037e-01 (1.5484e-01)	Acc pseudo  93.75 ( 93.59)	Lr 1.000e-03 (1.000e-03)
2026-01-14 05:42:41,121 - INFO: Epoch: [9][250/582]	Time  0.031 ( 0.032)	Loss 8.9877e-02 (1.5567e-01)	Acc pseudo  95.31 ( 93.48)	Lr 1.000e-03 (1.000e-03)
2026-01-14 05:42:45,842 - INFO: Epoch: [9][300/582]	Time  0.039 ( 0.032)	Loss 1.7935e-01 (1.5360e-01)	Acc pseudo  93.75 ( 93.62)	Lr 1.000e-03 (1.000e-03)
2026-01-14 05:42:50,570 - INFO: Epoch: [9][350/582]	Time  0.029 ( 0.032)	Loss 1.7834e-01 (1.5502e-01)	Acc pseudo  92.19 ( 93.55)	Lr 1.000e-03 (1.000e-03)
2026-01-14 05:42:55,292 - INFO: Epoch: [9][400/582]	Time  0.027 ( 0.032)	Loss 1.3309e-01 (1.5720e-01)	Acc pseudo  92.19 ( 93.50)	Lr 1.000e-03 (1.000e-03)
2026-01-14 05:43:00,013 - INFO: Epoch: [9][450/582]	Time  0.028 ( 0.032)	Loss 7.6592e-02 (1.5550e-01)	Acc pseudo  98.44 ( 93.54)	Lr 1.000e-03 (1.000e-03)
2026-01-14 05:43:04,888 - INFO: Epoch: [9][500/582]	Time  0.030 ( 0.032)	Loss 1.3775e-01 (1.5663e-01)	Acc pseudo  92.19 ( 93.51)	Lr 1.000e-03 (1.000e-03)
2026-01-14 05:43:09,634 - INFO: Epoch: [9][550/582]	Time  0.027 ( 0.031)	Loss 1.2572e-01 (1.5608e-01)	Acc pseudo  90.62 ( 93.46)	Lr 1.000e-03 (1.000e-03)
2026-01-14 05:43:12,650 - INFO: Round 3, Face Fine-tune Epoch 9: loss=0.1545, acc(pseudo)=93.52%
2026-01-14 05:44:11,976 - INFO: Round 3, Face Fine-tune Epoch 9: acc(valid_pseudo): 0.9932, acc: 0.8656
2026-01-14 05:44:11,976 - INFO: Round 3, Face Fine-tune Epoch 9: No improvement. Patience(epoch): 1/3
2026-01-14 05:44:12,520 - INFO: Epoch: [10][  0/582]	Time  0.490 ( 0.490)	Loss 8.8373e-02 (8.8373e-02)	Acc pseudo  95.31 ( 95.31)	Lr 1.000e-03 (1.000e-03)
2026-01-14 05:44:17,244 - INFO: Epoch: [10][ 50/582]	Time  0.028 ( 0.040)	Loss 1.7316e-01 (1.6012e-01)	Acc pseudo  93.75 ( 93.26)	Lr 1.000e-03 (1.000e-03)
2026-01-14 05:44:21,973 - INFO: Epoch: [10][100/582]	Time  0.029 ( 0.034)	Loss 1.6334e-01 (1.5029e-01)	Acc pseudo  90.62 ( 93.67)	Lr 1.000e-03 (1.000e-03)
2026-01-14 05:44:26,701 - INFO: Epoch: [10][150/582]	Time  0.027 ( 0.032)	Loss 1.3628e-01 (1.5825e-01)	Acc pseudo  95.31 ( 93.51)	Lr 1.000e-03 (1.000e-03)
2026-01-14 05:44:31,429 - INFO: Epoch: [10][200/582]	Time  0.028 ( 0.031)	Loss 2.5942e-02 (1.5358e-01)	Acc pseudo 100.00 ( 93.64)	Lr 1.000e-03 (1.000e-03)
2026-01-14 05:44:36,158 - INFO: Epoch: [10][250/582]	Time  0.028 ( 0.031)	Loss 1.4443e-01 (1.5510e-01)	Acc pseudo  95.31 ( 93.63)	Lr 1.000e-03 (1.000e-03)
2026-01-14 05:44:40,889 - INFO: Epoch: [10][300/582]	Time  0.027 ( 0.030)	Loss 1.4978e-01 (1.5311e-01)	Acc pseudo  92.19 ( 93.68)	Lr 1.000e-03 (1.000e-03)
2026-01-14 05:44:45,621 - INFO: Epoch: [10][350/582]	Time  0.036 ( 0.030)	Loss 2.4294e-01 (1.5510e-01)	Acc pseudo  85.94 ( 93.67)	Lr 1.000e-03 (1.000e-03)
2026-01-14 05:44:50,356 - INFO: Epoch: [10][400/582]	Time  0.027 ( 0.030)	Loss 7.4683e-02 (1.5490e-01)	Acc pseudo  96.88 ( 93.66)	Lr 1.000e-03 (1.000e-03)
2026-01-14 05:44:55,090 - INFO: Epoch: [10][450/582]	Time  0.029 ( 0.030)	Loss 1.5674e-01 (1.5742e-01)	Acc pseudo  96.88 ( 93.65)	Lr 1.000e-03 (1.000e-03)
2026-01-14 05:44:59,825 - INFO: Epoch: [10][500/582]	Time  0.040 ( 0.030)	Loss 1.8410e-01 (1.5843e-01)	Acc pseudo  90.62 ( 93.57)	Lr 1.000e-03 (1.000e-03)
2026-01-14 05:45:04,572 - INFO: Epoch: [10][550/582]	Time  0.028 ( 0.031)	Loss 1.6083e-01 (1.5828e-01)	Acc pseudo  92.19 ( 93.58)	Lr 1.000e-03 (1.000e-03)
2026-01-14 05:45:07,594 - INFO: Round 3, Face Fine-tune Epoch 10: loss=0.1591, acc(pseudo)=93.56%
2026-01-14 05:46:09,856 - INFO: Round 3, Face Fine-tune Epoch 10: acc(valid_pseudo): 0.9936, acc: 0.8656
2026-01-14 05:46:10,723 - INFO: Epoch: [11][  0/582]	Time  0.485 ( 0.485)	Loss 1.2577e-01 (1.2577e-01)	Acc pseudo  92.19 ( 92.19)	Lr 1.000e-03 (1.000e-03)
2026-01-14 05:46:15,455 - INFO: Epoch: [11][ 50/582]	Time  0.028 ( 0.040)	Loss 1.1469e-01 (1.5407e-01)	Acc pseudo  93.75 ( 93.72)	Lr 1.000e-03 (1.000e-03)
2026-01-14 05:46:20,192 - INFO: Epoch: [11][100/582]	Time  0.038 ( 0.038)	Loss 2.9076e-01 (1.4404e-01)	Acc pseudo  89.06 ( 93.80)	Lr 1.000e-03 (1.000e-03)
2026-01-14 05:46:24,929 - INFO: Epoch: [11][150/582]	Time  0.027 ( 0.035)	Loss 1.1286e-01 (1.4534e-01)	Acc pseudo  95.31 ( 93.83)	Lr 1.000e-03 (1.000e-03)
2026-01-14 05:46:29,666 - INFO: Epoch: [11][200/582]	Time  0.029 ( 0.035)	Loss 1.8339e-01 (1.4864e-01)	Acc pseudo  92.19 ( 93.75)	Lr 1.000e-03 (1.000e-03)
2026-01-14 05:46:34,399 - INFO: Epoch: [11][250/582]	Time  0.027 ( 0.033)	Loss 1.5151e-01 (1.5238e-01)	Acc pseudo  90.62 ( 93.60)	Lr 1.000e-03 (1.000e-03)
2026-01-14 05:46:39,135 - INFO: Epoch: [11][300/582]	Time  0.029 ( 0.032)	Loss 1.6926e-01 (1.5289e-01)	Acc pseudo  93.75 ( 93.59)	Lr 1.000e-03 (1.000e-03)
2026-01-14 05:46:43,871 - INFO: Epoch: [11][350/582]	Time  0.032 ( 0.032)	Loss 1.3542e-01 (1.5572e-01)	Acc pseudo  95.31 ( 93.53)	Lr 1.000e-03 (1.000e-03)
2026-01-14 05:46:48,609 - INFO: Epoch: [11][400/582]	Time  0.029 ( 0.031)	Loss 1.4727e-01 (1.5261e-01)	Acc pseudo  93.75 ( 93.65)	Lr 1.000e-03 (1.000e-03)
2026-01-14 05:46:53,350 - INFO: Epoch: [11][450/582]	Time  0.029 ( 0.031)	Loss 1.7778e-01 (1.5267e-01)	Acc pseudo  95.31 ( 93.64)	Lr 1.000e-03 (1.000e-03)
2026-01-14 05:46:58,091 - INFO: Epoch: [11][500/582]	Time  0.048 ( 0.032)	Loss 9.5731e-02 (1.5187e-01)	Acc pseudo  93.75 ( 93.62)	Lr 1.000e-03 (1.000e-03)
2026-01-14 05:47:02,832 - INFO: Epoch: [11][550/582]	Time  0.028 ( 0.032)	Loss 1.6996e-01 (1.5085e-01)	Acc pseudo  93.75 ( 93.62)	Lr 1.000e-03 (1.000e-03)
2026-01-14 05:47:05,859 - INFO: Round 3, Face Fine-tune Epoch 11: loss=0.1516, acc(pseudo)=93.63%
2026-01-14 05:48:06,868 - INFO: Round 3, Face Fine-tune Epoch 11: acc(valid_pseudo): 0.9930, acc: 0.8656
2026-01-14 05:48:06,868 - INFO: Round 3, Face Fine-tune Epoch 11: No improvement. Patience(epoch): 1/3
2026-01-14 05:48:07,419 - INFO: Epoch: [12][  0/582]	Time  0.503 ( 0.503)	Loss 2.3173e-01 (2.3173e-01)	Acc pseudo  95.31 ( 95.31)	Lr 1.000e-03 (1.000e-03)
2026-01-14 05:48:12,397 - INFO: Epoch: [12][ 50/582]	Time  0.027 ( 0.044)	Loss 6.3414e-02 (1.4159e-01)	Acc pseudo  98.44 ( 94.21)	Lr 1.000e-03 (1.000e-03)
2026-01-14 05:48:17,135 - INFO: Epoch: [12][100/582]	Time  0.028 ( 0.037)	Loss 5.4118e-02 (1.3088e-01)	Acc pseudo  98.44 ( 94.34)	Lr 1.000e-03 (1.000e-03)
2026-01-14 05:48:21,842 - INFO: Epoch: [12][150/582]	Time  0.027 ( 0.034)	Loss 4.8476e-02 (1.3438e-01)	Acc pseudo  96.88 ( 94.28)	Lr 1.000e-03 (1.000e-03)
2026-01-14 05:48:26,561 - INFO: Epoch: [12][200/582]	Time  0.028 ( 0.032)	Loss 2.9923e-01 (1.3879e-01)	Acc pseudo  90.62 ( 94.19)	Lr 1.000e-03 (1.000e-03)
2026-01-14 05:48:31,279 - INFO: Epoch: [12][250/582]	Time  0.047 ( 0.033)	Loss 1.9276e-01 (1.3747e-01)	Acc pseudo  92.19 ( 94.20)	Lr 1.000e-03 (1.000e-03)
2026-01-14 05:48:36,002 - INFO: Epoch: [12][300/582]	Time  0.039 ( 0.035)	Loss 1.2046e-01 (1.3845e-01)	Acc pseudo  93.75 ( 94.15)	Lr 1.000e-03 (1.000e-03)
2026-01-14 05:48:40,722 - INFO: Epoch: [12][350/582]	Time  0.047 ( 0.035)	Loss 1.4522e-01 (1.3987e-01)	Acc pseudo  93.75 ( 94.05)	Lr 1.000e-03 (1.000e-03)
2026-01-14 05:48:45,448 - INFO: Epoch: [12][400/582]	Time  0.029 ( 0.036)	Loss 3.7467e-01 (1.4219e-01)	Acc pseudo  82.81 ( 93.95)	Lr 1.000e-03 (1.000e-03)
2026-01-14 05:48:50,166 - INFO: Epoch: [12][450/582]	Time  0.028 ( 0.036)	Loss 1.5819e-01 (1.4258e-01)	Acc pseudo  89.06 ( 93.90)	Lr 1.000e-03 (1.000e-03)
2026-01-14 05:48:54,883 - INFO: Epoch: [12][500/582]	Time  0.027 ( 0.035)	Loss 2.6139e-01 (1.4349e-01)	Acc pseudo  85.94 ( 93.87)	Lr 1.000e-03 (1.000e-03)
2026-01-14 05:48:59,603 - INFO: Epoch: [12][550/582]	Time  0.027 ( 0.034)	Loss 8.5400e-02 (1.4447e-01)	Acc pseudo  95.31 ( 93.84)	Lr 1.000e-03 (1.000e-03)
2026-01-14 05:49:02,638 - INFO: Round 3, Face Fine-tune Epoch 12: loss=0.1446, acc(pseudo)=93.82%
2026-01-14 05:50:02,945 - INFO: Round 3, Face Fine-tune Epoch 12: acc(valid_pseudo): 0.9935, acc: 0.8656
2026-01-14 05:50:02,946 - INFO: Round 3, Face Fine-tune Epoch 12: No improvement. Patience(epoch): 2/3
2026-01-14 05:50:03,518 - INFO: Epoch: [13][  0/582]	Time  0.520 ( 0.520)	Loss 9.7493e-02 (9.7493e-02)	Acc pseudo  96.88 ( 96.88)	Lr 1.000e-03 (1.000e-03)
2026-01-14 05:50:08,240 - INFO: Epoch: [13][ 50/582]	Time  0.028 ( 0.040)	Loss 7.7136e-02 (1.3294e-01)	Acc pseudo  93.75 ( 93.87)	Lr 1.000e-03 (1.000e-03)
2026-01-14 05:50:12,979 - INFO: Epoch: [13][100/582]	Time  0.028 ( 0.035)	Loss 9.0183e-02 (1.3973e-01)	Acc pseudo  95.31 ( 94.25)	Lr 1.000e-03 (1.000e-03)
2026-01-14 05:50:17,774 - INFO: Epoch: [13][150/582]	Time  0.028 ( 0.033)	Loss 1.3184e-01 (1.4167e-01)	Acc pseudo  93.75 ( 94.08)	Lr 1.000e-03 (1.000e-03)
2026-01-14 05:50:22,493 - INFO: Epoch: [13][200/582]	Time  0.028 ( 0.032)	Loss 1.4974e-01 (1.4468e-01)	Acc pseudo  93.75 ( 94.03)	Lr 1.000e-03 (1.000e-03)
2026-01-14 05:50:27,213 - INFO: Epoch: [13][250/582]	Time  0.028 ( 0.031)	Loss 8.9076e-02 (1.4581e-01)	Acc pseudo  95.31 ( 93.98)	Lr 1.000e-03 (1.000e-03)
2026-01-14 05:50:31,937 - INFO: Epoch: [13][300/582]	Time  0.028 ( 0.031)	Loss 1.2356e-01 (1.4601e-01)	Acc pseudo  93.75 ( 93.96)	Lr 1.000e-03 (1.000e-03)
2026-01-14 05:50:36,665 - INFO: Epoch: [13][350/582]	Time  0.028 ( 0.030)	Loss 1.7358e-01 (1.4551e-01)	Acc pseudo  93.75 ( 93.98)	Lr 1.000e-03 (1.000e-03)
2026-01-14 05:50:41,396 - INFO: Epoch: [13][400/582]	Time  0.029 ( 0.030)	Loss 1.5380e-01 (1.4630e-01)	Acc pseudo  93.75 ( 94.00)	Lr 1.000e-03 (1.000e-03)
2026-01-14 05:50:46,123 - INFO: Epoch: [13][450/582]	Time  0.029 ( 0.030)	Loss 1.1640e-01 (1.4421e-01)	Acc pseudo  95.31 ( 94.14)	Lr 1.000e-03 (1.000e-03)
2026-01-14 05:50:50,858 - INFO: Epoch: [13][500/582]	Time  0.029 ( 0.030)	Loss 2.1849e-01 (1.4493e-01)	Acc pseudo  93.75 ( 94.11)	Lr 1.000e-03 (1.000e-03)
2026-01-14 05:50:55,592 - INFO: Epoch: [13][550/582]	Time  0.038 ( 0.031)	Loss 2.8393e-01 (1.4676e-01)	Acc pseudo  89.06 ( 94.04)	Lr 1.000e-03 (1.000e-03)
2026-01-14 05:50:58,613 - INFO: Round 3, Face Fine-tune Epoch 13: loss=0.1474, acc(pseudo)=93.98%
2026-01-14 05:51:58,885 - INFO: Round 3, Face Fine-tune Epoch 13: acc(valid_pseudo): 0.9944, acc: 0.8676
2026-01-14 05:52:00,390 - INFO: Epoch: [14][  0/582]	Time  0.761 ( 0.761)	Loss 7.1822e-02 (7.1822e-02)	Acc pseudo  93.75 ( 93.75)	Lr 1.000e-03 (1.000e-03)
2026-01-14 05:52:05,123 - INFO: Epoch: [14][ 50/582]	Time  0.030 ( 0.046)	Loss 3.2677e-01 (1.9473e-01)	Acc pseudo  82.81 ( 92.98)	Lr 1.000e-03 (1.000e-03)
2026-01-14 05:52:09,857 - INFO: Epoch: [14][100/582]	Time  0.029 ( 0.038)	Loss 3.3145e-02 (1.8867e-01)	Acc pseudo  98.44 ( 92.84)	Lr 1.000e-03 (1.000e-03)
2026-01-14 05:52:14,592 - INFO: Epoch: [14][150/582]	Time  0.029 ( 0.035)	Loss 1.2194e-01 (1.8800e-01)	Acc pseudo  95.31 ( 92.67)	Lr 1.000e-03 (1.000e-03)
2026-01-14 05:52:19,330 - INFO: Epoch: [14][200/582]	Time  0.042 ( 0.034)	Loss 3.4530e-01 (2.0027e-01)	Acc pseudo  89.06 ( 92.30)	Lr 1.000e-03 (1.000e-03)
2026-01-14 05:52:24,066 - INFO: Epoch: [14][250/582]	Time  0.027 ( 0.033)	Loss 6.2570e-02 (1.9953e-01)	Acc pseudo  96.88 ( 92.24)	Lr 1.000e-03 (1.000e-03)
2026-01-14 05:52:28,882 - INFO: Epoch: [14][300/582]	Time  0.033 ( 0.033)	Loss 1.2975e-01 (1.9779e-01)	Acc pseudo  92.19 ( 92.40)	Lr 1.000e-03 (1.000e-03)
2026-01-14 05:52:33,680 - INFO: Epoch: [14][350/582]	Time  0.030 ( 0.032)	Loss 3.0384e-01 (1.9977e-01)	Acc pseudo  90.62 ( 92.35)	Lr 1.000e-03 (1.000e-03)
2026-01-14 05:52:38,419 - INFO: Epoch: [14][400/582]	Time  0.028 ( 0.032)	Loss 3.2425e-01 (1.9819e-01)	Acc pseudo  87.50 ( 92.33)	Lr 1.000e-03 (1.000e-03)
2026-01-14 05:52:43,160 - INFO: Epoch: [14][450/582]	Time  0.027 ( 0.031)	Loss 2.8374e-01 (2.0025e-01)	Acc pseudo  85.94 ( 92.22)	Lr 1.000e-03 (1.000e-03)
2026-01-14 05:52:47,900 - INFO: Epoch: [14][500/582]	Time  0.028 ( 0.031)	Loss 1.4211e-01 (2.0141e-01)	Acc pseudo  92.19 ( 92.15)	Lr 1.000e-03 (1.000e-03)
2026-01-14 05:52:52,644 - INFO: Epoch: [14][550/582]	Time  0.028 ( 0.031)	Loss 2.2150e-01 (2.0165e-01)	Acc pseudo  90.62 ( 92.09)	Lr 1.000e-03 (1.000e-03)
2026-01-14 05:52:55,701 - INFO: Round 3, Face Fine-tune Epoch 14: loss=0.2021, acc(pseudo)=92.04%
2026-01-14 05:53:55,463 - INFO: Round 3, Face Fine-tune Epoch 14: acc(valid_pseudo): 0.9936, acc: 0.8695
2026-01-14 05:53:55,463 - INFO: Round 3, Face Fine-tune Epoch 14: No improvement. Patience(epoch): 1/3
2026-01-14 05:53:56,036 - INFO: Epoch: [15][  0/582]	Time  0.533 ( 0.533)	Loss 2.8962e-01 (2.8962e-01)	Acc pseudo  89.06 ( 89.06)	Lr 1.000e-03 (1.000e-03)
2026-01-14 05:54:00,759 - INFO: Epoch: [15][ 50/582]	Time  0.029 ( 0.043)	Loss 3.9792e-01 (1.8574e-01)	Acc pseudo  90.62 ( 91.82)	Lr 1.000e-03 (1.000e-03)
2026-01-14 05:54:05,511 - INFO: Epoch: [15][100/582]	Time  0.028 ( 0.037)	Loss 2.4372e-01 (1.8064e-01)	Acc pseudo  90.62 ( 92.22)	Lr 1.000e-03 (1.000e-03)
2026-01-14 05:54:10,235 - INFO: Epoch: [15][150/582]	Time  0.029 ( 0.035)	Loss 1.0904e-01 (1.8550e-01)	Acc pseudo  93.75 ( 92.20)	Lr 1.000e-03 (1.000e-03)
2026-01-14 05:54:14,959 - INFO: Epoch: [15][200/582]	Time  0.028 ( 0.034)	Loss 1.4398e-01 (1.9068e-01)	Acc pseudo  95.31 ( 92.09)	Lr 1.000e-03 (1.000e-03)
2026-01-14 05:54:19,680 - INFO: Epoch: [15][250/582]	Time  0.028 ( 0.033)	Loss 1.4178e-01 (1.9066e-01)	Acc pseudo  90.62 ( 92.01)	Lr 1.000e-03 (1.000e-03)
2026-01-14 05:54:24,401 - INFO: Epoch: [15][300/582]	Time  0.028 ( 0.032)	Loss 1.8015e-01 (1.9144e-01)	Acc pseudo  92.19 ( 92.01)	Lr 1.000e-03 (1.000e-03)
2026-01-14 05:54:29,122 - INFO: Epoch: [15][350/582]	Time  0.028 ( 0.031)	Loss 3.9344e-01 (1.8995e-01)	Acc pseudo  84.38 ( 92.05)	Lr 1.000e-03 (1.000e-03)
2026-01-14 05:54:33,842 - INFO: Epoch: [15][400/582]	Time  0.027 ( 0.031)	Loss 5.9582e-01 (1.9495e-01)	Acc pseudo  82.81 ( 91.99)	Lr 1.000e-03 (1.000e-03)
2026-01-14 05:54:38,562 - INFO: Epoch: [15][450/582]	Time  0.027 ( 0.031)	Loss 2.7522e-01 (1.9732e-01)	Acc pseudo  85.94 ( 92.02)	Lr 1.000e-03 (1.000e-03)
2026-01-14 05:54:43,287 - INFO: Epoch: [15][500/582]	Time  0.028 ( 0.030)	Loss 1.5984e-01 (1.9742e-01)	Acc pseudo  95.31 ( 91.96)	Lr 1.000e-03 (1.000e-03)
2026-01-14 05:54:48,117 - INFO: Epoch: [15][550/582]	Time  0.027 ( 0.031)	Loss 7.5564e-02 (1.9881e-01)	Acc pseudo  95.31 ( 91.90)	Lr 1.000e-03 (1.000e-03)
2026-01-14 05:54:51,134 - INFO: Round 3, Face Fine-tune Epoch 15: loss=0.2009, acc(pseudo)=91.83%
2026-01-14 05:55:51,286 - INFO: Round 3, Face Fine-tune Epoch 15: acc(valid_pseudo): 0.9927, acc: 0.8637
2026-01-14 05:55:51,286 - INFO: Round 3, Face Fine-tune Epoch 15: No improvement. Patience(epoch): 2/3
2026-01-14 05:55:51,829 - INFO: Epoch: [16][  0/582]	Time  0.493 ( 0.493)	Loss 2.6383e-01 (2.6383e-01)	Acc pseudo  89.06 ( 89.06)	Lr 1.000e-03 (1.000e-03)
2026-01-14 05:55:56,560 - INFO: Epoch: [16][ 50/582]	Time  0.029 ( 0.045)	Loss 1.0765e-01 (2.8931e-01)	Acc pseudo  95.31 ( 90.10)	Lr 1.000e-03 (1.000e-03)
2026-01-14 05:56:01,290 - INFO: Epoch: [16][100/582]	Time  0.027 ( 0.038)	Loss 1.8674e-01 (2.7754e-01)	Acc pseudo  92.19 ( 89.88)	Lr 1.000e-03 (1.000e-03)
2026-01-14 05:56:06,021 - INFO: Epoch: [16][150/582]	Time  0.028 ( 0.035)	Loss 3.4319e-01 (2.7167e-01)	Acc pseudo  81.25 ( 90.11)	Lr 1.000e-03 (1.000e-03)
2026-01-14 05:56:10,750 - INFO: Epoch: [16][200/582]	Time  0.027 ( 0.033)	Loss 3.6121e-01 (2.6636e-01)	Acc pseudo  89.06 ( 90.30)	Lr 1.000e-03 (1.000e-03)
2026-01-14 05:56:15,484 - INFO: Epoch: [16][250/582]	Time  0.030 ( 0.032)	Loss 1.4205e-01 (2.6311e-01)	Acc pseudo  89.06 ( 90.30)	Lr 1.000e-03 (1.000e-03)
2026-01-14 05:56:20,263 - INFO: Epoch: [16][300/582]	Time  0.030 ( 0.032)	Loss 3.4357e-01 (2.7397e-01)	Acc pseudo  87.50 ( 90.20)	Lr 1.000e-03 (1.000e-03)
2026-01-14 05:56:24,997 - INFO: Epoch: [16][350/582]	Time  0.029 ( 0.031)	Loss 2.6181e-01 (2.7585e-01)	Acc pseudo  89.06 ( 90.16)	Lr 1.000e-03 (1.000e-03)
2026-01-14 05:56:29,736 - INFO: Epoch: [16][400/582]	Time  0.039 ( 0.032)	Loss 2.3463e-01 (2.7717e-01)	Acc pseudo  90.62 ( 90.10)	Lr 1.000e-03 (1.000e-03)
2026-01-14 05:56:34,474 - INFO: Epoch: [16][450/582]	Time  0.038 ( 0.032)	Loss 1.3584e-01 (2.7498e-01)	Acc pseudo  92.19 ( 90.09)	Lr 1.000e-03 (1.000e-03)
2026-01-14 05:56:39,211 - INFO: Epoch: [16][500/582]	Time  0.027 ( 0.032)	Loss 3.3424e-01 (2.7773e-01)	Acc pseudo  85.94 ( 90.10)	Lr 1.000e-03 (1.000e-03)
2026-01-14 05:56:43,947 - INFO: Epoch: [16][550/582]	Time  0.037 ( 0.032)	Loss 2.7092e-01 (2.8009e-01)	Acc pseudo  85.94 ( 89.96)	Lr 1.000e-03 (1.000e-03)
2026-01-14 05:56:46,973 - INFO: Round 3, Face Fine-tune Epoch 16: loss=0.2792, acc(pseudo)=89.95%
2026-01-14 05:57:48,816 - INFO: Round 3, Face Fine-tune Epoch 16: acc(valid_pseudo): 0.9919, acc: 0.8656
2026-01-14 05:57:48,816 - INFO: Round 3, Face Fine-tune Epoch 16: No improvement. Patience(epoch): 3/3
2026-01-14 05:57:48,816 - INFO: Early stopping at face epoch 16
2026-01-14 05:57:48,817 - INFO: Round 3: Best face fine-tuned epoch=13, acc(valid_pseudo)=0.9944
2026-01-14 05:57:48,967 - INFO: Using HMM model from previous round: runs/I love my family/exp_video/result/self_supervised/exp2/round2/pseudo_label/hmm_params.pkl
2026-01-14 07:24:43,665 - INFO: Round 3: speaker_acc=0.8760
2026-01-14 07:24:43,757 - INFO: Round 3: face_acc=0.8724
2026-01-14 07:24:43,811 - INFO: ====================
2026-01-14 07:24:43,811 - INFO: Round 4: Fine-tuning iteration
2026-01-14 07:24:43,811 - INFO: ====================
2026-01-14 07:24:43,912 - INFO: Round 4 Part 1: Fine-tuning embedding model
2026-01-14 07:24:43,913 - INFO: Using pseudo-label file: runs/I love my family/exp_video/result/self_supervised/exp2/round3/pseudo_label/pseudo_labels_audio_nested_hmm_full(unreliable_pp=100.0).json
2026-01-14 07:24:43,942 - INFO: For training, Using face pseudo-label file: runs/I love my family/exp_video/result/self_supervised/exp2/round3/pseudo_label/pseudo_labels_faces_mid_frame_train_nested_hmm_full.json
2026-01-14 07:24:43,942 - INFO: For infering, Using face pseudo-label file: runs/I love my family/exp_video/result/self_supervised/exp2/round3/pseudo_label/pseudo_labels_faces_mid_frame_all_nested_hmm_full.json
2026-01-14 07:24:44,078 - INFO: Created face dataloader with 37219 samples
2026-01-14 07:24:44,093 - INFO: Fine-tuning speaker embedding model for 20 epochs...
2026-01-14 07:24:44,598 - INFO: Epoch: [0][  0/301]	Time  0.484 ( 0.484)	Loss 3.4213e-01 (3.4213e-01)	Acc pseudo  89.06 ( 89.06)	Lr 1.000e-03 (1.000e-03)
2026-01-14 07:24:45,154 - INFO: Epoch: [0][ 50/301]	Time  0.004 ( 0.020)	Loss 4.2004e-01 (4.5291e-01)	Acc pseudo  85.94 ( 86.80)	Lr 1.000e-03 (1.000e-03)
2026-01-14 07:24:45,366 - INFO: Epoch: [0][100/301]	Time  0.004 ( 0.012)	Loss 3.8543e-01 (4.2726e-01)	Acc pseudo  82.81 ( 86.83)	Lr 1.000e-03 (1.000e-03)
2026-01-14 07:24:45,526 - INFO: Epoch: [0][150/301]	Time  0.003 ( 0.009)	Loss 4.1182e-01 (4.4030e-01)	Acc pseudo  82.81 ( 86.92)	Lr 1.000e-03 (1.000e-03)
2026-01-14 07:24:45,677 - INFO: Epoch: [0][200/301]	Time  0.003 ( 0.008)	Loss 3.3272e-01 (4.3602e-01)	Acc pseudo  90.62 ( 87.00)	Lr 1.000e-03 (1.000e-03)
2026-01-14 07:24:45,825 - INFO: Epoch: [0][250/301]	Time  0.003 ( 0.007)	Loss 4.1551e-01 (4.3814e-01)	Acc pseudo  90.62 ( 86.98)	Lr 1.000e-03 (1.000e-03)
2026-01-14 07:24:45,975 - INFO: Epoch: [0][300/301]	Time  0.003 ( 0.006)	Loss 6.2100e-01 (4.3260e-01)	Acc pseudo  92.00 ( 87.25)	Lr 1.000e-03 (1.000e-03)
2026-01-14 07:24:46,054 - INFO: Round 4, Fine-tune Epoch 0: loss=0.4326, acc(pseudo)=87.25%
2026-01-14 07:24:53,850 - INFO: Round 4, Fine-tune Epoch 0: acc(valid_pseudo): 0.9598, acc: 0.8525
2026-01-14 07:24:54,384 - INFO: Epoch: [1][  0/301]	Time  0.255 ( 0.255)	Loss 3.4165e-01 (3.4165e-01)	Acc pseudo  85.94 ( 85.94)	Lr 1.000e-03 (1.000e-03)
2026-01-14 07:24:54,661 - INFO: Epoch: [1][ 50/301]	Time  0.003 ( 0.010)	Loss 2.1881e-01 (3.8057e-01)	Acc pseudo  92.19 ( 88.82)	Lr 1.000e-03 (1.000e-03)
2026-01-14 07:24:54,819 - INFO: Epoch: [1][100/301]	Time  0.003 ( 0.007)	Loss 4.3223e-01 (3.9511e-01)	Acc pseudo  87.50 ( 88.30)	Lr 1.000e-03 (1.000e-03)
2026-01-14 07:24:54,973 - INFO: Epoch: [1][150/301]	Time  0.003 ( 0.006)	Loss 3.9351e-01 (3.9273e-01)	Acc pseudo  87.50 ( 88.29)	Lr 1.000e-03 (1.000e-03)
2026-01-14 07:24:55,125 - INFO: Epoch: [1][200/301]	Time  0.003 ( 0.005)	Loss 2.9439e-01 (3.9390e-01)	Acc pseudo  89.06 ( 88.23)	Lr 1.000e-03 (1.000e-03)
2026-01-14 07:24:55,278 - INFO: Epoch: [1][250/301]	Time  0.003 ( 0.005)	Loss 2.8053e-01 (3.9493e-01)	Acc pseudo  89.06 ( 88.18)	Lr 1.000e-03 (1.000e-03)
2026-01-14 07:24:55,422 - INFO: Epoch: [1][300/301]	Time  0.002 ( 0.004)	Loss 1.6366e-01 (3.9480e-01)	Acc pseudo  96.00 ( 88.09)	Lr 1.000e-03 (1.000e-03)
2026-01-14 07:24:55,495 - INFO: Round 4, Fine-tune Epoch 1: loss=0.3948, acc(pseudo)=88.09%
2026-01-14 07:25:04,016 - INFO: Round 4, Fine-tune Epoch 1: acc(valid_pseudo): 0.9676, acc: 0.8650
2026-01-14 07:25:04,785 - INFO: Epoch: [2][  0/301]	Time  0.451 ( 0.451)	Loss 5.1026e-01 (5.1026e-01)	Acc pseudo  90.62 ( 90.62)	Lr 1.000e-03 (1.000e-03)
2026-01-14 07:25:05,009 - INFO: Epoch: [2][ 50/301]	Time  0.004 ( 0.013)	Loss 3.1425e-01 (3.7123e-01)	Acc pseudo  87.50 ( 88.97)	Lr 1.000e-03 (1.000e-03)
2026-01-14 07:25:05,206 - INFO: Epoch: [2][100/301]	Time  0.004 ( 0.009)	Loss 5.9294e-01 (3.6595e-01)	Acc pseudo  82.81 ( 88.94)	Lr 1.000e-03 (1.000e-03)
2026-01-14 07:25:05,381 - INFO: Epoch: [2][150/301]	Time  0.003 ( 0.007)	Loss 1.6463e-01 (3.6719e-01)	Acc pseudo  93.75 ( 89.06)	Lr 1.000e-03 (1.000e-03)
2026-01-14 07:25:05,540 - INFO: Epoch: [2][200/301]	Time  0.003 ( 0.006)	Loss 2.6420e-01 (3.6861e-01)	Acc pseudo  95.31 ( 88.73)	Lr 1.000e-03 (1.000e-03)
2026-01-14 07:25:05,696 - INFO: Epoch: [2][250/301]	Time  0.003 ( 0.005)	Loss 2.7000e-01 (3.7258e-01)	Acc pseudo  90.62 ( 88.53)	Lr 1.000e-03 (1.000e-03)
2026-01-14 07:25:05,838 - INFO: Epoch: [2][300/301]	Time  0.002 ( 0.005)	Loss 1.9611e-01 (3.7451e-01)	Acc pseudo  92.00 ( 88.43)	Lr 1.000e-03 (1.000e-03)
2026-01-14 07:25:05,924 - INFO: Round 4, Fine-tune Epoch 2: loss=0.3745, acc(pseudo)=88.43%
2026-01-14 07:25:13,491 - INFO: Round 4, Fine-tune Epoch 2: acc(valid_pseudo): 0.9606, acc: 0.8475
2026-01-14 07:25:13,491 - INFO: Round 4, Speaker Fine-tune Epoch 2: No improvement in validation accuracy. Patience(epoch): 1/3
2026-01-14 07:25:13,767 - INFO: Epoch: [3][  0/301]	Time  0.271 ( 0.271)	Loss 5.0532e-01 (5.0532e-01)	Acc pseudo  82.81 ( 82.81)	Lr 1.000e-03 (1.000e-03)
2026-01-14 07:25:13,945 - INFO: Epoch: [3][ 50/301]	Time  0.005 ( 0.009)	Loss 4.7540e-01 (3.5825e-01)	Acc pseudo  82.81 ( 88.91)	Lr 1.000e-03 (1.000e-03)
2026-01-14 07:25:14,121 - INFO: Epoch: [3][100/301]	Time  0.003 ( 0.006)	Loss 1.9126e-01 (3.6142e-01)	Acc pseudo  92.19 ( 88.91)	Lr 1.000e-03 (1.000e-03)
2026-01-14 07:25:14,274 - INFO: Epoch: [3][150/301]	Time  0.003 ( 0.005)	Loss 1.8361e-01 (3.5734e-01)	Acc pseudo  89.06 ( 88.90)	Lr 1.000e-03 (1.000e-03)
2026-01-14 07:25:14,428 - INFO: Epoch: [3][200/301]	Time  0.003 ( 0.005)	Loss 5.9898e-01 (3.5007e-01)	Acc pseudo  85.94 ( 89.02)	Lr 1.000e-03 (1.000e-03)
2026-01-14 07:25:14,576 - INFO: Epoch: [3][250/301]	Time  0.003 ( 0.004)	Loss 2.8506e-01 (3.5101e-01)	Acc pseudo  89.06 ( 88.88)	Lr 1.000e-03 (1.000e-03)
2026-01-14 07:25:14,716 - INFO: Epoch: [3][300/301]	Time  0.002 ( 0.004)	Loss 2.0294e-01 (3.5342e-01)	Acc pseudo  92.00 ( 88.76)	Lr 1.000e-03 (1.000e-03)
2026-01-14 07:25:14,786 - INFO: Round 4, Fine-tune Epoch 3: loss=0.3534, acc(pseudo)=88.76%
2026-01-14 07:25:23,586 - INFO: Round 4, Fine-tune Epoch 3: acc(valid_pseudo): 0.9557, acc: 0.8475
2026-01-14 07:25:23,586 - INFO: Round 4, Speaker Fine-tune Epoch 3: No improvement in validation accuracy. Patience(epoch): 2/3
2026-01-14 07:25:23,827 - INFO: Epoch: [4][  0/301]	Time  0.235 ( 0.235)	Loss 2.9058e-01 (2.9058e-01)	Acc pseudo  87.50 ( 87.50)	Lr 1.000e-03 (1.000e-03)
2026-01-14 07:25:24,045 - INFO: Epoch: [4][ 50/301]	Time  0.003 ( 0.009)	Loss 4.5933e-01 (3.3183e-01)	Acc pseudo  85.94 ( 89.43)	Lr 1.000e-03 (1.000e-03)
2026-01-14 07:25:24,207 - INFO: Epoch: [4][100/301]	Time  0.003 ( 0.006)	Loss 3.3031e-01 (3.5946e-01)	Acc pseudo  89.06 ( 88.74)	Lr 1.000e-03 (1.000e-03)
2026-01-14 07:25:24,366 - INFO: Epoch: [4][150/301]	Time  0.003 ( 0.005)	Loss 3.9640e-01 (3.6069e-01)	Acc pseudo  82.81 ( 88.68)	Lr 1.000e-03 (1.000e-03)
2026-01-14 07:25:24,521 - INFO: Epoch: [4][200/301]	Time  0.003 ( 0.005)	Loss 3.5036e-01 (3.6562e-01)	Acc pseudo  85.94 ( 88.61)	Lr 1.000e-03 (1.000e-03)
2026-01-14 07:25:24,674 - INFO: Epoch: [4][250/301]	Time  0.003 ( 0.004)	Loss 2.8673e-01 (3.6811e-01)	Acc pseudo  90.62 ( 88.56)	Lr 1.000e-03 (1.000e-03)
2026-01-14 07:25:24,846 - INFO: Epoch: [4][300/301]	Time  0.003 ( 0.004)	Loss 7.6528e-01 (3.7135e-01)	Acc pseudo  80.00 ( 88.53)	Lr 1.000e-03 (1.000e-03)
2026-01-14 07:25:24,916 - INFO: Round 4, Fine-tune Epoch 4: loss=0.3714, acc(pseudo)=88.53%
2026-01-14 07:25:34,319 - INFO: Round 4, Fine-tune Epoch 4: acc(valid_pseudo): 0.9032, acc: 0.7725
2026-01-14 07:25:34,319 - INFO: Round 4, Speaker Fine-tune Epoch 4: No improvement in validation accuracy. Patience(epoch): 3/3
2026-01-14 07:25:34,320 - INFO: Early stopping at epoch 4 due to no improvement in validation accuracy for 3 epochs.
2026-01-14 07:25:34,321 - INFO: Round 4: Best speaker fine-tuned epoch=1, acc(valid_pseudo)=0.9676
2026-01-14 07:25:34,325 - INFO: Fine-tuning face embedding model for 20 epochs...
2026-01-14 07:25:35,258 - INFO: Epoch: [0][  0/582]	Time  0.891 ( 0.891)	Loss 5.4989e-02 (5.4989e-02)	Acc pseudo  96.88 ( 96.88)	Lr 1.000e-03 (1.000e-03)
2026-01-14 07:25:39,969 - INFO: Epoch: [0][ 50/582]	Time  0.028 ( 0.048)	Loss 2.5788e-01 (1.8694e-01)	Acc pseudo  95.31 ( 94.24)	Lr 1.000e-03 (1.000e-03)
2026-01-14 07:25:44,686 - INFO: Epoch: [0][100/582]	Time  0.029 ( 0.038)	Loss 1.9770e-01 (1.9614e-01)	Acc pseudo  90.62 ( 93.64)	Lr 1.000e-03 (1.000e-03)
2026-01-14 07:25:49,410 - INFO: Epoch: [0][150/582]	Time  0.027 ( 0.035)	Loss 2.2486e-01 (1.8954e-01)	Acc pseudo  89.06 ( 93.50)	Lr 1.000e-03 (1.000e-03)
2026-01-14 07:25:54,139 - INFO: Epoch: [0][200/582]	Time  0.028 ( 0.035)	Loss 7.3060e-02 (1.8582e-01)	Acc pseudo  96.88 ( 93.48)	Lr 1.000e-03 (1.000e-03)
2026-01-14 07:25:58,866 - INFO: Epoch: [0][250/582]	Time  0.030 ( 0.034)	Loss 5.8075e-01 (1.8721e-01)	Acc pseudo  84.38 ( 93.30)	Lr 1.000e-03 (1.000e-03)
2026-01-14 07:26:03,597 - INFO: Epoch: [0][300/582]	Time  0.039 ( 0.033)	Loss 1.3506e-01 (1.8400e-01)	Acc pseudo  92.19 ( 93.31)	Lr 1.000e-03 (1.000e-03)
2026-01-14 07:26:08,392 - INFO: Epoch: [0][350/582]	Time  0.029 ( 0.033)	Loss 1.2364e-01 (1.9081e-01)	Acc pseudo  93.75 ( 93.23)	Lr 1.000e-03 (1.000e-03)
2026-01-14 07:26:13,350 - INFO: Epoch: [0][400/582]	Time  0.033 ( 0.033)	Loss 1.0184e-01 (1.8703e-01)	Acc pseudo  95.31 ( 93.29)	Lr 1.000e-03 (1.000e-03)
2026-01-14 07:26:18,162 - INFO: Epoch: [0][450/582]	Time  0.030 ( 0.033)	Loss 1.1395e-01 (1.8828e-01)	Acc pseudo  95.31 ( 93.24)	Lr 1.000e-03 (1.000e-03)
2026-01-14 07:26:22,901 - INFO: Epoch: [0][500/582]	Time  0.028 ( 0.033)	Loss 1.8040e-01 (1.8933e-01)	Acc pseudo  92.19 ( 93.21)	Lr 1.000e-03 (1.000e-03)
2026-01-14 07:26:27,644 - INFO: Epoch: [0][550/582]	Time  0.030 ( 0.032)	Loss 1.5035e-01 (1.8713e-01)	Acc pseudo  95.31 ( 93.22)	Lr 1.000e-03 (1.000e-03)
2026-01-14 07:26:30,670 - INFO: Round 4, Face Fine-tune Epoch 0: loss=0.1873, acc(pseudo)=93.22%
2026-01-14 07:27:30,261 - INFO: Round 4, Face Fine-tune Epoch 0: acc(valid_pseudo): 0.9938, acc: 0.8666
2026-01-14 07:27:31,143 - INFO: Epoch: [1][  0/582]	Time  0.490 ( 0.490)	Loss 1.9736e-01 (1.9736e-01)	Acc pseudo  89.06 ( 89.06)	Lr 1.000e-03 (1.000e-03)
2026-01-14 07:27:35,860 - INFO: Epoch: [1][ 50/582]	Time  0.029 ( 0.040)	Loss 1.3514e-01 (1.8107e-01)	Acc pseudo  90.62 ( 93.05)	Lr 1.000e-03 (1.000e-03)
2026-01-14 07:27:40,572 - INFO: Epoch: [1][100/582]	Time  0.030 ( 0.036)	Loss 2.0514e-01 (1.7587e-01)	Acc pseudo  93.75 ( 93.05)	Lr 1.000e-03 (1.000e-03)
2026-01-14 07:27:45,280 - INFO: Epoch: [1][150/582]	Time  0.028 ( 0.034)	Loss 1.2207e-01 (1.7071e-01)	Acc pseudo  93.75 ( 93.20)	Lr 1.000e-03 (1.000e-03)
2026-01-14 07:27:49,988 - INFO: Epoch: [1][200/582]	Time  0.029 ( 0.033)	Loss 9.0529e-02 (1.6729e-01)	Acc pseudo  92.19 ( 93.24)	Lr 1.000e-03 (1.000e-03)
2026-01-14 07:27:54,712 - INFO: Epoch: [1][250/582]	Time  0.027 ( 0.032)	Loss 1.3417e-01 (1.7214e-01)	Acc pseudo  93.75 ( 93.22)	Lr 1.000e-03 (1.000e-03)
2026-01-14 07:27:59,419 - INFO: Epoch: [1][300/582]	Time  0.027 ( 0.032)	Loss 1.1900e-01 (1.7437e-01)	Acc pseudo  96.88 ( 93.31)	Lr 1.000e-03 (1.000e-03)
2026-01-14 07:28:04,123 - INFO: Epoch: [1][350/582]	Time  0.029 ( 0.031)	Loss 2.7277e-01 (1.7544e-01)	Acc pseudo  89.06 ( 93.27)	Lr 1.000e-03 (1.000e-03)
2026-01-14 07:28:08,826 - INFO: Epoch: [1][400/582]	Time  0.027 ( 0.031)	Loss 2.1511e-01 (1.7513e-01)	Acc pseudo  85.94 ( 93.24)	Lr 1.000e-03 (1.000e-03)
2026-01-14 07:28:13,534 - INFO: Epoch: [1][450/582]	Time  0.028 ( 0.031)	Loss 1.2773e-01 (1.7382e-01)	Acc pseudo  93.75 ( 93.28)	Lr 1.000e-03 (1.000e-03)
2026-01-14 07:28:18,248 - INFO: Epoch: [1][500/582]	Time  0.038 ( 0.031)	Loss 2.1465e-01 (1.7446e-01)	Acc pseudo  92.19 ( 93.27)	Lr 1.000e-03 (1.000e-03)
2026-01-14 07:28:22,954 - INFO: Epoch: [1][550/582]	Time  0.029 ( 0.031)	Loss 8.8629e-02 (1.7196e-01)	Acc pseudo  95.31 ( 93.34)	Lr 1.000e-03 (1.000e-03)
2026-01-14 07:28:25,999 - INFO: Round 4, Face Fine-tune Epoch 1: loss=0.1716, acc(pseudo)=93.32%
2026-01-14 07:29:25,718 - INFO: Round 4, Face Fine-tune Epoch 1: acc(valid_pseudo): 0.9942, acc: 0.8676
2026-01-14 07:29:26,628 - INFO: Epoch: [2][  0/582]	Time  0.522 ( 0.522)	Loss 8.6292e-02 (8.6292e-02)	Acc pseudo  98.44 ( 98.44)	Lr 1.000e-03 (1.000e-03)
2026-01-14 07:29:31,337 - INFO: Epoch: [2][ 50/582]	Time  0.029 ( 0.048)	Loss 1.0163e-01 (1.4750e-01)	Acc pseudo  96.88 ( 93.96)	Lr 1.000e-03 (1.000e-03)
2026-01-14 07:29:36,042 - INFO: Epoch: [2][100/582]	Time  0.027 ( 0.039)	Loss 9.7353e-02 (1.5245e-01)	Acc pseudo  92.19 ( 93.56)	Lr 1.000e-03 (1.000e-03)
2026-01-14 07:29:40,749 - INFO: Epoch: [2][150/582]	Time  0.027 ( 0.035)	Loss 3.7354e-01 (1.4386e-01)	Acc pseudo  96.88 ( 94.14)	Lr 1.000e-03 (1.000e-03)
2026-01-14 07:29:45,457 - INFO: Epoch: [2][200/582]	Time  0.028 ( 0.033)	Loss 1.6522e-01 (1.5003e-01)	Acc pseudo  92.19 ( 93.79)	Lr 1.000e-03 (1.000e-03)
2026-01-14 07:29:50,166 - INFO: Epoch: [2][250/582]	Time  0.028 ( 0.032)	Loss 8.1868e-02 (1.5493e-01)	Acc pseudo  95.31 ( 93.64)	Lr 1.000e-03 (1.000e-03)
2026-01-14 07:29:54,877 - INFO: Epoch: [2][300/582]	Time  0.028 ( 0.032)	Loss 1.2894e-01 (1.5772e-01)	Acc pseudo  92.19 ( 93.59)	Lr 1.000e-03 (1.000e-03)
2026-01-14 07:29:59,588 - INFO: Epoch: [2][350/582]	Time  0.029 ( 0.031)	Loss 6.7786e-02 (1.5546e-01)	Acc pseudo  98.44 ( 93.69)	Lr 1.000e-03 (1.000e-03)
2026-01-14 07:30:04,299 - INFO: Epoch: [2][400/582]	Time  0.029 ( 0.031)	Loss 3.6154e-01 (1.5453e-01)	Acc pseudo  85.94 ( 93.68)	Lr 1.000e-03 (1.000e-03)
2026-01-14 07:30:09,010 - INFO: Epoch: [2][450/582]	Time  0.027 ( 0.032)	Loss 8.3325e-02 (1.5385e-01)	Acc pseudo  95.31 ( 93.77)	Lr 1.000e-03 (1.000e-03)
2026-01-14 07:30:13,728 - INFO: Epoch: [2][500/582]	Time  0.029 ( 0.031)	Loss 1.4167e-01 (1.5495e-01)	Acc pseudo  92.19 ( 93.72)	Lr 1.000e-03 (1.000e-03)
2026-01-14 07:30:18,436 - INFO: Epoch: [2][550/582]	Time  0.027 ( 0.031)	Loss 4.7389e-01 (1.5633e-01)	Acc pseudo  92.19 ( 93.69)	Lr 1.000e-03 (1.000e-03)
2026-01-14 07:30:21,441 - INFO: Round 4, Face Fine-tune Epoch 2: loss=0.1569, acc(pseudo)=93.71%
2026-01-14 07:31:20,959 - INFO: Round 4, Face Fine-tune Epoch 2: acc(valid_pseudo): 0.9921, acc: 0.8705
2026-01-14 07:31:20,959 - INFO: Round 4, Face Fine-tune Epoch 2: No improvement. Patience(epoch): 1/3
2026-01-14 07:31:21,513 - INFO: Epoch: [3][  0/582]	Time  0.497 ( 0.497)	Loss 6.9129e-02 (6.9129e-02)	Acc pseudo  96.88 ( 96.88)	Lr 1.000e-03 (1.000e-03)
2026-01-14 07:31:26,226 - INFO: Epoch: [3][ 50/582]	Time  0.042 ( 0.040)	Loss 1.6169e-01 (1.5501e-01)	Acc pseudo  96.88 ( 93.87)	Lr 1.000e-03 (1.000e-03)
2026-01-14 07:31:30,945 - INFO: Epoch: [3][100/582]	Time  0.040 ( 0.038)	Loss 9.3552e-02 (1.5181e-01)	Acc pseudo  92.19 ( 93.95)	Lr 1.000e-03 (1.000e-03)
2026-01-14 07:31:35,668 - INFO: Epoch: [3][150/582]	Time  0.029 ( 0.037)	Loss 1.8784e-01 (1.5027e-01)	Acc pseudo  90.62 ( 94.10)	Lr 1.000e-03 (1.000e-03)
2026-01-14 07:31:40,388 - INFO: Epoch: [3][200/582]	Time  0.048 ( 0.036)	Loss 2.3067e-01 (1.4981e-01)	Acc pseudo  92.19 ( 94.08)	Lr 1.000e-03 (1.000e-03)
2026-01-14 07:31:45,213 - INFO: Epoch: [3][250/582]	Time  0.027 ( 0.036)	Loss 5.4859e-02 (1.4760e-01)	Acc pseudo  98.44 ( 94.19)	Lr 1.000e-03 (1.000e-03)
2026-01-14 07:31:49,940 - INFO: Epoch: [3][300/582]	Time  0.027 ( 0.035)	Loss 1.1342e-01 (1.4535e-01)	Acc pseudo  92.19 ( 94.20)	Lr 1.000e-03 (1.000e-03)
2026-01-14 07:31:54,665 - INFO: Epoch: [3][350/582]	Time  0.029 ( 0.034)	Loss 1.1720e-01 (1.4405e-01)	Acc pseudo  95.31 ( 94.23)	Lr 1.000e-03 (1.000e-03)
2026-01-14 07:31:59,390 - INFO: Epoch: [3][400/582]	Time  0.030 ( 0.034)	Loss 2.3755e-01 (1.4659e-01)	Acc pseudo  92.19 ( 94.19)	Lr 1.000e-03 (1.000e-03)
2026-01-14 07:32:04,124 - INFO: Epoch: [3][450/582]	Time  0.028 ( 0.034)	Loss 8.9900e-02 (1.4775e-01)	Acc pseudo  95.31 ( 94.13)	Lr 1.000e-03 (1.000e-03)
2026-01-14 07:32:08,854 - INFO: Epoch: [3][500/582]	Time  0.028 ( 0.033)	Loss 1.5438e-01 (1.4972e-01)	Acc pseudo  93.75 ( 94.09)	Lr 1.000e-03 (1.000e-03)
2026-01-14 07:32:13,574 - INFO: Epoch: [3][550/582]	Time  0.027 ( 0.033)	Loss 4.9617e-02 (1.5319e-01)	Acc pseudo  98.44 ( 93.98)	Lr 1.000e-03 (1.000e-03)
2026-01-14 07:32:16,585 - INFO: Round 4, Face Fine-tune Epoch 3: loss=0.1539, acc(pseudo)=93.97%
2026-01-14 07:33:18,328 - INFO: Round 4, Face Fine-tune Epoch 3: acc(valid_pseudo): 0.9941, acc: 0.8676
2026-01-14 07:33:18,329 - INFO: Round 4, Face Fine-tune Epoch 3: No improvement. Patience(epoch): 2/3
2026-01-14 07:33:19,109 - INFO: Epoch: [4][  0/582]	Time  0.743 ( 0.743)	Loss 3.0179e-01 (3.0179e-01)	Acc pseudo  92.19 ( 92.19)	Lr 1.000e-03 (1.000e-03)
2026-01-14 07:33:23,837 - INFO: Epoch: [4][ 50/582]	Time  0.027 ( 0.054)	Loss 1.5275e-01 (1.5718e-01)	Acc pseudo  90.62 ( 93.78)	Lr 1.000e-03 (1.000e-03)
2026-01-14 07:33:28,566 - INFO: Epoch: [4][100/582]	Time  0.035 ( 0.041)	Loss 1.6935e-01 (1.4457e-01)	Acc pseudo  93.75 ( 94.03)	Lr 1.000e-03 (1.000e-03)
2026-01-14 07:33:33,296 - INFO: Epoch: [4][150/582]	Time  0.028 ( 0.038)	Loss 4.8350e-02 (1.4956e-01)	Acc pseudo  98.44 ( 93.81)	Lr 1.000e-03 (1.000e-03)
2026-01-14 07:33:38,032 - INFO: Epoch: [4][200/582]	Time  0.028 ( 0.038)	Loss 1.6248e-01 (1.5209e-01)	Acc pseudo  95.31 ( 93.73)	Lr 1.000e-03 (1.000e-03)
2026-01-14 07:33:42,763 - INFO: Epoch: [4][250/582]	Time  0.037 ( 0.037)	Loss 2.0025e-01 (1.5329e-01)	Acc pseudo  89.06 ( 93.69)	Lr 1.000e-03 (1.000e-03)
2026-01-14 07:33:47,500 - INFO: Epoch: [4][300/582]	Time  0.029 ( 0.037)	Loss 9.9554e-02 (1.5368e-01)	Acc pseudo  93.75 ( 93.68)	Lr 1.000e-03 (1.000e-03)
2026-01-14 07:33:52,232 - INFO: Epoch: [4][350/582]	Time  0.033 ( 0.036)	Loss 9.6716e-02 (1.5506e-01)	Acc pseudo  95.31 ( 93.72)	Lr 1.000e-03 (1.000e-03)
2026-01-14 07:33:56,984 - INFO: Epoch: [4][400/582]	Time  0.030 ( 0.035)	Loss 1.5104e-01 (1.5740e-01)	Acc pseudo  87.50 ( 93.66)	Lr 1.000e-03 (1.000e-03)
2026-01-14 07:34:01,768 - INFO: Epoch: [4][450/582]	Time  0.032 ( 0.035)	Loss 1.3210e-01 (1.5883e-01)	Acc pseudo  93.75 ( 93.63)	Lr 1.000e-03 (1.000e-03)
2026-01-14 07:34:06,505 - INFO: Epoch: [4][500/582]	Time  0.027 ( 0.035)	Loss 3.6563e-01 (1.5876e-01)	Acc pseudo  89.06 ( 93.64)	Lr 1.000e-03 (1.000e-03)
2026-01-14 07:34:11,244 - INFO: Epoch: [4][550/582]	Time  0.040 ( 0.035)	Loss 5.7075e-02 (1.5780e-01)	Acc pseudo  96.88 ( 93.65)	Lr 1.000e-03 (1.000e-03)
2026-01-14 07:34:14,267 - INFO: Round 4, Face Fine-tune Epoch 4: loss=0.1563, acc(pseudo)=93.71%
2026-01-14 07:35:13,484 - INFO: Round 4, Face Fine-tune Epoch 4: acc(valid_pseudo): 0.9946, acc: 0.8773
2026-01-14 07:35:14,405 - INFO: Epoch: [5][  0/582]	Time  0.539 ( 0.539)	Loss 1.8697e-01 (1.8697e-01)	Acc pseudo  95.31 ( 95.31)	Lr 1.000e-03 (1.000e-03)
2026-01-14 07:35:19,134 - INFO: Epoch: [5][ 50/582]	Time  0.036 ( 0.043)	Loss 8.2200e-02 (1.4379e-01)	Acc pseudo  95.31 ( 94.06)	Lr 1.000e-03 (1.000e-03)
2026-01-14 07:35:23,860 - INFO: Epoch: [5][100/582]	Time  0.027 ( 0.036)	Loss 1.6091e-01 (1.4252e-01)	Acc pseudo  90.62 ( 94.37)	Lr 1.000e-03 (1.000e-03)
2026-01-14 07:35:28,768 - INFO: Epoch: [5][150/582]	Time  0.039 ( 0.035)	Loss 5.5188e-02 (1.3650e-01)	Acc pseudo  98.44 ( 94.52)	Lr 1.000e-03 (1.000e-03)
2026-01-14 07:35:33,497 - INFO: Epoch: [5][200/582]	Time  0.041 ( 0.035)	Loss 1.7042e-01 (1.3724e-01)	Acc pseudo  95.31 ( 94.57)	Lr 1.000e-03 (1.000e-03)
2026-01-14 07:35:38,232 - INFO: Epoch: [5][250/582]	Time  0.029 ( 0.037)	Loss 1.3894e-01 (1.3813e-01)	Acc pseudo  93.75 ( 94.47)	Lr 1.000e-03 (1.000e-03)
2026-01-14 07:35:42,961 - INFO: Epoch: [5][300/582]	Time  0.027 ( 0.035)	Loss 1.4202e-01 (1.3942e-01)	Acc pseudo  92.19 ( 94.52)	Lr 1.000e-03 (1.000e-03)
2026-01-14 07:35:47,691 - INFO: Epoch: [5][350/582]	Time  0.029 ( 0.035)	Loss 1.4830e-01 (1.3765e-01)	Acc pseudo  92.19 ( 94.54)	Lr 1.000e-03 (1.000e-03)
2026-01-14 07:35:52,419 - INFO: Epoch: [5][400/582]	Time  0.028 ( 0.035)	Loss 1.5857e-01 (1.3746e-01)	Acc pseudo  95.31 ( 94.56)	Lr 1.000e-03 (1.000e-03)
2026-01-14 07:35:57,149 - INFO: Epoch: [5][450/582]	Time  0.027 ( 0.034)	Loss 1.4354e-01 (1.3770e-01)	Acc pseudo  92.19 ( 94.51)	Lr 1.000e-03 (1.000e-03)
2026-01-14 07:36:01,880 - INFO: Epoch: [5][500/582]	Time  0.027 ( 0.034)	Loss 8.1748e-02 (1.3831e-01)	Acc pseudo  93.75 ( 94.43)	Lr 1.000e-03 (1.000e-03)
2026-01-14 07:36:06,608 - INFO: Epoch: [5][550/582]	Time  0.028 ( 0.033)	Loss 2.0978e-01 (1.3948e-01)	Acc pseudo  92.19 ( 94.40)	Lr 1.000e-03 (1.000e-03)
2026-01-14 07:36:09,625 - INFO: Round 4, Face Fine-tune Epoch 5: loss=0.1426, acc(pseudo)=94.35%
2026-01-14 07:37:09,160 - INFO: Round 4, Face Fine-tune Epoch 5: acc(valid_pseudo): 0.9948, acc: 0.8705
2026-01-14 07:37:10,043 - INFO: Epoch: [6][  0/582]	Time  0.490 ( 0.490)	Loss 3.9730e-02 (3.9730e-02)	Acc pseudo  98.44 ( 98.44)	Lr 1.000e-03 (1.000e-03)
2026-01-14 07:37:14,772 - INFO: Epoch: [6][ 50/582]	Time  0.029 ( 0.042)	Loss 7.7781e-02 (1.2784e-01)	Acc pseudo  96.88 ( 94.82)	Lr 1.000e-03 (1.000e-03)
2026-01-14 07:37:19,499 - INFO: Epoch: [6][100/582]	Time  0.029 ( 0.036)	Loss 1.1256e-01 (1.3010e-01)	Acc pseudo  93.75 ( 94.72)	Lr 1.000e-03 (1.000e-03)
2026-01-14 07:37:24,230 - INFO: Epoch: [6][150/582]	Time  0.040 ( 0.035)	Loss 1.2805e-01 (1.3449e-01)	Acc pseudo  93.75 ( 94.50)	Lr 1.000e-03 (1.000e-03)
2026-01-14 07:37:28,956 - INFO: Epoch: [6][200/582]	Time  0.032 ( 0.034)	Loss 1.4570e-01 (1.3457e-01)	Acc pseudo  92.19 ( 94.46)	Lr 1.000e-03 (1.000e-03)
2026-01-14 07:37:33,680 - INFO: Epoch: [6][250/582]	Time  0.029 ( 0.033)	Loss 7.9852e-02 (1.3289e-01)	Acc pseudo  96.88 ( 94.63)	Lr 1.000e-03 (1.000e-03)
2026-01-14 07:37:38,410 - INFO: Epoch: [6][300/582]	Time  0.028 ( 0.032)	Loss 1.0170e-01 (1.3488e-01)	Acc pseudo  93.75 ( 94.62)	Lr 1.000e-03 (1.000e-03)
2026-01-14 07:37:43,143 - INFO: Epoch: [6][350/582]	Time  0.028 ( 0.032)	Loss 8.8205e-02 (1.3643e-01)	Acc pseudo  95.31 ( 94.55)	Lr 1.000e-03 (1.000e-03)
2026-01-14 07:37:47,877 - INFO: Epoch: [6][400/582]	Time  0.031 ( 0.032)	Loss 2.7595e-01 (1.3851e-01)	Acc pseudo  87.50 ( 94.46)	Lr 1.000e-03 (1.000e-03)
2026-01-14 07:37:52,610 - INFO: Epoch: [6][450/582]	Time  0.028 ( 0.032)	Loss 1.0989e-01 (1.4049e-01)	Acc pseudo  95.31 ( 94.34)	Lr 1.000e-03 (1.000e-03)
2026-01-14 07:37:57,342 - INFO: Epoch: [6][500/582]	Time  0.028 ( 0.032)	Loss 2.3184e-01 (1.4037e-01)	Acc pseudo  95.31 ( 94.32)	Lr 1.000e-03 (1.000e-03)
2026-01-14 07:38:02,078 - INFO: Epoch: [6][550/582]	Time  0.037 ( 0.032)	Loss 1.6208e-01 (1.3977e-01)	Acc pseudo  92.19 ( 94.35)	Lr 1.000e-03 (1.000e-03)
2026-01-14 07:38:05,095 - INFO: Round 4, Face Fine-tune Epoch 6: loss=0.1393, acc(pseudo)=94.32%
2026-01-14 07:39:05,008 - INFO: Round 4, Face Fine-tune Epoch 6: acc(valid_pseudo): 0.9948, acc: 0.8734
2026-01-14 07:39:05,009 - INFO: Round 4, Face Fine-tune Epoch 6: No improvement. Patience(epoch): 1/3
2026-01-14 07:39:05,570 - INFO: Epoch: [7][  0/582]	Time  0.513 ( 0.513)	Loss 9.7459e-02 (9.7459e-02)	Acc pseudo  93.75 ( 93.75)	Lr 1.000e-03 (1.000e-03)
2026-01-14 07:39:10,313 - INFO: Epoch: [7][ 50/582]	Time  0.043 ( 0.054)	Loss 1.8054e-01 (1.4663e-01)	Acc pseudo  93.75 ( 93.75)	Lr 1.000e-03 (1.000e-03)
2026-01-14 07:39:15,055 - INFO: Epoch: [7][100/582]	Time  0.041 ( 0.048)	Loss 9.4637e-02 (1.4190e-01)	Acc pseudo  93.75 ( 94.11)	Lr 1.000e-03 (1.000e-03)
2026-01-14 07:39:19,797 - INFO: Epoch: [7][150/582]	Time  0.043 ( 0.046)	Loss 1.9348e-01 (1.4120e-01)	Acc pseudo  92.19 ( 94.21)	Lr 1.000e-03 (1.000e-03)
2026-01-14 07:39:24,538 - INFO: Epoch: [7][200/582]	Time  0.042 ( 0.045)	Loss 8.1937e-02 (1.3656e-01)	Acc pseudo  96.88 ( 94.29)	Lr 1.000e-03 (1.000e-03)
2026-01-14 07:39:29,276 - INFO: Epoch: [7][250/582]	Time  0.028 ( 0.044)	Loss 1.3351e-01 (1.3612e-01)	Acc pseudo  92.19 ( 94.34)	Lr 1.000e-03 (1.000e-03)
2026-01-14 07:39:34,004 - INFO: Epoch: [7][300/582]	Time  0.028 ( 0.041)	Loss 8.5538e-02 (1.3255e-01)	Acc pseudo  95.31 ( 94.45)	Lr 1.000e-03 (1.000e-03)
2026-01-14 07:39:38,730 - INFO: Epoch: [7][350/582]	Time  0.029 ( 0.040)	Loss 4.9444e-01 (1.3358e-01)	Acc pseudo  82.81 ( 94.38)	Lr 1.000e-03 (1.000e-03)
2026-01-14 07:39:43,460 - INFO: Epoch: [7][400/582]	Time  0.030 ( 0.038)	Loss 4.4551e-01 (1.3302e-01)	Acc pseudo  92.19 ( 94.43)	Lr 1.000e-03 (1.000e-03)
2026-01-14 07:39:48,192 - INFO: Epoch: [7][450/582]	Time  0.029 ( 0.037)	Loss 1.5925e-01 (1.3430e-01)	Acc pseudo  92.19 ( 94.44)	Lr 1.000e-03 (1.000e-03)
2026-01-14 07:39:52,935 - INFO: Epoch: [7][500/582]	Time  0.039 ( 0.037)	Loss 1.4746e-01 (1.3497e-01)	Acc pseudo  89.06 ( 94.47)	Lr 1.000e-03 (1.000e-03)
2026-01-14 07:39:57,675 - INFO: Epoch: [7][550/582]	Time  0.028 ( 0.036)	Loss 8.4069e-02 (1.3516e-01)	Acc pseudo  93.75 ( 94.47)	Lr 1.000e-03 (1.000e-03)
2026-01-14 07:40:00,702 - INFO: Round 4, Face Fine-tune Epoch 7: loss=0.1366, acc(pseudo)=94.48%
2026-01-14 07:41:00,014 - INFO: Round 4, Face Fine-tune Epoch 7: acc(valid_pseudo): 0.9947, acc: 0.8676
2026-01-14 07:41:00,014 - INFO: Round 4, Face Fine-tune Epoch 7: No improvement. Patience(epoch): 2/3
2026-01-14 07:41:00,543 - INFO: Epoch: [8][  0/582]	Time  0.479 ( 0.479)	Loss 1.1248e-01 (1.1248e-01)	Acc pseudo  95.31 ( 95.31)	Lr 1.000e-03 (1.000e-03)
2026-01-14 07:41:05,280 - INFO: Epoch: [8][ 50/582]	Time  0.028 ( 0.038)	Loss 3.8305e-02 (1.2988e-01)	Acc pseudo 100.00 ( 94.49)	Lr 1.000e-03 (1.000e-03)
2026-01-14 07:41:10,011 - INFO: Epoch: [8][100/582]	Time  0.028 ( 0.033)	Loss 9.9194e-02 (1.2717e-01)	Acc pseudo  93.75 ( 94.63)	Lr 1.000e-03 (1.000e-03)
2026-01-14 07:41:14,742 - INFO: Epoch: [8][150/582]	Time  0.029 ( 0.032)	Loss 6.9838e-02 (1.2718e-01)	Acc pseudo  96.88 ( 94.54)	Lr 1.000e-03 (1.000e-03)
2026-01-14 07:41:19,475 - INFO: Epoch: [8][200/582]	Time  0.029 ( 0.031)	Loss 1.7455e-01 (1.3009e-01)	Acc pseudo  93.75 ( 94.48)	Lr 1.000e-03 (1.000e-03)
2026-01-14 07:41:24,208 - INFO: Epoch: [8][250/582]	Time  0.028 ( 0.031)	Loss 1.7738e-01 (1.2841e-01)	Acc pseudo  92.19 ( 94.56)	Lr 1.000e-03 (1.000e-03)
2026-01-14 07:41:28,940 - INFO: Epoch: [8][300/582]	Time  0.028 ( 0.030)	Loss 1.3893e-01 (1.3592e-01)	Acc pseudo  95.31 ( 94.41)	Lr 1.000e-03 (1.000e-03)
2026-01-14 07:41:33,673 - INFO: Epoch: [8][350/582]	Time  0.029 ( 0.030)	Loss 1.2031e-01 (1.3542e-01)	Acc pseudo  95.31 ( 94.40)	Lr 1.000e-03 (1.000e-03)
2026-01-14 07:41:38,403 - INFO: Epoch: [8][400/582]	Time  0.028 ( 0.030)	Loss 6.0093e-02 (1.3767e-01)	Acc pseudo  98.44 ( 94.40)	Lr 1.000e-03 (1.000e-03)
2026-01-14 07:41:43,142 - INFO: Epoch: [8][450/582]	Time  0.028 ( 0.030)	Loss 5.9197e-02 (1.4179e-01)	Acc pseudo  96.88 ( 94.37)	Lr 1.000e-03 (1.000e-03)
2026-01-14 07:41:47,875 - INFO: Epoch: [8][500/582]	Time  0.028 ( 0.030)	Loss 6.7051e-02 (1.4295e-01)	Acc pseudo  98.44 ( 94.39)	Lr 1.000e-03 (1.000e-03)
2026-01-14 07:41:52,612 - INFO: Epoch: [8][550/582]	Time  0.032 ( 0.030)	Loss 5.6731e-02 (1.4215e-01)	Acc pseudo  98.44 ( 94.38)	Lr 1.000e-03 (1.000e-03)
2026-01-14 07:41:55,684 - INFO: Round 4, Face Fine-tune Epoch 8: loss=0.1418, acc(pseudo)=94.36%
2026-01-14 07:42:55,477 - INFO: Round 4, Face Fine-tune Epoch 8: acc(valid_pseudo): 0.9953, acc: 0.8744
2026-01-14 07:42:56,354 - INFO: Epoch: [9][  0/582]	Time  0.502 ( 0.502)	Loss 1.3686e-01 (1.3686e-01)	Acc pseudo  98.44 ( 98.44)	Lr 1.000e-03 (1.000e-03)
2026-01-14 07:43:01,088 - INFO: Epoch: [9][ 50/582]	Time  0.030 ( 0.045)	Loss 1.0877e-01 (1.3798e-01)	Acc pseudo  93.75 ( 94.27)	Lr 1.000e-03 (1.000e-03)
2026-01-14 07:43:05,878 - INFO: Epoch: [9][100/582]	Time  0.028 ( 0.038)	Loss 3.7800e-02 (1.3735e-01)	Acc pseudo  96.88 ( 94.38)	Lr 1.000e-03 (1.000e-03)
2026-01-14 07:43:10,685 - INFO: Epoch: [9][150/582]	Time  0.027 ( 0.037)	Loss 6.9437e-01 (1.4218e-01)	Acc pseudo  95.31 ( 94.29)	Lr 1.000e-03 (1.000e-03)
2026-01-14 07:43:15,426 - INFO: Epoch: [9][200/582]	Time  0.029 ( 0.036)	Loss 9.5331e-02 (1.3909e-01)	Acc pseudo  95.31 ( 94.44)	Lr 1.000e-03 (1.000e-03)
2026-01-14 07:43:20,167 - INFO: Epoch: [9][250/582]	Time  0.027 ( 0.035)	Loss 6.1259e-02 (1.3572e-01)	Acc pseudo  98.44 ( 94.52)	Lr 1.000e-03 (1.000e-03)
2026-01-14 07:43:24,905 - INFO: Epoch: [9][300/582]	Time  0.027 ( 0.035)	Loss 2.0960e-01 (1.3800e-01)	Acc pseudo  93.75 ( 94.51)	Lr 1.000e-03 (1.000e-03)
2026-01-14 07:43:29,648 - INFO: Epoch: [9][350/582]	Time  0.040 ( 0.036)	Loss 9.8446e-02 (1.3916e-01)	Acc pseudo  93.75 ( 94.50)	Lr 1.000e-03 (1.000e-03)
2026-01-14 07:43:34,389 - INFO: Epoch: [9][400/582]	Time  0.047 ( 0.036)	Loss 2.0201e-01 (1.3981e-01)	Acc pseudo  92.19 ( 94.40)	Lr 1.000e-03 (1.000e-03)
2026-01-14 07:43:39,131 - INFO: Epoch: [9][450/582]	Time  0.028 ( 0.037)	Loss 7.7015e-02 (1.4022e-01)	Acc pseudo  98.44 ( 94.40)	Lr 1.000e-03 (1.000e-03)
2026-01-14 07:43:43,866 - INFO: Epoch: [9][500/582]	Time  0.028 ( 0.037)	Loss 7.3630e-02 (1.3884e-01)	Acc pseudo  96.88 ( 94.40)	Lr 1.000e-03 (1.000e-03)
2026-01-14 07:43:48,600 - INFO: Epoch: [9][550/582]	Time  0.031 ( 0.037)	Loss 1.0536e-01 (1.3740e-01)	Acc pseudo  98.44 ( 94.41)	Lr 1.000e-03 (1.000e-03)
2026-01-14 07:43:51,633 - INFO: Round 4, Face Fine-tune Epoch 9: loss=0.1362, acc(pseudo)=94.43%
2026-01-14 07:44:51,304 - INFO: Round 4, Face Fine-tune Epoch 9: acc(valid_pseudo): 0.9959, acc: 0.8734
2026-01-14 07:44:52,414 - INFO: Epoch: [10][  0/582]	Time  0.507 ( 0.507)	Loss 3.9691e-02 (3.9691e-02)	Acc pseudo 100.00 (100.00)	Lr 1.000e-03 (1.000e-03)
2026-01-14 07:44:57,133 - INFO: Epoch: [10][ 50/582]	Time  0.028 ( 0.040)	Loss 1.5809e-01 (1.2128e-01)	Acc pseudo  95.31 ( 94.91)	Lr 1.000e-03 (1.000e-03)
2026-01-14 07:45:01,850 - INFO: Epoch: [10][100/582]	Time  0.029 ( 0.034)	Loss 1.2044e-01 (1.2748e-01)	Acc pseudo  95.31 ( 94.66)	Lr 1.000e-03 (1.000e-03)
2026-01-14 07:45:06,573 - INFO: Epoch: [10][150/582]	Time  0.030 ( 0.033)	Loss 1.8270e-01 (1.2709e-01)	Acc pseudo  89.06 ( 94.64)	Lr 1.000e-03 (1.000e-03)
2026-01-14 07:45:11,386 - INFO: Epoch: [10][200/582]	Time  0.028 ( 0.032)	Loss 1.2038e-01 (1.2563e-01)	Acc pseudo  95.31 ( 94.85)	Lr 1.000e-03 (1.000e-03)
2026-01-14 07:45:16,134 - INFO: Epoch: [10][250/582]	Time  0.027 ( 0.032)	Loss 6.2204e-02 (1.2343e-01)	Acc pseudo  98.44 ( 94.86)	Lr 1.000e-03 (1.000e-03)
2026-01-14 07:45:20,857 - INFO: Epoch: [10][300/582]	Time  0.044 ( 0.032)	Loss 5.0006e-01 (1.2687e-01)	Acc pseudo  85.94 ( 94.86)	Lr 1.000e-03 (1.000e-03)
2026-01-14 07:45:25,584 - INFO: Epoch: [10][350/582]	Time  0.028 ( 0.032)	Loss 1.0537e-01 (1.2842e-01)	Acc pseudo  95.31 ( 94.81)	Lr 1.000e-03 (1.000e-03)
2026-01-14 07:45:30,311 - INFO: Epoch: [10][400/582]	Time  0.028 ( 0.032)	Loss 4.8386e-02 (1.2821e-01)	Acc pseudo  96.88 ( 94.81)	Lr 1.000e-03 (1.000e-03)
2026-01-14 07:45:35,037 - INFO: Epoch: [10][450/582]	Time  0.028 ( 0.031)	Loss 7.1802e-02 (1.2895e-01)	Acc pseudo  96.88 ( 94.79)	Lr 1.000e-03 (1.000e-03)
2026-01-14 07:45:39,761 - INFO: Epoch: [10][500/582]	Time  0.028 ( 0.031)	Loss 6.5325e-02 (1.3047e-01)	Acc pseudo  98.44 ( 94.74)	Lr 1.000e-03 (1.000e-03)
2026-01-14 07:45:44,486 - INFO: Epoch: [10][550/582]	Time  0.029 ( 0.031)	Loss 1.1346e-01 (1.3053e-01)	Acc pseudo  95.31 ( 94.72)	Lr 1.000e-03 (1.000e-03)
2026-01-14 07:45:47,505 - INFO: Round 4, Face Fine-tune Epoch 10: loss=0.1306, acc(pseudo)=94.70%
2026-01-14 07:46:47,702 - INFO: Round 4, Face Fine-tune Epoch 10: acc(valid_pseudo): 0.9961, acc: 0.8783
2026-01-14 07:46:48,825 - INFO: Epoch: [11][  0/582]	Time  0.505 ( 0.505)	Loss 2.1463e-01 (2.1463e-01)	Acc pseudo  93.75 ( 93.75)	Lr 1.000e-03 (1.000e-03)
2026-01-14 07:46:53,549 - INFO: Epoch: [11][ 50/582]	Time  0.030 ( 0.041)	Loss 3.4968e-01 (1.4207e-01)	Acc pseudo  95.31 ( 94.70)	Lr 1.000e-03 (1.000e-03)
2026-01-14 07:46:58,273 - INFO: Epoch: [11][100/582]	Time  0.028 ( 0.035)	Loss 8.2321e-02 (1.2828e-01)	Acc pseudo  95.31 ( 94.93)	Lr 1.000e-03 (1.000e-03)
2026-01-14 07:47:03,001 - INFO: Epoch: [11][150/582]	Time  0.030 ( 0.033)	Loss 9.7463e-02 (1.2206e-01)	Acc pseudo  95.31 ( 94.88)	Lr 1.000e-03 (1.000e-03)
2026-01-14 07:47:07,731 - INFO: Epoch: [11][200/582]	Time  0.028 ( 0.032)	Loss 1.7754e-01 (1.2505e-01)	Acc pseudo  92.19 ( 94.75)	Lr 1.000e-03 (1.000e-03)
2026-01-14 07:47:12,463 - INFO: Epoch: [11][250/582]	Time  0.029 ( 0.031)	Loss 1.4487e-01 (1.2339e-01)	Acc pseudo  96.88 ( 94.79)	Lr 1.000e-03 (1.000e-03)
2026-01-14 07:47:17,198 - INFO: Epoch: [11][300/582]	Time  0.028 ( 0.031)	Loss 8.8515e-02 (1.2376e-01)	Acc pseudo  96.88 ( 94.90)	Lr 1.000e-03 (1.000e-03)
2026-01-14 07:47:21,928 - INFO: Epoch: [11][350/582]	Time  0.040 ( 0.031)	Loss 1.3416e-01 (1.2470e-01)	Acc pseudo  93.75 ( 94.85)	Lr 1.000e-03 (1.000e-03)
2026-01-14 07:47:26,714 - INFO: Epoch: [11][400/582]	Time  0.050 ( 0.031)	Loss 1.6421e-01 (1.2502e-01)	Acc pseudo  90.62 ( 94.87)	Lr 1.000e-03 (1.000e-03)
2026-01-14 07:47:31,449 - INFO: Epoch: [11][450/582]	Time  0.040 ( 0.031)	Loss 1.4979e-01 (1.2629e-01)	Acc pseudo  90.62 ( 94.81)	Lr 1.000e-03 (1.000e-03)
2026-01-14 07:47:36,186 - INFO: Epoch: [11][500/582]	Time  0.028 ( 0.031)	Loss 9.1425e-02 (1.2861e-01)	Acc pseudo  98.44 ( 94.76)	Lr 1.000e-03 (1.000e-03)
2026-01-14 07:47:40,926 - INFO: Epoch: [11][550/582]	Time  0.028 ( 0.031)	Loss 7.9481e-02 (1.2700e-01)	Acc pseudo  95.31 ( 94.83)	Lr 1.000e-03 (1.000e-03)
2026-01-14 07:47:43,961 - INFO: Round 4, Face Fine-tune Epoch 11: loss=0.1272, acc(pseudo)=94.80%
2026-01-14 07:48:43,392 - INFO: Round 4, Face Fine-tune Epoch 11: acc(valid_pseudo): 0.9960, acc: 0.8715
2026-01-14 07:48:43,393 - INFO: Round 4, Face Fine-tune Epoch 11: No improvement. Patience(epoch): 1/3
2026-01-14 07:48:43,930 - INFO: Epoch: [12][  0/582]	Time  0.483 ( 0.483)	Loss 1.4050e-01 (1.4050e-01)	Acc pseudo  93.75 ( 93.75)	Lr 1.000e-03 (1.000e-03)
2026-01-14 07:48:48,670 - INFO: Epoch: [12][ 50/582]	Time  0.027 ( 0.039)	Loss 7.9921e-02 (1.3567e-01)	Acc pseudo  95.31 ( 94.09)	Lr 1.000e-03 (1.000e-03)
2026-01-14 07:48:53,416 - INFO: Epoch: [12][100/582]	Time  0.043 ( 0.036)	Loss 1.1732e-01 (1.2350e-01)	Acc pseudo  95.31 ( 94.83)	Lr 1.000e-03 (1.000e-03)
2026-01-14 07:48:58,159 - INFO: Epoch: [12][150/582]	Time  0.027 ( 0.038)	Loss 1.2881e-01 (1.2400e-01)	Acc pseudo  93.75 ( 94.85)	Lr 1.000e-03 (1.000e-03)
2026-01-14 07:49:02,893 - INFO: Epoch: [12][200/582]	Time  0.028 ( 0.036)	Loss 1.9852e-01 (1.2375e-01)	Acc pseudo  93.75 ( 94.80)	Lr 1.000e-03 (1.000e-03)
2026-01-14 07:49:07,633 - INFO: Epoch: [12][250/582]	Time  0.038 ( 0.035)	Loss 5.7078e-02 (1.2337e-01)	Acc pseudo  96.88 ( 94.81)	Lr 1.000e-03 (1.000e-03)
2026-01-14 07:49:12,376 - INFO: Epoch: [12][300/582]	Time  0.027 ( 0.034)	Loss 1.1023e-01 (1.2080e-01)	Acc pseudo  95.31 ( 94.93)	Lr 1.000e-03 (1.000e-03)
2026-01-14 07:49:17,115 - INFO: Epoch: [12][350/582]	Time  0.028 ( 0.033)	Loss 1.2731e-01 (1.2176e-01)	Acc pseudo  93.75 ( 94.94)	Lr 1.000e-03 (1.000e-03)
2026-01-14 07:49:21,854 - INFO: Epoch: [12][400/582]	Time  0.044 ( 0.033)	Loss 2.1321e-01 (1.2347e-01)	Acc pseudo  89.06 ( 94.94)	Lr 1.000e-03 (1.000e-03)
2026-01-14 07:49:26,595 - INFO: Epoch: [12][450/582]	Time  0.027 ( 0.034)	Loss 1.2866e-01 (1.2434e-01)	Acc pseudo  95.31 ( 94.91)	Lr 1.000e-03 (1.000e-03)
2026-01-14 07:49:31,328 - INFO: Epoch: [12][500/582]	Time  0.027 ( 0.033)	Loss 1.5876e-01 (1.2393e-01)	Acc pseudo  92.19 ( 94.91)	Lr 1.000e-03 (1.000e-03)
2026-01-14 07:49:36,067 - INFO: Epoch: [12][550/582]	Time  0.039 ( 0.033)	Loss 2.9855e-02 (1.2410e-01)	Acc pseudo 100.00 ( 94.91)	Lr 1.000e-03 (1.000e-03)
2026-01-14 07:49:39,138 - INFO: Round 4, Face Fine-tune Epoch 12: loss=0.1253, acc(pseudo)=94.89%
2026-01-14 07:50:38,441 - INFO: Round 4, Face Fine-tune Epoch 12: acc(valid_pseudo): 0.9955, acc: 0.8715
2026-01-14 07:50:38,442 - INFO: Round 4, Face Fine-tune Epoch 12: No improvement. Patience(epoch): 2/3
2026-01-14 07:50:39,034 - INFO: Epoch: [13][  0/582]	Time  0.536 ( 0.536)	Loss 1.0591e-01 (1.0591e-01)	Acc pseudo  95.31 ( 95.31)	Lr 1.000e-03 (1.000e-03)
2026-01-14 07:50:43,756 - INFO: Epoch: [13][ 50/582]	Time  0.029 ( 0.040)	Loss 3.1961e-01 (1.3395e-01)	Acc pseudo  92.19 ( 94.30)	Lr 1.000e-03 (1.000e-03)
2026-01-14 07:50:48,475 - INFO: Epoch: [13][100/582]	Time  0.027 ( 0.035)	Loss 1.0083e-01 (1.3341e-01)	Acc pseudo  93.75 ( 94.54)	Lr 1.000e-03 (1.000e-03)
2026-01-14 07:50:53,365 - INFO: Epoch: [13][150/582]	Time  0.028 ( 0.034)	Loss 1.3793e-01 (1.3337e-01)	Acc pseudo  95.31 ( 94.67)	Lr 1.000e-03 (1.000e-03)
2026-01-14 07:50:58,082 - INFO: Epoch: [13][200/582]	Time  0.027 ( 0.033)	Loss 5.6892e-02 (1.3391e-01)	Acc pseudo  96.88 ( 94.70)	Lr 1.000e-03 (1.000e-03)
2026-01-14 07:51:02,799 - INFO: Epoch: [13][250/582]	Time  0.028 ( 0.032)	Loss 1.2981e-01 (1.3335e-01)	Acc pseudo  93.75 ( 94.67)	Lr 1.000e-03 (1.000e-03)
2026-01-14 07:51:07,521 - INFO: Epoch: [13][300/582]	Time  0.030 ( 0.032)	Loss 4.1495e-02 (1.3433e-01)	Acc pseudo  98.44 ( 94.60)	Lr 1.000e-03 (1.000e-03)
2026-01-14 07:51:12,243 - INFO: Epoch: [13][350/582]	Time  0.028 ( 0.032)	Loss 2.3282e-01 (1.3395e-01)	Acc pseudo  89.06 ( 94.70)	Lr 1.000e-03 (1.000e-03)
2026-01-14 07:51:16,964 - INFO: Epoch: [13][400/582]	Time  0.028 ( 0.032)	Loss 1.1221e-01 (1.3689e-01)	Acc pseudo  95.31 ( 94.67)	Lr 1.000e-03 (1.000e-03)
2026-01-14 07:51:21,686 - INFO: Epoch: [13][450/582]	Time  0.028 ( 0.032)	Loss 2.0551e-01 (1.3458e-01)	Acc pseudo  89.06 ( 94.69)	Lr 1.000e-03 (1.000e-03)
2026-01-14 07:51:26,410 - INFO: Epoch: [13][500/582]	Time  0.027 ( 0.032)	Loss 1.1024e-01 (1.3508e-01)	Acc pseudo  95.31 ( 94.67)	Lr 1.000e-03 (1.000e-03)
2026-01-14 07:51:31,135 - INFO: Epoch: [13][550/582]	Time  0.039 ( 0.031)	Loss 1.9233e-01 (1.3668e-01)	Acc pseudo  95.31 ( 94.62)	Lr 1.000e-03 (1.000e-03)
2026-01-14 07:51:34,205 - INFO: Round 4, Face Fine-tune Epoch 13: loss=0.1381, acc(pseudo)=94.57%
2026-01-14 07:52:33,444 - INFO: Round 4, Face Fine-tune Epoch 13: acc(valid_pseudo): 0.9946, acc: 0.8793
2026-01-14 07:52:33,444 - INFO: Round 4, Face Fine-tune Epoch 13: No improvement. Patience(epoch): 3/3
2026-01-14 07:52:33,444 - INFO: Early stopping at face epoch 13
2026-01-14 07:52:33,445 - INFO: Round 4: Best face fine-tuned epoch=10, acc(valid_pseudo)=0.9961
2026-01-14 07:52:33,575 - INFO: Using HMM model from previous round: runs/I love my family/exp_video/result/self_supervised/exp2/round3/pseudo_label/hmm_params.pkl
2026-01-14 09:14:18,907 - INFO: Round 4: speaker_acc=0.8795
2026-01-14 09:14:18,915 - INFO: Round 4: face_acc=0.8744
2026-01-14 09:14:18,918 - INFO: ====================
2026-01-14 09:14:18,918 - INFO: Round 5: Fine-tuning iteration
2026-01-14 09:14:18,918 - INFO: ====================
2026-01-14 09:14:18,982 - INFO: Round 5 Part 1: Fine-tuning embedding model
2026-01-14 09:14:18,984 - INFO: Using pseudo-label file: runs/I love my family/exp_video/result/self_supervised/exp2/round4/pseudo_label/pseudo_labels_audio_nested_hmm_full(unreliable_pp=100.0).json
2026-01-14 09:14:19,032 - INFO: For training, Using face pseudo-label file: runs/I love my family/exp_video/result/self_supervised/exp2/round4/pseudo_label/pseudo_labels_faces_mid_frame_train_nested_hmm_full.json
2026-01-14 09:14:19,032 - INFO: For infering, Using face pseudo-label file: runs/I love my family/exp_video/result/self_supervised/exp2/round4/pseudo_label/pseudo_labels_faces_mid_frame_all_nested_hmm_full.json
2026-01-14 09:14:19,171 - INFO: Created face dataloader with 37219 samples
2026-01-14 09:14:19,189 - INFO: Fine-tuning speaker embedding model for 20 epochs...
2026-01-14 09:14:19,916 - INFO: Epoch: [0][  0/301]	Time  0.706 ( 0.706)	Loss 3.0525e-01 (3.0525e-01)	Acc pseudo  90.62 ( 90.62)	Lr 1.000e-03 (1.000e-03)
2026-01-14 09:14:20,104 - INFO: Epoch: [0][ 50/301]	Time  0.003 ( 0.017)	Loss 3.5482e-01 (3.7191e-01)	Acc pseudo  82.81 ( 88.63)	Lr 1.000e-03 (1.000e-03)
2026-01-14 09:14:20,262 - INFO: Epoch: [0][100/301]	Time  0.003 ( 0.010)	Loss 4.3911e-01 (3.8653e-01)	Acc pseudo  87.50 ( 88.58)	Lr 1.000e-03 (1.000e-03)
2026-01-14 09:14:20,413 - INFO: Epoch: [0][150/301]	Time  0.003 ( 0.008)	Loss 2.1899e-01 (3.9641e-01)	Acc pseudo  93.75 ( 88.35)	Lr 1.000e-03 (1.000e-03)
2026-01-14 09:14:20,560 - INFO: Epoch: [0][200/301]	Time  0.003 ( 0.007)	Loss 2.1884e-01 (3.8798e-01)	Acc pseudo  95.31 ( 88.36)	Lr 1.000e-03 (1.000e-03)
2026-01-14 09:14:20,727 - INFO: Epoch: [0][250/301]	Time  0.003 ( 0.006)	Loss 3.8415e-01 (3.9169e-01)	Acc pseudo  85.94 ( 88.20)	Lr 1.000e-03 (1.000e-03)
2026-01-14 09:14:20,867 - INFO: Epoch: [0][300/301]	Time  0.002 ( 0.005)	Loss 1.7466e-01 (3.8470e-01)	Acc pseudo  92.00 ( 88.36)	Lr 1.000e-03 (1.000e-03)
2026-01-14 09:14:20,942 - INFO: Round 5, Fine-tune Epoch 0: loss=0.3847, acc(pseudo)=88.36%
2026-01-14 09:14:28,438 - INFO: Round 5, Fine-tune Epoch 0: acc(valid_pseudo): 0.9708, acc: 0.8600
2026-01-14 09:14:28,940 - INFO: Epoch: [1][  0/301]	Time  0.267 ( 0.267)	Loss 2.6623e-01 (2.6623e-01)	Acc pseudo  92.19 ( 92.19)	Lr 1.000e-03 (1.000e-03)
2026-01-14 09:14:29,119 - INFO: Epoch: [1][ 50/301]	Time  0.003 ( 0.009)	Loss 1.7355e-01 (3.3158e-01)	Acc pseudo  93.75 ( 89.31)	Lr 1.000e-03 (1.000e-03)
2026-01-14 09:14:29,288 - INFO: Epoch: [1][100/301]	Time  0.004 ( 0.006)	Loss 3.2120e-01 (3.3768e-01)	Acc pseudo  90.62 ( 89.31)	Lr 1.000e-03 (1.000e-03)
2026-01-14 09:14:29,476 - INFO: Epoch: [1][150/301]	Time  0.003 ( 0.005)	Loss 2.8694e-01 (3.3571e-01)	Acc pseudo  89.06 ( 89.51)	Lr 1.000e-03 (1.000e-03)
2026-01-14 09:14:29,641 - INFO: Epoch: [1][200/301]	Time  0.003 ( 0.005)	Loss 2.9472e-01 (3.4760e-01)	Acc pseudo  92.19 ( 89.29)	Lr 1.000e-03 (1.000e-03)
2026-01-14 09:14:29,806 - INFO: Epoch: [1][250/301]	Time  0.003 ( 0.004)	Loss 2.1330e-01 (3.5084e-01)	Acc pseudo  93.75 ( 89.16)	Lr 1.000e-03 (1.000e-03)
2026-01-14 09:14:29,965 - INFO: Epoch: [1][300/301]	Time  0.002 ( 0.004)	Loss 1.3795e-01 (3.4812e-01)	Acc pseudo  92.00 ( 89.18)	Lr 1.000e-03 (1.000e-03)
2026-01-14 09:14:30,071 - INFO: Round 5, Fine-tune Epoch 1: loss=0.3481, acc(pseudo)=89.18%
2026-01-14 09:14:38,698 - INFO: Round 5, Fine-tune Epoch 1: acc(valid_pseudo): 0.9627, acc: 0.8515
2026-01-14 09:14:38,698 - INFO: Round 5, Speaker Fine-tune Epoch 1: No improvement in validation accuracy. Patience(epoch): 1/3
2026-01-14 09:14:38,949 - INFO: Epoch: [2][  0/301]	Time  0.245 ( 0.245)	Loss 6.6349e-01 (6.6349e-01)	Acc pseudo  85.94 ( 85.94)	Lr 1.000e-03 (1.000e-03)
2026-01-14 09:14:39,122 - INFO: Epoch: [2][ 50/301]	Time  0.003 ( 0.008)	Loss 2.6630e-01 (3.3980e-01)	Acc pseudo  92.19 ( 89.15)	Lr 1.000e-03 (1.000e-03)
2026-01-14 09:14:39,280 - INFO: Epoch: [2][100/301]	Time  0.003 ( 0.006)	Loss 3.8550e-01 (3.1934e-01)	Acc pseudo  89.06 ( 89.68)	Lr 1.000e-03 (1.000e-03)
2026-01-14 09:14:39,427 - INFO: Epoch: [2][150/301]	Time  0.003 ( 0.005)	Loss 3.1278e-01 (3.1907e-01)	Acc pseudo  92.19 ( 89.74)	Lr 1.000e-03 (1.000e-03)
2026-01-14 09:14:39,574 - INFO: Epoch: [2][200/301]	Time  0.003 ( 0.004)	Loss 2.6735e-01 (3.2031e-01)	Acc pseudo  95.31 ( 89.75)	Lr 1.000e-03 (1.000e-03)
2026-01-14 09:14:39,718 - INFO: Epoch: [2][250/301]	Time  0.003 ( 0.004)	Loss 3.1270e-01 (3.3036e-01)	Acc pseudo  87.50 ( 89.38)	Lr 1.000e-03 (1.000e-03)
2026-01-14 09:14:39,858 - INFO: Epoch: [2][300/301]	Time  0.002 ( 0.004)	Loss 2.0244e-01 (3.3808e-01)	Acc pseudo  96.00 ( 89.33)	Lr 1.000e-03 (1.000e-03)
2026-01-14 09:14:39,929 - INFO: Round 5, Fine-tune Epoch 2: loss=0.3381, acc(pseudo)=89.33%
2026-01-14 09:14:47,594 - INFO: Round 5, Fine-tune Epoch 2: acc(valid_pseudo): 0.9735, acc: 0.8695
2026-01-14 09:14:48,064 - INFO: Epoch: [3][  0/301]	Time  0.274 ( 0.274)	Loss 4.6381e-01 (4.6381e-01)	Acc pseudo  87.50 ( 87.50)	Lr 1.000e-03 (1.000e-03)
2026-01-14 09:14:48,237 - INFO: Epoch: [3][ 50/301]	Time  0.003 ( 0.009)	Loss 5.0286e-01 (3.0164e-01)	Acc pseudo  81.25 ( 89.74)	Lr 1.000e-03 (1.000e-03)
2026-01-14 09:14:48,391 - INFO: Epoch: [3][100/301]	Time  0.003 ( 0.006)	Loss 2.0165e-01 (3.1235e-01)	Acc pseudo  92.19 ( 89.70)	Lr 1.000e-03 (1.000e-03)
2026-01-14 09:14:48,545 - INFO: Epoch: [3][150/301]	Time  0.003 ( 0.005)	Loss 2.2101e-01 (3.1971e-01)	Acc pseudo  87.50 ( 89.68)	Lr 1.000e-03 (1.000e-03)
2026-01-14 09:14:48,691 - INFO: Epoch: [3][200/301]	Time  0.003 ( 0.004)	Loss 3.7312e-01 (3.1755e-01)	Acc pseudo  90.62 ( 89.86)	Lr 1.000e-03 (1.000e-03)
2026-01-14 09:14:48,840 - INFO: Epoch: [3][250/301]	Time  0.003 ( 0.004)	Loss 1.4448e-01 (3.1740e-01)	Acc pseudo  95.31 ( 89.89)	Lr 1.000e-03 (1.000e-03)
2026-01-14 09:14:48,983 - INFO: Epoch: [3][300/301]	Time  0.002 ( 0.004)	Loss 1.7631e-01 (3.1957e-01)	Acc pseudo  92.00 ( 89.85)	Lr 1.000e-03 (1.000e-03)
2026-01-14 09:14:49,052 - INFO: Round 5, Fine-tune Epoch 3: loss=0.3196, acc(pseudo)=89.85%
2026-01-14 09:14:56,302 - INFO: Round 5, Fine-tune Epoch 3: acc(valid_pseudo): 0.9542, acc: 0.8500
2026-01-14 09:14:56,302 - INFO: Round 5, Speaker Fine-tune Epoch 3: No improvement in validation accuracy. Patience(epoch): 1/3
2026-01-14 09:14:56,558 - INFO: Epoch: [4][  0/301]	Time  0.250 ( 0.250)	Loss 4.0331e-01 (4.0331e-01)	Acc pseudo  90.62 ( 90.62)	Lr 1.000e-03 (1.000e-03)
2026-01-14 09:14:56,736 - INFO: Epoch: [4][ 50/301]	Time  0.003 ( 0.008)	Loss 2.6922e-01 (2.9604e-01)	Acc pseudo  90.62 ( 90.56)	Lr 1.000e-03 (1.000e-03)
2026-01-14 09:14:56,893 - INFO: Epoch: [4][100/301]	Time  0.003 ( 0.006)	Loss 1.7406e-01 (3.1315e-01)	Acc pseudo  95.31 ( 89.76)	Lr 1.000e-03 (1.000e-03)
2026-01-14 09:14:57,042 - INFO: Epoch: [4][150/301]	Time  0.003 ( 0.005)	Loss 3.2702e-01 (3.2031e-01)	Acc pseudo  87.50 ( 89.68)	Lr 1.000e-03 (1.000e-03)
2026-01-14 09:14:57,186 - INFO: Epoch: [4][200/301]	Time  0.003 ( 0.004)	Loss 3.3505e-01 (3.2506e-01)	Acc pseudo  85.94 ( 89.71)	Lr 1.000e-03 (1.000e-03)
2026-01-14 09:14:57,332 - INFO: Epoch: [4][250/301]	Time  0.003 ( 0.004)	Loss 2.3153e-01 (3.2449e-01)	Acc pseudo  89.06 ( 89.58)	Lr 1.000e-03 (1.000e-03)
2026-01-14 09:14:57,470 - INFO: Epoch: [4][300/301]	Time  0.002 ( 0.004)	Loss 7.9297e-01 (3.3129e-01)	Acc pseudo  80.00 ( 89.43)	Lr 1.000e-03 (1.000e-03)
2026-01-14 09:14:57,541 - INFO: Round 5, Fine-tune Epoch 4: loss=0.3313, acc(pseudo)=89.43%
2026-01-14 09:15:05,448 - INFO: Round 5, Fine-tune Epoch 4: acc(valid_pseudo): 0.9638, acc: 0.8640
2026-01-14 09:15:05,448 - INFO: Round 5, Speaker Fine-tune Epoch 4: No improvement in validation accuracy. Patience(epoch): 2/3
2026-01-14 09:15:05,706 - INFO: Epoch: [5][  0/301]	Time  0.252 ( 0.252)	Loss 4.0544e-01 (4.0544e-01)	Acc pseudo  84.38 ( 84.38)	Lr 1.000e-03 (1.000e-03)
2026-01-14 09:15:06,008 - INFO: Epoch: [5][ 50/301]	Time  0.003 ( 0.011)	Loss 1.4545e-01 (3.4686e-01)	Acc pseudo  95.31 ( 89.00)	Lr 1.000e-03 (1.000e-03)
2026-01-14 09:15:06,164 - INFO: Epoch: [5][100/301]	Time  0.003 ( 0.007)	Loss 7.5881e-01 (3.5007e-01)	Acc pseudo  78.12 ( 88.95)	Lr 1.000e-03 (1.000e-03)
2026-01-14 09:15:06,320 - INFO: Epoch: [5][150/301]	Time  0.004 ( 0.006)	Loss 2.5097e-01 (3.4579e-01)	Acc pseudo  87.50 ( 88.90)	Lr 1.000e-03 (1.000e-03)
2026-01-14 09:15:06,466 - INFO: Epoch: [5][200/301]	Time  0.003 ( 0.005)	Loss 2.2043e-01 (3.4705e-01)	Acc pseudo  90.62 ( 88.85)	Lr 1.000e-03 (1.000e-03)
2026-01-14 09:15:06,615 - INFO: Epoch: [5][250/301]	Time  0.003 ( 0.005)	Loss 4.1473e-01 (3.6031e-01)	Acc pseudo  82.81 ( 88.62)	Lr 1.000e-03 (1.000e-03)
2026-01-14 09:15:06,755 - INFO: Epoch: [5][300/301]	Time  0.002 ( 0.004)	Loss 7.9427e-01 (3.6822e-01)	Acc pseudo  76.00 ( 88.46)	Lr 1.000e-03 (1.000e-03)
2026-01-14 09:15:06,828 - INFO: Round 5, Fine-tune Epoch 5: loss=0.3682, acc(pseudo)=88.46%
2026-01-14 09:15:16,094 - INFO: Round 5, Fine-tune Epoch 5: acc(valid_pseudo): 0.9574, acc: 0.8610
2026-01-14 09:15:16,094 - INFO: Round 5, Speaker Fine-tune Epoch 5: No improvement in validation accuracy. Patience(epoch): 3/3
2026-01-14 09:15:16,095 - INFO: Early stopping at epoch 5 due to no improvement in validation accuracy for 3 epochs.
2026-01-14 09:15:16,096 - INFO: Round 5: Best speaker fine-tuned epoch=2, acc(valid_pseudo)=0.9735
2026-01-14 09:15:16,100 - INFO: Fine-tuning face embedding model for 20 epochs...
2026-01-14 09:15:17,600 - INFO: Epoch: [0][  0/582]	Time  1.479 ( 1.479)	Loss 9.0686e-02 (9.0686e-02)	Acc pseudo  96.88 ( 96.88)	Lr 1.000e-03 (1.000e-03)
2026-01-14 09:15:23,356 - INFO: Epoch: [0][ 50/582]	Time  0.033 ( 0.082)	Loss 1.4284e-01 (1.6809e-01)	Acc pseudo  96.88 ( 94.91)	Lr 1.000e-03 (1.000e-03)
2026-01-14 09:15:28,056 - INFO: Epoch: [0][100/582]	Time  0.030 ( 0.056)	Loss 5.0233e-01 (1.6829e-01)	Acc pseudo  92.19 ( 94.86)	Lr 1.000e-03 (1.000e-03)
2026-01-14 09:15:32,764 - INFO: Epoch: [0][150/582]	Time  0.034 ( 0.048)	Loss 2.4038e-01 (1.6625e-01)	Acc pseudo  92.19 ( 94.59)	Lr 1.000e-03 (1.000e-03)
2026-01-14 09:15:37,472 - INFO: Epoch: [0][200/582]	Time  0.028 ( 0.044)	Loss 9.9262e-02 (1.6334e-01)	Acc pseudo  95.31 ( 94.48)	Lr 1.000e-03 (1.000e-03)
2026-01-14 09:15:42,188 - INFO: Epoch: [0][250/582]	Time  0.029 ( 0.041)	Loss 1.8398e-01 (1.6169e-01)	Acc pseudo  92.19 ( 94.51)	Lr 1.000e-03 (1.000e-03)
2026-01-14 09:15:46,912 - INFO: Epoch: [0][300/582]	Time  0.030 ( 0.039)	Loss 1.3679e-01 (1.5676e-01)	Acc pseudo  90.62 ( 94.53)	Lr 1.000e-03 (1.000e-03)
2026-01-14 09:15:51,628 - INFO: Epoch: [0][350/582]	Time  0.029 ( 0.038)	Loss 2.5884e-01 (1.5533e-01)	Acc pseudo  90.62 ( 94.53)	Lr 1.000e-03 (1.000e-03)
2026-01-14 09:15:56,421 - INFO: Epoch: [0][400/582]	Time  0.029 ( 0.037)	Loss 5.8736e-02 (1.5515e-01)	Acc pseudo  96.88 ( 94.50)	Lr 1.000e-03 (1.000e-03)
2026-01-14 09:16:01,441 - INFO: Epoch: [0][450/582]	Time  0.031 ( 0.036)	Loss 6.5705e-02 (1.5122e-01)	Acc pseudo  96.88 ( 94.57)	Lr 1.000e-03 (1.000e-03)
2026-01-14 09:16:06,917 - INFO: Epoch: [0][500/582]	Time  0.034 ( 0.037)	Loss 8.3808e-02 (1.5038e-01)	Acc pseudo  95.31 ( 94.55)	Lr 1.000e-03 (1.000e-03)
2026-01-14 09:16:11,643 - INFO: Epoch: [0][550/582]	Time  0.038 ( 0.037)	Loss 4.2004e-01 (1.5160e-01)	Acc pseudo  90.62 ( 94.55)	Lr 1.000e-03 (1.000e-03)
2026-01-14 09:16:14,658 - INFO: Round 5, Face Fine-tune Epoch 0: loss=0.1524, acc(pseudo)=94.51%
2026-01-14 09:17:14,076 - INFO: Round 5, Face Fine-tune Epoch 0: acc(valid_pseudo): 0.9957, acc: 0.8734
2026-01-14 09:17:15,272 - INFO: Epoch: [1][  0/582]	Time  0.498 ( 0.498)	Loss 1.7138e-01 (1.7138e-01)	Acc pseudo  92.19 ( 92.19)	Lr 1.000e-03 (1.000e-03)
2026-01-14 09:17:19,996 - INFO: Epoch: [1][ 50/582]	Time  0.028 ( 0.039)	Loss 6.1908e-02 (1.3603e-01)	Acc pseudo  98.44 ( 94.30)	Lr 1.000e-03 (1.000e-03)
2026-01-14 09:17:24,791 - INFO: Epoch: [1][100/582]	Time  0.039 ( 0.036)	Loss 1.1736e-01 (1.4282e-01)	Acc pseudo  95.31 ( 94.21)	Lr 1.000e-03 (1.000e-03)
2026-01-14 09:17:29,559 - INFO: Epoch: [1][150/582]	Time  0.028 ( 0.035)	Loss 1.0450e-01 (1.3799e-01)	Acc pseudo  93.75 ( 94.27)	Lr 1.000e-03 (1.000e-03)
2026-01-14 09:17:34,314 - INFO: Epoch: [1][200/582]	Time  0.038 ( 0.035)	Loss 2.2436e-01 (1.3670e-01)	Acc pseudo  95.31 ( 94.44)	Lr 1.000e-03 (1.000e-03)
2026-01-14 09:17:39,036 - INFO: Epoch: [1][250/582]	Time  0.027 ( 0.034)	Loss 7.6784e-02 (1.3699e-01)	Acc pseudo  96.88 ( 94.48)	Lr 1.000e-03 (1.000e-03)
2026-01-14 09:17:43,755 - INFO: Epoch: [1][300/582]	Time  0.028 ( 0.033)	Loss 1.4633e-01 (1.3590e-01)	Acc pseudo  93.75 ( 94.59)	Lr 1.000e-03 (1.000e-03)
2026-01-14 09:17:48,478 - INFO: Epoch: [1][350/582]	Time  0.037 ( 0.032)	Loss 1.1242e-01 (1.3686e-01)	Acc pseudo  96.88 ( 94.53)	Lr 1.000e-03 (1.000e-03)
2026-01-14 09:17:53,198 - INFO: Epoch: [1][400/582]	Time  0.027 ( 0.032)	Loss 1.0873e-01 (1.3584e-01)	Acc pseudo  93.75 ( 94.58)	Lr 1.000e-03 (1.000e-03)
2026-01-14 09:17:57,925 - INFO: Epoch: [1][450/582]	Time  0.027 ( 0.032)	Loss 1.1118e-01 (1.3445e-01)	Acc pseudo  95.31 ( 94.66)	Lr 1.000e-03 (1.000e-03)
2026-01-14 09:18:02,651 - INFO: Epoch: [1][500/582]	Time  0.029 ( 0.032)	Loss 8.5700e-02 (1.3573e-01)	Acc pseudo  95.31 ( 94.64)	Lr 1.000e-03 (1.000e-03)
2026-01-14 09:18:07,452 - INFO: Epoch: [1][550/582]	Time  0.028 ( 0.032)	Loss 6.0032e-02 (1.3600e-01)	Acc pseudo  95.31 ( 94.66)	Lr 1.000e-03 (1.000e-03)
2026-01-14 09:18:10,465 - INFO: Round 5, Face Fine-tune Epoch 1: loss=0.1357, acc(pseudo)=94.65%
2026-01-14 09:19:11,141 - INFO: Round 5, Face Fine-tune Epoch 1: acc(valid_pseudo): 0.9959, acc: 0.8773
2026-01-14 09:19:12,274 - INFO: Epoch: [2][  0/582]	Time  0.525 ( 0.525)	Loss 7.0990e-02 (7.0990e-02)	Acc pseudo  98.44 ( 98.44)	Lr 1.000e-03 (1.000e-03)
2026-01-14 09:19:16,994 - INFO: Epoch: [2][ 50/582]	Time  0.028 ( 0.040)	Loss 9.8466e-02 (1.3590e-01)	Acc pseudo  93.75 ( 94.30)	Lr 1.000e-03 (1.000e-03)
2026-01-14 09:19:21,711 - INFO: Epoch: [2][100/582]	Time  0.027 ( 0.035)	Loss 8.3610e-02 (1.2646e-01)	Acc pseudo  95.31 ( 94.91)	Lr 1.000e-03 (1.000e-03)
2026-01-14 09:19:26,431 - INFO: Epoch: [2][150/582]	Time  0.028 ( 0.033)	Loss 4.1457e-02 (1.2606e-01)	Acc pseudo  96.88 ( 94.96)	Lr 1.000e-03 (1.000e-03)
2026-01-14 09:19:31,153 - INFO: Epoch: [2][200/582]	Time  0.041 ( 0.032)	Loss 1.5060e-01 (1.2616e-01)	Acc pseudo  95.31 ( 94.84)	Lr 1.000e-03 (1.000e-03)
2026-01-14 09:19:35,880 - INFO: Epoch: [2][250/582]	Time  0.029 ( 0.032)	Loss 2.3386e-01 (1.2633e-01)	Acc pseudo  95.31 ( 94.83)	Lr 1.000e-03 (1.000e-03)
2026-01-14 09:19:40,606 - INFO: Epoch: [2][300/582]	Time  0.028 ( 0.031)	Loss 8.3970e-02 (1.2963e-01)	Acc pseudo  98.44 ( 94.79)	Lr 1.000e-03 (1.000e-03)
2026-01-14 09:19:45,333 - INFO: Epoch: [2][350/582]	Time  0.031 ( 0.031)	Loss 1.5161e-01 (1.2919e-01)	Acc pseudo  95.31 ( 94.91)	Lr 1.000e-03 (1.000e-03)
2026-01-14 09:19:50,062 - INFO: Epoch: [2][400/582]	Time  0.040 ( 0.031)	Loss 7.5400e-02 (1.2732e-01)	Acc pseudo  95.31 ( 94.95)	Lr 1.000e-03 (1.000e-03)
2026-01-14 09:19:54,792 - INFO: Epoch: [2][450/582]	Time  0.028 ( 0.031)	Loss 6.6367e-02 (1.2828e-01)	Acc pseudo  96.88 ( 94.92)	Lr 1.000e-03 (1.000e-03)
2026-01-14 09:19:59,521 - INFO: Epoch: [2][500/582]	Time  0.029 ( 0.031)	Loss 1.1208e-01 (1.2887e-01)	Acc pseudo  92.19 ( 94.86)	Lr 1.000e-03 (1.000e-03)
2026-01-14 09:20:04,252 - INFO: Epoch: [2][550/582]	Time  0.028 ( 0.030)	Loss 2.1308e-01 (1.2805e-01)	Acc pseudo  92.19 ( 94.86)	Lr 1.000e-03 (1.000e-03)
2026-01-14 09:20:07,276 - INFO: Round 5, Face Fine-tune Epoch 2: loss=0.1263, acc(pseudo)=94.88%
2026-01-14 09:21:07,675 - INFO: Round 5, Face Fine-tune Epoch 2: acc(valid_pseudo): 0.9949, acc: 0.8734
2026-01-14 09:21:07,676 - INFO: Round 5, Face Fine-tune Epoch 2: No improvement. Patience(epoch): 1/3
2026-01-14 09:21:08,212 - INFO: Epoch: [3][  0/582]	Time  0.487 ( 0.487)	Loss 3.1799e-02 (3.1799e-02)	Acc pseudo 100.00 (100.00)	Lr 1.000e-03 (1.000e-03)
2026-01-14 09:21:12,940 - INFO: Epoch: [3][ 50/582]	Time  0.028 ( 0.039)	Loss 9.0258e-03 (1.0607e-01)	Acc pseudo 100.00 ( 95.77)	Lr 1.000e-03 (1.000e-03)
2026-01-14 09:21:17,669 - INFO: Epoch: [3][100/582]	Time  0.028 ( 0.033)	Loss 7.9434e-02 (1.1612e-01)	Acc pseudo  96.88 ( 95.31)	Lr 1.000e-03 (1.000e-03)
2026-01-14 09:21:22,402 - INFO: Epoch: [3][150/582]	Time  0.028 ( 0.032)	Loss 4.6856e-02 (1.1617e-01)	Acc pseudo  96.88 ( 95.29)	Lr 1.000e-03 (1.000e-03)
2026-01-14 09:21:27,130 - INFO: Epoch: [3][200/582]	Time  0.028 ( 0.031)	Loss 4.8425e-01 (1.2379e-01)	Acc pseudo  90.62 ( 95.25)	Lr 1.000e-03 (1.000e-03)
2026-01-14 09:21:31,862 - INFO: Epoch: [3][250/582]	Time  0.028 ( 0.030)	Loss 1.9461e-01 (1.2427e-01)	Acc pseudo  95.31 ( 95.23)	Lr 1.000e-03 (1.000e-03)
2026-01-14 09:21:36,593 - INFO: Epoch: [3][300/582]	Time  0.028 ( 0.030)	Loss 8.2163e-02 (1.2738e-01)	Acc pseudo  95.31 ( 95.09)	Lr 1.000e-03 (1.000e-03)
2026-01-14 09:21:41,326 - INFO: Epoch: [3][350/582]	Time  0.027 ( 0.029)	Loss 5.5862e-02 (1.2516e-01)	Acc pseudo  96.88 ( 95.17)	Lr 1.000e-03 (1.000e-03)
2026-01-14 09:21:46,060 - INFO: Epoch: [3][400/582]	Time  0.028 ( 0.029)	Loss 1.6905e-01 (1.2575e-01)	Acc pseudo  92.19 ( 95.15)	Lr 1.000e-03 (1.000e-03)
2026-01-14 09:21:50,795 - INFO: Epoch: [3][450/582]	Time  0.028 ( 0.029)	Loss 9.5986e-02 (1.2647e-01)	Acc pseudo  96.88 ( 95.08)	Lr 1.000e-03 (1.000e-03)
2026-01-14 09:21:55,533 - INFO: Epoch: [3][500/582]	Time  0.028 ( 0.030)	Loss 1.5309e-01 (1.2818e-01)	Acc pseudo  92.19 ( 95.03)	Lr 1.000e-03 (1.000e-03)
2026-01-14 09:22:00,272 - INFO: Epoch: [3][550/582]	Time  0.029 ( 0.030)	Loss 1.0683e-01 (1.3025e-01)	Acc pseudo  95.31 ( 94.99)	Lr 1.000e-03 (1.000e-03)
2026-01-14 09:22:03,293 - INFO: Round 5, Face Fine-tune Epoch 3: loss=0.1294, acc(pseudo)=95.01%
2026-01-14 09:23:04,001 - INFO: Round 5, Face Fine-tune Epoch 3: acc(valid_pseudo): 0.9954, acc: 0.8705
2026-01-14 09:23:04,001 - INFO: Round 5, Face Fine-tune Epoch 3: No improvement. Patience(epoch): 2/3
2026-01-14 09:23:04,535 - INFO: Epoch: [4][  0/582]	Time  0.484 ( 0.484)	Loss 2.2171e-01 (2.2171e-01)	Acc pseudo  95.31 ( 95.31)	Lr 1.000e-03 (1.000e-03)
2026-01-14 09:23:09,265 - INFO: Epoch: [4][ 50/582]	Time  0.031 ( 0.039)	Loss 2.1725e-01 (1.1036e-01)	Acc pseudo  87.50 ( 95.34)	Lr 1.000e-03 (1.000e-03)
2026-01-14 09:23:14,000 - INFO: Epoch: [4][100/582]	Time  0.029 ( 0.034)	Loss 8.8186e-02 (1.1187e-01)	Acc pseudo  95.31 ( 95.42)	Lr 1.000e-03 (1.000e-03)
2026-01-14 09:23:18,735 - INFO: Epoch: [4][150/582]	Time  0.027 ( 0.032)	Loss 8.0807e-02 (1.1608e-01)	Acc pseudo  95.31 ( 95.31)	Lr 1.000e-03 (1.000e-03)
2026-01-14 09:23:23,466 - INFO: Epoch: [4][200/582]	Time  0.030 ( 0.031)	Loss 8.6212e-02 (1.1729e-01)	Acc pseudo  95.31 ( 95.29)	Lr 1.000e-03 (1.000e-03)
2026-01-14 09:23:28,262 - INFO: Epoch: [4][250/582]	Time  0.028 ( 0.031)	Loss 1.1869e-01 (1.2130e-01)	Acc pseudo  95.31 ( 95.19)	Lr 1.000e-03 (1.000e-03)
2026-01-14 09:23:32,998 - INFO: Epoch: [4][300/582]	Time  0.028 ( 0.030)	Loss 8.9461e-02 (1.2505e-01)	Acc pseudo  96.88 ( 95.07)	Lr 1.000e-03 (1.000e-03)
2026-01-14 09:23:37,740 - INFO: Epoch: [4][350/582]	Time  0.028 ( 0.030)	Loss 2.6051e-01 (1.2695e-01)	Acc pseudo  95.31 ( 94.97)	Lr 1.000e-03 (1.000e-03)
2026-01-14 09:23:42,479 - INFO: Epoch: [4][400/582]	Time  0.029 ( 0.030)	Loss 9.3210e-02 (1.2724e-01)	Acc pseudo  92.19 ( 94.86)	Lr 1.000e-03 (1.000e-03)
2026-01-14 09:23:47,219 - INFO: Epoch: [4][450/582]	Time  0.028 ( 0.030)	Loss 9.9122e-02 (1.2619e-01)	Acc pseudo  95.31 ( 94.88)	Lr 1.000e-03 (1.000e-03)
2026-01-14 09:23:51,954 - INFO: Epoch: [4][500/582]	Time  0.028 ( 0.030)	Loss 1.6908e-01 (1.2592e-01)	Acc pseudo  92.19 ( 94.87)	Lr 1.000e-03 (1.000e-03)
2026-01-14 09:23:56,690 - INFO: Epoch: [4][550/582]	Time  0.028 ( 0.030)	Loss 1.8624e-01 (1.2573e-01)	Acc pseudo  93.75 ( 94.85)	Lr 1.000e-03 (1.000e-03)
2026-01-14 09:23:59,712 - INFO: Round 5, Face Fine-tune Epoch 4: loss=0.1249, acc(pseudo)=94.88%
2026-01-14 09:24:59,642 - INFO: Round 5, Face Fine-tune Epoch 4: acc(valid_pseudo): 0.9953, acc: 0.8754
2026-01-14 09:24:59,643 - INFO: Round 5, Face Fine-tune Epoch 4: No improvement. Patience(epoch): 3/3
2026-01-14 09:24:59,643 - INFO: Early stopping at face epoch 4
2026-01-14 09:24:59,644 - INFO: Round 5: Best face fine-tuned epoch=1, acc(valid_pseudo)=0.9959
2026-01-14 09:24:59,785 - INFO: Using HMM model from previous round: runs/I love my family/exp_video/result/self_supervised/exp2/round4/pseudo_label/hmm_params.pkl
2026-01-14 10:48:05,582 - INFO: Round 5: speaker_acc=0.8795
2026-01-14 10:48:05,626 - INFO: Round 5: face_acc=0.8763
2026-01-14 10:48:05,644 - INFO: ====================
2026-01-14 10:48:05,645 - INFO: Round 6: Fine-tuning iteration
2026-01-14 10:48:05,645 - INFO: ====================
2026-01-14 10:48:05,727 - INFO: Round 6 Part 1: Fine-tuning embedding model
2026-01-14 10:48:05,728 - INFO: Using pseudo-label file: runs/I love my family/exp_video/result/self_supervised/exp2/round5/pseudo_label/pseudo_labels_audio_nested_hmm_full(unreliable_pp=100.0).json
2026-01-14 10:48:05,754 - INFO: For training, Using face pseudo-label file: runs/I love my family/exp_video/result/self_supervised/exp2/round5/pseudo_label/pseudo_labels_faces_mid_frame_train_nested_hmm_full.json
2026-01-14 10:48:05,754 - INFO: For infering, Using face pseudo-label file: runs/I love my family/exp_video/result/self_supervised/exp2/round5/pseudo_label/pseudo_labels_faces_mid_frame_all_nested_hmm_full.json
2026-01-14 10:48:05,900 - INFO: Created face dataloader with 37219 samples
2026-01-14 10:48:05,914 - INFO: Fine-tuning speaker embedding model for 20 epochs...
2026-01-14 10:48:06,508 - INFO: Epoch: [0][  0/301]	Time  0.576 ( 0.576)	Loss 3.2064e-01 (3.2064e-01)	Acc pseudo  92.19 ( 92.19)	Lr 1.000e-03 (1.000e-03)
2026-01-14 10:48:06,741 - INFO: Epoch: [0][ 50/301]	Time  0.005 ( 0.016)	Loss 4.3428e-01 (3.4379e-01)	Acc pseudo  87.50 ( 89.61)	Lr 1.000e-03 (1.000e-03)
2026-01-14 10:48:06,928 - INFO: Epoch: [0][100/301]	Time  0.004 ( 0.010)	Loss 2.5453e-01 (3.5339e-01)	Acc pseudo  92.19 ( 89.17)	Lr 1.000e-03 (1.000e-03)
2026-01-14 10:48:07,099 - INFO: Epoch: [0][150/301]	Time  0.003 ( 0.008)	Loss 1.6560e-01 (3.6284e-01)	Acc pseudo  95.31 ( 89.08)	Lr 1.000e-03 (1.000e-03)
2026-01-14 10:48:07,255 - INFO: Epoch: [0][200/301]	Time  0.003 ( 0.006)	Loss 1.5555e-01 (3.5974e-01)	Acc pseudo  95.31 ( 89.18)	Lr 1.000e-03 (1.000e-03)
2026-01-14 10:48:07,419 - INFO: Epoch: [0][250/301]	Time  0.003 ( 0.006)	Loss 5.1469e-01 (3.7195e-01)	Acc pseudo  84.38 ( 88.88)	Lr 1.000e-03 (1.000e-03)
2026-01-14 10:48:07,575 - INFO: Epoch: [0][300/301]	Time  0.002 ( 0.005)	Loss 2.4371e-01 (3.7694e-01)	Acc pseudo  96.00 ( 88.88)	Lr 1.000e-03 (1.000e-03)
2026-01-14 10:48:07,680 - INFO: Round 6, Fine-tune Epoch 0: loss=0.3769, acc(pseudo)=88.88%
2026-01-14 10:48:14,923 - INFO: Round 6, Fine-tune Epoch 0: acc(valid_pseudo): 0.9495, acc: 0.8435
2026-01-14 10:48:15,341 - INFO: Epoch: [1][  0/301]	Time  0.234 ( 0.234)	Loss 3.3703e-01 (3.3703e-01)	Acc pseudo  90.62 ( 90.62)	Lr 1.000e-03 (1.000e-03)
2026-01-14 10:48:15,906 - INFO: Epoch: [1][ 50/301]	Time  0.003 ( 0.016)	Loss 1.7465e-01 (2.9660e-01)	Acc pseudo  96.88 ( 90.84)	Lr 1.000e-03 (1.000e-03)
2026-01-14 10:48:16,058 - INFO: Epoch: [1][100/301]	Time  0.003 ( 0.009)	Loss 3.3034e-01 (3.1655e-01)	Acc pseudo  90.62 ( 90.19)	Lr 1.000e-03 (1.000e-03)
2026-01-14 10:48:16,206 - INFO: Epoch: [1][150/301]	Time  0.003 ( 0.007)	Loss 3.9160e-01 (3.2488e-01)	Acc pseudo  84.38 ( 90.15)	Lr 1.000e-03 (1.000e-03)
2026-01-14 10:48:16,356 - INFO: Epoch: [1][200/301]	Time  0.003 ( 0.006)	Loss 2.2345e-01 (3.3429e-01)	Acc pseudo  93.75 ( 89.85)	Lr 1.000e-03 (1.000e-03)
2026-01-14 10:48:16,500 - INFO: Epoch: [1][250/301]	Time  0.003 ( 0.005)	Loss 3.4266e-01 (3.3490e-01)	Acc pseudo  92.19 ( 89.64)	Lr 1.000e-03 (1.000e-03)
2026-01-14 10:48:16,639 - INFO: Epoch: [1][300/301]	Time  0.002 ( 0.005)	Loss 1.3861e-01 (3.3354e-01)	Acc pseudo  92.00 ( 89.68)	Lr 1.000e-03 (1.000e-03)
2026-01-14 10:48:16,705 - INFO: Round 6, Fine-tune Epoch 1: loss=0.3335, acc(pseudo)=89.68%
2026-01-14 10:48:24,340 - INFO: Round 6, Fine-tune Epoch 1: acc(valid_pseudo): 0.9606, acc: 0.8610
2026-01-14 10:48:24,768 - INFO: Epoch: [2][  0/301]	Time  0.247 ( 0.247)	Loss 5.1666e-01 (5.1666e-01)	Acc pseudo  87.50 ( 87.50)	Lr 1.000e-03 (1.000e-03)
2026-01-14 10:48:24,951 - INFO: Epoch: [2][ 50/301]	Time  0.004 ( 0.008)	Loss 2.6976e-01 (3.2797e-01)	Acc pseudo  93.75 ( 89.71)	Lr 1.000e-03 (1.000e-03)
2026-01-14 10:48:25,114 - INFO: Epoch: [2][100/301]	Time  0.003 ( 0.006)	Loss 3.8072e-01 (3.3482e-01)	Acc pseudo  85.94 ( 89.84)	Lr 1.000e-03 (1.000e-03)
2026-01-14 10:48:25,264 - INFO: Epoch: [2][150/301]	Time  0.003 ( 0.005)	Loss 1.8451e-01 (3.2729e-01)	Acc pseudo  92.19 ( 89.95)	Lr 1.000e-03 (1.000e-03)
2026-01-14 10:48:25,419 - INFO: Epoch: [2][200/301]	Time  0.003 ( 0.004)	Loss 2.3301e-01 (3.2082e-01)	Acc pseudo  95.31 ( 90.09)	Lr 1.000e-03 (1.000e-03)
2026-01-14 10:48:25,573 - INFO: Epoch: [2][250/301]	Time  0.003 ( 0.004)	Loss 2.7743e-01 (3.2570e-01)	Acc pseudo  87.50 ( 89.79)	Lr 1.000e-03 (1.000e-03)
2026-01-14 10:48:25,716 - INFO: Epoch: [2][300/301]	Time  0.002 ( 0.004)	Loss 2.1727e-01 (3.2448e-01)	Acc pseudo  88.00 ( 89.79)	Lr 1.000e-03 (1.000e-03)
2026-01-14 10:48:25,786 - INFO: Round 6, Fine-tune Epoch 2: loss=0.3245, acc(pseudo)=89.79%
2026-01-14 10:48:34,973 - INFO: Round 6, Fine-tune Epoch 2: acc(valid_pseudo): 0.9627, acc: 0.8650
2026-01-14 10:48:35,398 - INFO: Epoch: [3][  0/301]	Time  0.242 ( 0.242)	Loss 2.4502e-01 (2.4502e-01)	Acc pseudo  90.62 ( 90.62)	Lr 1.000e-03 (1.000e-03)
2026-01-14 10:48:35,619 - INFO: Epoch: [3][ 50/301]	Time  0.003 ( 0.009)	Loss 4.5138e-01 (2.9434e-01)	Acc pseudo  85.94 ( 90.62)	Lr 1.000e-03 (1.000e-03)
2026-01-14 10:48:35,781 - INFO: Epoch: [3][100/301]	Time  0.003 ( 0.006)	Loss 1.5611e-01 (3.1262e-01)	Acc pseudo  98.44 ( 90.39)	Lr 1.000e-03 (1.000e-03)
2026-01-14 10:48:35,949 - INFO: Epoch: [3][150/301]	Time  0.003 ( 0.005)	Loss 1.6204e-01 (3.0585e-01)	Acc pseudo  93.75 ( 90.44)	Lr 1.000e-03 (1.000e-03)
2026-01-14 10:48:36,111 - INFO: Epoch: [3][200/301]	Time  0.003 ( 0.005)	Loss 2.6785e-01 (3.0318e-01)	Acc pseudo  89.06 ( 90.42)	Lr 1.000e-03 (1.000e-03)
2026-01-14 10:48:36,270 - INFO: Epoch: [3][250/301]	Time  0.004 ( 0.004)	Loss 1.4266e-01 (3.0151e-01)	Acc pseudo  93.75 ( 90.43)	Lr 1.000e-03 (1.000e-03)
2026-01-14 10:48:36,466 - INFO: Epoch: [3][300/301]	Time  0.003 ( 0.004)	Loss 1.1549e+00 (3.1006e-01)	Acc pseudo  76.00 ( 90.23)	Lr 1.000e-03 (1.000e-03)
2026-01-14 10:48:36,553 - INFO: Round 6, Fine-tune Epoch 3: loss=0.3101, acc(pseudo)=90.23%
2026-01-14 10:48:45,569 - INFO: Round 6, Fine-tune Epoch 3: acc(valid_pseudo): 0.9577, acc: 0.8540
2026-01-14 10:48:45,569 - INFO: Round 6, Speaker Fine-tune Epoch 3: No improvement in validation accuracy. Patience(epoch): 1/3
2026-01-14 10:48:45,825 - INFO: Epoch: [4][  0/301]	Time  0.251 ( 0.251)	Loss 3.0105e-01 (3.0105e-01)	Acc pseudo  89.06 ( 89.06)	Lr 1.000e-03 (1.000e-03)
2026-01-14 10:48:46,013 - INFO: Epoch: [4][ 50/301]	Time  0.003 ( 0.009)	Loss 4.1050e-01 (2.8937e-01)	Acc pseudo  87.50 ( 90.35)	Lr 1.000e-03 (1.000e-03)
2026-01-14 10:48:46,175 - INFO: Epoch: [4][100/301]	Time  0.003 ( 0.006)	Loss 1.8436e-01 (2.9782e-01)	Acc pseudo  92.19 ( 89.96)	Lr 1.000e-03 (1.000e-03)
2026-01-14 10:48:46,326 - INFO: Epoch: [4][150/301]	Time  0.003 ( 0.005)	Loss 4.5212e-01 (2.9825e-01)	Acc pseudo  82.81 ( 90.12)	Lr 1.000e-03 (1.000e-03)
2026-01-14 10:48:46,479 - INFO: Epoch: [4][200/301]	Time  0.003 ( 0.004)	Loss 2.1711e-01 (2.9986e-01)	Acc pseudo  90.62 ( 90.15)	Lr 1.000e-03 (1.000e-03)
2026-01-14 10:48:46,635 - INFO: Epoch: [4][250/301]	Time  0.004 ( 0.004)	Loss 4.9829e-01 (3.0194e-01)	Acc pseudo  82.81 ( 90.16)	Lr 1.000e-03 (1.000e-03)
2026-01-14 10:48:46,782 - INFO: Epoch: [4][300/301]	Time  0.002 ( 0.004)	Loss 4.1088e-01 (3.0914e-01)	Acc pseudo  88.00 ( 89.97)	Lr 1.000e-03 (1.000e-03)
2026-01-14 10:48:46,852 - INFO: Round 6, Fine-tune Epoch 4: loss=0.3091, acc(pseudo)=89.97%
2026-01-14 10:48:54,357 - INFO: Round 6, Fine-tune Epoch 4: acc(valid_pseudo): 0.9624, acc: 0.8530
2026-01-14 10:48:54,358 - INFO: Round 6, Speaker Fine-tune Epoch 4: No improvement in validation accuracy. Patience(epoch): 2/3
2026-01-14 10:48:54,611 - INFO: Epoch: [5][  0/301]	Time  0.248 ( 0.248)	Loss 6.8306e-01 (6.8306e-01)	Acc pseudo  87.50 ( 87.50)	Lr 1.000e-03 (1.000e-03)
2026-01-14 10:48:54,802 - INFO: Epoch: [5][ 50/301]	Time  0.004 ( 0.009)	Loss 1.9154e-01 (2.9963e-01)	Acc pseudo  93.75 ( 90.75)	Lr 1.000e-03 (1.000e-03)
2026-01-14 10:48:54,964 - INFO: Epoch: [5][100/301]	Time  0.003 ( 0.006)	Loss 3.2969e-01 (2.9466e-01)	Acc pseudo  84.38 ( 90.58)	Lr 1.000e-03 (1.000e-03)
2026-01-14 10:48:55,110 - INFO: Epoch: [5][150/301]	Time  0.003 ( 0.005)	Loss 2.7339e-01 (3.0073e-01)	Acc pseudo  87.50 ( 90.29)	Lr 1.000e-03 (1.000e-03)
2026-01-14 10:48:55,263 - INFO: Epoch: [5][200/301]	Time  0.003 ( 0.004)	Loss 2.3838e-01 (3.0961e-01)	Acc pseudo  89.06 ( 90.03)	Lr 1.000e-03 (1.000e-03)
2026-01-14 10:48:55,410 - INFO: Epoch: [5][250/301]	Time  0.003 ( 0.004)	Loss 3.3003e-01 (3.2233e-01)	Acc pseudo  90.62 ( 89.76)	Lr 1.000e-03 (1.000e-03)
2026-01-14 10:48:55,551 - INFO: Epoch: [5][300/301]	Time  0.002 ( 0.004)	Loss 7.4120e-01 (3.3225e-01)	Acc pseudo  84.00 ( 89.58)	Lr 1.000e-03 (1.000e-03)
2026-01-14 10:48:55,621 - INFO: Round 6, Fine-tune Epoch 5: loss=0.3322, acc(pseudo)=89.58%
2026-01-14 10:49:04,016 - INFO: Round 6, Fine-tune Epoch 5: acc(valid_pseudo): 0.9271, acc: 0.8380
2026-01-14 10:49:04,016 - INFO: Round 6, Speaker Fine-tune Epoch 5: No improvement in validation accuracy. Patience(epoch): 3/3
2026-01-14 10:49:04,016 - INFO: Early stopping at epoch 5 due to no improvement in validation accuracy for 3 epochs.
2026-01-14 10:49:04,017 - INFO: Round 6: Best speaker fine-tuned epoch=2, acc(valid_pseudo)=0.9627
2026-01-14 10:49:04,022 - INFO: Fine-tuning face embedding model for 20 epochs...
2026-01-14 10:49:05,001 - INFO: Epoch: [0][  0/582]	Time  0.942 ( 0.942)	Loss 2.2493e-02 (2.2493e-02)	Acc pseudo  98.44 ( 98.44)	Lr 1.000e-03 (1.000e-03)
2026-01-14 10:49:09,700 - INFO: Epoch: [0][ 50/582]	Time  0.028 ( 0.049)	Loss 7.7672e-02 (1.3457e-01)	Acc pseudo  98.44 ( 96.14)	Lr 1.000e-03 (1.000e-03)
2026-01-14 10:49:14,402 - INFO: Epoch: [0][100/582]	Time  0.029 ( 0.040)	Loss 1.1681e-01 (1.2900e-01)	Acc pseudo  93.75 ( 96.06)	Lr 1.000e-03 (1.000e-03)
2026-01-14 10:49:19,106 - INFO: Epoch: [0][150/582]	Time  0.028 ( 0.037)	Loss 3.1987e-01 (1.3142e-01)	Acc pseudo  92.19 ( 95.83)	Lr 1.000e-03 (1.000e-03)
2026-01-14 10:49:23,812 - INFO: Epoch: [0][200/582]	Time  0.029 ( 0.035)	Loss 3.8514e-02 (1.3476e-01)	Acc pseudo  98.44 ( 95.73)	Lr 1.000e-03 (1.000e-03)
2026-01-14 10:49:28,518 - INFO: Epoch: [0][250/582]	Time  0.031 ( 0.034)	Loss 2.0118e-01 (1.3344e-01)	Acc pseudo  93.75 ( 95.75)	Lr 1.000e-03 (1.000e-03)
2026-01-14 10:49:33,228 - INFO: Epoch: [0][300/582]	Time  0.029 ( 0.033)	Loss 5.3142e-02 (1.2990e-01)	Acc pseudo  96.88 ( 95.75)	Lr 1.000e-03 (1.000e-03)
2026-01-14 10:49:37,941 - INFO: Epoch: [0][350/582]	Time  0.028 ( 0.033)	Loss 1.1263e-01 (1.2787e-01)	Acc pseudo  95.31 ( 95.71)	Lr 1.000e-03 (1.000e-03)
2026-01-14 10:49:42,656 - INFO: Epoch: [0][400/582]	Time  0.027 ( 0.032)	Loss 7.6757e-02 (1.2644e-01)	Acc pseudo  95.31 ( 95.75)	Lr 1.000e-03 (1.000e-03)
2026-01-14 10:49:47,375 - INFO: Epoch: [0][450/582]	Time  0.028 ( 0.032)	Loss 6.3834e-02 (1.2404e-01)	Acc pseudo  98.44 ( 95.79)	Lr 1.000e-03 (1.000e-03)
2026-01-14 10:49:52,101 - INFO: Epoch: [0][500/582]	Time  0.027 ( 0.032)	Loss 1.0332e-01 (1.2390e-01)	Acc pseudo  90.62 ( 95.77)	Lr 1.000e-03 (1.000e-03)
2026-01-14 10:49:56,824 - INFO: Epoch: [0][550/582]	Time  0.029 ( 0.031)	Loss 1.3111e-01 (1.2545e-01)	Acc pseudo  93.75 ( 95.78)	Lr 1.000e-03 (1.000e-03)
2026-01-14 10:49:59,868 - INFO: Round 6, Face Fine-tune Epoch 0: loss=0.1244, acc(pseudo)=95.78%
2026-01-14 10:50:59,985 - INFO: Round 6, Face Fine-tune Epoch 0: acc(valid_pseudo): 0.9956, acc: 0.8763
2026-01-14 10:51:00,863 - INFO: Epoch: [1][  0/582]	Time  0.503 ( 0.503)	Loss 7.7473e-02 (7.7473e-02)	Acc pseudo  95.31 ( 95.31)	Lr 1.000e-03 (1.000e-03)
2026-01-14 10:51:05,589 - INFO: Epoch: [1][ 50/582]	Time  0.029 ( 0.041)	Loss 3.8979e-02 (9.3945e-02)	Acc pseudo  96.88 ( 95.83)	Lr 1.000e-03 (1.000e-03)
2026-01-14 10:51:10,313 - INFO: Epoch: [1][100/582]	Time  0.028 ( 0.034)	Loss 2.5033e-01 (1.0625e-01)	Acc pseudo  92.19 ( 95.88)	Lr 1.000e-03 (1.000e-03)
2026-01-14 10:51:15,042 - INFO: Epoch: [1][150/582]	Time  0.027 ( 0.034)	Loss 8.7490e-02 (1.0312e-01)	Acc pseudo  93.75 ( 95.97)	Lr 1.000e-03 (1.000e-03)
2026-01-14 10:51:19,770 - INFO: Epoch: [1][200/582]	Time  0.036 ( 0.033)	Loss 1.0159e-01 (1.0564e-01)	Acc pseudo  96.88 ( 95.90)	Lr 1.000e-03 (1.000e-03)
2026-01-14 10:51:24,500 - INFO: Epoch: [1][250/582]	Time  0.027 ( 0.033)	Loss 6.4865e-02 (1.1173e-01)	Acc pseudo  98.44 ( 95.83)	Lr 1.000e-03 (1.000e-03)
2026-01-14 10:51:29,226 - INFO: Epoch: [1][300/582]	Time  0.028 ( 0.032)	Loss 6.5255e-02 (1.1159e-01)	Acc pseudo  96.88 ( 95.82)	Lr 1.000e-03 (1.000e-03)
2026-01-14 10:51:33,950 - INFO: Epoch: [1][350/582]	Time  0.028 ( 0.031)	Loss 1.0557e-01 (1.1664e-01)	Acc pseudo  96.88 ( 95.71)	Lr 1.000e-03 (1.000e-03)
2026-01-14 10:51:38,682 - INFO: Epoch: [1][400/582]	Time  0.029 ( 0.031)	Loss 7.8780e-02 (1.1678e-01)	Acc pseudo  96.88 ( 95.69)	Lr 1.000e-03 (1.000e-03)
2026-01-14 10:51:43,412 - INFO: Epoch: [1][450/582]	Time  0.028 ( 0.031)	Loss 2.3576e-01 (1.1473e-01)	Acc pseudo  92.19 ( 95.73)	Lr 1.000e-03 (1.000e-03)
2026-01-14 10:51:48,144 - INFO: Epoch: [1][500/582]	Time  0.028 ( 0.030)	Loss 1.1687e+00 (1.1709e-01)	Acc pseudo  95.31 ( 95.71)	Lr 1.000e-03 (1.000e-03)
2026-01-14 10:51:52,876 - INFO: Epoch: [1][550/582]	Time  0.027 ( 0.030)	Loss 1.3047e-01 (1.1618e-01)	Acc pseudo  96.88 ( 95.71)	Lr 1.000e-03 (1.000e-03)
2026-01-14 10:51:55,896 - INFO: Round 6, Face Fine-tune Epoch 1: loss=0.1163, acc(pseudo)=95.72%
2026-01-14 10:52:55,698 - INFO: Round 6, Face Fine-tune Epoch 1: acc(valid_pseudo): 0.9960, acc: 0.8744
2026-01-14 10:52:56,838 - INFO: Epoch: [2][  0/582]	Time  0.497 ( 0.497)	Loss 3.0913e-01 (3.0913e-01)	Acc pseudo  95.31 ( 95.31)	Lr 1.000e-03 (1.000e-03)
2026-01-14 10:53:01,561 - INFO: Epoch: [2][ 50/582]	Time  0.029 ( 0.045)	Loss 1.1206e-01 (1.0520e-01)	Acc pseudo  93.75 ( 95.25)	Lr 1.000e-03 (1.000e-03)
2026-01-14 10:53:06,280 - INFO: Epoch: [2][100/582]	Time  0.027 ( 0.037)	Loss 4.3674e-02 (1.0575e-01)	Acc pseudo  96.88 ( 95.61)	Lr 1.000e-03 (1.000e-03)
2026-01-14 10:53:10,999 - INFO: Epoch: [2][150/582]	Time  0.028 ( 0.035)	Loss 2.5048e-02 (1.0652e-01)	Acc pseudo 100.00 ( 95.67)	Lr 1.000e-03 (1.000e-03)
2026-01-14 10:53:15,721 - INFO: Epoch: [2][200/582]	Time  0.028 ( 0.034)	Loss 1.1289e-01 (1.0877e-01)	Acc pseudo  95.31 ( 95.44)	Lr 1.000e-03 (1.000e-03)
2026-01-14 10:53:20,441 - INFO: Epoch: [2][250/582]	Time  0.027 ( 0.033)	Loss 1.2494e-01 (1.0908e-01)	Acc pseudo  93.75 ( 95.48)	Lr 1.000e-03 (1.000e-03)
2026-01-14 10:53:25,162 - INFO: Epoch: [2][300/582]	Time  0.030 ( 0.033)	Loss 3.6176e-02 (1.0953e-01)	Acc pseudo  98.44 ( 95.55)	Lr 1.000e-03 (1.000e-03)
2026-01-14 10:53:29,887 - INFO: Epoch: [2][350/582]	Time  0.030 ( 0.032)	Loss 8.2766e-02 (1.0724e-01)	Acc pseudo  95.31 ( 95.69)	Lr 1.000e-03 (1.000e-03)
2026-01-14 10:53:34,606 - INFO: Epoch: [2][400/582]	Time  0.044 ( 0.032)	Loss 1.0059e-01 (1.0535e-01)	Acc pseudo  96.88 ( 95.76)	Lr 1.000e-03 (1.000e-03)
2026-01-14 10:53:39,330 - INFO: Epoch: [2][450/582]	Time  0.030 ( 0.032)	Loss 6.9405e-02 (1.0372e-01)	Acc pseudo  96.88 ( 95.88)	Lr 1.000e-03 (1.000e-03)
2026-01-14 10:53:44,057 - INFO: Epoch: [2][500/582]	Time  0.041 ( 0.033)	Loss 4.9483e-02 (1.0403e-01)	Acc pseudo  98.44 ( 95.87)	Lr 1.000e-03 (1.000e-03)
2026-01-14 10:53:48,790 - INFO: Epoch: [2][550/582]	Time  0.044 ( 0.034)	Loss 1.9705e-01 (1.0438e-01)	Acc pseudo  95.31 ( 95.85)	Lr 1.000e-03 (1.000e-03)
2026-01-14 10:53:51,814 - INFO: Round 6, Face Fine-tune Epoch 2: loss=0.1042, acc(pseudo)=95.84%
2026-01-14 10:54:50,613 - INFO: Round 6, Face Fine-tune Epoch 2: acc(valid_pseudo): 0.9951, acc: 0.8734
2026-01-14 10:54:50,613 - INFO: Round 6, Face Fine-tune Epoch 2: No improvement. Patience(epoch): 1/3
2026-01-14 10:54:51,147 - INFO: Epoch: [3][  0/582]	Time  0.487 ( 0.487)	Loss 6.7106e-02 (6.7106e-02)	Acc pseudo  98.44 ( 98.44)	Lr 1.000e-03 (1.000e-03)
2026-01-14 10:54:55,878 - INFO: Epoch: [3][ 50/582]	Time  0.041 ( 0.045)	Loss 4.7992e-02 (7.5796e-02)	Acc pseudo  98.44 ( 96.69)	Lr 1.000e-03 (1.000e-03)
2026-01-14 10:55:00,610 - INFO: Epoch: [3][100/582]	Time  0.027 ( 0.040)	Loss 1.2140e-02 (8.6970e-02)	Acc pseudo 100.00 ( 96.36)	Lr 1.000e-03 (1.000e-03)
2026-01-14 10:55:05,338 - INFO: Epoch: [3][150/582]	Time  0.028 ( 0.036)	Loss 1.0151e-01 (9.3865e-02)	Acc pseudo  95.31 ( 96.34)	Lr 1.000e-03 (1.000e-03)
2026-01-14 10:55:10,065 - INFO: Epoch: [3][200/582]	Time  0.029 ( 0.034)	Loss 1.0488e-01 (9.8811e-02)	Acc pseudo  95.31 ( 96.22)	Lr 1.000e-03 (1.000e-03)
2026-01-14 10:55:14,795 - INFO: Epoch: [3][250/582]	Time  0.040 ( 0.034)	Loss 6.5712e-02 (9.6166e-02)	Acc pseudo  96.88 ( 96.27)	Lr 1.000e-03 (1.000e-03)
2026-01-14 10:55:19,530 - INFO: Epoch: [3][300/582]	Time  0.040 ( 0.035)	Loss 5.3899e-02 (9.5752e-02)	Acc pseudo  96.88 ( 96.30)	Lr 1.000e-03 (1.000e-03)
2026-01-14 10:55:24,267 - INFO: Epoch: [3][350/582]	Time  0.041 ( 0.036)	Loss 7.6669e-02 (9.6821e-02)	Acc pseudo  95.31 ( 96.26)	Lr 1.000e-03 (1.000e-03)
2026-01-14 10:55:29,058 - INFO: Epoch: [3][400/582]	Time  0.044 ( 0.037)	Loss 9.4848e-02 (9.9693e-02)	Acc pseudo  98.44 ( 96.20)	Lr 1.000e-03 (1.000e-03)
2026-01-14 10:55:33,790 - INFO: Epoch: [3][450/582]	Time  0.028 ( 0.036)	Loss 6.1965e-02 (9.9736e-02)	Acc pseudo  96.88 ( 96.14)	Lr 1.000e-03 (1.000e-03)
2026-01-14 10:55:38,517 - INFO: Epoch: [3][500/582]	Time  0.029 ( 0.035)	Loss 7.7642e-02 (9.8426e-02)	Acc pseudo  95.31 ( 96.16)	Lr 1.000e-03 (1.000e-03)
2026-01-14 10:55:43,245 - INFO: Epoch: [3][550/582]	Time  0.029 ( 0.034)	Loss 6.1192e-02 (9.8723e-02)	Acc pseudo  98.44 ( 96.15)	Lr 1.000e-03 (1.000e-03)
2026-01-14 10:55:46,270 - INFO: Round 6, Face Fine-tune Epoch 3: loss=0.0981, acc(pseudo)=96.16%
2026-01-14 10:56:45,909 - INFO: Round 6, Face Fine-tune Epoch 3: acc(valid_pseudo): 0.9957, acc: 0.8744
2026-01-14 10:56:45,909 - INFO: Round 6, Face Fine-tune Epoch 3: No improvement. Patience(epoch): 2/3
2026-01-14 10:56:46,480 - INFO: Epoch: [4][  0/582]	Time  0.536 ( 0.536)	Loss 1.1384e-01 (1.1384e-01)	Acc pseudo  95.31 ( 95.31)	Lr 1.000e-03 (1.000e-03)
2026-01-14 10:56:51,213 - INFO: Epoch: [4][ 50/582]	Time  0.029 ( 0.041)	Loss 1.2934e-01 (9.4211e-02)	Acc pseudo  93.75 ( 96.48)	Lr 1.000e-03 (1.000e-03)
2026-01-14 10:56:55,943 - INFO: Epoch: [4][100/582]	Time  0.028 ( 0.035)	Loss 3.2308e-02 (9.1116e-02)	Acc pseudo  98.44 ( 96.67)	Lr 1.000e-03 (1.000e-03)
2026-01-14 10:57:00,672 - INFO: Epoch: [4][150/582]	Time  0.029 ( 0.033)	Loss 3.3436e-02 (9.5646e-02)	Acc pseudo  98.44 ( 96.44)	Lr 1.000e-03 (1.000e-03)
2026-01-14 10:57:05,403 - INFO: Epoch: [4][200/582]	Time  0.029 ( 0.032)	Loss 1.6833e-01 (9.6461e-02)	Acc pseudo  93.75 ( 96.37)	Lr 1.000e-03 (1.000e-03)
2026-01-14 10:57:10,139 - INFO: Epoch: [4][250/582]	Time  0.030 ( 0.031)	Loss 7.1787e-02 (9.8134e-02)	Acc pseudo  96.88 ( 96.34)	Lr 1.000e-03 (1.000e-03)
2026-01-14 10:57:14,875 - INFO: Epoch: [4][300/582]	Time  0.027 ( 0.031)	Loss 7.5628e-02 (9.8220e-02)	Acc pseudo  96.88 ( 96.30)	Lr 1.000e-03 (1.000e-03)
2026-01-14 10:57:19,606 - INFO: Epoch: [4][350/582]	Time  0.027 ( 0.031)	Loss 2.4916e-02 (9.8466e-02)	Acc pseudo 100.00 ( 96.27)	Lr 1.000e-03 (1.000e-03)
2026-01-14 10:57:24,339 - INFO: Epoch: [4][400/582]	Time  0.028 ( 0.030)	Loss 7.0189e-02 (9.8750e-02)	Acc pseudo  95.31 ( 96.19)	Lr 1.000e-03 (1.000e-03)
2026-01-14 10:57:29,073 - INFO: Epoch: [4][450/582]	Time  0.027 ( 0.030)	Loss 2.9381e-02 (9.7629e-02)	Acc pseudo 100.00 ( 96.21)	Lr 1.000e-03 (1.000e-03)
2026-01-14 10:57:33,806 - INFO: Epoch: [4][500/582]	Time  0.028 ( 0.030)	Loss 1.8127e-01 (9.8289e-02)	Acc pseudo  93.75 ( 96.12)	Lr 1.000e-03 (1.000e-03)
2026-01-14 10:57:38,544 - INFO: Epoch: [4][550/582]	Time  0.029 ( 0.030)	Loss 3.9056e-02 (9.8747e-02)	Acc pseudo  98.44 ( 96.12)	Lr 1.000e-03 (1.000e-03)
2026-01-14 10:57:41,611 - INFO: Round 6, Face Fine-tune Epoch 4: loss=0.0991, acc(pseudo)=96.10%
2026-01-14 10:58:41,949 - INFO: Round 6, Face Fine-tune Epoch 4: acc(valid_pseudo): 0.9955, acc: 0.8763
2026-01-14 10:58:41,949 - INFO: Round 6, Face Fine-tune Epoch 4: No improvement. Patience(epoch): 3/3
2026-01-14 10:58:41,949 - INFO: Early stopping at face epoch 4
2026-01-14 10:58:41,950 - INFO: Round 6: Best face fine-tuned epoch=1, acc(valid_pseudo)=0.9960
2026-01-14 10:58:42,065 - INFO: Using HMM model from previous round: runs/I love my family/exp_video/result/self_supervised/exp2/round5/pseudo_label/hmm_params.pkl
2026-01-14 12:30:31,608 - INFO: Round 6: speaker_acc=0.8765
2026-01-14 12:30:31,616 - INFO: Round 6: face_acc=0.8724
2026-01-14 12:30:31,620 - INFO: ====================
2026-01-14 12:30:31,620 - INFO: Round 7: Fine-tuning iteration
2026-01-14 12:30:31,620 - INFO: ====================
2026-01-14 12:30:31,763 - INFO: Round 7 Part 1: Fine-tuning embedding model
2026-01-14 12:30:31,764 - INFO: Using pseudo-label file: runs/I love my family/exp_video/result/self_supervised/exp2/round6/pseudo_label/pseudo_labels_audio_nested_hmm_full(unreliable_pp=100.0).json
2026-01-14 12:30:31,792 - INFO: For training, Using face pseudo-label file: runs/I love my family/exp_video/result/self_supervised/exp2/round6/pseudo_label/pseudo_labels_faces_mid_frame_train_nested_hmm_full.json
2026-01-14 12:30:31,792 - INFO: For infering, Using face pseudo-label file: runs/I love my family/exp_video/result/self_supervised/exp2/round6/pseudo_label/pseudo_labels_faces_mid_frame_all_nested_hmm_full.json
2026-01-14 12:30:31,932 - INFO: Created face dataloader with 37219 samples
2026-01-14 12:30:31,956 - INFO: Fine-tuning speaker embedding model for 20 epochs...
2026-01-14 12:30:32,702 - INFO: Epoch: [0][  0/301]	Time  0.702 ( 0.702)	Loss 3.6087e-01 (3.6087e-01)	Acc pseudo  90.62 ( 90.62)	Lr 1.000e-03 (1.000e-03)
2026-01-14 12:30:32,931 - INFO: Epoch: [0][ 50/301]	Time  0.004 ( 0.018)	Loss 3.2061e-01 (3.8036e-01)	Acc pseudo  90.62 ( 88.88)	Lr 1.000e-03 (1.000e-03)
2026-01-14 12:30:33,144 - INFO: Epoch: [0][100/301]	Time  0.004 ( 0.011)	Loss 4.9520e-01 (3.7316e-01)	Acc pseudo  85.94 ( 88.95)	Lr 1.000e-03 (1.000e-03)
2026-01-14 12:30:33,302 - INFO: Epoch: [0][150/301]	Time  0.003 ( 0.009)	Loss 6.2479e-01 (3.8468e-01)	Acc pseudo  89.06 ( 89.00)	Lr 1.000e-03 (1.000e-03)
2026-01-14 12:30:33,467 - INFO: Epoch: [0][200/301]	Time  0.003 ( 0.007)	Loss 1.5529e-01 (3.8219e-01)	Acc pseudo  96.88 ( 88.98)	Lr 1.000e-03 (1.000e-03)
2026-01-14 12:30:33,620 - INFO: Epoch: [0][250/301]	Time  0.003 ( 0.006)	Loss 3.0973e-01 (3.9132e-01)	Acc pseudo  89.06 ( 88.94)	Lr 1.000e-03 (1.000e-03)
2026-01-14 12:30:33,767 - INFO: Epoch: [0][300/301]	Time  0.002 ( 0.006)	Loss 2.0145e+00 (3.9513e-01)	Acc pseudo  84.00 ( 88.96)	Lr 1.000e-03 (1.000e-03)
2026-01-14 12:30:33,835 - INFO: Round 7, Fine-tune Epoch 0: loss=0.3951, acc(pseudo)=88.96%
2026-01-14 12:30:41,167 - INFO: Round 7, Fine-tune Epoch 0: acc(valid_pseudo): 0.9720, acc: 0.8680
2026-01-14 12:30:41,604 - INFO: Epoch: [1][  0/301]	Time  0.253 ( 0.253)	Loss 2.0886e-01 (2.0886e-01)	Acc pseudo  90.62 ( 90.62)	Lr 1.000e-03 (1.000e-03)
2026-01-14 12:30:41,781 - INFO: Epoch: [1][ 50/301]	Time  0.003 ( 0.008)	Loss 1.8662e-01 (3.1282e-01)	Acc pseudo  95.31 ( 89.83)	Lr 1.000e-03 (1.000e-03)
2026-01-14 12:30:41,939 - INFO: Epoch: [1][100/301]	Time  0.003 ( 0.006)	Loss 3.4520e-01 (3.2423e-01)	Acc pseudo  90.62 ( 89.88)	Lr 1.000e-03 (1.000e-03)
2026-01-14 12:30:42,092 - INFO: Epoch: [1][150/301]	Time  0.003 ( 0.005)	Loss 2.1531e-01 (3.2482e-01)	Acc pseudo  90.62 ( 89.93)	Lr 1.000e-03 (1.000e-03)
2026-01-14 12:30:42,242 - INFO: Epoch: [1][200/301]	Time  0.003 ( 0.004)	Loss 2.7277e-01 (3.2952e-01)	Acc pseudo  89.06 ( 89.89)	Lr 1.000e-03 (1.000e-03)
2026-01-14 12:30:42,392 - INFO: Epoch: [1][250/301]	Time  0.003 ( 0.004)	Loss 2.0875e-01 (3.3593e-01)	Acc pseudo  93.75 ( 89.68)	Lr 1.000e-03 (1.000e-03)
2026-01-14 12:30:42,534 - INFO: Epoch: [1][300/301]	Time  0.002 ( 0.004)	Loss 1.9897e-01 (3.3519e-01)	Acc pseudo  88.00 ( 89.67)	Lr 1.000e-03 (1.000e-03)
2026-01-14 12:30:42,602 - INFO: Round 7, Fine-tune Epoch 1: loss=0.3352, acc(pseudo)=89.67%
2026-01-14 12:30:50,289 - INFO: Round 7, Fine-tune Epoch 1: acc(valid_pseudo): 0.9647, acc: 0.8625
2026-01-14 12:30:50,290 - INFO: Round 7, Speaker Fine-tune Epoch 1: No improvement in validation accuracy. Patience(epoch): 1/3
2026-01-14 12:30:50,551 - INFO: Epoch: [2][  0/301]	Time  0.254 ( 0.254)	Loss 4.0892e-01 (4.0892e-01)	Acc pseudo  93.75 ( 93.75)	Lr 1.000e-03 (1.000e-03)
2026-01-14 12:30:50,734 - INFO: Epoch: [2][ 50/301]	Time  0.003 ( 0.008)	Loss 3.0283e-01 (3.3288e-01)	Acc pseudo  93.75 ( 89.86)	Lr 1.000e-03 (1.000e-03)
2026-01-14 12:30:50,900 - INFO: Epoch: [2][100/301]	Time  0.003 ( 0.006)	Loss 4.2398e-01 (3.2199e-01)	Acc pseudo  87.50 ( 90.27)	Lr 1.000e-03 (1.000e-03)
2026-01-14 12:30:51,061 - INFO: Epoch: [2][150/301]	Time  0.003 ( 0.005)	Loss 2.9309e-01 (3.2478e-01)	Acc pseudo  89.06 ( 90.23)	Lr 1.000e-03 (1.000e-03)
2026-01-14 12:30:51,218 - INFO: Epoch: [2][200/301]	Time  0.005 ( 0.004)	Loss 2.4773e-01 (3.1917e-01)	Acc pseudo  90.62 ( 90.23)	Lr 1.000e-03 (1.000e-03)
2026-01-14 12:30:51,377 - INFO: Epoch: [2][250/301]	Time  0.003 ( 0.004)	Loss 2.7346e-01 (3.2488e-01)	Acc pseudo  85.94 ( 89.87)	Lr 1.000e-03 (1.000e-03)
2026-01-14 12:30:51,534 - INFO: Epoch: [2][300/301]	Time  0.002 ( 0.004)	Loss 3.2421e-01 (3.2676e-01)	Acc pseudo  88.00 ( 89.83)	Lr 1.000e-03 (1.000e-03)
2026-01-14 12:30:51,606 - INFO: Round 7, Fine-tune Epoch 2: loss=0.3268, acc(pseudo)=89.83%
2026-01-14 12:31:00,121 - INFO: Round 7, Fine-tune Epoch 2: acc(valid_pseudo): 0.9609, acc: 0.8600
2026-01-14 12:31:00,121 - INFO: Round 7, Speaker Fine-tune Epoch 2: No improvement in validation accuracy. Patience(epoch): 2/3
2026-01-14 12:31:00,377 - INFO: Epoch: [3][  0/301]	Time  0.250 ( 0.250)	Loss 4.7395e-01 (4.7395e-01)	Acc pseudo  89.06 ( 89.06)	Lr 1.000e-03 (1.000e-03)
2026-01-14 12:31:00,586 - INFO: Epoch: [3][ 50/301]	Time  0.003 ( 0.009)	Loss 5.0419e-01 (2.9865e-01)	Acc pseudo  82.81 ( 90.35)	Lr 1.000e-03 (1.000e-03)
2026-01-14 12:31:00,760 - INFO: Epoch: [3][100/301]	Time  0.003 ( 0.006)	Loss 2.5540e-01 (3.1751e-01)	Acc pseudo  92.19 ( 90.02)	Lr 1.000e-03 (1.000e-03)
2026-01-14 12:31:00,937 - INFO: Epoch: [3][150/301]	Time  0.003 ( 0.005)	Loss 2.3656e-01 (3.2099e-01)	Acc pseudo  87.50 ( 89.95)	Lr 1.000e-03 (1.000e-03)
2026-01-14 12:31:01,101 - INFO: Epoch: [3][200/301]	Time  0.004 ( 0.005)	Loss 2.7792e-01 (3.2011e-01)	Acc pseudo  90.62 ( 89.92)	Lr 1.000e-03 (1.000e-03)
2026-01-14 12:31:01,275 - INFO: Epoch: [3][250/301]	Time  0.003 ( 0.004)	Loss 4.5830e-01 (3.1901e-01)	Acc pseudo  92.19 ( 89.85)	Lr 1.000e-03 (1.000e-03)
2026-01-14 12:31:01,439 - INFO: Epoch: [3][300/301]	Time  0.003 ( 0.004)	Loss 4.2254e-01 (3.2030e-01)	Acc pseudo  84.00 ( 89.78)	Lr 1.000e-03 (1.000e-03)
2026-01-14 12:31:01,507 - INFO: Round 7, Fine-tune Epoch 3: loss=0.3203, acc(pseudo)=89.78%
2026-01-14 12:31:08,890 - INFO: Round 7, Fine-tune Epoch 3: acc(valid_pseudo): 0.9551, acc: 0.8590
2026-01-14 12:31:08,890 - INFO: Round 7, Speaker Fine-tune Epoch 3: No improvement in validation accuracy. Patience(epoch): 3/3
2026-01-14 12:31:08,890 - INFO: Early stopping at epoch 3 due to no improvement in validation accuracy for 3 epochs.
2026-01-14 12:31:08,891 - INFO: Round 7: Best speaker fine-tuned epoch=0, acc(valid_pseudo)=0.9720
2026-01-14 12:31:08,896 - INFO: Fine-tuning face embedding model for 20 epochs...
2026-01-14 12:31:09,951 - INFO: Epoch: [0][  0/582]	Time  1.022 ( 1.022)	Loss 7.1419e-02 (7.1419e-02)	Acc pseudo  98.44 ( 98.44)	Lr 1.000e-03 (1.000e-03)
2026-01-14 12:31:14,667 - INFO: Epoch: [0][ 50/582]	Time  0.035 ( 0.054)	Loss 2.0199e-01 (1.2010e-01)	Acc pseudo  95.31 ( 96.60)	Lr 1.000e-03 (1.000e-03)
2026-01-14 12:31:19,382 - INFO: Epoch: [0][100/582]	Time  0.030 ( 0.042)	Loss 9.5776e-02 (1.2551e-01)	Acc pseudo  95.31 ( 96.44)	Lr 1.000e-03 (1.000e-03)
2026-01-14 12:31:24,103 - INFO: Epoch: [0][150/582]	Time  0.029 ( 0.038)	Loss 8.9460e-02 (1.3101e-01)	Acc pseudo  95.31 ( 96.31)	Lr 1.000e-03 (1.000e-03)
2026-01-14 12:31:28,828 - INFO: Epoch: [0][200/582]	Time  0.029 ( 0.036)	Loss 4.0368e-02 (1.3028e-01)	Acc pseudo  98.44 ( 96.22)	Lr 1.000e-03 (1.000e-03)
2026-01-14 12:31:33,559 - INFO: Epoch: [0][250/582]	Time  0.031 ( 0.035)	Loss 4.1626e-01 (1.3223e-01)	Acc pseudo  93.75 ( 96.15)	Lr 1.000e-03 (1.000e-03)
2026-01-14 12:31:38,304 - INFO: Epoch: [0][300/582]	Time  0.028 ( 0.035)	Loss 3.1899e-02 (1.3361e-01)	Acc pseudo  98.44 ( 96.12)	Lr 1.000e-03 (1.000e-03)
2026-01-14 12:31:44,487 - INFO: Epoch: [0][350/582]	Time  0.029 ( 0.038)	Loss 8.1600e-02 (1.4274e-01)	Acc pseudo  95.31 ( 96.03)	Lr 1.000e-03 (1.000e-03)
2026-01-14 12:31:49,229 - INFO: Epoch: [0][400/582]	Time  0.029 ( 0.038)	Loss 2.7808e-02 (1.3889e-01)	Acc pseudo 100.00 ( 96.05)	Lr 1.000e-03 (1.000e-03)
2026-01-14 12:31:53,977 - INFO: Epoch: [0][450/582]	Time  0.030 ( 0.037)	Loss 3.4692e-02 (1.3528e-01)	Acc pseudo  98.44 ( 96.03)	Lr 1.000e-03 (1.000e-03)
2026-01-14 12:31:58,723 - INFO: Epoch: [0][500/582]	Time  0.030 ( 0.037)	Loss 1.3877e-01 (1.3224e-01)	Acc pseudo  95.31 ( 96.04)	Lr 1.000e-03 (1.000e-03)
2026-01-14 12:32:03,469 - INFO: Epoch: [0][550/582]	Time  0.037 ( 0.036)	Loss 2.1731e-01 (1.3259e-01)	Acc pseudo  95.31 ( 96.02)	Lr 1.000e-03 (1.000e-03)
2026-01-14 12:32:06,495 - INFO: Round 7, Face Fine-tune Epoch 0: loss=0.1328, acc(pseudo)=96.03%
2026-01-14 12:33:07,320 - INFO: Round 7, Face Fine-tune Epoch 0: acc(valid_pseudo): 0.9957, acc: 0.8734
2026-01-14 12:33:08,219 - INFO: Epoch: [1][  0/582]	Time  0.510 ( 0.510)	Loss 6.2633e-02 (6.2633e-02)	Acc pseudo  98.44 ( 98.44)	Lr 1.000e-03 (1.000e-03)
2026-01-14 12:33:12,934 - INFO: Epoch: [1][ 50/582]	Time  0.042 ( 0.040)	Loss 2.3173e-02 (1.0192e-01)	Acc pseudo 100.00 ( 96.45)	Lr 1.000e-03 (1.000e-03)
2026-01-14 12:33:17,646 - INFO: Epoch: [1][100/582]	Time  0.029 ( 0.036)	Loss 6.1809e-02 (1.0226e-01)	Acc pseudo  98.44 ( 96.33)	Lr 1.000e-03 (1.000e-03)
2026-01-14 12:33:22,355 - INFO: Epoch: [1][150/582]	Time  0.028 ( 0.034)	Loss 6.4399e-02 (1.1049e-01)	Acc pseudo  95.31 ( 96.03)	Lr 1.000e-03 (1.000e-03)
2026-01-14 12:33:27,068 - INFO: Epoch: [1][200/582]	Time  0.041 ( 0.034)	Loss 7.7908e-02 (1.0426e-01)	Acc pseudo  96.88 ( 96.23)	Lr 1.000e-03 (1.000e-03)
2026-01-14 12:33:31,784 - INFO: Epoch: [1][250/582]	Time  0.028 ( 0.036)	Loss 1.2574e-01 (1.0263e-01)	Acc pseudo  93.75 ( 96.23)	Lr 1.000e-03 (1.000e-03)
2026-01-14 12:33:36,491 - INFO: Epoch: [1][300/582]	Time  0.028 ( 0.034)	Loss 5.7967e-02 (1.0088e-01)	Acc pseudo  98.44 ( 96.31)	Lr 1.000e-03 (1.000e-03)
2026-01-14 12:33:41,234 - INFO: Epoch: [1][350/582]	Time  0.063 ( 0.034)	Loss 9.1042e-02 (1.0211e-01)	Acc pseudo  98.44 ( 96.29)	Lr 1.000e-03 (1.000e-03)
2026-01-14 12:33:46,011 - INFO: Epoch: [1][400/582]	Time  0.029 ( 0.034)	Loss 1.0509e-01 (1.0281e-01)	Acc pseudo  95.31 ( 96.27)	Lr 1.000e-03 (1.000e-03)
2026-01-14 12:33:50,730 - INFO: Epoch: [1][450/582]	Time  0.028 ( 0.035)	Loss 1.3742e-01 (1.0178e-01)	Acc pseudo  93.75 ( 96.31)	Lr 1.000e-03 (1.000e-03)
2026-01-14 12:33:55,441 - INFO: Epoch: [1][500/582]	Time  0.030 ( 0.034)	Loss 8.0769e-02 (1.0035e-01)	Acc pseudo  95.31 ( 96.35)	Lr 1.000e-03 (1.000e-03)
2026-01-14 12:34:00,152 - INFO: Epoch: [1][550/582]	Time  0.043 ( 0.034)	Loss 1.4540e-01 (9.9272e-02)	Acc pseudo  93.75 ( 96.41)	Lr 1.000e-03 (1.000e-03)
2026-01-14 12:34:03,169 - INFO: Round 7, Face Fine-tune Epoch 1: loss=0.1009, acc(pseudo)=96.41%
2026-01-14 12:35:02,011 - INFO: Round 7, Face Fine-tune Epoch 1: acc(valid_pseudo): 0.9960, acc: 0.8763
2026-01-14 12:35:03,149 - INFO: Epoch: [2][  0/582]	Time  0.533 ( 0.533)	Loss 1.2175e-01 (1.2175e-01)	Acc pseudo  96.88 ( 96.88)	Lr 1.000e-03 (1.000e-03)
2026-01-14 12:35:07,863 - INFO: Epoch: [2][ 50/582]	Time  0.029 ( 0.046)	Loss 1.3922e-01 (1.0555e-01)	Acc pseudo  96.88 ( 96.45)	Lr 1.000e-03 (1.000e-03)
2026-01-14 12:35:12,569 - INFO: Epoch: [2][100/582]	Time  0.030 ( 0.038)	Loss 3.8502e-02 (1.0416e-01)	Acc pseudo  98.44 ( 96.29)	Lr 1.000e-03 (1.000e-03)
2026-01-14 12:35:17,280 - INFO: Epoch: [2][150/582]	Time  0.029 ( 0.036)	Loss 3.0672e-02 (9.8356e-02)	Acc pseudo  98.44 ( 96.39)	Lr 1.000e-03 (1.000e-03)
2026-01-14 12:35:21,989 - INFO: Epoch: [2][200/582]	Time  0.029 ( 0.034)	Loss 8.5505e-02 (9.7458e-02)	Acc pseudo  96.88 ( 96.35)	Lr 1.000e-03 (1.000e-03)
2026-01-14 12:35:26,700 - INFO: Epoch: [2][250/582]	Time  0.029 ( 0.033)	Loss 1.1355e-01 (9.5550e-02)	Acc pseudo  95.31 ( 96.36)	Lr 1.000e-03 (1.000e-03)
2026-01-14 12:35:31,424 - INFO: Epoch: [2][300/582]	Time  0.034 ( 0.035)	Loss 2.0667e-01 (9.4867e-02)	Acc pseudo  96.88 ( 96.41)	Lr 1.000e-03 (1.000e-03)
2026-01-14 12:35:36,140 - INFO: Epoch: [2][350/582]	Time  0.029 ( 0.035)	Loss 7.2792e-02 (9.2759e-02)	Acc pseudo  96.88 ( 96.51)	Lr 1.000e-03 (1.000e-03)
2026-01-14 12:35:40,852 - INFO: Epoch: [2][400/582]	Time  0.028 ( 0.034)	Loss 2.4400e-02 (9.3018e-02)	Acc pseudo 100.00 ( 96.49)	Lr 1.000e-03 (1.000e-03)
2026-01-14 12:35:45,563 - INFO: Epoch: [2][450/582]	Time  0.028 ( 0.034)	Loss 6.9308e-02 (9.5380e-02)	Acc pseudo  96.88 ( 96.47)	Lr 1.000e-03 (1.000e-03)
2026-01-14 12:35:50,276 - INFO: Epoch: [2][500/582]	Time  0.029 ( 0.033)	Loss 5.6973e-02 (9.6937e-02)	Acc pseudo  96.88 ( 96.46)	Lr 1.000e-03 (1.000e-03)
2026-01-14 12:35:54,991 - INFO: Epoch: [2][550/582]	Time  0.028 ( 0.033)	Loss 7.9826e-02 (9.6461e-02)	Acc pseudo  96.88 ( 96.42)	Lr 1.000e-03 (1.000e-03)
2026-01-14 12:35:58,007 - INFO: Round 7, Face Fine-tune Epoch 2: loss=0.0968, acc(pseudo)=96.43%
2026-01-14 12:36:57,129 - INFO: Round 7, Face Fine-tune Epoch 2: acc(valid_pseudo): 0.9948, acc: 0.8754
2026-01-14 12:36:57,130 - INFO: Round 7, Face Fine-tune Epoch 2: No improvement. Patience(epoch): 1/3
2026-01-14 12:36:57,685 - INFO: Epoch: [3][  0/582]	Time  0.503 ( 0.503)	Loss 1.1055e-01 (1.1055e-01)	Acc pseudo  93.75 ( 93.75)	Lr 1.000e-03 (1.000e-03)
2026-01-14 12:37:02,405 - INFO: Epoch: [3][ 50/582]	Time  0.028 ( 0.041)	Loss 3.5495e-02 (8.2351e-02)	Acc pseudo 100.00 ( 96.84)	Lr 1.000e-03 (1.000e-03)
2026-01-14 12:37:07,129 - INFO: Epoch: [3][100/582]	Time  0.028 ( 0.036)	Loss 4.0013e-02 (8.7754e-02)	Acc pseudo  98.44 ( 96.55)	Lr 1.000e-03 (1.000e-03)
2026-01-14 12:37:11,853 - INFO: Epoch: [3][150/582]	Time  0.028 ( 0.034)	Loss 4.5804e-02 (9.1552e-02)	Acc pseudo  96.88 ( 96.53)	Lr 1.000e-03 (1.000e-03)
2026-01-14 12:37:16,573 - INFO: Epoch: [3][200/582]	Time  0.028 ( 0.032)	Loss 1.2438e-01 (9.3327e-02)	Acc pseudo  93.75 ( 96.43)	Lr 1.000e-03 (1.000e-03)
2026-01-14 12:37:21,291 - INFO: Epoch: [3][250/582]	Time  0.042 ( 0.032)	Loss 5.6938e-02 (8.9862e-02)	Acc pseudo  96.88 ( 96.53)	Lr 1.000e-03 (1.000e-03)
2026-01-14 12:37:26,024 - INFO: Epoch: [3][300/582]	Time  0.041 ( 0.033)	Loss 4.8657e-02 (9.2139e-02)	Acc pseudo  96.88 ( 96.41)	Lr 1.000e-03 (1.000e-03)
2026-01-14 12:37:30,761 - INFO: Epoch: [3][350/582]	Time  0.028 ( 0.033)	Loss 5.3604e-02 (9.3161e-02)	Acc pseudo  96.88 ( 96.41)	Lr 1.000e-03 (1.000e-03)
2026-01-14 12:37:35,490 - INFO: Epoch: [3][400/582]	Time  0.028 ( 0.033)	Loss 7.2537e-02 (9.2509e-02)	Acc pseudo  96.88 ( 96.40)	Lr 1.000e-03 (1.000e-03)
2026-01-14 12:37:40,217 - INFO: Epoch: [3][450/582]	Time  0.028 ( 0.032)	Loss 6.9533e-02 (9.2410e-02)	Acc pseudo  96.88 ( 96.40)	Lr 1.000e-03 (1.000e-03)
2026-01-14 12:37:44,945 - INFO: Epoch: [3][500/582]	Time  0.030 ( 0.032)	Loss 2.1885e-01 (9.1540e-02)	Acc pseudo  96.88 ( 96.44)	Lr 1.000e-03 (1.000e-03)
2026-01-14 12:37:49,680 - INFO: Epoch: [3][550/582]	Time  0.029 ( 0.032)	Loss 4.4997e-02 (9.1364e-02)	Acc pseudo  96.88 ( 96.40)	Lr 1.000e-03 (1.000e-03)
2026-01-14 12:37:52,701 - INFO: Round 7, Face Fine-tune Epoch 3: loss=0.0909, acc(pseudo)=96.43%
2026-01-14 12:38:51,458 - INFO: Round 7, Face Fine-tune Epoch 3: acc(valid_pseudo): 0.9958, acc: 0.8705
2026-01-14 12:38:51,458 - INFO: Round 7, Face Fine-tune Epoch 3: No improvement. Patience(epoch): 2/3
2026-01-14 12:38:52,012 - INFO: Epoch: [4][  0/582]	Time  0.502 ( 0.502)	Loss 1.3579e-01 (1.3579e-01)	Acc pseudo  95.31 ( 95.31)	Lr 1.000e-03 (1.000e-03)
2026-01-14 12:38:56,745 - INFO: Epoch: [4][ 50/582]	Time  0.029 ( 0.040)	Loss 6.3040e-02 (8.3230e-02)	Acc pseudo  96.88 ( 96.63)	Lr 1.000e-03 (1.000e-03)
2026-01-14 12:39:01,483 - INFO: Epoch: [4][100/582]	Time  0.028 ( 0.036)	Loss 1.5997e-01 (8.8077e-02)	Acc pseudo  92.19 ( 96.78)	Lr 1.000e-03 (1.000e-03)
2026-01-14 12:39:06,223 - INFO: Epoch: [4][150/582]	Time  0.034 ( 0.036)	Loss 3.2164e-02 (8.4217e-02)	Acc pseudo  98.44 ( 96.76)	Lr 1.000e-03 (1.000e-03)
2026-01-14 12:39:10,961 - INFO: Epoch: [4][200/582]	Time  0.028 ( 0.035)	Loss 1.7032e-01 (8.3947e-02)	Acc pseudo  93.75 ( 96.70)	Lr 1.000e-03 (1.000e-03)
2026-01-14 12:39:15,698 - INFO: Epoch: [4][250/582]	Time  0.042 ( 0.034)	Loss 1.1278e-01 (8.6034e-02)	Acc pseudo  95.31 ( 96.70)	Lr 1.000e-03 (1.000e-03)
2026-01-14 12:39:20,436 - INFO: Epoch: [4][300/582]	Time  0.029 ( 0.034)	Loss 4.7187e-02 (8.7487e-02)	Acc pseudo  96.88 ( 96.67)	Lr 1.000e-03 (1.000e-03)
2026-01-14 12:39:25,167 - INFO: Epoch: [4][350/582]	Time  0.029 ( 0.033)	Loss 9.4083e-03 (9.0310e-02)	Acc pseudo 100.00 ( 96.61)	Lr 1.000e-03 (1.000e-03)
2026-01-14 12:39:29,900 - INFO: Epoch: [4][400/582]	Time  0.028 ( 0.033)	Loss 8.4835e-02 (9.0943e-02)	Acc pseudo  93.75 ( 96.57)	Lr 1.000e-03 (1.000e-03)
2026-01-14 12:39:34,636 - INFO: Epoch: [4][450/582]	Time  0.029 ( 0.033)	Loss 4.0674e-02 (9.1874e-02)	Acc pseudo  98.44 ( 96.55)	Lr 1.000e-03 (1.000e-03)
2026-01-14 12:39:39,374 - INFO: Epoch: [4][500/582]	Time  0.035 ( 0.032)	Loss 1.9267e-01 (9.1714e-02)	Acc pseudo  93.75 ( 96.52)	Lr 1.000e-03 (1.000e-03)
2026-01-14 12:39:44,116 - INFO: Epoch: [4][550/582]	Time  0.029 ( 0.032)	Loss 2.4215e-02 (9.2306e-02)	Acc pseudo 100.00 ( 96.48)	Lr 1.000e-03 (1.000e-03)
2026-01-14 12:39:47,171 - INFO: Round 7, Face Fine-tune Epoch 4: loss=0.0913, acc(pseudo)=96.52%
2026-01-14 12:40:46,928 - INFO: Round 7, Face Fine-tune Epoch 4: acc(valid_pseudo): 0.9959, acc: 0.8783
2026-01-14 12:40:46,928 - INFO: Round 7, Face Fine-tune Epoch 4: No improvement. Patience(epoch): 3/3
2026-01-14 12:40:46,928 - INFO: Early stopping at face epoch 4
2026-01-14 12:40:46,929 - INFO: Round 7: Best face fine-tuned epoch=1, acc(valid_pseudo)=0.9960
2026-01-14 12:40:47,070 - INFO: Using HMM model from previous round: runs/I love my family/exp_video/result/self_supervised/exp2/round6/pseudo_label/hmm_params.pkl
2026-01-14 14:05:41,555 - INFO: Round 7: speaker_acc=0.8785
2026-01-14 14:05:41,562 - INFO: Round 7: face_acc=0.8705
2026-01-14 14:05:41,565 - INFO: ====================
2026-01-14 14:05:41,565 - INFO: Round 8: Fine-tuning iteration
2026-01-14 14:05:41,565 - INFO: ====================
2026-01-14 14:05:41,709 - INFO: Round 8 Part 1: Fine-tuning embedding model
2026-01-14 14:05:41,710 - INFO: Using pseudo-label file: runs/I love my family/exp_video/result/self_supervised/exp2/round7/pseudo_label/pseudo_labels_audio_nested_hmm_full(unreliable_pp=100.0).json
2026-01-14 14:05:41,736 - INFO: For training, Using face pseudo-label file: runs/I love my family/exp_video/result/self_supervised/exp2/round7/pseudo_label/pseudo_labels_faces_mid_frame_train_nested_hmm_full.json
2026-01-14 14:05:41,736 - INFO: For infering, Using face pseudo-label file: runs/I love my family/exp_video/result/self_supervised/exp2/round7/pseudo_label/pseudo_labels_faces_mid_frame_all_nested_hmm_full.json
2026-01-14 14:05:41,877 - INFO: Created face dataloader with 37219 samples
2026-01-14 14:05:41,892 - INFO: Fine-tuning speaker embedding model for 20 epochs...
2026-01-14 14:05:42,693 - INFO: Epoch: [0][  0/301]	Time  0.778 ( 0.778)	Loss 3.2874e-01 (3.2874e-01)	Acc pseudo  89.06 ( 89.06)	Lr 1.000e-03 (1.000e-03)
2026-01-14 14:05:42,887 - INFO: Epoch: [0][ 50/301]	Time  0.003 ( 0.019)	Loss 3.1543e-01 (3.7737e-01)	Acc pseudo  90.62 ( 90.47)	Lr 1.000e-03 (1.000e-03)
2026-01-14 14:05:43,051 - INFO: Epoch: [0][100/301]	Time  0.003 ( 0.011)	Loss 4.2725e-01 (3.8912e-01)	Acc pseudo  85.94 ( 89.63)	Lr 1.000e-03 (1.000e-03)
2026-01-14 14:05:43,223 - INFO: Epoch: [0][150/301]	Time  0.003 ( 0.009)	Loss 2.5488e-01 (4.1238e-01)	Acc pseudo  87.50 ( 89.17)	Lr 1.000e-03 (1.000e-03)
2026-01-14 14:05:43,391 - INFO: Epoch: [0][200/301]	Time  0.003 ( 0.007)	Loss 7.7436e-01 (4.0907e-01)	Acc pseudo  93.75 ( 89.09)	Lr 1.000e-03 (1.000e-03)
2026-01-14 14:05:43,553 - INFO: Epoch: [0][250/301]	Time  0.003 ( 0.006)	Loss 5.1376e-01 (4.0770e-01)	Acc pseudo  84.38 ( 89.01)	Lr 1.000e-03 (1.000e-03)
2026-01-14 14:05:43,699 - INFO: Epoch: [0][300/301]	Time  0.002 ( 0.006)	Loss 8.4863e-01 (3.9811e-01)	Acc pseudo  88.00 ( 89.26)	Lr 1.000e-03 (1.000e-03)
2026-01-14 14:05:43,773 - INFO: Round 8, Fine-tune Epoch 0: loss=0.3981, acc(pseudo)=89.26%
2026-01-14 14:05:52,209 - INFO: Round 8, Fine-tune Epoch 0: acc(valid_pseudo): 0.9676, acc: 0.8625
2026-01-14 14:05:52,701 - INFO: Epoch: [1][  0/301]	Time  0.286 ( 0.286)	Loss 3.5674e-01 (3.5674e-01)	Acc pseudo  93.75 ( 93.75)	Lr 1.000e-03 (1.000e-03)
2026-01-14 14:05:52,911 - INFO: Epoch: [1][ 50/301]	Time  0.003 ( 0.010)	Loss 1.9224e-01 (3.0227e-01)	Acc pseudo  92.19 ( 90.90)	Lr 1.000e-03 (1.000e-03)
2026-01-14 14:05:53,096 - INFO: Epoch: [1][100/301]	Time  0.003 ( 0.007)	Loss 1.8820e-01 (3.1114e-01)	Acc pseudo  93.75 ( 90.61)	Lr 1.000e-03 (1.000e-03)
2026-01-14 14:05:53,261 - INFO: Epoch: [1][150/301]	Time  0.003 ( 0.006)	Loss 5.2472e-01 (3.2764e-01)	Acc pseudo  87.50 ( 90.41)	Lr 1.000e-03 (1.000e-03)
2026-01-14 14:05:53,442 - INFO: Epoch: [1][200/301]	Time  0.003 ( 0.005)	Loss 2.6428e-01 (3.3273e-01)	Acc pseudo  90.62 ( 90.19)	Lr 1.000e-03 (1.000e-03)
2026-01-14 14:05:53,602 - INFO: Epoch: [1][250/301]	Time  0.004 ( 0.005)	Loss 2.2885e-01 (3.3807e-01)	Acc pseudo  92.19 ( 90.03)	Lr 1.000e-03 (1.000e-03)
2026-01-14 14:05:53,774 - INFO: Epoch: [1][300/301]	Time  0.002 ( 0.004)	Loss 2.0629e-01 (3.3484e-01)	Acc pseudo  88.00 ( 90.05)	Lr 1.000e-03 (1.000e-03)
2026-01-14 14:05:53,842 - INFO: Round 8, Fine-tune Epoch 1: loss=0.3348, acc(pseudo)=90.05%
2026-01-14 14:06:01,267 - INFO: Round 8, Fine-tune Epoch 1: acc(valid_pseudo): 0.9668, acc: 0.8630
2026-01-14 14:06:01,267 - INFO: Round 8, Speaker Fine-tune Epoch 1: No improvement in validation accuracy. Patience(epoch): 1/3
2026-01-14 14:06:01,540 - INFO: Epoch: [2][  0/301]	Time  0.268 ( 0.268)	Loss 4.5180e-01 (4.5180e-01)	Acc pseudo  92.19 ( 92.19)	Lr 1.000e-03 (1.000e-03)
2026-01-14 14:06:01,752 - INFO: Epoch: [2][ 50/301]	Time  0.003 ( 0.009)	Loss 2.5223e-01 (3.4363e-01)	Acc pseudo  89.06 ( 90.04)	Lr 1.000e-03 (1.000e-03)
2026-01-14 14:06:01,925 - INFO: Epoch: [2][100/301]	Time  0.003 ( 0.006)	Loss 4.9652e-01 (3.3820e-01)	Acc pseudo  85.94 ( 90.33)	Lr 1.000e-03 (1.000e-03)
2026-01-14 14:06:02,081 - INFO: Epoch: [2][150/301]	Time  0.003 ( 0.005)	Loss 2.3494e-01 (3.3258e-01)	Acc pseudo  93.75 ( 90.38)	Lr 1.000e-03 (1.000e-03)
2026-01-14 14:06:02,234 - INFO: Epoch: [2][200/301]	Time  0.003 ( 0.005)	Loss 4.8327e-01 (3.2952e-01)	Acc pseudo  87.50 ( 90.52)	Lr 1.000e-03 (1.000e-03)
2026-01-14 14:06:02,389 - INFO: Epoch: [2][250/301]	Time  0.003 ( 0.004)	Loss 3.1655e-01 (3.2638e-01)	Acc pseudo  85.94 ( 90.33)	Lr 1.000e-03 (1.000e-03)
2026-01-14 14:06:02,537 - INFO: Epoch: [2][300/301]	Time  0.002 ( 0.004)	Loss 2.0551e-01 (3.2770e-01)	Acc pseudo  92.00 ( 90.34)	Lr 1.000e-03 (1.000e-03)
2026-01-14 14:06:02,607 - INFO: Round 8, Fine-tune Epoch 2: loss=0.3277, acc(pseudo)=90.34%
2026-01-14 14:06:09,986 - INFO: Round 8, Fine-tune Epoch 2: acc(valid_pseudo): 0.9393, acc: 0.8555
2026-01-14 14:06:09,987 - INFO: Round 8, Speaker Fine-tune Epoch 2: No improvement in validation accuracy. Patience(epoch): 2/3
2026-01-14 14:06:10,251 - INFO: Epoch: [3][  0/301]	Time  0.259 ( 0.259)	Loss 4.1773e-01 (4.1773e-01)	Acc pseudo  89.06 ( 89.06)	Lr 1.000e-03 (1.000e-03)
2026-01-14 14:06:10,486 - INFO: Epoch: [3][ 50/301]	Time  0.003 ( 0.010)	Loss 5.9891e-01 (3.0589e-01)	Acc pseudo  87.50 ( 90.93)	Lr 1.000e-03 (1.000e-03)
2026-01-14 14:06:10,651 - INFO: Epoch: [3][100/301]	Time  0.003 ( 0.006)	Loss 1.2120e-01 (3.0835e-01)	Acc pseudo  98.44 ( 90.73)	Lr 1.000e-03 (1.000e-03)
2026-01-14 14:06:10,811 - INFO: Epoch: [3][150/301]	Time  0.003 ( 0.005)	Loss 2.6412e-01 (3.1522e-01)	Acc pseudo  85.94 ( 90.57)	Lr 1.000e-03 (1.000e-03)
2026-01-14 14:06:10,972 - INFO: Epoch: [3][200/301]	Time  0.003 ( 0.005)	Loss 3.0545e-01 (3.1196e-01)	Acc pseudo  89.06 ( 90.64)	Lr 1.000e-03 (1.000e-03)
2026-01-14 14:06:11,135 - INFO: Epoch: [3][250/301]	Time  0.004 ( 0.004)	Loss 4.4231e-01 (3.0982e-01)	Acc pseudo  89.06 ( 90.70)	Lr 1.000e-03 (1.000e-03)
2026-01-14 14:06:11,293 - INFO: Epoch: [3][300/301]	Time  0.002 ( 0.004)	Loss 3.7168e-01 (3.1303e-01)	Acc pseudo  92.00 ( 90.57)	Lr 1.000e-03 (1.000e-03)
2026-01-14 14:06:11,364 - INFO: Round 8, Fine-tune Epoch 3: loss=0.3130, acc(pseudo)=90.57%
2026-01-14 14:06:19,723 - INFO: Round 8, Fine-tune Epoch 3: acc(valid_pseudo): 0.9428, acc: 0.8445
2026-01-14 14:06:19,724 - INFO: Round 8, Speaker Fine-tune Epoch 3: No improvement in validation accuracy. Patience(epoch): 3/3
2026-01-14 14:06:19,724 - INFO: Early stopping at epoch 3 due to no improvement in validation accuracy for 3 epochs.
2026-01-14 14:06:19,725 - INFO: Round 8: Best speaker fine-tuned epoch=0, acc(valid_pseudo)=0.9676
2026-01-14 14:06:19,729 - INFO: Fine-tuning face embedding model for 20 epochs...
2026-01-14 14:06:20,777 - INFO: Epoch: [0][  0/582]	Time  1.025 ( 1.025)	Loss 1.1680e-02 (1.1680e-02)	Acc pseudo  98.44 ( 98.44)	Lr 1.000e-03 (1.000e-03)
2026-01-14 14:06:25,492 - INFO: Epoch: [0][ 50/582]	Time  0.030 ( 0.052)	Loss 7.4445e-02 (2.2476e-01)	Acc pseudo  96.88 ( 96.29)	Lr 1.000e-03 (1.000e-03)
2026-01-14 14:06:30,212 - INFO: Epoch: [0][100/582]	Time  0.038 ( 0.044)	Loss 4.2304e-01 (2.5371e-01)	Acc pseudo  96.88 ( 95.90)	Lr 1.000e-03 (1.000e-03)
2026-01-14 14:06:34,938 - INFO: Epoch: [0][150/582]	Time  0.028 ( 0.042)	Loss 8.8591e-02 (2.2374e-01)	Acc pseudo  95.31 ( 95.90)	Lr 1.000e-03 (1.000e-03)
2026-01-14 14:06:39,670 - INFO: Epoch: [0][200/582]	Time  0.028 ( 0.039)	Loss 4.3545e-02 (2.0943e-01)	Acc pseudo  98.44 ( 95.86)	Lr 1.000e-03 (1.000e-03)
2026-01-14 14:06:44,400 - INFO: Epoch: [0][250/582]	Time  0.029 ( 0.037)	Loss 1.7999e+00 (2.1597e-01)	Acc pseudo  90.62 ( 95.77)	Lr 1.000e-03 (1.000e-03)
2026-01-14 14:06:49,132 - INFO: Epoch: [0][300/582]	Time  0.028 ( 0.036)	Loss 1.4669e-01 (2.1094e-01)	Acc pseudo  93.75 ( 95.73)	Lr 1.000e-03 (1.000e-03)
2026-01-14 14:06:53,872 - INFO: Epoch: [0][350/582]	Time  0.040 ( 0.035)	Loss 6.7813e-02 (2.1195e-01)	Acc pseudo  98.44 ( 95.66)	Lr 1.000e-03 (1.000e-03)
2026-01-14 14:06:58,850 - INFO: Epoch: [0][400/582]	Time  0.029 ( 0.035)	Loss 1.1562e-01 (2.1350e-01)	Acc pseudo  96.88 ( 95.64)	Lr 1.000e-03 (1.000e-03)
2026-01-14 14:07:04,083 - INFO: Epoch: [0][450/582]	Time  0.030 ( 0.036)	Loss 7.6375e-02 (2.0687e-01)	Acc pseudo  95.31 ( 95.62)	Lr 1.000e-03 (1.000e-03)
2026-01-14 14:07:08,826 - INFO: Epoch: [0][500/582]	Time  0.028 ( 0.035)	Loss 6.8432e-02 (2.0459e-01)	Acc pseudo  96.88 ( 95.65)	Lr 1.000e-03 (1.000e-03)
2026-01-14 14:07:13,572 - INFO: Epoch: [0][550/582]	Time  0.028 ( 0.035)	Loss 1.5862e-01 (2.0830e-01)	Acc pseudo  93.75 ( 95.60)	Lr 1.000e-03 (1.000e-03)
2026-01-14 14:07:16,609 - INFO: Round 8, Face Fine-tune Epoch 0: loss=0.2061, acc(pseudo)=95.59%
2026-01-14 14:08:16,953 - INFO: Round 8, Face Fine-tune Epoch 0: acc(valid_pseudo): 0.9951, acc: 0.8724
2026-01-14 14:08:17,864 - INFO: Epoch: [1][  0/582]	Time  0.534 ( 0.534)	Loss 1.7738e-01 (1.7738e-01)	Acc pseudo  95.31 ( 95.31)	Lr 1.000e-03 (1.000e-03)
2026-01-14 14:08:22,584 - INFO: Epoch: [1][ 50/582]	Time  0.031 ( 0.041)	Loss 4.9180e-02 (1.6631e-01)	Acc pseudo 100.00 ( 95.19)	Lr 1.000e-03 (1.000e-03)
2026-01-14 14:08:27,293 - INFO: Epoch: [1][100/582]	Time  0.029 ( 0.036)	Loss 5.4892e-01 (1.7148e-01)	Acc pseudo  93.75 ( 95.25)	Lr 1.000e-03 (1.000e-03)
2026-01-14 14:08:32,011 - INFO: Epoch: [1][150/582]	Time  0.032 ( 0.033)	Loss 9.3643e-02 (1.7872e-01)	Acc pseudo  96.88 ( 95.24)	Lr 1.000e-03 (1.000e-03)
2026-01-14 14:08:36,716 - INFO: Epoch: [1][200/582]	Time  0.029 ( 0.032)	Loss 9.9237e-02 (1.7460e-01)	Acc pseudo  96.88 ( 95.34)	Lr 1.000e-03 (1.000e-03)
2026-01-14 14:08:41,424 - INFO: Epoch: [1][250/582]	Time  0.030 ( 0.032)	Loss 9.9238e-02 (1.7039e-01)	Acc pseudo  95.31 ( 95.42)	Lr 1.000e-03 (1.000e-03)
2026-01-14 14:08:46,135 - INFO: Epoch: [1][300/582]	Time  0.030 ( 0.031)	Loss 5.9678e-02 (1.6458e-01)	Acc pseudo  98.44 ( 95.55)	Lr 1.000e-03 (1.000e-03)
2026-01-14 14:08:50,847 - INFO: Epoch: [1][350/582]	Time  0.040 ( 0.031)	Loss 1.0761e-01 (1.6074e-01)	Acc pseudo  93.75 ( 95.56)	Lr 1.000e-03 (1.000e-03)
2026-01-14 14:08:55,567 - INFO: Epoch: [1][400/582]	Time  0.029 ( 0.031)	Loss 1.4313e-01 (1.5935e-01)	Acc pseudo  93.75 ( 95.53)	Lr 1.000e-03 (1.000e-03)
2026-01-14 14:09:00,277 - INFO: Epoch: [1][450/582]	Time  0.030 ( 0.031)	Loss 3.5549e-01 (1.6205e-01)	Acc pseudo  93.75 ( 95.51)	Lr 1.000e-03 (1.000e-03)
2026-01-14 14:09:04,988 - INFO: Epoch: [1][500/582]	Time  0.031 ( 0.031)	Loss 1.4021e-01 (1.5882e-01)	Acc pseudo  90.62 ( 95.55)	Lr 1.000e-03 (1.000e-03)
2026-01-14 14:09:09,698 - INFO: Epoch: [1][550/582]	Time  0.029 ( 0.031)	Loss 6.1190e-02 (1.5921e-01)	Acc pseudo  96.88 ( 95.57)	Lr 1.000e-03 (1.000e-03)
2026-01-14 14:09:12,723 - INFO: Round 8, Face Fine-tune Epoch 1: loss=0.1580, acc(pseudo)=95.56%
2026-01-14 14:10:12,560 - INFO: Round 8, Face Fine-tune Epoch 1: acc(valid_pseudo): 0.9957, acc: 0.8724
2026-01-14 14:10:13,461 - INFO: Epoch: [2][  0/582]	Time  0.519 ( 0.519)	Loss 7.4954e-02 (7.4954e-02)	Acc pseudo  95.31 ( 95.31)	Lr 1.000e-03 (1.000e-03)
2026-01-14 14:10:18,384 - INFO: Epoch: [2][ 50/582]	Time  0.029 ( 0.045)	Loss 1.0038e-01 (1.3315e-01)	Acc pseudo  92.19 ( 96.08)	Lr 1.000e-03 (1.000e-03)
2026-01-14 14:10:23,095 - INFO: Epoch: [2][100/582]	Time  0.028 ( 0.038)	Loss 1.0938e-01 (1.3502e-01)	Acc pseudo  96.88 ( 96.09)	Lr 1.000e-03 (1.000e-03)
2026-01-14 14:10:27,806 - INFO: Epoch: [2][150/582]	Time  0.041 ( 0.035)	Loss 8.3028e-02 (1.3932e-01)	Acc pseudo  96.88 ( 96.00)	Lr 1.000e-03 (1.000e-03)
2026-01-14 14:10:32,534 - INFO: Epoch: [2][200/582]	Time  0.030 ( 0.036)	Loss 4.8607e-02 (1.4250e-01)	Acc pseudo  96.88 ( 95.76)	Lr 1.000e-03 (1.000e-03)
2026-01-14 14:10:37,243 - INFO: Epoch: [2][250/582]	Time  0.029 ( 0.035)	Loss 1.6585e-01 (1.3720e-01)	Acc pseudo  95.31 ( 95.76)	Lr 1.000e-03 (1.000e-03)
2026-01-14 14:10:41,954 - INFO: Epoch: [2][300/582]	Time  0.029 ( 0.034)	Loss 5.9180e-02 (1.3746e-01)	Acc pseudo  98.44 ( 95.81)	Lr 1.000e-03 (1.000e-03)
2026-01-14 14:10:46,663 - INFO: Epoch: [2][350/582]	Time  0.029 ( 0.034)	Loss 1.4643e-01 (1.3368e-01)	Acc pseudo  95.31 ( 95.92)	Lr 1.000e-03 (1.000e-03)
2026-01-14 14:10:51,376 - INFO: Epoch: [2][400/582]	Time  0.028 ( 0.034)	Loss 4.2349e-02 (1.3486e-01)	Acc pseudo  98.44 ( 95.90)	Lr 1.000e-03 (1.000e-03)
2026-01-14 14:10:56,093 - INFO: Epoch: [2][450/582]	Time  0.029 ( 0.033)	Loss 1.3898e-01 (1.3492e-01)	Acc pseudo  96.88 ( 95.88)	Lr 1.000e-03 (1.000e-03)
2026-01-14 14:11:00,809 - INFO: Epoch: [2][500/582]	Time  0.029 ( 0.033)	Loss 1.6073e-01 (1.3862e-01)	Acc pseudo  95.31 ( 95.82)	Lr 1.000e-03 (1.000e-03)
2026-01-14 14:11:05,527 - INFO: Epoch: [2][550/582]	Time  0.028 ( 0.033)	Loss 2.0503e-01 (1.3912e-01)	Acc pseudo  95.31 ( 95.82)	Lr 1.000e-03 (1.000e-03)
2026-01-14 14:11:08,548 - INFO: Round 8, Face Fine-tune Epoch 2: loss=0.1404, acc(pseudo)=95.81%
2026-01-14 14:12:07,490 - INFO: Round 8, Face Fine-tune Epoch 2: acc(valid_pseudo): 0.9943, acc: 0.8715
2026-01-14 14:12:07,490 - INFO: Round 8, Face Fine-tune Epoch 2: No improvement. Patience(epoch): 1/3
2026-01-14 14:12:08,031 - INFO: Epoch: [3][  0/582]	Time  0.494 ( 0.494)	Loss 1.5178e-01 (1.5178e-01)	Acc pseudo  92.19 ( 92.19)	Lr 1.000e-03 (1.000e-03)
2026-01-14 14:12:12,754 - INFO: Epoch: [3][ 50/582]	Time  0.029 ( 0.040)	Loss 2.7083e-02 (1.2102e-01)	Acc pseudo  98.44 ( 96.29)	Lr 1.000e-03 (1.000e-03)
2026-01-14 14:12:17,482 - INFO: Epoch: [3][100/582]	Time  0.029 ( 0.036)	Loss 9.5077e-02 (1.2080e-01)	Acc pseudo  96.88 ( 96.23)	Lr 1.000e-03 (1.000e-03)
2026-01-14 14:12:22,205 - INFO: Epoch: [3][150/582]	Time  0.028 ( 0.034)	Loss 1.0122e-01 (1.1559e-01)	Acc pseudo  95.31 ( 96.12)	Lr 1.000e-03 (1.000e-03)
2026-01-14 14:12:26,933 - INFO: Epoch: [3][200/582]	Time  0.029 ( 0.034)	Loss 1.4057e-01 (1.1231e-01)	Acc pseudo  95.31 ( 96.21)	Lr 1.000e-03 (1.000e-03)
2026-01-14 14:12:31,662 - INFO: Epoch: [3][250/582]	Time  0.028 ( 0.035)	Loss 3.7157e-01 (1.2482e-01)	Acc pseudo  93.75 ( 96.17)	Lr 1.000e-03 (1.000e-03)
2026-01-14 14:12:36,392 - INFO: Epoch: [3][300/582]	Time  0.028 ( 0.034)	Loss 8.0573e-02 (1.2453e-01)	Acc pseudo  96.88 ( 96.22)	Lr 1.000e-03 (1.000e-03)
2026-01-14 14:12:41,122 - INFO: Epoch: [3][350/582]	Time  0.028 ( 0.033)	Loss 3.5423e-02 (1.2468e-01)	Acc pseudo 100.00 ( 96.21)	Lr 1.000e-03 (1.000e-03)
2026-01-14 14:12:45,850 - INFO: Epoch: [3][400/582]	Time  0.029 ( 0.033)	Loss 1.2822e-01 (1.2723e-01)	Acc pseudo  93.75 ( 96.18)	Lr 1.000e-03 (1.000e-03)
2026-01-14 14:12:50,591 - INFO: Epoch: [3][450/582]	Time  0.028 ( 0.033)	Loss 1.0155e-01 (1.2707e-01)	Acc pseudo  93.75 ( 96.09)	Lr 1.000e-03 (1.000e-03)
2026-01-14 14:12:55,322 - INFO: Epoch: [3][500/582]	Time  0.029 ( 0.033)	Loss 1.2265e-01 (1.2685e-01)	Acc pseudo  95.31 ( 96.14)	Lr 1.000e-03 (1.000e-03)
2026-01-14 14:13:00,054 - INFO: Epoch: [3][550/582]	Time  0.029 ( 0.033)	Loss 8.7361e-02 (1.2712e-01)	Acc pseudo  95.31 ( 96.12)	Lr 1.000e-03 (1.000e-03)
2026-01-14 14:13:03,113 - INFO: Round 8, Face Fine-tune Epoch 3: loss=0.1288, acc(pseudo)=96.06%
2026-01-14 14:14:03,448 - INFO: Round 8, Face Fine-tune Epoch 3: acc(valid_pseudo): 0.9945, acc: 0.8715
2026-01-14 14:14:03,448 - INFO: Round 8, Face Fine-tune Epoch 3: No improvement. Patience(epoch): 2/3
2026-01-14 14:14:04,003 - INFO: Epoch: [4][  0/582]	Time  0.527 ( 0.527)	Loss 1.8842e-01 (1.8842e-01)	Acc pseudo  93.75 ( 93.75)	Lr 1.000e-03 (1.000e-03)
2026-01-14 14:14:08,740 - INFO: Epoch: [4][ 50/582]	Time  0.029 ( 0.041)	Loss 4.6782e-02 (8.9993e-02)	Acc pseudo  98.44 ( 96.48)	Lr 1.000e-03 (1.000e-03)
2026-01-14 14:14:13,472 - INFO: Epoch: [4][100/582]	Time  0.029 ( 0.035)	Loss 3.8805e-01 (1.0073e-01)	Acc pseudo  95.31 ( 96.49)	Lr 1.000e-03 (1.000e-03)
2026-01-14 14:14:18,270 - INFO: Epoch: [4][150/582]	Time  0.039 ( 0.034)	Loss 2.7693e-01 (1.0804e-01)	Acc pseudo  93.75 ( 96.33)	Lr 1.000e-03 (1.000e-03)
2026-01-14 14:14:23,009 - INFO: Epoch: [4][200/582]	Time  0.047 ( 0.035)	Loss 1.0287e-01 (1.1014e-01)	Acc pseudo  93.75 ( 96.28)	Lr 1.000e-03 (1.000e-03)
2026-01-14 14:14:27,751 - INFO: Epoch: [4][250/582]	Time  0.028 ( 0.035)	Loss 9.8635e-02 (1.1484e-01)	Acc pseudo  95.31 ( 96.22)	Lr 1.000e-03 (1.000e-03)
2026-01-14 14:14:32,487 - INFO: Epoch: [4][300/582]	Time  0.029 ( 0.034)	Loss 1.0715e-01 (1.1814e-01)	Acc pseudo  95.31 ( 96.15)	Lr 1.000e-03 (1.000e-03)
2026-01-14 14:14:37,228 - INFO: Epoch: [4][350/582]	Time  0.028 ( 0.034)	Loss 1.5582e-01 (1.1860e-01)	Acc pseudo  96.88 ( 96.12)	Lr 1.000e-03 (1.000e-03)
2026-01-14 14:14:41,961 - INFO: Epoch: [4][400/582]	Time  0.028 ( 0.033)	Loss 1.4139e-01 (1.2286e-01)	Acc pseudo  90.62 ( 95.97)	Lr 1.000e-03 (1.000e-03)
2026-01-14 14:14:46,694 - INFO: Epoch: [4][450/582]	Time  0.029 ( 0.033)	Loss 6.6695e-02 (1.2090e-01)	Acc pseudo  98.44 ( 96.03)	Lr 1.000e-03 (1.000e-03)
2026-01-14 14:14:51,429 - INFO: Epoch: [4][500/582]	Time  0.031 ( 0.033)	Loss 5.0521e-02 (1.2165e-01)	Acc pseudo  98.44 ( 95.99)	Lr 1.000e-03 (1.000e-03)
2026-01-14 14:14:56,168 - INFO: Epoch: [4][550/582]	Time  0.037 ( 0.033)	Loss 1.1499e-01 (1.2225e-01)	Acc pseudo  96.88 ( 95.97)	Lr 1.000e-03 (1.000e-03)
2026-01-14 14:14:59,257 - INFO: Round 8, Face Fine-tune Epoch 4: loss=0.1225, acc(pseudo)=95.96%
2026-01-14 14:15:59,239 - INFO: Round 8, Face Fine-tune Epoch 4: acc(valid_pseudo): 0.9955, acc: 0.8724
2026-01-14 14:15:59,239 - INFO: Round 8, Face Fine-tune Epoch 4: No improvement. Patience(epoch): 3/3
2026-01-14 14:15:59,240 - INFO: Early stopping at face epoch 4
2026-01-14 14:15:59,241 - INFO: Round 8: Best face fine-tuned epoch=1, acc(valid_pseudo)=0.9957
2026-01-14 14:15:59,382 - INFO: Using HMM model from previous round: runs/I love my family/exp_video/result/self_supervised/exp2/round7/pseudo_label/hmm_params.pkl
2026-01-14 15:47:09,610 - INFO: Round 8: speaker_acc=0.8755
2026-01-14 15:47:09,619 - INFO: Round 8: face_acc=0.8734
2026-01-14 15:47:09,624 - INFO: ====================
2026-01-14 15:47:09,624 - INFO: Round 9: Fine-tuning iteration
2026-01-14 15:47:09,624 - INFO: ====================
2026-01-14 15:47:09,734 - INFO: Round 9 Part 1: Fine-tuning embedding model
2026-01-14 15:47:09,736 - INFO: Using pseudo-label file: runs/I love my family/exp_video/result/self_supervised/exp2/round8/pseudo_label/pseudo_labels_audio_nested_hmm_full(unreliable_pp=100.0).json
2026-01-14 15:47:09,768 - INFO: For training, Using face pseudo-label file: runs/I love my family/exp_video/result/self_supervised/exp2/round8/pseudo_label/pseudo_labels_faces_mid_frame_train_nested_hmm_full.json
2026-01-14 15:47:09,768 - INFO: For infering, Using face pseudo-label file: runs/I love my family/exp_video/result/self_supervised/exp2/round8/pseudo_label/pseudo_labels_faces_mid_frame_all_nested_hmm_full.json
2026-01-14 15:47:09,907 - INFO: Created face dataloader with 37219 samples
2026-01-14 15:47:09,931 - INFO: Fine-tuning speaker embedding model for 20 epochs...
2026-01-14 15:47:10,557 - INFO: Epoch: [0][  0/301]	Time  0.604 ( 0.604)	Loss 3.2781e-01 (3.2781e-01)	Acc pseudo  90.62 ( 90.62)	Lr 1.000e-03 (1.000e-03)
2026-01-14 15:47:10,793 - INFO: Epoch: [0][ 50/301]	Time  0.003 ( 0.016)	Loss 3.4583e-01 (3.7585e-01)	Acc pseudo  87.50 ( 89.09)	Lr 1.000e-03 (1.000e-03)
2026-01-14 15:47:11,012 - INFO: Epoch: [0][100/301]	Time  0.004 ( 0.010)	Loss 1.0616e+00 (3.7764e-01)	Acc pseudo  85.94 ( 89.33)	Lr 1.000e-03 (1.000e-03)
2026-01-14 15:47:11,185 - INFO: Epoch: [0][150/301]	Time  0.003 ( 0.008)	Loss 2.3975e-01 (3.8571e-01)	Acc pseudo  95.31 ( 89.05)	Lr 1.000e-03 (1.000e-03)
2026-01-14 15:47:11,345 - INFO: Epoch: [0][200/301]	Time  0.003 ( 0.007)	Loss 2.4353e-01 (3.8731e-01)	Acc pseudo  92.19 ( 88.85)	Lr 1.000e-03 (1.000e-03)
2026-01-14 15:47:11,506 - INFO: Epoch: [0][250/301]	Time  0.003 ( 0.006)	Loss 2.9796e-01 (3.9591e-01)	Acc pseudo  90.62 ( 88.73)	Lr 1.000e-03 (1.000e-03)
2026-01-14 15:47:11,669 - INFO: Epoch: [0][300/301]	Time  0.002 ( 0.006)	Loss 9.2521e-01 (3.8695e-01)	Acc pseudo  92.00 ( 88.91)	Lr 1.000e-03 (1.000e-03)
2026-01-14 15:47:11,744 - INFO: Round 9, Fine-tune Epoch 0: loss=0.3870, acc(pseudo)=88.91%
2026-01-14 15:47:20,299 - INFO: Round 9, Fine-tune Epoch 0: acc(valid_pseudo): 0.9729, acc: 0.8670
2026-01-14 15:47:21,031 - INFO: Epoch: [1][  0/301]	Time  0.275 ( 0.275)	Loss 2.7962e-01 (2.7962e-01)	Acc pseudo  93.75 ( 93.75)	Lr 1.000e-03 (1.000e-03)
2026-01-14 15:47:21,231 - INFO: Epoch: [1][ 50/301]	Time  0.004 ( 0.009)	Loss 1.7020e-01 (3.5189e-01)	Acc pseudo  96.88 ( 90.35)	Lr 1.000e-03 (1.000e-03)
2026-01-14 15:47:21,415 - INFO: Epoch: [1][100/301]	Time  0.004 ( 0.006)	Loss 2.4641e-01 (3.3103e-01)	Acc pseudo  90.62 ( 90.25)	Lr 1.000e-03 (1.000e-03)
2026-01-14 15:47:21,627 - INFO: Epoch: [1][150/301]	Time  0.005 ( 0.006)	Loss 1.7329e-01 (3.2662e-01)	Acc pseudo  95.31 ( 90.21)	Lr 1.000e-03 (1.000e-03)
2026-01-14 15:47:21,817 - INFO: Epoch: [1][200/301]	Time  0.003 ( 0.005)	Loss 3.8176e-01 (3.3012e-01)	Acc pseudo  89.06 ( 90.14)	Lr 1.000e-03 (1.000e-03)
2026-01-14 15:47:21,981 - INFO: Epoch: [1][250/301]	Time  0.003 ( 0.005)	Loss 4.3206e-01 (3.3415e-01)	Acc pseudo  87.50 ( 89.97)	Lr 1.000e-03 (1.000e-03)
2026-01-14 15:47:22,143 - INFO: Epoch: [1][300/301]	Time  0.002 ( 0.004)	Loss 1.5810e-01 (3.3233e-01)	Acc pseudo  92.00 ( 89.97)	Lr 1.000e-03 (1.000e-03)
2026-01-14 15:47:22,215 - INFO: Round 9, Fine-tune Epoch 1: loss=0.3323, acc(pseudo)=89.97%
2026-01-14 15:47:30,452 - INFO: Round 9, Fine-tune Epoch 1: acc(valid_pseudo): 0.9740, acc: 0.8720
2026-01-14 15:47:30,897 - INFO: Epoch: [2][  0/301]	Time  0.260 ( 0.260)	Loss 4.8582e-01 (4.8582e-01)	Acc pseudo  90.62 ( 90.62)	Lr 1.000e-03 (1.000e-03)
2026-01-14 15:47:31,103 - INFO: Epoch: [2][ 50/301]	Time  0.003 ( 0.009)	Loss 2.5385e-01 (3.3563e-01)	Acc pseudo  93.75 ( 90.17)	Lr 1.000e-03 (1.000e-03)
2026-01-14 15:47:31,275 - INFO: Epoch: [2][100/301]	Time  0.003 ( 0.006)	Loss 3.5927e-01 (3.1890e-01)	Acc pseudo  87.50 ( 90.33)	Lr 1.000e-03 (1.000e-03)
2026-01-14 15:47:31,437 - INFO: Epoch: [2][150/301]	Time  0.004 ( 0.005)	Loss 3.6913e-01 (3.1862e-01)	Acc pseudo  89.06 ( 90.52)	Lr 1.000e-03 (1.000e-03)
2026-01-14 15:47:31,604 - INFO: Epoch: [2][200/301]	Time  0.003 ( 0.005)	Loss 2.7659e-01 (3.1473e-01)	Acc pseudo  93.75 ( 90.65)	Lr 1.000e-03 (1.000e-03)
2026-01-14 15:47:31,777 - INFO: Epoch: [2][250/301]	Time  0.004 ( 0.004)	Loss 2.0540e-01 (3.1814e-01)	Acc pseudo  92.19 ( 90.36)	Lr 1.000e-03 (1.000e-03)
2026-01-14 15:47:31,957 - INFO: Epoch: [2][300/301]	Time  0.003 ( 0.004)	Loss 2.1923e-01 (3.2071e-01)	Acc pseudo  92.00 ( 90.31)	Lr 1.000e-03 (1.000e-03)
2026-01-14 15:47:32,033 - INFO: Round 9, Fine-tune Epoch 2: loss=0.3207, acc(pseudo)=90.31%
2026-01-14 15:47:42,127 - INFO: Round 9, Fine-tune Epoch 2: acc(valid_pseudo): 0.9501, acc: 0.8605
2026-01-14 15:47:42,127 - INFO: Round 9, Speaker Fine-tune Epoch 2: No improvement in validation accuracy. Patience(epoch): 1/3
2026-01-14 15:47:42,443 - INFO: Epoch: [3][  0/301]	Time  0.310 ( 0.310)	Loss 3.2535e-01 (3.2535e-01)	Acc pseudo  89.06 ( 89.06)	Lr 1.000e-03 (1.000e-03)
2026-01-14 15:47:42,646 - INFO: Epoch: [3][ 50/301]	Time  0.004 ( 0.010)	Loss 4.3605e-01 (2.9936e-01)	Acc pseudo  85.94 ( 90.41)	Lr 1.000e-03 (1.000e-03)
2026-01-14 15:47:42,820 - INFO: Epoch: [3][100/301]	Time  0.004 ( 0.007)	Loss 1.3831e-01 (3.0264e-01)	Acc pseudo  96.88 ( 90.25)	Lr 1.000e-03 (1.000e-03)
2026-01-14 15:47:42,978 - INFO: Epoch: [3][150/301]	Time  0.003 ( 0.006)	Loss 2.9602e-01 (3.0882e-01)	Acc pseudo  87.50 ( 90.26)	Lr 1.000e-03 (1.000e-03)
2026-01-14 15:47:43,154 - INFO: Epoch: [3][200/301]	Time  0.003 ( 0.005)	Loss 2.6074e-01 (3.0601e-01)	Acc pseudo  89.06 ( 90.41)	Lr 1.000e-03 (1.000e-03)
2026-01-14 15:47:43,327 - INFO: Epoch: [3][250/301]	Time  0.004 ( 0.005)	Loss 2.1294e-01 (3.0282e-01)	Acc pseudo  92.19 ( 90.48)	Lr 1.000e-03 (1.000e-03)
2026-01-14 15:47:43,504 - INFO: Epoch: [3][300/301]	Time  0.002 ( 0.004)	Loss 3.4408e-01 (3.0515e-01)	Acc pseudo  88.00 ( 90.36)	Lr 1.000e-03 (1.000e-03)
2026-01-14 15:47:43,574 - INFO: Round 9, Fine-tune Epoch 3: loss=0.3051, acc(pseudo)=90.36%
2026-01-14 15:47:51,787 - INFO: Round 9, Fine-tune Epoch 3: acc(valid_pseudo): 0.9382, acc: 0.8320
2026-01-14 15:47:51,787 - INFO: Round 9, Speaker Fine-tune Epoch 3: No improvement in validation accuracy. Patience(epoch): 2/3
2026-01-14 15:47:52,058 - INFO: Epoch: [4][  0/301]	Time  0.266 ( 0.266)	Loss 4.8247e-01 (4.8247e-01)	Acc pseudo  84.38 ( 84.38)	Lr 1.000e-03 (1.000e-03)
2026-01-14 15:47:52,260 - INFO: Epoch: [4][ 50/301]	Time  0.003 ( 0.009)	Loss 3.9308e-01 (3.3967e-01)	Acc pseudo  82.81 ( 89.52)	Lr 1.000e-03 (1.000e-03)
2026-01-14 15:47:52,432 - INFO: Epoch: [4][100/301]	Time  0.003 ( 0.006)	Loss 2.3495e-01 (3.4319e-01)	Acc pseudo  90.62 ( 89.48)	Lr 1.000e-03 (1.000e-03)
2026-01-14 15:47:52,594 - INFO: Epoch: [4][150/301]	Time  0.003 ( 0.005)	Loss 2.4698e-01 (3.3363e-01)	Acc pseudo  85.94 ( 89.66)	Lr 1.000e-03 (1.000e-03)
2026-01-14 15:47:52,759 - INFO: Epoch: [4][200/301]	Time  0.003 ( 0.005)	Loss 3.8929e-01 (3.3643e-01)	Acc pseudo  89.06 ( 89.65)	Lr 1.000e-03 (1.000e-03)
2026-01-14 15:47:52,915 - INFO: Epoch: [4][250/301]	Time  0.003 ( 0.004)	Loss 5.8819e-01 (3.3405e-01)	Acc pseudo  79.69 ( 89.68)	Lr 1.000e-03 (1.000e-03)
2026-01-14 15:47:53,069 - INFO: Epoch: [4][300/301]	Time  0.002 ( 0.004)	Loss 3.0701e-01 (3.3952e-01)	Acc pseudo  88.00 ( 89.43)	Lr 1.000e-03 (1.000e-03)
2026-01-14 15:47:53,145 - INFO: Round 9, Fine-tune Epoch 4: loss=0.3395, acc(pseudo)=89.43%
2026-01-14 15:48:05,724 - INFO: Round 9, Fine-tune Epoch 4: acc(valid_pseudo): 0.9536, acc: 0.8430
2026-01-14 15:48:05,724 - INFO: Round 9, Speaker Fine-tune Epoch 4: No improvement in validation accuracy. Patience(epoch): 3/3
2026-01-14 15:48:05,724 - INFO: Early stopping at epoch 4 due to no improvement in validation accuracy for 3 epochs.
2026-01-14 15:48:05,725 - INFO: Round 9: Best speaker fine-tuned epoch=1, acc(valid_pseudo)=0.9740
2026-01-14 15:48:05,730 - INFO: Fine-tuning face embedding model for 20 epochs...
2026-01-14 15:48:06,828 - INFO: Epoch: [0][  0/582]	Time  1.066 ( 1.066)	Loss 8.0098e-02 (8.0098e-02)	Acc pseudo  98.44 ( 98.44)	Lr 1.000e-03 (1.000e-03)
2026-01-14 15:48:11,824 - INFO: Epoch: [0][ 50/582]	Time  0.031 ( 0.061)	Loss 4.6641e-02 (8.9426e-02)	Acc pseudo  96.88 ( 96.60)	Lr 1.000e-03 (1.000e-03)
2026-01-14 15:48:16,518 - INFO: Epoch: [0][100/582]	Time  0.031 ( 0.046)	Loss 1.1768e-01 (1.0989e-01)	Acc pseudo  96.88 ( 96.46)	Lr 1.000e-03 (1.000e-03)
2026-01-14 15:48:21,221 - INFO: Epoch: [0][150/582]	Time  0.031 ( 0.041)	Loss 1.9847e-01 (1.1077e-01)	Acc pseudo  96.88 ( 96.53)	Lr 1.000e-03 (1.000e-03)
2026-01-14 15:48:25,931 - INFO: Epoch: [0][200/582]	Time  0.029 ( 0.039)	Loss 4.3488e-02 (1.0883e-01)	Acc pseudo  98.44 ( 96.61)	Lr 1.000e-03 (1.000e-03)
2026-01-14 15:48:30,646 - INFO: Epoch: [0][250/582]	Time  0.034 ( 0.038)	Loss 3.5103e-01 (1.1884e-01)	Acc pseudo  92.19 ( 96.56)	Lr 1.000e-03 (1.000e-03)
2026-01-14 15:48:35,367 - INFO: Epoch: [0][300/582]	Time  0.046 ( 0.039)	Loss 1.1936e-01 (1.1970e-01)	Acc pseudo  92.19 ( 96.43)	Lr 1.000e-03 (1.000e-03)
2026-01-14 15:48:40,084 - INFO: Epoch: [0][350/582]	Time  0.031 ( 0.038)	Loss 1.7839e-01 (1.2689e-01)	Acc pseudo  95.31 ( 96.28)	Lr 1.000e-03 (1.000e-03)
2026-01-14 15:48:44,800 - INFO: Epoch: [0][400/582]	Time  0.043 ( 0.037)	Loss 6.2000e-02 (1.2782e-01)	Acc pseudo  98.44 ( 96.22)	Lr 1.000e-03 (1.000e-03)
2026-01-14 15:48:49,652 - INFO: Epoch: [0][450/582]	Time  0.033 ( 0.037)	Loss 6.4578e-02 (1.2836e-01)	Acc pseudo  96.88 ( 96.11)	Lr 1.000e-03 (1.000e-03)
2026-01-14 15:48:55,003 - INFO: Epoch: [0][500/582]	Time  0.029 ( 0.037)	Loss 5.5921e-02 (1.3039e-01)	Acc pseudo  96.88 ( 96.10)	Lr 1.000e-03 (1.000e-03)
2026-01-14 15:49:00,264 - INFO: Epoch: [0][550/582]	Time  0.029 ( 0.038)	Loss 2.0734e-01 (1.2935e-01)	Acc pseudo  95.31 ( 96.09)	Lr 1.000e-03 (1.000e-03)
2026-01-14 15:49:03,279 - INFO: Round 9, Face Fine-tune Epoch 0: loss=0.1291, acc(pseudo)=96.08%
2026-01-14 15:50:05,105 - INFO: Round 9, Face Fine-tune Epoch 0: acc(valid_pseudo): 0.9957, acc: 0.8724
2026-01-14 15:50:06,639 - INFO: Epoch: [1][  0/582]	Time  0.648 ( 0.648)	Loss 2.0031e-01 (2.0031e-01)	Acc pseudo  92.19 ( 92.19)	Lr 1.000e-03 (1.000e-03)
2026-01-14 15:50:11,385 - INFO: Epoch: [1][ 50/582]	Time  0.029 ( 0.051)	Loss 5.3602e-02 (1.1913e-01)	Acc pseudo  96.88 ( 95.86)	Lr 1.000e-03 (1.000e-03)
2026-01-14 15:50:16,132 - INFO: Epoch: [1][100/582]	Time  0.029 ( 0.041)	Loss 2.6242e-01 (1.0625e-01)	Acc pseudo  95.31 ( 96.15)	Lr 1.000e-03 (1.000e-03)
2026-01-14 15:50:20,869 - INFO: Epoch: [1][150/582]	Time  0.028 ( 0.037)	Loss 8.5880e-02 (1.2337e-01)	Acc pseudo  93.75 ( 95.88)	Lr 1.000e-03 (1.000e-03)
2026-01-14 15:50:25,612 - INFO: Epoch: [1][200/582]	Time  0.040 ( 0.037)	Loss 2.2473e-02 (1.1655e-01)	Acc pseudo 100.00 ( 96.02)	Lr 1.000e-03 (1.000e-03)
2026-01-14 15:50:30,353 - INFO: Epoch: [1][250/582]	Time  0.029 ( 0.036)	Loss 3.5286e-02 (1.1630e-01)	Acc pseudo  98.44 ( 96.03)	Lr 1.000e-03 (1.000e-03)
2026-01-14 15:50:35,095 - INFO: Epoch: [1][300/582]	Time  0.029 ( 0.035)	Loss 1.0766e-01 (1.1746e-01)	Acc pseudo  93.75 ( 96.02)	Lr 1.000e-03 (1.000e-03)
2026-01-14 15:50:39,840 - INFO: Epoch: [1][350/582]	Time  0.038 ( 0.035)	Loss 5.6870e-02 (1.1877e-01)	Acc pseudo  98.44 ( 95.97)	Lr 1.000e-03 (1.000e-03)
2026-01-14 15:50:44,576 - INFO: Epoch: [1][400/582]	Time  0.028 ( 0.035)	Loss 7.8377e-02 (1.1685e-01)	Acc pseudo  96.88 ( 95.99)	Lr 1.000e-03 (1.000e-03)
2026-01-14 15:50:49,309 - INFO: Epoch: [1][450/582]	Time  0.028 ( 0.034)	Loss 1.4228e-01 (1.1592e-01)	Acc pseudo  95.31 ( 96.04)	Lr 1.000e-03 (1.000e-03)
2026-01-14 15:50:54,042 - INFO: Epoch: [1][500/582]	Time  0.028 ( 0.033)	Loss 7.3771e-02 (1.1506e-01)	Acc pseudo  96.88 ( 96.07)	Lr 1.000e-03 (1.000e-03)
2026-01-14 15:50:58,774 - INFO: Epoch: [1][550/582]	Time  0.028 ( 0.033)	Loss 4.6413e-02 (1.1365e-01)	Acc pseudo  96.88 ( 96.12)	Lr 1.000e-03 (1.000e-03)
2026-01-14 15:51:01,836 - INFO: Round 9, Face Fine-tune Epoch 1: loss=0.1126, acc(pseudo)=96.14%
2026-01-14 15:52:02,385 - INFO: Round 9, Face Fine-tune Epoch 1: acc(valid_pseudo): 0.9958, acc: 0.8734
2026-01-14 15:52:03,558 - INFO: Epoch: [2][  0/582]	Time  0.533 ( 0.533)	Loss 1.1315e-01 (1.1315e-01)	Acc pseudo  93.75 ( 93.75)	Lr 1.000e-03 (1.000e-03)
2026-01-14 15:52:08,281 - INFO: Epoch: [2][ 50/582]	Time  0.029 ( 0.047)	Loss 6.9431e-02 (9.8442e-02)	Acc pseudo  96.88 ( 96.84)	Lr 1.000e-03 (1.000e-03)
2026-01-14 15:52:12,994 - INFO: Epoch: [2][100/582]	Time  0.028 ( 0.040)	Loss 1.1895e-01 (9.3141e-02)	Acc pseudo  95.31 ( 96.72)	Lr 1.000e-03 (1.000e-03)
2026-01-14 15:52:17,708 - INFO: Epoch: [2][150/582]	Time  0.030 ( 0.036)	Loss 7.0099e-02 (9.4464e-02)	Acc pseudo  96.88 ( 96.76)	Lr 1.000e-03 (1.000e-03)
2026-01-14 15:52:22,417 - INFO: Epoch: [2][200/582]	Time  0.029 ( 0.034)	Loss 4.4209e-02 (9.5210e-02)	Acc pseudo  98.44 ( 96.63)	Lr 1.000e-03 (1.000e-03)
2026-01-14 15:52:27,125 - INFO: Epoch: [2][250/582]	Time  0.030 ( 0.033)	Loss 6.5300e-02 (9.8888e-02)	Acc pseudo  96.88 ( 96.55)	Lr 1.000e-03 (1.000e-03)
2026-01-14 15:52:31,845 - INFO: Epoch: [2][300/582]	Time  0.030 ( 0.033)	Loss 4.1011e-02 (9.6271e-02)	Acc pseudo  98.44 ( 96.61)	Lr 1.000e-03 (1.000e-03)
2026-01-14 15:52:36,563 - INFO: Epoch: [2][350/582]	Time  0.030 ( 0.033)	Loss 6.7901e-02 (9.7258e-02)	Acc pseudo  95.31 ( 96.65)	Lr 1.000e-03 (1.000e-03)
2026-01-14 15:52:41,284 - INFO: Epoch: [2][400/582]	Time  0.029 ( 0.033)	Loss 1.7334e-01 (9.8421e-02)	Acc pseudo  93.75 ( 96.57)	Lr 1.000e-03 (1.000e-03)
2026-01-14 15:52:46,006 - INFO: Epoch: [2][450/582]	Time  0.029 ( 0.033)	Loss 1.4541e-01 (9.8053e-02)	Acc pseudo  96.88 ( 96.55)	Lr 1.000e-03 (1.000e-03)
2026-01-14 15:52:50,725 - INFO: Epoch: [2][500/582]	Time  0.030 ( 0.032)	Loss 9.3452e-02 (9.8320e-02)	Acc pseudo  96.88 ( 96.54)	Lr 1.000e-03 (1.000e-03)
2026-01-14 15:52:55,447 - INFO: Epoch: [2][550/582]	Time  0.040 ( 0.032)	Loss 1.2426e-01 (9.8888e-02)	Acc pseudo  95.31 ( 96.48)	Lr 1.000e-03 (1.000e-03)
2026-01-14 15:52:58,481 - INFO: Round 9, Face Fine-tune Epoch 2: loss=0.0990, acc(pseudo)=96.48%
2026-01-14 15:53:57,538 - INFO: Round 9, Face Fine-tune Epoch 2: acc(valid_pseudo): 0.9945, acc: 0.8754
2026-01-14 15:53:57,539 - INFO: Round 9, Face Fine-tune Epoch 2: No improvement. Patience(epoch): 1/3
2026-01-14 15:53:58,139 - INFO: Epoch: [3][  0/582]	Time  0.566 ( 0.566)	Loss 1.2940e-01 (1.2940e-01)	Acc pseudo  95.31 ( 95.31)	Lr 1.000e-03 (1.000e-03)
2026-01-14 15:54:02,867 - INFO: Epoch: [3][ 50/582]	Time  0.032 ( 0.051)	Loss 5.6126e-02 (8.0906e-02)	Acc pseudo  96.88 ( 96.94)	Lr 1.000e-03 (1.000e-03)
2026-01-14 15:54:07,592 - INFO: Epoch: [3][100/582]	Time  0.042 ( 0.043)	Loss 4.6170e-02 (8.4839e-02)	Acc pseudo  96.88 ( 96.80)	Lr 1.000e-03 (1.000e-03)
2026-01-14 15:54:12,319 - INFO: Epoch: [3][150/582]	Time  0.029 ( 0.040)	Loss 2.1411e-01 (8.5668e-02)	Acc pseudo  96.88 ( 96.82)	Lr 1.000e-03 (1.000e-03)
2026-01-14 15:54:17,041 - INFO: Epoch: [3][200/582]	Time  0.029 ( 0.037)	Loss 1.4533e-01 (8.4492e-02)	Acc pseudo  92.19 ( 96.85)	Lr 1.000e-03 (1.000e-03)
2026-01-14 15:54:21,810 - INFO: Epoch: [3][250/582]	Time  0.029 ( 0.036)	Loss 6.2774e-02 (8.4366e-02)	Acc pseudo  98.44 ( 96.94)	Lr 1.000e-03 (1.000e-03)
2026-01-14 15:54:26,529 - INFO: Epoch: [3][300/582]	Time  0.029 ( 0.035)	Loss 5.4667e-02 (8.3274e-02)	Acc pseudo  98.44 ( 96.98)	Lr 1.000e-03 (1.000e-03)
2026-01-14 15:54:31,251 - INFO: Epoch: [3][350/582]	Time  0.029 ( 0.034)	Loss 2.9532e-02 (8.4568e-02)	Acc pseudo 100.00 ( 96.91)	Lr 1.000e-03 (1.000e-03)
2026-01-14 15:54:35,973 - INFO: Epoch: [3][400/582]	Time  0.031 ( 0.033)	Loss 8.9322e-02 (8.6510e-02)	Acc pseudo  95.31 ( 96.88)	Lr 1.000e-03 (1.000e-03)
2026-01-14 15:54:40,701 - INFO: Epoch: [3][450/582]	Time  0.031 ( 0.034)	Loss 5.5295e-02 (8.7924e-02)	Acc pseudo  96.88 ( 96.83)	Lr 1.000e-03 (1.000e-03)
2026-01-14 15:54:45,435 - INFO: Epoch: [3][500/582]	Time  0.029 ( 0.034)	Loss 8.9901e-02 (8.7701e-02)	Acc pseudo  95.31 ( 96.82)	Lr 1.000e-03 (1.000e-03)
2026-01-14 15:54:50,167 - INFO: Epoch: [3][550/582]	Time  0.041 ( 0.034)	Loss 3.7421e-02 (8.8513e-02)	Acc pseudo  98.44 ( 96.79)	Lr 1.000e-03 (1.000e-03)
2026-01-14 15:54:53,197 - INFO: Round 9, Face Fine-tune Epoch 3: loss=0.0896, acc(pseudo)=96.74%
2026-01-14 15:55:55,948 - INFO: Round 9, Face Fine-tune Epoch 3: acc(valid_pseudo): 0.9948, acc: 0.8744
2026-01-14 15:55:55,949 - INFO: Round 9, Face Fine-tune Epoch 3: No improvement. Patience(epoch): 2/3
2026-01-14 15:55:56,520 - INFO: Epoch: [4][  0/582]	Time  0.548 ( 0.548)	Loss 1.4514e-01 (1.4514e-01)	Acc pseudo  95.31 ( 95.31)	Lr 1.000e-03 (1.000e-03)
2026-01-14 15:56:01,265 - INFO: Epoch: [4][ 50/582]	Time  0.044 ( 0.056)	Loss 8.1958e-02 (7.6830e-02)	Acc pseudo  96.88 ( 97.30)	Lr 1.000e-03 (1.000e-03)
2026-01-14 15:56:06,003 - INFO: Epoch: [4][100/582]	Time  0.031 ( 0.045)	Loss 3.0839e-01 (8.5077e-02)	Acc pseudo  93.75 ( 97.29)	Lr 1.000e-03 (1.000e-03)
2026-01-14 15:56:10,736 - INFO: Epoch: [4][150/582]	Time  0.030 ( 0.040)	Loss 6.2891e-02 (8.9261e-02)	Acc pseudo  96.88 ( 96.98)	Lr 1.000e-03 (1.000e-03)
2026-01-14 15:56:15,468 - INFO: Epoch: [4][200/582]	Time  0.028 ( 0.038)	Loss 1.2465e-01 (8.7769e-02)	Acc pseudo  95.31 ( 96.98)	Lr 1.000e-03 (1.000e-03)
2026-01-14 15:56:20,200 - INFO: Epoch: [4][250/582]	Time  0.028 ( 0.036)	Loss 1.2850e-01 (8.9987e-02)	Acc pseudo  96.88 ( 96.96)	Lr 1.000e-03 (1.000e-03)
2026-01-14 15:56:24,934 - INFO: Epoch: [4][300/582]	Time  0.030 ( 0.035)	Loss 1.5390e-01 (9.3004e-02)	Acc pseudo  95.31 ( 96.77)	Lr 1.000e-03 (1.000e-03)
2026-01-14 15:56:29,666 - INFO: Epoch: [4][350/582]	Time  0.028 ( 0.034)	Loss 4.8992e-02 (9.3968e-02)	Acc pseudo  98.44 ( 96.70)	Lr 1.000e-03 (1.000e-03)
2026-01-14 15:56:34,400 - INFO: Epoch: [4][400/582]	Time  0.028 ( 0.033)	Loss 6.6878e-02 (9.6729e-02)	Acc pseudo  95.31 ( 96.65)	Lr 1.000e-03 (1.000e-03)
2026-01-14 15:56:39,129 - INFO: Epoch: [4][450/582]	Time  0.029 ( 0.033)	Loss 2.6207e-02 (9.8171e-02)	Acc pseudo 100.00 ( 96.62)	Lr 1.000e-03 (1.000e-03)
2026-01-14 15:56:43,859 - INFO: Epoch: [4][500/582]	Time  0.030 ( 0.032)	Loss 5.9653e-02 (9.6999e-02)	Acc pseudo  96.88 ( 96.60)	Lr 1.000e-03 (1.000e-03)
2026-01-14 15:56:48,590 - INFO: Epoch: [4][550/582]	Time  0.028 ( 0.032)	Loss 3.3184e-02 (9.8134e-02)	Acc pseudo 100.00 ( 96.51)	Lr 1.000e-03 (1.000e-03)
2026-01-14 15:56:51,614 - INFO: Round 9, Face Fine-tune Epoch 4: loss=0.0987, acc(pseudo)=96.52%
2026-01-14 15:57:51,463 - INFO: Round 9, Face Fine-tune Epoch 4: acc(valid_pseudo): 0.9955, acc: 0.8734
2026-01-14 15:57:51,463 - INFO: Round 9, Face Fine-tune Epoch 4: No improvement. Patience(epoch): 3/3
2026-01-14 15:57:51,464 - INFO: Early stopping at face epoch 4
2026-01-14 15:57:51,465 - INFO: Round 9: Best face fine-tuned epoch=1, acc(valid_pseudo)=0.9958
2026-01-14 15:57:51,610 - INFO: Using HMM model from previous round: runs/I love my family/exp_video/result/self_supervised/exp2/round8/pseudo_label/hmm_params.pkl
2026-01-14 17:19:30,509 - INFO: Round 9: speaker_acc=0.8800
2026-01-14 17:19:30,518 - INFO: Round 9: face_acc=0.8695
2026-01-14 17:19:30,521 - INFO: ====================
2026-01-14 17:19:30,521 - INFO: Self-supervised fine-tuning completed!
2026-01-14 17:19:30,522 - INFO: Initial speaker: acc=0.8035
2026-01-14 17:19:30,522 - INFO: Final speaker at round 9: acc=0.8800
2026-01-14 17:19:30,522 - INFO: Speaker improvement: 0.0765 (9.52%)
2026-01-14 17:19:30,522 - INFO: Initial face: acc=0.8617
2026-01-14 17:19:30,522 - INFO: Final face at round 9: acc=0.8695
2026-01-14 17:19:30,522 - INFO: Face improvement: 0.0078 (0.91%)
2026-01-14 17:19:30,522 - INFO: ====================
