2026-01-15 14:02:13,128 - INFO: Starting self-supervised fine-tuning pipeline
2026-01-15 14:02:13,130 - INFO: Device: cuda:0
2026-01-15 14:02:13,132 - INFO: Saved arguments to runs/I love my family/exp_video/result/self_supervised/exp0/args.json
2026-01-15 14:02:13,132 - INFO: ====================
2026-01-15 14:02:13,132 - INFO: Initialization: Initial clustering with HMM correction
2026-01-15 14:02:13,133 - INFO: ====================
2026-01-15 14:02:13,181 - INFO: Skipping initial clustering, using existing results.
2026-01-15 14:02:28,229 - INFO: Initial: speaker_acc=0.8035
2026-01-15 14:02:28,230 - INFO: Initial: face_acc=0.8617
2026-01-15 14:02:28,245 - INFO: ====================
2026-01-15 14:02:28,245 - INFO: Round 0: Fine-tuning iteration
2026-01-15 14:02:28,245 - INFO: ====================
2026-01-15 14:02:28,354 - INFO: Round 0 Part 1: Fine-tuning embedding model
2026-01-15 14:02:28,356 - INFO: Using pseudo-label file: runs/I love my family/exp_video/result/self_supervised/exp0/initial/pseudo_label/pseudo_labels_audio_nested_hmm_full(unreliable_pp=100.0).json
2026-01-15 14:02:31,920 - INFO: Speaker embedding dimension: 512
2026-01-15 14:02:32,528 - INFO: Saved speaker config_model to runs/I love my family/exp_video/result/self_supervised/exp0/round0/config_model_speaker.json
2026-01-15 14:02:33,526 - INFO: Face embedding dimension: 512
2026-01-15 14:02:33,541 - INFO: Loading face pretrained model from pretrained_models/pytorch_model_tongyi.bin
2026-01-15 14:02:35,617 - INFO: Face model weights loaded successfully
2026-01-15 14:06:02,473 - INFO: Extracting hidden features for all speaker samples, which are outputs of StatsPool layer...
2026-01-15 14:06:02,474 - INFO: args.unfrozen_layers_num=2 is not used when extracting hidden features.
2026-01-15 14:17:05,786 - INFO: Hidden features extracted for 19225 speaker samples
2026-01-15 14:17:05,932 - INFO: For training, Using face pseudo-label file: runs/I love my family/exp_video/result/self_supervised/exp0/initial/pseudo_label/pseudo_labels_faces_mid_frame_train_nested_hmm_full.json
2026-01-15 14:17:05,952 - INFO: For infering, Using face pseudo-label file: runs/I love my family/exp_video/result/self_supervised/exp0/initial/pseudo_label/pseudo_labels_faces_mid_frame_all_nested_hmm_full.json
2026-01-15 14:17:06,101 - INFO: Created face dataloader with 37219 samples
2026-01-15 14:17:06,105 - INFO: Warmup training speaker classifier for 2 epochs...
2026-01-15 14:17:06,851 - INFO: Epoch: [0][  0/301]	Time  0.743 ( 0.743)	Loss 2.4915e+00 (2.4915e+00)	Acc pseudo   6.25 (  6.25)	Lr 1.000e-03 (1.000e-03)
2026-01-15 14:17:06,979 - INFO: Epoch: [0][ 50/301]	Time  0.002 ( 0.017)	Loss 1.2754e+00 (1.6617e+00)	Acc pseudo  67.19 ( 55.82)	Lr 1.000e-03 (1.000e-03)
2026-01-15 14:17:07,138 - INFO: Epoch: [0][100/301]	Time  0.002 ( 0.010)	Loss 8.8551e-01 (1.3600e+00)	Acc pseudo  78.12 ( 63.89)	Lr 1.000e-03 (1.000e-03)
2026-01-15 14:17:07,262 - INFO: Epoch: [0][150/301]	Time  0.002 ( 0.008)	Loss 9.7044e-01 (1.2302e+00)	Acc pseudo  70.31 ( 67.08)	Lr 1.000e-03 (1.000e-03)
2026-01-15 14:17:07,400 - INFO: Epoch: [0][200/301]	Time  0.003 ( 0.006)	Loss 8.1575e-01 (1.1417e+00)	Acc pseudo  76.56 ( 68.98)	Lr 1.000e-03 (1.000e-03)
2026-01-15 14:17:07,526 - INFO: Epoch: [0][250/301]	Time  0.002 ( 0.006)	Loss 8.5400e-01 (1.0919e+00)	Acc pseudo  76.56 ( 70.12)	Lr 1.000e-03 (1.000e-03)
2026-01-15 14:17:07,646 - INFO: Epoch: [0][300/301]	Time  0.003 ( 0.005)	Loss 8.2881e-01 (1.0600e+00)	Acc pseudo  68.00 ( 70.93)	Lr 1.000e-03 (1.000e-03)
2026-01-15 14:17:07,709 - INFO: Round 0, Speaker Warmup Epoch 0: loss=1.0600, acc(pseudo)=70.93%
2026-01-15 14:17:07,965 - INFO: Epoch: [1][  0/301]	Time  0.252 ( 0.252)	Loss 1.0461e+00 (1.0461e+00)	Acc pseudo  71.88 ( 71.88)	Lr 1.000e-03 (1.000e-03)
2026-01-15 14:17:08,104 - INFO: Epoch: [1][ 50/301]	Time  0.003 ( 0.008)	Loss 6.8861e-01 (8.2198e-01)	Acc pseudo  79.69 ( 76.87)	Lr 1.000e-03 (1.000e-03)
2026-01-15 14:17:08,231 - INFO: Epoch: [1][100/301]	Time  0.002 ( 0.005)	Loss 6.9144e-01 (8.0421e-01)	Acc pseudo  78.12 ( 77.40)	Lr 1.000e-03 (1.000e-03)
2026-01-15 14:17:08,356 - INFO: Epoch: [1][150/301]	Time  0.002 ( 0.004)	Loss 8.1745e-01 (8.1137e-01)	Acc pseudo  62.50 ( 77.03)	Lr 1.000e-03 (1.000e-03)
2026-01-15 14:17:08,483 - INFO: Epoch: [1][200/301]	Time  0.002 ( 0.004)	Loss 9.0114e-01 (8.1708e-01)	Acc pseudo  76.56 ( 76.74)	Lr 1.000e-03 (1.000e-03)
2026-01-15 14:17:08,621 - INFO: Epoch: [1][250/301]	Time  0.002 ( 0.004)	Loss 1.0674e+00 (8.1667e-01)	Acc pseudo  78.12 ( 76.81)	Lr 1.000e-03 (1.000e-03)
2026-01-15 14:17:08,739 - INFO: Epoch: [1][300/301]	Time  0.002 ( 0.003)	Loss 8.7473e-01 (8.2143e-01)	Acc pseudo  68.00 ( 76.71)	Lr 1.000e-03 (1.000e-03)
2026-01-15 14:17:08,799 - INFO: Round 0, Speaker Warmup Epoch 1: loss=0.8214, acc(pseudo)=76.71%
2026-01-15 14:17:08,803 - INFO: Warmup training face classifier for 2 epochs...
2026-01-15 14:17:10,546 - INFO: Epoch: [0][  0/582]	Time  1.712 ( 1.712)	Loss 2.4211e+00 (2.4211e+00)	Acc pseudo   4.69 (  4.69)	Lr 1.000e-03 (1.000e-03)
2026-01-15 14:17:16,613 - INFO: Epoch: [0][ 50/582]	Time  0.025 ( 0.089)	Loss 1.6759e+00 (2.0420e+00)	Acc pseudo  51.56 ( 39.83)	Lr 1.000e-03 (1.000e-03)
2026-01-15 14:17:21,442 - INFO: Epoch: [0][100/582]	Time  0.026 ( 0.061)	Loss 1.1339e+00 (1.7661e+00)	Acc pseudo  68.75 ( 51.70)	Lr 1.000e-03 (1.000e-03)
2026-01-15 14:17:26,159 - INFO: Epoch: [0][150/582]	Time  0.029 ( 0.050)	Loss 1.1870e+00 (1.5854e+00)	Acc pseudo  70.31 ( 57.03)	Lr 1.000e-03 (1.000e-03)
2026-01-15 14:17:30,999 - INFO: Epoch: [0][200/582]	Time  0.033 ( 0.046)	Loss 8.6726e-01 (1.4674e+00)	Acc pseudo  78.12 ( 59.90)	Lr 1.000e-03 (1.000e-03)
2026-01-15 14:17:35,875 - INFO: Epoch: [0][250/582]	Time  0.033 ( 0.043)	Loss 1.0361e+00 (1.3817e+00)	Acc pseudo  64.06 ( 61.77)	Lr 1.000e-03 (1.000e-03)
2026-01-15 14:17:41,047 - INFO: Epoch: [0][300/582]	Time  0.055 ( 0.043)	Loss 7.2056e-01 (1.3087e+00)	Acc pseudo  76.56 ( 63.42)	Lr 1.000e-03 (1.000e-03)
2026-01-15 14:17:45,792 - INFO: Epoch: [0][350/582]	Time  0.029 ( 0.041)	Loss 6.9469e-01 (1.2550e+00)	Acc pseudo  82.81 ( 64.56)	Lr 1.000e-03 (1.000e-03)
2026-01-15 14:17:50,385 - INFO: Epoch: [0][400/582]	Time  0.034 ( 0.040)	Loss 6.4394e-01 (1.2075e+00)	Acc pseudo  81.25 ( 65.54)	Lr 1.000e-03 (1.000e-03)
2026-01-15 14:17:56,127 - INFO: Epoch: [0][450/582]	Time  0.030 ( 0.041)	Loss 9.1107e-01 (1.1713e+00)	Acc pseudo  79.69 ( 66.14)	Lr 1.000e-03 (1.000e-03)
2026-01-15 14:18:01,166 - INFO: Epoch: [0][500/582]	Time  0.045 ( 0.040)	Loss 6.1844e-01 (1.1445e+00)	Acc pseudo  79.69 ( 66.72)	Lr 1.000e-03 (1.000e-03)
2026-01-15 14:18:07,082 - INFO: Epoch: [0][550/582]	Time  0.025 ( 0.042)	Loss 1.0242e+00 (1.1188e+00)	Acc pseudo  73.44 ( 67.18)	Lr 1.000e-03 (1.000e-03)
2026-01-15 14:18:10,012 - INFO: Round 0, Face Warmup Epoch 0: loss=1.1046, acc(pseudo)=67.47%
2026-01-15 14:18:10,548 - INFO: Epoch: [1][  0/582]	Time  0.481 ( 0.481)	Loss 1.0127e+00 (1.0127e+00)	Acc pseudo  75.00 ( 75.00)	Lr 1.000e-03 (1.000e-03)
2026-01-15 14:18:15,124 - INFO: Epoch: [1][ 50/582]	Time  0.028 ( 0.037)	Loss 9.1762e-01 (8.4606e-01)	Acc pseudo  75.00 ( 72.27)	Lr 1.000e-03 (1.000e-03)
2026-01-15 14:18:19,708 - INFO: Epoch: [1][100/582]	Time  0.048 ( 0.038)	Loss 6.6740e-01 (8.2369e-01)	Acc pseudo  84.38 ( 72.90)	Lr 1.000e-03 (1.000e-03)
2026-01-15 14:18:24,298 - INFO: Epoch: [1][150/582]	Time  0.025 ( 0.039)	Loss 8.4127e-01 (8.0293e-01)	Acc pseudo  68.75 ( 73.44)	Lr 1.000e-03 (1.000e-03)
2026-01-15 14:18:28,878 - INFO: Epoch: [1][200/582]	Time  0.026 ( 0.036)	Loss 5.8569e-01 (8.0400e-01)	Acc pseudo  76.56 ( 73.39)	Lr 1.000e-03 (1.000e-03)
2026-01-15 14:18:33,450 - INFO: Epoch: [1][250/582]	Time  0.025 ( 0.034)	Loss 6.6578e-01 (8.0218e-01)	Acc pseudo  75.00 ( 73.38)	Lr 1.000e-03 (1.000e-03)
2026-01-15 14:18:38,026 - INFO: Epoch: [1][300/582]	Time  0.026 ( 0.033)	Loss 7.8516e-01 (8.0051e-01)	Acc pseudo  76.56 ( 73.47)	Lr 1.000e-03 (1.000e-03)
2026-01-15 14:18:42,604 - INFO: Epoch: [1][350/582]	Time  0.025 ( 0.032)	Loss 4.3569e-01 (7.9846e-01)	Acc pseudo  85.94 ( 73.56)	Lr 1.000e-03 (1.000e-03)
2026-01-15 14:18:47,316 - INFO: Epoch: [1][400/582]	Time  0.039 ( 0.032)	Loss 8.0797e-01 (7.9712e-01)	Acc pseudo  68.75 ( 73.57)	Lr 1.000e-03 (1.000e-03)
2026-01-15 14:18:51,894 - INFO: Epoch: [1][450/582]	Time  0.029 ( 0.031)	Loss 1.2433e+00 (7.9600e-01)	Acc pseudo  60.94 ( 73.61)	Lr 1.000e-03 (1.000e-03)
2026-01-15 14:18:56,474 - INFO: Epoch: [1][500/582]	Time  0.025 ( 0.030)	Loss 6.5411e-01 (7.9172e-01)	Acc pseudo  70.31 ( 73.71)	Lr 1.000e-03 (1.000e-03)
2026-01-15 14:19:01,051 - INFO: Epoch: [1][550/582]	Time  0.025 ( 0.030)	Loss 8.1653e-01 (7.9007e-01)	Acc pseudo  76.56 ( 73.65)	Lr 1.000e-03 (1.000e-03)
2026-01-15 14:19:03,960 - INFO: Round 0, Face Warmup Epoch 1: loss=0.7911, acc(pseudo)=73.65%
2026-01-15 14:19:03,970 - INFO: Fine-tuning speaker embedding model for 20 epochs...
2026-01-15 14:19:04,503 - INFO: Epoch: [0][  0/301]	Time  0.529 ( 0.529)	Loss 8.2364e-01 (8.2364e-01)	Acc pseudo  71.88 ( 71.88)	Lr 1.000e-03 (1.000e-03)
2026-01-15 14:19:04,680 - INFO: Epoch: [0][ 50/301]	Time  0.003 ( 0.014)	Loss 1.1052e+00 (1.0101e+00)	Acc pseudo  68.75 ( 71.88)	Lr 1.000e-03 (1.000e-03)
2026-01-15 14:19:04,850 - INFO: Epoch: [0][100/301]	Time  0.003 ( 0.009)	Loss 1.3899e+00 (9.7800e-01)	Acc pseudo  65.62 ( 72.25)	Lr 1.000e-03 (1.000e-03)
2026-01-15 14:19:05,009 - INFO: Epoch: [0][150/301]	Time  0.003 ( 0.007)	Loss 5.9875e-01 (9.6009e-01)	Acc pseudo  81.25 ( 72.53)	Lr 1.000e-03 (1.000e-03)
2026-01-15 14:19:05,173 - INFO: Epoch: [0][200/301]	Time  0.003 ( 0.006)	Loss 7.7145e-01 (9.4189e-01)	Acc pseudo  75.00 ( 72.87)	Lr 1.000e-03 (1.000e-03)
2026-01-15 14:19:05,331 - INFO: Epoch: [0][250/301]	Time  0.003 ( 0.005)	Loss 1.1968e+00 (9.3316e-01)	Acc pseudo  78.12 ( 73.01)	Lr 1.000e-03 (1.000e-03)
2026-01-15 14:19:05,496 - INFO: Epoch: [0][300/301]	Time  0.004 ( 0.005)	Loss 1.4505e+00 (9.3108e-01)	Acc pseudo  84.00 ( 73.11)	Lr 1.000e-03 (1.000e-03)
2026-01-15 14:19:05,558 - INFO: Round 0, Fine-tune Epoch 0: loss=0.9311, acc(pseudo)=73.11%
2026-01-15 14:19:12,918 - INFO: Round 0, Fine-tune Epoch 0: acc(valid_pseudo): 0.7635, acc: 0.6545
2026-01-15 14:19:14,000 - INFO: Epoch: [1][  0/301]	Time  0.257 ( 0.257)	Loss 7.2780e-01 (7.2780e-01)	Acc pseudo  70.31 ( 70.31)	Lr 1.000e-03 (1.000e-03)
2026-01-15 14:19:14,176 - INFO: Epoch: [1][ 50/301]	Time  0.003 ( 0.008)	Loss 8.4375e-01 (8.1367e-01)	Acc pseudo  73.44 ( 75.12)	Lr 1.000e-03 (1.000e-03)
2026-01-15 14:19:14,328 - INFO: Epoch: [1][100/301]	Time  0.003 ( 0.006)	Loss 1.2910e+00 (8.0143e-01)	Acc pseudo  73.44 ( 75.67)	Lr 1.000e-03 (1.000e-03)
2026-01-15 14:19:14,496 - INFO: Epoch: [1][150/301]	Time  0.003 ( 0.005)	Loss 7.7839e-01 (8.1629e-01)	Acc pseudo  75.00 ( 75.67)	Lr 1.000e-03 (1.000e-03)
2026-01-15 14:19:14,646 - INFO: Epoch: [1][200/301]	Time  0.003 ( 0.004)	Loss 9.2514e-01 (8.0957e-01)	Acc pseudo  71.88 ( 75.90)	Lr 1.000e-03 (1.000e-03)
2026-01-15 14:19:14,811 - INFO: Epoch: [1][250/301]	Time  0.003 ( 0.004)	Loss 7.9345e-01 (8.0756e-01)	Acc pseudo  71.88 ( 76.18)	Lr 1.000e-03 (1.000e-03)
2026-01-15 14:19:14,960 - INFO: Epoch: [1][300/301]	Time  0.002 ( 0.004)	Loss 1.0984e+00 (8.0941e-01)	Acc pseudo  68.00 ( 76.14)	Lr 1.000e-03 (1.000e-03)
2026-01-15 14:19:15,025 - INFO: Round 0, Fine-tune Epoch 1: loss=0.8094, acc(pseudo)=76.14%
2026-01-15 14:19:22,357 - INFO: Round 0, Fine-tune Epoch 1: acc(valid_pseudo): 0.8953, acc: 0.7640
2026-01-15 14:19:23,303 - INFO: Epoch: [2][  0/301]	Time  0.259 ( 0.259)	Loss 9.4171e-01 (9.4171e-01)	Acc pseudo  64.06 ( 64.06)	Lr 1.000e-03 (1.000e-03)
2026-01-15 14:19:23,474 - INFO: Epoch: [2][ 50/301]	Time  0.003 ( 0.008)	Loss 7.1230e-01 (7.4950e-01)	Acc pseudo  78.12 ( 76.35)	Lr 1.000e-03 (1.000e-03)
2026-01-15 14:19:23,629 - INFO: Epoch: [2][100/301]	Time  0.003 ( 0.006)	Loss 1.0447e+00 (7.5854e-01)	Acc pseudo  73.44 ( 77.03)	Lr 1.000e-03 (1.000e-03)
2026-01-15 14:19:23,782 - INFO: Epoch: [2][150/301]	Time  0.003 ( 0.005)	Loss 5.6805e-01 (7.5949e-01)	Acc pseudo  81.25 ( 77.25)	Lr 1.000e-03 (1.000e-03)
2026-01-15 14:19:23,926 - INFO: Epoch: [2][200/301]	Time  0.003 ( 0.004)	Loss 7.0214e-01 (7.6656e-01)	Acc pseudo  73.44 ( 77.04)	Lr 1.000e-03 (1.000e-03)
2026-01-15 14:19:24,069 - INFO: Epoch: [2][250/301]	Time  0.003 ( 0.004)	Loss 5.2932e-01 (7.6868e-01)	Acc pseudo  84.38 ( 76.90)	Lr 1.000e-03 (1.000e-03)
2026-01-15 14:19:24,244 - INFO: Epoch: [2][300/301]	Time  0.002 ( 0.004)	Loss 8.4765e-01 (7.6553e-01)	Acc pseudo  72.00 ( 76.97)	Lr 1.000e-03 (1.000e-03)
2026-01-15 14:19:24,309 - INFO: Round 0, Fine-tune Epoch 2: loss=0.7655, acc(pseudo)=76.97%
2026-01-15 14:19:31,567 - INFO: Round 0, Fine-tune Epoch 2: acc(valid_pseudo): 0.9122, acc: 0.7645
2026-01-15 14:19:32,549 - INFO: Epoch: [3][  0/301]	Time  0.299 ( 0.299)	Loss 6.6294e-01 (6.6294e-01)	Acc pseudo  79.69 ( 79.69)	Lr 1.000e-03 (1.000e-03)
2026-01-15 14:19:32,733 - INFO: Epoch: [3][ 50/301]	Time  0.003 ( 0.009)	Loss 5.3844e-01 (6.9679e-01)	Acc pseudo  84.38 ( 79.63)	Lr 1.000e-03 (1.000e-03)
2026-01-15 14:19:32,881 - INFO: Epoch: [3][100/301]	Time  0.003 ( 0.006)	Loss 7.7672e-01 (7.1901e-01)	Acc pseudo  75.00 ( 78.59)	Lr 1.000e-03 (1.000e-03)
2026-01-15 14:19:33,028 - INFO: Epoch: [3][150/301]	Time  0.003 ( 0.005)	Loss 4.0656e-01 (7.2316e-01)	Acc pseudo  85.94 ( 78.54)	Lr 1.000e-03 (1.000e-03)
2026-01-15 14:19:33,172 - INFO: Epoch: [3][200/301]	Time  0.003 ( 0.004)	Loss 6.4825e-01 (7.3349e-01)	Acc pseudo  81.25 ( 78.15)	Lr 1.000e-03 (1.000e-03)
2026-01-15 14:19:33,315 - INFO: Epoch: [3][250/301]	Time  0.003 ( 0.004)	Loss 1.0138e+00 (7.3301e-01)	Acc pseudo  68.75 ( 78.11)	Lr 1.000e-03 (1.000e-03)
2026-01-15 14:19:33,510 - INFO: Epoch: [3][300/301]	Time  0.002 ( 0.004)	Loss 6.3608e-01 (7.3749e-01)	Acc pseudo  80.00 ( 77.95)	Lr 1.000e-03 (1.000e-03)
2026-01-15 14:19:33,574 - INFO: Round 0, Fine-tune Epoch 3: loss=0.7375, acc(pseudo)=77.95%
2026-01-15 14:19:41,108 - INFO: Round 0, Fine-tune Epoch 3: acc(valid_pseudo): 0.9364, acc: 0.8175
2026-01-15 14:19:42,027 - INFO: Epoch: [4][  0/301]	Time  0.249 ( 0.249)	Loss 8.9665e-01 (8.9665e-01)	Acc pseudo  68.75 ( 68.75)	Lr 1.000e-03 (1.000e-03)
2026-01-15 14:19:42,196 - INFO: Epoch: [4][ 50/301]	Time  0.003 ( 0.008)	Loss 4.9678e-01 (7.0572e-01)	Acc pseudo  84.38 ( 78.31)	Lr 1.000e-03 (1.000e-03)
2026-01-15 14:19:42,346 - INFO: Epoch: [4][100/301]	Time  0.003 ( 0.006)	Loss 8.2481e-01 (7.0295e-01)	Acc pseudo  85.94 ( 78.26)	Lr 1.000e-03 (1.000e-03)
2026-01-15 14:19:42,501 - INFO: Epoch: [4][150/301]	Time  0.003 ( 0.005)	Loss 6.9441e-01 (7.1202e-01)	Acc pseudo  78.12 ( 78.34)	Lr 1.000e-03 (1.000e-03)
2026-01-15 14:19:42,663 - INFO: Epoch: [4][200/301]	Time  0.004 ( 0.004)	Loss 1.2714e+00 (7.1086e-01)	Acc pseudo  62.50 ( 78.23)	Lr 1.000e-03 (1.000e-03)
2026-01-15 14:19:42,812 - INFO: Epoch: [4][250/301]	Time  0.003 ( 0.004)	Loss 8.5791e-01 (7.0859e-01)	Acc pseudo  75.00 ( 78.29)	Lr 1.000e-03 (1.000e-03)
2026-01-15 14:19:42,954 - INFO: Epoch: [4][300/301]	Time  0.002 ( 0.004)	Loss 5.1736e-01 (7.1175e-01)	Acc pseudo  84.00 ( 78.22)	Lr 1.000e-03 (1.000e-03)
2026-01-15 14:19:43,023 - INFO: Round 0, Fine-tune Epoch 4: loss=0.7117, acc(pseudo)=78.22%
2026-01-15 14:19:51,068 - INFO: Round 0, Fine-tune Epoch 4: acc(valid_pseudo): 0.9277, acc: 0.7815
2026-01-15 14:19:51,068 - INFO: Round 0, Speaker Fine-tune Epoch 4: No improvement in validation accuracy. Patience(epoch): 1/3
2026-01-15 14:19:51,315 - INFO: Epoch: [5][  0/301]	Time  0.242 ( 0.242)	Loss 7.6121e-01 (7.6121e-01)	Acc pseudo  75.00 ( 75.00)	Lr 1.000e-03 (1.000e-03)
2026-01-15 14:19:51,483 - INFO: Epoch: [5][ 50/301]	Time  0.003 ( 0.008)	Loss 6.1794e-01 (6.8791e-01)	Acc pseudo  81.25 ( 79.29)	Lr 1.000e-03 (1.000e-03)
2026-01-15 14:19:51,647 - INFO: Epoch: [5][100/301]	Time  0.003 ( 0.006)	Loss 4.3399e-01 (6.8818e-01)	Acc pseudo  81.25 ( 79.08)	Lr 1.000e-03 (1.000e-03)
2026-01-15 14:19:51,805 - INFO: Epoch: [5][150/301]	Time  0.003 ( 0.005)	Loss 8.0892e-01 (7.0199e-01)	Acc pseudo  78.12 ( 78.55)	Lr 1.000e-03 (1.000e-03)
2026-01-15 14:19:51,957 - INFO: Epoch: [5][200/301]	Time  0.003 ( 0.004)	Loss 9.1049e-01 (7.0161e-01)	Acc pseudo  75.00 ( 78.54)	Lr 1.000e-03 (1.000e-03)
2026-01-15 14:19:52,102 - INFO: Epoch: [5][250/301]	Time  0.003 ( 0.004)	Loss 8.5519e-01 (7.0023e-01)	Acc pseudo  71.88 ( 78.49)	Lr 1.000e-03 (1.000e-03)
2026-01-15 14:19:52,242 - INFO: Epoch: [5][300/301]	Time  0.002 ( 0.004)	Loss 3.1590e-01 (6.9031e-01)	Acc pseudo  96.00 ( 78.90)	Lr 1.000e-03 (1.000e-03)
2026-01-15 14:19:52,305 - INFO: Round 0, Fine-tune Epoch 5: loss=0.6903, acc(pseudo)=78.90%
2026-01-15 14:20:00,229 - INFO: Round 0, Fine-tune Epoch 5: acc(valid_pseudo): 0.8752, acc: 0.7520
2026-01-15 14:20:00,229 - INFO: Round 0, Speaker Fine-tune Epoch 5: No improvement in validation accuracy. Patience(epoch): 2/3
2026-01-15 14:20:00,229 - INFO: Early stopping at epoch 5 due to significant drop in pseudo-label validation accuracy: 0.9277 -> 0.8752.
2026-01-15 14:20:00,231 - INFO: Round 0: Best speaker fine-tuned epoch=3, acc(valid_pseudo)=0.9364
2026-01-15 14:20:00,235 - INFO: Fine-tuning face embedding model for 20 epochs...
2026-01-15 14:20:00,782 - INFO: Epoch: [0][  0/582]	Time  0.543 ( 0.543)	Loss 6.1456e-01 (6.1456e-01)	Acc pseudo  78.12 ( 78.12)	Lr 1.000e-03 (1.000e-03)
2026-01-15 14:20:05,430 - INFO: Epoch: [0][ 50/582]	Time  0.028 ( 0.040)	Loss 2.2527e+00 (1.7036e+00)	Acc pseudo  57.81 ( 61.98)	Lr 1.000e-03 (1.000e-03)
2026-01-15 14:20:10,082 - INFO: Epoch: [0][100/582]	Time  0.035 ( 0.038)	Loss 9.7586e-01 (1.4697e+00)	Acc pseudo  70.31 ( 64.67)	Lr 1.000e-03 (1.000e-03)
2026-01-15 14:20:14,730 - INFO: Epoch: [0][150/582]	Time  0.028 ( 0.036)	Loss 8.1923e-01 (1.3025e+00)	Acc pseudo  67.19 ( 67.10)	Lr 1.000e-03 (1.000e-03)
2026-01-15 14:20:19,377 - INFO: Epoch: [0][200/582]	Time  0.028 ( 0.035)	Loss 5.4095e-01 (1.1735e+00)	Acc pseudo  82.81 ( 69.10)	Lr 1.000e-03 (1.000e-03)
2026-01-15 14:20:24,029 - INFO: Epoch: [0][250/582]	Time  0.030 ( 0.034)	Loss 5.8733e-01 (1.1108e+00)	Acc pseudo  71.88 ( 69.76)	Lr 1.000e-03 (1.000e-03)
2026-01-15 14:20:28,677 - INFO: Epoch: [0][300/582]	Time  0.028 ( 0.033)	Loss 7.2085e-01 (1.0478e+00)	Acc pseudo  76.56 ( 70.69)	Lr 1.000e-03 (1.000e-03)
2026-01-15 14:20:33,328 - INFO: Epoch: [0][350/582]	Time  0.028 ( 0.032)	Loss 3.8393e-01 (9.9733e-01)	Acc pseudo  87.50 ( 71.42)	Lr 1.000e-03 (1.000e-03)
2026-01-15 14:20:37,981 - INFO: Epoch: [0][400/582]	Time  0.028 ( 0.032)	Loss 3.9250e-01 (9.5787e-01)	Acc pseudo  85.94 ( 72.10)	Lr 1.000e-03 (1.000e-03)
2026-01-15 14:20:42,638 - INFO: Epoch: [0][450/582]	Time  0.028 ( 0.032)	Loss 5.9013e-01 (9.2267e-01)	Acc pseudo  76.56 ( 72.61)	Lr 1.000e-03 (1.000e-03)
2026-01-15 14:20:47,300 - INFO: Epoch: [0][500/582]	Time  0.028 ( 0.032)	Loss 5.8063e-01 (8.9736e-01)	Acc pseudo  78.12 ( 72.99)	Lr 1.000e-03 (1.000e-03)
2026-01-15 14:20:51,964 - INFO: Epoch: [0][550/582]	Time  0.030 ( 0.032)	Loss 6.5299e-01 (8.7379e-01)	Acc pseudo  75.00 ( 73.36)	Lr 1.000e-03 (1.000e-03)
2026-01-15 14:20:55,074 - INFO: Round 0, Face Fine-tune Epoch 0: loss=0.8597, acc(pseudo)=73.60%
2026-01-15 14:21:53,502 - INFO: Round 0, Face Fine-tune Epoch 0: acc(valid_pseudo): 0.8685, acc: 0.8257
2026-01-15 14:21:55,303 - INFO: Epoch: [1][  0/582]	Time  0.510 ( 0.510)	Loss 5.5013e-01 (5.5013e-01)	Acc pseudo  81.25 ( 81.25)	Lr 1.000e-03 (1.000e-03)
2026-01-15 14:21:59,952 - INFO: Epoch: [1][ 50/582]	Time  0.030 ( 0.039)	Loss 8.1389e-01 (5.4571e-01)	Acc pseudo  82.81 ( 80.67)	Lr 1.000e-03 (1.000e-03)
2026-01-15 14:22:04,598 - INFO: Epoch: [1][100/582]	Time  0.028 ( 0.034)	Loss 3.7475e-01 (5.2416e-01)	Acc pseudo  85.94 ( 80.74)	Lr 1.000e-03 (1.000e-03)
2026-01-15 14:22:09,247 - INFO: Epoch: [1][150/582]	Time  0.027 ( 0.032)	Loss 4.0752e-01 (5.0067e-01)	Acc pseudo  82.81 ( 81.43)	Lr 1.000e-03 (1.000e-03)
2026-01-15 14:22:13,897 - INFO: Epoch: [1][200/582]	Time  0.029 ( 0.032)	Loss 3.0041e-01 (5.0151e-01)	Acc pseudo  87.50 ( 81.50)	Lr 1.000e-03 (1.000e-03)
2026-01-15 14:22:18,550 - INFO: Epoch: [1][250/582]	Time  0.028 ( 0.031)	Loss 4.5130e-01 (5.0883e-01)	Acc pseudo  79.69 ( 81.31)	Lr 1.000e-03 (1.000e-03)
2026-01-15 14:22:23,202 - INFO: Epoch: [1][300/582]	Time  0.029 ( 0.031)	Loss 3.5603e-01 (5.0828e-01)	Acc pseudo  90.62 ( 81.30)	Lr 1.000e-03 (1.000e-03)
2026-01-15 14:22:27,865 - INFO: Epoch: [1][350/582]	Time  0.036 ( 0.031)	Loss 3.0645e-01 (5.1282e-01)	Acc pseudo  85.94 ( 81.11)	Lr 1.000e-03 (1.000e-03)
2026-01-15 14:22:32,519 - INFO: Epoch: [1][400/582]	Time  0.029 ( 0.030)	Loss 6.6846e-01 (5.1159e-01)	Acc pseudo  70.31 ( 81.06)	Lr 1.000e-03 (1.000e-03)
2026-01-15 14:22:37,175 - INFO: Epoch: [1][450/582]	Time  0.030 ( 0.030)	Loss 6.2701e-01 (5.1615e-01)	Acc pseudo  73.44 ( 81.00)	Lr 1.000e-03 (1.000e-03)
2026-01-15 14:22:41,840 - INFO: Epoch: [1][500/582]	Time  0.029 ( 0.031)	Loss 6.0320e-01 (5.1430e-01)	Acc pseudo  75.00 ( 81.08)	Lr 1.000e-03 (1.000e-03)
2026-01-15 14:22:46,500 - INFO: Epoch: [1][550/582]	Time  0.028 ( 0.031)	Loss 7.1112e-01 (5.1537e-01)	Acc pseudo  79.69 ( 81.02)	Lr 1.000e-03 (1.000e-03)
2026-01-15 14:22:49,460 - INFO: Round 0, Face Fine-tune Epoch 1: loss=0.5178, acc(pseudo)=81.00%
2026-01-15 14:23:50,926 - INFO: Round 0, Face Fine-tune Epoch 1: acc(valid_pseudo): 0.8841, acc: 0.8218
2026-01-15 14:23:52,829 - INFO: Epoch: [2][  0/582]	Time  0.513 ( 0.513)	Loss 2.4645e-01 (2.4645e-01)	Acc pseudo  85.94 ( 85.94)	Lr 1.000e-03 (1.000e-03)
2026-01-15 14:23:57,486 - INFO: Epoch: [2][ 50/582]	Time  0.029 ( 0.043)	Loss 5.1481e-01 (4.2952e-01)	Acc pseudo  78.12 ( 82.87)	Lr 1.000e-03 (1.000e-03)
2026-01-15 14:24:02,140 - INFO: Epoch: [2][100/582]	Time  0.029 ( 0.036)	Loss 5.2713e-01 (4.5202e-01)	Acc pseudo  81.25 ( 82.27)	Lr 1.000e-03 (1.000e-03)
2026-01-15 14:24:06,792 - INFO: Epoch: [2][150/582]	Time  0.029 ( 0.035)	Loss 6.8584e-01 (4.5329e-01)	Acc pseudo  79.69 ( 82.56)	Lr 1.000e-03 (1.000e-03)
2026-01-15 14:24:11,445 - INFO: Epoch: [2][200/582]	Time  0.029 ( 0.034)	Loss 4.0887e-01 (4.5930e-01)	Acc pseudo  79.69 ( 82.73)	Lr 1.000e-03 (1.000e-03)
2026-01-15 14:24:16,097 - INFO: Epoch: [2][250/582]	Time  0.027 ( 0.034)	Loss 5.3291e-01 (4.5962e-01)	Acc pseudo  78.12 ( 82.76)	Lr 1.000e-03 (1.000e-03)
2026-01-15 14:24:20,744 - INFO: Epoch: [2][300/582]	Time  0.029 ( 0.033)	Loss 8.0262e-01 (4.6346e-01)	Acc pseudo  78.12 ( 82.64)	Lr 1.000e-03 (1.000e-03)
2026-01-15 14:24:25,493 - INFO: Epoch: [2][350/582]	Time  0.027 ( 0.033)	Loss 3.4697e-01 (4.6056e-01)	Acc pseudo  89.06 ( 82.75)	Lr 1.000e-03 (1.000e-03)
2026-01-15 14:24:30,143 - INFO: Epoch: [2][400/582]	Time  0.028 ( 0.032)	Loss 5.3953e-01 (4.6577e-01)	Acc pseudo  84.38 ( 82.59)	Lr 1.000e-03 (1.000e-03)
2026-01-15 14:24:34,798 - INFO: Epoch: [2][450/582]	Time  0.028 ( 0.032)	Loss 5.6227e-01 (4.6823e-01)	Acc pseudo  79.69 ( 82.50)	Lr 1.000e-03 (1.000e-03)
2026-01-15 14:24:39,454 - INFO: Epoch: [2][500/582]	Time  0.028 ( 0.032)	Loss 4.1510e-01 (4.6827e-01)	Acc pseudo  78.12 ( 82.44)	Lr 1.000e-03 (1.000e-03)
2026-01-15 14:24:44,110 - INFO: Epoch: [2][550/582]	Time  0.029 ( 0.032)	Loss 5.0694e-01 (4.6794e-01)	Acc pseudo  81.25 ( 82.46)	Lr 1.000e-03 (1.000e-03)
2026-01-15 14:24:47,076 - INFO: Round 0, Face Fine-tune Epoch 2: loss=0.4685, acc(pseudo)=82.40%
2026-01-15 14:25:45,083 - INFO: Round 0, Face Fine-tune Epoch 2: acc(valid_pseudo): 0.8932, acc: 0.8354
2026-01-15 14:25:47,218 - INFO: Epoch: [3][  0/582]	Time  0.514 ( 0.514)	Loss 5.4621e-01 (5.4621e-01)	Acc pseudo  75.00 ( 75.00)	Lr 1.000e-03 (1.000e-03)
2026-01-15 14:25:51,870 - INFO: Epoch: [3][ 50/582]	Time  0.028 ( 0.041)	Loss 3.8037e-01 (4.5698e-01)	Acc pseudo  87.50 ( 83.15)	Lr 1.000e-03 (1.000e-03)
2026-01-15 14:25:56,562 - INFO: Epoch: [3][100/582]	Time  0.029 ( 0.035)	Loss 6.5636e-01 (4.5410e-01)	Acc pseudo  78.12 ( 83.03)	Lr 1.000e-03 (1.000e-03)
2026-01-15 14:26:01,222 - INFO: Epoch: [3][150/582]	Time  0.029 ( 0.034)	Loss 3.4215e-01 (4.4171e-01)	Acc pseudo  85.94 ( 83.23)	Lr 1.000e-03 (1.000e-03)
2026-01-15 14:26:05,885 - INFO: Epoch: [3][200/582]	Time  0.030 ( 0.033)	Loss 3.3963e-01 (4.3245e-01)	Acc pseudo  85.94 ( 83.50)	Lr 1.000e-03 (1.000e-03)
2026-01-15 14:26:10,551 - INFO: Epoch: [3][250/582]	Time  0.045 ( 0.033)	Loss 5.9609e-01 (4.3069e-01)	Acc pseudo  81.25 ( 83.56)	Lr 1.000e-03 (1.000e-03)
2026-01-15 14:26:15,209 - INFO: Epoch: [3][300/582]	Time  0.028 ( 0.032)	Loss 2.8245e-01 (4.2595e-01)	Acc pseudo  89.06 ( 83.71)	Lr 1.000e-03 (1.000e-03)
2026-01-15 14:26:19,874 - INFO: Epoch: [3][350/582]	Time  0.029 ( 0.032)	Loss 3.3329e-01 (4.2219e-01)	Acc pseudo  89.06 ( 83.73)	Lr 1.000e-03 (1.000e-03)
2026-01-15 14:26:24,534 - INFO: Epoch: [3][400/582]	Time  0.028 ( 0.031)	Loss 5.7656e-01 (4.2390e-01)	Acc pseudo  76.56 ( 83.81)	Lr 1.000e-03 (1.000e-03)
2026-01-15 14:26:29,194 - INFO: Epoch: [3][450/582]	Time  0.028 ( 0.031)	Loss 6.4282e-01 (4.2540e-01)	Acc pseudo  81.25 ( 83.77)	Lr 1.000e-03 (1.000e-03)
2026-01-15 14:26:33,912 - INFO: Epoch: [3][500/582]	Time  0.028 ( 0.031)	Loss 3.5956e-01 (4.2726e-01)	Acc pseudo  82.81 ( 83.61)	Lr 1.000e-03 (1.000e-03)
2026-01-15 14:26:38,574 - INFO: Epoch: [3][550/582]	Time  0.028 ( 0.031)	Loss 7.4453e-01 (4.3115e-01)	Acc pseudo  79.69 ( 83.54)	Lr 1.000e-03 (1.000e-03)
2026-01-15 14:26:41,564 - INFO: Round 0, Face Fine-tune Epoch 3: loss=0.4322, acc(pseudo)=83.53%
2026-01-15 14:27:42,298 - INFO: Round 0, Face Fine-tune Epoch 3: acc(valid_pseudo): 0.9053, acc: 0.8364
2026-01-15 14:27:44,239 - INFO: Epoch: [4][  0/582]	Time  0.528 ( 0.528)	Loss 4.9773e-01 (4.9773e-01)	Acc pseudo  85.94 ( 85.94)	Lr 1.000e-03 (1.000e-03)
2026-01-15 14:27:48,894 - INFO: Epoch: [4][ 50/582]	Time  0.030 ( 0.042)	Loss 5.6581e-01 (3.9601e-01)	Acc pseudo  76.56 ( 83.61)	Lr 1.000e-03 (1.000e-03)
2026-01-15 14:27:53,548 - INFO: Epoch: [4][100/582]	Time  0.032 ( 0.036)	Loss 4.9670e-01 (3.7752e-01)	Acc pseudo  78.12 ( 84.78)	Lr 1.000e-03 (1.000e-03)
2026-01-15 14:27:58,199 - INFO: Epoch: [4][150/582]	Time  0.029 ( 0.034)	Loss 3.0781e-01 (3.7738e-01)	Acc pseudo  87.50 ( 84.83)	Lr 1.000e-03 (1.000e-03)
2026-01-15 14:28:02,850 - INFO: Epoch: [4][200/582]	Time  0.028 ( 0.033)	Loss 4.5754e-01 (3.7323e-01)	Acc pseudo  85.94 ( 84.94)	Lr 1.000e-03 (1.000e-03)
2026-01-15 14:28:07,501 - INFO: Epoch: [4][250/582]	Time  0.030 ( 0.032)	Loss 2.3990e-01 (3.8341e-01)	Acc pseudo  90.62 ( 84.90)	Lr 1.000e-03 (1.000e-03)
2026-01-15 14:28:12,169 - INFO: Epoch: [4][300/582]	Time  0.028 ( 0.032)	Loss 3.4933e-01 (3.8640e-01)	Acc pseudo  92.19 ( 84.93)	Lr 1.000e-03 (1.000e-03)
2026-01-15 14:28:16,825 - INFO: Epoch: [4][350/582]	Time  0.028 ( 0.031)	Loss 3.2966e-01 (3.8832e-01)	Acc pseudo  81.25 ( 84.86)	Lr 1.000e-03 (1.000e-03)
2026-01-15 14:28:21,561 - INFO: Epoch: [4][400/582]	Time  0.035 ( 0.031)	Loss 3.9539e-01 (3.9352e-01)	Acc pseudo  82.81 ( 84.63)	Lr 1.000e-03 (1.000e-03)
2026-01-15 14:28:26,232 - INFO: Epoch: [4][450/582]	Time  0.037 ( 0.032)	Loss 4.3814e-01 (3.9448e-01)	Acc pseudo  79.69 ( 84.56)	Lr 1.000e-03 (1.000e-03)
2026-01-15 14:28:30,895 - INFO: Epoch: [4][500/582]	Time  0.029 ( 0.032)	Loss 2.4345e-01 (3.9658e-01)	Acc pseudo  87.50 ( 84.51)	Lr 1.000e-03 (1.000e-03)
2026-01-15 14:28:35,558 - INFO: Epoch: [4][550/582]	Time  0.029 ( 0.032)	Loss 2.6452e-01 (3.9983e-01)	Acc pseudo  89.06 ( 84.34)	Lr 1.000e-03 (1.000e-03)
2026-01-15 14:28:38,529 - INFO: Round 0, Face Fine-tune Epoch 4: loss=0.3985, acc(pseudo)=84.37%
2026-01-15 14:29:38,138 - INFO: Round 0, Face Fine-tune Epoch 4: acc(valid_pseudo): 0.9149, acc: 0.8432
2026-01-15 14:29:40,059 - INFO: Epoch: [5][  0/582]	Time  0.519 ( 0.519)	Loss 3.5127e-01 (3.5127e-01)	Acc pseudo  82.81 ( 82.81)	Lr 1.000e-03 (1.000e-03)
2026-01-15 14:29:44,720 - INFO: Epoch: [5][ 50/582]	Time  0.028 ( 0.041)	Loss 3.4717e-01 (3.5158e-01)	Acc pseudo  89.06 ( 85.75)	Lr 1.000e-03 (1.000e-03)
2026-01-15 14:29:49,371 - INFO: Epoch: [5][100/582]	Time  0.030 ( 0.035)	Loss 3.0003e-01 (3.6827e-01)	Acc pseudo  84.38 ( 84.95)	Lr 1.000e-03 (1.000e-03)
2026-01-15 14:29:54,029 - INFO: Epoch: [5][150/582]	Time  0.028 ( 0.034)	Loss 4.6362e-01 (3.7686e-01)	Acc pseudo  87.50 ( 85.09)	Lr 1.000e-03 (1.000e-03)
2026-01-15 14:29:58,700 - INFO: Epoch: [5][200/582]	Time  0.028 ( 0.033)	Loss 5.1800e-01 (3.7579e-01)	Acc pseudo  76.56 ( 85.00)	Lr 1.000e-03 (1.000e-03)
2026-01-15 14:30:03,361 - INFO: Epoch: [5][250/582]	Time  0.028 ( 0.032)	Loss 3.5381e-01 (3.8052e-01)	Acc pseudo  82.81 ( 85.14)	Lr 1.000e-03 (1.000e-03)
2026-01-15 14:30:08,023 - INFO: Epoch: [5][300/582]	Time  0.030 ( 0.032)	Loss 4.5654e-01 (3.7690e-01)	Acc pseudo  89.06 ( 85.13)	Lr 1.000e-03 (1.000e-03)
2026-01-15 14:30:12,710 - INFO: Epoch: [5][350/582]	Time  0.029 ( 0.032)	Loss 3.1460e-01 (3.7618e-01)	Acc pseudo  85.94 ( 85.24)	Lr 1.000e-03 (1.000e-03)
2026-01-15 14:30:17,367 - INFO: Epoch: [5][400/582]	Time  0.028 ( 0.031)	Loss 3.6887e-01 (3.8155e-01)	Acc pseudo  85.94 ( 85.10)	Lr 1.000e-03 (1.000e-03)
2026-01-15 14:30:22,023 - INFO: Epoch: [5][450/582]	Time  0.029 ( 0.031)	Loss 2.8459e-01 (3.8629e-01)	Acc pseudo  87.50 ( 84.90)	Lr 1.000e-03 (1.000e-03)
2026-01-15 14:30:26,682 - INFO: Epoch: [5][500/582]	Time  0.029 ( 0.031)	Loss 7.4503e-01 (3.9020e-01)	Acc pseudo  82.81 ( 84.83)	Lr 1.000e-03 (1.000e-03)
2026-01-15 14:30:31,339 - INFO: Epoch: [5][550/582]	Time  0.030 ( 0.031)	Loss 5.1701e-01 (3.9021e-01)	Acc pseudo  81.25 ( 84.85)	Lr 1.000e-03 (1.000e-03)
2026-01-15 14:30:34,311 - INFO: Round 0, Face Fine-tune Epoch 5: loss=0.3934, acc(pseudo)=84.79%
2026-01-15 14:31:33,369 - INFO: Round 0, Face Fine-tune Epoch 5: acc(valid_pseudo): 0.9082, acc: 0.8598
2026-01-15 14:31:33,370 - INFO: Round 0, Face Fine-tune Epoch 5: No improvement. Patience(epoch): 1/3
2026-01-15 14:31:33,939 - INFO: Epoch: [6][  0/582]	Time  0.521 ( 0.521)	Loss 3.3844e-01 (3.3844e-01)	Acc pseudo  90.62 ( 90.62)	Lr 1.000e-03 (1.000e-03)
2026-01-15 14:31:38,600 - INFO: Epoch: [6][ 50/582]	Time  0.027 ( 0.041)	Loss 2.7754e-01 (3.5085e-01)	Acc pseudo  89.06 ( 85.20)	Lr 1.000e-03 (1.000e-03)
2026-01-15 14:31:43,252 - INFO: Epoch: [6][100/582]	Time  0.029 ( 0.036)	Loss 4.3838e-01 (3.5657e-01)	Acc pseudo  79.69 ( 85.46)	Lr 1.000e-03 (1.000e-03)
2026-01-15 14:31:47,910 - INFO: Epoch: [6][150/582]	Time  0.031 ( 0.034)	Loss 7.5373e-01 (3.6731e-01)	Acc pseudo  82.81 ( 85.21)	Lr 1.000e-03 (1.000e-03)
2026-01-15 14:31:52,575 - INFO: Epoch: [6][200/582]	Time  0.030 ( 0.033)	Loss 4.6082e-01 (3.6059e-01)	Acc pseudo  76.56 ( 85.29)	Lr 1.000e-03 (1.000e-03)
2026-01-15 14:31:57,236 - INFO: Epoch: [6][250/582]	Time  0.029 ( 0.033)	Loss 4.4178e-01 (3.5967e-01)	Acc pseudo  87.50 ( 85.30)	Lr 1.000e-03 (1.000e-03)
2026-01-15 14:32:01,899 - INFO: Epoch: [6][300/582]	Time  0.034 ( 0.032)	Loss 5.6868e-01 (3.6022e-01)	Acc pseudo  82.81 ( 85.19)	Lr 1.000e-03 (1.000e-03)
2026-01-15 14:32:06,575 - INFO: Epoch: [6][350/582]	Time  0.028 ( 0.033)	Loss 3.8498e-01 (3.6369e-01)	Acc pseudo  82.81 ( 85.04)	Lr 1.000e-03 (1.000e-03)
2026-01-15 14:32:11,242 - INFO: Epoch: [6][400/582]	Time  0.030 ( 0.033)	Loss 5.2296e-01 (3.6392e-01)	Acc pseudo  81.25 ( 85.20)	Lr 1.000e-03 (1.000e-03)
2026-01-15 14:32:15,909 - INFO: Epoch: [6][450/582]	Time  0.028 ( 0.033)	Loss 2.5596e-01 (3.6908e-01)	Acc pseudo  87.50 ( 85.07)	Lr 1.000e-03 (1.000e-03)
2026-01-15 14:32:20,583 - INFO: Epoch: [6][500/582]	Time  0.041 ( 0.033)	Loss 4.8022e-01 (3.7172e-01)	Acc pseudo  79.69 ( 84.96)	Lr 1.000e-03 (1.000e-03)
2026-01-15 14:32:25,270 - INFO: Epoch: [6][550/582]	Time  0.032 ( 0.033)	Loss 3.9593e-01 (3.7281e-01)	Acc pseudo  81.25 ( 84.88)	Lr 1.000e-03 (1.000e-03)
2026-01-15 14:32:28,277 - INFO: Round 0, Face Fine-tune Epoch 6: loss=0.3742, acc(pseudo)=84.91%
2026-01-15 14:33:27,258 - INFO: Round 0, Face Fine-tune Epoch 6: acc(valid_pseudo): 0.9201, acc: 0.8374
2026-01-15 14:33:29,897 - INFO: Epoch: [7][  0/582]	Time  0.857 ( 0.857)	Loss 5.7061e-01 (5.7061e-01)	Acc pseudo  71.88 ( 71.88)	Lr 1.000e-03 (1.000e-03)
2026-01-15 14:33:34,557 - INFO: Epoch: [7][ 50/582]	Time  0.029 ( 0.051)	Loss 2.1769e-01 (3.6077e-01)	Acc pseudo  89.06 ( 85.45)	Lr 1.000e-03 (1.000e-03)
2026-01-15 14:33:39,212 - INFO: Epoch: [7][100/582]	Time  0.030 ( 0.041)	Loss 3.8299e-01 (3.5994e-01)	Acc pseudo  79.69 ( 85.57)	Lr 1.000e-03 (1.000e-03)
2026-01-15 14:33:43,874 - INFO: Epoch: [7][150/582]	Time  0.028 ( 0.039)	Loss 2.3124e-01 (3.5925e-01)	Acc pseudo  89.06 ( 85.48)	Lr 1.000e-03 (1.000e-03)
2026-01-15 14:33:48,530 - INFO: Epoch: [7][200/582]	Time  0.028 ( 0.036)	Loss 2.5880e-01 (3.5071e-01)	Acc pseudo  90.62 ( 85.83)	Lr 1.000e-03 (1.000e-03)
2026-01-15 14:33:53,235 - INFO: Epoch: [7][250/582]	Time  0.031 ( 0.035)	Loss 3.4298e-01 (3.4863e-01)	Acc pseudo  84.38 ( 85.91)	Lr 1.000e-03 (1.000e-03)
2026-01-15 14:33:57,890 - INFO: Epoch: [7][300/582]	Time  0.028 ( 0.034)	Loss 3.4808e-01 (3.5402e-01)	Acc pseudo  84.38 ( 85.83)	Lr 1.000e-03 (1.000e-03)
2026-01-15 14:34:02,548 - INFO: Epoch: [7][350/582]	Time  0.031 ( 0.034)	Loss 5.5877e-01 (3.5213e-01)	Acc pseudo  78.12 ( 85.91)	Lr 1.000e-03 (1.000e-03)
2026-01-15 14:34:07,212 - INFO: Epoch: [7][400/582]	Time  0.034 ( 0.034)	Loss 4.1947e-01 (3.5433e-01)	Acc pseudo  85.94 ( 86.06)	Lr 1.000e-03 (1.000e-03)
2026-01-15 14:34:11,882 - INFO: Epoch: [7][450/582]	Time  0.055 ( 0.035)	Loss 3.3640e-01 (3.5620e-01)	Acc pseudo  87.50 ( 86.00)	Lr 1.000e-03 (1.000e-03)
2026-01-15 14:34:16,541 - INFO: Epoch: [7][500/582]	Time  0.030 ( 0.034)	Loss 4.0459e-01 (3.5751e-01)	Acc pseudo  84.38 ( 85.93)	Lr 1.000e-03 (1.000e-03)
2026-01-15 14:34:21,199 - INFO: Epoch: [7][550/582]	Time  0.029 ( 0.034)	Loss 2.4250e-01 (3.5943e-01)	Acc pseudo  89.06 ( 85.79)	Lr 1.000e-03 (1.000e-03)
2026-01-15 14:34:24,166 - INFO: Round 0, Face Fine-tune Epoch 7: loss=0.3609, acc(pseudo)=85.79%
2026-01-15 14:35:23,980 - INFO: Round 0, Face Fine-tune Epoch 7: acc(valid_pseudo): 0.9240, acc: 0.8491
2026-01-15 14:35:25,996 - INFO: Epoch: [8][  0/582]	Time  0.515 ( 0.515)	Loss 3.1705e-01 (3.1705e-01)	Acc pseudo  87.50 ( 87.50)	Lr 1.000e-03 (1.000e-03)
2026-01-15 14:35:30,734 - INFO: Epoch: [8][ 50/582]	Time  0.031 ( 0.046)	Loss 1.4745e-01 (3.1369e-01)	Acc pseudo  92.19 ( 87.04)	Lr 1.000e-03 (1.000e-03)
2026-01-15 14:35:35,452 - INFO: Epoch: [8][100/582]	Time  0.029 ( 0.039)	Loss 2.4808e-01 (3.0022e-01)	Acc pseudo  87.50 ( 86.96)	Lr 1.000e-03 (1.000e-03)
2026-01-15 14:35:40,106 - INFO: Epoch: [8][150/582]	Time  0.029 ( 0.036)	Loss 3.1797e-01 (2.9994e-01)	Acc pseudo  84.38 ( 86.86)	Lr 1.000e-03 (1.000e-03)
2026-01-15 14:35:44,769 - INFO: Epoch: [8][200/582]	Time  0.030 ( 0.035)	Loss 5.2012e-01 (3.2195e-01)	Acc pseudo  82.81 ( 86.38)	Lr 1.000e-03 (1.000e-03)
2026-01-15 14:35:49,424 - INFO: Epoch: [8][250/582]	Time  0.029 ( 0.034)	Loss 2.2091e-01 (3.2109e-01)	Acc pseudo  89.06 ( 86.37)	Lr 1.000e-03 (1.000e-03)
2026-01-15 14:35:54,084 - INFO: Epoch: [8][300/582]	Time  0.039 ( 0.034)	Loss 4.1274e-01 (3.3436e-01)	Acc pseudo  84.38 ( 86.14)	Lr 1.000e-03 (1.000e-03)
2026-01-15 14:35:58,743 - INFO: Epoch: [8][350/582]	Time  0.029 ( 0.034)	Loss 1.7922e-01 (3.3564e-01)	Acc pseudo  92.19 ( 86.03)	Lr 1.000e-03 (1.000e-03)
2026-01-15 14:36:03,402 - INFO: Epoch: [8][400/582]	Time  0.036 ( 0.034)	Loss 2.0678e-01 (3.4000e-01)	Acc pseudo  90.62 ( 85.98)	Lr 1.000e-03 (1.000e-03)
2026-01-15 14:36:08,065 - INFO: Epoch: [8][450/582]	Time  0.030 ( 0.033)	Loss 1.4204e-01 (3.4268e-01)	Acc pseudo  96.88 ( 85.88)	Lr 1.000e-03 (1.000e-03)
2026-01-15 14:36:12,719 - INFO: Epoch: [8][500/582]	Time  0.028 ( 0.033)	Loss 2.2581e-01 (3.4397e-01)	Acc pseudo  92.19 ( 85.85)	Lr 1.000e-03 (1.000e-03)
2026-01-15 14:36:17,375 - INFO: Epoch: [8][550/582]	Time  0.028 ( 0.033)	Loss 3.0911e-01 (3.4463e-01)	Acc pseudo  89.06 ( 85.84)	Lr 1.000e-03 (1.000e-03)
2026-01-15 14:36:20,359 - INFO: Round 0, Face Fine-tune Epoch 8: loss=0.3458, acc(pseudo)=85.85%
2026-01-15 14:37:19,480 - INFO: Round 0, Face Fine-tune Epoch 8: acc(valid_pseudo): 0.9315, acc: 0.8500
2026-01-15 14:37:21,418 - INFO: Epoch: [9][  0/582]	Time  0.500 ( 0.500)	Loss 1.2869e-01 (1.2869e-01)	Acc pseudo  96.88 ( 96.88)	Lr 1.000e-03 (1.000e-03)
2026-01-15 14:37:26,075 - INFO: Epoch: [9][ 50/582]	Time  0.036 ( 0.042)	Loss 3.2126e-01 (3.0030e-01)	Acc pseudo  87.50 ( 87.71)	Lr 1.000e-03 (1.000e-03)
2026-01-15 14:37:30,729 - INFO: Epoch: [9][100/582]	Time  0.028 ( 0.036)	Loss 3.6076e-01 (3.0632e-01)	Acc pseudo  79.69 ( 87.59)	Lr 1.000e-03 (1.000e-03)
2026-01-15 14:37:35,386 - INFO: Epoch: [9][150/582]	Time  0.033 ( 0.034)	Loss 9.1842e-01 (3.1141e-01)	Acc pseudo  78.12 ( 87.50)	Lr 1.000e-03 (1.000e-03)
2026-01-15 14:37:40,040 - INFO: Epoch: [9][200/582]	Time  0.028 ( 0.033)	Loss 2.5065e-01 (3.1029e-01)	Acc pseudo  92.19 ( 87.18)	Lr 1.000e-03 (1.000e-03)
2026-01-15 14:37:44,697 - INFO: Epoch: [9][250/582]	Time  0.029 ( 0.033)	Loss 2.2494e-01 (3.0615e-01)	Acc pseudo  87.50 ( 87.24)	Lr 1.000e-03 (1.000e-03)
2026-01-15 14:37:49,395 - INFO: Epoch: [9][300/582]	Time  0.028 ( 0.032)	Loss 5.1809e-01 (3.1002e-01)	Acc pseudo  81.25 ( 87.07)	Lr 1.000e-03 (1.000e-03)
2026-01-15 14:37:54,062 - INFO: Epoch: [9][350/582]	Time  0.031 ( 0.032)	Loss 3.6099e-01 (3.1274e-01)	Acc pseudo  82.81 ( 87.09)	Lr 1.000e-03 (1.000e-03)
2026-01-15 14:37:58,713 - INFO: Epoch: [9][400/582]	Time  0.030 ( 0.032)	Loss 2.3854e-01 (3.1643e-01)	Acc pseudo  89.06 ( 87.02)	Lr 1.000e-03 (1.000e-03)
2026-01-15 14:38:03,371 - INFO: Epoch: [9][450/582]	Time  0.037 ( 0.032)	Loss 2.2666e-01 (3.2142e-01)	Acc pseudo  90.62 ( 86.79)	Lr 1.000e-03 (1.000e-03)
2026-01-15 14:38:08,032 - INFO: Epoch: [9][500/582]	Time  0.038 ( 0.032)	Loss 3.2469e-01 (3.2803e-01)	Acc pseudo  84.38 ( 86.57)	Lr 1.000e-03 (1.000e-03)
2026-01-15 14:38:12,682 - INFO: Epoch: [9][550/582]	Time  0.027 ( 0.032)	Loss 4.7297e-01 (3.3120e-01)	Acc pseudo  82.81 ( 86.46)	Lr 1.000e-03 (1.000e-03)
2026-01-15 14:38:15,644 - INFO: Round 0, Face Fine-tune Epoch 9: loss=0.3301, acc(pseudo)=86.51%
2026-01-15 14:39:14,244 - INFO: Round 0, Face Fine-tune Epoch 9: acc(valid_pseudo): 0.9297, acc: 0.8539
2026-01-15 14:39:14,245 - INFO: Round 0, Face Fine-tune Epoch 9: No improvement. Patience(epoch): 1/3
2026-01-15 14:39:14,785 - INFO: Epoch: [10][  0/582]	Time  0.486 ( 0.486)	Loss 2.3128e-01 (2.3128e-01)	Acc pseudo  96.88 ( 96.88)	Lr 1.000e-03 (1.000e-03)
2026-01-15 14:39:19,441 - INFO: Epoch: [10][ 50/582]	Time  0.029 ( 0.040)	Loss 4.6412e-01 (3.3372e-01)	Acc pseudo  81.25 ( 86.67)	Lr 1.000e-03 (1.000e-03)
2026-01-15 14:39:24,090 - INFO: Epoch: [10][100/582]	Time  0.027 ( 0.034)	Loss 1.9864e-01 (3.1852e-01)	Acc pseudo  89.06 ( 87.45)	Lr 1.000e-03 (1.000e-03)
2026-01-15 14:39:28,736 - INFO: Epoch: [10][150/582]	Time  0.029 ( 0.032)	Loss 3.1850e-01 (3.1533e-01)	Acc pseudo  82.81 ( 87.23)	Lr 1.000e-03 (1.000e-03)
2026-01-15 14:39:33,387 - INFO: Epoch: [10][200/582]	Time  0.029 ( 0.031)	Loss 3.9653e-01 (3.1931e-01)	Acc pseudo  85.94 ( 87.14)	Lr 1.000e-03 (1.000e-03)
2026-01-15 14:39:38,040 - INFO: Epoch: [10][250/582]	Time  0.028 ( 0.031)	Loss 3.1403e-01 (3.2286e-01)	Acc pseudo  85.94 ( 87.15)	Lr 1.000e-03 (1.000e-03)
2026-01-15 14:39:42,689 - INFO: Epoch: [10][300/582]	Time  0.026 ( 0.030)	Loss 5.8710e-01 (3.2451e-01)	Acc pseudo  87.50 ( 86.92)	Lr 1.000e-03 (1.000e-03)
2026-01-15 14:39:47,339 - INFO: Epoch: [10][350/582]	Time  0.027 ( 0.030)	Loss 5.3457e-01 (3.2792e-01)	Acc pseudo  81.25 ( 86.82)	Lr 1.000e-03 (1.000e-03)
2026-01-15 14:39:51,980 - INFO: Epoch: [10][400/582]	Time  0.026 ( 0.030)	Loss 3.8474e-01 (3.3012e-01)	Acc pseudo  87.50 ( 86.72)	Lr 1.000e-03 (1.000e-03)
2026-01-15 14:39:56,636 - INFO: Epoch: [10][450/582]	Time  0.029 ( 0.030)	Loss 1.9502e-01 (3.3268e-01)	Acc pseudo  87.50 ( 86.62)	Lr 1.000e-03 (1.000e-03)
2026-01-15 14:40:01,297 - INFO: Epoch: [10][500/582]	Time  0.030 ( 0.030)	Loss 5.1305e-01 (3.3575e-01)	Acc pseudo  78.12 ( 86.47)	Lr 1.000e-03 (1.000e-03)
2026-01-15 14:40:05,955 - INFO: Epoch: [10][550/582]	Time  0.031 ( 0.030)	Loss 1.8600e-01 (3.3745e-01)	Acc pseudo  87.50 ( 86.48)	Lr 1.000e-03 (1.000e-03)
2026-01-15 14:40:08,964 - INFO: Round 0, Face Fine-tune Epoch 10: loss=0.3393, acc(pseudo)=86.45%
2026-01-15 14:41:08,159 - INFO: Round 0, Face Fine-tune Epoch 10: acc(valid_pseudo): 0.9307, acc: 0.8510
2026-01-15 14:41:08,159 - INFO: Round 0, Face Fine-tune Epoch 10: No improvement. Patience(epoch): 2/3
2026-01-15 14:41:08,712 - INFO: Epoch: [11][  0/582]	Time  0.494 ( 0.494)	Loss 1.5930e-01 (1.5930e-01)	Acc pseudo  92.19 ( 92.19)	Lr 1.000e-03 (1.000e-03)
2026-01-15 14:41:13,358 - INFO: Epoch: [11][ 50/582]	Time  0.029 ( 0.040)	Loss 3.8715e-01 (3.1164e-01)	Acc pseudo  85.94 ( 87.50)	Lr 1.000e-03 (1.000e-03)
2026-01-15 14:41:18,002 - INFO: Epoch: [11][100/582]	Time  0.028 ( 0.034)	Loss 1.7269e-01 (2.9090e-01)	Acc pseudo  89.06 ( 87.69)	Lr 1.000e-03 (1.000e-03)
2026-01-15 14:41:22,652 - INFO: Epoch: [11][150/582]	Time  0.028 ( 0.032)	Loss 3.1051e-01 (2.9793e-01)	Acc pseudo  85.94 ( 87.79)	Lr 1.000e-03 (1.000e-03)
2026-01-15 14:41:27,301 - INFO: Epoch: [11][200/582]	Time  0.034 ( 0.032)	Loss 2.7672e-01 (2.9864e-01)	Acc pseudo  82.81 ( 87.68)	Lr 1.000e-03 (1.000e-03)
2026-01-15 14:41:31,956 - INFO: Epoch: [11][250/582]	Time  0.029 ( 0.031)	Loss 1.4398e-01 (3.0433e-01)	Acc pseudo  92.19 ( 87.54)	Lr 1.000e-03 (1.000e-03)
2026-01-15 14:41:36,612 - INFO: Epoch: [11][300/582]	Time  0.029 ( 0.031)	Loss 3.8293e-01 (3.0528e-01)	Acc pseudo  82.81 ( 87.54)	Lr 1.000e-03 (1.000e-03)
2026-01-15 14:41:41,260 - INFO: Epoch: [11][350/582]	Time  0.027 ( 0.031)	Loss 3.6733e-01 (3.0978e-01)	Acc pseudo  84.38 ( 87.42)	Lr 1.000e-03 (1.000e-03)
2026-01-15 14:41:45,912 - INFO: Epoch: [11][400/582]	Time  0.028 ( 0.031)	Loss 3.2125e-01 (3.0725e-01)	Acc pseudo  84.38 ( 87.45)	Lr 1.000e-03 (1.000e-03)
2026-01-15 14:41:50,573 - INFO: Epoch: [11][450/582]	Time  0.028 ( 0.030)	Loss 2.5362e-01 (3.0445e-01)	Acc pseudo  90.62 ( 87.52)	Lr 1.000e-03 (1.000e-03)
2026-01-15 14:41:55,221 - INFO: Epoch: [11][500/582]	Time  0.027 ( 0.030)	Loss 4.0243e-01 (3.0934e-01)	Acc pseudo  87.50 ( 87.35)	Lr 1.000e-03 (1.000e-03)
2026-01-15 14:41:59,871 - INFO: Epoch: [11][550/582]	Time  0.028 ( 0.030)	Loss 2.0601e-01 (3.1313e-01)	Acc pseudo  93.75 ( 87.21)	Lr 1.000e-03 (1.000e-03)
2026-01-15 14:42:02,840 - INFO: Round 0, Face Fine-tune Epoch 11: loss=0.3115, acc(pseudo)=87.22%
2026-01-15 14:43:01,411 - INFO: Round 0, Face Fine-tune Epoch 11: acc(valid_pseudo): 0.9381, acc: 0.8520
2026-01-15 14:43:03,325 - INFO: Epoch: [12][  0/582]	Time  0.525 ( 0.525)	Loss 2.8327e-01 (2.8327e-01)	Acc pseudo  85.94 ( 85.94)	Lr 1.000e-03 (1.000e-03)
2026-01-15 14:43:07,985 - INFO: Epoch: [12][ 50/582]	Time  0.033 ( 0.041)	Loss 2.8728e-01 (2.8686e-01)	Acc pseudo  89.06 ( 88.17)	Lr 1.000e-03 (1.000e-03)
2026-01-15 14:43:12,640 - INFO: Epoch: [12][100/582]	Time  0.031 ( 0.037)	Loss 4.6230e-01 (2.8436e-01)	Acc pseudo  76.56 ( 88.17)	Lr 1.000e-03 (1.000e-03)
2026-01-15 14:43:17,308 - INFO: Epoch: [12][150/582]	Time  0.028 ( 0.036)	Loss 1.2951e-01 (2.8609e-01)	Acc pseudo  92.19 ( 87.99)	Lr 1.000e-03 (1.000e-03)
2026-01-15 14:43:21,964 - INFO: Epoch: [12][200/582]	Time  0.028 ( 0.034)	Loss 4.1636e-01 (2.8808e-01)	Acc pseudo  89.06 ( 87.97)	Lr 1.000e-03 (1.000e-03)
2026-01-15 14:43:26,616 - INFO: Epoch: [12][250/582]	Time  0.031 ( 0.033)	Loss 2.0422e-01 (2.9386e-01)	Acc pseudo  89.06 ( 87.92)	Lr 1.000e-03 (1.000e-03)
2026-01-15 14:43:31,271 - INFO: Epoch: [12][300/582]	Time  0.028 ( 0.032)	Loss 3.7313e-01 (3.0194e-01)	Acc pseudo  81.25 ( 87.68)	Lr 1.000e-03 (1.000e-03)
2026-01-15 14:43:35,924 - INFO: Epoch: [12][350/582]	Time  0.027 ( 0.032)	Loss 3.3571e-01 (3.0811e-01)	Acc pseudo  87.50 ( 87.46)	Lr 1.000e-03 (1.000e-03)
2026-01-15 14:43:40,574 - INFO: Epoch: [12][400/582]	Time  0.027 ( 0.032)	Loss 5.1846e-01 (3.1384e-01)	Acc pseudo  84.38 ( 87.24)	Lr 1.000e-03 (1.000e-03)
2026-01-15 14:43:45,219 - INFO: Epoch: [12][450/582]	Time  0.029 ( 0.031)	Loss 1.9275e-01 (3.1615e-01)	Acc pseudo  92.19 ( 87.16)	Lr 1.000e-03 (1.000e-03)
2026-01-15 14:43:49,869 - INFO: Epoch: [12][500/582]	Time  0.028 ( 0.031)	Loss 2.4360e-01 (3.1517e-01)	Acc pseudo  89.06 ( 87.22)	Lr 1.000e-03 (1.000e-03)
2026-01-15 14:43:54,525 - INFO: Epoch: [12][550/582]	Time  0.029 ( 0.031)	Loss 3.9777e-01 (3.1812e-01)	Acc pseudo  82.81 ( 87.18)	Lr 1.000e-03 (1.000e-03)
2026-01-15 14:43:57,495 - INFO: Round 0, Face Fine-tune Epoch 12: loss=0.3200, acc(pseudo)=87.16%
2026-01-15 14:44:57,059 - INFO: Round 0, Face Fine-tune Epoch 12: acc(valid_pseudo): 0.9362, acc: 0.8452
2026-01-15 14:44:57,060 - INFO: Round 0, Face Fine-tune Epoch 12: No improvement. Patience(epoch): 1/3
2026-01-15 14:44:57,606 - INFO: Epoch: [13][  0/582]	Time  0.509 ( 0.509)	Loss 2.0718e-01 (2.0718e-01)	Acc pseudo  90.62 ( 90.62)	Lr 1.000e-03 (1.000e-03)
2026-01-15 14:45:02,264 - INFO: Epoch: [13][ 50/582]	Time  0.028 ( 0.043)	Loss 2.0955e-01 (3.0642e-01)	Acc pseudo  92.19 ( 86.86)	Lr 1.000e-03 (1.000e-03)
2026-01-15 14:45:06,916 - INFO: Epoch: [13][100/582]	Time  0.027 ( 0.038)	Loss 1.8536e-01 (2.9804e-01)	Acc pseudo  92.19 ( 87.24)	Lr 1.000e-03 (1.000e-03)
2026-01-15 14:45:11,567 - INFO: Epoch: [13][150/582]	Time  0.027 ( 0.035)	Loss 1.0514e-01 (2.9799e-01)	Acc pseudo  93.75 ( 87.26)	Lr 1.000e-03 (1.000e-03)
2026-01-15 14:45:16,216 - INFO: Epoch: [13][200/582]	Time  0.028 ( 0.033)	Loss 2.9325e-01 (3.0928e-01)	Acc pseudo  87.50 ( 87.13)	Lr 1.000e-03 (1.000e-03)
2026-01-15 14:45:20,866 - INFO: Epoch: [13][250/582]	Time  0.028 ( 0.032)	Loss 5.4243e-01 (3.1282e-01)	Acc pseudo  82.81 ( 87.05)	Lr 1.000e-03 (1.000e-03)
2026-01-15 14:45:25,518 - INFO: Epoch: [13][300/582]	Time  0.028 ( 0.032)	Loss 3.4382e-01 (3.1032e-01)	Acc pseudo  84.38 ( 87.08)	Lr 1.000e-03 (1.000e-03)
2026-01-15 14:45:30,166 - INFO: Epoch: [13][350/582]	Time  0.026 ( 0.031)	Loss 2.5897e-01 (3.1230e-01)	Acc pseudo  87.50 ( 87.01)	Lr 1.000e-03 (1.000e-03)
2026-01-15 14:45:34,877 - INFO: Epoch: [13][400/582]	Time  0.029 ( 0.031)	Loss 4.5047e-01 (3.1254e-01)	Acc pseudo  85.94 ( 87.08)	Lr 1.000e-03 (1.000e-03)
2026-01-15 14:45:39,531 - INFO: Epoch: [13][450/582]	Time  0.028 ( 0.031)	Loss 4.2647e-01 (3.1193e-01)	Acc pseudo  84.38 ( 87.09)	Lr 1.000e-03 (1.000e-03)
2026-01-15 14:45:44,191 - INFO: Epoch: [13][500/582]	Time  0.029 ( 0.031)	Loss 3.5215e-01 (3.1361e-01)	Acc pseudo  85.94 ( 87.19)	Lr 1.000e-03 (1.000e-03)
2026-01-15 14:45:48,849 - INFO: Epoch: [13][550/582]	Time  0.029 ( 0.031)	Loss 5.5668e-01 (3.1589e-01)	Acc pseudo  84.38 ( 87.21)	Lr 1.000e-03 (1.000e-03)
2026-01-15 14:45:51,821 - INFO: Round 0, Face Fine-tune Epoch 13: loss=0.3154, acc(pseudo)=87.24%
2026-01-15 14:46:50,262 - INFO: Round 0, Face Fine-tune Epoch 13: acc(valid_pseudo): 0.9355, acc: 0.8539
2026-01-15 14:46:50,262 - INFO: Round 0, Face Fine-tune Epoch 13: No improvement. Patience(epoch): 2/3
2026-01-15 14:46:50,823 - INFO: Epoch: [14][  0/582]	Time  0.521 ( 0.521)	Loss 1.6144e-01 (1.6144e-01)	Acc pseudo  90.62 ( 90.62)	Lr 1.000e-03 (1.000e-03)
2026-01-15 14:46:55,476 - INFO: Epoch: [14][ 50/582]	Time  0.028 ( 0.041)	Loss 1.8466e-01 (2.8889e-01)	Acc pseudo  92.19 ( 88.24)	Lr 1.000e-03 (1.000e-03)
2026-01-15 14:47:00,124 - INFO: Epoch: [14][100/582]	Time  0.027 ( 0.035)	Loss 2.0399e-01 (2.8855e-01)	Acc pseudo  90.62 ( 88.13)	Lr 1.000e-03 (1.000e-03)
2026-01-15 14:47:04,922 - INFO: Epoch: [14][150/582]	Time  0.029 ( 0.034)	Loss 2.5412e-01 (2.8527e-01)	Acc pseudo  87.50 ( 88.23)	Lr 1.000e-03 (1.000e-03)
2026-01-15 14:47:09,649 - INFO: Epoch: [14][200/582]	Time  0.028 ( 0.033)	Loss 3.5509e-01 (2.8425e-01)	Acc pseudo  87.50 ( 88.31)	Lr 1.000e-03 (1.000e-03)
2026-01-15 14:47:14,303 - INFO: Epoch: [14][250/582]	Time  0.029 ( 0.032)	Loss 3.8941e-01 (2.8794e-01)	Acc pseudo  90.62 ( 88.11)	Lr 1.000e-03 (1.000e-03)
2026-01-15 14:47:18,951 - INFO: Epoch: [14][300/582]	Time  0.028 ( 0.032)	Loss 3.8759e-01 (2.9151e-01)	Acc pseudo  87.50 ( 88.07)	Lr 1.000e-03 (1.000e-03)
2026-01-15 14:47:23,599 - INFO: Epoch: [14][350/582]	Time  0.029 ( 0.031)	Loss 2.9404e-01 (2.9248e-01)	Acc pseudo  85.94 ( 88.09)	Lr 1.000e-03 (1.000e-03)
2026-01-15 14:47:28,245 - INFO: Epoch: [14][400/582]	Time  0.028 ( 0.031)	Loss 3.2923e-01 (2.9393e-01)	Acc pseudo  89.06 ( 88.03)	Lr 1.000e-03 (1.000e-03)
2026-01-15 14:47:32,900 - INFO: Epoch: [14][450/582]	Time  0.039 ( 0.031)	Loss 5.5937e-01 (2.9595e-01)	Acc pseudo  81.25 ( 87.98)	Lr 1.000e-03 (1.000e-03)
2026-01-15 14:47:37,560 - INFO: Epoch: [14][500/582]	Time  0.029 ( 0.031)	Loss 1.8096e-01 (2.9672e-01)	Acc pseudo  85.94 ( 87.91)	Lr 1.000e-03 (1.000e-03)
2026-01-15 14:47:42,210 - INFO: Epoch: [14][550/582]	Time  0.029 ( 0.031)	Loss 7.7298e-01 (2.9898e-01)	Acc pseudo  73.44 ( 87.88)	Lr 1.000e-03 (1.000e-03)
2026-01-15 14:47:45,172 - INFO: Round 0, Face Fine-tune Epoch 14: loss=0.3011, acc(pseudo)=87.80%
2026-01-15 14:48:45,351 - INFO: Round 0, Face Fine-tune Epoch 14: acc(valid_pseudo): 0.9375, acc: 0.8559
2026-01-15 14:48:45,351 - INFO: Round 0, Face Fine-tune Epoch 14: No improvement. Patience(epoch): 3/3
2026-01-15 14:48:45,351 - INFO: Early stopping at face epoch 14
2026-01-15 14:48:45,353 - INFO: Round 0: Best face fine-tuned epoch=11, acc(valid_pseudo)=0.9381
2026-01-15 14:48:45,406 - INFO: Using HMM model from previous round: runs/I love my family/exp_video/result/self_supervised/exp0/initial/pseudo_label/hmm_params.pkl
2026-01-15 16:14:55,220 - INFO: Round 0: speaker_acc=0.8565
2026-01-15 16:14:55,226 - INFO: Round 0: face_acc=0.8705
2026-01-15 16:14:55,229 - INFO: ====================
2026-01-15 16:14:55,229 - INFO: Round 1: Fine-tuning iteration
2026-01-15 16:14:55,229 - INFO: ====================
2026-01-15 16:14:55,289 - INFO: Round 1 Part 1: Fine-tuning embedding model
2026-01-15 16:14:55,290 - INFO: Using pseudo-label file: runs/I love my family/exp_video/result/self_supervised/exp0/round0/pseudo_label/pseudo_labels_audio_nested_hmm_full(unreliable_pp=100.0).json
2026-01-15 16:14:55,333 - INFO: For training, Using face pseudo-label file: runs/I love my family/exp_video/result/self_supervised/exp0/round0/pseudo_label/pseudo_labels_faces_mid_frame_train_nested_hmm_full.json
2026-01-15 16:14:55,334 - INFO: For infering, Using face pseudo-label file: runs/I love my family/exp_video/result/self_supervised/exp0/round0/pseudo_label/pseudo_labels_faces_mid_frame_all_nested_hmm_full.json
2026-01-15 16:14:55,481 - INFO: Created face dataloader with 37219 samples
2026-01-15 16:14:55,498 - INFO: Fine-tuning speaker embedding model for 20 epochs...
2026-01-15 16:14:56,354 - INFO: Epoch: [0][  0/301]	Time  0.827 ( 0.827)	Loss 5.4810e-01 (5.4810e-01)	Acc pseudo  85.94 ( 85.94)	Lr 1.000e-03 (1.000e-03)
2026-01-15 16:14:56,523 - INFO: Epoch: [0][ 50/301]	Time  0.003 ( 0.019)	Loss 6.3984e-01 (6.5756e-01)	Acc pseudo  76.56 ( 80.82)	Lr 1.000e-03 (1.000e-03)
2026-01-15 16:14:56,684 - INFO: Epoch: [0][100/301]	Time  0.003 ( 0.011)	Loss 5.3981e-01 (6.5299e-01)	Acc pseudo  82.81 ( 80.91)	Lr 1.000e-03 (1.000e-03)
2026-01-15 16:14:56,836 - INFO: Epoch: [0][150/301]	Time  0.003 ( 0.009)	Loss 5.5073e-01 (6.5890e-01)	Acc pseudo  78.12 ( 80.92)	Lr 1.000e-03 (1.000e-03)
2026-01-15 16:14:56,978 - INFO: Epoch: [0][200/301]	Time  0.003 ( 0.007)	Loss 5.8895e-01 (6.4755e-01)	Acc pseudo  84.38 ( 81.03)	Lr 1.000e-03 (1.000e-03)
2026-01-15 16:14:57,118 - INFO: Epoch: [0][250/301]	Time  0.003 ( 0.006)	Loss 5.7571e-01 (6.5126e-01)	Acc pseudo  79.69 ( 80.95)	Lr 1.000e-03 (1.000e-03)
2026-01-15 16:14:57,253 - INFO: Epoch: [0][300/301]	Time  0.002 ( 0.006)	Loss 3.2091e-01 (6.5518e-01)	Acc pseudo  84.00 ( 81.02)	Lr 1.000e-03 (1.000e-03)
2026-01-15 16:14:57,321 - INFO: Round 1, Fine-tune Epoch 0: loss=0.6552, acc(pseudo)=81.02%
2026-01-15 16:15:04,999 - INFO: Round 1, Fine-tune Epoch 0: acc(valid_pseudo): 0.9058, acc: 0.7935
2026-01-15 16:15:06,153 - INFO: Epoch: [1][  0/301]	Time  0.265 ( 0.265)	Loss 1.0192e+00 (1.0192e+00)	Acc pseudo  65.62 ( 65.62)	Lr 1.000e-03 (1.000e-03)
2026-01-15 16:15:06,334 - INFO: Epoch: [1][ 50/301]	Time  0.003 ( 0.009)	Loss 3.8123e-01 (5.6062e-01)	Acc pseudo  84.38 ( 81.68)	Lr 1.000e-03 (1.000e-03)
2026-01-15 16:15:06,484 - INFO: Epoch: [1][100/301]	Time  0.003 ( 0.006)	Loss 7.1654e-01 (5.5740e-01)	Acc pseudo  84.38 ( 82.04)	Lr 1.000e-03 (1.000e-03)
2026-01-15 16:15:06,635 - INFO: Epoch: [1][150/301]	Time  0.003 ( 0.005)	Loss 6.0796e-01 (5.6771e-01)	Acc pseudo  76.56 ( 82.31)	Lr 1.000e-03 (1.000e-03)
2026-01-15 16:15:06,781 - INFO: Epoch: [1][200/301]	Time  0.003 ( 0.004)	Loss 5.2959e-01 (5.7160e-01)	Acc pseudo  85.94 ( 82.41)	Lr 1.000e-03 (1.000e-03)
2026-01-15 16:15:06,927 - INFO: Epoch: [1][250/301]	Time  0.003 ( 0.004)	Loss 5.8109e-01 (5.8160e-01)	Acc pseudo  90.62 ( 82.45)	Lr 1.000e-03 (1.000e-03)
2026-01-15 16:15:07,070 - INFO: Epoch: [1][300/301]	Time  0.002 ( 0.004)	Loss 4.3610e-01 (5.8795e-01)	Acc pseudo  80.00 ( 82.36)	Lr 1.000e-03 (1.000e-03)
2026-01-15 16:15:07,138 - INFO: Round 1, Fine-tune Epoch 1: loss=0.5880, acc(pseudo)=82.36%
2026-01-15 16:15:15,881 - INFO: Round 1, Fine-tune Epoch 1: acc(valid_pseudo): 0.9382, acc: 0.8440
2026-01-15 16:15:16,906 - INFO: Epoch: [2][  0/301]	Time  0.244 ( 0.244)	Loss 6.9492e-01 (6.9492e-01)	Acc pseudo  82.81 ( 82.81)	Lr 1.000e-03 (1.000e-03)
2026-01-15 16:15:17,089 - INFO: Epoch: [2][ 50/301]	Time  0.003 ( 0.008)	Loss 4.9721e-01 (5.4433e-01)	Acc pseudo  79.69 ( 82.75)	Lr 1.000e-03 (1.000e-03)
2026-01-15 16:15:17,243 - INFO: Epoch: [2][100/301]	Time  0.003 ( 0.006)	Loss 9.9867e-01 (5.3488e-01)	Acc pseudo  76.56 ( 83.31)	Lr 1.000e-03 (1.000e-03)
2026-01-15 16:15:17,394 - INFO: Epoch: [2][150/301]	Time  0.003 ( 0.005)	Loss 4.1592e-01 (5.5555e-01)	Acc pseudo  90.62 ( 83.50)	Lr 1.000e-03 (1.000e-03)
2026-01-15 16:15:17,551 - INFO: Epoch: [2][200/301]	Time  0.004 ( 0.004)	Loss 3.4606e-01 (5.5633e-01)	Acc pseudo  82.81 ( 83.33)	Lr 1.000e-03 (1.000e-03)
2026-01-15 16:15:17,712 - INFO: Epoch: [2][250/301]	Time  0.003 ( 0.004)	Loss 5.3476e-01 (5.6238e-01)	Acc pseudo  81.25 ( 82.95)	Lr 1.000e-03 (1.000e-03)
2026-01-15 16:15:17,862 - INFO: Epoch: [2][300/301]	Time  0.002 ( 0.004)	Loss 6.1374e-01 (5.7037e-01)	Acc pseudo  76.00 ( 82.80)	Lr 1.000e-03 (1.000e-03)
2026-01-15 16:15:17,931 - INFO: Round 1, Fine-tune Epoch 2: loss=0.5704, acc(pseudo)=82.80%
2026-01-15 16:15:25,727 - INFO: Round 1, Fine-tune Epoch 2: acc(valid_pseudo): 0.9323, acc: 0.8410
2026-01-15 16:15:25,727 - INFO: Round 1, Speaker Fine-tune Epoch 2: No improvement in validation accuracy. Patience(epoch): 1/3
2026-01-15 16:15:25,974 - INFO: Epoch: [3][  0/301]	Time  0.241 ( 0.241)	Loss 6.2340e-01 (6.2340e-01)	Acc pseudo  78.12 ( 78.12)	Lr 1.000e-03 (1.000e-03)
2026-01-15 16:15:26,151 - INFO: Epoch: [3][ 50/301]	Time  0.003 ( 0.008)	Loss 8.1062e-01 (5.3633e-01)	Acc pseudo  73.44 ( 84.16)	Lr 1.000e-03 (1.000e-03)
2026-01-15 16:15:26,329 - INFO: Epoch: [3][100/301]	Time  0.009 ( 0.006)	Loss 3.2479e-01 (5.3831e-01)	Acc pseudo  85.94 ( 83.71)	Lr 1.000e-03 (1.000e-03)
2026-01-15 16:15:26,536 - INFO: Epoch: [3][150/301]	Time  0.003 ( 0.005)	Loss 6.4739e-01 (5.3850e-01)	Acc pseudo  85.94 ( 83.60)	Lr 1.000e-03 (1.000e-03)
2026-01-15 16:15:26,681 - INFO: Epoch: [3][200/301]	Time  0.003 ( 0.005)	Loss 4.9708e-01 (5.3787e-01)	Acc pseudo  81.25 ( 83.67)	Lr 1.000e-03 (1.000e-03)
2026-01-15 16:15:26,823 - INFO: Epoch: [3][250/301]	Time  0.003 ( 0.004)	Loss 4.7535e-01 (5.3861e-01)	Acc pseudo  82.81 ( 83.35)	Lr 1.000e-03 (1.000e-03)
2026-01-15 16:15:26,965 - INFO: Epoch: [3][300/301]	Time  0.002 ( 0.004)	Loss 6.2740e-01 (5.4617e-01)	Acc pseudo  76.00 ( 83.23)	Lr 1.000e-03 (1.000e-03)
2026-01-15 16:15:27,031 - INFO: Round 1, Fine-tune Epoch 3: loss=0.5462, acc(pseudo)=83.23%
2026-01-15 16:15:34,870 - INFO: Round 1, Fine-tune Epoch 3: acc(valid_pseudo): 0.9554, acc: 0.8365
2026-01-15 16:15:35,782 - INFO: Epoch: [4][  0/301]	Time  0.246 ( 0.246)	Loss 7.3139e-01 (7.3139e-01)	Acc pseudo  81.25 ( 81.25)	Lr 1.000e-03 (1.000e-03)
2026-01-15 16:15:35,976 - INFO: Epoch: [4][ 50/301]	Time  0.004 ( 0.009)	Loss 5.1418e-01 (5.0633e-01)	Acc pseudo  84.38 ( 84.77)	Lr 1.000e-03 (1.000e-03)
2026-01-15 16:15:36,143 - INFO: Epoch: [4][100/301]	Time  0.003 ( 0.006)	Loss 3.8425e-01 (5.0989e-01)	Acc pseudo  87.50 ( 84.17)	Lr 1.000e-03 (1.000e-03)
2026-01-15 16:15:36,328 - INFO: Epoch: [4][150/301]	Time  0.003 ( 0.005)	Loss 4.5049e-01 (5.1054e-01)	Acc pseudo  79.69 ( 84.12)	Lr 1.000e-03 (1.000e-03)
2026-01-15 16:15:36,486 - INFO: Epoch: [4][200/301]	Time  0.003 ( 0.005)	Loss 4.1291e-01 (5.1761e-01)	Acc pseudo  87.50 ( 84.03)	Lr 1.000e-03 (1.000e-03)
2026-01-15 16:15:36,664 - INFO: Epoch: [4][250/301]	Time  0.003 ( 0.004)	Loss 6.7518e-01 (5.2281e-01)	Acc pseudo  79.69 ( 83.83)	Lr 1.000e-03 (1.000e-03)
2026-01-15 16:15:36,816 - INFO: Epoch: [4][300/301]	Time  0.002 ( 0.004)	Loss 4.7878e-01 (5.3112e-01)	Acc pseudo  88.00 ( 83.61)	Lr 1.000e-03 (1.000e-03)
2026-01-15 16:15:36,884 - INFO: Round 1, Fine-tune Epoch 4: loss=0.5311, acc(pseudo)=83.61%
2026-01-15 16:15:44,213 - INFO: Round 1, Fine-tune Epoch 4: acc(valid_pseudo): 0.8941, acc: 0.7720
2026-01-15 16:15:44,213 - INFO: Round 1, Speaker Fine-tune Epoch 4: No improvement in validation accuracy. Patience(epoch): 1/3
2026-01-15 16:15:44,213 - INFO: Early stopping at epoch 4 due to significant drop in pseudo-label validation accuracy: 0.9554 -> 0.8941.
2026-01-15 16:15:44,214 - INFO: Round 1: Best speaker fine-tuned epoch=3, acc(valid_pseudo)=0.9554
2026-01-15 16:15:44,219 - INFO: Fine-tuning face embedding model for 20 epochs...
2026-01-15 16:15:45,338 - INFO: Epoch: [0][  0/582]	Time  1.086 ( 1.086)	Loss 1.6834e-01 (1.6834e-01)	Acc pseudo  92.19 ( 92.19)	Lr 1.000e-03 (1.000e-03)
2026-01-15 16:15:50,169 - INFO: Epoch: [0][ 50/582]	Time  0.041 ( 0.061)	Loss 4.3827e-01 (3.6670e-01)	Acc pseudo  89.06 ( 87.93)	Lr 1.000e-03 (1.000e-03)
2026-01-15 16:15:56,398 - INFO: Epoch: [0][100/582]	Time  0.053 ( 0.062)	Loss 3.3875e-01 (3.6129e-01)	Acc pseudo  81.25 ( 87.90)	Lr 1.000e-03 (1.000e-03)
2026-01-15 16:16:02,553 - INFO: Epoch: [0][150/582]	Time  0.031 ( 0.062)	Loss 3.0720e-01 (3.4603e-01)	Acc pseudo  90.62 ( 88.00)	Lr 1.000e-03 (1.000e-03)
2026-01-15 16:16:07,482 - INFO: Epoch: [0][200/582]	Time  0.028 ( 0.055)	Loss 2.9737e-01 (3.4260e-01)	Acc pseudo  92.19 ( 87.90)	Lr 1.000e-03 (1.000e-03)
2026-01-15 16:16:12,112 - INFO: Epoch: [0][250/582]	Time  0.028 ( 0.050)	Loss 4.0300e-01 (3.5820e-01)	Acc pseudo  76.56 ( 87.72)	Lr 1.000e-03 (1.000e-03)
2026-01-15 16:16:16,746 - INFO: Epoch: [0][300/582]	Time  0.029 ( 0.047)	Loss 3.1678e-01 (3.5286e-01)	Acc pseudo  82.81 ( 87.68)	Lr 1.000e-03 (1.000e-03)
2026-01-15 16:16:21,376 - INFO: Epoch: [0][350/582]	Time  0.028 ( 0.044)	Loss 1.3828e-01 (3.4945e-01)	Acc pseudo  89.06 ( 87.75)	Lr 1.000e-03 (1.000e-03)
2026-01-15 16:16:26,012 - INFO: Epoch: [0][400/582]	Time  0.029 ( 0.042)	Loss 2.6661e-01 (3.4650e-01)	Acc pseudo  90.62 ( 87.74)	Lr 1.000e-03 (1.000e-03)
2026-01-15 16:16:30,651 - INFO: Epoch: [0][450/582]	Time  0.028 ( 0.041)	Loss 2.1878e-01 (3.4377e-01)	Acc pseudo  90.62 ( 87.70)	Lr 1.000e-03 (1.000e-03)
2026-01-15 16:16:36,303 - INFO: Epoch: [0][500/582]	Time  0.029 ( 0.041)	Loss 4.1688e-01 (3.4318e-01)	Acc pseudo  78.12 ( 87.60)	Lr 1.000e-03 (1.000e-03)
2026-01-15 16:16:41,964 - INFO: Epoch: [0][550/582]	Time  0.027 ( 0.042)	Loss 2.4401e-01 (3.4315e-01)	Acc pseudo  87.50 ( 87.59)	Lr 1.000e-03 (1.000e-03)
2026-01-15 16:16:44,923 - INFO: Round 1, Face Fine-tune Epoch 0: loss=0.3441, acc(pseudo)=87.54%
2026-01-15 16:17:42,575 - INFO: Round 1, Face Fine-tune Epoch 0: acc(valid_pseudo): 0.9406, acc: 0.8724
2026-01-15 16:17:45,656 - INFO: Epoch: [1][  0/582]	Time  0.520 ( 0.520)	Loss 2.7988e-01 (2.7988e-01)	Acc pseudo  90.62 ( 90.62)	Lr 1.000e-03 (1.000e-03)
2026-01-15 16:17:50,301 - INFO: Epoch: [1][ 50/582]	Time  0.030 ( 0.041)	Loss 1.8197e-01 (3.0471e-01)	Acc pseudo  92.19 ( 87.99)	Lr 1.000e-03 (1.000e-03)
2026-01-15 16:17:54,942 - INFO: Epoch: [1][100/582]	Time  0.028 ( 0.035)	Loss 6.0649e-01 (2.9769e-01)	Acc pseudo  87.50 ( 88.10)	Lr 1.000e-03 (1.000e-03)
2026-01-15 16:17:59,589 - INFO: Epoch: [1][150/582]	Time  0.028 ( 0.033)	Loss 2.0096e-01 (2.8934e-01)	Acc pseudo  90.62 ( 88.69)	Lr 1.000e-03 (1.000e-03)
2026-01-15 16:18:04,313 - INFO: Epoch: [1][200/582]	Time  0.027 ( 0.032)	Loss 2.1950e-01 (2.9509e-01)	Acc pseudo  93.75 ( 88.67)	Lr 1.000e-03 (1.000e-03)
2026-01-15 16:18:08,962 - INFO: Epoch: [1][250/582]	Time  0.028 ( 0.032)	Loss 2.5248e-01 (2.9684e-01)	Acc pseudo  85.94 ( 88.75)	Lr 1.000e-03 (1.000e-03)
2026-01-15 16:18:13,610 - INFO: Epoch: [1][300/582]	Time  0.028 ( 0.031)	Loss 2.5782e-01 (2.9590e-01)	Acc pseudo  89.06 ( 88.81)	Lr 1.000e-03 (1.000e-03)
2026-01-15 16:18:18,256 - INFO: Epoch: [1][350/582]	Time  0.027 ( 0.031)	Loss 1.5272e-01 (2.9942e-01)	Acc pseudo  92.19 ( 88.50)	Lr 1.000e-03 (1.000e-03)
2026-01-15 16:18:22,901 - INFO: Epoch: [1][400/582]	Time  0.027 ( 0.031)	Loss 3.8151e-01 (3.0080e-01)	Acc pseudo  81.25 ( 88.47)	Lr 1.000e-03 (1.000e-03)
2026-01-15 16:18:27,549 - INFO: Epoch: [1][450/582]	Time  0.027 ( 0.030)	Loss 5.2048e-01 (3.0173e-01)	Acc pseudo  79.69 ( 88.47)	Lr 1.000e-03 (1.000e-03)
2026-01-15 16:18:32,198 - INFO: Epoch: [1][500/582]	Time  0.029 ( 0.030)	Loss 3.4811e-01 (3.0093e-01)	Acc pseudo  89.06 ( 88.49)	Lr 1.000e-03 (1.000e-03)
2026-01-15 16:18:36,846 - INFO: Epoch: [1][550/582]	Time  0.027 ( 0.030)	Loss 1.7837e-01 (3.0266e-01)	Acc pseudo  93.75 ( 88.48)	Lr 1.000e-03 (1.000e-03)
2026-01-15 16:18:39,808 - INFO: Round 1, Face Fine-tune Epoch 1: loss=0.3042, acc(pseudo)=88.43%
2026-01-15 16:19:37,817 - INFO: Round 1, Face Fine-tune Epoch 1: acc(valid_pseudo): 0.9432, acc: 0.8627
2026-01-15 16:19:41,262 - INFO: Epoch: [2][  0/582]	Time  0.482 ( 0.482)	Loss 2.0281e-01 (2.0281e-01)	Acc pseudo  95.31 ( 95.31)	Lr 1.000e-03 (1.000e-03)
2026-01-15 16:19:45,924 - INFO: Epoch: [2][ 50/582]	Time  0.028 ( 0.040)	Loss 3.2699e-01 (2.6057e-01)	Acc pseudo  85.94 ( 89.34)	Lr 1.000e-03 (1.000e-03)
2026-01-15 16:19:50,571 - INFO: Epoch: [2][100/582]	Time  0.029 ( 0.035)	Loss 1.6054e-01 (2.6620e-01)	Acc pseudo  93.75 ( 89.45)	Lr 1.000e-03 (1.000e-03)
2026-01-15 16:19:55,223 - INFO: Epoch: [2][150/582]	Time  0.029 ( 0.033)	Loss 1.3644e-01 (2.6250e-01)	Acc pseudo  90.62 ( 89.52)	Lr 1.000e-03 (1.000e-03)
2026-01-15 16:19:59,871 - INFO: Epoch: [2][200/582]	Time  0.029 ( 0.032)	Loss 3.5872e-01 (2.6903e-01)	Acc pseudo  85.94 ( 89.37)	Lr 1.000e-03 (1.000e-03)
2026-01-15 16:20:04,527 - INFO: Epoch: [2][250/582]	Time  0.029 ( 0.032)	Loss 2.4857e-01 (2.6721e-01)	Acc pseudo  87.50 ( 89.45)	Lr 1.000e-03 (1.000e-03)
2026-01-15 16:20:09,209 - INFO: Epoch: [2][300/582]	Time  0.027 ( 0.032)	Loss 4.2144e-01 (2.7230e-01)	Acc pseudo  89.06 ( 89.35)	Lr 1.000e-03 (1.000e-03)
2026-01-15 16:20:13,870 - INFO: Epoch: [2][350/582]	Time  0.057 ( 0.032)	Loss 2.3046e-01 (2.7285e-01)	Acc pseudo  90.62 ( 89.41)	Lr 1.000e-03 (1.000e-03)
2026-01-15 16:20:18,522 - INFO: Epoch: [2][400/582]	Time  0.027 ( 0.032)	Loss 2.7144e-01 (2.7202e-01)	Acc pseudo  84.38 ( 89.32)	Lr 1.000e-03 (1.000e-03)
2026-01-15 16:20:23,172 - INFO: Epoch: [2][450/582]	Time  0.027 ( 0.031)	Loss 3.6736e-01 (2.7595e-01)	Acc pseudo  87.50 ( 89.19)	Lr 1.000e-03 (1.000e-03)
2026-01-15 16:20:27,827 - INFO: Epoch: [2][500/582]	Time  0.028 ( 0.031)	Loss 2.1946e-01 (2.7885e-01)	Acc pseudo  87.50 ( 89.04)	Lr 1.000e-03 (1.000e-03)
2026-01-15 16:20:32,480 - INFO: Epoch: [2][550/582]	Time  0.027 ( 0.031)	Loss 4.2293e-01 (2.8112e-01)	Acc pseudo  84.38 ( 88.94)	Lr 1.000e-03 (1.000e-03)
2026-01-15 16:20:35,449 - INFO: Round 1, Face Fine-tune Epoch 2: loss=0.2830, acc(pseudo)=88.90%
2026-01-15 16:21:35,346 - INFO: Round 1, Face Fine-tune Epoch 2: acc(valid_pseudo): 0.9429, acc: 0.8656
2026-01-15 16:21:35,346 - INFO: Round 1, Face Fine-tune Epoch 2: No improvement. Patience(epoch): 1/3
2026-01-15 16:21:35,889 - INFO: Epoch: [3][  0/582]	Time  0.496 ( 0.496)	Loss 2.6255e-01 (2.6255e-01)	Acc pseudo  85.94 ( 85.94)	Lr 1.000e-03 (1.000e-03)
2026-01-15 16:21:40,550 - INFO: Epoch: [3][ 50/582]	Time  0.028 ( 0.040)	Loss 1.8911e-01 (2.6846e-01)	Acc pseudo  89.06 ( 89.15)	Lr 1.000e-03 (1.000e-03)
2026-01-15 16:21:45,196 - INFO: Epoch: [3][100/582]	Time  0.027 ( 0.034)	Loss 1.2443e-01 (2.7423e-01)	Acc pseudo  95.31 ( 89.31)	Lr 1.000e-03 (1.000e-03)
2026-01-15 16:21:49,848 - INFO: Epoch: [3][150/582]	Time  0.028 ( 0.032)	Loss 2.2833e-01 (2.7406e-01)	Acc pseudo  89.06 ( 89.29)	Lr 1.000e-03 (1.000e-03)
2026-01-15 16:21:54,496 - INFO: Epoch: [3][200/582]	Time  0.028 ( 0.031)	Loss 2.5514e-01 (2.7427e-01)	Acc pseudo  85.94 ( 89.27)	Lr 1.000e-03 (1.000e-03)
2026-01-15 16:21:59,146 - INFO: Epoch: [3][250/582]	Time  0.027 ( 0.030)	Loss 3.5460e-01 (2.7524e-01)	Acc pseudo  87.50 ( 89.09)	Lr 1.000e-03 (1.000e-03)
2026-01-15 16:22:03,794 - INFO: Epoch: [3][300/582]	Time  0.028 ( 0.030)	Loss 2.8144e-01 (2.7778e-01)	Acc pseudo  85.94 ( 89.07)	Lr 1.000e-03 (1.000e-03)
2026-01-15 16:22:08,448 - INFO: Epoch: [3][350/582]	Time  0.028 ( 0.030)	Loss 1.7197e-01 (2.7240e-01)	Acc pseudo  92.19 ( 89.21)	Lr 1.000e-03 (1.000e-03)
2026-01-15 16:22:13,107 - INFO: Epoch: [3][400/582]	Time  0.029 ( 0.030)	Loss 4.4847e-01 (2.7580e-01)	Acc pseudo  85.94 ( 89.12)	Lr 1.000e-03 (1.000e-03)
2026-01-15 16:22:17,769 - INFO: Epoch: [3][450/582]	Time  0.029 ( 0.030)	Loss 4.6981e-01 (2.7694e-01)	Acc pseudo  85.94 ( 89.16)	Lr 1.000e-03 (1.000e-03)
2026-01-15 16:22:22,430 - INFO: Epoch: [3][500/582]	Time  0.028 ( 0.030)	Loss 3.4027e-01 (2.7702e-01)	Acc pseudo  90.62 ( 89.18)	Lr 1.000e-03 (1.000e-03)
2026-01-15 16:22:27,086 - INFO: Epoch: [3][550/582]	Time  0.028 ( 0.030)	Loss 3.4190e-01 (2.7722e-01)	Acc pseudo  84.38 ( 89.22)	Lr 1.000e-03 (1.000e-03)
2026-01-15 16:22:30,063 - INFO: Round 1, Face Fine-tune Epoch 3: loss=0.2794, acc(pseudo)=89.20%
2026-01-15 16:23:27,941 - INFO: Round 1, Face Fine-tune Epoch 3: acc(valid_pseudo): 0.9461, acc: 0.8617
2026-01-15 16:23:30,888 - INFO: Epoch: [4][  0/582]	Time  0.532 ( 0.532)	Loss 5.6898e-01 (5.6898e-01)	Acc pseudo  81.25 ( 81.25)	Lr 1.000e-03 (1.000e-03)
2026-01-15 16:23:35,554 - INFO: Epoch: [4][ 50/582]	Time  0.030 ( 0.042)	Loss 3.2322e-01 (2.8310e-01)	Acc pseudo  82.81 ( 88.57)	Lr 1.000e-03 (1.000e-03)
2026-01-15 16:23:40,226 - INFO: Epoch: [4][100/582]	Time  0.028 ( 0.037)	Loss 4.3796e-01 (2.6972e-01)	Acc pseudo  82.81 ( 89.50)	Lr 1.000e-03 (1.000e-03)
2026-01-15 16:23:44,940 - INFO: Epoch: [4][150/582]	Time  0.029 ( 0.035)	Loss 3.2785e-01 (2.7060e-01)	Acc pseudo  95.31 ( 89.51)	Lr 1.000e-03 (1.000e-03)
2026-01-15 16:23:49,604 - INFO: Epoch: [4][200/582]	Time  0.028 ( 0.034)	Loss 2.5120e-01 (2.7127e-01)	Acc pseudo  87.50 ( 89.58)	Lr 1.000e-03 (1.000e-03)
2026-01-15 16:23:54,262 - INFO: Epoch: [4][250/582]	Time  0.028 ( 0.033)	Loss 2.7385e-01 (2.7405e-01)	Acc pseudo  85.94 ( 89.65)	Lr 1.000e-03 (1.000e-03)
2026-01-15 16:23:58,918 - INFO: Epoch: [4][300/582]	Time  0.029 ( 0.033)	Loss 1.8159e-01 (2.6848e-01)	Acc pseudo  92.19 ( 89.71)	Lr 1.000e-03 (1.000e-03)
2026-01-15 16:24:03,581 - INFO: Epoch: [4][350/582]	Time  0.029 ( 0.033)	Loss 3.1973e-01 (2.6812e-01)	Acc pseudo  89.06 ( 89.68)	Lr 1.000e-03 (1.000e-03)
2026-01-15 16:24:08,245 - INFO: Epoch: [4][400/582]	Time  0.030 ( 0.033)	Loss 2.4670e-01 (2.7063e-01)	Acc pseudo  85.94 ( 89.60)	Lr 1.000e-03 (1.000e-03)
2026-01-15 16:24:12,906 - INFO: Epoch: [4][450/582]	Time  0.032 ( 0.033)	Loss 5.0569e-01 (2.7231e-01)	Acc pseudo  87.50 ( 89.51)	Lr 1.000e-03 (1.000e-03)
2026-01-15 16:24:17,566 - INFO: Epoch: [4][500/582]	Time  0.029 ( 0.032)	Loss 3.5775e-01 (2.7298e-01)	Acc pseudo  82.81 ( 89.39)	Lr 1.000e-03 (1.000e-03)
2026-01-15 16:24:22,233 - INFO: Epoch: [4][550/582]	Time  0.029 ( 0.032)	Loss 1.5370e-01 (2.7223e-01)	Acc pseudo  90.62 ( 89.37)	Lr 1.000e-03 (1.000e-03)
2026-01-15 16:24:25,277 - INFO: Round 1, Face Fine-tune Epoch 4: loss=0.2712, acc(pseudo)=89.41%
2026-01-15 16:25:24,554 - INFO: Round 1, Face Fine-tune Epoch 4: acc(valid_pseudo): 0.9508, acc: 0.8608
2026-01-15 16:25:27,481 - INFO: Epoch: [5][  0/582]	Time  0.508 ( 0.508)	Loss 2.3693e-01 (2.3693e-01)	Acc pseudo  89.06 ( 89.06)	Lr 1.000e-03 (1.000e-03)
2026-01-15 16:25:32,145 - INFO: Epoch: [5][ 50/582]	Time  0.033 ( 0.044)	Loss 3.0059e-01 (2.5592e-01)	Acc pseudo  87.50 ( 89.68)	Lr 1.000e-03 (1.000e-03)
2026-01-15 16:25:36,793 - INFO: Epoch: [5][100/582]	Time  0.029 ( 0.037)	Loss 2.1246e-01 (2.4216e-01)	Acc pseudo  90.62 ( 90.27)	Lr 1.000e-03 (1.000e-03)
2026-01-15 16:25:41,447 - INFO: Epoch: [5][150/582]	Time  0.028 ( 0.034)	Loss 2.6967e-01 (2.4427e-01)	Acc pseudo  87.50 ( 90.21)	Lr 1.000e-03 (1.000e-03)
2026-01-15 16:25:46,107 - INFO: Epoch: [5][200/582]	Time  0.040 ( 0.033)	Loss 2.6341e-01 (2.3943e-01)	Acc pseudo  87.50 ( 90.50)	Lr 1.000e-03 (1.000e-03)
2026-01-15 16:25:50,770 - INFO: Epoch: [5][250/582]	Time  0.030 ( 0.032)	Loss 1.3067e-01 (2.4564e-01)	Acc pseudo  93.75 ( 90.26)	Lr 1.000e-03 (1.000e-03)
2026-01-15 16:25:55,475 - INFO: Epoch: [5][300/582]	Time  0.027 ( 0.033)	Loss 1.4355e-01 (2.4820e-01)	Acc pseudo  93.75 ( 90.13)	Lr 1.000e-03 (1.000e-03)
2026-01-15 16:26:00,152 - INFO: Epoch: [5][350/582]	Time  0.029 ( 0.032)	Loss 4.2464e-01 (2.5401e-01)	Acc pseudo  87.50 ( 90.02)	Lr 1.000e-03 (1.000e-03)
2026-01-15 16:26:04,808 - INFO: Epoch: [5][400/582]	Time  0.029 ( 0.032)	Loss 1.0413e-01 (2.5581e-01)	Acc pseudo  95.31 ( 89.93)	Lr 1.000e-03 (1.000e-03)
2026-01-15 16:26:09,462 - INFO: Epoch: [5][450/582]	Time  0.027 ( 0.031)	Loss 1.5553e-01 (2.5648e-01)	Acc pseudo  93.75 ( 89.81)	Lr 1.000e-03 (1.000e-03)
2026-01-15 16:26:14,119 - INFO: Epoch: [5][500/582]	Time  0.027 ( 0.031)	Loss 2.8411e-01 (2.5752e-01)	Acc pseudo  87.50 ( 89.74)	Lr 1.000e-03 (1.000e-03)
2026-01-15 16:26:18,780 - INFO: Epoch: [5][550/582]	Time  0.037 ( 0.031)	Loss 2.1292e-01 (2.5805e-01)	Acc pseudo  85.94 ( 89.65)	Lr 1.000e-03 (1.000e-03)
2026-01-15 16:26:21,755 - INFO: Round 1, Face Fine-tune Epoch 5: loss=0.2609, acc(pseudo)=89.59%
2026-01-15 16:27:22,098 - INFO: Round 1, Face Fine-tune Epoch 5: acc(valid_pseudo): 0.9513, acc: 0.8724
2026-01-15 16:27:25,390 - INFO: Epoch: [6][  0/582]	Time  0.491 ( 0.491)	Loss 1.9494e-01 (1.9494e-01)	Acc pseudo  92.19 ( 92.19)	Lr 1.000e-03 (1.000e-03)
2026-01-15 16:27:30,051 - INFO: Epoch: [6][ 50/582]	Time  0.030 ( 0.041)	Loss 2.4120e-01 (2.2605e-01)	Acc pseudo  95.31 ( 91.05)	Lr 1.000e-03 (1.000e-03)
2026-01-15 16:27:34,705 - INFO: Epoch: [6][100/582]	Time  0.028 ( 0.035)	Loss 2.3018e-01 (2.3670e-01)	Acc pseudo  87.50 ( 90.72)	Lr 1.000e-03 (1.000e-03)
2026-01-15 16:27:39,358 - INFO: Epoch: [6][150/582]	Time  0.029 ( 0.033)	Loss 2.9490e-01 (2.4374e-01)	Acc pseudo  87.50 ( 90.14)	Lr 1.000e-03 (1.000e-03)
2026-01-15 16:27:44,014 - INFO: Epoch: [6][200/582]	Time  0.028 ( 0.032)	Loss 2.5740e-01 (2.4300e-01)	Acc pseudo  92.19 ( 90.10)	Lr 1.000e-03 (1.000e-03)
2026-01-15 16:27:48,670 - INFO: Epoch: [6][250/582]	Time  0.027 ( 0.031)	Loss 2.6170e-01 (2.4254e-01)	Acc pseudo  87.50 ( 90.08)	Lr 1.000e-03 (1.000e-03)
2026-01-15 16:27:53,330 - INFO: Epoch: [6][300/582]	Time  0.034 ( 0.031)	Loss 4.6285e-01 (2.4276e-01)	Acc pseudo  75.00 ( 90.16)	Lr 1.000e-03 (1.000e-03)
2026-01-15 16:27:57,989 - INFO: Epoch: [6][350/582]	Time  0.030 ( 0.031)	Loss 1.5995e-01 (2.4337e-01)	Acc pseudo  93.75 ( 90.30)	Lr 1.000e-03 (1.000e-03)
2026-01-15 16:28:02,664 - INFO: Epoch: [6][400/582]	Time  0.029 ( 0.031)	Loss 3.9213e-01 (2.4358e-01)	Acc pseudo  84.38 ( 90.21)	Lr 1.000e-03 (1.000e-03)
2026-01-15 16:28:07,326 - INFO: Epoch: [6][450/582]	Time  0.029 ( 0.031)	Loss 2.3087e-01 (2.4619e-01)	Acc pseudo  89.06 ( 90.17)	Lr 1.000e-03 (1.000e-03)
2026-01-15 16:28:11,979 - INFO: Epoch: [6][500/582]	Time  0.027 ( 0.030)	Loss 3.4527e-01 (2.4763e-01)	Acc pseudo  87.50 ( 90.12)	Lr 1.000e-03 (1.000e-03)
2026-01-15 16:28:16,634 - INFO: Epoch: [6][550/582]	Time  0.027 ( 0.030)	Loss 2.4148e-01 (2.4949e-01)	Acc pseudo  90.62 ( 89.99)	Lr 1.000e-03 (1.000e-03)
2026-01-15 16:28:19,600 - INFO: Round 1, Face Fine-tune Epoch 6: loss=0.2497, acc(pseudo)=89.96%
2026-01-15 16:29:18,764 - INFO: Round 1, Face Fine-tune Epoch 6: acc(valid_pseudo): 0.9543, acc: 0.8627
2026-01-15 16:29:21,804 - INFO: Epoch: [7][  0/582]	Time  0.487 ( 0.487)	Loss 3.8728e-01 (3.8728e-01)	Acc pseudo  84.38 ( 84.38)	Lr 1.000e-03 (1.000e-03)
2026-01-15 16:29:26,464 - INFO: Epoch: [7][ 50/582]	Time  0.029 ( 0.040)	Loss 1.2219e-01 (2.2836e-01)	Acc pseudo  96.88 ( 90.81)	Lr 1.000e-03 (1.000e-03)
2026-01-15 16:29:31,120 - INFO: Epoch: [7][100/582]	Time  0.028 ( 0.035)	Loss 2.0802e-01 (2.3559e-01)	Acc pseudo  92.19 ( 90.38)	Lr 1.000e-03 (1.000e-03)
2026-01-15 16:29:35,779 - INFO: Epoch: [7][150/582]	Time  0.030 ( 0.033)	Loss 3.4386e-01 (2.3915e-01)	Acc pseudo  90.62 ( 90.38)	Lr 1.000e-03 (1.000e-03)
2026-01-15 16:29:40,438 - INFO: Epoch: [7][200/582]	Time  0.036 ( 0.033)	Loss 2.4454e-01 (2.3676e-01)	Acc pseudo  96.88 ( 90.48)	Lr 1.000e-03 (1.000e-03)
2026-01-15 16:29:45,098 - INFO: Epoch: [7][250/582]	Time  0.028 ( 0.032)	Loss 1.6038e-01 (2.4164e-01)	Acc pseudo  95.31 ( 90.40)	Lr 1.000e-03 (1.000e-03)
2026-01-15 16:29:49,752 - INFO: Epoch: [7][300/582]	Time  0.029 ( 0.032)	Loss 1.2026e-01 (2.4173e-01)	Acc pseudo  93.75 ( 90.39)	Lr 1.000e-03 (1.000e-03)
2026-01-15 16:29:54,410 - INFO: Epoch: [7][350/582]	Time  0.029 ( 0.031)	Loss 3.3459e-01 (2.4088e-01)	Acc pseudo  81.25 ( 90.26)	Lr 1.000e-03 (1.000e-03)
2026-01-15 16:29:59,071 - INFO: Epoch: [7][400/582]	Time  0.028 ( 0.031)	Loss 2.7078e-01 (2.4269e-01)	Acc pseudo  84.38 ( 90.09)	Lr 1.000e-03 (1.000e-03)
2026-01-15 16:30:03,734 - INFO: Epoch: [7][450/582]	Time  0.028 ( 0.031)	Loss 1.6692e-01 (2.4256e-01)	Acc pseudo  93.75 ( 90.10)	Lr 1.000e-03 (1.000e-03)
2026-01-15 16:30:08,424 - INFO: Epoch: [7][500/582]	Time  0.039 ( 0.031)	Loss 2.4231e-01 (2.4119e-01)	Acc pseudo  93.75 ( 90.16)	Lr 1.000e-03 (1.000e-03)
2026-01-15 16:30:13,180 - INFO: Epoch: [7][550/582]	Time  0.027 ( 0.031)	Loss 1.8773e-01 (2.4333e-01)	Acc pseudo  85.94 ( 90.13)	Lr 1.000e-03 (1.000e-03)
2026-01-15 16:30:16,147 - INFO: Round 1, Face Fine-tune Epoch 7: loss=0.2457, acc(pseudo)=90.12%
2026-01-15 16:31:14,606 - INFO: Round 1, Face Fine-tune Epoch 7: acc(valid_pseudo): 0.9555, acc: 0.8539
2026-01-15 16:31:17,560 - INFO: Epoch: [8][  0/582]	Time  0.510 ( 0.510)	Loss 1.9952e-01 (1.9952e-01)	Acc pseudo  92.19 ( 92.19)	Lr 1.000e-03 (1.000e-03)
2026-01-15 16:31:22,212 - INFO: Epoch: [8][ 50/582]	Time  0.028 ( 0.044)	Loss 1.3318e-01 (2.2984e-01)	Acc pseudo  92.19 ( 90.62)	Lr 1.000e-03 (1.000e-03)
2026-01-15 16:31:26,866 - INFO: Epoch: [8][100/582]	Time  0.041 ( 0.037)	Loss 1.6025e-01 (2.2186e-01)	Acc pseudo  90.62 ( 90.61)	Lr 1.000e-03 (1.000e-03)
2026-01-15 16:31:31,594 - INFO: Epoch: [8][150/582]	Time  0.029 ( 0.035)	Loss 2.1192e-01 (2.2176e-01)	Acc pseudo  90.62 ( 90.79)	Lr 1.000e-03 (1.000e-03)
2026-01-15 16:31:36,317 - INFO: Epoch: [8][200/582]	Time  0.030 ( 0.035)	Loss 2.4331e-01 (2.2240e-01)	Acc pseudo  87.50 ( 90.69)	Lr 1.000e-03 (1.000e-03)
2026-01-15 16:31:40,967 - INFO: Epoch: [8][250/582]	Time  0.027 ( 0.033)	Loss 3.1103e-01 (2.2339e-01)	Acc pseudo  87.50 ( 90.69)	Lr 1.000e-03 (1.000e-03)
2026-01-15 16:31:45,620 - INFO: Epoch: [8][300/582]	Time  0.027 ( 0.032)	Loss 2.3050e-01 (2.3185e-01)	Acc pseudo  89.06 ( 90.59)	Lr 1.000e-03 (1.000e-03)
2026-01-15 16:31:50,274 - INFO: Epoch: [8][350/582]	Time  0.038 ( 0.032)	Loss 1.0249e-01 (2.3312e-01)	Acc pseudo  95.31 ( 90.54)	Lr 1.000e-03 (1.000e-03)
2026-01-15 16:31:54,928 - INFO: Epoch: [8][400/582]	Time  0.028 ( 0.032)	Loss 1.9732e-01 (2.3508e-01)	Acc pseudo  87.50 ( 90.45)	Lr 1.000e-03 (1.000e-03)
2026-01-15 16:31:59,591 - INFO: Epoch: [8][450/582]	Time  0.028 ( 0.032)	Loss 2.3201e-01 (2.3669e-01)	Acc pseudo  89.06 ( 90.32)	Lr 1.000e-03 (1.000e-03)
2026-01-15 16:32:04,257 - INFO: Epoch: [8][500/582]	Time  0.029 ( 0.031)	Loss 2.5430e-01 (2.3493e-01)	Acc pseudo  89.06 ( 90.37)	Lr 1.000e-03 (1.000e-03)
2026-01-15 16:32:08,914 - INFO: Epoch: [8][550/582]	Time  0.027 ( 0.031)	Loss 1.9636e-01 (2.3522e-01)	Acc pseudo  90.62 ( 90.28)	Lr 1.000e-03 (1.000e-03)
2026-01-15 16:32:11,893 - INFO: Round 1, Face Fine-tune Epoch 8: loss=0.2374, acc(pseudo)=90.23%
2026-01-15 16:33:11,022 - INFO: Round 1, Face Fine-tune Epoch 8: acc(valid_pseudo): 0.9591, acc: 0.8724
2026-01-15 16:33:14,000 - INFO: Epoch: [9][  0/582]	Time  0.513 ( 0.513)	Loss 1.9600e-01 (1.9600e-01)	Acc pseudo  95.31 ( 95.31)	Lr 1.000e-03 (1.000e-03)
2026-01-15 16:33:18,667 - INFO: Epoch: [9][ 50/582]	Time  0.029 ( 0.046)	Loss 3.1368e-01 (2.1598e-01)	Acc pseudo  89.06 ( 90.35)	Lr 1.000e-03 (1.000e-03)
2026-01-15 16:33:23,320 - INFO: Epoch: [9][100/582]	Time  0.027 ( 0.037)	Loss 8.6434e-02 (2.2235e-01)	Acc pseudo  93.75 ( 90.59)	Lr 1.000e-03 (1.000e-03)
2026-01-15 16:33:27,980 - INFO: Epoch: [9][150/582]	Time  0.029 ( 0.035)	Loss 2.5595e-01 (2.3370e-01)	Acc pseudo  87.50 ( 90.31)	Lr 1.000e-03 (1.000e-03)
2026-01-15 16:33:32,638 - INFO: Epoch: [9][200/582]	Time  0.029 ( 0.033)	Loss 1.8285e-01 (2.3018e-01)	Acc pseudo  95.31 ( 90.49)	Lr 1.000e-03 (1.000e-03)
2026-01-15 16:33:37,292 - INFO: Epoch: [9][250/582]	Time  0.027 ( 0.033)	Loss 1.1745e-01 (2.2939e-01)	Acc pseudo  92.19 ( 90.51)	Lr 1.000e-03 (1.000e-03)
2026-01-15 16:33:42,041 - INFO: Epoch: [9][300/582]	Time  0.028 ( 0.032)	Loss 3.3691e-01 (2.2751e-01)	Acc pseudo  89.06 ( 90.51)	Lr 1.000e-03 (1.000e-03)
2026-01-15 16:33:46,708 - INFO: Epoch: [9][350/582]	Time  0.028 ( 0.032)	Loss 2.4043e-01 (2.2991e-01)	Acc pseudo  95.31 ( 90.55)	Lr 1.000e-03 (1.000e-03)
2026-01-15 16:33:51,362 - INFO: Epoch: [9][400/582]	Time  0.029 ( 0.031)	Loss 4.1649e-01 (2.3212e-01)	Acc pseudo  85.94 ( 90.46)	Lr 1.000e-03 (1.000e-03)
2026-01-15 16:33:56,015 - INFO: Epoch: [9][450/582]	Time  0.027 ( 0.031)	Loss 1.0240e-01 (2.3045e-01)	Acc pseudo  96.88 ( 90.50)	Lr 1.000e-03 (1.000e-03)
2026-01-15 16:34:00,675 - INFO: Epoch: [9][500/582]	Time  0.029 ( 0.031)	Loss 1.2894e-01 (2.3359e-01)	Acc pseudo  96.88 ( 90.43)	Lr 1.000e-03 (1.000e-03)
2026-01-15 16:34:05,344 - INFO: Epoch: [9][550/582]	Time  0.029 ( 0.031)	Loss 1.5792e-01 (2.3405e-01)	Acc pseudo  92.19 ( 90.45)	Lr 1.000e-03 (1.000e-03)
2026-01-15 16:34:08,330 - INFO: Round 1, Face Fine-tune Epoch 9: loss=0.2334, acc(pseudo)=90.46%
2026-01-15 16:35:08,763 - INFO: Round 1, Face Fine-tune Epoch 9: acc(valid_pseudo): 0.9605, acc: 0.8647
2026-01-15 16:35:13,044 - INFO: Epoch: [10][  0/582]	Time  1.054 ( 1.054)	Loss 2.2323e-01 (2.2323e-01)	Acc pseudo  90.62 ( 90.62)	Lr 1.000e-03 (1.000e-03)
2026-01-15 16:35:17,706 - INFO: Epoch: [10][ 50/582]	Time  0.038 ( 0.053)	Loss 2.7521e-01 (2.2225e-01)	Acc pseudo  85.94 ( 90.78)	Lr 1.000e-03 (1.000e-03)
2026-01-15 16:35:22,358 - INFO: Epoch: [10][100/582]	Time  0.028 ( 0.044)	Loss 2.1119e-01 (2.2197e-01)	Acc pseudo  87.50 ( 90.89)	Lr 1.000e-03 (1.000e-03)
2026-01-15 16:35:27,012 - INFO: Epoch: [10][150/582]	Time  0.028 ( 0.040)	Loss 3.1142e-01 (2.2165e-01)	Acc pseudo  87.50 ( 90.99)	Lr 1.000e-03 (1.000e-03)
2026-01-15 16:35:31,661 - INFO: Epoch: [10][200/582]	Time  0.027 ( 0.037)	Loss 2.7758e-01 (2.1956e-01)	Acc pseudo  89.06 ( 91.03)	Lr 1.000e-03 (1.000e-03)
2026-01-15 16:35:36,311 - INFO: Epoch: [10][250/582]	Time  0.027 ( 0.036)	Loss 2.6022e-01 (2.2436e-01)	Acc pseudo  87.50 ( 90.91)	Lr 1.000e-03 (1.000e-03)
2026-01-15 16:35:40,977 - INFO: Epoch: [10][300/582]	Time  0.029 ( 0.035)	Loss 2.1448e-01 (2.2334e-01)	Acc pseudo  92.19 ( 91.04)	Lr 1.000e-03 (1.000e-03)
2026-01-15 16:35:45,627 - INFO: Epoch: [10][350/582]	Time  0.028 ( 0.034)	Loss 3.7142e-01 (2.2581e-01)	Acc pseudo  84.38 ( 91.06)	Lr 1.000e-03 (1.000e-03)
2026-01-15 16:35:50,285 - INFO: Epoch: [10][400/582]	Time  0.029 ( 0.034)	Loss 1.9016e-01 (2.2583e-01)	Acc pseudo  87.50 ( 90.94)	Lr 1.000e-03 (1.000e-03)
2026-01-15 16:35:54,998 - INFO: Epoch: [10][450/582]	Time  0.027 ( 0.033)	Loss 4.5477e-01 (2.2716e-01)	Acc pseudo  90.62 ( 90.87)	Lr 1.000e-03 (1.000e-03)
2026-01-15 16:35:59,656 - INFO: Epoch: [10][500/582]	Time  0.029 ( 0.033)	Loss 4.9890e-01 (2.2793e-01)	Acc pseudo  81.25 ( 90.77)	Lr 1.000e-03 (1.000e-03)
2026-01-15 16:36:04,316 - INFO: Epoch: [10][550/582]	Time  0.072 ( 0.033)	Loss 2.6950e-01 (2.2856e-01)	Acc pseudo  90.62 ( 90.69)	Lr 1.000e-03 (1.000e-03)
2026-01-15 16:36:07,292 - INFO: Round 1, Face Fine-tune Epoch 10: loss=0.2292, acc(pseudo)=90.65%
2026-01-15 16:37:06,193 - INFO: Round 1, Face Fine-tune Epoch 10: acc(valid_pseudo): 0.9572, acc: 0.8715
2026-01-15 16:37:06,193 - INFO: Round 1, Face Fine-tune Epoch 10: No improvement. Patience(epoch): 1/3
2026-01-15 16:37:06,733 - INFO: Epoch: [11][  0/582]	Time  0.491 ( 0.491)	Loss 1.3166e-01 (1.3166e-01)	Acc pseudo  92.19 ( 92.19)	Lr 1.000e-03 (1.000e-03)
2026-01-15 16:37:11,400 - INFO: Epoch: [11][ 50/582]	Time  0.028 ( 0.042)	Loss 2.8423e-01 (2.1465e-01)	Acc pseudo  84.38 ( 91.64)	Lr 1.000e-03 (1.000e-03)
2026-01-15 16:37:16,125 - INFO: Epoch: [11][100/582]	Time  0.027 ( 0.037)	Loss 1.7685e-01 (2.0689e-01)	Acc pseudo  90.62 ( 91.80)	Lr 1.000e-03 (1.000e-03)
2026-01-15 16:37:20,806 - INFO: Epoch: [11][150/582]	Time  0.031 ( 0.036)	Loss 3.3270e-01 (2.1395e-01)	Acc pseudo  89.06 ( 91.56)	Lr 1.000e-03 (1.000e-03)
2026-01-15 16:37:25,469 - INFO: Epoch: [11][200/582]	Time  0.030 ( 0.034)	Loss 1.9559e-01 (2.1869e-01)	Acc pseudo  90.62 ( 91.18)	Lr 1.000e-03 (1.000e-03)
2026-01-15 16:37:30,140 - INFO: Epoch: [11][250/582]	Time  0.030 ( 0.034)	Loss 1.3338e-01 (2.1865e-01)	Acc pseudo  92.19 ( 91.18)	Lr 1.000e-03 (1.000e-03)
2026-01-15 16:37:34,799 - INFO: Epoch: [11][300/582]	Time  0.028 ( 0.033)	Loss 1.9663e-01 (2.1993e-01)	Acc pseudo  90.62 ( 91.12)	Lr 1.000e-03 (1.000e-03)
2026-01-15 16:37:39,457 - INFO: Epoch: [11][350/582]	Time  0.034 ( 0.032)	Loss 1.7055e-01 (2.2297e-01)	Acc pseudo  89.06 ( 91.02)	Lr 1.000e-03 (1.000e-03)
2026-01-15 16:37:44,128 - INFO: Epoch: [11][400/582]	Time  0.032 ( 0.032)	Loss 2.3100e-01 (2.2280e-01)	Acc pseudo  87.50 ( 90.95)	Lr 1.000e-03 (1.000e-03)
2026-01-15 16:37:48,794 - INFO: Epoch: [11][450/582]	Time  0.028 ( 0.032)	Loss 1.9355e-01 (2.2412e-01)	Acc pseudo  92.19 ( 90.93)	Lr 1.000e-03 (1.000e-03)
2026-01-15 16:37:53,457 - INFO: Epoch: [11][500/582]	Time  0.029 ( 0.031)	Loss 2.0083e-01 (2.2467e-01)	Acc pseudo  90.62 ( 90.88)	Lr 1.000e-03 (1.000e-03)
2026-01-15 16:37:58,115 - INFO: Epoch: [11][550/582]	Time  0.031 ( 0.031)	Loss 3.4379e-01 (2.2490e-01)	Acc pseudo  87.50 ( 90.85)	Lr 1.000e-03 (1.000e-03)
2026-01-15 16:38:01,107 - INFO: Round 1, Face Fine-tune Epoch 11: loss=0.2243, acc(pseudo)=90.86%
2026-01-15 16:39:00,250 - INFO: Round 1, Face Fine-tune Epoch 11: acc(valid_pseudo): 0.9634, acc: 0.8724
2026-01-15 16:39:03,319 - INFO: Epoch: [12][  0/582]	Time  0.495 ( 0.495)	Loss 1.9563e-01 (1.9563e-01)	Acc pseudo  89.06 ( 89.06)	Lr 1.000e-03 (1.000e-03)
2026-01-15 16:39:07,983 - INFO: Epoch: [12][ 50/582]	Time  0.028 ( 0.040)	Loss 1.6298e-01 (2.2313e-01)	Acc pseudo  93.75 ( 91.12)	Lr 1.000e-03 (1.000e-03)
2026-01-15 16:39:12,640 - INFO: Epoch: [12][100/582]	Time  0.028 ( 0.035)	Loss 1.4230e-01 (2.2136e-01)	Acc pseudo  92.19 ( 91.15)	Lr 1.000e-03 (1.000e-03)
2026-01-15 16:39:17,304 - INFO: Epoch: [12][150/582]	Time  0.029 ( 0.033)	Loss 1.4484e-01 (2.2197e-01)	Acc pseudo  95.31 ( 91.34)	Lr 1.000e-03 (1.000e-03)
2026-01-15 16:39:21,966 - INFO: Epoch: [12][200/582]	Time  0.030 ( 0.033)	Loss 1.2593e-01 (2.2032e-01)	Acc pseudo  95.31 ( 91.32)	Lr 1.000e-03 (1.000e-03)
2026-01-15 16:39:26,632 - INFO: Epoch: [12][250/582]	Time  0.028 ( 0.032)	Loss 1.8268e-01 (2.2248e-01)	Acc pseudo  89.06 ( 91.14)	Lr 1.000e-03 (1.000e-03)
2026-01-15 16:39:31,297 - INFO: Epoch: [12][300/582]	Time  0.030 ( 0.032)	Loss 2.5675e-01 (2.2317e-01)	Acc pseudo  85.94 ( 91.06)	Lr 1.000e-03 (1.000e-03)
2026-01-15 16:39:35,962 - INFO: Epoch: [12][350/582]	Time  0.029 ( 0.031)	Loss 2.4891e-01 (2.2744e-01)	Acc pseudo  90.62 ( 90.87)	Lr 1.000e-03 (1.000e-03)
2026-01-15 16:39:40,622 - INFO: Epoch: [12][400/582]	Time  0.027 ( 0.031)	Loss 2.4818e-01 (2.2687e-01)	Acc pseudo  90.62 ( 90.78)	Lr 1.000e-03 (1.000e-03)
2026-01-15 16:39:45,285 - INFO: Epoch: [12][450/582]	Time  0.029 ( 0.031)	Loss 2.1938e-01 (2.2803e-01)	Acc pseudo  93.75 ( 90.76)	Lr 1.000e-03 (1.000e-03)
2026-01-15 16:39:49,943 - INFO: Epoch: [12][500/582]	Time  0.031 ( 0.031)	Loss 3.0367e-01 (2.3230e-01)	Acc pseudo  85.94 ( 90.74)	Lr 1.000e-03 (1.000e-03)
2026-01-15 16:39:54,595 - INFO: Epoch: [12][550/582]	Time  0.027 ( 0.031)	Loss 2.7863e-01 (2.3291e-01)	Acc pseudo  89.06 ( 90.67)	Lr 1.000e-03 (1.000e-03)
2026-01-15 16:39:57,572 - INFO: Round 1, Face Fine-tune Epoch 12: loss=0.2331, acc(pseudo)=90.69%
2026-01-15 16:40:56,354 - INFO: Round 1, Face Fine-tune Epoch 12: acc(valid_pseudo): 0.9604, acc: 0.8647
2026-01-15 16:40:56,355 - INFO: Round 1, Face Fine-tune Epoch 12: No improvement. Patience(epoch): 1/3
2026-01-15 16:40:56,921 - INFO: Epoch: [13][  0/582]	Time  0.519 ( 0.519)	Loss 1.5138e-01 (1.5138e-01)	Acc pseudo  92.19 ( 92.19)	Lr 1.000e-03 (1.000e-03)
2026-01-15 16:41:01,590 - INFO: Epoch: [13][ 50/582]	Time  0.028 ( 0.041)	Loss 2.3148e-01 (2.0447e-01)	Acc pseudo  90.62 ( 91.15)	Lr 1.000e-03 (1.000e-03)
2026-01-15 16:41:06,249 - INFO: Epoch: [13][100/582]	Time  0.030 ( 0.035)	Loss 1.3008e-01 (2.1324e-01)	Acc pseudo  92.19 ( 91.24)	Lr 1.000e-03 (1.000e-03)
2026-01-15 16:41:10,912 - INFO: Epoch: [13][150/582]	Time  0.029 ( 0.033)	Loss 1.9380e-01 (2.1835e-01)	Acc pseudo  92.19 ( 90.94)	Lr 1.000e-03 (1.000e-03)
2026-01-15 16:41:15,579 - INFO: Epoch: [13][200/582]	Time  0.042 ( 0.032)	Loss 3.0054e-01 (2.2366e-01)	Acc pseudo  82.81 ( 90.88)	Lr 1.000e-03 (1.000e-03)
2026-01-15 16:41:20,246 - INFO: Epoch: [13][250/582]	Time  0.027 ( 0.031)	Loss 2.2922e-01 (2.2303e-01)	Acc pseudo  90.62 ( 90.77)	Lr 1.000e-03 (1.000e-03)
2026-01-15 16:41:24,913 - INFO: Epoch: [13][300/582]	Time  0.029 ( 0.031)	Loss 3.3294e-01 (2.2364e-01)	Acc pseudo  90.62 ( 90.75)	Lr 1.000e-03 (1.000e-03)
2026-01-15 16:41:29,623 - INFO: Epoch: [13][350/582]	Time  0.028 ( 0.032)	Loss 2.7977e-01 (2.2654e-01)	Acc pseudo  84.38 ( 90.61)	Lr 1.000e-03 (1.000e-03)
2026-01-15 16:41:34,387 - INFO: Epoch: [13][400/582]	Time  0.027 ( 0.032)	Loss 2.3006e-01 (2.2577e-01)	Acc pseudo  92.19 ( 90.64)	Lr 1.000e-03 (1.000e-03)
2026-01-15 16:41:39,052 - INFO: Epoch: [13][450/582]	Time  0.028 ( 0.031)	Loss 2.3580e-01 (2.2287e-01)	Acc pseudo  89.06 ( 90.69)	Lr 1.000e-03 (1.000e-03)
2026-01-15 16:41:43,708 - INFO: Epoch: [13][500/582]	Time  0.028 ( 0.031)	Loss 3.1195e-01 (2.2324e-01)	Acc pseudo  89.06 ( 90.73)	Lr 1.000e-03 (1.000e-03)
2026-01-15 16:41:48,368 - INFO: Epoch: [13][550/582]	Time  0.028 ( 0.031)	Loss 3.1181e-01 (2.2563e-01)	Acc pseudo  87.50 ( 90.63)	Lr 1.000e-03 (1.000e-03)
2026-01-15 16:41:51,337 - INFO: Round 1, Face Fine-tune Epoch 13: loss=0.2256, acc(pseudo)=90.63%
2026-01-15 16:42:50,284 - INFO: Round 1, Face Fine-tune Epoch 13: acc(valid_pseudo): 0.9640, acc: 0.8705
2026-01-15 16:42:53,527 - INFO: Epoch: [14][  0/582]	Time  0.503 ( 0.503)	Loss 1.4619e-01 (1.4619e-01)	Acc pseudo  90.62 ( 90.62)	Lr 1.000e-03 (1.000e-03)
2026-01-15 16:42:58,278 - INFO: Epoch: [14][ 50/582]	Time  0.097 ( 0.047)	Loss 2.1631e-01 (2.0696e-01)	Acc pseudo  92.19 ( 91.82)	Lr 1.000e-03 (1.000e-03)
2026-01-15 16:43:02,940 - INFO: Epoch: [14][100/582]	Time  0.030 ( 0.039)	Loss 1.1266e-01 (1.9851e-01)	Acc pseudo  90.62 ( 91.86)	Lr 1.000e-03 (1.000e-03)
2026-01-15 16:43:07,603 - INFO: Epoch: [14][150/582]	Time  0.028 ( 0.036)	Loss 2.3387e-01 (1.9954e-01)	Acc pseudo  85.94 ( 91.71)	Lr 1.000e-03 (1.000e-03)
2026-01-15 16:43:12,269 - INFO: Epoch: [14][200/582]	Time  0.028 ( 0.035)	Loss 4.8936e-01 (2.0483e-01)	Acc pseudo  84.38 ( 91.49)	Lr 1.000e-03 (1.000e-03)
2026-01-15 16:43:16,935 - INFO: Epoch: [14][250/582]	Time  0.027 ( 0.034)	Loss 1.5443e-01 (2.1120e-01)	Acc pseudo  90.62 ( 91.31)	Lr 1.000e-03 (1.000e-03)
2026-01-15 16:43:21,598 - INFO: Epoch: [14][300/582]	Time  0.028 ( 0.033)	Loss 1.6279e-01 (2.1104e-01)	Acc pseudo  90.62 ( 91.22)	Lr 1.000e-03 (1.000e-03)
2026-01-15 16:43:26,265 - INFO: Epoch: [14][350/582]	Time  0.028 ( 0.032)	Loss 1.3577e-01 (2.1094e-01)	Acc pseudo  95.31 ( 91.15)	Lr 1.000e-03 (1.000e-03)
2026-01-15 16:43:30,924 - INFO: Epoch: [14][400/582]	Time  0.027 ( 0.032)	Loss 3.2350e-01 (2.1194e-01)	Acc pseudo  87.50 ( 91.16)	Lr 1.000e-03 (1.000e-03)
2026-01-15 16:43:35,576 - INFO: Epoch: [14][450/582]	Time  0.028 ( 0.031)	Loss 2.2362e-01 (2.1514e-01)	Acc pseudo  90.62 ( 91.05)	Lr 1.000e-03 (1.000e-03)
2026-01-15 16:43:40,252 - INFO: Epoch: [14][500/582]	Time  0.028 ( 0.031)	Loss 1.4732e-01 (2.1476e-01)	Acc pseudo  93.75 ( 91.04)	Lr 1.000e-03 (1.000e-03)
2026-01-15 16:43:44,916 - INFO: Epoch: [14][550/582]	Time  0.030 ( 0.031)	Loss 2.5348e-01 (2.1520e-01)	Acc pseudo  85.94 ( 91.00)	Lr 1.000e-03 (1.000e-03)
2026-01-15 16:43:47,891 - INFO: Round 1, Face Fine-tune Epoch 14: loss=0.2163, acc(pseudo)=90.99%
2026-01-15 16:44:46,091 - INFO: Round 1, Face Fine-tune Epoch 14: acc(valid_pseudo): 0.9657, acc: 0.8676
2026-01-15 16:44:49,135 - INFO: Epoch: [15][  0/582]	Time  0.572 ( 0.572)	Loss 3.2270e-01 (3.2270e-01)	Acc pseudo  92.19 ( 92.19)	Lr 1.000e-03 (1.000e-03)
2026-01-15 16:44:53,798 - INFO: Epoch: [15][ 50/582]	Time  0.028 ( 0.048)	Loss 8.9183e-01 (2.5233e-01)	Acc pseudo  81.25 ( 90.17)	Lr 1.000e-03 (1.000e-03)
2026-01-15 16:44:58,459 - INFO: Epoch: [15][100/582]	Time  0.031 ( 0.039)	Loss 3.0051e-01 (2.5767e-01)	Acc pseudo  82.81 ( 90.04)	Lr 1.000e-03 (1.000e-03)
2026-01-15 16:45:03,127 - INFO: Epoch: [15][150/582]	Time  0.029 ( 0.037)	Loss 2.0010e-01 (2.6240e-01)	Acc pseudo  93.75 ( 89.88)	Lr 1.000e-03 (1.000e-03)
2026-01-15 16:45:07,811 - INFO: Epoch: [15][200/582]	Time  0.041 ( 0.037)	Loss 2.1034e-01 (2.6411e-01)	Acc pseudo  92.19 ( 89.79)	Lr 1.000e-03 (1.000e-03)
2026-01-15 16:45:12,478 - INFO: Epoch: [15][250/582]	Time  0.032 ( 0.036)	Loss 1.5228e-01 (2.6379e-01)	Acc pseudo  92.19 ( 89.74)	Lr 1.000e-03 (1.000e-03)
2026-01-15 16:45:17,143 - INFO: Epoch: [15][300/582]	Time  0.030 ( 0.035)	Loss 7.6964e-01 (2.6468e-01)	Acc pseudo  84.38 ( 89.77)	Lr 1.000e-03 (1.000e-03)
2026-01-15 16:45:21,806 - INFO: Epoch: [15][350/582]	Time  0.028 ( 0.034)	Loss 2.2536e-01 (2.6537e-01)	Acc pseudo  85.94 ( 89.71)	Lr 1.000e-03 (1.000e-03)
2026-01-15 16:45:26,465 - INFO: Epoch: [15][400/582]	Time  0.048 ( 0.034)	Loss 2.1523e-01 (2.6788e-01)	Acc pseudo  89.06 ( 89.60)	Lr 1.000e-03 (1.000e-03)
2026-01-15 16:45:31,127 - INFO: Epoch: [15][450/582]	Time  0.031 ( 0.034)	Loss 6.2467e-01 (2.7286e-01)	Acc pseudo  71.88 ( 89.45)	Lr 1.000e-03 (1.000e-03)
2026-01-15 16:45:35,785 - INFO: Epoch: [15][500/582]	Time  0.030 ( 0.033)	Loss 2.8202e-01 (2.7447e-01)	Acc pseudo  89.06 ( 89.38)	Lr 1.000e-03 (1.000e-03)
2026-01-15 16:45:40,446 - INFO: Epoch: [15][550/582]	Time  0.037 ( 0.033)	Loss 1.9167e-01 (2.7241e-01)	Acc pseudo  93.75 ( 89.49)	Lr 1.000e-03 (1.000e-03)
2026-01-15 16:45:43,417 - INFO: Round 1, Face Fine-tune Epoch 15: loss=0.2718, acc(pseudo)=89.48%
2026-01-15 16:46:41,363 - INFO: Round 1, Face Fine-tune Epoch 15: acc(valid_pseudo): 0.9601, acc: 0.8656
2026-01-15 16:46:41,364 - INFO: Round 1, Face Fine-tune Epoch 15: No improvement. Patience(epoch): 1/3
2026-01-15 16:46:41,908 - INFO: Epoch: [16][  0/582]	Time  0.492 ( 0.492)	Loss 3.4646e-01 (3.4646e-01)	Acc pseudo  87.50 ( 87.50)	Lr 1.000e-03 (1.000e-03)
2026-01-15 16:46:46,568 - INFO: Epoch: [16][ 50/582]	Time  0.029 ( 0.042)	Loss 3.0811e-01 (2.4903e-01)	Acc pseudo  85.94 ( 89.92)	Lr 1.000e-03 (1.000e-03)
2026-01-15 16:46:51,224 - INFO: Epoch: [16][100/582]	Time  0.029 ( 0.035)	Loss 2.1896e-01 (2.5182e-01)	Acc pseudo  93.75 ( 89.84)	Lr 1.000e-03 (1.000e-03)
2026-01-15 16:46:55,890 - INFO: Epoch: [16][150/582]	Time  0.030 ( 0.035)	Loss 3.7903e-01 (2.5293e-01)	Acc pseudo  81.25 ( 89.70)	Lr 1.000e-03 (1.000e-03)
2026-01-15 16:47:00,553 - INFO: Epoch: [16][200/582]	Time  0.029 ( 0.033)	Loss 3.4829e-01 (2.5409e-01)	Acc pseudo  87.50 ( 89.68)	Lr 1.000e-03 (1.000e-03)
2026-01-15 16:47:05,220 - INFO: Epoch: [16][250/582]	Time  0.028 ( 0.033)	Loss 2.7340e-01 (2.5737e-01)	Acc pseudo  89.06 ( 89.54)	Lr 1.000e-03 (1.000e-03)
2026-01-15 16:47:09,883 - INFO: Epoch: [16][300/582]	Time  0.028 ( 0.032)	Loss 4.8199e-01 (2.6233e-01)	Acc pseudo  79.69 ( 89.33)	Lr 1.000e-03 (1.000e-03)
2026-01-15 16:47:14,538 - INFO: Epoch: [16][350/582]	Time  0.028 ( 0.032)	Loss 2.4409e-01 (2.6297e-01)	Acc pseudo  85.94 ( 89.36)	Lr 1.000e-03 (1.000e-03)
2026-01-15 16:47:19,194 - INFO: Epoch: [16][400/582]	Time  0.027 ( 0.031)	Loss 4.7807e-01 (2.6166e-01)	Acc pseudo  85.94 ( 89.41)	Lr 1.000e-03 (1.000e-03)
2026-01-15 16:47:23,853 - INFO: Epoch: [16][450/582]	Time  0.028 ( 0.031)	Loss 3.4507e-01 (2.6393e-01)	Acc pseudo  81.25 ( 89.31)	Lr 1.000e-03 (1.000e-03)
2026-01-15 16:47:28,509 - INFO: Epoch: [16][500/582]	Time  0.030 ( 0.031)	Loss 2.4646e-01 (2.6730e-01)	Acc pseudo  87.50 ( 89.32)	Lr 1.000e-03 (1.000e-03)
2026-01-15 16:47:33,167 - INFO: Epoch: [16][550/582]	Time  0.035 ( 0.030)	Loss 1.7830e-01 (2.7137e-01)	Acc pseudo  92.19 ( 89.22)	Lr 1.000e-03 (1.000e-03)
2026-01-15 16:47:36,145 - INFO: Round 1, Face Fine-tune Epoch 16: loss=0.2733, acc(pseudo)=89.12%
2026-01-15 16:48:34,333 - INFO: Round 1, Face Fine-tune Epoch 16: acc(valid_pseudo): 0.9643, acc: 0.8647
2026-01-15 16:48:34,333 - INFO: Round 1, Face Fine-tune Epoch 16: No improvement. Patience(epoch): 2/3
2026-01-15 16:48:34,927 - INFO: Epoch: [17][  0/582]	Time  0.559 ( 0.559)	Loss 2.0237e-01 (2.0237e-01)	Acc pseudo  89.06 ( 89.06)	Lr 1.000e-03 (1.000e-03)
2026-01-15 16:48:39,592 - INFO: Epoch: [17][ 50/582]	Time  0.029 ( 0.042)	Loss 2.1458e-01 (2.3658e-01)	Acc pseudo  89.06 ( 90.01)	Lr 1.000e-03 (1.000e-03)
2026-01-15 16:48:44,254 - INFO: Epoch: [17][100/582]	Time  0.028 ( 0.037)	Loss 2.4371e-01 (2.3421e-01)	Acc pseudo  89.06 ( 90.38)	Lr 1.000e-03 (1.000e-03)
2026-01-15 16:48:48,911 - INFO: Epoch: [17][150/582]	Time  0.028 ( 0.034)	Loss 1.0721e-01 (2.3298e-01)	Acc pseudo  93.75 ( 90.35)	Lr 1.000e-03 (1.000e-03)
2026-01-15 16:48:53,569 - INFO: Epoch: [17][200/582]	Time  0.030 ( 0.033)	Loss 2.8142e-01 (2.3681e-01)	Acc pseudo  92.19 ( 90.28)	Lr 1.000e-03 (1.000e-03)
2026-01-15 16:48:58,233 - INFO: Epoch: [17][250/582]	Time  0.028 ( 0.032)	Loss 2.9531e-01 (2.4495e-01)	Acc pseudo  89.06 ( 90.16)	Lr 1.000e-03 (1.000e-03)
2026-01-15 16:49:02,896 - INFO: Epoch: [17][300/582]	Time  0.029 ( 0.032)	Loss 2.6786e-01 (2.4728e-01)	Acc pseudo  85.94 ( 90.07)	Lr 1.000e-03 (1.000e-03)
2026-01-15 16:49:07,552 - INFO: Epoch: [17][350/582]	Time  0.029 ( 0.031)	Loss 1.0259e-01 (2.4572e-01)	Acc pseudo  98.44 ( 90.09)	Lr 1.000e-03 (1.000e-03)
2026-01-15 16:49:12,209 - INFO: Epoch: [17][400/582]	Time  0.029 ( 0.031)	Loss 4.1343e-01 (2.4345e-01)	Acc pseudo  85.94 ( 90.20)	Lr 1.000e-03 (1.000e-03)
2026-01-15 16:49:16,869 - INFO: Epoch: [17][450/582]	Time  0.028 ( 0.031)	Loss 1.2559e-01 (2.4533e-01)	Acc pseudo  95.31 ( 90.15)	Lr 1.000e-03 (1.000e-03)
2026-01-15 16:49:21,526 - INFO: Epoch: [17][500/582]	Time  0.037 ( 0.030)	Loss 2.1123e-01 (2.4741e-01)	Acc pseudo  90.62 ( 90.10)	Lr 1.000e-03 (1.000e-03)
2026-01-15 16:49:26,189 - INFO: Epoch: [17][550/582]	Time  0.034 ( 0.030)	Loss 2.5761e-01 (2.4834e-01)	Acc pseudo  90.62 ( 90.06)	Lr 1.000e-03 (1.000e-03)
2026-01-15 16:49:29,162 - INFO: Round 1, Face Fine-tune Epoch 17: loss=0.2492, acc(pseudo)=90.05%
2026-01-15 16:50:28,368 - INFO: Round 1, Face Fine-tune Epoch 17: acc(valid_pseudo): 0.9649, acc: 0.8676
2026-01-15 16:50:28,368 - INFO: Round 1, Face Fine-tune Epoch 17: No improvement. Patience(epoch): 3/3
2026-01-15 16:50:28,369 - INFO: Early stopping at face epoch 17
2026-01-15 16:50:28,370 - INFO: Round 1: Best face fine-tuned epoch=14, acc(valid_pseudo)=0.9657
2026-01-15 16:50:28,565 - INFO: Using HMM model from previous round: runs/I love my family/exp_video/result/self_supervised/exp0/round0/pseudo_label/hmm_params.pkl
2026-01-15 18:17:03,255 - INFO: Round 1: speaker_acc=0.8610
2026-01-15 18:17:03,260 - INFO: Round 1: face_acc=0.8734
2026-01-15 18:17:03,262 - INFO: ====================
2026-01-15 18:17:03,262 - INFO: Round 2: Fine-tuning iteration
2026-01-15 18:17:03,262 - INFO: ====================
2026-01-15 18:17:03,338 - INFO: Round 2 Part 1: Fine-tuning embedding model
2026-01-15 18:17:03,339 - INFO: Using pseudo-label file: runs/I love my family/exp_video/result/self_supervised/exp0/round1/pseudo_label/pseudo_labels_audio_nested_hmm_full(unreliable_pp=100.0).json
2026-01-15 18:17:03,373 - INFO: For training, Using face pseudo-label file: runs/I love my family/exp_video/result/self_supervised/exp0/round1/pseudo_label/pseudo_labels_faces_mid_frame_train_nested_hmm_full.json
2026-01-15 18:17:03,373 - INFO: For infering, Using face pseudo-label file: runs/I love my family/exp_video/result/self_supervised/exp0/round1/pseudo_label/pseudo_labels_faces_mid_frame_all_nested_hmm_full.json
2026-01-15 18:17:03,522 - INFO: Created face dataloader with 37219 samples
2026-01-15 18:17:03,540 - INFO: Fine-tuning speaker embedding model for 20 epochs...
2026-01-15 18:17:04,269 - INFO: Epoch: [0][  0/301]	Time  0.707 ( 0.707)	Loss 7.5736e-01 (7.5736e-01)	Acc pseudo  82.81 ( 82.81)	Lr 1.000e-03 (1.000e-03)
2026-01-15 18:17:04,442 - INFO: Epoch: [0][ 50/301]	Time  0.003 ( 0.017)	Loss 5.9936e-01 (5.4406e-01)	Acc pseudo  79.69 ( 84.28)	Lr 1.000e-03 (1.000e-03)
2026-01-15 18:17:04,592 - INFO: Epoch: [0][100/301]	Time  0.003 ( 0.010)	Loss 3.8437e-01 (5.3825e-01)	Acc pseudo  87.50 ( 84.56)	Lr 1.000e-03 (1.000e-03)
2026-01-15 18:17:04,741 - INFO: Epoch: [0][150/301]	Time  0.003 ( 0.008)	Loss 1.0245e+00 (5.5115e-01)	Acc pseudo  78.12 ( 84.11)	Lr 1.000e-03 (1.000e-03)
2026-01-15 18:17:04,887 - INFO: Epoch: [0][200/301]	Time  0.003 ( 0.007)	Loss 4.5336e-01 (5.5760e-01)	Acc pseudo  85.94 ( 84.12)	Lr 1.000e-03 (1.000e-03)
2026-01-15 18:17:05,033 - INFO: Epoch: [0][250/301]	Time  0.003 ( 0.006)	Loss 6.6881e-01 (5.6601e-01)	Acc pseudo  85.94 ( 84.06)	Lr 1.000e-03 (1.000e-03)
2026-01-15 18:17:05,172 - INFO: Epoch: [0][300/301]	Time  0.002 ( 0.005)	Loss 2.7207e-01 (5.6431e-01)	Acc pseudo  88.00 ( 83.98)	Lr 1.000e-03 (1.000e-03)
2026-01-15 18:17:05,240 - INFO: Round 2, Fine-tune Epoch 0: loss=0.5643, acc(pseudo)=83.98%
2026-01-15 18:17:12,527 - INFO: Round 2, Fine-tune Epoch 0: acc(valid_pseudo): 0.9624, acc: 0.8505
2026-01-15 18:17:13,278 - INFO: Epoch: [1][  0/301]	Time  0.255 ( 0.255)	Loss 6.6746e-01 (6.6746e-01)	Acc pseudo  78.12 ( 78.12)	Lr 1.000e-03 (1.000e-03)
2026-01-15 18:17:13,462 - INFO: Epoch: [1][ 50/301]	Time  0.003 ( 0.009)	Loss 3.3354e-01 (4.9943e-01)	Acc pseudo  92.19 ( 85.14)	Lr 1.000e-03 (1.000e-03)
2026-01-15 18:17:13,621 - INFO: Epoch: [1][100/301]	Time  0.003 ( 0.006)	Loss 5.4884e-01 (4.8966e-01)	Acc pseudo  84.38 ( 84.96)	Lr 1.000e-03 (1.000e-03)
2026-01-15 18:17:13,808 - INFO: Epoch: [1][150/301]	Time  0.003 ( 0.005)	Loss 6.4752e-01 (4.9411e-01)	Acc pseudo  82.81 ( 84.87)	Lr 1.000e-03 (1.000e-03)
2026-01-15 18:17:13,957 - INFO: Epoch: [1][200/301]	Time  0.003 ( 0.005)	Loss 4.0228e-01 (4.9441e-01)	Acc pseudo  89.06 ( 84.96)	Lr 1.000e-03 (1.000e-03)
2026-01-15 18:17:14,118 - INFO: Epoch: [1][250/301]	Time  0.003 ( 0.004)	Loss 2.8459e-01 (5.0346e-01)	Acc pseudo  90.62 ( 84.85)	Lr 1.000e-03 (1.000e-03)
2026-01-15 18:17:14,266 - INFO: Epoch: [1][300/301]	Time  0.002 ( 0.004)	Loss 2.6263e-01 (5.0824e-01)	Acc pseudo  88.00 ( 84.72)	Lr 1.000e-03 (1.000e-03)
2026-01-15 18:17:14,335 - INFO: Round 2, Fine-tune Epoch 1: loss=0.5082, acc(pseudo)=84.72%
2026-01-15 18:17:21,729 - INFO: Round 2, Fine-tune Epoch 1: acc(valid_pseudo): 0.9472, acc: 0.8365
2026-01-15 18:17:21,729 - INFO: Round 2, Speaker Fine-tune Epoch 1: No improvement in validation accuracy. Patience(epoch): 1/3
2026-01-15 18:17:21,982 - INFO: Epoch: [2][  0/301]	Time  0.248 ( 0.248)	Loss 5.1886e-01 (5.1886e-01)	Acc pseudo  90.62 ( 90.62)	Lr 1.000e-03 (1.000e-03)
2026-01-15 18:17:22,171 - INFO: Epoch: [2][ 50/301]	Time  0.004 ( 0.008)	Loss 5.9181e-01 (4.9175e-01)	Acc pseudo  82.81 ( 84.83)	Lr 1.000e-03 (1.000e-03)
2026-01-15 18:17:22,338 - INFO: Epoch: [2][100/301]	Time  0.003 ( 0.006)	Loss 6.5557e-01 (4.7891e-01)	Acc pseudo  78.12 ( 85.50)	Lr 1.000e-03 (1.000e-03)
2026-01-15 18:17:22,489 - INFO: Epoch: [2][150/301]	Time  0.004 ( 0.005)	Loss 4.2072e-01 (4.7541e-01)	Acc pseudo  84.38 ( 85.29)	Lr 1.000e-03 (1.000e-03)
2026-01-15 18:17:22,645 - INFO: Epoch: [2][200/301]	Time  0.003 ( 0.004)	Loss 2.2628e-01 (4.7111e-01)	Acc pseudo  92.19 ( 85.40)	Lr 1.000e-03 (1.000e-03)
2026-01-15 18:17:22,786 - INFO: Epoch: [2][250/301]	Time  0.003 ( 0.004)	Loss 3.3811e-01 (4.8193e-01)	Acc pseudo  85.94 ( 85.23)	Lr 1.000e-03 (1.000e-03)
2026-01-15 18:17:22,947 - INFO: Epoch: [2][300/301]	Time  0.002 ( 0.004)	Loss 3.4587e-01 (4.8446e-01)	Acc pseudo  88.00 ( 85.18)	Lr 1.000e-03 (1.000e-03)
2026-01-15 18:17:23,016 - INFO: Round 2, Fine-tune Epoch 2: loss=0.4845, acc(pseudo)=85.18%
2026-01-15 18:17:32,295 - INFO: Round 2, Fine-tune Epoch 2: acc(valid_pseudo): 0.9673, acc: 0.8515
2026-01-15 18:17:33,341 - INFO: Epoch: [3][  0/301]	Time  0.248 ( 0.248)	Loss 4.8044e-01 (4.8044e-01)	Acc pseudo  81.25 ( 81.25)	Lr 1.000e-03 (1.000e-03)
2026-01-15 18:17:33,529 - INFO: Epoch: [3][ 50/301]	Time  0.003 ( 0.008)	Loss 6.2048e-01 (4.7485e-01)	Acc pseudo  82.81 ( 85.60)	Lr 1.000e-03 (1.000e-03)
2026-01-15 18:17:33,690 - INFO: Epoch: [3][100/301]	Time  0.003 ( 0.006)	Loss 2.6462e-01 (4.7364e-01)	Acc pseudo  89.06 ( 85.52)	Lr 1.000e-03 (1.000e-03)
2026-01-15 18:17:33,860 - INFO: Epoch: [3][150/301]	Time  0.003 ( 0.005)	Loss 3.1838e-01 (4.6173e-01)	Acc pseudo  90.62 ( 85.65)	Lr 1.000e-03 (1.000e-03)
2026-01-15 18:17:34,008 - INFO: Epoch: [3][200/301]	Time  0.003 ( 0.004)	Loss 3.4956e-01 (4.6744e-01)	Acc pseudo  87.50 ( 85.71)	Lr 1.000e-03 (1.000e-03)
2026-01-15 18:17:34,155 - INFO: Epoch: [3][250/301]	Time  0.003 ( 0.004)	Loss 3.7904e-01 (4.7350e-01)	Acc pseudo  85.94 ( 85.39)	Lr 1.000e-03 (1.000e-03)
2026-01-15 18:17:34,298 - INFO: Epoch: [3][300/301]	Time  0.002 ( 0.004)	Loss 3.2249e-01 (4.7355e-01)	Acc pseudo  80.00 ( 85.30)	Lr 1.000e-03 (1.000e-03)
2026-01-15 18:17:34,368 - INFO: Round 2, Fine-tune Epoch 3: loss=0.4736, acc(pseudo)=85.30%
2026-01-15 18:17:41,896 - INFO: Round 2, Fine-tune Epoch 3: acc(valid_pseudo): 0.9615, acc: 0.8390
2026-01-15 18:17:41,897 - INFO: Round 2, Speaker Fine-tune Epoch 3: No improvement in validation accuracy. Patience(epoch): 1/3
2026-01-15 18:17:42,154 - INFO: Epoch: [4][  0/301]	Time  0.251 ( 0.251)	Loss 4.8076e-01 (4.8076e-01)	Acc pseudo  81.25 ( 81.25)	Lr 1.000e-03 (1.000e-03)
2026-01-15 18:17:42,353 - INFO: Epoch: [4][ 50/301]	Time  0.004 ( 0.009)	Loss 3.7041e-01 (4.5033e-01)	Acc pseudo  89.06 ( 86.40)	Lr 1.000e-03 (1.000e-03)
2026-01-15 18:17:42,521 - INFO: Epoch: [4][100/301]	Time  0.003 ( 0.006)	Loss 4.1340e-01 (4.4003e-01)	Acc pseudo  87.50 ( 86.39)	Lr 1.000e-03 (1.000e-03)
2026-01-15 18:17:42,680 - INFO: Epoch: [4][150/301]	Time  0.003 ( 0.005)	Loss 3.6901e-01 (4.4107e-01)	Acc pseudo  84.38 ( 86.24)	Lr 1.000e-03 (1.000e-03)
2026-01-15 18:17:42,839 - INFO: Epoch: [4][200/301]	Time  0.004 ( 0.005)	Loss 5.6743e-01 (4.4746e-01)	Acc pseudo  81.25 ( 86.28)	Lr 1.000e-03 (1.000e-03)
2026-01-15 18:17:42,990 - INFO: Epoch: [4][250/301]	Time  0.003 ( 0.004)	Loss 4.2897e-01 (4.5220e-01)	Acc pseudo  85.94 ( 86.09)	Lr 1.000e-03 (1.000e-03)
2026-01-15 18:17:43,184 - INFO: Epoch: [4][300/301]	Time  0.009 ( 0.004)	Loss 5.0005e-01 (4.6024e-01)	Acc pseudo  80.00 ( 85.89)	Lr 1.000e-03 (1.000e-03)
2026-01-15 18:17:43,265 - INFO: Round 2, Fine-tune Epoch 4: loss=0.4602, acc(pseudo)=85.89%
2026-01-15 18:17:50,658 - INFO: Round 2, Fine-tune Epoch 4: acc(valid_pseudo): 0.9431, acc: 0.8305
2026-01-15 18:17:50,658 - INFO: Round 2, Speaker Fine-tune Epoch 4: No improvement in validation accuracy. Patience(epoch): 2/3
2026-01-15 18:17:51,055 - INFO: Epoch: [5][  0/301]	Time  0.390 ( 0.390)	Loss 5.1263e-01 (5.1263e-01)	Acc pseudo  82.81 ( 82.81)	Lr 1.000e-03 (1.000e-03)
2026-01-15 18:17:51,250 - INFO: Epoch: [5][ 50/301]	Time  0.003 ( 0.011)	Loss 4.1309e-01 (4.3710e-01)	Acc pseudo  87.50 ( 85.88)	Lr 1.000e-03 (1.000e-03)
2026-01-15 18:17:51,410 - INFO: Epoch: [5][100/301]	Time  0.003 ( 0.007)	Loss 6.1361e-01 (4.3904e-01)	Acc pseudo  82.81 ( 86.15)	Lr 1.000e-03 (1.000e-03)
2026-01-15 18:17:51,564 - INFO: Epoch: [5][150/301]	Time  0.003 ( 0.006)	Loss 6.5003e-01 (4.4842e-01)	Acc pseudo  81.25 ( 86.09)	Lr 1.000e-03 (1.000e-03)
2026-01-15 18:17:51,728 - INFO: Epoch: [5][200/301]	Time  0.003 ( 0.005)	Loss 3.8741e-01 (4.5618e-01)	Acc pseudo  87.50 ( 85.80)	Lr 1.000e-03 (1.000e-03)
2026-01-15 18:17:51,882 - INFO: Epoch: [5][250/301]	Time  0.003 ( 0.005)	Loss 5.5229e-01 (4.6611e-01)	Acc pseudo  81.25 ( 85.66)	Lr 1.000e-03 (1.000e-03)
2026-01-15 18:17:52,024 - INFO: Epoch: [5][300/301]	Time  0.002 ( 0.004)	Loss 7.4840e-01 (4.7652e-01)	Acc pseudo  80.00 ( 85.34)	Lr 1.000e-03 (1.000e-03)
2026-01-15 18:17:52,092 - INFO: Round 2, Fine-tune Epoch 5: loss=0.4765, acc(pseudo)=85.34%
2026-01-15 18:17:59,990 - INFO: Round 2, Fine-tune Epoch 5: acc(valid_pseudo): 0.9606, acc: 0.8390
2026-01-15 18:17:59,990 - INFO: Round 2, Speaker Fine-tune Epoch 5: No improvement in validation accuracy. Patience(epoch): 3/3
2026-01-15 18:17:59,990 - INFO: Early stopping at epoch 5 due to no improvement in validation accuracy for 3 epochs.
2026-01-15 18:17:59,991 - INFO: Round 2: Best speaker fine-tuned epoch=2, acc(valid_pseudo)=0.9673
2026-01-15 18:17:59,996 - INFO: Fine-tuning face embedding model for 20 epochs...
2026-01-15 18:18:01,222 - INFO: Epoch: [0][  0/582]	Time  1.194 ( 1.194)	Loss 1.7632e-01 (1.7632e-01)	Acc pseudo  98.44 ( 98.44)	Lr 1.000e-03 (1.000e-03)
2026-01-15 18:18:07,705 - INFO: Epoch: [0][ 50/582]	Time  0.028 ( 0.091)	Loss 1.9600e-01 (2.2765e-01)	Acc pseudo  90.62 ( 91.94)	Lr 1.000e-03 (1.000e-03)
2026-01-15 18:18:14,032 - INFO: Epoch: [0][100/582]	Time  0.031 ( 0.079)	Loss 3.7043e-01 (2.3498e-01)	Acc pseudo  89.06 ( 91.74)	Lr 1.000e-03 (1.000e-03)
2026-01-15 18:18:18,802 - INFO: Epoch: [0][150/582]	Time  0.029 ( 0.064)	Loss 2.2766e-01 (2.3483e-01)	Acc pseudo  92.19 ( 91.72)	Lr 1.000e-03 (1.000e-03)
2026-01-15 18:18:23,533 - INFO: Epoch: [0][200/582]	Time  0.061 ( 0.056)	Loss 1.5996e-01 (2.2877e-01)	Acc pseudo  90.62 ( 91.57)	Lr 1.000e-03 (1.000e-03)
2026-01-15 18:18:28,262 - INFO: Epoch: [0][250/582]	Time  0.029 ( 0.052)	Loss 2.8633e-01 (2.3840e-01)	Acc pseudo  89.06 ( 91.33)	Lr 1.000e-03 (1.000e-03)
2026-01-15 18:18:32,904 - INFO: Epoch: [0][300/582]	Time  0.039 ( 0.049)	Loss 1.8082e-01 (2.4160e-01)	Acc pseudo  93.75 ( 91.10)	Lr 1.000e-03 (1.000e-03)
2026-01-15 18:18:37,552 - INFO: Epoch: [0][350/582]	Time  0.031 ( 0.046)	Loss 2.6039e-01 (2.4129e-01)	Acc pseudo  93.75 ( 91.24)	Lr 1.000e-03 (1.000e-03)
2026-01-15 18:18:42,192 - INFO: Epoch: [0][400/582]	Time  0.029 ( 0.044)	Loss 1.4577e-01 (2.3948e-01)	Acc pseudo  92.19 ( 91.25)	Lr 1.000e-03 (1.000e-03)
2026-01-15 18:18:46,837 - INFO: Epoch: [0][450/582]	Time  0.042 ( 0.043)	Loss 1.6607e-01 (2.4093e-01)	Acc pseudo  92.19 ( 91.24)	Lr 1.000e-03 (1.000e-03)
2026-01-15 18:18:51,479 - INFO: Epoch: [0][500/582]	Time  0.039 ( 0.042)	Loss 1.9883e-01 (2.4518e-01)	Acc pseudo  90.62 ( 91.13)	Lr 1.000e-03 (1.000e-03)
2026-01-15 18:18:56,117 - INFO: Epoch: [0][550/582]	Time  0.028 ( 0.040)	Loss 3.4661e-01 (2.4423e-01)	Acc pseudo  82.81 ( 91.10)	Lr 1.000e-03 (1.000e-03)
2026-01-15 18:18:59,076 - INFO: Round 2, Face Fine-tune Epoch 0: loss=0.2467, acc(pseudo)=91.10%
2026-01-15 18:19:57,006 - INFO: Round 2, Face Fine-tune Epoch 0: acc(valid_pseudo): 0.9588, acc: 0.8724
2026-01-15 18:19:59,251 - INFO: Epoch: [1][  0/582]	Time  0.499 ( 0.499)	Loss 2.0725e-01 (2.0725e-01)	Acc pseudo  92.19 ( 92.19)	Lr 1.000e-03 (1.000e-03)
2026-01-15 18:20:03,900 - INFO: Epoch: [1][ 50/582]	Time  0.030 ( 0.040)	Loss 1.5144e-01 (2.4102e-01)	Acc pseudo  93.75 ( 90.50)	Lr 1.000e-03 (1.000e-03)
2026-01-15 18:20:08,542 - INFO: Epoch: [1][100/582]	Time  0.029 ( 0.035)	Loss 3.2499e-01 (2.3712e-01)	Acc pseudo  85.94 ( 90.30)	Lr 1.000e-03 (1.000e-03)
2026-01-15 18:20:13,189 - INFO: Epoch: [1][150/582]	Time  0.039 ( 0.034)	Loss 1.1218e-01 (2.3371e-01)	Acc pseudo  96.88 ( 90.77)	Lr 1.000e-03 (1.000e-03)
2026-01-15 18:20:17,836 - INFO: Epoch: [1][200/582]	Time  0.034 ( 0.033)	Loss 2.4970e-01 (2.3311e-01)	Acc pseudo  93.75 ( 90.80)	Lr 1.000e-03 (1.000e-03)
2026-01-15 18:20:22,483 - INFO: Epoch: [1][250/582]	Time  0.028 ( 0.032)	Loss 1.4367e-01 (2.3183e-01)	Acc pseudo  95.31 ( 90.95)	Lr 1.000e-03 (1.000e-03)
2026-01-15 18:20:27,131 - INFO: Epoch: [1][300/582]	Time  0.027 ( 0.032)	Loss 2.5108e-01 (2.2726e-01)	Acc pseudo  90.62 ( 91.07)	Lr 1.000e-03 (1.000e-03)
2026-01-15 18:20:31,785 - INFO: Epoch: [1][350/582]	Time  0.029 ( 0.032)	Loss 1.0390e-01 (2.2838e-01)	Acc pseudo  93.75 ( 90.95)	Lr 1.000e-03 (1.000e-03)
2026-01-15 18:20:36,433 - INFO: Epoch: [1][400/582]	Time  0.027 ( 0.031)	Loss 3.6346e-01 (2.2738e-01)	Acc pseudo  81.25 ( 91.00)	Lr 1.000e-03 (1.000e-03)
2026-01-15 18:20:41,081 - INFO: Epoch: [1][450/582]	Time  0.030 ( 0.031)	Loss 7.7911e-01 (2.2867e-01)	Acc pseudo  82.81 ( 91.00)	Lr 1.000e-03 (1.000e-03)
2026-01-15 18:20:45,730 - INFO: Epoch: [1][500/582]	Time  0.028 ( 0.031)	Loss 1.6056e-01 (2.2846e-01)	Acc pseudo  95.31 ( 91.08)	Lr 1.000e-03 (1.000e-03)
2026-01-15 18:20:50,383 - INFO: Epoch: [1][550/582]	Time  0.028 ( 0.030)	Loss 2.8957e-01 (2.3052e-01)	Acc pseudo  95.31 ( 91.01)	Lr 1.000e-03 (1.000e-03)
2026-01-15 18:20:53,348 - INFO: Round 2, Face Fine-tune Epoch 1: loss=0.2313, acc(pseudo)=90.95%
2026-01-15 18:21:51,971 - INFO: Round 2, Face Fine-tune Epoch 1: acc(valid_pseudo): 0.9632, acc: 0.8715
2026-01-15 18:21:54,264 - INFO: Epoch: [2][  0/582]	Time  0.476 ( 0.476)	Loss 1.2851e-01 (1.2851e-01)	Acc pseudo  96.88 ( 96.88)	Lr 1.000e-03 (1.000e-03)
2026-01-15 18:21:58,912 - INFO: Epoch: [2][ 50/582]	Time  0.028 ( 0.039)	Loss 2.3823e-01 (2.2679e-01)	Acc pseudo  89.06 ( 90.81)	Lr 1.000e-03 (1.000e-03)
2026-01-15 18:22:03,566 - INFO: Epoch: [2][100/582]	Time  0.029 ( 0.034)	Loss 1.0995e-01 (2.3138e-01)	Acc pseudo  95.31 ( 91.03)	Lr 1.000e-03 (1.000e-03)
2026-01-15 18:22:08,222 - INFO: Epoch: [2][150/582]	Time  0.028 ( 0.033)	Loss 1.3654e-01 (2.1711e-01)	Acc pseudo  90.62 ( 91.48)	Lr 1.000e-03 (1.000e-03)
2026-01-15 18:22:12,876 - INFO: Epoch: [2][200/582]	Time  0.030 ( 0.031)	Loss 2.2229e-01 (2.1898e-01)	Acc pseudo  89.06 ( 91.39)	Lr 1.000e-03 (1.000e-03)
2026-01-15 18:22:17,603 - INFO: Epoch: [2][250/582]	Time  0.030 ( 0.031)	Loss 1.1468e-01 (2.1489e-01)	Acc pseudo  96.88 ( 91.64)	Lr 1.000e-03 (1.000e-03)
2026-01-15 18:22:22,275 - INFO: Epoch: [2][300/582]	Time  0.031 ( 0.032)	Loss 2.5080e-01 (2.2003e-01)	Acc pseudo  90.62 ( 91.52)	Lr 1.000e-03 (1.000e-03)
2026-01-15 18:22:26,937 - INFO: Epoch: [2][350/582]	Time  0.029 ( 0.032)	Loss 1.8236e-01 (2.2005e-01)	Acc pseudo  92.19 ( 91.48)	Lr 1.000e-03 (1.000e-03)
2026-01-15 18:22:31,595 - INFO: Epoch: [2][400/582]	Time  0.029 ( 0.031)	Loss 2.5872e-01 (2.1741e-01)	Acc pseudo  92.19 ( 91.61)	Lr 1.000e-03 (1.000e-03)
2026-01-15 18:22:36,255 - INFO: Epoch: [2][450/582]	Time  0.028 ( 0.031)	Loss 2.0811e-01 (2.1674e-01)	Acc pseudo  93.75 ( 91.63)	Lr 1.000e-03 (1.000e-03)
2026-01-15 18:22:40,918 - INFO: Epoch: [2][500/582]	Time  0.029 ( 0.031)	Loss 2.1547e-01 (2.1622e-01)	Acc pseudo  90.62 ( 91.63)	Lr 1.000e-03 (1.000e-03)
2026-01-15 18:22:45,578 - INFO: Epoch: [2][550/582]	Time  0.028 ( 0.031)	Loss 3.2620e-01 (2.1901e-01)	Acc pseudo  93.75 ( 91.56)	Lr 1.000e-03 (1.000e-03)
2026-01-15 18:22:48,549 - INFO: Round 2, Face Fine-tune Epoch 2: loss=0.2186, acc(pseudo)=91.57%
2026-01-15 18:23:47,195 - INFO: Round 2, Face Fine-tune Epoch 2: acc(valid_pseudo): 0.9639, acc: 0.8695
2026-01-15 18:23:49,709 - INFO: Epoch: [3][  0/582]	Time  0.561 ( 0.561)	Loss 1.3281e-01 (1.3281e-01)	Acc pseudo  92.19 ( 92.19)	Lr 1.000e-03 (1.000e-03)
2026-01-15 18:23:54,619 - INFO: Epoch: [3][ 50/582]	Time  0.059 ( 0.047)	Loss 2.0608e-01 (2.0534e-01)	Acc pseudo  96.88 ( 92.59)	Lr 1.000e-03 (1.000e-03)
2026-01-15 18:23:59,367 - INFO: Epoch: [3][100/582]	Time  0.028 ( 0.040)	Loss 7.4330e-02 (2.0462e-01)	Acc pseudo  96.88 ( 92.34)	Lr 1.000e-03 (1.000e-03)
2026-01-15 18:24:04,021 - INFO: Epoch: [3][150/582]	Time  0.028 ( 0.036)	Loss 1.4165e-01 (2.0688e-01)	Acc pseudo  92.19 ( 92.04)	Lr 1.000e-03 (1.000e-03)
2026-01-15 18:24:08,677 - INFO: Epoch: [3][200/582]	Time  0.029 ( 0.035)	Loss 2.6225e-01 (2.0724e-01)	Acc pseudo  92.19 ( 92.15)	Lr 1.000e-03 (1.000e-03)
2026-01-15 18:24:13,335 - INFO: Epoch: [3][250/582]	Time  0.030 ( 0.034)	Loss 1.9603e-01 (2.0757e-01)	Acc pseudo  93.75 ( 92.00)	Lr 1.000e-03 (1.000e-03)
2026-01-15 18:24:17,996 - INFO: Epoch: [3][300/582]	Time  0.043 ( 0.033)	Loss 1.2411e-01 (2.0669e-01)	Acc pseudo  93.75 ( 92.03)	Lr 1.000e-03 (1.000e-03)
2026-01-15 18:24:22,657 - INFO: Epoch: [3][350/582]	Time  0.030 ( 0.033)	Loss 1.3298e-01 (2.0326e-01)	Acc pseudo  92.19 ( 92.10)	Lr 1.000e-03 (1.000e-03)
2026-01-15 18:24:27,315 - INFO: Epoch: [3][400/582]	Time  0.030 ( 0.033)	Loss 3.7002e-01 (2.0768e-01)	Acc pseudo  84.38 ( 92.00)	Lr 1.000e-03 (1.000e-03)
2026-01-15 18:24:31,973 - INFO: Epoch: [3][450/582]	Time  0.035 ( 0.033)	Loss 2.4289e-01 (2.1012e-01)	Acc pseudo  89.06 ( 91.90)	Lr 1.000e-03 (1.000e-03)
2026-01-15 18:24:36,722 - INFO: Epoch: [3][500/582]	Time  0.065 ( 0.033)	Loss 2.0004e-01 (2.1131e-01)	Acc pseudo  89.06 ( 91.82)	Lr 1.000e-03 (1.000e-03)
2026-01-15 18:24:41,384 - INFO: Epoch: [3][550/582]	Time  0.029 ( 0.033)	Loss 1.0161e-01 (2.1326e-01)	Acc pseudo  92.19 ( 91.74)	Lr 1.000e-03 (1.000e-03)
2026-01-15 18:24:44,361 - INFO: Round 2, Face Fine-tune Epoch 3: loss=0.2130, acc(pseudo)=91.75%
2026-01-15 18:25:43,837 - INFO: Round 2, Face Fine-tune Epoch 3: acc(valid_pseudo): 0.9662, acc: 0.8598
2026-01-15 18:25:46,407 - INFO: Epoch: [4][  0/582]	Time  0.492 ( 0.492)	Loss 3.0119e-01 (3.0119e-01)	Acc pseudo  85.94 ( 85.94)	Lr 1.000e-03 (1.000e-03)
2026-01-15 18:25:51,071 - INFO: Epoch: [4][ 50/582]	Time  0.031 ( 0.044)	Loss 2.0814e-01 (2.1664e-01)	Acc pseudo  90.62 ( 91.79)	Lr 1.000e-03 (1.000e-03)
2026-01-15 18:25:55,721 - INFO: Epoch: [4][100/582]	Time  0.028 ( 0.036)	Loss 2.8255e-01 (2.1051e-01)	Acc pseudo  89.06 ( 91.97)	Lr 1.000e-03 (1.000e-03)
2026-01-15 18:26:00,377 - INFO: Epoch: [4][150/582]	Time  0.029 ( 0.034)	Loss 7.9349e-02 (2.0955e-01)	Acc pseudo  95.31 ( 91.83)	Lr 1.000e-03 (1.000e-03)
2026-01-15 18:26:05,185 - INFO: Epoch: [4][200/582]	Time  0.043 ( 0.035)	Loss 2.5548e-01 (2.0879e-01)	Acc pseudo  92.19 ( 91.91)	Lr 1.000e-03 (1.000e-03)
2026-01-15 18:26:09,872 - INFO: Epoch: [4][250/582]	Time  0.029 ( 0.034)	Loss 1.8621e-01 (2.1063e-01)	Acc pseudo  93.75 ( 91.86)	Lr 1.000e-03 (1.000e-03)
2026-01-15 18:26:14,540 - INFO: Epoch: [4][300/582]	Time  0.029 ( 0.034)	Loss 1.2275e-01 (2.1051e-01)	Acc pseudo  93.75 ( 91.89)	Lr 1.000e-03 (1.000e-03)
2026-01-15 18:26:19,206 - INFO: Epoch: [4][350/582]	Time  0.033 ( 0.033)	Loss 1.0974e-01 (2.0947e-01)	Acc pseudo  93.75 ( 91.89)	Lr 1.000e-03 (1.000e-03)
2026-01-15 18:26:23,870 - INFO: Epoch: [4][400/582]	Time  0.031 ( 0.033)	Loss 1.6071e-01 (2.0907e-01)	Acc pseudo  87.50 ( 91.87)	Lr 1.000e-03 (1.000e-03)
2026-01-15 18:26:28,531 - INFO: Epoch: [4][450/582]	Time  0.027 ( 0.032)	Loss 2.4661e-01 (2.0788e-01)	Acc pseudo  90.62 ( 91.90)	Lr 1.000e-03 (1.000e-03)
2026-01-15 18:26:33,189 - INFO: Epoch: [4][500/582]	Time  0.031 ( 0.032)	Loss 3.1134e-01 (2.0778e-01)	Acc pseudo  87.50 ( 91.89)	Lr 1.000e-03 (1.000e-03)
2026-01-15 18:26:37,864 - INFO: Epoch: [4][550/582]	Time  0.043 ( 0.033)	Loss 1.1052e-01 (2.0794e-01)	Acc pseudo  93.75 ( 91.76)	Lr 1.000e-03 (1.000e-03)
2026-01-15 18:26:40,846 - INFO: Round 2, Face Fine-tune Epoch 4: loss=0.2077, acc(pseudo)=91.75%
2026-01-15 18:27:39,848 - INFO: Round 2, Face Fine-tune Epoch 4: acc(valid_pseudo): 0.9663, acc: 0.8676
2026-01-15 18:27:42,236 - INFO: Epoch: [5][  0/582]	Time  0.492 ( 0.492)	Loss 2.2522e-01 (2.2522e-01)	Acc pseudo  89.06 ( 89.06)	Lr 1.000e-03 (1.000e-03)
2026-01-15 18:27:46,889 - INFO: Epoch: [5][ 50/582]	Time  0.029 ( 0.041)	Loss 2.0375e-01 (1.9225e-01)	Acc pseudo  90.62 ( 91.85)	Lr 1.000e-03 (1.000e-03)
2026-01-15 18:27:51,541 - INFO: Epoch: [5][100/582]	Time  0.042 ( 0.036)	Loss 8.8468e-02 (1.9239e-01)	Acc pseudo  95.31 ( 92.03)	Lr 1.000e-03 (1.000e-03)
2026-01-15 18:27:56,202 - INFO: Epoch: [5][150/582]	Time  0.028 ( 0.034)	Loss 1.0704e-01 (1.9543e-01)	Acc pseudo  96.88 ( 92.21)	Lr 1.000e-03 (1.000e-03)
2026-01-15 18:28:00,864 - INFO: Epoch: [5][200/582]	Time  0.030 ( 0.033)	Loss 2.8311e-01 (1.8860e-01)	Acc pseudo  95.31 ( 92.41)	Lr 1.000e-03 (1.000e-03)
2026-01-15 18:28:05,528 - INFO: Epoch: [5][250/582]	Time  0.029 ( 0.032)	Loss 1.5631e-01 (1.9073e-01)	Acc pseudo  96.88 ( 92.28)	Lr 1.000e-03 (1.000e-03)
2026-01-15 18:28:10,225 - INFO: Epoch: [5][300/582]	Time  0.039 ( 0.032)	Loss 1.2756e-01 (1.9164e-01)	Acc pseudo  93.75 ( 92.31)	Lr 1.000e-03 (1.000e-03)
2026-01-15 18:28:14,884 - INFO: Epoch: [5][350/582]	Time  0.039 ( 0.032)	Loss 2.1983e-01 (1.9377e-01)	Acc pseudo  95.31 ( 92.29)	Lr 1.000e-03 (1.000e-03)
2026-01-15 18:28:19,536 - INFO: Epoch: [5][400/582]	Time  0.032 ( 0.031)	Loss 1.1422e-01 (1.9247e-01)	Acc pseudo  92.19 ( 92.29)	Lr 1.000e-03 (1.000e-03)
2026-01-15 18:28:24,191 - INFO: Epoch: [5][450/582]	Time  0.030 ( 0.031)	Loss 1.4215e-01 (1.9450e-01)	Acc pseudo  89.06 ( 92.24)	Lr 1.000e-03 (1.000e-03)
2026-01-15 18:28:28,848 - INFO: Epoch: [5][500/582]	Time  0.032 ( 0.031)	Loss 1.1521e-01 (1.9640e-01)	Acc pseudo  93.75 ( 92.17)	Lr 1.000e-03 (1.000e-03)
2026-01-15 18:28:33,509 - INFO: Epoch: [5][550/582]	Time  0.040 ( 0.031)	Loss 2.2081e-01 (1.9573e-01)	Acc pseudo  85.94 ( 92.14)	Lr 1.000e-03 (1.000e-03)
2026-01-15 18:28:36,491 - INFO: Round 2, Face Fine-tune Epoch 5: loss=0.1971, acc(pseudo)=92.10%
2026-01-15 18:29:35,551 - INFO: Round 2, Face Fine-tune Epoch 5: acc(valid_pseudo): 0.9646, acc: 0.8705
2026-01-15 18:29:35,551 - INFO: Round 2, Face Fine-tune Epoch 5: No improvement. Patience(epoch): 1/3
2026-01-15 18:29:36,149 - INFO: Epoch: [6][  0/582]	Time  0.552 ( 0.552)	Loss 1.3465e-01 (1.3465e-01)	Acc pseudo  93.75 ( 93.75)	Lr 1.000e-03 (1.000e-03)
2026-01-15 18:29:40,807 - INFO: Epoch: [6][ 50/582]	Time  0.029 ( 0.044)	Loss 1.2628e-01 (1.8529e-01)	Acc pseudo  95.31 ( 92.40)	Lr 1.000e-03 (1.000e-03)
2026-01-15 18:29:45,466 - INFO: Epoch: [6][100/582]	Time  0.047 ( 0.038)	Loss 2.7687e-01 (1.8965e-01)	Acc pseudo  87.50 ( 92.20)	Lr 1.000e-03 (1.000e-03)
2026-01-15 18:29:50,132 - INFO: Epoch: [6][150/582]	Time  0.045 ( 0.036)	Loss 1.8098e-01 (1.9650e-01)	Acc pseudo  90.62 ( 91.92)	Lr 1.000e-03 (1.000e-03)
2026-01-15 18:29:54,801 - INFO: Epoch: [6][200/582]	Time  0.028 ( 0.036)	Loss 1.9597e-01 (1.9580e-01)	Acc pseudo  90.62 ( 91.89)	Lr 1.000e-03 (1.000e-03)
2026-01-15 18:29:59,463 - INFO: Epoch: [6][250/582]	Time  0.029 ( 0.034)	Loss 1.4572e-01 (1.9943e-01)	Acc pseudo  89.06 ( 91.94)	Lr 1.000e-03 (1.000e-03)
2026-01-15 18:30:04,136 - INFO: Epoch: [6][300/582]	Time  0.028 ( 0.034)	Loss 2.2211e-01 (1.9849e-01)	Acc pseudo  89.06 ( 91.96)	Lr 1.000e-03 (1.000e-03)
2026-01-15 18:30:08,807 - INFO: Epoch: [6][350/582]	Time  0.028 ( 0.033)	Loss 1.8973e-01 (2.0119e-01)	Acc pseudo  89.06 ( 91.94)	Lr 1.000e-03 (1.000e-03)
2026-01-15 18:30:13,556 - INFO: Epoch: [6][400/582]	Time  0.030 ( 0.033)	Loss 5.8776e-01 (1.9852e-01)	Acc pseudo  85.94 ( 92.00)	Lr 1.000e-03 (1.000e-03)
2026-01-15 18:30:18,262 - INFO: Epoch: [6][450/582]	Time  0.038 ( 0.033)	Loss 1.9594e-01 (1.9843e-01)	Acc pseudo  90.62 ( 92.01)	Lr 1.000e-03 (1.000e-03)
2026-01-15 18:30:22,926 - INFO: Epoch: [6][500/582]	Time  0.030 ( 0.033)	Loss 1.8189e-01 (1.9831e-01)	Acc pseudo  95.31 ( 92.03)	Lr 1.000e-03 (1.000e-03)
2026-01-15 18:30:27,592 - INFO: Epoch: [6][550/582]	Time  0.030 ( 0.032)	Loss 1.7322e-01 (1.9720e-01)	Acc pseudo  90.62 ( 92.02)	Lr 1.000e-03 (1.000e-03)
2026-01-15 18:30:30,624 - INFO: Round 2, Face Fine-tune Epoch 6: loss=0.1958, acc(pseudo)=92.04%
2026-01-15 18:31:29,470 - INFO: Round 2, Face Fine-tune Epoch 6: acc(valid_pseudo): 0.9701, acc: 0.8695
2026-01-15 18:31:32,136 - INFO: Epoch: [7][  0/582]	Time  0.539 ( 0.539)	Loss 4.5974e-01 (4.5974e-01)	Acc pseudo  85.94 ( 85.94)	Lr 1.000e-03 (1.000e-03)
2026-01-15 18:31:36,797 - INFO: Epoch: [7][ 50/582]	Time  0.028 ( 0.041)	Loss 1.7446e-01 (1.8018e-01)	Acc pseudo  92.19 ( 92.68)	Lr 1.000e-03 (1.000e-03)
2026-01-15 18:31:41,457 - INFO: Epoch: [7][100/582]	Time  0.028 ( 0.036)	Loss 1.5855e-01 (1.8495e-01)	Acc pseudo  89.06 ( 92.23)	Lr 1.000e-03 (1.000e-03)
2026-01-15 18:31:46,149 - INFO: Epoch: [7][150/582]	Time  0.028 ( 0.035)	Loss 1.5806e-01 (1.8471e-01)	Acc pseudo  95.31 ( 92.24)	Lr 1.000e-03 (1.000e-03)
2026-01-15 18:31:50,832 - INFO: Epoch: [7][200/582]	Time  0.029 ( 0.034)	Loss 5.0399e-02 (1.8172e-01)	Acc pseudo  96.88 ( 92.34)	Lr 1.000e-03 (1.000e-03)
2026-01-15 18:31:55,503 - INFO: Epoch: [7][250/582]	Time  0.030 ( 0.034)	Loss 2.1071e-01 (1.8367e-01)	Acc pseudo  93.75 ( 92.26)	Lr 1.000e-03 (1.000e-03)
2026-01-15 18:32:00,166 - INFO: Epoch: [7][300/582]	Time  0.029 ( 0.033)	Loss 1.7173e-01 (1.8523e-01)	Acc pseudo  92.19 ( 92.23)	Lr 1.000e-03 (1.000e-03)
2026-01-15 18:32:04,824 - INFO: Epoch: [7][350/582]	Time  0.029 ( 0.033)	Loss 4.6760e-01 (1.8403e-01)	Acc pseudo  84.38 ( 92.33)	Lr 1.000e-03 (1.000e-03)
2026-01-15 18:32:09,479 - INFO: Epoch: [7][400/582]	Time  0.029 ( 0.032)	Loss 2.5636e-01 (1.8601e-01)	Acc pseudo  89.06 ( 92.24)	Lr 1.000e-03 (1.000e-03)
2026-01-15 18:32:14,134 - INFO: Epoch: [7][450/582]	Time  0.029 ( 0.032)	Loss 1.1884e-01 (1.8935e-01)	Acc pseudo  96.88 ( 92.22)	Lr 1.000e-03 (1.000e-03)
2026-01-15 18:32:18,796 - INFO: Epoch: [7][500/582]	Time  0.029 ( 0.032)	Loss 2.3891e-01 (1.8994e-01)	Acc pseudo  89.06 ( 92.26)	Lr 1.000e-03 (1.000e-03)
2026-01-15 18:32:23,457 - INFO: Epoch: [7][550/582]	Time  0.033 ( 0.032)	Loss 1.7640e-01 (1.9214e-01)	Acc pseudo  93.75 ( 92.18)	Lr 1.000e-03 (1.000e-03)
2026-01-15 18:32:26,430 - INFO: Round 2, Face Fine-tune Epoch 7: loss=0.1927, acc(pseudo)=92.17%
2026-01-15 18:33:25,698 - INFO: Round 2, Face Fine-tune Epoch 7: acc(valid_pseudo): 0.9710, acc: 0.8685
2026-01-15 18:33:28,861 - INFO: Epoch: [8][  0/582]	Time  1.000 ( 1.000)	Loss 1.6678e-01 (1.6678e-01)	Acc pseudo  92.19 ( 92.19)	Lr 1.000e-03 (1.000e-03)
2026-01-15 18:33:33,518 - INFO: Epoch: [8][ 50/582]	Time  0.028 ( 0.051)	Loss 3.0238e-01 (1.7455e-01)	Acc pseudo  89.06 ( 93.08)	Lr 1.000e-03 (1.000e-03)
2026-01-15 18:33:38,169 - INFO: Epoch: [8][100/582]	Time  0.030 ( 0.041)	Loss 1.1007e-01 (1.7621e-01)	Acc pseudo  93.75 ( 92.96)	Lr 1.000e-03 (1.000e-03)
2026-01-15 18:33:42,831 - INFO: Epoch: [8][150/582]	Time  0.029 ( 0.037)	Loss 1.4854e-01 (1.7609e-01)	Acc pseudo  92.19 ( 92.79)	Lr 1.000e-03 (1.000e-03)
2026-01-15 18:33:47,492 - INFO: Epoch: [8][200/582]	Time  0.031 ( 0.036)	Loss 1.2854e-01 (1.7802e-01)	Acc pseudo  95.31 ( 92.76)	Lr 1.000e-03 (1.000e-03)
2026-01-15 18:33:52,152 - INFO: Epoch: [8][250/582]	Time  0.028 ( 0.034)	Loss 1.7283e-01 (1.7973e-01)	Acc pseudo  89.06 ( 92.76)	Lr 1.000e-03 (1.000e-03)
2026-01-15 18:33:56,810 - INFO: Epoch: [8][300/582]	Time  0.029 ( 0.033)	Loss 4.0881e-01 (1.8380e-01)	Acc pseudo  84.38 ( 92.72)	Lr 1.000e-03 (1.000e-03)
2026-01-15 18:34:01,470 - INFO: Epoch: [8][350/582]	Time  0.028 ( 0.033)	Loss 7.0950e-02 (1.8651e-01)	Acc pseudo  96.88 ( 92.60)	Lr 1.000e-03 (1.000e-03)
2026-01-15 18:34:06,121 - INFO: Epoch: [8][400/582]	Time  0.031 ( 0.032)	Loss 3.2385e-01 (1.8953e-01)	Acc pseudo  95.31 ( 92.44)	Lr 1.000e-03 (1.000e-03)
2026-01-15 18:34:10,857 - INFO: Epoch: [8][450/582]	Time  0.029 ( 0.032)	Loss 9.5306e-02 (1.9016e-01)	Acc pseudo  95.31 ( 92.34)	Lr 1.000e-03 (1.000e-03)
2026-01-15 18:34:15,518 - INFO: Epoch: [8][500/582]	Time  0.028 ( 0.032)	Loss 2.2787e-01 (1.9085e-01)	Acc pseudo  92.19 ( 92.31)	Lr 1.000e-03 (1.000e-03)
2026-01-15 18:34:20,183 - INFO: Epoch: [8][550/582]	Time  0.029 ( 0.032)	Loss 1.7394e-01 (1.9204e-01)	Acc pseudo  92.19 ( 92.24)	Lr 1.000e-03 (1.000e-03)
2026-01-15 18:34:23,151 - INFO: Round 2, Face Fine-tune Epoch 8: loss=0.1922, acc(pseudo)=92.22%
2026-01-15 18:35:22,205 - INFO: Round 2, Face Fine-tune Epoch 8: acc(valid_pseudo): 0.9708, acc: 0.8695
2026-01-15 18:35:22,206 - INFO: Round 2, Face Fine-tune Epoch 8: No improvement. Patience(epoch): 1/3
2026-01-15 18:35:22,728 - INFO: Epoch: [9][  0/582]	Time  0.478 ( 0.478)	Loss 1.2635e-01 (1.2635e-01)	Acc pseudo  96.88 ( 96.88)	Lr 1.000e-03 (1.000e-03)
2026-01-15 18:35:27,390 - INFO: Epoch: [9][ 50/582]	Time  0.028 ( 0.040)	Loss 1.1830e-01 (1.6478e-01)	Acc pseudo  95.31 ( 93.11)	Lr 1.000e-03 (1.000e-03)
2026-01-15 18:35:32,045 - INFO: Epoch: [9][100/582]	Time  0.029 ( 0.035)	Loss 5.9868e-02 (1.7178e-01)	Acc pseudo  98.44 ( 92.98)	Lr 1.000e-03 (1.000e-03)
2026-01-15 18:35:36,705 - INFO: Epoch: [9][150/582]	Time  0.028 ( 0.033)	Loss 2.0889e-01 (1.7573e-01)	Acc pseudo  90.62 ( 92.94)	Lr 1.000e-03 (1.000e-03)
2026-01-15 18:35:41,373 - INFO: Epoch: [9][200/582]	Time  0.028 ( 0.032)	Loss 5.5661e-01 (1.7394e-01)	Acc pseudo  93.75 ( 93.05)	Lr 1.000e-03 (1.000e-03)
2026-01-15 18:35:46,239 - INFO: Epoch: [9][250/582]	Time  0.028 ( 0.032)	Loss 4.7046e-02 (1.7333e-01)	Acc pseudo 100.00 ( 93.08)	Lr 1.000e-03 (1.000e-03)
2026-01-15 18:35:50,929 - INFO: Epoch: [9][300/582]	Time  0.029 ( 0.032)	Loss 1.1126e-01 (1.7526e-01)	Acc pseudo  93.75 ( 93.01)	Lr 1.000e-03 (1.000e-03)
2026-01-15 18:35:55,585 - INFO: Epoch: [9][350/582]	Time  0.028 ( 0.031)	Loss 1.5933e-01 (1.7647e-01)	Acc pseudo  95.31 ( 93.03)	Lr 1.000e-03 (1.000e-03)
2026-01-15 18:36:00,245 - INFO: Epoch: [9][400/582]	Time  0.027 ( 0.031)	Loss 1.4920e-01 (1.8066e-01)	Acc pseudo  90.62 ( 92.83)	Lr 1.000e-03 (1.000e-03)
2026-01-15 18:36:04,907 - INFO: Epoch: [9][450/582]	Time  0.030 ( 0.031)	Loss 9.6059e-02 (1.7980e-01)	Acc pseudo  96.88 ( 92.79)	Lr 1.000e-03 (1.000e-03)
2026-01-15 18:36:09,569 - INFO: Epoch: [9][500/582]	Time  0.028 ( 0.031)	Loss 1.1997e-01 (1.8216e-01)	Acc pseudo  95.31 ( 92.67)	Lr 1.000e-03 (1.000e-03)
2026-01-15 18:36:14,230 - INFO: Epoch: [9][550/582]	Time  0.028 ( 0.031)	Loss 1.5163e-01 (1.8082e-01)	Acc pseudo  92.19 ( 92.69)	Lr 1.000e-03 (1.000e-03)
2026-01-15 18:36:17,207 - INFO: Round 2, Face Fine-tune Epoch 9: loss=0.1806, acc(pseudo)=92.67%
2026-01-15 18:37:17,205 - INFO: Round 2, Face Fine-tune Epoch 9: acc(valid_pseudo): 0.9734, acc: 0.8685
2026-01-15 18:37:19,639 - INFO: Epoch: [10][  0/582]	Time  0.503 ( 0.503)	Loss 7.9010e-02 (7.9010e-02)	Acc pseudo  95.31 ( 95.31)	Lr 1.000e-03 (1.000e-03)
2026-01-15 18:37:24,317 - INFO: Epoch: [10][ 50/582]	Time  0.037 ( 0.043)	Loss 1.9590e-01 (1.7202e-01)	Acc pseudo  92.19 ( 93.41)	Lr 1.000e-03 (1.000e-03)
2026-01-15 18:37:28,989 - INFO: Epoch: [10][100/582]	Time  0.029 ( 0.041)	Loss 2.5873e-01 (1.6499e-01)	Acc pseudo  89.06 ( 93.35)	Lr 1.000e-03 (1.000e-03)
2026-01-15 18:37:33,651 - INFO: Epoch: [10][150/582]	Time  0.031 ( 0.038)	Loss 1.1263e-01 (1.7095e-01)	Acc pseudo  98.44 ( 93.20)	Lr 1.000e-03 (1.000e-03)
2026-01-15 18:37:38,312 - INFO: Epoch: [10][200/582]	Time  0.033 ( 0.036)	Loss 9.7723e-02 (1.7487e-01)	Acc pseudo  93.75 ( 92.99)	Lr 1.000e-03 (1.000e-03)
2026-01-15 18:37:42,966 - INFO: Epoch: [10][250/582]	Time  0.027 ( 0.034)	Loss 2.1074e-01 (1.7340e-01)	Acc pseudo  90.62 ( 93.02)	Lr 1.000e-03 (1.000e-03)
2026-01-15 18:37:47,625 - INFO: Epoch: [10][300/582]	Time  0.027 ( 0.033)	Loss 2.8187e-01 (1.7294e-01)	Acc pseudo  89.06 ( 93.06)	Lr 1.000e-03 (1.000e-03)
2026-01-15 18:37:52,289 - INFO: Epoch: [10][350/582]	Time  0.029 ( 0.033)	Loss 1.8157e-01 (1.7476e-01)	Acc pseudo  93.75 ( 93.00)	Lr 1.000e-03 (1.000e-03)
2026-01-15 18:37:56,959 - INFO: Epoch: [10][400/582]	Time  0.028 ( 0.032)	Loss 1.3463e-01 (1.7631e-01)	Acc pseudo  93.75 ( 92.93)	Lr 1.000e-03 (1.000e-03)
2026-01-15 18:38:01,622 - INFO: Epoch: [10][450/582]	Time  0.030 ( 0.032)	Loss 1.6800e-01 (1.7582e-01)	Acc pseudo  95.31 ( 92.92)	Lr 1.000e-03 (1.000e-03)
2026-01-15 18:38:06,327 - INFO: Epoch: [10][500/582]	Time  0.030 ( 0.032)	Loss 3.1160e-01 (1.7840e-01)	Acc pseudo  84.38 ( 92.82)	Lr 1.000e-03 (1.000e-03)
2026-01-15 18:38:11,019 - INFO: Epoch: [10][550/582]	Time  0.029 ( 0.032)	Loss 1.1259e-01 (1.7952e-01)	Acc pseudo  96.88 ( 92.78)	Lr 1.000e-03 (1.000e-03)
2026-01-15 18:38:13,987 - INFO: Round 2, Face Fine-tune Epoch 10: loss=0.1807, acc(pseudo)=92.74%
2026-01-15 18:39:12,602 - INFO: Round 2, Face Fine-tune Epoch 10: acc(valid_pseudo): 0.9717, acc: 0.8754
2026-01-15 18:39:12,602 - INFO: Round 2, Face Fine-tune Epoch 10: No improvement. Patience(epoch): 1/3
2026-01-15 18:39:13,168 - INFO: Epoch: [11][  0/582]	Time  0.515 ( 0.515)	Loss 2.2379e-01 (2.2379e-01)	Acc pseudo  90.62 ( 90.62)	Lr 1.000e-03 (1.000e-03)
2026-01-15 18:39:17,823 - INFO: Epoch: [11][ 50/582]	Time  0.030 ( 0.041)	Loss 2.6082e-01 (1.6935e-01)	Acc pseudo  90.62 ( 93.29)	Lr 1.000e-03 (1.000e-03)
2026-01-15 18:39:22,470 - INFO: Epoch: [11][100/582]	Time  0.028 ( 0.035)	Loss 2.4137e-01 (1.6848e-01)	Acc pseudo  87.50 ( 93.22)	Lr 1.000e-03 (1.000e-03)
2026-01-15 18:39:27,117 - INFO: Epoch: [11][150/582]	Time  0.029 ( 0.033)	Loss 2.2503e-01 (1.6958e-01)	Acc pseudo  90.62 ( 93.21)	Lr 1.000e-03 (1.000e-03)
2026-01-15 18:39:31,767 - INFO: Epoch: [11][200/582]	Time  0.028 ( 0.032)	Loss 1.4325e-01 (1.7487e-01)	Acc pseudo  96.88 ( 92.87)	Lr 1.000e-03 (1.000e-03)
2026-01-15 18:39:36,424 - INFO: Epoch: [11][250/582]	Time  0.029 ( 0.031)	Loss 1.4282e-01 (1.7685e-01)	Acc pseudo  93.75 ( 92.81)	Lr 1.000e-03 (1.000e-03)
2026-01-15 18:39:41,077 - INFO: Epoch: [11][300/582]	Time  0.029 ( 0.031)	Loss 2.2007e-01 (1.7831e-01)	Acc pseudo  90.62 ( 92.66)	Lr 1.000e-03 (1.000e-03)
2026-01-15 18:39:45,729 - INFO: Epoch: [11][350/582]	Time  0.027 ( 0.031)	Loss 1.2157e-01 (1.7875e-01)	Acc pseudo  95.31 ( 92.66)	Lr 1.000e-03 (1.000e-03)
2026-01-15 18:39:50,385 - INFO: Epoch: [11][400/582]	Time  0.028 ( 0.030)	Loss 1.2667e-01 (1.7825e-01)	Acc pseudo  93.75 ( 92.67)	Lr 1.000e-03 (1.000e-03)
2026-01-15 18:39:55,045 - INFO: Epoch: [11][450/582]	Time  0.027 ( 0.030)	Loss 1.9688e-01 (1.7718e-01)	Acc pseudo  92.19 ( 92.62)	Lr 1.000e-03 (1.000e-03)
2026-01-15 18:39:59,702 - INFO: Epoch: [11][500/582]	Time  0.028 ( 0.030)	Loss 4.6462e-01 (1.7795e-01)	Acc pseudo  90.62 ( 92.60)	Lr 1.000e-03 (1.000e-03)
2026-01-15 18:40:04,360 - INFO: Epoch: [11][550/582]	Time  0.027 ( 0.030)	Loss 2.5187e-01 (1.7884e-01)	Acc pseudo  90.62 ( 92.60)	Lr 1.000e-03 (1.000e-03)
2026-01-15 18:40:07,343 - INFO: Round 2, Face Fine-tune Epoch 11: loss=0.1777, acc(pseudo)=92.64%
2026-01-15 18:41:06,903 - INFO: Round 2, Face Fine-tune Epoch 11: acc(valid_pseudo): 0.9741, acc: 0.8715
2026-01-15 18:41:09,221 - INFO: Epoch: [12][  0/582]	Time  0.500 ( 0.500)	Loss 1.0696e-01 (1.0696e-01)	Acc pseudo  93.75 ( 93.75)	Lr 1.000e-03 (1.000e-03)
2026-01-15 18:41:13,885 - INFO: Epoch: [12][ 50/582]	Time  0.029 ( 0.040)	Loss 1.2732e-01 (1.7315e-01)	Acc pseudo  95.31 ( 92.89)	Lr 1.000e-03 (1.000e-03)
2026-01-15 18:41:18,539 - INFO: Epoch: [12][100/582]	Time  0.029 ( 0.034)	Loss 1.3343e-01 (1.7757e-01)	Acc pseudo  92.19 ( 92.93)	Lr 1.000e-03 (1.000e-03)
2026-01-15 18:41:23,189 - INFO: Epoch: [12][150/582]	Time  0.028 ( 0.032)	Loss 6.8009e-02 (1.8376e-01)	Acc pseudo  96.88 ( 92.69)	Lr 1.000e-03 (1.000e-03)
2026-01-15 18:41:27,851 - INFO: Epoch: [12][200/582]	Time  0.038 ( 0.033)	Loss 1.0176e-01 (1.8583e-01)	Acc pseudo  95.31 ( 92.74)	Lr 1.000e-03 (1.000e-03)
2026-01-15 18:41:32,508 - INFO: Epoch: [12][250/582]	Time  0.029 ( 0.032)	Loss 1.3438e-01 (1.8492e-01)	Acc pseudo  92.19 ( 92.62)	Lr 1.000e-03 (1.000e-03)
2026-01-15 18:41:37,170 - INFO: Epoch: [12][300/582]	Time  0.036 ( 0.032)	Loss 2.2674e-01 (1.8276e-01)	Acc pseudo  89.06 ( 92.68)	Lr 1.000e-03 (1.000e-03)
2026-01-15 18:41:41,848 - INFO: Epoch: [12][350/582]	Time  0.036 ( 0.032)	Loss 2.6386e-01 (1.8302e-01)	Acc pseudo  90.62 ( 92.65)	Lr 1.000e-03 (1.000e-03)
2026-01-15 18:41:46,499 - INFO: Epoch: [12][400/582]	Time  0.027 ( 0.032)	Loss 1.9971e-01 (1.8023e-01)	Acc pseudo  92.19 ( 92.73)	Lr 1.000e-03 (1.000e-03)
2026-01-15 18:41:51,149 - INFO: Epoch: [12][450/582]	Time  0.028 ( 0.032)	Loss 1.0751e-01 (1.8062e-01)	Acc pseudo  95.31 ( 92.73)	Lr 1.000e-03 (1.000e-03)
2026-01-15 18:41:55,800 - INFO: Epoch: [12][500/582]	Time  0.028 ( 0.031)	Loss 1.7236e-01 (1.8126e-01)	Acc pseudo  90.62 ( 92.74)	Lr 1.000e-03 (1.000e-03)
2026-01-15 18:42:00,443 - INFO: Epoch: [12][550/582]	Time  0.028 ( 0.031)	Loss 1.6191e-01 (1.8078e-01)	Acc pseudo  93.75 ( 92.72)	Lr 1.000e-03 (1.000e-03)
2026-01-15 18:42:03,415 - INFO: Round 2, Face Fine-tune Epoch 12: loss=0.1800, acc(pseudo)=92.73%
2026-01-15 18:43:03,088 - INFO: Round 2, Face Fine-tune Epoch 12: acc(valid_pseudo): 0.9756, acc: 0.8676
2026-01-15 18:43:05,757 - INFO: Epoch: [13][  0/582]	Time  0.717 ( 0.717)	Loss 1.2312e-01 (1.2312e-01)	Acc pseudo  93.75 ( 93.75)	Lr 1.000e-03 (1.000e-03)
2026-01-15 18:43:10,447 - INFO: Epoch: [13][ 50/582]	Time  0.027 ( 0.045)	Loss 1.5389e-01 (1.7393e-01)	Acc pseudo  95.31 ( 92.37)	Lr 1.000e-03 (1.000e-03)
2026-01-15 18:43:15,099 - INFO: Epoch: [13][100/582]	Time  0.028 ( 0.037)	Loss 1.3371e-01 (1.7828e-01)	Acc pseudo  93.75 ( 92.57)	Lr 1.000e-03 (1.000e-03)
2026-01-15 18:43:19,753 - INFO: Epoch: [13][150/582]	Time  0.028 ( 0.034)	Loss 3.2200e-01 (1.7710e-01)	Acc pseudo  92.19 ( 92.57)	Lr 1.000e-03 (1.000e-03)
2026-01-15 18:43:24,408 - INFO: Epoch: [13][200/582]	Time  0.027 ( 0.033)	Loss 2.3209e-01 (1.7721e-01)	Acc pseudo  89.06 ( 92.54)	Lr 1.000e-03 (1.000e-03)
2026-01-15 18:43:29,063 - INFO: Epoch: [13][250/582]	Time  0.028 ( 0.032)	Loss 1.9024e-01 (1.7169e-01)	Acc pseudo  95.31 ( 92.74)	Lr 1.000e-03 (1.000e-03)
2026-01-15 18:43:33,722 - INFO: Epoch: [13][300/582]	Time  0.029 ( 0.032)	Loss 1.3512e-01 (1.7015e-01)	Acc pseudo  90.62 ( 92.74)	Lr 1.000e-03 (1.000e-03)
2026-01-15 18:43:38,381 - INFO: Epoch: [13][350/582]	Time  0.028 ( 0.032)	Loss 1.1402e-01 (1.7189e-01)	Acc pseudo  95.31 ( 92.67)	Lr 1.000e-03 (1.000e-03)
2026-01-15 18:43:43,034 - INFO: Epoch: [13][400/582]	Time  0.028 ( 0.031)	Loss 1.9066e-01 (1.7178e-01)	Acc pseudo  92.19 ( 92.68)	Lr 1.000e-03 (1.000e-03)
2026-01-15 18:43:47,693 - INFO: Epoch: [13][450/582]	Time  0.027 ( 0.031)	Loss 2.5882e-01 (1.7073e-01)	Acc pseudo  92.19 ( 92.78)	Lr 1.000e-03 (1.000e-03)
2026-01-15 18:43:52,353 - INFO: Epoch: [13][500/582]	Time  0.027 ( 0.031)	Loss 3.2225e-01 (1.7352e-01)	Acc pseudo  93.75 ( 92.79)	Lr 1.000e-03 (1.000e-03)
2026-01-15 18:43:57,107 - INFO: Epoch: [13][550/582]	Time  0.027 ( 0.031)	Loss 1.6558e-01 (1.7231e-01)	Acc pseudo  90.62 ( 92.77)	Lr 1.000e-03 (1.000e-03)
2026-01-15 18:44:00,077 - INFO: Round 2, Face Fine-tune Epoch 13: loss=0.1725, acc(pseudo)=92.77%
2026-01-15 18:44:59,157 - INFO: Round 2, Face Fine-tune Epoch 13: acc(valid_pseudo): 0.9744, acc: 0.8724
2026-01-15 18:44:59,158 - INFO: Round 2, Face Fine-tune Epoch 13: No improvement. Patience(epoch): 1/3
2026-01-15 18:44:59,737 - INFO: Epoch: [14][  0/582]	Time  0.521 ( 0.521)	Loss 6.2932e-02 (6.2932e-02)	Acc pseudo  98.44 ( 98.44)	Lr 1.000e-03 (1.000e-03)
2026-01-15 18:45:04,430 - INFO: Epoch: [14][ 50/582]	Time  0.028 ( 0.042)	Loss 1.6346e-01 (1.7053e-01)	Acc pseudo  93.75 ( 92.77)	Lr 1.000e-03 (1.000e-03)
2026-01-15 18:45:09,078 - INFO: Epoch: [14][100/582]	Time  0.028 ( 0.035)	Loss 5.0440e-02 (1.5849e-01)	Acc pseudo  98.44 ( 93.61)	Lr 1.000e-03 (1.000e-03)
2026-01-15 18:45:13,728 - INFO: Epoch: [14][150/582]	Time  0.030 ( 0.033)	Loss 1.8433e-01 (1.6674e-01)	Acc pseudo  90.62 ( 93.24)	Lr 1.000e-03 (1.000e-03)
2026-01-15 18:45:18,492 - INFO: Epoch: [14][200/582]	Time  0.030 ( 0.033)	Loss 2.7244e-01 (1.7156e-01)	Acc pseudo  89.06 ( 92.96)	Lr 1.000e-03 (1.000e-03)
2026-01-15 18:45:23,148 - INFO: Epoch: [14][250/582]	Time  0.040 ( 0.033)	Loss 1.3961e-01 (1.7396e-01)	Acc pseudo  93.75 ( 93.04)	Lr 1.000e-03 (1.000e-03)
2026-01-15 18:45:27,811 - INFO: Epoch: [14][300/582]	Time  0.028 ( 0.033)	Loss 1.1675e-01 (1.7109e-01)	Acc pseudo  95.31 ( 93.15)	Lr 1.000e-03 (1.000e-03)
2026-01-15 18:45:32,461 - INFO: Epoch: [14][350/582]	Time  0.031 ( 0.032)	Loss 1.2510e-01 (1.7384e-01)	Acc pseudo  95.31 ( 93.09)	Lr 1.000e-03 (1.000e-03)
2026-01-15 18:45:37,122 - INFO: Epoch: [14][400/582]	Time  0.041 ( 0.033)	Loss 3.4870e-01 (1.7375e-01)	Acc pseudo  89.06 ( 93.05)	Lr 1.000e-03 (1.000e-03)
2026-01-15 18:45:41,781 - INFO: Epoch: [14][450/582]	Time  0.040 ( 0.033)	Loss 2.1588e-01 (1.7547e-01)	Acc pseudo  89.06 ( 92.90)	Lr 1.000e-03 (1.000e-03)
2026-01-15 18:45:46,446 - INFO: Epoch: [14][500/582]	Time  0.031 ( 0.034)	Loss 1.5900e-01 (1.7507e-01)	Acc pseudo  95.31 ( 92.88)	Lr 1.000e-03 (1.000e-03)
2026-01-15 18:45:51,106 - INFO: Epoch: [14][550/582]	Time  0.029 ( 0.034)	Loss 2.2786e-01 (1.7510e-01)	Acc pseudo  93.75 ( 92.89)	Lr 1.000e-03 (1.000e-03)
2026-01-15 18:45:54,090 - INFO: Round 2, Face Fine-tune Epoch 14: loss=0.1769, acc(pseudo)=92.86%
2026-01-15 18:46:52,381 - INFO: Round 2, Face Fine-tune Epoch 14: acc(valid_pseudo): 0.9739, acc: 0.8724
2026-01-15 18:46:52,382 - INFO: Round 2, Face Fine-tune Epoch 14: No improvement. Patience(epoch): 2/3
2026-01-15 18:46:52,913 - INFO: Epoch: [15][  0/582]	Time  0.491 ( 0.491)	Loss 1.8269e-01 (1.8269e-01)	Acc pseudo  95.31 ( 95.31)	Lr 1.000e-03 (1.000e-03)
2026-01-15 18:46:57,566 - INFO: Epoch: [15][ 50/582]	Time  0.028 ( 0.039)	Loss 3.9182e-01 (1.7896e-01)	Acc pseudo  84.38 ( 92.43)	Lr 1.000e-03 (1.000e-03)
2026-01-15 18:47:02,219 - INFO: Epoch: [15][100/582]	Time  0.028 ( 0.034)	Loss 1.9593e-01 (1.7194e-01)	Acc pseudo  90.62 ( 92.74)	Lr 1.000e-03 (1.000e-03)
2026-01-15 18:47:06,880 - INFO: Epoch: [15][150/582]	Time  0.038 ( 0.033)	Loss 1.7224e-01 (1.7713e-01)	Acc pseudo  95.31 ( 92.60)	Lr 1.000e-03 (1.000e-03)
2026-01-15 18:47:11,539 - INFO: Epoch: [15][200/582]	Time  0.028 ( 0.033)	Loss 1.9520e-01 (1.8010e-01)	Acc pseudo  95.31 ( 92.63)	Lr 1.000e-03 (1.000e-03)
2026-01-15 18:47:16,198 - INFO: Epoch: [15][250/582]	Time  0.027 ( 0.032)	Loss 1.9090e-01 (1.8364e-01)	Acc pseudo  92.19 ( 92.46)	Lr 1.000e-03 (1.000e-03)
2026-01-15 18:47:20,855 - INFO: Epoch: [15][300/582]	Time  0.028 ( 0.031)	Loss 2.6784e-01 (1.8670e-01)	Acc pseudo  92.19 ( 92.35)	Lr 1.000e-03 (1.000e-03)
2026-01-15 18:47:25,520 - INFO: Epoch: [15][350/582]	Time  0.036 ( 0.031)	Loss 1.7855e-01 (1.8694e-01)	Acc pseudo  93.75 ( 92.33)	Lr 1.000e-03 (1.000e-03)
2026-01-15 18:47:30,170 - INFO: Epoch: [15][400/582]	Time  0.027 ( 0.031)	Loss 2.0865e-01 (1.8780e-01)	Acc pseudo  92.19 ( 92.23)	Lr 1.000e-03 (1.000e-03)
2026-01-15 18:47:34,822 - INFO: Epoch: [15][450/582]	Time  0.027 ( 0.030)	Loss 4.5820e-01 (1.8928e-01)	Acc pseudo  79.69 ( 92.19)	Lr 1.000e-03 (1.000e-03)
2026-01-15 18:47:39,473 - INFO: Epoch: [15][500/582]	Time  0.030 ( 0.030)	Loss 2.3132e-01 (1.9145e-01)	Acc pseudo  87.50 ( 92.08)	Lr 1.000e-03 (1.000e-03)
2026-01-15 18:47:44,124 - INFO: Epoch: [15][550/582]	Time  0.028 ( 0.030)	Loss 1.7196e-01 (1.9022e-01)	Acc pseudo  90.62 ( 92.15)	Lr 1.000e-03 (1.000e-03)
2026-01-15 18:47:47,124 - INFO: Round 2, Face Fine-tune Epoch 15: loss=0.1901, acc(pseudo)=92.15%
2026-01-15 18:48:46,610 - INFO: Round 2, Face Fine-tune Epoch 15: acc(valid_pseudo): 0.9722, acc: 0.8685
2026-01-15 18:48:46,610 - INFO: Round 2, Face Fine-tune Epoch 15: No improvement. Patience(epoch): 3/3
2026-01-15 18:48:46,611 - INFO: Early stopping at face epoch 15
2026-01-15 18:48:46,612 - INFO: Round 2: Best face fine-tuned epoch=12, acc(valid_pseudo)=0.9756
2026-01-15 18:48:46,733 - INFO: Using HMM model from previous round: runs/I love my family/exp_video/result/self_supervised/exp0/round1/pseudo_label/hmm_params.pkl
2026-01-15 20:13:52,710 - INFO: Round 2: speaker_acc=0.8730
2026-01-15 20:13:52,717 - INFO: Round 2: face_acc=0.8734
2026-01-15 20:13:52,720 - INFO: ====================
2026-01-15 20:13:52,720 - INFO: Round 3: Fine-tuning iteration
2026-01-15 20:13:52,720 - INFO: ====================
2026-01-15 20:13:52,785 - INFO: Round 3 Part 1: Fine-tuning embedding model
2026-01-15 20:13:52,787 - INFO: Using pseudo-label file: runs/I love my family/exp_video/result/self_supervised/exp0/round2/pseudo_label/pseudo_labels_audio_nested_hmm_full(unreliable_pp=100.0).json
2026-01-15 20:13:52,836 - INFO: For training, Using face pseudo-label file: runs/I love my family/exp_video/result/self_supervised/exp0/round2/pseudo_label/pseudo_labels_faces_mid_frame_train_nested_hmm_full.json
2026-01-15 20:13:52,836 - INFO: For infering, Using face pseudo-label file: runs/I love my family/exp_video/result/self_supervised/exp0/round2/pseudo_label/pseudo_labels_faces_mid_frame_all_nested_hmm_full.json
2026-01-15 20:13:53,061 - INFO: Created face dataloader with 37219 samples
2026-01-15 20:13:53,098 - INFO: Fine-tuning speaker embedding model for 20 epochs...
2026-01-15 20:13:54,010 - INFO: Epoch: [0][  0/301]	Time  0.829 ( 0.829)	Loss 3.6416e-01 (3.6416e-01)	Acc pseudo  87.50 ( 87.50)	Lr 1.000e-03 (1.000e-03)
2026-01-15 20:13:54,209 - INFO: Epoch: [0][ 50/301]	Time  0.003 ( 0.020)	Loss 4.8846e-01 (5.3282e-01)	Acc pseudo  82.81 ( 84.38)	Lr 1.000e-03 (1.000e-03)
2026-01-15 20:13:54,365 - INFO: Epoch: [0][100/301]	Time  0.003 ( 0.012)	Loss 6.5668e-01 (5.2131e-01)	Acc pseudo  85.94 ( 84.82)	Lr 1.000e-03 (1.000e-03)
2026-01-15 20:13:54,523 - INFO: Epoch: [0][150/301]	Time  0.003 ( 0.009)	Loss 7.9770e-01 (5.3641e-01)	Acc pseudo  82.81 ( 84.71)	Lr 1.000e-03 (1.000e-03)
2026-01-15 20:13:54,680 - INFO: Epoch: [0][200/301]	Time  0.003 ( 0.007)	Loss 3.6160e-01 (5.2941e-01)	Acc pseudo  87.50 ( 84.73)	Lr 1.000e-03 (1.000e-03)
2026-01-15 20:13:54,832 - INFO: Epoch: [0][250/301]	Time  0.003 ( 0.006)	Loss 5.8714e-01 (5.2815e-01)	Acc pseudo  85.94 ( 84.66)	Lr 1.000e-03 (1.000e-03)
2026-01-15 20:13:54,974 - INFO: Epoch: [0][300/301]	Time  0.002 ( 0.006)	Loss 2.2459e-01 (5.2192e-01)	Acc pseudo  88.00 ( 84.83)	Lr 1.000e-03 (1.000e-03)
2026-01-15 20:13:55,041 - INFO: Round 3, Fine-tune Epoch 0: loss=0.5219, acc(pseudo)=84.83%
2026-01-15 20:14:03,152 - INFO: Round 3, Fine-tune Epoch 0: acc(valid_pseudo): 0.9740, acc: 0.8620
2026-01-15 20:14:04,391 - INFO: Epoch: [1][  0/301]	Time  0.250 ( 0.250)	Loss 7.6360e-01 (7.6360e-01)	Acc pseudo  75.00 ( 75.00)	Lr 1.000e-03 (1.000e-03)
2026-01-15 20:14:04,587 - INFO: Epoch: [1][ 50/301]	Time  0.003 ( 0.009)	Loss 2.3838e-01 (4.1167e-01)	Acc pseudo  87.50 ( 86.34)	Lr 1.000e-03 (1.000e-03)
2026-01-15 20:14:04,775 - INFO: Epoch: [1][100/301]	Time  0.007 ( 0.006)	Loss 4.2412e-01 (4.3543e-01)	Acc pseudo  84.38 ( 86.54)	Lr 1.000e-03 (1.000e-03)
2026-01-15 20:14:04,930 - INFO: Epoch: [1][150/301]	Time  0.003 ( 0.005)	Loss 4.2167e-01 (4.2643e-01)	Acc pseudo  84.38 ( 86.65)	Lr 1.000e-03 (1.000e-03)
2026-01-15 20:14:05,079 - INFO: Epoch: [1][200/301]	Time  0.003 ( 0.005)	Loss 5.5474e-01 (4.3790e-01)	Acc pseudo  85.94 ( 86.28)	Lr 1.000e-03 (1.000e-03)
2026-01-15 20:14:05,227 - INFO: Epoch: [1][250/301]	Time  0.003 ( 0.004)	Loss 3.0769e-01 (4.4841e-01)	Acc pseudo  89.06 ( 85.89)	Lr 1.000e-03 (1.000e-03)
2026-01-15 20:14:05,372 - INFO: Epoch: [1][300/301]	Time  0.002 ( 0.004)	Loss 3.1311e-01 (4.5166e-01)	Acc pseudo  92.00 ( 85.85)	Lr 1.000e-03 (1.000e-03)
2026-01-15 20:14:05,445 - INFO: Round 3, Fine-tune Epoch 1: loss=0.4517, acc(pseudo)=85.85%
2026-01-15 20:14:13,261 - INFO: Round 3, Fine-tune Epoch 1: acc(valid_pseudo): 0.9309, acc: 0.8220
2026-01-15 20:14:13,261 - INFO: Round 3, Speaker Fine-tune Epoch 1: No improvement in validation accuracy. Patience(epoch): 1/3
2026-01-15 20:14:13,519 - INFO: Epoch: [2][  0/301]	Time  0.253 ( 0.253)	Loss 6.1774e-01 (6.1774e-01)	Acc pseudo  79.69 ( 79.69)	Lr 1.000e-03 (1.000e-03)
2026-01-15 20:14:13,699 - INFO: Epoch: [2][ 50/301]	Time  0.003 ( 0.008)	Loss 4.1694e-01 (4.3837e-01)	Acc pseudo  84.38 ( 85.42)	Lr 1.000e-03 (1.000e-03)
2026-01-15 20:14:13,863 - INFO: Epoch: [2][100/301]	Time  0.003 ( 0.006)	Loss 8.0142e-01 (4.3270e-01)	Acc pseudo  78.12 ( 86.11)	Lr 1.000e-03 (1.000e-03)
2026-01-15 20:14:14,019 - INFO: Epoch: [2][150/301]	Time  0.003 ( 0.005)	Loss 3.5634e-01 (4.4072e-01)	Acc pseudo  85.94 ( 86.11)	Lr 1.000e-03 (1.000e-03)
2026-01-15 20:14:14,180 - INFO: Epoch: [2][200/301]	Time  0.003 ( 0.004)	Loss 3.0348e-01 (4.3501e-01)	Acc pseudo  92.19 ( 86.23)	Lr 1.000e-03 (1.000e-03)
2026-01-15 20:14:14,334 - INFO: Epoch: [2][250/301]	Time  0.003 ( 0.004)	Loss 3.3453e-01 (4.3791e-01)	Acc pseudo  82.81 ( 85.96)	Lr 1.000e-03 (1.000e-03)
2026-01-15 20:14:14,486 - INFO: Epoch: [2][300/301]	Time  0.002 ( 0.004)	Loss 7.9876e-01 (4.4132e-01)	Acc pseudo  84.00 ( 86.06)	Lr 1.000e-03 (1.000e-03)
2026-01-15 20:14:14,552 - INFO: Round 3, Fine-tune Epoch 2: loss=0.4413, acc(pseudo)=86.06%
2026-01-15 20:14:22,302 - INFO: Round 3, Fine-tune Epoch 2: acc(valid_pseudo): 0.9463, acc: 0.8275
2026-01-15 20:14:22,303 - INFO: Round 3, Speaker Fine-tune Epoch 2: No improvement in validation accuracy. Patience(epoch): 2/3
2026-01-15 20:14:22,561 - INFO: Epoch: [3][  0/301]	Time  0.253 ( 0.253)	Loss 5.6970e-01 (5.6970e-01)	Acc pseudo  79.69 ( 79.69)	Lr 1.000e-03 (1.000e-03)
2026-01-15 20:14:22,765 - INFO: Epoch: [3][ 50/301]	Time  0.004 ( 0.009)	Loss 4.3337e-01 (4.2641e-01)	Acc pseudo  81.25 ( 86.86)	Lr 1.000e-03 (1.000e-03)
2026-01-15 20:14:22,947 - INFO: Epoch: [3][100/301]	Time  0.003 ( 0.006)	Loss 2.2279e-01 (4.3767e-01)	Acc pseudo  93.75 ( 86.32)	Lr 1.000e-03 (1.000e-03)
2026-01-15 20:14:23,107 - INFO: Epoch: [3][150/301]	Time  0.003 ( 0.005)	Loss 3.4069e-01 (4.3208e-01)	Acc pseudo  87.50 ( 86.30)	Lr 1.000e-03 (1.000e-03)
2026-01-15 20:14:23,257 - INFO: Epoch: [3][200/301]	Time  0.003 ( 0.005)	Loss 3.1270e-01 (4.2400e-01)	Acc pseudo  87.50 ( 86.45)	Lr 1.000e-03 (1.000e-03)
2026-01-15 20:14:23,423 - INFO: Epoch: [3][250/301]	Time  0.003 ( 0.004)	Loss 4.5342e-01 (4.2316e-01)	Acc pseudo  87.50 ( 86.43)	Lr 1.000e-03 (1.000e-03)
2026-01-15 20:14:23,572 - INFO: Epoch: [3][300/301]	Time  0.002 ( 0.004)	Loss 5.5725e-01 (4.2843e-01)	Acc pseudo  80.00 ( 86.35)	Lr 1.000e-03 (1.000e-03)
2026-01-15 20:14:23,644 - INFO: Round 3, Fine-tune Epoch 3: loss=0.4284, acc(pseudo)=86.35%
2026-01-15 20:14:31,196 - INFO: Round 3, Fine-tune Epoch 3: acc(valid_pseudo): 0.9312, acc: 0.8045
2026-01-15 20:14:31,197 - INFO: Round 3, Speaker Fine-tune Epoch 3: No improvement in validation accuracy. Patience(epoch): 3/3
2026-01-15 20:14:31,197 - INFO: Early stopping at epoch 3 due to no improvement in validation accuracy for 3 epochs.
2026-01-15 20:14:31,198 - INFO: Round 3: Best speaker fine-tuned epoch=0, acc(valid_pseudo)=0.9740
2026-01-15 20:14:31,202 - INFO: Fine-tuning face embedding model for 20 epochs...
2026-01-15 20:14:32,443 - INFO: Epoch: [0][  0/582]	Time  1.210 ( 1.210)	Loss 5.2589e-02 (5.2589e-02)	Acc pseudo  98.44 ( 98.44)	Lr 1.000e-03 (1.000e-03)
2026-01-15 20:14:37,881 - INFO: Epoch: [0][ 50/582]	Time  0.028 ( 0.072)	Loss 1.3889e-01 (1.8644e-01)	Acc pseudo  90.62 ( 93.50)	Lr 1.000e-03 (1.000e-03)
2026-01-15 20:14:44,035 - INFO: Epoch: [0][100/582]	Time  0.031 ( 0.066)	Loss 3.1147e-01 (1.9159e-01)	Acc pseudo  87.50 ( 93.33)	Lr 1.000e-03 (1.000e-03)
2026-01-15 20:14:49,329 - INFO: Epoch: [0][150/582]	Time  0.029 ( 0.058)	Loss 1.7283e-01 (2.0631e-01)	Acc pseudo  89.06 ( 93.12)	Lr 1.000e-03 (1.000e-03)
2026-01-15 20:14:53,956 - INFO: Epoch: [0][200/582]	Time  0.032 ( 0.052)	Loss 1.3111e-01 (2.0451e-01)	Acc pseudo  93.75 ( 92.93)	Lr 1.000e-03 (1.000e-03)
2026-01-15 20:14:58,859 - INFO: Epoch: [0][250/582]	Time  0.027 ( 0.048)	Loss 2.1750e-01 (2.1537e-01)	Acc pseudo  89.06 ( 92.80)	Lr 1.000e-03 (1.000e-03)
2026-01-15 20:15:03,738 - INFO: Epoch: [0][300/582]	Time  0.043 ( 0.046)	Loss 9.7659e-02 (2.1035e-01)	Acc pseudo  92.19 ( 92.87)	Lr 1.000e-03 (1.000e-03)
2026-01-15 20:15:08,443 - INFO: Epoch: [0][350/582]	Time  0.033 ( 0.045)	Loss 4.8864e-02 (2.1013e-01)	Acc pseudo  96.88 ( 92.82)	Lr 1.000e-03 (1.000e-03)
2026-01-15 20:15:13,080 - INFO: Epoch: [0][400/582]	Time  0.030 ( 0.043)	Loss 1.5283e-01 (2.1143e-01)	Acc pseudo  95.31 ( 92.74)	Lr 1.000e-03 (1.000e-03)
2026-01-15 20:15:17,717 - INFO: Epoch: [0][450/582]	Time  0.035 ( 0.041)	Loss 7.8293e-02 (2.0983e-01)	Acc pseudo  98.44 ( 92.71)	Lr 1.000e-03 (1.000e-03)
2026-01-15 20:15:23,429 - INFO: Epoch: [0][500/582]	Time  0.031 ( 0.043)	Loss 1.0760e-01 (2.1340e-01)	Acc pseudo  92.19 ( 92.67)	Lr 1.000e-03 (1.000e-03)
2026-01-15 20:15:29,643 - INFO: Epoch: [0][550/582]	Time  0.062 ( 0.044)	Loss 3.0618e-01 (2.1167e-01)	Acc pseudo  92.19 ( 92.69)	Lr 1.000e-03 (1.000e-03)
2026-01-15 20:15:32,598 - INFO: Round 3, Face Fine-tune Epoch 0: loss=0.2132, acc(pseudo)=92.66%
2026-01-15 20:16:32,874 - INFO: Round 3, Face Fine-tune Epoch 0: acc(valid_pseudo): 0.9713, acc: 0.8744
2026-01-15 20:16:34,590 - INFO: Epoch: [1][  0/582]	Time  0.508 ( 0.508)	Loss 1.1203e-01 (1.1203e-01)	Acc pseudo  95.31 ( 95.31)	Lr 1.000e-03 (1.000e-03)
2026-01-15 20:16:39,240 - INFO: Epoch: [1][ 50/582]	Time  0.029 ( 0.041)	Loss 9.0319e-02 (1.7790e-01)	Acc pseudo  95.31 ( 92.03)	Lr 1.000e-03 (1.000e-03)
2026-01-15 20:16:43,886 - INFO: Epoch: [1][100/582]	Time  0.030 ( 0.036)	Loss 2.3935e-01 (1.7567e-01)	Acc pseudo  90.62 ( 92.48)	Lr 1.000e-03 (1.000e-03)
2026-01-15 20:16:48,594 - INFO: Epoch: [1][150/582]	Time  0.031 ( 0.034)	Loss 7.8911e-02 (1.8074e-01)	Acc pseudo  95.31 ( 92.78)	Lr 1.000e-03 (1.000e-03)
2026-01-15 20:16:53,257 - INFO: Epoch: [1][200/582]	Time  0.026 ( 0.036)	Loss 2.4011e-01 (1.7851e-01)	Acc pseudo  92.19 ( 92.84)	Lr 1.000e-03 (1.000e-03)
2026-01-15 20:16:57,901 - INFO: Epoch: [1][250/582]	Time  0.028 ( 0.035)	Loss 1.6179e-01 (1.8107e-01)	Acc pseudo  89.06 ( 92.75)	Lr 1.000e-03 (1.000e-03)
2026-01-15 20:17:02,552 - INFO: Epoch: [1][300/582]	Time  0.027 ( 0.034)	Loss 1.6717e-01 (1.7838e-01)	Acc pseudo  92.19 ( 92.91)	Lr 1.000e-03 (1.000e-03)
2026-01-15 20:17:07,206 - INFO: Epoch: [1][350/582]	Time  0.029 ( 0.033)	Loss 2.3355e-01 (1.8054e-01)	Acc pseudo  90.62 ( 92.93)	Lr 1.000e-03 (1.000e-03)
2026-01-15 20:17:11,860 - INFO: Epoch: [1][400/582]	Time  0.029 ( 0.033)	Loss 2.2880e-01 (1.8198e-01)	Acc pseudo  90.62 ( 92.91)	Lr 1.000e-03 (1.000e-03)
2026-01-15 20:17:16,518 - INFO: Epoch: [1][450/582]	Time  0.029 ( 0.032)	Loss 1.2018e-01 (1.8381e-01)	Acc pseudo  95.31 ( 92.98)	Lr 1.000e-03 (1.000e-03)
2026-01-15 20:17:21,177 - INFO: Epoch: [1][500/582]	Time  0.028 ( 0.032)	Loss 1.2840e-01 (1.8462e-01)	Acc pseudo  92.19 ( 92.90)	Lr 1.000e-03 (1.000e-03)
2026-01-15 20:17:25,836 - INFO: Epoch: [1][550/582]	Time  0.046 ( 0.032)	Loss 8.6168e-02 (1.8383e-01)	Acc pseudo  95.31 ( 92.89)	Lr 1.000e-03 (1.000e-03)
2026-01-15 20:17:28,816 - INFO: Round 3, Face Fine-tune Epoch 1: loss=0.1838, acc(pseudo)=92.87%
2026-01-15 20:18:28,331 - INFO: Round 3, Face Fine-tune Epoch 1: acc(valid_pseudo): 0.9713, acc: 0.8695
2026-01-15 20:18:28,332 - INFO: Round 3, Face Fine-tune Epoch 1: No improvement. Patience(epoch): 1/3
2026-01-15 20:18:28,887 - INFO: Epoch: [2][  0/582]	Time  0.504 ( 0.504)	Loss 1.2716e-01 (1.2716e-01)	Acc pseudo  93.75 ( 93.75)	Lr 1.000e-03 (1.000e-03)
2026-01-15 20:18:33,557 - INFO: Epoch: [2][ 50/582]	Time  0.029 ( 0.042)	Loss 2.2090e-01 (1.5774e-01)	Acc pseudo  89.06 ( 92.89)	Lr 1.000e-03 (1.000e-03)
2026-01-15 20:18:38,204 - INFO: Epoch: [2][100/582]	Time  0.031 ( 0.036)	Loss 8.4616e-02 (1.6687e-01)	Acc pseudo  95.31 ( 92.81)	Lr 1.000e-03 (1.000e-03)
2026-01-15 20:18:42,858 - INFO: Epoch: [2][150/582]	Time  0.028 ( 0.034)	Loss 4.9742e-01 (1.6612e-01)	Acc pseudo  90.62 ( 93.18)	Lr 1.000e-03 (1.000e-03)
2026-01-15 20:18:47,514 - INFO: Epoch: [2][200/582]	Time  0.028 ( 0.032)	Loss 3.0656e-01 (1.7135e-01)	Acc pseudo  90.62 ( 92.93)	Lr 1.000e-03 (1.000e-03)
2026-01-15 20:18:52,169 - INFO: Epoch: [2][250/582]	Time  0.038 ( 0.032)	Loss 1.5664e-01 (1.6951e-01)	Acc pseudo  95.31 ( 93.08)	Lr 1.000e-03 (1.000e-03)
2026-01-15 20:18:56,826 - INFO: Epoch: [2][300/582]	Time  0.030 ( 0.032)	Loss 8.5872e-02 (1.6885e-01)	Acc pseudo  95.31 ( 93.14)	Lr 1.000e-03 (1.000e-03)
2026-01-15 20:19:01,498 - INFO: Epoch: [2][350/582]	Time  0.029 ( 0.033)	Loss 6.5507e-02 (1.6904e-01)	Acc pseudo  96.88 ( 93.32)	Lr 1.000e-03 (1.000e-03)
2026-01-15 20:19:06,167 - INFO: Epoch: [2][400/582]	Time  0.043 ( 0.032)	Loss 6.8928e-02 (1.6815e-01)	Acc pseudo  96.88 ( 93.36)	Lr 1.000e-03 (1.000e-03)
2026-01-15 20:19:10,827 - INFO: Epoch: [2][450/582]	Time  0.028 ( 0.032)	Loss 2.1717e-01 (1.6710e-01)	Acc pseudo  90.62 ( 93.35)	Lr 1.000e-03 (1.000e-03)
2026-01-15 20:19:15,489 - INFO: Epoch: [2][500/582]	Time  0.029 ( 0.032)	Loss 1.4185e-01 (1.6812e-01)	Acc pseudo  92.19 ( 93.36)	Lr 1.000e-03 (1.000e-03)
2026-01-15 20:19:20,158 - INFO: Epoch: [2][550/582]	Time  0.029 ( 0.032)	Loss 1.9807e-01 (1.6862e-01)	Acc pseudo  93.75 ( 93.32)	Lr 1.000e-03 (1.000e-03)
2026-01-15 20:19:23,138 - INFO: Round 3, Face Fine-tune Epoch 2: loss=0.1700, acc(pseudo)=93.30%
2026-01-15 20:20:23,556 - INFO: Round 3, Face Fine-tune Epoch 2: acc(valid_pseudo): 0.9719, acc: 0.8734
2026-01-15 20:20:25,708 - INFO: Epoch: [3][  0/582]	Time  0.534 ( 0.534)	Loss 1.7197e-01 (1.7197e-01)	Acc pseudo  95.31 ( 95.31)	Lr 1.000e-03 (1.000e-03)
2026-01-15 20:20:30,368 - INFO: Epoch: [3][ 50/582]	Time  0.029 ( 0.042)	Loss 1.3999e-01 (1.8893e-01)	Acc pseudo  95.31 ( 92.46)	Lr 1.000e-03 (1.000e-03)
2026-01-15 20:20:35,023 - INFO: Epoch: [3][100/582]	Time  0.029 ( 0.036)	Loss 8.1026e-02 (1.7924e-01)	Acc pseudo  96.88 ( 92.82)	Lr 1.000e-03 (1.000e-03)
2026-01-15 20:20:39,697 - INFO: Epoch: [3][150/582]	Time  0.070 ( 0.039)	Loss 1.6155e-01 (1.7417e-01)	Acc pseudo  93.75 ( 92.94)	Lr 1.000e-03 (1.000e-03)
2026-01-15 20:20:44,371 - INFO: Epoch: [3][200/582]	Time  0.028 ( 0.040)	Loss 2.5065e-01 (1.7376e-01)	Acc pseudo  93.75 ( 93.02)	Lr 1.000e-03 (1.000e-03)
2026-01-15 20:20:49,036 - INFO: Epoch: [3][250/582]	Time  0.028 ( 0.038)	Loss 1.5081e-01 (1.7527e-01)	Acc pseudo  93.75 ( 92.88)	Lr 1.000e-03 (1.000e-03)
2026-01-15 20:20:53,821 - INFO: Epoch: [3][300/582]	Time  0.028 ( 0.037)	Loss 1.1240e-01 (1.7420e-01)	Acc pseudo  92.19 ( 92.97)	Lr 1.000e-03 (1.000e-03)
2026-01-15 20:20:58,491 - INFO: Epoch: [3][350/582]	Time  0.028 ( 0.036)	Loss 1.5347e-01 (1.7474e-01)	Acc pseudo  93.75 ( 92.94)	Lr 1.000e-03 (1.000e-03)
2026-01-15 20:21:03,157 - INFO: Epoch: [3][400/582]	Time  0.029 ( 0.036)	Loss 3.4469e-01 (1.7493e-01)	Acc pseudo  89.06 ( 93.00)	Lr 1.000e-03 (1.000e-03)
2026-01-15 20:21:07,824 - INFO: Epoch: [3][450/582]	Time  0.028 ( 0.035)	Loss 1.6549e-01 (1.7631e-01)	Acc pseudo  93.75 ( 93.01)	Lr 1.000e-03 (1.000e-03)
2026-01-15 20:21:12,496 - INFO: Epoch: [3][500/582]	Time  0.030 ( 0.034)	Loss 1.9826e-01 (1.7429e-01)	Acc pseudo  90.62 ( 93.02)	Lr 1.000e-03 (1.000e-03)
2026-01-15 20:21:17,164 - INFO: Epoch: [3][550/582]	Time  0.028 ( 0.034)	Loss 1.3756e-01 (1.7627e-01)	Acc pseudo  92.19 ( 92.96)	Lr 1.000e-03 (1.000e-03)
2026-01-15 20:21:20,132 - INFO: Round 3, Face Fine-tune Epoch 3: loss=0.1768, acc(pseudo)=92.96%
2026-01-15 20:22:20,275 - INFO: Round 3, Face Fine-tune Epoch 3: acc(valid_pseudo): 0.9727, acc: 0.8734
2026-01-15 20:22:22,361 - INFO: Epoch: [4][  0/582]	Time  0.500 ( 0.500)	Loss 3.1272e-01 (3.1272e-01)	Acc pseudo  92.19 ( 92.19)	Lr 1.000e-03 (1.000e-03)
2026-01-15 20:22:27,016 - INFO: Epoch: [4][ 50/582]	Time  0.041 ( 0.046)	Loss 1.0678e-01 (1.6830e-01)	Acc pseudo  93.75 ( 92.62)	Lr 1.000e-03 (1.000e-03)
2026-01-15 20:22:31,666 - INFO: Epoch: [4][100/582]	Time  0.029 ( 0.040)	Loss 3.1603e-01 (1.7221e-01)	Acc pseudo  89.06 ( 93.24)	Lr 1.000e-03 (1.000e-03)
2026-01-15 20:22:36,319 - INFO: Epoch: [4][150/582]	Time  0.029 ( 0.037)	Loss 1.4527e-01 (1.7001e-01)	Acc pseudo  96.88 ( 93.13)	Lr 1.000e-03 (1.000e-03)
2026-01-15 20:22:40,971 - INFO: Epoch: [4][200/582]	Time  0.028 ( 0.035)	Loss 1.4294e-01 (1.6597e-01)	Acc pseudo  90.62 ( 93.24)	Lr 1.000e-03 (1.000e-03)
2026-01-15 20:22:45,636 - INFO: Epoch: [4][250/582]	Time  0.029 ( 0.034)	Loss 9.3752e-02 (1.6305e-01)	Acc pseudo  93.75 ( 93.31)	Lr 1.000e-03 (1.000e-03)
2026-01-15 20:22:50,297 - INFO: Epoch: [4][300/582]	Time  0.032 ( 0.033)	Loss 1.1491e-01 (1.6207e-01)	Acc pseudo  95.31 ( 93.35)	Lr 1.000e-03 (1.000e-03)
2026-01-15 20:22:54,961 - INFO: Epoch: [4][350/582]	Time  0.028 ( 0.033)	Loss 2.5115e-01 (1.6596e-01)	Acc pseudo  96.88 ( 93.31)	Lr 1.000e-03 (1.000e-03)
2026-01-15 20:22:59,617 - INFO: Epoch: [4][400/582]	Time  0.030 ( 0.033)	Loss 1.0402e-01 (1.6834e-01)	Acc pseudo  90.62 ( 93.19)	Lr 1.000e-03 (1.000e-03)
2026-01-15 20:23:04,276 - INFO: Epoch: [4][450/582]	Time  0.029 ( 0.032)	Loss 5.8914e-02 (1.6757e-01)	Acc pseudo 100.00 ( 93.25)	Lr 1.000e-03 (1.000e-03)
2026-01-15 20:23:08,939 - INFO: Epoch: [4][500/582]	Time  0.028 ( 0.032)	Loss 1.7678e-01 (1.6769e-01)	Acc pseudo  95.31 ( 93.28)	Lr 1.000e-03 (1.000e-03)
2026-01-15 20:23:13,602 - INFO: Epoch: [4][550/582]	Time  0.029 ( 0.032)	Loss 6.3204e-02 (1.6838e-01)	Acc pseudo  96.88 ( 93.25)	Lr 1.000e-03 (1.000e-03)
2026-01-15 20:23:16,583 - INFO: Round 3, Face Fine-tune Epoch 4: loss=0.1677, acc(pseudo)=93.24%
2026-01-15 20:24:16,096 - INFO: Round 3, Face Fine-tune Epoch 4: acc(valid_pseudo): 0.9752, acc: 0.8676
2026-01-15 20:24:18,089 - INFO: Epoch: [5][  0/582]	Time  0.565 ( 0.565)	Loss 2.1973e-01 (2.1973e-01)	Acc pseudo  90.62 ( 90.62)	Lr 1.000e-03 (1.000e-03)
2026-01-15 20:24:22,746 - INFO: Epoch: [5][ 50/582]	Time  0.027 ( 0.043)	Loss 1.2360e-01 (1.7179e-01)	Acc pseudo  93.75 ( 92.80)	Lr 1.000e-03 (1.000e-03)
2026-01-15 20:24:27,399 - INFO: Epoch: [5][100/582]	Time  0.029 ( 0.036)	Loss 1.5706e-01 (1.6527e-01)	Acc pseudo  90.62 ( 93.30)	Lr 1.000e-03 (1.000e-03)
2026-01-15 20:24:32,147 - INFO: Epoch: [5][150/582]	Time  0.040 ( 0.035)	Loss 1.5219e-01 (1.6258e-01)	Acc pseudo  93.75 ( 93.37)	Lr 1.000e-03 (1.000e-03)
2026-01-15 20:24:36,833 - INFO: Epoch: [5][200/582]	Time  0.028 ( 0.034)	Loss 1.1591e-01 (1.5879e-01)	Acc pseudo  96.88 ( 93.34)	Lr 1.000e-03 (1.000e-03)
2026-01-15 20:24:41,495 - INFO: Epoch: [5][250/582]	Time  0.034 ( 0.033)	Loss 1.5560e-01 (1.5828e-01)	Acc pseudo  92.19 ( 93.36)	Lr 1.000e-03 (1.000e-03)
2026-01-15 20:24:46,157 - INFO: Epoch: [5][300/582]	Time  0.040 ( 0.033)	Loss 1.0650e-01 (1.5906e-01)	Acc pseudo  96.88 ( 93.37)	Lr 1.000e-03 (1.000e-03)
2026-01-15 20:24:50,821 - INFO: Epoch: [5][350/582]	Time  0.028 ( 0.032)	Loss 7.3584e-02 (1.5827e-01)	Acc pseudo  95.31 ( 93.44)	Lr 1.000e-03 (1.000e-03)
2026-01-15 20:24:55,481 - INFO: Epoch: [5][400/582]	Time  0.029 ( 0.032)	Loss 7.0013e-02 (1.5741e-01)	Acc pseudo  95.31 ( 93.44)	Lr 1.000e-03 (1.000e-03)
2026-01-15 20:25:00,146 - INFO: Epoch: [5][450/582]	Time  0.035 ( 0.032)	Loss 1.1745e-01 (1.5936e-01)	Acc pseudo  92.19 ( 93.39)	Lr 1.000e-03 (1.000e-03)
2026-01-15 20:25:04,815 - INFO: Epoch: [5][500/582]	Time  0.030 ( 0.032)	Loss 8.1559e-02 (1.6018e-01)	Acc pseudo  95.31 ( 93.40)	Lr 1.000e-03 (1.000e-03)
2026-01-15 20:25:09,484 - INFO: Epoch: [5][550/582]	Time  0.028 ( 0.032)	Loss 1.5790e-01 (1.5950e-01)	Acc pseudo  90.62 ( 93.39)	Lr 1.000e-03 (1.000e-03)
2026-01-15 20:25:12,469 - INFO: Round 3, Face Fine-tune Epoch 5: loss=0.1617, acc(pseudo)=93.36%
2026-01-15 20:26:12,053 - INFO: Round 3, Face Fine-tune Epoch 5: acc(valid_pseudo): 0.9736, acc: 0.8695
2026-01-15 20:26:12,053 - INFO: Round 3, Face Fine-tune Epoch 5: No improvement. Patience(epoch): 1/3
2026-01-15 20:26:12,641 - INFO: Epoch: [6][  0/582]	Time  0.534 ( 0.534)	Loss 8.6329e-02 (8.6329e-02)	Acc pseudo  95.31 ( 95.31)	Lr 1.000e-03 (1.000e-03)
2026-01-15 20:26:17,307 - INFO: Epoch: [6][ 50/582]	Time  0.033 ( 0.041)	Loss 1.2771e-01 (1.5600e-01)	Acc pseudo  98.44 ( 94.12)	Lr 1.000e-03 (1.000e-03)
2026-01-15 20:26:21,964 - INFO: Epoch: [6][100/582]	Time  0.029 ( 0.035)	Loss 1.8322e-01 (1.5706e-01)	Acc pseudo  89.06 ( 93.78)	Lr 1.000e-03 (1.000e-03)
2026-01-15 20:26:26,627 - INFO: Epoch: [6][150/582]	Time  0.027 ( 0.034)	Loss 1.6800e-01 (1.6767e-01)	Acc pseudo  90.62 ( 93.37)	Lr 1.000e-03 (1.000e-03)
2026-01-15 20:26:31,285 - INFO: Epoch: [6][200/582]	Time  0.030 ( 0.033)	Loss 3.4670e-01 (1.7121e-01)	Acc pseudo  85.94 ( 93.27)	Lr 1.000e-03 (1.000e-03)
2026-01-15 20:26:35,952 - INFO: Epoch: [6][250/582]	Time  0.029 ( 0.033)	Loss 6.9237e-02 (1.7129e-01)	Acc pseudo  96.88 ( 93.26)	Lr 1.000e-03 (1.000e-03)
2026-01-15 20:26:40,612 - INFO: Epoch: [6][300/582]	Time  0.048 ( 0.032)	Loss 1.1629e-01 (1.6823e-01)	Acc pseudo  93.75 ( 93.31)	Lr 1.000e-03 (1.000e-03)
2026-01-15 20:26:45,279 - INFO: Epoch: [6][350/582]	Time  0.042 ( 0.032)	Loss 1.4307e-01 (1.6665e-01)	Acc pseudo  93.75 ( 93.36)	Lr 1.000e-03 (1.000e-03)
2026-01-15 20:26:50,005 - INFO: Epoch: [6][400/582]	Time  0.028 ( 0.032)	Loss 1.4607e-01 (1.6330e-01)	Acc pseudo  93.75 ( 93.35)	Lr 1.000e-03 (1.000e-03)
2026-01-15 20:26:54,666 - INFO: Epoch: [6][450/582]	Time  0.029 ( 0.032)	Loss 2.2231e-01 (1.6450e-01)	Acc pseudo  90.62 ( 93.34)	Lr 1.000e-03 (1.000e-03)
2026-01-15 20:26:59,330 - INFO: Epoch: [6][500/582]	Time  0.030 ( 0.032)	Loss 9.3442e-02 (1.6431e-01)	Acc pseudo  95.31 ( 93.35)	Lr 1.000e-03 (1.000e-03)
2026-01-15 20:27:03,993 - INFO: Epoch: [6][550/582]	Time  0.027 ( 0.031)	Loss 1.0703e-01 (1.6253e-01)	Acc pseudo  93.75 ( 93.33)	Lr 1.000e-03 (1.000e-03)
2026-01-15 20:27:06,960 - INFO: Round 3, Face Fine-tune Epoch 6: loss=0.1628, acc(pseudo)=93.30%
2026-01-15 20:28:05,994 - INFO: Round 3, Face Fine-tune Epoch 6: acc(valid_pseudo): 0.9760, acc: 0.8676
2026-01-15 20:28:08,146 - INFO: Epoch: [7][  0/582]	Time  0.523 ( 0.523)	Loss 1.4390e-01 (1.4390e-01)	Acc pseudo  87.50 ( 87.50)	Lr 1.000e-03 (1.000e-03)
2026-01-15 20:28:12,820 - INFO: Epoch: [7][ 50/582]	Time  0.029 ( 0.042)	Loss 7.0800e-02 (1.5226e-01)	Acc pseudo  95.31 ( 93.90)	Lr 1.000e-03 (1.000e-03)
2026-01-15 20:28:17,564 - INFO: Epoch: [7][100/582]	Time  0.028 ( 0.037)	Loss 2.4614e-01 (1.5235e-01)	Acc pseudo  90.62 ( 93.64)	Lr 1.000e-03 (1.000e-03)
2026-01-15 20:28:22,244 - INFO: Epoch: [7][150/582]	Time  0.026 ( 0.034)	Loss 1.2261e-01 (1.4660e-01)	Acc pseudo  95.31 ( 93.55)	Lr 1.000e-03 (1.000e-03)
2026-01-15 20:28:26,900 - INFO: Epoch: [7][200/582]	Time  0.051 ( 0.033)	Loss 5.6983e-02 (1.4924e-01)	Acc pseudo  98.44 ( 93.50)	Lr 1.000e-03 (1.000e-03)
2026-01-15 20:28:31,556 - INFO: Epoch: [7][250/582]	Time  0.027 ( 0.032)	Loss 2.3770e-01 (1.5072e-01)	Acc pseudo  95.31 ( 93.54)	Lr 1.000e-03 (1.000e-03)
2026-01-15 20:28:36,217 - INFO: Epoch: [7][300/582]	Time  0.029 ( 0.032)	Loss 7.6480e-02 (1.5309e-01)	Acc pseudo  95.31 ( 93.51)	Lr 1.000e-03 (1.000e-03)
2026-01-15 20:28:40,888 - INFO: Epoch: [7][350/582]	Time  0.040 ( 0.032)	Loss 1.4230e-01 (1.5279e-01)	Acc pseudo  90.62 ( 93.55)	Lr 1.000e-03 (1.000e-03)
2026-01-15 20:28:45,563 - INFO: Epoch: [7][400/582]	Time  0.034 ( 0.032)	Loss 1.4935e-01 (1.5309e-01)	Acc pseudo  89.06 ( 93.52)	Lr 1.000e-03 (1.000e-03)
2026-01-15 20:28:50,241 - INFO: Epoch: [7][450/582]	Time  0.028 ( 0.033)	Loss 1.6281e-01 (1.5305e-01)	Acc pseudo  92.19 ( 93.51)	Lr 1.000e-03 (1.000e-03)
2026-01-15 20:28:54,911 - INFO: Epoch: [7][500/582]	Time  0.028 ( 0.033)	Loss 1.3672e-01 (1.5194e-01)	Acc pseudo  96.88 ( 93.55)	Lr 1.000e-03 (1.000e-03)
2026-01-15 20:28:59,578 - INFO: Epoch: [7][550/582]	Time  0.029 ( 0.032)	Loss 3.1562e-01 (1.5428e-01)	Acc pseudo  95.31 ( 93.49)	Lr 1.000e-03 (1.000e-03)
2026-01-15 20:29:02,568 - INFO: Round 3, Face Fine-tune Epoch 7: loss=0.1547, acc(pseudo)=93.48%
2026-01-15 20:30:02,309 - INFO: Round 3, Face Fine-tune Epoch 7: acc(valid_pseudo): 0.9764, acc: 0.8715
2026-01-15 20:30:04,142 - INFO: Epoch: [8][  0/582]	Time  0.501 ( 0.501)	Loss 5.6162e-02 (5.6162e-02)	Acc pseudo  95.31 ( 95.31)	Lr 1.000e-03 (1.000e-03)
2026-01-15 20:30:08,810 - INFO: Epoch: [8][ 50/582]	Time  0.029 ( 0.042)	Loss 6.6523e-02 (1.4094e-01)	Acc pseudo  98.44 ( 93.90)	Lr 1.000e-03 (1.000e-03)
2026-01-15 20:30:13,461 - INFO: Epoch: [8][100/582]	Time  0.038 ( 0.036)	Loss 2.0504e-01 (1.4435e-01)	Acc pseudo  90.62 ( 94.12)	Lr 1.000e-03 (1.000e-03)
2026-01-15 20:30:18,113 - INFO: Epoch: [8][150/582]	Time  0.028 ( 0.033)	Loss 9.7481e-02 (1.4188e-01)	Acc pseudo  92.19 ( 94.18)	Lr 1.000e-03 (1.000e-03)
2026-01-15 20:30:22,762 - INFO: Epoch: [8][200/582]	Time  0.028 ( 0.032)	Loss 2.1193e-01 (1.4241e-01)	Acc pseudo  93.75 ( 94.19)	Lr 1.000e-03 (1.000e-03)
2026-01-15 20:30:27,416 - INFO: Epoch: [8][250/582]	Time  0.029 ( 0.032)	Loss 1.3188e-01 (1.4078e-01)	Acc pseudo  95.31 ( 94.17)	Lr 1.000e-03 (1.000e-03)
2026-01-15 20:30:32,073 - INFO: Epoch: [8][300/582]	Time  0.037 ( 0.031)	Loss 1.8937e-01 (1.4440e-01)	Acc pseudo  89.06 ( 94.03)	Lr 1.000e-03 (1.000e-03)
2026-01-15 20:30:36,730 - INFO: Epoch: [8][350/582]	Time  0.027 ( 0.031)	Loss 8.4815e-02 (1.4500e-01)	Acc pseudo  95.31 ( 94.07)	Lr 1.000e-03 (1.000e-03)
2026-01-15 20:30:41,393 - INFO: Epoch: [8][400/582]	Time  0.040 ( 0.031)	Loss 3.0175e-01 (1.4856e-01)	Acc pseudo  93.75 ( 93.87)	Lr 1.000e-03 (1.000e-03)
2026-01-15 20:30:46,052 - INFO: Epoch: [8][450/582]	Time  0.028 ( 0.031)	Loss 1.8147e-01 (1.5000e-01)	Acc pseudo  90.62 ( 93.81)	Lr 1.000e-03 (1.000e-03)
2026-01-15 20:30:50,716 - INFO: Epoch: [8][500/582]	Time  0.029 ( 0.031)	Loss 1.0402e-01 (1.5130e-01)	Acc pseudo  95.31 ( 93.82)	Lr 1.000e-03 (1.000e-03)
2026-01-15 20:30:55,425 - INFO: Epoch: [8][550/582]	Time  0.029 ( 0.031)	Loss 7.6572e-02 (1.5314e-01)	Acc pseudo  98.44 ( 93.71)	Lr 1.000e-03 (1.000e-03)
2026-01-15 20:30:58,411 - INFO: Round 3, Face Fine-tune Epoch 8: loss=0.1538, acc(pseudo)=93.68%
2026-01-15 20:31:57,373 - INFO: Round 3, Face Fine-tune Epoch 8: acc(valid_pseudo): 0.9777, acc: 0.8734
2026-01-15 20:31:59,285 - INFO: Epoch: [9][  0/582]	Time  0.487 ( 0.487)	Loss 9.5992e-02 (9.5992e-02)	Acc pseudo  95.31 ( 95.31)	Lr 1.000e-03 (1.000e-03)
2026-01-15 20:32:03,951 - INFO: Epoch: [9][ 50/582]	Time  0.029 ( 0.041)	Loss 1.2711e-01 (1.4210e-01)	Acc pseudo  93.75 ( 94.30)	Lr 1.000e-03 (1.000e-03)
2026-01-15 20:32:08,614 - INFO: Epoch: [9][100/582]	Time  0.038 ( 0.036)	Loss 5.3550e-02 (1.3863e-01)	Acc pseudo  95.31 ( 94.28)	Lr 1.000e-03 (1.000e-03)
2026-01-15 20:32:13,275 - INFO: Epoch: [9][150/582]	Time  0.027 ( 0.034)	Loss 1.6255e-01 (1.4545e-01)	Acc pseudo  93.75 ( 94.04)	Lr 1.000e-03 (1.000e-03)
2026-01-15 20:32:17,947 - INFO: Epoch: [9][200/582]	Time  0.047 ( 0.033)	Loss 1.1156e-01 (1.4560e-01)	Acc pseudo  95.31 ( 94.03)	Lr 1.000e-03 (1.000e-03)
2026-01-15 20:32:22,623 - INFO: Epoch: [9][250/582]	Time  0.029 ( 0.036)	Loss 4.3549e-02 (1.4739e-01)	Acc pseudo 100.00 ( 94.07)	Lr 1.000e-03 (1.000e-03)
2026-01-15 20:32:27,289 - INFO: Epoch: [9][300/582]	Time  0.044 ( 0.035)	Loss 1.1555e-01 (1.4608e-01)	Acc pseudo  95.31 ( 94.13)	Lr 1.000e-03 (1.000e-03)
2026-01-15 20:32:31,952 - INFO: Epoch: [9][350/582]	Time  0.029 ( 0.034)	Loss 3.9183e-01 (1.4950e-01)	Acc pseudo  95.31 ( 94.07)	Lr 1.000e-03 (1.000e-03)
2026-01-15 20:32:36,622 - INFO: Epoch: [9][400/582]	Time  0.029 ( 0.034)	Loss 1.0882e-01 (1.5126e-01)	Acc pseudo  92.19 ( 94.02)	Lr 1.000e-03 (1.000e-03)
2026-01-15 20:32:41,287 - INFO: Epoch: [9][450/582]	Time  0.027 ( 0.033)	Loss 2.6877e-01 (1.5261e-01)	Acc pseudo  89.06 ( 93.92)	Lr 1.000e-03 (1.000e-03)
2026-01-15 20:32:45,956 - INFO: Epoch: [9][500/582]	Time  0.028 ( 0.033)	Loss 1.8759e-01 (1.5427e-01)	Acc pseudo  93.75 ( 93.83)	Lr 1.000e-03 (1.000e-03)
2026-01-15 20:32:50,623 - INFO: Epoch: [9][550/582]	Time  0.027 ( 0.033)	Loss 1.6936e-01 (1.5374e-01)	Acc pseudo  93.75 ( 93.80)	Lr 1.000e-03 (1.000e-03)
2026-01-15 20:32:53,592 - INFO: Round 3, Face Fine-tune Epoch 9: loss=0.1542, acc(pseudo)=93.75%
2026-01-15 20:33:54,490 - INFO: Round 3, Face Fine-tune Epoch 9: acc(valid_pseudo): 0.9783, acc: 0.8783
2026-01-15 20:33:56,400 - INFO: Epoch: [10][  0/582]	Time  0.516 ( 0.516)	Loss 6.8509e-02 (6.8509e-02)	Acc pseudo  96.88 ( 96.88)	Lr 1.000e-03 (1.000e-03)
2026-01-15 20:34:01,065 - INFO: Epoch: [10][ 50/582]	Time  0.032 ( 0.042)	Loss 1.2191e-01 (1.4604e-01)	Acc pseudo  92.19 ( 94.12)	Lr 1.000e-03 (1.000e-03)
2026-01-15 20:34:05,719 - INFO: Epoch: [10][100/582]	Time  0.028 ( 0.037)	Loss 1.8040e-01 (1.4344e-01)	Acc pseudo  89.06 ( 94.17)	Lr 1.000e-03 (1.000e-03)
2026-01-15 20:34:10,378 - INFO: Epoch: [10][150/582]	Time  0.033 ( 0.035)	Loss 9.6193e-02 (1.4077e-01)	Acc pseudo  95.31 ( 94.22)	Lr 1.000e-03 (1.000e-03)
2026-01-15 20:34:15,035 - INFO: Epoch: [10][200/582]	Time  0.030 ( 0.033)	Loss 6.3627e-02 (1.4120e-01)	Acc pseudo  96.88 ( 94.22)	Lr 1.000e-03 (1.000e-03)
2026-01-15 20:34:19,691 - INFO: Epoch: [10][250/582]	Time  0.031 ( 0.033)	Loss 1.4337e-01 (1.4271e-01)	Acc pseudo  92.19 ( 94.16)	Lr 1.000e-03 (1.000e-03)
2026-01-15 20:34:24,348 - INFO: Epoch: [10][300/582]	Time  0.040 ( 0.032)	Loss 8.3267e-02 (1.4308e-01)	Acc pseudo  95.31 ( 94.17)	Lr 1.000e-03 (1.000e-03)
2026-01-15 20:34:29,037 - INFO: Epoch: [10][350/582]	Time  0.028 ( 0.032)	Loss 2.8850e-01 (1.4542e-01)	Acc pseudo  90.62 ( 94.09)	Lr 1.000e-03 (1.000e-03)
2026-01-15 20:34:33,696 - INFO: Epoch: [10][400/582]	Time  0.027 ( 0.032)	Loss 8.3879e-02 (1.4513e-01)	Acc pseudo  96.88 ( 94.01)	Lr 1.000e-03 (1.000e-03)
2026-01-15 20:34:38,396 - INFO: Epoch: [10][450/582]	Time  0.027 ( 0.031)	Loss 1.2315e-01 (1.4556e-01)	Acc pseudo  95.31 ( 94.04)	Lr 1.000e-03 (1.000e-03)
2026-01-15 20:34:43,057 - INFO: Epoch: [10][500/582]	Time  0.028 ( 0.031)	Loss 1.5647e-01 (1.4710e-01)	Acc pseudo  89.06 ( 93.99)	Lr 1.000e-03 (1.000e-03)
2026-01-15 20:34:47,720 - INFO: Epoch: [10][550/582]	Time  0.040 ( 0.031)	Loss 2.6267e-01 (1.4668e-01)	Acc pseudo  92.19 ( 94.02)	Lr 1.000e-03 (1.000e-03)
2026-01-15 20:34:50,713 - INFO: Round 3, Face Fine-tune Epoch 10: loss=0.1482, acc(pseudo)=93.98%
2026-01-15 20:35:49,440 - INFO: Round 3, Face Fine-tune Epoch 10: acc(valid_pseudo): 0.9779, acc: 0.8734
2026-01-15 20:35:49,440 - INFO: Round 3, Face Fine-tune Epoch 10: No improvement. Patience(epoch): 1/3
2026-01-15 20:35:49,977 - INFO: Epoch: [11][  0/582]	Time  0.485 ( 0.485)	Loss 9.6741e-02 (9.6741e-02)	Acc pseudo  93.75 ( 93.75)	Lr 1.000e-03 (1.000e-03)
2026-01-15 20:35:54,639 - INFO: Epoch: [11][ 50/582]	Time  0.029 ( 0.039)	Loss 1.4588e-01 (1.4606e-01)	Acc pseudo  89.06 ( 94.58)	Lr 1.000e-03 (1.000e-03)
2026-01-15 20:35:59,296 - INFO: Epoch: [11][100/582]	Time  0.027 ( 0.034)	Loss 2.2067e-01 (1.4248e-01)	Acc pseudo  92.19 ( 94.74)	Lr 1.000e-03 (1.000e-03)
2026-01-15 20:36:03,955 - INFO: Epoch: [11][150/582]	Time  0.028 ( 0.033)	Loss 2.3486e-01 (1.3777e-01)	Acc pseudo  92.19 ( 94.66)	Lr 1.000e-03 (1.000e-03)
2026-01-15 20:36:08,692 - INFO: Epoch: [11][200/582]	Time  0.031 ( 0.032)	Loss 4.2722e-01 (1.4530e-01)	Acc pseudo  95.31 ( 94.21)	Lr 1.000e-03 (1.000e-03)
2026-01-15 20:36:13,363 - INFO: Epoch: [11][250/582]	Time  0.044 ( 0.033)	Loss 8.6382e-02 (1.4539e-01)	Acc pseudo  95.31 ( 94.24)	Lr 1.000e-03 (1.000e-03)
2026-01-15 20:36:18,035 - INFO: Epoch: [11][300/582]	Time  0.030 ( 0.034)	Loss 9.0549e-02 (1.4881e-01)	Acc pseudo  95.31 ( 94.12)	Lr 1.000e-03 (1.000e-03)
2026-01-15 20:36:22,703 - INFO: Epoch: [11][350/582]	Time  0.029 ( 0.034)	Loss 1.1127e-01 (1.5074e-01)	Acc pseudo  93.75 ( 93.97)	Lr 1.000e-03 (1.000e-03)
2026-01-15 20:36:27,372 - INFO: Epoch: [11][400/582]	Time  0.030 ( 0.033)	Loss 1.5165e-01 (1.5023e-01)	Acc pseudo  96.88 ( 94.01)	Lr 1.000e-03 (1.000e-03)
2026-01-15 20:36:32,035 - INFO: Epoch: [11][450/582]	Time  0.030 ( 0.033)	Loss 8.0849e-02 (1.4914e-01)	Acc pseudo  96.88 ( 94.02)	Lr 1.000e-03 (1.000e-03)
2026-01-15 20:36:36,706 - INFO: Epoch: [11][500/582]	Time  0.040 ( 0.033)	Loss 1.2463e-01 (1.5030e-01)	Acc pseudo  93.75 ( 94.02)	Lr 1.000e-03 (1.000e-03)
2026-01-15 20:36:41,380 - INFO: Epoch: [11][550/582]	Time  0.033 ( 0.033)	Loss 1.6615e-01 (1.5086e-01)	Acc pseudo  92.19 ( 93.95)	Lr 1.000e-03 (1.000e-03)
2026-01-15 20:36:44,373 - INFO: Round 3, Face Fine-tune Epoch 11: loss=0.1507, acc(pseudo)=93.97%
2026-01-15 20:37:44,411 - INFO: Round 3, Face Fine-tune Epoch 11: acc(valid_pseudo): 0.9787, acc: 0.8763
2026-01-15 20:37:46,394 - INFO: Epoch: [12][  0/582]	Time  0.523 ( 0.523)	Loss 6.9116e-02 (6.9116e-02)	Acc pseudo  95.31 ( 95.31)	Lr 1.000e-03 (1.000e-03)
2026-01-15 20:37:51,053 - INFO: Epoch: [12][ 50/582]	Time  0.028 ( 0.041)	Loss 8.8564e-02 (1.4522e-01)	Acc pseudo  95.31 ( 93.81)	Lr 1.000e-03 (1.000e-03)
2026-01-15 20:37:55,708 - INFO: Epoch: [12][100/582]	Time  0.029 ( 0.035)	Loss 1.2988e-01 (1.3390e-01)	Acc pseudo  92.19 ( 94.20)	Lr 1.000e-03 (1.000e-03)
2026-01-15 20:38:00,368 - INFO: Epoch: [12][150/582]	Time  0.029 ( 0.033)	Loss 3.7748e-02 (1.4845e-01)	Acc pseudo 100.00 ( 93.98)	Lr 1.000e-03 (1.000e-03)
2026-01-15 20:38:05,026 - INFO: Epoch: [12][200/582]	Time  0.027 ( 0.034)	Loss 1.2372e-01 (1.4890e-01)	Acc pseudo  98.44 ( 93.93)	Lr 1.000e-03 (1.000e-03)
2026-01-15 20:38:09,685 - INFO: Epoch: [12][250/582]	Time  0.030 ( 0.033)	Loss 2.0287e-01 (1.4846e-01)	Acc pseudo  93.75 ( 94.06)	Lr 1.000e-03 (1.000e-03)
2026-01-15 20:38:14,357 - INFO: Epoch: [12][300/582]	Time  0.029 ( 0.033)	Loss 2.1244e-01 (1.4527e-01)	Acc pseudo  87.50 ( 94.05)	Lr 1.000e-03 (1.000e-03)
2026-01-15 20:38:19,022 - INFO: Epoch: [12][350/582]	Time  0.027 ( 0.033)	Loss 1.7612e-01 (1.4553e-01)	Acc pseudo  93.75 ( 93.99)	Lr 1.000e-03 (1.000e-03)
2026-01-15 20:38:23,749 - INFO: Epoch: [12][400/582]	Time  0.028 ( 0.033)	Loss 2.3908e-01 (1.4496e-01)	Acc pseudo  89.06 ( 94.00)	Lr 1.000e-03 (1.000e-03)
2026-01-15 20:38:28,505 - INFO: Epoch: [12][450/582]	Time  0.029 ( 0.033)	Loss 9.1147e-02 (1.4592e-01)	Acc pseudo  96.88 ( 93.98)	Lr 1.000e-03 (1.000e-03)
2026-01-15 20:38:33,172 - INFO: Epoch: [12][500/582]	Time  0.028 ( 0.032)	Loss 1.2767e-01 (1.4619e-01)	Acc pseudo  96.88 ( 93.97)	Lr 1.000e-03 (1.000e-03)
2026-01-15 20:38:37,831 - INFO: Epoch: [12][550/582]	Time  0.028 ( 0.032)	Loss 1.0008e-01 (1.4699e-01)	Acc pseudo  96.88 ( 94.00)	Lr 1.000e-03 (1.000e-03)
2026-01-15 20:38:40,816 - INFO: Round 3, Face Fine-tune Epoch 12: loss=0.1466, acc(pseudo)=93.97%
2026-01-15 20:39:39,480 - INFO: Round 3, Face Fine-tune Epoch 12: acc(valid_pseudo): 0.9803, acc: 0.8715
2026-01-15 20:39:41,336 - INFO: Epoch: [13][  0/582]	Time  0.490 ( 0.490)	Loss 1.8820e-01 (1.8820e-01)	Acc pseudo  92.19 ( 92.19)	Lr 1.000e-03 (1.000e-03)
2026-01-15 20:39:45,999 - INFO: Epoch: [13][ 50/582]	Time  0.032 ( 0.041)	Loss 8.8572e-02 (1.4547e-01)	Acc pseudo  95.31 ( 93.63)	Lr 1.000e-03 (1.000e-03)
2026-01-15 20:39:50,658 - INFO: Epoch: [13][100/582]	Time  0.028 ( 0.035)	Loss 1.3491e-01 (1.4027e-01)	Acc pseudo  90.62 ( 93.97)	Lr 1.000e-03 (1.000e-03)
2026-01-15 20:39:55,320 - INFO: Epoch: [13][150/582]	Time  0.029 ( 0.033)	Loss 3.1523e-01 (1.4084e-01)	Acc pseudo  90.62 ( 93.87)	Lr 1.000e-03 (1.000e-03)
2026-01-15 20:39:59,981 - INFO: Epoch: [13][200/582]	Time  0.029 ( 0.032)	Loss 2.6903e-01 (1.4041e-01)	Acc pseudo  95.31 ( 93.94)	Lr 1.000e-03 (1.000e-03)
2026-01-15 20:40:04,642 - INFO: Epoch: [13][250/582]	Time  0.028 ( 0.032)	Loss 1.1114e-01 (1.4051e-01)	Acc pseudo  96.88 ( 93.92)	Lr 1.000e-03 (1.000e-03)
2026-01-15 20:40:09,436 - INFO: Epoch: [13][300/582]	Time  0.030 ( 0.032)	Loss 2.5068e-01 (1.3915e-01)	Acc pseudo  93.75 ( 93.98)	Lr 1.000e-03 (1.000e-03)
2026-01-15 20:40:14,113 - INFO: Epoch: [13][350/582]	Time  0.042 ( 0.032)	Loss 2.0484e-01 (1.4126e-01)	Acc pseudo  95.31 ( 93.97)	Lr 1.000e-03 (1.000e-03)
2026-01-15 20:40:18,776 - INFO: Epoch: [13][400/582]	Time  0.028 ( 0.032)	Loss 1.2502e-01 (1.4149e-01)	Acc pseudo  93.75 ( 94.00)	Lr 1.000e-03 (1.000e-03)
2026-01-15 20:40:23,439 - INFO: Epoch: [13][450/582]	Time  0.028 ( 0.032)	Loss 1.6671e-01 (1.4022e-01)	Acc pseudo  90.62 ( 94.04)	Lr 1.000e-03 (1.000e-03)
2026-01-15 20:40:28,107 - INFO: Epoch: [13][500/582]	Time  0.038 ( 0.032)	Loss 1.3065e-01 (1.4165e-01)	Acc pseudo  95.31 ( 94.02)	Lr 1.000e-03 (1.000e-03)
2026-01-15 20:40:32,770 - INFO: Epoch: [13][550/582]	Time  0.029 ( 0.032)	Loss 1.4652e-01 (1.4135e-01)	Acc pseudo  92.19 ( 94.03)	Lr 1.000e-03 (1.000e-03)
2026-01-15 20:40:35,762 - INFO: Round 3, Face Fine-tune Epoch 13: loss=0.1415, acc(pseudo)=94.03%
2026-01-15 20:41:35,748 - INFO: Round 3, Face Fine-tune Epoch 13: acc(valid_pseudo): 0.9803, acc: 0.8754
2026-01-15 20:41:35,748 - INFO: Round 3, Face Fine-tune Epoch 13: No improvement. Patience(epoch): 1/3
2026-01-15 20:41:36,581 - INFO: Epoch: [14][  0/582]	Time  0.782 ( 0.782)	Loss 7.3297e-02 (7.3297e-02)	Acc pseudo  95.31 ( 95.31)	Lr 1.000e-03 (1.000e-03)
2026-01-15 20:41:41,239 - INFO: Epoch: [14][ 50/582]	Time  0.029 ( 0.047)	Loss 1.1237e-01 (1.3811e-01)	Acc pseudo  95.31 ( 94.58)	Lr 1.000e-03 (1.000e-03)
2026-01-15 20:41:45,893 - INFO: Epoch: [14][100/582]	Time  0.028 ( 0.039)	Loss 1.3896e-01 (1.2810e-01)	Acc pseudo  93.75 ( 94.66)	Lr 1.000e-03 (1.000e-03)
2026-01-15 20:41:50,549 - INFO: Epoch: [14][150/582]	Time  0.028 ( 0.036)	Loss 1.6561e-01 (1.2900e-01)	Acc pseudo  93.75 ( 94.70)	Lr 1.000e-03 (1.000e-03)
2026-01-15 20:41:55,208 - INFO: Epoch: [14][200/582]	Time  0.029 ( 0.034)	Loss 2.8955e-01 (1.3346e-01)	Acc pseudo  89.06 ( 94.41)	Lr 1.000e-03 (1.000e-03)
2026-01-15 20:41:59,869 - INFO: Epoch: [14][250/582]	Time  0.028 ( 0.034)	Loss 2.0012e-01 (1.3746e-01)	Acc pseudo  90.62 ( 94.19)	Lr 1.000e-03 (1.000e-03)
2026-01-15 20:42:04,535 - INFO: Epoch: [14][300/582]	Time  0.039 ( 0.033)	Loss 6.2107e-02 (1.3716e-01)	Acc pseudo  96.88 ( 94.25)	Lr 1.000e-03 (1.000e-03)
2026-01-15 20:42:09,195 - INFO: Epoch: [14][350/582]	Time  0.028 ( 0.033)	Loss 1.6489e-01 (1.3769e-01)	Acc pseudo  93.75 ( 94.22)	Lr 1.000e-03 (1.000e-03)
2026-01-15 20:42:13,916 - INFO: Epoch: [14][400/582]	Time  0.027 ( 0.033)	Loss 2.1530e-01 (1.3821e-01)	Acc pseudo  90.62 ( 94.19)	Lr 1.000e-03 (1.000e-03)
2026-01-15 20:42:18,615 - INFO: Epoch: [14][450/582]	Time  0.030 ( 0.032)	Loss 1.1123e-01 (1.4124e-01)	Acc pseudo  93.75 ( 94.17)	Lr 1.000e-03 (1.000e-03)
2026-01-15 20:42:23,276 - INFO: Epoch: [14][500/582]	Time  0.028 ( 0.032)	Loss 5.4928e-02 (1.4306e-01)	Acc pseudo  98.44 ( 94.12)	Lr 1.000e-03 (1.000e-03)
2026-01-15 20:42:27,936 - INFO: Epoch: [14][550/582]	Time  0.029 ( 0.032)	Loss 6.3807e-02 (1.4211e-01)	Acc pseudo  96.88 ( 94.12)	Lr 1.000e-03 (1.000e-03)
2026-01-15 20:42:30,911 - INFO: Round 3, Face Fine-tune Epoch 14: loss=0.1433, acc(pseudo)=94.12%
2026-01-15 20:43:30,466 - INFO: Round 3, Face Fine-tune Epoch 14: acc(valid_pseudo): 0.9796, acc: 0.8734
2026-01-15 20:43:30,466 - INFO: Round 3, Face Fine-tune Epoch 14: No improvement. Patience(epoch): 2/3
2026-01-15 20:43:31,024 - INFO: Epoch: [15][  0/582]	Time  0.511 ( 0.511)	Loss 2.0372e-01 (2.0372e-01)	Acc pseudo  93.75 ( 93.75)	Lr 1.000e-03 (1.000e-03)
2026-01-15 20:43:35,680 - INFO: Epoch: [15][ 50/582]	Time  0.031 ( 0.040)	Loss 2.4842e-01 (1.4990e-01)	Acc pseudo  87.50 ( 93.63)	Lr 1.000e-03 (1.000e-03)
2026-01-15 20:43:40,332 - INFO: Epoch: [15][100/582]	Time  0.027 ( 0.035)	Loss 1.1041e-01 (1.4192e-01)	Acc pseudo  92.19 ( 93.81)	Lr 1.000e-03 (1.000e-03)
2026-01-15 20:43:44,988 - INFO: Epoch: [15][150/582]	Time  0.028 ( 0.033)	Loss 7.6227e-02 (1.4706e-01)	Acc pseudo  98.44 ( 93.72)	Lr 1.000e-03 (1.000e-03)
2026-01-15 20:43:49,648 - INFO: Epoch: [15][200/582]	Time  0.030 ( 0.033)	Loss 5.0363e-02 (1.4511e-01)	Acc pseudo  96.88 ( 93.90)	Lr 1.000e-03 (1.000e-03)
2026-01-15 20:43:54,310 - INFO: Epoch: [15][250/582]	Time  0.037 ( 0.033)	Loss 1.5908e-01 (1.4872e-01)	Acc pseudo  95.31 ( 93.91)	Lr 1.000e-03 (1.000e-03)
2026-01-15 20:43:58,974 - INFO: Epoch: [15][300/582]	Time  0.029 ( 0.033)	Loss 1.6611e-01 (1.4982e-01)	Acc pseudo  92.19 ( 93.82)	Lr 1.000e-03 (1.000e-03)
2026-01-15 20:44:03,635 - INFO: Epoch: [15][350/582]	Time  0.030 ( 0.032)	Loss 1.4512e-01 (1.5084e-01)	Acc pseudo  90.62 ( 93.78)	Lr 1.000e-03 (1.000e-03)
2026-01-15 20:44:08,296 - INFO: Epoch: [15][400/582]	Time  0.031 ( 0.032)	Loss 1.1573e-01 (1.5328e-01)	Acc pseudo  95.31 ( 93.67)	Lr 1.000e-03 (1.000e-03)
2026-01-15 20:44:12,957 - INFO: Epoch: [15][450/582]	Time  0.035 ( 0.032)	Loss 3.9179e-01 (1.5501e-01)	Acc pseudo  82.81 ( 93.58)	Lr 1.000e-03 (1.000e-03)
2026-01-15 20:44:17,615 - INFO: Epoch: [15][500/582]	Time  0.028 ( 0.032)	Loss 1.3527e-01 (1.5572e-01)	Acc pseudo  93.75 ( 93.61)	Lr 1.000e-03 (1.000e-03)
2026-01-15 20:44:22,273 - INFO: Epoch: [15][550/582]	Time  0.029 ( 0.032)	Loss 1.4403e-01 (1.5607e-01)	Acc pseudo  96.88 ( 93.63)	Lr 1.000e-03 (1.000e-03)
2026-01-15 20:44:25,234 - INFO: Round 3, Face Fine-tune Epoch 15: loss=0.1582, acc(pseudo)=93.64%
2026-01-15 20:45:24,827 - INFO: Round 3, Face Fine-tune Epoch 15: acc(valid_pseudo): 0.9783, acc: 0.8715
2026-01-15 20:45:24,828 - INFO: Round 3, Face Fine-tune Epoch 15: No improvement. Patience(epoch): 3/3
2026-01-15 20:45:24,828 - INFO: Early stopping at face epoch 15
2026-01-15 20:45:24,829 - INFO: Round 3: Best face fine-tuned epoch=12, acc(valid_pseudo)=0.9803
2026-01-15 20:45:25,021 - INFO: Using HMM model from previous round: runs/I love my family/exp_video/result/self_supervised/exp0/round2/pseudo_label/hmm_params.pkl
2026-01-15 22:08:11,220 - INFO: Round 3: speaker_acc=0.8800
2026-01-15 22:08:11,226 - INFO: Round 3: face_acc=0.8744
2026-01-15 22:08:11,229 - INFO: ====================
2026-01-15 22:08:11,229 - INFO: Round 4: Fine-tuning iteration
2026-01-15 22:08:11,229 - INFO: ====================
2026-01-15 22:08:11,266 - INFO: Round 4 Part 1: Fine-tuning embedding model
2026-01-15 22:08:11,267 - INFO: Using pseudo-label file: runs/I love my family/exp_video/result/self_supervised/exp0/round3/pseudo_label/pseudo_labels_audio_nested_hmm_full(unreliable_pp=100.0).json
2026-01-15 22:08:11,295 - INFO: For training, Using face pseudo-label file: runs/I love my family/exp_video/result/self_supervised/exp0/round3/pseudo_label/pseudo_labels_faces_mid_frame_train_nested_hmm_full.json
2026-01-15 22:08:11,295 - INFO: For infering, Using face pseudo-label file: runs/I love my family/exp_video/result/self_supervised/exp0/round3/pseudo_label/pseudo_labels_faces_mid_frame_all_nested_hmm_full.json
2026-01-15 22:08:11,462 - INFO: Created face dataloader with 37219 samples
2026-01-15 22:08:11,475 - INFO: Fine-tuning speaker embedding model for 20 epochs...
2026-01-15 22:08:11,742 - INFO: Epoch: [0][  0/301]	Time  0.262 ( 0.262)	Loss 3.9942e-01 (3.9942e-01)	Acc pseudo  90.62 ( 90.62)	Lr 1.000e-03 (1.000e-03)
2026-01-15 22:08:11,931 - INFO: Epoch: [0][ 50/301]	Time  0.003 ( 0.009)	Loss 5.8217e-01 (4.2048e-01)	Acc pseudo  76.56 ( 87.29)	Lr 1.000e-03 (1.000e-03)
2026-01-15 22:08:12,102 - INFO: Epoch: [0][100/301]	Time  0.003 ( 0.006)	Loss 3.2760e-01 (4.2088e-01)	Acc pseudo  87.50 ( 87.35)	Lr 1.000e-03 (1.000e-03)
2026-01-15 22:08:12,271 - INFO: Epoch: [0][150/301]	Time  0.003 ( 0.005)	Loss 4.1125e-01 (4.3375e-01)	Acc pseudo  84.38 ( 87.02)	Lr 1.000e-03 (1.000e-03)
2026-01-15 22:08:12,435 - INFO: Epoch: [0][200/301]	Time  0.003 ( 0.005)	Loss 3.7809e-01 (4.2543e-01)	Acc pseudo  85.94 ( 87.17)	Lr 1.000e-03 (1.000e-03)
2026-01-15 22:08:12,627 - INFO: Epoch: [0][250/301]	Time  0.003 ( 0.004)	Loss 4.4392e-01 (4.3192e-01)	Acc pseudo  87.50 ( 87.06)	Lr 1.000e-03 (1.000e-03)
2026-01-15 22:08:12,783 - INFO: Epoch: [0][300/301]	Time  0.002 ( 0.004)	Loss 1.7917e-01 (4.2811e-01)	Acc pseudo  92.00 ( 87.21)	Lr 1.000e-03 (1.000e-03)
2026-01-15 22:08:12,852 - INFO: Round 4, Fine-tune Epoch 0: loss=0.4281, acc(pseudo)=87.21%
2026-01-15 22:08:20,494 - INFO: Round 4, Fine-tune Epoch 0: acc(valid_pseudo): 0.9466, acc: 0.8265
2026-01-15 22:08:21,476 - INFO: Epoch: [1][  0/301]	Time  0.249 ( 0.249)	Loss 4.2823e-01 (4.2823e-01)	Acc pseudo  84.38 ( 84.38)	Lr 1.000e-03 (1.000e-03)
2026-01-15 22:08:21,685 - INFO: Epoch: [1][ 50/301]	Time  0.004 ( 0.009)	Loss 1.9420e-01 (3.4106e-01)	Acc pseudo  89.06 ( 88.76)	Lr 1.000e-03 (1.000e-03)
2026-01-15 22:08:21,852 - INFO: Epoch: [1][100/301]	Time  0.003 ( 0.006)	Loss 3.7301e-01 (3.6213e-01)	Acc pseudo  87.50 ( 88.24)	Lr 1.000e-03 (1.000e-03)
2026-01-15 22:08:22,012 - INFO: Epoch: [1][150/301]	Time  0.003 ( 0.005)	Loss 3.8553e-01 (3.6128e-01)	Acc pseudo  84.38 ( 88.38)	Lr 1.000e-03 (1.000e-03)
2026-01-15 22:08:22,163 - INFO: Epoch: [1][200/301]	Time  0.003 ( 0.005)	Loss 3.2892e-01 (3.7226e-01)	Acc pseudo  89.06 ( 88.23)	Lr 1.000e-03 (1.000e-03)
2026-01-15 22:08:22,312 - INFO: Epoch: [1][250/301]	Time  0.003 ( 0.004)	Loss 2.7074e-01 (3.8190e-01)	Acc pseudo  90.62 ( 88.08)	Lr 1.000e-03 (1.000e-03)
2026-01-15 22:08:22,474 - INFO: Epoch: [1][300/301]	Time  0.002 ( 0.004)	Loss 1.5104e-01 (3.8250e-01)	Acc pseudo  96.00 ( 88.00)	Lr 1.000e-03 (1.000e-03)
2026-01-15 22:08:22,543 - INFO: Round 4, Fine-tune Epoch 1: loss=0.3825, acc(pseudo)=88.00%
2026-01-15 22:08:29,963 - INFO: Round 4, Fine-tune Epoch 1: acc(valid_pseudo): 0.9624, acc: 0.8585
2026-01-15 22:08:30,966 - INFO: Epoch: [2][  0/301]	Time  0.251 ( 0.251)	Loss 4.1512e-01 (4.1512e-01)	Acc pseudo  87.50 ( 87.50)	Lr 1.000e-03 (1.000e-03)
2026-01-15 22:08:31,147 - INFO: Epoch: [2][ 50/301]	Time  0.003 ( 0.008)	Loss 3.6715e-01 (3.7941e-01)	Acc pseudo  87.50 ( 87.41)	Lr 1.000e-03 (1.000e-03)
2026-01-15 22:08:31,313 - INFO: Epoch: [2][100/301]	Time  0.003 ( 0.006)	Loss 3.3805e-01 (3.5381e-01)	Acc pseudo  84.38 ( 88.46)	Lr 1.000e-03 (1.000e-03)
2026-01-15 22:08:31,470 - INFO: Epoch: [2][150/301]	Time  0.003 ( 0.005)	Loss 1.9774e-01 (3.5665e-01)	Acc pseudo  92.19 ( 88.52)	Lr 1.000e-03 (1.000e-03)
2026-01-15 22:08:31,670 - INFO: Epoch: [2][200/301]	Time  0.003 ( 0.005)	Loss 1.7247e-01 (3.5879e-01)	Acc pseudo  95.31 ( 88.60)	Lr 1.000e-03 (1.000e-03)
2026-01-15 22:08:31,817 - INFO: Epoch: [2][250/301]	Time  0.003 ( 0.004)	Loss 2.4157e-01 (3.5898e-01)	Acc pseudo  90.62 ( 88.47)	Lr 1.000e-03 (1.000e-03)
2026-01-15 22:08:31,974 - INFO: Epoch: [2][300/301]	Time  0.002 ( 0.004)	Loss 3.5506e-01 (3.6358e-01)	Acc pseudo  88.00 ( 88.37)	Lr 1.000e-03 (1.000e-03)
2026-01-15 22:08:32,042 - INFO: Round 4, Fine-tune Epoch 2: loss=0.3636, acc(pseudo)=88.37%
2026-01-15 22:08:40,996 - INFO: Round 4, Fine-tune Epoch 2: acc(valid_pseudo): 0.9580, acc: 0.8525
2026-01-15 22:08:40,997 - INFO: Round 4, Speaker Fine-tune Epoch 2: No improvement in validation accuracy. Patience(epoch): 1/3
2026-01-15 22:08:41,271 - INFO: Epoch: [3][  0/301]	Time  0.269 ( 0.269)	Loss 3.8397e-01 (3.8397e-01)	Acc pseudo  82.81 ( 82.81)	Lr 1.000e-03 (1.000e-03)
2026-01-15 22:08:41,460 - INFO: Epoch: [3][ 50/301]	Time  0.003 ( 0.009)	Loss 2.9835e-01 (3.4682e-01)	Acc pseudo  87.50 ( 89.03)	Lr 1.000e-03 (1.000e-03)
2026-01-15 22:08:41,634 - INFO: Epoch: [3][100/301]	Time  0.007 ( 0.006)	Loss 1.4281e-01 (3.6066e-01)	Acc pseudo  93.75 ( 88.83)	Lr 1.000e-03 (1.000e-03)
2026-01-15 22:08:41,797 - INFO: Epoch: [3][150/301]	Time  0.003 ( 0.005)	Loss 2.0440e-01 (3.4824e-01)	Acc pseudo  92.19 ( 88.89)	Lr 1.000e-03 (1.000e-03)
2026-01-15 22:08:41,949 - INFO: Epoch: [3][200/301]	Time  0.003 ( 0.005)	Loss 2.9490e-01 (3.4745e-01)	Acc pseudo  87.50 ( 88.89)	Lr 1.000e-03 (1.000e-03)
2026-01-15 22:08:42,101 - INFO: Epoch: [3][250/301]	Time  0.003 ( 0.004)	Loss 1.8325e-01 (3.4511e-01)	Acc pseudo  92.19 ( 88.79)	Lr 1.000e-03 (1.000e-03)
2026-01-15 22:08:42,247 - INFO: Epoch: [3][300/301]	Time  0.002 ( 0.004)	Loss 4.3811e-01 (3.5028e-01)	Acc pseudo  80.00 ( 88.64)	Lr 1.000e-03 (1.000e-03)
2026-01-15 22:08:42,311 - INFO: Round 4, Fine-tune Epoch 3: loss=0.3503, acc(pseudo)=88.64%
2026-01-15 22:08:49,830 - INFO: Round 4, Fine-tune Epoch 3: acc(valid_pseudo): 0.9495, acc: 0.8270
2026-01-15 22:08:49,830 - INFO: Round 4, Speaker Fine-tune Epoch 3: No improvement in validation accuracy. Patience(epoch): 2/3
2026-01-15 22:08:50,078 - INFO: Epoch: [4][  0/301]	Time  0.242 ( 0.242)	Loss 6.2883e-01 (6.2883e-01)	Acc pseudo  82.81 ( 82.81)	Lr 1.000e-03 (1.000e-03)
2026-01-15 22:08:50,271 - INFO: Epoch: [4][ 50/301]	Time  0.003 ( 0.008)	Loss 3.9505e-01 (3.6476e-01)	Acc pseudo  85.94 ( 88.82)	Lr 1.000e-03 (1.000e-03)
2026-01-15 22:08:50,430 - INFO: Epoch: [4][100/301]	Time  0.003 ( 0.006)	Loss 2.8518e-01 (3.6339e-01)	Acc pseudo  87.50 ( 88.63)	Lr 1.000e-03 (1.000e-03)
2026-01-15 22:08:50,582 - INFO: Epoch: [4][150/301]	Time  0.003 ( 0.005)	Loss 3.2664e-01 (3.6246e-01)	Acc pseudo  84.38 ( 88.58)	Lr 1.000e-03 (1.000e-03)
2026-01-15 22:08:50,733 - INFO: Epoch: [4][200/301]	Time  0.003 ( 0.004)	Loss 3.0100e-01 (3.6405e-01)	Acc pseudo  85.94 ( 88.55)	Lr 1.000e-03 (1.000e-03)
2026-01-15 22:08:50,919 - INFO: Epoch: [4][250/301]	Time  0.003 ( 0.004)	Loss 3.8238e-01 (3.7054e-01)	Acc pseudo  84.38 ( 88.18)	Lr 1.000e-03 (1.000e-03)
2026-01-15 22:08:51,066 - INFO: Epoch: [4][300/301]	Time  0.002 ( 0.004)	Loss 3.6397e-01 (3.7107e-01)	Acc pseudo  88.00 ( 88.06)	Lr 1.000e-03 (1.000e-03)
2026-01-15 22:08:51,134 - INFO: Round 4, Fine-tune Epoch 4: loss=0.3711, acc(pseudo)=88.06%
2026-01-15 22:08:58,624 - INFO: Round 4, Fine-tune Epoch 4: acc(valid_pseudo): 0.9700, acc: 0.8520
2026-01-15 22:08:59,595 - INFO: Epoch: [5][  0/301]	Time  0.247 ( 0.247)	Loss 5.4170e-01 (5.4170e-01)	Acc pseudo  87.50 ( 87.50)	Lr 1.000e-03 (1.000e-03)
2026-01-15 22:08:59,786 - INFO: Epoch: [5][ 50/301]	Time  0.006 ( 0.008)	Loss 2.8767e-01 (3.4806e-01)	Acc pseudo  87.50 ( 88.94)	Lr 1.000e-03 (1.000e-03)
2026-01-15 22:08:59,966 - INFO: Epoch: [5][100/301]	Time  0.004 ( 0.006)	Loss 4.9723e-01 (3.4503e-01)	Acc pseudo  87.50 ( 88.91)	Lr 1.000e-03 (1.000e-03)
2026-01-15 22:09:00,141 - INFO: Epoch: [5][150/301]	Time  0.003 ( 0.005)	Loss 2.7229e-01 (3.4547e-01)	Acc pseudo  84.38 ( 88.85)	Lr 1.000e-03 (1.000e-03)
2026-01-15 22:09:00,300 - INFO: Epoch: [5][200/301]	Time  0.003 ( 0.005)	Loss 4.0119e-01 (3.5632e-01)	Acc pseudo  89.06 ( 88.60)	Lr 1.000e-03 (1.000e-03)
2026-01-15 22:09:00,457 - INFO: Epoch: [5][250/301]	Time  0.003 ( 0.004)	Loss 3.2368e-01 (3.6016e-01)	Acc pseudo  87.50 ( 88.51)	Lr 1.000e-03 (1.000e-03)
2026-01-15 22:09:00,601 - INFO: Epoch: [5][300/301]	Time  0.002 ( 0.004)	Loss 5.2271e-01 (3.7030e-01)	Acc pseudo  84.00 ( 88.18)	Lr 1.000e-03 (1.000e-03)
2026-01-15 22:09:00,666 - INFO: Round 4, Fine-tune Epoch 5: loss=0.3703, acc(pseudo)=88.18%
2026-01-15 22:09:09,429 - INFO: Round 4, Fine-tune Epoch 5: acc(valid_pseudo): 0.9691, acc: 0.8600
2026-01-15 22:09:09,429 - INFO: Round 4, Speaker Fine-tune Epoch 5: No improvement in validation accuracy. Patience(epoch): 1/3
2026-01-15 22:09:09,712 - INFO: Epoch: [6][  0/301]	Time  0.277 ( 0.277)	Loss 5.0800e-01 (5.0800e-01)	Acc pseudo  81.25 ( 81.25)	Lr 1.000e-03 (1.000e-03)
2026-01-15 22:09:09,921 - INFO: Epoch: [6][ 50/301]	Time  0.004 ( 0.009)	Loss 2.0482e-01 (3.6988e-01)	Acc pseudo  90.62 ( 88.24)	Lr 1.000e-03 (1.000e-03)
2026-01-15 22:09:10,103 - INFO: Epoch: [6][100/301]	Time  0.004 ( 0.007)	Loss 5.4518e-01 (3.6537e-01)	Acc pseudo  85.94 ( 87.86)	Lr 1.000e-03 (1.000e-03)
2026-01-15 22:09:10,294 - INFO: Epoch: [6][150/301]	Time  0.004 ( 0.006)	Loss 1.4847e-01 (3.5786e-01)	Acc pseudo  93.75 ( 88.11)	Lr 1.000e-03 (1.000e-03)
2026-01-15 22:09:10,483 - INFO: Epoch: [6][200/301]	Time  0.004 ( 0.005)	Loss 4.0729e-01 (3.6622e-01)	Acc pseudo  85.94 ( 87.95)	Lr 1.000e-03 (1.000e-03)
2026-01-15 22:09:10,670 - INFO: Epoch: [6][250/301]	Time  0.003 ( 0.005)	Loss 2.7533e-01 (3.7046e-01)	Acc pseudo  89.06 ( 87.91)	Lr 1.000e-03 (1.000e-03)
2026-01-15 22:09:10,843 - INFO: Epoch: [6][300/301]	Time  0.002 ( 0.005)	Loss 2.4373e-01 (3.6797e-01)	Acc pseudo  88.00 ( 87.94)	Lr 1.000e-03 (1.000e-03)
2026-01-15 22:09:10,909 - INFO: Round 4, Fine-tune Epoch 6: loss=0.3680, acc(pseudo)=87.94%
2026-01-15 22:09:18,563 - INFO: Round 4, Fine-tune Epoch 6: acc(valid_pseudo): 0.9635, acc: 0.8675
2026-01-15 22:09:18,564 - INFO: Round 4, Speaker Fine-tune Epoch 6: No improvement in validation accuracy. Patience(epoch): 2/3
2026-01-15 22:09:18,817 - INFO: Epoch: [7][  0/301]	Time  0.249 ( 0.249)	Loss 2.3546e-01 (2.3546e-01)	Acc pseudo  93.75 ( 93.75)	Lr 1.000e-03 (1.000e-03)
2026-01-15 22:09:19,000 - INFO: Epoch: [7][ 50/301]	Time  0.003 ( 0.008)	Loss 3.9673e-01 (3.2252e-01)	Acc pseudo  85.94 ( 89.12)	Lr 1.000e-03 (1.000e-03)
2026-01-15 22:09:19,154 - INFO: Epoch: [7][100/301]	Time  0.003 ( 0.006)	Loss 2.5643e-01 (3.4041e-01)	Acc pseudo  87.50 ( 88.95)	Lr 1.000e-03 (1.000e-03)
2026-01-15 22:09:19,306 - INFO: Epoch: [7][150/301]	Time  0.003 ( 0.005)	Loss 4.6337e-01 (3.4878e-01)	Acc pseudo  89.06 ( 88.64)	Lr 1.000e-03 (1.000e-03)
2026-01-15 22:09:19,457 - INFO: Epoch: [7][200/301]	Time  0.003 ( 0.004)	Loss 2.8529e-01 (3.5254e-01)	Acc pseudo  92.19 ( 88.56)	Lr 1.000e-03 (1.000e-03)
2026-01-15 22:09:19,605 - INFO: Epoch: [7][250/301]	Time  0.003 ( 0.004)	Loss 3.1653e-01 (3.5633e-01)	Acc pseudo  87.50 ( 88.42)	Lr 1.000e-03 (1.000e-03)
2026-01-15 22:09:19,746 - INFO: Epoch: [7][300/301]	Time  0.002 ( 0.004)	Loss 1.9732e-01 (3.5585e-01)	Acc pseudo  96.00 ( 88.45)	Lr 1.000e-03 (1.000e-03)
2026-01-15 22:09:19,815 - INFO: Round 4, Fine-tune Epoch 7: loss=0.3559, acc(pseudo)=88.45%
2026-01-15 22:09:27,587 - INFO: Round 4, Fine-tune Epoch 7: acc(valid_pseudo): 0.9475, acc: 0.8395
2026-01-15 22:09:27,588 - INFO: Round 4, Speaker Fine-tune Epoch 7: No improvement in validation accuracy. Patience(epoch): 3/3
2026-01-15 22:09:27,588 - INFO: Early stopping at epoch 7 due to no improvement in validation accuracy for 3 epochs.
2026-01-15 22:09:27,589 - INFO: Round 4: Best speaker fine-tuned epoch=4, acc(valid_pseudo)=0.9700
2026-01-15 22:09:27,594 - INFO: Fine-tuning face embedding model for 20 epochs...
2026-01-15 22:09:28,435 - INFO: Epoch: [0][  0/582]	Time  0.784 ( 0.784)	Loss 2.1299e-02 (2.1299e-02)	Acc pseudo 100.00 (100.00)	Lr 1.000e-03 (1.000e-03)
2026-01-15 22:09:33,404 - INFO: Epoch: [0][ 50/582]	Time  0.035 ( 0.056)	Loss 4.0034e-01 (1.7456e-01)	Acc pseudo  89.06 ( 94.24)	Lr 1.000e-03 (1.000e-03)
2026-01-15 22:09:38,231 - INFO: Epoch: [0][100/582]	Time  0.028 ( 0.045)	Loss 2.2414e-01 (1.8897e-01)	Acc pseudo  87.50 ( 93.83)	Lr 1.000e-03 (1.000e-03)
2026-01-15 22:09:42,876 - INFO: Epoch: [0][150/582]	Time  0.030 ( 0.040)	Loss 8.0077e-02 (1.9072e-01)	Acc pseudo  98.44 ( 93.71)	Lr 1.000e-03 (1.000e-03)
2026-01-15 22:09:48,035 - INFO: Epoch: [0][200/582]	Time  0.030 ( 0.040)	Loss 9.7717e-02 (1.9239e-01)	Acc pseudo  93.75 ( 93.68)	Lr 1.000e-03 (1.000e-03)
2026-01-15 22:09:52,688 - INFO: Epoch: [0][250/582]	Time  0.046 ( 0.040)	Loss 2.5313e-01 (1.9727e-01)	Acc pseudo  85.94 ( 93.52)	Lr 1.000e-03 (1.000e-03)
2026-01-15 22:09:57,342 - INFO: Epoch: [0][300/582]	Time  0.036 ( 0.039)	Loss 1.1284e-01 (1.9669e-01)	Acc pseudo  92.19 ( 93.56)	Lr 1.000e-03 (1.000e-03)
2026-01-15 22:10:02,207 - INFO: Epoch: [0][350/582]	Time  0.245 ( 0.038)	Loss 3.3782e-02 (1.8986e-01)	Acc pseudo  96.88 ( 93.64)	Lr 1.000e-03 (1.000e-03)
2026-01-15 22:10:07,391 - INFO: Epoch: [0][400/582]	Time  0.028 ( 0.039)	Loss 1.4945e-01 (1.9639e-01)	Acc pseudo  95.31 ( 93.59)	Lr 1.000e-03 (1.000e-03)
2026-01-15 22:10:13,739 - INFO: Epoch: [0][450/582]	Time  0.216 ( 0.042)	Loss 2.3491e-02 (1.9278e-01)	Acc pseudo 100.00 ( 93.58)	Lr 1.000e-03 (1.000e-03)
2026-01-15 22:10:18,695 - INFO: Epoch: [0][500/582]	Time  0.033 ( 0.041)	Loss 1.5870e-01 (1.9414e-01)	Acc pseudo  90.62 ( 93.49)	Lr 1.000e-03 (1.000e-03)
2026-01-15 22:10:23,354 - INFO: Epoch: [0][550/582]	Time  0.028 ( 0.040)	Loss 1.0638e-01 (1.8973e-01)	Acc pseudo  96.88 ( 93.61)	Lr 1.000e-03 (1.000e-03)
2026-01-15 22:10:26,327 - INFO: Round 4, Face Fine-tune Epoch 0: loss=0.1914, acc(pseudo)=93.55%
2026-01-15 22:11:25,529 - INFO: Round 4, Face Fine-tune Epoch 0: acc(valid_pseudo): 0.9765, acc: 0.8715
2026-01-15 22:11:27,946 - INFO: Epoch: [1][  0/582]	Time  0.487 ( 0.487)	Loss 1.2897e-01 (1.2897e-01)	Acc pseudo  90.62 ( 90.62)	Lr 1.000e-03 (1.000e-03)
2026-01-15 22:11:32,617 - INFO: Epoch: [1][ 50/582]	Time  0.032 ( 0.041)	Loss 5.3295e-02 (1.7148e-01)	Acc pseudo  98.44 ( 93.66)	Lr 1.000e-03 (1.000e-03)
2026-01-15 22:11:37,278 - INFO: Epoch: [1][100/582]	Time  0.038 ( 0.036)	Loss 1.6225e-01 (1.7601e-01)	Acc pseudo  96.88 ( 93.33)	Lr 1.000e-03 (1.000e-03)
2026-01-15 22:11:41,955 - INFO: Epoch: [1][150/582]	Time  0.032 ( 0.034)	Loss 1.3435e-01 (1.7428e-01)	Acc pseudo  96.88 ( 93.47)	Lr 1.000e-03 (1.000e-03)
2026-01-15 22:11:46,624 - INFO: Epoch: [1][200/582]	Time  0.027 ( 0.033)	Loss 1.6451e-01 (1.7570e-01)	Acc pseudo  95.31 ( 93.51)	Lr 1.000e-03 (1.000e-03)
2026-01-15 22:11:51,295 - INFO: Epoch: [1][250/582]	Time  0.031 ( 0.033)	Loss 1.2426e-01 (1.7826e-01)	Acc pseudo  93.75 ( 93.39)	Lr 1.000e-03 (1.000e-03)
2026-01-15 22:11:55,973 - INFO: Epoch: [1][300/582]	Time  0.030 ( 0.032)	Loss 1.2607e-01 (1.7455e-01)	Acc pseudo  98.44 ( 93.55)	Lr 1.000e-03 (1.000e-03)
2026-01-15 22:12:00,653 - INFO: Epoch: [1][350/582]	Time  0.027 ( 0.032)	Loss 1.1412e-01 (1.7764e-01)	Acc pseudo  95.31 ( 93.61)	Lr 1.000e-03 (1.000e-03)
2026-01-15 22:12:05,332 - INFO: Epoch: [1][400/582]	Time  0.027 ( 0.032)	Loss 2.4514e-01 (1.7622e-01)	Acc pseudo  92.19 ( 93.63)	Lr 1.000e-03 (1.000e-03)
2026-01-15 22:12:10,007 - INFO: Epoch: [1][450/582]	Time  0.029 ( 0.031)	Loss 2.7630e-01 (1.7352e-01)	Acc pseudo  85.94 ( 93.73)	Lr 1.000e-03 (1.000e-03)
2026-01-15 22:12:14,686 - INFO: Epoch: [1][500/582]	Time  0.028 ( 0.031)	Loss 6.6008e-02 (1.7300e-01)	Acc pseudo  98.44 ( 93.73)	Lr 1.000e-03 (1.000e-03)
2026-01-15 22:12:19,363 - INFO: Epoch: [1][550/582]	Time  0.028 ( 0.031)	Loss 9.9526e-02 (1.7181e-01)	Acc pseudo  93.75 ( 93.74)	Lr 1.000e-03 (1.000e-03)
2026-01-15 22:12:22,368 - INFO: Round 4, Face Fine-tune Epoch 1: loss=0.1728, acc(pseudo)=93.70%
2026-01-15 22:13:23,178 - INFO: Round 4, Face Fine-tune Epoch 1: acc(valid_pseudo): 0.9776, acc: 0.8715
2026-01-15 22:13:26,542 - INFO: Epoch: [2][  0/582]	Time  0.650 ( 0.650)	Loss 7.1034e-02 (7.1034e-02)	Acc pseudo  96.88 ( 96.88)	Lr 1.000e-03 (1.000e-03)
2026-01-15 22:13:31,214 - INFO: Epoch: [2][ 50/582]	Time  0.040 ( 0.054)	Loss 1.9084e-01 (1.4149e-01)	Acc pseudo  90.62 ( 94.27)	Lr 1.000e-03 (1.000e-03)
2026-01-15 22:13:35,879 - INFO: Epoch: [2][100/582]	Time  0.028 ( 0.044)	Loss 7.4552e-02 (1.4859e-01)	Acc pseudo  95.31 ( 94.11)	Lr 1.000e-03 (1.000e-03)
2026-01-15 22:13:40,546 - INFO: Epoch: [2][150/582]	Time  0.029 ( 0.039)	Loss 9.7369e-02 (1.4634e-01)	Acc pseudo  93.75 ( 94.28)	Lr 1.000e-03 (1.000e-03)
2026-01-15 22:13:45,213 - INFO: Epoch: [2][200/582]	Time  0.028 ( 0.037)	Loss 1.7941e-01 (1.4649e-01)	Acc pseudo  95.31 ( 94.13)	Lr 1.000e-03 (1.000e-03)
2026-01-15 22:13:49,888 - INFO: Epoch: [2][250/582]	Time  0.027 ( 0.036)	Loss 1.3229e-01 (1.4553e-01)	Acc pseudo  95.31 ( 94.12)	Lr 1.000e-03 (1.000e-03)
2026-01-15 22:13:54,563 - INFO: Epoch: [2][300/582]	Time  0.030 ( 0.034)	Loss 3.4530e-01 (1.4967e-01)	Acc pseudo  93.75 ( 93.96)	Lr 1.000e-03 (1.000e-03)
2026-01-15 22:13:59,236 - INFO: Epoch: [2][350/582]	Time  0.036 ( 0.034)	Loss 8.7865e-02 (1.4733e-01)	Acc pseudo  98.44 ( 94.04)	Lr 1.000e-03 (1.000e-03)
2026-01-15 22:14:03,985 - INFO: Epoch: [2][400/582]	Time  0.048 ( 0.034)	Loss 1.8045e-01 (1.4831e-01)	Acc pseudo  93.75 ( 93.97)	Lr 1.000e-03 (1.000e-03)
2026-01-15 22:14:08,660 - INFO: Epoch: [2][450/582]	Time  0.028 ( 0.033)	Loss 1.1353e-01 (1.5094e-01)	Acc pseudo  95.31 ( 94.01)	Lr 1.000e-03 (1.000e-03)
2026-01-15 22:14:13,336 - INFO: Epoch: [2][500/582]	Time  0.028 ( 0.033)	Loss 2.4336e-01 (1.5177e-01)	Acc pseudo  93.75 ( 93.98)	Lr 1.000e-03 (1.000e-03)
2026-01-15 22:14:18,006 - INFO: Epoch: [2][550/582]	Time  0.029 ( 0.033)	Loss 3.1838e-01 (1.5305e-01)	Acc pseudo  95.31 ( 93.98)	Lr 1.000e-03 (1.000e-03)
2026-01-15 22:14:20,992 - INFO: Round 4, Face Fine-tune Epoch 2: loss=0.1542, acc(pseudo)=93.97%
2026-01-15 22:15:19,716 - INFO: Round 4, Face Fine-tune Epoch 2: acc(valid_pseudo): 0.9772, acc: 0.8715
2026-01-15 22:15:19,716 - INFO: Round 4, Face Fine-tune Epoch 2: No improvement. Patience(epoch): 1/3
2026-01-15 22:15:20,298 - INFO: Epoch: [3][  0/582]	Time  0.532 ( 0.532)	Loss 2.9498e-02 (2.9498e-02)	Acc pseudo 100.00 (100.00)	Lr 1.000e-03 (1.000e-03)
2026-01-15 22:15:24,984 - INFO: Epoch: [3][ 50/582]	Time  0.030 ( 0.042)	Loss 1.3547e-01 (1.4386e-01)	Acc pseudo  96.88 ( 93.81)	Lr 1.000e-03 (1.000e-03)
2026-01-15 22:15:29,659 - INFO: Epoch: [3][100/582]	Time  0.029 ( 0.036)	Loss 8.3729e-02 (1.4917e-01)	Acc pseudo  96.88 ( 94.09)	Lr 1.000e-03 (1.000e-03)
2026-01-15 22:15:34,344 - INFO: Epoch: [3][150/582]	Time  0.029 ( 0.034)	Loss 1.1506e-01 (1.5049e-01)	Acc pseudo  93.75 ( 94.30)	Lr 1.000e-03 (1.000e-03)
2026-01-15 22:15:39,021 - INFO: Epoch: [3][200/582]	Time  0.028 ( 0.033)	Loss 3.8044e-01 (1.4676e-01)	Acc pseudo  93.75 ( 94.29)	Lr 1.000e-03 (1.000e-03)
2026-01-15 22:15:43,697 - INFO: Epoch: [3][250/582]	Time  0.034 ( 0.032)	Loss 1.9348e-01 (1.4545e-01)	Acc pseudo  93.75 ( 94.30)	Lr 1.000e-03 (1.000e-03)
2026-01-15 22:15:48,371 - INFO: Epoch: [3][300/582]	Time  0.029 ( 0.031)	Loss 1.2620e-01 (1.4549e-01)	Acc pseudo  92.19 ( 94.28)	Lr 1.000e-03 (1.000e-03)
2026-01-15 22:15:53,049 - INFO: Epoch: [3][350/582]	Time  0.028 ( 0.031)	Loss 1.6931e-01 (1.4791e-01)	Acc pseudo  93.75 ( 94.19)	Lr 1.000e-03 (1.000e-03)
2026-01-15 22:15:57,725 - INFO: Epoch: [3][400/582]	Time  0.028 ( 0.031)	Loss 1.3839e-01 (1.4802e-01)	Acc pseudo  92.19 ( 94.24)	Lr 1.000e-03 (1.000e-03)
2026-01-15 22:16:02,401 - INFO: Epoch: [3][450/582]	Time  0.035 ( 0.031)	Loss 1.3898e-01 (1.5057e-01)	Acc pseudo  96.88 ( 94.19)	Lr 1.000e-03 (1.000e-03)
2026-01-15 22:16:07,076 - INFO: Epoch: [3][500/582]	Time  0.028 ( 0.031)	Loss 9.0892e-02 (1.5042e-01)	Acc pseudo  95.31 ( 94.16)	Lr 1.000e-03 (1.000e-03)
2026-01-15 22:16:11,755 - INFO: Epoch: [3][550/582]	Time  0.028 ( 0.030)	Loss 1.3299e-01 (1.5178e-01)	Acc pseudo  95.31 ( 94.12)	Lr 1.000e-03 (1.000e-03)
2026-01-15 22:16:14,743 - INFO: Round 4, Face Fine-tune Epoch 3: loss=0.1516, acc(pseudo)=94.13%
2026-01-15 22:17:14,321 - INFO: Round 4, Face Fine-tune Epoch 3: acc(valid_pseudo): 0.9799, acc: 0.8685
2026-01-15 22:17:16,677 - INFO: Epoch: [4][  0/582]	Time  0.500 ( 0.500)	Loss 2.3793e-01 (2.3793e-01)	Acc pseudo  89.06 ( 89.06)	Lr 1.000e-03 (1.000e-03)
2026-01-15 22:17:21,354 - INFO: Epoch: [4][ 50/582]	Time  0.028 ( 0.041)	Loss 1.2363e-01 (1.5422e-01)	Acc pseudo  89.06 ( 94.45)	Lr 1.000e-03 (1.000e-03)
2026-01-15 22:17:26,033 - INFO: Epoch: [4][100/582]	Time  0.029 ( 0.035)	Loss 1.6883e-01 (1.4899e-01)	Acc pseudo  92.19 ( 94.40)	Lr 1.000e-03 (1.000e-03)
2026-01-15 22:17:30,710 - INFO: Epoch: [4][150/582]	Time  0.029 ( 0.034)	Loss 1.5800e-01 (1.4187e-01)	Acc pseudo  98.44 ( 94.52)	Lr 1.000e-03 (1.000e-03)
2026-01-15 22:17:35,394 - INFO: Epoch: [4][200/582]	Time  0.033 ( 0.033)	Loss 1.4068e-01 (1.4395e-01)	Acc pseudo  93.75 ( 94.40)	Lr 1.000e-03 (1.000e-03)
2026-01-15 22:17:40,070 - INFO: Epoch: [4][250/582]	Time  0.030 ( 0.032)	Loss 9.9585e-02 (1.4232e-01)	Acc pseudo  95.31 ( 94.48)	Lr 1.000e-03 (1.000e-03)
2026-01-15 22:17:44,746 - INFO: Epoch: [4][300/582]	Time  0.028 ( 0.031)	Loss 1.2099e-01 (1.4438e-01)	Acc pseudo  90.62 ( 94.40)	Lr 1.000e-03 (1.000e-03)
2026-01-15 22:17:49,424 - INFO: Epoch: [4][350/582]	Time  0.029 ( 0.031)	Loss 5.0399e-02 (1.4483e-01)	Acc pseudo  98.44 ( 94.40)	Lr 1.000e-03 (1.000e-03)
2026-01-15 22:17:54,107 - INFO: Epoch: [4][400/582]	Time  0.029 ( 0.031)	Loss 1.6948e-01 (1.4398e-01)	Acc pseudo  87.50 ( 94.37)	Lr 1.000e-03 (1.000e-03)
2026-01-15 22:17:58,799 - INFO: Epoch: [4][450/582]	Time  0.042 ( 0.032)	Loss 1.1688e-01 (1.4461e-01)	Acc pseudo  95.31 ( 94.36)	Lr 1.000e-03 (1.000e-03)
2026-01-15 22:18:03,485 - INFO: Epoch: [4][500/582]	Time  0.044 ( 0.032)	Loss 1.7884e-01 (1.4448e-01)	Acc pseudo  93.75 ( 94.34)	Lr 1.000e-03 (1.000e-03)
2026-01-15 22:18:08,168 - INFO: Epoch: [4][550/582]	Time  0.043 ( 0.033)	Loss 4.3570e-02 (1.4381e-01)	Acc pseudo 100.00 ( 94.33)	Lr 1.000e-03 (1.000e-03)
2026-01-15 22:18:11,156 - INFO: Round 4, Face Fine-tune Epoch 4: loss=0.1427, acc(pseudo)=94.34%
2026-01-15 22:19:10,929 - INFO: Round 4, Face Fine-tune Epoch 4: acc(valid_pseudo): 0.9809, acc: 0.8695
2026-01-15 22:19:13,643 - INFO: Epoch: [5][  0/582]	Time  0.622 ( 0.622)	Loss 1.3797e-01 (1.3797e-01)	Acc pseudo  92.19 ( 92.19)	Lr 1.000e-03 (1.000e-03)
2026-01-15 22:19:18,315 - INFO: Epoch: [5][ 50/582]	Time  0.029 ( 0.044)	Loss 1.9424e-01 (1.3792e-01)	Acc pseudo  93.75 ( 93.93)	Lr 1.000e-03 (1.000e-03)
2026-01-15 22:19:22,989 - INFO: Epoch: [5][100/582]	Time  0.030 ( 0.037)	Loss 9.2610e-02 (1.3727e-01)	Acc pseudo  95.31 ( 94.31)	Lr 1.000e-03 (1.000e-03)
2026-01-15 22:19:27,661 - INFO: Epoch: [5][150/582]	Time  0.027 ( 0.035)	Loss 7.7442e-02 (1.3630e-01)	Acc pseudo  96.88 ( 94.52)	Lr 1.000e-03 (1.000e-03)
2026-01-15 22:19:32,334 - INFO: Epoch: [5][200/582]	Time  0.027 ( 0.034)	Loss 1.2505e-01 (1.3548e-01)	Acc pseudo  93.75 ( 94.60)	Lr 1.000e-03 (1.000e-03)
2026-01-15 22:19:37,006 - INFO: Epoch: [5][250/582]	Time  0.030 ( 0.033)	Loss 8.3195e-02 (1.3611e-01)	Acc pseudo  96.88 ( 94.60)	Lr 1.000e-03 (1.000e-03)
2026-01-15 22:19:41,683 - INFO: Epoch: [5][300/582]	Time  0.039 ( 0.032)	Loss 2.2770e-01 (1.3389e-01)	Acc pseudo  98.44 ( 94.74)	Lr 1.000e-03 (1.000e-03)
2026-01-15 22:19:46,363 - INFO: Epoch: [5][350/582]	Time  0.029 ( 0.033)	Loss 3.4911e-02 (1.3465e-01)	Acc pseudo 100.00 ( 94.77)	Lr 1.000e-03 (1.000e-03)
2026-01-15 22:19:51,043 - INFO: Epoch: [5][400/582]	Time  0.029 ( 0.032)	Loss 1.1389e-01 (1.3815e-01)	Acc pseudo  92.19 ( 94.69)	Lr 1.000e-03 (1.000e-03)
2026-01-15 22:19:55,719 - INFO: Epoch: [5][450/582]	Time  0.029 ( 0.032)	Loss 1.3428e-01 (1.3940e-01)	Acc pseudo  92.19 ( 94.56)	Lr 1.000e-03 (1.000e-03)
2026-01-15 22:20:00,396 - INFO: Epoch: [5][500/582]	Time  0.029 ( 0.032)	Loss 1.0500e-01 (1.4108e-01)	Acc pseudo  95.31 ( 94.48)	Lr 1.000e-03 (1.000e-03)
2026-01-15 22:20:05,073 - INFO: Epoch: [5][550/582]	Time  0.035 ( 0.032)	Loss 9.4029e-02 (1.4016e-01)	Acc pseudo  95.31 ( 94.49)	Lr 1.000e-03 (1.000e-03)
2026-01-15 22:20:08,057 - INFO: Round 4, Face Fine-tune Epoch 5: loss=0.1422, acc(pseudo)=94.42%
2026-01-15 22:21:06,576 - INFO: Round 4, Face Fine-tune Epoch 5: acc(valid_pseudo): 0.9789, acc: 0.8705
2026-01-15 22:21:06,577 - INFO: Round 4, Face Fine-tune Epoch 5: No improvement. Patience(epoch): 1/3
2026-01-15 22:21:07,150 - INFO: Epoch: [6][  0/582]	Time  0.519 ( 0.519)	Loss 5.4342e-02 (5.4342e-02)	Acc pseudo  96.88 ( 96.88)	Lr 1.000e-03 (1.000e-03)
2026-01-15 22:21:11,835 - INFO: Epoch: [6][ 50/582]	Time  0.029 ( 0.040)	Loss 1.2164e-01 (1.1796e-01)	Acc pseudo  96.88 ( 95.01)	Lr 1.000e-03 (1.000e-03)
2026-01-15 22:21:16,512 - INFO: Epoch: [6][100/582]	Time  0.029 ( 0.036)	Loss 2.4279e-01 (1.4015e-01)	Acc pseudo  84.38 ( 94.31)	Lr 1.000e-03 (1.000e-03)
2026-01-15 22:21:21,203 - INFO: Epoch: [6][150/582]	Time  0.029 ( 0.037)	Loss 1.6002e-01 (1.3806e-01)	Acc pseudo  92.19 ( 94.27)	Lr 1.000e-03 (1.000e-03)
2026-01-15 22:21:25,880 - INFO: Epoch: [6][200/582]	Time  0.029 ( 0.036)	Loss 1.5679e-01 (1.4097e-01)	Acc pseudo  90.62 ( 94.30)	Lr 1.000e-03 (1.000e-03)
2026-01-15 22:21:30,555 - INFO: Epoch: [6][250/582]	Time  0.029 ( 0.034)	Loss 9.8770e-02 (1.4177e-01)	Acc pseudo  95.31 ( 94.32)	Lr 1.000e-03 (1.000e-03)
2026-01-15 22:21:35,232 - INFO: Epoch: [6][300/582]	Time  0.029 ( 0.034)	Loss 1.8929e-01 (1.4196e-01)	Acc pseudo  90.62 ( 94.34)	Lr 1.000e-03 (1.000e-03)
2026-01-15 22:21:39,909 - INFO: Epoch: [6][350/582]	Time  0.030 ( 0.033)	Loss 1.6641e-01 (1.4402e-01)	Acc pseudo  85.94 ( 94.24)	Lr 1.000e-03 (1.000e-03)
2026-01-15 22:21:44,590 - INFO: Epoch: [6][400/582]	Time  0.028 ( 0.033)	Loss 1.2174e-01 (1.4428e-01)	Acc pseudo  93.75 ( 94.26)	Lr 1.000e-03 (1.000e-03)
2026-01-15 22:21:49,370 - INFO: Epoch: [6][450/582]	Time  0.029 ( 0.033)	Loss 1.4403e-01 (1.4714e-01)	Acc pseudo  95.31 ( 94.22)	Lr 1.000e-03 (1.000e-03)
2026-01-15 22:21:54,052 - INFO: Epoch: [6][500/582]	Time  0.030 ( 0.033)	Loss 1.6497e-01 (1.4734e-01)	Acc pseudo  95.31 ( 94.20)	Lr 1.000e-03 (1.000e-03)
2026-01-15 22:21:58,735 - INFO: Epoch: [6][550/582]	Time  0.030 ( 0.032)	Loss 7.9469e-02 (1.4777e-01)	Acc pseudo  98.44 ( 94.18)	Lr 1.000e-03 (1.000e-03)
2026-01-15 22:22:01,754 - INFO: Round 4, Face Fine-tune Epoch 6: loss=0.1471, acc(pseudo)=94.20%
2026-01-15 22:23:00,920 - INFO: Round 4, Face Fine-tune Epoch 6: acc(valid_pseudo): 0.9811, acc: 0.8715
2026-01-15 22:23:03,356 - INFO: Epoch: [7][  0/582]	Time  0.585 ( 0.585)	Loss 2.2182e-01 (2.2182e-01)	Acc pseudo  93.75 ( 93.75)	Lr 1.000e-03 (1.000e-03)
2026-01-15 22:23:08,034 - INFO: Epoch: [7][ 50/582]	Time  0.029 ( 0.042)	Loss 8.5627e-02 (1.4198e-01)	Acc pseudo  98.44 ( 94.33)	Lr 1.000e-03 (1.000e-03)
2026-01-15 22:23:12,711 - INFO: Epoch: [7][100/582]	Time  0.031 ( 0.040)	Loss 8.0235e-02 (1.3610e-01)	Acc pseudo  96.88 ( 94.26)	Lr 1.000e-03 (1.000e-03)
2026-01-15 22:23:17,396 - INFO: Epoch: [7][150/582]	Time  0.040 ( 0.040)	Loss 1.0817e-01 (1.3155e-01)	Acc pseudo  96.88 ( 94.55)	Lr 1.000e-03 (1.000e-03)
2026-01-15 22:23:22,080 - INFO: Epoch: [7][200/582]	Time  0.039 ( 0.039)	Loss 3.2566e-01 (1.3027e-01)	Acc pseudo  98.44 ( 94.57)	Lr 1.000e-03 (1.000e-03)
2026-01-15 22:23:26,874 - INFO: Epoch: [7][250/582]	Time  0.028 ( 0.039)	Loss 2.1417e-01 (1.3351e-01)	Acc pseudo  90.62 ( 94.40)	Lr 1.000e-03 (1.000e-03)
2026-01-15 22:23:31,551 - INFO: Epoch: [7][300/582]	Time  0.029 ( 0.037)	Loss 1.2958e-01 (1.3128e-01)	Acc pseudo  93.75 ( 94.35)	Lr 1.000e-03 (1.000e-03)
2026-01-15 22:23:36,233 - INFO: Epoch: [7][350/582]	Time  0.030 ( 0.036)	Loss 1.4174e-01 (1.3037e-01)	Acc pseudo  90.62 ( 94.39)	Lr 1.000e-03 (1.000e-03)
2026-01-15 22:23:40,911 - INFO: Epoch: [7][400/582]	Time  0.032 ( 0.035)	Loss 4.0869e-01 (1.3064e-01)	Acc pseudo  89.06 ( 94.41)	Lr 1.000e-03 (1.000e-03)
2026-01-15 22:23:45,586 - INFO: Epoch: [7][450/582]	Time  0.028 ( 0.034)	Loss 1.0232e-01 (1.3283e-01)	Acc pseudo  93.75 ( 94.34)	Lr 1.000e-03 (1.000e-03)
2026-01-15 22:23:50,265 - INFO: Epoch: [7][500/582]	Time  0.028 ( 0.034)	Loss 3.0821e-01 (1.3251e-01)	Acc pseudo  95.31 ( 94.36)	Lr 1.000e-03 (1.000e-03)
2026-01-15 22:23:54,951 - INFO: Epoch: [7][550/582]	Time  0.033 ( 0.034)	Loss 1.1224e-01 (1.3575e-01)	Acc pseudo  96.88 ( 94.29)	Lr 1.000e-03 (1.000e-03)
2026-01-15 22:23:57,964 - INFO: Round 4, Face Fine-tune Epoch 7: loss=0.1351, acc(pseudo)=94.32%
2026-01-15 22:24:59,881 - INFO: Round 4, Face Fine-tune Epoch 7: acc(valid_pseudo): 0.9823, acc: 0.8715
2026-01-15 22:25:02,411 - INFO: Epoch: [8][  0/582]	Time  0.621 ( 0.621)	Loss 4.1533e-02 (4.1533e-02)	Acc pseudo  98.44 ( 98.44)	Lr 1.000e-03 (1.000e-03)
2026-01-15 22:25:07,091 - INFO: Epoch: [8][ 50/582]	Time  0.037 ( 0.051)	Loss 5.6573e-02 (1.2993e-01)	Acc pseudo  95.31 ( 95.25)	Lr 1.000e-03 (1.000e-03)
2026-01-15 22:25:11,766 - INFO: Epoch: [8][100/582]	Time  0.029 ( 0.041)	Loss 7.7182e-02 (1.2460e-01)	Acc pseudo  93.75 ( 95.22)	Lr 1.000e-03 (1.000e-03)
2026-01-15 22:25:16,444 - INFO: Epoch: [8][150/582]	Time  0.029 ( 0.037)	Loss 8.8834e-02 (1.2776e-01)	Acc pseudo  93.75 ( 95.06)	Lr 1.000e-03 (1.000e-03)
2026-01-15 22:25:21,117 - INFO: Epoch: [8][200/582]	Time  0.029 ( 0.035)	Loss 7.2906e-02 (1.2868e-01)	Acc pseudo  96.88 ( 94.98)	Lr 1.000e-03 (1.000e-03)
2026-01-15 22:25:25,795 - INFO: Epoch: [8][250/582]	Time  0.029 ( 0.034)	Loss 9.6592e-02 (1.3096e-01)	Acc pseudo  95.31 ( 94.81)	Lr 1.000e-03 (1.000e-03)
2026-01-15 22:25:30,474 - INFO: Epoch: [8][300/582]	Time  0.029 ( 0.034)	Loss 1.1134e-01 (1.3075e-01)	Acc pseudo  93.75 ( 94.81)	Lr 1.000e-03 (1.000e-03)
2026-01-15 22:25:35,189 - INFO: Epoch: [8][350/582]	Time  0.029 ( 0.033)	Loss 1.0227e-01 (1.2894e-01)	Acc pseudo  95.31 ( 94.78)	Lr 1.000e-03 (1.000e-03)
2026-01-15 22:25:39,865 - INFO: Epoch: [8][400/582]	Time  0.028 ( 0.033)	Loss 2.4224e-01 (1.3106e-01)	Acc pseudo  93.75 ( 94.62)	Lr 1.000e-03 (1.000e-03)
2026-01-15 22:25:44,545 - INFO: Epoch: [8][450/582]	Time  0.041 ( 0.033)	Loss 1.2166e-01 (1.3067e-01)	Acc pseudo  93.75 ( 94.65)	Lr 1.000e-03 (1.000e-03)
2026-01-15 22:25:49,236 - INFO: Epoch: [8][500/582]	Time  0.040 ( 0.034)	Loss 9.3699e-02 (1.2954e-01)	Acc pseudo  96.88 ( 94.68)	Lr 1.000e-03 (1.000e-03)
2026-01-15 22:25:53,920 - INFO: Epoch: [8][550/582]	Time  0.029 ( 0.034)	Loss 1.3893e-01 (1.3271e-01)	Acc pseudo  92.19 ( 94.55)	Lr 1.000e-03 (1.000e-03)
2026-01-15 22:25:56,907 - INFO: Round 4, Face Fine-tune Epoch 8: loss=0.1333, acc(pseudo)=94.50%
2026-01-15 22:26:56,395 - INFO: Round 4, Face Fine-tune Epoch 8: acc(valid_pseudo): 0.9825, acc: 0.8744
2026-01-15 22:26:59,055 - INFO: Epoch: [9][  0/582]	Time  0.526 ( 0.526)	Loss 6.4694e-02 (6.4694e-02)	Acc pseudo  98.44 ( 98.44)	Lr 1.000e-03 (1.000e-03)
2026-01-15 22:27:04,230 - INFO: Epoch: [9][ 50/582]	Time  0.028 ( 0.053)	Loss 7.4997e-02 (1.3471e-01)	Acc pseudo  96.88 ( 94.73)	Lr 1.000e-03 (1.000e-03)
2026-01-15 22:27:09,041 - INFO: Epoch: [9][100/582]	Time  0.040 ( 0.044)	Loss 1.6232e-01 (1.2288e-01)	Acc pseudo  95.31 ( 94.91)	Lr 1.000e-03 (1.000e-03)
2026-01-15 22:27:13,721 - INFO: Epoch: [9][150/582]	Time  0.031 ( 0.040)	Loss 1.2299e-01 (1.3257e-01)	Acc pseudo  96.88 ( 94.76)	Lr 1.000e-03 (1.000e-03)
2026-01-15 22:27:18,399 - INFO: Epoch: [9][200/582]	Time  0.028 ( 0.038)	Loss 7.2765e-02 (1.3032e-01)	Acc pseudo  95.31 ( 94.86)	Lr 1.000e-03 (1.000e-03)
2026-01-15 22:27:23,083 - INFO: Epoch: [9][250/582]	Time  0.028 ( 0.037)	Loss 3.8328e-02 (1.3139e-01)	Acc pseudo 100.00 ( 94.90)	Lr 1.000e-03 (1.000e-03)
2026-01-15 22:27:27,764 - INFO: Epoch: [9][300/582]	Time  0.028 ( 0.036)	Loss 2.1711e-01 (1.3390e-01)	Acc pseudo  93.75 ( 94.78)	Lr 1.000e-03 (1.000e-03)
2026-01-15 22:27:32,446 - INFO: Epoch: [9][350/582]	Time  0.027 ( 0.035)	Loss 1.5142e-01 (1.3350e-01)	Acc pseudo  92.19 ( 94.74)	Lr 1.000e-03 (1.000e-03)
2026-01-15 22:27:37,126 - INFO: Epoch: [9][400/582]	Time  0.028 ( 0.034)	Loss 7.4361e-02 (1.3387e-01)	Acc pseudo  95.31 ( 94.67)	Lr 1.000e-03 (1.000e-03)
2026-01-15 22:27:41,807 - INFO: Epoch: [9][450/582]	Time  0.030 ( 0.033)	Loss 2.2653e-01 (1.3509e-01)	Acc pseudo  96.88 ( 94.57)	Lr 1.000e-03 (1.000e-03)
2026-01-15 22:27:46,540 - INFO: Epoch: [9][500/582]	Time  0.038 ( 0.034)	Loss 5.0967e-01 (1.3801e-01)	Acc pseudo  90.62 ( 94.59)	Lr 1.000e-03 (1.000e-03)
2026-01-15 22:27:51,226 - INFO: Epoch: [9][550/582]	Time  0.040 ( 0.034)	Loss 8.3848e-02 (1.3957e-01)	Acc pseudo  93.75 ( 94.49)	Lr 1.000e-03 (1.000e-03)
2026-01-15 22:27:54,229 - INFO: Round 4, Face Fine-tune Epoch 9: loss=0.1398, acc(pseudo)=94.45%
2026-01-15 22:28:55,682 - INFO: Round 4, Face Fine-tune Epoch 9: acc(valid_pseudo): 0.9828, acc: 0.8734
2026-01-15 22:28:58,918 - INFO: Epoch: [10][  0/582]	Time  0.680 ( 0.680)	Loss 6.5339e-02 (6.5339e-02)	Acc pseudo  98.44 ( 98.44)	Lr 1.000e-03 (1.000e-03)
2026-01-15 22:29:03,612 - INFO: Epoch: [10][ 50/582]	Time  0.029 ( 0.054)	Loss 2.4742e-01 (1.3931e-01)	Acc pseudo  89.06 ( 94.39)	Lr 1.000e-03 (1.000e-03)
2026-01-15 22:29:08,286 - INFO: Epoch: [10][100/582]	Time  0.030 ( 0.042)	Loss 1.7244e-01 (1.2893e-01)	Acc pseudo  95.31 ( 94.68)	Lr 1.000e-03 (1.000e-03)
2026-01-15 22:29:12,955 - INFO: Epoch: [10][150/582]	Time  0.030 ( 0.038)	Loss 1.0264e-01 (1.3250e-01)	Acc pseudo  96.88 ( 94.53)	Lr 1.000e-03 (1.000e-03)
2026-01-15 22:29:17,630 - INFO: Epoch: [10][200/582]	Time  0.030 ( 0.036)	Loss 8.1415e-02 (1.3286e-01)	Acc pseudo  96.88 ( 94.54)	Lr 1.000e-03 (1.000e-03)
2026-01-15 22:29:22,308 - INFO: Epoch: [10][250/582]	Time  0.031 ( 0.035)	Loss 8.4316e-02 (1.3429e-01)	Acc pseudo  96.88 ( 94.45)	Lr 1.000e-03 (1.000e-03)
2026-01-15 22:29:26,991 - INFO: Epoch: [10][300/582]	Time  0.030 ( 0.034)	Loss 3.8586e-01 (1.3516e-01)	Acc pseudo  93.75 ( 94.50)	Lr 1.000e-03 (1.000e-03)
2026-01-15 22:29:31,668 - INFO: Epoch: [10][350/582]	Time  0.028 ( 0.034)	Loss 2.4415e-01 (1.3674e-01)	Acc pseudo  90.62 ( 94.43)	Lr 1.000e-03 (1.000e-03)
2026-01-15 22:29:36,343 - INFO: Epoch: [10][400/582]	Time  0.030 ( 0.033)	Loss 7.8786e-02 (1.3538e-01)	Acc pseudo  96.88 ( 94.44)	Lr 1.000e-03 (1.000e-03)
2026-01-15 22:29:41,026 - INFO: Epoch: [10][450/582]	Time  0.033 ( 0.033)	Loss 9.4495e-02 (1.3522e-01)	Acc pseudo  93.75 ( 94.47)	Lr 1.000e-03 (1.000e-03)
2026-01-15 22:29:45,705 - INFO: Epoch: [10][500/582]	Time  0.029 ( 0.033)	Loss 1.4395e-01 (1.3565e-01)	Acc pseudo  93.75 ( 94.50)	Lr 1.000e-03 (1.000e-03)
2026-01-15 22:29:50,396 - INFO: Epoch: [10][550/582]	Time  0.039 ( 0.033)	Loss 8.6888e-02 (1.3422e-01)	Acc pseudo  95.31 ( 94.56)	Lr 1.000e-03 (1.000e-03)
2026-01-15 22:29:53,397 - INFO: Round 4, Face Fine-tune Epoch 10: loss=0.1347, acc(pseudo)=94.55%
2026-01-15 22:30:56,644 - INFO: Round 4, Face Fine-tune Epoch 10: acc(valid_pseudo): 0.9834, acc: 0.8734
2026-01-15 22:30:59,920 - INFO: Epoch: [11][  0/582]	Time  0.661 ( 0.661)	Loss 7.4955e-02 (7.4955e-02)	Acc pseudo  95.31 ( 95.31)	Lr 1.000e-03 (1.000e-03)
2026-01-15 22:31:04,611 - INFO: Epoch: [11][ 50/582]	Time  0.040 ( 0.054)	Loss 1.1106e-01 (1.2275e-01)	Acc pseudo  95.31 ( 94.73)	Lr 1.000e-03 (1.000e-03)
2026-01-15 22:31:09,284 - INFO: Epoch: [11][100/582]	Time  0.029 ( 0.044)	Loss 1.2459e-01 (1.1884e-01)	Acc pseudo  90.62 ( 94.76)	Lr 1.000e-03 (1.000e-03)
2026-01-15 22:31:13,962 - INFO: Epoch: [11][150/582]	Time  0.029 ( 0.039)	Loss 2.1949e-01 (1.1996e-01)	Acc pseudo  93.75 ( 94.88)	Lr 1.000e-03 (1.000e-03)
2026-01-15 22:31:18,645 - INFO: Epoch: [11][200/582]	Time  0.028 ( 0.038)	Loss 7.6611e-02 (1.2401e-01)	Acc pseudo  98.44 ( 94.76)	Lr 1.000e-03 (1.000e-03)
2026-01-15 22:31:23,330 - INFO: Epoch: [11][250/582]	Time  0.041 ( 0.036)	Loss 4.7216e-02 (1.2234e-01)	Acc pseudo  98.44 ( 94.82)	Lr 1.000e-03 (1.000e-03)
2026-01-15 22:31:28,015 - INFO: Epoch: [11][300/582]	Time  0.036 ( 0.036)	Loss 4.8934e-02 (1.2208e-01)	Acc pseudo  98.44 ( 94.89)	Lr 1.000e-03 (1.000e-03)
2026-01-15 22:31:32,814 - INFO: Epoch: [11][350/582]	Time  0.046 ( 0.037)	Loss 1.2323e-01 (1.2202e-01)	Acc pseudo  93.75 ( 94.86)	Lr 1.000e-03 (1.000e-03)
2026-01-15 22:31:37,525 - INFO: Epoch: [11][400/582]	Time  0.028 ( 0.037)	Loss 5.6389e-02 (1.2087e-01)	Acc pseudo  98.44 ( 94.90)	Lr 1.000e-03 (1.000e-03)
2026-01-15 22:31:42,200 - INFO: Epoch: [11][450/582]	Time  0.028 ( 0.036)	Loss 4.9185e-02 (1.1899e-01)	Acc pseudo  98.44 ( 94.98)	Lr 1.000e-03 (1.000e-03)
2026-01-15 22:31:46,880 - INFO: Epoch: [11][500/582]	Time  0.028 ( 0.035)	Loss 1.4656e-01 (1.1929e-01)	Acc pseudo  90.62 ( 94.99)	Lr 1.000e-03 (1.000e-03)
2026-01-15 22:31:51,562 - INFO: Epoch: [11][550/582]	Time  0.029 ( 0.035)	Loss 1.6266e-01 (1.1965e-01)	Acc pseudo  92.19 ( 94.98)	Lr 1.000e-03 (1.000e-03)
2026-01-15 22:31:54,570 - INFO: Round 4, Face Fine-tune Epoch 11: loss=0.1206, acc(pseudo)=94.99%
2026-01-15 22:32:54,837 - INFO: Round 4, Face Fine-tune Epoch 11: acc(valid_pseudo): 0.9840, acc: 0.8802
2026-01-15 22:32:57,219 - INFO: Epoch: [12][  0/582]	Time  0.491 ( 0.491)	Loss 7.7035e-02 (7.7035e-02)	Acc pseudo  96.88 ( 96.88)	Lr 1.000e-03 (1.000e-03)
2026-01-15 22:33:01,908 - INFO: Epoch: [12][ 50/582]	Time  0.038 ( 0.041)	Loss 6.8433e-02 (1.1863e-01)	Acc pseudo  98.44 ( 94.76)	Lr 1.000e-03 (1.000e-03)
2026-01-15 22:33:06,578 - INFO: Epoch: [12][100/582]	Time  0.028 ( 0.036)	Loss 3.7393e-02 (1.2078e-01)	Acc pseudo  98.44 ( 95.10)	Lr 1.000e-03 (1.000e-03)
2026-01-15 22:33:11,610 - INFO: Epoch: [12][150/582]	Time  0.030 ( 0.037)	Loss 4.2586e-02 (1.1807e-01)	Acc pseudo  98.44 ( 95.08)	Lr 1.000e-03 (1.000e-03)
2026-01-15 22:33:16,351 - INFO: Epoch: [12][200/582]	Time  0.030 ( 0.036)	Loss 1.7966e-01 (1.2238e-01)	Acc pseudo  93.75 ( 94.99)	Lr 1.000e-03 (1.000e-03)
2026-01-15 22:33:21,033 - INFO: Epoch: [12][250/582]	Time  0.034 ( 0.035)	Loss 1.0236e-01 (1.2693e-01)	Acc pseudo  98.44 ( 94.95)	Lr 1.000e-03 (1.000e-03)
2026-01-15 22:33:25,712 - INFO: Epoch: [12][300/582]	Time  0.028 ( 0.034)	Loss 1.0763e-01 (1.2680e-01)	Acc pseudo  92.19 ( 94.91)	Lr 1.000e-03 (1.000e-03)
2026-01-15 22:33:30,406 - INFO: Epoch: [12][350/582]	Time  0.027 ( 0.033)	Loss 1.2279e-01 (1.2842e-01)	Acc pseudo  95.31 ( 94.82)	Lr 1.000e-03 (1.000e-03)
2026-01-15 22:33:35,077 - INFO: Epoch: [12][400/582]	Time  0.040 ( 0.032)	Loss 2.1810e-01 (1.3052e-01)	Acc pseudo  93.75 ( 94.79)	Lr 1.000e-03 (1.000e-03)
2026-01-15 22:33:39,755 - INFO: Epoch: [12][450/582]	Time  0.029 ( 0.032)	Loss 7.7925e-02 (1.2977e-01)	Acc pseudo  96.88 ( 94.77)	Lr 1.000e-03 (1.000e-03)
2026-01-15 22:33:44,426 - INFO: Epoch: [12][500/582]	Time  0.027 ( 0.032)	Loss 1.5629e-01 (1.2881e-01)	Acc pseudo  96.88 ( 94.77)	Lr 1.000e-03 (1.000e-03)
2026-01-15 22:33:49,109 - INFO: Epoch: [12][550/582]	Time  0.031 ( 0.032)	Loss 8.9313e-02 (1.2767e-01)	Acc pseudo  96.88 ( 94.78)	Lr 1.000e-03 (1.000e-03)
2026-01-15 22:33:52,105 - INFO: Round 4, Face Fine-tune Epoch 12: loss=0.1276, acc(pseudo)=94.77%
2026-01-15 22:34:51,234 - INFO: Round 4, Face Fine-tune Epoch 12: acc(valid_pseudo): 0.9841, acc: 0.8763
2026-01-15 22:34:54,415 - INFO: Epoch: [13][  0/582]	Time  0.692 ( 0.692)	Loss 9.7912e-02 (9.7912e-02)	Acc pseudo  95.31 ( 95.31)	Lr 1.000e-03 (1.000e-03)
2026-01-15 22:34:59,096 - INFO: Epoch: [13][ 50/582]	Time  0.030 ( 0.044)	Loss 1.0138e-01 (1.3454e-01)	Acc pseudo  95.31 ( 94.18)	Lr 1.000e-03 (1.000e-03)
2026-01-15 22:35:03,768 - INFO: Epoch: [13][100/582]	Time  0.028 ( 0.037)	Loss 1.4320e-01 (1.3243e-01)	Acc pseudo  93.75 ( 94.42)	Lr 1.000e-03 (1.000e-03)
2026-01-15 22:35:08,446 - INFO: Epoch: [13][150/582]	Time  0.028 ( 0.034)	Loss 1.5594e-01 (1.2923e-01)	Acc pseudo  95.31 ( 94.50)	Lr 1.000e-03 (1.000e-03)
2026-01-15 22:35:13,125 - INFO: Epoch: [13][200/582]	Time  0.028 ( 0.033)	Loss 8.0430e-02 (1.2881e-01)	Acc pseudo  95.31 ( 94.64)	Lr 1.000e-03 (1.000e-03)
2026-01-15 22:35:17,806 - INFO: Epoch: [13][250/582]	Time  0.040 ( 0.033)	Loss 9.4999e-02 (1.2888e-01)	Acc pseudo  95.31 ( 94.70)	Lr 1.000e-03 (1.000e-03)
2026-01-15 22:35:22,493 - INFO: Epoch: [13][300/582]	Time  0.039 ( 0.034)	Loss 4.9901e-02 (1.2570e-01)	Acc pseudo  98.44 ( 94.86)	Lr 1.000e-03 (1.000e-03)
2026-01-15 22:35:27,176 - INFO: Epoch: [13][350/582]	Time  0.028 ( 0.033)	Loss 2.1316e-01 (1.2413e-01)	Acc pseudo  92.19 ( 94.90)	Lr 1.000e-03 (1.000e-03)
2026-01-15 22:35:31,974 - INFO: Epoch: [13][400/582]	Time  0.028 ( 0.033)	Loss 1.0310e-01 (1.2379e-01)	Acc pseudo  92.19 ( 94.88)	Lr 1.000e-03 (1.000e-03)
2026-01-15 22:35:36,654 - INFO: Epoch: [13][450/582]	Time  0.029 ( 0.033)	Loss 1.7188e-01 (1.2357e-01)	Acc pseudo  93.75 ( 94.95)	Lr 1.000e-03 (1.000e-03)
2026-01-15 22:35:41,341 - INFO: Epoch: [13][500/582]	Time  0.029 ( 0.032)	Loss 4.0258e-02 (1.2455e-01)	Acc pseudo  98.44 ( 94.95)	Lr 1.000e-03 (1.000e-03)
2026-01-15 22:35:46,031 - INFO: Epoch: [13][550/582]	Time  0.029 ( 0.033)	Loss 9.6532e-02 (1.2597e-01)	Acc pseudo  96.88 ( 94.87)	Lr 1.000e-03 (1.000e-03)
2026-01-15 22:35:49,023 - INFO: Round 4, Face Fine-tune Epoch 13: loss=0.1265, acc(pseudo)=94.84%
2026-01-15 22:36:47,004 - INFO: Round 4, Face Fine-tune Epoch 13: acc(valid_pseudo): 0.9828, acc: 0.8724
2026-01-15 22:36:47,004 - INFO: Round 4, Face Fine-tune Epoch 13: No improvement. Patience(epoch): 1/3
2026-01-15 22:36:47,584 - INFO: Epoch: [14][  0/582]	Time  0.527 ( 0.527)	Loss 6.4330e-02 (6.4330e-02)	Acc pseudo  95.31 ( 95.31)	Lr 1.000e-03 (1.000e-03)
2026-01-15 22:36:52,270 - INFO: Epoch: [14][ 50/582]	Time  0.028 ( 0.041)	Loss 7.8187e-02 (1.2010e-01)	Acc pseudo  96.88 ( 95.13)	Lr 1.000e-03 (1.000e-03)
2026-01-15 22:36:56,947 - INFO: Epoch: [14][100/582]	Time  0.039 ( 0.035)	Loss 1.3754e-01 (1.2032e-01)	Acc pseudo  93.75 ( 95.13)	Lr 1.000e-03 (1.000e-03)
2026-01-15 22:37:01,835 - INFO: Epoch: [14][150/582]	Time  0.029 ( 0.035)	Loss 1.7353e-01 (1.2470e-01)	Acc pseudo  92.19 ( 94.83)	Lr 1.000e-03 (1.000e-03)
2026-01-15 22:37:06,627 - INFO: Epoch: [14][200/582]	Time  0.029 ( 0.034)	Loss 2.4215e-01 (1.2663e-01)	Acc pseudo  90.62 ( 94.77)	Lr 1.000e-03 (1.000e-03)
2026-01-15 22:37:11,301 - INFO: Epoch: [14][250/582]	Time  0.027 ( 0.033)	Loss 1.0737e-01 (1.3035e-01)	Acc pseudo  93.75 ( 94.67)	Lr 1.000e-03 (1.000e-03)
2026-01-15 22:37:15,978 - INFO: Epoch: [14][300/582]	Time  0.029 ( 0.032)	Loss 7.5067e-02 (1.3011e-01)	Acc pseudo  96.88 ( 94.80)	Lr 1.000e-03 (1.000e-03)
2026-01-15 22:37:20,662 - INFO: Epoch: [14][350/582]	Time  0.054 ( 0.032)	Loss 1.1222e-01 (1.2932e-01)	Acc pseudo  95.31 ( 94.81)	Lr 1.000e-03 (1.000e-03)
2026-01-15 22:37:25,343 - INFO: Epoch: [14][400/582]	Time  0.028 ( 0.032)	Loss 2.8693e-01 (1.3248e-01)	Acc pseudo  89.06 ( 94.68)	Lr 1.000e-03 (1.000e-03)
2026-01-15 22:37:30,031 - INFO: Epoch: [14][450/582]	Time  0.030 ( 0.032)	Loss 1.2013e-01 (1.3251e-01)	Acc pseudo  92.19 ( 94.61)	Lr 1.000e-03 (1.000e-03)
2026-01-15 22:37:34,711 - INFO: Epoch: [14][500/582]	Time  0.029 ( 0.032)	Loss 9.2999e-02 (1.3227e-01)	Acc pseudo  95.31 ( 94.59)	Lr 1.000e-03 (1.000e-03)
2026-01-15 22:37:39,394 - INFO: Epoch: [14][550/582]	Time  0.028 ( 0.031)	Loss 1.6244e-01 (1.3310e-01)	Acc pseudo  93.75 ( 94.56)	Lr 1.000e-03 (1.000e-03)
2026-01-15 22:37:42,397 - INFO: Round 4, Face Fine-tune Epoch 14: loss=0.1339, acc(pseudo)=94.60%
2026-01-15 22:38:42,375 - INFO: Round 4, Face Fine-tune Epoch 14: acc(valid_pseudo): 0.9841, acc: 0.8744
2026-01-15 22:38:42,375 - INFO: Round 4, Face Fine-tune Epoch 14: No improvement. Patience(epoch): 2/3
2026-01-15 22:38:42,947 - INFO: Epoch: [15][  0/582]	Time  0.519 ( 0.519)	Loss 1.3003e-01 (1.3003e-01)	Acc pseudo  90.62 ( 90.62)	Lr 1.000e-03 (1.000e-03)
2026-01-15 22:38:47,633 - INFO: Epoch: [15][ 50/582]	Time  0.028 ( 0.041)	Loss 3.2982e-01 (1.1997e-01)	Acc pseudo  85.94 ( 94.88)	Lr 1.000e-03 (1.000e-03)
2026-01-15 22:38:52,308 - INFO: Epoch: [15][100/582]	Time  0.029 ( 0.035)	Loss 1.0398e-01 (1.2113e-01)	Acc pseudo  93.75 ( 94.80)	Lr 1.000e-03 (1.000e-03)
2026-01-15 22:38:56,987 - INFO: Epoch: [15][150/582]	Time  0.028 ( 0.033)	Loss 5.7903e-02 (1.2179e-01)	Acc pseudo  96.88 ( 94.78)	Lr 1.000e-03 (1.000e-03)
2026-01-15 22:39:01,670 - INFO: Epoch: [15][200/582]	Time  0.028 ( 0.032)	Loss 2.4937e-01 (1.1931e-01)	Acc pseudo  89.06 ( 94.85)	Lr 1.000e-03 (1.000e-03)
2026-01-15 22:39:06,357 - INFO: Epoch: [15][250/582]	Time  0.041 ( 0.032)	Loss 1.5769e-01 (1.2279e-01)	Acc pseudo  96.88 ( 94.76)	Lr 1.000e-03 (1.000e-03)
2026-01-15 22:39:11,053 - INFO: Epoch: [15][300/582]	Time  0.040 ( 0.034)	Loss 6.2861e-02 (1.2302e-01)	Acc pseudo  95.31 ( 94.83)	Lr 1.000e-03 (1.000e-03)
2026-01-15 22:39:15,750 - INFO: Epoch: [15][350/582]	Time  0.049 ( 0.035)	Loss 1.6978e-01 (1.2268e-01)	Acc pseudo  93.75 ( 94.84)	Lr 1.000e-03 (1.000e-03)
2026-01-15 22:39:20,442 - INFO: Epoch: [15][400/582]	Time  0.039 ( 0.035)	Loss 1.7466e-01 (1.2445e-01)	Acc pseudo  87.50 ( 94.75)	Lr 1.000e-03 (1.000e-03)
2026-01-15 22:39:25,130 - INFO: Epoch: [15][450/582]	Time  0.040 ( 0.036)	Loss 3.3051e-01 (1.2750e-01)	Acc pseudo  85.94 ( 94.68)	Lr 1.000e-03 (1.000e-03)
2026-01-15 22:39:29,818 - INFO: Epoch: [15][500/582]	Time  0.045 ( 0.036)	Loss 1.3285e-01 (1.2803e-01)	Acc pseudo  90.62 ( 94.65)	Lr 1.000e-03 (1.000e-03)
2026-01-15 22:39:34,506 - INFO: Epoch: [15][550/582]	Time  0.045 ( 0.037)	Loss 8.9098e-02 (1.2839e-01)	Acc pseudo  95.31 ( 94.65)	Lr 1.000e-03 (1.000e-03)
2026-01-15 22:39:37,535 - INFO: Round 4, Face Fine-tune Epoch 15: loss=0.1297, acc(pseudo)=94.61%
2026-01-15 22:40:37,649 - INFO: Round 4, Face Fine-tune Epoch 15: acc(valid_pseudo): 0.9829, acc: 0.8715
2026-01-15 22:40:37,650 - INFO: Round 4, Face Fine-tune Epoch 15: No improvement. Patience(epoch): 3/3
2026-01-15 22:40:37,650 - INFO: Early stopping at face epoch 15
2026-01-15 22:40:37,651 - INFO: Round 4: Best face fine-tuned epoch=12, acc(valid_pseudo)=0.9841
2026-01-15 22:40:37,779 - INFO: Using HMM model from previous round: runs/I love my family/exp_video/result/self_supervised/exp0/round3/pseudo_label/hmm_params.pkl
2026-01-16 00:03:59,986 - INFO: Round 4: speaker_acc=0.8680
2026-01-16 00:03:59,992 - INFO: Round 4: face_acc=0.8773
2026-01-16 00:03:59,996 - INFO: ====================
2026-01-16 00:03:59,996 - INFO: Round 5: Fine-tuning iteration
2026-01-16 00:03:59,996 - INFO: ====================
2026-01-16 00:04:00,044 - INFO: Round 5 Part 1: Fine-tuning embedding model
2026-01-16 00:04:00,045 - INFO: Using pseudo-label file: runs/I love my family/exp_video/result/self_supervised/exp0/round4/pseudo_label/pseudo_labels_audio_nested_hmm_full(unreliable_pp=100.0).json
2026-01-16 00:04:00,073 - INFO: For training, Using face pseudo-label file: runs/I love my family/exp_video/result/self_supervised/exp0/round4/pseudo_label/pseudo_labels_faces_mid_frame_train_nested_hmm_full.json
2026-01-16 00:04:00,073 - INFO: For infering, Using face pseudo-label file: runs/I love my family/exp_video/result/self_supervised/exp0/round4/pseudo_label/pseudo_labels_faces_mid_frame_all_nested_hmm_full.json
2026-01-16 00:04:00,224 - INFO: Created face dataloader with 37219 samples
2026-01-16 00:04:00,237 - INFO: Fine-tuning speaker embedding model for 20 epochs...
2026-01-16 00:04:00,525 - INFO: Epoch: [0][  0/301]	Time  0.283 ( 0.283)	Loss 3.3622e-01 (3.3622e-01)	Acc pseudo  90.62 ( 90.62)	Lr 1.000e-03 (1.000e-03)
2026-01-16 00:04:00,701 - INFO: Epoch: [0][ 50/301]	Time  0.003 ( 0.009)	Loss 5.7842e-01 (4.0970e-01)	Acc pseudo  85.94 ( 87.84)	Lr 1.000e-03 (1.000e-03)
2026-01-16 00:04:00,857 - INFO: Epoch: [0][100/301]	Time  0.003 ( 0.006)	Loss 2.0263e-01 (3.9012e-01)	Acc pseudo  95.31 ( 87.96)	Lr 1.000e-03 (1.000e-03)
2026-01-16 00:04:01,005 - INFO: Epoch: [0][150/301]	Time  0.003 ( 0.005)	Loss 3.3455e-01 (4.0431e-01)	Acc pseudo  84.38 ( 87.61)	Lr 1.000e-03 (1.000e-03)
2026-01-16 00:04:01,159 - INFO: Epoch: [0][200/301]	Time  0.003 ( 0.004)	Loss 4.1173e-01 (4.1020e-01)	Acc pseudo  89.06 ( 87.38)	Lr 1.000e-03 (1.000e-03)
2026-01-16 00:04:01,325 - INFO: Epoch: [0][250/301]	Time  0.003 ( 0.004)	Loss 2.3075e-01 (4.1304e-01)	Acc pseudo  92.19 ( 87.24)	Lr 1.000e-03 (1.000e-03)
2026-01-16 00:04:01,499 - INFO: Epoch: [0][300/301]	Time  0.003 ( 0.004)	Loss 1.9233e-01 (4.1059e-01)	Acc pseudo  92.00 ( 87.29)	Lr 1.000e-03 (1.000e-03)
2026-01-16 00:04:01,622 - INFO: Round 5, Fine-tune Epoch 0: loss=0.4106, acc(pseudo)=87.29%
2026-01-16 00:04:09,571 - INFO: Round 5, Fine-tune Epoch 0: acc(valid_pseudo): 0.9641, acc: 0.8620
2026-01-16 00:04:10,374 - INFO: Epoch: [1][  0/301]	Time  0.253 ( 0.253)	Loss 3.8347e-01 (3.8347e-01)	Acc pseudo  82.81 ( 82.81)	Lr 1.000e-03 (1.000e-03)
2026-01-16 00:04:10,684 - INFO: Epoch: [1][ 50/301]	Time  0.010 ( 0.011)	Loss 2.3450e-01 (3.5380e-01)	Acc pseudo  90.62 ( 88.79)	Lr 1.000e-03 (1.000e-03)
2026-01-16 00:04:10,860 - INFO: Epoch: [1][100/301]	Time  0.003 ( 0.007)	Loss 2.4524e-01 (3.5932e-01)	Acc pseudo  95.31 ( 89.06)	Lr 1.000e-03 (1.000e-03)
2026-01-16 00:04:11,020 - INFO: Epoch: [1][150/301]	Time  0.003 ( 0.006)	Loss 3.2388e-01 (3.5910e-01)	Acc pseudo  89.06 ( 88.96)	Lr 1.000e-03 (1.000e-03)
2026-01-16 00:04:11,180 - INFO: Epoch: [1][200/301]	Time  0.003 ( 0.005)	Loss 3.1774e-01 (3.6449e-01)	Acc pseudo  89.06 ( 88.81)	Lr 1.000e-03 (1.000e-03)
2026-01-16 00:04:11,359 - INFO: Epoch: [1][250/301]	Time  0.004 ( 0.005)	Loss 3.0899e-01 (3.6738e-01)	Acc pseudo  90.62 ( 88.66)	Lr 1.000e-03 (1.000e-03)
2026-01-16 00:04:11,545 - INFO: Epoch: [1][300/301]	Time  0.003 ( 0.005)	Loss 2.9927e-01 (3.6683e-01)	Acc pseudo  96.00 ( 88.62)	Lr 1.000e-03 (1.000e-03)
2026-01-16 00:04:11,656 - INFO: Round 5, Fine-tune Epoch 1: loss=0.3668, acc(pseudo)=88.62%
2026-01-16 00:04:19,530 - INFO: Round 5, Fine-tune Epoch 1: acc(valid_pseudo): 0.9560, acc: 0.8460
2026-01-16 00:04:19,530 - INFO: Round 5, Speaker Fine-tune Epoch 1: No improvement in validation accuracy. Patience(epoch): 1/3
2026-01-16 00:04:19,794 - INFO: Epoch: [2][  0/301]	Time  0.259 ( 0.259)	Loss 2.2599e-01 (2.2599e-01)	Acc pseudo  89.06 ( 89.06)	Lr 1.000e-03 (1.000e-03)
2026-01-16 00:04:20,027 - INFO: Epoch: [2][ 50/301]	Time  0.007 ( 0.010)	Loss 5.3903e-01 (3.6495e-01)	Acc pseudo  90.62 ( 88.20)	Lr 1.000e-03 (1.000e-03)
2026-01-16 00:04:20,323 - INFO: Epoch: [2][100/301]	Time  0.003 ( 0.008)	Loss 7.7878e-01 (3.5000e-01)	Acc pseudo  82.81 ( 88.83)	Lr 1.000e-03 (1.000e-03)
2026-01-16 00:04:20,492 - INFO: Epoch: [2][150/301]	Time  0.003 ( 0.006)	Loss 1.9525e-01 (3.4550e-01)	Acc pseudo  93.75 ( 89.00)	Lr 1.000e-03 (1.000e-03)
2026-01-16 00:04:20,645 - INFO: Epoch: [2][200/301]	Time  0.003 ( 0.005)	Loss 3.8735e-01 (3.4635e-01)	Acc pseudo  93.75 ( 89.10)	Lr 1.000e-03 (1.000e-03)
2026-01-16 00:04:20,808 - INFO: Epoch: [2][250/301]	Time  0.003 ( 0.005)	Loss 2.6408e-01 (3.5142e-01)	Acc pseudo  90.62 ( 88.88)	Lr 1.000e-03 (1.000e-03)
2026-01-16 00:04:21,000 - INFO: Epoch: [2][300/301]	Time  0.002 ( 0.005)	Loss 1.5411e-01 (3.5196e-01)	Acc pseudo 100.00 ( 88.82)	Lr 1.000e-03 (1.000e-03)
2026-01-16 00:04:21,101 - INFO: Round 5, Fine-tune Epoch 2: loss=0.3520, acc(pseudo)=88.82%
2026-01-16 00:04:29,038 - INFO: Round 5, Fine-tune Epoch 2: acc(valid_pseudo): 0.9711, acc: 0.8545
2026-01-16 00:04:29,822 - INFO: Epoch: [3][  0/301]	Time  0.253 ( 0.253)	Loss 3.8869e-01 (3.8869e-01)	Acc pseudo  79.69 ( 79.69)	Lr 1.000e-03 (1.000e-03)
2026-01-16 00:04:30,041 - INFO: Epoch: [3][ 50/301]	Time  0.004 ( 0.009)	Loss 2.4688e-01 (3.4533e-01)	Acc pseudo  89.06 ( 88.54)	Lr 1.000e-03 (1.000e-03)
2026-01-16 00:04:30,210 - INFO: Epoch: [3][100/301]	Time  0.003 ( 0.006)	Loss 2.4257e-01 (3.4844e-01)	Acc pseudo  93.75 ( 88.44)	Lr 1.000e-03 (1.000e-03)
2026-01-16 00:04:30,369 - INFO: Epoch: [3][150/301]	Time  0.003 ( 0.005)	Loss 2.8917e-01 (3.5242e-01)	Acc pseudo  87.50 ( 88.34)	Lr 1.000e-03 (1.000e-03)
2026-01-16 00:04:30,528 - INFO: Epoch: [3][200/301]	Time  0.003 ( 0.005)	Loss 1.9481e-01 (3.4748e-01)	Acc pseudo  92.19 ( 88.59)	Lr 1.000e-03 (1.000e-03)
2026-01-16 00:04:30,691 - INFO: Epoch: [3][250/301]	Time  0.003 ( 0.004)	Loss 2.6049e-01 (3.4267e-01)	Acc pseudo  87.50 ( 88.61)	Lr 1.000e-03 (1.000e-03)
2026-01-16 00:04:30,842 - INFO: Epoch: [3][300/301]	Time  0.002 ( 0.004)	Loss 2.8132e-01 (3.4215e-01)	Acc pseudo  92.00 ( 88.63)	Lr 1.000e-03 (1.000e-03)
2026-01-16 00:04:30,986 - INFO: Round 5, Fine-tune Epoch 3: loss=0.3422, acc(pseudo)=88.63%
2026-01-16 00:04:39,401 - INFO: Round 5, Fine-tune Epoch 3: acc(valid_pseudo): 0.9568, acc: 0.8450
2026-01-16 00:04:39,402 - INFO: Round 5, Speaker Fine-tune Epoch 3: No improvement in validation accuracy. Patience(epoch): 1/3
2026-01-16 00:04:39,656 - INFO: Epoch: [4][  0/301]	Time  0.249 ( 0.249)	Loss 4.1906e-01 (4.1906e-01)	Acc pseudo  90.62 ( 90.62)	Lr 1.000e-03 (1.000e-03)
2026-01-16 00:04:39,836 - INFO: Epoch: [4][ 50/301]	Time  0.004 ( 0.008)	Loss 3.0535e-01 (3.2005e-01)	Acc pseudo  90.62 ( 89.25)	Lr 1.000e-03 (1.000e-03)
2026-01-16 00:04:39,993 - INFO: Epoch: [4][100/301]	Time  0.003 ( 0.006)	Loss 3.4037e-01 (3.3618e-01)	Acc pseudo  87.50 ( 89.03)	Lr 1.000e-03 (1.000e-03)
2026-01-16 00:04:40,178 - INFO: Epoch: [4][150/301]	Time  0.003 ( 0.005)	Loss 2.7734e-01 (3.4639e-01)	Acc pseudo  85.94 ( 88.96)	Lr 1.000e-03 (1.000e-03)
2026-01-16 00:04:40,332 - INFO: Epoch: [4][200/301]	Time  0.003 ( 0.005)	Loss 3.4569e-01 (3.4268e-01)	Acc pseudo  85.94 ( 88.81)	Lr 1.000e-03 (1.000e-03)
2026-01-16 00:04:40,505 - INFO: Epoch: [4][250/301]	Time  0.003 ( 0.004)	Loss 3.0944e-01 (3.4333e-01)	Acc pseudo  90.62 ( 88.75)	Lr 1.000e-03 (1.000e-03)
2026-01-16 00:04:40,645 - INFO: Epoch: [4][300/301]	Time  0.002 ( 0.004)	Loss 4.1688e-01 (3.4554e-01)	Acc pseudo  84.00 ( 88.79)	Lr 1.000e-03 (1.000e-03)
2026-01-16 00:04:40,711 - INFO: Round 5, Fine-tune Epoch 4: loss=0.3455, acc(pseudo)=88.79%
2026-01-16 00:04:48,964 - INFO: Round 5, Fine-tune Epoch 4: acc(valid_pseudo): 0.9700, acc: 0.8575
2026-01-16 00:04:48,965 - INFO: Round 5, Speaker Fine-tune Epoch 4: No improvement in validation accuracy. Patience(epoch): 2/3
2026-01-16 00:04:49,212 - INFO: Epoch: [5][  0/301]	Time  0.242 ( 0.242)	Loss 3.8727e-01 (3.8727e-01)	Acc pseudo  85.94 ( 85.94)	Lr 1.000e-03 (1.000e-03)
2026-01-16 00:04:49,427 - INFO: Epoch: [5][ 50/301]	Time  0.003 ( 0.009)	Loss 4.6336e-01 (3.0977e-01)	Acc pseudo  87.50 ( 89.15)	Lr 1.000e-03 (1.000e-03)
2026-01-16 00:04:49,588 - INFO: Epoch: [5][100/301]	Time  0.003 ( 0.006)	Loss 2.7702e-01 (3.1103e-01)	Acc pseudo  87.50 ( 89.37)	Lr 1.000e-03 (1.000e-03)
2026-01-16 00:04:49,739 - INFO: Epoch: [5][150/301]	Time  0.003 ( 0.005)	Loss 2.5185e-01 (3.1828e-01)	Acc pseudo  89.06 ( 89.19)	Lr 1.000e-03 (1.000e-03)
2026-01-16 00:04:49,892 - INFO: Epoch: [5][200/301]	Time  0.003 ( 0.005)	Loss 4.2393e-01 (3.2372e-01)	Acc pseudo  89.06 ( 89.02)	Lr 1.000e-03 (1.000e-03)
2026-01-16 00:04:50,043 - INFO: Epoch: [5][250/301]	Time  0.003 ( 0.004)	Loss 3.5908e-01 (3.2657e-01)	Acc pseudo  82.81 ( 88.99)	Lr 1.000e-03 (1.000e-03)
2026-01-16 00:04:50,188 - INFO: Epoch: [5][300/301]	Time  0.002 ( 0.004)	Loss 6.0275e-01 (3.3803e-01)	Acc pseudo  84.00 ( 88.71)	Lr 1.000e-03 (1.000e-03)
2026-01-16 00:04:50,258 - INFO: Round 5, Fine-tune Epoch 5: loss=0.3380, acc(pseudo)=88.71%
2026-01-16 00:04:59,049 - INFO: Round 5, Fine-tune Epoch 5: acc(valid_pseudo): 0.9659, acc: 0.8500
2026-01-16 00:04:59,050 - INFO: Round 5, Speaker Fine-tune Epoch 5: No improvement in validation accuracy. Patience(epoch): 3/3
2026-01-16 00:04:59,050 - INFO: Early stopping at epoch 5 due to no improvement in validation accuracy for 3 epochs.
2026-01-16 00:04:59,051 - INFO: Round 5: Best speaker fine-tuned epoch=2, acc(valid_pseudo)=0.9711
2026-01-16 00:04:59,055 - INFO: Fine-tuning face embedding model for 20 epochs...
2026-01-16 00:04:59,946 - INFO: Epoch: [0][  0/582]	Time  0.829 ( 0.829)	Loss 1.6186e-02 (1.6186e-02)	Acc pseudo  98.44 ( 98.44)	Lr 1.000e-03 (1.000e-03)
2026-01-16 00:05:05,367 - INFO: Epoch: [0][ 50/582]	Time  0.029 ( 0.062)	Loss 5.6727e-02 (1.0335e-01)	Acc pseudo  96.88 ( 96.02)	Lr 1.000e-03 (1.000e-03)
2026-01-16 00:05:10,186 - INFO: Epoch: [0][100/582]	Time  0.028 ( 0.048)	Loss 2.8932e-01 (1.3016e-01)	Acc pseudo  85.94 ( 95.39)	Lr 1.000e-03 (1.000e-03)
2026-01-16 00:05:14,833 - INFO: Epoch: [0][150/582]	Time  0.040 ( 0.044)	Loss 2.0402e-01 (1.3906e-01)	Acc pseudo  98.44 ( 95.36)	Lr 1.000e-03 (1.000e-03)
2026-01-16 00:05:19,478 - INFO: Epoch: [0][200/582]	Time  0.028 ( 0.041)	Loss 9.1166e-02 (1.3760e-01)	Acc pseudo  96.88 ( 95.28)	Lr 1.000e-03 (1.000e-03)
2026-01-16 00:05:24,124 - INFO: Epoch: [0][250/582]	Time  0.033 ( 0.038)	Loss 1.6687e-01 (1.4041e-01)	Acc pseudo  90.62 ( 95.00)	Lr 1.000e-03 (1.000e-03)
2026-01-16 00:05:28,770 - INFO: Epoch: [0][300/582]	Time  0.030 ( 0.037)	Loss 6.4097e-02 (1.4087e-01)	Acc pseudo  98.44 ( 95.01)	Lr 1.000e-03 (1.000e-03)
2026-01-16 00:05:33,420 - INFO: Epoch: [0][350/582]	Time  0.042 ( 0.036)	Loss 2.7162e-02 (1.4815e-01)	Acc pseudo  98.44 ( 94.91)	Lr 1.000e-03 (1.000e-03)
2026-01-16 00:05:38,852 - INFO: Epoch: [0][400/582]	Time  0.037 ( 0.037)	Loss 4.0815e-01 (1.5896e-01)	Acc pseudo  92.19 ( 94.82)	Lr 1.000e-03 (1.000e-03)
2026-01-16 00:05:44,478 - INFO: Epoch: [0][450/582]	Time  0.029 ( 0.038)	Loss 6.8962e-02 (1.5843e-01)	Acc pseudo  96.88 ( 94.76)	Lr 1.000e-03 (1.000e-03)
2026-01-16 00:05:49,502 - INFO: Epoch: [0][500/582]	Time  0.036 ( 0.038)	Loss 2.6309e-01 (1.6494e-01)	Acc pseudo  85.94 ( 94.58)	Lr 1.000e-03 (1.000e-03)
2026-01-16 00:05:54,170 - INFO: Epoch: [0][550/582]	Time  0.030 ( 0.038)	Loss 1.4167e-01 (1.6348e-01)	Acc pseudo  93.75 ( 94.60)	Lr 1.000e-03 (1.000e-03)
2026-01-16 00:05:57,152 - INFO: Round 5, Face Fine-tune Epoch 0: loss=0.1634, acc(pseudo)=94.58%
2026-01-16 00:06:55,801 - INFO: Round 5, Face Fine-tune Epoch 0: acc(valid_pseudo): 0.9798, acc: 0.8744
2026-01-16 00:06:58,346 - INFO: Epoch: [1][  0/582]	Time  0.501 ( 0.501)	Loss 1.6937e-01 (1.6937e-01)	Acc pseudo  93.75 ( 93.75)	Lr 1.000e-03 (1.000e-03)
2026-01-16 00:07:03,013 - INFO: Epoch: [1][ 50/582]	Time  0.034 ( 0.040)	Loss 6.4324e-02 (1.4304e-01)	Acc pseudo  95.31 ( 94.36)	Lr 1.000e-03 (1.000e-03)
2026-01-16 00:07:07,680 - INFO: Epoch: [1][100/582]	Time  0.030 ( 0.035)	Loss 1.0424e-01 (1.5015e-01)	Acc pseudo  95.31 ( 94.23)	Lr 1.000e-03 (1.000e-03)
2026-01-16 00:07:12,410 - INFO: Epoch: [1][150/582]	Time  0.032 ( 0.034)	Loss 5.7934e-02 (1.4903e-01)	Acc pseudo  98.44 ( 94.24)	Lr 1.000e-03 (1.000e-03)
2026-01-16 00:07:17,134 - INFO: Epoch: [1][200/582]	Time  0.028 ( 0.034)	Loss 1.7835e-01 (1.4436e-01)	Acc pseudo  95.31 ( 94.48)	Lr 1.000e-03 (1.000e-03)
2026-01-16 00:07:21,813 - INFO: Epoch: [1][250/582]	Time  0.028 ( 0.033)	Loss 2.4229e-01 (1.4596e-01)	Acc pseudo  93.75 ( 94.44)	Lr 1.000e-03 (1.000e-03)
2026-01-16 00:07:26,485 - INFO: Epoch: [1][300/582]	Time  0.028 ( 0.032)	Loss 1.8935e-01 (1.4419e-01)	Acc pseudo  92.19 ( 94.58)	Lr 1.000e-03 (1.000e-03)
2026-01-16 00:07:31,162 - INFO: Epoch: [1][350/582]	Time  0.028 ( 0.032)	Loss 1.2639e-01 (1.4421e-01)	Acc pseudo  93.75 ( 94.70)	Lr 1.000e-03 (1.000e-03)
2026-01-16 00:07:35,837 - INFO: Epoch: [1][400/582]	Time  0.030 ( 0.032)	Loss 1.4214e-01 (1.4210e-01)	Acc pseudo  95.31 ( 94.72)	Lr 1.000e-03 (1.000e-03)
2026-01-16 00:07:40,519 - INFO: Epoch: [1][450/582]	Time  0.037 ( 0.032)	Loss 3.5739e-01 (1.4434e-01)	Acc pseudo  89.06 ( 94.66)	Lr 1.000e-03 (1.000e-03)
2026-01-16 00:07:45,202 - INFO: Epoch: [1][500/582]	Time  0.028 ( 0.033)	Loss 2.2983e-01 (1.4668e-01)	Acc pseudo  95.31 ( 94.57)	Lr 1.000e-03 (1.000e-03)
2026-01-16 00:07:49,884 - INFO: Epoch: [1][550/582]	Time  0.029 ( 0.033)	Loss 1.1850e-01 (1.4686e-01)	Acc pseudo  93.75 ( 94.58)	Lr 1.000e-03 (1.000e-03)
2026-01-16 00:07:52,866 - INFO: Round 5, Face Fine-tune Epoch 1: loss=0.1462, acc(pseudo)=94.59%
2026-01-16 00:08:55,316 - INFO: Round 5, Face Fine-tune Epoch 1: acc(valid_pseudo): 0.9807, acc: 0.8744
2026-01-16 00:08:57,810 - INFO: Epoch: [2][  0/582]	Time  0.517 ( 0.517)	Loss 8.2845e-02 (8.2845e-02)	Acc pseudo  93.75 ( 93.75)	Lr 1.000e-03 (1.000e-03)
2026-01-16 00:09:02,477 - INFO: Epoch: [2][ 50/582]	Time  0.031 ( 0.041)	Loss 1.2100e-01 (1.2175e-01)	Acc pseudo  92.19 ( 94.76)	Lr 1.000e-03 (1.000e-03)
2026-01-16 00:09:07,143 - INFO: Epoch: [2][100/582]	Time  0.029 ( 0.036)	Loss 1.7264e-01 (1.3857e-01)	Acc pseudo  89.06 ( 94.34)	Lr 1.000e-03 (1.000e-03)
2026-01-16 00:09:11,812 - INFO: Epoch: [2][150/582]	Time  0.029 ( 0.034)	Loss 7.5867e-02 (1.4450e-01)	Acc pseudo  93.75 ( 94.32)	Lr 1.000e-03 (1.000e-03)
2026-01-16 00:09:16,483 - INFO: Epoch: [2][200/582]	Time  0.028 ( 0.033)	Loss 2.2951e-01 (1.4052e-01)	Acc pseudo  92.19 ( 94.36)	Lr 1.000e-03 (1.000e-03)
2026-01-16 00:09:21,155 - INFO: Epoch: [2][250/582]	Time  0.028 ( 0.032)	Loss 8.5735e-02 (1.3668e-01)	Acc pseudo  95.31 ( 94.56)	Lr 1.000e-03 (1.000e-03)
2026-01-16 00:09:25,824 - INFO: Epoch: [2][300/582]	Time  0.029 ( 0.032)	Loss 1.0307e-01 (1.3981e-01)	Acc pseudo  95.31 ( 94.47)	Lr 1.000e-03 (1.000e-03)
2026-01-16 00:09:30,498 - INFO: Epoch: [2][350/582]	Time  0.030 ( 0.031)	Loss 1.4410e-01 (1.3828e-01)	Acc pseudo  96.88 ( 94.55)	Lr 1.000e-03 (1.000e-03)
2026-01-16 00:09:35,175 - INFO: Epoch: [2][400/582]	Time  0.041 ( 0.032)	Loss 1.4090e-01 (1.3571e-01)	Acc pseudo  95.31 ( 94.58)	Lr 1.000e-03 (1.000e-03)
2026-01-16 00:09:39,848 - INFO: Epoch: [2][450/582]	Time  0.028 ( 0.032)	Loss 1.4030e-01 (1.3638e-01)	Acc pseudo  96.88 ( 94.60)	Lr 1.000e-03 (1.000e-03)
2026-01-16 00:09:44,518 - INFO: Epoch: [2][500/582]	Time  0.028 ( 0.032)	Loss 6.7215e-02 (1.3708e-01)	Acc pseudo  98.44 ( 94.65)	Lr 1.000e-03 (1.000e-03)
2026-01-16 00:09:49,189 - INFO: Epoch: [2][550/582]	Time  0.028 ( 0.031)	Loss 2.2694e-01 (1.3664e-01)	Acc pseudo  92.19 ( 94.64)	Lr 1.000e-03 (1.000e-03)
2026-01-16 00:09:52,168 - INFO: Round 5, Face Fine-tune Epoch 2: loss=0.1379, acc(pseudo)=94.63%
2026-01-16 00:10:50,998 - INFO: Round 5, Face Fine-tune Epoch 2: acc(valid_pseudo): 0.9813, acc: 0.8705
2026-01-16 00:10:53,701 - INFO: Epoch: [3][  0/582]	Time  0.560 ( 0.560)	Loss 8.8729e-02 (8.8729e-02)	Acc pseudo  95.31 ( 95.31)	Lr 1.000e-03 (1.000e-03)
2026-01-16 00:10:58,377 - INFO: Epoch: [3][ 50/582]	Time  0.038 ( 0.042)	Loss 6.8141e-02 (1.2006e-01)	Acc pseudo  96.88 ( 95.28)	Lr 1.000e-03 (1.000e-03)
2026-01-16 00:11:03,044 - INFO: Epoch: [3][100/582]	Time  0.029 ( 0.037)	Loss 1.3743e-01 (1.1719e-01)	Acc pseudo  93.75 ( 95.41)	Lr 1.000e-03 (1.000e-03)
2026-01-16 00:11:07,751 - INFO: Epoch: [3][150/582]	Time  0.029 ( 0.035)	Loss 1.2457e-01 (1.1861e-01)	Acc pseudo  96.88 ( 95.22)	Lr 1.000e-03 (1.000e-03)
2026-01-16 00:11:12,423 - INFO: Epoch: [3][200/582]	Time  0.029 ( 0.034)	Loss 2.0619e-01 (1.2545e-01)	Acc pseudo  93.75 ( 95.17)	Lr 1.000e-03 (1.000e-03)
2026-01-16 00:11:17,095 - INFO: Epoch: [3][250/582]	Time  0.040 ( 0.033)	Loss 1.4795e-01 (1.2661e-01)	Acc pseudo  96.88 ( 95.21)	Lr 1.000e-03 (1.000e-03)
2026-01-16 00:11:21,776 - INFO: Epoch: [3][300/582]	Time  0.029 ( 0.034)	Loss 8.3469e-02 (1.2638e-01)	Acc pseudo  93.75 ( 95.14)	Lr 1.000e-03 (1.000e-03)
2026-01-16 00:11:26,451 - INFO: Epoch: [3][350/582]	Time  0.030 ( 0.033)	Loss 2.0127e-01 (1.2666e-01)	Acc pseudo  92.19 ( 95.10)	Lr 1.000e-03 (1.000e-03)
2026-01-16 00:11:31,130 - INFO: Epoch: [3][400/582]	Time  0.029 ( 0.033)	Loss 8.6479e-02 (1.2518e-01)	Acc pseudo  96.88 ( 95.18)	Lr 1.000e-03 (1.000e-03)
2026-01-16 00:11:35,802 - INFO: Epoch: [3][450/582]	Time  0.030 ( 0.033)	Loss 4.9765e-01 (1.2887e-01)	Acc pseudo  95.31 ( 95.06)	Lr 1.000e-03 (1.000e-03)
2026-01-16 00:11:40,472 - INFO: Epoch: [3][500/582]	Time  0.029 ( 0.032)	Loss 7.5173e-02 (1.2855e-01)	Acc pseudo  96.88 ( 95.09)	Lr 1.000e-03 (1.000e-03)
2026-01-16 00:11:45,154 - INFO: Epoch: [3][550/582]	Time  0.031 ( 0.032)	Loss 2.3519e-01 (1.3059e-01)	Acc pseudo  95.31 ( 95.07)	Lr 1.000e-03 (1.000e-03)
2026-01-16 00:11:48,161 - INFO: Round 5, Face Fine-tune Epoch 3: loss=0.1312, acc(pseudo)=95.02%
2026-01-16 00:12:48,333 - INFO: Round 5, Face Fine-tune Epoch 3: acc(valid_pseudo): 0.9828, acc: 0.8705
2026-01-16 00:12:50,854 - INFO: Epoch: [4][  0/582]	Time  0.508 ( 0.508)	Loss 4.8340e-01 (4.8340e-01)	Acc pseudo  92.19 ( 92.19)	Lr 1.000e-03 (1.000e-03)
2026-01-16 00:12:55,529 - INFO: Epoch: [4][ 50/582]	Time  0.030 ( 0.042)	Loss 7.5153e-02 (1.4828e-01)	Acc pseudo  96.88 ( 94.88)	Lr 1.000e-03 (1.000e-03)
2026-01-16 00:13:00,198 - INFO: Epoch: [4][100/582]	Time  0.028 ( 0.036)	Loss 1.8193e-01 (1.3787e-01)	Acc pseudo  93.75 ( 94.76)	Lr 1.000e-03 (1.000e-03)
2026-01-16 00:13:04,867 - INFO: Epoch: [4][150/582]	Time  0.030 ( 0.034)	Loss 1.0982e-01 (1.3833e-01)	Acc pseudo  98.44 ( 94.73)	Lr 1.000e-03 (1.000e-03)
2026-01-16 00:13:09,536 - INFO: Epoch: [4][200/582]	Time  0.029 ( 0.033)	Loss 7.8681e-02 (1.3573e-01)	Acc pseudo  96.88 ( 94.81)	Lr 1.000e-03 (1.000e-03)
2026-01-16 00:13:14,210 - INFO: Epoch: [4][250/582]	Time  0.032 ( 0.033)	Loss 1.3294e-01 (1.3479e-01)	Acc pseudo  92.19 ( 94.83)	Lr 1.000e-03 (1.000e-03)
2026-01-16 00:13:18,886 - INFO: Epoch: [4][300/582]	Time  0.030 ( 0.032)	Loss 1.6955e-01 (1.3250e-01)	Acc pseudo  96.88 ( 94.87)	Lr 1.000e-03 (1.000e-03)
2026-01-16 00:13:23,562 - INFO: Epoch: [4][350/582]	Time  0.028 ( 0.032)	Loss 3.9588e-02 (1.3165e-01)	Acc pseudo  98.44 ( 94.85)	Lr 1.000e-03 (1.000e-03)
2026-01-16 00:13:28,245 - INFO: Epoch: [4][400/582]	Time  0.030 ( 0.032)	Loss 4.3130e-01 (1.3151e-01)	Acc pseudo  90.62 ( 94.81)	Lr 1.000e-03 (1.000e-03)
2026-01-16 00:13:32,920 - INFO: Epoch: [4][450/582]	Time  0.030 ( 0.032)	Loss 4.1690e-02 (1.3088e-01)	Acc pseudo  96.88 ( 94.83)	Lr 1.000e-03 (1.000e-03)
2026-01-16 00:13:37,594 - INFO: Epoch: [4][500/582]	Time  0.030 ( 0.032)	Loss 6.8804e-02 (1.2968e-01)	Acc pseudo 100.00 ( 94.89)	Lr 1.000e-03 (1.000e-03)
2026-01-16 00:13:42,266 - INFO: Epoch: [4][550/582]	Time  0.029 ( 0.032)	Loss 4.9041e-02 (1.2847e-01)	Acc pseudo  98.44 ( 94.86)	Lr 1.000e-03 (1.000e-03)
2026-01-16 00:13:45,289 - INFO: Round 5, Face Fine-tune Epoch 4: loss=0.1273, acc(pseudo)=94.89%
2026-01-16 00:14:44,730 - INFO: Round 5, Face Fine-tune Epoch 4: acc(valid_pseudo): 0.9836, acc: 0.8744
2026-01-16 00:14:47,278 - INFO: Epoch: [5][  0/582]	Time  0.563 ( 0.563)	Loss 9.2947e-02 (9.2947e-02)	Acc pseudo  93.75 ( 93.75)	Lr 1.000e-03 (1.000e-03)
2026-01-16 00:14:51,950 - INFO: Epoch: [5][ 50/582]	Time  0.030 ( 0.044)	Loss 3.6848e-02 (1.2456e-01)	Acc pseudo  98.44 ( 94.79)	Lr 1.000e-03 (1.000e-03)
2026-01-16 00:14:56,616 - INFO: Epoch: [5][100/582]	Time  0.028 ( 0.037)	Loss 7.9023e-02 (1.1658e-01)	Acc pseudo  95.31 ( 95.47)	Lr 1.000e-03 (1.000e-03)
2026-01-16 00:15:01,329 - INFO: Epoch: [5][150/582]	Time  0.028 ( 0.035)	Loss 7.0682e-02 (1.1368e-01)	Acc pseudo  93.75 ( 95.36)	Lr 1.000e-03 (1.000e-03)
2026-01-16 00:15:06,055 - INFO: Epoch: [5][200/582]	Time  0.031 ( 0.034)	Loss 1.5495e-01 (1.0945e-01)	Acc pseudo  95.31 ( 95.46)	Lr 1.000e-03 (1.000e-03)
2026-01-16 00:15:10,729 - INFO: Epoch: [5][250/582]	Time  0.028 ( 0.033)	Loss 4.8431e-01 (1.1383e-01)	Acc pseudo  95.31 ( 95.40)	Lr 1.000e-03 (1.000e-03)
2026-01-16 00:15:15,400 - INFO: Epoch: [5][300/582]	Time  0.028 ( 0.032)	Loss 4.9366e-01 (1.1989e-01)	Acc pseudo  92.19 ( 95.41)	Lr 1.000e-03 (1.000e-03)
2026-01-16 00:15:20,070 - INFO: Epoch: [5][350/582]	Time  0.028 ( 0.032)	Loss 2.9670e-02 (1.1857e-01)	Acc pseudo  96.88 ( 95.32)	Lr 1.000e-03 (1.000e-03)
2026-01-16 00:15:24,750 - INFO: Epoch: [5][400/582]	Time  0.044 ( 0.032)	Loss 4.1439e-01 (1.2025e-01)	Acc pseudo  93.75 ( 95.29)	Lr 1.000e-03 (1.000e-03)
2026-01-16 00:15:29,417 - INFO: Epoch: [5][450/582]	Time  0.034 ( 0.032)	Loss 8.9597e-02 (1.2093e-01)	Acc pseudo  96.88 ( 95.29)	Lr 1.000e-03 (1.000e-03)
2026-01-16 00:15:34,089 - INFO: Epoch: [5][500/582]	Time  0.028 ( 0.032)	Loss 4.4274e-02 (1.2095e-01)	Acc pseudo 100.00 ( 95.26)	Lr 1.000e-03 (1.000e-03)
2026-01-16 00:15:38,760 - INFO: Epoch: [5][550/582]	Time  0.029 ( 0.031)	Loss 1.5116e-01 (1.1888e-01)	Acc pseudo  93.75 ( 95.29)	Lr 1.000e-03 (1.000e-03)
2026-01-16 00:15:41,740 - INFO: Round 5, Face Fine-tune Epoch 5: loss=0.1199, acc(pseudo)=95.25%
2026-01-16 00:16:44,891 - INFO: Round 5, Face Fine-tune Epoch 5: acc(valid_pseudo): 0.9831, acc: 0.8773
2026-01-16 00:16:44,892 - INFO: Round 5, Face Fine-tune Epoch 5: No improvement. Patience(epoch): 1/3
2026-01-16 00:16:45,522 - INFO: Epoch: [6][  0/582]	Time  0.574 ( 0.574)	Loss 4.5803e-02 (4.5803e-02)	Acc pseudo  95.31 ( 95.31)	Lr 1.000e-03 (1.000e-03)
2026-01-16 00:16:50,201 - INFO: Epoch: [6][ 50/582]	Time  0.028 ( 0.044)	Loss 8.4764e-02 (1.0920e-01)	Acc pseudo  95.31 ( 95.77)	Lr 1.000e-03 (1.000e-03)
2026-01-16 00:16:54,878 - INFO: Epoch: [6][100/582]	Time  0.041 ( 0.040)	Loss 2.2913e-01 (1.1444e-01)	Acc pseudo  85.94 ( 95.28)	Lr 1.000e-03 (1.000e-03)
2026-01-16 00:16:59,553 - INFO: Epoch: [6][150/582]	Time  0.029 ( 0.038)	Loss 2.4438e-01 (1.1614e-01)	Acc pseudo  93.75 ( 95.37)	Lr 1.000e-03 (1.000e-03)
2026-01-16 00:17:04,228 - INFO: Epoch: [6][200/582]	Time  0.030 ( 0.036)	Loss 7.7084e-01 (1.2251e-01)	Acc pseudo  89.06 ( 95.16)	Lr 1.000e-03 (1.000e-03)
2026-01-16 00:17:08,902 - INFO: Epoch: [6][250/582]	Time  0.029 ( 0.034)	Loss 9.4000e-02 (1.2172e-01)	Acc pseudo  93.75 ( 95.18)	Lr 1.000e-03 (1.000e-03)
2026-01-16 00:17:13,581 - INFO: Epoch: [6][300/582]	Time  0.049 ( 0.034)	Loss 8.2859e-02 (1.1898e-01)	Acc pseudo  92.19 ( 95.31)	Lr 1.000e-03 (1.000e-03)
2026-01-16 00:17:18,255 - INFO: Epoch: [6][350/582]	Time  0.028 ( 0.033)	Loss 2.0836e-01 (1.2314e-01)	Acc pseudo  87.50 ( 95.22)	Lr 1.000e-03 (1.000e-03)
2026-01-16 00:17:22,934 - INFO: Epoch: [6][400/582]	Time  0.032 ( 0.033)	Loss 9.7811e-02 (1.2390e-01)	Acc pseudo  93.75 ( 95.16)	Lr 1.000e-03 (1.000e-03)
2026-01-16 00:17:27,619 - INFO: Epoch: [6][450/582]	Time  0.031 ( 0.033)	Loss 1.7619e-01 (1.2355e-01)	Acc pseudo  93.75 ( 95.12)	Lr 1.000e-03 (1.000e-03)
2026-01-16 00:17:32,302 - INFO: Epoch: [6][500/582]	Time  0.030 ( 0.032)	Loss 2.0191e-01 (1.2352e-01)	Acc pseudo  93.75 ( 95.10)	Lr 1.000e-03 (1.000e-03)
2026-01-16 00:17:36,985 - INFO: Epoch: [6][550/582]	Time  0.028 ( 0.032)	Loss 1.2978e-01 (1.2153e-01)	Acc pseudo  93.75 ( 95.17)	Lr 1.000e-03 (1.000e-03)
2026-01-16 00:17:39,976 - INFO: Round 5, Face Fine-tune Epoch 6: loss=0.1216, acc(pseudo)=95.16%
2026-01-16 00:18:39,481 - INFO: Round 5, Face Fine-tune Epoch 6: acc(valid_pseudo): 0.9836, acc: 0.8763
2026-01-16 00:18:41,958 - INFO: Epoch: [7][  0/582]	Time  0.538 ( 0.538)	Loss 1.6202e-01 (1.6202e-01)	Acc pseudo  93.75 ( 93.75)	Lr 1.000e-03 (1.000e-03)
2026-01-16 00:18:46,638 - INFO: Epoch: [7][ 50/582]	Time  0.029 ( 0.041)	Loss 1.0592e-01 (1.2042e-01)	Acc pseudo  93.75 ( 94.85)	Lr 1.000e-03 (1.000e-03)
2026-01-16 00:18:51,312 - INFO: Epoch: [7][100/582]	Time  0.028 ( 0.035)	Loss 8.3306e-02 (1.2122e-01)	Acc pseudo  93.75 ( 94.82)	Lr 1.000e-03 (1.000e-03)
2026-01-16 00:18:55,993 - INFO: Epoch: [7][150/582]	Time  0.028 ( 0.035)	Loss 1.2321e-01 (1.2073e-01)	Acc pseudo  96.88 ( 94.96)	Lr 1.000e-03 (1.000e-03)
2026-01-16 00:19:00,960 - INFO: Epoch: [7][200/582]	Time  0.030 ( 0.035)	Loss 8.6077e-02 (1.1730e-01)	Acc pseudo  96.88 ( 95.03)	Lr 1.000e-03 (1.000e-03)
2026-01-16 00:19:05,825 - INFO: Epoch: [7][250/582]	Time  0.031 ( 0.036)	Loss 1.1008e-01 (1.1648e-01)	Acc pseudo  93.75 ( 95.11)	Lr 1.000e-03 (1.000e-03)
2026-01-16 00:19:10,511 - INFO: Epoch: [7][300/582]	Time  0.029 ( 0.036)	Loss 1.0719e-01 (1.1551e-01)	Acc pseudo  92.19 ( 95.13)	Lr 1.000e-03 (1.000e-03)
2026-01-16 00:19:15,198 - INFO: Epoch: [7][350/582]	Time  0.040 ( 0.036)	Loss 1.9470e-01 (1.1438e-01)	Acc pseudo  92.19 ( 95.14)	Lr 1.000e-03 (1.000e-03)
2026-01-16 00:19:19,881 - INFO: Epoch: [7][400/582]	Time  0.028 ( 0.036)	Loss 7.3281e-02 (1.1437e-01)	Acc pseudo  95.31 ( 95.16)	Lr 1.000e-03 (1.000e-03)
2026-01-16 00:19:24,567 - INFO: Epoch: [7][450/582]	Time  0.028 ( 0.036)	Loss 8.6266e-02 (1.1697e-01)	Acc pseudo  96.88 ( 95.07)	Lr 1.000e-03 (1.000e-03)
2026-01-16 00:19:29,250 - INFO: Epoch: [7][500/582]	Time  0.027 ( 0.035)	Loss 1.0099e-01 (1.1671e-01)	Acc pseudo  95.31 ( 95.10)	Lr 1.000e-03 (1.000e-03)
2026-01-16 00:19:33,925 - INFO: Epoch: [7][550/582]	Time  0.028 ( 0.035)	Loss 8.1325e-02 (1.1927e-01)	Acc pseudo  92.19 ( 94.98)	Lr 1.000e-03 (1.000e-03)
2026-01-16 00:19:36,926 - INFO: Round 5, Face Fine-tune Epoch 7: loss=0.1185, acc(pseudo)=95.00%
2026-01-16 00:20:37,483 - INFO: Round 5, Face Fine-tune Epoch 7: acc(valid_pseudo): 0.9857, acc: 0.8763
2026-01-16 00:20:40,434 - INFO: Epoch: [8][  0/582]	Time  0.562 ( 0.562)	Loss 4.0261e-02 (4.0261e-02)	Acc pseudo  98.44 ( 98.44)	Lr 1.000e-03 (1.000e-03)
2026-01-16 00:20:45,108 - INFO: Epoch: [8][ 50/582]	Time  0.030 ( 0.043)	Loss 1.9098e-02 (1.0122e-01)	Acc pseudo  98.44 ( 96.26)	Lr 1.000e-03 (1.000e-03)
2026-01-16 00:20:49,781 - INFO: Epoch: [8][100/582]	Time  0.029 ( 0.037)	Loss 6.0393e-02 (9.8990e-02)	Acc pseudo  96.88 ( 95.84)	Lr 1.000e-03 (1.000e-03)
2026-01-16 00:20:54,533 - INFO: Epoch: [8][150/582]	Time  0.030 ( 0.035)	Loss 3.3346e-02 (1.0534e-01)	Acc pseudo 100.00 ( 95.85)	Lr 1.000e-03 (1.000e-03)
2026-01-16 00:20:59,209 - INFO: Epoch: [8][200/582]	Time  0.028 ( 0.034)	Loss 1.1076e-01 (1.0526e-01)	Acc pseudo  95.31 ( 95.83)	Lr 1.000e-03 (1.000e-03)
2026-01-16 00:21:03,885 - INFO: Epoch: [8][250/582]	Time  0.039 ( 0.034)	Loss 1.6317e-01 (1.0367e-01)	Acc pseudo  92.19 ( 95.87)	Lr 1.000e-03 (1.000e-03)
2026-01-16 00:21:08,568 - INFO: Epoch: [8][300/582]	Time  0.030 ( 0.034)	Loss 7.6985e-02 (1.0317e-01)	Acc pseudo  98.44 ( 95.87)	Lr 1.000e-03 (1.000e-03)
2026-01-16 00:21:13,244 - INFO: Epoch: [8][350/582]	Time  0.028 ( 0.034)	Loss 9.7911e-02 (1.0244e-01)	Acc pseudo  96.88 ( 95.93)	Lr 1.000e-03 (1.000e-03)
2026-01-16 00:21:17,920 - INFO: Epoch: [8][400/582]	Time  0.029 ( 0.033)	Loss 1.9362e-01 (1.0375e-01)	Acc pseudo  92.19 ( 95.85)	Lr 1.000e-03 (1.000e-03)
2026-01-16 00:21:22,598 - INFO: Epoch: [8][450/582]	Time  0.030 ( 0.033)	Loss 1.2920e-01 (1.0391e-01)	Acc pseudo  93.75 ( 95.80)	Lr 1.000e-03 (1.000e-03)
2026-01-16 00:21:27,279 - INFO: Epoch: [8][500/582]	Time  0.028 ( 0.032)	Loss 3.6037e-02 (1.0506e-01)	Acc pseudo  98.44 ( 95.80)	Lr 1.000e-03 (1.000e-03)
2026-01-16 00:21:31,952 - INFO: Epoch: [8][550/582]	Time  0.027 ( 0.032)	Loss 9.2625e-02 (1.0707e-01)	Acc pseudo  95.31 ( 95.69)	Lr 1.000e-03 (1.000e-03)
2026-01-16 00:21:34,939 - INFO: Round 5, Face Fine-tune Epoch 8: loss=0.1069, acc(pseudo)=95.70%
2026-01-16 00:22:35,390 - INFO: Round 5, Face Fine-tune Epoch 8: acc(valid_pseudo): 0.9854, acc: 0.8734
2026-01-16 00:22:35,390 - INFO: Round 5, Face Fine-tune Epoch 8: No improvement. Patience(epoch): 1/3
2026-01-16 00:22:35,952 - INFO: Epoch: [9][  0/582]	Time  0.506 ( 0.506)	Loss 4.0536e-02 (4.0536e-02)	Acc pseudo  98.44 ( 98.44)	Lr 1.000e-03 (1.000e-03)
2026-01-16 00:22:40,616 - INFO: Epoch: [9][ 50/582]	Time  0.028 ( 0.041)	Loss 5.1535e-02 (9.1363e-02)	Acc pseudo  98.44 ( 96.32)	Lr 1.000e-03 (1.000e-03)
2026-01-16 00:22:45,289 - INFO: Epoch: [9][100/582]	Time  0.040 ( 0.036)	Loss 1.5725e-02 (9.1294e-02)	Acc pseudo 100.00 ( 96.30)	Lr 1.000e-03 (1.000e-03)
2026-01-16 00:22:49,959 - INFO: Epoch: [9][150/582]	Time  0.028 ( 0.034)	Loss 1.3849e-01 (9.5878e-02)	Acc pseudo  95.31 ( 96.12)	Lr 1.000e-03 (1.000e-03)
2026-01-16 00:22:54,630 - INFO: Epoch: [9][200/582]	Time  0.030 ( 0.033)	Loss 5.1418e-02 (9.8377e-02)	Acc pseudo  96.88 ( 96.05)	Lr 1.000e-03 (1.000e-03)
2026-01-16 00:22:59,304 - INFO: Epoch: [9][250/582]	Time  0.029 ( 0.032)	Loss 1.9445e-02 (1.0136e-01)	Acc pseudo 100.00 ( 95.91)	Lr 1.000e-03 (1.000e-03)
2026-01-16 00:23:03,978 - INFO: Epoch: [9][300/582]	Time  0.028 ( 0.032)	Loss 7.6041e-02 (1.0447e-01)	Acc pseudo  98.44 ( 95.86)	Lr 1.000e-03 (1.000e-03)
2026-01-16 00:23:08,655 - INFO: Epoch: [9][350/582]	Time  0.030 ( 0.032)	Loss 1.2179e-01 (1.0590e-01)	Acc pseudo  93.75 ( 95.80)	Lr 1.000e-03 (1.000e-03)
2026-01-16 00:23:13,333 - INFO: Epoch: [9][400/582]	Time  0.029 ( 0.031)	Loss 1.6579e-01 (1.0704e-01)	Acc pseudo  98.44 ( 95.80)	Lr 1.000e-03 (1.000e-03)
2026-01-16 00:23:18,012 - INFO: Epoch: [9][450/582]	Time  0.030 ( 0.031)	Loss 2.1973e-01 (1.0835e-01)	Acc pseudo  95.31 ( 95.75)	Lr 1.000e-03 (1.000e-03)
2026-01-16 00:23:22,686 - INFO: Epoch: [9][500/582]	Time  0.039 ( 0.031)	Loss 1.4981e-01 (1.0844e-01)	Acc pseudo  93.75 ( 95.70)	Lr 1.000e-03 (1.000e-03)
2026-01-16 00:23:27,395 - INFO: Epoch: [9][550/582]	Time  0.041 ( 0.031)	Loss 8.8119e-02 (1.0877e-01)	Acc pseudo  95.31 ( 95.66)	Lr 1.000e-03 (1.000e-03)
2026-01-16 00:23:30,392 - INFO: Round 5, Face Fine-tune Epoch 9: loss=0.1084, acc(pseudo)=95.65%
2026-01-16 00:24:29,016 - INFO: Round 5, Face Fine-tune Epoch 9: acc(valid_pseudo): 0.9855, acc: 0.8783
2026-01-16 00:24:29,016 - INFO: Round 5, Face Fine-tune Epoch 9: No improvement. Patience(epoch): 2/3
2026-01-16 00:24:29,582 - INFO: Epoch: [10][  0/582]	Time  0.508 ( 0.508)	Loss 5.2289e-02 (5.2289e-02)	Acc pseudo  95.31 ( 95.31)	Lr 1.000e-03 (1.000e-03)
2026-01-16 00:24:34,264 - INFO: Epoch: [10][ 50/582]	Time  0.031 ( 0.042)	Loss 7.4777e-02 (1.1002e-01)	Acc pseudo  96.88 ( 95.74)	Lr 1.000e-03 (1.000e-03)
2026-01-16 00:24:38,937 - INFO: Epoch: [10][100/582]	Time  0.028 ( 0.036)	Loss 1.3359e-01 (1.1209e-01)	Acc pseudo  93.75 ( 95.62)	Lr 1.000e-03 (1.000e-03)
2026-01-16 00:24:43,617 - INFO: Epoch: [10][150/582]	Time  0.039 ( 0.036)	Loss 7.8665e-02 (1.1081e-01)	Acc pseudo  98.44 ( 95.59)	Lr 1.000e-03 (1.000e-03)
2026-01-16 00:24:48,299 - INFO: Epoch: [10][200/582]	Time  0.028 ( 0.037)	Loss 1.0534e-01 (1.1100e-01)	Acc pseudo  95.31 ( 95.32)	Lr 1.000e-03 (1.000e-03)
2026-01-16 00:24:52,973 - INFO: Epoch: [10][250/582]	Time  0.028 ( 0.035)	Loss 6.2499e-02 (1.1265e-01)	Acc pseudo  96.88 ( 95.19)	Lr 1.000e-03 (1.000e-03)
2026-01-16 00:24:57,655 - INFO: Epoch: [10][300/582]	Time  0.031 ( 0.034)	Loss 8.5706e-02 (1.1292e-01)	Acc pseudo  93.75 ( 95.24)	Lr 1.000e-03 (1.000e-03)
2026-01-16 00:25:02,348 - INFO: Epoch: [10][350/582]	Time  0.030 ( 0.034)	Loss 2.5220e-01 (1.1499e-01)	Acc pseudo  93.75 ( 95.16)	Lr 1.000e-03 (1.000e-03)
2026-01-16 00:25:07,023 - INFO: Epoch: [10][400/582]	Time  0.030 ( 0.034)	Loss 5.9540e-02 (1.1486e-01)	Acc pseudo  96.88 ( 95.22)	Lr 1.000e-03 (1.000e-03)
2026-01-16 00:25:11,699 - INFO: Epoch: [10][450/582]	Time  0.030 ( 0.033)	Loss 2.4510e-01 (1.1451e-01)	Acc pseudo  87.50 ( 95.24)	Lr 1.000e-03 (1.000e-03)
2026-01-16 00:25:16,382 - INFO: Epoch: [10][500/582]	Time  0.030 ( 0.034)	Loss 1.5257e-01 (1.1576e-01)	Acc pseudo  95.31 ( 95.21)	Lr 1.000e-03 (1.000e-03)
2026-01-16 00:25:21,055 - INFO: Epoch: [10][550/582]	Time  0.029 ( 0.033)	Loss 7.8619e-02 (1.1629e-01)	Acc pseudo  92.19 ( 95.15)	Lr 1.000e-03 (1.000e-03)
2026-01-16 00:25:24,047 - INFO: Round 5, Face Fine-tune Epoch 10: loss=0.1162, acc(pseudo)=95.17%
2026-01-16 00:26:22,737 - INFO: Round 5, Face Fine-tune Epoch 10: acc(valid_pseudo): 0.9857, acc: 0.8763
2026-01-16 00:26:22,737 - INFO: Round 5, Face Fine-tune Epoch 10: No improvement. Patience(epoch): 3/3
2026-01-16 00:26:22,737 - INFO: Early stopping at face epoch 10
2026-01-16 00:26:22,738 - INFO: Round 5: Best face fine-tuned epoch=7, acc(valid_pseudo)=0.9857
2026-01-16 00:26:22,893 - INFO: Using HMM model from previous round: runs/I love my family/exp_video/result/self_supervised/exp0/round4/pseudo_label/hmm_params.pkl
2026-01-16 01:51:30,176 - INFO: Round 5: speaker_acc=0.8715
2026-01-16 01:51:30,183 - INFO: Round 5: face_acc=0.8763
2026-01-16 01:51:30,186 - INFO: ====================
2026-01-16 01:51:30,186 - INFO: Round 6: Fine-tuning iteration
2026-01-16 01:51:30,186 - INFO: ====================
2026-01-16 01:51:30,254 - INFO: Round 6 Part 1: Fine-tuning embedding model
2026-01-16 01:51:30,255 - INFO: Using pseudo-label file: runs/I love my family/exp_video/result/self_supervised/exp0/round5/pseudo_label/pseudo_labels_audio_nested_hmm_full(unreliable_pp=100.0).json
2026-01-16 01:51:30,289 - INFO: For training, Using face pseudo-label file: runs/I love my family/exp_video/result/self_supervised/exp0/round5/pseudo_label/pseudo_labels_faces_mid_frame_train_nested_hmm_full.json
2026-01-16 01:51:30,289 - INFO: For infering, Using face pseudo-label file: runs/I love my family/exp_video/result/self_supervised/exp0/round5/pseudo_label/pseudo_labels_faces_mid_frame_all_nested_hmm_full.json
2026-01-16 01:51:30,443 - INFO: Created face dataloader with 37219 samples
2026-01-16 01:51:30,458 - INFO: Fine-tuning speaker embedding model for 20 epochs...
2026-01-16 01:51:31,183 - INFO: Epoch: [0][  0/301]	Time  0.701 ( 0.701)	Loss 3.5974e-01 (3.5974e-01)	Acc pseudo  92.19 ( 92.19)	Lr 1.000e-03 (1.000e-03)
2026-01-16 01:51:31,374 - INFO: Epoch: [0][ 50/301]	Time  0.003 ( 0.017)	Loss 2.6657e-01 (3.6300e-01)	Acc pseudo  92.19 ( 89.34)	Lr 1.000e-03 (1.000e-03)
2026-01-16 01:51:31,535 - INFO: Epoch: [0][100/301]	Time  0.003 ( 0.010)	Loss 2.2092e-01 (3.5274e-01)	Acc pseudo  92.19 ( 89.48)	Lr 1.000e-03 (1.000e-03)
2026-01-16 01:51:31,687 - INFO: Epoch: [0][150/301]	Time  0.003 ( 0.008)	Loss 1.0968e+00 (3.6578e-01)	Acc pseudo  78.12 ( 89.22)	Lr 1.000e-03 (1.000e-03)
2026-01-16 01:51:31,872 - INFO: Epoch: [0][200/301]	Time  0.003 ( 0.007)	Loss 2.8387e-01 (3.6743e-01)	Acc pseudo  85.94 ( 88.90)	Lr 1.000e-03 (1.000e-03)
2026-01-16 01:51:32,020 - INFO: Epoch: [0][250/301]	Time  0.003 ( 0.006)	Loss 5.2261e-01 (3.6971e-01)	Acc pseudo  82.81 ( 88.78)	Lr 1.000e-03 (1.000e-03)
2026-01-16 01:51:32,180 - INFO: Epoch: [0][300/301]	Time  0.002 ( 0.006)	Loss 8.7264e-02 (3.6396e-01)	Acc pseudo 100.00 ( 88.82)	Lr 1.000e-03 (1.000e-03)
2026-01-16 01:51:32,249 - INFO: Round 6, Fine-tune Epoch 0: loss=0.3640, acc(pseudo)=88.82%
2026-01-16 01:51:39,956 - INFO: Round 6, Fine-tune Epoch 0: acc(valid_pseudo): 0.9755, acc: 0.8710
2026-01-16 01:51:41,034 - INFO: Epoch: [1][  0/301]	Time  0.251 ( 0.251)	Loss 2.7644e-01 (2.7644e-01)	Acc pseudo  89.06 ( 89.06)	Lr 1.000e-03 (1.000e-03)
2026-01-16 01:51:41,208 - INFO: Epoch: [1][ 50/301]	Time  0.003 ( 0.008)	Loss 1.6500e-01 (2.9801e-01)	Acc pseudo  93.75 ( 90.26)	Lr 1.000e-03 (1.000e-03)
2026-01-16 01:51:41,430 - INFO: Epoch: [1][100/301]	Time  0.003 ( 0.006)	Loss 2.2001e-01 (3.0713e-01)	Acc pseudo  92.19 ( 89.85)	Lr 1.000e-03 (1.000e-03)
2026-01-16 01:51:41,584 - INFO: Epoch: [1][150/301]	Time  0.003 ( 0.005)	Loss 4.5077e-01 (3.1081e-01)	Acc pseudo  87.50 ( 89.55)	Lr 1.000e-03 (1.000e-03)
2026-01-16 01:51:41,733 - INFO: Epoch: [1][200/301]	Time  0.003 ( 0.005)	Loss 3.1906e-01 (3.1578e-01)	Acc pseudo  92.19 ( 89.53)	Lr 1.000e-03 (1.000e-03)
2026-01-16 01:51:41,879 - INFO: Epoch: [1][250/301]	Time  0.003 ( 0.004)	Loss 3.4453e-01 (3.2887e-01)	Acc pseudo  89.06 ( 89.42)	Lr 1.000e-03 (1.000e-03)
2026-01-16 01:51:42,021 - INFO: Epoch: [1][300/301]	Time  0.002 ( 0.004)	Loss 1.5895e-01 (3.2758e-01)	Acc pseudo  96.00 ( 89.37)	Lr 1.000e-03 (1.000e-03)
2026-01-16 01:51:42,087 - INFO: Round 6, Fine-tune Epoch 1: loss=0.3276, acc(pseudo)=89.37%
2026-01-16 01:51:50,580 - INFO: Round 6, Fine-tune Epoch 1: acc(valid_pseudo): 0.9603, acc: 0.8530
2026-01-16 01:51:50,580 - INFO: Round 6, Speaker Fine-tune Epoch 1: No improvement in validation accuracy. Patience(epoch): 1/3
2026-01-16 01:51:50,855 - INFO: Epoch: [2][  0/301]	Time  0.270 ( 0.270)	Loss 5.0704e-01 (5.0704e-01)	Acc pseudo  90.62 ( 90.62)	Lr 1.000e-03 (1.000e-03)
2026-01-16 01:51:51,037 - INFO: Epoch: [2][ 50/301]	Time  0.003 ( 0.009)	Loss 3.9806e-01 (3.4463e-01)	Acc pseudo  90.62 ( 89.34)	Lr 1.000e-03 (1.000e-03)
2026-01-16 01:51:51,196 - INFO: Epoch: [2][100/301]	Time  0.003 ( 0.006)	Loss 4.4982e-01 (3.2275e-01)	Acc pseudo  89.06 ( 89.94)	Lr 1.000e-03 (1.000e-03)
2026-01-16 01:51:51,351 - INFO: Epoch: [2][150/301]	Time  0.003 ( 0.005)	Loss 1.7484e-01 (3.1783e-01)	Acc pseudo  93.75 ( 89.85)	Lr 1.000e-03 (1.000e-03)
2026-01-16 01:51:51,499 - INFO: Epoch: [2][200/301]	Time  0.003 ( 0.004)	Loss 2.4137e-01 (3.1022e-01)	Acc pseudo  93.75 ( 90.20)	Lr 1.000e-03 (1.000e-03)
2026-01-16 01:51:51,649 - INFO: Epoch: [2][250/301]	Time  0.003 ( 0.004)	Loss 2.4401e-01 (3.1228e-01)	Acc pseudo  87.50 ( 89.92)	Lr 1.000e-03 (1.000e-03)
2026-01-16 01:51:51,809 - INFO: Epoch: [2][300/301]	Time  0.002 ( 0.004)	Loss 3.9050e-01 (3.1229e-01)	Acc pseudo  88.00 ( 89.85)	Lr 1.000e-03 (1.000e-03)
2026-01-16 01:51:51,875 - INFO: Round 6, Fine-tune Epoch 2: loss=0.3123, acc(pseudo)=89.85%
2026-01-16 01:51:59,272 - INFO: Round 6, Fine-tune Epoch 2: acc(valid_pseudo): 0.9420, acc: 0.8315
2026-01-16 01:51:59,273 - INFO: Round 6, Speaker Fine-tune Epoch 2: No improvement in validation accuracy. Patience(epoch): 2/3
2026-01-16 01:51:59,528 - INFO: Epoch: [3][  0/301]	Time  0.245 ( 0.245)	Loss 3.3849e-01 (3.3849e-01)	Acc pseudo  84.38 ( 84.38)	Lr 1.000e-03 (1.000e-03)
2026-01-16 01:51:59,726 - INFO: Epoch: [3][ 50/301]	Time  0.003 ( 0.009)	Loss 3.3011e-01 (3.0188e-01)	Acc pseudo  85.94 ( 90.44)	Lr 1.000e-03 (1.000e-03)
2026-01-16 01:51:59,883 - INFO: Epoch: [3][100/301]	Time  0.003 ( 0.006)	Loss 1.8452e-01 (3.0091e-01)	Acc pseudo  92.19 ( 90.25)	Lr 1.000e-03 (1.000e-03)
2026-01-16 01:52:00,033 - INFO: Epoch: [3][150/301]	Time  0.003 ( 0.005)	Loss 2.2346e-01 (2.9992e-01)	Acc pseudo  89.06 ( 90.11)	Lr 1.000e-03 (1.000e-03)
2026-01-16 01:52:00,186 - INFO: Epoch: [3][200/301]	Time  0.003 ( 0.004)	Loss 2.6419e-01 (3.0011e-01)	Acc pseudo  89.06 ( 90.21)	Lr 1.000e-03 (1.000e-03)
2026-01-16 01:52:00,336 - INFO: Epoch: [3][250/301]	Time  0.003 ( 0.004)	Loss 1.4453e-01 (3.0009e-01)	Acc pseudo  93.75 ( 90.06)	Lr 1.000e-03 (1.000e-03)
2026-01-16 01:52:00,495 - INFO: Epoch: [3][300/301]	Time  0.002 ( 0.004)	Loss 2.5913e-01 (3.0166e-01)	Acc pseudo  88.00 ( 89.98)	Lr 1.000e-03 (1.000e-03)
2026-01-16 01:52:00,565 - INFO: Round 6, Fine-tune Epoch 3: loss=0.3017, acc(pseudo)=89.98%
2026-01-16 01:52:08,250 - INFO: Round 6, Fine-tune Epoch 3: acc(valid_pseudo): 0.9627, acc: 0.8485
2026-01-16 01:52:08,250 - INFO: Round 6, Speaker Fine-tune Epoch 3: No improvement in validation accuracy. Patience(epoch): 3/3
2026-01-16 01:52:08,250 - INFO: Early stopping at epoch 3 due to no improvement in validation accuracy for 3 epochs.
2026-01-16 01:52:08,251 - INFO: Round 6: Best speaker fine-tuned epoch=0, acc(valid_pseudo)=0.9755
2026-01-16 01:52:08,256 - INFO: Fine-tuning face embedding model for 20 epochs...
2026-01-16 01:52:09,259 - INFO: Epoch: [0][  0/582]	Time  0.970 ( 0.970)	Loss 4.3984e-02 (4.3984e-02)	Acc pseudo  98.44 ( 98.44)	Lr 1.000e-03 (1.000e-03)
2026-01-16 01:52:13,918 - INFO: Epoch: [0][ 50/582]	Time  0.042 ( 0.055)	Loss 5.9904e-02 (1.0564e-01)	Acc pseudo  96.88 ( 96.17)	Lr 1.000e-03 (1.000e-03)
2026-01-16 01:52:18,554 - INFO: Epoch: [0][100/582]	Time  0.029 ( 0.043)	Loss 1.2838e-01 (1.1586e-01)	Acc pseudo  93.75 ( 95.75)	Lr 1.000e-03 (1.000e-03)
2026-01-16 01:52:23,198 - INFO: Epoch: [0][150/582]	Time  0.028 ( 0.039)	Loss 7.9151e-02 (1.1598e-01)	Acc pseudo  93.75 ( 95.65)	Lr 1.000e-03 (1.000e-03)
2026-01-16 01:52:28,345 - INFO: Epoch: [0][200/582]	Time  0.029 ( 0.039)	Loss 1.7350e-02 (1.1466e-01)	Acc pseudo 100.00 ( 95.62)	Lr 1.000e-03 (1.000e-03)
2026-01-16 01:52:33,554 - INFO: Epoch: [0][250/582]	Time  0.029 ( 0.039)	Loss 2.2560e-01 (1.2384e-01)	Acc pseudo  90.62 ( 95.35)	Lr 1.000e-03 (1.000e-03)
2026-01-16 01:52:38,432 - INFO: Epoch: [0][300/582]	Time  0.033 ( 0.038)	Loss 8.0688e-02 (1.2398e-01)	Acc pseudo  96.88 ( 95.44)	Lr 1.000e-03 (1.000e-03)
2026-01-16 01:52:43,082 - INFO: Epoch: [0][350/582]	Time  0.029 ( 0.037)	Loss 6.3946e-02 (1.2836e-01)	Acc pseudo  98.44 ( 95.36)	Lr 1.000e-03 (1.000e-03)
2026-01-16 01:52:47,744 - INFO: Epoch: [0][400/582]	Time  0.028 ( 0.036)	Loss 1.2237e-01 (1.2821e-01)	Acc pseudo  95.31 ( 95.31)	Lr 1.000e-03 (1.000e-03)
2026-01-16 01:52:52,398 - INFO: Epoch: [0][450/582]	Time  0.029 ( 0.035)	Loss 9.5369e-02 (1.2511e-01)	Acc pseudo  98.44 ( 95.29)	Lr 1.000e-03 (1.000e-03)
2026-01-16 01:52:57,055 - INFO: Epoch: [0][500/582]	Time  0.030 ( 0.035)	Loss 2.0802e-01 (1.2630e-01)	Acc pseudo  95.31 ( 95.30)	Lr 1.000e-03 (1.000e-03)
2026-01-16 01:53:01,723 - INFO: Epoch: [0][550/582]	Time  0.029 ( 0.034)	Loss 1.2219e-01 (1.2719e-01)	Acc pseudo  90.62 ( 95.29)	Lr 1.000e-03 (1.000e-03)
2026-01-16 01:53:04,701 - INFO: Round 6, Face Fine-tune Epoch 0: loss=0.1275, acc(pseudo)=95.25%
2026-01-16 01:54:05,698 - INFO: Round 6, Face Fine-tune Epoch 0: acc(valid_pseudo): 0.9832, acc: 0.8763
2026-01-16 01:54:09,395 - INFO: Epoch: [1][  0/582]	Time  0.504 ( 0.504)	Loss 1.0087e-01 (1.0087e-01)	Acc pseudo  93.75 ( 93.75)	Lr 1.000e-03 (1.000e-03)
2026-01-16 01:54:14,059 - INFO: Epoch: [1][ 50/582]	Time  0.029 ( 0.042)	Loss 3.5863e-02 (1.0026e-01)	Acc pseudo  96.88 ( 96.02)	Lr 1.000e-03 (1.000e-03)
2026-01-16 01:54:18,717 - INFO: Epoch: [1][100/582]	Time  0.029 ( 0.036)	Loss 2.6931e-01 (1.2033e-01)	Acc pseudo  93.75 ( 95.51)	Lr 1.000e-03 (1.000e-03)
2026-01-16 01:54:23,376 - INFO: Epoch: [1][150/582]	Time  0.029 ( 0.034)	Loss 6.3526e-02 (1.2745e-01)	Acc pseudo  96.88 ( 95.25)	Lr 1.000e-03 (1.000e-03)
2026-01-16 01:54:28,038 - INFO: Epoch: [1][200/582]	Time  0.039 ( 0.033)	Loss 8.2139e-02 (1.2699e-01)	Acc pseudo  95.31 ( 95.22)	Lr 1.000e-03 (1.000e-03)
2026-01-16 01:54:32,714 - INFO: Epoch: [1][250/582]	Time  0.029 ( 0.034)	Loss 7.2717e-02 (1.2845e-01)	Acc pseudo  96.88 ( 95.16)	Lr 1.000e-03 (1.000e-03)
2026-01-16 01:54:37,430 - INFO: Epoch: [1][300/582]	Time  0.032 ( 0.033)	Loss 1.0750e-01 (1.2575e-01)	Acc pseudo  93.75 ( 95.29)	Lr 1.000e-03 (1.000e-03)
2026-01-16 01:54:42,105 - INFO: Epoch: [1][350/582]	Time  0.031 ( 0.033)	Loss 1.8952e-01 (1.2482e-01)	Acc pseudo  92.19 ( 95.26)	Lr 1.000e-03 (1.000e-03)
2026-01-16 01:54:46,834 - INFO: Epoch: [1][400/582]	Time  0.029 ( 0.033)	Loss 6.5622e-02 (1.2507e-01)	Acc pseudo  98.44 ( 95.26)	Lr 1.000e-03 (1.000e-03)
2026-01-16 01:54:51,500 - INFO: Epoch: [1][450/582]	Time  0.027 ( 0.032)	Loss 1.2839e-01 (1.2613e-01)	Acc pseudo  93.75 ( 95.26)	Lr 1.000e-03 (1.000e-03)
2026-01-16 01:54:56,162 - INFO: Epoch: [1][500/582]	Time  0.030 ( 0.032)	Loss 5.6143e-02 (1.2554e-01)	Acc pseudo  98.44 ( 95.28)	Lr 1.000e-03 (1.000e-03)
2026-01-16 01:55:00,825 - INFO: Epoch: [1][550/582]	Time  0.029 ( 0.032)	Loss 2.2804e-01 (1.2629e-01)	Acc pseudo  96.88 ( 95.31)	Lr 1.000e-03 (1.000e-03)
2026-01-16 01:55:03,807 - INFO: Round 6, Face Fine-tune Epoch 1: loss=0.1256, acc(pseudo)=95.29%
2026-01-16 01:56:04,785 - INFO: Round 6, Face Fine-tune Epoch 1: acc(valid_pseudo): 0.9836, acc: 0.8754
2026-01-16 01:56:09,354 - INFO: Epoch: [2][  0/582]	Time  0.945 ( 0.945)	Loss 6.7783e-02 (6.7783e-02)	Acc pseudo  96.88 ( 96.88)	Lr 1.000e-03 (1.000e-03)
2026-01-16 01:56:14,030 - INFO: Epoch: [2][ 50/582]	Time  0.030 ( 0.055)	Loss 1.0002e-01 (9.3681e-02)	Acc pseudo  93.75 ( 95.83)	Lr 1.000e-03 (1.000e-03)
2026-01-16 01:56:18,689 - INFO: Epoch: [2][100/582]	Time  0.037 ( 0.043)	Loss 1.3636e-01 (1.0474e-01)	Acc pseudo  93.75 ( 95.78)	Lr 1.000e-03 (1.000e-03)
2026-01-16 01:56:23,359 - INFO: Epoch: [2][150/582]	Time  0.030 ( 0.038)	Loss 1.3673e-01 (1.0105e-01)	Acc pseudo  95.31 ( 96.01)	Lr 1.000e-03 (1.000e-03)
2026-01-16 01:56:28,026 - INFO: Epoch: [2][200/582]	Time  0.028 ( 0.036)	Loss 2.0980e-01 (1.0266e-01)	Acc pseudo  90.62 ( 95.86)	Lr 1.000e-03 (1.000e-03)
2026-01-16 01:56:32,692 - INFO: Epoch: [2][250/582]	Time  0.040 ( 0.036)	Loss 6.5017e-02 (1.0108e-01)	Acc pseudo  96.88 ( 95.85)	Lr 1.000e-03 (1.000e-03)
2026-01-16 01:56:37,356 - INFO: Epoch: [2][300/582]	Time  0.029 ( 0.035)	Loss 8.2089e-02 (1.0500e-01)	Acc pseudo  96.88 ( 95.87)	Lr 1.000e-03 (1.000e-03)
2026-01-16 01:56:42,027 - INFO: Epoch: [2][350/582]	Time  0.028 ( 0.034)	Loss 1.2784e-01 (1.0625e-01)	Acc pseudo  95.31 ( 95.91)	Lr 1.000e-03 (1.000e-03)
2026-01-16 01:56:46,701 - INFO: Epoch: [2][400/582]	Time  0.031 ( 0.034)	Loss 1.1926e-01 (1.0675e-01)	Acc pseudo  96.88 ( 95.86)	Lr 1.000e-03 (1.000e-03)
2026-01-16 01:56:51,368 - INFO: Epoch: [2][450/582]	Time  0.031 ( 0.033)	Loss 1.0394e-01 (1.0765e-01)	Acc pseudo  96.88 ( 95.85)	Lr 1.000e-03 (1.000e-03)
2026-01-16 01:56:56,035 - INFO: Epoch: [2][500/582]	Time  0.029 ( 0.033)	Loss 7.5242e-02 (1.0818e-01)	Acc pseudo  95.31 ( 95.80)	Lr 1.000e-03 (1.000e-03)
2026-01-16 01:57:00,710 - INFO: Epoch: [2][550/582]	Time  0.028 ( 0.033)	Loss 1.3942e-01 (1.0918e-01)	Acc pseudo  92.19 ( 95.75)	Lr 1.000e-03 (1.000e-03)
2026-01-16 01:57:03,692 - INFO: Round 6, Face Fine-tune Epoch 2: loss=0.1094, acc(pseudo)=95.75%
2026-01-16 01:58:03,134 - INFO: Round 6, Face Fine-tune Epoch 2: acc(valid_pseudo): 0.9835, acc: 0.8763
2026-01-16 01:58:03,135 - INFO: Round 6, Face Fine-tune Epoch 2: No improvement. Patience(epoch): 1/3
2026-01-16 01:58:03,768 - INFO: Epoch: [3][  0/582]	Time  0.575 ( 0.575)	Loss 3.5008e-02 (3.5008e-02)	Acc pseudo  98.44 ( 98.44)	Lr 1.000e-03 (1.000e-03)
2026-01-16 01:58:08,439 - INFO: Epoch: [3][ 50/582]	Time  0.029 ( 0.041)	Loss 1.1265e-01 (9.8282e-02)	Acc pseudo  93.75 ( 95.96)	Lr 1.000e-03 (1.000e-03)
2026-01-16 01:58:13,141 - INFO: Epoch: [3][100/582]	Time  0.030 ( 0.036)	Loss 6.4741e-02 (1.0746e-01)	Acc pseudo  98.44 ( 95.82)	Lr 1.000e-03 (1.000e-03)
2026-01-16 01:58:17,811 - INFO: Epoch: [3][150/582]	Time  0.030 ( 0.034)	Loss 6.8495e-02 (1.0738e-01)	Acc pseudo  96.88 ( 95.91)	Lr 1.000e-03 (1.000e-03)
2026-01-16 01:58:22,481 - INFO: Epoch: [3][200/582]	Time  0.029 ( 0.033)	Loss 1.0423e-01 (1.0691e-01)	Acc pseudo  98.44 ( 95.85)	Lr 1.000e-03 (1.000e-03)
2026-01-16 01:58:27,151 - INFO: Epoch: [3][250/582]	Time  0.032 ( 0.033)	Loss 4.9618e-02 (1.0901e-01)	Acc pseudo  98.44 ( 95.81)	Lr 1.000e-03 (1.000e-03)
2026-01-16 01:58:31,825 - INFO: Epoch: [3][300/582]	Time  0.030 ( 0.032)	Loss 6.4766e-02 (1.0659e-01)	Acc pseudo  95.31 ( 95.86)	Lr 1.000e-03 (1.000e-03)
2026-01-16 01:58:36,500 - INFO: Epoch: [3][350/582]	Time  0.030 ( 0.032)	Loss 7.8686e-02 (1.0527e-01)	Acc pseudo  95.31 ( 95.79)	Lr 1.000e-03 (1.000e-03)
2026-01-16 01:58:41,175 - INFO: Epoch: [3][400/582]	Time  0.028 ( 0.032)	Loss 1.2509e-01 (1.0348e-01)	Acc pseudo  95.31 ( 95.87)	Lr 1.000e-03 (1.000e-03)
2026-01-16 01:58:45,848 - INFO: Epoch: [3][450/582]	Time  0.030 ( 0.032)	Loss 7.2619e-02 (1.0686e-01)	Acc pseudo  95.31 ( 95.83)	Lr 1.000e-03 (1.000e-03)
2026-01-16 01:58:50,527 - INFO: Epoch: [3][500/582]	Time  0.029 ( 0.031)	Loss 4.8499e-02 (1.0919e-01)	Acc pseudo  98.44 ( 95.82)	Lr 1.000e-03 (1.000e-03)
2026-01-16 01:58:55,205 - INFO: Epoch: [3][550/582]	Time  0.029 ( 0.031)	Loss 5.2481e-02 (1.0863e-01)	Acc pseudo  95.31 ( 95.85)	Lr 1.000e-03 (1.000e-03)
2026-01-16 01:58:58,187 - INFO: Round 6, Face Fine-tune Epoch 3: loss=0.1097, acc(pseudo)=95.83%
2026-01-16 01:59:57,565 - INFO: Round 6, Face Fine-tune Epoch 3: acc(valid_pseudo): 0.9847, acc: 0.8783
2026-01-16 02:00:01,496 - INFO: Epoch: [4][  0/582]	Time  0.638 ( 0.638)	Loss 1.8286e-01 (1.8286e-01)	Acc pseudo  89.06 ( 89.06)	Lr 1.000e-03 (1.000e-03)
2026-01-16 02:00:06,235 - INFO: Epoch: [4][ 50/582]	Time  0.047 ( 0.052)	Loss 8.6264e-02 (1.1237e-01)	Acc pseudo  96.88 ( 95.59)	Lr 1.000e-03 (1.000e-03)
2026-01-16 02:00:10,973 - INFO: Epoch: [4][100/582]	Time  0.029 ( 0.044)	Loss 7.0660e-02 (1.0783e-01)	Acc pseudo  98.44 ( 95.78)	Lr 1.000e-03 (1.000e-03)
2026-01-16 02:00:15,782 - INFO: Epoch: [4][150/582]	Time  0.031 ( 0.041)	Loss 1.4559e-02 (1.1432e-01)	Acc pseudo 100.00 ( 95.38)	Lr 1.000e-03 (1.000e-03)
2026-01-16 02:00:20,450 - INFO: Epoch: [4][200/582]	Time  0.028 ( 0.038)	Loss 1.1552e-01 (1.1191e-01)	Acc pseudo  92.19 ( 95.42)	Lr 1.000e-03 (1.000e-03)
2026-01-16 02:00:25,122 - INFO: Epoch: [4][250/582]	Time  0.031 ( 0.037)	Loss 8.3958e-02 (1.0980e-01)	Acc pseudo  95.31 ( 95.51)	Lr 1.000e-03 (1.000e-03)
2026-01-16 02:00:29,801 - INFO: Epoch: [4][300/582]	Time  0.038 ( 0.037)	Loss 8.0431e-02 (1.1084e-01)	Acc pseudo  95.31 ( 95.47)	Lr 1.000e-03 (1.000e-03)
2026-01-16 02:00:34,480 - INFO: Epoch: [4][350/582]	Time  0.031 ( 0.036)	Loss 2.1508e-01 (1.0954e-01)	Acc pseudo  98.44 ( 95.52)	Lr 1.000e-03 (1.000e-03)
2026-01-16 02:00:39,150 - INFO: Epoch: [4][400/582]	Time  0.040 ( 0.036)	Loss 1.2824e-01 (1.0893e-01)	Acc pseudo  93.75 ( 95.50)	Lr 1.000e-03 (1.000e-03)
2026-01-16 02:00:43,823 - INFO: Epoch: [4][450/582]	Time  0.028 ( 0.035)	Loss 6.0830e-02 (1.0640e-01)	Acc pseudo  98.44 ( 95.59)	Lr 1.000e-03 (1.000e-03)
2026-01-16 02:00:48,492 - INFO: Epoch: [4][500/582]	Time  0.028 ( 0.035)	Loss 9.7233e-02 (1.0523e-01)	Acc pseudo  98.44 ( 95.63)	Lr 1.000e-03 (1.000e-03)
2026-01-16 02:00:53,171 - INFO: Epoch: [4][550/582]	Time  0.036 ( 0.035)	Loss 5.0222e-02 (1.0581e-01)	Acc pseudo  98.44 ( 95.68)	Lr 1.000e-03 (1.000e-03)
2026-01-16 02:00:56,191 - INFO: Round 6, Face Fine-tune Epoch 4: loss=0.1059, acc(pseudo)=95.69%
2026-01-16 02:01:57,179 - INFO: Round 6, Face Fine-tune Epoch 4: acc(valid_pseudo): 0.9854, acc: 0.8754
2026-01-16 02:02:00,876 - INFO: Epoch: [5][  0/582]	Time  0.491 ( 0.491)	Loss 6.7727e-02 (6.7727e-02)	Acc pseudo  96.88 ( 96.88)	Lr 1.000e-03 (1.000e-03)
2026-01-16 02:02:05,533 - INFO: Epoch: [5][ 50/582]	Time  0.028 ( 0.039)	Loss 8.8078e-02 (1.1498e-01)	Acc pseudo  96.88 ( 95.37)	Lr 1.000e-03 (1.000e-03)
2026-01-16 02:02:10,192 - INFO: Epoch: [5][100/582]	Time  0.030 ( 0.034)	Loss 6.8824e-02 (1.2303e-01)	Acc pseudo  96.88 ( 95.68)	Lr 1.000e-03 (1.000e-03)
2026-01-16 02:02:14,868 - INFO: Epoch: [5][150/582]	Time  0.042 ( 0.035)	Loss 4.8492e-02 (1.1508e-01)	Acc pseudo  96.88 ( 95.84)	Lr 1.000e-03 (1.000e-03)
2026-01-16 02:02:19,537 - INFO: Epoch: [5][200/582]	Time  0.029 ( 0.034)	Loss 1.0979e-01 (1.1110e-01)	Acc pseudo  96.88 ( 95.77)	Lr 1.000e-03 (1.000e-03)
2026-01-16 02:02:24,205 - INFO: Epoch: [5][250/582]	Time  0.039 ( 0.033)	Loss 8.5753e-02 (1.1176e-01)	Acc pseudo  95.31 ( 95.69)	Lr 1.000e-03 (1.000e-03)
2026-01-16 02:02:28,958 - INFO: Epoch: [5][300/582]	Time  0.039 ( 0.034)	Loss 2.2691e-01 (1.1079e-01)	Acc pseudo  95.31 ( 95.73)	Lr 1.000e-03 (1.000e-03)
2026-01-16 02:02:33,673 - INFO: Epoch: [5][350/582]	Time  0.038 ( 0.035)	Loss 3.5804e-02 (1.0929e-01)	Acc pseudo  98.44 ( 95.77)	Lr 1.000e-03 (1.000e-03)
2026-01-16 02:02:38,349 - INFO: Epoch: [5][400/582]	Time  0.031 ( 0.035)	Loss 9.5340e-02 (1.0818e-01)	Acc pseudo  93.75 ( 95.77)	Lr 1.000e-03 (1.000e-03)
2026-01-16 02:02:43,029 - INFO: Epoch: [5][450/582]	Time  0.058 ( 0.035)	Loss 6.4531e-02 (1.0713e-01)	Acc pseudo  96.88 ( 95.76)	Lr 1.000e-03 (1.000e-03)
2026-01-16 02:02:47,704 - INFO: Epoch: [5][500/582]	Time  0.028 ( 0.034)	Loss 2.9945e-02 (1.0736e-01)	Acc pseudo  98.44 ( 95.74)	Lr 1.000e-03 (1.000e-03)
2026-01-16 02:02:52,379 - INFO: Epoch: [5][550/582]	Time  0.028 ( 0.034)	Loss 9.4741e-02 (1.0598e-01)	Acc pseudo  93.75 ( 95.75)	Lr 1.000e-03 (1.000e-03)
2026-01-16 02:02:55,392 - INFO: Round 6, Face Fine-tune Epoch 5: loss=0.1060, acc(pseudo)=95.77%
2026-01-16 02:03:56,109 - INFO: Round 6, Face Fine-tune Epoch 5: acc(valid_pseudo): 0.9866, acc: 0.8793
2026-01-16 02:04:00,133 - INFO: Epoch: [6][  0/582]	Time  0.532 ( 0.532)	Loss 4.4698e-02 (4.4698e-02)	Acc pseudo  98.44 ( 98.44)	Lr 1.000e-03 (1.000e-03)
2026-01-16 02:04:04,978 - INFO: Epoch: [6][ 50/582]	Time  0.031 ( 0.046)	Loss 7.7462e-02 (9.7142e-02)	Acc pseudo  96.88 ( 96.32)	Lr 1.000e-03 (1.000e-03)
2026-01-16 02:04:09,653 - INFO: Epoch: [6][100/582]	Time  0.029 ( 0.038)	Loss 1.2637e-01 (9.7184e-02)	Acc pseudo  95.31 ( 96.36)	Lr 1.000e-03 (1.000e-03)
2026-01-16 02:04:14,326 - INFO: Epoch: [6][150/582]	Time  0.035 ( 0.036)	Loss 1.0526e-01 (1.0101e-01)	Acc pseudo  95.31 ( 96.07)	Lr 1.000e-03 (1.000e-03)
2026-01-16 02:04:18,998 - INFO: Epoch: [6][200/582]	Time  0.028 ( 0.034)	Loss 1.0678e-01 (1.0044e-01)	Acc pseudo  95.31 ( 96.02)	Lr 1.000e-03 (1.000e-03)
2026-01-16 02:04:23,669 - INFO: Epoch: [6][250/582]	Time  0.039 ( 0.033)	Loss 3.7437e-02 (9.7606e-02)	Acc pseudo 100.00 ( 96.12)	Lr 1.000e-03 (1.000e-03)
2026-01-16 02:04:28,357 - INFO: Epoch: [6][300/582]	Time  0.054 ( 0.034)	Loss 6.8518e-02 (9.6038e-02)	Acc pseudo  95.31 ( 96.17)	Lr 1.000e-03 (1.000e-03)
2026-01-16 02:04:33,041 - INFO: Epoch: [6][350/582]	Time  0.028 ( 0.035)	Loss 1.7255e-01 (9.5052e-02)	Acc pseudo  90.62 ( 96.13)	Lr 1.000e-03 (1.000e-03)
2026-01-16 02:04:37,765 - INFO: Epoch: [6][400/582]	Time  0.028 ( 0.034)	Loss 1.1620e-01 (9.6367e-02)	Acc pseudo  93.75 ( 96.06)	Lr 1.000e-03 (1.000e-03)
2026-01-16 02:04:42,486 - INFO: Epoch: [6][450/582]	Time  0.039 ( 0.034)	Loss 1.3424e-01 (9.8406e-02)	Acc pseudo  93.75 ( 95.98)	Lr 1.000e-03 (1.000e-03)
2026-01-16 02:04:47,194 - INFO: Epoch: [6][500/582]	Time  0.028 ( 0.034)	Loss 2.0266e-01 (9.8983e-02)	Acc pseudo  89.06 ( 95.99)	Lr 1.000e-03 (1.000e-03)
2026-01-16 02:04:51,870 - INFO: Epoch: [6][550/582]	Time  0.030 ( 0.033)	Loss 9.1414e-02 (9.7005e-02)	Acc pseudo  98.44 ( 96.04)	Lr 1.000e-03 (1.000e-03)
2026-01-16 02:04:54,878 - INFO: Round 6, Face Fine-tune Epoch 6: loss=0.0971, acc(pseudo)=96.05%
2026-01-16 02:05:53,885 - INFO: Round 6, Face Fine-tune Epoch 6: acc(valid_pseudo): 0.9848, acc: 0.8783
2026-01-16 02:05:53,885 - INFO: Round 6, Face Fine-tune Epoch 6: No improvement. Patience(epoch): 1/3
2026-01-16 02:05:54,452 - INFO: Epoch: [7][  0/582]	Time  0.519 ( 0.519)	Loss 3.1059e-01 (3.1059e-01)	Acc pseudo  95.31 ( 95.31)	Lr 1.000e-03 (1.000e-03)
2026-01-16 02:05:59,128 - INFO: Epoch: [7][ 50/582]	Time  0.033 ( 0.042)	Loss 5.2699e-02 (1.1269e-01)	Acc pseudo  96.88 ( 95.74)	Lr 1.000e-03 (1.000e-03)
2026-01-16 02:06:03,867 - INFO: Epoch: [7][100/582]	Time  0.028 ( 0.036)	Loss 4.7857e-02 (1.0520e-01)	Acc pseudo  96.88 ( 95.81)	Lr 1.000e-03 (1.000e-03)
2026-01-16 02:06:08,538 - INFO: Epoch: [7][150/582]	Time  0.030 ( 0.034)	Loss 7.4804e-02 (9.4789e-02)	Acc pseudo  98.44 ( 96.14)	Lr 1.000e-03 (1.000e-03)
2026-01-16 02:06:13,226 - INFO: Epoch: [7][200/582]	Time  0.028 ( 0.033)	Loss 2.6289e-02 (9.5593e-02)	Acc pseudo  98.44 ( 96.04)	Lr 1.000e-03 (1.000e-03)
2026-01-16 02:06:17,897 - INFO: Epoch: [7][250/582]	Time  0.028 ( 0.032)	Loss 1.0017e-01 (9.5463e-02)	Acc pseudo  95.31 ( 96.06)	Lr 1.000e-03 (1.000e-03)
2026-01-16 02:06:22,572 - INFO: Epoch: [7][300/582]	Time  0.037 ( 0.032)	Loss 1.8118e-02 (9.2858e-02)	Acc pseudo 100.00 ( 96.14)	Lr 1.000e-03 (1.000e-03)
2026-01-16 02:06:27,252 - INFO: Epoch: [7][350/582]	Time  0.033 ( 0.033)	Loss 1.3037e-01 (9.2269e-02)	Acc pseudo  92.19 ( 96.15)	Lr 1.000e-03 (1.000e-03)
2026-01-16 02:06:31,933 - INFO: Epoch: [7][400/582]	Time  0.037 ( 0.033)	Loss 2.0451e-01 (9.3333e-02)	Acc pseudo  93.75 ( 96.14)	Lr 1.000e-03 (1.000e-03)
2026-01-16 02:06:36,618 - INFO: Epoch: [7][450/582]	Time  0.040 ( 0.033)	Loss 5.6666e-02 (9.5175e-02)	Acc pseudo  98.44 ( 96.07)	Lr 1.000e-03 (1.000e-03)
2026-01-16 02:06:41,295 - INFO: Epoch: [7][500/582]	Time  0.028 ( 0.033)	Loss 4.9465e-02 (9.4968e-02)	Acc pseudo  98.44 ( 96.10)	Lr 1.000e-03 (1.000e-03)
2026-01-16 02:06:45,993 - INFO: Epoch: [7][550/582]	Time  0.031 ( 0.033)	Loss 1.5373e-01 (9.6335e-02)	Acc pseudo  95.31 ( 96.04)	Lr 1.000e-03 (1.000e-03)
2026-01-16 02:06:49,069 - INFO: Round 6, Face Fine-tune Epoch 7: loss=0.0969, acc(pseudo)=96.01%
2026-01-16 02:07:48,721 - INFO: Round 6, Face Fine-tune Epoch 7: acc(valid_pseudo): 0.9870, acc: 0.8754
2026-01-16 02:07:53,525 - INFO: Epoch: [8][  0/582]	Time  0.899 ( 0.899)	Loss 7.7655e-02 (7.7655e-02)	Acc pseudo  93.75 ( 93.75)	Lr 1.000e-03 (1.000e-03)
2026-01-16 02:07:58,207 - INFO: Epoch: [8][ 50/582]	Time  0.039 ( 0.058)	Loss 4.6307e-02 (9.0482e-02)	Acc pseudo  98.44 ( 96.29)	Lr 1.000e-03 (1.000e-03)
2026-01-16 02:08:02,877 - INFO: Epoch: [8][100/582]	Time  0.028 ( 0.048)	Loss 1.1008e-01 (8.8781e-02)	Acc pseudo  96.88 ( 96.41)	Lr 1.000e-03 (1.000e-03)
2026-01-16 02:08:07,550 - INFO: Epoch: [8][150/582]	Time  0.027 ( 0.042)	Loss 2.7606e-02 (9.3174e-02)	Acc pseudo  98.44 ( 96.26)	Lr 1.000e-03 (1.000e-03)
2026-01-16 02:08:12,221 - INFO: Epoch: [8][200/582]	Time  0.028 ( 0.039)	Loss 7.5596e-02 (9.0475e-02)	Acc pseudo  96.88 ( 96.29)	Lr 1.000e-03 (1.000e-03)
2026-01-16 02:08:16,893 - INFO: Epoch: [8][250/582]	Time  0.028 ( 0.037)	Loss 7.7528e-02 (8.8863e-02)	Acc pseudo  96.88 ( 96.35)	Lr 1.000e-03 (1.000e-03)
2026-01-16 02:08:21,561 - INFO: Epoch: [8][300/582]	Time  0.028 ( 0.036)	Loss 4.8351e-02 (8.8595e-02)	Acc pseudo  98.44 ( 96.38)	Lr 1.000e-03 (1.000e-03)
2026-01-16 02:08:26,230 - INFO: Epoch: [8][350/582]	Time  0.028 ( 0.035)	Loss 7.5822e-02 (8.7065e-02)	Acc pseudo  98.44 ( 96.44)	Lr 1.000e-03 (1.000e-03)
2026-01-16 02:08:30,897 - INFO: Epoch: [8][400/582]	Time  0.028 ( 0.034)	Loss 1.4383e-01 (8.8853e-02)	Acc pseudo  95.31 ( 96.40)	Lr 1.000e-03 (1.000e-03)
2026-01-16 02:08:35,570 - INFO: Epoch: [8][450/582]	Time  0.028 ( 0.033)	Loss 1.3109e-01 (9.0786e-02)	Acc pseudo  92.19 ( 96.34)	Lr 1.000e-03 (1.000e-03)
2026-01-16 02:08:40,249 - INFO: Epoch: [8][500/582]	Time  0.030 ( 0.033)	Loss 1.3647e-02 (9.1411e-02)	Acc pseudo 100.00 ( 96.31)	Lr 1.000e-03 (1.000e-03)
2026-01-16 02:08:44,926 - INFO: Epoch: [8][550/582]	Time  0.038 ( 0.033)	Loss 5.8027e-02 (9.1785e-02)	Acc pseudo  96.88 ( 96.25)	Lr 1.000e-03 (1.000e-03)
2026-01-16 02:08:48,016 - INFO: Round 6, Face Fine-tune Epoch 8: loss=0.0920, acc(pseudo)=96.23%
2026-01-16 02:09:50,243 - INFO: Round 6, Face Fine-tune Epoch 8: acc(valid_pseudo): 0.9877, acc: 0.8744
2026-01-16 02:09:54,373 - INFO: Epoch: [9][  0/582]	Time  0.524 ( 0.524)	Loss 7.0873e-02 (7.0873e-02)	Acc pseudo  96.88 ( 96.88)	Lr 1.000e-03 (1.000e-03)
2026-01-16 02:09:59,052 - INFO: Epoch: [9][ 50/582]	Time  0.040 ( 0.047)	Loss 8.6358e-02 (8.2930e-02)	Acc pseudo  98.44 ( 96.69)	Lr 1.000e-03 (1.000e-03)
2026-01-16 02:10:03,728 - INFO: Epoch: [9][100/582]	Time  0.038 ( 0.042)	Loss 3.0221e-02 (8.0760e-02)	Acc pseudo  98.44 ( 96.55)	Lr 1.000e-03 (1.000e-03)
2026-01-16 02:10:08,436 - INFO: Epoch: [9][150/582]	Time  0.029 ( 0.040)	Loss 4.4961e-02 (8.2994e-02)	Acc pseudo  98.44 ( 96.48)	Lr 1.000e-03 (1.000e-03)
2026-01-16 02:10:13,135 - INFO: Epoch: [9][200/582]	Time  0.040 ( 0.039)	Loss 6.3774e-02 (8.5989e-02)	Acc pseudo  96.88 ( 96.42)	Lr 1.000e-03 (1.000e-03)
2026-01-16 02:10:17,906 - INFO: Epoch: [9][250/582]	Time  0.036 ( 0.037)	Loss 5.3471e-02 (8.7402e-02)	Acc pseudo  98.44 ( 96.38)	Lr 1.000e-03 (1.000e-03)
2026-01-16 02:10:22,579 - INFO: Epoch: [9][300/582]	Time  0.030 ( 0.036)	Loss 2.6997e-02 (8.6966e-02)	Acc pseudo 100.00 ( 96.30)	Lr 1.000e-03 (1.000e-03)
2026-01-16 02:10:27,265 - INFO: Epoch: [9][350/582]	Time  0.027 ( 0.036)	Loss 5.6733e-02 (8.7358e-02)	Acc pseudo  96.88 ( 96.31)	Lr 1.000e-03 (1.000e-03)
2026-01-16 02:10:31,945 - INFO: Epoch: [9][400/582]	Time  0.029 ( 0.036)	Loss 7.6067e-02 (8.8825e-02)	Acc pseudo  96.88 ( 96.28)	Lr 1.000e-03 (1.000e-03)
2026-01-16 02:10:36,643 - INFO: Epoch: [9][450/582]	Time  0.030 ( 0.035)	Loss 4.1781e-02 (9.2137e-02)	Acc pseudo  98.44 ( 96.18)	Lr 1.000e-03 (1.000e-03)
2026-01-16 02:10:41,322 - INFO: Epoch: [9][500/582]	Time  0.030 ( 0.035)	Loss 7.7573e-02 (9.3545e-02)	Acc pseudo  98.44 ( 96.11)	Lr 1.000e-03 (1.000e-03)
2026-01-16 02:10:46,010 - INFO: Epoch: [9][550/582]	Time  0.033 ( 0.035)	Loss 4.3072e-02 (9.3819e-02)	Acc pseudo  98.44 ( 96.13)	Lr 1.000e-03 (1.000e-03)
2026-01-16 02:10:49,001 - INFO: Round 6, Face Fine-tune Epoch 9: loss=0.0938, acc(pseudo)=96.12%
2026-01-16 02:11:49,241 - INFO: Round 6, Face Fine-tune Epoch 9: acc(valid_pseudo): 0.9877, acc: 0.8754
2026-01-16 02:11:49,241 - INFO: Round 6, Face Fine-tune Epoch 9: No improvement. Patience(epoch): 1/3
2026-01-16 02:11:49,807 - INFO: Epoch: [10][  0/582]	Time  0.512 ( 0.512)	Loss 1.0344e-01 (1.0344e-01)	Acc pseudo  98.44 ( 98.44)	Lr 1.000e-03 (1.000e-03)
2026-01-16 02:11:54,483 - INFO: Epoch: [10][ 50/582]	Time  0.028 ( 0.043)	Loss 1.1533e-01 (1.0286e-01)	Acc pseudo  95.31 ( 96.54)	Lr 1.000e-03 (1.000e-03)
2026-01-16 02:11:59,152 - INFO: Epoch: [10][100/582]	Time  0.030 ( 0.037)	Loss 9.3857e-02 (1.0640e-01)	Acc pseudo  95.31 ( 96.41)	Lr 1.000e-03 (1.000e-03)
2026-01-16 02:12:03,834 - INFO: Epoch: [10][150/582]	Time  0.037 ( 0.037)	Loss 7.8572e-02 (1.0645e-01)	Acc pseudo  96.88 ( 96.16)	Lr 1.000e-03 (1.000e-03)
2026-01-16 02:12:08,515 - INFO: Epoch: [10][200/582]	Time  0.038 ( 0.037)	Loss 1.1431e-01 (1.0642e-01)	Acc pseudo  93.75 ( 95.99)	Lr 1.000e-03 (1.000e-03)
2026-01-16 02:12:13,192 - INFO: Epoch: [10][250/582]	Time  0.039 ( 0.038)	Loss 3.8608e-02 (1.0562e-01)	Acc pseudo  98.44 ( 95.91)	Lr 1.000e-03 (1.000e-03)
2026-01-16 02:12:17,870 - INFO: Epoch: [10][300/582]	Time  0.028 ( 0.036)	Loss 2.7010e-01 (1.0402e-01)	Acc pseudo  98.44 ( 95.90)	Lr 1.000e-03 (1.000e-03)
2026-01-16 02:12:22,546 - INFO: Epoch: [10][350/582]	Time  0.029 ( 0.035)	Loss 1.6774e-01 (1.0415e-01)	Acc pseudo  92.19 ( 95.90)	Lr 1.000e-03 (1.000e-03)
2026-01-16 02:12:27,274 - INFO: Epoch: [10][400/582]	Time  0.027 ( 0.035)	Loss 2.2912e-02 (1.0380e-01)	Acc pseudo 100.00 ( 95.96)	Lr 1.000e-03 (1.000e-03)
2026-01-16 02:12:32,011 - INFO: Epoch: [10][450/582]	Time  0.092 ( 0.034)	Loss 5.1965e-02 (1.0435e-01)	Acc pseudo  98.44 ( 95.96)	Lr 1.000e-03 (1.000e-03)
2026-01-16 02:12:36,694 - INFO: Epoch: [10][500/582]	Time  0.029 ( 0.034)	Loss 1.5474e-01 (1.0526e-01)	Acc pseudo  93.75 ( 95.93)	Lr 1.000e-03 (1.000e-03)
2026-01-16 02:12:41,368 - INFO: Epoch: [10][550/582]	Time  0.029 ( 0.033)	Loss 4.5231e-02 (1.0401e-01)	Acc pseudo  98.44 ( 95.97)	Lr 1.000e-03 (1.000e-03)
2026-01-16 02:12:44,397 - INFO: Round 6, Face Fine-tune Epoch 10: loss=0.1045, acc(pseudo)=95.95%
2026-01-16 02:13:44,153 - INFO: Round 6, Face Fine-tune Epoch 10: acc(valid_pseudo): 0.9866, acc: 0.8754
2026-01-16 02:13:44,153 - INFO: Round 6, Face Fine-tune Epoch 10: No improvement. Patience(epoch): 2/3
2026-01-16 02:13:44,741 - INFO: Epoch: [11][  0/582]	Time  0.562 ( 0.562)	Loss 7.3763e-02 (7.3763e-02)	Acc pseudo  98.44 ( 98.44)	Lr 1.000e-03 (1.000e-03)
2026-01-16 02:13:49,415 - INFO: Epoch: [11][ 50/582]	Time  0.034 ( 0.049)	Loss 2.2002e-01 (1.2129e-01)	Acc pseudo  90.62 ( 95.53)	Lr 1.000e-03 (1.000e-03)
2026-01-16 02:13:54,087 - INFO: Epoch: [11][100/582]	Time  0.029 ( 0.039)	Loss 9.5904e-02 (1.2077e-01)	Acc pseudo  93.75 ( 95.47)	Lr 1.000e-03 (1.000e-03)
2026-01-16 02:13:58,762 - INFO: Epoch: [11][150/582]	Time  0.028 ( 0.036)	Loss 1.0756e-01 (1.2275e-01)	Acc pseudo  93.75 ( 95.44)	Lr 1.000e-03 (1.000e-03)
2026-01-16 02:14:03,493 - INFO: Epoch: [11][200/582]	Time  0.031 ( 0.035)	Loss 7.4853e-02 (1.2462e-01)	Acc pseudo  96.88 ( 95.28)	Lr 1.000e-03 (1.000e-03)
2026-01-16 02:14:08,215 - INFO: Epoch: [11][250/582]	Time  0.028 ( 0.034)	Loss 1.3425e-01 (1.2378e-01)	Acc pseudo  93.75 ( 95.28)	Lr 1.000e-03 (1.000e-03)
2026-01-16 02:14:12,898 - INFO: Epoch: [11][300/582]	Time  0.029 ( 0.033)	Loss 2.2646e-01 (1.2348e-01)	Acc pseudo  89.06 ( 95.35)	Lr 1.000e-03 (1.000e-03)
2026-01-16 02:14:17,576 - INFO: Epoch: [11][350/582]	Time  0.027 ( 0.033)	Loss 8.7067e-02 (1.2543e-01)	Acc pseudo  95.31 ( 95.29)	Lr 1.000e-03 (1.000e-03)
2026-01-16 02:14:22,257 - INFO: Epoch: [11][400/582]	Time  0.029 ( 0.032)	Loss 2.1804e-02 (1.2415e-01)	Acc pseudo 100.00 ( 95.32)	Lr 1.000e-03 (1.000e-03)
2026-01-16 02:14:26,933 - INFO: Epoch: [11][450/582]	Time  0.030 ( 0.032)	Loss 1.0249e-01 (1.2765e-01)	Acc pseudo  95.31 ( 95.22)	Lr 1.000e-03 (1.000e-03)
2026-01-16 02:14:31,613 - INFO: Epoch: [11][500/582]	Time  0.029 ( 0.032)	Loss 1.1973e-01 (1.2811e-01)	Acc pseudo  95.31 ( 95.13)	Lr 1.000e-03 (1.000e-03)
2026-01-16 02:14:36,289 - INFO: Epoch: [11][550/582]	Time  0.027 ( 0.032)	Loss 2.0309e-01 (1.2873e-01)	Acc pseudo  92.19 ( 95.14)	Lr 1.000e-03 (1.000e-03)
2026-01-16 02:14:39,269 - INFO: Round 6, Face Fine-tune Epoch 11: loss=0.1296, acc(pseudo)=95.12%
2026-01-16 02:15:39,303 - INFO: Round 6, Face Fine-tune Epoch 11: acc(valid_pseudo): 0.9870, acc: 0.8783
2026-01-16 02:15:39,303 - INFO: Round 6, Face Fine-tune Epoch 11: No improvement. Patience(epoch): 3/3
2026-01-16 02:15:39,303 - INFO: Early stopping at face epoch 11
2026-01-16 02:15:39,305 - INFO: Round 6: Best face fine-tuned epoch=8, acc(valid_pseudo)=0.9877
2026-01-16 02:15:39,441 - INFO: Using HMM model from previous round: runs/I love my family/exp_video/result/self_supervised/exp0/round5/pseudo_label/hmm_params.pkl
2026-01-16 03:38:41,039 - INFO: Round 6: speaker_acc=0.8795
2026-01-16 03:38:41,046 - INFO: Round 6: face_acc=0.8734
2026-01-16 03:38:41,050 - INFO: ====================
2026-01-16 03:38:41,050 - INFO: Round 7: Fine-tuning iteration
2026-01-16 03:38:41,050 - INFO: ====================
2026-01-16 03:38:41,104 - INFO: Round 7 Part 1: Fine-tuning embedding model
2026-01-16 03:38:41,105 - INFO: Using pseudo-label file: runs/I love my family/exp_video/result/self_supervised/exp0/round6/pseudo_label/pseudo_labels_audio_nested_hmm_full(unreliable_pp=100.0).json
2026-01-16 03:38:41,132 - INFO: For training, Using face pseudo-label file: runs/I love my family/exp_video/result/self_supervised/exp0/round6/pseudo_label/pseudo_labels_faces_mid_frame_train_nested_hmm_full.json
2026-01-16 03:38:41,133 - INFO: For infering, Using face pseudo-label file: runs/I love my family/exp_video/result/self_supervised/exp0/round6/pseudo_label/pseudo_labels_faces_mid_frame_all_nested_hmm_full.json
2026-01-16 03:38:41,285 - INFO: Created face dataloader with 37219 samples
2026-01-16 03:38:41,302 - INFO: Fine-tuning speaker embedding model for 20 epochs...
2026-01-16 03:38:41,919 - INFO: Epoch: [0][  0/301]	Time  0.596 ( 0.596)	Loss 2.0397e-01 (2.0397e-01)	Acc pseudo  95.31 ( 95.31)	Lr 1.000e-03 (1.000e-03)
2026-01-16 03:38:42,116 - INFO: Epoch: [0][ 50/301]	Time  0.004 ( 0.015)	Loss 5.1228e-01 (3.2734e-01)	Acc pseudo  87.50 ( 89.71)	Lr 1.000e-03 (1.000e-03)
2026-01-16 03:38:42,308 - INFO: Epoch: [0][100/301]	Time  0.003 ( 0.010)	Loss 2.1613e-01 (3.2822e-01)	Acc pseudo  95.31 ( 89.77)	Lr 1.000e-03 (1.000e-03)
2026-01-16 03:38:42,492 - INFO: Epoch: [0][150/301]	Time  0.004 ( 0.008)	Loss 2.1826e-01 (3.2690e-01)	Acc pseudo  90.62 ( 89.81)	Lr 1.000e-03 (1.000e-03)
2026-01-16 03:38:42,654 - INFO: Epoch: [0][200/301]	Time  0.003 ( 0.007)	Loss 2.6793e-01 (3.2680e-01)	Acc pseudo  92.19 ( 89.67)	Lr 1.000e-03 (1.000e-03)
2026-01-16 03:38:42,836 - INFO: Epoch: [0][250/301]	Time  0.004 ( 0.006)	Loss 1.9637e-01 (3.3336e-01)	Acc pseudo  93.75 ( 89.54)	Lr 1.000e-03 (1.000e-03)
2026-01-16 03:38:43,019 - INFO: Epoch: [0][300/301]	Time  0.003 ( 0.006)	Loss 2.6122e-01 (3.3035e-01)	Acc pseudo  96.00 ( 89.71)	Lr 1.000e-03 (1.000e-03)
2026-01-16 03:38:43,088 - INFO: Round 7, Fine-tune Epoch 0: loss=0.3303, acc(pseudo)=89.71%
2026-01-16 03:38:52,836 - INFO: Round 7, Fine-tune Epoch 0: acc(valid_pseudo): 0.9638, acc: 0.8600
2026-01-16 03:38:53,986 - INFO: Epoch: [1][  0/301]	Time  0.265 ( 0.265)	Loss 3.1181e-01 (3.1181e-01)	Acc pseudo  85.94 ( 85.94)	Lr 1.000e-03 (1.000e-03)
2026-01-16 03:38:54,167 - INFO: Epoch: [1][ 50/301]	Time  0.003 ( 0.009)	Loss 1.8592e-01 (2.6771e-01)	Acc pseudo  95.31 ( 91.33)	Lr 1.000e-03 (1.000e-03)
2026-01-16 03:38:54,328 - INFO: Epoch: [1][100/301]	Time  0.003 ( 0.006)	Loss 2.1984e-01 (2.6940e-01)	Acc pseudo  95.31 ( 91.10)	Lr 1.000e-03 (1.000e-03)
2026-01-16 03:38:54,486 - INFO: Epoch: [1][150/301]	Time  0.004 ( 0.005)	Loss 3.4207e-01 (2.7534e-01)	Acc pseudo  90.62 ( 90.94)	Lr 1.000e-03 (1.000e-03)
2026-01-16 03:38:54,641 - INFO: Epoch: [1][200/301]	Time  0.003 ( 0.004)	Loss 2.7221e-01 (2.8357e-01)	Acc pseudo  90.62 ( 90.77)	Lr 1.000e-03 (1.000e-03)
2026-01-16 03:38:54,793 - INFO: Epoch: [1][250/301]	Time  0.003 ( 0.004)	Loss 1.9297e-01 (2.8890e-01)	Acc pseudo  93.75 ( 90.56)	Lr 1.000e-03 (1.000e-03)
2026-01-16 03:38:54,936 - INFO: Epoch: [1][300/301]	Time  0.002 ( 0.004)	Loss 2.3323e-01 (2.9121e-01)	Acc pseudo  96.00 ( 90.51)	Lr 1.000e-03 (1.000e-03)
2026-01-16 03:38:55,008 - INFO: Round 7, Fine-tune Epoch 1: loss=0.2912, acc(pseudo)=90.51%
2026-01-16 03:39:03,911 - INFO: Round 7, Fine-tune Epoch 1: acc(valid_pseudo): 0.9574, acc: 0.8380
2026-01-16 03:39:03,911 - INFO: Round 7, Speaker Fine-tune Epoch 1: No improvement in validation accuracy. Patience(epoch): 1/3
2026-01-16 03:39:04,168 - INFO: Epoch: [2][  0/301]	Time  0.251 ( 0.251)	Loss 4.4647e-01 (4.4647e-01)	Acc pseudo  90.62 ( 90.62)	Lr 1.000e-03 (1.000e-03)
2026-01-16 03:39:04,347 - INFO: Epoch: [2][ 50/301]	Time  0.003 ( 0.008)	Loss 3.1437e-01 (2.8353e-01)	Acc pseudo  92.19 ( 91.12)	Lr 1.000e-03 (1.000e-03)
2026-01-16 03:39:04,527 - INFO: Epoch: [2][100/301]	Time  0.003 ( 0.006)	Loss 2.3887e-01 (2.6569e-01)	Acc pseudo  89.06 ( 91.41)	Lr 1.000e-03 (1.000e-03)
2026-01-16 03:39:04,700 - INFO: Epoch: [2][150/301]	Time  0.004 ( 0.005)	Loss 3.1699e-01 (2.6855e-01)	Acc pseudo  93.75 ( 91.34)	Lr 1.000e-03 (1.000e-03)
2026-01-16 03:39:04,869 - INFO: Epoch: [2][200/301]	Time  0.003 ( 0.005)	Loss 2.8121e-01 (2.6535e-01)	Acc pseudo  92.19 ( 91.43)	Lr 1.000e-03 (1.000e-03)
2026-01-16 03:39:05,027 - INFO: Epoch: [2][250/301]	Time  0.003 ( 0.004)	Loss 1.9933e-01 (2.7335e-01)	Acc pseudo  89.06 ( 91.15)	Lr 1.000e-03 (1.000e-03)
2026-01-16 03:39:05,187 - INFO: Epoch: [2][300/301]	Time  0.002 ( 0.004)	Loss 7.0961e-02 (2.7718e-01)	Acc pseudo 100.00 ( 90.92)	Lr 1.000e-03 (1.000e-03)
2026-01-16 03:39:05,256 - INFO: Round 7, Fine-tune Epoch 2: loss=0.2772, acc(pseudo)=90.92%
2026-01-16 03:39:13,851 - INFO: Round 7, Fine-tune Epoch 2: acc(valid_pseudo): 0.9662, acc: 0.8545
2026-01-16 03:39:15,017 - INFO: Epoch: [3][  0/301]	Time  0.264 ( 0.264)	Loss 3.2974e-01 (3.2974e-01)	Acc pseudo  82.81 ( 82.81)	Lr 1.000e-03 (1.000e-03)
2026-01-16 03:39:15,201 - INFO: Epoch: [3][ 50/301]	Time  0.003 ( 0.009)	Loss 3.6741e-01 (2.8749e-01)	Acc pseudo  84.38 ( 90.20)	Lr 1.000e-03 (1.000e-03)
2026-01-16 03:39:15,358 - INFO: Epoch: [3][100/301]	Time  0.003 ( 0.006)	Loss 9.4644e-02 (2.8697e-01)	Acc pseudo  98.44 ( 90.30)	Lr 1.000e-03 (1.000e-03)
2026-01-16 03:39:15,514 - INFO: Epoch: [3][150/301]	Time  0.003 ( 0.005)	Loss 2.0302e-01 (2.8331e-01)	Acc pseudo  92.19 ( 90.34)	Lr 1.000e-03 (1.000e-03)
2026-01-16 03:39:15,663 - INFO: Epoch: [3][200/301]	Time  0.003 ( 0.004)	Loss 1.9550e-01 (2.7919e-01)	Acc pseudo  92.19 ( 90.59)	Lr 1.000e-03 (1.000e-03)
2026-01-16 03:39:15,811 - INFO: Epoch: [3][250/301]	Time  0.003 ( 0.004)	Loss 1.2178e-01 (2.7528e-01)	Acc pseudo  96.88 ( 90.77)	Lr 1.000e-03 (1.000e-03)
2026-01-16 03:39:15,954 - INFO: Epoch: [3][300/301]	Time  0.002 ( 0.004)	Loss 2.0227e-01 (2.7485e-01)	Acc pseudo  92.00 ( 90.75)	Lr 1.000e-03 (1.000e-03)
2026-01-16 03:39:16,020 - INFO: Round 7, Fine-tune Epoch 3: loss=0.2748, acc(pseudo)=90.75%
2026-01-16 03:39:25,737 - INFO: Round 7, Fine-tune Epoch 3: acc(valid_pseudo): 0.9603, acc: 0.8550
2026-01-16 03:39:25,737 - INFO: Round 7, Speaker Fine-tune Epoch 3: No improvement in validation accuracy. Patience(epoch): 1/3
2026-01-16 03:39:26,183 - INFO: Epoch: [4][  0/301]	Time  0.438 ( 0.438)	Loss 3.6843e-01 (3.6843e-01)	Acc pseudo  89.06 ( 89.06)	Lr 1.000e-03 (1.000e-03)
2026-01-16 03:39:26,421 - INFO: Epoch: [4][ 50/301]	Time  0.004 ( 0.013)	Loss 2.3857e-01 (2.7123e-01)	Acc pseudo  87.50 ( 90.75)	Lr 1.000e-03 (1.000e-03)
2026-01-16 03:39:26,616 - INFO: Epoch: [4][100/301]	Time  0.004 ( 0.009)	Loss 3.7870e-01 (2.8113e-01)	Acc pseudo  85.94 ( 90.58)	Lr 1.000e-03 (1.000e-03)
2026-01-16 03:39:26,807 - INFO: Epoch: [4][150/301]	Time  0.003 ( 0.007)	Loss 3.1889e-01 (2.8179e-01)	Acc pseudo  87.50 ( 90.53)	Lr 1.000e-03 (1.000e-03)
2026-01-16 03:39:26,963 - INFO: Epoch: [4][200/301]	Time  0.003 ( 0.006)	Loss 2.3173e-01 (2.8045e-01)	Acc pseudo  90.62 ( 90.65)	Lr 1.000e-03 (1.000e-03)
2026-01-16 03:39:27,125 - INFO: Epoch: [4][250/301]	Time  0.003 ( 0.005)	Loss 1.9544e-01 (2.8508e-01)	Acc pseudo  93.75 ( 90.45)	Lr 1.000e-03 (1.000e-03)
2026-01-16 03:39:27,268 - INFO: Epoch: [4][300/301]	Time  0.002 ( 0.005)	Loss 3.1465e-01 (2.9086e-01)	Acc pseudo  88.00 ( 90.34)	Lr 1.000e-03 (1.000e-03)
2026-01-16 03:39:27,337 - INFO: Round 7, Fine-tune Epoch 4: loss=0.2909, acc(pseudo)=90.34%
2026-01-16 03:39:35,698 - INFO: Round 7, Fine-tune Epoch 4: acc(valid_pseudo): 0.9630, acc: 0.8525
2026-01-16 03:39:35,698 - INFO: Round 7, Speaker Fine-tune Epoch 4: No improvement in validation accuracy. Patience(epoch): 2/3
2026-01-16 03:39:35,968 - INFO: Epoch: [5][  0/301]	Time  0.263 ( 0.263)	Loss 2.9404e-01 (2.9404e-01)	Acc pseudo  90.62 ( 90.62)	Lr 1.000e-03 (1.000e-03)
2026-01-16 03:39:36,171 - INFO: Epoch: [5][ 50/301]	Time  0.004 ( 0.009)	Loss 2.2076e-01 (2.7141e-01)	Acc pseudo  90.62 ( 91.30)	Lr 1.000e-03 (1.000e-03)
2026-01-16 03:39:36,329 - INFO: Epoch: [5][100/301]	Time  0.003 ( 0.006)	Loss 2.4556e-01 (2.6910e-01)	Acc pseudo  89.06 ( 90.87)	Lr 1.000e-03 (1.000e-03)
2026-01-16 03:39:36,488 - INFO: Epoch: [5][150/301]	Time  0.004 ( 0.005)	Loss 2.2507e-01 (2.6767e-01)	Acc pseudo  89.06 ( 91.18)	Lr 1.000e-03 (1.000e-03)
2026-01-16 03:39:36,650 - INFO: Epoch: [5][200/301]	Time  0.003 ( 0.005)	Loss 2.5707e-01 (2.7795e-01)	Acc pseudo  85.94 ( 90.76)	Lr 1.000e-03 (1.000e-03)
2026-01-16 03:39:36,812 - INFO: Epoch: [5][250/301]	Time  0.003 ( 0.004)	Loss 4.0306e-01 (2.8408e-01)	Acc pseudo  81.25 ( 90.62)	Lr 1.000e-03 (1.000e-03)
2026-01-16 03:39:36,994 - INFO: Epoch: [5][300/301]	Time  0.002 ( 0.004)	Loss 6.8252e-01 (2.9367e-01)	Acc pseudo  84.00 ( 90.34)	Lr 1.000e-03 (1.000e-03)
2026-01-16 03:39:37,065 - INFO: Round 7, Fine-tune Epoch 5: loss=0.2937, acc(pseudo)=90.34%
2026-01-16 03:39:45,111 - INFO: Round 7, Fine-tune Epoch 5: acc(valid_pseudo): 0.9542, acc: 0.8500
2026-01-16 03:39:45,111 - INFO: Round 7, Speaker Fine-tune Epoch 5: No improvement in validation accuracy. Patience(epoch): 3/3
2026-01-16 03:39:45,111 - INFO: Early stopping at epoch 5 due to no improvement in validation accuracy for 3 epochs.
2026-01-16 03:39:45,113 - INFO: Round 7: Best speaker fine-tuned epoch=2, acc(valid_pseudo)=0.9662
2026-01-16 03:39:45,120 - INFO: Fine-tuning face embedding model for 20 epochs...
2026-01-16 03:39:46,384 - INFO: Epoch: [0][  0/582]	Time  1.236 ( 1.236)	Loss 2.0191e-02 (2.0191e-02)	Acc pseudo  98.44 ( 98.44)	Lr 1.000e-03 (1.000e-03)
2026-01-16 03:39:51,080 - INFO: Epoch: [0][ 50/582]	Time  0.039 ( 0.067)	Loss 1.8275e-01 (1.2967e-01)	Acc pseudo  95.31 ( 96.94)	Lr 1.000e-03 (1.000e-03)
2026-01-16 03:39:55,722 - INFO: Epoch: [0][100/582]	Time  0.039 ( 0.050)	Loss 9.4124e-02 (1.3291e-01)	Acc pseudo  95.31 ( 96.36)	Lr 1.000e-03 (1.000e-03)
2026-01-16 03:40:00,371 - INFO: Epoch: [0][150/582]	Time  0.037 ( 0.046)	Loss 6.4959e-02 (1.3755e-01)	Acc pseudo  98.44 ( 96.23)	Lr 1.000e-03 (1.000e-03)
2026-01-16 03:40:05,017 - INFO: Epoch: [0][200/582]	Time  0.028 ( 0.042)	Loss 1.5580e-01 (1.2991e-01)	Acc pseudo  98.44 ( 96.16)	Lr 1.000e-03 (1.000e-03)
2026-01-16 03:40:10,671 - INFO: Epoch: [0][250/582]	Time  0.030 ( 0.045)	Loss 1.2842e-01 (1.2424e-01)	Acc pseudo  93.75 ( 96.12)	Lr 1.000e-03 (1.000e-03)
2026-01-16 03:40:16,221 - INFO: Epoch: [0][300/582]	Time  0.028 ( 0.045)	Loss 2.7954e-02 (1.1985e-01)	Acc pseudo 100.00 ( 96.17)	Lr 1.000e-03 (1.000e-03)
2026-01-16 03:40:20,870 - INFO: Epoch: [0][350/582]	Time  0.035 ( 0.043)	Loss 8.5676e-02 (1.2029e-01)	Acc pseudo  95.31 ( 96.14)	Lr 1.000e-03 (1.000e-03)
2026-01-16 03:40:25,527 - INFO: Epoch: [0][400/582]	Time  0.033 ( 0.042)	Loss 5.3138e-02 (1.2003e-01)	Acc pseudo  98.44 ( 96.08)	Lr 1.000e-03 (1.000e-03)
2026-01-16 03:40:30,188 - INFO: Epoch: [0][450/582]	Time  0.029 ( 0.041)	Loss 8.5014e-02 (1.1681e-01)	Acc pseudo  92.19 ( 96.03)	Lr 1.000e-03 (1.000e-03)
2026-01-16 03:40:34,850 - INFO: Epoch: [0][500/582]	Time  0.029 ( 0.039)	Loss 1.1103e-01 (1.1602e-01)	Acc pseudo  93.75 ( 96.02)	Lr 1.000e-03 (1.000e-03)
2026-01-16 03:40:39,515 - INFO: Epoch: [0][550/582]	Time  0.034 ( 0.039)	Loss 1.5384e-01 (1.1472e-01)	Acc pseudo  92.19 ( 96.04)	Lr 1.000e-03 (1.000e-03)
2026-01-16 03:40:42,502 - INFO: Round 7, Face Fine-tune Epoch 0: loss=0.1168, acc(pseudo)=96.02%
2026-01-16 03:41:42,672 - INFO: Round 7, Face Fine-tune Epoch 0: acc(valid_pseudo): 0.9850, acc: 0.8783
2026-01-16 03:41:44,466 - INFO: Epoch: [1][  0/582]	Time  0.516 ( 0.516)	Loss 4.4733e-01 (4.4733e-01)	Acc pseudo  95.31 ( 95.31)	Lr 1.000e-03 (1.000e-03)
2026-01-16 03:41:49,126 - INFO: Epoch: [1][ 50/582]	Time  0.028 ( 0.040)	Loss 5.0978e-02 (1.0697e-01)	Acc pseudo  96.88 ( 96.32)	Lr 1.000e-03 (1.000e-03)
2026-01-16 03:41:53,786 - INFO: Epoch: [1][100/582]	Time  0.053 ( 0.036)	Loss 6.6227e-02 (1.0372e-01)	Acc pseudo  96.88 ( 96.23)	Lr 1.000e-03 (1.000e-03)
2026-01-16 03:41:58,461 - INFO: Epoch: [1][150/582]	Time  0.039 ( 0.037)	Loss 6.0016e-02 (9.8360e-02)	Acc pseudo  95.31 ( 96.27)	Lr 1.000e-03 (1.000e-03)
2026-01-16 03:42:03,136 - INFO: Epoch: [1][200/582]	Time  0.038 ( 0.038)	Loss 7.8006e-02 (1.0362e-01)	Acc pseudo  96.88 ( 96.21)	Lr 1.000e-03 (1.000e-03)
2026-01-16 03:42:07,813 - INFO: Epoch: [1][250/582]	Time  0.039 ( 0.038)	Loss 1.4845e-01 (1.0670e-01)	Acc pseudo  90.62 ( 96.00)	Lr 1.000e-03 (1.000e-03)
2026-01-16 03:42:12,493 - INFO: Epoch: [1][300/582]	Time  0.046 ( 0.038)	Loss 6.0376e-02 (1.0559e-01)	Acc pseudo  98.44 ( 96.01)	Lr 1.000e-03 (1.000e-03)
2026-01-16 03:42:17,170 - INFO: Epoch: [1][350/582]	Time  0.040 ( 0.038)	Loss 6.8726e-02 (1.0571e-01)	Acc pseudo  92.19 ( 95.92)	Lr 1.000e-03 (1.000e-03)
2026-01-16 03:42:21,843 - INFO: Epoch: [1][400/582]	Time  0.030 ( 0.037)	Loss 5.8836e-02 (1.0540e-01)	Acc pseudo  96.88 ( 95.90)	Lr 1.000e-03 (1.000e-03)
2026-01-16 03:42:26,512 - INFO: Epoch: [1][450/582]	Time  0.027 ( 0.037)	Loss 1.4198e-01 (1.0530e-01)	Acc pseudo  93.75 ( 95.90)	Lr 1.000e-03 (1.000e-03)
2026-01-16 03:42:31,176 - INFO: Epoch: [1][500/582]	Time  0.029 ( 0.036)	Loss 1.9071e-01 (1.0687e-01)	Acc pseudo  92.19 ( 95.91)	Lr 1.000e-03 (1.000e-03)
2026-01-16 03:42:35,854 - INFO: Epoch: [1][550/582]	Time  0.041 ( 0.036)	Loss 2.2073e-01 (1.0683e-01)	Acc pseudo  93.75 ( 95.92)	Lr 1.000e-03 (1.000e-03)
2026-01-16 03:42:38,866 - INFO: Round 7, Face Fine-tune Epoch 1: loss=0.1071, acc(pseudo)=95.92%
2026-01-16 03:43:41,083 - INFO: Round 7, Face Fine-tune Epoch 1: acc(valid_pseudo): 0.9852, acc: 0.8773
2026-01-16 03:43:44,337 - INFO: Epoch: [2][  0/582]	Time  0.724 ( 0.724)	Loss 6.5225e-02 (6.5225e-02)	Acc pseudo  95.31 ( 95.31)	Lr 1.000e-03 (1.000e-03)
2026-01-16 03:43:49,005 - INFO: Epoch: [2][ 50/582]	Time  0.029 ( 0.046)	Loss 1.0020e-01 (1.0998e-01)	Acc pseudo  93.75 ( 96.11)	Lr 1.000e-03 (1.000e-03)
2026-01-16 03:43:53,666 - INFO: Epoch: [2][100/582]	Time  0.040 ( 0.038)	Loss 1.1453e-01 (1.0127e-01)	Acc pseudo  93.75 ( 95.99)	Lr 1.000e-03 (1.000e-03)
2026-01-16 03:43:58,339 - INFO: Epoch: [2][150/582]	Time  0.035 ( 0.037)	Loss 3.2035e-02 (1.0534e-01)	Acc pseudo  98.44 ( 96.03)	Lr 1.000e-03 (1.000e-03)
2026-01-16 03:44:03,009 - INFO: Epoch: [2][200/582]	Time  0.030 ( 0.036)	Loss 1.3975e-01 (1.0423e-01)	Acc pseudo  93.75 ( 95.96)	Lr 1.000e-03 (1.000e-03)
2026-01-16 03:44:07,679 - INFO: Epoch: [2][250/582]	Time  0.030 ( 0.035)	Loss 6.6104e-02 (1.0527e-01)	Acc pseudo  93.75 ( 95.94)	Lr 1.000e-03 (1.000e-03)
2026-01-16 03:44:12,355 - INFO: Epoch: [2][300/582]	Time  0.028 ( 0.034)	Loss 2.3401e-02 (1.0772e-01)	Acc pseudo  98.44 ( 95.89)	Lr 1.000e-03 (1.000e-03)
2026-01-16 03:44:17,025 - INFO: Epoch: [2][350/582]	Time  0.029 ( 0.034)	Loss 1.0700e-01 (1.0678e-01)	Acc pseudo  96.88 ( 95.93)	Lr 1.000e-03 (1.000e-03)
2026-01-16 03:44:21,690 - INFO: Epoch: [2][400/582]	Time  0.028 ( 0.033)	Loss 1.0728e-01 (1.0593e-01)	Acc pseudo  95.31 ( 95.93)	Lr 1.000e-03 (1.000e-03)
2026-01-16 03:44:26,360 - INFO: Epoch: [2][450/582]	Time  0.029 ( 0.033)	Loss 1.0776e-01 (1.0539e-01)	Acc pseudo  98.44 ( 95.92)	Lr 1.000e-03 (1.000e-03)
2026-01-16 03:44:31,029 - INFO: Epoch: [2][500/582]	Time  0.027 ( 0.033)	Loss 2.0058e-01 (1.0547e-01)	Acc pseudo  90.62 ( 95.86)	Lr 1.000e-03 (1.000e-03)
2026-01-16 03:44:35,704 - INFO: Epoch: [2][550/582]	Time  0.028 ( 0.033)	Loss 2.0835e-01 (1.0588e-01)	Acc pseudo  98.44 ( 95.90)	Lr 1.000e-03 (1.000e-03)
2026-01-16 03:44:38,678 - INFO: Round 7, Face Fine-tune Epoch 2: loss=0.1056, acc(pseudo)=95.91%
2026-01-16 03:45:37,842 - INFO: Round 7, Face Fine-tune Epoch 2: acc(valid_pseudo): 0.9843, acc: 0.8763
2026-01-16 03:45:37,842 - INFO: Round 7, Face Fine-tune Epoch 2: No improvement. Patience(epoch): 1/3
2026-01-16 03:45:38,398 - INFO: Epoch: [3][  0/582]	Time  0.520 ( 0.520)	Loss 3.3696e-02 (3.3696e-02)	Acc pseudo  98.44 ( 98.44)	Lr 1.000e-03 (1.000e-03)
2026-01-16 03:45:43,070 - INFO: Epoch: [3][ 50/582]	Time  0.028 ( 0.042)	Loss 6.7467e-02 (9.9862e-02)	Acc pseudo  95.31 ( 96.32)	Lr 1.000e-03 (1.000e-03)
2026-01-16 03:45:47,735 - INFO: Epoch: [3][100/582]	Time  0.029 ( 0.036)	Loss 9.7886e-02 (9.9470e-02)	Acc pseudo  95.31 ( 96.26)	Lr 1.000e-03 (1.000e-03)
2026-01-16 03:45:52,412 - INFO: Epoch: [3][150/582]	Time  0.028 ( 0.034)	Loss 3.7157e-02 (9.8799e-02)	Acc pseudo  98.44 ( 96.09)	Lr 1.000e-03 (1.000e-03)
2026-01-16 03:45:57,088 - INFO: Epoch: [3][200/582]	Time  0.029 ( 0.033)	Loss 1.3925e-01 (9.8715e-02)	Acc pseudo  93.75 ( 96.07)	Lr 1.000e-03 (1.000e-03)
2026-01-16 03:46:01,770 - INFO: Epoch: [3][250/582]	Time  0.029 ( 0.034)	Loss 4.2952e-02 (1.0114e-01)	Acc pseudo  98.44 ( 96.05)	Lr 1.000e-03 (1.000e-03)
2026-01-16 03:46:06,443 - INFO: Epoch: [3][300/582]	Time  0.030 ( 0.033)	Loss 2.3655e-01 (9.9580e-02)	Acc pseudo  92.19 ( 96.03)	Lr 1.000e-03 (1.000e-03)
2026-01-16 03:46:11,185 - INFO: Epoch: [3][350/582]	Time  0.045 ( 0.033)	Loss 4.9174e-02 (9.8781e-02)	Acc pseudo  96.88 ( 96.05)	Lr 1.000e-03 (1.000e-03)
2026-01-16 03:46:15,892 - INFO: Epoch: [3][400/582]	Time  0.045 ( 0.032)	Loss 7.0214e-02 (9.8007e-02)	Acc pseudo  95.31 ( 96.11)	Lr 1.000e-03 (1.000e-03)
2026-01-16 03:46:20,601 - INFO: Epoch: [3][450/582]	Time  0.037 ( 0.032)	Loss 7.5942e-02 (1.0080e-01)	Acc pseudo  96.88 ( 96.01)	Lr 1.000e-03 (1.000e-03)
2026-01-16 03:46:25,292 - INFO: Epoch: [3][500/582]	Time  0.031 ( 0.033)	Loss 1.9881e-01 (1.0087e-01)	Acc pseudo  93.75 ( 96.04)	Lr 1.000e-03 (1.000e-03)
2026-01-16 03:46:29,978 - INFO: Epoch: [3][550/582]	Time  0.041 ( 0.034)	Loss 4.0812e-02 (1.0068e-01)	Acc pseudo  95.31 ( 96.04)	Lr 1.000e-03 (1.000e-03)
2026-01-16 03:46:32,967 - INFO: Round 7, Face Fine-tune Epoch 3: loss=0.1012, acc(pseudo)=96.03%
2026-01-16 03:47:33,736 - INFO: Round 7, Face Fine-tune Epoch 3: acc(valid_pseudo): 0.9860, acc: 0.8734
2026-01-16 03:47:35,652 - INFO: Epoch: [4][  0/582]	Time  0.494 ( 0.494)	Loss 4.4498e-01 (4.4498e-01)	Acc pseudo  92.19 ( 92.19)	Lr 1.000e-03 (1.000e-03)
2026-01-16 03:47:40,319 - INFO: Epoch: [4][ 50/582]	Time  0.028 ( 0.040)	Loss 6.7499e-02 (1.0615e-01)	Acc pseudo  95.31 ( 95.68)	Lr 1.000e-03 (1.000e-03)
2026-01-16 03:47:44,978 - INFO: Epoch: [4][100/582]	Time  0.027 ( 0.035)	Loss 3.5326e-01 (1.0614e-01)	Acc pseudo  93.75 ( 95.81)	Lr 1.000e-03 (1.000e-03)
2026-01-16 03:47:49,715 - INFO: Epoch: [4][150/582]	Time  0.031 ( 0.034)	Loss 7.1997e-02 (1.0590e-01)	Acc pseudo  98.44 ( 95.87)	Lr 1.000e-03 (1.000e-03)
2026-01-16 03:47:54,418 - INFO: Epoch: [4][200/582]	Time  0.042 ( 0.034)	Loss 1.1549e-01 (1.1030e-01)	Acc pseudo  96.88 ( 95.84)	Lr 1.000e-03 (1.000e-03)
2026-01-16 03:47:59,087 - INFO: Epoch: [4][250/582]	Time  0.028 ( 0.033)	Loss 5.0033e-02 (1.0804e-01)	Acc pseudo  98.44 ( 95.81)	Lr 1.000e-03 (1.000e-03)
2026-01-16 03:48:03,757 - INFO: Epoch: [4][300/582]	Time  0.028 ( 0.033)	Loss 7.5562e-02 (1.0841e-01)	Acc pseudo  96.88 ( 95.78)	Lr 1.000e-03 (1.000e-03)
2026-01-16 03:48:08,426 - INFO: Epoch: [4][350/582]	Time  0.028 ( 0.032)	Loss 2.8109e-02 (1.0432e-01)	Acc pseudo  98.44 ( 95.90)	Lr 1.000e-03 (1.000e-03)
2026-01-16 03:48:13,099 - INFO: Epoch: [4][400/582]	Time  0.041 ( 0.032)	Loss 1.4685e-01 (1.0436e-01)	Acc pseudo  93.75 ( 95.85)	Lr 1.000e-03 (1.000e-03)
2026-01-16 03:48:17,770 - INFO: Epoch: [4][450/582]	Time  0.028 ( 0.032)	Loss 8.7411e-02 (1.0337e-01)	Acc pseudo  95.31 ( 95.88)	Lr 1.000e-03 (1.000e-03)
2026-01-16 03:48:22,439 - INFO: Epoch: [4][500/582]	Time  0.030 ( 0.032)	Loss 5.9918e-02 (1.0302e-01)	Acc pseudo  98.44 ( 95.87)	Lr 1.000e-03 (1.000e-03)
2026-01-16 03:48:27,120 - INFO: Epoch: [4][550/582]	Time  0.044 ( 0.033)	Loss 4.1043e-02 (1.0198e-01)	Acc pseudo  98.44 ( 95.90)	Lr 1.000e-03 (1.000e-03)
2026-01-16 03:48:30,127 - INFO: Round 7, Face Fine-tune Epoch 4: loss=0.1011, acc(pseudo)=95.93%
2026-01-16 03:49:28,707 - INFO: Round 7, Face Fine-tune Epoch 4: acc(valid_pseudo): 0.9869, acc: 0.8734
2026-01-16 03:49:30,928 - INFO: Epoch: [5][  0/582]	Time  0.514 ( 0.514)	Loss 2.4995e-01 (2.4995e-01)	Acc pseudo  93.75 ( 93.75)	Lr 1.000e-03 (1.000e-03)
2026-01-16 03:49:35,603 - INFO: Epoch: [5][ 50/582]	Time  0.031 ( 0.042)	Loss 5.6238e-02 (9.7422e-02)	Acc pseudo  98.44 ( 96.29)	Lr 1.000e-03 (1.000e-03)
2026-01-16 03:49:40,281 - INFO: Epoch: [5][100/582]	Time  0.030 ( 0.038)	Loss 4.8890e-02 (9.6391e-02)	Acc pseudo  96.88 ( 96.49)	Lr 1.000e-03 (1.000e-03)
2026-01-16 03:49:44,954 - INFO: Epoch: [5][150/582]	Time  0.037 ( 0.035)	Loss 4.5321e-02 (9.0883e-02)	Acc pseudo  98.44 ( 96.69)	Lr 1.000e-03 (1.000e-03)
2026-01-16 03:49:49,631 - INFO: Epoch: [5][200/582]	Time  0.029 ( 0.035)	Loss 7.3828e-02 (8.8483e-02)	Acc pseudo  95.31 ( 96.53)	Lr 1.000e-03 (1.000e-03)
2026-01-16 03:49:54,303 - INFO: Epoch: [5][250/582]	Time  0.034 ( 0.034)	Loss 7.1977e-02 (8.7471e-02)	Acc pseudo  93.75 ( 96.66)	Lr 1.000e-03 (1.000e-03)
2026-01-16 03:49:58,974 - INFO: Epoch: [5][300/582]	Time  0.030 ( 0.033)	Loss 1.9879e-01 (9.0308e-02)	Acc pseudo  96.88 ( 96.66)	Lr 1.000e-03 (1.000e-03)
2026-01-16 03:50:03,643 - INFO: Epoch: [5][350/582]	Time  0.030 ( 0.033)	Loss 1.5932e-02 (9.3689e-02)	Acc pseudo 100.00 ( 96.53)	Lr 1.000e-03 (1.000e-03)
2026-01-16 03:50:08,313 - INFO: Epoch: [5][400/582]	Time  0.029 ( 0.032)	Loss 7.8959e-02 (9.3251e-02)	Acc pseudo  95.31 ( 96.51)	Lr 1.000e-03 (1.000e-03)
2026-01-16 03:50:12,991 - INFO: Epoch: [5][450/582]	Time  0.028 ( 0.032)	Loss 5.1320e-02 (9.3256e-02)	Acc pseudo  96.88 ( 96.47)	Lr 1.000e-03 (1.000e-03)
2026-01-16 03:50:17,666 - INFO: Epoch: [5][500/582]	Time  0.028 ( 0.032)	Loss 3.4538e-02 (9.3124e-02)	Acc pseudo  98.44 ( 96.41)	Lr 1.000e-03 (1.000e-03)
2026-01-16 03:50:22,338 - INFO: Epoch: [5][550/582]	Time  0.028 ( 0.031)	Loss 1.4225e-01 (9.3026e-02)	Acc pseudo  90.62 ( 96.42)	Lr 1.000e-03 (1.000e-03)
2026-01-16 03:50:25,318 - INFO: Round 7, Face Fine-tune Epoch 5: loss=0.0949, acc(pseudo)=96.36%
2026-01-16 03:51:24,499 - INFO: Round 7, Face Fine-tune Epoch 5: acc(valid_pseudo): 0.9862, acc: 0.8763
2026-01-16 03:51:24,499 - INFO: Round 7, Face Fine-tune Epoch 5: No improvement. Patience(epoch): 1/3
2026-01-16 03:51:25,066 - INFO: Epoch: [6][  0/582]	Time  0.512 ( 0.512)	Loss 6.4907e-02 (6.4907e-02)	Acc pseudo  95.31 ( 95.31)	Lr 1.000e-03 (1.000e-03)
2026-01-16 03:51:29,740 - INFO: Epoch: [6][ 50/582]	Time  0.031 ( 0.042)	Loss 2.0467e-02 (7.2234e-02)	Acc pseudo  98.44 ( 97.12)	Lr 1.000e-03 (1.000e-03)
2026-01-16 03:51:34,415 - INFO: Epoch: [6][100/582]	Time  0.029 ( 0.036)	Loss 1.5709e-01 (8.3403e-02)	Acc pseudo  93.75 ( 96.84)	Lr 1.000e-03 (1.000e-03)
2026-01-16 03:51:39,105 - INFO: Epoch: [6][150/582]	Time  0.029 ( 0.034)	Loss 4.5957e-02 (9.3854e-02)	Acc pseudo  98.44 ( 96.33)	Lr 1.000e-03 (1.000e-03)
2026-01-16 03:51:43,795 - INFO: Epoch: [6][200/582]	Time  0.029 ( 0.033)	Loss 1.1892e-01 (9.8397e-02)	Acc pseudo  93.75 ( 96.13)	Lr 1.000e-03 (1.000e-03)
2026-01-16 03:51:48,546 - INFO: Epoch: [6][250/582]	Time  0.031 ( 0.033)	Loss 6.8649e-02 (1.0115e-01)	Acc pseudo  95.31 ( 96.10)	Lr 1.000e-03 (1.000e-03)
2026-01-16 03:51:53,236 - INFO: Epoch: [6][300/582]	Time  0.030 ( 0.032)	Loss 3.1293e-02 (9.7769e-02)	Acc pseudo  98.44 ( 96.22)	Lr 1.000e-03 (1.000e-03)
2026-01-16 03:51:57,922 - INFO: Epoch: [6][350/582]	Time  0.029 ( 0.032)	Loss 1.5202e-01 (9.7701e-02)	Acc pseudo  92.19 ( 96.25)	Lr 1.000e-03 (1.000e-03)
2026-01-16 03:52:02,608 - INFO: Epoch: [6][400/582]	Time  0.031 ( 0.032)	Loss 1.1628e-01 (9.6064e-02)	Acc pseudo  95.31 ( 96.24)	Lr 1.000e-03 (1.000e-03)
2026-01-16 03:52:07,289 - INFO: Epoch: [6][450/582]	Time  0.031 ( 0.032)	Loss 7.3253e-02 (9.6986e-02)	Acc pseudo  93.75 ( 96.19)	Lr 1.000e-03 (1.000e-03)
2026-01-16 03:52:11,968 - INFO: Epoch: [6][500/582]	Time  0.029 ( 0.032)	Loss 1.5293e-01 (9.6699e-02)	Acc pseudo  89.06 ( 96.18)	Lr 1.000e-03 (1.000e-03)
2026-01-16 03:52:16,638 - INFO: Epoch: [6][550/582]	Time  0.028 ( 0.032)	Loss 4.3594e-02 (9.4823e-02)	Acc pseudo  96.88 ( 96.25)	Lr 1.000e-03 (1.000e-03)
2026-01-16 03:52:19,620 - INFO: Round 7, Face Fine-tune Epoch 6: loss=0.0944, acc(pseudo)=96.26%
2026-01-16 03:53:20,307 - INFO: Round 7, Face Fine-tune Epoch 6: acc(valid_pseudo): 0.9862, acc: 0.8734
2026-01-16 03:53:20,308 - INFO: Round 7, Face Fine-tune Epoch 6: No improvement. Patience(epoch): 2/3
2026-01-16 03:53:21,192 - INFO: Epoch: [7][  0/582]	Time  0.828 ( 0.828)	Loss 2.1365e-01 (2.1365e-01)	Acc pseudo  95.31 ( 95.31)	Lr 1.000e-03 (1.000e-03)
2026-01-16 03:53:25,985 - INFO: Epoch: [7][ 50/582]	Time  0.029 ( 0.049)	Loss 3.8128e-02 (9.8560e-02)	Acc pseudo  95.31 ( 96.29)	Lr 1.000e-03 (1.000e-03)
2026-01-16 03:53:30,647 - INFO: Epoch: [7][100/582]	Time  0.034 ( 0.039)	Loss 2.7896e-02 (9.1112e-02)	Acc pseudo  98.44 ( 96.43)	Lr 1.000e-03 (1.000e-03)
2026-01-16 03:53:35,319 - INFO: Epoch: [7][150/582]	Time  0.029 ( 0.036)	Loss 8.9507e-02 (8.7262e-02)	Acc pseudo  98.44 ( 96.53)	Lr 1.000e-03 (1.000e-03)
2026-01-16 03:53:39,988 - INFO: Epoch: [7][200/582]	Time  0.027 ( 0.034)	Loss 6.6351e-02 (8.7912e-02)	Acc pseudo  95.31 ( 96.37)	Lr 1.000e-03 (1.000e-03)
2026-01-16 03:53:44,656 - INFO: Epoch: [7][250/582]	Time  0.058 ( 0.033)	Loss 1.1397e-01 (8.8171e-02)	Acc pseudo  93.75 ( 96.38)	Lr 1.000e-03 (1.000e-03)
2026-01-16 03:53:49,326 - INFO: Epoch: [7][300/582]	Time  0.028 ( 0.033)	Loss 3.1423e-02 (8.5648e-02)	Acc pseudo  98.44 ( 96.45)	Lr 1.000e-03 (1.000e-03)
2026-01-16 03:53:53,993 - INFO: Epoch: [7][350/582]	Time  0.028 ( 0.032)	Loss 1.8381e-01 (8.9623e-02)	Acc pseudo  93.75 ( 96.34)	Lr 1.000e-03 (1.000e-03)
2026-01-16 03:53:58,659 - INFO: Epoch: [7][400/582]	Time  0.027 ( 0.032)	Loss 2.6789e-01 (8.9501e-02)	Acc pseudo  95.31 ( 96.36)	Lr 1.000e-03 (1.000e-03)
2026-01-16 03:54:03,345 - INFO: Epoch: [7][450/582]	Time  0.030 ( 0.031)	Loss 1.5833e-01 (8.7928e-02)	Acc pseudo  93.75 ( 96.37)	Lr 1.000e-03 (1.000e-03)
2026-01-16 03:54:08,024 - INFO: Epoch: [7][500/582]	Time  0.036 ( 0.031)	Loss 2.8267e-02 (8.7093e-02)	Acc pseudo 100.00 ( 96.42)	Lr 1.000e-03 (1.000e-03)
2026-01-16 03:54:12,700 - INFO: Epoch: [7][550/582]	Time  0.038 ( 0.032)	Loss 1.3755e-01 (8.9375e-02)	Acc pseudo  95.31 ( 96.40)	Lr 1.000e-03 (1.000e-03)
2026-01-16 03:54:15,712 - INFO: Round 7, Face Fine-tune Epoch 7: loss=0.0888, acc(pseudo)=96.42%
2026-01-16 03:55:14,529 - INFO: Round 7, Face Fine-tune Epoch 7: acc(valid_pseudo): 0.9876, acc: 0.8734
2026-01-16 03:55:16,463 - INFO: Epoch: [8][  0/582]	Time  0.526 ( 0.526)	Loss 8.7137e-02 (8.7137e-02)	Acc pseudo  96.88 ( 96.88)	Lr 1.000e-03 (1.000e-03)
2026-01-16 03:55:21,143 - INFO: Epoch: [8][ 50/582]	Time  0.030 ( 0.042)	Loss 6.6293e-02 (8.3543e-02)	Acc pseudo  96.88 ( 96.51)	Lr 1.000e-03 (1.000e-03)
2026-01-16 03:55:25,807 - INFO: Epoch: [8][100/582]	Time  0.029 ( 0.035)	Loss 2.2527e-02 (8.2722e-02)	Acc pseudo 100.00 ( 96.61)	Lr 1.000e-03 (1.000e-03)
2026-01-16 03:55:30,482 - INFO: Epoch: [8][150/582]	Time  0.029 ( 0.033)	Loss 3.4515e-02 (8.2847e-02)	Acc pseudo  98.44 ( 96.62)	Lr 1.000e-03 (1.000e-03)
2026-01-16 03:55:35,155 - INFO: Epoch: [8][200/582]	Time  0.031 ( 0.033)	Loss 3.9034e-02 (8.1760e-02)	Acc pseudo  98.44 ( 96.63)	Lr 1.000e-03 (1.000e-03)
2026-01-16 03:55:39,827 - INFO: Epoch: [8][250/582]	Time  0.034 ( 0.032)	Loss 9.1844e-02 (7.9727e-02)	Acc pseudo  96.88 ( 96.76)	Lr 1.000e-03 (1.000e-03)
2026-01-16 03:55:44,569 - INFO: Epoch: [8][300/582]	Time  0.028 ( 0.032)	Loss 1.1820e-01 (8.2567e-02)	Acc pseudo  89.06 ( 96.65)	Lr 1.000e-03 (1.000e-03)
2026-01-16 03:55:49,262 - INFO: Epoch: [8][350/582]	Time  0.030 ( 0.032)	Loss 1.4418e-01 (8.3824e-02)	Acc pseudo  96.88 ( 96.57)	Lr 1.000e-03 (1.000e-03)
2026-01-16 03:55:54,032 - INFO: Epoch: [8][400/582]	Time  0.027 ( 0.032)	Loss 8.4481e-02 (8.8525e-02)	Acc pseudo  95.31 ( 96.43)	Lr 1.000e-03 (1.000e-03)
2026-01-16 03:55:58,698 - INFO: Epoch: [8][450/582]	Time  0.036 ( 0.032)	Loss 1.5719e-01 (9.1122e-02)	Acc pseudo  93.75 ( 96.33)	Lr 1.000e-03 (1.000e-03)
2026-01-16 03:56:03,371 - INFO: Epoch: [8][500/582]	Time  0.036 ( 0.032)	Loss 8.4456e-02 (9.0256e-02)	Acc pseudo  98.44 ( 96.34)	Lr 1.000e-03 (1.000e-03)
2026-01-16 03:56:08,044 - INFO: Epoch: [8][550/582]	Time  0.028 ( 0.032)	Loss 4.0928e-02 (9.0998e-02)	Acc pseudo  98.44 ( 96.29)	Lr 1.000e-03 (1.000e-03)
2026-01-16 03:56:11,036 - INFO: Round 7, Face Fine-tune Epoch 8: loss=0.0913, acc(pseudo)=96.31%
2026-01-16 03:57:10,368 - INFO: Round 7, Face Fine-tune Epoch 8: acc(valid_pseudo): 0.9886, acc: 0.8724
2026-01-16 03:57:12,343 - INFO: Epoch: [9][  0/582]	Time  0.571 ( 0.571)	Loss 1.5181e-01 (1.5181e-01)	Acc pseudo  96.88 ( 96.88)	Lr 1.000e-03 (1.000e-03)
2026-01-16 03:57:17,035 - INFO: Epoch: [9][ 50/582]	Time  0.028 ( 0.041)	Loss 5.4327e-02 (8.1973e-02)	Acc pseudo  98.44 ( 96.63)	Lr 1.000e-03 (1.000e-03)
2026-01-16 03:57:21,697 - INFO: Epoch: [9][100/582]	Time  0.029 ( 0.035)	Loss 7.0702e-03 (7.6553e-02)	Acc pseudo 100.00 ( 96.84)	Lr 1.000e-03 (1.000e-03)
2026-01-16 03:57:26,358 - INFO: Epoch: [9][150/582]	Time  0.028 ( 0.033)	Loss 1.6298e-01 (8.3126e-02)	Acc pseudo  96.88 ( 96.73)	Lr 1.000e-03 (1.000e-03)
2026-01-16 03:57:31,019 - INFO: Epoch: [9][200/582]	Time  0.029 ( 0.032)	Loss 7.5181e-02 (8.5204e-02)	Acc pseudo  96.88 ( 96.69)	Lr 1.000e-03 (1.000e-03)
2026-01-16 03:57:35,684 - INFO: Epoch: [9][250/582]	Time  0.028 ( 0.031)	Loss 2.9102e-02 (8.7844e-02)	Acc pseudo  98.44 ( 96.72)	Lr 1.000e-03 (1.000e-03)
2026-01-16 03:57:40,350 - INFO: Epoch: [9][300/582]	Time  0.039 ( 0.032)	Loss 5.7559e-02 (8.7759e-02)	Acc pseudo  96.88 ( 96.66)	Lr 1.000e-03 (1.000e-03)
2026-01-16 03:57:45,019 - INFO: Epoch: [9][350/582]	Time  0.030 ( 0.032)	Loss 1.3066e-01 (8.6192e-02)	Acc pseudo  95.31 ( 96.68)	Lr 1.000e-03 (1.000e-03)
2026-01-16 03:57:49,684 - INFO: Epoch: [9][400/582]	Time  0.028 ( 0.032)	Loss 5.0548e-02 (8.5835e-02)	Acc pseudo  96.88 ( 96.66)	Lr 1.000e-03 (1.000e-03)
2026-01-16 03:57:54,349 - INFO: Epoch: [9][450/582]	Time  0.029 ( 0.032)	Loss 2.6254e-02 (8.6136e-02)	Acc pseudo  98.44 ( 96.64)	Lr 1.000e-03 (1.000e-03)
2026-01-16 03:57:59,022 - INFO: Epoch: [9][500/582]	Time  0.030 ( 0.031)	Loss 6.2972e-02 (8.6652e-02)	Acc pseudo  96.88 ( 96.59)	Lr 1.000e-03 (1.000e-03)
2026-01-16 03:58:03,790 - INFO: Epoch: [9][550/582]	Time  0.029 ( 0.031)	Loss 4.3321e-02 (8.6117e-02)	Acc pseudo  96.88 ( 96.63)	Lr 1.000e-03 (1.000e-03)
2026-01-16 03:58:06,781 - INFO: Round 7, Face Fine-tune Epoch 9: loss=0.0861, acc(pseudo)=96.62%
2026-01-16 03:59:07,205 - INFO: Round 7, Face Fine-tune Epoch 9: acc(valid_pseudo): 0.9886, acc: 0.8724
2026-01-16 03:59:09,111 - INFO: Epoch: [10][  0/582]	Time  0.512 ( 0.512)	Loss 4.6962e-02 (4.6962e-02)	Acc pseudo  98.44 ( 98.44)	Lr 1.000e-03 (1.000e-03)
2026-01-16 03:59:13,785 - INFO: Epoch: [10][ 50/582]	Time  0.044 ( 0.042)	Loss 1.0405e-01 (8.5855e-02)	Acc pseudo  95.31 ( 96.75)	Lr 1.000e-03 (1.000e-03)
2026-01-16 03:59:18,512 - INFO: Epoch: [10][100/582]	Time  0.044 ( 0.041)	Loss 1.7042e-01 (8.2267e-02)	Acc pseudo  95.31 ( 96.70)	Lr 1.000e-03 (1.000e-03)
2026-01-16 03:59:23,198 - INFO: Epoch: [10][150/582]	Time  0.028 ( 0.038)	Loss 1.6790e-01 (9.1022e-02)	Acc pseudo  95.31 ( 96.59)	Lr 1.000e-03 (1.000e-03)
2026-01-16 03:59:27,864 - INFO: Epoch: [10][200/582]	Time  0.027 ( 0.036)	Loss 4.4524e-02 (8.8760e-02)	Acc pseudo  98.44 ( 96.50)	Lr 1.000e-03 (1.000e-03)
2026-01-16 03:59:32,527 - INFO: Epoch: [10][250/582]	Time  0.027 ( 0.035)	Loss 3.3088e-02 (9.1423e-02)	Acc pseudo  98.44 ( 96.39)	Lr 1.000e-03 (1.000e-03)
2026-01-16 03:59:37,189 - INFO: Epoch: [10][300/582]	Time  0.028 ( 0.033)	Loss 6.0389e-02 (9.5522e-02)	Acc pseudo  95.31 ( 96.29)	Lr 1.000e-03 (1.000e-03)
2026-01-16 03:59:41,856 - INFO: Epoch: [10][350/582]	Time  0.038 ( 0.033)	Loss 7.5754e-02 (9.4936e-02)	Acc pseudo  98.44 ( 96.29)	Lr 1.000e-03 (1.000e-03)
2026-01-16 03:59:46,535 - INFO: Epoch: [10][400/582]	Time  0.035 ( 0.033)	Loss 7.6988e-02 (9.4939e-02)	Acc pseudo  95.31 ( 96.33)	Lr 1.000e-03 (1.000e-03)
2026-01-16 03:59:51,216 - INFO: Epoch: [10][450/582]	Time  0.038 ( 0.034)	Loss 1.1085e-01 (9.3835e-02)	Acc pseudo  96.88 ( 96.36)	Lr 1.000e-03 (1.000e-03)
2026-01-16 03:59:55,892 - INFO: Epoch: [10][500/582]	Time  0.037 ( 0.035)	Loss 2.3686e-01 (9.6765e-02)	Acc pseudo  95.31 ( 96.30)	Lr 1.000e-03 (1.000e-03)
2026-01-16 04:00:00,571 - INFO: Epoch: [10][550/582]	Time  0.036 ( 0.035)	Loss 5.8425e-02 (9.5639e-02)	Acc pseudo  96.88 ( 96.32)	Lr 1.000e-03 (1.000e-03)
2026-01-16 04:00:03,585 - INFO: Round 7, Face Fine-tune Epoch 10: loss=0.0959, acc(pseudo)=96.28%
2026-01-16 04:01:04,245 - INFO: Round 7, Face Fine-tune Epoch 10: acc(valid_pseudo): 0.9877, acc: 0.8763
2026-01-16 04:01:04,245 - INFO: Round 7, Face Fine-tune Epoch 10: No improvement. Patience(epoch): 1/3
2026-01-16 04:01:04,790 - INFO: Epoch: [11][  0/582]	Time  0.509 ( 0.509)	Loss 9.3857e-02 (9.3857e-02)	Acc pseudo  95.31 ( 95.31)	Lr 1.000e-03 (1.000e-03)
2026-01-16 04:01:09,457 - INFO: Epoch: [11][ 50/582]	Time  0.029 ( 0.043)	Loss 2.2992e-01 (1.0845e-01)	Acc pseudo  90.62 ( 95.86)	Lr 1.000e-03 (1.000e-03)
2026-01-16 04:01:14,125 - INFO: Epoch: [11][100/582]	Time  0.028 ( 0.038)	Loss 5.3053e-02 (1.0269e-01)	Acc pseudo  95.31 ( 96.12)	Lr 1.000e-03 (1.000e-03)
2026-01-16 04:01:18,790 - INFO: Epoch: [11][150/582]	Time  0.029 ( 0.035)	Loss 1.0833e-01 (1.0567e-01)	Acc pseudo  93.75 ( 96.18)	Lr 1.000e-03 (1.000e-03)
2026-01-16 04:01:23,456 - INFO: Epoch: [11][200/582]	Time  0.030 ( 0.034)	Loss 7.1182e-02 (1.0754e-01)	Acc pseudo  96.88 ( 95.97)	Lr 1.000e-03 (1.000e-03)
2026-01-16 04:01:28,122 - INFO: Epoch: [11][250/582]	Time  0.029 ( 0.033)	Loss 3.1563e-01 (1.0593e-01)	Acc pseudo  95.31 ( 95.95)	Lr 1.000e-03 (1.000e-03)
2026-01-16 04:01:32,788 - INFO: Epoch: [11][300/582]	Time  0.028 ( 0.032)	Loss 1.2449e-01 (1.0698e-01)	Acc pseudo  95.31 ( 95.92)	Lr 1.000e-03 (1.000e-03)
2026-01-16 04:01:37,454 - INFO: Epoch: [11][350/582]	Time  0.028 ( 0.031)	Loss 3.9566e-02 (1.0779e-01)	Acc pseudo  98.44 ( 95.88)	Lr 1.000e-03 (1.000e-03)
2026-01-16 04:01:42,121 - INFO: Epoch: [11][400/582]	Time  0.029 ( 0.031)	Loss 6.2735e-02 (1.0728e-01)	Acc pseudo  98.44 ( 95.88)	Lr 1.000e-03 (1.000e-03)
2026-01-16 04:01:46,828 - INFO: Epoch: [11][450/582]	Time  0.040 ( 0.031)	Loss 1.8715e-02 (1.0627e-01)	Acc pseudo  98.44 ( 95.87)	Lr 1.000e-03 (1.000e-03)
2026-01-16 04:01:51,532 - INFO: Epoch: [11][500/582]	Time  0.030 ( 0.031)	Loss 7.3339e-02 (1.0720e-01)	Acc pseudo  96.88 ( 95.86)	Lr 1.000e-03 (1.000e-03)
2026-01-16 04:01:56,204 - INFO: Epoch: [11][550/582]	Time  0.030 ( 0.031)	Loss 1.0740e-01 (1.0694e-01)	Acc pseudo  96.88 ( 95.85)	Lr 1.000e-03 (1.000e-03)
2026-01-16 04:01:59,200 - INFO: Round 7, Face Fine-tune Epoch 11: loss=0.1076, acc(pseudo)=95.81%
2026-01-16 04:02:58,168 - INFO: Round 7, Face Fine-tune Epoch 11: acc(valid_pseudo): 0.9882, acc: 0.8734
2026-01-16 04:02:58,168 - INFO: Round 7, Face Fine-tune Epoch 11: No improvement. Patience(epoch): 2/3
2026-01-16 04:02:58,719 - INFO: Epoch: [12][  0/582]	Time  0.515 ( 0.515)	Loss 1.9334e-01 (1.9334e-01)	Acc pseudo  95.31 ( 95.31)	Lr 1.000e-03 (1.000e-03)
2026-01-16 04:03:03,394 - INFO: Epoch: [12][ 50/582]	Time  0.030 ( 0.041)	Loss 1.3547e-01 (1.6394e-01)	Acc pseudo  98.44 ( 94.24)	Lr 1.000e-03 (1.000e-03)
2026-01-16 04:03:08,060 - INFO: Epoch: [12][100/582]	Time  0.029 ( 0.035)	Loss 8.9742e-02 (1.5239e-01)	Acc pseudo  95.31 ( 94.55)	Lr 1.000e-03 (1.000e-03)
2026-01-16 04:03:12,739 - INFO: Epoch: [12][150/582]	Time  0.028 ( 0.033)	Loss 2.2024e-01 (1.4731e-01)	Acc pseudo  93.75 ( 94.75)	Lr 1.000e-03 (1.000e-03)
2026-01-16 04:03:17,405 - INFO: Epoch: [12][200/582]	Time  0.029 ( 0.032)	Loss 1.1084e-01 (1.5200e-01)	Acc pseudo  96.88 ( 94.56)	Lr 1.000e-03 (1.000e-03)
2026-01-16 04:03:22,072 - INFO: Epoch: [12][250/582]	Time  0.028 ( 0.031)	Loss 1.2884e-02 (1.5079e-01)	Acc pseudo 100.00 ( 94.53)	Lr 1.000e-03 (1.000e-03)
2026-01-16 04:03:26,737 - INFO: Epoch: [12][300/582]	Time  0.029 ( 0.031)	Loss 1.0365e-01 (1.5406e-01)	Acc pseudo  92.19 ( 94.46)	Lr 1.000e-03 (1.000e-03)
2026-01-16 04:03:31,405 - INFO: Epoch: [12][350/582]	Time  0.028 ( 0.030)	Loss 1.8617e-01 (1.5456e-01)	Acc pseudo  92.19 ( 94.39)	Lr 1.000e-03 (1.000e-03)
2026-01-16 04:03:36,070 - INFO: Epoch: [12][400/582]	Time  0.029 ( 0.030)	Loss 1.5483e-01 (1.5178e-01)	Acc pseudo  90.62 ( 94.42)	Lr 1.000e-03 (1.000e-03)
2026-01-16 04:03:40,735 - INFO: Epoch: [12][450/582]	Time  0.028 ( 0.030)	Loss 9.8278e-02 (1.5083e-01)	Acc pseudo  95.31 ( 94.48)	Lr 1.000e-03 (1.000e-03)
2026-01-16 04:03:45,395 - INFO: Epoch: [12][500/582]	Time  0.030 ( 0.030)	Loss 3.2602e-01 (1.4951e-01)	Acc pseudo  90.62 ( 94.46)	Lr 1.000e-03 (1.000e-03)
2026-01-16 04:03:50,063 - INFO: Epoch: [12][550/582]	Time  0.031 ( 0.030)	Loss 1.8835e-01 (1.5005e-01)	Acc pseudo  93.75 ( 94.41)	Lr 1.000e-03 (1.000e-03)
2026-01-16 04:03:53,044 - INFO: Round 7, Face Fine-tune Epoch 12: loss=0.1503, acc(pseudo)=94.41%
2026-01-16 04:04:53,932 - INFO: Round 7, Face Fine-tune Epoch 12: acc(valid_pseudo): 0.9872, acc: 0.8715
2026-01-16 04:04:53,932 - INFO: Round 7, Face Fine-tune Epoch 12: No improvement. Patience(epoch): 3/3
2026-01-16 04:04:53,932 - INFO: Early stopping at face epoch 12
2026-01-16 04:04:53,934 - INFO: Round 7: Best face fine-tuned epoch=9, acc(valid_pseudo)=0.9886
2026-01-16 04:04:54,091 - INFO: Using HMM model from previous round: runs/I love my family/exp_video/result/self_supervised/exp0/round6/pseudo_label/hmm_params.pkl
2026-01-16 05:34:14,005 - INFO: Round 7: speaker_acc=0.8675
2026-01-16 05:34:14,013 - INFO: Round 7: face_acc=0.8744
2026-01-16 05:34:14,019 - INFO: ====================
2026-01-16 05:34:14,019 - INFO: Round 8: Fine-tuning iteration
2026-01-16 05:34:14,019 - INFO: ====================
2026-01-16 05:34:14,084 - INFO: Round 8 Part 1: Fine-tuning embedding model
2026-01-16 05:34:14,086 - INFO: Using pseudo-label file: runs/I love my family/exp_video/result/self_supervised/exp0/round7/pseudo_label/pseudo_labels_audio_nested_hmm_full(unreliable_pp=100.0).json
2026-01-16 05:34:14,137 - INFO: For training, Using face pseudo-label file: runs/I love my family/exp_video/result/self_supervised/exp0/round7/pseudo_label/pseudo_labels_faces_mid_frame_train_nested_hmm_full.json
2026-01-16 05:34:14,138 - INFO: For infering, Using face pseudo-label file: runs/I love my family/exp_video/result/self_supervised/exp0/round7/pseudo_label/pseudo_labels_faces_mid_frame_all_nested_hmm_full.json
2026-01-16 05:34:14,348 - INFO: Created face dataloader with 37219 samples
2026-01-16 05:34:14,364 - INFO: Fine-tuning speaker embedding model for 20 epochs...
2026-01-16 05:34:15,224 - INFO: Epoch: [0][  0/301]	Time  0.819 ( 0.819)	Loss 3.6466e-01 (3.6466e-01)	Acc pseudo  90.62 ( 90.62)	Lr 1.000e-03 (1.000e-03)
2026-01-16 05:34:15,445 - INFO: Epoch: [0][ 50/301]	Time  0.003 ( 0.020)	Loss 3.5629e-01 (3.6679e-01)	Acc pseudo  85.94 ( 90.01)	Lr 1.000e-03 (1.000e-03)
2026-01-16 05:34:15,618 - INFO: Epoch: [0][100/301]	Time  0.003 ( 0.012)	Loss 2.9637e-01 (3.4907e-01)	Acc pseudo  85.94 ( 89.91)	Lr 1.000e-03 (1.000e-03)
2026-01-16 05:34:15,787 - INFO: Epoch: [0][150/301]	Time  0.003 ( 0.009)	Loss 3.3680e-01 (3.5211e-01)	Acc pseudo  85.94 ( 89.63)	Lr 1.000e-03 (1.000e-03)
2026-01-16 05:34:15,955 - INFO: Epoch: [0][200/301]	Time  0.003 ( 0.008)	Loss 3.4183e-01 (3.5664e-01)	Acc pseudo  93.75 ( 89.26)	Lr 1.000e-03 (1.000e-03)
2026-01-16 05:34:16,117 - INFO: Epoch: [0][250/301]	Time  0.004 ( 0.007)	Loss 2.4994e-01 (3.5696e-01)	Acc pseudo  90.62 ( 89.20)	Lr 1.000e-03 (1.000e-03)
2026-01-16 05:34:16,292 - INFO: Epoch: [0][300/301]	Time  0.002 ( 0.006)	Loss 9.8118e-02 (3.5352e-01)	Acc pseudo  96.00 ( 89.33)	Lr 1.000e-03 (1.000e-03)
2026-01-16 05:34:16,360 - INFO: Round 8, Fine-tune Epoch 0: loss=0.3535, acc(pseudo)=89.33%
2026-01-16 05:34:26,487 - INFO: Round 8, Fine-tune Epoch 0: acc(valid_pseudo): 0.9525, acc: 0.8620
2026-01-16 05:34:27,713 - INFO: Epoch: [1][  0/301]	Time  0.263 ( 0.263)	Loss 2.8719e-01 (2.8719e-01)	Acc pseudo  85.94 ( 85.94)	Lr 1.000e-03 (1.000e-03)
2026-01-16 05:34:27,922 - INFO: Epoch: [1][ 50/301]	Time  0.004 ( 0.009)	Loss 2.1139e-01 (3.0407e-01)	Acc pseudo  96.88 ( 89.61)	Lr 1.000e-03 (1.000e-03)
2026-01-16 05:34:28,117 - INFO: Epoch: [1][100/301]	Time  0.004 ( 0.007)	Loss 2.3213e-01 (3.0275e-01)	Acc pseudo  93.75 ( 90.01)	Lr 1.000e-03 (1.000e-03)
2026-01-16 05:34:28,318 - INFO: Epoch: [1][150/301]	Time  0.004 ( 0.006)	Loss 3.1800e-01 (3.0279e-01)	Acc pseudo  90.62 ( 89.92)	Lr 1.000e-03 (1.000e-03)
2026-01-16 05:34:28,518 - INFO: Epoch: [1][200/301]	Time  0.004 ( 0.005)	Loss 2.7181e-01 (3.0601e-01)	Acc pseudo  90.62 ( 90.07)	Lr 1.000e-03 (1.000e-03)
2026-01-16 05:34:28,726 - INFO: Epoch: [1][250/301]	Time  0.004 ( 0.005)	Loss 2.2905e-01 (3.1056e-01)	Acc pseudo  92.19 ( 89.85)	Lr 1.000e-03 (1.000e-03)
2026-01-16 05:34:28,909 - INFO: Epoch: [1][300/301]	Time  0.003 ( 0.005)	Loss 8.2833e-02 (3.0691e-01)	Acc pseudo  96.00 ( 90.07)	Lr 1.000e-03 (1.000e-03)
2026-01-16 05:34:28,996 - INFO: Round 8, Fine-tune Epoch 1: loss=0.3069, acc(pseudo)=90.07%
2026-01-16 05:34:38,029 - INFO: Round 8, Fine-tune Epoch 1: acc(valid_pseudo): 0.9735, acc: 0.8700
2026-01-16 05:34:39,281 - INFO: Epoch: [2][  0/301]	Time  0.409 ( 0.409)	Loss 5.2584e-01 (5.2584e-01)	Acc pseudo  90.62 ( 90.62)	Lr 1.000e-03 (1.000e-03)
2026-01-16 05:34:39,509 - INFO: Epoch: [2][ 50/301]	Time  0.004 ( 0.012)	Loss 2.3306e-01 (3.0675e-01)	Acc pseudo  92.19 ( 90.62)	Lr 1.000e-03 (1.000e-03)
2026-01-16 05:34:39,714 - INFO: Epoch: [2][100/301]	Time  0.004 ( 0.008)	Loss 3.1696e-01 (2.9625e-01)	Acc pseudo  87.50 ( 90.64)	Lr 1.000e-03 (1.000e-03)
2026-01-16 05:34:39,927 - INFO: Epoch: [2][150/301]	Time  0.004 ( 0.007)	Loss 1.6127e-01 (2.9049e-01)	Acc pseudo  92.19 ( 90.68)	Lr 1.000e-03 (1.000e-03)
2026-01-16 05:34:40,130 - INFO: Epoch: [2][200/301]	Time  0.004 ( 0.006)	Loss 1.7560e-01 (2.8140e-01)	Acc pseudo  93.75 ( 90.83)	Lr 1.000e-03 (1.000e-03)
2026-01-16 05:34:40,294 - INFO: Epoch: [2][250/301]	Time  0.003 ( 0.006)	Loss 1.5028e-01 (2.8800e-01)	Acc pseudo  93.75 ( 90.66)	Lr 1.000e-03 (1.000e-03)
2026-01-16 05:34:40,476 - INFO: Epoch: [2][300/301]	Time  0.003 ( 0.005)	Loss 9.0895e-02 (2.9164e-01)	Acc pseudo 100.00 ( 90.55)	Lr 1.000e-03 (1.000e-03)
2026-01-16 05:34:40,558 - INFO: Round 8, Fine-tune Epoch 2: loss=0.2916, acc(pseudo)=90.55%
2026-01-16 05:34:49,945 - INFO: Round 8, Fine-tune Epoch 2: acc(valid_pseudo): 0.9758, acc: 0.8690
2026-01-16 05:34:51,503 - INFO: Epoch: [3][  0/301]	Time  0.400 ( 0.400)	Loss 2.6992e-01 (2.6992e-01)	Acc pseudo  89.06 ( 89.06)	Lr 1.000e-03 (1.000e-03)
2026-01-16 05:34:51,705 - INFO: Epoch: [3][ 50/301]	Time  0.003 ( 0.012)	Loss 3.0552e-01 (2.8017e-01)	Acc pseudo  90.62 ( 90.23)	Lr 1.000e-03 (1.000e-03)
2026-01-16 05:34:51,885 - INFO: Epoch: [3][100/301]	Time  0.004 ( 0.008)	Loss 7.3965e-02 (2.9212e-01)	Acc pseudo 100.00 ( 90.07)	Lr 1.000e-03 (1.000e-03)
2026-01-16 05:34:52,085 - INFO: Epoch: [3][150/301]	Time  0.004 ( 0.006)	Loss 1.5633e-01 (2.9431e-01)	Acc pseudo  90.62 ( 89.97)	Lr 1.000e-03 (1.000e-03)
2026-01-16 05:34:52,283 - INFO: Epoch: [3][200/301]	Time  0.004 ( 0.006)	Loss 2.0987e-01 (2.8764e-01)	Acc pseudo  89.06 ( 90.24)	Lr 1.000e-03 (1.000e-03)
2026-01-16 05:34:52,474 - INFO: Epoch: [3][250/301]	Time  0.004 ( 0.005)	Loss 3.7103e-01 (2.9292e-01)	Acc pseudo  90.62 ( 90.20)	Lr 1.000e-03 (1.000e-03)
2026-01-16 05:34:52,663 - INFO: Epoch: [3][300/301]	Time  0.003 ( 0.005)	Loss 3.3035e-01 (2.9300e-01)	Acc pseudo  88.00 ( 90.13)	Lr 1.000e-03 (1.000e-03)
2026-01-16 05:34:52,770 - INFO: Round 8, Fine-tune Epoch 3: loss=0.2930, acc(pseudo)=90.13%
2026-01-16 05:35:03,118 - INFO: Round 8, Fine-tune Epoch 3: acc(valid_pseudo): 0.9735, acc: 0.8740
2026-01-16 05:35:03,119 - INFO: Round 8, Speaker Fine-tune Epoch 3: No improvement in validation accuracy. Patience(epoch): 1/3
2026-01-16 05:35:03,391 - INFO: Epoch: [4][  0/301]	Time  0.267 ( 0.267)	Loss 2.9074e-01 (2.9074e-01)	Acc pseudo  89.06 ( 89.06)	Lr 1.000e-03 (1.000e-03)
2026-01-16 05:35:03,600 - INFO: Epoch: [4][ 50/301]	Time  0.005 ( 0.009)	Loss 3.1241e-01 (2.8122e-01)	Acc pseudo  85.94 ( 89.40)	Lr 1.000e-03 (1.000e-03)
2026-01-16 05:35:03,784 - INFO: Epoch: [4][100/301]	Time  0.004 ( 0.006)	Loss 2.6802e-01 (2.8061e-01)	Acc pseudo  89.06 ( 90.07)	Lr 1.000e-03 (1.000e-03)
2026-01-16 05:35:03,965 - INFO: Epoch: [4][150/301]	Time  0.004 ( 0.005)	Loss 2.7953e-01 (2.8574e-01)	Acc pseudo  90.62 ( 90.09)	Lr 1.000e-03 (1.000e-03)
2026-01-16 05:35:04,141 - INFO: Epoch: [4][200/301]	Time  0.003 ( 0.005)	Loss 2.3904e-01 (2.9151e-01)	Acc pseudo  87.50 ( 90.02)	Lr 1.000e-03 (1.000e-03)
2026-01-16 05:35:04,321 - INFO: Epoch: [4][250/301]	Time  0.004 ( 0.005)	Loss 2.9951e-01 (2.8936e-01)	Acc pseudo  92.19 ( 90.00)	Lr 1.000e-03 (1.000e-03)
2026-01-16 05:35:04,489 - INFO: Epoch: [4][300/301]	Time  0.002 ( 0.004)	Loss 2.0990e-01 (2.9217e-01)	Acc pseudo  92.00 ( 89.98)	Lr 1.000e-03 (1.000e-03)
2026-01-16 05:35:04,577 - INFO: Round 8, Fine-tune Epoch 4: loss=0.2922, acc(pseudo)=89.98%
2026-01-16 05:35:13,811 - INFO: Round 8, Fine-tune Epoch 4: acc(valid_pseudo): 0.9697, acc: 0.8605
2026-01-16 05:35:13,811 - INFO: Round 8, Speaker Fine-tune Epoch 4: No improvement in validation accuracy. Patience(epoch): 2/3
2026-01-16 05:35:14,068 - INFO: Epoch: [5][  0/301]	Time  0.251 ( 0.251)	Loss 2.5319e-01 (2.5319e-01)	Acc pseudo  87.50 ( 87.50)	Lr 1.000e-03 (1.000e-03)
2026-01-16 05:35:14,292 - INFO: Epoch: [5][ 50/301]	Time  0.004 ( 0.009)	Loss 2.2300e-01 (2.5360e-01)	Acc pseudo  92.19 ( 91.51)	Lr 1.000e-03 (1.000e-03)
2026-01-16 05:35:14,463 - INFO: Epoch: [5][100/301]	Time  0.003 ( 0.006)	Loss 3.5734e-01 (2.5393e-01)	Acc pseudo  87.50 ( 91.43)	Lr 1.000e-03 (1.000e-03)
2026-01-16 05:35:14,626 - INFO: Epoch: [5][150/301]	Time  0.003 ( 0.005)	Loss 3.1142e-01 (2.5650e-01)	Acc pseudo  84.38 ( 91.28)	Lr 1.000e-03 (1.000e-03)
2026-01-16 05:35:14,790 - INFO: Epoch: [5][200/301]	Time  0.003 ( 0.005)	Loss 3.3483e-01 (2.6703e-01)	Acc pseudo  89.06 ( 90.94)	Lr 1.000e-03 (1.000e-03)
2026-01-16 05:35:14,950 - INFO: Epoch: [5][250/301]	Time  0.003 ( 0.004)	Loss 2.7718e-01 (2.7276e-01)	Acc pseudo  92.19 ( 90.86)	Lr 1.000e-03 (1.000e-03)
2026-01-16 05:35:15,105 - INFO: Epoch: [5][300/301]	Time  0.002 ( 0.004)	Loss 7.6225e-01 (2.8345e-01)	Acc pseudo  76.00 ( 90.59)	Lr 1.000e-03 (1.000e-03)
2026-01-16 05:35:15,184 - INFO: Round 8, Fine-tune Epoch 5: loss=0.2835, acc(pseudo)=90.59%
2026-01-16 05:35:24,206 - INFO: Round 8, Fine-tune Epoch 5: acc(valid_pseudo): 0.9434, acc: 0.8180
2026-01-16 05:35:24,207 - INFO: Round 8, Speaker Fine-tune Epoch 5: No improvement in validation accuracy. Patience(epoch): 3/3
2026-01-16 05:35:24,207 - INFO: Early stopping at epoch 5 due to no improvement in validation accuracy for 3 epochs.
2026-01-16 05:35:24,208 - INFO: Round 8: Best speaker fine-tuned epoch=2, acc(valid_pseudo)=0.9758
2026-01-16 05:35:24,212 - INFO: Fine-tuning face embedding model for 20 epochs...
2026-01-16 05:35:25,354 - INFO: Epoch: [0][  0/582]	Time  1.116 ( 1.116)	Loss 1.7353e-02 (1.7353e-02)	Acc pseudo  98.44 ( 98.44)	Lr 1.000e-03 (1.000e-03)
2026-01-16 05:35:30,001 - INFO: Epoch: [0][ 50/582]	Time  0.035 ( 0.055)	Loss 2.8584e-01 (1.0683e-01)	Acc pseudo  93.75 ( 97.15)	Lr 1.000e-03 (1.000e-03)
2026-01-16 05:35:34,648 - INFO: Epoch: [0][100/582]	Time  0.048 ( 0.044)	Loss 5.4173e-01 (1.1642e-01)	Acc pseudo  95.31 ( 96.63)	Lr 1.000e-03 (1.000e-03)
2026-01-16 05:35:39,288 - INFO: Epoch: [0][150/582]	Time  0.030 ( 0.040)	Loss 4.1787e-01 (1.1945e-01)	Acc pseudo  89.06 ( 96.26)	Lr 1.000e-03 (1.000e-03)
2026-01-16 05:35:43,933 - INFO: Epoch: [0][200/582]	Time  0.030 ( 0.038)	Loss 1.9742e-02 (1.1427e-01)	Acc pseudo 100.00 ( 96.30)	Lr 1.000e-03 (1.000e-03)
2026-01-16 05:35:48,584 - INFO: Epoch: [0][250/582]	Time  0.048 ( 0.038)	Loss 2.1334e+00 (1.2564e-01)	Acc pseudo  93.75 ( 96.22)	Lr 1.000e-03 (1.000e-03)
2026-01-16 05:35:53,247 - INFO: Epoch: [0][300/582]	Time  0.029 ( 0.037)	Loss 7.7316e-02 (1.2313e-01)	Acc pseudo  93.75 ( 96.26)	Lr 1.000e-03 (1.000e-03)
2026-01-16 05:35:58,927 - INFO: Epoch: [0][350/582]	Time  0.028 ( 0.039)	Loss 1.2539e-01 (1.2479e-01)	Acc pseudo  95.31 ( 96.24)	Lr 1.000e-03 (1.000e-03)
2026-01-16 05:36:04,005 - INFO: Epoch: [0][400/582]	Time  0.028 ( 0.039)	Loss 7.7139e-02 (1.2434e-01)	Acc pseudo  95.31 ( 96.20)	Lr 1.000e-03 (1.000e-03)
2026-01-16 05:36:08,688 - INFO: Epoch: [0][450/582]	Time  0.028 ( 0.038)	Loss 7.1063e-02 (1.2331e-01)	Acc pseudo  93.75 ( 96.19)	Lr 1.000e-03 (1.000e-03)
2026-01-16 05:36:13,341 - INFO: Epoch: [0][500/582]	Time  0.029 ( 0.037)	Loss 6.4896e-02 (1.2182e-01)	Acc pseudo  98.44 ( 96.18)	Lr 1.000e-03 (1.000e-03)
2026-01-16 05:36:17,996 - INFO: Epoch: [0][550/582]	Time  0.028 ( 0.036)	Loss 7.3182e-02 (1.2274e-01)	Acc pseudo  95.31 ( 96.13)	Lr 1.000e-03 (1.000e-03)
2026-01-16 05:36:20,995 - INFO: Round 8, Face Fine-tune Epoch 0: loss=0.1233, acc(pseudo)=96.10%
2026-01-16 05:37:20,468 - INFO: Round 8, Face Fine-tune Epoch 0: acc(valid_pseudo): 0.9848, acc: 0.8715
2026-01-16 05:37:23,442 - INFO: Epoch: [1][  0/582]	Time  0.690 ( 0.690)	Loss 2.6165e-02 (2.6165e-02)	Acc pseudo  98.44 ( 98.44)	Lr 1.000e-03 (1.000e-03)
2026-01-16 05:37:28,134 - INFO: Epoch: [1][ 50/582]	Time  0.038 ( 0.054)	Loss 2.3588e-02 (8.6123e-02)	Acc pseudo  98.44 ( 96.54)	Lr 1.000e-03 (1.000e-03)
2026-01-16 05:37:32,807 - INFO: Epoch: [1][100/582]	Time  0.038 ( 0.047)	Loss 5.7533e-02 (8.6855e-02)	Acc pseudo  96.88 ( 96.49)	Lr 1.000e-03 (1.000e-03)
2026-01-16 05:37:37,477 - INFO: Epoch: [1][150/582]	Time  0.038 ( 0.044)	Loss 7.4863e-02 (1.0620e-01)	Acc pseudo  96.88 ( 96.22)	Lr 1.000e-03 (1.000e-03)
2026-01-16 05:37:42,144 - INFO: Epoch: [1][200/582]	Time  0.029 ( 0.041)	Loss 4.7990e-02 (1.0680e-01)	Acc pseudo  98.44 ( 96.20)	Lr 1.000e-03 (1.000e-03)
2026-01-16 05:37:46,816 - INFO: Epoch: [1][250/582]	Time  0.029 ( 0.038)	Loss 8.8500e-02 (1.0712e-01)	Acc pseudo  96.88 ( 96.15)	Lr 1.000e-03 (1.000e-03)
2026-01-16 05:37:51,486 - INFO: Epoch: [1][300/582]	Time  0.031 ( 0.037)	Loss 5.3085e-02 (1.0610e-01)	Acc pseudo  96.88 ( 96.17)	Lr 1.000e-03 (1.000e-03)
2026-01-16 05:37:56,159 - INFO: Epoch: [1][350/582]	Time  0.030 ( 0.036)	Loss 7.0075e-02 (1.0308e-01)	Acc pseudo  93.75 ( 96.14)	Lr 1.000e-03 (1.000e-03)
2026-01-16 05:38:00,834 - INFO: Epoch: [1][400/582]	Time  0.030 ( 0.035)	Loss 2.9217e-02 (1.0092e-01)	Acc pseudo 100.00 ( 96.19)	Lr 1.000e-03 (1.000e-03)
2026-01-16 05:38:05,508 - INFO: Epoch: [1][450/582]	Time  0.031 ( 0.035)	Loss 2.0732e-01 (1.0275e-01)	Acc pseudo  95.31 ( 96.23)	Lr 1.000e-03 (1.000e-03)
2026-01-16 05:38:10,180 - INFO: Epoch: [1][500/582]	Time  0.029 ( 0.034)	Loss 1.2142e-01 (1.0351e-01)	Acc pseudo  92.19 ( 96.17)	Lr 1.000e-03 (1.000e-03)
2026-01-16 05:38:14,874 - INFO: Epoch: [1][550/582]	Time  0.029 ( 0.034)	Loss 9.5472e-02 (1.0516e-01)	Acc pseudo  95.31 ( 96.15)	Lr 1.000e-03 (1.000e-03)
2026-01-16 05:38:17,881 - INFO: Round 8, Face Fine-tune Epoch 1: loss=0.1065, acc(pseudo)=96.13%
2026-01-16 05:39:20,169 - INFO: Round 8, Face Fine-tune Epoch 1: acc(valid_pseudo): 0.9862, acc: 0.8744
2026-01-16 05:39:23,081 - INFO: Epoch: [2][  0/582]	Time  0.687 ( 0.687)	Loss 1.3657e-01 (1.3657e-01)	Acc pseudo  96.88 ( 96.88)	Lr 1.000e-03 (1.000e-03)
2026-01-16 05:39:27,764 - INFO: Epoch: [2][ 50/582]	Time  0.039 ( 0.054)	Loss 5.9544e-02 (1.0145e-01)	Acc pseudo  96.88 ( 96.11)	Lr 1.000e-03 (1.000e-03)
2026-01-16 05:39:32,439 - INFO: Epoch: [2][100/582]	Time  0.040 ( 0.047)	Loss 8.4527e-02 (9.8598e-02)	Acc pseudo  95.31 ( 96.32)	Lr 1.000e-03 (1.000e-03)
2026-01-16 05:39:37,116 - INFO: Epoch: [2][150/582]	Time  0.038 ( 0.044)	Loss 7.3844e-02 (9.9321e-02)	Acc pseudo  93.75 ( 96.36)	Lr 1.000e-03 (1.000e-03)
2026-01-16 05:39:41,793 - INFO: Epoch: [2][200/582]	Time  0.038 ( 0.043)	Loss 1.5974e-01 (9.9948e-02)	Acc pseudo  93.75 ( 96.23)	Lr 1.000e-03 (1.000e-03)
2026-01-16 05:39:46,472 - INFO: Epoch: [2][250/582]	Time  0.039 ( 0.042)	Loss 5.7861e-02 (9.9421e-02)	Acc pseudo  95.31 ( 96.28)	Lr 1.000e-03 (1.000e-03)
2026-01-16 05:39:51,150 - INFO: Epoch: [2][300/582]	Time  0.040 ( 0.041)	Loss 4.6437e-01 (1.0037e-01)	Acc pseudo  95.31 ( 96.25)	Lr 1.000e-03 (1.000e-03)
2026-01-16 05:39:55,830 - INFO: Epoch: [2][350/582]	Time  0.037 ( 0.041)	Loss 1.0405e-01 (1.0162e-01)	Acc pseudo  92.19 ( 96.25)	Lr 1.000e-03 (1.000e-03)
2026-01-16 05:40:00,513 - INFO: Epoch: [2][400/582]	Time  0.031 ( 0.041)	Loss 1.4175e-01 (1.0141e-01)	Acc pseudo  93.75 ( 96.30)	Lr 1.000e-03 (1.000e-03)
2026-01-16 05:40:05,190 - INFO: Epoch: [2][450/582]	Time  0.041 ( 0.040)	Loss 1.1887e-01 (1.0134e-01)	Acc pseudo  96.88 ( 96.30)	Lr 1.000e-03 (1.000e-03)
2026-01-16 05:40:09,931 - INFO: Epoch: [2][500/582]	Time  0.098 ( 0.040)	Loss 8.6275e-02 (1.0212e-01)	Acc pseudo  93.75 ( 96.25)	Lr 1.000e-03 (1.000e-03)
2026-01-16 05:40:14,664 - INFO: Epoch: [2][550/582]	Time  0.028 ( 0.039)	Loss 7.9414e-02 (1.0178e-01)	Acc pseudo  95.31 ( 96.25)	Lr 1.000e-03 (1.000e-03)
2026-01-16 05:40:17,651 - INFO: Round 8, Face Fine-tune Epoch 2: loss=0.1022, acc(pseudo)=96.24%
2026-01-16 05:41:18,876 - INFO: Round 8, Face Fine-tune Epoch 2: acc(valid_pseudo): 0.9867, acc: 0.8724
2026-01-16 05:41:21,213 - INFO: Epoch: [3][  0/582]	Time  0.578 ( 0.578)	Loss 6.8118e-02 (6.8118e-02)	Acc pseudo  98.44 ( 98.44)	Lr 1.000e-03 (1.000e-03)
2026-01-16 05:41:25,886 - INFO: Epoch: [3][ 50/582]	Time  0.028 ( 0.050)	Loss 9.7277e-02 (9.1519e-02)	Acc pseudo  96.88 ( 96.48)	Lr 1.000e-03 (1.000e-03)
2026-01-16 05:41:30,548 - INFO: Epoch: [3][100/582]	Time  0.038 ( 0.040)	Loss 1.0929e-01 (9.4258e-02)	Acc pseudo  95.31 ( 96.43)	Lr 1.000e-03 (1.000e-03)
2026-01-16 05:41:35,217 - INFO: Epoch: [3][150/582]	Time  0.028 ( 0.036)	Loss 3.8427e-02 (1.0003e-01)	Acc pseudo  98.44 ( 96.34)	Lr 1.000e-03 (1.000e-03)
2026-01-16 05:41:39,889 - INFO: Epoch: [3][200/582]	Time  0.028 ( 0.035)	Loss 1.6979e-01 (1.0799e-01)	Acc pseudo  95.31 ( 96.16)	Lr 1.000e-03 (1.000e-03)
2026-01-16 05:41:44,793 - INFO: Epoch: [3][250/582]	Time  0.029 ( 0.035)	Loss 1.3579e-01 (1.0598e-01)	Acc pseudo  98.44 ( 96.24)	Lr 1.000e-03 (1.000e-03)
2026-01-16 05:41:49,551 - INFO: Epoch: [3][300/582]	Time  0.028 ( 0.034)	Loss 8.7095e-02 (1.0352e-01)	Acc pseudo  96.88 ( 96.32)	Lr 1.000e-03 (1.000e-03)
2026-01-16 05:41:54,231 - INFO: Epoch: [3][350/582]	Time  0.029 ( 0.034)	Loss 4.4495e-02 (1.0204e-01)	Acc pseudo 100.00 ( 96.31)	Lr 1.000e-03 (1.000e-03)
2026-01-16 05:41:58,898 - INFO: Epoch: [3][400/582]	Time  0.028 ( 0.034)	Loss 4.3232e-02 (1.0083e-01)	Acc pseudo  98.44 ( 96.37)	Lr 1.000e-03 (1.000e-03)
2026-01-16 05:42:03,568 - INFO: Epoch: [3][450/582]	Time  0.040 ( 0.033)	Loss 5.5351e-02 (1.0190e-01)	Acc pseudo  96.88 ( 96.29)	Lr 1.000e-03 (1.000e-03)
2026-01-16 05:42:08,237 - INFO: Epoch: [3][500/582]	Time  0.032 ( 0.033)	Loss 2.1655e-01 (1.0033e-01)	Acc pseudo  90.62 ( 96.27)	Lr 1.000e-03 (1.000e-03)
2026-01-16 05:42:12,907 - INFO: Epoch: [3][550/582]	Time  0.028 ( 0.033)	Loss 9.3393e-02 (9.9090e-02)	Acc pseudo  93.75 ( 96.29)	Lr 1.000e-03 (1.000e-03)
2026-01-16 05:42:15,889 - INFO: Round 8, Face Fine-tune Epoch 3: loss=0.1005, acc(pseudo)=96.27%
2026-01-16 05:43:16,537 - INFO: Round 8, Face Fine-tune Epoch 3: acc(valid_pseudo): 0.9872, acc: 0.8715
2026-01-16 05:43:18,777 - INFO: Epoch: [4][  0/582]	Time  0.515 ( 0.515)	Loss 2.9101e-01 (2.9101e-01)	Acc pseudo  87.50 ( 87.50)	Lr 1.000e-03 (1.000e-03)
2026-01-16 05:43:23,545 - INFO: Epoch: [4][ 50/582]	Time  0.028 ( 0.042)	Loss 4.1558e-01 (1.0499e-01)	Acc pseudo  90.62 ( 96.14)	Lr 1.000e-03 (1.000e-03)
2026-01-16 05:43:28,206 - INFO: Epoch: [4][100/582]	Time  0.029 ( 0.035)	Loss 1.5184e-01 (1.0363e-01)	Acc pseudo  95.31 ( 96.23)	Lr 1.000e-03 (1.000e-03)
2026-01-16 05:43:32,873 - INFO: Epoch: [4][150/582]	Time  0.029 ( 0.033)	Loss 7.5709e-02 (9.8699e-02)	Acc pseudo  98.44 ( 96.39)	Lr 1.000e-03 (1.000e-03)
2026-01-16 05:43:37,542 - INFO: Epoch: [4][200/582]	Time  0.028 ( 0.032)	Loss 9.8953e-02 (9.7119e-02)	Acc pseudo  95.31 ( 96.42)	Lr 1.000e-03 (1.000e-03)
2026-01-16 05:43:42,212 - INFO: Epoch: [4][250/582]	Time  0.028 ( 0.031)	Loss 3.8512e-02 (9.5701e-02)	Acc pseudo  98.44 ( 96.45)	Lr 1.000e-03 (1.000e-03)
2026-01-16 05:43:46,885 - INFO: Epoch: [4][300/582]	Time  0.028 ( 0.031)	Loss 1.9569e-01 (9.6183e-02)	Acc pseudo  93.75 ( 96.46)	Lr 1.000e-03 (1.000e-03)
2026-01-16 05:43:51,555 - INFO: Epoch: [4][350/582]	Time  0.033 ( 0.031)	Loss 5.7635e-02 (9.7607e-02)	Acc pseudo  96.88 ( 96.45)	Lr 1.000e-03 (1.000e-03)
2026-01-16 05:43:56,232 - INFO: Epoch: [4][400/582]	Time  0.041 ( 0.031)	Loss 5.1416e-02 (9.6706e-02)	Acc pseudo  98.44 ( 96.39)	Lr 1.000e-03 (1.000e-03)
2026-01-16 05:44:00,911 - INFO: Epoch: [4][450/582]	Time  0.030 ( 0.032)	Loss 7.5654e-02 (9.8745e-02)	Acc pseudo  96.88 ( 96.40)	Lr 1.000e-03 (1.000e-03)
2026-01-16 05:44:05,790 - INFO: Epoch: [4][500/582]	Time  0.047 ( 0.032)	Loss 7.1339e-02 (9.8702e-02)	Acc pseudo  96.88 ( 96.36)	Lr 1.000e-03 (1.000e-03)
2026-01-16 05:44:10,469 - INFO: Epoch: [4][550/582]	Time  0.028 ( 0.032)	Loss 3.0776e-02 (9.8653e-02)	Acc pseudo  98.44 ( 96.36)	Lr 1.000e-03 (1.000e-03)
2026-01-16 05:44:13,464 - INFO: Round 8, Face Fine-tune Epoch 4: loss=0.0978, acc(pseudo)=96.38%
2026-01-16 05:45:12,356 - INFO: Round 8, Face Fine-tune Epoch 4: acc(valid_pseudo): 0.9875, acc: 0.8705
2026-01-16 05:45:14,338 - INFO: Epoch: [5][  0/582]	Time  0.519 ( 0.519)	Loss 7.8925e-02 (7.8925e-02)	Acc pseudo  95.31 ( 95.31)	Lr 1.000e-03 (1.000e-03)
2026-01-16 05:45:19,015 - INFO: Epoch: [5][ 50/582]	Time  0.028 ( 0.041)	Loss 9.8191e-02 (8.8108e-02)	Acc pseudo  93.75 ( 96.23)	Lr 1.000e-03 (1.000e-03)
2026-01-16 05:45:23,682 - INFO: Epoch: [5][100/582]	Time  0.030 ( 0.035)	Loss 2.2129e-02 (8.5392e-02)	Acc pseudo 100.00 ( 96.46)	Lr 1.000e-03 (1.000e-03)
2026-01-16 05:45:28,351 - INFO: Epoch: [5][150/582]	Time  0.036 ( 0.033)	Loss 9.5997e-02 (8.2164e-02)	Acc pseudo  92.19 ( 96.59)	Lr 1.000e-03 (1.000e-03)
2026-01-16 05:45:33,031 - INFO: Epoch: [5][200/582]	Time  0.038 ( 0.034)	Loss 5.3136e-02 (8.1992e-02)	Acc pseudo  96.88 ( 96.64)	Lr 1.000e-03 (1.000e-03)
2026-01-16 05:45:37,759 - INFO: Epoch: [5][250/582]	Time  0.030 ( 0.034)	Loss 4.0967e-02 (8.2138e-02)	Acc pseudo  98.44 ( 96.59)	Lr 1.000e-03 (1.000e-03)
2026-01-16 05:45:42,510 - INFO: Epoch: [5][300/582]	Time  0.029 ( 0.033)	Loss 1.4935e-01 (8.5301e-02)	Acc pseudo  95.31 ( 96.59)	Lr 1.000e-03 (1.000e-03)
2026-01-16 05:45:47,184 - INFO: Epoch: [5][350/582]	Time  0.029 ( 0.033)	Loss 4.8401e-02 (8.4259e-02)	Acc pseudo  96.88 ( 96.58)	Lr 1.000e-03 (1.000e-03)
2026-01-16 05:45:51,858 - INFO: Epoch: [5][400/582]	Time  0.029 ( 0.033)	Loss 1.7534e-01 (8.4943e-02)	Acc pseudo  93.75 ( 96.54)	Lr 1.000e-03 (1.000e-03)
2026-01-16 05:45:56,534 - INFO: Epoch: [5][450/582]	Time  0.033 ( 0.032)	Loss 2.9516e-02 (8.4506e-02)	Acc pseudo  98.44 ( 96.54)	Lr 1.000e-03 (1.000e-03)
2026-01-16 05:46:01,217 - INFO: Epoch: [5][500/582]	Time  0.037 ( 0.032)	Loss 3.2947e-02 (8.5418e-02)	Acc pseudo  96.88 ( 96.56)	Lr 1.000e-03 (1.000e-03)
2026-01-16 05:46:05,894 - INFO: Epoch: [5][550/582]	Time  0.029 ( 0.032)	Loss 3.3070e-02 (8.4739e-02)	Acc pseudo 100.00 ( 96.63)	Lr 1.000e-03 (1.000e-03)
2026-01-16 05:46:08,892 - INFO: Round 8, Face Fine-tune Epoch 5: loss=0.0859, acc(pseudo)=96.61%
2026-01-16 05:47:12,073 - INFO: Round 8, Face Fine-tune Epoch 5: acc(valid_pseudo): 0.9878, acc: 0.8754
2026-01-16 05:47:14,605 - INFO: Epoch: [6][  0/582]	Time  1.021 ( 1.021)	Loss 3.6370e-02 (3.6370e-02)	Acc pseudo  98.44 ( 98.44)	Lr 1.000e-03 (1.000e-03)
2026-01-16 05:47:19,281 - INFO: Epoch: [6][ 50/582]	Time  0.033 ( 0.056)	Loss 5.1653e-02 (7.5353e-02)	Acc pseudo  96.88 ( 97.03)	Lr 1.000e-03 (1.000e-03)
2026-01-16 05:47:23,947 - INFO: Epoch: [6][100/582]	Time  0.033 ( 0.045)	Loss 7.0979e-02 (7.9057e-02)	Acc pseudo  98.44 ( 96.97)	Lr 1.000e-03 (1.000e-03)
2026-01-16 05:47:28,618 - INFO: Epoch: [6][150/582]	Time  0.028 ( 0.040)	Loss 6.4830e-02 (8.6784e-02)	Acc pseudo  96.88 ( 96.69)	Lr 1.000e-03 (1.000e-03)
2026-01-16 05:47:33,288 - INFO: Epoch: [6][200/582]	Time  0.028 ( 0.038)	Loss 1.3229e-01 (8.9959e-02)	Acc pseudo  90.62 ( 96.43)	Lr 1.000e-03 (1.000e-03)
2026-01-16 05:47:37,959 - INFO: Epoch: [6][250/582]	Time  0.029 ( 0.036)	Loss 3.9407e-02 (9.1302e-02)	Acc pseudo  98.44 ( 96.34)	Lr 1.000e-03 (1.000e-03)
2026-01-16 05:47:42,633 - INFO: Epoch: [6][300/582]	Time  0.030 ( 0.035)	Loss 1.1964e-01 (8.8451e-02)	Acc pseudo  96.88 ( 96.48)	Lr 1.000e-03 (1.000e-03)
2026-01-16 05:47:47,309 - INFO: Epoch: [6][350/582]	Time  0.028 ( 0.034)	Loss 1.9363e-01 (8.8606e-02)	Acc pseudo  90.62 ( 96.48)	Lr 1.000e-03 (1.000e-03)
2026-01-16 05:47:51,987 - INFO: Epoch: [6][400/582]	Time  0.043 ( 0.034)	Loss 7.1213e-02 (8.8769e-02)	Acc pseudo  98.44 ( 96.47)	Lr 1.000e-03 (1.000e-03)
2026-01-16 05:47:56,670 - INFO: Epoch: [6][450/582]	Time  0.030 ( 0.034)	Loss 8.9141e-02 (8.8965e-02)	Acc pseudo  93.75 ( 96.40)	Lr 1.000e-03 (1.000e-03)
2026-01-16 05:48:01,437 - INFO: Epoch: [6][500/582]	Time  0.029 ( 0.034)	Loss 1.4072e-01 (8.9796e-02)	Acc pseudo  89.06 ( 96.41)	Lr 1.000e-03 (1.000e-03)
2026-01-16 05:48:06,121 - INFO: Epoch: [6][550/582]	Time  0.031 ( 0.034)	Loss 7.7898e-02 (8.7957e-02)	Acc pseudo  95.31 ( 96.48)	Lr 1.000e-03 (1.000e-03)
2026-01-16 05:48:09,115 - INFO: Round 8, Face Fine-tune Epoch 6: loss=0.0868, acc(pseudo)=96.51%
2026-01-16 05:49:08,566 - INFO: Round 8, Face Fine-tune Epoch 6: acc(valid_pseudo): 0.9879, acc: 0.8695
2026-01-16 05:49:10,910 - INFO: Epoch: [7][  0/582]	Time  0.596 ( 0.596)	Loss 4.9355e-02 (4.9355e-02)	Acc pseudo  98.44 ( 98.44)	Lr 1.000e-03 (1.000e-03)
2026-01-16 05:49:15,585 - INFO: Epoch: [7][ 50/582]	Time  0.031 ( 0.045)	Loss 3.3500e-02 (7.9565e-02)	Acc pseudo  98.44 ( 96.97)	Lr 1.000e-03 (1.000e-03)
2026-01-16 05:49:20,255 - INFO: Epoch: [7][100/582]	Time  0.039 ( 0.039)	Loss 3.6752e-02 (7.8143e-02)	Acc pseudo  96.88 ( 96.88)	Lr 1.000e-03 (1.000e-03)
2026-01-16 05:49:24,933 - INFO: Epoch: [7][150/582]	Time  0.040 ( 0.039)	Loss 5.3626e-02 (8.0815e-02)	Acc pseudo  98.44 ( 96.85)	Lr 1.000e-03 (1.000e-03)
2026-01-16 05:49:29,613 - INFO: Epoch: [7][200/582]	Time  0.039 ( 0.039)	Loss 2.1955e-02 (7.9123e-02)	Acc pseudo  98.44 ( 96.84)	Lr 1.000e-03 (1.000e-03)
2026-01-16 05:49:34,294 - INFO: Epoch: [7][250/582]	Time  0.039 ( 0.039)	Loss 1.5118e-01 (8.1651e-02)	Acc pseudo  93.75 ( 96.78)	Lr 1.000e-03 (1.000e-03)
2026-01-16 05:49:38,966 - INFO: Epoch: [7][300/582]	Time  0.029 ( 0.038)	Loss 9.1787e-02 (7.8846e-02)	Acc pseudo  96.88 ( 96.84)	Lr 1.000e-03 (1.000e-03)
2026-01-16 05:49:43,638 - INFO: Epoch: [7][350/582]	Time  0.029 ( 0.037)	Loss 1.8864e-01 (7.9748e-02)	Acc pseudo  93.75 ( 96.77)	Lr 1.000e-03 (1.000e-03)
2026-01-16 05:49:48,315 - INFO: Epoch: [7][400/582]	Time  0.029 ( 0.036)	Loss 1.9608e-01 (7.8718e-02)	Acc pseudo  93.75 ( 96.81)	Lr 1.000e-03 (1.000e-03)
2026-01-16 05:49:52,995 - INFO: Epoch: [7][450/582]	Time  0.033 ( 0.036)	Loss 4.5884e-02 (7.8822e-02)	Acc pseudo  96.88 ( 96.80)	Lr 1.000e-03 (1.000e-03)
2026-01-16 05:49:57,671 - INFO: Epoch: [7][500/582]	Time  0.040 ( 0.036)	Loss 5.2410e-02 (7.8073e-02)	Acc pseudo  98.44 ( 96.82)	Lr 1.000e-03 (1.000e-03)
2026-01-16 05:50:02,347 - INFO: Epoch: [7][550/582]	Time  0.028 ( 0.035)	Loss 6.1960e-02 (7.8283e-02)	Acc pseudo  93.75 ( 96.78)	Lr 1.000e-03 (1.000e-03)
2026-01-16 05:50:05,405 - INFO: Round 8, Face Fine-tune Epoch 7: loss=0.0784, acc(pseudo)=96.79%
2026-01-16 05:51:05,558 - INFO: Round 8, Face Fine-tune Epoch 7: acc(valid_pseudo): 0.9893, acc: 0.8724
2026-01-16 05:51:07,775 - INFO: Epoch: [8][  0/582]	Time  0.511 ( 0.511)	Loss 3.1309e-02 (3.1309e-02)	Acc pseudo  98.44 ( 98.44)	Lr 1.000e-03 (1.000e-03)
2026-01-16 05:51:12,457 - INFO: Epoch: [8][ 50/582]	Time  0.041 ( 0.048)	Loss 2.0078e-02 (6.9728e-02)	Acc pseudo 100.00 ( 97.33)	Lr 1.000e-03 (1.000e-03)
2026-01-16 05:51:17,126 - INFO: Epoch: [8][100/582]	Time  0.030 ( 0.039)	Loss 3.2841e-02 (7.2593e-02)	Acc pseudo  98.44 ( 97.15)	Lr 1.000e-03 (1.000e-03)
2026-01-16 05:51:21,796 - INFO: Epoch: [8][150/582]	Time  0.030 ( 0.036)	Loss 6.7478e-02 (7.4642e-02)	Acc pseudo  98.44 ( 97.06)	Lr 1.000e-03 (1.000e-03)
2026-01-16 05:51:26,464 - INFO: Epoch: [8][200/582]	Time  0.028 ( 0.034)	Loss 5.7721e-02 (7.5402e-02)	Acc pseudo  98.44 ( 97.05)	Lr 1.000e-03 (1.000e-03)
2026-01-16 05:51:31,131 - INFO: Epoch: [8][250/582]	Time  0.029 ( 0.033)	Loss 1.0433e-01 (7.2573e-02)	Acc pseudo  93.75 ( 97.07)	Lr 1.000e-03 (1.000e-03)
2026-01-16 05:51:35,801 - INFO: Epoch: [8][300/582]	Time  0.031 ( 0.032)	Loss 1.2764e-01 (7.3126e-02)	Acc pseudo  95.31 ( 97.12)	Lr 1.000e-03 (1.000e-03)
2026-01-16 05:51:40,472 - INFO: Epoch: [8][350/582]	Time  0.031 ( 0.032)	Loss 1.0449e-01 (7.0756e-02)	Acc pseudo  96.88 ( 97.16)	Lr 1.000e-03 (1.000e-03)
2026-01-16 05:51:45,142 - INFO: Epoch: [8][400/582]	Time  0.030 ( 0.031)	Loss 1.3940e-01 (7.3502e-02)	Acc pseudo  95.31 ( 97.05)	Lr 1.000e-03 (1.000e-03)
2026-01-16 05:51:49,813 - INFO: Epoch: [8][450/582]	Time  0.030 ( 0.031)	Loss 1.1380e-01 (7.3873e-02)	Acc pseudo  96.88 ( 97.08)	Lr 1.000e-03 (1.000e-03)
2026-01-16 05:51:54,481 - INFO: Epoch: [8][500/582]	Time  0.031 ( 0.031)	Loss 6.2815e-02 (7.4536e-02)	Acc pseudo  96.88 ( 97.05)	Lr 1.000e-03 (1.000e-03)
2026-01-16 05:51:59,159 - INFO: Epoch: [8][550/582]	Time  0.047 ( 0.031)	Loss 2.8709e-02 (7.4713e-02)	Acc pseudo  98.44 ( 96.99)	Lr 1.000e-03 (1.000e-03)
2026-01-16 05:52:02,152 - INFO: Round 8, Face Fine-tune Epoch 8: loss=0.0753, acc(pseudo)=96.99%
2026-01-16 05:53:02,905 - INFO: Round 8, Face Fine-tune Epoch 8: acc(valid_pseudo): 0.9896, acc: 0.8705
2026-01-16 05:53:04,837 - INFO: Epoch: [9][  0/582]	Time  0.491 ( 0.491)	Loss 1.3973e-01 (1.3973e-01)	Acc pseudo  95.31 ( 95.31)	Lr 1.000e-03 (1.000e-03)
2026-01-16 05:53:09,508 - INFO: Epoch: [9][ 50/582]	Time  0.029 ( 0.045)	Loss 2.3208e-02 (6.9485e-02)	Acc pseudo  98.44 ( 97.27)	Lr 1.000e-03 (1.000e-03)
2026-01-16 05:53:14,172 - INFO: Epoch: [9][100/582]	Time  0.030 ( 0.037)	Loss 1.9148e-02 (7.2641e-02)	Acc pseudo  98.44 ( 97.25)	Lr 1.000e-03 (1.000e-03)
2026-01-16 05:53:18,842 - INFO: Epoch: [9][150/582]	Time  0.029 ( 0.035)	Loss 6.2314e-02 (7.6041e-02)	Acc pseudo  96.88 ( 97.16)	Lr 1.000e-03 (1.000e-03)
2026-01-16 05:53:23,511 - INFO: Epoch: [9][200/582]	Time  0.031 ( 0.033)	Loss 1.8807e-02 (7.4934e-02)	Acc pseudo 100.00 ( 97.25)	Lr 1.000e-03 (1.000e-03)
2026-01-16 05:53:28,180 - INFO: Epoch: [9][250/582]	Time  0.030 ( 0.033)	Loss 9.4510e-02 (7.5152e-02)	Acc pseudo  96.88 ( 97.20)	Lr 1.000e-03 (1.000e-03)
2026-01-16 05:53:32,849 - INFO: Epoch: [9][300/582]	Time  0.029 ( 0.032)	Loss 7.1898e-02 (7.4251e-02)	Acc pseudo  96.88 ( 97.18)	Lr 1.000e-03 (1.000e-03)
2026-01-16 05:53:37,519 - INFO: Epoch: [9][350/582]	Time  0.029 ( 0.032)	Loss 2.2953e-01 (7.5292e-02)	Acc pseudo  95.31 ( 97.11)	Lr 1.000e-03 (1.000e-03)
2026-01-16 05:53:42,193 - INFO: Epoch: [9][400/582]	Time  0.032 ( 0.032)	Loss 4.0115e-02 (7.3694e-02)	Acc pseudo  96.88 ( 97.15)	Lr 1.000e-03 (1.000e-03)
2026-01-16 05:53:46,866 - INFO: Epoch: [9][450/582]	Time  0.029 ( 0.032)	Loss 2.3873e-02 (7.3477e-02)	Acc pseudo 100.00 ( 97.18)	Lr 1.000e-03 (1.000e-03)
2026-01-16 05:53:51,536 - INFO: Epoch: [9][500/582]	Time  0.028 ( 0.031)	Loss 3.8496e-01 (7.4021e-02)	Acc pseudo  95.31 ( 97.16)	Lr 1.000e-03 (1.000e-03)
2026-01-16 05:53:56,205 - INFO: Epoch: [9][550/582]	Time  0.029 ( 0.031)	Loss 3.7721e-02 (7.3556e-02)	Acc pseudo  98.44 ( 97.16)	Lr 1.000e-03 (1.000e-03)
2026-01-16 05:53:59,201 - INFO: Round 8, Face Fine-tune Epoch 9: loss=0.0733, acc(pseudo)=97.15%
2026-01-16 05:55:00,216 - INFO: Round 8, Face Fine-tune Epoch 9: acc(valid_pseudo): 0.9901, acc: 0.8695
2026-01-16 05:55:03,004 - INFO: Epoch: [10][  0/582]	Time  1.054 ( 1.054)	Loss 1.0749e-01 (1.0749e-01)	Acc pseudo  96.88 ( 96.88)	Lr 1.000e-03 (1.000e-03)
2026-01-16 05:55:07,682 - INFO: Epoch: [10][ 50/582]	Time  0.030 ( 0.052)	Loss 4.9672e-02 (8.2921e-02)	Acc pseudo  98.44 ( 97.09)	Lr 1.000e-03 (1.000e-03)
2026-01-16 05:55:12,356 - INFO: Epoch: [10][100/582]	Time  0.030 ( 0.041)	Loss 1.0083e-01 (7.0549e-02)	Acc pseudo  96.88 ( 97.32)	Lr 1.000e-03 (1.000e-03)
2026-01-16 05:55:17,027 - INFO: Epoch: [10][150/582]	Time  0.028 ( 0.037)	Loss 1.7529e-02 (7.3613e-02)	Acc pseudo 100.00 ( 97.27)	Lr 1.000e-03 (1.000e-03)
2026-01-16 05:55:21,696 - INFO: Epoch: [10][200/582]	Time  0.028 ( 0.035)	Loss 1.1046e-01 (7.7373e-02)	Acc pseudo  95.31 ( 97.01)	Lr 1.000e-03 (1.000e-03)
2026-01-16 05:55:26,360 - INFO: Epoch: [10][250/582]	Time  0.028 ( 0.034)	Loss 1.6832e-01 (8.2301e-02)	Acc pseudo  96.88 ( 96.86)	Lr 1.000e-03 (1.000e-03)
2026-01-16 05:55:31,030 - INFO: Epoch: [10][300/582]	Time  0.028 ( 0.033)	Loss 1.0132e-01 (8.2684e-02)	Acc pseudo  96.88 ( 96.82)	Lr 1.000e-03 (1.000e-03)
2026-01-16 05:55:35,703 - INFO: Epoch: [10][350/582]	Time  0.028 ( 0.032)	Loss 6.1846e-02 (8.3935e-02)	Acc pseudo  98.44 ( 96.81)	Lr 1.000e-03 (1.000e-03)
2026-01-16 05:55:40,372 - INFO: Epoch: [10][400/582]	Time  0.029 ( 0.032)	Loss 1.9771e-01 (8.5386e-02)	Acc pseudo  93.75 ( 96.75)	Lr 1.000e-03 (1.000e-03)
2026-01-16 05:55:45,117 - INFO: Epoch: [10][450/582]	Time  0.047 ( 0.032)	Loss 5.8466e-02 (8.4370e-02)	Acc pseudo  98.44 ( 96.78)	Lr 1.000e-03 (1.000e-03)
2026-01-16 05:55:49,806 - INFO: Epoch: [10][500/582]	Time  0.029 ( 0.032)	Loss 6.1985e-02 (8.3925e-02)	Acc pseudo  96.88 ( 96.78)	Lr 1.000e-03 (1.000e-03)
2026-01-16 05:55:54,476 - INFO: Epoch: [10][550/582]	Time  0.028 ( 0.032)	Loss 5.5594e-02 (8.3153e-02)	Acc pseudo  96.88 ( 96.78)	Lr 1.000e-03 (1.000e-03)
2026-01-16 05:55:57,468 - INFO: Round 8, Face Fine-tune Epoch 10: loss=0.0836, acc(pseudo)=96.74%
2026-01-16 05:56:57,982 - INFO: Round 8, Face Fine-tune Epoch 10: acc(valid_pseudo): 0.9890, acc: 0.8724
2026-01-16 05:56:57,983 - INFO: Round 8, Face Fine-tune Epoch 10: No improvement. Patience(epoch): 1/3
2026-01-16 05:56:58,565 - INFO: Epoch: [11][  0/582]	Time  0.526 ( 0.526)	Loss 8.5797e-02 (8.5797e-02)	Acc pseudo  96.88 ( 96.88)	Lr 1.000e-03 (1.000e-03)
2026-01-16 05:57:03,246 - INFO: Epoch: [11][ 50/582]	Time  0.030 ( 0.041)	Loss 1.2714e+00 (1.0082e-01)	Acc pseudo  89.06 ( 96.38)	Lr 1.000e-03 (1.000e-03)
2026-01-16 05:57:07,915 - INFO: Epoch: [11][100/582]	Time  0.029 ( 0.035)	Loss 6.3599e-02 (8.8280e-02)	Acc pseudo  95.31 ( 96.61)	Lr 1.000e-03 (1.000e-03)
2026-01-16 05:57:12,589 - INFO: Epoch: [11][150/582]	Time  0.030 ( 0.033)	Loss 2.0422e-01 (8.7460e-02)	Acc pseudo  93.75 ( 96.74)	Lr 1.000e-03 (1.000e-03)
2026-01-16 05:57:17,260 - INFO: Epoch: [11][200/582]	Time  0.031 ( 0.032)	Loss 1.0145e-01 (9.0257e-02)	Acc pseudo  98.44 ( 96.49)	Lr 1.000e-03 (1.000e-03)
2026-01-16 05:57:21,932 - INFO: Epoch: [11][250/582]	Time  0.029 ( 0.032)	Loss 2.1040e-01 (9.0191e-02)	Acc pseudo  96.88 ( 96.54)	Lr 1.000e-03 (1.000e-03)
2026-01-16 05:57:26,602 - INFO: Epoch: [11][300/582]	Time  0.029 ( 0.031)	Loss 7.6686e-02 (8.9714e-02)	Acc pseudo  96.88 ( 96.55)	Lr 1.000e-03 (1.000e-03)
2026-01-16 05:57:31,270 - INFO: Epoch: [11][350/582]	Time  0.030 ( 0.031)	Loss 3.2038e-02 (9.0076e-02)	Acc pseudo 100.00 ( 96.52)	Lr 1.000e-03 (1.000e-03)
2026-01-16 05:57:35,944 - INFO: Epoch: [11][400/582]	Time  0.037 ( 0.031)	Loss 5.3852e-02 (9.0033e-02)	Acc pseudo  98.44 ( 96.50)	Lr 1.000e-03 (1.000e-03)
2026-01-16 05:57:40,621 - INFO: Epoch: [11][450/582]	Time  0.035 ( 0.031)	Loss 5.0489e-02 (9.1855e-02)	Acc pseudo  96.88 ( 96.46)	Lr 1.000e-03 (1.000e-03)
2026-01-16 05:57:45,296 - INFO: Epoch: [11][500/582]	Time  0.029 ( 0.031)	Loss 4.6177e-02 (9.1567e-02)	Acc pseudo  98.44 ( 96.45)	Lr 1.000e-03 (1.000e-03)
2026-01-16 05:57:49,967 - INFO: Epoch: [11][550/582]	Time  0.028 ( 0.031)	Loss 8.1943e-02 (9.0950e-02)	Acc pseudo  98.44 ( 96.47)	Lr 1.000e-03 (1.000e-03)
2026-01-16 05:57:52,980 - INFO: Round 8, Face Fine-tune Epoch 11: loss=0.0908, acc(pseudo)=96.45%
2026-01-16 05:58:52,116 - INFO: Round 8, Face Fine-tune Epoch 11: acc(valid_pseudo): 0.9887, acc: 0.8705
2026-01-16 05:58:52,116 - INFO: Round 8, Face Fine-tune Epoch 11: No improvement. Patience(epoch): 2/3
2026-01-16 05:58:52,645 - INFO: Epoch: [12][  0/582]	Time  0.479 ( 0.479)	Loss 9.1942e-02 (9.1942e-02)	Acc pseudo  96.88 ( 96.88)	Lr 1.000e-03 (1.000e-03)
2026-01-16 05:58:57,316 - INFO: Epoch: [12][ 50/582]	Time  0.029 ( 0.040)	Loss 1.8695e-01 (1.2357e-01)	Acc pseudo  95.31 ( 95.80)	Lr 1.000e-03 (1.000e-03)
2026-01-16 05:59:01,986 - INFO: Epoch: [12][100/582]	Time  0.027 ( 0.034)	Loss 6.5086e-02 (1.1314e-01)	Acc pseudo  96.88 ( 95.96)	Lr 1.000e-03 (1.000e-03)
2026-01-16 05:59:06,659 - INFO: Epoch: [12][150/582]	Time  0.038 ( 0.033)	Loss 4.9092e-02 (1.1240e-01)	Acc pseudo  98.44 ( 95.96)	Lr 1.000e-03 (1.000e-03)
2026-01-16 05:59:11,340 - INFO: Epoch: [12][200/582]	Time  0.029 ( 0.034)	Loss 1.5687e-01 (1.1533e-01)	Acc pseudo  95.31 ( 95.90)	Lr 1.000e-03 (1.000e-03)
2026-01-16 05:59:16,016 - INFO: Epoch: [12][250/582]	Time  0.031 ( 0.033)	Loss 4.0799e-02 (1.1163e-01)	Acc pseudo  98.44 ( 95.97)	Lr 1.000e-03 (1.000e-03)
2026-01-16 05:59:20,698 - INFO: Epoch: [12][300/582]	Time  0.036 ( 0.033)	Loss 5.7054e-02 (1.1076e-01)	Acc pseudo  96.88 ( 95.90)	Lr 1.000e-03 (1.000e-03)
2026-01-16 05:59:25,379 - INFO: Epoch: [12][350/582]	Time  0.028 ( 0.033)	Loss 9.0970e-02 (1.1185e-01)	Acc pseudo  96.88 ( 95.83)	Lr 1.000e-03 (1.000e-03)
2026-01-16 05:59:30,053 - INFO: Epoch: [12][400/582]	Time  0.029 ( 0.033)	Loss 4.8540e-02 (1.1486e-01)	Acc pseudo  96.88 ( 95.75)	Lr 1.000e-03 (1.000e-03)
2026-01-16 05:59:34,727 - INFO: Epoch: [12][450/582]	Time  0.029 ( 0.033)	Loss 7.4935e-02 (1.1488e-01)	Acc pseudo  95.31 ( 95.71)	Lr 1.000e-03 (1.000e-03)
2026-01-16 05:59:39,398 - INFO: Epoch: [12][500/582]	Time  0.029 ( 0.033)	Loss 2.0446e-01 (1.1547e-01)	Acc pseudo  93.75 ( 95.70)	Lr 1.000e-03 (1.000e-03)
2026-01-16 05:59:44,071 - INFO: Epoch: [12][550/582]	Time  0.028 ( 0.032)	Loss 1.6308e-01 (1.1668e-01)	Acc pseudo  92.19 ( 95.64)	Lr 1.000e-03 (1.000e-03)
2026-01-16 05:59:47,055 - INFO: Round 8, Face Fine-tune Epoch 12: loss=0.1177, acc(pseudo)=95.64%
2026-01-16 06:00:47,152 - INFO: Round 8, Face Fine-tune Epoch 12: acc(valid_pseudo): 0.9879, acc: 0.8685
2026-01-16 06:00:47,152 - INFO: Round 8, Face Fine-tune Epoch 12: No improvement. Patience(epoch): 3/3
2026-01-16 06:00:47,152 - INFO: Early stopping at face epoch 12
2026-01-16 06:00:47,154 - INFO: Round 8: Best face fine-tuned epoch=9, acc(valid_pseudo)=0.9901
2026-01-16 06:00:47,317 - INFO: Using HMM model from previous round: runs/I love my family/exp_video/result/self_supervised/exp0/round7/pseudo_label/hmm_params.pkl
2026-01-16 07:32:45,931 - INFO: Round 8: speaker_acc=0.8775
2026-01-16 07:32:45,938 - INFO: Round 8: face_acc=0.8705
2026-01-16 07:32:45,941 - INFO: ====================
2026-01-16 07:32:45,941 - INFO: Round 9: Fine-tuning iteration
2026-01-16 07:32:45,941 - INFO: ====================
2026-01-16 07:32:45,998 - INFO: Round 9 Part 1: Fine-tuning embedding model
2026-01-16 07:32:46,000 - INFO: Using pseudo-label file: runs/I love my family/exp_video/result/self_supervised/exp0/round8/pseudo_label/pseudo_labels_audio_nested_hmm_full(unreliable_pp=100.0).json
2026-01-16 07:32:46,029 - INFO: For training, Using face pseudo-label file: runs/I love my family/exp_video/result/self_supervised/exp0/round8/pseudo_label/pseudo_labels_faces_mid_frame_train_nested_hmm_full.json
2026-01-16 07:32:46,029 - INFO: For infering, Using face pseudo-label file: runs/I love my family/exp_video/result/self_supervised/exp0/round8/pseudo_label/pseudo_labels_faces_mid_frame_all_nested_hmm_full.json
2026-01-16 07:32:46,190 - INFO: Created face dataloader with 37219 samples
2026-01-16 07:32:46,213 - INFO: Fine-tuning speaker embedding model for 20 epochs...
2026-01-16 07:32:47,009 - INFO: Epoch: [0][  0/301]	Time  0.768 ( 0.768)	Loss 2.0126e-01 (2.0126e-01)	Acc pseudo  92.19 ( 92.19)	Lr 1.000e-03 (1.000e-03)
2026-01-16 07:32:47,195 - INFO: Epoch: [0][ 50/301]	Time  0.003 ( 0.019)	Loss 2.6461e-01 (2.7271e-01)	Acc pseudo  89.06 ( 91.85)	Lr 1.000e-03 (1.000e-03)
2026-01-16 07:32:47,356 - INFO: Epoch: [0][100/301]	Time  0.003 ( 0.011)	Loss 2.1958e-01 (2.9842e-01)	Acc pseudo  92.19 ( 91.40)	Lr 1.000e-03 (1.000e-03)
2026-01-16 07:32:47,517 - INFO: Epoch: [0][150/301]	Time  0.003 ( 0.008)	Loss 3.3318e-01 (3.0675e-01)	Acc pseudo  92.19 ( 91.04)	Lr 1.000e-03 (1.000e-03)
2026-01-16 07:32:47,675 - INFO: Epoch: [0][200/301]	Time  0.004 ( 0.007)	Loss 1.1705e-01 (3.1008e-01)	Acc pseudo  95.31 ( 90.73)	Lr 1.000e-03 (1.000e-03)
2026-01-16 07:32:47,832 - INFO: Epoch: [0][250/301]	Time  0.003 ( 0.006)	Loss 4.8717e-01 (3.1320e-01)	Acc pseudo  89.06 ( 90.49)	Lr 1.000e-03 (1.000e-03)
2026-01-16 07:32:47,975 - INFO: Epoch: [0][300/301]	Time  0.002 ( 0.006)	Loss 5.8633e-02 (3.0960e-01)	Acc pseudo  96.00 ( 90.62)	Lr 1.000e-03 (1.000e-03)
2026-01-16 07:32:48,048 - INFO: Round 9, Fine-tune Epoch 0: loss=0.3096, acc(pseudo)=90.62%
2026-01-16 07:32:55,651 - INFO: Round 9, Fine-tune Epoch 0: acc(valid_pseudo): 0.9425, acc: 0.8610
2026-01-16 07:32:56,525 - INFO: Epoch: [1][  0/301]	Time  0.261 ( 0.261)	Loss 2.6396e-01 (2.6396e-01)	Acc pseudo  90.62 ( 90.62)	Lr 1.000e-03 (1.000e-03)
2026-01-16 07:32:56,713 - INFO: Epoch: [1][ 50/301]	Time  0.004 ( 0.009)	Loss 2.3400e-01 (2.8914e-01)	Acc pseudo  90.62 ( 90.69)	Lr 1.000e-03 (1.000e-03)
2026-01-16 07:32:56,878 - INFO: Epoch: [1][100/301]	Time  0.003 ( 0.006)	Loss 2.1703e-01 (2.7624e-01)	Acc pseudo  95.31 ( 90.95)	Lr 1.000e-03 (1.000e-03)
2026-01-16 07:32:57,038 - INFO: Epoch: [1][150/301]	Time  0.003 ( 0.005)	Loss 2.8491e-01 (2.6858e-01)	Acc pseudo  89.06 ( 91.08)	Lr 1.000e-03 (1.000e-03)
2026-01-16 07:32:57,195 - INFO: Epoch: [1][200/301]	Time  0.003 ( 0.005)	Loss 2.3578e-01 (2.7142e-01)	Acc pseudo  92.19 ( 91.25)	Lr 1.000e-03 (1.000e-03)
2026-01-16 07:32:57,373 - INFO: Epoch: [1][250/301]	Time  0.004 ( 0.004)	Loss 2.2860e-01 (2.7087e-01)	Acc pseudo  95.31 ( 91.16)	Lr 1.000e-03 (1.000e-03)
2026-01-16 07:32:57,575 - INFO: Epoch: [1][300/301]	Time  0.003 ( 0.004)	Loss 8.4290e-02 (2.7050e-01)	Acc pseudo  96.00 ( 91.20)	Lr 1.000e-03 (1.000e-03)
2026-01-16 07:32:57,647 - INFO: Round 9, Fine-tune Epoch 1: loss=0.2705, acc(pseudo)=91.20%
2026-01-16 07:33:07,759 - INFO: Round 9, Fine-tune Epoch 1: acc(valid_pseudo): 0.9705, acc: 0.8525
2026-01-16 07:33:08,844 - INFO: Epoch: [2][  0/301]	Time  0.242 ( 0.242)	Loss 3.9673e-01 (3.9673e-01)	Acc pseudo  89.06 ( 89.06)	Lr 1.000e-03 (1.000e-03)
2026-01-16 07:33:09,033 - INFO: Epoch: [2][ 50/301]	Time  0.003 ( 0.008)	Loss 4.8999e-01 (2.9638e-01)	Acc pseudo  90.62 ( 90.50)	Lr 1.000e-03 (1.000e-03)
2026-01-16 07:33:09,196 - INFO: Epoch: [2][100/301]	Time  0.003 ( 0.006)	Loss 2.8394e-01 (2.7552e-01)	Acc pseudo  92.19 ( 91.07)	Lr 1.000e-03 (1.000e-03)
2026-01-16 07:33:09,359 - INFO: Epoch: [2][150/301]	Time  0.003 ( 0.005)	Loss 1.0790e-01 (2.6772e-01)	Acc pseudo  95.31 ( 91.39)	Lr 1.000e-03 (1.000e-03)
2026-01-16 07:33:09,521 - INFO: Epoch: [2][200/301]	Time  0.003 ( 0.004)	Loss 1.5594e-01 (2.6125e-01)	Acc pseudo  96.88 ( 91.50)	Lr 1.000e-03 (1.000e-03)
2026-01-16 07:33:09,677 - INFO: Epoch: [2][250/301]	Time  0.003 ( 0.004)	Loss 1.5707e-01 (2.6200e-01)	Acc pseudo  89.06 ( 91.38)	Lr 1.000e-03 (1.000e-03)
2026-01-16 07:33:09,830 - INFO: Epoch: [2][300/301]	Time  0.002 ( 0.004)	Loss 4.1010e-02 (2.6322e-01)	Acc pseudo 100.00 ( 91.29)	Lr 1.000e-03 (1.000e-03)
2026-01-16 07:33:09,900 - INFO: Round 9, Fine-tune Epoch 2: loss=0.2632, acc(pseudo)=91.29%
2026-01-16 07:33:17,835 - INFO: Round 9, Fine-tune Epoch 2: acc(valid_pseudo): 0.9743, acc: 0.8735
2026-01-16 07:33:18,657 - INFO: Epoch: [3][  0/301]	Time  0.280 ( 0.280)	Loss 3.0230e-01 (3.0230e-01)	Acc pseudo  87.50 ( 87.50)	Lr 1.000e-03 (1.000e-03)
2026-01-16 07:33:18,861 - INFO: Epoch: [3][ 50/301]	Time  0.004 ( 0.009)	Loss 3.3171e-01 (2.3739e-01)	Acc pseudo  90.62 ( 92.00)	Lr 1.000e-03 (1.000e-03)
2026-01-16 07:33:19,030 - INFO: Epoch: [3][100/301]	Time  0.003 ( 0.006)	Loss 7.5894e-02 (2.4050e-01)	Acc pseudo  98.44 ( 91.72)	Lr 1.000e-03 (1.000e-03)
2026-01-16 07:33:19,198 - INFO: Epoch: [3][150/301]	Time  0.004 ( 0.005)	Loss 1.3937e-01 (2.4577e-01)	Acc pseudo  93.75 ( 91.66)	Lr 1.000e-03 (1.000e-03)
2026-01-16 07:33:19,371 - INFO: Epoch: [3][200/301]	Time  0.004 ( 0.005)	Loss 2.0311e-01 (2.4603e-01)	Acc pseudo  92.19 ( 91.70)	Lr 1.000e-03 (1.000e-03)
2026-01-16 07:33:19,542 - INFO: Epoch: [3][250/301]	Time  0.003 ( 0.005)	Loss 2.8404e-01 (2.4816e-01)	Acc pseudo  93.75 ( 91.61)	Lr 1.000e-03 (1.000e-03)
2026-01-16 07:33:19,704 - INFO: Epoch: [3][300/301]	Time  0.002 ( 0.004)	Loss 4.3710e-01 (2.4949e-01)	Acc pseudo  92.00 ( 91.43)	Lr 1.000e-03 (1.000e-03)
2026-01-16 07:33:19,775 - INFO: Round 9, Fine-tune Epoch 3: loss=0.2495, acc(pseudo)=91.43%
2026-01-16 07:33:27,898 - INFO: Round 9, Fine-tune Epoch 3: acc(valid_pseudo): 0.9746, acc: 0.8700
2026-01-16 07:33:28,703 - INFO: Epoch: [4][  0/301]	Time  0.257 ( 0.257)	Loss 2.7648e-01 (2.7648e-01)	Acc pseudo  87.50 ( 87.50)	Lr 1.000e-03 (1.000e-03)
2026-01-16 07:33:28,902 - INFO: Epoch: [4][ 50/301]	Time  0.004 ( 0.009)	Loss 1.8240e-01 (2.3709e-01)	Acc pseudo  95.31 ( 91.36)	Lr 1.000e-03 (1.000e-03)
2026-01-16 07:33:29,083 - INFO: Epoch: [4][100/301]	Time  0.003 ( 0.006)	Loss 2.5907e-01 (2.4437e-01)	Acc pseudo  89.06 ( 91.58)	Lr 1.000e-03 (1.000e-03)
2026-01-16 07:33:29,259 - INFO: Epoch: [4][150/301]	Time  0.003 ( 0.005)	Loss 3.2154e-01 (2.4516e-01)	Acc pseudo  87.50 ( 91.64)	Lr 1.000e-03 (1.000e-03)
2026-01-16 07:33:29,431 - INFO: Epoch: [4][200/301]	Time  0.003 ( 0.005)	Loss 2.1450e-01 (2.4889e-01)	Acc pseudo  90.62 ( 91.49)	Lr 1.000e-03 (1.000e-03)
2026-01-16 07:33:29,602 - INFO: Epoch: [4][250/301]	Time  0.003 ( 0.005)	Loss 2.7365e-01 (2.4872e-01)	Acc pseudo  93.75 ( 91.46)	Lr 1.000e-03 (1.000e-03)
2026-01-16 07:33:29,767 - INFO: Epoch: [4][300/301]	Time  0.002 ( 0.004)	Loss 1.5482e-01 (2.5452e-01)	Acc pseudo  96.00 ( 91.33)	Lr 1.000e-03 (1.000e-03)
2026-01-16 07:33:29,872 - INFO: Round 9, Fine-tune Epoch 4: loss=0.2545, acc(pseudo)=91.33%
2026-01-16 07:33:39,004 - INFO: Round 9, Fine-tune Epoch 4: acc(valid_pseudo): 0.9633, acc: 0.8500
2026-01-16 07:33:39,004 - INFO: Round 9, Speaker Fine-tune Epoch 4: No improvement in validation accuracy. Patience(epoch): 1/3
2026-01-16 07:33:39,280 - INFO: Epoch: [5][  0/301]	Time  0.271 ( 0.271)	Loss 2.5580e-01 (2.5580e-01)	Acc pseudo  92.19 ( 92.19)	Lr 1.000e-03 (1.000e-03)
2026-01-16 07:33:39,488 - INFO: Epoch: [5][ 50/301]	Time  0.003 ( 0.009)	Loss 1.8589e-01 (2.1144e-01)	Acc pseudo  93.75 ( 93.01)	Lr 1.000e-03 (1.000e-03)
2026-01-16 07:33:39,672 - INFO: Epoch: [5][100/301]	Time  0.004 ( 0.006)	Loss 3.9574e-01 (2.1404e-01)	Acc pseudo  90.62 ( 92.79)	Lr 1.000e-03 (1.000e-03)
2026-01-16 07:33:39,847 - INFO: Epoch: [5][150/301]	Time  0.003 ( 0.005)	Loss 3.5985e-01 (2.1892e-01)	Acc pseudo  90.62 ( 92.46)	Lr 1.000e-03 (1.000e-03)
2026-01-16 07:33:40,026 - INFO: Epoch: [5][200/301]	Time  0.004 ( 0.005)	Loss 3.4191e-01 (2.2722e-01)	Acc pseudo  85.94 ( 92.08)	Lr 1.000e-03 (1.000e-03)
2026-01-16 07:33:40,203 - INFO: Epoch: [5][250/301]	Time  0.004 ( 0.005)	Loss 2.1938e-01 (2.3150e-01)	Acc pseudo  87.50 ( 92.04)	Lr 1.000e-03 (1.000e-03)
2026-01-16 07:33:40,384 - INFO: Epoch: [5][300/301]	Time  0.003 ( 0.004)	Loss 6.1672e-01 (2.4205e-01)	Acc pseudo  84.00 ( 91.77)	Lr 1.000e-03 (1.000e-03)
2026-01-16 07:33:40,465 - INFO: Round 9, Fine-tune Epoch 5: loss=0.2421, acc(pseudo)=91.77%
2026-01-16 07:33:49,847 - INFO: Round 9, Fine-tune Epoch 5: acc(valid_pseudo): 0.9484, acc: 0.8270
2026-01-16 07:33:49,847 - INFO: Round 9, Speaker Fine-tune Epoch 5: No improvement in validation accuracy. Patience(epoch): 2/3
2026-01-16 07:33:50,096 - INFO: Epoch: [6][  0/301]	Time  0.243 ( 0.243)	Loss 3.2632e-01 (3.2632e-01)	Acc pseudo  95.31 ( 95.31)	Lr 1.000e-03 (1.000e-03)
2026-01-16 07:33:50,323 - INFO: Epoch: [6][ 50/301]	Time  0.004 ( 0.009)	Loss 3.0273e-01 (3.1513e-01)	Acc pseudo  85.94 ( 89.68)	Lr 1.000e-03 (1.000e-03)
2026-01-16 07:33:50,518 - INFO: Epoch: [6][100/301]	Time  0.005 ( 0.006)	Loss 2.8501e-01 (3.0714e-01)	Acc pseudo  92.19 ( 90.07)	Lr 1.000e-03 (1.000e-03)
2026-01-16 07:33:50,719 - INFO: Epoch: [6][150/301]	Time  0.004 ( 0.006)	Loss 1.7882e-01 (3.1291e-01)	Acc pseudo  90.62 ( 90.00)	Lr 1.000e-03 (1.000e-03)
2026-01-16 07:33:50,903 - INFO: Epoch: [6][200/301]	Time  0.004 ( 0.005)	Loss 2.2881e-01 (3.1293e-01)	Acc pseudo  92.19 ( 89.93)	Lr 1.000e-03 (1.000e-03)
2026-01-16 07:33:51,090 - INFO: Epoch: [6][250/301]	Time  0.004 ( 0.005)	Loss 4.5446e-01 (3.1610e-01)	Acc pseudo  89.06 ( 89.87)	Lr 1.000e-03 (1.000e-03)
2026-01-16 07:33:51,271 - INFO: Epoch: [6][300/301]	Time  0.002 ( 0.005)	Loss 1.1934e-01 (3.1382e-01)	Acc pseudo  96.00 ( 89.86)	Lr 1.000e-03 (1.000e-03)
2026-01-16 07:33:51,350 - INFO: Round 9, Fine-tune Epoch 6: loss=0.3138, acc(pseudo)=89.86%
2026-01-16 07:34:01,045 - INFO: Round 9, Fine-tune Epoch 6: acc(valid_pseudo): 0.9717, acc: 0.8680
2026-01-16 07:34:01,045 - INFO: Round 9, Speaker Fine-tune Epoch 6: No improvement in validation accuracy. Patience(epoch): 3/3
2026-01-16 07:34:01,045 - INFO: Early stopping at epoch 6 due to no improvement in validation accuracy for 3 epochs.
2026-01-16 07:34:01,046 - INFO: Round 9: Best speaker fine-tuned epoch=3, acc(valid_pseudo)=0.9746
2026-01-16 07:34:01,051 - INFO: Fine-tuning face embedding model for 20 epochs...
2026-01-16 07:34:02,473 - INFO: Epoch: [0][  0/582]	Time  1.392 ( 1.392)	Loss 8.9065e-03 (8.9065e-03)	Acc pseudo 100.00 (100.00)	Lr 1.000e-03 (1.000e-03)
2026-01-16 07:34:07,214 - INFO: Epoch: [0][ 50/582]	Time  0.040 ( 0.062)	Loss 1.3057e-02 (7.9236e-02)	Acc pseudo 100.00 ( 97.82)	Lr 1.000e-03 (1.000e-03)
2026-01-16 07:34:11,860 - INFO: Epoch: [0][100/582]	Time  0.040 ( 0.051)	Loss 3.7887e-02 (9.1075e-02)	Acc pseudo  98.44 ( 97.05)	Lr 1.000e-03 (1.000e-03)
2026-01-16 07:34:16,503 - INFO: Epoch: [0][150/582]	Time  0.034 ( 0.044)	Loss 1.6189e-01 (1.0268e-01)	Acc pseudo  93.75 ( 96.89)	Lr 1.000e-03 (1.000e-03)
2026-01-16 07:34:21,151 - INFO: Epoch: [0][200/582]	Time  0.029 ( 0.040)	Loss 2.6358e-02 (1.0134e-01)	Acc pseudo  98.44 ( 96.85)	Lr 1.000e-03 (1.000e-03)
2026-01-16 07:34:25,795 - INFO: Epoch: [0][250/582]	Time  0.028 ( 0.038)	Loss 1.3395e-01 (1.0489e-01)	Acc pseudo  95.31 ( 96.70)	Lr 1.000e-03 (1.000e-03)
2026-01-16 07:34:30,625 - INFO: Epoch: [0][300/582]	Time  0.028 ( 0.037)	Loss 7.0060e-02 (1.0217e-01)	Acc pseudo  93.75 ( 96.75)	Lr 1.000e-03 (1.000e-03)
2026-01-16 07:34:37,168 - INFO: Epoch: [0][350/582]	Time  0.035 ( 0.042)	Loss 1.4032e-01 (1.0416e-01)	Acc pseudo  95.31 ( 96.75)	Lr 1.000e-03 (1.000e-03)
2026-01-16 07:34:41,824 - INFO: Epoch: [0][400/582]	Time  0.048 ( 0.041)	Loss 8.2438e-02 (1.0815e-01)	Acc pseudo  95.31 ( 96.70)	Lr 1.000e-03 (1.000e-03)
2026-01-16 07:34:46,480 - INFO: Epoch: [0][450/582]	Time  0.028 ( 0.041)	Loss 2.3819e-01 (1.0878e-01)	Acc pseudo  98.44 ( 96.67)	Lr 1.000e-03 (1.000e-03)
2026-01-16 07:34:51,135 - INFO: Epoch: [0][500/582]	Time  0.029 ( 0.040)	Loss 8.7127e-01 (1.1020e-01)	Acc pseudo  93.75 ( 96.65)	Lr 1.000e-03 (1.000e-03)
2026-01-16 07:34:55,790 - INFO: Epoch: [0][550/582]	Time  0.028 ( 0.039)	Loss 8.2032e-02 (1.1583e-01)	Acc pseudo  95.31 ( 96.61)	Lr 1.000e-03 (1.000e-03)
2026-01-16 07:34:58,777 - INFO: Round 9, Face Fine-tune Epoch 0: loss=0.1159, acc(pseudo)=96.58%
2026-01-16 07:36:00,200 - INFO: Round 9, Face Fine-tune Epoch 0: acc(valid_pseudo): 0.9873, acc: 0.8724
2026-01-16 07:36:02,166 - INFO: Epoch: [1][  0/582]	Time  0.573 ( 0.573)	Loss 1.6712e-01 (1.6712e-01)	Acc pseudo  93.75 ( 93.75)	Lr 1.000e-03 (1.000e-03)
2026-01-16 07:36:06,840 - INFO: Epoch: [1][ 50/582]	Time  0.031 ( 0.048)	Loss 2.1737e-02 (1.6527e-01)	Acc pseudo  98.44 ( 95.99)	Lr 1.000e-03 (1.000e-03)
2026-01-16 07:36:11,500 - INFO: Epoch: [1][100/582]	Time  0.028 ( 0.039)	Loss 9.8692e-02 (1.2683e-01)	Acc pseudo  96.88 ( 96.36)	Lr 1.000e-03 (1.000e-03)
2026-01-16 07:36:16,171 - INFO: Epoch: [1][150/582]	Time  0.029 ( 0.036)	Loss 3.7787e-02 (1.2069e-01)	Acc pseudo  98.44 ( 96.22)	Lr 1.000e-03 (1.000e-03)
2026-01-16 07:36:20,838 - INFO: Epoch: [1][200/582]	Time  0.030 ( 0.034)	Loss 4.9597e-02 (1.1943e-01)	Acc pseudo  98.44 ( 96.33)	Lr 1.000e-03 (1.000e-03)
2026-01-16 07:36:25,507 - INFO: Epoch: [1][250/582]	Time  0.030 ( 0.033)	Loss 5.1505e-02 (1.1467e-01)	Acc pseudo  96.88 ( 96.27)	Lr 1.000e-03 (1.000e-03)
2026-01-16 07:36:30,174 - INFO: Epoch: [1][300/582]	Time  0.028 ( 0.032)	Loss 4.6490e-02 (1.1241e-01)	Acc pseudo  96.88 ( 96.36)	Lr 1.000e-03 (1.000e-03)
2026-01-16 07:36:34,848 - INFO: Epoch: [1][350/582]	Time  0.047 ( 0.033)	Loss 1.4273e-01 (1.1101e-01)	Acc pseudo  92.19 ( 96.31)	Lr 1.000e-03 (1.000e-03)
2026-01-16 07:36:39,590 - INFO: Epoch: [1][400/582]	Time  0.027 ( 0.033)	Loss 1.5349e-01 (1.0698e-01)	Acc pseudo  93.75 ( 96.33)	Lr 1.000e-03 (1.000e-03)
2026-01-16 07:36:44,267 - INFO: Epoch: [1][450/582]	Time  0.047 ( 0.034)	Loss 1.0427e-01 (1.0613e-01)	Acc pseudo  95.31 ( 96.33)	Lr 1.000e-03 (1.000e-03)
2026-01-16 07:36:49,020 - INFO: Epoch: [1][500/582]	Time  0.039 ( 0.034)	Loss 5.2059e-02 (1.0398e-01)	Acc pseudo  98.44 ( 96.37)	Lr 1.000e-03 (1.000e-03)
2026-01-16 07:36:53,697 - INFO: Epoch: [1][550/582]	Time  0.035 ( 0.034)	Loss 1.0409e-01 (1.0328e-01)	Acc pseudo  92.19 ( 96.40)	Lr 1.000e-03 (1.000e-03)
2026-01-16 07:36:56,718 - INFO: Round 9, Face Fine-tune Epoch 1: loss=0.1040, acc(pseudo)=96.38%
2026-01-16 07:37:56,895 - INFO: Round 9, Face Fine-tune Epoch 1: acc(valid_pseudo): 0.9877, acc: 0.8715
2026-01-16 07:37:59,124 - INFO: Epoch: [2][  0/582]	Time  0.539 ( 0.539)	Loss 1.1997e-01 (1.1997e-01)	Acc pseudo  93.75 ( 93.75)	Lr 1.000e-03 (1.000e-03)
2026-01-16 07:38:03,799 - INFO: Epoch: [2][ 50/582]	Time  0.029 ( 0.041)	Loss 5.4507e-02 (1.0215e-01)	Acc pseudo  96.88 ( 96.23)	Lr 1.000e-03 (1.000e-03)
2026-01-16 07:38:08,463 - INFO: Epoch: [2][100/582]	Time  0.029 ( 0.035)	Loss 5.9737e-02 (1.0054e-01)	Acc pseudo  95.31 ( 96.24)	Lr 1.000e-03 (1.000e-03)
2026-01-16 07:38:13,228 - INFO: Epoch: [2][150/582]	Time  0.035 ( 0.036)	Loss 3.3698e-01 (9.4758e-02)	Acc pseudo  96.88 ( 96.54)	Lr 1.000e-03 (1.000e-03)
2026-01-16 07:38:17,972 - INFO: Epoch: [2][200/582]	Time  0.058 ( 0.037)	Loss 2.1343e-01 (9.3669e-02)	Acc pseudo  90.62 ( 96.47)	Lr 1.000e-03 (1.000e-03)
2026-01-16 07:38:22,716 - INFO: Epoch: [2][250/582]	Time  0.030 ( 0.037)	Loss 4.0555e-02 (8.7253e-02)	Acc pseudo  96.88 ( 96.67)	Lr 1.000e-03 (1.000e-03)
2026-01-16 07:38:27,394 - INFO: Epoch: [2][300/582]	Time  0.030 ( 0.035)	Loss 5.2840e-02 (8.6726e-02)	Acc pseudo  96.88 ( 96.67)	Lr 1.000e-03 (1.000e-03)
2026-01-16 07:38:32,079 - INFO: Epoch: [2][350/582]	Time  0.039 ( 0.036)	Loss 1.1781e-01 (8.7612e-02)	Acc pseudo  95.31 ( 96.71)	Lr 1.000e-03 (1.000e-03)
2026-01-16 07:38:36,766 - INFO: Epoch: [2][400/582]	Time  0.040 ( 0.036)	Loss 4.9408e-02 (8.5233e-02)	Acc pseudo  95.31 ( 96.78)	Lr 1.000e-03 (1.000e-03)
2026-01-16 07:38:41,452 - INFO: Epoch: [2][450/582]	Time  0.029 ( 0.036)	Loss 7.7678e-02 (8.5400e-02)	Acc pseudo  96.88 ( 96.74)	Lr 1.000e-03 (1.000e-03)
2026-01-16 07:38:46,139 - INFO: Epoch: [2][500/582]	Time  0.029 ( 0.036)	Loss 1.0208e-01 (8.6713e-02)	Acc pseudo  93.75 ( 96.71)	Lr 1.000e-03 (1.000e-03)
2026-01-16 07:38:50,821 - INFO: Epoch: [2][550/582]	Time  0.030 ( 0.036)	Loss 7.4172e-02 (8.7556e-02)	Acc pseudo  95.31 ( 96.68)	Lr 1.000e-03 (1.000e-03)
2026-01-16 07:38:53,815 - INFO: Round 9, Face Fine-tune Epoch 2: loss=0.0873, acc(pseudo)=96.69%
2026-01-16 07:39:52,537 - INFO: Round 9, Face Fine-tune Epoch 2: acc(valid_pseudo): 0.9876, acc: 0.8715
2026-01-16 07:39:52,537 - INFO: Round 9, Face Fine-tune Epoch 2: No improvement. Patience(epoch): 1/3
2026-01-16 07:39:53,173 - INFO: Epoch: [3][  0/582]	Time  0.584 ( 0.584)	Loss 2.1151e-02 (2.1151e-02)	Acc pseudo 100.00 (100.00)	Lr 1.000e-03 (1.000e-03)
2026-01-16 07:39:57,850 - INFO: Epoch: [3][ 50/582]	Time  0.030 ( 0.043)	Loss 1.9284e-02 (8.4516e-02)	Acc pseudo  98.44 ( 97.52)	Lr 1.000e-03 (1.000e-03)
2026-01-16 07:40:02,521 - INFO: Epoch: [3][100/582]	Time  0.031 ( 0.037)	Loss 1.4639e-01 (8.7225e-02)	Acc pseudo  95.31 ( 97.11)	Lr 1.000e-03 (1.000e-03)
2026-01-16 07:40:07,255 - INFO: Epoch: [3][150/582]	Time  0.029 ( 0.034)	Loss 2.9077e-02 (8.4573e-02)	Acc pseudo  98.44 ( 96.99)	Lr 1.000e-03 (1.000e-03)
2026-01-16 07:40:12,008 - INFO: Epoch: [3][200/582]	Time  0.028 ( 0.033)	Loss 1.7344e-01 (8.8461e-02)	Acc pseudo  95.31 ( 96.79)	Lr 1.000e-03 (1.000e-03)
2026-01-16 07:40:16,680 - INFO: Epoch: [3][250/582]	Time  0.028 ( 0.032)	Loss 7.1183e-02 (9.3754e-02)	Acc pseudo  96.88 ( 96.71)	Lr 1.000e-03 (1.000e-03)
2026-01-16 07:40:21,355 - INFO: Epoch: [3][300/582]	Time  0.046 ( 0.033)	Loss 1.1931e-01 (9.0842e-02)	Acc pseudo  95.31 ( 96.73)	Lr 1.000e-03 (1.000e-03)
2026-01-16 07:40:26,029 - INFO: Epoch: [3][350/582]	Time  0.028 ( 0.033)	Loss 5.1901e-02 (9.1029e-02)	Acc pseudo  96.88 ( 96.65)	Lr 1.000e-03 (1.000e-03)
2026-01-16 07:40:30,707 - INFO: Epoch: [3][400/582]	Time  0.033 ( 0.034)	Loss 2.6234e-02 (8.8963e-02)	Acc pseudo  98.44 ( 96.73)	Lr 1.000e-03 (1.000e-03)
2026-01-16 07:40:35,385 - INFO: Epoch: [3][450/582]	Time  0.046 ( 0.034)	Loss 4.8630e-02 (8.9687e-02)	Acc pseudo  96.88 ( 96.67)	Lr 1.000e-03 (1.000e-03)
2026-01-16 07:40:40,062 - INFO: Epoch: [3][500/582]	Time  0.028 ( 0.034)	Loss 8.9477e-02 (8.7524e-02)	Acc pseudo  96.88 ( 96.76)	Lr 1.000e-03 (1.000e-03)
2026-01-16 07:40:44,734 - INFO: Epoch: [3][550/582]	Time  0.029 ( 0.033)	Loss 4.2145e-02 (8.9599e-02)	Acc pseudo  96.88 ( 96.72)	Lr 1.000e-03 (1.000e-03)
2026-01-16 07:40:47,733 - INFO: Round 9, Face Fine-tune Epoch 3: loss=0.0890, acc(pseudo)=96.74%
2026-01-16 07:41:48,685 - INFO: Round 9, Face Fine-tune Epoch 3: acc(valid_pseudo): 0.9870, acc: 0.8715
2026-01-16 07:41:48,685 - INFO: Round 9, Face Fine-tune Epoch 3: No improvement. Patience(epoch): 2/3
2026-01-16 07:41:49,438 - INFO: Epoch: [4][  0/582]	Time  0.720 ( 0.720)	Loss 2.2875e-01 (2.2875e-01)	Acc pseudo  92.19 ( 92.19)	Lr 1.000e-03 (1.000e-03)
2026-01-16 07:41:54,118 - INFO: Epoch: [4][ 50/582]	Time  0.045 ( 0.060)	Loss 1.3095e-01 (8.9800e-02)	Acc pseudo  95.31 ( 96.57)	Lr 1.000e-03 (1.000e-03)
2026-01-16 07:41:58,800 - INFO: Epoch: [4][100/582]	Time  0.044 ( 0.051)	Loss 9.8399e-02 (8.6864e-02)	Acc pseudo  95.31 ( 96.63)	Lr 1.000e-03 (1.000e-03)
2026-01-16 07:42:03,486 - INFO: Epoch: [4][150/582]	Time  0.044 ( 0.049)	Loss 1.3055e-01 (9.1314e-02)	Acc pseudo  93.75 ( 96.47)	Lr 1.000e-03 (1.000e-03)
2026-01-16 07:42:08,172 - INFO: Epoch: [4][200/582]	Time  0.045 ( 0.048)	Loss 1.4663e-01 (8.8662e-02)	Acc pseudo  96.88 ( 96.53)	Lr 1.000e-03 (1.000e-03)
2026-01-16 07:42:12,862 - INFO: Epoch: [4][250/582]	Time  0.045 ( 0.047)	Loss 7.0668e-02 (8.5646e-02)	Acc pseudo  98.44 ( 96.59)	Lr 1.000e-03 (1.000e-03)
2026-01-16 07:42:17,549 - INFO: Epoch: [4][300/582]	Time  0.045 ( 0.047)	Loss 1.2257e-01 (8.5867e-02)	Acc pseudo  92.19 ( 96.62)	Lr 1.000e-03 (1.000e-03)
2026-01-16 07:42:22,240 - INFO: Epoch: [4][350/582]	Time  0.045 ( 0.046)	Loss 2.7965e-02 (8.5594e-02)	Acc pseudo 100.00 ( 96.71)	Lr 1.000e-03 (1.000e-03)
2026-01-16 07:42:27,058 - INFO: Epoch: [4][400/582]	Time  0.029 ( 0.045)	Loss 4.9236e-02 (8.5321e-02)	Acc pseudo  98.44 ( 96.69)	Lr 1.000e-03 (1.000e-03)
2026-01-16 07:42:31,769 - INFO: Epoch: [4][450/582]	Time  0.029 ( 0.043)	Loss 6.4550e-02 (8.4429e-02)	Acc pseudo  96.88 ( 96.70)	Lr 1.000e-03 (1.000e-03)
2026-01-16 07:42:36,448 - INFO: Epoch: [4][500/582]	Time  0.028 ( 0.042)	Loss 7.1804e-02 (8.5356e-02)	Acc pseudo  96.88 ( 96.66)	Lr 1.000e-03 (1.000e-03)
2026-01-16 07:42:41,124 - INFO: Epoch: [4][550/582]	Time  0.029 ( 0.041)	Loss 4.0952e-02 (8.6126e-02)	Acc pseudo  98.44 ( 96.58)	Lr 1.000e-03 (1.000e-03)
2026-01-16 07:42:44,114 - INFO: Round 9, Face Fine-tune Epoch 4: loss=0.0870, acc(pseudo)=96.60%
2026-01-16 07:43:43,818 - INFO: Round 9, Face Fine-tune Epoch 4: acc(valid_pseudo): 0.9868, acc: 0.8734
2026-01-16 07:43:43,818 - INFO: Round 9, Face Fine-tune Epoch 4: No improvement. Patience(epoch): 3/3
2026-01-16 07:43:43,818 - INFO: Early stopping at face epoch 4
2026-01-16 07:43:43,819 - INFO: Round 9: Best face fine-tuned epoch=1, acc(valid_pseudo)=0.9877
2026-01-16 07:43:43,959 - INFO: Using HMM model from previous round: runs/I love my family/exp_video/result/self_supervised/exp0/round8/pseudo_label/hmm_params.pkl
2026-01-16 08:58:56,176 - INFO: Round 9: speaker_acc=0.8820
2026-01-16 08:58:56,182 - INFO: Round 9: face_acc=0.8715
2026-01-16 08:58:56,185 - INFO: ====================
2026-01-16 08:58:56,185 - INFO: Self-supervised fine-tuning completed!
2026-01-16 08:58:56,185 - INFO: Initial speaker: acc=0.8035
2026-01-16 08:58:56,185 - INFO: Final speaker at round 9: acc=0.8820
2026-01-16 08:58:56,185 - INFO: Speaker improvement: 0.0785 (9.77%)
2026-01-16 08:58:56,185 - INFO: Initial face: acc=0.8617
2026-01-16 08:58:56,185 - INFO: Final face at round 9: acc=0.8715
2026-01-16 08:58:56,185 - INFO: Face improvement: 0.0098 (1.14%)
2026-01-16 08:58:56,185 - INFO: ====================
