2026-02-08 15:23:50,080 - INFO: Starting self-supervised fine-tuning pipeline
2026-02-08 15:23:50,082 - INFO: Device: cuda:0
2026-02-08 15:23:50,091 - INFO: Saved arguments to runs/I love my family/exp_video/result/self_supervised/baseline_joint/exp0/args.json
2026-02-08 15:23:50,091 - INFO: ====================
2026-02-08 15:23:50,091 - INFO: Initialization: Initial clustering with baseline method joint
2026-02-08 15:23:50,091 - INFO: ====================
2026-02-08 15:33:54,716 - INFO: Saved initial clustering results to runs/I love my family/exp_video/result/self_supervised/baseline_joint/exp0/initial
2026-02-08 15:33:54,716 - INFO: Initial: speaker_acc=0.6880
2026-02-08 15:33:54,716 - INFO: Initial: face_acc=0.8423
2026-02-08 15:33:54,716 - INFO: ====================
2026-02-08 15:33:54,716 - INFO: Round 0: Fine-tuning iteration
2026-02-08 15:33:54,716 - INFO: ====================
2026-02-08 15:33:54,764 - INFO: Round 0 Part 1: Fine-tuning embedding model
2026-02-08 15:33:54,766 - INFO: Using pseudo-label file: runs/I love my family/exp_video/result/self_supervised/baseline_joint/exp0/initial/pseudo_label/pseudo_labels_audio_baseline_joint.json
2026-02-08 15:33:57,963 - INFO: Speaker embedding dimension: 512
2026-02-08 15:33:58,584 - INFO: Saved speaker config_model to runs/I love my family/exp_video/result/self_supervised/baseline_joint/exp0/round0/config_model_speaker.json
2026-02-08 15:33:59,477 - INFO: Face embedding dimension: 512
2026-02-08 15:33:59,484 - INFO: Loading face pretrained model from pretrained_models/pytorch_model_tongyi.bin
2026-02-08 15:34:01,368 - INFO: Face model weights loaded successfully
2026-02-08 15:37:49,788 - INFO: Extracting hidden features for all speaker samples, which are outputs of StatsPool layer...
2026-02-08 15:37:49,788 - INFO: args.unfrozen_layers_num=2 is not used when extracting hidden features.
2026-02-08 15:51:07,797 - INFO: Hidden features extracted for 19225 speaker samples
2026-02-08 15:51:07,989 - INFO: For training, Using face pseudo-label file: runs/I love my family/exp_video/result/self_supervised/baseline_joint/exp0/initial/pseudo_label/pseudo_labels_faces_mid_frame_train_baseline_joint.json
2026-02-08 15:51:08,015 - INFO: For infering, Using face pseudo-label file: runs/I love my family/exp_video/result/self_supervised/baseline_joint/exp0/initial/pseudo_label/pseudo_labels_faces_mid_frame_all_baseline_joint.json
2026-02-08 15:51:08,281 - INFO: Created face dataloader with 37219 samples
2026-02-08 15:51:08,287 - INFO: Warmup training speaker classifier for 2 epochs...
2026-02-08 15:51:09,259 - INFO: Epoch: [0][  0/301]	Time  0.967 ( 0.967)	Loss 2.6955e+00 (2.6955e+00)	Acc pseudo   6.25 (  6.25)	Lr 1.000e-03 (1.000e-03)
2026-02-08 15:51:09,445 - INFO: Epoch: [0][ 50/301]	Time  0.003 ( 0.022)	Loss 7.1204e-01 (1.4274e+00)	Acc pseudo  87.50 ( 69.00)	Lr 1.000e-03 (1.000e-03)
2026-02-08 15:51:09,626 - INFO: Epoch: [0][100/301]	Time  0.003 ( 0.013)	Loss 3.9986e-01 (1.0120e+00)	Acc pseudo  89.06 ( 77.37)	Lr 1.000e-03 (1.000e-03)
2026-02-08 15:51:09,806 - INFO: Epoch: [0][150/301]	Time  0.003 ( 0.010)	Loss 3.4336e-01 (8.1937e-01)	Acc pseudo  90.62 ( 80.74)	Lr 1.000e-03 (1.000e-03)
2026-02-08 15:51:09,985 - INFO: Epoch: [0][200/301]	Time  0.003 ( 0.008)	Loss 3.1193e-01 (7.1096e-01)	Acc pseudo  89.06 ( 82.43)	Lr 1.000e-03 (1.000e-03)
2026-02-08 15:51:10,165 - INFO: Epoch: [0][250/301]	Time  0.003 ( 0.007)	Loss 4.0907e-01 (6.4491e-01)	Acc pseudo  85.94 ( 83.49)	Lr 1.000e-03 (1.000e-03)
2026-02-08 15:51:10,327 - INFO: Epoch: [0][300/301]	Time  0.004 ( 0.007)	Loss 3.5868e-01 (6.0690e-01)	Acc pseudo  92.00 ( 84.54)	Lr 1.000e-03 (1.000e-03)
2026-02-08 15:51:10,369 - INFO: Round 0, Speaker Warmup Epoch 0: loss=0.6069, acc(pseudo)=84.54%
2026-02-08 15:51:10,648 - INFO: Epoch: [1][  0/301]	Time  0.271 ( 0.271)	Loss 4.0879e-01 (4.0879e-01)	Acc pseudo  85.94 ( 85.94)	Lr 1.000e-03 (1.000e-03)
2026-02-08 15:51:10,908 - INFO: Epoch: [1][ 50/301]	Time  0.003 ( 0.010)	Loss 4.0046e-01 (3.5140e-01)	Acc pseudo  85.94 ( 89.19)	Lr 1.000e-03 (1.000e-03)
2026-02-08 15:51:11,117 - INFO: Epoch: [1][100/301]	Time  0.003 ( 0.007)	Loss 3.6755e-01 (3.4540e-01)	Acc pseudo  93.75 ( 89.28)	Lr 1.000e-03 (1.000e-03)
2026-02-08 15:51:11,311 - INFO: Epoch: [1][150/301]	Time  0.003 ( 0.006)	Loss 3.3065e-01 (3.4302e-01)	Acc pseudo  87.50 ( 89.42)	Lr 1.000e-03 (1.000e-03)
2026-02-08 15:51:11,498 - INFO: Epoch: [1][200/301]	Time  0.004 ( 0.005)	Loss 3.4707e-01 (3.3180e-01)	Acc pseudo  82.81 ( 89.61)	Lr 1.000e-03 (1.000e-03)
2026-02-08 15:51:11,676 - INFO: Epoch: [1][250/301]	Time  0.004 ( 0.005)	Loss 2.9882e-01 (3.2504e-01)	Acc pseudo  84.38 ( 89.54)	Lr 1.000e-03 (1.000e-03)
2026-02-08 15:51:11,846 - INFO: Epoch: [1][300/301]	Time  0.002 ( 0.005)	Loss 5.4363e-01 (3.2479e-01)	Acc pseudo  88.00 ( 89.61)	Lr 1.000e-03 (1.000e-03)
2026-02-08 15:51:11,888 - INFO: Round 0, Speaker Warmup Epoch 1: loss=0.3248, acc(pseudo)=89.61%
2026-02-08 15:51:11,891 - INFO: Warmup training face classifier for 2 epochs...
2026-02-08 15:51:14,684 - INFO: Epoch: [0][  0/582]	Time  2.756 ( 2.756)	Loss 2.7202e+00 (2.7202e+00)	Acc pseudo   9.38 (  9.38)	Lr 1.000e-03 (1.000e-03)
2026-02-08 15:51:34,191 - INFO: Epoch: [0][ 50/582]	Time  0.027 ( 0.377)	Loss 1.9404e+00 (2.3149e+00)	Acc pseudo  56.25 ( 42.03)	Lr 1.000e-03 (1.000e-03)
2026-02-08 15:51:53,271 - INFO: Epoch: [0][100/582]	Time  0.879 ( 0.351)	Loss 1.1182e+00 (2.0024e+00)	Acc pseudo  73.44 ( 53.39)	Lr 1.000e-03 (1.000e-03)
2026-02-08 15:52:08,609 - INFO: Epoch: [0][150/582]	Time  0.036 ( 0.317)	Loss 1.1922e+00 (1.8132e+00)	Acc pseudo  71.88 ( 57.90)	Lr 1.000e-03 (1.000e-03)
2026-02-08 15:52:24,480 - INFO: Epoch: [0][200/582]	Time  0.620 ( 0.303)	Loss 1.0163e+00 (1.6851e+00)	Acc pseudo  75.00 ( 60.89)	Lr 1.000e-03 (1.000e-03)
2026-02-08 15:52:40,013 - INFO: Epoch: [0][250/582]	Time  0.033 ( 0.293)	Loss 1.2414e+00 (1.5877e+00)	Acc pseudo  64.06 ( 62.67)	Lr 1.000e-03 (1.000e-03)
2026-02-08 15:52:53,112 - INFO: Epoch: [0][300/582]	Time  0.046 ( 0.279)	Loss 8.8636e-01 (1.5148e+00)	Acc pseudo  75.00 ( 64.00)	Lr 1.000e-03 (1.000e-03)
2026-02-08 15:53:05,879 - INFO: Epoch: [0][350/582]	Time  0.035 ( 0.267)	Loss 8.0146e-01 (1.4476e+00)	Acc pseudo  84.38 ( 65.21)	Lr 1.000e-03 (1.000e-03)
2026-02-08 15:53:18,806 - INFO: Epoch: [0][400/582]	Time  0.034 ( 0.260)	Loss 6.4269e-01 (1.3930e+00)	Acc pseudo  81.25 ( 66.21)	Lr 1.000e-03 (1.000e-03)
2026-02-08 15:53:30,821 - INFO: Epoch: [0][450/582]	Time  0.030 ( 0.251)	Loss 9.5223e-01 (1.3519e+00)	Acc pseudo  79.69 ( 66.92)	Lr 1.000e-03 (1.000e-03)
2026-02-08 15:53:41,079 - INFO: Epoch: [0][500/582]	Time  0.034 ( 0.241)	Loss 7.0418e-01 (1.3225e+00)	Acc pseudo  81.25 ( 67.39)	Lr 1.000e-03 (1.000e-03)
2026-02-08 15:53:51,432 - INFO: Epoch: [0][550/582]	Time  0.036 ( 0.232)	Loss 1.0522e+00 (1.2922e+00)	Acc pseudo  70.31 ( 67.85)	Lr 1.000e-03 (1.000e-03)
2026-02-08 15:53:57,577 - INFO: Round 0, Face Warmup Epoch 0: loss=1.2747, acc(pseudo)=68.03%
2026-02-08 15:53:58,531 - INFO: Epoch: [1][  0/582]	Time  0.933 ( 0.933)	Loss 1.0141e+00 (1.0141e+00)	Acc pseudo  76.56 ( 76.56)	Lr 1.000e-03 (1.000e-03)
2026-02-08 15:54:03,284 - INFO: Epoch: [1][ 50/582]	Time  0.043 ( 0.055)	Loss 8.4008e-01 (9.2177e-01)	Acc pseudo  78.12 ( 73.41)	Lr 1.000e-03 (1.000e-03)
2026-02-08 15:54:07,988 - INFO: Epoch: [1][100/582]	Time  0.028 ( 0.044)	Loss 8.0215e-01 (9.1070e-01)	Acc pseudo  75.00 ( 73.36)	Lr 1.000e-03 (1.000e-03)
2026-02-08 15:54:12,740 - INFO: Epoch: [1][150/582]	Time  0.034 ( 0.039)	Loss 6.6256e-01 (8.8887e-01)	Acc pseudo  76.56 ( 73.89)	Lr 1.000e-03 (1.000e-03)
2026-02-08 15:54:17,507 - INFO: Epoch: [1][200/582]	Time  0.034 ( 0.037)	Loss 7.0624e-01 (8.7615e-01)	Acc pseudo  76.56 ( 73.90)	Lr 1.000e-03 (1.000e-03)
2026-02-08 15:54:22,286 - INFO: Epoch: [1][250/582]	Time  0.035 ( 0.037)	Loss 5.9975e-01 (8.6584e-01)	Acc pseudo  79.69 ( 73.96)	Lr 1.000e-03 (1.000e-03)
2026-02-08 15:54:27,062 - INFO: Epoch: [1][300/582]	Time  0.028 ( 0.036)	Loss 7.7155e-01 (8.6683e-01)	Acc pseudo  73.44 ( 73.94)	Lr 1.000e-03 (1.000e-03)
2026-02-08 15:54:31,842 - INFO: Epoch: [1][350/582]	Time  0.033 ( 0.035)	Loss 5.1314e-01 (8.6859e-01)	Acc pseudo  81.25 ( 73.88)	Lr 1.000e-03 (1.000e-03)
2026-02-08 15:54:36,618 - INFO: Epoch: [1][400/582]	Time  0.049 ( 0.035)	Loss 1.2111e+00 (8.6455e-01)	Acc pseudo  62.50 ( 73.93)	Lr 1.000e-03 (1.000e-03)
2026-02-08 15:54:41,399 - INFO: Epoch: [1][450/582]	Time  0.030 ( 0.036)	Loss 9.9313e-01 (8.6455e-01)	Acc pseudo  64.06 ( 73.92)	Lr 1.000e-03 (1.000e-03)
2026-02-08 15:54:46,201 - INFO: Epoch: [1][500/582]	Time  0.037 ( 0.036)	Loss 7.0776e-01 (8.5735e-01)	Acc pseudo  67.19 ( 73.98)	Lr 1.000e-03 (1.000e-03)
2026-02-08 15:54:50,977 - INFO: Epoch: [1][550/582]	Time  0.035 ( 0.036)	Loss 9.3769e-01 (8.5650e-01)	Acc pseudo  73.44 ( 73.94)	Lr 1.000e-03 (1.000e-03)
2026-02-08 15:54:53,960 - INFO: Round 0, Face Warmup Epoch 1: loss=0.8542, acc(pseudo)=73.97%
2026-02-08 15:54:53,970 - INFO: Fine-tuning speaker embedding model for 20 epochs...
2026-02-08 15:54:55,450 - INFO: Epoch: [0][  0/301]	Time  1.476 ( 1.476)	Loss 1.7080e-01 (1.7080e-01)	Acc pseudo  95.31 ( 95.31)	Lr 1.000e-03 (1.000e-03)
2026-02-08 15:54:55,699 - INFO: Epoch: [0][ 50/301]	Time  0.004 ( 0.034)	Loss 4.0863e-01 (4.9224e-01)	Acc pseudo  85.94 ( 85.57)	Lr 1.000e-03 (1.000e-03)
2026-02-08 15:54:55,918 - INFO: Epoch: [0][100/301]	Time  0.004 ( 0.019)	Loss 6.5170e-01 (5.0096e-01)	Acc pseudo  87.50 ( 85.69)	Lr 1.000e-03 (1.000e-03)
2026-02-08 15:54:56,119 - INFO: Epoch: [0][150/301]	Time  0.004 ( 0.014)	Loss 3.0693e-01 (4.7637e-01)	Acc pseudo  90.62 ( 85.99)	Lr 1.000e-03 (1.000e-03)
2026-02-08 15:54:56,320 - INFO: Epoch: [0][200/301]	Time  0.004 ( 0.012)	Loss 1.7360e-01 (4.4448e-01)	Acc pseudo  95.31 ( 86.57)	Lr 1.000e-03 (1.000e-03)
2026-02-08 15:54:56,501 - INFO: Epoch: [0][250/301]	Time  0.004 ( 0.010)	Loss 3.3368e-01 (4.4207e-01)	Acc pseudo  84.38 ( 86.75)	Lr 1.000e-03 (1.000e-03)
2026-02-08 15:54:56,701 - INFO: Epoch: [0][300/301]	Time  0.008 ( 0.009)	Loss 2.3152e-01 (4.3469e-01)	Acc pseudo  84.00 ( 86.90)	Lr 1.000e-03 (1.000e-03)
2026-02-08 15:54:56,747 - INFO: Round 0, Fine-tune Epoch 0: loss=0.4347, acc(pseudo)=86.90%
2026-02-08 15:55:05,505 - INFO: Round 0, Fine-tune Epoch 0: acc(valid_pseudo): 0.6615, acc: 0.6615
2026-02-08 15:55:06,379 - INFO: Epoch: [1][  0/301]	Time  0.237 ( 0.237)	Loss 1.8460e-01 (1.8460e-01)	Acc pseudo  92.19 ( 92.19)	Lr 1.000e-03 (1.000e-03)
2026-02-08 15:55:06,769 - INFO: Epoch: [1][ 50/301]	Time  0.005 ( 0.012)	Loss 5.1400e-01 (3.9438e-01)	Acc pseudo  81.25 ( 88.66)	Lr 1.000e-03 (1.000e-03)
2026-02-08 15:55:07,006 - INFO: Epoch: [1][100/301]	Time  0.004 ( 0.008)	Loss 2.8402e-01 (3.4743e-01)	Acc pseudo  87.50 ( 88.94)	Lr 1.000e-03 (1.000e-03)
2026-02-08 15:55:07,230 - INFO: Epoch: [1][150/301]	Time  0.004 ( 0.007)	Loss 3.5896e-01 (3.6282e-01)	Acc pseudo  89.06 ( 88.92)	Lr 1.000e-03 (1.000e-03)
2026-02-08 15:55:07,433 - INFO: Epoch: [1][200/301]	Time  0.004 ( 0.006)	Loss 2.9930e-01 (3.5446e-01)	Acc pseudo  92.19 ( 88.89)	Lr 1.000e-03 (1.000e-03)
2026-02-08 15:55:07,635 - INFO: Epoch: [1][250/301]	Time  0.004 ( 0.006)	Loss 3.2180e-01 (3.5000e-01)	Acc pseudo  87.50 ( 88.93)	Lr 1.000e-03 (1.000e-03)
2026-02-08 15:55:07,838 - INFO: Epoch: [1][300/301]	Time  0.003 ( 0.005)	Loss 2.0412e-01 (3.5353e-01)	Acc pseudo  92.00 ( 88.81)	Lr 1.000e-03 (1.000e-03)
2026-02-08 15:55:07,886 - INFO: Round 0, Fine-tune Epoch 1: loss=0.3535, acc(pseudo)=88.81%
2026-02-08 15:55:17,868 - INFO: Round 0, Fine-tune Epoch 1: acc(valid_pseudo): 0.6695, acc: 0.6695
2026-02-08 15:55:19,024 - INFO: Epoch: [2][  0/301]	Time  0.333 ( 0.333)	Loss 3.3314e-01 (3.3314e-01)	Acc pseudo  89.06 ( 89.06)	Lr 1.000e-03 (1.000e-03)
2026-02-08 15:55:19,393 - INFO: Epoch: [2][ 50/301]	Time  0.004 ( 0.014)	Loss 3.7077e-01 (4.7675e-01)	Acc pseudo  89.06 ( 88.42)	Lr 1.000e-03 (1.000e-03)
2026-02-08 15:55:19,627 - INFO: Epoch: [2][100/301]	Time  0.003 ( 0.009)	Loss 3.1092e-01 (4.0161e-01)	Acc pseudo  89.06 ( 89.08)	Lr 1.000e-03 (1.000e-03)
2026-02-08 15:55:19,863 - INFO: Epoch: [2][150/301]	Time  0.012 ( 0.008)	Loss 3.9684e-01 (3.6755e-01)	Acc pseudo  84.38 ( 89.39)	Lr 1.000e-03 (1.000e-03)
2026-02-08 15:55:20,090 - INFO: Epoch: [2][200/301]	Time  0.004 ( 0.007)	Loss 4.9829e-01 (3.8463e-01)	Acc pseudo  78.12 ( 89.54)	Lr 1.000e-03 (1.000e-03)
2026-02-08 15:55:20,306 - INFO: Epoch: [2][250/301]	Time  0.004 ( 0.006)	Loss 2.9130e-01 (3.7398e-01)	Acc pseudo  89.06 ( 89.29)	Lr 1.000e-03 (1.000e-03)
2026-02-08 15:55:20,520 - INFO: Epoch: [2][300/301]	Time  0.003 ( 0.006)	Loss 1.3297e-01 (3.5691e-01)	Acc pseudo  96.00 ( 89.37)	Lr 1.000e-03 (1.000e-03)
2026-02-08 15:55:20,570 - INFO: Round 0, Fine-tune Epoch 2: loss=0.3569, acc(pseudo)=89.37%
2026-02-08 15:55:30,851 - INFO: Round 0, Fine-tune Epoch 2: acc(valid_pseudo): 0.6750, acc: 0.6750
2026-02-08 15:55:32,059 - INFO: Epoch: [3][  0/301]	Time  0.338 ( 0.338)	Loss 4.3385e-01 (4.3385e-01)	Acc pseudo  89.06 ( 89.06)	Lr 1.000e-03 (1.000e-03)
2026-02-08 15:55:32,436 - INFO: Epoch: [3][ 50/301]	Time  0.006 ( 0.014)	Loss 2.2750e-01 (3.1404e-01)	Acc pseudo  90.62 ( 89.89)	Lr 1.000e-03 (1.000e-03)
2026-02-08 15:55:32,669 - INFO: Epoch: [3][100/301]	Time  0.005 ( 0.009)	Loss 3.0081e-01 (2.7843e-01)	Acc pseudo  84.38 ( 90.36)	Lr 1.000e-03 (1.000e-03)
2026-02-08 15:55:32,894 - INFO: Epoch: [3][150/301]	Time  0.005 ( 0.008)	Loss 1.6216e-01 (2.8237e-01)	Acc pseudo  95.31 ( 90.46)	Lr 1.000e-03 (1.000e-03)
2026-02-08 15:55:33,119 - INFO: Epoch: [3][200/301]	Time  0.005 ( 0.007)	Loss 2.3957e-01 (2.7713e-01)	Acc pseudo  93.75 ( 90.51)	Lr 1.000e-03 (1.000e-03)
2026-02-08 15:55:33,347 - INFO: Epoch: [3][250/301]	Time  0.004 ( 0.006)	Loss 2.6323e-01 (2.9212e-01)	Acc pseudo  90.62 ( 90.44)	Lr 1.000e-03 (1.000e-03)
2026-02-08 15:55:33,564 - INFO: Epoch: [3][300/301]	Time  0.003 ( 0.006)	Loss 4.1483e-01 (2.8977e-01)	Acc pseudo  88.00 ( 90.47)	Lr 1.000e-03 (1.000e-03)
2026-02-08 15:55:33,612 - INFO: Round 0, Fine-tune Epoch 3: loss=0.2898, acc(pseudo)=90.47%
2026-02-08 15:55:43,316 - INFO: Round 0, Fine-tune Epoch 3: acc(valid_pseudo): 0.6945, acc: 0.6945
2026-02-08 15:55:44,523 - INFO: Epoch: [4][  0/301]	Time  0.345 ( 0.345)	Loss 2.9896e-01 (2.9896e-01)	Acc pseudo  85.94 ( 85.94)	Lr 1.000e-03 (1.000e-03)
2026-02-08 15:55:44,889 - INFO: Epoch: [4][ 50/301]	Time  0.005 ( 0.014)	Loss 2.4578e-01 (2.4917e-01)	Acc pseudo  87.50 ( 90.84)	Lr 1.000e-03 (1.000e-03)
2026-02-08 15:55:45,119 - INFO: Epoch: [4][100/301]	Time  0.003 ( 0.009)	Loss 4.1781e-01 (3.1617e-01)	Acc pseudo  90.62 ( 90.52)	Lr 1.000e-03 (1.000e-03)
2026-02-08 15:55:45,349 - INFO: Epoch: [4][150/301]	Time  0.005 ( 0.008)	Loss 1.6991e-01 (3.0347e-01)	Acc pseudo  92.19 ( 90.54)	Lr 1.000e-03 (1.000e-03)
2026-02-08 15:55:45,593 - INFO: Epoch: [4][200/301]	Time  0.004 ( 0.007)	Loss 3.6459e-01 (2.8749e-01)	Acc pseudo  84.38 ( 90.81)	Lr 1.000e-03 (1.000e-03)
2026-02-08 15:55:45,831 - INFO: Epoch: [4][250/301]	Time  0.004 ( 0.006)	Loss 2.5486e-01 (2.7457e-01)	Acc pseudo  89.06 ( 91.14)	Lr 1.000e-03 (1.000e-03)
2026-02-08 15:55:46,040 - INFO: Epoch: [4][300/301]	Time  0.003 ( 0.006)	Loss 2.0432e-01 (2.7688e-01)	Acc pseudo  92.00 ( 91.14)	Lr 1.000e-03 (1.000e-03)
2026-02-08 15:55:46,091 - INFO: Round 0, Fine-tune Epoch 4: loss=0.2769, acc(pseudo)=91.14%
2026-02-08 15:55:56,180 - INFO: Round 0, Fine-tune Epoch 4: acc(valid_pseudo): 0.6775, acc: 0.6775
2026-02-08 15:55:56,180 - INFO: Round 0, Speaker Fine-tune Epoch 4: No improvement in validation accuracy. Patience(epoch): 1/3
2026-02-08 15:55:56,544 - INFO: Epoch: [5][  0/301]	Time  0.356 ( 0.356)	Loss 3.1159e-01 (3.1159e-01)	Acc pseudo  92.19 ( 92.19)	Lr 1.000e-03 (1.000e-03)
2026-02-08 15:55:56,945 - INFO: Epoch: [5][ 50/301]	Time  0.005 ( 0.015)	Loss 7.0840e-02 (2.5164e-01)	Acc pseudo  96.88 ( 90.72)	Lr 1.000e-03 (1.000e-03)
2026-02-08 15:55:57,190 - INFO: Epoch: [5][100/301]	Time  0.005 ( 0.010)	Loss 2.3905e-01 (2.7559e-01)	Acc pseudo  95.31 ( 90.73)	Lr 1.000e-03 (1.000e-03)
2026-02-08 15:55:57,420 - INFO: Epoch: [5][150/301]	Time  0.004 ( 0.008)	Loss 3.1431e-01 (2.6727e-01)	Acc pseudo  90.62 ( 90.96)	Lr 1.000e-03 (1.000e-03)
2026-02-08 15:55:57,639 - INFO: Epoch: [5][200/301]	Time  0.004 ( 0.007)	Loss 2.1129e-01 (2.6740e-01)	Acc pseudo  92.19 ( 91.11)	Lr 1.000e-03 (1.000e-03)
2026-02-08 15:55:57,859 - INFO: Epoch: [5][250/301]	Time  0.004 ( 0.006)	Loss 2.9269e-01 (2.6560e-01)	Acc pseudo  82.81 ( 90.92)	Lr 1.000e-03 (1.000e-03)
2026-02-08 15:55:58,068 - INFO: Epoch: [5][300/301]	Time  0.003 ( 0.006)	Loss 9.2258e-02 (2.5774e-01)	Acc pseudo  96.00 ( 91.15)	Lr 1.000e-03 (1.000e-03)
2026-02-08 15:55:58,119 - INFO: Round 0, Fine-tune Epoch 5: loss=0.2577, acc(pseudo)=91.15%
2026-02-08 15:56:07,993 - INFO: Round 0, Fine-tune Epoch 5: acc(valid_pseudo): 0.6900, acc: 0.6900
2026-02-08 15:56:07,993 - INFO: Round 0, Speaker Fine-tune Epoch 5: No improvement in validation accuracy. Patience(epoch): 2/3
2026-02-08 15:56:08,344 - INFO: Epoch: [6][  0/301]	Time  0.344 ( 0.344)	Loss 2.3454e-01 (2.3454e-01)	Acc pseudo  90.62 ( 90.62)	Lr 1.000e-03 (1.000e-03)
2026-02-08 15:56:08,716 - INFO: Epoch: [6][ 50/301]	Time  0.006 ( 0.014)	Loss 2.2049e-01 (2.4204e-01)	Acc pseudo  92.19 ( 91.12)	Lr 1.000e-03 (1.000e-03)
2026-02-08 15:56:08,954 - INFO: Epoch: [6][100/301]	Time  0.005 ( 0.009)	Loss 3.3324e-01 (2.4609e-01)	Acc pseudo  87.50 ( 91.54)	Lr 1.000e-03 (1.000e-03)
2026-02-08 15:56:09,187 - INFO: Epoch: [6][150/301]	Time  0.005 ( 0.008)	Loss 2.8255e-01 (2.4453e-01)	Acc pseudo  93.75 ( 91.59)	Lr 1.000e-03 (1.000e-03)
2026-02-08 15:56:09,414 - INFO: Epoch: [6][200/301]	Time  0.005 ( 0.007)	Loss 1.8526e-01 (2.4462e-01)	Acc pseudo  90.62 ( 91.55)	Lr 1.000e-03 (1.000e-03)
2026-02-08 15:56:09,642 - INFO: Epoch: [6][250/301]	Time  0.005 ( 0.006)	Loss 2.3078e-01 (2.4260e-01)	Acc pseudo  93.75 ( 91.47)	Lr 1.000e-03 (1.000e-03)
2026-02-08 15:56:09,859 - INFO: Epoch: [6][300/301]	Time  0.003 ( 0.006)	Loss 1.1031e-01 (2.4229e-01)	Acc pseudo  96.00 ( 91.50)	Lr 1.000e-03 (1.000e-03)
2026-02-08 15:56:09,909 - INFO: Round 0, Fine-tune Epoch 6: loss=0.2423, acc(pseudo)=91.50%
2026-02-08 15:56:20,516 - INFO: Round 0, Fine-tune Epoch 6: acc(valid_pseudo): 0.6825, acc: 0.6825
2026-02-08 15:56:20,517 - INFO: Round 0, Speaker Fine-tune Epoch 6: No improvement in validation accuracy. Patience(epoch): 3/3
2026-02-08 15:56:20,517 - INFO: Early stopping at epoch 6 due to no improvement in validation accuracy for 3 epochs.
2026-02-08 15:56:20,518 - INFO: Round 0: Best speaker fine-tuned epoch=3, acc(valid_pseudo)=0.6945
2026-02-08 15:56:20,525 - INFO: Fine-tuning face embedding model for 20 epochs...
2026-02-08 15:56:21,783 - INFO: Epoch: [0][  0/582]	Time  1.253 ( 1.253)	Loss 7.1024e-01 (7.1024e-01)	Acc pseudo  76.56 ( 76.56)	Lr 1.000e-03 (1.000e-03)
2026-02-08 15:56:26,534 - INFO: Epoch: [0][ 50/582]	Time  0.041 ( 0.069)	Loss 1.5974e+00 (1.9101e+00)	Acc pseudo  68.75 ( 63.14)	Lr 1.000e-03 (1.000e-03)
2026-02-08 15:56:31,194 - INFO: Epoch: [0][100/582]	Time  0.041 ( 0.055)	Loss 1.0306e+00 (1.5979e+00)	Acc pseudo  78.12 ( 65.67)	Lr 1.000e-03 (1.000e-03)
2026-02-08 15:56:35,860 - INFO: Epoch: [0][150/582]	Time  0.039 ( 0.050)	Loss 8.5573e-01 (1.4013e+00)	Acc pseudo  73.44 ( 67.72)	Lr 1.000e-03 (1.000e-03)
2026-02-08 15:56:40,524 - INFO: Epoch: [0][200/582]	Time  0.039 ( 0.048)	Loss 6.2238e-01 (1.2854e+00)	Acc pseudo  78.12 ( 69.50)	Lr 1.000e-03 (1.000e-03)
2026-02-08 15:56:45,193 - INFO: Epoch: [0][250/582]	Time  0.040 ( 0.046)	Loss 8.5296e-01 (1.2015e+00)	Acc pseudo  64.06 ( 70.46)	Lr 1.000e-03 (1.000e-03)
2026-02-08 15:56:49,863 - INFO: Epoch: [0][300/582]	Time  0.039 ( 0.045)	Loss 4.1418e-01 (1.1433e+00)	Acc pseudo  78.12 ( 71.25)	Lr 1.000e-03 (1.000e-03)
2026-02-08 15:56:54,537 - INFO: Epoch: [0][350/582]	Time  0.041 ( 0.044)	Loss 5.8928e-01 (1.0860e+00)	Acc pseudo  82.81 ( 72.08)	Lr 1.000e-03 (1.000e-03)
2026-02-08 15:56:59,206 - INFO: Epoch: [0][400/582]	Time  0.042 ( 0.043)	Loss 4.2348e-01 (1.0453e+00)	Acc pseudo  82.81 ( 72.69)	Lr 1.000e-03 (1.000e-03)
2026-02-08 15:57:03,878 - INFO: Epoch: [0][450/582]	Time  0.040 ( 0.043)	Loss 9.7821e-01 (1.0101e+00)	Acc pseudo  73.44 ( 73.05)	Lr 1.000e-03 (1.000e-03)
2026-02-08 15:57:08,651 - INFO: Epoch: [0][500/582]	Time  0.039 ( 0.043)	Loss 6.2470e-01 (9.8351e-01)	Acc pseudo  76.56 ( 73.29)	Lr 1.000e-03 (1.000e-03)
2026-02-08 15:57:13,316 - INFO: Epoch: [0][550/582]	Time  0.041 ( 0.042)	Loss 9.3604e-01 (9.5743e-01)	Acc pseudo  78.12 ( 73.61)	Lr 1.000e-03 (1.000e-03)
2026-02-08 15:57:16,252 - INFO: Round 0, Face Fine-tune Epoch 0: loss=0.9422, acc(pseudo)=73.84%
2026-02-08 15:58:17,794 - INFO: Round 0, Face Fine-tune Epoch 0: acc(valid_pseudo): 0.9206, acc: 0.8160
2026-02-08 15:58:20,442 - INFO: Epoch: [1][  0/582]	Time  0.784 ( 0.784)	Loss 4.4448e-01 (4.4448e-01)	Acc pseudo  85.94 ( 85.94)	Lr 1.000e-03 (1.000e-03)
2026-02-08 15:58:25,109 - INFO: Epoch: [1][ 50/582]	Time  0.059 ( 0.063)	Loss 5.6439e-01 (5.6137e-01)	Acc pseudo  85.94 ( 79.99)	Lr 1.000e-03 (1.000e-03)
2026-02-08 15:58:29,774 - INFO: Epoch: [1][100/582]	Time  0.050 ( 0.052)	Loss 3.7131e-01 (5.3522e-01)	Acc pseudo  82.81 ( 80.12)	Lr 1.000e-03 (1.000e-03)
2026-02-08 15:58:34,442 - INFO: Epoch: [1][150/582]	Time  0.036 ( 0.048)	Loss 3.7667e-01 (5.2127e-01)	Acc pseudo  82.81 ( 80.82)	Lr 1.000e-03 (1.000e-03)
2026-02-08 15:58:39,111 - INFO: Epoch: [1][200/582]	Time  0.041 ( 0.045)	Loss 3.8499e-01 (5.1868e-01)	Acc pseudo  85.94 ( 80.77)	Lr 1.000e-03 (1.000e-03)
2026-02-08 15:58:43,799 - INFO: Epoch: [1][250/582]	Time  0.035 ( 0.044)	Loss 3.4948e-01 (5.1337e-01)	Acc pseudo  84.38 ( 80.93)	Lr 1.000e-03 (1.000e-03)
2026-02-08 15:58:48,599 - INFO: Epoch: [1][300/582]	Time  0.041 ( 0.043)	Loss 3.1113e-01 (5.1663e-01)	Acc pseudo  89.06 ( 81.14)	Lr 1.000e-03 (1.000e-03)
2026-02-08 15:58:53,303 - INFO: Epoch: [1][350/582]	Time  0.048 ( 0.043)	Loss 3.1874e-01 (5.1739e-01)	Acc pseudo  89.06 ( 81.13)	Lr 1.000e-03 (1.000e-03)
2026-02-08 15:58:58,022 - INFO: Epoch: [1][400/582]	Time  0.040 ( 0.042)	Loss 5.8185e-01 (5.1551e-01)	Acc pseudo  73.44 ( 81.26)	Lr 1.000e-03 (1.000e-03)
2026-02-08 15:59:02,722 - INFO: Epoch: [1][450/582]	Time  0.036 ( 0.042)	Loss 3.8380e-01 (5.1682e-01)	Acc pseudo  76.56 ( 81.14)	Lr 1.000e-03 (1.000e-03)
2026-02-08 15:59:07,435 - INFO: Epoch: [1][500/582]	Time  0.038 ( 0.041)	Loss 5.7131e-01 (5.1476e-01)	Acc pseudo  78.12 ( 81.21)	Lr 1.000e-03 (1.000e-03)
2026-02-08 15:59:12,138 - INFO: Epoch: [1][550/582]	Time  0.038 ( 0.041)	Loss 6.1355e-01 (5.1785e-01)	Acc pseudo  78.12 ( 81.16)	Lr 1.000e-03 (1.000e-03)
2026-02-08 15:59:15,075 - INFO: Round 0, Face Fine-tune Epoch 1: loss=0.5190, acc(pseudo)=81.17%
2026-02-08 16:00:17,239 - INFO: Round 0, Face Fine-tune Epoch 1: acc(valid_pseudo): 0.9422, acc: 0.8315
2026-02-08 16:00:19,867 - INFO: Epoch: [2][  0/582]	Time  0.747 ( 0.747)	Loss 2.3520e-01 (2.3520e-01)	Acc pseudo  89.06 ( 89.06)	Lr 1.000e-03 (1.000e-03)
2026-02-08 16:00:24,541 - INFO: Epoch: [2][ 50/582]	Time  0.040 ( 0.052)	Loss 4.2584e-01 (4.0120e-01)	Acc pseudo  78.12 ( 84.13)	Lr 1.000e-03 (1.000e-03)
2026-02-08 16:00:29,202 - INFO: Epoch: [2][100/582]	Time  0.038 ( 0.044)	Loss 5.6050e-01 (4.3949e-01)	Acc pseudo  84.38 ( 83.74)	Lr 1.000e-03 (1.000e-03)
2026-02-08 16:00:33,873 - INFO: Epoch: [2][150/582]	Time  0.038 ( 0.042)	Loss 6.3402e-01 (4.4733e-01)	Acc pseudo  81.25 ( 83.63)	Lr 1.000e-03 (1.000e-03)
2026-02-08 16:00:38,568 - INFO: Epoch: [2][200/582]	Time  0.038 ( 0.041)	Loss 5.3542e-01 (4.7171e-01)	Acc pseudo  81.25 ( 82.91)	Lr 1.000e-03 (1.000e-03)
2026-02-08 16:00:43,277 - INFO: Epoch: [2][250/582]	Time  0.033 ( 0.040)	Loss 5.4361e-01 (4.7266e-01)	Acc pseudo  82.81 ( 82.82)	Lr 1.000e-03 (1.000e-03)
2026-02-08 16:00:48,000 - INFO: Epoch: [2][300/582]	Time  0.040 ( 0.040)	Loss 1.0404e+00 (4.7735e-01)	Acc pseudo  68.75 ( 82.68)	Lr 1.000e-03 (1.000e-03)
2026-02-08 16:00:52,748 - INFO: Epoch: [2][350/582]	Time  0.043 ( 0.040)	Loss 6.6667e-01 (4.8240e-01)	Acc pseudo  84.38 ( 82.49)	Lr 1.000e-03 (1.000e-03)
2026-02-08 16:00:57,486 - INFO: Epoch: [2][400/582]	Time  0.040 ( 0.040)	Loss 6.4596e-01 (4.8368e-01)	Acc pseudo  84.38 ( 82.47)	Lr 1.000e-03 (1.000e-03)
2026-02-08 16:01:02,221 - INFO: Epoch: [2][450/582]	Time  0.038 ( 0.039)	Loss 2.5303e-01 (4.8163e-01)	Acc pseudo  89.06 ( 82.45)	Lr 1.000e-03 (1.000e-03)
2026-02-08 16:01:07,063 - INFO: Epoch: [2][500/582]	Time  0.040 ( 0.040)	Loss 3.8845e-01 (4.8032e-01)	Acc pseudo  85.94 ( 82.45)	Lr 1.000e-03 (1.000e-03)
2026-02-08 16:01:11,792 - INFO: Epoch: [2][550/582]	Time  0.039 ( 0.040)	Loss 7.2148e-01 (4.8068e-01)	Acc pseudo  78.12 ( 82.46)	Lr 1.000e-03 (1.000e-03)
2026-02-08 16:01:14,766 - INFO: Round 0, Face Fine-tune Epoch 2: loss=0.4828, acc(pseudo)=82.46%
2026-02-08 16:02:14,180 - INFO: Round 0, Face Fine-tune Epoch 2: acc(valid_pseudo): 0.9513, acc: 0.8257
2026-02-08 16:02:17,042 - INFO: Epoch: [3][  0/582]	Time  0.792 ( 0.792)	Loss 4.1905e-01 (4.1905e-01)	Acc pseudo  84.38 ( 84.38)	Lr 1.000e-03 (1.000e-03)
2026-02-08 16:02:21,715 - INFO: Epoch: [3][ 50/582]	Time  0.040 ( 0.056)	Loss 4.1322e-01 (4.2427e-01)	Acc pseudo  84.38 ( 82.44)	Lr 1.000e-03 (1.000e-03)
2026-02-08 16:02:26,390 - INFO: Epoch: [3][100/582]	Time  0.040 ( 0.048)	Loss 5.8108e-01 (4.1512e-01)	Acc pseudo  85.94 ( 83.42)	Lr 1.000e-03 (1.000e-03)
2026-02-08 16:02:31,078 - INFO: Epoch: [3][150/582]	Time  0.036 ( 0.045)	Loss 4.7045e-01 (4.0972e-01)	Acc pseudo  85.94 ( 84.00)	Lr 1.000e-03 (1.000e-03)
2026-02-08 16:02:35,789 - INFO: Epoch: [3][200/582]	Time  0.050 ( 0.043)	Loss 2.8151e-01 (4.1370e-01)	Acc pseudo  87.50 ( 84.06)	Lr 1.000e-03 (1.000e-03)
2026-02-08 16:02:40,518 - INFO: Epoch: [3][250/582]	Time  0.048 ( 0.044)	Loss 5.4957e-01 (4.2167e-01)	Acc pseudo  79.69 ( 83.95)	Lr 1.000e-03 (1.000e-03)
2026-02-08 16:02:45,240 - INFO: Epoch: [3][300/582]	Time  0.038 ( 0.044)	Loss 3.4158e-01 (4.2409e-01)	Acc pseudo  87.50 ( 83.78)	Lr 1.000e-03 (1.000e-03)
2026-02-08 16:02:49,965 - INFO: Epoch: [3][350/582]	Time  0.039 ( 0.043)	Loss 3.6806e-01 (4.1888e-01)	Acc pseudo  82.81 ( 84.04)	Lr 1.000e-03 (1.000e-03)
2026-02-08 16:02:54,672 - INFO: Epoch: [3][400/582]	Time  0.038 ( 0.042)	Loss 6.2486e-01 (4.2425e-01)	Acc pseudo  76.56 ( 83.88)	Lr 1.000e-03 (1.000e-03)
2026-02-08 16:02:59,416 - INFO: Epoch: [3][450/582]	Time  0.037 ( 0.042)	Loss 8.9924e-01 (4.2742e-01)	Acc pseudo  81.25 ( 83.82)	Lr 1.000e-03 (1.000e-03)
2026-02-08 16:03:04,128 - INFO: Epoch: [3][500/582]	Time  0.039 ( 0.041)	Loss 4.2729e-01 (4.2670e-01)	Acc pseudo  84.38 ( 83.79)	Lr 1.000e-03 (1.000e-03)
2026-02-08 16:03:08,860 - INFO: Epoch: [3][550/582]	Time  0.049 ( 0.042)	Loss 6.8901e-01 (4.2768e-01)	Acc pseudo  87.50 ( 83.87)	Lr 1.000e-03 (1.000e-03)
2026-02-08 16:03:11,822 - INFO: Round 0, Face Fine-tune Epoch 3: loss=0.4271, acc(pseudo)=83.88%
2026-02-08 16:04:12,731 - INFO: Round 0, Face Fine-tune Epoch 3: acc(valid_pseudo): 0.9560, acc: 0.8325
2026-02-08 16:04:15,900 - INFO: Epoch: [4][  0/582]	Time  0.794 ( 0.794)	Loss 3.2172e-01 (3.2172e-01)	Acc pseudo  87.50 ( 87.50)	Lr 1.000e-03 (1.000e-03)
2026-02-08 16:04:20,566 - INFO: Epoch: [4][ 50/582]	Time  0.041 ( 0.055)	Loss 4.1750e-01 (3.9227e-01)	Acc pseudo  81.25 ( 84.28)	Lr 1.000e-03 (1.000e-03)
2026-02-08 16:04:25,236 - INFO: Epoch: [4][100/582]	Time  0.039 ( 0.048)	Loss 3.9128e-01 (3.7012e-01)	Acc pseudo  82.81 ( 84.76)	Lr 1.000e-03 (1.000e-03)
2026-02-08 16:04:29,912 - INFO: Epoch: [4][150/582]	Time  0.039 ( 0.045)	Loss 2.9591e-01 (3.7204e-01)	Acc pseudo  81.25 ( 84.91)	Lr 1.000e-03 (1.000e-03)
2026-02-08 16:04:34,647 - INFO: Epoch: [4][200/582]	Time  0.048 ( 0.045)	Loss 3.1075e-01 (3.7518e-01)	Acc pseudo  87.50 ( 84.95)	Lr 1.000e-03 (1.000e-03)
2026-02-08 16:04:39,389 - INFO: Epoch: [4][250/582]	Time  0.038 ( 0.044)	Loss 2.4370e-01 (3.7816e-01)	Acc pseudo  85.94 ( 84.95)	Lr 1.000e-03 (1.000e-03)
2026-02-08 16:04:44,127 - INFO: Epoch: [4][300/582]	Time  0.037 ( 0.043)	Loss 2.6314e-01 (3.8463e-01)	Acc pseudo  85.94 ( 84.81)	Lr 1.000e-03 (1.000e-03)
2026-02-08 16:04:48,920 - INFO: Epoch: [4][350/582]	Time  0.038 ( 0.043)	Loss 4.2456e-01 (3.9164e-01)	Acc pseudo  84.38 ( 84.71)	Lr 1.000e-03 (1.000e-03)
2026-02-08 16:04:53,695 - INFO: Epoch: [4][400/582]	Time  0.050 ( 0.043)	Loss 6.1687e-01 (3.9124e-01)	Acc pseudo  79.69 ( 84.73)	Lr 1.000e-03 (1.000e-03)
2026-02-08 16:04:58,446 - INFO: Epoch: [4][450/582]	Time  0.039 ( 0.043)	Loss 7.3149e-01 (3.9064e-01)	Acc pseudo  81.25 ( 84.69)	Lr 1.000e-03 (1.000e-03)
2026-02-08 16:05:03,205 - INFO: Epoch: [4][500/582]	Time  0.039 ( 0.043)	Loss 1.8928e-01 (3.9195e-01)	Acc pseudo  90.62 ( 84.67)	Lr 1.000e-03 (1.000e-03)
2026-02-08 16:05:07,944 - INFO: Epoch: [4][550/582]	Time  0.042 ( 0.043)	Loss 2.6257e-01 (3.9443e-01)	Acc pseudo  87.50 ( 84.61)	Lr 1.000e-03 (1.000e-03)
2026-02-08 16:05:10,920 - INFO: Round 0, Face Fine-tune Epoch 4: loss=0.3938, acc(pseudo)=84.66%
2026-02-08 16:06:12,491 - INFO: Round 0, Face Fine-tune Epoch 4: acc(valid_pseudo): 0.9631, acc: 0.8247
2026-02-08 16:06:14,982 - INFO: Epoch: [5][  0/582]	Time  0.797 ( 0.797)	Loss 6.0997e-01 (6.0997e-01)	Acc pseudo  81.25 ( 81.25)	Lr 1.000e-03 (1.000e-03)
2026-02-08 16:06:19,827 - INFO: Epoch: [5][ 50/582]	Time  0.027 ( 0.055)	Loss 2.2886e-01 (3.5068e-01)	Acc pseudo  89.06 ( 84.90)	Lr 1.000e-03 (1.000e-03)
2026-02-08 16:06:24,492 - INFO: Epoch: [5][100/582]	Time  0.032 ( 0.045)	Loss 2.8281e-01 (3.5319e-01)	Acc pseudo  82.81 ( 85.44)	Lr 1.000e-03 (1.000e-03)
2026-02-08 16:06:29,182 - INFO: Epoch: [5][150/582]	Time  0.038 ( 0.042)	Loss 4.5488e-01 (3.5398e-01)	Acc pseudo  79.69 ( 85.58)	Lr 1.000e-03 (1.000e-03)
2026-02-08 16:06:33,904 - INFO: Epoch: [5][200/582]	Time  0.041 ( 0.042)	Loss 3.0080e-01 (3.4827e-01)	Acc pseudo  84.38 ( 85.71)	Lr 1.000e-03 (1.000e-03)
2026-02-08 16:06:38,652 - INFO: Epoch: [5][250/582]	Time  0.037 ( 0.041)	Loss 3.5770e-01 (3.5384e-01)	Acc pseudo  84.38 ( 85.64)	Lr 1.000e-03 (1.000e-03)
2026-02-08 16:06:43,399 - INFO: Epoch: [5][300/582]	Time  0.040 ( 0.041)	Loss 4.0240e-01 (3.5576e-01)	Acc pseudo  90.62 ( 85.41)	Lr 1.000e-03 (1.000e-03)
2026-02-08 16:06:48,151 - INFO: Epoch: [5][350/582]	Time  0.041 ( 0.041)	Loss 2.1866e-01 (3.5414e-01)	Acc pseudo  89.06 ( 85.52)	Lr 1.000e-03 (1.000e-03)
2026-02-08 16:06:52,904 - INFO: Epoch: [5][400/582]	Time  0.052 ( 0.042)	Loss 3.2642e-01 (3.6090e-01)	Acc pseudo  82.81 ( 85.37)	Lr 1.000e-03 (1.000e-03)
2026-02-08 16:06:57,659 - INFO: Epoch: [5][450/582]	Time  0.039 ( 0.042)	Loss 3.8908e-01 (3.6523e-01)	Acc pseudo  84.38 ( 85.14)	Lr 1.000e-03 (1.000e-03)
2026-02-08 16:07:02,415 - INFO: Epoch: [5][500/582]	Time  0.039 ( 0.042)	Loss 5.0199e-01 (3.7055e-01)	Acc pseudo  84.38 ( 85.08)	Lr 1.000e-03 (1.000e-03)
2026-02-08 16:07:07,249 - INFO: Epoch: [5][550/582]	Time  0.037 ( 0.041)	Loss 3.5645e-01 (3.7568e-01)	Acc pseudo  84.38 ( 85.04)	Lr 1.000e-03 (1.000e-03)
2026-02-08 16:07:10,219 - INFO: Round 0, Face Fine-tune Epoch 5: loss=0.3807, acc(pseudo)=84.89%
2026-02-08 16:08:10,682 - INFO: Round 0, Face Fine-tune Epoch 5: acc(valid_pseudo): 0.9672, acc: 0.8364
2026-02-08 16:08:12,862 - INFO: Epoch: [6][  0/582]	Time  0.719 ( 0.719)	Loss 3.0825e-01 (3.0825e-01)	Acc pseudo  87.50 ( 87.50)	Lr 1.000e-03 (1.000e-03)
2026-02-08 16:08:17,530 - INFO: Epoch: [6][ 50/582]	Time  0.041 ( 0.052)	Loss 2.5421e-01 (3.6017e-01)	Acc pseudo  87.50 ( 85.48)	Lr 1.000e-03 (1.000e-03)
2026-02-08 16:08:22,201 - INFO: Epoch: [6][100/582]	Time  0.042 ( 0.045)	Loss 4.6198e-01 (3.4342e-01)	Acc pseudo  75.00 ( 85.72)	Lr 1.000e-03 (1.000e-03)
2026-02-08 16:08:26,910 - INFO: Epoch: [6][150/582]	Time  0.035 ( 0.043)	Loss 3.4885e-01 (3.3919e-01)	Acc pseudo  84.38 ( 85.70)	Lr 1.000e-03 (1.000e-03)
2026-02-08 16:08:31,668 - INFO: Epoch: [6][200/582]	Time  0.042 ( 0.041)	Loss 3.5418e-01 (3.3405e-01)	Acc pseudo  82.81 ( 85.98)	Lr 1.000e-03 (1.000e-03)
2026-02-08 16:08:36,433 - INFO: Epoch: [6][250/582]	Time  0.037 ( 0.041)	Loss 3.3722e-01 (3.3600e-01)	Acc pseudo  81.25 ( 85.96)	Lr 1.000e-03 (1.000e-03)
2026-02-08 16:08:41,250 - INFO: Epoch: [6][300/582]	Time  0.042 ( 0.040)	Loss 7.2408e-01 (3.4482e-01)	Acc pseudo  79.69 ( 85.70)	Lr 1.000e-03 (1.000e-03)
2026-02-08 16:08:46,015 - INFO: Epoch: [6][350/582]	Time  0.040 ( 0.040)	Loss 3.8961e-01 (3.5033e-01)	Acc pseudo  84.38 ( 85.49)	Lr 1.000e-03 (1.000e-03)
2026-02-08 16:08:50,772 - INFO: Epoch: [6][400/582]	Time  0.036 ( 0.040)	Loss 5.1057e-01 (3.5205e-01)	Acc pseudo  75.00 ( 85.57)	Lr 1.000e-03 (1.000e-03)
2026-02-08 16:08:55,519 - INFO: Epoch: [6][450/582]	Time  0.042 ( 0.040)	Loss 2.2046e-01 (3.5767e-01)	Acc pseudo  89.06 ( 85.49)	Lr 1.000e-03 (1.000e-03)
2026-02-08 16:09:00,282 - INFO: Epoch: [6][500/582]	Time  0.040 ( 0.040)	Loss 4.2622e-01 (3.6008e-01)	Acc pseudo  79.69 ( 85.41)	Lr 1.000e-03 (1.000e-03)
2026-02-08 16:09:05,030 - INFO: Epoch: [6][550/582]	Time  0.037 ( 0.040)	Loss 3.8709e-01 (3.6049e-01)	Acc pseudo  81.25 ( 85.39)	Lr 1.000e-03 (1.000e-03)
2026-02-08 16:09:08,003 - INFO: Round 0, Face Fine-tune Epoch 6: loss=0.3618, acc(pseudo)=85.43%
2026-02-08 16:10:09,552 - INFO: Round 0, Face Fine-tune Epoch 6: acc(valid_pseudo): 0.9585, acc: 0.8218
2026-02-08 16:10:09,553 - INFO: Round 0, Face Fine-tune Epoch 6: No improvement. Patience(epoch): 1/3
2026-02-08 16:10:10,302 - INFO: Epoch: [7][  0/582]	Time  0.731 ( 0.731)	Loss 4.4543e-01 (4.4543e-01)	Acc pseudo  87.50 ( 87.50)	Lr 1.000e-03 (1.000e-03)
2026-02-08 16:10:15,116 - INFO: Epoch: [7][ 50/582]	Time  0.039 ( 0.054)	Loss 5.2610e-01 (3.2097e-01)	Acc pseudo  87.50 ( 86.27)	Lr 1.000e-03 (1.000e-03)
2026-02-08 16:10:19,788 - INFO: Epoch: [7][100/582]	Time  0.036 ( 0.044)	Loss 2.8735e-01 (3.2369e-01)	Acc pseudo  89.06 ( 86.42)	Lr 1.000e-03 (1.000e-03)
2026-02-08 16:10:24,500 - INFO: Epoch: [7][150/582]	Time  0.033 ( 0.039)	Loss 3.6966e-01 (3.3166e-01)	Acc pseudo  89.06 ( 86.35)	Lr 1.000e-03 (1.000e-03)
2026-02-08 16:10:29,253 - INFO: Epoch: [7][200/582]	Time  0.028 ( 0.037)	Loss 3.9903e-01 (3.3224e-01)	Acc pseudo  89.06 ( 86.46)	Lr 1.000e-03 (1.000e-03)
2026-02-08 16:10:34,020 - INFO: Epoch: [7][250/582]	Time  0.029 ( 0.035)	Loss 3.1992e-01 (3.3382e-01)	Acc pseudo  85.94 ( 86.14)	Lr 1.000e-03 (1.000e-03)
2026-02-08 16:10:38,782 - INFO: Epoch: [7][300/582]	Time  0.027 ( 0.034)	Loss 2.3082e-01 (3.3673e-01)	Acc pseudo  92.19 ( 86.17)	Lr 1.000e-03 (1.000e-03)
2026-02-08 16:10:43,547 - INFO: Epoch: [7][350/582]	Time  0.048 ( 0.035)	Loss 5.4305e-01 (3.4070e-01)	Acc pseudo  81.25 ( 86.08)	Lr 1.000e-03 (1.000e-03)
2026-02-08 16:10:48,325 - INFO: Epoch: [7][400/582]	Time  0.037 ( 0.035)	Loss 2.5010e-01 (3.4027e-01)	Acc pseudo  87.50 ( 86.03)	Lr 1.000e-03 (1.000e-03)
2026-02-08 16:10:53,079 - INFO: Epoch: [7][450/582]	Time  0.036 ( 0.035)	Loss 2.0840e-01 (3.4030e-01)	Acc pseudo  90.62 ( 86.10)	Lr 1.000e-03 (1.000e-03)
2026-02-08 16:10:57,852 - INFO: Epoch: [7][500/582]	Time  0.047 ( 0.035)	Loss 4.8324e-01 (3.4179e-01)	Acc pseudo  76.56 ( 86.09)	Lr 1.000e-03 (1.000e-03)
2026-02-08 16:11:02,718 - INFO: Epoch: [7][550/582]	Time  0.039 ( 0.036)	Loss 4.8309e-01 (3.4520e-01)	Acc pseudo  84.38 ( 85.90)	Lr 1.000e-03 (1.000e-03)
2026-02-08 16:11:05,695 - INFO: Round 0, Face Fine-tune Epoch 7: loss=0.3457, acc(pseudo)=85.92%
2026-02-08 16:12:06,275 - INFO: Round 0, Face Fine-tune Epoch 7: acc(valid_pseudo): 0.9720, acc: 0.8423
2026-02-08 16:12:08,213 - INFO: Epoch: [8][  0/582]	Time  0.787 ( 0.787)	Loss 2.3696e-01 (2.3696e-01)	Acc pseudo  84.38 ( 84.38)	Lr 1.000e-03 (1.000e-03)
2026-02-08 16:12:12,889 - INFO: Epoch: [8][ 50/582]	Time  0.037 ( 0.052)	Loss 6.0480e-01 (3.0155e-01)	Acc pseudo  84.38 ( 86.83)	Lr 1.000e-03 (1.000e-03)
2026-02-08 16:12:17,563 - INFO: Epoch: [8][100/582]	Time  0.036 ( 0.044)	Loss 2.8634e-01 (3.1152e-01)	Acc pseudo  79.69 ( 86.57)	Lr 1.000e-03 (1.000e-03)
2026-02-08 16:12:22,277 - INFO: Epoch: [8][150/582]	Time  0.036 ( 0.041)	Loss 1.7369e-01 (3.1242e-01)	Acc pseudo  92.19 ( 86.51)	Lr 1.000e-03 (1.000e-03)
2026-02-08 16:12:27,016 - INFO: Epoch: [8][200/582]	Time  0.041 ( 0.040)	Loss 4.6192e-01 (3.2141e-01)	Acc pseudo  85.94 ( 86.57)	Lr 1.000e-03 (1.000e-03)
2026-02-08 16:12:31,763 - INFO: Epoch: [8][250/582]	Time  0.038 ( 0.040)	Loss 2.4172e-01 (3.2030e-01)	Acc pseudo  85.94 ( 86.51)	Lr 1.000e-03 (1.000e-03)
2026-02-08 16:12:36,532 - INFO: Epoch: [8][300/582]	Time  0.037 ( 0.039)	Loss 2.9197e-01 (3.2694e-01)	Acc pseudo  87.50 ( 86.50)	Lr 1.000e-03 (1.000e-03)
2026-02-08 16:12:41,288 - INFO: Epoch: [8][350/582]	Time  0.037 ( 0.039)	Loss 1.2559e-01 (3.2750e-01)	Acc pseudo  95.31 ( 86.57)	Lr 1.000e-03 (1.000e-03)
2026-02-08 16:12:46,052 - INFO: Epoch: [8][400/582]	Time  0.039 ( 0.039)	Loss 3.1113e-01 (3.3047e-01)	Acc pseudo  85.94 ( 86.51)	Lr 1.000e-03 (1.000e-03)
2026-02-08 16:12:50,815 - INFO: Epoch: [8][450/582]	Time  0.036 ( 0.039)	Loss 1.7785e-01 (3.3275e-01)	Acc pseudo  92.19 ( 86.46)	Lr 1.000e-03 (1.000e-03)
2026-02-08 16:12:55,578 - INFO: Epoch: [8][500/582]	Time  0.039 ( 0.038)	Loss 1.3935e-01 (3.3459e-01)	Acc pseudo  93.75 ( 86.37)	Lr 1.000e-03 (1.000e-03)
2026-02-08 16:13:00,340 - INFO: Epoch: [8][550/582]	Time  0.047 ( 0.038)	Loss 1.9330e-01 (3.3594e-01)	Acc pseudo  89.06 ( 86.31)	Lr 1.000e-03 (1.000e-03)
2026-02-08 16:13:03,334 - INFO: Round 0, Face Fine-tune Epoch 8: loss=0.3361, acc(pseudo)=86.26%
2026-02-08 16:14:04,475 - INFO: Round 0, Face Fine-tune Epoch 8: acc(valid_pseudo): 0.9719, acc: 0.8403
2026-02-08 16:14:04,476 - INFO: Round 0, Face Fine-tune Epoch 8: No improvement. Patience(epoch): 1/3
2026-02-08 16:14:05,566 - INFO: Epoch: [9][  0/582]	Time  1.063 ( 1.063)	Loss 2.7597e-01 (2.7597e-01)	Acc pseudo  87.50 ( 87.50)	Lr 1.000e-03 (1.000e-03)
2026-02-08 16:14:10,236 - INFO: Epoch: [9][ 50/582]	Time  0.039 ( 0.059)	Loss 2.7323e-01 (3.0425e-01)	Acc pseudo  87.50 ( 87.93)	Lr 1.000e-03 (1.000e-03)
2026-02-08 16:14:14,907 - INFO: Epoch: [9][100/582]	Time  0.040 ( 0.048)	Loss 1.4472e-01 (3.0104e-01)	Acc pseudo  90.62 ( 87.98)	Lr 1.000e-03 (1.000e-03)
2026-02-08 16:14:19,627 - INFO: Epoch: [9][150/582]	Time  0.040 ( 0.045)	Loss 7.4101e-01 (3.0390e-01)	Acc pseudo  79.69 ( 87.63)	Lr 1.000e-03 (1.000e-03)
2026-02-08 16:14:24,373 - INFO: Epoch: [9][200/582]	Time  0.039 ( 0.043)	Loss 7.0910e-01 (3.0396e-01)	Acc pseudo  89.06 ( 87.59)	Lr 1.000e-03 (1.000e-03)
2026-02-08 16:14:29,119 - INFO: Epoch: [9][250/582]	Time  0.039 ( 0.042)	Loss 1.7967e-01 (3.0744e-01)	Acc pseudo  89.06 ( 87.41)	Lr 1.000e-03 (1.000e-03)
2026-02-08 16:14:33,886 - INFO: Epoch: [9][300/582]	Time  0.033 ( 0.041)	Loss 5.3513e-01 (3.1028e-01)	Acc pseudo  81.25 ( 87.23)	Lr 1.000e-03 (1.000e-03)
2026-02-08 16:14:38,641 - INFO: Epoch: [9][350/582]	Time  0.039 ( 0.040)	Loss 6.7568e-01 (3.1082e-01)	Acc pseudo  85.94 ( 87.18)	Lr 1.000e-03 (1.000e-03)
2026-02-08 16:14:43,398 - INFO: Epoch: [9][400/582]	Time  0.027 ( 0.039)	Loss 3.2487e-01 (3.1070e-01)	Acc pseudo  79.69 ( 87.16)	Lr 1.000e-03 (1.000e-03)
2026-02-08 16:14:48,171 - INFO: Epoch: [9][450/582]	Time  0.036 ( 0.039)	Loss 2.1951e-01 (3.1414e-01)	Acc pseudo  90.62 ( 87.03)	Lr 1.000e-03 (1.000e-03)
2026-02-08 16:14:52,938 - INFO: Epoch: [9][500/582]	Time  0.040 ( 0.039)	Loss 4.7479e-01 (3.2040e-01)	Acc pseudo  79.69 ( 86.87)	Lr 1.000e-03 (1.000e-03)
2026-02-08 16:14:57,680 - INFO: Epoch: [9][550/582]	Time  0.032 ( 0.038)	Loss 2.9124e-01 (3.2253e-01)	Acc pseudo  89.06 ( 86.79)	Lr 1.000e-03 (1.000e-03)
2026-02-08 16:15:00,651 - INFO: Round 0, Face Fine-tune Epoch 9: loss=0.3218, acc(pseudo)=86.82%
2026-02-08 16:16:00,659 - INFO: Round 0, Face Fine-tune Epoch 9: acc(valid_pseudo): 0.9747, acc: 0.8413
2026-02-08 16:16:03,604 - INFO: Epoch: [10][  0/582]	Time  0.747 ( 0.747)	Loss 3.7862e-01 (3.7862e-01)	Acc pseudo  89.06 ( 89.06)	Lr 1.000e-03 (1.000e-03)
2026-02-08 16:16:08,271 - INFO: Epoch: [10][ 50/582]	Time  0.037 ( 0.051)	Loss 3.9107e-01 (3.2489e-01)	Acc pseudo  82.81 ( 86.73)	Lr 1.000e-03 (1.000e-03)
2026-02-08 16:16:12,946 - INFO: Epoch: [10][100/582]	Time  0.041 ( 0.043)	Loss 2.1294e-01 (3.1189e-01)	Acc pseudo  89.06 ( 86.82)	Lr 1.000e-03 (1.000e-03)
2026-02-08 16:16:17,673 - INFO: Epoch: [10][150/582]	Time  0.036 ( 0.041)	Loss 3.6955e-01 (3.0746e-01)	Acc pseudo  82.81 ( 87.01)	Lr 1.000e-03 (1.000e-03)
2026-02-08 16:16:22,464 - INFO: Epoch: [10][200/582]	Time  0.033 ( 0.040)	Loss 4.7386e-01 (3.0471e-01)	Acc pseudo  85.94 ( 86.97)	Lr 1.000e-03 (1.000e-03)
2026-02-08 16:16:27,261 - INFO: Epoch: [10][250/582]	Time  0.037 ( 0.039)	Loss 1.5809e-01 (3.0420e-01)	Acc pseudo  93.75 ( 87.29)	Lr 1.000e-03 (1.000e-03)
2026-02-08 16:16:32,039 - INFO: Epoch: [10][300/582]	Time  0.033 ( 0.039)	Loss 3.1523e-01 (3.0640e-01)	Acc pseudo  90.62 ( 87.24)	Lr 1.000e-03 (1.000e-03)
2026-02-08 16:16:36,814 - INFO: Epoch: [10][350/582]	Time  0.040 ( 0.039)	Loss 4.8186e-01 (3.0464e-01)	Acc pseudo  79.69 ( 87.31)	Lr 1.000e-03 (1.000e-03)
2026-02-08 16:16:41,580 - INFO: Epoch: [10][400/582]	Time  0.037 ( 0.040)	Loss 4.8102e-01 (3.1065e-01)	Acc pseudo  87.50 ( 87.16)	Lr 1.000e-03 (1.000e-03)
2026-02-08 16:16:46,355 - INFO: Epoch: [10][450/582]	Time  0.036 ( 0.040)	Loss 3.1255e-01 (3.1244e-01)	Acc pseudo  85.94 ( 87.12)	Lr 1.000e-03 (1.000e-03)
2026-02-08 16:16:51,110 - INFO: Epoch: [10][500/582]	Time  0.031 ( 0.039)	Loss 6.0395e-01 (3.1708e-01)	Acc pseudo  78.12 ( 87.05)	Lr 1.000e-03 (1.000e-03)
2026-02-08 16:16:55,860 - INFO: Epoch: [10][550/582]	Time  0.035 ( 0.039)	Loss 2.1572e-01 (3.1666e-01)	Acc pseudo  89.06 ( 87.04)	Lr 1.000e-03 (1.000e-03)
2026-02-08 16:16:58,831 - INFO: Round 0, Face Fine-tune Epoch 10: loss=0.3173, acc(pseudo)=87.04%
2026-02-08 16:18:00,316 - INFO: Round 0, Face Fine-tune Epoch 10: acc(valid_pseudo): 0.9764, acc: 0.8462
2026-02-08 16:18:03,115 - INFO: Epoch: [11][  0/582]	Time  0.800 ( 0.800)	Loss 2.2014e-01 (2.2014e-01)	Acc pseudo  93.75 ( 93.75)	Lr 1.000e-03 (1.000e-03)
2026-02-08 16:18:07,787 - INFO: Epoch: [11][ 50/582]	Time  0.038 ( 0.054)	Loss 1.8007e-01 (2.9700e-01)	Acc pseudo  93.75 ( 88.63)	Lr 1.000e-03 (1.000e-03)
2026-02-08 16:18:12,456 - INFO: Epoch: [11][100/582]	Time  0.040 ( 0.046)	Loss 2.0653e-01 (2.9340e-01)	Acc pseudo  87.50 ( 88.32)	Lr 1.000e-03 (1.000e-03)
2026-02-08 16:18:17,130 - INFO: Epoch: [11][150/582]	Time  0.040 ( 0.043)	Loss 6.8313e-01 (2.9091e-01)	Acc pseudo  79.69 ( 88.01)	Lr 1.000e-03 (1.000e-03)
2026-02-08 16:18:21,835 - INFO: Epoch: [11][200/582]	Time  0.038 ( 0.042)	Loss 4.0417e-01 (2.9885e-01)	Acc pseudo  85.94 ( 87.73)	Lr 1.000e-03 (1.000e-03)
2026-02-08 16:18:26,562 - INFO: Epoch: [11][250/582]	Time  0.039 ( 0.042)	Loss 3.3315e-01 (3.0491e-01)	Acc pseudo  85.94 ( 87.34)	Lr 1.000e-03 (1.000e-03)
2026-02-08 16:18:31,300 - INFO: Epoch: [11][300/582]	Time  0.037 ( 0.041)	Loss 4.2417e-01 (3.0476e-01)	Acc pseudo  85.94 ( 87.29)	Lr 1.000e-03 (1.000e-03)
2026-02-08 16:18:36,050 - INFO: Epoch: [11][350/582]	Time  0.034 ( 0.041)	Loss 4.7894e-01 (3.1562e-01)	Acc pseudo  81.25 ( 87.18)	Lr 1.000e-03 (1.000e-03)
2026-02-08 16:18:40,799 - INFO: Epoch: [11][400/582]	Time  0.037 ( 0.040)	Loss 5.6108e-01 (3.1241e-01)	Acc pseudo  78.12 ( 87.17)	Lr 1.000e-03 (1.000e-03)
2026-02-08 16:18:45,539 - INFO: Epoch: [11][450/582]	Time  0.038 ( 0.040)	Loss 3.2185e-01 (3.0955e-01)	Acc pseudo  90.62 ( 87.32)	Lr 1.000e-03 (1.000e-03)
2026-02-08 16:18:50,301 - INFO: Epoch: [11][500/582]	Time  0.039 ( 0.040)	Loss 5.9189e-01 (3.1432e-01)	Acc pseudo  87.50 ( 87.09)	Lr 1.000e-03 (1.000e-03)
2026-02-08 16:18:55,056 - INFO: Epoch: [11][550/582]	Time  0.038 ( 0.040)	Loss 2.9548e-01 (3.1492e-01)	Acc pseudo  87.50 ( 87.08)	Lr 1.000e-03 (1.000e-03)
2026-02-08 16:18:58,018 - INFO: Round 0, Face Fine-tune Epoch 11: loss=0.3168, acc(pseudo)=87.08%
2026-02-08 16:19:59,588 - INFO: Round 0, Face Fine-tune Epoch 11: acc(valid_pseudo): 0.9724, acc: 0.8403
2026-02-08 16:19:59,588 - INFO: Round 0, Face Fine-tune Epoch 11: No improvement. Patience(epoch): 1/3
2026-02-08 16:20:00,378 - INFO: Epoch: [12][  0/582]	Time  0.770 ( 0.770)	Loss 2.2874e-01 (2.2874e-01)	Acc pseudo  85.94 ( 85.94)	Lr 1.000e-03 (1.000e-03)
2026-02-08 16:20:05,051 - INFO: Epoch: [12][ 50/582]	Time  0.036 ( 0.054)	Loss 2.2577e-01 (2.8057e-01)	Acc pseudo  85.94 ( 87.38)	Lr 1.000e-03 (1.000e-03)
2026-02-08 16:20:09,724 - INFO: Epoch: [12][100/582]	Time  0.039 ( 0.045)	Loss 2.0221e-01 (2.9908e-01)	Acc pseudo  85.94 ( 87.36)	Lr 1.000e-03 (1.000e-03)
2026-02-08 16:20:14,473 - INFO: Epoch: [12][150/582]	Time  0.030 ( 0.042)	Loss 2.3081e-01 (2.9130e-01)	Acc pseudo  87.50 ( 87.64)	Lr 1.000e-03 (1.000e-03)
2026-02-08 16:20:19,277 - INFO: Epoch: [12][200/582]	Time  0.039 ( 0.042)	Loss 1.0800e-01 (2.8654e-01)	Acc pseudo  93.75 ( 87.78)	Lr 1.000e-03 (1.000e-03)
2026-02-08 16:20:24,060 - INFO: Epoch: [12][250/582]	Time  0.046 ( 0.041)	Loss 1.7262e-01 (2.8628e-01)	Acc pseudo  92.19 ( 87.89)	Lr 1.000e-03 (1.000e-03)
2026-02-08 16:20:28,857 - INFO: Epoch: [12][300/582]	Time  0.037 ( 0.041)	Loss 9.3444e-02 (2.8969e-01)	Acc pseudo  95.31 ( 88.01)	Lr 1.000e-03 (1.000e-03)
2026-02-08 16:20:33,643 - INFO: Epoch: [12][350/582]	Time  0.036 ( 0.041)	Loss 3.3067e-01 (2.9265e-01)	Acc pseudo  87.50 ( 87.75)	Lr 1.000e-03 (1.000e-03)
2026-02-08 16:20:38,417 - INFO: Epoch: [12][400/582]	Time  0.034 ( 0.041)	Loss 3.3259e-01 (2.9794e-01)	Acc pseudo  82.81 ( 87.70)	Lr 1.000e-03 (1.000e-03)
2026-02-08 16:20:43,204 - INFO: Epoch: [12][450/582]	Time  0.048 ( 0.041)	Loss 1.7930e-01 (2.9804e-01)	Acc pseudo  87.50 ( 87.67)	Lr 1.000e-03 (1.000e-03)
2026-02-08 16:20:47,983 - INFO: Epoch: [12][500/582]	Time  0.040 ( 0.041)	Loss 1.2319e-01 (2.9865e-01)	Acc pseudo  93.75 ( 87.73)	Lr 1.000e-03 (1.000e-03)
2026-02-08 16:20:52,749 - INFO: Epoch: [12][550/582]	Time  0.036 ( 0.041)	Loss 4.1505e-01 (3.0287e-01)	Acc pseudo  81.25 ( 87.59)	Lr 1.000e-03 (1.000e-03)
2026-02-08 16:20:55,715 - INFO: Round 0, Face Fine-tune Epoch 12: loss=0.3043, acc(pseudo)=87.50%
2026-02-08 16:21:56,193 - INFO: Round 0, Face Fine-tune Epoch 12: acc(valid_pseudo): 0.9723, acc: 0.8393
2026-02-08 16:21:56,198 - INFO: Round 0, Face Fine-tune Epoch 12: No improvement. Patience(epoch): 2/3
2026-02-08 16:21:56,986 - INFO: Epoch: [13][  0/582]	Time  0.770 ( 0.770)	Loss 1.5302e-01 (1.5302e-01)	Acc pseudo  90.62 ( 90.62)	Lr 1.000e-03 (1.000e-03)
2026-02-08 16:22:01,667 - INFO: Epoch: [13][ 50/582]	Time  0.039 ( 0.054)	Loss 1.9596e-01 (2.6706e-01)	Acc pseudo  90.62 ( 87.84)	Lr 1.000e-03 (1.000e-03)
2026-02-08 16:22:06,340 - INFO: Epoch: [13][100/582]	Time  0.036 ( 0.047)	Loss 1.3019e-01 (2.7111e-01)	Acc pseudo  93.75 ( 88.32)	Lr 1.000e-03 (1.000e-03)
2026-02-08 16:22:11,106 - INFO: Epoch: [13][150/582]	Time  0.041 ( 0.044)	Loss 2.0445e-01 (2.6917e-01)	Acc pseudo  93.75 ( 88.31)	Lr 1.000e-03 (1.000e-03)
2026-02-08 16:22:15,901 - INFO: Epoch: [13][200/582]	Time  0.039 ( 0.044)	Loss 2.7264e-01 (2.7275e-01)	Acc pseudo  79.69 ( 88.08)	Lr 1.000e-03 (1.000e-03)
2026-02-08 16:22:20,695 - INFO: Epoch: [13][250/582]	Time  0.039 ( 0.043)	Loss 2.8738e-01 (2.7664e-01)	Acc pseudo  84.38 ( 88.04)	Lr 1.000e-03 (1.000e-03)
2026-02-08 16:22:25,600 - INFO: Epoch: [13][300/582]	Time  0.037 ( 0.043)	Loss 2.6642e-01 (2.7803e-01)	Acc pseudo  90.62 ( 88.03)	Lr 1.000e-03 (1.000e-03)
2026-02-08 16:22:30,376 - INFO: Epoch: [13][350/582]	Time  0.042 ( 0.042)	Loss 9.0111e-02 (2.7979e-01)	Acc pseudo  95.31 ( 88.01)	Lr 1.000e-03 (1.000e-03)
2026-02-08 16:22:35,151 - INFO: Epoch: [13][400/582]	Time  0.033 ( 0.042)	Loss 5.1581e-01 (2.8375e-01)	Acc pseudo  78.12 ( 87.90)	Lr 1.000e-03 (1.000e-03)
2026-02-08 16:22:39,928 - INFO: Epoch: [13][450/582]	Time  0.051 ( 0.042)	Loss 1.8383e-01 (2.8331e-01)	Acc pseudo  89.06 ( 87.92)	Lr 1.000e-03 (1.000e-03)
2026-02-08 16:22:44,712 - INFO: Epoch: [13][500/582]	Time  0.051 ( 0.043)	Loss 2.5658e-01 (2.8381e-01)	Acc pseudo  89.06 ( 87.91)	Lr 1.000e-03 (1.000e-03)
2026-02-08 16:22:49,488 - INFO: Epoch: [13][550/582]	Time  0.041 ( 0.043)	Loss 4.6410e-01 (2.8771e-01)	Acc pseudo  79.69 ( 87.82)	Lr 1.000e-03 (1.000e-03)
2026-02-08 16:22:52,481 - INFO: Round 0, Face Fine-tune Epoch 13: loss=0.2885, acc(pseudo)=87.81%
2026-02-08 16:23:54,365 - INFO: Round 0, Face Fine-tune Epoch 13: acc(valid_pseudo): 0.9800, acc: 0.8393
2026-02-08 16:23:57,506 - INFO: Epoch: [14][  0/582]	Time  1.088 ( 1.088)	Loss 1.7922e-01 (1.7922e-01)	Acc pseudo  87.50 ( 87.50)	Lr 1.000e-03 (1.000e-03)
2026-02-08 16:24:02,177 - INFO: Epoch: [14][ 50/582]	Time  0.050 ( 0.060)	Loss 3.6065e-01 (2.8470e-01)	Acc pseudo  82.81 ( 88.33)	Lr 1.000e-03 (1.000e-03)
2026-02-08 16:24:06,848 - INFO: Epoch: [14][100/582]	Time  0.038 ( 0.049)	Loss 2.2235e-01 (2.7171e-01)	Acc pseudo  90.62 ( 88.68)	Lr 1.000e-03 (1.000e-03)
2026-02-08 16:24:11,543 - INFO: Epoch: [14][150/582]	Time  0.049 ( 0.047)	Loss 1.6089e-01 (2.6773e-01)	Acc pseudo  95.31 ( 88.82)	Lr 1.000e-03 (1.000e-03)
2026-02-08 16:24:16,295 - INFO: Epoch: [14][200/582]	Time  0.040 ( 0.045)	Loss 1.9183e-01 (2.6436e-01)	Acc pseudo  90.62 ( 88.58)	Lr 1.000e-03 (1.000e-03)
2026-02-08 16:24:21,061 - INFO: Epoch: [14][250/582]	Time  0.040 ( 0.044)	Loss 4.5176e-01 (2.7425e-01)	Acc pseudo  82.81 ( 88.25)	Lr 1.000e-03 (1.000e-03)
2026-02-08 16:24:25,902 - INFO: Epoch: [14][300/582]	Time  0.041 ( 0.044)	Loss 2.5418e-01 (2.7890e-01)	Acc pseudo  87.50 ( 88.14)	Lr 1.000e-03 (1.000e-03)
2026-02-08 16:24:30,670 - INFO: Epoch: [14][350/582]	Time  0.040 ( 0.044)	Loss 1.4456e-01 (2.7989e-01)	Acc pseudo  95.31 ( 88.20)	Lr 1.000e-03 (1.000e-03)
2026-02-08 16:24:35,436 - INFO: Epoch: [14][400/582]	Time  0.041 ( 0.043)	Loss 2.6701e-01 (2.8213e-01)	Acc pseudo  87.50 ( 88.06)	Lr 1.000e-03 (1.000e-03)
2026-02-08 16:24:40,204 - INFO: Epoch: [14][450/582]	Time  0.036 ( 0.043)	Loss 3.4911e-01 (2.8176e-01)	Acc pseudo  82.81 ( 88.05)	Lr 1.000e-03 (1.000e-03)
2026-02-08 16:24:44,974 - INFO: Epoch: [14][500/582]	Time  0.038 ( 0.042)	Loss 2.1467e-01 (2.8325e-01)	Acc pseudo  84.38 ( 88.00)	Lr 1.000e-03 (1.000e-03)
2026-02-08 16:24:49,737 - INFO: Epoch: [14][550/582]	Time  0.040 ( 0.042)	Loss 3.6448e-01 (2.8383e-01)	Acc pseudo  82.81 ( 87.95)	Lr 1.000e-03 (1.000e-03)
2026-02-08 16:24:52,726 - INFO: Round 0, Face Fine-tune Epoch 14: loss=0.2842, acc(pseudo)=87.98%
2026-02-08 16:25:55,596 - INFO: Round 0, Face Fine-tune Epoch 14: acc(valid_pseudo): 0.9757, acc: 0.8374
2026-02-08 16:25:55,597 - INFO: Round 0, Face Fine-tune Epoch 14: No improvement. Patience(epoch): 1/3
2026-02-08 16:25:56,383 - INFO: Epoch: [15][  0/582]	Time  0.757 ( 0.757)	Loss 2.6428e-01 (2.6428e-01)	Acc pseudo  85.94 ( 85.94)	Lr 1.000e-03 (1.000e-03)
2026-02-08 16:26:01,052 - INFO: Epoch: [15][ 50/582]	Time  0.035 ( 0.051)	Loss 5.7516e-01 (2.8764e-01)	Acc pseudo  79.69 ( 87.50)	Lr 1.000e-03 (1.000e-03)
2026-02-08 16:26:05,725 - INFO: Epoch: [15][100/582]	Time  0.035 ( 0.045)	Loss 1.9562e-01 (2.7607e-01)	Acc pseudo  90.62 ( 88.04)	Lr 1.000e-03 (1.000e-03)
2026-02-08 16:26:10,441 - INFO: Epoch: [15][150/582]	Time  0.038 ( 0.042)	Loss 2.6862e-01 (2.8138e-01)	Acc pseudo  87.50 ( 87.80)	Lr 1.000e-03 (1.000e-03)
2026-02-08 16:26:15,186 - INFO: Epoch: [15][200/582]	Time  0.035 ( 0.041)	Loss 5.0191e-01 (2.7848e-01)	Acc pseudo  87.50 ( 88.02)	Lr 1.000e-03 (1.000e-03)
2026-02-08 16:26:19,937 - INFO: Epoch: [15][250/582]	Time  0.039 ( 0.041)	Loss 2.8335e-01 (2.7830e-01)	Acc pseudo  84.38 ( 88.07)	Lr 1.000e-03 (1.000e-03)
2026-02-08 16:26:24,703 - INFO: Epoch: [15][300/582]	Time  0.036 ( 0.040)	Loss 1.4508e-01 (2.7877e-01)	Acc pseudo  96.88 ( 88.07)	Lr 1.000e-03 (1.000e-03)
2026-02-08 16:26:29,466 - INFO: Epoch: [15][350/582]	Time  0.028 ( 0.039)	Loss 1.7416e-01 (2.8081e-01)	Acc pseudo  90.62 ( 88.02)	Lr 1.000e-03 (1.000e-03)
2026-02-08 16:26:34,274 - INFO: Epoch: [15][400/582]	Time  0.039 ( 0.039)	Loss 1.4620e-01 (2.8458e-01)	Acc pseudo  90.62 ( 88.01)	Lr 1.000e-03 (1.000e-03)
2026-02-08 16:26:39,025 - INFO: Epoch: [15][450/582]	Time  0.039 ( 0.039)	Loss 1.2668e+00 (2.8678e-01)	Acc pseudo  79.69 ( 87.96)	Lr 1.000e-03 (1.000e-03)
2026-02-08 16:26:43,800 - INFO: Epoch: [15][500/582]	Time  0.041 ( 0.039)	Loss 2.6440e-01 (2.8740e-01)	Acc pseudo  87.50 ( 87.98)	Lr 1.000e-03 (1.000e-03)
2026-02-08 16:26:48,553 - INFO: Epoch: [15][550/582]	Time  0.036 ( 0.039)	Loss 1.9422e-01 (2.8615e-01)	Acc pseudo  93.75 ( 87.95)	Lr 1.000e-03 (1.000e-03)
2026-02-08 16:26:51,538 - INFO: Round 0, Face Fine-tune Epoch 15: loss=0.2847, acc(pseudo)=87.97%
2026-02-08 16:27:57,151 - INFO: Round 0, Face Fine-tune Epoch 15: acc(valid_pseudo): 0.9787, acc: 0.8442
2026-02-08 16:27:57,151 - INFO: Round 0, Face Fine-tune Epoch 15: No improvement. Patience(epoch): 2/3
2026-02-08 16:27:57,965 - INFO: Epoch: [16][  0/582]	Time  0.786 ( 0.786)	Loss 1.9661e-01 (1.9661e-01)	Acc pseudo  92.19 ( 92.19)	Lr 1.000e-03 (1.000e-03)
2026-02-08 16:28:02,629 - INFO: Epoch: [16][ 50/582]	Time  0.042 ( 0.052)	Loss 3.1483e-01 (2.5535e-01)	Acc pseudo  84.38 ( 88.45)	Lr 1.000e-03 (1.000e-03)
2026-02-08 16:28:07,298 - INFO: Epoch: [16][100/582]	Time  0.030 ( 0.044)	Loss 2.2028e-01 (2.5772e-01)	Acc pseudo  90.62 ( 88.47)	Lr 1.000e-03 (1.000e-03)
2026-02-08 16:28:11,971 - INFO: Epoch: [16][150/582]	Time  0.038 ( 0.041)	Loss 2.7716e-01 (2.6217e-01)	Acc pseudo  89.06 ( 88.48)	Lr 1.000e-03 (1.000e-03)
2026-02-08 16:28:16,692 - INFO: Epoch: [16][200/582]	Time  0.034 ( 0.040)	Loss 3.4502e-01 (2.6616e-01)	Acc pseudo  84.38 ( 88.46)	Lr 1.000e-03 (1.000e-03)
2026-02-08 16:28:21,431 - INFO: Epoch: [16][250/582]	Time  0.030 ( 0.039)	Loss 2.4484e-01 (2.6722e-01)	Acc pseudo  92.19 ( 88.51)	Lr 1.000e-03 (1.000e-03)
2026-02-08 16:28:26,188 - INFO: Epoch: [16][300/582]	Time  0.032 ( 0.038)	Loss 2.9432e-01 (2.7079e-01)	Acc pseudo  89.06 ( 88.46)	Lr 1.000e-03 (1.000e-03)
2026-02-08 16:28:30,946 - INFO: Epoch: [16][350/582]	Time  0.038 ( 0.038)	Loss 2.2012e-01 (2.7464e-01)	Acc pseudo  85.94 ( 88.38)	Lr 1.000e-03 (1.000e-03)
2026-02-08 16:28:35,695 - INFO: Epoch: [16][400/582]	Time  0.038 ( 0.038)	Loss 3.7860e-01 (2.7417e-01)	Acc pseudo  84.38 ( 88.29)	Lr 1.000e-03 (1.000e-03)
2026-02-08 16:28:40,456 - INFO: Epoch: [16][450/582]	Time  0.038 ( 0.038)	Loss 1.5432e-01 (2.7313e-01)	Acc pseudo  90.62 ( 88.22)	Lr 1.000e-03 (1.000e-03)
2026-02-08 16:28:45,205 - INFO: Epoch: [16][500/582]	Time  0.045 ( 0.037)	Loss 4.5763e-01 (2.7577e-01)	Acc pseudo  90.62 ( 88.12)	Lr 1.000e-03 (1.000e-03)
2026-02-08 16:28:49,953 - INFO: Epoch: [16][550/582]	Time  0.043 ( 0.037)	Loss 2.5282e-01 (2.7725e-01)	Acc pseudo  92.19 ( 88.08)	Lr 1.000e-03 (1.000e-03)
2026-02-08 16:28:52,935 - INFO: Round 0, Face Fine-tune Epoch 16: loss=0.2779, acc(pseudo)=88.09%
2026-02-08 16:29:51,406 - INFO: Round 0, Face Fine-tune Epoch 16: acc(valid_pseudo): 0.9815, acc: 0.8471
2026-02-08 16:29:53,407 - INFO: Epoch: [17][  0/582]	Time  0.765 ( 0.765)	Loss 2.5476e-01 (2.5476e-01)	Acc pseudo  89.06 ( 89.06)	Lr 1.000e-03 (1.000e-03)
2026-02-08 16:29:58,065 - INFO: Epoch: [17][ 50/582]	Time  0.031 ( 0.047)	Loss 3.1983e-01 (2.4975e-01)	Acc pseudo  87.50 ( 88.42)	Lr 1.000e-03 (1.000e-03)
2026-02-08 16:30:02,733 - INFO: Epoch: [17][100/582]	Time  0.041 ( 0.040)	Loss 2.9257e-01 (2.4631e-01)	Acc pseudo  84.38 ( 88.78)	Lr 1.000e-03 (1.000e-03)
2026-02-08 16:30:07,462 - INFO: Epoch: [17][150/582]	Time  0.038 ( 0.038)	Loss 9.9510e-02 (2.5173e-01)	Acc pseudo  95.31 ( 88.72)	Lr 1.000e-03 (1.000e-03)
2026-02-08 16:30:12,209 - INFO: Epoch: [17][200/582]	Time  0.030 ( 0.038)	Loss 3.2370e-01 (2.5674e-01)	Acc pseudo  90.62 ( 88.79)	Lr 1.000e-03 (1.000e-03)
2026-02-08 16:30:17,044 - INFO: Epoch: [17][250/582]	Time  0.033 ( 0.038)	Loss 1.8647e-01 (2.5880e-01)	Acc pseudo  89.06 ( 88.84)	Lr 1.000e-03 (1.000e-03)
2026-02-08 16:30:21,796 - INFO: Epoch: [17][300/582]	Time  0.039 ( 0.038)	Loss 2.6421e-01 (2.6144e-01)	Acc pseudo  84.38 ( 88.70)	Lr 1.000e-03 (1.000e-03)
2026-02-08 16:30:26,558 - INFO: Epoch: [17][350/582]	Time  0.039 ( 0.038)	Loss 1.8830e-01 (2.5989e-01)	Acc pseudo  89.06 ( 88.68)	Lr 1.000e-03 (1.000e-03)
2026-02-08 16:30:31,321 - INFO: Epoch: [17][400/582]	Time  0.042 ( 0.038)	Loss 3.4406e-01 (2.5732e-01)	Acc pseudo  84.38 ( 88.84)	Lr 1.000e-03 (1.000e-03)
2026-02-08 16:30:36,073 - INFO: Epoch: [17][450/582]	Time  0.034 ( 0.038)	Loss 2.2060e-01 (2.6221e-01)	Acc pseudo  90.62 ( 88.70)	Lr 1.000e-03 (1.000e-03)
2026-02-08 16:30:40,831 - INFO: Epoch: [17][500/582]	Time  0.039 ( 0.038)	Loss 2.4190e-01 (2.6275e-01)	Acc pseudo  90.62 ( 88.70)	Lr 1.000e-03 (1.000e-03)
2026-02-08 16:30:45,591 - INFO: Epoch: [17][550/582]	Time  0.037 ( 0.038)	Loss 4.6336e-01 (2.6647e-01)	Acc pseudo  89.06 ( 88.69)	Lr 1.000e-03 (1.000e-03)
2026-02-08 16:30:48,570 - INFO: Round 0, Face Fine-tune Epoch 17: loss=0.2665, acc(pseudo)=88.65%
2026-02-08 16:31:50,160 - INFO: Round 0, Face Fine-tune Epoch 17: acc(valid_pseudo): 0.9695, acc: 0.8354
2026-02-08 16:31:50,161 - INFO: Round 0, Face Fine-tune Epoch 17: No improvement. Patience(epoch): 1/3
2026-02-08 16:31:50,952 - INFO: Epoch: [18][  0/582]	Time  0.757 ( 0.757)	Loss 2.7262e-01 (2.7262e-01)	Acc pseudo  89.06 ( 89.06)	Lr 1.000e-03 (1.000e-03)
2026-02-08 16:31:55,627 - INFO: Epoch: [18][ 50/582]	Time  0.041 ( 0.055)	Loss 2.6183e-01 (2.5158e-01)	Acc pseudo  85.94 ( 88.73)	Lr 1.000e-03 (1.000e-03)
2026-02-08 16:32:00,301 - INFO: Epoch: [18][100/582]	Time  0.041 ( 0.047)	Loss 3.6003e-01 (2.6685e-01)	Acc pseudo  76.56 ( 88.35)	Lr 1.000e-03 (1.000e-03)
2026-02-08 16:32:04,998 - INFO: Epoch: [18][150/582]	Time  0.039 ( 0.045)	Loss 2.0618e-01 (2.5937e-01)	Acc pseudo  89.06 ( 88.52)	Lr 1.000e-03 (1.000e-03)
2026-02-08 16:32:09,717 - INFO: Epoch: [18][200/582]	Time  0.038 ( 0.043)	Loss 2.2518e-01 (2.5963e-01)	Acc pseudo  90.62 ( 88.63)	Lr 1.000e-03 (1.000e-03)
2026-02-08 16:32:14,489 - INFO: Epoch: [18][250/582]	Time  0.037 ( 0.043)	Loss 1.1395e-01 (2.5874e-01)	Acc pseudo  95.31 ( 88.68)	Lr 1.000e-03 (1.000e-03)
2026-02-08 16:32:19,236 - INFO: Epoch: [18][300/582]	Time  0.041 ( 0.042)	Loss 2.3685e-01 (2.6014e-01)	Acc pseudo  87.50 ( 88.71)	Lr 1.000e-03 (1.000e-03)
2026-02-08 16:32:23,982 - INFO: Epoch: [18][350/582]	Time  0.040 ( 0.042)	Loss 5.4474e-01 (2.6538e-01)	Acc pseudo  87.50 ( 88.64)	Lr 1.000e-03 (1.000e-03)
2026-02-08 16:32:28,737 - INFO: Epoch: [18][400/582]	Time  0.042 ( 0.042)	Loss 1.2626e-01 (2.6538e-01)	Acc pseudo  92.19 ( 88.68)	Lr 1.000e-03 (1.000e-03)
2026-02-08 16:32:33,489 - INFO: Epoch: [18][450/582]	Time  0.041 ( 0.042)	Loss 2.0462e-01 (2.6682e-01)	Acc pseudo  89.06 ( 88.65)	Lr 1.000e-03 (1.000e-03)
2026-02-08 16:32:38,239 - INFO: Epoch: [18][500/582]	Time  0.038 ( 0.041)	Loss 1.6831e-01 (2.7122e-01)	Acc pseudo  82.81 ( 88.53)	Lr 1.000e-03 (1.000e-03)
2026-02-08 16:32:42,989 - INFO: Epoch: [18][550/582]	Time  0.038 ( 0.041)	Loss 3.0994e-01 (2.7122e-01)	Acc pseudo  85.94 ( 88.58)	Lr 1.000e-03 (1.000e-03)
2026-02-08 16:32:45,971 - INFO: Round 0, Face Fine-tune Epoch 18: loss=0.2702, acc(pseudo)=88.59%
2026-02-08 16:33:47,044 - INFO: Round 0, Face Fine-tune Epoch 18: acc(valid_pseudo): 0.9795, acc: 0.8413
2026-02-08 16:33:47,044 - INFO: Round 0, Face Fine-tune Epoch 18: No improvement. Patience(epoch): 2/3
2026-02-08 16:33:47,821 - INFO: Epoch: [19][  0/582]	Time  0.755 ( 0.755)	Loss 2.8338e-01 (2.8338e-01)	Acc pseudo  84.38 ( 84.38)	Lr 1.000e-03 (1.000e-03)
2026-02-08 16:33:52,482 - INFO: Epoch: [19][ 50/582]	Time  0.036 ( 0.051)	Loss 2.6673e-01 (2.8258e-01)	Acc pseudo  85.94 ( 87.99)	Lr 1.000e-03 (1.000e-03)
2026-02-08 16:33:57,152 - INFO: Epoch: [19][100/582]	Time  0.038 ( 0.044)	Loss 5.6337e-01 (2.7646e-01)	Acc pseudo  76.56 ( 88.24)	Lr 1.000e-03 (1.000e-03)
2026-02-08 16:34:01,844 - INFO: Epoch: [19][150/582]	Time  0.037 ( 0.042)	Loss 2.0100e-01 (2.6951e-01)	Acc pseudo  87.50 ( 88.49)	Lr 1.000e-03 (1.000e-03)
2026-02-08 16:34:06,561 - INFO: Epoch: [19][200/582]	Time  0.039 ( 0.041)	Loss 4.1757e-01 (2.7141e-01)	Acc pseudo  90.62 ( 88.40)	Lr 1.000e-03 (1.000e-03)
2026-02-08 16:34:11,289 - INFO: Epoch: [19][250/582]	Time  0.038 ( 0.040)	Loss 3.9227e-01 (2.6676e-01)	Acc pseudo  82.81 ( 88.59)	Lr 1.000e-03 (1.000e-03)
2026-02-08 16:34:16,032 - INFO: Epoch: [19][300/582]	Time  0.039 ( 0.040)	Loss 4.9974e-01 (2.6555e-01)	Acc pseudo  85.94 ( 88.65)	Lr 1.000e-03 (1.000e-03)
2026-02-08 16:34:20,782 - INFO: Epoch: [19][350/582]	Time  0.038 ( 0.040)	Loss 2.4028e-01 (2.6423e-01)	Acc pseudo  93.75 ( 88.79)	Lr 1.000e-03 (1.000e-03)
2026-02-08 16:34:25,522 - INFO: Epoch: [19][400/582]	Time  0.038 ( 0.040)	Loss 4.7555e-01 (2.6699e-01)	Acc pseudo  82.81 ( 88.79)	Lr 1.000e-03 (1.000e-03)
2026-02-08 16:34:30,264 - INFO: Epoch: [19][450/582]	Time  0.040 ( 0.040)	Loss 1.4038e-01 (2.7050e-01)	Acc pseudo  93.75 ( 88.66)	Lr 1.000e-03 (1.000e-03)
2026-02-08 16:34:35,009 - INFO: Epoch: [19][500/582]	Time  0.041 ( 0.040)	Loss 3.4102e-01 (2.7064e-01)	Acc pseudo  90.62 ( 88.63)	Lr 1.000e-03 (1.000e-03)
2026-02-08 16:34:39,754 - INFO: Epoch: [19][550/582]	Time  0.040 ( 0.040)	Loss 2.7742e-01 (2.7161e-01)	Acc pseudo  84.38 ( 88.65)	Lr 1.000e-03 (1.000e-03)
2026-02-08 16:34:42,720 - INFO: Round 0, Face Fine-tune Epoch 19: loss=0.2736, acc(pseudo)=88.60%
2026-02-08 16:35:45,035 - INFO: Round 0, Face Fine-tune Epoch 19: acc(valid_pseudo): 0.9812, acc: 0.8432
2026-02-08 16:35:45,036 - INFO: Round 0, Face Fine-tune Epoch 19: No improvement. Patience(epoch): 3/3
2026-02-08 16:35:45,036 - INFO: Early stopping at face epoch 19
2026-02-08 16:35:45,037 - INFO: Round 0: Best face fine-tuned epoch=16, acc(valid_pseudo)=0.9815
2026-02-08 16:36:34,151 - INFO: Round 0: speaker_acc=0.6755
2026-02-08 16:36:34,167 - INFO: Round 0: face_acc=0.8471
2026-02-08 16:36:34,176 - INFO: ====================
2026-02-08 16:36:34,176 - INFO: Round 1: Fine-tuning iteration
2026-02-08 16:36:34,176 - INFO: ====================
2026-02-08 16:36:34,239 - INFO: Round 1 Part 1: Fine-tuning embedding model
2026-02-08 16:36:34,240 - INFO: Using pseudo-label file: runs/I love my family/exp_video/result/self_supervised/baseline_joint/exp0/round0/pseudo_label/pseudo_labels_audio_baseline_joint.json
2026-02-08 16:36:34,269 - INFO: For training, Using face pseudo-label file: runs/I love my family/exp_video/result/self_supervised/baseline_joint/exp0/round0/pseudo_label/pseudo_labels_faces_mid_frame_train_baseline_joint.json
2026-02-08 16:36:34,269 - INFO: For infering, Using face pseudo-label file: runs/I love my family/exp_video/result/self_supervised/baseline_joint/exp0/round0/pseudo_label/pseudo_labels_faces_mid_frame_all_baseline_joint.json
2026-02-08 16:36:34,400 - INFO: Created face dataloader with 37219 samples
2026-02-08 16:36:34,405 - INFO: Warmup training speaker classifier for 2 epochs...
2026-02-08 16:36:34,705 - INFO: Epoch: [0][  0/301]	Time  0.296 ( 0.296)	Loss 2.3486e+00 (2.3486e+00)	Acc pseudo  12.50 ( 12.50)	Lr 1.000e-03 (1.000e-03)
2026-02-08 16:36:34,992 - INFO: Epoch: [0][ 50/301]	Time  0.003 ( 0.011)	Loss 3.5062e-01 (8.6607e-01)	Acc pseudo  89.06 ( 79.29)	Lr 1.000e-03 (1.000e-03)
2026-02-08 16:36:35,163 - INFO: Epoch: [0][100/301]	Time  0.003 ( 0.007)	Loss 2.9055e-01 (6.1270e-01)	Acc pseudo  87.50 ( 84.25)	Lr 1.000e-03 (1.000e-03)
2026-02-08 16:36:35,330 - INFO: Epoch: [0][150/301]	Time  0.003 ( 0.006)	Loss 3.6480e-01 (5.0995e-01)	Acc pseudo  89.06 ( 86.18)	Lr 1.000e-03 (1.000e-03)
2026-02-08 16:36:35,492 - INFO: Epoch: [0][200/301]	Time  0.003 ( 0.005)	Loss 2.3156e-01 (4.5077e-01)	Acc pseudo  90.62 ( 87.30)	Lr 1.000e-03 (1.000e-03)
2026-02-08 16:36:35,654 - INFO: Epoch: [0][250/301]	Time  0.003 ( 0.005)	Loss 3.4849e-01 (4.1812e-01)	Acc pseudo  85.94 ( 87.91)	Lr 1.000e-03 (1.000e-03)
2026-02-08 16:36:35,808 - INFO: Epoch: [0][300/301]	Time  0.003 ( 0.005)	Loss 1.4578e-01 (3.9322e-01)	Acc pseudo  92.00 ( 88.37)	Lr 1.000e-03 (1.000e-03)
2026-02-08 16:36:35,854 - INFO: Round 1, Speaker Warmup Epoch 0: loss=0.3932, acc(pseudo)=88.37%
2026-02-08 16:36:36,198 - INFO: Epoch: [1][  0/301]	Time  0.337 ( 0.337)	Loss 3.1403e-01 (3.1403e-01)	Acc pseudo  89.06 ( 89.06)	Lr 1.000e-03 (1.000e-03)
2026-02-08 16:36:36,521 - INFO: Epoch: [1][ 50/301]	Time  0.005 ( 0.013)	Loss 1.6688e-01 (2.3610e-01)	Acc pseudo  95.31 ( 91.05)	Lr 1.000e-03 (1.000e-03)
2026-02-08 16:36:36,696 - INFO: Epoch: [1][100/301]	Time  0.004 ( 0.008)	Loss 3.2677e-01 (2.4006e-01)	Acc pseudo  90.62 ( 91.32)	Lr 1.000e-03 (1.000e-03)
2026-02-08 16:36:36,861 - INFO: Epoch: [1][150/301]	Time  0.003 ( 0.006)	Loss 2.5054e-01 (2.4280e-01)	Acc pseudo  90.62 ( 91.30)	Lr 1.000e-03 (1.000e-03)
2026-02-08 16:36:37,016 - INFO: Epoch: [1][200/301]	Time  0.003 ( 0.006)	Loss 2.2169e-01 (2.3727e-01)	Acc pseudo  92.19 ( 91.55)	Lr 1.000e-03 (1.000e-03)
2026-02-08 16:36:37,170 - INFO: Epoch: [1][250/301]	Time  0.003 ( 0.005)	Loss 3.0484e-01 (2.3738e-01)	Acc pseudo  85.94 ( 91.45)	Lr 1.000e-03 (1.000e-03)
2026-02-08 16:36:37,328 - INFO: Epoch: [1][300/301]	Time  0.003 ( 0.005)	Loss 2.6790e-01 (2.3227e-01)	Acc pseudo  88.00 ( 91.64)	Lr 1.000e-03 (1.000e-03)
2026-02-08 16:36:37,382 - INFO: Round 1, Speaker Warmup Epoch 1: loss=0.2323, acc(pseudo)=91.64%
2026-02-08 16:36:37,388 - INFO: Warmup training face classifier for 2 epochs...
2026-02-08 16:36:38,175 - INFO: Epoch: [0][  0/582]	Time  0.737 ( 0.737)	Loss 2.6109e+00 (2.6109e+00)	Acc pseudo  10.94 ( 10.94)	Lr 1.000e-03 (1.000e-03)
2026-02-08 16:36:42,753 - INFO: Epoch: [0][ 50/582]	Time  0.040 ( 0.044)	Loss 6.8562e-01 (1.1914e+00)	Acc pseudo  76.56 ( 74.82)	Lr 1.000e-03 (1.000e-03)
2026-02-08 16:36:47,342 - INFO: Epoch: [0][100/582]	Time  0.041 ( 0.042)	Loss 3.8403e-01 (8.6851e-01)	Acc pseudo  89.06 ( 79.92)	Lr 1.000e-03 (1.000e-03)
2026-02-08 16:36:51,929 - INFO: Epoch: [0][150/582]	Time  0.030 ( 0.039)	Loss 4.2059e-01 (7.2669e-01)	Acc pseudo  84.38 ( 82.28)	Lr 1.000e-03 (1.000e-03)
2026-02-08 16:36:56,525 - INFO: Epoch: [0][200/582]	Time  0.039 ( 0.039)	Loss 2.4015e-01 (6.3466e-01)	Acc pseudo  92.19 ( 83.75)	Lr 1.000e-03 (1.000e-03)
2026-02-08 16:37:01,123 - INFO: Epoch: [0][250/582]	Time  0.029 ( 0.038)	Loss 4.7493e-01 (5.8748e-01)	Acc pseudo  85.94 ( 84.56)	Lr 1.000e-03 (1.000e-03)
2026-02-08 16:37:05,719 - INFO: Epoch: [0][300/582]	Time  0.036 ( 0.037)	Loss 3.2936e-01 (5.4890e-01)	Acc pseudo  92.19 ( 85.16)	Lr 1.000e-03 (1.000e-03)
2026-02-08 16:37:10,317 - INFO: Epoch: [0][350/582]	Time  0.036 ( 0.037)	Loss 3.4054e-01 (5.1991e-01)	Acc pseudo  87.50 ( 85.64)	Lr 1.000e-03 (1.000e-03)
2026-02-08 16:37:14,919 - INFO: Epoch: [0][400/582]	Time  0.035 ( 0.037)	Loss 3.0488e-01 (4.9775e-01)	Acc pseudo  87.50 ( 85.94)	Lr 1.000e-03 (1.000e-03)
2026-02-08 16:37:19,521 - INFO: Epoch: [0][450/582]	Time  0.036 ( 0.037)	Loss 4.9559e-01 (4.8176e-01)	Acc pseudo  90.62 ( 86.16)	Lr 1.000e-03 (1.000e-03)
2026-02-08 16:37:24,126 - INFO: Epoch: [0][500/582]	Time  0.036 ( 0.037)	Loss 4.6028e-01 (4.6845e-01)	Acc pseudo  82.81 ( 86.37)	Lr 1.000e-03 (1.000e-03)
2026-02-08 16:37:28,724 - INFO: Epoch: [0][550/582]	Time  0.031 ( 0.036)	Loss 1.9681e-01 (4.5558e-01)	Acc pseudo  90.62 ( 86.58)	Lr 1.000e-03 (1.000e-03)
2026-02-08 16:37:31,599 - INFO: Round 1, Face Warmup Epoch 0: loss=0.4486, acc(pseudo)=86.71%
2026-02-08 16:37:32,371 - INFO: Epoch: [1][  0/582]	Time  0.745 ( 0.745)	Loss 2.8289e-01 (2.8289e-01)	Acc pseudo  87.50 ( 87.50)	Lr 1.000e-03 (1.000e-03)
2026-02-08 16:37:36,958 - INFO: Epoch: [1][ 50/582]	Time  0.031 ( 0.044)	Loss 2.6130e-01 (3.0628e-01)	Acc pseudo  95.31 ( 88.60)	Lr 1.000e-03 (1.000e-03)
2026-02-08 16:37:41,550 - INFO: Epoch: [1][100/582]	Time  0.031 ( 0.039)	Loss 3.2683e-01 (3.0978e-01)	Acc pseudo  85.94 ( 88.54)	Lr 1.000e-03 (1.000e-03)
2026-02-08 16:37:46,138 - INFO: Epoch: [1][150/582]	Time  0.035 ( 0.036)	Loss 1.1571e-01 (3.2716e-01)	Acc pseudo  93.75 ( 88.40)	Lr 1.000e-03 (1.000e-03)
2026-02-08 16:37:50,777 - INFO: Epoch: [1][200/582]	Time  0.036 ( 0.036)	Loss 1.4612e-01 (3.2454e-01)	Acc pseudo  93.75 ( 88.53)	Lr 1.000e-03 (1.000e-03)
2026-02-08 16:37:55,377 - INFO: Epoch: [1][250/582]	Time  0.035 ( 0.036)	Loss 2.4295e-01 (3.2038e-01)	Acc pseudo  89.06 ( 88.55)	Lr 1.000e-03 (1.000e-03)
2026-02-08 16:37:59,974 - INFO: Epoch: [1][300/582]	Time  0.035 ( 0.036)	Loss 1.8546e-01 (3.1431e-01)	Acc pseudo  90.62 ( 88.78)	Lr 1.000e-03 (1.000e-03)
2026-02-08 16:38:04,571 - INFO: Epoch: [1][350/582]	Time  0.035 ( 0.036)	Loss 2.5806e-01 (3.1417e-01)	Acc pseudo  92.19 ( 88.73)	Lr 1.000e-03 (1.000e-03)
2026-02-08 16:38:09,166 - INFO: Epoch: [1][400/582]	Time  0.035 ( 0.036)	Loss 3.1092e-01 (3.1294e-01)	Acc pseudo  82.81 ( 88.71)	Lr 1.000e-03 (1.000e-03)
2026-02-08 16:38:13,764 - INFO: Epoch: [1][450/582]	Time  0.035 ( 0.036)	Loss 5.3567e-01 (3.1302e-01)	Acc pseudo  81.25 ( 88.67)	Lr 1.000e-03 (1.000e-03)
2026-02-08 16:38:18,362 - INFO: Epoch: [1][500/582]	Time  0.035 ( 0.036)	Loss 3.6722e-01 (3.0941e-01)	Acc pseudo  85.94 ( 88.82)	Lr 1.000e-03 (1.000e-03)
2026-02-08 16:38:22,959 - INFO: Epoch: [1][550/582]	Time  0.034 ( 0.035)	Loss 6.2188e-01 (3.0877e-01)	Acc pseudo  89.06 ( 88.90)	Lr 1.000e-03 (1.000e-03)
2026-02-08 16:38:25,847 - INFO: Round 1, Face Warmup Epoch 1: loss=0.3096, acc(pseudo)=88.87%
2026-02-08 16:38:25,860 - INFO: Fine-tuning speaker embedding model for 20 epochs...
2026-02-08 16:38:26,233 - INFO: Epoch: [0][  0/301]	Time  0.368 ( 0.368)	Loss 1.4630e-01 (1.4630e-01)	Acc pseudo  95.31 ( 95.31)	Lr 1.000e-03 (1.000e-03)
2026-02-08 16:38:26,565 - INFO: Epoch: [0][ 50/301]	Time  0.004 ( 0.014)	Loss 2.0627e-01 (2.7692e-01)	Acc pseudo  92.19 ( 91.08)	Lr 1.000e-03 (1.000e-03)
2026-02-08 16:38:26,763 - INFO: Epoch: [0][100/301]	Time  0.003 ( 0.009)	Loss 2.6746e-01 (2.8415e-01)	Acc pseudo  90.62 ( 90.38)	Lr 1.000e-03 (1.000e-03)
2026-02-08 16:38:26,959 - INFO: Epoch: [0][150/301]	Time  0.004 ( 0.007)	Loss 2.4626e-01 (2.7707e-01)	Acc pseudo  87.50 ( 90.51)	Lr 1.000e-03 (1.000e-03)
2026-02-08 16:38:27,157 - INFO: Epoch: [0][200/301]	Time  0.003 ( 0.006)	Loss 3.7001e-01 (2.7610e-01)	Acc pseudo  85.94 ( 90.44)	Lr 1.000e-03 (1.000e-03)
2026-02-08 16:38:27,353 - INFO: Epoch: [0][250/301]	Time  0.004 ( 0.006)	Loss 1.6883e-01 (2.7276e-01)	Acc pseudo  93.75 ( 90.57)	Lr 1.000e-03 (1.000e-03)
2026-02-08 16:38:27,542 - INFO: Epoch: [0][300/301]	Time  0.003 ( 0.005)	Loss 4.4979e-01 (2.7274e-01)	Acc pseudo  92.00 ( 90.56)	Lr 1.000e-03 (1.000e-03)
2026-02-08 16:38:27,587 - INFO: Round 1, Fine-tune Epoch 0: loss=0.2727, acc(pseudo)=90.56%
2026-02-08 16:38:38,024 - INFO: Round 1, Fine-tune Epoch 0: acc(valid_pseudo): 0.6310, acc: 0.6310
2026-02-08 16:38:39,125 - INFO: Epoch: [1][  0/301]	Time  0.363 ( 0.363)	Loss 1.5322e-01 (1.5322e-01)	Acc pseudo  92.19 ( 92.19)	Lr 1.000e-03 (1.000e-03)
2026-02-08 16:38:39,473 - INFO: Epoch: [1][ 50/301]	Time  0.004 ( 0.014)	Loss 2.6827e-01 (2.2647e-01)	Acc pseudo  85.94 ( 91.64)	Lr 1.000e-03 (1.000e-03)
2026-02-08 16:38:39,696 - INFO: Epoch: [1][100/301]	Time  0.004 ( 0.009)	Loss 1.9618e-01 (2.3319e-01)	Acc pseudo  92.19 ( 91.20)	Lr 1.000e-03 (1.000e-03)
2026-02-08 16:38:39,912 - INFO: Epoch: [1][150/301]	Time  0.004 ( 0.008)	Loss 9.5912e-02 (2.3703e-01)	Acc pseudo  96.88 ( 91.24)	Lr 1.000e-03 (1.000e-03)
2026-02-08 16:38:40,129 - INFO: Epoch: [1][200/301]	Time  0.004 ( 0.007)	Loss 1.2529e-01 (2.4421e-01)	Acc pseudo  95.31 ( 91.32)	Lr 1.000e-03 (1.000e-03)
2026-02-08 16:38:40,334 - INFO: Epoch: [1][250/301]	Time  0.004 ( 0.006)	Loss 1.9951e-01 (2.3967e-01)	Acc pseudo  90.62 ( 91.46)	Lr 1.000e-03 (1.000e-03)
2026-02-08 16:38:40,528 - INFO: Epoch: [1][300/301]	Time  0.003 ( 0.006)	Loss 2.9997e-01 (2.3755e-01)	Acc pseudo  88.00 ( 91.46)	Lr 1.000e-03 (1.000e-03)
2026-02-08 16:38:40,572 - INFO: Round 1, Fine-tune Epoch 1: loss=0.2376, acc(pseudo)=91.46%
2026-02-08 16:38:49,877 - INFO: Round 1, Fine-tune Epoch 1: acc(valid_pseudo): 0.6830, acc: 0.6830
2026-02-08 16:38:50,665 - INFO: Epoch: [2][  0/301]	Time  0.323 ( 0.323)	Loss 1.9719e-01 (1.9719e-01)	Acc pseudo  90.62 ( 90.62)	Lr 1.000e-03 (1.000e-03)
2026-02-08 16:38:50,973 - INFO: Epoch: [2][ 50/301]	Time  0.004 ( 0.012)	Loss 1.7500e-01 (1.9199e-01)	Acc pseudo  95.31 ( 92.71)	Lr 1.000e-03 (1.000e-03)
2026-02-08 16:38:51,162 - INFO: Epoch: [2][100/301]	Time  0.003 ( 0.008)	Loss 1.5868e-01 (1.9536e-01)	Acc pseudo  90.62 ( 92.48)	Lr 1.000e-03 (1.000e-03)
2026-02-08 16:38:51,366 - INFO: Epoch: [2][150/301]	Time  0.004 ( 0.007)	Loss 3.3056e-01 (2.0153e-01)	Acc pseudo  89.06 ( 92.57)	Lr 1.000e-03 (1.000e-03)
2026-02-08 16:38:51,575 - INFO: Epoch: [2][200/301]	Time  0.004 ( 0.006)	Loss 4.1745e-01 (2.1174e-01)	Acc pseudo  85.94 ( 92.33)	Lr 1.000e-03 (1.000e-03)
2026-02-08 16:38:51,781 - INFO: Epoch: [2][250/301]	Time  0.005 ( 0.006)	Loss 2.0819e-01 (2.1696e-01)	Acc pseudo  92.19 ( 92.20)	Lr 1.000e-03 (1.000e-03)
2026-02-08 16:38:51,978 - INFO: Epoch: [2][300/301]	Time  0.003 ( 0.005)	Loss 6.3818e-02 (2.1439e-01)	Acc pseudo 100.00 ( 92.25)	Lr 1.000e-03 (1.000e-03)
2026-02-08 16:38:52,027 - INFO: Round 1, Fine-tune Epoch 2: loss=0.2144, acc(pseudo)=92.25%
2026-02-08 16:39:00,227 - INFO: Round 1, Fine-tune Epoch 2: acc(valid_pseudo): 0.6535, acc: 0.6535
2026-02-08 16:39:00,227 - INFO: Round 1, Speaker Fine-tune Epoch 2: No improvement in validation accuracy. Patience(epoch): 1/3
2026-02-08 16:39:00,641 - INFO: Epoch: [3][  0/301]	Time  0.405 ( 0.405)	Loss 1.3880e-01 (1.3880e-01)	Acc pseudo  93.75 ( 93.75)	Lr 1.000e-03 (1.000e-03)
2026-02-08 16:39:00,994 - INFO: Epoch: [3][ 50/301]	Time  0.004 ( 0.015)	Loss 8.5707e-02 (1.8841e-01)	Acc pseudo  93.75 ( 92.56)	Lr 1.000e-03 (1.000e-03)
2026-02-08 16:39:01,216 - INFO: Epoch: [3][100/301]	Time  0.004 ( 0.010)	Loss 1.5542e-01 (1.8192e-01)	Acc pseudo  92.19 ( 92.84)	Lr 1.000e-03 (1.000e-03)
2026-02-08 16:39:01,432 - INFO: Epoch: [3][150/301]	Time  0.004 ( 0.008)	Loss 1.7384e-01 (1.8207e-01)	Acc pseudo  95.31 ( 92.87)	Lr 1.000e-03 (1.000e-03)
2026-02-08 16:39:01,628 - INFO: Epoch: [3][200/301]	Time  0.004 ( 0.007)	Loss 5.1556e-01 (1.8876e-01)	Acc pseudo  92.19 ( 92.82)	Lr 1.000e-03 (1.000e-03)
2026-02-08 16:39:01,800 - INFO: Epoch: [3][250/301]	Time  0.003 ( 0.006)	Loss 5.2529e-01 (1.9757e-01)	Acc pseudo  85.94 ( 92.62)	Lr 1.000e-03 (1.000e-03)
2026-02-08 16:39:01,954 - INFO: Epoch: [3][300/301]	Time  0.002 ( 0.006)	Loss 4.6099e-01 (1.9421e-01)	Acc pseudo  92.00 ( 92.79)	Lr 1.000e-03 (1.000e-03)
2026-02-08 16:39:01,994 - INFO: Round 1, Fine-tune Epoch 3: loss=0.1942, acc(pseudo)=92.79%
2026-02-08 16:39:10,988 - INFO: Round 1, Fine-tune Epoch 3: acc(valid_pseudo): 0.6930, acc: 0.6930
2026-02-08 16:39:11,831 - INFO: Epoch: [4][  0/301]	Time  0.317 ( 0.317)	Loss 1.8928e-01 (1.8928e-01)	Acc pseudo  89.06 ( 89.06)	Lr 1.000e-03 (1.000e-03)
2026-02-08 16:39:12,144 - INFO: Epoch: [4][ 50/301]	Time  0.004 ( 0.012)	Loss 1.2062e-01 (1.7728e-01)	Acc pseudo  95.31 ( 93.93)	Lr 1.000e-03 (1.000e-03)
2026-02-08 16:39:12,349 - INFO: Epoch: [4][100/301]	Time  0.003 ( 0.008)	Loss 3.0196e-01 (1.8490e-01)	Acc pseudo  84.38 ( 93.08)	Lr 1.000e-03 (1.000e-03)
2026-02-08 16:39:12,537 - INFO: Epoch: [4][150/301]	Time  0.004 ( 0.007)	Loss 2.9378e-01 (1.8384e-01)	Acc pseudo  93.75 ( 93.19)	Lr 1.000e-03 (1.000e-03)
2026-02-08 16:39:12,723 - INFO: Epoch: [4][200/301]	Time  0.003 ( 0.006)	Loss 1.4549e-01 (1.8435e-01)	Acc pseudo  95.31 ( 93.19)	Lr 1.000e-03 (1.000e-03)
2026-02-08 16:39:12,911 - INFO: Epoch: [4][250/301]	Time  0.005 ( 0.005)	Loss 2.2808e-01 (1.8541e-01)	Acc pseudo  93.75 ( 93.17)	Lr 1.000e-03 (1.000e-03)
2026-02-08 16:39:13,085 - INFO: Epoch: [4][300/301]	Time  0.002 ( 0.005)	Loss 1.6914e-01 (1.8916e-01)	Acc pseudo  92.00 ( 93.04)	Lr 1.000e-03 (1.000e-03)
2026-02-08 16:39:13,140 - INFO: Round 1, Fine-tune Epoch 4: loss=0.1892, acc(pseudo)=93.04%
2026-02-08 16:39:21,156 - INFO: Round 1, Fine-tune Epoch 4: acc(valid_pseudo): 0.7080, acc: 0.7080
2026-02-08 16:39:22,285 - INFO: Epoch: [5][  0/301]	Time  0.371 ( 0.371)	Loss 1.3475e-01 (1.3475e-01)	Acc pseudo  93.75 ( 93.75)	Lr 1.000e-03 (1.000e-03)
2026-02-08 16:39:22,614 - INFO: Epoch: [5][ 50/301]	Time  0.004 ( 0.013)	Loss 1.0375e-01 (1.7106e-01)	Acc pseudo  96.88 ( 93.72)	Lr 1.000e-03 (1.000e-03)
2026-02-08 16:39:22,817 - INFO: Epoch: [5][100/301]	Time  0.004 ( 0.009)	Loss 8.4249e-02 (1.7336e-01)	Acc pseudo  95.31 ( 93.47)	Lr 1.000e-03 (1.000e-03)
2026-02-08 16:39:23,025 - INFO: Epoch: [5][150/301]	Time  0.004 ( 0.007)	Loss 3.0419e-01 (1.7539e-01)	Acc pseudo  87.50 ( 93.54)	Lr 1.000e-03 (1.000e-03)
2026-02-08 16:39:23,212 - INFO: Epoch: [5][200/301]	Time  0.004 ( 0.006)	Loss 2.1022e-01 (1.7825e-01)	Acc pseudo  92.19 ( 93.56)	Lr 1.000e-03 (1.000e-03)
2026-02-08 16:39:23,435 - INFO: Epoch: [5][250/301]	Time  0.004 ( 0.006)	Loss 9.4567e-02 (1.7563e-01)	Acc pseudo  93.75 ( 93.63)	Lr 1.000e-03 (1.000e-03)
2026-02-08 16:39:23,652 - INFO: Epoch: [5][300/301]	Time  0.003 ( 0.006)	Loss 8.1726e-02 (1.7385e-01)	Acc pseudo  96.00 ( 93.68)	Lr 1.000e-03 (1.000e-03)
2026-02-08 16:39:23,700 - INFO: Round 1, Fine-tune Epoch 5: loss=0.1738, acc(pseudo)=93.68%
2026-02-08 16:39:33,007 - INFO: Round 1, Fine-tune Epoch 5: acc(valid_pseudo): 0.6515, acc: 0.6515
2026-02-08 16:39:33,007 - INFO: Round 1, Speaker Fine-tune Epoch 5: No improvement in validation accuracy. Patience(epoch): 1/3
2026-02-08 16:39:33,007 - INFO: Early stopping at epoch 5 due to significant drop in pseudo-label validation accuracy: 0.7080 -> 0.6515.
2026-02-08 16:39:33,009 - INFO: Round 1: Best speaker fine-tuned epoch=4, acc(valid_pseudo)=0.7080
2026-02-08 16:39:33,015 - INFO: Fine-tuning face embedding model for 20 epochs...
2026-02-08 16:39:33,779 - INFO: Epoch: [0][  0/582]	Time  0.731 ( 0.731)	Loss 1.7883e-01 (1.7883e-01)	Acc pseudo  92.19 ( 92.19)	Lr 1.000e-03 (1.000e-03)
2026-02-08 16:39:38,421 - INFO: Epoch: [0][ 50/582]	Time  0.032 ( 0.044)	Loss 5.9761e-01 (2.7876e-01)	Acc pseudo  87.50 ( 89.22)	Lr 1.000e-03 (1.000e-03)
2026-02-08 16:39:43,076 - INFO: Epoch: [0][100/582]	Time  0.038 ( 0.041)	Loss 2.8106e-01 (2.9304e-01)	Acc pseudo  89.06 ( 89.09)	Lr 1.000e-03 (1.000e-03)
2026-02-08 16:39:47,736 - INFO: Epoch: [0][150/582]	Time  0.035 ( 0.039)	Loss 2.6225e-01 (2.9533e-01)	Acc pseudo  85.94 ( 89.23)	Lr 1.000e-03 (1.000e-03)
2026-02-08 16:39:52,397 - INFO: Epoch: [0][200/582]	Time  0.028 ( 0.038)	Loss 1.6998e-01 (2.9186e-01)	Acc pseudo  95.31 ( 89.43)	Lr 1.000e-03 (1.000e-03)
2026-02-08 16:39:57,055 - INFO: Epoch: [0][250/582]	Time  0.035 ( 0.036)	Loss 5.4064e-01 (2.9889e-01)	Acc pseudo  84.38 ( 89.26)	Lr 1.000e-03 (1.000e-03)
2026-02-08 16:40:01,711 - INFO: Epoch: [0][300/582]	Time  0.039 ( 0.036)	Loss 3.0483e-01 (2.9792e-01)	Acc pseudo  90.62 ( 89.23)	Lr 1.000e-03 (1.000e-03)
2026-02-08 16:40:06,368 - INFO: Epoch: [0][350/582]	Time  0.040 ( 0.036)	Loss 2.9263e-01 (2.9669e-01)	Acc pseudo  85.94 ( 89.26)	Lr 1.000e-03 (1.000e-03)
2026-02-08 16:40:11,028 - INFO: Epoch: [0][400/582]	Time  0.042 ( 0.036)	Loss 3.6549e-01 (2.9867e-01)	Acc pseudo  92.19 ( 89.16)	Lr 1.000e-03 (1.000e-03)
2026-02-08 16:40:15,685 - INFO: Epoch: [0][450/582]	Time  0.028 ( 0.036)	Loss 4.9003e-01 (3.0022e-01)	Acc pseudo  87.50 ( 89.10)	Lr 1.000e-03 (1.000e-03)
2026-02-08 16:40:20,340 - INFO: Epoch: [0][500/582]	Time  0.028 ( 0.035)	Loss 4.8861e-01 (3.0273e-01)	Acc pseudo  79.69 ( 89.04)	Lr 1.000e-03 (1.000e-03)
2026-02-08 16:40:24,996 - INFO: Epoch: [0][550/582]	Time  0.029 ( 0.035)	Loss 2.1383e-01 (3.0502e-01)	Acc pseudo  87.50 ( 89.01)	Lr 1.000e-03 (1.000e-03)
2026-02-08 16:40:27,897 - INFO: Round 1, Face Fine-tune Epoch 0: loss=0.3059, acc(pseudo)=88.96%
2026-02-08 16:41:28,146 - INFO: Round 1, Face Fine-tune Epoch 0: acc(valid_pseudo): 0.9827, acc: 0.8442
2026-02-08 16:41:30,228 - INFO: Epoch: [1][  0/582]	Time  0.871 ( 0.871)	Loss 2.8317e-01 (2.8317e-01)	Acc pseudo  89.06 ( 89.06)	Lr 1.000e-03 (1.000e-03)
2026-02-08 16:41:34,950 - INFO: Epoch: [1][ 50/582]	Time  0.033 ( 0.049)	Loss 3.0615e-01 (2.5681e-01)	Acc pseudo  90.62 ( 90.13)	Lr 1.000e-03 (1.000e-03)
2026-02-08 16:41:39,595 - INFO: Epoch: [1][100/582]	Time  0.031 ( 0.039)	Loss 3.0266e-01 (2.5562e-01)	Acc pseudo  89.06 ( 90.10)	Lr 1.000e-03 (1.000e-03)
2026-02-08 16:41:44,248 - INFO: Epoch: [1][150/582]	Time  0.028 ( 0.036)	Loss 1.1080e-01 (2.7404e-01)	Acc pseudo  92.19 ( 89.76)	Lr 1.000e-03 (1.000e-03)
2026-02-08 16:41:48,901 - INFO: Epoch: [1][200/582]	Time  0.028 ( 0.034)	Loss 1.7187e-01 (2.8210e-01)	Acc pseudo  92.19 ( 89.62)	Lr 1.000e-03 (1.000e-03)
2026-02-08 16:41:53,559 - INFO: Epoch: [1][250/582]	Time  0.037 ( 0.034)	Loss 1.5025e-01 (2.7994e-01)	Acc pseudo  90.62 ( 89.47)	Lr 1.000e-03 (1.000e-03)
2026-02-08 16:41:58,257 - INFO: Epoch: [1][300/582]	Time  0.036 ( 0.034)	Loss 1.9893e-01 (2.7790e-01)	Acc pseudo  90.62 ( 89.49)	Lr 1.000e-03 (1.000e-03)
2026-02-08 16:42:02,950 - INFO: Epoch: [1][350/582]	Time  0.037 ( 0.034)	Loss 2.0829e-01 (2.7566e-01)	Acc pseudo  90.62 ( 89.45)	Lr 1.000e-03 (1.000e-03)
2026-02-08 16:42:07,642 - INFO: Epoch: [1][400/582]	Time  0.036 ( 0.034)	Loss 3.8396e-01 (2.7481e-01)	Acc pseudo  85.94 ( 89.48)	Lr 1.000e-03 (1.000e-03)
2026-02-08 16:42:12,333 - INFO: Epoch: [1][450/582]	Time  0.034 ( 0.034)	Loss 6.2100e-01 (2.7775e-01)	Acc pseudo  81.25 ( 89.40)	Lr 1.000e-03 (1.000e-03)
2026-02-08 16:42:17,038 - INFO: Epoch: [1][500/582]	Time  0.030 ( 0.034)	Loss 1.8244e-01 (2.7405e-01)	Acc pseudo  90.62 ( 89.47)	Lr 1.000e-03 (1.000e-03)
2026-02-08 16:42:21,740 - INFO: Epoch: [1][550/582]	Time  0.031 ( 0.034)	Loss 5.5156e-01 (2.7326e-01)	Acc pseudo  87.50 ( 89.56)	Lr 1.000e-03 (1.000e-03)
2026-02-08 16:42:24,661 - INFO: Round 1, Face Fine-tune Epoch 1: loss=0.2744, acc(pseudo)=89.51%
2026-02-08 16:43:23,083 - INFO: Round 1, Face Fine-tune Epoch 1: acc(valid_pseudo): 0.9858, acc: 0.8491
2026-02-08 16:43:24,838 - INFO: Epoch: [2][  0/582]	Time  0.629 ( 0.629)	Loss 1.2298e-01 (1.2298e-01)	Acc pseudo  96.88 ( 96.88)	Lr 1.000e-03 (1.000e-03)
2026-02-08 16:43:29,490 - INFO: Epoch: [2][ 50/582]	Time  0.026 ( 0.042)	Loss 3.5758e-01 (2.4089e-01)	Acc pseudo  84.38 ( 90.47)	Lr 1.000e-03 (1.000e-03)
2026-02-08 16:43:34,168 - INFO: Epoch: [2][100/582]	Time  0.027 ( 0.036)	Loss 2.5950e-01 (2.6000e-01)	Acc pseudo  93.75 ( 90.27)	Lr 1.000e-03 (1.000e-03)
2026-02-08 16:43:38,829 - INFO: Epoch: [2][150/582]	Time  0.034 ( 0.035)	Loss 3.5045e-01 (2.5496e-01)	Acc pseudo  93.75 ( 90.22)	Lr 1.000e-03 (1.000e-03)
2026-02-08 16:43:43,493 - INFO: Epoch: [2][200/582]	Time  0.034 ( 0.035)	Loss 1.0353e-01 (2.5626e-01)	Acc pseudo  96.88 ( 90.30)	Lr 1.000e-03 (1.000e-03)
2026-02-08 16:43:48,166 - INFO: Epoch: [2][250/582]	Time  0.035 ( 0.034)	Loss 2.6284e-01 (2.5929e-01)	Acc pseudo  85.94 ( 90.24)	Lr 1.000e-03 (1.000e-03)
2026-02-08 16:43:52,866 - INFO: Epoch: [2][300/582]	Time  0.035 ( 0.035)	Loss 8.4262e-01 (2.6333e-01)	Acc pseudo  89.06 ( 90.16)	Lr 1.000e-03 (1.000e-03)
2026-02-08 16:43:57,564 - INFO: Epoch: [2][350/582]	Time  0.036 ( 0.035)	Loss 1.3241e-01 (2.6418e-01)	Acc pseudo  93.75 ( 90.17)	Lr 1.000e-03 (1.000e-03)
2026-02-08 16:44:02,254 - INFO: Epoch: [2][400/582]	Time  0.028 ( 0.034)	Loss 2.5424e-01 (2.6768e-01)	Acc pseudo  85.94 ( 90.03)	Lr 1.000e-03 (1.000e-03)
2026-02-08 16:44:06,957 - INFO: Epoch: [2][450/582]	Time  0.040 ( 0.034)	Loss 1.5765e-01 (2.7108e-01)	Acc pseudo  90.62 ( 89.87)	Lr 1.000e-03 (1.000e-03)
2026-02-08 16:44:11,663 - INFO: Epoch: [2][500/582]	Time  0.027 ( 0.033)	Loss 3.4397e-01 (2.7179e-01)	Acc pseudo  87.50 ( 89.82)	Lr 1.000e-03 (1.000e-03)
2026-02-08 16:44:16,394 - INFO: Epoch: [2][550/582]	Time  0.028 ( 0.033)	Loss 2.2482e-01 (2.7149e-01)	Acc pseudo  90.62 ( 89.79)	Lr 1.000e-03 (1.000e-03)
2026-02-08 16:44:19,325 - INFO: Round 1, Face Fine-tune Epoch 2: loss=0.2718, acc(pseudo)=89.74%
2026-02-08 16:45:16,559 - INFO: Round 1, Face Fine-tune Epoch 2: acc(valid_pseudo): 0.9898, acc: 0.8413
2026-02-08 16:45:19,264 - INFO: Epoch: [3][  0/582]	Time  0.713 ( 0.713)	Loss 2.3929e-01 (2.3929e-01)	Acc pseudo  90.62 ( 90.62)	Lr 1.000e-03 (1.000e-03)
2026-02-08 16:45:23,911 - INFO: Epoch: [3][ 50/582]	Time  0.029 ( 0.047)	Loss 2.1848e-01 (2.3934e-01)	Acc pseudo  89.06 ( 90.66)	Lr 1.000e-03 (1.000e-03)
2026-02-08 16:45:28,562 - INFO: Epoch: [3][100/582]	Time  0.028 ( 0.038)	Loss 5.6099e-01 (2.4668e-01)	Acc pseudo  92.19 ( 90.38)	Lr 1.000e-03 (1.000e-03)
2026-02-08 16:45:33,219 - INFO: Epoch: [3][150/582]	Time  0.028 ( 0.036)	Loss 1.7963e-01 (2.4472e-01)	Acc pseudo  92.19 ( 90.31)	Lr 1.000e-03 (1.000e-03)
2026-02-08 16:45:37,893 - INFO: Epoch: [3][200/582]	Time  0.042 ( 0.035)	Loss 2.5824e-01 (2.5259e-01)	Acc pseudo  89.06 ( 90.35)	Lr 1.000e-03 (1.000e-03)
2026-02-08 16:45:42,568 - INFO: Epoch: [3][250/582]	Time  0.028 ( 0.033)	Loss 3.9678e-01 (2.5627e-01)	Acc pseudo  89.06 ( 90.27)	Lr 1.000e-03 (1.000e-03)
2026-02-08 16:45:47,257 - INFO: Epoch: [3][300/582]	Time  0.028 ( 0.033)	Loss 1.8874e-01 (2.5867e-01)	Acc pseudo  85.94 ( 90.05)	Lr 1.000e-03 (1.000e-03)
2026-02-08 16:45:51,946 - INFO: Epoch: [3][350/582]	Time  0.030 ( 0.032)	Loss 7.4753e-02 (2.5531e-01)	Acc pseudo  98.44 ( 90.17)	Lr 1.000e-03 (1.000e-03)
2026-02-08 16:45:56,643 - INFO: Epoch: [3][400/582]	Time  0.028 ( 0.032)	Loss 2.7153e-01 (2.5212e-01)	Acc pseudo  87.50 ( 90.21)	Lr 1.000e-03 (1.000e-03)
2026-02-08 16:46:01,345 - INFO: Epoch: [3][450/582]	Time  0.028 ( 0.031)	Loss 5.0195e-01 (2.5306e-01)	Acc pseudo  90.62 ( 90.19)	Lr 1.000e-03 (1.000e-03)
2026-02-08 16:46:06,053 - INFO: Epoch: [3][500/582]	Time  0.028 ( 0.031)	Loss 2.8643e-01 (2.5664e-01)	Acc pseudo  85.94 ( 90.16)	Lr 1.000e-03 (1.000e-03)
2026-02-08 16:46:10,761 - INFO: Epoch: [3][550/582]	Time  0.028 ( 0.031)	Loss 2.8552e-01 (2.5617e-01)	Acc pseudo  92.19 ( 90.15)	Lr 1.000e-03 (1.000e-03)
2026-02-08 16:46:13,692 - INFO: Round 1, Face Fine-tune Epoch 3: loss=0.2572, acc(pseudo)=90.15%
2026-02-08 16:47:11,869 - INFO: Round 1, Face Fine-tune Epoch 3: acc(valid_pseudo): 0.9886, acc: 0.8413
2026-02-08 16:47:11,869 - INFO: Round 1, Face Fine-tune Epoch 3: No improvement. Patience(epoch): 1/3
2026-02-08 16:47:12,516 - INFO: Epoch: [4][  0/582]	Time  0.607 ( 0.607)	Loss 2.5569e-01 (2.5569e-01)	Acc pseudo  92.19 ( 92.19)	Lr 1.000e-03 (1.000e-03)
2026-02-08 16:47:17,170 - INFO: Epoch: [4][ 50/582]	Time  0.030 ( 0.041)	Loss 2.3845e-01 (2.3032e-01)	Acc pseudo  92.19 ( 90.78)	Lr 1.000e-03 (1.000e-03)
2026-02-08 16:47:21,821 - INFO: Epoch: [4][100/582]	Time  0.028 ( 0.034)	Loss 2.2402e-01 (2.1729e-01)	Acc pseudo  85.94 ( 91.12)	Lr 1.000e-03 (1.000e-03)
2026-02-08 16:47:26,473 - INFO: Epoch: [4][150/582]	Time  0.027 ( 0.032)	Loss 8.6587e-02 (2.2025e-01)	Acc pseudo  95.31 ( 91.07)	Lr 1.000e-03 (1.000e-03)
2026-02-08 16:47:31,162 - INFO: Epoch: [4][200/582]	Time  0.027 ( 0.031)	Loss 2.3756e-01 (2.2437e-01)	Acc pseudo  92.19 ( 90.90)	Lr 1.000e-03 (1.000e-03)
2026-02-08 16:47:35,861 - INFO: Epoch: [4][250/582]	Time  0.027 ( 0.030)	Loss 2.1993e-01 (2.2614e-01)	Acc pseudo  89.06 ( 90.88)	Lr 1.000e-03 (1.000e-03)
2026-02-08 16:47:40,564 - INFO: Epoch: [4][300/582]	Time  0.028 ( 0.030)	Loss 3.8426e-01 (2.2709e-01)	Acc pseudo  89.06 ( 90.92)	Lr 1.000e-03 (1.000e-03)
2026-02-08 16:47:45,281 - INFO: Epoch: [4][350/582]	Time  0.035 ( 0.030)	Loss 2.6974e-01 (2.2975e-01)	Acc pseudo  93.75 ( 90.87)	Lr 1.000e-03 (1.000e-03)
2026-02-08 16:47:50,000 - INFO: Epoch: [4][400/582]	Time  0.035 ( 0.031)	Loss 4.0533e-01 (2.3373e-01)	Acc pseudo  81.25 ( 90.88)	Lr 1.000e-03 (1.000e-03)
2026-02-08 16:47:54,715 - INFO: Epoch: [4][450/582]	Time  0.035 ( 0.031)	Loss 2.6555e-01 (2.3412e-01)	Acc pseudo  85.94 ( 90.79)	Lr 1.000e-03 (1.000e-03)
2026-02-08 16:47:59,429 - INFO: Epoch: [4][500/582]	Time  0.035 ( 0.032)	Loss 1.2141e-01 (2.3536e-01)	Acc pseudo  95.31 ( 90.82)	Lr 1.000e-03 (1.000e-03)
2026-02-08 16:48:04,141 - INFO: Epoch: [4][550/582]	Time  0.038 ( 0.032)	Loss 1.5163e-01 (2.4035e-01)	Acc pseudo  92.19 ( 90.68)	Lr 1.000e-03 (1.000e-03)
2026-02-08 16:48:07,077 - INFO: Round 1, Face Fine-tune Epoch 4: loss=0.2405, acc(pseudo)=90.66%
2026-02-08 16:49:04,924 - INFO: Round 1, Face Fine-tune Epoch 4: acc(valid_pseudo): 0.9919, acc: 0.8393
2026-02-08 16:49:07,043 - INFO: Epoch: [5][  0/582]	Time  0.734 ( 0.734)	Loss 1.6256e-01 (1.6256e-01)	Acc pseudo  92.19 ( 92.19)	Lr 1.000e-03 (1.000e-03)
2026-02-08 16:49:11,699 - INFO: Epoch: [5][ 50/582]	Time  0.029 ( 0.043)	Loss 2.4736e-01 (2.1346e-01)	Acc pseudo  82.81 ( 91.30)	Lr 1.000e-03 (1.000e-03)
2026-02-08 16:49:16,347 - INFO: Epoch: [5][100/582]	Time  0.028 ( 0.036)	Loss 2.0793e-01 (2.1330e-01)	Acc pseudo  85.94 ( 91.51)	Lr 1.000e-03 (1.000e-03)
2026-02-08 16:49:20,999 - INFO: Epoch: [5][150/582]	Time  0.028 ( 0.033)	Loss 1.6055e-01 (2.1855e-01)	Acc pseudo  93.75 ( 91.41)	Lr 1.000e-03 (1.000e-03)
2026-02-08 16:49:25,652 - INFO: Epoch: [5][200/582]	Time  0.028 ( 0.032)	Loss 1.2259e-01 (2.1709e-01)	Acc pseudo  92.19 ( 91.41)	Lr 1.000e-03 (1.000e-03)
2026-02-08 16:49:30,327 - INFO: Epoch: [5][250/582]	Time  0.031 ( 0.032)	Loss 1.8314e-01 (2.1569e-01)	Acc pseudo  87.50 ( 91.30)	Lr 1.000e-03 (1.000e-03)
2026-02-08 16:49:35,014 - INFO: Epoch: [5][300/582]	Time  0.029 ( 0.031)	Loss 1.3189e-01 (2.2055e-01)	Acc pseudo  92.19 ( 91.10)	Lr 1.000e-03 (1.000e-03)
2026-02-08 16:49:39,694 - INFO: Epoch: [5][350/582]	Time  0.036 ( 0.031)	Loss 1.1546e-01 (2.1882e-01)	Acc pseudo  96.88 ( 91.19)	Lr 1.000e-03 (1.000e-03)
2026-02-08 16:49:44,388 - INFO: Epoch: [5][400/582]	Time  0.037 ( 0.032)	Loss 5.5896e-01 (2.2557e-01)	Acc pseudo  87.50 ( 91.12)	Lr 1.000e-03 (1.000e-03)
2026-02-08 16:49:49,082 - INFO: Epoch: [5][450/582]	Time  0.036 ( 0.032)	Loss 4.3582e-01 (2.2923e-01)	Acc pseudo  85.94 ( 90.97)	Lr 1.000e-03 (1.000e-03)
2026-02-08 16:49:53,787 - INFO: Epoch: [5][500/582]	Time  0.036 ( 0.033)	Loss 2.2144e-01 (2.2932e-01)	Acc pseudo  90.62 ( 90.98)	Lr 1.000e-03 (1.000e-03)
2026-02-08 16:49:58,469 - INFO: Epoch: [5][550/582]	Time  0.036 ( 0.033)	Loss 1.8590e-01 (2.2781e-01)	Acc pseudo  92.19 ( 91.00)	Lr 1.000e-03 (1.000e-03)
2026-02-08 16:50:01,402 - INFO: Round 1, Face Fine-tune Epoch 5: loss=0.2316, acc(pseudo)=90.92%
2026-02-08 16:50:58,812 - INFO: Round 1, Face Fine-tune Epoch 5: acc(valid_pseudo): 0.9929, acc: 0.8471
2026-02-08 16:51:00,614 - INFO: Epoch: [6][  0/582]	Time  0.625 ( 0.625)	Loss 2.9250e-01 (2.9250e-01)	Acc pseudo  85.94 ( 85.94)	Lr 1.000e-03 (1.000e-03)
2026-02-08 16:51:05,262 - INFO: Epoch: [6][ 50/582]	Time  0.027 ( 0.042)	Loss 9.1954e-02 (2.0581e-01)	Acc pseudo  95.31 ( 90.99)	Lr 1.000e-03 (1.000e-03)
2026-02-08 16:51:09,917 - INFO: Epoch: [6][100/582]	Time  0.027 ( 0.037)	Loss 2.8266e-01 (2.0873e-01)	Acc pseudo  85.94 ( 90.72)	Lr 1.000e-03 (1.000e-03)
2026-02-08 16:51:14,572 - INFO: Epoch: [6][150/582]	Time  0.030 ( 0.034)	Loss 2.7272e-01 (2.0810e-01)	Acc pseudo  89.06 ( 90.80)	Lr 1.000e-03 (1.000e-03)
2026-02-08 16:51:19,227 - INFO: Epoch: [6][200/582]	Time  0.029 ( 0.033)	Loss 1.2767e-01 (2.0843e-01)	Acc pseudo  90.62 ( 90.96)	Lr 1.000e-03 (1.000e-03)
2026-02-08 16:51:23,903 - INFO: Epoch: [6][250/582]	Time  0.028 ( 0.032)	Loss 1.9648e-01 (2.1175e-01)	Acc pseudo  85.94 ( 91.06)	Lr 1.000e-03 (1.000e-03)
2026-02-08 16:51:28,577 - INFO: Epoch: [6][300/582]	Time  0.033 ( 0.031)	Loss 9.2821e-02 (2.1546e-01)	Acc pseudo  93.75 ( 90.99)	Lr 1.000e-03 (1.000e-03)
2026-02-08 16:51:33,275 - INFO: Epoch: [6][350/582]	Time  0.031 ( 0.031)	Loss 1.9862e-01 (2.1822e-01)	Acc pseudo  89.06 ( 90.93)	Lr 1.000e-03 (1.000e-03)
2026-02-08 16:51:37,940 - INFO: Epoch: [6][400/582]	Time  0.033 ( 0.031)	Loss 3.8337e-01 (2.2334e-01)	Acc pseudo  82.81 ( 90.87)	Lr 1.000e-03 (1.000e-03)
2026-02-08 16:51:42,650 - INFO: Epoch: [6][450/582]	Time  0.027 ( 0.031)	Loss 2.9994e-01 (2.2258e-01)	Acc pseudo  90.62 ( 90.88)	Lr 1.000e-03 (1.000e-03)
2026-02-08 16:51:47,355 - INFO: Epoch: [6][500/582]	Time  0.036 ( 0.031)	Loss 2.7855e-01 (2.2251e-01)	Acc pseudo  82.81 ( 90.86)	Lr 1.000e-03 (1.000e-03)
2026-02-08 16:51:52,063 - INFO: Epoch: [6][550/582]	Time  0.037 ( 0.031)	Loss 2.3492e-01 (2.2369e-01)	Acc pseudo  90.62 ( 90.83)	Lr 1.000e-03 (1.000e-03)
2026-02-08 16:51:55,016 - INFO: Round 1, Face Fine-tune Epoch 6: loss=0.2260, acc(pseudo)=90.81%
2026-02-08 16:52:55,453 - INFO: Round 1, Face Fine-tune Epoch 6: acc(valid_pseudo): 0.9895, acc: 0.8413
2026-02-08 16:52:55,453 - INFO: Round 1, Face Fine-tune Epoch 6: No improvement. Patience(epoch): 1/3
2026-02-08 16:52:56,163 - INFO: Epoch: [7][  0/582]	Time  0.670 ( 0.670)	Loss 2.7882e-01 (2.7882e-01)	Acc pseudo  92.19 ( 92.19)	Lr 1.000e-03 (1.000e-03)
2026-02-08 16:53:00,812 - INFO: Epoch: [7][ 50/582]	Time  0.038 ( 0.042)	Loss 8.8462e-02 (2.0712e-01)	Acc pseudo  98.44 ( 91.67)	Lr 1.000e-03 (1.000e-03)
2026-02-08 16:53:05,468 - INFO: Epoch: [7][100/582]	Time  0.038 ( 0.040)	Loss 2.7323e-01 (2.1143e-01)	Acc pseudo  92.19 ( 91.31)	Lr 1.000e-03 (1.000e-03)
2026-02-08 16:53:10,127 - INFO: Epoch: [7][150/582]	Time  0.037 ( 0.039)	Loss 1.1268e-01 (2.1322e-01)	Acc pseudo  95.31 ( 91.26)	Lr 1.000e-03 (1.000e-03)
2026-02-08 16:53:14,786 - INFO: Epoch: [7][200/582]	Time  0.038 ( 0.039)	Loss 6.3271e-01 (2.1953e-01)	Acc pseudo  85.94 ( 91.16)	Lr 1.000e-03 (1.000e-03)
2026-02-08 16:53:19,465 - INFO: Epoch: [7][250/582]	Time  0.037 ( 0.038)	Loss 3.2358e-01 (2.2214e-01)	Acc pseudo  87.50 ( 90.96)	Lr 1.000e-03 (1.000e-03)
2026-02-08 16:53:24,170 - INFO: Epoch: [7][300/582]	Time  0.038 ( 0.038)	Loss 2.1147e-01 (2.2194e-01)	Acc pseudo  90.62 ( 90.89)	Lr 1.000e-03 (1.000e-03)
2026-02-08 16:53:28,883 - INFO: Epoch: [7][350/582]	Time  0.036 ( 0.038)	Loss 2.7630e-01 (2.2513e-01)	Acc pseudo  89.06 ( 90.94)	Lr 1.000e-03 (1.000e-03)
2026-02-08 16:53:33,631 - INFO: Epoch: [7][400/582]	Time  0.048 ( 0.038)	Loss 1.5338e-01 (2.2541e-01)	Acc pseudo  92.19 ( 90.97)	Lr 1.000e-03 (1.000e-03)
2026-02-08 16:53:38,342 - INFO: Epoch: [7][450/582]	Time  0.028 ( 0.037)	Loss 2.1313e-01 (2.2687e-01)	Acc pseudo  93.75 ( 90.97)	Lr 1.000e-03 (1.000e-03)
2026-02-08 16:53:43,065 - INFO: Epoch: [7][500/582]	Time  0.031 ( 0.037)	Loss 3.2756e-01 (2.2639e-01)	Acc pseudo  89.06 ( 91.01)	Lr 1.000e-03 (1.000e-03)
2026-02-08 16:53:47,780 - INFO: Epoch: [7][550/582]	Time  0.030 ( 0.036)	Loss 1.8943e-01 (2.2770e-01)	Acc pseudo  92.19 ( 90.89)	Lr 1.000e-03 (1.000e-03)
2026-02-08 16:53:50,710 - INFO: Round 1, Face Fine-tune Epoch 7: loss=0.2282, acc(pseudo)=90.89%
2026-02-08 16:54:50,212 - INFO: Round 1, Face Fine-tune Epoch 7: acc(valid_pseudo): 0.9933, acc: 0.8423
2026-02-08 16:54:52,951 - INFO: Epoch: [8][  0/582]	Time  0.685 ( 0.685)	Loss 1.2243e-01 (1.2243e-01)	Acc pseudo  92.19 ( 92.19)	Lr 1.000e-03 (1.000e-03)
2026-02-08 16:54:57,647 - INFO: Epoch: [8][ 50/582]	Time  0.036 ( 0.048)	Loss 1.3442e-01 (2.1330e-01)	Acc pseudo  92.19 ( 91.76)	Lr 1.000e-03 (1.000e-03)
2026-02-08 16:55:02,296 - INFO: Epoch: [8][100/582]	Time  0.030 ( 0.039)	Loss 2.2597e-01 (2.1999e-01)	Acc pseudo  90.62 ( 91.40)	Lr 1.000e-03 (1.000e-03)
2026-02-08 16:55:07,035 - INFO: Epoch: [8][150/582]	Time  0.027 ( 0.036)	Loss 1.0912e-01 (2.1537e-01)	Acc pseudo  93.75 ( 91.63)	Lr 1.000e-03 (1.000e-03)
2026-02-08 16:55:11,700 - INFO: Epoch: [8][200/582]	Time  0.027 ( 0.034)	Loss 4.7293e-01 (2.1368e-01)	Acc pseudo  90.62 ( 91.60)	Lr 1.000e-03 (1.000e-03)
2026-02-08 16:55:16,388 - INFO: Epoch: [8][250/582]	Time  0.027 ( 0.033)	Loss 2.7703e-01 (2.1059e-01)	Acc pseudo  84.38 ( 91.61)	Lr 1.000e-03 (1.000e-03)
2026-02-08 16:55:21,091 - INFO: Epoch: [8][300/582]	Time  0.027 ( 0.032)	Loss 2.4897e-01 (2.0881e-01)	Acc pseudo  85.94 ( 91.60)	Lr 1.000e-03 (1.000e-03)
2026-02-08 16:55:25,788 - INFO: Epoch: [8][350/582]	Time  0.027 ( 0.031)	Loss 8.8240e-02 (2.1213e-01)	Acc pseudo  95.31 ( 91.47)	Lr 1.000e-03 (1.000e-03)
2026-02-08 16:55:30,508 - INFO: Epoch: [8][400/582]	Time  0.028 ( 0.031)	Loss 1.6427e-01 (2.1198e-01)	Acc pseudo  92.19 ( 91.38)	Lr 1.000e-03 (1.000e-03)
2026-02-08 16:55:35,211 - INFO: Epoch: [8][450/582]	Time  0.027 ( 0.030)	Loss 1.9915e-01 (2.1395e-01)	Acc pseudo  87.50 ( 91.39)	Lr 1.000e-03 (1.000e-03)
2026-02-08 16:55:39,921 - INFO: Epoch: [8][500/582]	Time  0.037 ( 0.031)	Loss 8.8168e-02 (2.1430e-01)	Acc pseudo  95.31 ( 91.40)	Lr 1.000e-03 (1.000e-03)
2026-02-08 16:55:44,701 - INFO: Epoch: [8][550/582]	Time  0.032 ( 0.031)	Loss 2.7466e-01 (2.1487e-01)	Acc pseudo  89.06 ( 91.41)	Lr 1.000e-03 (1.000e-03)
2026-02-08 16:55:47,641 - INFO: Round 1, Face Fine-tune Epoch 8: loss=0.2155, acc(pseudo)=91.40%
2026-02-08 16:56:45,049 - INFO: Round 1, Face Fine-tune Epoch 8: acc(valid_pseudo): 0.9939, acc: 0.8452
2026-02-08 16:56:46,839 - INFO: Epoch: [9][  0/582]	Time  0.637 ( 0.637)	Loss 1.1080e-01 (1.1080e-01)	Acc pseudo  92.19 ( 92.19)	Lr 1.000e-03 (1.000e-03)
2026-02-08 16:56:51,495 - INFO: Epoch: [9][ 50/582]	Time  0.027 ( 0.041)	Loss 1.6920e-01 (1.9496e-01)	Acc pseudo  93.75 ( 92.25)	Lr 1.000e-03 (1.000e-03)
2026-02-08 16:56:56,144 - INFO: Epoch: [9][100/582]	Time  0.030 ( 0.035)	Loss 7.7773e-02 (1.9400e-01)	Acc pseudo  98.44 ( 92.02)	Lr 1.000e-03 (1.000e-03)
2026-02-08 16:57:00,798 - INFO: Epoch: [9][150/582]	Time  0.028 ( 0.033)	Loss 2.4820e-01 (2.1094e-01)	Acc pseudo  85.94 ( 91.63)	Lr 1.000e-03 (1.000e-03)
2026-02-08 16:57:05,452 - INFO: Epoch: [9][200/582]	Time  0.028 ( 0.032)	Loss 2.7387e-01 (2.1170e-01)	Acc pseudo  93.75 ( 91.43)	Lr 1.000e-03 (1.000e-03)
2026-02-08 16:57:10,122 - INFO: Epoch: [9][250/582]	Time  0.031 ( 0.032)	Loss 1.5190e-01 (2.1282e-01)	Acc pseudo  93.75 ( 91.42)	Lr 1.000e-03 (1.000e-03)
2026-02-08 16:57:14,815 - INFO: Epoch: [9][300/582]	Time  0.028 ( 0.031)	Loss 4.1523e-01 (2.1261e-01)	Acc pseudo  89.06 ( 91.45)	Lr 1.000e-03 (1.000e-03)
2026-02-08 16:57:19,503 - INFO: Epoch: [9][350/582]	Time  0.028 ( 0.031)	Loss 2.8255e-01 (2.0947e-01)	Acc pseudo  92.19 ( 91.45)	Lr 1.000e-03 (1.000e-03)
2026-02-08 16:57:24,212 - INFO: Epoch: [9][400/582]	Time  0.028 ( 0.031)	Loss 1.1390e-01 (2.1037e-01)	Acc pseudo  93.75 ( 91.47)	Lr 1.000e-03 (1.000e-03)
2026-02-08 16:57:28,909 - INFO: Epoch: [9][450/582]	Time  0.028 ( 0.030)	Loss 1.3486e-01 (2.1280e-01)	Acc pseudo  95.31 ( 91.45)	Lr 1.000e-03 (1.000e-03)
2026-02-08 16:57:33,615 - INFO: Epoch: [9][500/582]	Time  0.037 ( 0.030)	Loss 4.2517e-01 (2.1649e-01)	Acc pseudo  81.25 ( 91.30)	Lr 1.000e-03 (1.000e-03)
2026-02-08 16:57:38,329 - INFO: Epoch: [9][550/582]	Time  0.030 ( 0.031)	Loss 2.1204e-01 (2.1658e-01)	Acc pseudo  92.19 ( 91.33)	Lr 1.000e-03 (1.000e-03)
2026-02-08 16:57:41,258 - INFO: Round 1, Face Fine-tune Epoch 9: loss=0.2182, acc(pseudo)=91.24%
2026-02-08 16:58:38,408 - INFO: Round 1, Face Fine-tune Epoch 9: acc(valid_pseudo): 0.9923, acc: 0.8432
2026-02-08 16:58:38,408 - INFO: Round 1, Face Fine-tune Epoch 9: No improvement. Patience(epoch): 1/3
2026-02-08 16:58:39,076 - INFO: Epoch: [10][  0/582]	Time  0.648 ( 0.648)	Loss 1.2672e-01 (1.2672e-01)	Acc pseudo  96.88 ( 96.88)	Lr 1.000e-03 (1.000e-03)
2026-02-08 16:58:43,723 - INFO: Epoch: [10][ 50/582]	Time  0.029 ( 0.041)	Loss 2.0517e-01 (2.1977e-01)	Acc pseudo  92.19 ( 91.57)	Lr 1.000e-03 (1.000e-03)
2026-02-08 16:58:48,374 - INFO: Epoch: [10][100/582]	Time  0.029 ( 0.035)	Loss 1.7449e-01 (2.1223e-01)	Acc pseudo  92.19 ( 91.60)	Lr 1.000e-03 (1.000e-03)
2026-02-08 16:58:53,045 - INFO: Epoch: [10][150/582]	Time  0.028 ( 0.033)	Loss 1.3414e-01 (2.0851e-01)	Acc pseudo  92.19 ( 91.64)	Lr 1.000e-03 (1.000e-03)
2026-02-08 16:58:57,755 - INFO: Epoch: [10][200/582]	Time  0.028 ( 0.032)	Loss 1.4665e-01 (2.0597e-01)	Acc pseudo  92.19 ( 91.78)	Lr 1.000e-03 (1.000e-03)
2026-02-08 16:59:02,463 - INFO: Epoch: [10][250/582]	Time  0.030 ( 0.031)	Loss 2.2377e-01 (2.0552e-01)	Acc pseudo  92.19 ( 91.85)	Lr 1.000e-03 (1.000e-03)
2026-02-08 16:59:07,189 - INFO: Epoch: [10][300/582]	Time  0.029 ( 0.031)	Loss 8.5261e-02 (2.0653e-01)	Acc pseudo  95.31 ( 91.77)	Lr 1.000e-03 (1.000e-03)
2026-02-08 16:59:11,909 - INFO: Epoch: [10][350/582]	Time  0.032 ( 0.031)	Loss 2.8149e-01 (2.0502e-01)	Acc pseudo  90.62 ( 91.75)	Lr 1.000e-03 (1.000e-03)
2026-02-08 16:59:16,618 - INFO: Epoch: [10][400/582]	Time  0.036 ( 0.031)	Loss 2.6360e-01 (2.0601e-01)	Acc pseudo  90.62 ( 91.71)	Lr 1.000e-03 (1.000e-03)
2026-02-08 16:59:21,332 - INFO: Epoch: [10][450/582]	Time  0.036 ( 0.032)	Loss 1.4904e-01 (2.0746e-01)	Acc pseudo  93.75 ( 91.70)	Lr 1.000e-03 (1.000e-03)
2026-02-08 16:59:26,053 - INFO: Epoch: [10][500/582]	Time  0.028 ( 0.032)	Loss 4.2809e-01 (2.0701e-01)	Acc pseudo  84.38 ( 91.67)	Lr 1.000e-03 (1.000e-03)
2026-02-08 16:59:30,759 - INFO: Epoch: [10][550/582]	Time  0.028 ( 0.032)	Loss 6.1669e-02 (2.0752e-01)	Acc pseudo  96.88 ( 91.61)	Lr 1.000e-03 (1.000e-03)
2026-02-08 16:59:33,703 - INFO: Round 1, Face Fine-tune Epoch 10: loss=0.2064, acc(pseudo)=91.64%
2026-02-08 17:00:31,644 - INFO: Round 1, Face Fine-tune Epoch 10: acc(valid_pseudo): 0.9948, acc: 0.8462
2026-02-08 17:00:33,712 - INFO: Epoch: [11][  0/582]	Time  0.679 ( 0.679)	Loss 5.2219e-02 (5.2219e-02)	Acc pseudo  95.31 ( 95.31)	Lr 1.000e-03 (1.000e-03)
2026-02-08 17:00:38,360 - INFO: Epoch: [11][ 50/582]	Time  0.027 ( 0.043)	Loss 1.8125e-01 (1.8315e-01)	Acc pseudo  92.19 ( 92.22)	Lr 1.000e-03 (1.000e-03)
2026-02-08 17:00:43,009 - INFO: Epoch: [11][100/582]	Time  0.031 ( 0.037)	Loss 2.9339e-01 (2.0803e-01)	Acc pseudo  90.62 ( 91.96)	Lr 1.000e-03 (1.000e-03)
2026-02-08 17:00:47,664 - INFO: Epoch: [11][150/582]	Time  0.029 ( 0.035)	Loss 3.3191e-01 (2.0581e-01)	Acc pseudo  87.50 ( 91.87)	Lr 1.000e-03 (1.000e-03)
2026-02-08 17:00:52,356 - INFO: Epoch: [11][200/582]	Time  0.032 ( 0.033)	Loss 7.2142e-02 (2.0230e-01)	Acc pseudo  96.88 ( 92.04)	Lr 1.000e-03 (1.000e-03)
2026-02-08 17:00:57,057 - INFO: Epoch: [11][250/582]	Time  0.029 ( 0.032)	Loss 1.1847e-01 (2.0309e-01)	Acc pseudo  93.75 ( 91.94)	Lr 1.000e-03 (1.000e-03)
2026-02-08 17:01:01,775 - INFO: Epoch: [11][300/582]	Time  0.027 ( 0.032)	Loss 1.2205e-01 (1.9902e-01)	Acc pseudo  95.31 ( 91.94)	Lr 1.000e-03 (1.000e-03)
2026-02-08 17:01:06,495 - INFO: Epoch: [11][350/582]	Time  0.028 ( 0.031)	Loss 3.1985e-01 (1.9897e-01)	Acc pseudo  87.50 ( 91.96)	Lr 1.000e-03 (1.000e-03)
2026-02-08 17:01:11,219 - INFO: Epoch: [11][400/582]	Time  0.028 ( 0.031)	Loss 2.2609e-01 (2.0078e-01)	Acc pseudo  84.38 ( 91.91)	Lr 1.000e-03 (1.000e-03)
2026-02-08 17:01:15,955 - INFO: Epoch: [11][450/582]	Time  0.036 ( 0.031)	Loss 1.7637e-01 (2.0379e-01)	Acc pseudo  90.62 ( 91.89)	Lr 1.000e-03 (1.000e-03)
2026-02-08 17:01:20,683 - INFO: Epoch: [11][500/582]	Time  0.037 ( 0.031)	Loss 2.3433e-01 (2.0573e-01)	Acc pseudo  87.50 ( 91.76)	Lr 1.000e-03 (1.000e-03)
2026-02-08 17:01:25,423 - INFO: Epoch: [11][550/582]	Time  0.029 ( 0.031)	Loss 8.7672e-02 (2.0830e-01)	Acc pseudo  98.44 ( 91.68)	Lr 1.000e-03 (1.000e-03)
2026-02-08 17:01:28,399 - INFO: Round 1, Face Fine-tune Epoch 11: loss=0.2090, acc(pseudo)=91.67%
2026-02-08 17:02:26,557 - INFO: Round 1, Face Fine-tune Epoch 11: acc(valid_pseudo): 0.9931, acc: 0.8462
2026-02-08 17:02:26,557 - INFO: Round 1, Face Fine-tune Epoch 11: No improvement. Patience(epoch): 1/3
2026-02-08 17:02:27,217 - INFO: Epoch: [12][  0/582]	Time  0.624 ( 0.624)	Loss 3.0090e-01 (3.0090e-01)	Acc pseudo  89.06 ( 89.06)	Lr 1.000e-03 (1.000e-03)
2026-02-08 17:02:31,868 - INFO: Epoch: [12][ 50/582]	Time  0.028 ( 0.041)	Loss 1.5196e-01 (2.0331e-01)	Acc pseudo  92.19 ( 92.06)	Lr 1.000e-03 (1.000e-03)
2026-02-08 17:02:36,522 - INFO: Epoch: [12][100/582]	Time  0.027 ( 0.035)	Loss 1.3195e-01 (2.0748e-01)	Acc pseudo  89.06 ( 91.99)	Lr 1.000e-03 (1.000e-03)
2026-02-08 17:02:41,196 - INFO: Epoch: [12][150/582]	Time  0.028 ( 0.034)	Loss 5.8449e-02 (1.9811e-01)	Acc pseudo  96.88 ( 92.06)	Lr 1.000e-03 (1.000e-03)
2026-02-08 17:02:45,926 - INFO: Epoch: [12][200/582]	Time  0.032 ( 0.033)	Loss 2.4750e-01 (1.9746e-01)	Acc pseudo  85.94 ( 92.10)	Lr 1.000e-03 (1.000e-03)
2026-02-08 17:02:50,658 - INFO: Epoch: [12][250/582]	Time  0.028 ( 0.033)	Loss 1.6050e-01 (1.9890e-01)	Acc pseudo  90.62 ( 92.06)	Lr 1.000e-03 (1.000e-03)
2026-02-08 17:02:55,389 - INFO: Epoch: [12][300/582]	Time  0.039 ( 0.034)	Loss 7.9907e-02 (1.9901e-01)	Acc pseudo  95.31 ( 92.07)	Lr 1.000e-03 (1.000e-03)
2026-02-08 17:03:00,118 - INFO: Epoch: [12][350/582]	Time  0.036 ( 0.034)	Loss 1.5489e-01 (1.9986e-01)	Acc pseudo  90.62 ( 92.00)	Lr 1.000e-03 (1.000e-03)
2026-02-08 17:03:04,863 - INFO: Epoch: [12][400/582]	Time  0.036 ( 0.034)	Loss 2.6506e-01 (2.0666e-01)	Acc pseudo  84.38 ( 91.86)	Lr 1.000e-03 (1.000e-03)
2026-02-08 17:03:09,607 - INFO: Epoch: [12][450/582]	Time  0.035 ( 0.034)	Loss 1.9635e-01 (2.0692e-01)	Acc pseudo  87.50 ( 91.75)	Lr 1.000e-03 (1.000e-03)
2026-02-08 17:03:14,342 - INFO: Epoch: [12][500/582]	Time  0.036 ( 0.034)	Loss 1.8959e-01 (2.0898e-01)	Acc pseudo  90.62 ( 91.74)	Lr 1.000e-03 (1.000e-03)
2026-02-08 17:03:19,107 - INFO: Epoch: [12][550/582]	Time  0.040 ( 0.035)	Loss 2.2436e-01 (2.1056e-01)	Acc pseudo  90.62 ( 91.73)	Lr 1.000e-03 (1.000e-03)
2026-02-08 17:03:22,055 - INFO: Round 1, Face Fine-tune Epoch 12: loss=0.2106, acc(pseudo)=91.73%
2026-02-08 17:04:20,181 - INFO: Round 1, Face Fine-tune Epoch 12: acc(valid_pseudo): 0.9938, acc: 0.8442
2026-02-08 17:04:20,182 - INFO: Round 1, Face Fine-tune Epoch 12: No improvement. Patience(epoch): 2/3
2026-02-08 17:04:20,847 - INFO: Epoch: [13][  0/582]	Time  0.653 ( 0.653)	Loss 1.5306e-01 (1.5306e-01)	Acc pseudo  93.75 ( 93.75)	Lr 1.000e-03 (1.000e-03)
2026-02-08 17:04:25,501 - INFO: Epoch: [13][ 50/582]	Time  0.035 ( 0.048)	Loss 5.4218e-02 (1.7471e-01)	Acc pseudo  96.88 ( 92.46)	Lr 1.000e-03 (1.000e-03)
2026-02-08 17:04:30,157 - INFO: Epoch: [13][100/582]	Time  0.034 ( 0.042)	Loss 2.4151e-01 (1.9226e-01)	Acc pseudo  93.75 ( 92.11)	Lr 1.000e-03 (1.000e-03)
2026-02-08 17:04:34,816 - INFO: Epoch: [13][150/582]	Time  0.029 ( 0.039)	Loss 2.3927e-01 (1.9981e-01)	Acc pseudo  95.31 ( 91.89)	Lr 1.000e-03 (1.000e-03)
2026-02-08 17:04:39,552 - INFO: Epoch: [13][200/582]	Time  0.029 ( 0.038)	Loss 1.7190e-01 (2.0187e-01)	Acc pseudo  93.75 ( 91.84)	Lr 1.000e-03 (1.000e-03)
2026-02-08 17:04:44,398 - INFO: Epoch: [13][250/582]	Time  0.038 ( 0.037)	Loss 1.2278e-01 (2.0374e-01)	Acc pseudo  92.19 ( 91.94)	Lr 1.000e-03 (1.000e-03)
2026-02-08 17:04:49,093 - INFO: Epoch: [13][300/582]	Time  0.036 ( 0.037)	Loss 1.3366e-01 (1.9789e-01)	Acc pseudo  90.62 ( 91.99)	Lr 1.000e-03 (1.000e-03)
2026-02-08 17:04:53,811 - INFO: Epoch: [13][350/582]	Time  0.035 ( 0.037)	Loss 1.7933e-01 (1.9749e-01)	Acc pseudo  90.62 ( 91.92)	Lr 1.000e-03 (1.000e-03)
2026-02-08 17:04:58,548 - INFO: Epoch: [13][400/582]	Time  0.036 ( 0.037)	Loss 1.7589e-01 (1.9656e-01)	Acc pseudo  92.19 ( 91.93)	Lr 1.000e-03 (1.000e-03)
2026-02-08 17:05:03,271 - INFO: Epoch: [13][450/582]	Time  0.029 ( 0.036)	Loss 2.1794e-01 (1.9744e-01)	Acc pseudo  87.50 ( 91.89)	Lr 1.000e-03 (1.000e-03)
2026-02-08 17:05:07,996 - INFO: Epoch: [13][500/582]	Time  0.028 ( 0.035)	Loss 2.9112e-01 (1.9819e-01)	Acc pseudo  87.50 ( 91.89)	Lr 1.000e-03 (1.000e-03)
2026-02-08 17:05:12,720 - INFO: Epoch: [13][550/582]	Time  0.027 ( 0.035)	Loss 2.8527e-01 (1.9924e-01)	Acc pseudo  82.81 ( 91.81)	Lr 1.000e-03 (1.000e-03)
2026-02-08 17:05:15,657 - INFO: Round 1, Face Fine-tune Epoch 13: loss=0.1993, acc(pseudo)=91.83%
2026-02-08 17:06:13,307 - INFO: Round 1, Face Fine-tune Epoch 13: acc(valid_pseudo): 0.9934, acc: 0.8432
2026-02-08 17:06:13,308 - INFO: Round 1, Face Fine-tune Epoch 13: No improvement. Patience(epoch): 3/3
2026-02-08 17:06:13,308 - INFO: Early stopping at face epoch 13
2026-02-08 17:06:13,309 - INFO: Round 1: Best face fine-tuned epoch=10, acc(valid_pseudo)=0.9948
2026-02-08 17:06:42,167 - INFO: Round 1: speaker_acc=0.7080
2026-02-08 17:06:42,170 - INFO: Round 1: face_acc=0.8462
2026-02-08 17:06:42,173 - INFO: ====================
2026-02-08 17:06:42,173 - INFO: Round 2: Fine-tuning iteration
2026-02-08 17:06:42,173 - INFO: ====================
2026-02-08 17:06:42,246 - INFO: Round 2 Part 1: Fine-tuning embedding model
2026-02-08 17:06:42,246 - INFO: Using pseudo-label file: runs/I love my family/exp_video/result/self_supervised/baseline_joint/exp0/round1/pseudo_label/pseudo_labels_audio_baseline_joint.json
2026-02-08 17:06:42,269 - INFO: For training, Using face pseudo-label file: runs/I love my family/exp_video/result/self_supervised/baseline_joint/exp0/round1/pseudo_label/pseudo_labels_faces_mid_frame_train_baseline_joint.json
2026-02-08 17:06:42,270 - INFO: For infering, Using face pseudo-label file: runs/I love my family/exp_video/result/self_supervised/baseline_joint/exp0/round1/pseudo_label/pseudo_labels_faces_mid_frame_all_baseline_joint.json
2026-02-08 17:06:42,398 - INFO: Created face dataloader with 37219 samples
2026-02-08 17:06:42,403 - INFO: Warmup training speaker classifier for 2 epochs...
2026-02-08 17:06:42,693 - INFO: Epoch: [0][  0/301]	Time  0.285 ( 0.285)	Loss 2.2039e+00 (2.2039e+00)	Acc pseudo  18.75 ( 18.75)	Lr 1.000e-03 (1.000e-03)
2026-02-08 17:06:42,951 - INFO: Epoch: [0][ 50/301]	Time  0.003 ( 0.011)	Loss 2.1464e-01 (7.3053e-01)	Acc pseudo  95.31 ( 83.95)	Lr 1.000e-03 (1.000e-03)
2026-02-08 17:06:43,089 - INFO: Epoch: [0][100/301]	Time  0.002 ( 0.007)	Loss 2.5479e-01 (5.3277e-01)	Acc pseudo  93.75 ( 86.91)	Lr 1.000e-03 (1.000e-03)
2026-02-08 17:06:43,226 - INFO: Epoch: [0][150/301]	Time  0.003 ( 0.005)	Loss 3.1628e-01 (4.5118e-01)	Acc pseudo  84.38 ( 88.11)	Lr 1.000e-03 (1.000e-03)
2026-02-08 17:06:43,361 - INFO: Epoch: [0][200/301]	Time  0.002 ( 0.005)	Loss 3.4924e-01 (4.0560e-01)	Acc pseudo  92.19 ( 88.91)	Lr 1.000e-03 (1.000e-03)
2026-02-08 17:06:43,496 - INFO: Epoch: [0][250/301]	Time  0.003 ( 0.004)	Loss 2.3337e-01 (3.7483e-01)	Acc pseudo  87.50 ( 89.41)	Lr 1.000e-03 (1.000e-03)
2026-02-08 17:06:43,624 - INFO: Epoch: [0][300/301]	Time  0.002 ( 0.004)	Loss 2.8521e-01 (3.5606e-01)	Acc pseudo  96.00 ( 89.63)	Lr 1.000e-03 (1.000e-03)
2026-02-08 17:06:43,665 - INFO: Round 2, Speaker Warmup Epoch 0: loss=0.3561, acc(pseudo)=89.63%
2026-02-08 17:06:43,961 - INFO: Epoch: [1][  0/301]	Time  0.291 ( 0.291)	Loss 1.2270e-01 (1.2270e-01)	Acc pseudo  96.88 ( 96.88)	Lr 1.000e-03 (1.000e-03)
2026-02-08 17:06:44,228 - INFO: Epoch: [1][ 50/301]	Time  0.003 ( 0.011)	Loss 1.3421e-01 (2.2507e-01)	Acc pseudo  95.31 ( 91.79)	Lr 1.000e-03 (1.000e-03)
2026-02-08 17:06:44,364 - INFO: Epoch: [1][100/301]	Time  0.003 ( 0.007)	Loss 3.0085e-01 (2.3880e-01)	Acc pseudo  90.62 ( 91.74)	Lr 1.000e-03 (1.000e-03)
2026-02-08 17:06:44,496 - INFO: Epoch: [1][150/301]	Time  0.002 ( 0.005)	Loss 2.6345e-01 (2.4010e-01)	Acc pseudo  87.50 ( 91.78)	Lr 1.000e-03 (1.000e-03)
2026-02-08 17:06:44,628 - INFO: Epoch: [1][200/301]	Time  0.002 ( 0.005)	Loss 3.5756e-01 (2.3747e-01)	Acc pseudo  89.06 ( 91.85)	Lr 1.000e-03 (1.000e-03)
2026-02-08 17:06:44,758 - INFO: Epoch: [1][250/301]	Time  0.003 ( 0.004)	Loss 3.4434e-01 (2.3403e-01)	Acc pseudo  92.19 ( 92.01)	Lr 1.000e-03 (1.000e-03)
2026-02-08 17:06:44,883 - INFO: Epoch: [1][300/301]	Time  0.002 ( 0.004)	Loss 2.4137e-01 (2.3344e-01)	Acc pseudo  88.00 ( 91.94)	Lr 1.000e-03 (1.000e-03)
2026-02-08 17:06:44,923 - INFO: Round 2, Speaker Warmup Epoch 1: loss=0.2334, acc(pseudo)=91.94%
2026-02-08 17:06:44,926 - INFO: Warmup training face classifier for 2 epochs...
2026-02-08 17:06:45,634 - INFO: Epoch: [0][  0/582]	Time  0.669 ( 0.669)	Loss 2.6554e+00 (2.6554e+00)	Acc pseudo  10.94 ( 10.94)	Lr 1.000e-03 (1.000e-03)
2026-02-08 17:06:50,213 - INFO: Epoch: [0][ 50/582]	Time  0.040 ( 0.041)	Loss 6.2027e-01 (1.1922e+00)	Acc pseudo  78.12 ( 75.86)	Lr 1.000e-03 (1.000e-03)
2026-02-08 17:06:54,808 - INFO: Epoch: [0][100/582]	Time  0.028 ( 0.035)	Loss 2.8128e-01 (8.5263e-01)	Acc pseudo  90.62 ( 82.05)	Lr 1.000e-03 (1.000e-03)
2026-02-08 17:06:59,533 - INFO: Epoch: [0][150/582]	Time  0.033 ( 0.034)	Loss 3.1389e-01 (6.9629e-01)	Acc pseudo  90.62 ( 84.58)	Lr 1.000e-03 (1.000e-03)
2026-02-08 17:07:04,134 - INFO: Epoch: [0][200/582]	Time  0.027 ( 0.032)	Loss 1.9649e-01 (6.0159e-01)	Acc pseudo  95.31 ( 86.16)	Lr 1.000e-03 (1.000e-03)
2026-02-08 17:07:08,761 - INFO: Epoch: [0][250/582]	Time  0.038 ( 0.032)	Loss 4.8308e-01 (5.4229e-01)	Acc pseudo  84.38 ( 87.01)	Lr 1.000e-03 (1.000e-03)
2026-02-08 17:07:13,385 - INFO: Epoch: [0][300/582]	Time  0.030 ( 0.032)	Loss 1.9556e-01 (5.0956e-01)	Acc pseudo  93.75 ( 87.39)	Lr 1.000e-03 (1.000e-03)
2026-02-08 17:07:18,027 - INFO: Epoch: [0][350/582]	Time  0.026 ( 0.031)	Loss 2.3800e-01 (4.7614e-01)	Acc pseudo  95.31 ( 87.91)	Lr 1.000e-03 (1.000e-03)
2026-02-08 17:07:22,634 - INFO: Epoch: [0][400/582]	Time  0.027 ( 0.031)	Loss 1.2810e-01 (4.5085e-01)	Acc pseudo  93.75 ( 88.29)	Lr 1.000e-03 (1.000e-03)
2026-02-08 17:07:27,255 - INFO: Epoch: [0][450/582]	Time  0.029 ( 0.031)	Loss 3.1225e-01 (4.3048e-01)	Acc pseudo  90.62 ( 88.56)	Lr 1.000e-03 (1.000e-03)
2026-02-08 17:07:31,876 - INFO: Epoch: [0][500/582]	Time  0.028 ( 0.030)	Loss 1.5353e-01 (4.1360e-01)	Acc pseudo  92.19 ( 88.82)	Lr 1.000e-03 (1.000e-03)
2026-02-08 17:07:36,495 - INFO: Epoch: [0][550/582]	Time  0.031 ( 0.030)	Loss 2.7623e-01 (3.9870e-01)	Acc pseudo  90.62 ( 89.05)	Lr 1.000e-03 (1.000e-03)
2026-02-08 17:07:39,384 - INFO: Round 2, Face Warmup Epoch 0: loss=0.3906, acc(pseudo)=89.17%
2026-02-08 17:07:40,125 - INFO: Epoch: [1][  0/582]	Time  0.699 ( 0.699)	Loss 2.1220e-01 (2.1220e-01)	Acc pseudo  93.75 ( 93.75)	Lr 1.000e-03 (1.000e-03)
2026-02-08 17:07:44,799 - INFO: Epoch: [1][ 50/582]	Time  0.034 ( 0.045)	Loss 1.9619e-01 (2.7351e-01)	Acc pseudo  92.19 ( 90.69)	Lr 1.000e-03 (1.000e-03)
2026-02-08 17:07:49,389 - INFO: Epoch: [1][100/582]	Time  0.034 ( 0.040)	Loss 1.9357e-01 (2.6282e-01)	Acc pseudo  92.19 ( 90.98)	Lr 1.000e-03 (1.000e-03)
2026-02-08 17:07:53,981 - INFO: Epoch: [1][150/582]	Time  0.038 ( 0.038)	Loss 1.9619e-01 (2.6079e-01)	Acc pseudo  90.62 ( 90.97)	Lr 1.000e-03 (1.000e-03)
2026-02-08 17:07:58,599 - INFO: Epoch: [1][200/582]	Time  0.027 ( 0.036)	Loss 2.4348e-01 (2.6478e-01)	Acc pseudo  93.75 ( 90.84)	Lr 1.000e-03 (1.000e-03)
2026-02-08 17:08:03,211 - INFO: Epoch: [1][250/582]	Time  0.029 ( 0.034)	Loss 2.6673e-01 (2.5731e-01)	Acc pseudo  90.62 ( 90.92)	Lr 1.000e-03 (1.000e-03)
2026-02-08 17:08:07,813 - INFO: Epoch: [1][300/582]	Time  0.028 ( 0.033)	Loss 1.3689e-01 (2.5284e-01)	Acc pseudo  93.75 ( 91.00)	Lr 1.000e-03 (1.000e-03)
2026-02-08 17:08:12,419 - INFO: Epoch: [1][350/582]	Time  0.029 ( 0.033)	Loss 4.6499e-01 (2.5730e-01)	Acc pseudo  90.62 ( 90.87)	Lr 1.000e-03 (1.000e-03)
2026-02-08 17:08:17,042 - INFO: Epoch: [1][400/582]	Time  0.029 ( 0.032)	Loss 2.5254e-01 (2.5459e-01)	Acc pseudo  90.62 ( 90.81)	Lr 1.000e-03 (1.000e-03)
2026-02-08 17:08:21,648 - INFO: Epoch: [1][450/582]	Time  0.028 ( 0.032)	Loss 4.3442e-01 (2.5639e-01)	Acc pseudo  84.38 ( 90.85)	Lr 1.000e-03 (1.000e-03)
2026-02-08 17:08:26,337 - INFO: Epoch: [1][500/582]	Time  0.026 ( 0.032)	Loss 2.6083e-01 (2.5271e-01)	Acc pseudo  84.38 ( 90.96)	Lr 1.000e-03 (1.000e-03)
2026-02-08 17:08:31,021 - INFO: Epoch: [1][550/582]	Time  0.036 ( 0.032)	Loss 1.6033e-01 (2.5441e-01)	Acc pseudo  93.75 ( 90.97)	Lr 1.000e-03 (1.000e-03)
2026-02-08 17:08:33,895 - INFO: Round 2, Face Warmup Epoch 1: loss=0.2535, acc(pseudo)=91.00%
2026-02-08 17:08:33,908 - INFO: Fine-tuning speaker embedding model for 20 epochs...
2026-02-08 17:08:34,298 - INFO: Epoch: [0][  0/301]	Time  0.383 ( 0.383)	Loss 2.4430e-01 (2.4430e-01)	Acc pseudo  95.31 ( 95.31)	Lr 1.000e-03 (1.000e-03)
2026-02-08 17:08:34,580 - INFO: Epoch: [0][ 50/301]	Time  0.004 ( 0.013)	Loss 1.4879e-01 (2.3697e-01)	Acc pseudo  95.31 ( 92.46)	Lr 1.000e-03 (1.000e-03)
2026-02-08 17:08:34,747 - INFO: Epoch: [0][100/301]	Time  0.003 ( 0.008)	Loss 2.6730e-01 (2.4726e-01)	Acc pseudo  87.50 ( 92.02)	Lr 1.000e-03 (1.000e-03)
2026-02-08 17:08:34,913 - INFO: Epoch: [0][150/301]	Time  0.003 ( 0.006)	Loss 1.7289e-01 (2.4589e-01)	Acc pseudo  95.31 ( 91.78)	Lr 1.000e-03 (1.000e-03)
2026-02-08 17:08:35,079 - INFO: Epoch: [0][200/301]	Time  0.003 ( 0.006)	Loss 2.8479e-01 (2.4528e-01)	Acc pseudo  89.06 ( 91.70)	Lr 1.000e-03 (1.000e-03)
2026-02-08 17:08:35,242 - INFO: Epoch: [0][250/301]	Time  0.003 ( 0.005)	Loss 3.0625e-01 (2.4861e-01)	Acc pseudo  89.06 ( 91.55)	Lr 1.000e-03 (1.000e-03)
2026-02-08 17:08:35,395 - INFO: Epoch: [0][300/301]	Time  0.003 ( 0.005)	Loss 1.8290e-01 (2.5147e-01)	Acc pseudo  92.00 ( 91.50)	Lr 1.000e-03 (1.000e-03)
2026-02-08 17:08:35,432 - INFO: Round 2, Fine-tune Epoch 0: loss=0.2515, acc(pseudo)=91.50%
2026-02-08 17:08:42,515 - INFO: Round 2, Fine-tune Epoch 0: acc(valid_pseudo): 0.7110, acc: 0.7110
2026-02-08 17:08:43,253 - INFO: Epoch: [1][  0/301]	Time  0.301 ( 0.301)	Loss 2.1412e-01 (2.1412e-01)	Acc pseudo  90.62 ( 90.62)	Lr 1.000e-03 (1.000e-03)
2026-02-08 17:08:43,515 - INFO: Epoch: [1][ 50/301]	Time  0.004 ( 0.011)	Loss 2.9298e-01 (2.2504e-01)	Acc pseudo  90.62 ( 92.10)	Lr 1.000e-03 (1.000e-03)
2026-02-08 17:08:43,682 - INFO: Epoch: [1][100/301]	Time  0.002 ( 0.007)	Loss 2.9858e-01 (2.2323e-01)	Acc pseudo  85.94 ( 92.25)	Lr 1.000e-03 (1.000e-03)
2026-02-08 17:08:43,848 - INFO: Epoch: [1][150/301]	Time  0.004 ( 0.006)	Loss 1.8718e-01 (2.2362e-01)	Acc pseudo  96.88 ( 92.14)	Lr 1.000e-03 (1.000e-03)
2026-02-08 17:08:44,008 - INFO: Epoch: [1][200/301]	Time  0.002 ( 0.005)	Loss 1.5725e-01 (2.1823e-01)	Acc pseudo  90.62 ( 92.34)	Lr 1.000e-03 (1.000e-03)
2026-02-08 17:08:44,166 - INFO: Epoch: [1][250/301]	Time  0.003 ( 0.005)	Loss 2.1204e-01 (2.2238e-01)	Acc pseudo  89.06 ( 92.31)	Lr 1.000e-03 (1.000e-03)
2026-02-08 17:08:44,314 - INFO: Epoch: [1][300/301]	Time  0.003 ( 0.004)	Loss 5.6467e-01 (2.2333e-01)	Acc pseudo  96.00 ( 92.34)	Lr 1.000e-03 (1.000e-03)
2026-02-08 17:08:44,354 - INFO: Round 2, Fine-tune Epoch 1: loss=0.2233, acc(pseudo)=92.34%
2026-02-08 17:08:50,970 - INFO: Round 2, Fine-tune Epoch 1: acc(valid_pseudo): 0.7005, acc: 0.7005
2026-02-08 17:08:50,971 - INFO: Round 2, Speaker Fine-tune Epoch 1: No improvement in validation accuracy. Patience(epoch): 1/3
2026-02-08 17:08:51,279 - INFO: Epoch: [2][  0/301]	Time  0.303 ( 0.303)	Loss 2.3278e-01 (2.3278e-01)	Acc pseudo  93.75 ( 93.75)	Lr 1.000e-03 (1.000e-03)
2026-02-08 17:08:51,576 - INFO: Epoch: [2][ 50/301]	Time  0.004 ( 0.012)	Loss 2.5342e-01 (2.1139e-01)	Acc pseudo  92.19 ( 92.43)	Lr 1.000e-03 (1.000e-03)
2026-02-08 17:08:51,757 - INFO: Epoch: [2][100/301]	Time  0.003 ( 0.008)	Loss 2.0909e-01 (2.0271e-01)	Acc pseudo  95.31 ( 92.59)	Lr 1.000e-03 (1.000e-03)
2026-02-08 17:08:51,941 - INFO: Epoch: [2][150/301]	Time  0.004 ( 0.006)	Loss 2.0970e-01 (2.0147e-01)	Acc pseudo  95.31 ( 92.85)	Lr 1.000e-03 (1.000e-03)
2026-02-08 17:08:52,122 - INFO: Epoch: [2][200/301]	Time  0.003 ( 0.006)	Loss 2.5911e-01 (2.0593e-01)	Acc pseudo  87.50 ( 92.74)	Lr 1.000e-03 (1.000e-03)
2026-02-08 17:08:52,299 - INFO: Epoch: [2][250/301]	Time  0.004 ( 0.005)	Loss 1.8761e-01 (2.0845e-01)	Acc pseudo  95.31 ( 92.65)	Lr 1.000e-03 (1.000e-03)
2026-02-08 17:08:52,468 - INFO: Epoch: [2][300/301]	Time  0.003 ( 0.005)	Loss 4.3231e-01 (2.0639e-01)	Acc pseudo  88.00 ( 92.80)	Lr 1.000e-03 (1.000e-03)
2026-02-08 17:08:52,509 - INFO: Round 2, Fine-tune Epoch 2: loss=0.2064, acc(pseudo)=92.80%
2026-02-08 17:08:59,239 - INFO: Round 2, Fine-tune Epoch 2: acc(valid_pseudo): 0.7050, acc: 0.7050
2026-02-08 17:08:59,239 - INFO: Round 2, Speaker Fine-tune Epoch 2: No improvement in validation accuracy. Patience(epoch): 2/3
2026-02-08 17:08:59,567 - INFO: Epoch: [3][  0/301]	Time  0.322 ( 0.322)	Loss 3.5272e-01 (3.5272e-01)	Acc pseudo  92.19 ( 92.19)	Lr 1.000e-03 (1.000e-03)
2026-02-08 17:08:59,844 - INFO: Epoch: [3][ 50/301]	Time  0.003 ( 0.012)	Loss 7.0267e-02 (1.9473e-01)	Acc pseudo  95.31 ( 92.77)	Lr 1.000e-03 (1.000e-03)
2026-02-08 17:09:00,005 - INFO: Epoch: [3][100/301]	Time  0.002 ( 0.007)	Loss 1.2703e-01 (1.9234e-01)	Acc pseudo  95.31 ( 93.07)	Lr 1.000e-03 (1.000e-03)
2026-02-08 17:09:00,172 - INFO: Epoch: [3][150/301]	Time  0.003 ( 0.006)	Loss 1.4938e-01 (1.9063e-01)	Acc pseudo  93.75 ( 93.17)	Lr 1.000e-03 (1.000e-03)
2026-02-08 17:09:00,333 - INFO: Epoch: [3][200/301]	Time  0.002 ( 0.005)	Loss 3.9813e-01 (1.9123e-01)	Acc pseudo  93.75 ( 93.21)	Lr 1.000e-03 (1.000e-03)
2026-02-08 17:09:00,492 - INFO: Epoch: [3][250/301]	Time  0.003 ( 0.005)	Loss 2.6550e-01 (1.9143e-01)	Acc pseudo  89.06 ( 93.23)	Lr 1.000e-03 (1.000e-03)
2026-02-08 17:09:00,644 - INFO: Epoch: [3][300/301]	Time  0.003 ( 0.005)	Loss 1.6981e+00 (1.8990e-01)	Acc pseudo  76.00 ( 93.35)	Lr 1.000e-03 (1.000e-03)
2026-02-08 17:09:00,681 - INFO: Round 2, Fine-tune Epoch 3: loss=0.1899, acc(pseudo)=93.35%
2026-02-08 17:09:07,966 - INFO: Round 2, Fine-tune Epoch 3: acc(valid_pseudo): 0.7115, acc: 0.7115
2026-02-08 17:09:08,738 - INFO: Epoch: [4][  0/301]	Time  0.304 ( 0.304)	Loss 1.2039e-01 (1.2039e-01)	Acc pseudo  95.31 ( 95.31)	Lr 1.000e-03 (1.000e-03)
2026-02-08 17:09:09,044 - INFO: Epoch: [4][ 50/301]	Time  0.004 ( 0.012)	Loss 4.9120e-02 (1.8307e-01)	Acc pseudo  96.88 ( 93.54)	Lr 1.000e-03 (1.000e-03)
2026-02-08 17:09:09,230 - INFO: Epoch: [4][100/301]	Time  0.002 ( 0.008)	Loss 9.7631e-02 (1.8745e-01)	Acc pseudo  96.88 ( 93.16)	Lr 1.000e-03 (1.000e-03)
2026-02-08 17:09:09,415 - INFO: Epoch: [4][150/301]	Time  0.004 ( 0.006)	Loss 1.0145e-01 (1.9393e-01)	Acc pseudo  95.31 ( 92.95)	Lr 1.000e-03 (1.000e-03)
2026-02-08 17:09:09,596 - INFO: Epoch: [4][200/301]	Time  0.002 ( 0.006)	Loss 2.3121e-01 (1.9469e-01)	Acc pseudo  87.50 ( 92.87)	Lr 1.000e-03 (1.000e-03)
2026-02-08 17:09:09,777 - INFO: Epoch: [4][250/301]	Time  0.004 ( 0.005)	Loss 2.0776e-01 (1.9167e-01)	Acc pseudo  93.75 ( 93.08)	Lr 1.000e-03 (1.000e-03)
2026-02-08 17:09:09,946 - INFO: Epoch: [4][300/301]	Time  0.003 ( 0.005)	Loss 8.2019e-02 (1.9024e-01)	Acc pseudo 100.00 ( 93.17)	Lr 1.000e-03 (1.000e-03)
2026-02-08 17:09:09,983 - INFO: Round 2, Fine-tune Epoch 4: loss=0.1902, acc(pseudo)=93.17%
2026-02-08 17:09:16,621 - INFO: Round 2, Fine-tune Epoch 4: acc(valid_pseudo): 0.7100, acc: 0.7100
2026-02-08 17:09:16,621 - INFO: Round 2, Speaker Fine-tune Epoch 4: No improvement in validation accuracy. Patience(epoch): 1/3
2026-02-08 17:09:16,999 - INFO: Epoch: [5][  0/301]	Time  0.372 ( 0.372)	Loss 2.7347e-01 (2.7347e-01)	Acc pseudo  90.62 ( 90.62)	Lr 1.000e-03 (1.000e-03)
2026-02-08 17:09:17,305 - INFO: Epoch: [5][ 50/301]	Time  0.003 ( 0.013)	Loss 1.2236e-01 (1.6455e-01)	Acc pseudo  95.31 ( 93.63)	Lr 1.000e-03 (1.000e-03)
2026-02-08 17:09:17,486 - INFO: Epoch: [5][100/301]	Time  0.002 ( 0.008)	Loss 1.6589e-01 (1.6461e-01)	Acc pseudo  96.88 ( 93.89)	Lr 1.000e-03 (1.000e-03)
2026-02-08 17:09:17,657 - INFO: Epoch: [5][150/301]	Time  0.003 ( 0.007)	Loss 5.0708e-02 (1.6839e-01)	Acc pseudo  98.44 ( 93.86)	Lr 1.000e-03 (1.000e-03)
2026-02-08 17:09:17,823 - INFO: Epoch: [5][200/301]	Time  0.003 ( 0.006)	Loss 2.0105e-01 (1.7069e-01)	Acc pseudo  93.75 ( 93.91)	Lr 1.000e-03 (1.000e-03)
2026-02-08 17:09:17,975 - INFO: Epoch: [5][250/301]	Time  0.003 ( 0.005)	Loss 2.5512e-01 (1.7608e-01)	Acc pseudo  92.19 ( 93.66)	Lr 1.000e-03 (1.000e-03)
2026-02-08 17:09:18,119 - INFO: Epoch: [5][300/301]	Time  0.003 ( 0.005)	Loss 1.3443e-01 (1.7764e-01)	Acc pseudo  96.00 ( 93.61)	Lr 1.000e-03 (1.000e-03)
2026-02-08 17:09:18,157 - INFO: Round 2, Fine-tune Epoch 5: loss=0.1776, acc(pseudo)=93.61%
2026-02-08 17:09:24,967 - INFO: Round 2, Fine-tune Epoch 5: acc(valid_pseudo): 0.7220, acc: 0.7220
2026-02-08 17:09:25,744 - INFO: Epoch: [6][  0/301]	Time  0.299 ( 0.299)	Loss 2.6769e-01 (2.6769e-01)	Acc pseudo  90.62 ( 90.62)	Lr 1.000e-03 (1.000e-03)
2026-02-08 17:09:26,051 - INFO: Epoch: [6][ 50/301]	Time  0.005 ( 0.012)	Loss 1.6109e-01 (1.6367e-01)	Acc pseudo  95.31 ( 93.63)	Lr 1.000e-03 (1.000e-03)
2026-02-08 17:09:26,248 - INFO: Epoch: [6][100/301]	Time  0.004 ( 0.008)	Loss 1.8365e-01 (1.5754e-01)	Acc pseudo  92.19 ( 93.95)	Lr 1.000e-03 (1.000e-03)
2026-02-08 17:09:26,445 - INFO: Epoch: [6][150/301]	Time  0.003 ( 0.006)	Loss 7.8553e-02 (1.6056e-01)	Acc pseudo  95.31 ( 93.93)	Lr 1.000e-03 (1.000e-03)
2026-02-08 17:09:26,645 - INFO: Epoch: [6][200/301]	Time  0.004 ( 0.006)	Loss 1.1809e-01 (1.5802e-01)	Acc pseudo  95.31 ( 94.22)	Lr 1.000e-03 (1.000e-03)
2026-02-08 17:09:26,840 - INFO: Epoch: [6][250/301]	Time  0.004 ( 0.005)	Loss 3.0932e-01 (1.6097e-01)	Acc pseudo  92.19 ( 94.16)	Lr 1.000e-03 (1.000e-03)
2026-02-08 17:09:27,014 - INFO: Epoch: [6][300/301]	Time  0.003 ( 0.005)	Loss 1.5335e-01 (1.6386e-01)	Acc pseudo  92.00 ( 94.01)	Lr 1.000e-03 (1.000e-03)
2026-02-08 17:09:27,057 - INFO: Round 2, Fine-tune Epoch 6: loss=0.1639, acc(pseudo)=94.01%
2026-02-08 17:09:34,059 - INFO: Round 2, Fine-tune Epoch 6: acc(valid_pseudo): 0.7185, acc: 0.7185
2026-02-08 17:09:34,059 - INFO: Round 2, Speaker Fine-tune Epoch 6: No improvement in validation accuracy. Patience(epoch): 1/3
2026-02-08 17:09:34,367 - INFO: Epoch: [7][  0/301]	Time  0.303 ( 0.303)	Loss 2.0715e-01 (2.0715e-01)	Acc pseudo  92.19 ( 92.19)	Lr 1.000e-03 (1.000e-03)
2026-02-08 17:09:34,666 - INFO: Epoch: [7][ 50/301]	Time  0.004 ( 0.012)	Loss 1.4538e-01 (1.5223e-01)	Acc pseudo  96.88 ( 94.64)	Lr 1.000e-03 (1.000e-03)
2026-02-08 17:09:34,851 - INFO: Epoch: [7][100/301]	Time  0.004 ( 0.008)	Loss 1.2161e-01 (1.5849e-01)	Acc pseudo  95.31 ( 94.45)	Lr 1.000e-03 (1.000e-03)
2026-02-08 17:09:35,024 - INFO: Epoch: [7][150/301]	Time  0.003 ( 0.006)	Loss 1.0526e-01 (1.7251e-01)	Acc pseudo  95.31 ( 94.17)	Lr 1.000e-03 (1.000e-03)
2026-02-08 17:09:35,178 - INFO: Epoch: [7][200/301]	Time  0.003 ( 0.005)	Loss 1.0689e-01 (1.7148e-01)	Acc pseudo  96.88 ( 94.04)	Lr 1.000e-03 (1.000e-03)
2026-02-08 17:09:35,330 - INFO: Epoch: [7][250/301]	Time  0.002 ( 0.005)	Loss 1.0769e-01 (1.7105e-01)	Acc pseudo  98.44 ( 93.89)	Lr 1.000e-03 (1.000e-03)
2026-02-08 17:09:35,477 - INFO: Epoch: [7][300/301]	Time  0.003 ( 0.005)	Loss 7.4527e-02 (1.7007e-01)	Acc pseudo  96.00 ( 93.96)	Lr 1.000e-03 (1.000e-03)
2026-02-08 17:09:35,515 - INFO: Round 2, Fine-tune Epoch 7: loss=0.1701, acc(pseudo)=93.96%
2026-02-08 17:09:44,086 - INFO: Round 2, Fine-tune Epoch 7: acc(valid_pseudo): 0.7070, acc: 0.7070
2026-02-08 17:09:44,086 - INFO: Round 2, Speaker Fine-tune Epoch 7: No improvement in validation accuracy. Patience(epoch): 2/3
2026-02-08 17:09:44,491 - INFO: Epoch: [8][  0/301]	Time  0.396 ( 0.396)	Loss 1.8461e-01 (1.8461e-01)	Acc pseudo  93.75 ( 93.75)	Lr 1.000e-03 (1.000e-03)
2026-02-08 17:09:44,848 - INFO: Epoch: [8][ 50/301]	Time  0.004 ( 0.015)	Loss 7.2024e-02 (1.5371e-01)	Acc pseudo  98.44 ( 94.61)	Lr 1.000e-03 (1.000e-03)
2026-02-08 17:09:45,075 - INFO: Epoch: [8][100/301]	Time  0.004 ( 0.010)	Loss 2.2791e-01 (1.6269e-01)	Acc pseudo  93.75 ( 94.17)	Lr 1.000e-03 (1.000e-03)
2026-02-08 17:09:45,300 - INFO: Epoch: [8][150/301]	Time  0.004 ( 0.008)	Loss 1.8231e-01 (1.6636e-01)	Acc pseudo  92.19 ( 94.02)	Lr 1.000e-03 (1.000e-03)
2026-02-08 17:09:45,520 - INFO: Epoch: [8][200/301]	Time  0.004 ( 0.007)	Loss 9.3261e-02 (1.6730e-01)	Acc pseudo  96.88 ( 94.00)	Lr 1.000e-03 (1.000e-03)
2026-02-08 17:09:45,735 - INFO: Epoch: [8][250/301]	Time  0.006 ( 0.006)	Loss 1.8786e-01 (1.6633e-01)	Acc pseudo  92.19 ( 93.94)	Lr 1.000e-03 (1.000e-03)
2026-02-08 17:09:45,930 - INFO: Epoch: [8][300/301]	Time  0.003 ( 0.006)	Loss 1.0780e-01 (1.6370e-01)	Acc pseudo  96.00 ( 93.91)	Lr 1.000e-03 (1.000e-03)
2026-02-08 17:09:45,982 - INFO: Round 2, Fine-tune Epoch 8: loss=0.1637, acc(pseudo)=93.91%
2026-02-08 17:09:52,959 - INFO: Round 2, Fine-tune Epoch 8: acc(valid_pseudo): 0.6815, acc: 0.6815
2026-02-08 17:09:52,960 - INFO: Round 2, Speaker Fine-tune Epoch 8: No improvement in validation accuracy. Patience(epoch): 3/3
2026-02-08 17:09:52,960 - INFO: Early stopping at epoch 8 due to no improvement in validation accuracy for 3 epochs.
2026-02-08 17:09:52,961 - INFO: Round 2: Best speaker fine-tuned epoch=5, acc(valid_pseudo)=0.7220
2026-02-08 17:09:52,964 - INFO: Fine-tuning face embedding model for 20 epochs...
2026-02-08 17:09:53,672 - INFO: Epoch: [0][  0/582]	Time  0.669 ( 0.669)	Loss 7.0990e-02 (7.0990e-02)	Acc pseudo  93.75 ( 93.75)	Lr 1.000e-03 (1.000e-03)
2026-02-08 17:09:58,312 - INFO: Epoch: [0][ 50/582]	Time  0.036 ( 0.044)	Loss 1.7828e-01 (2.1342e-01)	Acc pseudo  93.75 ( 92.80)	Lr 1.000e-03 (1.000e-03)
2026-02-08 17:10:02,961 - INFO: Epoch: [0][100/582]	Time  0.036 ( 0.040)	Loss 1.8815e-01 (2.1728e-01)	Acc pseudo  93.75 ( 92.53)	Lr 1.000e-03 (1.000e-03)
2026-02-08 17:10:07,631 - INFO: Epoch: [0][150/582]	Time  0.028 ( 0.036)	Loss 3.1449e-01 (2.1676e-01)	Acc pseudo  89.06 ( 92.34)	Lr 1.000e-03 (1.000e-03)
2026-02-08 17:10:12,309 - INFO: Epoch: [0][200/582]	Time  0.035 ( 0.035)	Loss 7.8183e-02 (2.1725e-01)	Acc pseudo 100.00 ( 92.39)	Lr 1.000e-03 (1.000e-03)
2026-02-08 17:10:16,970 - INFO: Epoch: [0][250/582]	Time  0.038 ( 0.035)	Loss 3.0578e-01 (2.2184e-01)	Acc pseudo  87.50 ( 92.26)	Lr 1.000e-03 (1.000e-03)
2026-02-08 17:10:21,631 - INFO: Epoch: [0][300/582]	Time  0.036 ( 0.035)	Loss 1.1350e-01 (2.3166e-01)	Acc pseudo  95.31 ( 91.97)	Lr 1.000e-03 (1.000e-03)
2026-02-08 17:10:26,292 - INFO: Epoch: [0][350/582]	Time  0.036 ( 0.035)	Loss 2.5997e-01 (2.3127e-01)	Acc pseudo  93.75 ( 91.96)	Lr 1.000e-03 (1.000e-03)
2026-02-08 17:10:30,948 - INFO: Epoch: [0][400/582]	Time  0.029 ( 0.035)	Loss 1.5796e-01 (2.3339e-01)	Acc pseudo  92.19 ( 91.93)	Lr 1.000e-03 (1.000e-03)
2026-02-08 17:10:35,600 - INFO: Epoch: [0][450/582]	Time  0.028 ( 0.034)	Loss 1.9775e-01 (2.3337e-01)	Acc pseudo  92.19 ( 91.84)	Lr 1.000e-03 (1.000e-03)
2026-02-08 17:10:40,249 - INFO: Epoch: [0][500/582]	Time  0.029 ( 0.034)	Loss 1.4691e-01 (2.3343e-01)	Acc pseudo  89.06 ( 91.82)	Lr 1.000e-03 (1.000e-03)
2026-02-08 17:10:44,899 - INFO: Epoch: [0][550/582]	Time  0.029 ( 0.033)	Loss 2.6279e-01 (2.3399e-01)	Acc pseudo  90.62 ( 91.71)	Lr 1.000e-03 (1.000e-03)
2026-02-08 17:10:47,797 - INFO: Round 2, Face Fine-tune Epoch 0: loss=0.2331, acc(pseudo)=91.72%
2026-02-08 17:11:45,510 - INFO: Round 2, Face Fine-tune Epoch 0: acc(valid_pseudo): 0.9889, acc: 0.8432
2026-02-08 17:11:47,088 - INFO: Epoch: [1][  0/582]	Time  0.594 ( 0.594)	Loss 1.9381e-01 (1.9381e-01)	Acc pseudo  89.06 ( 89.06)	Lr 1.000e-03 (1.000e-03)
2026-02-08 17:11:51,725 - INFO: Epoch: [1][ 50/582]	Time  0.027 ( 0.039)	Loss 1.2228e-01 (2.1857e-01)	Acc pseudo  96.88 ( 92.46)	Lr 1.000e-03 (1.000e-03)
2026-02-08 17:11:56,369 - INFO: Epoch: [1][100/582]	Time  0.035 ( 0.034)	Loss 1.9327e-01 (2.1010e-01)	Acc pseudo  89.06 ( 92.47)	Lr 1.000e-03 (1.000e-03)
2026-02-08 17:12:01,018 - INFO: Epoch: [1][150/582]	Time  0.026 ( 0.032)	Loss 1.0425e-01 (2.0586e-01)	Acc pseudo  90.62 ( 92.35)	Lr 1.000e-03 (1.000e-03)
2026-02-08 17:12:05,669 - INFO: Epoch: [1][200/582]	Time  0.027 ( 0.031)	Loss 2.0902e-01 (2.1247e-01)	Acc pseudo  90.62 ( 92.09)	Lr 1.000e-03 (1.000e-03)
2026-02-08 17:12:10,343 - INFO: Epoch: [1][250/582]	Time  0.027 ( 0.030)	Loss 2.4902e-01 (2.1110e-01)	Acc pseudo  90.62 ( 92.06)	Lr 1.000e-03 (1.000e-03)
2026-02-08 17:12:15,026 - INFO: Epoch: [1][300/582]	Time  0.027 ( 0.030)	Loss 1.0318e-01 (2.0680e-01)	Acc pseudo  93.75 ( 92.17)	Lr 1.000e-03 (1.000e-03)
2026-02-08 17:12:19,725 - INFO: Epoch: [1][350/582]	Time  0.027 ( 0.030)	Loss 4.0970e-01 (2.1287e-01)	Acc pseudo  89.06 ( 91.98)	Lr 1.000e-03 (1.000e-03)
2026-02-08 17:12:24,411 - INFO: Epoch: [1][400/582]	Time  0.027 ( 0.029)	Loss 2.6860e-01 (2.1433e-01)	Acc pseudo  87.50 ( 91.91)	Lr 1.000e-03 (1.000e-03)
2026-02-08 17:12:29,107 - INFO: Epoch: [1][450/582]	Time  0.029 ( 0.029)	Loss 4.0833e-01 (2.1566e-01)	Acc pseudo  85.94 ( 91.87)	Lr 1.000e-03 (1.000e-03)
2026-02-08 17:12:33,798 - INFO: Epoch: [1][500/582]	Time  0.029 ( 0.029)	Loss 1.9569e-01 (2.1491e-01)	Acc pseudo  92.19 ( 91.91)	Lr 1.000e-03 (1.000e-03)
2026-02-08 17:12:38,483 - INFO: Epoch: [1][550/582]	Time  0.029 ( 0.029)	Loss 3.2454e-01 (2.1901e-01)	Acc pseudo  82.81 ( 91.82)	Lr 1.000e-03 (1.000e-03)
2026-02-08 17:12:41,399 - INFO: Round 2, Face Fine-tune Epoch 1: loss=0.2193, acc(pseudo)=91.78%
2026-02-08 17:13:38,769 - INFO: Round 2, Face Fine-tune Epoch 1: acc(valid_pseudo): 0.9905, acc: 0.8500
2026-02-08 17:13:40,510 - INFO: Epoch: [2][  0/582]	Time  0.582 ( 0.582)	Loss 5.7572e-02 (5.7572e-02)	Acc pseudo  98.44 ( 98.44)	Lr 1.000e-03 (1.000e-03)
2026-02-08 17:13:45,157 - INFO: Epoch: [2][ 50/582]	Time  0.039 ( 0.040)	Loss 2.2578e-01 (2.0952e-01)	Acc pseudo  92.19 ( 92.10)	Lr 1.000e-03 (1.000e-03)
2026-02-08 17:13:49,801 - INFO: Epoch: [2][100/582]	Time  0.027 ( 0.034)	Loss 1.2110e-01 (2.1550e-01)	Acc pseudo  96.88 ( 92.00)	Lr 1.000e-03 (1.000e-03)
2026-02-08 17:13:54,448 - INFO: Epoch: [2][150/582]	Time  0.030 ( 0.032)	Loss 1.2021e-01 (2.1406e-01)	Acc pseudo  93.75 ( 91.92)	Lr 1.000e-03 (1.000e-03)
2026-02-08 17:13:59,148 - INFO: Epoch: [2][200/582]	Time  0.027 ( 0.031)	Loss 1.4887e-01 (2.2224e-01)	Acc pseudo  92.19 ( 91.78)	Lr 1.000e-03 (1.000e-03)
2026-02-08 17:14:03,847 - INFO: Epoch: [2][250/582]	Time  0.026 ( 0.030)	Loss 2.2717e-01 (2.2302e-01)	Acc pseudo  92.19 ( 91.70)	Lr 1.000e-03 (1.000e-03)
2026-02-08 17:14:08,545 - INFO: Epoch: [2][300/582]	Time  0.028 ( 0.029)	Loss 3.0609e-01 (2.2476e-01)	Acc pseudo  87.50 ( 91.58)	Lr 1.000e-03 (1.000e-03)
2026-02-08 17:14:13,340 - INFO: Epoch: [2][350/582]	Time  0.027 ( 0.029)	Loss 1.1374e-01 (2.2107e-01)	Acc pseudo  96.88 ( 91.72)	Lr 1.000e-03 (1.000e-03)
2026-02-08 17:14:18,082 - INFO: Epoch: [2][400/582]	Time  0.028 ( 0.029)	Loss 2.1411e-01 (2.2171e-01)	Acc pseudo  92.19 ( 91.61)	Lr 1.000e-03 (1.000e-03)
2026-02-08 17:14:22,789 - INFO: Epoch: [2][450/582]	Time  0.026 ( 0.029)	Loss 4.7800e-01 (2.2361e-01)	Acc pseudo  90.62 ( 91.56)	Lr 1.000e-03 (1.000e-03)
2026-02-08 17:14:27,500 - INFO: Epoch: [2][500/582]	Time  0.028 ( 0.029)	Loss 4.0098e-01 (2.2474e-01)	Acc pseudo  90.62 ( 91.56)	Lr 1.000e-03 (1.000e-03)
2026-02-08 17:14:32,205 - INFO: Epoch: [2][550/582]	Time  0.027 ( 0.029)	Loss 3.3477e-01 (2.2437e-01)	Acc pseudo  90.62 ( 91.56)	Lr 1.000e-03 (1.000e-03)
2026-02-08 17:14:35,130 - INFO: Round 2, Face Fine-tune Epoch 2: loss=0.2228, acc(pseudo)=91.59%
2026-02-08 17:15:32,394 - INFO: Round 2, Face Fine-tune Epoch 2: acc(valid_pseudo): 0.9931, acc: 0.8462
2026-02-08 17:15:34,403 - INFO: Epoch: [3][  0/582]	Time  0.572 ( 0.572)	Loss 1.4643e-01 (1.4643e-01)	Acc pseudo  90.62 ( 90.62)	Lr 1.000e-03 (1.000e-03)
2026-02-08 17:15:39,062 - INFO: Epoch: [3][ 50/582]	Time  0.026 ( 0.039)	Loss 1.7874e-01 (2.1271e-01)	Acc pseudo  90.62 ( 92.16)	Lr 1.000e-03 (1.000e-03)
2026-02-08 17:15:43,725 - INFO: Epoch: [3][100/582]	Time  0.027 ( 0.034)	Loss 1.4351e-01 (2.1445e-01)	Acc pseudo  92.19 ( 92.11)	Lr 1.000e-03 (1.000e-03)
2026-02-08 17:15:48,374 - INFO: Epoch: [3][150/582]	Time  0.028 ( 0.032)	Loss 1.0652e-01 (2.1037e-01)	Acc pseudo  92.19 ( 92.00)	Lr 1.000e-03 (1.000e-03)
2026-02-08 17:15:53,056 - INFO: Epoch: [3][200/582]	Time  0.028 ( 0.031)	Loss 3.1719e-01 (2.1388e-01)	Acc pseudo  85.94 ( 91.95)	Lr 1.000e-03 (1.000e-03)
2026-02-08 17:15:57,775 - INFO: Epoch: [3][250/582]	Time  0.027 ( 0.031)	Loss 2.3826e-01 (2.1535e-01)	Acc pseudo  89.06 ( 91.86)	Lr 1.000e-03 (1.000e-03)
2026-02-08 17:16:02,478 - INFO: Epoch: [3][300/582]	Time  0.027 ( 0.030)	Loss 8.9504e-02 (2.2289e-01)	Acc pseudo  98.44 ( 91.69)	Lr 1.000e-03 (1.000e-03)
2026-02-08 17:16:07,178 - INFO: Epoch: [3][350/582]	Time  0.027 ( 0.030)	Loss 1.4342e-01 (2.2168e-01)	Acc pseudo  93.75 ( 91.75)	Lr 1.000e-03 (1.000e-03)
2026-02-08 17:16:11,887 - INFO: Epoch: [3][400/582]	Time  0.027 ( 0.029)	Loss 2.5274e-01 (2.1937e-01)	Acc pseudo  84.38 ( 91.81)	Lr 1.000e-03 (1.000e-03)
2026-02-08 17:16:16,577 - INFO: Epoch: [3][450/582]	Time  0.028 ( 0.029)	Loss 4.1496e-01 (2.2034e-01)	Acc pseudo  85.94 ( 91.81)	Lr 1.000e-03 (1.000e-03)
2026-02-08 17:16:21,350 - INFO: Epoch: [3][500/582]	Time  0.027 ( 0.029)	Loss 2.7371e-01 (2.1881e-01)	Acc pseudo  92.19 ( 91.77)	Lr 1.000e-03 (1.000e-03)
2026-02-08 17:16:26,052 - INFO: Epoch: [3][550/582]	Time  0.028 ( 0.029)	Loss 1.9844e-01 (2.1911e-01)	Acc pseudo  89.06 ( 91.76)	Lr 1.000e-03 (1.000e-03)
2026-02-08 17:16:28,991 - INFO: Round 2, Face Fine-tune Epoch 3: loss=0.2190, acc(pseudo)=91.76%
2026-02-08 17:17:25,951 - INFO: Round 2, Face Fine-tune Epoch 3: acc(valid_pseudo): 0.9929, acc: 0.8432
2026-02-08 17:17:25,952 - INFO: Round 2, Face Fine-tune Epoch 3: No improvement. Patience(epoch): 1/3
2026-02-08 17:17:26,552 - INFO: Epoch: [4][  0/582]	Time  0.556 ( 0.556)	Loss 1.3057e-01 (1.3057e-01)	Acc pseudo  95.31 ( 95.31)	Lr 1.000e-03 (1.000e-03)
2026-02-08 17:17:31,200 - INFO: Epoch: [4][ 50/582]	Time  0.027 ( 0.038)	Loss 4.5522e-01 (2.1439e-01)	Acc pseudo  90.62 ( 91.18)	Lr 1.000e-03 (1.000e-03)
2026-02-08 17:17:35,843 - INFO: Epoch: [4][100/582]	Time  0.027 ( 0.032)	Loss 2.0276e-01 (2.0322e-01)	Acc pseudo  90.62 ( 92.05)	Lr 1.000e-03 (1.000e-03)
2026-02-08 17:17:40,522 - INFO: Epoch: [4][150/582]	Time  0.026 ( 0.031)	Loss 7.9230e-02 (2.0440e-01)	Acc pseudo  95.31 ( 92.14)	Lr 1.000e-03 (1.000e-03)
2026-02-08 17:17:45,216 - INFO: Epoch: [4][200/582]	Time  0.027 ( 0.031)	Loss 1.3105e-01 (1.9972e-01)	Acc pseudo  93.75 ( 92.20)	Lr 1.000e-03 (1.000e-03)
2026-02-08 17:17:49,920 - INFO: Epoch: [4][250/582]	Time  0.027 ( 0.030)	Loss 4.2269e-01 (2.0376e-01)	Acc pseudo  87.50 ( 92.11)	Lr 1.000e-03 (1.000e-03)
2026-02-08 17:17:54,614 - INFO: Epoch: [4][300/582]	Time  0.028 ( 0.030)	Loss 1.7857e-01 (2.0331e-01)	Acc pseudo  96.88 ( 92.16)	Lr 1.000e-03 (1.000e-03)
2026-02-08 17:17:59,297 - INFO: Epoch: [4][350/582]	Time  0.027 ( 0.030)	Loss 1.2257e-01 (2.0120e-01)	Acc pseudo  93.75 ( 92.15)	Lr 1.000e-03 (1.000e-03)
2026-02-08 17:18:03,996 - INFO: Epoch: [4][400/582]	Time  0.027 ( 0.030)	Loss 2.3167e-01 (2.0423e-01)	Acc pseudo  89.06 ( 92.06)	Lr 1.000e-03 (1.000e-03)
2026-02-08 17:18:08,702 - INFO: Epoch: [4][450/582]	Time  0.027 ( 0.029)	Loss 2.2552e-01 (2.0541e-01)	Acc pseudo  92.19 ( 91.95)	Lr 1.000e-03 (1.000e-03)
2026-02-08 17:18:13,400 - INFO: Epoch: [4][500/582]	Time  0.027 ( 0.029)	Loss 4.2057e-01 (2.0731e-01)	Acc pseudo  87.50 ( 91.94)	Lr 1.000e-03 (1.000e-03)
2026-02-08 17:18:18,103 - INFO: Epoch: [4][550/582]	Time  0.028 ( 0.029)	Loss 9.1051e-02 (2.0818e-01)	Acc pseudo  98.44 ( 91.92)	Lr 1.000e-03 (1.000e-03)
2026-02-08 17:18:21,029 - INFO: Round 2, Face Fine-tune Epoch 4: loss=0.2065, acc(pseudo)=91.93%
2026-02-08 17:19:18,138 - INFO: Round 2, Face Fine-tune Epoch 4: acc(valid_pseudo): 0.9935, acc: 0.8413
2026-02-08 17:19:19,870 - INFO: Epoch: [5][  0/582]	Time  0.584 ( 0.584)	Loss 1.1437e-01 (1.1437e-01)	Acc pseudo  98.44 ( 98.44)	Lr 1.000e-03 (1.000e-03)
2026-02-08 17:19:24,521 - INFO: Epoch: [5][ 50/582]	Time  0.028 ( 0.042)	Loss 2.5068e-01 (1.7783e-01)	Acc pseudo  92.19 ( 92.06)	Lr 1.000e-03 (1.000e-03)
2026-02-08 17:19:29,165 - INFO: Epoch: [5][100/582]	Time  0.029 ( 0.035)	Loss 1.8377e-01 (1.8029e-01)	Acc pseudo  90.62 ( 92.40)	Lr 1.000e-03 (1.000e-03)
2026-02-08 17:19:33,812 - INFO: Epoch: [5][150/582]	Time  0.027 ( 0.033)	Loss 2.1917e-01 (1.8557e-01)	Acc pseudo  90.62 ( 92.43)	Lr 1.000e-03 (1.000e-03)
2026-02-08 17:19:38,462 - INFO: Epoch: [5][200/582]	Time  0.027 ( 0.032)	Loss 8.8248e-02 (1.8738e-01)	Acc pseudo  93.75 ( 92.51)	Lr 1.000e-03 (1.000e-03)
2026-02-08 17:19:43,113 - INFO: Epoch: [5][250/582]	Time  0.028 ( 0.031)	Loss 1.0360e-01 (1.8979e-01)	Acc pseudo  93.75 ( 92.47)	Lr 1.000e-03 (1.000e-03)
2026-02-08 17:19:47,796 - INFO: Epoch: [5][300/582]	Time  0.027 ( 0.031)	Loss 1.9218e-01 (1.9135e-01)	Acc pseudo  93.75 ( 92.46)	Lr 1.000e-03 (1.000e-03)
2026-02-08 17:19:52,465 - INFO: Epoch: [5][350/582]	Time  0.028 ( 0.030)	Loss 8.5758e-02 (1.9232e-01)	Acc pseudo  96.88 ( 92.47)	Lr 1.000e-03 (1.000e-03)
2026-02-08 17:19:57,150 - INFO: Epoch: [5][400/582]	Time  0.030 ( 0.030)	Loss 6.4102e-02 (1.9309e-01)	Acc pseudo  96.88 ( 92.48)	Lr 1.000e-03 (1.000e-03)
2026-02-08 17:20:01,845 - INFO: Epoch: [5][450/582]	Time  0.035 ( 0.030)	Loss 1.1390e-01 (1.9497e-01)	Acc pseudo  96.88 ( 92.41)	Lr 1.000e-03 (1.000e-03)
2026-02-08 17:20:06,533 - INFO: Epoch: [5][500/582]	Time  0.025 ( 0.030)	Loss 1.9499e-01 (1.9611e-01)	Acc pseudo  87.50 ( 92.35)	Lr 1.000e-03 (1.000e-03)
2026-02-08 17:20:11,243 - INFO: Epoch: [5][550/582]	Time  0.026 ( 0.030)	Loss 1.6136e-01 (1.9444e-01)	Acc pseudo  92.19 ( 92.42)	Lr 1.000e-03 (1.000e-03)
2026-02-08 17:20:14,167 - INFO: Round 2, Face Fine-tune Epoch 5: loss=0.1957, acc(pseudo)=92.38%
2026-02-08 17:21:10,887 - INFO: Round 2, Face Fine-tune Epoch 5: acc(valid_pseudo): 0.9946, acc: 0.8481
2026-02-08 17:21:12,844 - INFO: Epoch: [6][  0/582]	Time  0.587 ( 0.587)	Loss 2.0326e-01 (2.0326e-01)	Acc pseudo  93.75 ( 93.75)	Lr 1.000e-03 (1.000e-03)
2026-02-08 17:21:17,491 - INFO: Epoch: [6][ 50/582]	Time  0.026 ( 0.039)	Loss 1.0309e-01 (1.6092e-01)	Acc pseudo  96.88 ( 93.23)	Lr 1.000e-03 (1.000e-03)
2026-02-08 17:21:22,133 - INFO: Epoch: [6][100/582]	Time  0.028 ( 0.034)	Loss 7.3412e-01 (1.7857e-01)	Acc pseudo  79.69 ( 92.90)	Lr 1.000e-03 (1.000e-03)
2026-02-08 17:21:26,781 - INFO: Epoch: [6][150/582]	Time  0.027 ( 0.032)	Loss 1.1246e-01 (1.8645e-01)	Acc pseudo  93.75 ( 92.63)	Lr 1.000e-03 (1.000e-03)
2026-02-08 17:21:31,575 - INFO: Epoch: [6][200/582]	Time  0.030 ( 0.031)	Loss 1.4769e-01 (1.8625e-01)	Acc pseudo  93.75 ( 92.72)	Lr 1.000e-03 (1.000e-03)
2026-02-08 17:21:36,242 - INFO: Epoch: [6][250/582]	Time  0.027 ( 0.030)	Loss 1.9093e-01 (1.8748e-01)	Acc pseudo  87.50 ( 92.70)	Lr 1.000e-03 (1.000e-03)
2026-02-08 17:21:40,895 - INFO: Epoch: [6][300/582]	Time  0.027 ( 0.030)	Loss 1.7903e-01 (1.9089e-01)	Acc pseudo  90.62 ( 92.58)	Lr 1.000e-03 (1.000e-03)
2026-02-08 17:21:45,578 - INFO: Epoch: [6][350/582]	Time  0.027 ( 0.030)	Loss 2.5760e-01 (1.9335e-01)	Acc pseudo  87.50 ( 92.53)	Lr 1.000e-03 (1.000e-03)
2026-02-08 17:21:50,245 - INFO: Epoch: [6][400/582]	Time  0.028 ( 0.029)	Loss 1.8005e-01 (1.9366e-01)	Acc pseudo  92.19 ( 92.50)	Lr 1.000e-03 (1.000e-03)
2026-02-08 17:21:54,927 - INFO: Epoch: [6][450/582]	Time  0.029 ( 0.029)	Loss 1.7061e-01 (1.9526e-01)	Acc pseudo  89.06 ( 92.36)	Lr 1.000e-03 (1.000e-03)
2026-02-08 17:21:59,627 - INFO: Epoch: [6][500/582]	Time  0.027 ( 0.029)	Loss 2.9876e-01 (1.9375e-01)	Acc pseudo  85.94 ( 92.37)	Lr 1.000e-03 (1.000e-03)
2026-02-08 17:22:04,315 - INFO: Epoch: [6][550/582]	Time  0.028 ( 0.029)	Loss 1.1865e-01 (1.9302e-01)	Acc pseudo  92.19 ( 92.35)	Lr 1.000e-03 (1.000e-03)
2026-02-08 17:22:07,269 - INFO: Round 2, Face Fine-tune Epoch 6: loss=0.1925, acc(pseudo)=92.43%
2026-02-08 17:23:04,780 - INFO: Round 2, Face Fine-tune Epoch 6: acc(valid_pseudo): 0.9943, acc: 0.8432
2026-02-08 17:23:04,780 - INFO: Round 2, Face Fine-tune Epoch 6: No improvement. Patience(epoch): 1/3
2026-02-08 17:23:05,400 - INFO: Epoch: [7][  0/582]	Time  0.574 ( 0.574)	Loss 1.8332e-01 (1.8332e-01)	Acc pseudo  89.06 ( 89.06)	Lr 1.000e-03 (1.000e-03)
2026-02-08 17:23:10,046 - INFO: Epoch: [7][ 50/582]	Time  0.027 ( 0.039)	Loss 1.2339e-01 (1.7349e-01)	Acc pseudo  92.19 ( 93.32)	Lr 1.000e-03 (1.000e-03)
2026-02-08 17:23:14,690 - INFO: Epoch: [7][100/582]	Time  0.031 ( 0.034)	Loss 1.3068e-01 (1.8290e-01)	Acc pseudo  90.62 ( 93.13)	Lr 1.000e-03 (1.000e-03)
2026-02-08 17:23:19,341 - INFO: Epoch: [7][150/582]	Time  0.027 ( 0.033)	Loss 2.6865e-02 (1.8832e-01)	Acc pseudo  98.44 ( 92.86)	Lr 1.000e-03 (1.000e-03)
2026-02-08 17:23:23,988 - INFO: Epoch: [7][200/582]	Time  0.027 ( 0.032)	Loss 1.1262e-01 (1.8707e-01)	Acc pseudo  89.06 ( 92.85)	Lr 1.000e-03 (1.000e-03)
2026-02-08 17:23:28,636 - INFO: Epoch: [7][250/582]	Time  0.029 ( 0.031)	Loss 1.0571e-01 (1.8621e-01)	Acc pseudo  93.75 ( 92.83)	Lr 1.000e-03 (1.000e-03)
2026-02-08 17:23:33,425 - INFO: Epoch: [7][300/582]	Time  0.030 ( 0.031)	Loss 1.9459e-01 (1.8573e-01)	Acc pseudo  92.19 ( 92.89)	Lr 1.000e-03 (1.000e-03)
2026-02-08 17:23:38,074 - INFO: Epoch: [7][350/582]	Time  0.027 ( 0.030)	Loss 3.7634e-01 (1.8726e-01)	Acc pseudo  89.06 ( 92.80)	Lr 1.000e-03 (1.000e-03)
2026-02-08 17:23:42,740 - INFO: Epoch: [7][400/582]	Time  0.027 ( 0.030)	Loss 1.7789e-01 (1.8906e-01)	Acc pseudo  95.31 ( 92.77)	Lr 1.000e-03 (1.000e-03)
2026-02-08 17:23:47,406 - INFO: Epoch: [7][450/582]	Time  0.029 ( 0.030)	Loss 1.6153e-01 (1.9363e-01)	Acc pseudo  92.19 ( 92.66)	Lr 1.000e-03 (1.000e-03)
2026-02-08 17:23:52,072 - INFO: Epoch: [7][500/582]	Time  0.027 ( 0.029)	Loss 2.6621e-01 (1.9476e-01)	Acc pseudo  90.62 ( 92.60)	Lr 1.000e-03 (1.000e-03)
2026-02-08 17:23:56,752 - INFO: Epoch: [7][550/582]	Time  0.027 ( 0.029)	Loss 1.4908e-01 (1.9566e-01)	Acc pseudo  93.75 ( 92.55)	Lr 1.000e-03 (1.000e-03)
2026-02-08 17:23:59,651 - INFO: Round 2, Face Fine-tune Epoch 7: loss=0.1947, acc(pseudo)=92.54%
2026-02-08 17:24:56,861 - INFO: Round 2, Face Fine-tune Epoch 7: acc(valid_pseudo): 0.9961, acc: 0.8423
2026-02-08 17:24:59,050 - INFO: Epoch: [8][  0/582]	Time  1.011 ( 1.011)	Loss 1.6281e-01 (1.6281e-01)	Acc pseudo  95.31 ( 95.31)	Lr 1.000e-03 (1.000e-03)
2026-02-08 17:25:03,790 - INFO: Epoch: [8][ 50/582]	Time  0.028 ( 0.052)	Loss 2.8101e-01 (1.6532e-01)	Acc pseudo  95.31 ( 93.50)	Lr 1.000e-03 (1.000e-03)
2026-02-08 17:25:08,573 - INFO: Epoch: [8][100/582]	Time  0.027 ( 0.041)	Loss 1.3558e-01 (1.6999e-01)	Acc pseudo  90.62 ( 92.82)	Lr 1.000e-03 (1.000e-03)
2026-02-08 17:25:13,223 - INFO: Epoch: [8][150/582]	Time  0.027 ( 0.037)	Loss 5.5448e-01 (1.7639e-01)	Acc pseudo  90.62 ( 92.83)	Lr 1.000e-03 (1.000e-03)
2026-02-08 17:25:17,874 - INFO: Epoch: [8][200/582]	Time  0.030 ( 0.034)	Loss 1.6081e-01 (1.8138e-01)	Acc pseudo  95.31 ( 92.88)	Lr 1.000e-03 (1.000e-03)
2026-02-08 17:25:22,555 - INFO: Epoch: [8][250/582]	Time  0.027 ( 0.033)	Loss 2.8379e-01 (1.8171e-01)	Acc pseudo  92.19 ( 92.88)	Lr 1.000e-03 (1.000e-03)
2026-02-08 17:25:27,227 - INFO: Epoch: [8][300/582]	Time  0.028 ( 0.032)	Loss 1.3492e-01 (1.8411e-01)	Acc pseudo  89.06 ( 92.79)	Lr 1.000e-03 (1.000e-03)
2026-02-08 17:25:31,914 - INFO: Epoch: [8][350/582]	Time  0.027 ( 0.032)	Loss 8.1874e-02 (1.8485e-01)	Acc pseudo  98.44 ( 92.78)	Lr 1.000e-03 (1.000e-03)
2026-02-08 17:25:36,599 - INFO: Epoch: [8][400/582]	Time  0.027 ( 0.031)	Loss 8.7966e-02 (1.8918e-01)	Acc pseudo  95.31 ( 92.72)	Lr 1.000e-03 (1.000e-03)
2026-02-08 17:25:41,285 - INFO: Epoch: [8][450/582]	Time  0.027 ( 0.031)	Loss 2.7435e-01 (1.8770e-01)	Acc pseudo  89.06 ( 92.68)	Lr 1.000e-03 (1.000e-03)
2026-02-08 17:25:45,977 - INFO: Epoch: [8][500/582]	Time  0.028 ( 0.031)	Loss 1.2377e-01 (1.8904e-01)	Acc pseudo  95.31 ( 92.66)	Lr 1.000e-03 (1.000e-03)
2026-02-08 17:25:50,691 - INFO: Epoch: [8][550/582]	Time  0.030 ( 0.030)	Loss 3.5903e-01 (1.8811e-01)	Acc pseudo  96.88 ( 92.65)	Lr 1.000e-03 (1.000e-03)
2026-02-08 17:25:53,606 - INFO: Round 2, Face Fine-tune Epoch 8: loss=0.1885, acc(pseudo)=92.67%
2026-02-08 17:26:50,723 - INFO: Round 2, Face Fine-tune Epoch 8: acc(valid_pseudo): 0.9952, acc: 0.8452
2026-02-08 17:26:50,724 - INFO: Round 2, Face Fine-tune Epoch 8: No improvement. Patience(epoch): 1/3
2026-02-08 17:26:51,333 - INFO: Epoch: [9][  0/582]	Time  0.575 ( 0.575)	Loss 9.0967e-02 (9.0967e-02)	Acc pseudo  95.31 ( 95.31)	Lr 1.000e-03 (1.000e-03)
2026-02-08 17:26:55,981 - INFO: Epoch: [9][ 50/582]	Time  0.027 ( 0.038)	Loss 1.8692e-01 (1.6410e-01)	Acc pseudo  90.62 ( 93.32)	Lr 1.000e-03 (1.000e-03)
2026-02-08 17:27:00,764 - INFO: Epoch: [9][100/582]	Time  0.027 ( 0.035)	Loss 8.4069e-02 (1.7476e-01)	Acc pseudo  95.31 ( 92.90)	Lr 1.000e-03 (1.000e-03)
2026-02-08 17:27:05,413 - INFO: Epoch: [9][150/582]	Time  0.029 ( 0.033)	Loss 1.8737e-01 (1.7675e-01)	Acc pseudo  90.62 ( 92.87)	Lr 1.000e-03 (1.000e-03)
2026-02-08 17:27:10,080 - INFO: Epoch: [9][200/582]	Time  0.029 ( 0.032)	Loss 2.1852e-01 (1.7659e-01)	Acc pseudo  92.19 ( 92.82)	Lr 1.000e-03 (1.000e-03)
2026-02-08 17:27:14,774 - INFO: Epoch: [9][250/582]	Time  0.027 ( 0.031)	Loss 1.5940e-01 (1.7870e-01)	Acc pseudo  93.75 ( 92.91)	Lr 1.000e-03 (1.000e-03)
2026-02-08 17:27:19,464 - INFO: Epoch: [9][300/582]	Time  0.029 ( 0.031)	Loss 4.0762e-01 (1.7777e-01)	Acc pseudo  89.06 ( 92.87)	Lr 1.000e-03 (1.000e-03)
2026-02-08 17:27:24,153 - INFO: Epoch: [9][350/582]	Time  0.027 ( 0.031)	Loss 1.4530e-01 (1.7752e-01)	Acc pseudo  95.31 ( 92.90)	Lr 1.000e-03 (1.000e-03)
2026-02-08 17:27:28,852 - INFO: Epoch: [9][400/582]	Time  0.027 ( 0.030)	Loss 1.5539e-01 (1.7637e-01)	Acc pseudo  92.19 ( 92.92)	Lr 1.000e-03 (1.000e-03)
2026-02-08 17:27:33,537 - INFO: Epoch: [9][450/582]	Time  0.029 ( 0.030)	Loss 6.2390e-02 (1.7565e-01)	Acc pseudo  96.88 ( 92.95)	Lr 1.000e-03 (1.000e-03)
2026-02-08 17:27:38,214 - INFO: Epoch: [9][500/582]	Time  0.027 ( 0.030)	Loss 4.3731e-01 (1.7894e-01)	Acc pseudo  81.25 ( 92.85)	Lr 1.000e-03 (1.000e-03)
2026-02-08 17:27:42,904 - INFO: Epoch: [9][550/582]	Time  0.030 ( 0.029)	Loss 1.9982e-01 (1.7977e-01)	Acc pseudo  92.19 ( 92.84)	Lr 1.000e-03 (1.000e-03)
2026-02-08 17:27:45,818 - INFO: Round 2, Face Fine-tune Epoch 9: loss=0.1798, acc(pseudo)=92.82%
2026-02-08 17:28:42,883 - INFO: Round 2, Face Fine-tune Epoch 9: acc(valid_pseudo): 0.9948, acc: 0.8403
2026-02-08 17:28:42,883 - INFO: Round 2, Face Fine-tune Epoch 9: No improvement. Patience(epoch): 2/3
2026-02-08 17:28:43,617 - INFO: Epoch: [10][  0/582]	Time  0.691 ( 0.691)	Loss 6.4324e-02 (6.4324e-02)	Acc pseudo  96.88 ( 96.88)	Lr 1.000e-03 (1.000e-03)
2026-02-08 17:28:48,257 - INFO: Epoch: [10][ 50/582]	Time  0.030 ( 0.043)	Loss 1.3874e-01 (1.8234e-01)	Acc pseudo  92.19 ( 92.71)	Lr 1.000e-03 (1.000e-03)
2026-02-08 17:28:52,902 - INFO: Epoch: [10][100/582]	Time  0.029 ( 0.036)	Loss 2.2114e-01 (1.7838e-01)	Acc pseudo  90.62 ( 92.98)	Lr 1.000e-03 (1.000e-03)
2026-02-08 17:28:57,553 - INFO: Epoch: [10][150/582]	Time  0.030 ( 0.033)	Loss 1.7286e-01 (1.7695e-01)	Acc pseudo  92.19 ( 92.94)	Lr 1.000e-03 (1.000e-03)
2026-02-08 17:29:02,206 - INFO: Epoch: [10][200/582]	Time  0.029 ( 0.032)	Loss 6.2077e-02 (1.7614e-01)	Acc pseudo  98.44 ( 92.77)	Lr 1.000e-03 (1.000e-03)
2026-02-08 17:29:06,858 - INFO: Epoch: [10][250/582]	Time  0.027 ( 0.031)	Loss 8.9755e-02 (1.7307e-01)	Acc pseudo  96.88 ( 92.99)	Lr 1.000e-03 (1.000e-03)
2026-02-08 17:29:11,536 - INFO: Epoch: [10][300/582]	Time  0.027 ( 0.031)	Loss 3.1820e-01 (1.7945e-01)	Acc pseudo  92.19 ( 92.81)	Lr 1.000e-03 (1.000e-03)
2026-02-08 17:29:16,189 - INFO: Epoch: [10][350/582]	Time  0.027 ( 0.030)	Loss 2.7371e-01 (1.8150e-01)	Acc pseudo  90.62 ( 92.76)	Lr 1.000e-03 (1.000e-03)
2026-02-08 17:29:20,860 - INFO: Epoch: [10][400/582]	Time  0.029 ( 0.030)	Loss 1.9963e-01 (1.8147e-01)	Acc pseudo  95.31 ( 92.67)	Lr 1.000e-03 (1.000e-03)
2026-02-08 17:29:25,518 - INFO: Epoch: [10][450/582]	Time  0.027 ( 0.030)	Loss 2.3173e-01 (1.8087e-01)	Acc pseudo  90.62 ( 92.67)	Lr 1.000e-03 (1.000e-03)
2026-02-08 17:29:30,213 - INFO: Epoch: [10][500/582]	Time  0.027 ( 0.030)	Loss 2.9324e-01 (1.8232e-01)	Acc pseudo  90.62 ( 92.70)	Lr 1.000e-03 (1.000e-03)
2026-02-08 17:29:34,880 - INFO: Epoch: [10][550/582]	Time  0.027 ( 0.030)	Loss 1.2007e-01 (1.8243e-01)	Acc pseudo  93.75 ( 92.73)	Lr 1.000e-03 (1.000e-03)
2026-02-08 17:29:37,778 - INFO: Round 2, Face Fine-tune Epoch 10: loss=0.1831, acc(pseudo)=92.71%
2026-02-08 17:30:34,553 - INFO: Round 2, Face Fine-tune Epoch 10: acc(valid_pseudo): 0.9974, acc: 0.8403
2026-02-08 17:30:36,495 - INFO: Epoch: [11][  0/582]	Time  0.625 ( 0.625)	Loss 6.5967e-02 (6.5967e-02)	Acc pseudo  96.88 ( 96.88)	Lr 1.000e-03 (1.000e-03)
2026-02-08 17:30:41,138 - INFO: Epoch: [11][ 50/582]	Time  0.040 ( 0.040)	Loss 2.8763e-01 (1.7281e-01)	Acc pseudo  90.62 ( 92.95)	Lr 1.000e-03 (1.000e-03)
2026-02-08 17:30:45,786 - INFO: Epoch: [11][100/582]	Time  0.029 ( 0.035)	Loss 2.3444e-01 (1.6998e-01)	Acc pseudo  90.62 ( 93.19)	Lr 1.000e-03 (1.000e-03)
2026-02-08 17:30:50,435 - INFO: Epoch: [11][150/582]	Time  0.029 ( 0.034)	Loss 2.5679e-01 (1.7377e-01)	Acc pseudo  92.19 ( 93.18)	Lr 1.000e-03 (1.000e-03)
2026-02-08 17:30:55,119 - INFO: Epoch: [11][200/582]	Time  0.030 ( 0.032)	Loss 1.5671e-01 (1.7524e-01)	Acc pseudo  92.19 ( 92.98)	Lr 1.000e-03 (1.000e-03)
2026-02-08 17:30:59,865 - INFO: Epoch: [11][250/582]	Time  0.030 ( 0.032)	Loss 2.1417e-01 (1.7602e-01)	Acc pseudo  93.75 ( 92.98)	Lr 1.000e-03 (1.000e-03)
2026-02-08 17:31:04,517 - INFO: Epoch: [11][300/582]	Time  0.029 ( 0.032)	Loss 7.8493e-02 (1.7351e-01)	Acc pseudo  95.31 ( 93.04)	Lr 1.000e-03 (1.000e-03)
2026-02-08 17:31:09,169 - INFO: Epoch: [11][350/582]	Time  0.027 ( 0.031)	Loss 1.9205e-01 (1.7387e-01)	Acc pseudo  93.75 ( 93.06)	Lr 1.000e-03 (1.000e-03)
2026-02-08 17:31:13,822 - INFO: Epoch: [11][400/582]	Time  0.030 ( 0.031)	Loss 1.8761e-01 (1.7551e-01)	Acc pseudo  92.19 ( 93.06)	Lr 1.000e-03 (1.000e-03)
2026-02-08 17:31:18,507 - INFO: Epoch: [11][450/582]	Time  0.027 ( 0.031)	Loss 1.5840e-01 (1.7399e-01)	Acc pseudo  93.75 ( 93.16)	Lr 1.000e-03 (1.000e-03)
2026-02-08 17:31:23,178 - INFO: Epoch: [11][500/582]	Time  0.028 ( 0.030)	Loss 2.2677e-01 (1.7711e-01)	Acc pseudo  89.06 ( 93.08)	Lr 1.000e-03 (1.000e-03)
2026-02-08 17:31:27,843 - INFO: Epoch: [11][550/582]	Time  0.028 ( 0.030)	Loss 1.4308e-01 (1.7985e-01)	Acc pseudo  95.31 ( 93.00)	Lr 1.000e-03 (1.000e-03)
2026-02-08 17:31:30,763 - INFO: Round 2, Face Fine-tune Epoch 11: loss=0.1777, acc(pseudo)=93.08%
2026-02-08 17:32:27,986 - INFO: Round 2, Face Fine-tune Epoch 11: acc(valid_pseudo): 0.9954, acc: 0.8432
2026-02-08 17:32:27,987 - INFO: Round 2, Face Fine-tune Epoch 11: No improvement. Patience(epoch): 1/3
2026-02-08 17:32:28,955 - INFO: Epoch: [12][  0/582]	Time  0.923 ( 0.923)	Loss 1.3934e-01 (1.3934e-01)	Acc pseudo  95.31 ( 95.31)	Lr 1.000e-03 (1.000e-03)
2026-02-08 17:32:33,602 - INFO: Epoch: [12][ 50/582]	Time  0.028 ( 0.046)	Loss 7.6146e-02 (1.6980e-01)	Acc pseudo  93.75 ( 92.95)	Lr 1.000e-03 (1.000e-03)
2026-02-08 17:32:38,245 - INFO: Epoch: [12][100/582]	Time  0.028 ( 0.037)	Loss 4.2843e-01 (1.7629e-01)	Acc pseudo  89.06 ( 92.96)	Lr 1.000e-03 (1.000e-03)
2026-02-08 17:32:42,893 - INFO: Epoch: [12][150/582]	Time  0.028 ( 0.035)	Loss 2.1630e-01 (1.7604e-01)	Acc pseudo  90.62 ( 93.05)	Lr 1.000e-03 (1.000e-03)
2026-02-08 17:32:47,543 - INFO: Epoch: [12][200/582]	Time  0.028 ( 0.033)	Loss 1.3562e-01 (1.7746e-01)	Acc pseudo  93.75 ( 93.03)	Lr 1.000e-03 (1.000e-03)
2026-02-08 17:32:52,192 - INFO: Epoch: [12][250/582]	Time  0.028 ( 0.032)	Loss 4.1074e-02 (1.7619e-01)	Acc pseudo  98.44 ( 93.12)	Lr 1.000e-03 (1.000e-03)
2026-02-08 17:32:56,841 - INFO: Epoch: [12][300/582]	Time  0.028 ( 0.031)	Loss 8.8379e-02 (1.7676e-01)	Acc pseudo  93.75 ( 93.12)	Lr 1.000e-03 (1.000e-03)
2026-02-08 17:33:01,503 - INFO: Epoch: [12][350/582]	Time  0.029 ( 0.031)	Loss 1.2972e-01 (1.7864e-01)	Acc pseudo  93.75 ( 93.02)	Lr 1.000e-03 (1.000e-03)
2026-02-08 17:33:06,166 - INFO: Epoch: [12][400/582]	Time  0.029 ( 0.030)	Loss 1.9122e-01 (1.7978e-01)	Acc pseudo  85.94 ( 92.94)	Lr 1.000e-03 (1.000e-03)
2026-02-08 17:33:10,838 - INFO: Epoch: [12][450/582]	Time  0.029 ( 0.030)	Loss 1.5553e-01 (1.8203e-01)	Acc pseudo  92.19 ( 92.88)	Lr 1.000e-03 (1.000e-03)
2026-02-08 17:33:15,505 - INFO: Epoch: [12][500/582]	Time  0.029 ( 0.030)	Loss 1.1131e-01 (1.8166e-01)	Acc pseudo  93.75 ( 92.88)	Lr 1.000e-03 (1.000e-03)
2026-02-08 17:33:20,178 - INFO: Epoch: [12][550/582]	Time  0.027 ( 0.030)	Loss 2.5863e-01 (1.8421e-01)	Acc pseudo  92.19 ( 92.80)	Lr 1.000e-03 (1.000e-03)
2026-02-08 17:33:23,072 - INFO: Round 2, Face Fine-tune Epoch 12: loss=0.1854, acc(pseudo)=92.74%
2026-02-08 17:34:19,807 - INFO: Round 2, Face Fine-tune Epoch 12: acc(valid_pseudo): 0.9958, acc: 0.8452
2026-02-08 17:34:19,807 - INFO: Round 2, Face Fine-tune Epoch 12: No improvement. Patience(epoch): 2/3
2026-02-08 17:34:20,427 - INFO: Epoch: [13][  0/582]	Time  0.593 ( 0.593)	Loss 1.0864e-01 (1.0864e-01)	Acc pseudo  95.31 ( 95.31)	Lr 1.000e-03 (1.000e-03)
2026-02-08 17:34:25,070 - INFO: Epoch: [13][ 50/582]	Time  0.029 ( 0.045)	Loss 5.3322e-02 (1.7851e-01)	Acc pseudo  96.88 ( 92.89)	Lr 1.000e-03 (1.000e-03)
2026-02-08 17:34:29,714 - INFO: Epoch: [13][100/582]	Time  0.039 ( 0.037)	Loss 1.2274e-01 (1.9062e-01)	Acc pseudo  93.75 ( 92.65)	Lr 1.000e-03 (1.000e-03)
2026-02-08 17:34:34,363 - INFO: Epoch: [13][150/582]	Time  0.028 ( 0.034)	Loss 2.6963e-01 (1.8549e-01)	Acc pseudo  93.75 ( 92.92)	Lr 1.000e-03 (1.000e-03)
2026-02-08 17:34:39,118 - INFO: Epoch: [13][200/582]	Time  0.028 ( 0.033)	Loss 2.4416e-01 (1.8966e-01)	Acc pseudo  92.19 ( 92.89)	Lr 1.000e-03 (1.000e-03)
2026-02-08 17:34:43,765 - INFO: Epoch: [13][250/582]	Time  0.029 ( 0.032)	Loss 1.1313e-01 (1.8858e-01)	Acc pseudo  93.75 ( 92.96)	Lr 1.000e-03 (1.000e-03)
2026-02-08 17:34:48,535 - INFO: Epoch: [13][300/582]	Time  0.027 ( 0.032)	Loss 1.3236e-01 (1.8993e-01)	Acc pseudo  93.75 ( 92.89)	Lr 1.000e-03 (1.000e-03)
2026-02-08 17:34:53,182 - INFO: Epoch: [13][350/582]	Time  0.027 ( 0.031)	Loss 3.0024e-01 (1.8831e-01)	Acc pseudo  89.06 ( 92.84)	Lr 1.000e-03 (1.000e-03)
2026-02-08 17:34:57,834 - INFO: Epoch: [13][400/582]	Time  0.027 ( 0.031)	Loss 2.0272e-01 (1.8469e-01)	Acc pseudo  95.31 ( 92.88)	Lr 1.000e-03 (1.000e-03)
2026-02-08 17:35:02,485 - INFO: Epoch: [13][450/582]	Time  0.027 ( 0.031)	Loss 2.0666e-01 (1.8425e-01)	Acc pseudo  93.75 ( 92.96)	Lr 1.000e-03 (1.000e-03)
2026-02-08 17:35:07,137 - INFO: Epoch: [13][500/582]	Time  0.027 ( 0.030)	Loss 1.9767e-01 (1.8461e-01)	Acc pseudo  90.62 ( 92.93)	Lr 1.000e-03 (1.000e-03)
2026-02-08 17:35:11,789 - INFO: Epoch: [13][550/582]	Time  0.027 ( 0.030)	Loss 2.2789e-01 (1.8592e-01)	Acc pseudo  89.06 ( 92.84)	Lr 1.000e-03 (1.000e-03)
2026-02-08 17:35:14,700 - INFO: Round 2, Face Fine-tune Epoch 13: loss=0.1867, acc(pseudo)=92.86%
2026-02-08 17:36:12,868 - INFO: Round 2, Face Fine-tune Epoch 13: acc(valid_pseudo): 0.9935, acc: 0.8413
2026-02-08 17:36:12,869 - INFO: Round 2, Face Fine-tune Epoch 13: No improvement. Patience(epoch): 3/3
2026-02-08 17:36:12,869 - INFO: Early stopping at face epoch 13
2026-02-08 17:36:12,870 - INFO: Round 2: Best face fine-tuned epoch=10, acc(valid_pseudo)=0.9974
2026-02-08 17:36:44,432 - INFO: Round 2: speaker_acc=0.7220
2026-02-08 17:36:44,435 - INFO: Round 2: face_acc=0.8403
2026-02-08 17:36:44,438 - INFO: ====================
2026-02-08 17:36:44,438 - INFO: Round 3: Fine-tuning iteration
2026-02-08 17:36:44,438 - INFO: ====================
2026-02-08 17:36:44,505 - INFO: Round 3 Part 1: Fine-tuning embedding model
2026-02-08 17:36:44,506 - INFO: Using pseudo-label file: runs/I love my family/exp_video/result/self_supervised/baseline_joint/exp0/round2/pseudo_label/pseudo_labels_audio_baseline_joint.json
2026-02-08 17:36:44,529 - INFO: For training, Using face pseudo-label file: runs/I love my family/exp_video/result/self_supervised/baseline_joint/exp0/round2/pseudo_label/pseudo_labels_faces_mid_frame_train_baseline_joint.json
2026-02-08 17:36:44,529 - INFO: For infering, Using face pseudo-label file: runs/I love my family/exp_video/result/self_supervised/baseline_joint/exp0/round2/pseudo_label/pseudo_labels_faces_mid_frame_all_baseline_joint.json
2026-02-08 17:36:44,659 - INFO: Created face dataloader with 37219 samples
2026-02-08 17:36:44,664 - INFO: Warmup training speaker classifier for 2 epochs...
2026-02-08 17:36:44,932 - INFO: Epoch: [0][  0/301]	Time  0.264 ( 0.264)	Loss 2.3034e+00 (2.3034e+00)	Acc pseudo  14.06 ( 14.06)	Lr 1.000e-03 (1.000e-03)
2026-02-08 17:36:45,173 - INFO: Epoch: [0][ 50/301]	Time  0.002 ( 0.010)	Loss 2.9699e-01 (7.5220e-01)	Acc pseudo  93.75 ( 83.18)	Lr 1.000e-03 (1.000e-03)
2026-02-08 17:36:45,306 - INFO: Epoch: [0][100/301]	Time  0.003 ( 0.006)	Loss 1.8476e-01 (5.4316e-01)	Acc pseudo  93.75 ( 86.88)	Lr 1.000e-03 (1.000e-03)
2026-02-08 17:36:45,438 - INFO: Epoch: [0][150/301]	Time  0.003 ( 0.005)	Loss 2.3618e-01 (4.4801e-01)	Acc pseudo  90.62 ( 88.66)	Lr 1.000e-03 (1.000e-03)
2026-02-08 17:36:45,570 - INFO: Epoch: [0][200/301]	Time  0.002 ( 0.004)	Loss 2.1374e-01 (3.9422e-01)	Acc pseudo  93.75 ( 89.60)	Lr 1.000e-03 (1.000e-03)
2026-02-08 17:36:45,701 - INFO: Epoch: [0][250/301]	Time  0.003 ( 0.004)	Loss 2.9206e-01 (3.6257e-01)	Acc pseudo  84.38 ( 90.15)	Lr 1.000e-03 (1.000e-03)
2026-02-08 17:36:45,821 - INFO: Epoch: [0][300/301]	Time  0.002 ( 0.004)	Loss 6.1231e-01 (3.4305e-01)	Acc pseudo  84.00 ( 90.43)	Lr 1.000e-03 (1.000e-03)
2026-02-08 17:36:45,857 - INFO: Round 3, Speaker Warmup Epoch 0: loss=0.3431, acc(pseudo)=90.43%
2026-02-08 17:36:46,121 - INFO: Epoch: [1][  0/301]	Time  0.259 ( 0.259)	Loss 1.5094e-01 (1.5094e-01)	Acc pseudo  95.31 ( 95.31)	Lr 1.000e-03 (1.000e-03)
2026-02-08 17:36:46,355 - INFO: Epoch: [1][ 50/301]	Time  0.002 ( 0.010)	Loss 2.2281e-01 (2.3886e-01)	Acc pseudo  90.62 ( 91.73)	Lr 1.000e-03 (1.000e-03)
2026-02-08 17:36:46,479 - INFO: Epoch: [1][100/301]	Time  0.002 ( 0.006)	Loss 1.9509e-01 (2.2132e-01)	Acc pseudo  93.75 ( 92.39)	Lr 1.000e-03 (1.000e-03)
2026-02-08 17:36:46,602 - INFO: Epoch: [1][150/301]	Time  0.003 ( 0.005)	Loss 2.3695e-01 (2.2216e-01)	Acc pseudo  89.06 ( 92.33)	Lr 1.000e-03 (1.000e-03)
2026-02-08 17:36:46,724 - INFO: Epoch: [1][200/301]	Time  0.002 ( 0.004)	Loss 1.6475e-01 (2.2310e-01)	Acc pseudo  93.75 ( 92.26)	Lr 1.000e-03 (1.000e-03)
2026-02-08 17:36:46,844 - INFO: Epoch: [1][250/301]	Time  0.002 ( 0.004)	Loss 3.7301e-01 (2.1916e-01)	Acc pseudo  90.62 ( 92.52)	Lr 1.000e-03 (1.000e-03)
2026-02-08 17:36:46,962 - INFO: Epoch: [1][300/301]	Time  0.002 ( 0.004)	Loss 1.8962e-01 (2.1542e-01)	Acc pseudo  96.00 ( 92.64)	Lr 1.000e-03 (1.000e-03)
2026-02-08 17:36:46,997 - INFO: Round 3, Speaker Warmup Epoch 1: loss=0.2154, acc(pseudo)=92.64%
2026-02-08 17:36:47,000 - INFO: Warmup training face classifier for 2 epochs...
2026-02-08 17:36:47,614 - INFO: Epoch: [0][  0/582]	Time  0.573 ( 0.573)	Loss 2.6182e+00 (2.6182e+00)	Acc pseudo   6.25 (  6.25)	Lr 1.000e-03 (1.000e-03)
2026-02-08 17:36:52,185 - INFO: Epoch: [0][ 50/582]	Time  0.026 ( 0.038)	Loss 5.6586e-01 (1.1460e+00)	Acc pseudo  81.25 ( 77.54)	Lr 1.000e-03 (1.000e-03)
2026-02-08 17:36:56,750 - INFO: Epoch: [0][100/582]	Time  0.027 ( 0.032)	Loss 2.0443e-01 (8.0572e-01)	Acc pseudo  92.19 ( 83.45)	Lr 1.000e-03 (1.000e-03)
2026-02-08 17:37:01,322 - INFO: Epoch: [0][150/582]	Time  0.026 ( 0.030)	Loss 2.3469e-01 (6.5358e-01)	Acc pseudo  85.94 ( 85.82)	Lr 1.000e-03 (1.000e-03)
2026-02-08 17:37:05,900 - INFO: Epoch: [0][200/582]	Time  0.025 ( 0.030)	Loss 1.8191e-01 (5.5809e-01)	Acc pseudo  98.44 ( 87.45)	Lr 1.000e-03 (1.000e-03)
2026-02-08 17:37:10,476 - INFO: Epoch: [0][250/582]	Time  0.026 ( 0.029)	Loss 2.9988e-01 (5.0248e-01)	Acc pseudo  92.19 ( 88.21)	Lr 1.000e-03 (1.000e-03)
2026-02-08 17:37:15,052 - INFO: Epoch: [0][300/582]	Time  0.026 ( 0.029)	Loss 1.7794e-01 (4.5759e-01)	Acc pseudo  93.75 ( 88.77)	Lr 1.000e-03 (1.000e-03)
2026-02-08 17:37:19,628 - INFO: Epoch: [0][350/582]	Time  0.026 ( 0.029)	Loss 1.5983e-01 (4.2453e-01)	Acc pseudo  93.75 ( 89.38)	Lr 1.000e-03 (1.000e-03)
2026-02-08 17:37:24,209 - INFO: Epoch: [0][400/582]	Time  0.029 ( 0.029)	Loss 2.5511e-01 (3.9951e-01)	Acc pseudo  92.19 ( 89.84)	Lr 1.000e-03 (1.000e-03)
2026-02-08 17:37:28,789 - INFO: Epoch: [0][450/582]	Time  0.027 ( 0.029)	Loss 3.7427e-01 (3.8030e-01)	Acc pseudo  89.06 ( 90.19)	Lr 1.000e-03 (1.000e-03)
2026-02-08 17:37:33,367 - INFO: Epoch: [0][500/582]	Time  0.026 ( 0.028)	Loss 2.1269e-01 (3.6661e-01)	Acc pseudo  90.62 ( 90.39)	Lr 1.000e-03 (1.000e-03)
2026-02-08 17:37:37,944 - INFO: Epoch: [0][550/582]	Time  0.026 ( 0.028)	Loss 1.6583e-01 (3.5157e-01)	Acc pseudo  93.75 ( 90.63)	Lr 1.000e-03 (1.000e-03)
2026-02-08 17:37:40,805 - INFO: Round 3, Face Warmup Epoch 0: loss=0.3439, acc(pseudo)=90.78%
2026-02-08 17:37:41,872 - INFO: Epoch: [1][  0/582]	Time  1.025 ( 1.025)	Loss 1.2910e-01 (1.2910e-01)	Acc pseudo  90.62 ( 90.62)	Lr 1.000e-03 (1.000e-03)
2026-02-08 17:37:46,448 - INFO: Epoch: [1][ 50/582]	Time  0.025 ( 0.047)	Loss 1.5804e-01 (2.3991e-01)	Acc pseudo  93.75 ( 91.79)	Lr 1.000e-03 (1.000e-03)
2026-02-08 17:37:51,026 - INFO: Epoch: [1][100/582]	Time  0.029 ( 0.037)	Loss 2.2770e-01 (2.1549e-01)	Acc pseudo  90.62 ( 92.51)	Lr 1.000e-03 (1.000e-03)
2026-02-08 17:37:55,605 - INFO: Epoch: [1][150/582]	Time  0.026 ( 0.034)	Loss 1.0393e-01 (2.0804e-01)	Acc pseudo  93.75 ( 92.76)	Lr 1.000e-03 (1.000e-03)
2026-02-08 17:38:00,185 - INFO: Epoch: [1][200/582]	Time  0.039 ( 0.032)	Loss 1.4919e-01 (2.1367e-01)	Acc pseudo  95.31 ( 92.50)	Lr 1.000e-03 (1.000e-03)
2026-02-08 17:38:04,764 - INFO: Epoch: [1][250/582]	Time  0.026 ( 0.031)	Loss 1.7113e-01 (2.1046e-01)	Acc pseudo  93.75 ( 92.61)	Lr 1.000e-03 (1.000e-03)
2026-02-08 17:38:09,343 - INFO: Epoch: [1][300/582]	Time  0.026 ( 0.030)	Loss 6.8561e-02 (2.0794e-01)	Acc pseudo  96.88 ( 92.72)	Lr 1.000e-03 (1.000e-03)
2026-02-08 17:38:13,921 - INFO: Epoch: [1][350/582]	Time  0.026 ( 0.030)	Loss 2.0633e-01 (2.1051e-01)	Acc pseudo  90.62 ( 92.71)	Lr 1.000e-03 (1.000e-03)
2026-02-08 17:38:18,501 - INFO: Epoch: [1][400/582]	Time  0.026 ( 0.030)	Loss 2.7191e-01 (2.1010e-01)	Acc pseudo  85.94 ( 92.75)	Lr 1.000e-03 (1.000e-03)
2026-02-08 17:38:23,082 - INFO: Epoch: [1][450/582]	Time  0.026 ( 0.029)	Loss 3.9005e-01 (2.0723e-01)	Acc pseudo  87.50 ( 92.87)	Lr 1.000e-03 (1.000e-03)
2026-02-08 17:38:27,700 - INFO: Epoch: [1][500/582]	Time  0.029 ( 0.029)	Loss 1.4433e-01 (2.0511e-01)	Acc pseudo  92.19 ( 92.94)	Lr 1.000e-03 (1.000e-03)
2026-02-08 17:38:32,280 - INFO: Epoch: [1][550/582]	Time  0.026 ( 0.029)	Loss 3.4606e-01 (2.0330e-01)	Acc pseudo  92.19 ( 92.98)	Lr 1.000e-03 (1.000e-03)
2026-02-08 17:38:35,128 - INFO: Round 3, Face Warmup Epoch 1: loss=0.2023, acc(pseudo)=93.01%
2026-02-08 17:38:35,138 - INFO: Fine-tuning speaker embedding model for 20 epochs...
2026-02-08 17:38:35,408 - INFO: Epoch: [0][  0/301]	Time  0.267 ( 0.267)	Loss 1.2746e-01 (1.2746e-01)	Acc pseudo  98.44 ( 98.44)	Lr 1.000e-03 (1.000e-03)
2026-02-08 17:38:35,647 - INFO: Epoch: [0][ 50/301]	Time  0.003 ( 0.010)	Loss 1.9298e-01 (2.1368e-01)	Acc pseudo  90.62 ( 92.71)	Lr 1.000e-03 (1.000e-03)
2026-02-08 17:38:35,788 - INFO: Epoch: [0][100/301]	Time  0.003 ( 0.006)	Loss 4.6961e-01 (2.2442e-01)	Acc pseudo  84.38 ( 92.48)	Lr 1.000e-03 (1.000e-03)
2026-02-08 17:38:35,927 - INFO: Epoch: [0][150/301]	Time  0.003 ( 0.005)	Loss 1.6448e-01 (2.2292e-01)	Acc pseudo  95.31 ( 92.55)	Lr 1.000e-03 (1.000e-03)
2026-02-08 17:38:36,066 - INFO: Epoch: [0][200/301]	Time  0.003 ( 0.005)	Loss 1.5990e-01 (2.1985e-01)	Acc pseudo  90.62 ( 92.48)	Lr 1.000e-03 (1.000e-03)
2026-02-08 17:38:36,210 - INFO: Epoch: [0][250/301]	Time  0.003 ( 0.004)	Loss 2.0910e-01 (2.2067e-01)	Acc pseudo  93.75 ( 92.44)	Lr 1.000e-03 (1.000e-03)
2026-02-08 17:38:36,346 - INFO: Epoch: [0][300/301]	Time  0.002 ( 0.004)	Loss 3.8639e-02 (2.2463e-01)	Acc pseudo 100.00 ( 92.28)	Lr 1.000e-03 (1.000e-03)
2026-02-08 17:38:36,382 - INFO: Round 3, Fine-tune Epoch 0: loss=0.2246, acc(pseudo)=92.28%
2026-02-08 17:38:43,189 - INFO: Round 3, Fine-tune Epoch 0: acc(valid_pseudo): 0.7045, acc: 0.7045
2026-02-08 17:38:43,949 - INFO: Epoch: [1][  0/301]	Time  0.336 ( 0.336)	Loss 2.6804e-01 (2.6804e-01)	Acc pseudo  90.62 ( 90.62)	Lr 1.000e-03 (1.000e-03)
2026-02-08 17:38:44,201 - INFO: Epoch: [1][ 50/301]	Time  0.003 ( 0.011)	Loss 1.7751e-01 (2.1737e-01)	Acc pseudo  87.50 ( 92.46)	Lr 1.000e-03 (1.000e-03)
2026-02-08 17:38:44,342 - INFO: Epoch: [1][100/301]	Time  0.003 ( 0.007)	Loss 1.6509e-01 (2.0979e-01)	Acc pseudo  95.31 ( 92.70)	Lr 1.000e-03 (1.000e-03)
2026-02-08 17:38:44,480 - INFO: Epoch: [1][150/301]	Time  0.003 ( 0.006)	Loss 1.6369e-01 (2.0218e-01)	Acc pseudo  90.62 ( 92.93)	Lr 1.000e-03 (1.000e-03)
2026-02-08 17:38:44,618 - INFO: Epoch: [1][200/301]	Time  0.002 ( 0.005)	Loss 1.7392e-01 (1.9931e-01)	Acc pseudo  90.62 ( 93.04)	Lr 1.000e-03 (1.000e-03)
2026-02-08 17:38:44,758 - INFO: Epoch: [1][250/301]	Time  0.003 ( 0.004)	Loss 1.4919e-01 (1.9880e-01)	Acc pseudo  93.75 ( 93.12)	Lr 1.000e-03 (1.000e-03)
2026-02-08 17:38:44,892 - INFO: Epoch: [1][300/301]	Time  0.002 ( 0.004)	Loss 4.8330e-01 (1.9785e-01)	Acc pseudo  92.00 ( 93.05)	Lr 1.000e-03 (1.000e-03)
2026-02-08 17:38:44,929 - INFO: Round 3, Fine-tune Epoch 1: loss=0.1978, acc(pseudo)=93.05%
2026-02-08 17:38:51,810 - INFO: Round 3, Fine-tune Epoch 1: acc(valid_pseudo): 0.6995, acc: 0.6995
2026-02-08 17:38:51,810 - INFO: Round 3, Speaker Fine-tune Epoch 1: No improvement in validation accuracy. Patience(epoch): 1/3
2026-02-08 17:38:52,143 - INFO: Epoch: [2][  0/301]	Time  0.328 ( 0.328)	Loss 1.3722e-01 (1.3722e-01)	Acc pseudo  92.19 ( 92.19)	Lr 1.000e-03 (1.000e-03)
2026-02-08 17:38:52,417 - INFO: Epoch: [2][ 50/301]	Time  0.003 ( 0.012)	Loss 9.1871e-02 (1.6995e-01)	Acc pseudo  95.31 ( 93.60)	Lr 1.000e-03 (1.000e-03)
2026-02-08 17:38:52,566 - INFO: Epoch: [2][100/301]	Time  0.002 ( 0.007)	Loss 1.1501e-01 (1.7086e-01)	Acc pseudo  96.88 ( 93.64)	Lr 1.000e-03 (1.000e-03)
2026-02-08 17:38:52,709 - INFO: Epoch: [2][150/301]	Time  0.003 ( 0.006)	Loss 3.0412e-01 (1.7050e-01)	Acc pseudo  92.19 ( 93.74)	Lr 1.000e-03 (1.000e-03)
2026-02-08 17:38:52,851 - INFO: Epoch: [2][200/301]	Time  0.003 ( 0.005)	Loss 1.9960e-01 (1.7674e-01)	Acc pseudo  92.19 ( 93.53)	Lr 1.000e-03 (1.000e-03)
2026-02-08 17:38:52,994 - INFO: Epoch: [2][250/301]	Time  0.003 ( 0.005)	Loss 1.5047e-01 (1.8041e-01)	Acc pseudo  93.75 ( 93.48)	Lr 1.000e-03 (1.000e-03)
2026-02-08 17:38:53,137 - INFO: Epoch: [2][300/301]	Time  0.002 ( 0.004)	Loss 9.8412e-02 (1.8203e-01)	Acc pseudo 100.00 ( 93.38)	Lr 1.000e-03 (1.000e-03)
2026-02-08 17:38:53,173 - INFO: Round 3, Fine-tune Epoch 2: loss=0.1820, acc(pseudo)=93.38%
2026-02-08 17:39:00,085 - INFO: Round 3, Fine-tune Epoch 2: acc(valid_pseudo): 0.7245, acc: 0.7245
2026-02-08 17:39:00,820 - INFO: Epoch: [3][  0/301]	Time  0.290 ( 0.290)	Loss 9.9294e-02 (9.9294e-02)	Acc pseudo  95.31 ( 95.31)	Lr 1.000e-03 (1.000e-03)
2026-02-08 17:39:01,090 - INFO: Epoch: [3][ 50/301]	Time  0.004 ( 0.011)	Loss 9.2152e-02 (1.6808e-01)	Acc pseudo  96.88 ( 94.06)	Lr 1.000e-03 (1.000e-03)
2026-02-08 17:39:01,257 - INFO: Epoch: [3][100/301]	Time  0.003 ( 0.007)	Loss 1.3181e-01 (1.6985e-01)	Acc pseudo  96.88 ( 94.07)	Lr 1.000e-03 (1.000e-03)
2026-02-08 17:39:01,421 - INFO: Epoch: [3][150/301]	Time  0.004 ( 0.006)	Loss 1.2864e-01 (1.6498e-01)	Acc pseudo  93.75 ( 94.00)	Lr 1.000e-03 (1.000e-03)
2026-02-08 17:39:01,581 - INFO: Epoch: [3][200/301]	Time  0.004 ( 0.005)	Loss 2.8035e-01 (1.7142e-01)	Acc pseudo  93.75 ( 93.85)	Lr 1.000e-03 (1.000e-03)
2026-02-08 17:39:01,727 - INFO: Epoch: [3][250/301]	Time  0.003 ( 0.005)	Loss 1.2854e-01 (1.6839e-01)	Acc pseudo  95.31 ( 93.92)	Lr 1.000e-03 (1.000e-03)
2026-02-08 17:39:01,864 - INFO: Epoch: [3][300/301]	Time  0.002 ( 0.004)	Loss 9.8651e-01 (1.6972e-01)	Acc pseudo  80.00 ( 93.83)	Lr 1.000e-03 (1.000e-03)
2026-02-08 17:39:01,899 - INFO: Round 3, Fine-tune Epoch 3: loss=0.1697, acc(pseudo)=93.83%
2026-02-08 17:39:08,587 - INFO: Round 3, Fine-tune Epoch 3: acc(valid_pseudo): 0.7095, acc: 0.7095
2026-02-08 17:39:08,587 - INFO: Round 3, Speaker Fine-tune Epoch 3: No improvement in validation accuracy. Patience(epoch): 1/3
2026-02-08 17:39:08,861 - INFO: Epoch: [4][  0/301]	Time  0.269 ( 0.269)	Loss 1.6056e-01 (1.6056e-01)	Acc pseudo  95.31 ( 95.31)	Lr 1.000e-03 (1.000e-03)
2026-02-08 17:39:09,117 - INFO: Epoch: [4][ 50/301]	Time  0.003 ( 0.010)	Loss 6.9245e-02 (1.7013e-01)	Acc pseudo  95.31 ( 94.18)	Lr 1.000e-03 (1.000e-03)
2026-02-08 17:39:09,265 - INFO: Epoch: [4][100/301]	Time  0.004 ( 0.007)	Loss 9.8346e-02 (1.7096e-01)	Acc pseudo  95.31 ( 93.97)	Lr 1.000e-03 (1.000e-03)
2026-02-08 17:39:09,408 - INFO: Epoch: [4][150/301]	Time  0.003 ( 0.005)	Loss 2.0719e-01 (1.7543e-01)	Acc pseudo  96.88 ( 93.98)	Lr 1.000e-03 (1.000e-03)
2026-02-08 17:39:09,553 - INFO: Epoch: [4][200/301]	Time  0.003 ( 0.005)	Loss 2.4132e-01 (1.7210e-01)	Acc pseudo  90.62 ( 93.95)	Lr 1.000e-03 (1.000e-03)
2026-02-08 17:39:09,697 - INFO: Epoch: [4][250/301]	Time  0.003 ( 0.004)	Loss 1.3169e-01 (1.6828e-01)	Acc pseudo  95.31 ( 94.08)	Lr 1.000e-03 (1.000e-03)
2026-02-08 17:39:09,832 - INFO: Epoch: [4][300/301]	Time  0.002 ( 0.004)	Loss 3.9723e-02 (1.6593e-01)	Acc pseudo 100.00 ( 94.07)	Lr 1.000e-03 (1.000e-03)
2026-02-08 17:39:09,868 - INFO: Round 3, Fine-tune Epoch 4: loss=0.1659, acc(pseudo)=94.07%
2026-02-08 17:39:16,704 - INFO: Round 3, Fine-tune Epoch 4: acc(valid_pseudo): 0.7040, acc: 0.7040
2026-02-08 17:39:16,704 - INFO: Round 3, Speaker Fine-tune Epoch 4: No improvement in validation accuracy. Patience(epoch): 2/3
2026-02-08 17:39:16,985 - INFO: Epoch: [5][  0/301]	Time  0.275 ( 0.275)	Loss 2.2974e-01 (2.2974e-01)	Acc pseudo  89.06 ( 89.06)	Lr 1.000e-03 (1.000e-03)
2026-02-08 17:39:17,245 - INFO: Epoch: [5][ 50/301]	Time  0.003 ( 0.010)	Loss 3.3840e-02 (1.7510e-01)	Acc pseudo 100.00 ( 93.60)	Lr 1.000e-03 (1.000e-03)
2026-02-08 17:39:17,395 - INFO: Epoch: [5][100/301]	Time  0.002 ( 0.007)	Loss 7.4194e-02 (1.7198e-01)	Acc pseudo  96.88 ( 93.80)	Lr 1.000e-03 (1.000e-03)
2026-02-08 17:39:17,545 - INFO: Epoch: [5][150/301]	Time  0.003 ( 0.005)	Loss 1.9491e-01 (1.7476e-01)	Acc pseudo  90.62 ( 93.82)	Lr 1.000e-03 (1.000e-03)
2026-02-08 17:39:17,691 - INFO: Epoch: [5][200/301]	Time  0.004 ( 0.005)	Loss 1.9312e-01 (1.7688e-01)	Acc pseudo  93.75 ( 93.64)	Lr 1.000e-03 (1.000e-03)
2026-02-08 17:39:17,838 - INFO: Epoch: [5][250/301]	Time  0.003 ( 0.004)	Loss 1.4340e-01 (1.7457e-01)	Acc pseudo  96.88 ( 93.74)	Lr 1.000e-03 (1.000e-03)
2026-02-08 17:39:17,974 - INFO: Epoch: [5][300/301]	Time  0.002 ( 0.004)	Loss 1.4591e-01 (1.7125e-01)	Acc pseudo  96.00 ( 93.88)	Lr 1.000e-03 (1.000e-03)
2026-02-08 17:39:18,012 - INFO: Round 3, Fine-tune Epoch 5: loss=0.1712, acc(pseudo)=93.88%
2026-02-08 17:39:24,743 - INFO: Round 3, Fine-tune Epoch 5: acc(valid_pseudo): 0.7180, acc: 0.7180
2026-02-08 17:39:24,743 - INFO: Round 3, Speaker Fine-tune Epoch 5: No improvement in validation accuracy. Patience(epoch): 3/3
2026-02-08 17:39:24,743 - INFO: Early stopping at epoch 5 due to no improvement in validation accuracy for 3 epochs.
2026-02-08 17:39:24,744 - INFO: Round 3: Best speaker fine-tuned epoch=2, acc(valid_pseudo)=0.7245
2026-02-08 17:39:24,748 - INFO: Fine-tuning face embedding model for 20 epochs...
2026-02-08 17:39:25,364 - INFO: Epoch: [0][  0/582]	Time  0.574 ( 0.574)	Loss 2.3659e-02 (2.3659e-02)	Acc pseudo  98.44 ( 98.44)	Lr 1.000e-03 (1.000e-03)
2026-02-08 17:39:30,002 - INFO: Epoch: [0][ 50/582]	Time  0.027 ( 0.042)	Loss 1.2946e-01 (2.0912e-01)	Acc pseudo  93.75 ( 93.87)	Lr 1.000e-03 (1.000e-03)
2026-02-08 17:39:34,637 - INFO: Epoch: [0][100/582]	Time  0.027 ( 0.035)	Loss 1.0040e-01 (1.9505e-01)	Acc pseudo  93.75 ( 93.50)	Lr 1.000e-03 (1.000e-03)
2026-02-08 17:39:39,283 - INFO: Epoch: [0][150/582]	Time  0.026 ( 0.034)	Loss 1.6357e-01 (1.9390e-01)	Acc pseudo  85.94 ( 93.42)	Lr 1.000e-03 (1.000e-03)
2026-02-08 17:39:43,930 - INFO: Epoch: [0][200/582]	Time  0.027 ( 0.032)	Loss 1.6576e-01 (1.8597e-01)	Acc pseudo  96.88 ( 93.60)	Lr 1.000e-03 (1.000e-03)
2026-02-08 17:39:48,577 - INFO: Epoch: [0][250/582]	Time  0.027 ( 0.031)	Loss 1.0489e-01 (1.8467e-01)	Acc pseudo  95.31 ( 93.56)	Lr 1.000e-03 (1.000e-03)
2026-02-08 17:39:53,224 - INFO: Epoch: [0][300/582]	Time  0.027 ( 0.030)	Loss 6.1160e-02 (1.8171e-01)	Acc pseudo  96.88 ( 93.45)	Lr 1.000e-03 (1.000e-03)
2026-02-08 17:39:57,873 - INFO: Epoch: [0][350/582]	Time  0.026 ( 0.030)	Loss 1.2765e-01 (1.8106e-01)	Acc pseudo  92.19 ( 93.44)	Lr 1.000e-03 (1.000e-03)
2026-02-08 17:40:02,522 - INFO: Epoch: [0][400/582]	Time  0.029 ( 0.030)	Loss 2.7375e-01 (1.8414e-01)	Acc pseudo  93.75 ( 93.44)	Lr 1.000e-03 (1.000e-03)
2026-02-08 17:40:07,173 - INFO: Epoch: [0][450/582]	Time  0.029 ( 0.029)	Loss 1.3106e-01 (1.8519e-01)	Acc pseudo  93.75 ( 93.42)	Lr 1.000e-03 (1.000e-03)
2026-02-08 17:40:11,824 - INFO: Epoch: [0][500/582]	Time  0.025 ( 0.029)	Loss 1.5683e-01 (1.8712e-01)	Acc pseudo  90.62 ( 93.39)	Lr 1.000e-03 (1.000e-03)
2026-02-08 17:40:16,473 - INFO: Epoch: [0][550/582]	Time  0.027 ( 0.029)	Loss 1.9329e-01 (1.8593e-01)	Acc pseudo  92.19 ( 93.42)	Lr 1.000e-03 (1.000e-03)
2026-02-08 17:40:19,367 - INFO: Round 3, Face Fine-tune Epoch 0: loss=0.1853, acc(pseudo)=93.45%
2026-02-08 17:41:15,823 - INFO: Round 3, Face Fine-tune Epoch 0: acc(valid_pseudo): 0.9917, acc: 0.8452
2026-02-08 17:41:17,642 - INFO: Epoch: [1][  0/582]	Time  0.633 ( 0.633)	Loss 1.4013e-01 (1.4013e-01)	Acc pseudo  92.19 ( 92.19)	Lr 1.000e-03 (1.000e-03)
2026-02-08 17:41:22,289 - INFO: Epoch: [1][ 50/582]	Time  0.028 ( 0.041)	Loss 1.1707e-01 (1.8902e-01)	Acc pseudo  92.19 ( 92.49)	Lr 1.000e-03 (1.000e-03)
2026-02-08 17:41:26,932 - INFO: Epoch: [1][100/582]	Time  0.028 ( 0.034)	Loss 2.2248e-01 (1.6792e-01)	Acc pseudo  92.19 ( 93.41)	Lr 1.000e-03 (1.000e-03)
2026-02-08 17:41:31,582 - INFO: Epoch: [1][150/582]	Time  0.026 ( 0.032)	Loss 9.6234e-02 (1.6509e-01)	Acc pseudo  95.31 ( 93.70)	Lr 1.000e-03 (1.000e-03)
2026-02-08 17:41:36,233 - INFO: Epoch: [1][200/582]	Time  0.039 ( 0.032)	Loss 1.1348e-01 (1.7146e-01)	Acc pseudo  96.88 ( 93.49)	Lr 1.000e-03 (1.000e-03)
2026-02-08 17:41:40,886 - INFO: Epoch: [1][250/582]	Time  0.028 ( 0.032)	Loss 1.4823e-01 (1.6717e-01)	Acc pseudo  92.19 ( 93.59)	Lr 1.000e-03 (1.000e-03)
2026-02-08 17:41:45,537 - INFO: Epoch: [1][300/582]	Time  0.026 ( 0.031)	Loss 4.2331e-02 (1.6643e-01)	Acc pseudo  96.88 ( 93.63)	Lr 1.000e-03 (1.000e-03)
2026-02-08 17:41:50,188 - INFO: Epoch: [1][350/582]	Time  0.027 ( 0.030)	Loss 2.6168e-01 (1.7151e-01)	Acc pseudo  89.06 ( 93.48)	Lr 1.000e-03 (1.000e-03)
2026-02-08 17:41:54,877 - INFO: Epoch: [1][400/582]	Time  0.026 ( 0.030)	Loss 2.3315e-01 (1.7292e-01)	Acc pseudo  85.94 ( 93.37)	Lr 1.000e-03 (1.000e-03)
2026-02-08 17:41:59,545 - INFO: Epoch: [1][450/582]	Time  0.027 ( 0.030)	Loss 3.8894e-01 (1.7193e-01)	Acc pseudo  84.38 ( 93.42)	Lr 1.000e-03 (1.000e-03)
2026-02-08 17:42:04,238 - INFO: Epoch: [1][500/582]	Time  0.027 ( 0.030)	Loss 1.3447e-01 (1.7127e-01)	Acc pseudo  90.62 ( 93.51)	Lr 1.000e-03 (1.000e-03)
2026-02-08 17:42:08,891 - INFO: Epoch: [1][550/582]	Time  0.027 ( 0.029)	Loss 3.6501e-01 (1.7002e-01)	Acc pseudo  93.75 ( 93.56)	Lr 1.000e-03 (1.000e-03)
2026-02-08 17:42:11,804 - INFO: Round 3, Face Fine-tune Epoch 1: loss=0.1700, acc(pseudo)=93.59%
2026-02-08 17:43:08,272 - INFO: Round 3, Face Fine-tune Epoch 1: acc(valid_pseudo): 0.9916, acc: 0.8442
2026-02-08 17:43:08,272 - INFO: Round 3, Face Fine-tune Epoch 1: No improvement. Patience(epoch): 1/3
2026-02-08 17:43:08,915 - INFO: Epoch: [2][  0/582]	Time  0.600 ( 0.600)	Loss 3.6464e-02 (3.6464e-02)	Acc pseudo  98.44 ( 98.44)	Lr 1.000e-03 (1.000e-03)
2026-02-08 17:43:13,556 - INFO: Epoch: [2][ 50/582]	Time  0.027 ( 0.039)	Loss 2.4511e-01 (1.5993e-01)	Acc pseudo  90.62 ( 94.03)	Lr 1.000e-03 (1.000e-03)
2026-02-08 17:43:18,206 - INFO: Epoch: [2][100/582]	Time  0.027 ( 0.034)	Loss 1.3991e-01 (1.7062e-01)	Acc pseudo  95.31 ( 93.50)	Lr 1.000e-03 (1.000e-03)
2026-02-08 17:43:22,854 - INFO: Epoch: [2][150/582]	Time  0.026 ( 0.032)	Loss 7.4356e-02 (1.7531e-01)	Acc pseudo  98.44 ( 93.69)	Lr 1.000e-03 (1.000e-03)
2026-02-08 17:43:27,537 - INFO: Epoch: [2][200/582]	Time  0.027 ( 0.031)	Loss 1.1081e-01 (1.7828e-01)	Acc pseudo  93.75 ( 93.59)	Lr 1.000e-03 (1.000e-03)
2026-02-08 17:43:32,220 - INFO: Epoch: [2][250/582]	Time  0.027 ( 0.030)	Loss 1.5885e-01 (1.7700e-01)	Acc pseudo  95.31 ( 93.62)	Lr 1.000e-03 (1.000e-03)
2026-02-08 17:43:36,904 - INFO: Epoch: [2][300/582]	Time  0.026 ( 0.030)	Loss 2.9852e-01 (1.7854e-01)	Acc pseudo  87.50 ( 93.40)	Lr 1.000e-03 (1.000e-03)
2026-02-08 17:43:41,603 - INFO: Epoch: [2][350/582]	Time  0.027 ( 0.029)	Loss 1.5998e-01 (1.7804e-01)	Acc pseudo  95.31 ( 93.47)	Lr 1.000e-03 (1.000e-03)
2026-02-08 17:43:46,283 - INFO: Epoch: [2][400/582]	Time  0.027 ( 0.029)	Loss 1.8471e-01 (1.7819e-01)	Acc pseudo  90.62 ( 93.49)	Lr 1.000e-03 (1.000e-03)
2026-02-08 17:43:50,974 - INFO: Epoch: [2][450/582]	Time  0.027 ( 0.029)	Loss 3.3407e-02 (1.7706e-01)	Acc pseudo 100.00 ( 93.46)	Lr 1.000e-03 (1.000e-03)
2026-02-08 17:43:55,666 - INFO: Epoch: [2][500/582]	Time  0.027 ( 0.029)	Loss 7.9052e-02 (1.7883e-01)	Acc pseudo  93.75 ( 93.41)	Lr 1.000e-03 (1.000e-03)
2026-02-08 17:44:00,334 - INFO: Epoch: [2][550/582]	Time  0.029 ( 0.029)	Loss 3.4269e-01 (1.7945e-01)	Acc pseudo  95.31 ( 93.38)	Lr 1.000e-03 (1.000e-03)
2026-02-08 17:44:03,228 - INFO: Round 3, Face Fine-tune Epoch 2: loss=0.1797, acc(pseudo)=93.37%
2026-02-08 17:45:01,217 - INFO: Round 3, Face Fine-tune Epoch 2: acc(valid_pseudo): 0.9937, acc: 0.8413
2026-02-08 17:45:03,305 - INFO: Epoch: [3][  0/582]	Time  0.966 ( 0.966)	Loss 2.5183e-01 (2.5183e-01)	Acc pseudo  92.19 ( 92.19)	Lr 1.000e-03 (1.000e-03)
2026-02-08 17:45:08,001 - INFO: Epoch: [3][ 50/582]	Time  0.028 ( 0.048)	Loss 1.7569e-01 (1.6939e-01)	Acc pseudo  93.75 ( 93.75)	Lr 1.000e-03 (1.000e-03)
2026-02-08 17:45:12,645 - INFO: Epoch: [3][100/582]	Time  0.028 ( 0.038)	Loss 7.8185e-02 (1.6020e-01)	Acc pseudo  98.44 ( 94.03)	Lr 1.000e-03 (1.000e-03)
2026-02-08 17:45:17,294 - INFO: Epoch: [3][150/582]	Time  0.031 ( 0.035)	Loss 6.8222e-02 (1.6160e-01)	Acc pseudo  95.31 ( 93.95)	Lr 1.000e-03 (1.000e-03)
2026-02-08 17:45:21,945 - INFO: Epoch: [3][200/582]	Time  0.027 ( 0.033)	Loss 2.3810e-01 (1.6309e-01)	Acc pseudo  85.94 ( 93.77)	Lr 1.000e-03 (1.000e-03)
2026-02-08 17:45:26,597 - INFO: Epoch: [3][250/582]	Time  0.027 ( 0.032)	Loss 1.3007e-01 (1.5929e-01)	Acc pseudo  95.31 ( 93.93)	Lr 1.000e-03 (1.000e-03)
2026-02-08 17:45:31,250 - INFO: Epoch: [3][300/582]	Time  0.027 ( 0.032)	Loss 5.0336e-02 (1.6066e-01)	Acc pseudo 100.00 ( 93.88)	Lr 1.000e-03 (1.000e-03)
2026-02-08 17:45:35,916 - INFO: Epoch: [3][350/582]	Time  0.030 ( 0.031)	Loss 6.6293e-02 (1.5774e-01)	Acc pseudo  95.31 ( 93.95)	Lr 1.000e-03 (1.000e-03)
2026-02-08 17:45:40,628 - INFO: Epoch: [3][400/582]	Time  0.026 ( 0.031)	Loss 5.2402e-01 (1.5857e-01)	Acc pseudo  84.38 ( 93.89)	Lr 1.000e-03 (1.000e-03)
2026-02-08 17:45:45,331 - INFO: Epoch: [3][450/582]	Time  0.043 ( 0.031)	Loss 9.5274e-02 (1.5727e-01)	Acc pseudo  96.88 ( 93.89)	Lr 1.000e-03 (1.000e-03)
2026-02-08 17:45:49,985 - INFO: Epoch: [3][500/582]	Time  0.027 ( 0.030)	Loss 1.7923e-01 (1.5727e-01)	Acc pseudo  93.75 ( 93.90)	Lr 1.000e-03 (1.000e-03)
2026-02-08 17:45:54,670 - INFO: Epoch: [3][550/582]	Time  0.032 ( 0.030)	Loss 1.0935e-01 (1.6090e-01)	Acc pseudo  93.75 ( 93.78)	Lr 1.000e-03 (1.000e-03)
2026-02-08 17:45:57,571 - INFO: Round 3, Face Fine-tune Epoch 3: loss=0.1614, acc(pseudo)=93.76%
2026-02-08 17:46:54,724 - INFO: Round 3, Face Fine-tune Epoch 3: acc(valid_pseudo): 0.9946, acc: 0.8364
2026-02-08 17:46:56,505 - INFO: Epoch: [4][  0/582]	Time  0.639 ( 0.639)	Loss 4.7429e-02 (4.7429e-02)	Acc pseudo  98.44 ( 98.44)	Lr 1.000e-03 (1.000e-03)
2026-02-08 17:47:01,141 - INFO: Epoch: [4][ 50/582]	Time  0.028 ( 0.040)	Loss 2.2121e-01 (1.6505e-01)	Acc pseudo  90.62 ( 93.41)	Lr 1.000e-03 (1.000e-03)
2026-02-08 17:47:05,786 - INFO: Epoch: [4][100/582]	Time  0.029 ( 0.034)	Loss 1.5645e-01 (1.6217e-01)	Acc pseudo  92.19 ( 93.73)	Lr 1.000e-03 (1.000e-03)
2026-02-08 17:47:10,436 - INFO: Epoch: [4][150/582]	Time  0.032 ( 0.033)	Loss 2.4521e-02 (1.6062e-01)	Acc pseudo 100.00 ( 93.72)	Lr 1.000e-03 (1.000e-03)
2026-02-08 17:47:15,088 - INFO: Epoch: [4][200/582]	Time  0.027 ( 0.032)	Loss 1.3748e-01 (1.6594e-01)	Acc pseudo  93.75 ( 93.53)	Lr 1.000e-03 (1.000e-03)
2026-02-08 17:47:19,741 - INFO: Epoch: [4][250/582]	Time  0.027 ( 0.031)	Loss 8.1774e-02 (1.6152e-01)	Acc pseudo  95.31 ( 93.60)	Lr 1.000e-03 (1.000e-03)
2026-02-08 17:47:24,397 - INFO: Epoch: [4][300/582]	Time  0.028 ( 0.031)	Loss 1.3556e-01 (1.5846e-01)	Acc pseudo  98.44 ( 93.70)	Lr 1.000e-03 (1.000e-03)
2026-02-08 17:47:29,082 - INFO: Epoch: [4][350/582]	Time  0.031 ( 0.030)	Loss 2.7147e-01 (1.5782e-01)	Acc pseudo  89.06 ( 93.69)	Lr 1.000e-03 (1.000e-03)
2026-02-08 17:47:33,756 - INFO: Epoch: [4][400/582]	Time  0.040 ( 0.030)	Loss 2.6082e-01 (1.6083e-01)	Acc pseudo  87.50 ( 93.63)	Lr 1.000e-03 (1.000e-03)
2026-02-08 17:47:38,409 - INFO: Epoch: [4][450/582]	Time  0.028 ( 0.030)	Loss 9.7336e-02 (1.6264e-01)	Acc pseudo  95.31 ( 93.54)	Lr 1.000e-03 (1.000e-03)
2026-02-08 17:47:43,079 - INFO: Epoch: [4][500/582]	Time  0.029 ( 0.030)	Loss 1.4668e-01 (1.6334e-01)	Acc pseudo  93.75 ( 93.50)	Lr 1.000e-03 (1.000e-03)
2026-02-08 17:47:47,746 - INFO: Epoch: [4][550/582]	Time  0.030 ( 0.030)	Loss 7.5170e-02 (1.6493e-01)	Acc pseudo  96.88 ( 93.50)	Lr 1.000e-03 (1.000e-03)
2026-02-08 17:47:50,660 - INFO: Round 3, Face Fine-tune Epoch 4: loss=0.1621, acc(pseudo)=93.59%
2026-02-08 17:48:47,613 - INFO: Round 3, Face Fine-tune Epoch 4: acc(valid_pseudo): 0.9953, acc: 0.8432
2026-02-08 17:48:49,504 - INFO: Epoch: [5][  0/582]	Time  0.578 ( 0.578)	Loss 7.7604e-02 (7.7604e-02)	Acc pseudo  95.31 ( 95.31)	Lr 1.000e-03 (1.000e-03)
2026-02-08 17:48:54,148 - INFO: Epoch: [5][ 50/582]	Time  0.028 ( 0.039)	Loss 3.6352e-01 (1.6145e-01)	Acc pseudo  96.88 ( 94.64)	Lr 1.000e-03 (1.000e-03)
2026-02-08 17:48:58,792 - INFO: Epoch: [5][100/582]	Time  0.027 ( 0.033)	Loss 1.0049e-01 (1.5880e-01)	Acc pseudo  92.19 ( 93.94)	Lr 1.000e-03 (1.000e-03)
2026-02-08 17:49:03,436 - INFO: Epoch: [5][150/582]	Time  0.029 ( 0.031)	Loss 2.2072e-01 (1.4853e-01)	Acc pseudo  96.88 ( 94.14)	Lr 1.000e-03 (1.000e-03)
2026-02-08 17:49:08,081 - INFO: Epoch: [5][200/582]	Time  0.040 ( 0.031)	Loss 8.1222e-02 (1.4999e-01)	Acc pseudo  93.75 ( 94.12)	Lr 1.000e-03 (1.000e-03)
2026-02-08 17:49:12,728 - INFO: Epoch: [5][250/582]	Time  0.027 ( 0.030)	Loss 4.1045e-01 (1.5342e-01)	Acc pseudo  92.19 ( 94.04)	Lr 1.000e-03 (1.000e-03)
2026-02-08 17:49:17,379 - INFO: Epoch: [5][300/582]	Time  0.027 ( 0.030)	Loss 1.2754e-01 (1.5484e-01)	Acc pseudo  93.75 ( 94.00)	Lr 1.000e-03 (1.000e-03)
2026-02-08 17:49:22,030 - INFO: Epoch: [5][350/582]	Time  0.027 ( 0.029)	Loss 3.6765e-02 (1.5608e-01)	Acc pseudo 100.00 ( 94.03)	Lr 1.000e-03 (1.000e-03)
2026-02-08 17:49:26,681 - INFO: Epoch: [5][400/582]	Time  0.027 ( 0.029)	Loss 1.3012e-01 (1.5779e-01)	Acc pseudo  95.31 ( 94.03)	Lr 1.000e-03 (1.000e-03)
2026-02-08 17:49:31,335 - INFO: Epoch: [5][450/582]	Time  0.027 ( 0.029)	Loss 5.4391e-02 (1.5808e-01)	Acc pseudo  93.75 ( 93.97)	Lr 1.000e-03 (1.000e-03)
2026-02-08 17:49:35,987 - INFO: Epoch: [5][500/582]	Time  0.027 ( 0.029)	Loss 2.4992e-01 (1.5732e-01)	Acc pseudo  93.75 ( 94.01)	Lr 1.000e-03 (1.000e-03)
2026-02-08 17:49:40,640 - INFO: Epoch: [5][550/582]	Time  0.030 ( 0.029)	Loss 1.4652e-01 (1.5698e-01)	Acc pseudo  95.31 ( 94.01)	Lr 1.000e-03 (1.000e-03)
2026-02-08 17:49:43,535 - INFO: Round 3, Face Fine-tune Epoch 5: loss=0.1593, acc(pseudo)=93.98%
2026-02-08 17:50:40,265 - INFO: Round 3, Face Fine-tune Epoch 5: acc(valid_pseudo): 0.9962, acc: 0.8364
2026-02-08 17:50:41,992 - INFO: Epoch: [6][  0/582]	Time  0.572 ( 0.572)	Loss 1.3142e-01 (1.3142e-01)	Acc pseudo  98.44 ( 98.44)	Lr 1.000e-03 (1.000e-03)
2026-02-08 17:50:46,636 - INFO: Epoch: [6][ 50/582]	Time  0.027 ( 0.038)	Loss 8.1432e-02 (1.4599e-01)	Acc pseudo  95.31 ( 94.36)	Lr 1.000e-03 (1.000e-03)
2026-02-08 17:50:51,282 - INFO: Epoch: [6][100/582]	Time  0.030 ( 0.033)	Loss 2.3728e-01 (1.4927e-01)	Acc pseudo  85.94 ( 94.29)	Lr 1.000e-03 (1.000e-03)
2026-02-08 17:50:55,933 - INFO: Epoch: [6][150/582]	Time  0.030 ( 0.031)	Loss 1.7335e-01 (1.4942e-01)	Acc pseudo  92.19 ( 94.11)	Lr 1.000e-03 (1.000e-03)
2026-02-08 17:51:00,608 - INFO: Epoch: [6][200/582]	Time  0.027 ( 0.031)	Loss 1.3236e-01 (1.5365e-01)	Acc pseudo  95.31 ( 94.10)	Lr 1.000e-03 (1.000e-03)
2026-02-08 17:51:05,268 - INFO: Epoch: [6][250/582]	Time  0.040 ( 0.031)	Loss 1.8357e-01 (1.5347e-01)	Acc pseudo  93.75 ( 94.12)	Lr 1.000e-03 (1.000e-03)
2026-02-08 17:51:09,921 - INFO: Epoch: [6][300/582]	Time  0.028 ( 0.031)	Loss 3.3912e-01 (1.5480e-01)	Acc pseudo  93.75 ( 94.09)	Lr 1.000e-03 (1.000e-03)
2026-02-08 17:51:14,577 - INFO: Epoch: [6][350/582]	Time  0.028 ( 0.031)	Loss 2.1254e-01 (1.5775e-01)	Acc pseudo  92.19 ( 93.97)	Lr 1.000e-03 (1.000e-03)
2026-02-08 17:51:19,230 - INFO: Epoch: [6][400/582]	Time  0.040 ( 0.030)	Loss 2.2657e-01 (1.5662e-01)	Acc pseudo  82.81 ( 94.00)	Lr 1.000e-03 (1.000e-03)
2026-02-08 17:51:23,898 - INFO: Epoch: [6][450/582]	Time  0.028 ( 0.030)	Loss 1.4886e-01 (1.5885e-01)	Acc pseudo  96.88 ( 93.90)	Lr 1.000e-03 (1.000e-03)
2026-02-08 17:51:28,550 - INFO: Epoch: [6][500/582]	Time  0.027 ( 0.030)	Loss 3.4466e-01 (1.5744e-01)	Acc pseudo  87.50 ( 93.91)	Lr 1.000e-03 (1.000e-03)
2026-02-08 17:51:33,201 - INFO: Epoch: [6][550/582]	Time  0.027 ( 0.030)	Loss 8.8643e-02 (1.5574e-01)	Acc pseudo  93.75 ( 93.92)	Lr 1.000e-03 (1.000e-03)
2026-02-08 17:51:36,122 - INFO: Round 3, Face Fine-tune Epoch 6: loss=0.1545, acc(pseudo)=93.95%
2026-02-08 17:52:33,901 - INFO: Round 3, Face Fine-tune Epoch 6: acc(valid_pseudo): 0.9973, acc: 0.8374
2026-02-08 17:52:35,730 - INFO: Epoch: [7][  0/582]	Time  0.584 ( 0.584)	Loss 3.5720e-01 (3.5720e-01)	Acc pseudo  93.75 ( 93.75)	Lr 1.000e-03 (1.000e-03)
2026-02-08 17:52:40,378 - INFO: Epoch: [7][ 50/582]	Time  0.029 ( 0.039)	Loss 1.9031e-01 (1.4494e-01)	Acc pseudo  93.75 ( 94.27)	Lr 1.000e-03 (1.000e-03)
2026-02-08 17:52:45,021 - INFO: Epoch: [7][100/582]	Time  0.027 ( 0.034)	Loss 2.5584e-01 (1.4305e-01)	Acc pseudo  89.06 ( 94.34)	Lr 1.000e-03 (1.000e-03)
2026-02-08 17:52:49,671 - INFO: Epoch: [7][150/582]	Time  0.030 ( 0.032)	Loss 3.0177e-02 (1.4317e-01)	Acc pseudo  98.44 ( 94.42)	Lr 1.000e-03 (1.000e-03)
2026-02-08 17:52:54,322 - INFO: Epoch: [7][200/582]	Time  0.028 ( 0.031)	Loss 1.0723e-01 (1.4054e-01)	Acc pseudo  92.19 ( 94.43)	Lr 1.000e-03 (1.000e-03)
2026-02-08 17:52:58,975 - INFO: Epoch: [7][250/582]	Time  0.029 ( 0.030)	Loss 1.5583e-01 (1.4005e-01)	Acc pseudo  90.62 ( 94.35)	Lr 1.000e-03 (1.000e-03)
2026-02-08 17:53:03,628 - INFO: Epoch: [7][300/582]	Time  0.028 ( 0.030)	Loss 1.6980e-01 (1.4178e-01)	Acc pseudo  90.62 ( 94.29)	Lr 1.000e-03 (1.000e-03)
2026-02-08 17:53:08,282 - INFO: Epoch: [7][350/582]	Time  0.027 ( 0.030)	Loss 1.9086e-01 (1.4209e-01)	Acc pseudo  92.19 ( 94.29)	Lr 1.000e-03 (1.000e-03)
2026-02-08 17:53:12,949 - INFO: Epoch: [7][400/582]	Time  0.026 ( 0.030)	Loss 1.3191e-01 (1.4526e-01)	Acc pseudo  93.75 ( 94.26)	Lr 1.000e-03 (1.000e-03)
2026-02-08 17:53:17,602 - INFO: Epoch: [7][450/582]	Time  0.026 ( 0.029)	Loss 9.2281e-02 (1.4727e-01)	Acc pseudo  96.88 ( 94.21)	Lr 1.000e-03 (1.000e-03)
2026-02-08 17:53:22,256 - INFO: Epoch: [7][500/582]	Time  0.030 ( 0.029)	Loss 3.0563e-01 (1.4758e-01)	Acc pseudo  84.38 ( 94.18)	Lr 1.000e-03 (1.000e-03)
2026-02-08 17:53:26,910 - INFO: Epoch: [7][550/582]	Time  0.027 ( 0.029)	Loss 1.2752e-01 (1.4834e-01)	Acc pseudo  93.75 ( 94.17)	Lr 1.000e-03 (1.000e-03)
2026-02-08 17:53:29,810 - INFO: Round 3, Face Fine-tune Epoch 7: loss=0.1474, acc(pseudo)=94.18%
2026-02-08 17:54:26,674 - INFO: Round 3, Face Fine-tune Epoch 7: acc(valid_pseudo): 0.9974, acc: 0.8354
2026-02-08 17:54:28,428 - INFO: Epoch: [8][  0/582]	Time  0.602 ( 0.602)	Loss 7.7096e-02 (7.7096e-02)	Acc pseudo  95.31 ( 95.31)	Lr 1.000e-03 (1.000e-03)
2026-02-08 17:54:33,073 - INFO: Epoch: [8][ 50/582]	Time  0.030 ( 0.040)	Loss 1.3002e-01 (1.2756e-01)	Acc pseudo  95.31 ( 94.55)	Lr 1.000e-03 (1.000e-03)
2026-02-08 17:54:37,716 - INFO: Epoch: [8][100/582]	Time  0.027 ( 0.034)	Loss 1.0797e-01 (1.4364e-01)	Acc pseudo  95.31 ( 94.12)	Lr 1.000e-03 (1.000e-03)
2026-02-08 17:54:42,365 - INFO: Epoch: [8][150/582]	Time  0.027 ( 0.032)	Loss 2.0778e-01 (1.4432e-01)	Acc pseudo  87.50 ( 93.96)	Lr 1.000e-03 (1.000e-03)
2026-02-08 17:54:47,070 - INFO: Epoch: [8][200/582]	Time  0.028 ( 0.031)	Loss 1.8023e-01 (1.4695e-01)	Acc pseudo  93.75 ( 94.05)	Lr 1.000e-03 (1.000e-03)
2026-02-08 17:54:51,736 - INFO: Epoch: [8][250/582]	Time  0.025 ( 0.030)	Loss 1.7195e-01 (1.4820e-01)	Acc pseudo  93.75 ( 94.15)	Lr 1.000e-03 (1.000e-03)
2026-02-08 17:54:56,402 - INFO: Epoch: [8][300/582]	Time  0.027 ( 0.030)	Loss 3.5647e-01 (1.4928e-01)	Acc pseudo  95.31 ( 94.14)	Lr 1.000e-03 (1.000e-03)
2026-02-08 17:55:01,088 - INFO: Epoch: [8][350/582]	Time  0.028 ( 0.030)	Loss 6.2821e-02 (1.4924e-01)	Acc pseudo  98.44 ( 94.13)	Lr 1.000e-03 (1.000e-03)
2026-02-08 17:55:05,741 - INFO: Epoch: [8][400/582]	Time  0.029 ( 0.029)	Loss 7.8375e-02 (1.4950e-01)	Acc pseudo  96.88 ( 94.12)	Lr 1.000e-03 (1.000e-03)
2026-02-08 17:55:10,407 - INFO: Epoch: [8][450/582]	Time  0.027 ( 0.029)	Loss 2.5423e-01 (1.5188e-01)	Acc pseudo  93.75 ( 94.11)	Lr 1.000e-03 (1.000e-03)
2026-02-08 17:55:15,075 - INFO: Epoch: [8][500/582]	Time  0.028 ( 0.029)	Loss 6.9423e-02 (1.5252e-01)	Acc pseudo  98.44 ( 94.06)	Lr 1.000e-03 (1.000e-03)
2026-02-08 17:55:19,743 - INFO: Epoch: [8][550/582]	Time  0.028 ( 0.029)	Loss 6.5819e-02 (1.5371e-01)	Acc pseudo  96.88 ( 94.02)	Lr 1.000e-03 (1.000e-03)
2026-02-08 17:55:22,652 - INFO: Round 3, Face Fine-tune Epoch 8: loss=0.1548, acc(pseudo)=94.03%
2026-02-08 17:56:20,605 - INFO: Round 3, Face Fine-tune Epoch 8: acc(valid_pseudo): 0.9936, acc: 0.8374
2026-02-08 17:56:20,605 - INFO: Round 3, Face Fine-tune Epoch 8: No improvement. Patience(epoch): 1/3
2026-02-08 17:56:21,219 - INFO: Epoch: [9][  0/582]	Time  0.584 ( 0.584)	Loss 1.3339e-01 (1.3339e-01)	Acc pseudo  93.75 ( 93.75)	Lr 1.000e-03 (1.000e-03)
2026-02-08 17:56:25,868 - INFO: Epoch: [9][ 50/582]	Time  0.029 ( 0.039)	Loss 2.3640e-01 (1.4944e-01)	Acc pseudo  93.75 ( 93.87)	Lr 1.000e-03 (1.000e-03)
2026-02-08 17:56:30,512 - INFO: Epoch: [9][100/582]	Time  0.028 ( 0.033)	Loss 8.3452e-02 (1.4563e-01)	Acc pseudo  96.88 ( 93.95)	Lr 1.000e-03 (1.000e-03)
2026-02-08 17:56:35,159 - INFO: Epoch: [9][150/582]	Time  0.028 ( 0.031)	Loss 1.5783e-01 (1.4953e-01)	Acc pseudo  89.06 ( 93.75)	Lr 1.000e-03 (1.000e-03)
2026-02-08 17:56:39,809 - INFO: Epoch: [9][200/582]	Time  0.027 ( 0.031)	Loss 2.4320e-01 (1.5141e-01)	Acc pseudo  93.75 ( 93.95)	Lr 1.000e-03 (1.000e-03)
2026-02-08 17:56:44,459 - INFO: Epoch: [9][250/582]	Time  0.027 ( 0.030)	Loss 1.1210e-01 (1.5043e-01)	Acc pseudo  95.31 ( 93.84)	Lr 1.000e-03 (1.000e-03)
2026-02-08 17:56:49,108 - INFO: Epoch: [9][300/582]	Time  0.028 ( 0.030)	Loss 1.2528e-01 (1.5134e-01)	Acc pseudo  96.88 ( 93.91)	Lr 1.000e-03 (1.000e-03)
2026-02-08 17:56:53,760 - INFO: Epoch: [9][350/582]	Time  0.031 ( 0.030)	Loss 1.1233e-01 (1.5096e-01)	Acc pseudo  95.31 ( 93.94)	Lr 1.000e-03 (1.000e-03)
2026-02-08 17:56:58,412 - INFO: Epoch: [9][400/582]	Time  0.027 ( 0.030)	Loss 3.2295e-01 (1.4944e-01)	Acc pseudo  89.06 ( 94.02)	Lr 1.000e-03 (1.000e-03)
2026-02-08 17:57:03,065 - INFO: Epoch: [9][450/582]	Time  0.027 ( 0.029)	Loss 1.1249e-01 (1.4990e-01)	Acc pseudo  92.19 ( 94.00)	Lr 1.000e-03 (1.000e-03)
2026-02-08 17:57:07,732 - INFO: Epoch: [9][500/582]	Time  0.027 ( 0.029)	Loss 1.3010e-01 (1.5161e-01)	Acc pseudo  93.75 ( 93.93)	Lr 1.000e-03 (1.000e-03)
2026-02-08 17:57:12,382 - INFO: Epoch: [9][550/582]	Time  0.027 ( 0.029)	Loss 1.6589e-01 (1.5122e-01)	Acc pseudo  93.75 ( 93.91)	Lr 1.000e-03 (1.000e-03)
2026-02-08 17:57:15,317 - INFO: Round 3, Face Fine-tune Epoch 9: loss=0.1499, acc(pseudo)=93.94%
2026-02-08 17:58:12,535 - INFO: Round 3, Face Fine-tune Epoch 9: acc(valid_pseudo): 0.9924, acc: 0.8403
2026-02-08 17:58:12,535 - INFO: Round 3, Face Fine-tune Epoch 9: No improvement. Patience(epoch): 2/3
2026-02-08 17:58:13,138 - INFO: Epoch: [10][  0/582]	Time  0.562 ( 0.562)	Loss 9.9810e-02 (9.9810e-02)	Acc pseudo  95.31 ( 95.31)	Lr 1.000e-03 (1.000e-03)
2026-02-08 17:58:17,790 - INFO: Epoch: [10][ 50/582]	Time  0.027 ( 0.038)	Loss 1.4299e-01 (1.5018e-01)	Acc pseudo  95.31 ( 94.52)	Lr 1.000e-03 (1.000e-03)
2026-02-08 17:58:22,435 - INFO: Epoch: [10][100/582]	Time  0.028 ( 0.033)	Loss 1.0103e-01 (1.4619e-01)	Acc pseudo  96.88 ( 94.62)	Lr 1.000e-03 (1.000e-03)
2026-02-08 17:58:27,083 - INFO: Epoch: [10][150/582]	Time  0.027 ( 0.031)	Loss 1.5559e-01 (1.4225e-01)	Acc pseudo  93.75 ( 94.58)	Lr 1.000e-03 (1.000e-03)
2026-02-08 17:58:31,733 - INFO: Epoch: [10][200/582]	Time  0.027 ( 0.030)	Loss 1.1557e-01 (1.4719e-01)	Acc pseudo  96.88 ( 94.47)	Lr 1.000e-03 (1.000e-03)
2026-02-08 17:58:36,383 - INFO: Epoch: [10][250/582]	Time  0.027 ( 0.029)	Loss 1.0395e-01 (1.4717e-01)	Acc pseudo  93.75 ( 94.42)	Lr 1.000e-03 (1.000e-03)
2026-02-08 17:58:41,032 - INFO: Epoch: [10][300/582]	Time  0.027 ( 0.029)	Loss 3.7347e-01 (1.4745e-01)	Acc pseudo  90.62 ( 94.38)	Lr 1.000e-03 (1.000e-03)
2026-02-08 17:58:45,682 - INFO: Epoch: [10][350/582]	Time  0.028 ( 0.029)	Loss 1.4845e-01 (1.4726e-01)	Acc pseudo  95.31 ( 94.35)	Lr 1.000e-03 (1.000e-03)
2026-02-08 17:58:50,333 - INFO: Epoch: [10][400/582]	Time  0.027 ( 0.029)	Loss 1.0873e-01 (1.4843e-01)	Acc pseudo  96.88 ( 94.19)	Lr 1.000e-03 (1.000e-03)
2026-02-08 17:58:54,984 - INFO: Epoch: [10][450/582]	Time  0.030 ( 0.029)	Loss 5.8035e-02 (1.4900e-01)	Acc pseudo  98.44 ( 94.14)	Lr 1.000e-03 (1.000e-03)
2026-02-08 17:58:59,632 - INFO: Epoch: [10][500/582]	Time  0.027 ( 0.028)	Loss 3.1296e-01 (1.5099e-01)	Acc pseudo  84.38 ( 94.12)	Lr 1.000e-03 (1.000e-03)
2026-02-08 17:59:04,480 - INFO: Epoch: [10][550/582]	Time  0.027 ( 0.029)	Loss 7.2145e-02 (1.5206e-01)	Acc pseudo  96.88 ( 94.10)	Lr 1.000e-03 (1.000e-03)
2026-02-08 17:59:07,378 - INFO: Round 3, Face Fine-tune Epoch 10: loss=0.1534, acc(pseudo)=94.12%
2026-02-08 18:00:04,654 - INFO: Round 3, Face Fine-tune Epoch 10: acc(valid_pseudo): 0.9980, acc: 0.8393
2026-02-08 18:00:06,364 - INFO: Epoch: [11][  0/582]	Time  0.574 ( 0.574)	Loss 8.5754e-02 (8.5754e-02)	Acc pseudo  95.31 ( 95.31)	Lr 1.000e-03 (1.000e-03)
2026-02-08 18:00:11,039 - INFO: Epoch: [11][ 50/582]	Time  0.029 ( 0.042)	Loss 1.6551e-01 (1.4482e-01)	Acc pseudo  92.19 ( 94.39)	Lr 1.000e-03 (1.000e-03)
2026-02-08 18:00:15,745 - INFO: Epoch: [11][100/582]	Time  0.028 ( 0.035)	Loss 1.9712e-01 (1.4205e-01)	Acc pseudo  92.19 ( 94.26)	Lr 1.000e-03 (1.000e-03)
2026-02-08 18:00:20,393 - INFO: Epoch: [11][150/582]	Time  0.027 ( 0.033)	Loss 1.3161e-01 (1.3918e-01)	Acc pseudo  96.88 ( 94.35)	Lr 1.000e-03 (1.000e-03)
2026-02-08 18:00:25,042 - INFO: Epoch: [11][200/582]	Time  0.026 ( 0.031)	Loss 1.7264e-01 (1.4260e-01)	Acc pseudo  92.19 ( 94.29)	Lr 1.000e-03 (1.000e-03)
2026-02-08 18:00:29,689 - INFO: Epoch: [11][250/582]	Time  0.026 ( 0.030)	Loss 2.4903e-01 (1.4333e-01)	Acc pseudo  92.19 ( 94.30)	Lr 1.000e-03 (1.000e-03)
2026-02-08 18:00:34,337 - INFO: Epoch: [11][300/582]	Time  0.027 ( 0.030)	Loss 2.9342e-02 (1.4571e-01)	Acc pseudo 100.00 ( 94.21)	Lr 1.000e-03 (1.000e-03)
2026-02-08 18:00:38,988 - INFO: Epoch: [11][350/582]	Time  0.027 ( 0.030)	Loss 2.1068e-01 (1.4417e-01)	Acc pseudo  90.62 ( 94.29)	Lr 1.000e-03 (1.000e-03)
2026-02-08 18:00:43,639 - INFO: Epoch: [11][400/582]	Time  0.029 ( 0.029)	Loss 1.3416e-01 (1.4256e-01)	Acc pseudo  93.75 ( 94.33)	Lr 1.000e-03 (1.000e-03)
2026-02-08 18:00:48,289 - INFO: Epoch: [11][450/582]	Time  0.029 ( 0.029)	Loss 2.0919e-01 (1.4050e-01)	Acc pseudo  93.75 ( 94.42)	Lr 1.000e-03 (1.000e-03)
2026-02-08 18:00:52,940 - INFO: Epoch: [11][500/582]	Time  0.028 ( 0.029)	Loss 2.2775e-01 (1.4103e-01)	Acc pseudo  93.75 ( 94.36)	Lr 1.000e-03 (1.000e-03)
2026-02-08 18:00:57,590 - INFO: Epoch: [11][550/582]	Time  0.028 ( 0.029)	Loss 4.4979e-02 (1.4112e-01)	Acc pseudo  96.88 ( 94.35)	Lr 1.000e-03 (1.000e-03)
2026-02-08 18:01:00,504 - INFO: Round 3, Face Fine-tune Epoch 11: loss=0.1407, acc(pseudo)=94.40%
2026-02-08 18:01:58,217 - INFO: Round 3, Face Fine-tune Epoch 11: acc(valid_pseudo): 0.9973, acc: 0.8403
2026-02-08 18:01:58,218 - INFO: Round 3, Face Fine-tune Epoch 11: No improvement. Patience(epoch): 1/3
2026-02-08 18:01:58,846 - INFO: Epoch: [12][  0/582]	Time  0.579 ( 0.579)	Loss 1.3918e-01 (1.3918e-01)	Acc pseudo  92.19 ( 92.19)	Lr 1.000e-03 (1.000e-03)
2026-02-08 18:02:03,743 - INFO: Epoch: [12][ 50/582]	Time  0.032 ( 0.044)	Loss 1.4488e-01 (1.3785e-01)	Acc pseudo  92.19 ( 94.36)	Lr 1.000e-03 (1.000e-03)
2026-02-08 18:02:08,386 - INFO: Epoch: [12][100/582]	Time  0.029 ( 0.037)	Loss 1.3206e-01 (1.4207e-01)	Acc pseudo  92.19 ( 94.31)	Lr 1.000e-03 (1.000e-03)
2026-02-08 18:02:13,034 - INFO: Epoch: [12][150/582]	Time  0.029 ( 0.034)	Loss 2.7474e-01 (1.3936e-01)	Acc pseudo  93.75 ( 94.36)	Lr 1.000e-03 (1.000e-03)
2026-02-08 18:02:17,683 - INFO: Epoch: [12][200/582]	Time  0.029 ( 0.032)	Loss 6.4180e-02 (1.4172e-01)	Acc pseudo  98.44 ( 94.41)	Lr 1.000e-03 (1.000e-03)
2026-02-08 18:02:22,331 - INFO: Epoch: [12][250/582]	Time  0.028 ( 0.031)	Loss 2.3689e-01 (1.4159e-01)	Acc pseudo  95.31 ( 94.46)	Lr 1.000e-03 (1.000e-03)
2026-02-08 18:02:26,982 - INFO: Epoch: [12][300/582]	Time  0.028 ( 0.031)	Loss 4.4312e-02 (1.4188e-01)	Acc pseudo  95.31 ( 94.44)	Lr 1.000e-03 (1.000e-03)
2026-02-08 18:02:31,630 - INFO: Epoch: [12][350/582]	Time  0.029 ( 0.030)	Loss 1.4174e-01 (1.4316e-01)	Acc pseudo  92.19 ( 94.38)	Lr 1.000e-03 (1.000e-03)
2026-02-08 18:02:36,281 - INFO: Epoch: [12][400/582]	Time  0.028 ( 0.030)	Loss 1.8162e-01 (1.4446e-01)	Acc pseudo  89.06 ( 94.36)	Lr 1.000e-03 (1.000e-03)
2026-02-08 18:02:40,929 - INFO: Epoch: [12][450/582]	Time  0.027 ( 0.030)	Loss 1.0636e-01 (1.4548e-01)	Acc pseudo  98.44 ( 94.35)	Lr 1.000e-03 (1.000e-03)
2026-02-08 18:02:45,578 - INFO: Epoch: [12][500/582]	Time  0.028 ( 0.030)	Loss 5.6715e-02 (1.4464e-01)	Acc pseudo  95.31 ( 94.41)	Lr 1.000e-03 (1.000e-03)
2026-02-08 18:02:50,230 - INFO: Epoch: [12][550/582]	Time  0.027 ( 0.029)	Loss 1.6348e-01 (1.4445e-01)	Acc pseudo  95.31 ( 94.43)	Lr 1.000e-03 (1.000e-03)
2026-02-08 18:02:53,123 - INFO: Round 3, Face Fine-tune Epoch 12: loss=0.1439, acc(pseudo)=94.41%
2026-02-08 18:03:50,702 - INFO: Round 3, Face Fine-tune Epoch 12: acc(valid_pseudo): 0.9972, acc: 0.8432
2026-02-08 18:03:50,702 - INFO: Round 3, Face Fine-tune Epoch 12: No improvement. Patience(epoch): 2/3
2026-02-08 18:03:51,307 - INFO: Epoch: [13][  0/582]	Time  0.568 ( 0.568)	Loss 2.3551e-01 (2.3551e-01)	Acc pseudo  92.19 ( 92.19)	Lr 1.000e-03 (1.000e-03)
2026-02-08 18:03:55,948 - INFO: Epoch: [13][ 50/582]	Time  0.027 ( 0.040)	Loss 6.5457e-02 (1.5001e-01)	Acc pseudo  96.88 ( 94.33)	Lr 1.000e-03 (1.000e-03)
2026-02-08 18:04:00,592 - INFO: Epoch: [13][100/582]	Time  0.027 ( 0.034)	Loss 1.8701e-01 (1.5857e-01)	Acc pseudo  90.62 ( 94.15)	Lr 1.000e-03 (1.000e-03)
2026-02-08 18:04:05,236 - INFO: Epoch: [13][150/582]	Time  0.027 ( 0.032)	Loss 1.2855e-01 (1.4816e-01)	Acc pseudo  92.19 ( 94.33)	Lr 1.000e-03 (1.000e-03)
2026-02-08 18:04:09,885 - INFO: Epoch: [13][200/582]	Time  0.027 ( 0.031)	Loss 1.1816e-01 (1.4767e-01)	Acc pseudo  95.31 ( 94.41)	Lr 1.000e-03 (1.000e-03)
2026-02-08 18:04:14,532 - INFO: Epoch: [13][250/582]	Time  0.027 ( 0.030)	Loss 1.9183e-01 (1.4722e-01)	Acc pseudo  93.75 ( 94.43)	Lr 1.000e-03 (1.000e-03)
2026-02-08 18:04:19,181 - INFO: Epoch: [13][300/582]	Time  0.028 ( 0.030)	Loss 9.5926e-02 (1.4905e-01)	Acc pseudo  95.31 ( 94.38)	Lr 1.000e-03 (1.000e-03)
2026-02-08 18:04:23,831 - INFO: Epoch: [13][350/582]	Time  0.040 ( 0.030)	Loss 9.8571e-02 (1.4622e-01)	Acc pseudo  96.88 ( 94.42)	Lr 1.000e-03 (1.000e-03)
2026-02-08 18:04:28,479 - INFO: Epoch: [13][400/582]	Time  0.027 ( 0.029)	Loss 3.1071e-01 (1.4609e-01)	Acc pseudo  92.19 ( 94.46)	Lr 1.000e-03 (1.000e-03)
2026-02-08 18:04:33,155 - INFO: Epoch: [13][450/582]	Time  0.032 ( 0.029)	Loss 3.1458e-01 (1.4523e-01)	Acc pseudo  95.31 ( 94.45)	Lr 1.000e-03 (1.000e-03)
2026-02-08 18:04:37,803 - INFO: Epoch: [13][500/582]	Time  0.028 ( 0.029)	Loss 2.6175e-01 (1.4455e-01)	Acc pseudo  90.62 ( 94.49)	Lr 1.000e-03 (1.000e-03)
2026-02-08 18:04:42,454 - INFO: Epoch: [13][550/582]	Time  0.027 ( 0.029)	Loss 1.3209e-01 (1.4761e-01)	Acc pseudo  95.31 ( 94.37)	Lr 1.000e-03 (1.000e-03)
2026-02-08 18:04:45,350 - INFO: Round 3, Face Fine-tune Epoch 13: loss=0.1477, acc(pseudo)=94.39%
2026-02-08 18:05:42,163 - INFO: Round 3, Face Fine-tune Epoch 13: acc(valid_pseudo): 0.9968, acc: 0.8403
2026-02-08 18:05:42,163 - INFO: Round 3, Face Fine-tune Epoch 13: No improvement. Patience(epoch): 3/3
2026-02-08 18:05:42,163 - INFO: Early stopping at face epoch 13
2026-02-08 18:05:42,164 - INFO: Round 3: Best face fine-tuned epoch=10, acc(valid_pseudo)=0.9980
2026-02-08 18:06:12,421 - INFO: Round 3: speaker_acc=0.7245
2026-02-08 18:06:12,424 - INFO: Round 3: face_acc=0.8393
2026-02-08 18:06:12,427 - INFO: ====================
2026-02-08 18:06:12,427 - INFO: Round 4: Fine-tuning iteration
2026-02-08 18:06:12,427 - INFO: ====================
2026-02-08 18:06:12,486 - INFO: Round 4 Part 1: Fine-tuning embedding model
2026-02-08 18:06:12,487 - INFO: Using pseudo-label file: runs/I love my family/exp_video/result/self_supervised/baseline_joint/exp0/round3/pseudo_label/pseudo_labels_audio_baseline_joint.json
2026-02-08 18:06:12,512 - INFO: For training, Using face pseudo-label file: runs/I love my family/exp_video/result/self_supervised/baseline_joint/exp0/round3/pseudo_label/pseudo_labels_faces_mid_frame_train_baseline_joint.json
2026-02-08 18:06:12,512 - INFO: For infering, Using face pseudo-label file: runs/I love my family/exp_video/result/self_supervised/baseline_joint/exp0/round3/pseudo_label/pseudo_labels_faces_mid_frame_all_baseline_joint.json
2026-02-08 18:06:12,644 - INFO: Created face dataloader with 37219 samples
2026-02-08 18:06:12,648 - INFO: Warmup training speaker classifier for 2 epochs...
2026-02-08 18:06:12,914 - INFO: Epoch: [0][  0/301]	Time  0.262 ( 0.262)	Loss 2.2747e+00 (2.2747e+00)	Acc pseudo  14.06 ( 14.06)	Lr 1.000e-03 (1.000e-03)
2026-02-08 18:06:13,154 - INFO: Epoch: [0][ 50/301]	Time  0.002 ( 0.010)	Loss 3.2075e-01 (7.5097e-01)	Acc pseudo  95.31 ( 83.92)	Lr 1.000e-03 (1.000e-03)
2026-02-08 18:06:13,280 - INFO: Epoch: [0][100/301]	Time  0.002 ( 0.006)	Loss 2.2500e-01 (5.2621e-01)	Acc pseudo  92.19 ( 87.65)	Lr 1.000e-03 (1.000e-03)
2026-02-08 18:06:13,404 - INFO: Epoch: [0][150/301]	Time  0.002 ( 0.005)	Loss 3.1802e-01 (4.3884e-01)	Acc pseudo  89.06 ( 89.23)	Lr 1.000e-03 (1.000e-03)
2026-02-08 18:06:13,527 - INFO: Epoch: [0][200/301]	Time  0.002 ( 0.004)	Loss 1.1334e-01 (3.8677e-01)	Acc pseudo  95.31 ( 89.99)	Lr 1.000e-03 (1.000e-03)
2026-02-08 18:06:13,650 - INFO: Epoch: [0][250/301]	Time  0.002 ( 0.004)	Loss 2.5899e-01 (3.5768e-01)	Acc pseudo  92.19 ( 90.44)	Lr 1.000e-03 (1.000e-03)
2026-02-08 18:06:13,768 - INFO: Epoch: [0][300/301]	Time  0.002 ( 0.004)	Loss 3.6328e-01 (3.3336e-01)	Acc pseudo  84.00 ( 90.80)	Lr 1.000e-03 (1.000e-03)
2026-02-08 18:06:13,803 - INFO: Round 4, Speaker Warmup Epoch 0: loss=0.3334, acc(pseudo)=90.80%
2026-02-08 18:06:14,062 - INFO: Epoch: [1][  0/301]	Time  0.254 ( 0.254)	Loss 1.9380e-01 (1.9380e-01)	Acc pseudo  92.19 ( 92.19)	Lr 1.000e-03 (1.000e-03)
2026-02-08 18:06:14,304 - INFO: Epoch: [1][ 50/301]	Time  0.002 ( 0.010)	Loss 1.9710e-01 (2.2464e-01)	Acc pseudo  95.31 ( 92.10)	Lr 1.000e-03 (1.000e-03)
2026-02-08 18:06:14,434 - INFO: Epoch: [1][100/301]	Time  0.003 ( 0.006)	Loss 3.0306e-01 (2.2203e-01)	Acc pseudo  85.94 ( 92.23)	Lr 1.000e-03 (1.000e-03)
2026-02-08 18:06:14,559 - INFO: Epoch: [1][150/301]	Time  0.003 ( 0.005)	Loss 2.9822e-01 (2.2642e-01)	Acc pseudo  89.06 ( 92.15)	Lr 1.000e-03 (1.000e-03)
2026-02-08 18:06:14,680 - INFO: Epoch: [1][200/301]	Time  0.002 ( 0.004)	Loss 1.9432e-01 (2.2352e-01)	Acc pseudo  89.06 ( 92.23)	Lr 1.000e-03 (1.000e-03)
2026-02-08 18:06:14,797 - INFO: Epoch: [1][250/301]	Time  0.003 ( 0.004)	Loss 2.1344e-01 (2.1542e-01)	Acc pseudo  89.06 ( 92.55)	Lr 1.000e-03 (1.000e-03)
2026-02-08 18:06:14,914 - INFO: Epoch: [1][300/301]	Time  0.002 ( 0.004)	Loss 1.0422e-01 (2.1146e-01)	Acc pseudo  96.00 ( 92.65)	Lr 1.000e-03 (1.000e-03)
2026-02-08 18:06:14,950 - INFO: Round 4, Speaker Warmup Epoch 1: loss=0.2115, acc(pseudo)=92.65%
2026-02-08 18:06:14,954 - INFO: Warmup training face classifier for 2 epochs...
2026-02-08 18:06:15,551 - INFO: Epoch: [0][  0/582]	Time  0.561 ( 0.561)	Loss 2.6128e+00 (2.6128e+00)	Acc pseudo   7.81 (  7.81)	Lr 1.000e-03 (1.000e-03)
2026-02-08 18:06:20,118 - INFO: Epoch: [0][ 50/582]	Time  0.029 ( 0.043)	Loss 6.6053e-01 (1.1068e+00)	Acc pseudo  85.94 ( 79.47)	Lr 1.000e-03 (1.000e-03)
2026-02-08 18:06:24,686 - INFO: Epoch: [0][100/582]	Time  0.028 ( 0.035)	Loss 2.1386e-01 (7.5177e-01)	Acc pseudo  92.19 ( 85.41)	Lr 1.000e-03 (1.000e-03)
2026-02-08 18:06:29,261 - INFO: Epoch: [0][150/582]	Time  0.026 ( 0.033)	Loss 2.9113e-01 (5.9502e-01)	Acc pseudo  90.62 ( 87.93)	Lr 1.000e-03 (1.000e-03)
2026-02-08 18:06:33,867 - INFO: Epoch: [0][200/582]	Time  0.026 ( 0.031)	Loss 1.0766e-01 (5.0268e-01)	Acc pseudo  98.44 ( 89.44)	Lr 1.000e-03 (1.000e-03)
2026-02-08 18:06:38,447 - INFO: Epoch: [0][250/582]	Time  0.026 ( 0.031)	Loss 1.8881e-01 (4.4633e-01)	Acc pseudo  95.31 ( 90.25)	Lr 1.000e-03 (1.000e-03)
2026-02-08 18:06:43,025 - INFO: Epoch: [0][300/582]	Time  0.026 ( 0.030)	Loss 1.1606e-01 (4.0460e-01)	Acc pseudo  96.88 ( 90.84)	Lr 1.000e-03 (1.000e-03)
2026-02-08 18:06:47,604 - INFO: Epoch: [0][350/582]	Time  0.026 ( 0.030)	Loss 1.1973e-01 (3.7006e-01)	Acc pseudo  95.31 ( 91.44)	Lr 1.000e-03 (1.000e-03)
2026-02-08 18:06:52,184 - INFO: Epoch: [0][400/582]	Time  0.039 ( 0.029)	Loss 6.8938e-02 (3.4306e-01)	Acc pseudo  96.88 ( 91.87)	Lr 1.000e-03 (1.000e-03)
2026-02-08 18:06:56,763 - INFO: Epoch: [0][450/582]	Time  0.026 ( 0.029)	Loss 1.9040e-01 (3.2340e-01)	Acc pseudo  90.62 ( 92.18)	Lr 1.000e-03 (1.000e-03)
2026-02-08 18:07:01,346 - INFO: Epoch: [0][500/582]	Time  0.027 ( 0.029)	Loss 1.5585e-01 (3.0716e-01)	Acc pseudo  92.19 ( 92.44)	Lr 1.000e-03 (1.000e-03)
2026-02-08 18:07:05,925 - INFO: Epoch: [0][550/582]	Time  0.030 ( 0.029)	Loss 1.4811e-01 (2.9382e-01)	Acc pseudo  95.31 ( 92.60)	Lr 1.000e-03 (1.000e-03)
2026-02-08 18:07:08,777 - INFO: Round 4, Face Warmup Epoch 0: loss=0.2870, acc(pseudo)=92.69%
2026-02-08 18:07:09,374 - INFO: Epoch: [1][  0/582]	Time  0.563 ( 0.563)	Loss 7.8754e-02 (7.8754e-02)	Acc pseudo  93.75 ( 93.75)	Lr 1.000e-03 (1.000e-03)
2026-02-08 18:07:13,956 - INFO: Epoch: [1][ 50/582]	Time  0.034 ( 0.038)	Loss 9.4755e-02 (1.4957e-01)	Acc pseudo  96.88 ( 94.36)	Lr 1.000e-03 (1.000e-03)
2026-02-08 18:07:18,537 - INFO: Epoch: [1][100/582]	Time  0.027 ( 0.033)	Loss 2.1806e-01 (1.4036e-01)	Acc pseudo  92.19 ( 94.86)	Lr 1.000e-03 (1.000e-03)
2026-02-08 18:07:23,118 - INFO: Epoch: [1][150/582]	Time  0.027 ( 0.032)	Loss 5.9178e-02 (1.4061e-01)	Acc pseudo  96.88 ( 95.17)	Lr 1.000e-03 (1.000e-03)
2026-02-08 18:07:27,697 - INFO: Epoch: [1][200/582]	Time  0.026 ( 0.030)	Loss 5.0075e-02 (1.4193e-01)	Acc pseudo 100.00 ( 94.98)	Lr 1.000e-03 (1.000e-03)
2026-02-08 18:07:32,279 - INFO: Epoch: [1][250/582]	Time  0.027 ( 0.030)	Loss 1.4019e-01 (1.3817e-01)	Acc pseudo  92.19 ( 95.04)	Lr 1.000e-03 (1.000e-03)
2026-02-08 18:07:36,861 - INFO: Epoch: [1][300/582]	Time  0.028 ( 0.029)	Loss 3.9837e-01 (1.3621e-01)	Acc pseudo  96.88 ( 95.18)	Lr 1.000e-03 (1.000e-03)
2026-02-08 18:07:41,441 - INFO: Epoch: [1][350/582]	Time  0.026 ( 0.029)	Loss 1.0784e-01 (1.3871e-01)	Acc pseudo  92.19 ( 95.05)	Lr 1.000e-03 (1.000e-03)
2026-02-08 18:07:46,023 - INFO: Epoch: [1][400/582]	Time  0.027 ( 0.029)	Loss 1.8516e-01 (1.4221e-01)	Acc pseudo  90.62 ( 94.97)	Lr 1.000e-03 (1.000e-03)
2026-02-08 18:07:50,604 - INFO: Epoch: [1][450/582]	Time  0.027 ( 0.029)	Loss 3.2904e-01 (1.4251e-01)	Acc pseudo  87.50 ( 94.97)	Lr 1.000e-03 (1.000e-03)
2026-02-08 18:07:55,186 - INFO: Epoch: [1][500/582]	Time  0.028 ( 0.028)	Loss 9.8191e-02 (1.4307e-01)	Acc pseudo  95.31 ( 94.96)	Lr 1.000e-03 (1.000e-03)
2026-02-08 18:07:59,767 - INFO: Epoch: [1][550/582]	Time  0.028 ( 0.028)	Loss 1.8246e-01 (1.4226e-01)	Acc pseudo  95.31 ( 95.01)	Lr 1.000e-03 (1.000e-03)
2026-02-08 18:08:02,618 - INFO: Round 4, Face Warmup Epoch 1: loss=0.1404, acc(pseudo)=95.05%
2026-02-08 18:08:02,627 - INFO: Fine-tuning speaker embedding model for 20 epochs...
2026-02-08 18:08:02,896 - INFO: Epoch: [0][  0/301]	Time  0.266 ( 0.266)	Loss 8.1639e-02 (8.1639e-02)	Acc pseudo  98.44 ( 98.44)	Lr 1.000e-03 (1.000e-03)
2026-02-08 18:08:03,140 - INFO: Epoch: [0][ 50/301]	Time  0.003 ( 0.010)	Loss 1.0516e-01 (2.0204e-01)	Acc pseudo  93.75 ( 92.92)	Lr 1.000e-03 (1.000e-03)
2026-02-08 18:08:03,281 - INFO: Epoch: [0][100/301]	Time  0.003 ( 0.006)	Loss 4.5977e-01 (2.0164e-01)	Acc pseudo  85.94 ( 93.07)	Lr 1.000e-03 (1.000e-03)
2026-02-08 18:08:03,419 - INFO: Epoch: [0][150/301]	Time  0.003 ( 0.005)	Loss 3.0011e-01 (2.1344e-01)	Acc pseudo  92.19 ( 92.65)	Lr 1.000e-03 (1.000e-03)
2026-02-08 18:08:03,556 - INFO: Epoch: [0][200/301]	Time  0.002 ( 0.005)	Loss 1.0457e-01 (2.1369e-01)	Acc pseudo  96.88 ( 92.73)	Lr 1.000e-03 (1.000e-03)
2026-02-08 18:08:03,700 - INFO: Epoch: [0][250/301]	Time  0.003 ( 0.004)	Loss 2.0433e-01 (2.1564e-01)	Acc pseudo  92.19 ( 92.56)	Lr 1.000e-03 (1.000e-03)
2026-02-08 18:08:03,840 - INFO: Epoch: [0][300/301]	Time  0.002 ( 0.004)	Loss 2.9602e-02 (2.1721e-01)	Acc pseudo 100.00 ( 92.54)	Lr 1.000e-03 (1.000e-03)
2026-02-08 18:08:03,879 - INFO: Round 4, Fine-tune Epoch 0: loss=0.2172, acc(pseudo)=92.54%
2026-02-08 18:08:10,842 - INFO: Round 4, Fine-tune Epoch 0: acc(valid_pseudo): 0.7195, acc: 0.7195
2026-02-08 18:08:11,543 - INFO: Epoch: [1][  0/301]	Time  0.277 ( 0.277)	Loss 1.2964e-01 (1.2964e-01)	Acc pseudo  95.31 ( 95.31)	Lr 1.000e-03 (1.000e-03)
2026-02-08 18:08:11,787 - INFO: Epoch: [1][ 50/301]	Time  0.003 ( 0.010)	Loss 3.3845e-01 (1.8963e-01)	Acc pseudo  87.50 ( 92.86)	Lr 1.000e-03 (1.000e-03)
2026-02-08 18:08:11,930 - INFO: Epoch: [1][100/301]	Time  0.002 ( 0.006)	Loss 1.1966e-01 (1.8954e-01)	Acc pseudo  96.88 ( 93.13)	Lr 1.000e-03 (1.000e-03)
2026-02-08 18:08:12,072 - INFO: Epoch: [1][150/301]	Time  0.003 ( 0.005)	Loss 2.1451e-01 (1.9772e-01)	Acc pseudo  93.75 ( 93.04)	Lr 1.000e-03 (1.000e-03)
2026-02-08 18:08:12,213 - INFO: Epoch: [1][200/301]	Time  0.003 ( 0.005)	Loss 1.6645e-01 (1.9581e-01)	Acc pseudo  90.62 ( 93.09)	Lr 1.000e-03 (1.000e-03)
2026-02-08 18:08:12,349 - INFO: Epoch: [1][250/301]	Time  0.003 ( 0.004)	Loss 8.8453e-02 (1.9505e-01)	Acc pseudo  93.75 ( 93.12)	Lr 1.000e-03 (1.000e-03)
2026-02-08 18:08:12,482 - INFO: Epoch: [1][300/301]	Time  0.002 ( 0.004)	Loss 2.8212e-01 (1.9603e-01)	Acc pseudo  88.00 ( 93.08)	Lr 1.000e-03 (1.000e-03)
2026-02-08 18:08:12,518 - INFO: Round 4, Fine-tune Epoch 1: loss=0.1960, acc(pseudo)=93.08%
2026-02-08 18:08:19,338 - INFO: Round 4, Fine-tune Epoch 1: acc(valid_pseudo): 0.7080, acc: 0.7080
2026-02-08 18:08:19,338 - INFO: Round 4, Speaker Fine-tune Epoch 1: No improvement in validation accuracy. Patience(epoch): 1/3
2026-02-08 18:08:19,618 - INFO: Epoch: [2][  0/301]	Time  0.274 ( 0.274)	Loss 1.7391e-01 (1.7391e-01)	Acc pseudo  93.75 ( 93.75)	Lr 1.000e-03 (1.000e-03)
2026-02-08 18:08:19,864 - INFO: Epoch: [2][ 50/301]	Time  0.003 ( 0.010)	Loss 1.4995e-01 (1.6917e-01)	Acc pseudo  95.31 ( 93.41)	Lr 1.000e-03 (1.000e-03)
2026-02-08 18:08:20,009 - INFO: Epoch: [2][100/301]	Time  0.002 ( 0.006)	Loss 1.3077e-01 (1.7580e-01)	Acc pseudo  95.31 ( 93.55)	Lr 1.000e-03 (1.000e-03)
2026-02-08 18:08:20,155 - INFO: Epoch: [2][150/301]	Time  0.003 ( 0.005)	Loss 2.3031e-01 (1.7700e-01)	Acc pseudo  89.06 ( 93.49)	Lr 1.000e-03 (1.000e-03)
2026-02-08 18:08:20,297 - INFO: Epoch: [2][200/301]	Time  0.003 ( 0.005)	Loss 2.1996e-01 (1.8374e-01)	Acc pseudo  90.62 ( 93.35)	Lr 1.000e-03 (1.000e-03)
2026-02-08 18:08:20,447 - INFO: Epoch: [2][250/301]	Time  0.003 ( 0.004)	Loss 1.8052e-01 (1.9113e-01)	Acc pseudo  93.75 ( 93.23)	Lr 1.000e-03 (1.000e-03)
2026-02-08 18:08:20,593 - INFO: Epoch: [2][300/301]	Time  0.002 ( 0.004)	Loss 1.7906e-01 (1.9296e-01)	Acc pseudo  92.00 ( 93.19)	Lr 1.000e-03 (1.000e-03)
2026-02-08 18:08:20,630 - INFO: Round 4, Fine-tune Epoch 2: loss=0.1930, acc(pseudo)=93.19%
2026-02-08 18:08:28,076 - INFO: Round 4, Fine-tune Epoch 2: acc(valid_pseudo): 0.7090, acc: 0.7090
2026-02-08 18:08:28,076 - INFO: Round 4, Speaker Fine-tune Epoch 2: No improvement in validation accuracy. Patience(epoch): 2/3
2026-02-08 18:08:28,375 - INFO: Epoch: [3][  0/301]	Time  0.293 ( 0.293)	Loss 8.1466e-02 (8.1466e-02)	Acc pseudo  98.44 ( 98.44)	Lr 1.000e-03 (1.000e-03)
2026-02-08 18:08:28,632 - INFO: Epoch: [3][ 50/301]	Time  0.003 ( 0.011)	Loss 6.4047e-02 (1.5121e-01)	Acc pseudo  96.88 ( 94.55)	Lr 1.000e-03 (1.000e-03)
2026-02-08 18:08:28,807 - INFO: Epoch: [3][100/301]	Time  0.003 ( 0.007)	Loss 8.4397e-02 (1.5681e-01)	Acc pseudo  96.88 ( 94.12)	Lr 1.000e-03 (1.000e-03)
2026-02-08 18:08:28,967 - INFO: Epoch: [3][150/301]	Time  0.003 ( 0.006)	Loss 7.7351e-02 (1.5500e-01)	Acc pseudo  96.88 ( 94.15)	Lr 1.000e-03 (1.000e-03)
2026-02-08 18:08:29,109 - INFO: Epoch: [3][200/301]	Time  0.002 ( 0.005)	Loss 7.9009e-02 (1.5811e-01)	Acc pseudo  96.88 ( 94.18)	Lr 1.000e-03 (1.000e-03)
2026-02-08 18:08:29,250 - INFO: Epoch: [3][250/301]	Time  0.003 ( 0.005)	Loss 5.5107e-02 (1.6181e-01)	Acc pseudo  96.88 ( 94.11)	Lr 1.000e-03 (1.000e-03)
2026-02-08 18:08:29,386 - INFO: Epoch: [3][300/301]	Time  0.002 ( 0.004)	Loss 9.2176e-02 (1.6055e-01)	Acc pseudo  96.00 ( 94.18)	Lr 1.000e-03 (1.000e-03)
2026-02-08 18:08:29,422 - INFO: Round 4, Fine-tune Epoch 3: loss=0.1605, acc(pseudo)=94.18%
2026-02-08 18:08:36,234 - INFO: Round 4, Fine-tune Epoch 3: acc(valid_pseudo): 0.7180, acc: 0.7180
2026-02-08 18:08:36,234 - INFO: Round 4, Speaker Fine-tune Epoch 3: No improvement in validation accuracy. Patience(epoch): 3/3
2026-02-08 18:08:36,234 - INFO: Early stopping at epoch 3 due to no improvement in validation accuracy for 3 epochs.
2026-02-08 18:08:36,235 - INFO: Round 4: Best speaker fine-tuned epoch=0, acc(valid_pseudo)=0.7195
2026-02-08 18:08:36,239 - INFO: Fine-tuning face embedding model for 20 epochs...
2026-02-08 18:08:36,894 - INFO: Epoch: [0][  0/582]	Time  0.618 ( 0.618)	Loss 6.5387e-02 (6.5387e-02)	Acc pseudo  98.44 ( 98.44)	Lr 1.000e-03 (1.000e-03)
2026-02-08 18:08:41,530 - INFO: Epoch: [0][ 50/582]	Time  0.030 ( 0.042)	Loss 3.9304e-01 (1.3773e-01)	Acc pseudo  92.19 ( 95.96)	Lr 1.000e-03 (1.000e-03)
2026-02-08 18:08:46,168 - INFO: Epoch: [0][100/582]	Time  0.027 ( 0.034)	Loss 1.5702e-01 (1.2384e-01)	Acc pseudo  93.75 ( 95.93)	Lr 1.000e-03 (1.000e-03)
2026-02-08 18:08:50,810 - INFO: Epoch: [0][150/582]	Time  0.027 ( 0.032)	Loss 1.8351e-01 (1.2741e-01)	Acc pseudo  89.06 ( 95.59)	Lr 1.000e-03 (1.000e-03)
2026-02-08 18:08:55,456 - INFO: Epoch: [0][200/582]	Time  0.028 ( 0.031)	Loss 1.2608e-02 (1.2727e-01)	Acc pseudo 100.00 ( 95.60)	Lr 1.000e-03 (1.000e-03)
2026-02-08 18:09:00,109 - INFO: Epoch: [0][250/582]	Time  0.032 ( 0.031)	Loss 8.8835e-02 (1.2983e-01)	Acc pseudo  98.44 ( 95.52)	Lr 1.000e-03 (1.000e-03)
2026-02-08 18:09:04,759 - INFO: Epoch: [0][300/582]	Time  0.027 ( 0.031)	Loss 5.3199e-02 (1.3126e-01)	Acc pseudo  96.88 ( 95.44)	Lr 1.000e-03 (1.000e-03)
2026-02-08 18:09:09,407 - INFO: Epoch: [0][350/582]	Time  0.031 ( 0.030)	Loss 4.9965e-02 (1.2813e-01)	Acc pseudo  95.31 ( 95.46)	Lr 1.000e-03 (1.000e-03)
2026-02-08 18:09:14,057 - INFO: Epoch: [0][400/582]	Time  0.026 ( 0.030)	Loss 5.8009e-02 (1.2725e-01)	Acc pseudo  98.44 ( 95.47)	Lr 1.000e-03 (1.000e-03)
2026-02-08 18:09:18,708 - INFO: Epoch: [0][450/582]	Time  0.040 ( 0.030)	Loss 1.8898e-01 (1.2734e-01)	Acc pseudo  93.75 ( 95.46)	Lr 1.000e-03 (1.000e-03)
2026-02-08 18:09:23,359 - INFO: Epoch: [0][500/582]	Time  0.026 ( 0.030)	Loss 1.1349e-01 (1.2720e-01)	Acc pseudo  96.88 ( 95.47)	Lr 1.000e-03 (1.000e-03)
2026-02-08 18:09:28,006 - INFO: Epoch: [0][550/582]	Time  0.027 ( 0.029)	Loss 1.3940e-01 (1.2705e-01)	Acc pseudo  95.31 ( 95.43)	Lr 1.000e-03 (1.000e-03)
2026-02-08 18:09:30,898 - INFO: Round 4, Face Fine-tune Epoch 0: loss=0.1277, acc(pseudo)=95.40%
2026-02-08 18:10:27,559 - INFO: Round 4, Face Fine-tune Epoch 0: acc(valid_pseudo): 0.9960, acc: 0.8413
2026-02-08 18:10:29,127 - INFO: Epoch: [1][  0/582]	Time  0.568 ( 0.568)	Loss 4.6730e-02 (4.6730e-02)	Acc pseudo  95.31 ( 95.31)	Lr 1.000e-03 (1.000e-03)
2026-02-08 18:10:33,768 - INFO: Epoch: [1][ 50/582]	Time  0.028 ( 0.040)	Loss 6.2222e-02 (1.2101e-01)	Acc pseudo  98.44 ( 95.10)	Lr 1.000e-03 (1.000e-03)
2026-02-08 18:10:38,415 - INFO: Epoch: [1][100/582]	Time  0.027 ( 0.035)	Loss 1.7912e-01 (1.0927e-01)	Acc pseudo  93.75 ( 95.36)	Lr 1.000e-03 (1.000e-03)
2026-02-08 18:10:43,064 - INFO: Epoch: [1][150/582]	Time  0.030 ( 0.033)	Loss 4.2597e-02 (1.0638e-01)	Acc pseudo  98.44 ( 95.71)	Lr 1.000e-03 (1.000e-03)
2026-02-08 18:10:47,712 - INFO: Epoch: [1][200/582]	Time  0.029 ( 0.032)	Loss 4.7938e-02 (1.1233e-01)	Acc pseudo  96.88 ( 95.48)	Lr 1.000e-03 (1.000e-03)
2026-02-08 18:10:52,362 - INFO: Epoch: [1][250/582]	Time  0.027 ( 0.031)	Loss 1.1812e-01 (1.0881e-01)	Acc pseudo  90.62 ( 95.50)	Lr 1.000e-03 (1.000e-03)
2026-02-08 18:10:57,019 - INFO: Epoch: [1][300/582]	Time  0.026 ( 0.030)	Loss 3.3199e-01 (1.0844e-01)	Acc pseudo  96.88 ( 95.62)	Lr 1.000e-03 (1.000e-03)
2026-02-08 18:11:01,671 - INFO: Epoch: [1][350/582]	Time  0.028 ( 0.030)	Loss 7.7497e-02 (1.1011e-01)	Acc pseudo  95.31 ( 95.50)	Lr 1.000e-03 (1.000e-03)
2026-02-08 18:11:06,323 - INFO: Epoch: [1][400/582]	Time  0.028 ( 0.030)	Loss 1.5074e-01 (1.1412e-01)	Acc pseudo  89.06 ( 95.39)	Lr 1.000e-03 (1.000e-03)
2026-02-08 18:11:10,975 - INFO: Epoch: [1][450/582]	Time  0.029 ( 0.029)	Loss 2.9548e-01 (1.1399e-01)	Acc pseudo  90.62 ( 95.36)	Lr 1.000e-03 (1.000e-03)
2026-02-08 18:11:15,626 - INFO: Epoch: [1][500/582]	Time  0.027 ( 0.029)	Loss 1.1269e-01 (1.1598e-01)	Acc pseudo  92.19 ( 95.31)	Lr 1.000e-03 (1.000e-03)
2026-02-08 18:11:20,278 - INFO: Epoch: [1][550/582]	Time  0.027 ( 0.029)	Loss 1.2214e-01 (1.1650e-01)	Acc pseudo  93.75 ( 95.30)	Lr 1.000e-03 (1.000e-03)
2026-02-08 18:11:23,173 - INFO: Round 4, Face Fine-tune Epoch 1: loss=0.1164, acc(pseudo)=95.29%
2026-02-08 18:12:20,128 - INFO: Round 4, Face Fine-tune Epoch 1: acc(valid_pseudo): 0.9963, acc: 0.8384
2026-02-08 18:12:22,026 - INFO: Epoch: [2][  0/582]	Time  0.779 ( 0.779)	Loss 6.5810e-02 (6.5810e-02)	Acc pseudo  98.44 ( 98.44)	Lr 1.000e-03 (1.000e-03)
2026-02-08 18:12:26,828 - INFO: Epoch: [2][ 50/582]	Time  0.027 ( 0.048)	Loss 2.2690e-01 (1.1437e-01)	Acc pseudo  92.19 ( 95.68)	Lr 1.000e-03 (1.000e-03)
2026-02-08 18:12:31,471 - INFO: Epoch: [2][100/582]	Time  0.028 ( 0.038)	Loss 6.1339e-02 (1.1055e-01)	Acc pseudo  96.88 ( 95.53)	Lr 1.000e-03 (1.000e-03)
2026-02-08 18:12:36,115 - INFO: Epoch: [2][150/582]	Time  0.027 ( 0.034)	Loss 4.3681e-02 (1.1389e-01)	Acc pseudo  96.88 ( 95.55)	Lr 1.000e-03 (1.000e-03)
2026-02-08 18:12:40,766 - INFO: Epoch: [2][200/582]	Time  0.039 ( 0.033)	Loss 1.1679e-01 (1.1699e-01)	Acc pseudo  93.75 ( 95.48)	Lr 1.000e-03 (1.000e-03)
2026-02-08 18:12:45,420 - INFO: Epoch: [2][250/582]	Time  0.027 ( 0.032)	Loss 1.5496e-01 (1.1763e-01)	Acc pseudo  92.19 ( 95.41)	Lr 1.000e-03 (1.000e-03)
2026-02-08 18:12:50,075 - INFO: Epoch: [2][300/582]	Time  0.027 ( 0.032)	Loss 1.8856e-01 (1.1949e-01)	Acc pseudo  92.19 ( 95.32)	Lr 1.000e-03 (1.000e-03)
2026-02-08 18:12:54,730 - INFO: Epoch: [2][350/582]	Time  0.028 ( 0.032)	Loss 1.6592e-01 (1.1798e-01)	Acc pseudo  96.88 ( 95.29)	Lr 1.000e-03 (1.000e-03)
2026-02-08 18:12:59,384 - INFO: Epoch: [2][400/582]	Time  0.027 ( 0.031)	Loss 2.6852e-01 (1.2164e-01)	Acc pseudo  92.19 ( 95.18)	Lr 1.000e-03 (1.000e-03)
2026-02-08 18:13:04,040 - INFO: Epoch: [2][450/582]	Time  0.032 ( 0.031)	Loss 6.2048e-02 (1.2326e-01)	Acc pseudo  96.88 ( 95.10)	Lr 1.000e-03 (1.000e-03)
2026-02-08 18:13:08,693 - INFO: Epoch: [2][500/582]	Time  0.027 ( 0.031)	Loss 8.1126e-02 (1.2373e-01)	Acc pseudo  96.88 ( 95.06)	Lr 1.000e-03 (1.000e-03)
2026-02-08 18:13:13,347 - INFO: Epoch: [2][550/582]	Time  0.027 ( 0.030)	Loss 1.8534e-01 (1.2372e-01)	Acc pseudo  93.75 ( 95.06)	Lr 1.000e-03 (1.000e-03)
2026-02-08 18:13:16,242 - INFO: Round 4, Face Fine-tune Epoch 2: loss=0.1248, acc(pseudo)=95.01%
2026-02-08 18:14:12,901 - INFO: Round 4, Face Fine-tune Epoch 2: acc(valid_pseudo): 0.9963, acc: 0.8374
2026-02-08 18:14:12,901 - INFO: Round 4, Face Fine-tune Epoch 2: No improvement. Patience(epoch): 1/3
2026-02-08 18:14:13,672 - INFO: Epoch: [3][  0/582]	Time  0.725 ( 0.725)	Loss 1.4254e-01 (1.4254e-01)	Acc pseudo  90.62 ( 90.62)	Lr 1.000e-03 (1.000e-03)
2026-02-08 18:14:18,317 - INFO: Epoch: [3][ 50/582]	Time  0.035 ( 0.042)	Loss 9.6905e-02 (1.1750e-01)	Acc pseudo  96.88 ( 95.25)	Lr 1.000e-03 (1.000e-03)
2026-02-08 18:14:22,963 - INFO: Epoch: [3][100/582]	Time  0.027 ( 0.036)	Loss 3.9540e-02 (1.0925e-01)	Acc pseudo  98.44 ( 95.54)	Lr 1.000e-03 (1.000e-03)
2026-02-08 18:14:27,613 - INFO: Epoch: [3][150/582]	Time  0.027 ( 0.033)	Loss 1.0689e-01 (1.1258e-01)	Acc pseudo  93.75 ( 95.43)	Lr 1.000e-03 (1.000e-03)
2026-02-08 18:14:32,262 - INFO: Epoch: [3][200/582]	Time  0.028 ( 0.032)	Loss 1.0406e-01 (1.1808e-01)	Acc pseudo  93.75 ( 95.31)	Lr 1.000e-03 (1.000e-03)
2026-02-08 18:14:36,915 - INFO: Epoch: [3][250/582]	Time  0.027 ( 0.031)	Loss 1.9820e-01 (1.1962e-01)	Acc pseudo  95.31 ( 95.32)	Lr 1.000e-03 (1.000e-03)
2026-02-08 18:14:41,565 - INFO: Epoch: [3][300/582]	Time  0.040 ( 0.031)	Loss 7.3191e-02 (1.2229e-01)	Acc pseudo  96.88 ( 95.26)	Lr 1.000e-03 (1.000e-03)
2026-02-08 18:14:46,215 - INFO: Epoch: [3][350/582]	Time  0.026 ( 0.031)	Loss 6.6456e-02 (1.2059e-01)	Acc pseudo  96.88 ( 95.28)	Lr 1.000e-03 (1.000e-03)
2026-02-08 18:14:50,902 - INFO: Epoch: [3][400/582]	Time  0.031 ( 0.030)	Loss 1.5500e-01 (1.2130e-01)	Acc pseudo  90.62 ( 95.26)	Lr 1.000e-03 (1.000e-03)
2026-02-08 18:14:55,551 - INFO: Epoch: [3][450/582]	Time  0.028 ( 0.030)	Loss 8.9432e-02 (1.1990e-01)	Acc pseudo  96.88 ( 95.28)	Lr 1.000e-03 (1.000e-03)
2026-02-08 18:15:00,197 - INFO: Epoch: [3][500/582]	Time  0.027 ( 0.030)	Loss 1.1425e-01 (1.2136e-01)	Acc pseudo  93.75 ( 95.22)	Lr 1.000e-03 (1.000e-03)
2026-02-08 18:15:04,847 - INFO: Epoch: [3][550/582]	Time  0.040 ( 0.030)	Loss 2.2399e-01 (1.2333e-01)	Acc pseudo  92.19 ( 95.17)	Lr 1.000e-03 (1.000e-03)
2026-02-08 18:15:07,741 - INFO: Round 4, Face Fine-tune Epoch 3: loss=0.1229, acc(pseudo)=95.18%
2026-02-08 18:16:05,066 - INFO: Round 4, Face Fine-tune Epoch 3: acc(valid_pseudo): 0.9964, acc: 0.8374
2026-02-08 18:16:06,795 - INFO: Epoch: [4][  0/582]	Time  0.578 ( 0.578)	Loss 7.5733e-02 (7.5733e-02)	Acc pseudo  98.44 ( 98.44)	Lr 1.000e-03 (1.000e-03)
2026-02-08 18:16:11,441 - INFO: Epoch: [4][ 50/582]	Time  0.027 ( 0.039)	Loss 6.1578e-02 (1.2103e-01)	Acc pseudo  96.88 ( 94.88)	Lr 1.000e-03 (1.000e-03)
2026-02-08 18:16:16,083 - INFO: Epoch: [4][100/582]	Time  0.029 ( 0.034)	Loss 5.5642e-02 (1.2012e-01)	Acc pseudo  98.44 ( 95.08)	Lr 1.000e-03 (1.000e-03)
2026-02-08 18:16:20,734 - INFO: Epoch: [4][150/582]	Time  0.027 ( 0.032)	Loss 3.6867e-02 (1.1776e-01)	Acc pseudo  98.44 ( 95.19)	Lr 1.000e-03 (1.000e-03)
2026-02-08 18:16:25,385 - INFO: Epoch: [4][200/582]	Time  0.030 ( 0.031)	Loss 8.7769e-02 (1.1475e-01)	Acc pseudo  93.75 ( 95.23)	Lr 1.000e-03 (1.000e-03)
2026-02-08 18:16:30,038 - INFO: Epoch: [4][250/582]	Time  0.027 ( 0.031)	Loss 1.3440e-01 (1.1311e-01)	Acc pseudo  93.75 ( 95.30)	Lr 1.000e-03 (1.000e-03)
2026-02-08 18:16:34,690 - INFO: Epoch: [4][300/582]	Time  0.031 ( 0.030)	Loss 2.8841e-01 (1.1312e-01)	Acc pseudo  93.75 ( 95.32)	Lr 1.000e-03 (1.000e-03)
2026-02-08 18:16:39,342 - INFO: Epoch: [4][350/582]	Time  0.027 ( 0.030)	Loss 1.3769e-01 (1.1378e-01)	Acc pseudo  95.31 ( 95.29)	Lr 1.000e-03 (1.000e-03)
2026-02-08 18:16:43,994 - INFO: Epoch: [4][400/582]	Time  0.027 ( 0.030)	Loss 2.2524e-01 (1.1579e-01)	Acc pseudo  87.50 ( 95.22)	Lr 1.000e-03 (1.000e-03)
2026-02-08 18:16:48,645 - INFO: Epoch: [4][450/582]	Time  0.027 ( 0.030)	Loss 5.0093e-02 (1.1410e-01)	Acc pseudo  98.44 ( 95.24)	Lr 1.000e-03 (1.000e-03)
2026-02-08 18:16:53,297 - INFO: Epoch: [4][500/582]	Time  0.028 ( 0.030)	Loss 7.0877e-02 (1.1360e-01)	Acc pseudo  95.31 ( 95.25)	Lr 1.000e-03 (1.000e-03)
2026-02-08 18:16:57,949 - INFO: Epoch: [4][550/582]	Time  0.027 ( 0.029)	Loss 1.0662e-01 (1.1359e-01)	Acc pseudo  95.31 ( 95.28)	Lr 1.000e-03 (1.000e-03)
2026-02-08 18:17:00,847 - INFO: Round 4, Face Fine-tune Epoch 4: loss=0.1129, acc(pseudo)=95.32%
2026-02-08 18:17:57,855 - INFO: Round 4, Face Fine-tune Epoch 4: acc(valid_pseudo): 0.9978, acc: 0.8393
2026-02-08 18:17:59,555 - INFO: Epoch: [5][  0/582]	Time  0.576 ( 0.576)	Loss 5.3489e-02 (5.3489e-02)	Acc pseudo  98.44 ( 98.44)	Lr 1.000e-03 (1.000e-03)
2026-02-08 18:18:04,200 - INFO: Epoch: [5][ 50/582]	Time  0.027 ( 0.039)	Loss 8.2751e-02 (1.0187e-01)	Acc pseudo  95.31 ( 95.37)	Lr 1.000e-03 (1.000e-03)
2026-02-08 18:18:08,847 - INFO: Epoch: [5][100/582]	Time  0.027 ( 0.034)	Loss 1.7758e-01 (1.0572e-01)	Acc pseudo  92.19 ( 95.36)	Lr 1.000e-03 (1.000e-03)
2026-02-08 18:18:13,493 - INFO: Epoch: [5][150/582]	Time  0.026 ( 0.032)	Loss 3.8589e-02 (1.0261e-01)	Acc pseudo  98.44 ( 95.48)	Lr 1.000e-03 (1.000e-03)
2026-02-08 18:18:18,142 - INFO: Epoch: [5][200/582]	Time  0.027 ( 0.030)	Loss 5.4127e-02 (1.0541e-01)	Acc pseudo  96.88 ( 95.56)	Lr 1.000e-03 (1.000e-03)
2026-02-08 18:18:22,790 - INFO: Epoch: [5][250/582]	Time  0.026 ( 0.030)	Loss 9.1914e-02 (1.0762e-01)	Acc pseudo  95.31 ( 95.57)	Lr 1.000e-03 (1.000e-03)
2026-02-08 18:18:27,439 - INFO: Epoch: [5][300/582]	Time  0.026 ( 0.029)	Loss 1.0562e-01 (1.0811e-01)	Acc pseudo  96.88 ( 95.56)	Lr 1.000e-03 (1.000e-03)
2026-02-08 18:18:32,088 - INFO: Epoch: [5][350/582]	Time  0.026 ( 0.029)	Loss 1.9575e-01 (1.0825e-01)	Acc pseudo  98.44 ( 95.56)	Lr 1.000e-03 (1.000e-03)
2026-02-08 18:18:36,739 - INFO: Epoch: [5][400/582]	Time  0.027 ( 0.029)	Loss 1.2529e-01 (1.0962e-01)	Acc pseudo  93.75 ( 95.54)	Lr 1.000e-03 (1.000e-03)
2026-02-08 18:18:41,387 - INFO: Epoch: [5][450/582]	Time  0.028 ( 0.029)	Loss 1.5515e-02 (1.1037e-01)	Acc pseudo 100.00 ( 95.48)	Lr 1.000e-03 (1.000e-03)
2026-02-08 18:18:46,039 - INFO: Epoch: [5][500/582]	Time  0.026 ( 0.029)	Loss 8.5613e-02 (1.1073e-01)	Acc pseudo  96.88 ( 95.44)	Lr 1.000e-03 (1.000e-03)
2026-02-08 18:18:50,690 - INFO: Epoch: [5][550/582]	Time  0.027 ( 0.029)	Loss 1.3755e-01 (1.1322e-01)	Acc pseudo  96.88 ( 95.38)	Lr 1.000e-03 (1.000e-03)
2026-02-08 18:18:53,585 - INFO: Round 4, Face Fine-tune Epoch 5: loss=0.1154, acc(pseudo)=95.35%
2026-02-08 18:19:50,403 - INFO: Round 4, Face Fine-tune Epoch 5: acc(valid_pseudo): 0.9978, acc: 0.8403
2026-02-08 18:19:52,209 - INFO: Epoch: [6][  0/582]	Time  0.662 ( 0.662)	Loss 9.6351e-02 (9.6351e-02)	Acc pseudo  96.88 ( 96.88)	Lr 1.000e-03 (1.000e-03)
2026-02-08 18:19:56,854 - INFO: Epoch: [6][ 50/582]	Time  0.035 ( 0.043)	Loss 1.3043e-01 (9.9360e-02)	Acc pseudo  95.31 ( 96.02)	Lr 1.000e-03 (1.000e-03)
2026-02-08 18:20:01,499 - INFO: Epoch: [6][100/582]	Time  0.033 ( 0.037)	Loss 5.1859e-02 (9.8402e-02)	Acc pseudo  98.44 ( 96.12)	Lr 1.000e-03 (1.000e-03)
2026-02-08 18:20:06,147 - INFO: Epoch: [6][150/582]	Time  0.028 ( 0.034)	Loss 1.2524e-01 (1.0786e-01)	Acc pseudo  92.19 ( 95.87)	Lr 1.000e-03 (1.000e-03)
2026-02-08 18:20:10,800 - INFO: Epoch: [6][200/582]	Time  0.027 ( 0.033)	Loss 1.0677e-01 (1.1013e-01)	Acc pseudo  95.31 ( 95.83)	Lr 1.000e-03 (1.000e-03)
2026-02-08 18:20:15,451 - INFO: Epoch: [6][250/582]	Time  0.025 ( 0.032)	Loss 1.0236e-01 (1.1353e-01)	Acc pseudo  92.19 ( 95.69)	Lr 1.000e-03 (1.000e-03)
2026-02-08 18:20:20,106 - INFO: Epoch: [6][300/582]	Time  0.032 ( 0.032)	Loss 1.0991e-01 (1.1481e-01)	Acc pseudo  93.75 ( 95.66)	Lr 1.000e-03 (1.000e-03)
2026-02-08 18:20:24,760 - INFO: Epoch: [6][350/582]	Time  0.027 ( 0.031)	Loss 1.3155e-01 (1.1461e-01)	Acc pseudo  92.19 ( 95.55)	Lr 1.000e-03 (1.000e-03)
2026-02-08 18:20:29,412 - INFO: Epoch: [6][400/582]	Time  0.028 ( 0.031)	Loss 3.1611e-01 (1.1519e-01)	Acc pseudo  87.50 ( 95.62)	Lr 1.000e-03 (1.000e-03)
2026-02-08 18:20:34,066 - INFO: Epoch: [6][450/582]	Time  0.027 ( 0.030)	Loss 6.6465e-02 (1.1464e-01)	Acc pseudo  96.88 ( 95.62)	Lr 1.000e-03 (1.000e-03)
2026-02-08 18:20:38,721 - INFO: Epoch: [6][500/582]	Time  0.028 ( 0.030)	Loss 5.4665e-02 (1.1455e-01)	Acc pseudo  98.44 ( 95.63)	Lr 1.000e-03 (1.000e-03)
2026-02-08 18:20:43,376 - INFO: Epoch: [6][550/582]	Time  0.027 ( 0.030)	Loss 2.7581e-02 (1.1683e-01)	Acc pseudo  98.44 ( 95.56)	Lr 1.000e-03 (1.000e-03)
2026-02-08 18:20:46,272 - INFO: Round 4, Face Fine-tune Epoch 6: loss=0.1169, acc(pseudo)=95.56%
2026-02-08 18:21:45,290 - INFO: Round 4, Face Fine-tune Epoch 6: acc(valid_pseudo): 0.9974, acc: 0.8384
2026-02-08 18:21:45,291 - INFO: Round 4, Face Fine-tune Epoch 6: No improvement. Patience(epoch): 1/3
2026-02-08 18:21:45,909 - INFO: Epoch: [7][  0/582]	Time  0.574 ( 0.574)	Loss 2.8531e-01 (2.8531e-01)	Acc pseudo  93.75 ( 93.75)	Lr 1.000e-03 (1.000e-03)
2026-02-08 18:21:50,557 - INFO: Epoch: [7][ 50/582]	Time  0.028 ( 0.040)	Loss 9.6830e-02 (1.1402e-01)	Acc pseudo  93.75 ( 95.53)	Lr 1.000e-03 (1.000e-03)
2026-02-08 18:21:55,199 - INFO: Epoch: [7][100/582]	Time  0.029 ( 0.034)	Loss 1.5853e-01 (1.2116e-01)	Acc pseudo  89.06 ( 95.53)	Lr 1.000e-03 (1.000e-03)
2026-02-08 18:21:59,844 - INFO: Epoch: [7][150/582]	Time  0.031 ( 0.032)	Loss 3.6661e-02 (1.2276e-01)	Acc pseudo  96.88 ( 95.45)	Lr 1.000e-03 (1.000e-03)
2026-02-08 18:22:04,490 - INFO: Epoch: [7][200/582]	Time  0.026 ( 0.031)	Loss 3.8374e-02 (1.1770e-01)	Acc pseudo  98.44 ( 95.55)	Lr 1.000e-03 (1.000e-03)
2026-02-08 18:22:09,136 - INFO: Epoch: [7][250/582]	Time  0.027 ( 0.030)	Loss 1.1826e-01 (1.1698e-01)	Acc pseudo  93.75 ( 95.54)	Lr 1.000e-03 (1.000e-03)
2026-02-08 18:22:13,785 - INFO: Epoch: [7][300/582]	Time  0.029 ( 0.030)	Loss 2.2466e-01 (1.1604e-01)	Acc pseudo  90.62 ( 95.51)	Lr 1.000e-03 (1.000e-03)
2026-02-08 18:22:18,434 - INFO: Epoch: [7][350/582]	Time  0.028 ( 0.029)	Loss 1.0241e-01 (1.1519e-01)	Acc pseudo  95.31 ( 95.51)	Lr 1.000e-03 (1.000e-03)
2026-02-08 18:22:23,084 - INFO: Epoch: [7][400/582]	Time  0.027 ( 0.029)	Loss 4.5940e-02 (1.1392e-01)	Acc pseudo 100.00 ( 95.54)	Lr 1.000e-03 (1.000e-03)
2026-02-08 18:22:27,788 - INFO: Epoch: [7][450/582]	Time  0.028 ( 0.030)	Loss 6.2891e-02 (1.1698e-01)	Acc pseudo  98.44 ( 95.50)	Lr 1.000e-03 (1.000e-03)
2026-02-08 18:22:32,439 - INFO: Epoch: [7][500/582]	Time  0.027 ( 0.030)	Loss 3.2174e-01 (1.1710e-01)	Acc pseudo  87.50 ( 95.47)	Lr 1.000e-03 (1.000e-03)
2026-02-08 18:22:37,090 - INFO: Epoch: [7][550/582]	Time  0.028 ( 0.030)	Loss 7.3819e-02 (1.2024e-01)	Acc pseudo  96.88 ( 95.38)	Lr 1.000e-03 (1.000e-03)
2026-02-08 18:22:39,982 - INFO: Round 4, Face Fine-tune Epoch 7: loss=0.1189, acc(pseudo)=95.38%
2026-02-08 18:23:36,642 - INFO: Round 4, Face Fine-tune Epoch 7: acc(valid_pseudo): 0.9971, acc: 0.8364
2026-02-08 18:23:36,642 - INFO: Round 4, Face Fine-tune Epoch 7: No improvement. Patience(epoch): 2/3
2026-02-08 18:23:37,299 - INFO: Epoch: [8][  0/582]	Time  0.622 ( 0.622)	Loss 4.2960e-02 (4.2960e-02)	Acc pseudo  95.31 ( 95.31)	Lr 1.000e-03 (1.000e-03)
2026-02-08 18:23:41,939 - INFO: Epoch: [8][ 50/582]	Time  0.028 ( 0.040)	Loss 1.4467e-01 (1.0032e-01)	Acc pseudo  95.31 ( 95.89)	Lr 1.000e-03 (1.000e-03)
2026-02-08 18:23:46,587 - INFO: Epoch: [8][100/582]	Time  0.038 ( 0.035)	Loss 1.2757e-01 (1.0906e-01)	Acc pseudo  93.75 ( 95.65)	Lr 1.000e-03 (1.000e-03)
2026-02-08 18:23:51,234 - INFO: Epoch: [8][150/582]	Time  0.029 ( 0.033)	Loss 1.6108e-01 (1.1519e-01)	Acc pseudo  90.62 ( 95.27)	Lr 1.000e-03 (1.000e-03)
2026-02-08 18:23:55,883 - INFO: Epoch: [8][200/582]	Time  0.029 ( 0.032)	Loss 9.8043e-02 (1.1748e-01)	Acc pseudo  95.31 ( 95.32)	Lr 1.000e-03 (1.000e-03)
2026-02-08 18:24:00,533 - INFO: Epoch: [8][250/582]	Time  0.027 ( 0.031)	Loss 1.0975e-01 (1.1737e-01)	Acc pseudo  90.62 ( 95.30)	Lr 1.000e-03 (1.000e-03)
2026-02-08 18:24:05,181 - INFO: Epoch: [8][300/582]	Time  0.037 ( 0.030)	Loss 1.0011e-01 (1.1478e-01)	Acc pseudo  96.88 ( 95.41)	Lr 1.000e-03 (1.000e-03)
2026-02-08 18:24:09,833 - INFO: Epoch: [8][350/582]	Time  0.029 ( 0.030)	Loss 1.1547e-01 (1.1551e-01)	Acc pseudo  96.88 ( 95.37)	Lr 1.000e-03 (1.000e-03)
2026-02-08 18:24:14,482 - INFO: Epoch: [8][400/582]	Time  0.028 ( 0.030)	Loss 4.3130e-02 (1.1926e-01)	Acc pseudo  98.44 ( 95.37)	Lr 1.000e-03 (1.000e-03)
2026-02-08 18:24:19,129 - INFO: Epoch: [8][450/582]	Time  0.028 ( 0.030)	Loss 6.3223e-02 (1.1858e-01)	Acc pseudo  96.88 ( 95.40)	Lr 1.000e-03 (1.000e-03)
2026-02-08 18:24:23,778 - INFO: Epoch: [8][500/582]	Time  0.027 ( 0.030)	Loss 7.1511e-02 (1.1934e-01)	Acc pseudo  96.88 ( 95.42)	Lr 1.000e-03 (1.000e-03)
2026-02-08 18:24:28,428 - INFO: Epoch: [8][550/582]	Time  0.037 ( 0.029)	Loss 2.4171e-01 (1.1901e-01)	Acc pseudo  95.31 ( 95.48)	Lr 1.000e-03 (1.000e-03)
2026-02-08 18:24:31,322 - INFO: Round 4, Face Fine-tune Epoch 8: loss=0.1184, acc(pseudo)=95.46%
2026-02-08 18:25:29,656 - INFO: Round 4, Face Fine-tune Epoch 8: acc(valid_pseudo): 0.9964, acc: 0.8413
2026-02-08 18:25:29,656 - INFO: Round 4, Face Fine-tune Epoch 8: No improvement. Patience(epoch): 3/3
2026-02-08 18:25:29,656 - INFO: Early stopping at face epoch 8
2026-02-08 18:25:29,657 - INFO: Round 4: Best face fine-tuned epoch=5, acc(valid_pseudo)=0.9978
2026-02-08 18:25:57,940 - INFO: Round 4: speaker_acc=0.7195
2026-02-08 18:25:57,943 - INFO: Round 4: face_acc=0.8403
2026-02-08 18:25:57,945 - INFO: ====================
2026-02-08 18:25:57,945 - INFO: Round 5: Fine-tuning iteration
2026-02-08 18:25:57,945 - INFO: ====================
2026-02-08 18:25:58,016 - INFO: Round 5 Part 1: Fine-tuning embedding model
2026-02-08 18:25:58,017 - INFO: Using pseudo-label file: runs/I love my family/exp_video/result/self_supervised/baseline_joint/exp0/round4/pseudo_label/pseudo_labels_audio_baseline_joint.json
2026-02-08 18:25:58,042 - INFO: For training, Using face pseudo-label file: runs/I love my family/exp_video/result/self_supervised/baseline_joint/exp0/round4/pseudo_label/pseudo_labels_faces_mid_frame_train_baseline_joint.json
2026-02-08 18:25:58,042 - INFO: For infering, Using face pseudo-label file: runs/I love my family/exp_video/result/self_supervised/baseline_joint/exp0/round4/pseudo_label/pseudo_labels_faces_mid_frame_all_baseline_joint.json
2026-02-08 18:25:58,174 - INFO: Created face dataloader with 37219 samples
2026-02-08 18:25:58,178 - INFO: Warmup training speaker classifier for 2 epochs...
2026-02-08 18:25:58,446 - INFO: Epoch: [0][  0/301]	Time  0.264 ( 0.264)	Loss 2.2112e+00 (2.2112e+00)	Acc pseudo  25.00 ( 25.00)	Lr 1.000e-03 (1.000e-03)
2026-02-08 18:25:58,686 - INFO: Epoch: [0][ 50/301]	Time  0.002 ( 0.010)	Loss 2.6564e-01 (7.3536e-01)	Acc pseudo  93.75 ( 84.93)	Lr 1.000e-03 (1.000e-03)
2026-02-08 18:25:58,819 - INFO: Epoch: [0][100/301]	Time  0.002 ( 0.006)	Loss 2.4756e-01 (5.2113e-01)	Acc pseudo  92.19 ( 87.81)	Lr 1.000e-03 (1.000e-03)
2026-02-08 18:25:58,950 - INFO: Epoch: [0][150/301]	Time  0.002 ( 0.005)	Loss 2.9177e-01 (4.3610e-01)	Acc pseudo  90.62 ( 89.10)	Lr 1.000e-03 (1.000e-03)
2026-02-08 18:25:59,080 - INFO: Epoch: [0][200/301]	Time  0.002 ( 0.004)	Loss 1.6204e-01 (3.8641e-01)	Acc pseudo  95.31 ( 89.89)	Lr 1.000e-03 (1.000e-03)
2026-02-08 18:25:59,218 - INFO: Epoch: [0][250/301]	Time  0.003 ( 0.004)	Loss 4.3183e-01 (3.6077e-01)	Acc pseudo  89.06 ( 90.26)	Lr 1.000e-03 (1.000e-03)
2026-02-08 18:25:59,338 - INFO: Epoch: [0][300/301]	Time  0.002 ( 0.004)	Loss 3.8621e-01 (3.3701e-01)	Acc pseudo  84.00 ( 90.60)	Lr 1.000e-03 (1.000e-03)
2026-02-08 18:25:59,379 - INFO: Round 5, Speaker Warmup Epoch 0: loss=0.3370, acc(pseudo)=90.60%
2026-02-08 18:25:59,638 - INFO: Epoch: [1][  0/301]	Time  0.253 ( 0.253)	Loss 1.1768e-01 (1.1768e-01)	Acc pseudo  96.88 ( 96.88)	Lr 1.000e-03 (1.000e-03)
2026-02-08 18:25:59,880 - INFO: Epoch: [1][ 50/301]	Time  0.003 ( 0.010)	Loss 1.1702e-01 (1.9273e-01)	Acc pseudo  96.88 ( 93.54)	Lr 1.000e-03 (1.000e-03)
2026-02-08 18:26:00,022 - INFO: Epoch: [1][100/301]	Time  0.002 ( 0.006)	Loss 1.7225e-01 (1.9860e-01)	Acc pseudo  95.31 ( 93.15)	Lr 1.000e-03 (1.000e-03)
2026-02-08 18:26:00,163 - INFO: Epoch: [1][150/301]	Time  0.002 ( 0.005)	Loss 2.4693e-01 (2.0842e-01)	Acc pseudo  93.75 ( 92.79)	Lr 1.000e-03 (1.000e-03)
2026-02-08 18:26:00,294 - INFO: Epoch: [1][200/301]	Time  0.003 ( 0.004)	Loss 3.3943e-01 (2.0742e-01)	Acc pseudo  87.50 ( 92.72)	Lr 1.000e-03 (1.000e-03)
2026-02-08 18:26:00,424 - INFO: Epoch: [1][250/301]	Time  0.002 ( 0.004)	Loss 3.6078e-01 (2.0444e-01)	Acc pseudo  90.62 ( 92.81)	Lr 1.000e-03 (1.000e-03)
2026-02-08 18:26:00,541 - INFO: Epoch: [1][300/301]	Time  0.002 ( 0.004)	Loss 1.9173e-01 (2.0634e-01)	Acc pseudo  96.00 ( 92.72)	Lr 1.000e-03 (1.000e-03)
2026-02-08 18:26:00,577 - INFO: Round 5, Speaker Warmup Epoch 1: loss=0.2063, acc(pseudo)=92.72%
2026-02-08 18:26:00,580 - INFO: Warmup training face classifier for 2 epochs...
2026-02-08 18:26:01,200 - INFO: Epoch: [0][  0/582]	Time  0.594 ( 0.594)	Loss 2.5793e+00 (2.5793e+00)	Acc pseudo  15.62 ( 15.62)	Lr 1.000e-03 (1.000e-03)
2026-02-08 18:26:05,773 - INFO: Epoch: [0][ 50/582]	Time  0.026 ( 0.040)	Loss 6.1429e-01 (1.0827e+00)	Acc pseudo  82.81 ( 80.51)	Lr 1.000e-03 (1.000e-03)
2026-02-08 18:26:10,389 - INFO: Epoch: [0][100/582]	Time  0.026 ( 0.034)	Loss 2.6946e-01 (7.4345e-01)	Acc pseudo  90.62 ( 85.95)	Lr 1.000e-03 (1.000e-03)
2026-02-08 18:26:14,963 - INFO: Epoch: [0][150/582]	Time  0.026 ( 0.032)	Loss 2.5189e-01 (5.9970e-01)	Acc pseudo  92.19 ( 88.09)	Lr 1.000e-03 (1.000e-03)
2026-02-08 18:26:19,541 - INFO: Epoch: [0][200/582]	Time  0.026 ( 0.030)	Loss 9.8604e-02 (5.1336e-01)	Acc pseudo  98.44 ( 89.30)	Lr 1.000e-03 (1.000e-03)
2026-02-08 18:26:24,122 - INFO: Epoch: [0][250/582]	Time  0.026 ( 0.030)	Loss 3.2452e-01 (4.6406e-01)	Acc pseudo  93.75 ( 89.86)	Lr 1.000e-03 (1.000e-03)
2026-02-08 18:26:28,702 - INFO: Epoch: [0][300/582]	Time  0.032 ( 0.029)	Loss 3.4013e-01 (4.2347e-01)	Acc pseudo  90.62 ( 90.53)	Lr 1.000e-03 (1.000e-03)
2026-02-08 18:26:33,284 - INFO: Epoch: [0][350/582]	Time  0.027 ( 0.029)	Loss 1.8460e-01 (3.9293e-01)	Acc pseudo  90.62 ( 90.89)	Lr 1.000e-03 (1.000e-03)
2026-02-08 18:26:37,864 - INFO: Epoch: [0][400/582]	Time  0.027 ( 0.029)	Loss 7.6667e-02 (3.6944e-01)	Acc pseudo  95.31 ( 91.15)	Lr 1.000e-03 (1.000e-03)
2026-02-08 18:26:42,446 - INFO: Epoch: [0][450/582]	Time  0.038 ( 0.029)	Loss 3.1997e-01 (3.4991e-01)	Acc pseudo  89.06 ( 91.39)	Lr 1.000e-03 (1.000e-03)
2026-02-08 18:26:47,031 - INFO: Epoch: [0][500/582]	Time  0.026 ( 0.029)	Loss 2.1085e-01 (3.3380e-01)	Acc pseudo  93.75 ( 91.62)	Lr 1.000e-03 (1.000e-03)
2026-02-08 18:26:51,613 - INFO: Epoch: [0][550/582]	Time  0.026 ( 0.029)	Loss 4.0490e-01 (3.2106e-01)	Acc pseudo  92.19 ( 91.80)	Lr 1.000e-03 (1.000e-03)
2026-02-08 18:26:54,466 - INFO: Round 5, Face Warmup Epoch 0: loss=0.3143, acc(pseudo)=91.86%
2026-02-08 18:26:55,426 - INFO: Epoch: [1][  0/582]	Time  0.941 ( 0.941)	Loss 1.3143e-01 (1.3143e-01)	Acc pseudo  95.31 ( 95.31)	Lr 1.000e-03 (1.000e-03)
2026-02-08 18:27:00,026 - INFO: Epoch: [1][ 50/582]	Time  0.028 ( 0.048)	Loss 1.4963e-01 (1.8852e-01)	Acc pseudo  93.75 ( 93.50)	Lr 1.000e-03 (1.000e-03)
2026-02-08 18:27:04,601 - INFO: Epoch: [1][100/582]	Time  0.027 ( 0.038)	Loss 3.7332e-01 (1.8748e-01)	Acc pseudo  89.06 ( 93.70)	Lr 1.000e-03 (1.000e-03)
2026-02-08 18:27:09,177 - INFO: Epoch: [1][150/582]	Time  0.026 ( 0.034)	Loss 4.2705e-01 (1.8509e-01)	Acc pseudo  90.62 ( 93.77)	Lr 1.000e-03 (1.000e-03)
2026-02-08 18:27:13,754 - INFO: Epoch: [1][200/582]	Time  0.027 ( 0.032)	Loss 1.6876e-01 (1.9073e-01)	Acc pseudo  95.31 ( 93.66)	Lr 1.000e-03 (1.000e-03)
2026-02-08 18:27:18,331 - INFO: Epoch: [1][250/582]	Time  0.027 ( 0.031)	Loss 9.3411e-02 (1.8396e-01)	Acc pseudo  95.31 ( 93.77)	Lr 1.000e-03 (1.000e-03)
2026-02-08 18:27:22,910 - INFO: Epoch: [1][300/582]	Time  0.026 ( 0.031)	Loss 1.2940e-01 (1.7897e-01)	Acc pseudo  93.75 ( 93.97)	Lr 1.000e-03 (1.000e-03)
2026-02-08 18:27:27,491 - INFO: Epoch: [1][350/582]	Time  0.026 ( 0.031)	Loss 7.9103e-02 (1.7760e-01)	Acc pseudo  96.88 ( 93.97)	Lr 1.000e-03 (1.000e-03)
2026-02-08 18:27:32,071 - INFO: Epoch: [1][400/582]	Time  0.027 ( 0.030)	Loss 3.1248e-01 (1.7484e-01)	Acc pseudo  85.94 ( 93.99)	Lr 1.000e-03 (1.000e-03)
2026-02-08 18:27:36,651 - INFO: Epoch: [1][450/582]	Time  0.038 ( 0.030)	Loss 3.0571e-01 (1.7665e-01)	Acc pseudo  84.38 ( 93.89)	Lr 1.000e-03 (1.000e-03)
2026-02-08 18:27:41,232 - INFO: Epoch: [1][500/582]	Time  0.027 ( 0.030)	Loss 1.7056e-01 (1.7546e-01)	Acc pseudo  92.19 ( 93.90)	Lr 1.000e-03 (1.000e-03)
2026-02-08 18:27:45,811 - INFO: Epoch: [1][550/582]	Time  0.027 ( 0.030)	Loss 3.2709e-01 (1.7480e-01)	Acc pseudo  89.06 ( 93.88)	Lr 1.000e-03 (1.000e-03)
2026-02-08 18:27:48,661 - INFO: Round 5, Face Warmup Epoch 1: loss=0.1737, acc(pseudo)=93.93%
2026-02-08 18:27:48,671 - INFO: Fine-tuning speaker embedding model for 20 epochs...
2026-02-08 18:27:48,968 - INFO: Epoch: [0][  0/301]	Time  0.294 ( 0.294)	Loss 1.3834e-01 (1.3834e-01)	Acc pseudo  95.31 ( 95.31)	Lr 1.000e-03 (1.000e-03)
2026-02-08 18:27:49,216 - INFO: Epoch: [0][ 50/301]	Time  0.004 ( 0.011)	Loss 2.0957e-01 (2.3028e-01)	Acc pseudo  89.06 ( 92.52)	Lr 1.000e-03 (1.000e-03)
2026-02-08 18:27:49,353 - INFO: Epoch: [0][100/301]	Time  0.002 ( 0.007)	Loss 1.0438e-01 (2.1583e-01)	Acc pseudo  95.31 ( 92.85)	Lr 1.000e-03 (1.000e-03)
2026-02-08 18:27:49,493 - INFO: Epoch: [0][150/301]	Time  0.003 ( 0.005)	Loss 9.1839e-02 (2.1640e-01)	Acc pseudo  95.31 ( 92.67)	Lr 1.000e-03 (1.000e-03)
2026-02-08 18:27:49,641 - INFO: Epoch: [0][200/301]	Time  0.003 ( 0.005)	Loss 1.2351e-01 (2.1357e-01)	Acc pseudo  95.31 ( 92.72)	Lr 1.000e-03 (1.000e-03)
2026-02-08 18:27:49,788 - INFO: Epoch: [0][250/301]	Time  0.002 ( 0.004)	Loss 1.9771e-01 (2.1065e-01)	Acc pseudo  95.31 ( 92.79)	Lr 1.000e-03 (1.000e-03)
2026-02-08 18:27:49,926 - INFO: Epoch: [0][300/301]	Time  0.002 ( 0.004)	Loss 1.3857e-01 (2.1236e-01)	Acc pseudo  96.00 ( 92.80)	Lr 1.000e-03 (1.000e-03)
2026-02-08 18:27:49,963 - INFO: Round 5, Fine-tune Epoch 0: loss=0.2124, acc(pseudo)=92.80%
2026-02-08 18:27:56,571 - INFO: Round 5, Fine-tune Epoch 0: acc(valid_pseudo): 0.7165, acc: 0.7165
2026-02-08 18:27:57,268 - INFO: Epoch: [1][  0/301]	Time  0.274 ( 0.274)	Loss 1.4575e-01 (1.4575e-01)	Acc pseudo  93.75 ( 93.75)	Lr 1.000e-03 (1.000e-03)
2026-02-08 18:27:57,510 - INFO: Epoch: [1][ 50/301]	Time  0.003 ( 0.010)	Loss 1.8839e-01 (1.8757e-01)	Acc pseudo  93.75 ( 93.29)	Lr 1.000e-03 (1.000e-03)
2026-02-08 18:27:57,652 - INFO: Epoch: [1][100/301]	Time  0.002 ( 0.006)	Loss 1.0965e-01 (1.8589e-01)	Acc pseudo  96.88 ( 93.44)	Lr 1.000e-03 (1.000e-03)
2026-02-08 18:27:57,791 - INFO: Epoch: [1][150/301]	Time  0.002 ( 0.005)	Loss 3.1376e-01 (1.9051e-01)	Acc pseudo  90.62 ( 93.26)	Lr 1.000e-03 (1.000e-03)
2026-02-08 18:27:57,929 - INFO: Epoch: [1][200/301]	Time  0.002 ( 0.005)	Loss 1.6923e-01 (1.9194e-01)	Acc pseudo  93.75 ( 93.20)	Lr 1.000e-03 (1.000e-03)
2026-02-08 18:27:58,069 - INFO: Epoch: [1][250/301]	Time  0.003 ( 0.004)	Loss 1.2741e-01 (1.9319e-01)	Acc pseudo  93.75 ( 93.22)	Lr 1.000e-03 (1.000e-03)
2026-02-08 18:27:58,205 - INFO: Epoch: [1][300/301]	Time  0.002 ( 0.004)	Loss 4.2022e-01 (1.9129e-01)	Acc pseudo  92.00 ( 93.22)	Lr 1.000e-03 (1.000e-03)
2026-02-08 18:27:58,240 - INFO: Round 5, Fine-tune Epoch 1: loss=0.1913, acc(pseudo)=93.22%
2026-02-08 18:28:04,878 - INFO: Round 5, Fine-tune Epoch 1: acc(valid_pseudo): 0.7295, acc: 0.7295
2026-02-08 18:28:05,608 - INFO: Epoch: [2][  0/301]	Time  0.274 ( 0.274)	Loss 2.0915e-01 (2.0915e-01)	Acc pseudo  92.19 ( 92.19)	Lr 1.000e-03 (1.000e-03)
2026-02-08 18:28:05,850 - INFO: Epoch: [2][ 50/301]	Time  0.002 ( 0.010)	Loss 2.3015e-01 (1.7410e-01)	Acc pseudo  93.75 ( 93.87)	Lr 1.000e-03 (1.000e-03)
2026-02-08 18:28:05,987 - INFO: Epoch: [2][100/301]	Time  0.002 ( 0.006)	Loss 9.1156e-02 (1.7000e-01)	Acc pseudo  93.75 ( 94.03)	Lr 1.000e-03 (1.000e-03)
2026-02-08 18:28:06,125 - INFO: Epoch: [2][150/301]	Time  0.003 ( 0.005)	Loss 1.4479e-01 (1.6690e-01)	Acc pseudo  95.31 ( 94.08)	Lr 1.000e-03 (1.000e-03)
2026-02-08 18:28:06,267 - INFO: Epoch: [2][200/301]	Time  0.003 ( 0.005)	Loss 2.7612e-01 (1.7358e-01)	Acc pseudo  89.06 ( 93.81)	Lr 1.000e-03 (1.000e-03)
2026-02-08 18:28:06,409 - INFO: Epoch: [2][250/301]	Time  0.003 ( 0.004)	Loss 2.4343e-01 (1.7743e-01)	Acc pseudo  90.62 ( 93.75)	Lr 1.000e-03 (1.000e-03)
2026-02-08 18:28:06,549 - INFO: Epoch: [2][300/301]	Time  0.003 ( 0.004)	Loss 1.4502e-01 (1.8040e-01)	Acc pseudo  96.00 ( 93.69)	Lr 1.000e-03 (1.000e-03)
2026-02-08 18:28:06,586 - INFO: Round 5, Fine-tune Epoch 2: loss=0.1804, acc(pseudo)=93.69%
2026-02-08 18:28:13,633 - INFO: Round 5, Fine-tune Epoch 2: acc(valid_pseudo): 0.7175, acc: 0.7175
2026-02-08 18:28:13,633 - INFO: Round 5, Speaker Fine-tune Epoch 2: No improvement in validation accuracy. Patience(epoch): 1/3
2026-02-08 18:28:13,903 - INFO: Epoch: [3][  0/301]	Time  0.265 ( 0.265)	Loss 4.7821e-02 (4.7821e-02)	Acc pseudo  98.44 ( 98.44)	Lr 1.000e-03 (1.000e-03)
2026-02-08 18:28:14,150 - INFO: Epoch: [3][ 50/301]	Time  0.003 ( 0.010)	Loss 6.6027e-02 (1.5063e-01)	Acc pseudo  98.44 ( 94.88)	Lr 1.000e-03 (1.000e-03)
2026-02-08 18:28:14,294 - INFO: Epoch: [3][100/301]	Time  0.002 ( 0.006)	Loss 1.2660e-01 (1.5504e-01)	Acc pseudo  95.31 ( 94.43)	Lr 1.000e-03 (1.000e-03)
2026-02-08 18:28:14,432 - INFO: Epoch: [3][150/301]	Time  0.003 ( 0.005)	Loss 2.7739e-01 (1.5836e-01)	Acc pseudo  93.75 ( 94.21)	Lr 1.000e-03 (1.000e-03)
2026-02-08 18:28:14,575 - INFO: Epoch: [3][200/301]	Time  0.002 ( 0.005)	Loss 1.3623e-01 (1.6257e-01)	Acc pseudo  95.31 ( 94.09)	Lr 1.000e-03 (1.000e-03)
2026-02-08 18:28:14,718 - INFO: Epoch: [3][250/301]	Time  0.003 ( 0.004)	Loss 1.0678e-01 (1.6278e-01)	Acc pseudo  95.31 ( 94.06)	Lr 1.000e-03 (1.000e-03)
2026-02-08 18:28:14,854 - INFO: Epoch: [3][300/301]	Time  0.002 ( 0.004)	Loss 4.9825e-01 (1.6550e-01)	Acc pseudo  84.00 ( 94.04)	Lr 1.000e-03 (1.000e-03)
2026-02-08 18:28:14,890 - INFO: Round 5, Fine-tune Epoch 3: loss=0.1655, acc(pseudo)=94.04%
2026-02-08 18:28:21,532 - INFO: Round 5, Fine-tune Epoch 3: acc(valid_pseudo): 0.7295, acc: 0.7295
2026-02-08 18:28:21,533 - INFO: Round 5, Speaker Fine-tune Epoch 3: No improvement in validation accuracy. Patience(epoch): 2/3
2026-02-08 18:28:21,823 - INFO: Epoch: [4][  0/301]	Time  0.285 ( 0.285)	Loss 1.9355e-01 (1.9355e-01)	Acc pseudo  89.06 ( 89.06)	Lr 1.000e-03 (1.000e-03)
2026-02-08 18:28:22,061 - INFO: Epoch: [4][ 50/301]	Time  0.003 ( 0.010)	Loss 3.4654e-02 (1.6047e-01)	Acc pseudo 100.00 ( 94.39)	Lr 1.000e-03 (1.000e-03)
2026-02-08 18:28:22,202 - INFO: Epoch: [4][100/301]	Time  0.002 ( 0.006)	Loss 1.4724e-01 (1.6046e-01)	Acc pseudo  92.19 ( 94.12)	Lr 1.000e-03 (1.000e-03)
2026-02-08 18:28:22,341 - INFO: Epoch: [4][150/301]	Time  0.003 ( 0.005)	Loss 1.0990e-01 (1.6350e-01)	Acc pseudo  93.75 ( 93.89)	Lr 1.000e-03 (1.000e-03)
2026-02-08 18:28:22,479 - INFO: Epoch: [4][200/301]	Time  0.003 ( 0.005)	Loss 1.0454e-01 (1.6158e-01)	Acc pseudo  98.44 ( 94.05)	Lr 1.000e-03 (1.000e-03)
2026-02-08 18:28:22,622 - INFO: Epoch: [4][250/301]	Time  0.003 ( 0.004)	Loss 1.9013e-01 (1.6270e-01)	Acc pseudo  93.75 ( 93.93)	Lr 1.000e-03 (1.000e-03)
2026-02-08 18:28:22,757 - INFO: Epoch: [4][300/301]	Time  0.003 ( 0.004)	Loss 5.5751e-02 (1.6585e-01)	Acc pseudo  96.00 ( 93.91)	Lr 1.000e-03 (1.000e-03)
2026-02-08 18:28:22,798 - INFO: Round 5, Fine-tune Epoch 4: loss=0.1658, acc(pseudo)=93.91%
2026-02-08 18:28:29,432 - INFO: Round 5, Fine-tune Epoch 4: acc(valid_pseudo): 0.7280, acc: 0.7280
2026-02-08 18:28:29,432 - INFO: Round 5, Speaker Fine-tune Epoch 4: No improvement in validation accuracy. Patience(epoch): 3/3
2026-02-08 18:28:29,433 - INFO: Early stopping at epoch 4 due to no improvement in validation accuracy for 3 epochs.
2026-02-08 18:28:29,434 - INFO: Round 5: Best speaker fine-tuned epoch=1, acc(valid_pseudo)=0.7295
2026-02-08 18:28:29,437 - INFO: Fine-tuning face embedding model for 20 epochs...
2026-02-08 18:28:30,443 - INFO: Epoch: [0][  0/582]	Time  0.955 ( 0.955)	Loss 6.4419e-02 (6.4419e-02)	Acc pseudo  95.31 ( 95.31)	Lr 1.000e-03 (1.000e-03)
2026-02-08 18:28:35,163 - INFO: Epoch: [0][ 50/582]	Time  0.027 ( 0.047)	Loss 1.9540e-01 (1.4809e-01)	Acc pseudo  90.62 ( 95.56)	Lr 1.000e-03 (1.000e-03)
2026-02-08 18:28:39,802 - INFO: Epoch: [0][100/582]	Time  0.032 ( 0.038)	Loss 1.9113e-01 (1.4166e-01)	Acc pseudo  92.19 ( 95.14)	Lr 1.000e-03 (1.000e-03)
2026-02-08 18:28:44,447 - INFO: Epoch: [0][150/582]	Time  0.028 ( 0.035)	Loss 2.3172e-01 (1.5228e-01)	Acc pseudo  92.19 ( 94.75)	Lr 1.000e-03 (1.000e-03)
2026-02-08 18:28:49,095 - INFO: Epoch: [0][200/582]	Time  0.029 ( 0.034)	Loss 6.2383e-02 (1.5222e-01)	Acc pseudo  96.88 ( 94.82)	Lr 1.000e-03 (1.000e-03)
2026-02-08 18:28:53,745 - INFO: Epoch: [0][250/582]	Time  0.028 ( 0.033)	Loss 1.6268e-01 (1.5818e-01)	Acc pseudo  96.88 ( 94.63)	Lr 1.000e-03 (1.000e-03)
2026-02-08 18:28:58,395 - INFO: Epoch: [0][300/582]	Time  0.028 ( 0.032)	Loss 4.2878e-01 (1.5865e-01)	Acc pseudo  90.62 ( 94.65)	Lr 1.000e-03 (1.000e-03)
2026-02-08 18:29:03,047 - INFO: Epoch: [0][350/582]	Time  0.029 ( 0.031)	Loss 1.1450e-01 (1.5734e-01)	Acc pseudo  93.75 ( 94.57)	Lr 1.000e-03 (1.000e-03)
2026-02-08 18:29:07,698 - INFO: Epoch: [0][400/582]	Time  0.028 ( 0.031)	Loss 6.6766e-02 (1.5668e-01)	Acc pseudo  96.88 ( 94.56)	Lr 1.000e-03 (1.000e-03)
2026-02-08 18:29:12,350 - INFO: Epoch: [0][450/582]	Time  0.028 ( 0.031)	Loss 2.8802e-01 (1.5718e-01)	Acc pseudo  90.62 ( 94.45)	Lr 1.000e-03 (1.000e-03)
2026-02-08 18:29:17,001 - INFO: Epoch: [0][500/582]	Time  0.032 ( 0.031)	Loss 2.5840e-01 (1.5719e-01)	Acc pseudo  93.75 ( 94.44)	Lr 1.000e-03 (1.000e-03)
2026-02-08 18:29:21,658 - INFO: Epoch: [0][550/582]	Time  0.030 ( 0.031)	Loss 6.1616e-01 (1.5890e-01)	Acc pseudo  92.19 ( 94.36)	Lr 1.000e-03 (1.000e-03)
2026-02-08 18:29:24,551 - INFO: Round 5, Face Fine-tune Epoch 0: loss=0.1596, acc(pseudo)=94.33%
2026-02-08 18:30:21,906 - INFO: Round 5, Face Fine-tune Epoch 0: acc(valid_pseudo): 0.9948, acc: 0.8364
2026-02-08 18:30:23,592 - INFO: Epoch: [1][  0/582]	Time  0.672 ( 0.672)	Loss 9.6702e-02 (9.6702e-02)	Acc pseudo  95.31 ( 95.31)	Lr 1.000e-03 (1.000e-03)
2026-02-08 18:30:28,242 - INFO: Epoch: [1][ 50/582]	Time  0.028 ( 0.042)	Loss 1.6541e-01 (1.4498e-01)	Acc pseudo  92.19 ( 94.49)	Lr 1.000e-03 (1.000e-03)
2026-02-08 18:30:32,886 - INFO: Epoch: [1][100/582]	Time  0.027 ( 0.035)	Loss 3.1546e-01 (1.4993e-01)	Acc pseudo  89.06 ( 94.21)	Lr 1.000e-03 (1.000e-03)
2026-02-08 18:30:37,537 - INFO: Epoch: [1][150/582]	Time  0.027 ( 0.032)	Loss 3.7976e-01 (1.4919e-01)	Acc pseudo  92.19 ( 94.33)	Lr 1.000e-03 (1.000e-03)
2026-02-08 18:30:42,187 - INFO: Epoch: [1][200/582]	Time  0.026 ( 0.031)	Loss 1.5280e-01 (1.5442e-01)	Acc pseudo  95.31 ( 94.25)	Lr 1.000e-03 (1.000e-03)
2026-02-08 18:30:46,838 - INFO: Epoch: [1][250/582]	Time  0.028 ( 0.030)	Loss 7.2497e-02 (1.4894e-01)	Acc pseudo  96.88 ( 94.30)	Lr 1.000e-03 (1.000e-03)
2026-02-08 18:30:51,492 - INFO: Epoch: [1][300/582]	Time  0.026 ( 0.030)	Loss 9.6220e-02 (1.4490e-01)	Acc pseudo  95.31 ( 94.44)	Lr 1.000e-03 (1.000e-03)
2026-02-08 18:30:56,145 - INFO: Epoch: [1][350/582]	Time  0.027 ( 0.029)	Loss 1.0144e-01 (1.4617e-01)	Acc pseudo  96.88 ( 94.48)	Lr 1.000e-03 (1.000e-03)
2026-02-08 18:31:00,797 - INFO: Epoch: [1][400/582]	Time  0.027 ( 0.029)	Loss 2.4356e-01 (1.4527e-01)	Acc pseudo  92.19 ( 94.53)	Lr 1.000e-03 (1.000e-03)
2026-02-08 18:31:05,474 - INFO: Epoch: [1][450/582]	Time  0.041 ( 0.029)	Loss 3.3023e-01 (1.4719e-01)	Acc pseudo  89.06 ( 94.47)	Lr 1.000e-03 (1.000e-03)
2026-02-08 18:31:10,126 - INFO: Epoch: [1][500/582]	Time  0.027 ( 0.029)	Loss 1.2170e-01 (1.4789e-01)	Acc pseudo  96.88 ( 94.49)	Lr 1.000e-03 (1.000e-03)
2026-02-08 18:31:14,779 - INFO: Epoch: [1][550/582]	Time  0.027 ( 0.029)	Loss 4.3134e-01 (1.4841e-01)	Acc pseudo  87.50 ( 94.42)	Lr 1.000e-03 (1.000e-03)
2026-02-08 18:31:17,681 - INFO: Round 5, Face Fine-tune Epoch 1: loss=0.1483, acc(pseudo)=94.41%
2026-02-08 18:32:14,515 - INFO: Round 5, Face Fine-tune Epoch 1: acc(valid_pseudo): 0.9949, acc: 0.8403
2026-02-08 18:32:16,389 - INFO: Epoch: [2][  0/582]	Time  0.563 ( 0.563)	Loss 5.2170e-02 (5.2170e-02)	Acc pseudo  98.44 ( 98.44)	Lr 1.000e-03 (1.000e-03)
2026-02-08 18:32:21,037 - INFO: Epoch: [2][ 50/582]	Time  0.027 ( 0.038)	Loss 1.3240e-01 (1.5035e-01)	Acc pseudo  93.75 ( 94.24)	Lr 1.000e-03 (1.000e-03)
2026-02-08 18:32:25,681 - INFO: Epoch: [2][100/582]	Time  0.039 ( 0.033)	Loss 9.5037e-02 (1.5344e-01)	Acc pseudo  98.44 ( 94.15)	Lr 1.000e-03 (1.000e-03)
2026-02-08 18:32:30,327 - INFO: Epoch: [2][150/582]	Time  0.027 ( 0.031)	Loss 8.4275e-02 (1.5055e-01)	Acc pseudo  96.88 ( 94.36)	Lr 1.000e-03 (1.000e-03)
2026-02-08 18:32:35,009 - INFO: Epoch: [2][200/582]	Time  0.027 ( 0.030)	Loss 3.3926e-02 (1.4529e-01)	Acc pseudo  96.88 ( 94.54)	Lr 1.000e-03 (1.000e-03)
2026-02-08 18:32:39,658 - INFO: Epoch: [2][250/582]	Time  0.025 ( 0.030)	Loss 1.3626e-01 (1.4923e-01)	Acc pseudo  93.75 ( 94.38)	Lr 1.000e-03 (1.000e-03)
2026-02-08 18:32:44,307 - INFO: Epoch: [2][300/582]	Time  0.027 ( 0.029)	Loss 2.1870e-01 (1.5414e-01)	Acc pseudo  93.75 ( 94.28)	Lr 1.000e-03 (1.000e-03)
2026-02-08 18:32:48,957 - INFO: Epoch: [2][350/582]	Time  0.027 ( 0.029)	Loss 1.3980e-01 (1.5822e-01)	Acc pseudo  95.31 ( 94.22)	Lr 1.000e-03 (1.000e-03)
2026-02-08 18:32:53,608 - INFO: Epoch: [2][400/582]	Time  0.028 ( 0.029)	Loss 2.7828e-01 (1.6060e-01)	Acc pseudo  87.50 ( 94.19)	Lr 1.000e-03 (1.000e-03)
2026-02-08 18:32:58,259 - INFO: Epoch: [2][450/582]	Time  0.027 ( 0.029)	Loss 4.1950e-02 (1.5961e-01)	Acc pseudo  96.88 ( 94.16)	Lr 1.000e-03 (1.000e-03)
2026-02-08 18:33:02,909 - INFO: Epoch: [2][500/582]	Time  0.026 ( 0.029)	Loss 2.9215e-01 (1.6116e-01)	Acc pseudo  93.75 ( 94.15)	Lr 1.000e-03 (1.000e-03)
2026-02-08 18:33:07,561 - INFO: Epoch: [2][550/582]	Time  0.028 ( 0.029)	Loss 1.2516e-01 (1.6253e-01)	Acc pseudo  96.88 ( 94.08)	Lr 1.000e-03 (1.000e-03)
2026-02-08 18:33:10,454 - INFO: Round 5, Face Fine-tune Epoch 2: loss=0.1625, acc(pseudo)=94.08%
2026-02-08 18:34:07,723 - INFO: Round 5, Face Fine-tune Epoch 2: acc(valid_pseudo): 0.9967, acc: 0.8364
2026-02-08 18:34:10,100 - INFO: Epoch: [3][  0/582]	Time  1.075 ( 1.075)	Loss 1.2069e-01 (1.2069e-01)	Acc pseudo  93.75 ( 93.75)	Lr 1.000e-03 (1.000e-03)
2026-02-08 18:34:14,744 - INFO: Epoch: [3][ 50/582]	Time  0.026 ( 0.051)	Loss 4.0498e-02 (1.4931e-01)	Acc pseudo  98.44 ( 94.18)	Lr 1.000e-03 (1.000e-03)
2026-02-08 18:34:19,384 - INFO: Epoch: [3][100/582]	Time  0.027 ( 0.039)	Loss 3.6725e-02 (1.4922e-01)	Acc pseudo 100.00 ( 94.38)	Lr 1.000e-03 (1.000e-03)
2026-02-08 18:34:24,029 - INFO: Epoch: [3][150/582]	Time  0.027 ( 0.035)	Loss 2.2609e-01 (1.5154e-01)	Acc pseudo  92.19 ( 94.30)	Lr 1.000e-03 (1.000e-03)
2026-02-08 18:34:28,681 - INFO: Epoch: [3][200/582]	Time  0.026 ( 0.033)	Loss 1.3412e-01 (1.4883e-01)	Acc pseudo  92.19 ( 94.34)	Lr 1.000e-03 (1.000e-03)
2026-02-08 18:34:33,334 - INFO: Epoch: [3][250/582]	Time  0.026 ( 0.032)	Loss 3.2702e-01 (1.5036e-01)	Acc pseudo  89.06 ( 94.22)	Lr 1.000e-03 (1.000e-03)
2026-02-08 18:34:37,987 - INFO: Epoch: [3][300/582]	Time  0.026 ( 0.031)	Loss 9.5831e-02 (1.4843e-01)	Acc pseudo  93.75 ( 94.21)	Lr 1.000e-03 (1.000e-03)
2026-02-08 18:34:42,640 - INFO: Epoch: [3][350/582]	Time  0.026 ( 0.030)	Loss 7.3249e-02 (1.4981e-01)	Acc pseudo  95.31 ( 94.21)	Lr 1.000e-03 (1.000e-03)
2026-02-08 18:34:47,292 - INFO: Epoch: [3][400/582]	Time  0.027 ( 0.030)	Loss 1.6045e-01 (1.4790e-01)	Acc pseudo  92.19 ( 94.28)	Lr 1.000e-03 (1.000e-03)
2026-02-08 18:34:51,945 - INFO: Epoch: [3][450/582]	Time  0.027 ( 0.030)	Loss 1.1608e-01 (1.4731e-01)	Acc pseudo  95.31 ( 94.30)	Lr 1.000e-03 (1.000e-03)
2026-02-08 18:34:56,598 - INFO: Epoch: [3][500/582]	Time  0.027 ( 0.029)	Loss 1.4957e-01 (1.4655e-01)	Acc pseudo  95.31 ( 94.31)	Lr 1.000e-03 (1.000e-03)
2026-02-08 18:35:01,250 - INFO: Epoch: [3][550/582]	Time  0.035 ( 0.029)	Loss 1.0261e-01 (1.4743e-01)	Acc pseudo  93.75 ( 94.37)	Lr 1.000e-03 (1.000e-03)
2026-02-08 18:35:04,145 - INFO: Round 5, Face Fine-tune Epoch 3: loss=0.1475, acc(pseudo)=94.37%
2026-02-08 18:36:00,831 - INFO: Round 5, Face Fine-tune Epoch 3: acc(valid_pseudo): 0.9959, acc: 0.8374
2026-02-08 18:36:00,832 - INFO: Round 5, Face Fine-tune Epoch 3: No improvement. Patience(epoch): 1/3
2026-02-08 18:36:01,493 - INFO: Epoch: [4][  0/582]	Time  0.618 ( 0.618)	Loss 2.6451e-01 (2.6451e-01)	Acc pseudo  92.19 ( 92.19)	Lr 1.000e-03 (1.000e-03)
2026-02-08 18:36:06,132 - INFO: Epoch: [4][ 50/582]	Time  0.027 ( 0.039)	Loss 1.0861e-01 (1.5427e-01)	Acc pseudo  95.31 ( 94.30)	Lr 1.000e-03 (1.000e-03)
2026-02-08 18:36:10,778 - INFO: Epoch: [4][100/582]	Time  0.039 ( 0.034)	Loss 1.6743e-01 (1.4331e-01)	Acc pseudo  96.88 ( 94.51)	Lr 1.000e-03 (1.000e-03)
2026-02-08 18:36:15,425 - INFO: Epoch: [4][150/582]	Time  0.027 ( 0.032)	Loss 3.3644e-02 (1.4551e-01)	Acc pseudo  98.44 ( 94.54)	Lr 1.000e-03 (1.000e-03)
2026-02-08 18:36:20,071 - INFO: Epoch: [4][200/582]	Time  0.028 ( 0.031)	Loss 1.0132e-01 (1.4938e-01)	Acc pseudo  96.88 ( 94.53)	Lr 1.000e-03 (1.000e-03)
2026-02-08 18:36:24,718 - INFO: Epoch: [4][250/582]	Time  0.028 ( 0.031)	Loss 1.3286e-01 (1.4541e-01)	Acc pseudo  92.19 ( 94.49)	Lr 1.000e-03 (1.000e-03)
2026-02-08 18:36:29,367 - INFO: Epoch: [4][300/582]	Time  0.027 ( 0.030)	Loss 2.5430e-01 (1.4483e-01)	Acc pseudo  93.75 ( 94.48)	Lr 1.000e-03 (1.000e-03)
2026-02-08 18:36:34,016 - INFO: Epoch: [4][350/582]	Time  0.028 ( 0.030)	Loss 2.4189e-01 (1.4558e-01)	Acc pseudo  92.19 ( 94.45)	Lr 1.000e-03 (1.000e-03)
2026-02-08 18:36:38,662 - INFO: Epoch: [4][400/582]	Time  0.028 ( 0.029)	Loss 2.5449e-01 (1.4582e-01)	Acc pseudo  92.19 ( 94.42)	Lr 1.000e-03 (1.000e-03)
2026-02-08 18:36:43,310 - INFO: Epoch: [4][450/582]	Time  0.027 ( 0.029)	Loss 1.2946e-01 (1.4572e-01)	Acc pseudo  96.88 ( 94.43)	Lr 1.000e-03 (1.000e-03)
2026-02-08 18:36:47,958 - INFO: Epoch: [4][500/582]	Time  0.028 ( 0.029)	Loss 9.4729e-02 (1.4689e-01)	Acc pseudo  95.31 ( 94.40)	Lr 1.000e-03 (1.000e-03)
2026-02-08 18:36:52,606 - INFO: Epoch: [4][550/582]	Time  0.027 ( 0.029)	Loss 1.9149e-01 (1.4847e-01)	Acc pseudo  93.75 ( 94.41)	Lr 1.000e-03 (1.000e-03)
2026-02-08 18:36:55,496 - INFO: Round 5, Face Fine-tune Epoch 4: loss=0.1491, acc(pseudo)=94.41%
2026-02-08 18:37:52,546 - INFO: Round 5, Face Fine-tune Epoch 4: acc(valid_pseudo): 0.9965, acc: 0.8393
2026-02-08 18:37:52,546 - INFO: Round 5, Face Fine-tune Epoch 4: No improvement. Patience(epoch): 2/3
2026-02-08 18:37:53,216 - INFO: Epoch: [5][  0/582]	Time  0.632 ( 0.632)	Loss 6.3933e-02 (6.3933e-02)	Acc pseudo  96.88 ( 96.88)	Lr 1.000e-03 (1.000e-03)
2026-02-08 18:37:57,851 - INFO: Epoch: [5][ 50/582]	Time  0.027 ( 0.040)	Loss 1.0047e-01 (1.3527e-01)	Acc pseudo  93.75 ( 94.76)	Lr 1.000e-03 (1.000e-03)
2026-02-08 18:38:02,496 - INFO: Epoch: [5][100/582]	Time  0.027 ( 0.034)	Loss 1.5044e-01 (1.2999e-01)	Acc pseudo  92.19 ( 95.00)	Lr 1.000e-03 (1.000e-03)
2026-02-08 18:38:07,144 - INFO: Epoch: [5][150/582]	Time  0.026 ( 0.032)	Loss 1.7012e-01 (1.3350e-01)	Acc pseudo  93.75 ( 94.81)	Lr 1.000e-03 (1.000e-03)
2026-02-08 18:38:11,789 - INFO: Epoch: [5][200/582]	Time  0.025 ( 0.030)	Loss 2.4995e-01 (1.3554e-01)	Acc pseudo  93.75 ( 94.78)	Lr 1.000e-03 (1.000e-03)
2026-02-08 18:38:16,438 - INFO: Epoch: [5][250/582]	Time  0.027 ( 0.030)	Loss 2.6897e-01 (1.3981e-01)	Acc pseudo  93.75 ( 94.64)	Lr 1.000e-03 (1.000e-03)
2026-02-08 18:38:21,089 - INFO: Epoch: [5][300/582]	Time  0.027 ( 0.029)	Loss 1.3214e-01 (1.4259e-01)	Acc pseudo  93.75 ( 94.59)	Lr 1.000e-03 (1.000e-03)
2026-02-08 18:38:25,739 - INFO: Epoch: [5][350/582]	Time  0.027 ( 0.029)	Loss 4.4779e-02 (1.4349e-01)	Acc pseudo  98.44 ( 94.67)	Lr 1.000e-03 (1.000e-03)
2026-02-08 18:38:30,389 - INFO: Epoch: [5][400/582]	Time  0.027 ( 0.029)	Loss 1.0175e-01 (1.4576e-01)	Acc pseudo  95.31 ( 94.55)	Lr 1.000e-03 (1.000e-03)
2026-02-08 18:38:35,038 - INFO: Epoch: [5][450/582]	Time  0.027 ( 0.029)	Loss 1.0089e-01 (1.4781e-01)	Acc pseudo  95.31 ( 94.51)	Lr 1.000e-03 (1.000e-03)
2026-02-08 18:38:39,689 - INFO: Epoch: [5][500/582]	Time  0.027 ( 0.029)	Loss 1.1920e-01 (1.4892e-01)	Acc pseudo  93.75 ( 94.45)	Lr 1.000e-03 (1.000e-03)
2026-02-08 18:38:44,340 - INFO: Epoch: [5][550/582]	Time  0.027 ( 0.028)	Loss 8.2148e-02 (1.4833e-01)	Acc pseudo  95.31 ( 94.48)	Lr 1.000e-03 (1.000e-03)
2026-02-08 18:38:47,235 - INFO: Round 5, Face Fine-tune Epoch 5: loss=0.1479, acc(pseudo)=94.47%
2026-02-08 18:39:43,813 - INFO: Round 5, Face Fine-tune Epoch 5: acc(valid_pseudo): 0.9978, acc: 0.8354
2026-02-08 18:39:45,524 - INFO: Epoch: [6][  0/582]	Time  0.564 ( 0.564)	Loss 3.3309e-02 (3.3309e-02)	Acc pseudo 100.00 (100.00)	Lr 1.000e-03 (1.000e-03)
2026-02-08 18:39:50,160 - INFO: Epoch: [6][ 50/582]	Time  0.027 ( 0.038)	Loss 5.5985e-02 (1.5284e-01)	Acc pseudo  96.88 ( 94.64)	Lr 1.000e-03 (1.000e-03)
2026-02-08 18:39:54,804 - INFO: Epoch: [6][100/582]	Time  0.027 ( 0.032)	Loss 3.3533e-01 (1.5097e-01)	Acc pseudo  93.75 ( 94.72)	Lr 1.000e-03 (1.000e-03)
2026-02-08 18:39:59,449 - INFO: Epoch: [6][150/582]	Time  0.027 ( 0.031)	Loss 2.5845e-01 (1.5295e-01)	Acc pseudo  93.75 ( 94.50)	Lr 1.000e-03 (1.000e-03)
2026-02-08 18:40:04,100 - INFO: Epoch: [6][200/582]	Time  0.026 ( 0.030)	Loss 2.0070e-01 (1.5261e-01)	Acc pseudo  87.50 ( 94.50)	Lr 1.000e-03 (1.000e-03)
2026-02-08 18:40:08,750 - INFO: Epoch: [6][250/582]	Time  0.033 ( 0.030)	Loss 1.8802e-01 (1.5512e-01)	Acc pseudo  93.75 ( 94.36)	Lr 1.000e-03 (1.000e-03)
2026-02-08 18:40:13,402 - INFO: Epoch: [6][300/582]	Time  0.027 ( 0.029)	Loss 1.8125e-01 (1.5258e-01)	Acc pseudo  93.75 ( 94.40)	Lr 1.000e-03 (1.000e-03)
2026-02-08 18:40:18,054 - INFO: Epoch: [6][350/582]	Time  0.027 ( 0.029)	Loss 1.5094e-01 (1.5859e-01)	Acc pseudo  96.88 ( 94.29)	Lr 1.000e-03 (1.000e-03)
2026-02-08 18:40:22,708 - INFO: Epoch: [6][400/582]	Time  0.027 ( 0.029)	Loss 1.1328e-01 (1.5691e-01)	Acc pseudo  95.31 ( 94.35)	Lr 1.000e-03 (1.000e-03)
2026-02-08 18:40:27,362 - INFO: Epoch: [6][450/582]	Time  0.028 ( 0.029)	Loss 9.1897e-02 (1.5610e-01)	Acc pseudo  96.88 ( 94.25)	Lr 1.000e-03 (1.000e-03)
2026-02-08 18:40:32,015 - INFO: Epoch: [6][500/582]	Time  0.028 ( 0.029)	Loss 1.9547e-01 (1.5596e-01)	Acc pseudo  93.75 ( 94.27)	Lr 1.000e-03 (1.000e-03)
2026-02-08 18:40:36,667 - INFO: Epoch: [6][550/582]	Time  0.029 ( 0.029)	Loss 9.3157e-02 (1.5629e-01)	Acc pseudo  95.31 ( 94.31)	Lr 1.000e-03 (1.000e-03)
2026-02-08 18:40:39,561 - INFO: Round 5, Face Fine-tune Epoch 6: loss=0.1569, acc(pseudo)=94.30%
2026-02-08 18:41:36,812 - INFO: Round 5, Face Fine-tune Epoch 6: acc(valid_pseudo): 0.9971, acc: 0.8393
2026-02-08 18:41:36,812 - INFO: Round 5, Face Fine-tune Epoch 6: No improvement. Patience(epoch): 1/3
2026-02-08 18:41:37,518 - INFO: Epoch: [7][  0/582]	Time  0.665 ( 0.665)	Loss 1.3235e-01 (1.3235e-01)	Acc pseudo  98.44 ( 98.44)	Lr 1.000e-03 (1.000e-03)
2026-02-08 18:41:42,162 - INFO: Epoch: [7][ 50/582]	Time  0.028 ( 0.041)	Loss 1.5496e-01 (1.3440e-01)	Acc pseudo  95.31 ( 94.88)	Lr 1.000e-03 (1.000e-03)
2026-02-08 18:41:46,805 - INFO: Epoch: [7][100/582]	Time  0.027 ( 0.034)	Loss 1.2544e-01 (1.3653e-01)	Acc pseudo  92.19 ( 94.93)	Lr 1.000e-03 (1.000e-03)
2026-02-08 18:41:51,453 - INFO: Epoch: [7][150/582]	Time  0.029 ( 0.032)	Loss 2.6642e-02 (1.4355e-01)	Acc pseudo  98.44 ( 94.83)	Lr 1.000e-03 (1.000e-03)
2026-02-08 18:41:56,102 - INFO: Epoch: [7][200/582]	Time  0.038 ( 0.032)	Loss 9.6072e-02 (1.4443e-01)	Acc pseudo  95.31 ( 94.60)	Lr 1.000e-03 (1.000e-03)
2026-02-08 18:42:00,749 - INFO: Epoch: [7][250/582]	Time  0.027 ( 0.031)	Loss 2.2800e-01 (1.4619e-01)	Acc pseudo  93.75 ( 94.48)	Lr 1.000e-03 (1.000e-03)
2026-02-08 18:42:05,396 - INFO: Epoch: [7][300/582]	Time  0.027 ( 0.031)	Loss 1.9747e-01 (1.4506e-01)	Acc pseudo  90.62 ( 94.47)	Lr 1.000e-03 (1.000e-03)
2026-02-08 18:42:10,045 - INFO: Epoch: [7][350/582]	Time  0.041 ( 0.030)	Loss 2.7985e-01 (1.4666e-01)	Acc pseudo  90.62 ( 94.43)	Lr 1.000e-03 (1.000e-03)
2026-02-08 18:42:14,696 - INFO: Epoch: [7][400/582]	Time  0.032 ( 0.031)	Loss 9.5419e-02 (1.4659e-01)	Acc pseudo  95.31 ( 94.37)	Lr 1.000e-03 (1.000e-03)
2026-02-08 18:42:19,343 - INFO: Epoch: [7][450/582]	Time  0.028 ( 0.030)	Loss 1.6267e-01 (1.4514e-01)	Acc pseudo  95.31 ( 94.39)	Lr 1.000e-03 (1.000e-03)
2026-02-08 18:42:23,991 - INFO: Epoch: [7][500/582]	Time  0.037 ( 0.030)	Loss 2.5783e-01 (1.4484e-01)	Acc pseudo  85.94 ( 94.44)	Lr 1.000e-03 (1.000e-03)
2026-02-08 18:42:28,638 - INFO: Epoch: [7][550/582]	Time  0.028 ( 0.030)	Loss 2.0423e-01 (1.4734e-01)	Acc pseudo  95.31 ( 94.37)	Lr 1.000e-03 (1.000e-03)
2026-02-08 18:42:31,533 - INFO: Round 5, Face Fine-tune Epoch 7: loss=0.1471, acc(pseudo)=94.38%
2026-02-08 18:43:28,186 - INFO: Round 5, Face Fine-tune Epoch 7: acc(valid_pseudo): 0.9981, acc: 0.8354
2026-02-08 18:43:30,111 - INFO: Epoch: [8][  0/582]	Time  0.575 ( 0.575)	Loss 3.8964e-02 (3.8964e-02)	Acc pseudo  96.88 ( 96.88)	Lr 1.000e-03 (1.000e-03)
2026-02-08 18:43:34,759 - INFO: Epoch: [8][ 50/582]	Time  0.028 ( 0.041)	Loss 1.6429e-01 (1.3422e-01)	Acc pseudo  93.75 ( 94.85)	Lr 1.000e-03 (1.000e-03)
2026-02-08 18:43:39,403 - INFO: Epoch: [8][100/582]	Time  0.027 ( 0.034)	Loss 2.0402e-01 (1.3640e-01)	Acc pseudo  93.75 ( 94.69)	Lr 1.000e-03 (1.000e-03)
2026-02-08 18:43:44,100 - INFO: Epoch: [8][150/582]	Time  0.078 ( 0.032)	Loss 1.3010e-01 (1.3973e-01)	Acc pseudo  96.88 ( 94.68)	Lr 1.000e-03 (1.000e-03)
2026-02-08 18:43:48,749 - INFO: Epoch: [8][200/582]	Time  0.027 ( 0.031)	Loss 1.8902e-01 (1.4247e-01)	Acc pseudo  96.88 ( 94.62)	Lr 1.000e-03 (1.000e-03)
2026-02-08 18:43:53,397 - INFO: Epoch: [8][250/582]	Time  0.027 ( 0.030)	Loss 2.0869e-01 (1.4112e-01)	Acc pseudo  92.19 ( 94.66)	Lr 1.000e-03 (1.000e-03)
2026-02-08 18:43:58,051 - INFO: Epoch: [8][300/582]	Time  0.027 ( 0.030)	Loss 1.3777e-01 (1.4243e-01)	Acc pseudo  95.31 ( 94.66)	Lr 1.000e-03 (1.000e-03)
2026-02-08 18:44:02,704 - INFO: Epoch: [8][350/582]	Time  0.027 ( 0.030)	Loss 5.2171e-02 (1.4026e-01)	Acc pseudo  98.44 ( 94.75)	Lr 1.000e-03 (1.000e-03)
2026-02-08 18:44:07,357 - INFO: Epoch: [8][400/582]	Time  0.027 ( 0.030)	Loss 8.8977e-02 (1.3914e-01)	Acc pseudo  95.31 ( 94.81)	Lr 1.000e-03 (1.000e-03)
2026-02-08 18:44:12,010 - INFO: Epoch: [8][450/582]	Time  0.028 ( 0.029)	Loss 1.7376e-01 (1.4021e-01)	Acc pseudo  93.75 ( 94.81)	Lr 1.000e-03 (1.000e-03)
2026-02-08 18:44:16,664 - INFO: Epoch: [8][500/582]	Time  0.027 ( 0.029)	Loss 1.0170e-01 (1.4117e-01)	Acc pseudo  98.44 ( 94.76)	Lr 1.000e-03 (1.000e-03)
2026-02-08 18:44:21,318 - INFO: Epoch: [8][550/582]	Time  0.027 ( 0.029)	Loss 7.2740e-02 (1.4172e-01)	Acc pseudo  96.88 ( 94.70)	Lr 1.000e-03 (1.000e-03)
2026-02-08 18:44:24,214 - INFO: Round 5, Face Fine-tune Epoch 8: loss=0.1421, acc(pseudo)=94.68%
2026-02-08 18:45:21,856 - INFO: Round 5, Face Fine-tune Epoch 8: acc(valid_pseudo): 0.9982, acc: 0.8364
2026-02-08 18:45:23,623 - INFO: Epoch: [9][  0/582]	Time  0.626 ( 0.626)	Loss 5.7333e-02 (5.7333e-02)	Acc pseudo  98.44 ( 98.44)	Lr 1.000e-03 (1.000e-03)
2026-02-08 18:45:28,265 - INFO: Epoch: [9][ 50/582]	Time  0.028 ( 0.040)	Loss 1.5872e-01 (1.4237e-01)	Acc pseudo  93.75 ( 94.55)	Lr 1.000e-03 (1.000e-03)
2026-02-08 18:45:32,908 - INFO: Epoch: [9][100/582]	Time  0.027 ( 0.035)	Loss 1.0885e-01 (1.5080e-01)	Acc pseudo  93.75 ( 94.32)	Lr 1.000e-03 (1.000e-03)
2026-02-08 18:45:37,558 - INFO: Epoch: [9][150/582]	Time  0.028 ( 0.032)	Loss 1.5054e-01 (1.5628e-01)	Acc pseudo  90.62 ( 94.25)	Lr 1.000e-03 (1.000e-03)
2026-02-08 18:45:42,211 - INFO: Epoch: [9][200/582]	Time  0.028 ( 0.032)	Loss 1.5613e-01 (1.5635e-01)	Acc pseudo  92.19 ( 94.09)	Lr 1.000e-03 (1.000e-03)
2026-02-08 18:45:46,862 - INFO: Epoch: [9][250/582]	Time  0.027 ( 0.031)	Loss 1.1474e-01 (1.5533e-01)	Acc pseudo  92.19 ( 94.08)	Lr 1.000e-03 (1.000e-03)
2026-02-08 18:45:51,513 - INFO: Epoch: [9][300/582]	Time  0.027 ( 0.030)	Loss 2.5520e-02 (1.5905e-01)	Acc pseudo 100.00 ( 94.08)	Lr 1.000e-03 (1.000e-03)
2026-02-08 18:45:56,164 - INFO: Epoch: [9][350/582]	Time  0.026 ( 0.030)	Loss 2.1074e-01 (1.5852e-01)	Acc pseudo  89.06 ( 94.08)	Lr 1.000e-03 (1.000e-03)
2026-02-08 18:46:00,817 - INFO: Epoch: [9][400/582]	Time  0.027 ( 0.030)	Loss 1.7944e-01 (1.6115e-01)	Acc pseudo  90.62 ( 94.01)	Lr 1.000e-03 (1.000e-03)
2026-02-08 18:46:05,468 - INFO: Epoch: [9][450/582]	Time  0.027 ( 0.029)	Loss 1.1066e-01 (1.6522e-01)	Acc pseudo  96.88 ( 93.89)	Lr 1.000e-03 (1.000e-03)
2026-02-08 18:46:10,121 - INFO: Epoch: [9][500/582]	Time  0.028 ( 0.029)	Loss 4.4929e-01 (1.6672e-01)	Acc pseudo  87.50 ( 93.83)	Lr 1.000e-03 (1.000e-03)
2026-02-08 18:46:14,774 - INFO: Epoch: [9][550/582]	Time  0.027 ( 0.029)	Loss 1.1132e-01 (1.6728e-01)	Acc pseudo  95.31 ( 93.78)	Lr 1.000e-03 (1.000e-03)
2026-02-08 18:46:17,667 - INFO: Round 5, Face Fine-tune Epoch 9: loss=0.1669, acc(pseudo)=93.77%
2026-02-08 18:47:15,156 - INFO: Round 5, Face Fine-tune Epoch 9: acc(valid_pseudo): 0.9975, acc: 0.8374
2026-02-08 18:47:15,156 - INFO: Round 5, Face Fine-tune Epoch 9: No improvement. Patience(epoch): 1/3
2026-02-08 18:47:15,764 - INFO: Epoch: [10][  0/582]	Time  0.567 ( 0.567)	Loss 2.0925e-01 (2.0925e-01)	Acc pseudo  98.44 ( 98.44)	Lr 1.000e-03 (1.000e-03)
2026-02-08 18:47:20,405 - INFO: Epoch: [10][ 50/582]	Time  0.026 ( 0.038)	Loss 9.6472e-02 (1.7477e-01)	Acc pseudo  98.44 ( 93.47)	Lr 1.000e-03 (1.000e-03)
2026-02-08 18:47:25,048 - INFO: Epoch: [10][100/582]	Time  0.027 ( 0.033)	Loss 1.6025e-01 (1.5750e-01)	Acc pseudo  92.19 ( 94.03)	Lr 1.000e-03 (1.000e-03)
2026-02-08 18:47:29,694 - INFO: Epoch: [10][150/582]	Time  0.027 ( 0.031)	Loss 1.8243e-01 (1.6575e-01)	Acc pseudo  87.50 ( 93.79)	Lr 1.000e-03 (1.000e-03)
2026-02-08 18:47:34,342 - INFO: Epoch: [10][200/582]	Time  0.027 ( 0.030)	Loss 1.1076e-01 (1.6043e-01)	Acc pseudo  95.31 ( 93.84)	Lr 1.000e-03 (1.000e-03)
2026-02-08 18:47:38,994 - INFO: Epoch: [10][250/582]	Time  0.027 ( 0.030)	Loss 5.5115e-01 (1.6124e-01)	Acc pseudo  87.50 ( 93.96)	Lr 1.000e-03 (1.000e-03)
2026-02-08 18:47:43,641 - INFO: Epoch: [10][300/582]	Time  0.027 ( 0.030)	Loss 8.1096e-02 (1.5858e-01)	Acc pseudo  96.88 ( 94.03)	Lr 1.000e-03 (1.000e-03)
2026-02-08 18:47:48,291 - INFO: Epoch: [10][350/582]	Time  0.029 ( 0.029)	Loss 3.0900e-01 (1.6147e-01)	Acc pseudo  89.06 ( 93.98)	Lr 1.000e-03 (1.000e-03)
2026-02-08 18:47:52,940 - INFO: Epoch: [10][400/582]	Time  0.027 ( 0.029)	Loss 1.0309e-01 (1.6228e-01)	Acc pseudo  95.31 ( 93.90)	Lr 1.000e-03 (1.000e-03)
2026-02-08 18:47:57,589 - INFO: Epoch: [10][450/582]	Time  0.026 ( 0.029)	Loss 7.2027e-02 (1.6164e-01)	Acc pseudo  96.88 ( 93.94)	Lr 1.000e-03 (1.000e-03)
2026-02-08 18:48:02,237 - INFO: Epoch: [10][500/582]	Time  0.028 ( 0.029)	Loss 2.1439e-01 (1.6250e-01)	Acc pseudo  95.31 ( 93.94)	Lr 1.000e-03 (1.000e-03)
2026-02-08 18:48:06,888 - INFO: Epoch: [10][550/582]	Time  0.029 ( 0.029)	Loss 3.2718e-02 (1.6253e-01)	Acc pseudo  98.44 ( 93.93)	Lr 1.000e-03 (1.000e-03)
2026-02-08 18:48:09,781 - INFO: Round 5, Face Fine-tune Epoch 10: loss=0.1622, acc(pseudo)=93.95%
2026-02-08 18:49:06,602 - INFO: Round 5, Face Fine-tune Epoch 10: acc(valid_pseudo): 0.9984, acc: 0.8374
2026-02-08 18:49:08,624 - INFO: Epoch: [11][  0/582]	Time  0.673 ( 0.673)	Loss 1.8909e-01 (1.8909e-01)	Acc pseudo  93.75 ( 93.75)	Lr 1.000e-03 (1.000e-03)
2026-02-08 18:49:13,265 - INFO: Epoch: [11][ 50/582]	Time  0.029 ( 0.041)	Loss 1.4016e-01 (1.4358e-01)	Acc pseudo  92.19 ( 94.49)	Lr 1.000e-03 (1.000e-03)
2026-02-08 18:49:17,906 - INFO: Epoch: [11][100/582]	Time  0.026 ( 0.034)	Loss 1.1463e-01 (1.4244e-01)	Acc pseudo  95.31 ( 94.38)	Lr 1.000e-03 (1.000e-03)
2026-02-08 18:49:22,553 - INFO: Epoch: [11][150/582]	Time  0.026 ( 0.032)	Loss 1.2312e-01 (1.4621e-01)	Acc pseudo  95.31 ( 94.40)	Lr 1.000e-03 (1.000e-03)
2026-02-08 18:49:27,201 - INFO: Epoch: [11][200/582]	Time  0.030 ( 0.031)	Loss 7.8853e-02 (1.4927e-01)	Acc pseudo  98.44 ( 94.37)	Lr 1.000e-03 (1.000e-03)
2026-02-08 18:49:31,849 - INFO: Epoch: [11][250/582]	Time  0.027 ( 0.030)	Loss 7.2789e-02 (1.5340e-01)	Acc pseudo  93.75 ( 94.26)	Lr 1.000e-03 (1.000e-03)
2026-02-08 18:49:36,498 - INFO: Epoch: [11][300/582]	Time  0.027 ( 0.030)	Loss 5.5559e-02 (1.5238e-01)	Acc pseudo  98.44 ( 94.23)	Lr 1.000e-03 (1.000e-03)
2026-02-08 18:49:41,143 - INFO: Epoch: [11][350/582]	Time  0.028 ( 0.030)	Loss 1.4848e-01 (1.5513e-01)	Acc pseudo  92.19 ( 94.05)	Lr 1.000e-03 (1.000e-03)
2026-02-08 18:49:45,791 - INFO: Epoch: [11][400/582]	Time  0.026 ( 0.029)	Loss 1.8638e-01 (1.5608e-01)	Acc pseudo  92.19 ( 94.04)	Lr 1.000e-03 (1.000e-03)
2026-02-08 18:49:50,440 - INFO: Epoch: [11][450/582]	Time  0.026 ( 0.029)	Loss 6.5855e-02 (1.5471e-01)	Acc pseudo  95.31 ( 94.07)	Lr 1.000e-03 (1.000e-03)
2026-02-08 18:49:55,090 - INFO: Epoch: [11][500/582]	Time  0.027 ( 0.029)	Loss 1.9355e-01 (1.5570e-01)	Acc pseudo  92.19 ( 94.07)	Lr 1.000e-03 (1.000e-03)
2026-02-08 18:49:59,739 - INFO: Epoch: [11][550/582]	Time  0.026 ( 0.029)	Loss 1.7359e-01 (1.5556e-01)	Acc pseudo  93.75 ( 94.05)	Lr 1.000e-03 (1.000e-03)
2026-02-08 18:50:02,631 - INFO: Round 5, Face Fine-tune Epoch 11: loss=0.1555, acc(pseudo)=94.07%
2026-02-08 18:50:59,536 - INFO: Round 5, Face Fine-tune Epoch 11: acc(valid_pseudo): 0.9983, acc: 0.8393
2026-02-08 18:50:59,536 - INFO: Round 5, Face Fine-tune Epoch 11: No improvement. Patience(epoch): 1/3
2026-02-08 18:51:00,239 - INFO: Epoch: [12][  0/582]	Time  0.653 ( 0.653)	Loss 1.2723e-01 (1.2723e-01)	Acc pseudo  92.19 ( 92.19)	Lr 1.000e-03 (1.000e-03)
2026-02-08 18:51:04,888 - INFO: Epoch: [12][ 50/582]	Time  0.027 ( 0.040)	Loss 6.2589e-02 (1.5112e-01)	Acc pseudo  98.44 ( 93.84)	Lr 1.000e-03 (1.000e-03)
2026-02-08 18:51:09,533 - INFO: Epoch: [12][100/582]	Time  0.027 ( 0.034)	Loss 1.4173e-01 (1.5412e-01)	Acc pseudo  92.19 ( 93.86)	Lr 1.000e-03 (1.000e-03)
2026-02-08 18:51:14,180 - INFO: Epoch: [12][150/582]	Time  0.027 ( 0.032)	Loss 1.3869e-01 (1.5221e-01)	Acc pseudo  95.31 ( 94.18)	Lr 1.000e-03 (1.000e-03)
2026-02-08 18:51:18,830 - INFO: Epoch: [12][200/582]	Time  0.027 ( 0.031)	Loss 9.2412e-02 (1.5226e-01)	Acc pseudo  95.31 ( 94.15)	Lr 1.000e-03 (1.000e-03)
2026-02-08 18:51:23,481 - INFO: Epoch: [12][250/582]	Time  0.027 ( 0.030)	Loss 8.9322e-02 (1.5098e-01)	Acc pseudo  95.31 ( 94.27)	Lr 1.000e-03 (1.000e-03)
2026-02-08 18:51:28,130 - INFO: Epoch: [12][300/582]	Time  0.028 ( 0.030)	Loss 7.9778e-02 (1.5061e-01)	Acc pseudo  95.31 ( 94.25)	Lr 1.000e-03 (1.000e-03)
2026-02-08 18:51:32,782 - INFO: Epoch: [12][350/582]	Time  0.029 ( 0.030)	Loss 1.9206e-01 (1.5178e-01)	Acc pseudo  93.75 ( 94.26)	Lr 1.000e-03 (1.000e-03)
2026-02-08 18:51:37,435 - INFO: Epoch: [12][400/582]	Time  0.028 ( 0.030)	Loss 4.1119e-01 (1.5342e-01)	Acc pseudo  89.06 ( 94.24)	Lr 1.000e-03 (1.000e-03)
2026-02-08 18:51:42,085 - INFO: Epoch: [12][450/582]	Time  0.029 ( 0.029)	Loss 6.2150e-02 (1.5525e-01)	Acc pseudo  96.88 ( 94.15)	Lr 1.000e-03 (1.000e-03)
2026-02-08 18:51:46,735 - INFO: Epoch: [12][500/582]	Time  0.028 ( 0.029)	Loss 7.2816e-02 (1.5628e-01)	Acc pseudo  96.88 ( 94.16)	Lr 1.000e-03 (1.000e-03)
2026-02-08 18:51:51,387 - INFO: Epoch: [12][550/582]	Time  0.027 ( 0.029)	Loss 2.9038e-01 (1.5585e-01)	Acc pseudo  89.06 ( 94.15)	Lr 1.000e-03 (1.000e-03)
2026-02-08 18:51:54,278 - INFO: Round 5, Face Fine-tune Epoch 12: loss=0.1563, acc(pseudo)=94.13%
2026-02-08 18:52:51,431 - INFO: Round 5, Face Fine-tune Epoch 12: acc(valid_pseudo): 0.9981, acc: 0.8364
2026-02-08 18:52:51,431 - INFO: Round 5, Face Fine-tune Epoch 12: No improvement. Patience(epoch): 2/3
2026-02-08 18:52:52,118 - INFO: Epoch: [13][  0/582]	Time  0.648 ( 0.648)	Loss 4.7296e-02 (4.7296e-02)	Acc pseudo  96.88 ( 96.88)	Lr 1.000e-03 (1.000e-03)
2026-02-08 18:52:56,764 - INFO: Epoch: [13][ 50/582]	Time  0.027 ( 0.039)	Loss 3.9431e-01 (1.6738e-01)	Acc pseudo  92.19 ( 94.12)	Lr 1.000e-03 (1.000e-03)
2026-02-08 18:53:01,409 - INFO: Epoch: [13][100/582]	Time  0.027 ( 0.033)	Loss 1.5208e-01 (1.7266e-01)	Acc pseudo  92.19 ( 94.03)	Lr 1.000e-03 (1.000e-03)
2026-02-08 18:53:06,052 - INFO: Epoch: [13][150/582]	Time  0.026 ( 0.031)	Loss 1.8583e-01 (1.6582e-01)	Acc pseudo  93.75 ( 94.00)	Lr 1.000e-03 (1.000e-03)
2026-02-08 18:53:10,729 - INFO: Epoch: [13][200/582]	Time  0.026 ( 0.030)	Loss 4.4535e-02 (1.6658e-01)	Acc pseudo  96.88 ( 93.87)	Lr 1.000e-03 (1.000e-03)
2026-02-08 18:53:15,376 - INFO: Epoch: [13][250/582]	Time  0.027 ( 0.029)	Loss 6.3306e-02 (1.6651e-01)	Acc pseudo  98.44 ( 93.96)	Lr 1.000e-03 (1.000e-03)
2026-02-08 18:53:20,022 - INFO: Epoch: [13][300/582]	Time  0.027 ( 0.029)	Loss 4.4772e-02 (1.6454e-01)	Acc pseudo  96.88 ( 93.88)	Lr 1.000e-03 (1.000e-03)
2026-02-08 18:53:24,670 - INFO: Epoch: [13][350/582]	Time  0.027 ( 0.029)	Loss 1.5004e-01 (1.6717e-01)	Acc pseudo  89.06 ( 93.77)	Lr 1.000e-03 (1.000e-03)
2026-02-08 18:53:29,321 - INFO: Epoch: [13][400/582]	Time  0.028 ( 0.029)	Loss 1.8888e-01 (1.6390e-01)	Acc pseudo  93.75 ( 93.88)	Lr 1.000e-03 (1.000e-03)
2026-02-08 18:53:33,974 - INFO: Epoch: [13][450/582]	Time  0.027 ( 0.029)	Loss 3.7821e-02 (1.6159e-01)	Acc pseudo 100.00 ( 93.98)	Lr 1.000e-03 (1.000e-03)
2026-02-08 18:53:38,625 - INFO: Epoch: [13][500/582]	Time  0.028 ( 0.028)	Loss 1.3044e-01 (1.5932e-01)	Acc pseudo  93.75 ( 94.03)	Lr 1.000e-03 (1.000e-03)
2026-02-08 18:53:43,279 - INFO: Epoch: [13][550/582]	Time  0.027 ( 0.028)	Loss 2.4505e-01 (1.6246e-01)	Acc pseudo  89.06 ( 94.02)	Lr 1.000e-03 (1.000e-03)
2026-02-08 18:53:46,172 - INFO: Round 5, Face Fine-tune Epoch 13: loss=0.1641, acc(pseudo)=93.97%
2026-02-08 18:54:44,213 - INFO: Round 5, Face Fine-tune Epoch 13: acc(valid_pseudo): 0.9977, acc: 0.8364
2026-02-08 18:54:44,214 - INFO: Round 5, Face Fine-tune Epoch 13: No improvement. Patience(epoch): 3/3
2026-02-08 18:54:44,214 - INFO: Early stopping at face epoch 13
2026-02-08 18:54:44,215 - INFO: Round 5: Best face fine-tuned epoch=10, acc(valid_pseudo)=0.9984
2026-02-08 18:55:12,814 - INFO: Round 5: speaker_acc=0.7295
2026-02-08 18:55:12,818 - INFO: Round 5: face_acc=0.8374
2026-02-08 18:55:12,820 - INFO: ====================
2026-02-08 18:55:12,820 - INFO: Round 6: Fine-tuning iteration
2026-02-08 18:55:12,821 - INFO: ====================
2026-02-08 18:55:12,900 - INFO: Round 6 Part 1: Fine-tuning embedding model
2026-02-08 18:55:12,901 - INFO: Using pseudo-label file: runs/I love my family/exp_video/result/self_supervised/baseline_joint/exp0/round5/pseudo_label/pseudo_labels_audio_baseline_joint.json
2026-02-08 18:55:12,928 - INFO: For training, Using face pseudo-label file: runs/I love my family/exp_video/result/self_supervised/baseline_joint/exp0/round5/pseudo_label/pseudo_labels_faces_mid_frame_train_baseline_joint.json
2026-02-08 18:55:12,928 - INFO: For infering, Using face pseudo-label file: runs/I love my family/exp_video/result/self_supervised/baseline_joint/exp0/round5/pseudo_label/pseudo_labels_faces_mid_frame_all_baseline_joint.json
2026-02-08 18:55:13,062 - INFO: Created face dataloader with 37219 samples
2026-02-08 18:55:13,066 - INFO: Warmup training speaker classifier for 2 epochs...
2026-02-08 18:55:13,346 - INFO: Epoch: [0][  0/301]	Time  0.276 ( 0.276)	Loss 2.2316e+00 (2.2316e+00)	Acc pseudo  18.75 ( 18.75)	Lr 1.000e-03 (1.000e-03)
2026-02-08 18:55:13,576 - INFO: Epoch: [0][ 50/301]	Time  0.003 ( 0.010)	Loss 3.1759e-01 (7.2393e-01)	Acc pseudo  90.62 ( 83.92)	Lr 1.000e-03 (1.000e-03)
2026-02-08 18:55:13,702 - INFO: Epoch: [0][100/301]	Time  0.002 ( 0.006)	Loss 2.4427e-01 (5.0031e-01)	Acc pseudo  89.06 ( 87.87)	Lr 1.000e-03 (1.000e-03)
2026-02-08 18:55:13,824 - INFO: Epoch: [0][150/301]	Time  0.002 ( 0.005)	Loss 2.5092e-01 (4.1545e-01)	Acc pseudo  90.62 ( 89.01)	Lr 1.000e-03 (1.000e-03)
2026-02-08 18:55:13,947 - INFO: Epoch: [0][200/301]	Time  0.002 ( 0.004)	Loss 1.2206e-01 (3.6553e-01)	Acc pseudo  93.75 ( 89.87)	Lr 1.000e-03 (1.000e-03)
2026-02-08 18:55:14,070 - INFO: Epoch: [0][250/301]	Time  0.003 ( 0.004)	Loss 2.6362e-01 (3.3669e-01)	Acc pseudo  82.81 ( 90.26)	Lr 1.000e-03 (1.000e-03)
2026-02-08 18:55:14,187 - INFO: Epoch: [0][300/301]	Time  0.002 ( 0.004)	Loss 4.3884e-01 (3.1340e-01)	Acc pseudo  88.00 ( 90.69)	Lr 1.000e-03 (1.000e-03)
2026-02-08 18:55:14,223 - INFO: Round 6, Speaker Warmup Epoch 0: loss=0.3134, acc(pseudo)=90.69%
2026-02-08 18:55:14,494 - INFO: Epoch: [1][  0/301]	Time  0.267 ( 0.267)	Loss 1.4764e-01 (1.4764e-01)	Acc pseudo  95.31 ( 95.31)	Lr 1.000e-03 (1.000e-03)
2026-02-08 18:55:14,737 - INFO: Epoch: [1][ 50/301]	Time  0.003 ( 0.010)	Loss 8.2291e-02 (1.9369e-01)	Acc pseudo  96.88 ( 93.20)	Lr 1.000e-03 (1.000e-03)
2026-02-08 18:55:14,886 - INFO: Epoch: [1][100/301]	Time  0.002 ( 0.006)	Loss 1.3786e-01 (2.0190e-01)	Acc pseudo  93.75 ( 92.88)	Lr 1.000e-03 (1.000e-03)
2026-02-08 18:55:15,032 - INFO: Epoch: [1][150/301]	Time  0.003 ( 0.005)	Loss 2.6631e-01 (2.0479e-01)	Acc pseudo  89.06 ( 92.65)	Lr 1.000e-03 (1.000e-03)
2026-02-08 18:55:15,171 - INFO: Epoch: [1][200/301]	Time  0.002 ( 0.005)	Loss 1.6008e-01 (1.9866e-01)	Acc pseudo  93.75 ( 92.77)	Lr 1.000e-03 (1.000e-03)
2026-02-08 18:55:15,309 - INFO: Epoch: [1][250/301]	Time  0.003 ( 0.004)	Loss 2.6165e-01 (1.9791e-01)	Acc pseudo  90.62 ( 92.92)	Lr 1.000e-03 (1.000e-03)
2026-02-08 18:55:15,436 - INFO: Epoch: [1][300/301]	Time  0.002 ( 0.004)	Loss 1.5676e-01 (2.0037e-01)	Acc pseudo  92.00 ( 92.79)	Lr 1.000e-03 (1.000e-03)
2026-02-08 18:55:15,471 - INFO: Round 6, Speaker Warmup Epoch 1: loss=0.2004, acc(pseudo)=92.79%
2026-02-08 18:55:15,474 - INFO: Warmup training face classifier for 2 epochs...
2026-02-08 18:55:16,139 - INFO: Epoch: [0][  0/582]	Time  0.620 ( 0.620)	Loss 2.5365e+00 (2.5365e+00)	Acc pseudo  14.06 ( 14.06)	Lr 1.000e-03 (1.000e-03)
2026-02-08 18:55:20,708 - INFO: Epoch: [0][ 50/582]	Time  0.027 ( 0.040)	Loss 5.0493e-01 (1.0872e+00)	Acc pseudo  85.94 ( 79.47)	Lr 1.000e-03 (1.000e-03)
2026-02-08 18:55:25,277 - INFO: Epoch: [0][100/582]	Time  0.026 ( 0.033)	Loss 2.0529e-01 (7.4174e-01)	Acc pseudo  93.75 ( 85.77)	Lr 1.000e-03 (1.000e-03)
2026-02-08 18:55:29,974 - INFO: Epoch: [0][150/582]	Time  0.026 ( 0.032)	Loss 2.1246e-01 (5.8040e-01)	Acc pseudo  93.75 ( 88.57)	Lr 1.000e-03 (1.000e-03)
2026-02-08 18:55:34,649 - INFO: Epoch: [0][200/582]	Time  0.026 ( 0.031)	Loss 8.1993e-02 (4.8369e-01)	Acc pseudo 100.00 ( 90.06)	Lr 1.000e-03 (1.000e-03)
2026-02-08 18:55:39,230 - INFO: Epoch: [0][250/582]	Time  0.027 ( 0.030)	Loss 1.8486e-01 (4.2967e-01)	Acc pseudo  93.75 ( 90.74)	Lr 1.000e-03 (1.000e-03)
2026-02-08 18:55:43,813 - INFO: Epoch: [0][300/582]	Time  0.027 ( 0.030)	Loss 8.4458e-02 (3.8733e-01)	Acc pseudo  96.88 ( 91.44)	Lr 1.000e-03 (1.000e-03)
2026-02-08 18:55:48,393 - INFO: Epoch: [0][350/582]	Time  0.027 ( 0.029)	Loss 9.7124e-02 (3.5211e-01)	Acc pseudo  96.88 ( 92.05)	Lr 1.000e-03 (1.000e-03)
2026-02-08 18:55:52,975 - INFO: Epoch: [0][400/582]	Time  0.028 ( 0.029)	Loss 1.7860e-01 (3.2976e-01)	Acc pseudo  93.75 ( 92.41)	Lr 1.000e-03 (1.000e-03)
2026-02-08 18:55:57,555 - INFO: Epoch: [0][450/582]	Time  0.026 ( 0.029)	Loss 1.9475e-01 (3.1111e-01)	Acc pseudo  93.75 ( 92.62)	Lr 1.000e-03 (1.000e-03)
2026-02-08 18:56:02,136 - INFO: Epoch: [0][500/582]	Time  0.028 ( 0.029)	Loss 1.8291e-01 (2.9601e-01)	Acc pseudo  92.19 ( 92.83)	Lr 1.000e-03 (1.000e-03)
2026-02-08 18:56:06,716 - INFO: Epoch: [0][550/582]	Time  0.027 ( 0.028)	Loss 5.1927e-02 (2.8193e-01)	Acc pseudo  98.44 ( 93.03)	Lr 1.000e-03 (1.000e-03)
2026-02-08 18:56:09,565 - INFO: Round 6, Face Warmup Epoch 0: loss=0.2737, acc(pseudo)=93.18%
2026-02-08 18:56:10,687 - INFO: Epoch: [1][  0/582]	Time  1.077 ( 1.077)	Loss 1.2306e-01 (1.2306e-01)	Acc pseudo  93.75 ( 93.75)	Lr 1.000e-03 (1.000e-03)
2026-02-08 18:56:15,277 - INFO: Epoch: [1][ 50/582]	Time  0.029 ( 0.048)	Loss 1.4686e-01 (1.4733e-01)	Acc pseudo  93.75 ( 94.52)	Lr 1.000e-03 (1.000e-03)
2026-02-08 18:56:19,856 - INFO: Epoch: [1][100/582]	Time  0.038 ( 0.038)	Loss 1.0743e-01 (1.4163e-01)	Acc pseudo  96.88 ( 94.93)	Lr 1.000e-03 (1.000e-03)
2026-02-08 18:56:24,433 - INFO: Epoch: [1][150/582]	Time  0.026 ( 0.034)	Loss 1.5467e-01 (1.4257e-01)	Acc pseudo  93.75 ( 95.07)	Lr 1.000e-03 (1.000e-03)
2026-02-08 18:56:29,013 - INFO: Epoch: [1][200/582]	Time  0.026 ( 0.032)	Loss 1.2954e-01 (1.4025e-01)	Acc pseudo  96.88 ( 95.09)	Lr 1.000e-03 (1.000e-03)
2026-02-08 18:56:33,591 - INFO: Epoch: [1][250/582]	Time  0.027 ( 0.031)	Loss 9.5962e-02 (1.4143e-01)	Acc pseudo  93.75 ( 95.09)	Lr 1.000e-03 (1.000e-03)
2026-02-08 18:56:38,169 - INFO: Epoch: [1][300/582]	Time  0.026 ( 0.030)	Loss 9.2445e-02 (1.4284e-01)	Acc pseudo  96.88 ( 95.25)	Lr 1.000e-03 (1.000e-03)
2026-02-08 18:56:42,748 - INFO: Epoch: [1][350/582]	Time  0.027 ( 0.030)	Loss 1.1153e-01 (1.4156e-01)	Acc pseudo  96.88 ( 95.22)	Lr 1.000e-03 (1.000e-03)
2026-02-08 18:56:47,325 - INFO: Epoch: [1][400/582]	Time  0.027 ( 0.029)	Loss 1.7375e-01 (1.4225e-01)	Acc pseudo  89.06 ( 95.17)	Lr 1.000e-03 (1.000e-03)
2026-02-08 18:56:51,903 - INFO: Epoch: [1][450/582]	Time  0.026 ( 0.029)	Loss 1.6063e-01 (1.4135e-01)	Acc pseudo  90.62 ( 95.19)	Lr 1.000e-03 (1.000e-03)
2026-02-08 18:56:56,483 - INFO: Epoch: [1][500/582]	Time  0.030 ( 0.029)	Loss 7.3324e-02 (1.3980e-01)	Acc pseudo  96.88 ( 95.24)	Lr 1.000e-03 (1.000e-03)
2026-02-08 18:57:01,089 - INFO: Epoch: [1][550/582]	Time  0.027 ( 0.029)	Loss 2.0316e-01 (1.3943e-01)	Acc pseudo  95.31 ( 95.28)	Lr 1.000e-03 (1.000e-03)
2026-02-08 18:57:04,009 - INFO: Round 6, Face Warmup Epoch 1: loss=0.1378, acc(pseudo)=95.29%
2026-02-08 18:57:04,019 - INFO: Fine-tuning speaker embedding model for 20 epochs...
2026-02-08 18:57:04,317 - INFO: Epoch: [0][  0/301]	Time  0.295 ( 0.295)	Loss 1.0040e-01 (1.0040e-01)	Acc pseudo  96.88 ( 96.88)	Lr 1.000e-03 (1.000e-03)
2026-02-08 18:57:04,565 - INFO: Epoch: [0][ 50/301]	Time  0.002 ( 0.011)	Loss 8.8004e-02 (1.8281e-01)	Acc pseudo  96.88 ( 93.26)	Lr 1.000e-03 (1.000e-03)
2026-02-08 18:57:04,704 - INFO: Epoch: [0][100/301]	Time  0.002 ( 0.007)	Loss 1.5007e-01 (1.9057e-01)	Acc pseudo  95.31 ( 93.15)	Lr 1.000e-03 (1.000e-03)
2026-02-08 18:57:04,843 - INFO: Epoch: [0][150/301]	Time  0.003 ( 0.005)	Loss 1.6420e-01 (1.9541e-01)	Acc pseudo  90.62 ( 92.88)	Lr 1.000e-03 (1.000e-03)
2026-02-08 18:57:04,986 - INFO: Epoch: [0][200/301]	Time  0.002 ( 0.005)	Loss 8.4559e-02 (1.9440e-01)	Acc pseudo  95.31 ( 93.02)	Lr 1.000e-03 (1.000e-03)
2026-02-08 18:57:05,134 - INFO: Epoch: [0][250/301]	Time  0.003 ( 0.004)	Loss 1.6391e-01 (1.9221e-01)	Acc pseudo  90.62 ( 93.03)	Lr 1.000e-03 (1.000e-03)
2026-02-08 18:57:05,276 - INFO: Epoch: [0][300/301]	Time  0.003 ( 0.004)	Loss 8.0817e-02 (1.9130e-01)	Acc pseudo  96.00 ( 93.04)	Lr 1.000e-03 (1.000e-03)
2026-02-08 18:57:05,312 - INFO: Round 6, Fine-tune Epoch 0: loss=0.1913, acc(pseudo)=93.04%
2026-02-08 18:57:11,963 - INFO: Round 6, Fine-tune Epoch 0: acc(valid_pseudo): 0.7190, acc: 0.7190
2026-02-08 18:57:12,664 - INFO: Epoch: [1][  0/301]	Time  0.274 ( 0.274)	Loss 1.9412e-01 (1.9412e-01)	Acc pseudo  90.62 ( 90.62)	Lr 1.000e-03 (1.000e-03)
2026-02-08 18:57:12,914 - INFO: Epoch: [1][ 50/301]	Time  0.003 ( 0.010)	Loss 1.6119e-01 (1.7632e-01)	Acc pseudo  93.75 ( 93.47)	Lr 1.000e-03 (1.000e-03)
2026-02-08 18:57:13,064 - INFO: Epoch: [1][100/301]	Time  0.002 ( 0.007)	Loss 1.1188e-01 (1.8009e-01)	Acc pseudo  93.75 ( 93.10)	Lr 1.000e-03 (1.000e-03)
2026-02-08 18:57:13,213 - INFO: Epoch: [1][150/301]	Time  0.003 ( 0.005)	Loss 9.6415e-02 (1.7496e-01)	Acc pseudo  96.88 ( 93.41)	Lr 1.000e-03 (1.000e-03)
2026-02-08 18:57:13,363 - INFO: Epoch: [1][200/301]	Time  0.003 ( 0.005)	Loss 1.6906e-01 (1.7706e-01)	Acc pseudo  92.19 ( 93.35)	Lr 1.000e-03 (1.000e-03)
2026-02-08 18:57:13,513 - INFO: Epoch: [1][250/301]	Time  0.003 ( 0.004)	Loss 2.0634e-01 (1.7729e-01)	Acc pseudo  93.75 ( 93.34)	Lr 1.000e-03 (1.000e-03)
2026-02-08 18:57:13,656 - INFO: Epoch: [1][300/301]	Time  0.003 ( 0.004)	Loss 4.8412e-01 (1.8190e-01)	Acc pseudo  88.00 ( 93.20)	Lr 1.000e-03 (1.000e-03)
2026-02-08 18:57:13,692 - INFO: Round 6, Fine-tune Epoch 1: loss=0.1819, acc(pseudo)=93.20%
2026-02-08 18:57:20,594 - INFO: Round 6, Fine-tune Epoch 1: acc(valid_pseudo): 0.7085, acc: 0.7085
2026-02-08 18:57:20,594 - INFO: Round 6, Speaker Fine-tune Epoch 1: No improvement in validation accuracy. Patience(epoch): 1/3
2026-02-08 18:57:20,882 - INFO: Epoch: [2][  0/301]	Time  0.282 ( 0.282)	Loss 1.6468e-01 (1.6468e-01)	Acc pseudo  93.75 ( 93.75)	Lr 1.000e-03 (1.000e-03)
2026-02-08 18:57:21,124 - INFO: Epoch: [2][ 50/301]	Time  0.003 ( 0.010)	Loss 1.1795e-01 (1.5859e-01)	Acc pseudo  93.75 ( 93.29)	Lr 1.000e-03 (1.000e-03)
2026-02-08 18:57:21,277 - INFO: Epoch: [2][100/301]	Time  0.002 ( 0.007)	Loss 7.6069e-02 (1.6459e-01)	Acc pseudo  95.31 ( 93.66)	Lr 1.000e-03 (1.000e-03)
2026-02-08 18:57:21,424 - INFO: Epoch: [2][150/301]	Time  0.003 ( 0.005)	Loss 1.6976e-01 (1.5421e-01)	Acc pseudo  93.75 ( 94.09)	Lr 1.000e-03 (1.000e-03)
2026-02-08 18:57:21,573 - INFO: Epoch: [2][200/301]	Time  0.003 ( 0.005)	Loss 9.8487e-02 (1.6373e-01)	Acc pseudo  95.31 ( 93.82)	Lr 1.000e-03 (1.000e-03)
2026-02-08 18:57:21,719 - INFO: Epoch: [2][250/301]	Time  0.003 ( 0.004)	Loss 1.6866e-01 (1.6615e-01)	Acc pseudo  95.31 ( 93.83)	Lr 1.000e-03 (1.000e-03)
2026-02-08 18:57:21,854 - INFO: Epoch: [2][300/301]	Time  0.003 ( 0.004)	Loss 3.7987e-01 (1.6419e-01)	Acc pseudo  88.00 ( 93.88)	Lr 1.000e-03 (1.000e-03)
2026-02-08 18:57:21,891 - INFO: Round 6, Fine-tune Epoch 2: loss=0.1642, acc(pseudo)=93.88%
2026-02-08 18:57:28,515 - INFO: Round 6, Fine-tune Epoch 2: acc(valid_pseudo): 0.7215, acc: 0.7215
2026-02-08 18:57:29,246 - INFO: Epoch: [3][  0/301]	Time  0.272 ( 0.272)	Loss 1.3450e-01 (1.3450e-01)	Acc pseudo  95.31 ( 95.31)	Lr 1.000e-03 (1.000e-03)
2026-02-08 18:57:29,498 - INFO: Epoch: [3][ 50/301]	Time  0.003 ( 0.010)	Loss 9.1555e-02 (1.2975e-01)	Acc pseudo  95.31 ( 95.13)	Lr 1.000e-03 (1.000e-03)
2026-02-08 18:57:29,641 - INFO: Epoch: [3][100/301]	Time  0.002 ( 0.006)	Loss 2.0315e-01 (1.4911e-01)	Acc pseudo  93.75 ( 94.49)	Lr 1.000e-03 (1.000e-03)
2026-02-08 18:57:29,785 - INFO: Epoch: [3][150/301]	Time  0.003 ( 0.005)	Loss 9.5056e-02 (1.4842e-01)	Acc pseudo  98.44 ( 94.63)	Lr 1.000e-03 (1.000e-03)
2026-02-08 18:57:29,931 - INFO: Epoch: [3][200/301]	Time  0.003 ( 0.005)	Loss 1.5352e-01 (1.5096e-01)	Acc pseudo  90.62 ( 94.62)	Lr 1.000e-03 (1.000e-03)
2026-02-08 18:57:30,079 - INFO: Epoch: [3][250/301]	Time  0.003 ( 0.004)	Loss 7.1505e-02 (1.5345e-01)	Acc pseudo  96.88 ( 94.47)	Lr 1.000e-03 (1.000e-03)
2026-02-08 18:57:30,219 - INFO: Epoch: [3][300/301]	Time  0.003 ( 0.004)	Loss 3.4676e-01 (1.5346e-01)	Acc pseudo  88.00 ( 94.42)	Lr 1.000e-03 (1.000e-03)
2026-02-08 18:57:30,261 - INFO: Round 6, Fine-tune Epoch 3: loss=0.1535, acc(pseudo)=94.42%
2026-02-08 18:57:36,903 - INFO: Round 6, Fine-tune Epoch 3: acc(valid_pseudo): 0.7265, acc: 0.7265
2026-02-08 18:57:37,941 - INFO: Epoch: [4][  0/301]	Time  0.310 ( 0.310)	Loss 2.1049e-01 (2.1049e-01)	Acc pseudo  92.19 ( 92.19)	Lr 1.000e-03 (1.000e-03)
2026-02-08 18:57:38,198 - INFO: Epoch: [4][ 50/301]	Time  0.003 ( 0.011)	Loss 8.9985e-02 (1.5939e-01)	Acc pseudo  96.88 ( 94.58)	Lr 1.000e-03 (1.000e-03)
2026-02-08 18:57:38,369 - INFO: Epoch: [4][100/301]	Time  0.003 ( 0.007)	Loss 1.0624e-01 (1.6131e-01)	Acc pseudo  95.31 ( 94.14)	Lr 1.000e-03 (1.000e-03)
2026-02-08 18:57:38,535 - INFO: Epoch: [4][150/301]	Time  0.004 ( 0.006)	Loss 2.9681e-01 (1.5791e-01)	Acc pseudo  93.75 ( 94.16)	Lr 1.000e-03 (1.000e-03)
2026-02-08 18:57:38,699 - INFO: Epoch: [4][200/301]	Time  0.003 ( 0.005)	Loss 1.2375e-01 (1.5366e-01)	Acc pseudo  93.75 ( 94.29)	Lr 1.000e-03 (1.000e-03)
2026-02-08 18:57:38,862 - INFO: Epoch: [4][250/301]	Time  0.003 ( 0.005)	Loss 6.8474e-02 (1.4913e-01)	Acc pseudo  98.44 ( 94.39)	Lr 1.000e-03 (1.000e-03)
2026-02-08 18:57:39,014 - INFO: Epoch: [4][300/301]	Time  0.003 ( 0.005)	Loss 5.8561e-02 (1.5017e-01)	Acc pseudo 100.00 ( 94.40)	Lr 1.000e-03 (1.000e-03)
2026-02-08 18:57:39,061 - INFO: Round 6, Fine-tune Epoch 4: loss=0.1502, acc(pseudo)=94.40%
2026-02-08 18:57:46,899 - INFO: Round 6, Fine-tune Epoch 4: acc(valid_pseudo): 0.7255, acc: 0.7255
2026-02-08 18:57:46,899 - INFO: Round 6, Speaker Fine-tune Epoch 4: No improvement in validation accuracy. Patience(epoch): 1/3
2026-02-08 18:57:47,173 - INFO: Epoch: [5][  0/301]	Time  0.269 ( 0.269)	Loss 1.3803e-01 (1.3803e-01)	Acc pseudo  93.75 ( 93.75)	Lr 1.000e-03 (1.000e-03)
2026-02-08 18:57:47,419 - INFO: Epoch: [5][ 50/301]	Time  0.003 ( 0.010)	Loss 1.0806e-01 (1.6563e-01)	Acc pseudo  96.88 ( 93.63)	Lr 1.000e-03 (1.000e-03)
2026-02-08 18:57:47,563 - INFO: Epoch: [5][100/301]	Time  0.002 ( 0.006)	Loss 7.3178e-02 (1.6033e-01)	Acc pseudo  96.88 ( 94.03)	Lr 1.000e-03 (1.000e-03)
2026-02-08 18:57:47,710 - INFO: Epoch: [5][150/301]	Time  0.003 ( 0.005)	Loss 1.0197e-01 (1.5583e-01)	Acc pseudo  98.44 ( 94.15)	Lr 1.000e-03 (1.000e-03)
2026-02-08 18:57:47,854 - INFO: Epoch: [5][200/301]	Time  0.003 ( 0.005)	Loss 1.2246e-01 (1.5367e-01)	Acc pseudo  92.19 ( 94.24)	Lr 1.000e-03 (1.000e-03)
2026-02-08 18:57:47,999 - INFO: Epoch: [5][250/301]	Time  0.004 ( 0.004)	Loss 6.0960e-02 (1.5492e-01)	Acc pseudo  98.44 ( 94.22)	Lr 1.000e-03 (1.000e-03)
2026-02-08 18:57:48,141 - INFO: Epoch: [5][300/301]	Time  0.003 ( 0.004)	Loss 2.0645e-01 (1.5416e-01)	Acc pseudo  96.00 ( 94.21)	Lr 1.000e-03 (1.000e-03)
2026-02-08 18:57:48,177 - INFO: Round 6, Fine-tune Epoch 5: loss=0.1542, acc(pseudo)=94.21%
2026-02-08 18:57:54,800 - INFO: Round 6, Fine-tune Epoch 5: acc(valid_pseudo): 0.7280, acc: 0.7280
2026-02-08 18:57:55,522 - INFO: Epoch: [6][  0/301]	Time  0.272 ( 0.272)	Loss 1.5500e-01 (1.5500e-01)	Acc pseudo  95.31 ( 95.31)	Lr 1.000e-03 (1.000e-03)
2026-02-08 18:57:55,767 - INFO: Epoch: [6][ 50/301]	Time  0.003 ( 0.010)	Loss 8.9637e-02 (1.3895e-01)	Acc pseudo  96.88 ( 95.16)	Lr 1.000e-03 (1.000e-03)
2026-02-08 18:57:55,910 - INFO: Epoch: [6][100/301]	Time  0.003 ( 0.006)	Loss 1.0855e-01 (1.3893e-01)	Acc pseudo  95.31 ( 94.82)	Lr 1.000e-03 (1.000e-03)
2026-02-08 18:57:56,056 - INFO: Epoch: [6][150/301]	Time  0.003 ( 0.005)	Loss 2.3443e-01 (1.4793e-01)	Acc pseudo  93.75 ( 94.52)	Lr 1.000e-03 (1.000e-03)
2026-02-08 18:57:56,205 - INFO: Epoch: [6][200/301]	Time  0.003 ( 0.005)	Loss 2.4965e-01 (1.4691e-01)	Acc pseudo  89.06 ( 94.54)	Lr 1.000e-03 (1.000e-03)
2026-02-08 18:57:56,355 - INFO: Epoch: [6][250/301]	Time  0.003 ( 0.004)	Loss 2.4220e-01 (1.4656e-01)	Acc pseudo  92.19 ( 94.57)	Lr 1.000e-03 (1.000e-03)
2026-02-08 18:57:56,496 - INFO: Epoch: [6][300/301]	Time  0.003 ( 0.004)	Loss 1.9387e-01 (1.4694e-01)	Acc pseudo  92.00 ( 94.50)	Lr 1.000e-03 (1.000e-03)
2026-02-08 18:57:56,532 - INFO: Round 6, Fine-tune Epoch 6: loss=0.1469, acc(pseudo)=94.50%
2026-02-08 18:58:03,683 - INFO: Round 6, Fine-tune Epoch 6: acc(valid_pseudo): 0.7165, acc: 0.7165
2026-02-08 18:58:03,684 - INFO: Round 6, Speaker Fine-tune Epoch 6: No improvement in validation accuracy. Patience(epoch): 1/3
2026-02-08 18:58:03,960 - INFO: Epoch: [7][  0/301]	Time  0.271 ( 0.271)	Loss 5.8572e-02 (5.8572e-02)	Acc pseudo  98.44 ( 98.44)	Lr 1.000e-03 (1.000e-03)
2026-02-08 18:58:04,213 - INFO: Epoch: [7][ 50/301]	Time  0.002 ( 0.010)	Loss 2.4971e-01 (1.4952e-01)	Acc pseudo  90.62 ( 94.82)	Lr 1.000e-03 (1.000e-03)
2026-02-08 18:58:04,364 - INFO: Epoch: [7][100/301]	Time  0.003 ( 0.007)	Loss 1.8257e-01 (1.3690e-01)	Acc pseudo  90.62 ( 94.88)	Lr 1.000e-03 (1.000e-03)
2026-02-08 18:58:04,512 - INFO: Epoch: [7][150/301]	Time  0.002 ( 0.005)	Loss 1.1164e-01 (1.4041e-01)	Acc pseudo  96.88 ( 94.76)	Lr 1.000e-03 (1.000e-03)
2026-02-08 18:58:04,658 - INFO: Epoch: [7][200/301]	Time  0.003 ( 0.005)	Loss 1.2286e-01 (1.4200e-01)	Acc pseudo  93.75 ( 94.68)	Lr 1.000e-03 (1.000e-03)
2026-02-08 18:58:04,801 - INFO: Epoch: [7][250/301]	Time  0.003 ( 0.004)	Loss 2.6409e-01 (1.4187e-01)	Acc pseudo  92.19 ( 94.66)	Lr 1.000e-03 (1.000e-03)
2026-02-08 18:58:04,940 - INFO: Epoch: [7][300/301]	Time  0.002 ( 0.004)	Loss 3.7157e-01 (1.4119e-01)	Acc pseudo  84.00 ( 94.75)	Lr 1.000e-03 (1.000e-03)
2026-02-08 18:58:04,977 - INFO: Round 6, Fine-tune Epoch 7: loss=0.1412, acc(pseudo)=94.75%
2026-02-08 18:58:11,494 - INFO: Round 6, Fine-tune Epoch 7: acc(valid_pseudo): 0.7315, acc: 0.7315
2026-02-08 18:58:12,236 - INFO: Epoch: [8][  0/301]	Time  0.289 ( 0.289)	Loss 1.0680e-01 (1.0680e-01)	Acc pseudo  92.19 ( 92.19)	Lr 1.000e-03 (1.000e-03)
2026-02-08 18:58:12,479 - INFO: Epoch: [8][ 50/301]	Time  0.003 ( 0.010)	Loss 1.0683e-01 (1.3816e-01)	Acc pseudo  95.31 ( 94.85)	Lr 1.000e-03 (1.000e-03)
2026-02-08 18:58:12,621 - INFO: Epoch: [8][100/301]	Time  0.002 ( 0.007)	Loss 1.6450e-01 (1.4721e-01)	Acc pseudo  92.19 ( 94.60)	Lr 1.000e-03 (1.000e-03)
2026-02-08 18:58:12,760 - INFO: Epoch: [8][150/301]	Time  0.003 ( 0.005)	Loss 1.0383e-01 (1.4496e-01)	Acc pseudo  95.31 ( 94.59)	Lr 1.000e-03 (1.000e-03)
2026-02-08 18:58:12,901 - INFO: Epoch: [8][200/301]	Time  0.003 ( 0.005)	Loss 3.6477e-02 (1.4249e-01)	Acc pseudo  98.44 ( 94.80)	Lr 1.000e-03 (1.000e-03)
2026-02-08 18:58:13,046 - INFO: Epoch: [8][250/301]	Time  0.003 ( 0.004)	Loss 1.6205e-01 (1.4124e-01)	Acc pseudo  93.75 ( 94.88)	Lr 1.000e-03 (1.000e-03)
2026-02-08 18:58:13,190 - INFO: Epoch: [8][300/301]	Time  0.003 ( 0.004)	Loss 2.1179e-01 (1.4230e-01)	Acc pseudo  92.00 ( 94.93)	Lr 1.000e-03 (1.000e-03)
2026-02-08 18:58:13,229 - INFO: Round 6, Fine-tune Epoch 8: loss=0.1423, acc(pseudo)=94.93%
2026-02-08 18:58:19,874 - INFO: Round 6, Fine-tune Epoch 8: acc(valid_pseudo): 0.7365, acc: 0.7365
2026-02-08 18:58:20,637 - INFO: Epoch: [9][  0/301]	Time  0.289 ( 0.289)	Loss 6.3937e-02 (6.3937e-02)	Acc pseudo  96.88 ( 96.88)	Lr 1.000e-03 (1.000e-03)
2026-02-08 18:58:20,886 - INFO: Epoch: [9][ 50/301]	Time  0.003 ( 0.010)	Loss 7.4016e-02 (1.4678e-01)	Acc pseudo  95.31 ( 94.55)	Lr 1.000e-03 (1.000e-03)
2026-02-08 18:58:21,040 - INFO: Epoch: [9][100/301]	Time  0.002 ( 0.007)	Loss 7.5882e-02 (1.4267e-01)	Acc pseudo  96.88 ( 94.55)	Lr 1.000e-03 (1.000e-03)
2026-02-08 18:58:21,192 - INFO: Epoch: [9][150/301]	Time  0.003 ( 0.005)	Loss 1.2447e-01 (1.3880e-01)	Acc pseudo  93.75 ( 94.59)	Lr 1.000e-03 (1.000e-03)
2026-02-08 18:58:21,347 - INFO: Epoch: [9][200/301]	Time  0.002 ( 0.005)	Loss 8.3974e-02 (1.3809e-01)	Acc pseudo  96.88 ( 94.70)	Lr 1.000e-03 (1.000e-03)
2026-02-08 18:58:21,499 - INFO: Epoch: [9][250/301]	Time  0.003 ( 0.004)	Loss 8.6998e-02 (1.3985e-01)	Acc pseudo  98.44 ( 94.67)	Lr 1.000e-03 (1.000e-03)
2026-02-08 18:58:21,645 - INFO: Epoch: [9][300/301]	Time  0.002 ( 0.004)	Loss 4.9475e-02 (1.4306e-01)	Acc pseudo 100.00 ( 94.64)	Lr 1.000e-03 (1.000e-03)
2026-02-08 18:58:21,679 - INFO: Round 6, Fine-tune Epoch 9: loss=0.1431, acc(pseudo)=94.64%
2026-02-08 18:58:29,710 - INFO: Round 6, Fine-tune Epoch 9: acc(valid_pseudo): 0.7250, acc: 0.7250
2026-02-08 18:58:29,710 - INFO: Round 6, Speaker Fine-tune Epoch 9: No improvement in validation accuracy. Patience(epoch): 1/3
2026-02-08 18:58:29,991 - INFO: Epoch: [10][  0/301]	Time  0.276 ( 0.276)	Loss 1.6241e-01 (1.6241e-01)	Acc pseudo  93.75 ( 93.75)	Lr 1.000e-03 (1.000e-03)
2026-02-08 18:58:30,237 - INFO: Epoch: [10][ 50/301]	Time  0.003 ( 0.010)	Loss 1.7725e-01 (1.2695e-01)	Acc pseudo  89.06 ( 95.37)	Lr 1.000e-03 (1.000e-03)
2026-02-08 18:58:30,386 - INFO: Epoch: [10][100/301]	Time  0.004 ( 0.007)	Loss 1.1087e-01 (1.2775e-01)	Acc pseudo  93.75 ( 94.97)	Lr 1.000e-03 (1.000e-03)
2026-02-08 18:58:30,533 - INFO: Epoch: [10][150/301]	Time  0.003 ( 0.005)	Loss 9.5994e-02 (1.2912e-01)	Acc pseudo  93.75 ( 95.00)	Lr 1.000e-03 (1.000e-03)
2026-02-08 18:58:30,675 - INFO: Epoch: [10][200/301]	Time  0.003 ( 0.005)	Loss 1.2366e-01 (1.2802e-01)	Acc pseudo  96.88 ( 95.04)	Lr 1.000e-03 (1.000e-03)
2026-02-08 18:58:30,820 - INFO: Epoch: [10][250/301]	Time  0.003 ( 0.004)	Loss 2.0171e-01 (1.3098e-01)	Acc pseudo  93.75 ( 94.91)	Lr 1.000e-03 (1.000e-03)
2026-02-08 18:58:30,959 - INFO: Epoch: [10][300/301]	Time  0.002 ( 0.004)	Loss 2.8170e-01 (1.3152e-01)	Acc pseudo  92.00 ( 94.95)	Lr 1.000e-03 (1.000e-03)
2026-02-08 18:58:30,994 - INFO: Round 6, Fine-tune Epoch 10: loss=0.1315, acc(pseudo)=94.95%
2026-02-08 18:58:37,836 - INFO: Round 6, Fine-tune Epoch 10: acc(valid_pseudo): 0.7260, acc: 0.7260
2026-02-08 18:58:37,837 - INFO: Round 6, Speaker Fine-tune Epoch 10: No improvement in validation accuracy. Patience(epoch): 2/3
2026-02-08 18:58:38,130 - INFO: Epoch: [11][  0/301]	Time  0.288 ( 0.288)	Loss 8.4867e-02 (8.4867e-02)	Acc pseudo  95.31 ( 95.31)	Lr 1.000e-03 (1.000e-03)
2026-02-08 18:58:38,378 - INFO: Epoch: [11][ 50/301]	Time  0.003 ( 0.010)	Loss 1.8169e-01 (1.3079e-01)	Acc pseudo  92.19 ( 95.34)	Lr 1.000e-03 (1.000e-03)
2026-02-08 18:58:38,529 - INFO: Epoch: [11][100/301]	Time  0.002 ( 0.007)	Loss 7.9672e-02 (1.3305e-01)	Acc pseudo  95.31 ( 95.03)	Lr 1.000e-03 (1.000e-03)
2026-02-08 18:58:38,680 - INFO: Epoch: [11][150/301]	Time  0.003 ( 0.005)	Loss 2.4010e-01 (1.2788e-01)	Acc pseudo  90.62 ( 95.30)	Lr 1.000e-03 (1.000e-03)
2026-02-08 18:58:38,831 - INFO: Epoch: [11][200/301]	Time  0.003 ( 0.005)	Loss 1.6572e-01 (1.3094e-01)	Acc pseudo  95.31 ( 95.13)	Lr 1.000e-03 (1.000e-03)
2026-02-08 18:58:38,986 - INFO: Epoch: [11][250/301]	Time  0.003 ( 0.004)	Loss 1.1674e-01 (1.3299e-01)	Acc pseudo  93.75 ( 95.11)	Lr 1.000e-03 (1.000e-03)
2026-02-08 18:58:39,128 - INFO: Epoch: [11][300/301]	Time  0.003 ( 0.004)	Loss 4.7593e-02 (1.3483e-01)	Acc pseudo 100.00 ( 95.01)	Lr 1.000e-03 (1.000e-03)
2026-02-08 18:58:39,164 - INFO: Round 6, Fine-tune Epoch 11: loss=0.1348, acc(pseudo)=95.01%
2026-02-08 18:58:45,703 - INFO: Round 6, Fine-tune Epoch 11: acc(valid_pseudo): 0.7255, acc: 0.7255
2026-02-08 18:58:45,703 - INFO: Round 6, Speaker Fine-tune Epoch 11: No improvement in validation accuracy. Patience(epoch): 3/3
2026-02-08 18:58:45,703 - INFO: Early stopping at epoch 11 due to no improvement in validation accuracy for 3 epochs.
2026-02-08 18:58:45,704 - INFO: Round 6: Best speaker fine-tuned epoch=8, acc(valid_pseudo)=0.7365
2026-02-08 18:58:45,708 - INFO: Fine-tuning face embedding model for 20 epochs...
2026-02-08 18:58:46,431 - INFO: Epoch: [0][  0/582]	Time  0.659 ( 0.659)	Loss 1.8112e-02 (1.8112e-02)	Acc pseudo  98.44 ( 98.44)	Lr 1.000e-03 (1.000e-03)
2026-02-08 18:58:51,058 - INFO: Epoch: [0][ 50/582]	Time  0.027 ( 0.040)	Loss 9.6794e-02 (1.2127e-01)	Acc pseudo  95.31 ( 96.23)	Lr 1.000e-03 (1.000e-03)
2026-02-08 18:58:55,694 - INFO: Epoch: [0][100/582]	Time  0.028 ( 0.034)	Loss 8.1072e-02 (1.2182e-01)	Acc pseudo  93.75 ( 96.27)	Lr 1.000e-03 (1.000e-03)
2026-02-08 18:59:00,334 - INFO: Epoch: [0][150/582]	Time  0.030 ( 0.032)	Loss 7.9679e-02 (1.2076e-01)	Acc pseudo  96.88 ( 96.23)	Lr 1.000e-03 (1.000e-03)
2026-02-08 18:59:04,973 - INFO: Epoch: [0][200/582]	Time  0.027 ( 0.031)	Loss 7.1731e-03 (1.1410e-01)	Acc pseudo 100.00 ( 96.13)	Lr 1.000e-03 (1.000e-03)
2026-02-08 18:59:09,617 - INFO: Epoch: [0][250/582]	Time  0.028 ( 0.031)	Loss 2.1551e-01 (1.1847e-01)	Acc pseudo  95.31 ( 95.94)	Lr 1.000e-03 (1.000e-03)
2026-02-08 18:59:14,264 - INFO: Epoch: [0][300/582]	Time  0.027 ( 0.030)	Loss 5.6728e-02 (1.1840e-01)	Acc pseudo  96.88 ( 95.90)	Lr 1.000e-03 (1.000e-03)
2026-02-08 18:59:18,910 - INFO: Epoch: [0][350/582]	Time  0.027 ( 0.030)	Loss 7.7556e-02 (1.1537e-01)	Acc pseudo  96.88 ( 95.95)	Lr 1.000e-03 (1.000e-03)
2026-02-08 18:59:23,557 - INFO: Epoch: [0][400/582]	Time  0.029 ( 0.030)	Loss 1.1612e-01 (1.1684e-01)	Acc pseudo  96.88 ( 95.99)	Lr 1.000e-03 (1.000e-03)
2026-02-08 18:59:28,204 - INFO: Epoch: [0][450/582]	Time  0.028 ( 0.030)	Loss 1.5946e-01 (1.1833e-01)	Acc pseudo  93.75 ( 95.89)	Lr 1.000e-03 (1.000e-03)
2026-02-08 18:59:32,851 - INFO: Epoch: [0][500/582]	Time  0.028 ( 0.029)	Loss 1.5348e-01 (1.2049e-01)	Acc pseudo  93.75 ( 95.79)	Lr 1.000e-03 (1.000e-03)
2026-02-08 18:59:37,499 - INFO: Epoch: [0][550/582]	Time  0.027 ( 0.029)	Loss 3.2247e-02 (1.2079e-01)	Acc pseudo  98.44 ( 95.72)	Lr 1.000e-03 (1.000e-03)
2026-02-08 18:59:40,389 - INFO: Round 6, Face Fine-tune Epoch 0: loss=0.1197, acc(pseudo)=95.74%
2026-02-08 19:00:37,321 - INFO: Round 6, Face Fine-tune Epoch 0: acc(valid_pseudo): 0.9952, acc: 0.8364
2026-02-08 19:00:38,886 - INFO: Epoch: [1][  0/582]	Time  0.581 ( 0.581)	Loss 7.4290e-02 (7.4290e-02)	Acc pseudo  96.88 ( 96.88)	Lr 1.000e-03 (1.000e-03)
2026-02-08 19:00:43,523 - INFO: Epoch: [1][ 50/582]	Time  0.029 ( 0.039)	Loss 8.7411e-02 (1.0945e-01)	Acc pseudo  95.31 ( 95.44)	Lr 1.000e-03 (1.000e-03)
2026-02-08 19:00:48,166 - INFO: Epoch: [1][100/582]	Time  0.028 ( 0.034)	Loss 1.0616e-01 (1.1207e-01)	Acc pseudo  96.88 ( 95.61)	Lr 1.000e-03 (1.000e-03)
2026-02-08 19:00:52,812 - INFO: Epoch: [1][150/582]	Time  0.030 ( 0.032)	Loss 9.9676e-02 (1.1149e-01)	Acc pseudo  93.75 ( 95.72)	Lr 1.000e-03 (1.000e-03)
2026-02-08 19:00:57,461 - INFO: Epoch: [1][200/582]	Time  0.028 ( 0.031)	Loss 1.9557e-01 (1.1132e-01)	Acc pseudo  95.31 ( 95.75)	Lr 1.000e-03 (1.000e-03)
2026-02-08 19:01:02,112 - INFO: Epoch: [1][250/582]	Time  0.028 ( 0.031)	Loss 5.5550e-02 (1.1349e-01)	Acc pseudo  95.31 ( 95.75)	Lr 1.000e-03 (1.000e-03)
2026-02-08 19:01:06,760 - INFO: Epoch: [1][300/582]	Time  0.028 ( 0.030)	Loss 1.1904e-01 (1.1493e-01)	Acc pseudo  92.19 ( 95.75)	Lr 1.000e-03 (1.000e-03)
2026-02-08 19:01:11,411 - INFO: Epoch: [1][350/582]	Time  0.029 ( 0.030)	Loss 1.0872e-01 (1.1444e-01)	Acc pseudo  95.31 ( 95.73)	Lr 1.000e-03 (1.000e-03)
2026-02-08 19:01:16,062 - INFO: Epoch: [1][400/582]	Time  0.026 ( 0.030)	Loss 2.6013e-01 (1.1667e-01)	Acc pseudo  89.06 ( 95.63)	Lr 1.000e-03 (1.000e-03)
2026-02-08 19:01:20,714 - INFO: Epoch: [1][450/582]	Time  0.026 ( 0.029)	Loss 1.7875e-01 (1.1795e-01)	Acc pseudo  90.62 ( 95.61)	Lr 1.000e-03 (1.000e-03)
2026-02-08 19:01:25,367 - INFO: Epoch: [1][500/582]	Time  0.028 ( 0.029)	Loss 5.3077e-02 (1.1815e-01)	Acc pseudo  96.88 ( 95.59)	Lr 1.000e-03 (1.000e-03)
2026-02-08 19:01:30,021 - INFO: Epoch: [1][550/582]	Time  0.030 ( 0.029)	Loss 2.1134e-01 (1.1855e-01)	Acc pseudo  95.31 ( 95.59)	Lr 1.000e-03 (1.000e-03)
2026-02-08 19:01:32,916 - INFO: Round 6, Face Fine-tune Epoch 1: loss=0.1177, acc(pseudo)=95.61%
2026-02-08 19:02:29,866 - INFO: Round 6, Face Fine-tune Epoch 1: acc(valid_pseudo): 0.9941, acc: 0.8354
2026-02-08 19:02:29,866 - INFO: Round 6, Face Fine-tune Epoch 1: No improvement. Patience(epoch): 1/3
2026-02-08 19:02:30,480 - INFO: Epoch: [2][  0/582]	Time  0.574 ( 0.574)	Loss 8.2305e-02 (8.2305e-02)	Acc pseudo  93.75 ( 93.75)	Lr 1.000e-03 (1.000e-03)
2026-02-08 19:02:35,130 - INFO: Epoch: [2][ 50/582]	Time  0.041 ( 0.043)	Loss 1.6867e-02 (1.0748e-01)	Acc pseudo 100.00 ( 95.93)	Lr 1.000e-03 (1.000e-03)
2026-02-08 19:02:39,777 - INFO: Epoch: [2][100/582]	Time  0.028 ( 0.036)	Loss 1.2914e-01 (1.1299e-01)	Acc pseudo  95.31 ( 95.95)	Lr 1.000e-03 (1.000e-03)
2026-02-08 19:02:44,421 - INFO: Epoch: [2][150/582]	Time  0.041 ( 0.033)	Loss 4.7913e-02 (1.0882e-01)	Acc pseudo  98.44 ( 96.09)	Lr 1.000e-03 (1.000e-03)
2026-02-08 19:02:49,071 - INFO: Epoch: [2][200/582]	Time  0.028 ( 0.032)	Loss 8.2678e-02 (1.1323e-01)	Acc pseudo  95.31 ( 95.90)	Lr 1.000e-03 (1.000e-03)
2026-02-08 19:02:53,720 - INFO: Epoch: [2][250/582]	Time  0.037 ( 0.032)	Loss 1.3076e-01 (1.1713e-01)	Acc pseudo  92.19 ( 95.75)	Lr 1.000e-03 (1.000e-03)
2026-02-08 19:02:58,373 - INFO: Epoch: [2][300/582]	Time  0.027 ( 0.031)	Loss 2.9688e-01 (1.2028e-01)	Acc pseudo  93.75 ( 95.59)	Lr 1.000e-03 (1.000e-03)
2026-02-08 19:03:03,022 - INFO: Epoch: [2][350/582]	Time  0.031 ( 0.031)	Loss 8.5224e-02 (1.1961e-01)	Acc pseudo  96.88 ( 95.66)	Lr 1.000e-03 (1.000e-03)
2026-02-08 19:03:07,698 - INFO: Epoch: [2][400/582]	Time  0.029 ( 0.031)	Loss 1.9831e-01 (1.2057e-01)	Acc pseudo  93.75 ( 95.58)	Lr 1.000e-03 (1.000e-03)
2026-02-08 19:03:12,348 - INFO: Epoch: [2][450/582]	Time  0.028 ( 0.030)	Loss 1.2772e-01 (1.2105e-01)	Acc pseudo  96.88 ( 95.54)	Lr 1.000e-03 (1.000e-03)
2026-02-08 19:03:16,999 - INFO: Epoch: [2][500/582]	Time  0.039 ( 0.030)	Loss 7.8675e-02 (1.2242e-01)	Acc pseudo  96.88 ( 95.48)	Lr 1.000e-03 (1.000e-03)
2026-02-08 19:03:21,653 - INFO: Epoch: [2][550/582]	Time  0.030 ( 0.030)	Loss 4.6913e-02 (1.2404e-01)	Acc pseudo  98.44 ( 95.43)	Lr 1.000e-03 (1.000e-03)
2026-02-08 19:03:24,547 - INFO: Round 6, Face Fine-tune Epoch 2: loss=0.1260, acc(pseudo)=95.38%
2026-02-08 19:04:21,198 - INFO: Round 6, Face Fine-tune Epoch 2: acc(valid_pseudo): 0.9965, acc: 0.8413
2026-02-08 19:04:22,963 - INFO: Epoch: [3][  0/582]	Time  0.634 ( 0.634)	Loss 7.4795e-02 (7.4795e-02)	Acc pseudo  96.88 ( 96.88)	Lr 1.000e-03 (1.000e-03)
2026-02-08 19:04:27,606 - INFO: Epoch: [3][ 50/582]	Time  0.027 ( 0.039)	Loss 1.1110e-01 (1.1745e-01)	Acc pseudo  96.88 ( 95.34)	Lr 1.000e-03 (1.000e-03)
2026-02-08 19:04:32,247 - INFO: Epoch: [3][100/582]	Time  0.025 ( 0.033)	Loss 5.9637e-02 (1.2609e-01)	Acc pseudo  96.88 ( 95.39)	Lr 1.000e-03 (1.000e-03)
2026-02-08 19:04:36,897 - INFO: Epoch: [3][150/582]	Time  0.026 ( 0.032)	Loss 4.8811e-02 (1.3128e-01)	Acc pseudo  98.44 ( 95.14)	Lr 1.000e-03 (1.000e-03)
2026-02-08 19:04:41,547 - INFO: Epoch: [3][200/582]	Time  0.026 ( 0.031)	Loss 2.1999e-01 (1.2489e-01)	Acc pseudo  92.19 ( 95.20)	Lr 1.000e-03 (1.000e-03)
2026-02-08 19:04:46,199 - INFO: Epoch: [3][250/582]	Time  0.026 ( 0.030)	Loss 4.8616e-02 (1.2570e-01)	Acc pseudo  98.44 ( 95.35)	Lr 1.000e-03 (1.000e-03)
2026-02-08 19:04:50,853 - INFO: Epoch: [3][300/582]	Time  0.027 ( 0.029)	Loss 6.7469e-02 (1.2681e-01)	Acc pseudo  96.88 ( 95.26)	Lr 1.000e-03 (1.000e-03)
2026-02-08 19:04:55,508 - INFO: Epoch: [3][350/582]	Time  0.028 ( 0.029)	Loss 7.3519e-02 (1.2655e-01)	Acc pseudo  96.88 ( 95.26)	Lr 1.000e-03 (1.000e-03)
2026-02-08 19:05:00,162 - INFO: Epoch: [3][400/582]	Time  0.027 ( 0.029)	Loss 4.4544e-02 (1.2500e-01)	Acc pseudo  96.88 ( 95.25)	Lr 1.000e-03 (1.000e-03)
2026-02-08 19:05:04,816 - INFO: Epoch: [3][450/582]	Time  0.028 ( 0.029)	Loss 9.1630e-02 (1.2783e-01)	Acc pseudo  98.44 ( 95.21)	Lr 1.000e-03 (1.000e-03)
2026-02-08 19:05:09,470 - INFO: Epoch: [3][500/582]	Time  0.027 ( 0.029)	Loss 1.3757e-01 (1.2565e-01)	Acc pseudo  93.75 ( 95.23)	Lr 1.000e-03 (1.000e-03)
2026-02-08 19:05:14,125 - INFO: Epoch: [3][550/582]	Time  0.028 ( 0.029)	Loss 1.3874e-01 (1.2459e-01)	Acc pseudo  92.19 ( 95.24)	Lr 1.000e-03 (1.000e-03)
2026-02-08 19:05:17,018 - INFO: Round 6, Face Fine-tune Epoch 3: loss=0.1251, acc(pseudo)=95.28%
2026-02-08 19:06:14,558 - INFO: Round 6, Face Fine-tune Epoch 3: acc(valid_pseudo): 0.9970, acc: 0.8403
2026-02-08 19:06:16,287 - INFO: Epoch: [4][  0/582]	Time  0.565 ( 0.565)	Loss 7.7939e-02 (7.7939e-02)	Acc pseudo  96.88 ( 96.88)	Lr 1.000e-03 (1.000e-03)
2026-02-08 19:06:20,929 - INFO: Epoch: [4][ 50/582]	Time  0.027 ( 0.039)	Loss 6.4643e-02 (1.2598e-01)	Acc pseudo  95.31 ( 95.28)	Lr 1.000e-03 (1.000e-03)
2026-02-08 19:06:25,571 - INFO: Epoch: [4][100/582]	Time  0.028 ( 0.034)	Loss 4.5688e-02 (1.2535e-01)	Acc pseudo  98.44 ( 95.42)	Lr 1.000e-03 (1.000e-03)
2026-02-08 19:06:30,219 - INFO: Epoch: [4][150/582]	Time  0.032 ( 0.032)	Loss 7.5563e-02 (1.2360e-01)	Acc pseudo  96.88 ( 95.28)	Lr 1.000e-03 (1.000e-03)
2026-02-08 19:06:34,871 - INFO: Epoch: [4][200/582]	Time  0.040 ( 0.032)	Loss 3.2492e-02 (1.1910e-01)	Acc pseudo  98.44 ( 95.47)	Lr 1.000e-03 (1.000e-03)
2026-02-08 19:06:39,525 - INFO: Epoch: [4][250/582]	Time  0.028 ( 0.032)	Loss 1.9050e-01 (1.1994e-01)	Acc pseudo  89.06 ( 95.33)	Lr 1.000e-03 (1.000e-03)
2026-02-08 19:06:44,178 - INFO: Epoch: [4][300/582]	Time  0.029 ( 0.032)	Loss 9.0890e-02 (1.1814e-01)	Acc pseudo  93.75 ( 95.42)	Lr 1.000e-03 (1.000e-03)
2026-02-08 19:06:48,830 - INFO: Epoch: [4][350/582]	Time  0.027 ( 0.031)	Loss 2.3791e-01 (1.1827e-01)	Acc pseudo  95.31 ( 95.41)	Lr 1.000e-03 (1.000e-03)
2026-02-08 19:06:53,486 - INFO: Epoch: [4][400/582]	Time  0.029 ( 0.031)	Loss 8.8377e-02 (1.1483e-01)	Acc pseudo  95.31 ( 95.55)	Lr 1.000e-03 (1.000e-03)
2026-02-08 19:06:58,141 - INFO: Epoch: [4][450/582]	Time  0.028 ( 0.031)	Loss 2.0769e-02 (1.1526e-01)	Acc pseudo 100.00 ( 95.57)	Lr 1.000e-03 (1.000e-03)
2026-02-08 19:07:02,797 - INFO: Epoch: [4][500/582]	Time  0.029 ( 0.031)	Loss 3.3347e-02 (1.1486e-01)	Acc pseudo  98.44 ( 95.53)	Lr 1.000e-03 (1.000e-03)
2026-02-08 19:07:07,450 - INFO: Epoch: [4][550/582]	Time  0.026 ( 0.030)	Loss 2.0464e-01 (1.1574e-01)	Acc pseudo  95.31 ( 95.49)	Lr 1.000e-03 (1.000e-03)
2026-02-08 19:07:10,346 - INFO: Round 6, Face Fine-tune Epoch 4: loss=0.1159, acc(pseudo)=95.48%
2026-02-08 19:08:07,278 - INFO: Round 6, Face Fine-tune Epoch 4: acc(valid_pseudo): 0.9966, acc: 0.8403
2026-02-08 19:08:07,279 - INFO: Round 6, Face Fine-tune Epoch 4: No improvement. Patience(epoch): 1/3
2026-02-08 19:08:07,918 - INFO: Epoch: [5][  0/582]	Time  0.605 ( 0.605)	Loss 1.2756e-01 (1.2756e-01)	Acc pseudo  95.31 ( 95.31)	Lr 1.000e-03 (1.000e-03)
2026-02-08 19:08:12,555 - INFO: Epoch: [5][ 50/582]	Time  0.027 ( 0.039)	Loss 1.0197e-02 (1.2820e-01)	Acc pseudo 100.00 ( 95.01)	Lr 1.000e-03 (1.000e-03)
2026-02-08 19:08:17,200 - INFO: Epoch: [5][100/582]	Time  0.026 ( 0.033)	Loss 1.1369e-01 (1.3389e-01)	Acc pseudo  92.19 ( 95.08)	Lr 1.000e-03 (1.000e-03)
2026-02-08 19:08:21,851 - INFO: Epoch: [5][150/582]	Time  0.030 ( 0.031)	Loss 7.6096e-02 (1.2182e-01)	Acc pseudo  95.31 ( 95.26)	Lr 1.000e-03 (1.000e-03)
2026-02-08 19:08:26,503 - INFO: Epoch: [5][200/582]	Time  0.026 ( 0.030)	Loss 4.7361e-02 (1.1547e-01)	Acc pseudo  96.88 ( 95.44)	Lr 1.000e-03 (1.000e-03)
2026-02-08 19:08:31,156 - INFO: Epoch: [5][250/582]	Time  0.027 ( 0.030)	Loss 3.6790e-01 (1.1443e-01)	Acc pseudo  95.31 ( 95.46)	Lr 1.000e-03 (1.000e-03)
2026-02-08 19:08:35,808 - INFO: Epoch: [5][300/582]	Time  0.028 ( 0.029)	Loss 1.1587e-01 (1.1337e-01)	Acc pseudo  95.31 ( 95.49)	Lr 1.000e-03 (1.000e-03)
2026-02-08 19:08:40,519 - INFO: Epoch: [5][350/582]	Time  0.027 ( 0.029)	Loss 7.2981e-02 (1.1289e-01)	Acc pseudo  96.88 ( 95.56)	Lr 1.000e-03 (1.000e-03)
2026-02-08 19:08:45,170 - INFO: Epoch: [5][400/582]	Time  0.027 ( 0.029)	Loss 1.0852e-01 (1.1415e-01)	Acc pseudo  95.31 ( 95.53)	Lr 1.000e-03 (1.000e-03)
2026-02-08 19:08:49,825 - INFO: Epoch: [5][450/582]	Time  0.026 ( 0.029)	Loss 2.3633e-02 (1.1352e-01)	Acc pseudo 100.00 ( 95.55)	Lr 1.000e-03 (1.000e-03)
2026-02-08 19:08:54,477 - INFO: Epoch: [5][500/582]	Time  0.027 ( 0.029)	Loss 2.1625e-02 (1.1144e-01)	Acc pseudo  98.44 ( 95.60)	Lr 1.000e-03 (1.000e-03)
2026-02-08 19:08:59,130 - INFO: Epoch: [5][550/582]	Time  0.027 ( 0.029)	Loss 8.8591e-02 (1.1212e-01)	Acc pseudo  96.88 ( 95.61)	Lr 1.000e-03 (1.000e-03)
2026-02-08 19:09:02,028 - INFO: Round 6, Face Fine-tune Epoch 5: loss=0.1132, acc(pseudo)=95.57%
2026-02-08 19:09:58,732 - INFO: Round 6, Face Fine-tune Epoch 5: acc(valid_pseudo): 0.9979, acc: 0.8413
2026-02-08 19:10:00,667 - INFO: Epoch: [6][  0/582]	Time  0.586 ( 0.586)	Loss 2.5930e-02 (2.5930e-02)	Acc pseudo 100.00 (100.00)	Lr 1.000e-03 (1.000e-03)
2026-02-08 19:10:05,316 - INFO: Epoch: [6][ 50/582]	Time  0.028 ( 0.039)	Loss 9.7960e-03 (1.0510e-01)	Acc pseudo 100.00 ( 96.02)	Lr 1.000e-03 (1.000e-03)
2026-02-08 19:10:09,959 - INFO: Epoch: [6][100/582]	Time  0.029 ( 0.035)	Loss 1.6920e-01 (1.1211e-01)	Acc pseudo  93.75 ( 95.78)	Lr 1.000e-03 (1.000e-03)
2026-02-08 19:10:14,607 - INFO: Epoch: [6][150/582]	Time  0.027 ( 0.032)	Loss 2.6616e-02 (1.1112e-01)	Acc pseudo  98.44 ( 95.80)	Lr 1.000e-03 (1.000e-03)
2026-02-08 19:10:19,259 - INFO: Epoch: [6][200/582]	Time  0.027 ( 0.031)	Loss 6.7367e-02 (1.0676e-01)	Acc pseudo  96.88 ( 95.91)	Lr 1.000e-03 (1.000e-03)
2026-02-08 19:10:23,913 - INFO: Epoch: [6][250/582]	Time  0.042 ( 0.031)	Loss 4.8980e-02 (1.0368e-01)	Acc pseudo  96.88 ( 96.02)	Lr 1.000e-03 (1.000e-03)
2026-02-08 19:10:28,569 - INFO: Epoch: [6][300/582]	Time  0.027 ( 0.032)	Loss 8.8693e-02 (1.0709e-01)	Acc pseudo  96.88 ( 95.90)	Lr 1.000e-03 (1.000e-03)
2026-02-08 19:10:33,220 - INFO: Epoch: [6][350/582]	Time  0.027 ( 0.031)	Loss 3.8321e-02 (1.0815e-01)	Acc pseudo  98.44 ( 95.84)	Lr 1.000e-03 (1.000e-03)
2026-02-08 19:10:37,872 - INFO: Epoch: [6][400/582]	Time  0.028 ( 0.031)	Loss 9.2384e-02 (1.0996e-01)	Acc pseudo  95.31 ( 95.77)	Lr 1.000e-03 (1.000e-03)
2026-02-08 19:10:42,522 - INFO: Epoch: [6][450/582]	Time  0.026 ( 0.030)	Loss 1.7921e-02 (1.0966e-01)	Acc pseudo 100.00 ( 95.81)	Lr 1.000e-03 (1.000e-03)
2026-02-08 19:10:47,175 - INFO: Epoch: [6][500/582]	Time  0.026 ( 0.030)	Loss 5.1003e-02 (1.1007e-01)	Acc pseudo  98.44 ( 95.81)	Lr 1.000e-03 (1.000e-03)
2026-02-08 19:10:51,827 - INFO: Epoch: [6][550/582]	Time  0.025 ( 0.030)	Loss 1.2493e-01 (1.1067e-01)	Acc pseudo  95.31 ( 95.78)	Lr 1.000e-03 (1.000e-03)
2026-02-08 19:10:54,772 - INFO: Round 6, Face Fine-tune Epoch 6: loss=0.1104, acc(pseudo)=95.79%
2026-02-08 19:11:51,652 - INFO: Round 6, Face Fine-tune Epoch 6: acc(valid_pseudo): 0.9978, acc: 0.8384
2026-02-08 19:11:51,652 - INFO: Round 6, Face Fine-tune Epoch 6: No improvement. Patience(epoch): 1/3
2026-02-08 19:11:52,268 - INFO: Epoch: [7][  0/582]	Time  0.579 ( 0.579)	Loss 1.8197e-01 (1.8197e-01)	Acc pseudo  92.19 ( 92.19)	Lr 1.000e-03 (1.000e-03)
2026-02-08 19:11:56,906 - INFO: Epoch: [7][ 50/582]	Time  0.028 ( 0.038)	Loss 9.3073e-02 (1.0563e-01)	Acc pseudo  98.44 ( 95.80)	Lr 1.000e-03 (1.000e-03)
2026-02-08 19:12:01,549 - INFO: Epoch: [7][100/582]	Time  0.027 ( 0.033)	Loss 1.1391e-01 (1.1321e-01)	Acc pseudo  93.75 ( 95.93)	Lr 1.000e-03 (1.000e-03)
2026-02-08 19:12:06,196 - INFO: Epoch: [7][150/582]	Time  0.026 ( 0.031)	Loss 4.8880e-02 (1.1186e-01)	Acc pseudo  98.44 ( 95.77)	Lr 1.000e-03 (1.000e-03)
2026-02-08 19:12:10,845 - INFO: Epoch: [7][200/582]	Time  0.027 ( 0.030)	Loss 1.0541e-01 (1.0920e-01)	Acc pseudo  93.75 ( 95.86)	Lr 1.000e-03 (1.000e-03)
2026-02-08 19:12:15,495 - INFO: Epoch: [7][250/582]	Time  0.029 ( 0.030)	Loss 1.6794e-01 (1.1187e-01)	Acc pseudo  93.75 ( 95.79)	Lr 1.000e-03 (1.000e-03)
2026-02-08 19:12:20,191 - INFO: Epoch: [7][300/582]	Time  0.028 ( 0.029)	Loss 1.1544e-01 (1.1580e-01)	Acc pseudo  93.75 ( 95.70)	Lr 1.000e-03 (1.000e-03)
2026-02-08 19:12:24,843 - INFO: Epoch: [7][350/582]	Time  0.039 ( 0.029)	Loss 3.9057e-01 (1.1685e-01)	Acc pseudo  93.75 ( 95.62)	Lr 1.000e-03 (1.000e-03)
2026-02-08 19:12:29,495 - INFO: Epoch: [7][400/582]	Time  0.027 ( 0.029)	Loss 2.1794e-01 (1.1584e-01)	Acc pseudo  89.06 ( 95.66)	Lr 1.000e-03 (1.000e-03)
2026-02-08 19:12:34,146 - INFO: Epoch: [7][450/582]	Time  0.028 ( 0.029)	Loss 3.0344e-02 (1.1463e-01)	Acc pseudo  98.44 ( 95.67)	Lr 1.000e-03 (1.000e-03)
2026-02-08 19:12:38,797 - INFO: Epoch: [7][500/582]	Time  0.027 ( 0.029)	Loss 1.4236e-01 (1.1375e-01)	Acc pseudo  90.62 ( 95.64)	Lr 1.000e-03 (1.000e-03)
2026-02-08 19:12:43,449 - INFO: Epoch: [7][550/582]	Time  0.027 ( 0.029)	Loss 1.6543e-01 (1.1312e-01)	Acc pseudo  95.31 ( 95.61)	Lr 1.000e-03 (1.000e-03)
2026-02-08 19:12:46,343 - INFO: Round 6, Face Fine-tune Epoch 7: loss=0.1133, acc(pseudo)=95.62%
2026-02-08 19:13:43,173 - INFO: Round 6, Face Fine-tune Epoch 7: acc(valid_pseudo): 0.9978, acc: 0.8393
2026-02-08 19:13:43,173 - INFO: Round 6, Face Fine-tune Epoch 7: No improvement. Patience(epoch): 2/3
2026-02-08 19:13:43,833 - INFO: Epoch: [8][  0/582]	Time  0.625 ( 0.625)	Loss 3.1073e-02 (3.1073e-02)	Acc pseudo  96.88 ( 96.88)	Lr 1.000e-03 (1.000e-03)
2026-02-08 19:13:48,473 - INFO: Epoch: [8][ 50/582]	Time  0.026 ( 0.040)	Loss 3.0044e-02 (8.6733e-02)	Acc pseudo  96.88 ( 96.29)	Lr 1.000e-03 (1.000e-03)
2026-02-08 19:13:53,119 - INFO: Epoch: [8][100/582]	Time  0.027 ( 0.034)	Loss 1.6923e-01 (9.4813e-02)	Acc pseudo  90.62 ( 96.07)	Lr 1.000e-03 (1.000e-03)
2026-02-08 19:13:57,796 - INFO: Epoch: [8][150/582]	Time  0.027 ( 0.032)	Loss 1.0474e-01 (9.6579e-02)	Acc pseudo  96.88 ( 96.08)	Lr 1.000e-03 (1.000e-03)
2026-02-08 19:14:02,443 - INFO: Epoch: [8][200/582]	Time  0.028 ( 0.031)	Loss 1.9960e-01 (9.9782e-02)	Acc pseudo  93.75 ( 95.95)	Lr 1.000e-03 (1.000e-03)
2026-02-08 19:14:07,095 - INFO: Epoch: [8][250/582]	Time  0.027 ( 0.030)	Loss 2.0196e-01 (1.0288e-01)	Acc pseudo  90.62 ( 95.89)	Lr 1.000e-03 (1.000e-03)
2026-02-08 19:14:11,745 - INFO: Epoch: [8][300/582]	Time  0.027 ( 0.029)	Loss 1.2818e-01 (1.0362e-01)	Acc pseudo  93.75 ( 95.91)	Lr 1.000e-03 (1.000e-03)
2026-02-08 19:14:16,394 - INFO: Epoch: [8][350/582]	Time  0.027 ( 0.029)	Loss 1.5719e-01 (1.0562e-01)	Acc pseudo  96.88 ( 95.84)	Lr 1.000e-03 (1.000e-03)
2026-02-08 19:14:21,044 - INFO: Epoch: [8][400/582]	Time  0.027 ( 0.029)	Loss 6.7234e-02 (1.0479e-01)	Acc pseudo  96.88 ( 95.84)	Lr 1.000e-03 (1.000e-03)
2026-02-08 19:14:25,697 - INFO: Epoch: [8][450/582]	Time  0.027 ( 0.029)	Loss 5.7008e-02 (1.0254e-01)	Acc pseudo  98.44 ( 95.91)	Lr 1.000e-03 (1.000e-03)
2026-02-08 19:14:30,406 - INFO: Epoch: [8][500/582]	Time  0.028 ( 0.029)	Loss 1.6181e-02 (1.0224e-01)	Acc pseudo  98.44 ( 95.91)	Lr 1.000e-03 (1.000e-03)
2026-02-08 19:14:35,079 - INFO: Epoch: [8][550/582]	Time  0.027 ( 0.029)	Loss 9.7284e-02 (1.0235e-01)	Acc pseudo  96.88 ( 95.91)	Lr 1.000e-03 (1.000e-03)
2026-02-08 19:14:37,975 - INFO: Round 6, Face Fine-tune Epoch 8: loss=0.1042, acc(pseudo)=95.88%
2026-02-08 19:15:34,841 - INFO: Round 6, Face Fine-tune Epoch 8: acc(valid_pseudo): 0.9982, acc: 0.8432
2026-02-08 19:15:36,643 - INFO: Epoch: [9][  0/582]	Time  0.641 ( 0.641)	Loss 3.4630e-02 (3.4630e-02)	Acc pseudo  98.44 ( 98.44)	Lr 1.000e-03 (1.000e-03)
2026-02-08 19:15:41,293 - INFO: Epoch: [9][ 50/582]	Time  0.027 ( 0.042)	Loss 7.0037e-02 (1.2296e-01)	Acc pseudo  95.31 ( 95.04)	Lr 1.000e-03 (1.000e-03)
2026-02-08 19:15:45,935 - INFO: Epoch: [9][100/582]	Time  0.028 ( 0.034)	Loss 9.3185e-02 (1.1857e-01)	Acc pseudo  95.31 ( 95.25)	Lr 1.000e-03 (1.000e-03)
2026-02-08 19:15:50,585 - INFO: Epoch: [9][150/582]	Time  0.027 ( 0.032)	Loss 1.6144e-01 (1.2570e-01)	Acc pseudo  90.62 ( 95.24)	Lr 1.000e-03 (1.000e-03)
2026-02-08 19:15:55,236 - INFO: Epoch: [9][200/582]	Time  0.031 ( 0.031)	Loss 1.4332e-01 (1.2513e-01)	Acc pseudo  95.31 ( 95.22)	Lr 1.000e-03 (1.000e-03)
2026-02-08 19:15:59,935 - INFO: Epoch: [9][250/582]	Time  0.026 ( 0.030)	Loss 7.4363e-02 (1.2748e-01)	Acc pseudo  95.31 ( 95.02)	Lr 1.000e-03 (1.000e-03)
2026-02-08 19:16:04,644 - INFO: Epoch: [9][300/582]	Time  0.027 ( 0.030)	Loss 1.2107e-01 (1.2932e-01)	Acc pseudo  96.88 ( 94.99)	Lr 1.000e-03 (1.000e-03)
2026-02-08 19:16:09,297 - INFO: Epoch: [9][350/582]	Time  0.028 ( 0.030)	Loss 6.5216e-02 (1.2792e-01)	Acc pseudo  96.88 ( 95.01)	Lr 1.000e-03 (1.000e-03)
2026-02-08 19:16:13,952 - INFO: Epoch: [9][400/582]	Time  0.026 ( 0.029)	Loss 1.8071e-01 (1.3161e-01)	Acc pseudo  90.62 ( 94.95)	Lr 1.000e-03 (1.000e-03)
2026-02-08 19:16:18,605 - INFO: Epoch: [9][450/582]	Time  0.027 ( 0.029)	Loss 6.6206e-02 (1.3042e-01)	Acc pseudo  96.88 ( 94.98)	Lr 1.000e-03 (1.000e-03)
2026-02-08 19:16:23,259 - INFO: Epoch: [9][500/582]	Time  0.026 ( 0.029)	Loss 1.0394e-01 (1.3153e-01)	Acc pseudo  95.31 ( 94.92)	Lr 1.000e-03 (1.000e-03)
2026-02-08 19:16:27,913 - INFO: Epoch: [9][550/582]	Time  0.029 ( 0.029)	Loss 3.1326e-02 (1.3256e-01)	Acc pseudo  96.88 ( 94.92)	Lr 1.000e-03 (1.000e-03)
2026-02-08 19:16:30,807 - INFO: Round 6, Face Fine-tune Epoch 9: loss=0.1350, acc(pseudo)=94.90%
2026-02-08 19:17:29,562 - INFO: Round 6, Face Fine-tune Epoch 9: acc(valid_pseudo): 0.9982, acc: 0.8393
2026-02-08 19:17:29,562 - INFO: Round 6, Face Fine-tune Epoch 9: No improvement. Patience(epoch): 1/3
2026-02-08 19:17:30,174 - INFO: Epoch: [10][  0/582]	Time  0.592 ( 0.592)	Loss 1.2483e-01 (1.2483e-01)	Acc pseudo  93.75 ( 93.75)	Lr 1.000e-03 (1.000e-03)
2026-02-08 19:17:34,825 - INFO: Epoch: [10][ 50/582]	Time  0.027 ( 0.042)	Loss 1.1297e-01 (1.3069e-01)	Acc pseudo  95.31 ( 95.04)	Lr 1.000e-03 (1.000e-03)
2026-02-08 19:17:39,472 - INFO: Epoch: [10][100/582]	Time  0.027 ( 0.035)	Loss 7.4962e-02 (1.2940e-01)	Acc pseudo  96.88 ( 94.91)	Lr 1.000e-03 (1.000e-03)
2026-02-08 19:17:44,118 - INFO: Epoch: [10][150/582]	Time  0.027 ( 0.032)	Loss 1.5750e-01 (1.2709e-01)	Acc pseudo  92.19 ( 95.08)	Lr 1.000e-03 (1.000e-03)
2026-02-08 19:17:48,767 - INFO: Epoch: [10][200/582]	Time  0.027 ( 0.031)	Loss 4.9067e-02 (1.2592e-01)	Acc pseudo  98.44 ( 95.16)	Lr 1.000e-03 (1.000e-03)
2026-02-08 19:17:53,418 - INFO: Epoch: [10][250/582]	Time  0.027 ( 0.030)	Loss 2.3699e-01 (1.2498e-01)	Acc pseudo  92.19 ( 95.19)	Lr 1.000e-03 (1.000e-03)
2026-02-08 19:17:58,067 - INFO: Epoch: [10][300/582]	Time  0.028 ( 0.030)	Loss 1.9446e-01 (1.2721e-01)	Acc pseudo  93.75 ( 95.08)	Lr 1.000e-03 (1.000e-03)
2026-02-08 19:18:02,717 - INFO: Epoch: [10][350/582]	Time  0.027 ( 0.030)	Loss 2.2699e-01 (1.2786e-01)	Acc pseudo  92.19 ( 95.06)	Lr 1.000e-03 (1.000e-03)
2026-02-08 19:18:07,363 - INFO: Epoch: [10][400/582]	Time  0.026 ( 0.029)	Loss 1.5221e-01 (1.2914e-01)	Acc pseudo  92.19 ( 95.06)	Lr 1.000e-03 (1.000e-03)
2026-02-08 19:18:12,014 - INFO: Epoch: [10][450/582]	Time  0.028 ( 0.029)	Loss 1.2618e-01 (1.2882e-01)	Acc pseudo  96.88 ( 95.04)	Lr 1.000e-03 (1.000e-03)
2026-02-08 19:18:16,666 - INFO: Epoch: [10][500/582]	Time  0.028 ( 0.029)	Loss 3.1242e-01 (1.3020e-01)	Acc pseudo  93.75 ( 95.03)	Lr 1.000e-03 (1.000e-03)
2026-02-08 19:18:21,317 - INFO: Epoch: [10][550/582]	Time  0.029 ( 0.029)	Loss 3.0906e-02 (1.3006e-01)	Acc pseudo  98.44 ( 95.04)	Lr 1.000e-03 (1.000e-03)
2026-02-08 19:18:24,213 - INFO: Round 6, Face Fine-tune Epoch 10: loss=0.1299, acc(pseudo)=95.05%
2026-02-08 19:19:21,005 - INFO: Round 6, Face Fine-tune Epoch 10: acc(valid_pseudo): 0.9992, acc: 0.8384
2026-02-08 19:19:22,963 - INFO: Epoch: [11][  0/582]	Time  0.604 ( 0.604)	Loss 5.1532e-02 (5.1532e-02)	Acc pseudo  96.88 ( 96.88)	Lr 1.000e-03 (1.000e-03)
2026-02-08 19:19:27,602 - INFO: Epoch: [11][ 50/582]	Time  0.026 ( 0.040)	Loss 1.2498e-01 (1.1471e-01)	Acc pseudo  92.19 ( 95.59)	Lr 1.000e-03 (1.000e-03)
2026-02-08 19:19:32,246 - INFO: Epoch: [11][100/582]	Time  0.028 ( 0.034)	Loss 2.7246e-01 (1.1640e-01)	Acc pseudo  92.19 ( 95.48)	Lr 1.000e-03 (1.000e-03)
2026-02-08 19:19:36,893 - INFO: Epoch: [11][150/582]	Time  0.027 ( 0.032)	Loss 9.2251e-02 (1.1597e-01)	Acc pseudo  98.44 ( 95.49)	Lr 1.000e-03 (1.000e-03)
2026-02-08 19:19:41,539 - INFO: Epoch: [11][200/582]	Time  0.026 ( 0.030)	Loss 7.9113e-02 (1.2033e-01)	Acc pseudo  96.88 ( 95.32)	Lr 1.000e-03 (1.000e-03)
2026-02-08 19:19:46,187 - INFO: Epoch: [11][250/582]	Time  0.026 ( 0.030)	Loss 1.8472e-01 (1.2416e-01)	Acc pseudo  90.62 ( 95.23)	Lr 1.000e-03 (1.000e-03)
2026-02-08 19:19:50,833 - INFO: Epoch: [11][300/582]	Time  0.026 ( 0.029)	Loss 1.6502e-01 (1.2604e-01)	Acc pseudo  90.62 ( 95.15)	Lr 1.000e-03 (1.000e-03)
2026-02-08 19:19:55,481 - INFO: Epoch: [11][350/582]	Time  0.026 ( 0.029)	Loss 3.9898e-01 (1.2839e-01)	Acc pseudo  93.75 ( 95.05)	Lr 1.000e-03 (1.000e-03)
2026-02-08 19:20:00,130 - INFO: Epoch: [11][400/582]	Time  0.027 ( 0.029)	Loss 1.8212e-01 (1.2966e-01)	Acc pseudo  92.19 ( 95.09)	Lr 1.000e-03 (1.000e-03)
2026-02-08 19:20:04,779 - INFO: Epoch: [11][450/582]	Time  0.026 ( 0.028)	Loss 3.0544e-01 (1.2883e-01)	Acc pseudo  96.88 ( 95.14)	Lr 1.000e-03 (1.000e-03)
2026-02-08 19:20:09,426 - INFO: Epoch: [11][500/582]	Time  0.027 ( 0.028)	Loss 4.4072e-01 (1.2974e-01)	Acc pseudo  93.75 ( 95.09)	Lr 1.000e-03 (1.000e-03)
2026-02-08 19:20:14,075 - INFO: Epoch: [11][550/582]	Time  0.028 ( 0.028)	Loss 1.0444e-01 (1.2990e-01)	Acc pseudo  98.44 ( 95.06)	Lr 1.000e-03 (1.000e-03)
2026-02-08 19:20:16,972 - INFO: Round 6, Face Fine-tune Epoch 11: loss=0.1297, acc(pseudo)=95.08%
2026-02-08 19:21:13,520 - INFO: Round 6, Face Fine-tune Epoch 11: acc(valid_pseudo): 0.9986, acc: 0.8354
2026-02-08 19:21:13,520 - INFO: Round 6, Face Fine-tune Epoch 11: No improvement. Patience(epoch): 1/3
2026-02-08 19:21:14,207 - INFO: Epoch: [12][  0/582]	Time  0.640 ( 0.640)	Loss 8.8275e-02 (8.8275e-02)	Acc pseudo  96.88 ( 96.88)	Lr 1.000e-03 (1.000e-03)
2026-02-08 19:21:18,853 - INFO: Epoch: [12][ 50/582]	Time  0.032 ( 0.041)	Loss 6.3013e-02 (1.4614e-01)	Acc pseudo  98.44 ( 94.70)	Lr 1.000e-03 (1.000e-03)
2026-02-08 19:21:23,501 - INFO: Epoch: [12][100/582]	Time  0.026 ( 0.036)	Loss 7.2832e-02 (1.3809e-01)	Acc pseudo  93.75 ( 94.93)	Lr 1.000e-03 (1.000e-03)
2026-02-08 19:21:28,151 - INFO: Epoch: [12][150/582]	Time  0.038 ( 0.033)	Loss 1.4959e-01 (1.3341e-01)	Acc pseudo  92.19 ( 95.13)	Lr 1.000e-03 (1.000e-03)
2026-02-08 19:21:32,858 - INFO: Epoch: [12][200/582]	Time  0.036 ( 0.032)	Loss 5.5480e-02 (1.2854e-01)	Acc pseudo  96.88 ( 95.14)	Lr 1.000e-03 (1.000e-03)
2026-02-08 19:21:37,508 - INFO: Epoch: [12][250/582]	Time  0.027 ( 0.031)	Loss 9.8324e-02 (1.2619e-01)	Acc pseudo  95.31 ( 95.16)	Lr 1.000e-03 (1.000e-03)
2026-02-08 19:21:42,155 - INFO: Epoch: [12][300/582]	Time  0.027 ( 0.030)	Loss 4.6875e-02 (1.2383e-01)	Acc pseudo  95.31 ( 95.22)	Lr 1.000e-03 (1.000e-03)
2026-02-08 19:21:46,803 - INFO: Epoch: [12][350/582]	Time  0.028 ( 0.030)	Loss 1.6435e-01 (1.2339e-01)	Acc pseudo  92.19 ( 95.17)	Lr 1.000e-03 (1.000e-03)
2026-02-08 19:21:51,453 - INFO: Epoch: [12][400/582]	Time  0.027 ( 0.030)	Loss 2.0588e-01 (1.2600e-01)	Acc pseudo  90.62 ( 95.08)	Lr 1.000e-03 (1.000e-03)
2026-02-08 19:21:56,105 - INFO: Epoch: [12][450/582]	Time  0.027 ( 0.029)	Loss 1.2055e-01 (1.2801e-01)	Acc pseudo  98.44 ( 95.05)	Lr 1.000e-03 (1.000e-03)
2026-02-08 19:22:00,755 - INFO: Epoch: [12][500/582]	Time  0.028 ( 0.029)	Loss 1.0791e-01 (1.2797e-01)	Acc pseudo  93.75 ( 95.05)	Lr 1.000e-03 (1.000e-03)
2026-02-08 19:22:05,405 - INFO: Epoch: [12][550/582]	Time  0.027 ( 0.029)	Loss 6.2571e-02 (1.2630e-01)	Acc pseudo  95.31 ( 95.06)	Lr 1.000e-03 (1.000e-03)
2026-02-08 19:22:08,299 - INFO: Round 6, Face Fine-tune Epoch 12: loss=0.1279, acc(pseudo)=95.04%
2026-02-08 19:23:05,254 - INFO: Round 6, Face Fine-tune Epoch 12: acc(valid_pseudo): 0.9989, acc: 0.8374
2026-02-08 19:23:05,255 - INFO: Round 6, Face Fine-tune Epoch 12: No improvement. Patience(epoch): 2/3
2026-02-08 19:23:05,868 - INFO: Epoch: [13][  0/582]	Time  0.572 ( 0.572)	Loss 5.6025e-02 (5.6025e-02)	Acc pseudo  96.88 ( 96.88)	Lr 1.000e-03 (1.000e-03)
2026-02-08 19:23:10,519 - INFO: Epoch: [13][ 50/582]	Time  0.027 ( 0.038)	Loss 8.1871e-02 (1.2641e-01)	Acc pseudo  95.31 ( 95.34)	Lr 1.000e-03 (1.000e-03)
2026-02-08 19:23:15,163 - INFO: Epoch: [13][100/582]	Time  0.026 ( 0.033)	Loss 1.4065e-01 (1.1940e-01)	Acc pseudo  93.75 ( 95.48)	Lr 1.000e-03 (1.000e-03)
2026-02-08 19:23:19,808 - INFO: Epoch: [13][150/582]	Time  0.027 ( 0.031)	Loss 9.9619e-02 (1.1793e-01)	Acc pseudo  93.75 ( 95.49)	Lr 1.000e-03 (1.000e-03)
2026-02-08 19:23:24,514 - INFO: Epoch: [13][200/582]	Time  0.026 ( 0.030)	Loss 1.4308e-01 (1.1726e-01)	Acc pseudo  92.19 ( 95.49)	Lr 1.000e-03 (1.000e-03)
2026-02-08 19:23:29,161 - INFO: Epoch: [13][250/582]	Time  0.027 ( 0.030)	Loss 6.1168e-02 (1.1877e-01)	Acc pseudo  95.31 ( 95.52)	Lr 1.000e-03 (1.000e-03)
2026-02-08 19:23:33,808 - INFO: Epoch: [13][300/582]	Time  0.027 ( 0.029)	Loss 4.8205e-02 (1.2033e-01)	Acc pseudo  96.88 ( 95.55)	Lr 1.000e-03 (1.000e-03)
2026-02-08 19:23:38,456 - INFO: Epoch: [13][350/582]	Time  0.027 ( 0.029)	Loss 9.4076e-02 (1.2091e-01)	Acc pseudo  95.31 ( 95.45)	Lr 1.000e-03 (1.000e-03)
2026-02-08 19:23:43,104 - INFO: Epoch: [13][400/582]	Time  0.027 ( 0.029)	Loss 2.2935e-01 (1.2124e-01)	Acc pseudo  93.75 ( 95.39)	Lr 1.000e-03 (1.000e-03)
2026-02-08 19:23:47,752 - INFO: Epoch: [13][450/582]	Time  0.026 ( 0.029)	Loss 1.7381e-01 (1.2006e-01)	Acc pseudo  93.75 ( 95.42)	Lr 1.000e-03 (1.000e-03)
2026-02-08 19:23:52,399 - INFO: Epoch: [13][500/582]	Time  0.028 ( 0.028)	Loss 1.5174e-01 (1.2081e-01)	Acc pseudo  95.31 ( 95.41)	Lr 1.000e-03 (1.000e-03)
2026-02-08 19:23:57,047 - INFO: Epoch: [13][550/582]	Time  0.027 ( 0.028)	Loss 1.1381e-01 (1.2266e-01)	Acc pseudo  96.88 ( 95.33)	Lr 1.000e-03 (1.000e-03)
2026-02-08 19:23:59,949 - INFO: Round 6, Face Fine-tune Epoch 13: loss=0.1236, acc(pseudo)=95.30%
2026-02-08 19:24:56,701 - INFO: Round 6, Face Fine-tune Epoch 13: acc(valid_pseudo): 0.9980, acc: 0.8364
2026-02-08 19:24:56,702 - INFO: Round 6, Face Fine-tune Epoch 13: No improvement. Patience(epoch): 3/3
2026-02-08 19:24:56,702 - INFO: Early stopping at face epoch 13
2026-02-08 19:24:56,703 - INFO: Round 6: Best face fine-tuned epoch=10, acc(valid_pseudo)=0.9992
2026-02-08 19:25:26,623 - INFO: Round 6: speaker_acc=0.7365
2026-02-08 19:25:26,700 - INFO: Round 6: face_acc=0.8384
2026-02-08 19:25:26,728 - INFO: ====================
2026-02-08 19:25:26,728 - INFO: Round 7: Fine-tuning iteration
2026-02-08 19:25:26,728 - INFO: ====================
2026-02-08 19:25:26,881 - INFO: Round 7 Part 1: Fine-tuning embedding model
2026-02-08 19:25:26,882 - INFO: Using pseudo-label file: runs/I love my family/exp_video/result/self_supervised/baseline_joint/exp0/round6/pseudo_label/pseudo_labels_audio_baseline_joint.json
2026-02-08 19:25:26,906 - INFO: For training, Using face pseudo-label file: runs/I love my family/exp_video/result/self_supervised/baseline_joint/exp0/round6/pseudo_label/pseudo_labels_faces_mid_frame_train_baseline_joint.json
2026-02-08 19:25:26,906 - INFO: For infering, Using face pseudo-label file: runs/I love my family/exp_video/result/self_supervised/baseline_joint/exp0/round6/pseudo_label/pseudo_labels_faces_mid_frame_all_baseline_joint.json
2026-02-08 19:25:27,041 - INFO: Created face dataloader with 37219 samples
2026-02-08 19:25:27,051 - INFO: Warmup training speaker classifier for 2 epochs...
2026-02-08 19:25:27,401 - INFO: Epoch: [0][  0/301]	Time  0.343 ( 0.343)	Loss 2.2291e+00 (2.2291e+00)	Acc pseudo  15.62 ( 15.62)	Lr 1.000e-03 (1.000e-03)
2026-02-08 19:25:27,646 - INFO: Epoch: [0][ 50/301]	Time  0.003 ( 0.011)	Loss 2.5855e-01 (7.3424e-01)	Acc pseudo  95.31 ( 82.94)	Lr 1.000e-03 (1.000e-03)
2026-02-08 19:25:27,775 - INFO: Epoch: [0][100/301]	Time  0.002 ( 0.007)	Loss 1.7966e-01 (5.1489e-01)	Acc pseudo  92.19 ( 86.93)	Lr 1.000e-03 (1.000e-03)
2026-02-08 19:25:27,898 - INFO: Epoch: [0][150/301]	Time  0.003 ( 0.005)	Loss 2.7655e-01 (4.2643e-01)	Acc pseudo  87.50 ( 88.69)	Lr 1.000e-03 (1.000e-03)
2026-02-08 19:25:28,027 - INFO: Epoch: [0][200/301]	Time  0.002 ( 0.005)	Loss 3.2654e-01 (3.7417e-01)	Acc pseudo  85.94 ( 89.61)	Lr 1.000e-03 (1.000e-03)
2026-02-08 19:25:28,157 - INFO: Epoch: [0][250/301]	Time  0.002 ( 0.004)	Loss 4.1484e-01 (3.4435e-01)	Acc pseudo  92.19 ( 90.09)	Lr 1.000e-03 (1.000e-03)
2026-02-08 19:25:28,279 - INFO: Epoch: [0][300/301]	Time  0.002 ( 0.004)	Loss 4.4130e-01 (3.2596e-01)	Acc pseudo  88.00 ( 90.44)	Lr 1.000e-03 (1.000e-03)
2026-02-08 19:25:28,316 - INFO: Round 7, Speaker Warmup Epoch 0: loss=0.3260, acc(pseudo)=90.44%
2026-02-08 19:25:28,582 - INFO: Epoch: [1][  0/301]	Time  0.262 ( 0.262)	Loss 9.5362e-02 (9.5362e-02)	Acc pseudo  96.88 ( 96.88)	Lr 1.000e-03 (1.000e-03)
2026-02-08 19:25:28,827 - INFO: Epoch: [1][ 50/301]	Time  0.003 ( 0.010)	Loss 2.3653e-01 (1.9784e-01)	Acc pseudo  92.19 ( 92.77)	Lr 1.000e-03 (1.000e-03)
2026-02-08 19:25:28,961 - INFO: Epoch: [1][100/301]	Time  0.003 ( 0.006)	Loss 3.1404e-01 (2.0272e-01)	Acc pseudo  87.50 ( 92.68)	Lr 1.000e-03 (1.000e-03)
2026-02-08 19:25:29,091 - INFO: Epoch: [1][150/301]	Time  0.003 ( 0.005)	Loss 2.0141e-01 (2.0450e-01)	Acc pseudo  95.31 ( 92.54)	Lr 1.000e-03 (1.000e-03)
2026-02-08 19:25:29,220 - INFO: Epoch: [1][200/301]	Time  0.002 ( 0.004)	Loss 1.1891e-01 (2.0616e-01)	Acc pseudo  95.31 ( 92.41)	Lr 1.000e-03 (1.000e-03)
2026-02-08 19:25:29,347 - INFO: Epoch: [1][250/301]	Time  0.003 ( 0.004)	Loss 1.3612e-01 (2.0247e-01)	Acc pseudo  93.75 ( 92.52)	Lr 1.000e-03 (1.000e-03)
2026-02-08 19:25:29,462 - INFO: Epoch: [1][300/301]	Time  0.002 ( 0.004)	Loss 1.2192e-01 (2.0463e-01)	Acc pseudo  96.00 ( 92.40)	Lr 1.000e-03 (1.000e-03)
2026-02-08 19:25:29,498 - INFO: Round 7, Speaker Warmup Epoch 1: loss=0.2046, acc(pseudo)=92.40%
2026-02-08 19:25:29,501 - INFO: Warmup training face classifier for 2 epochs...
2026-02-08 19:25:30,129 - INFO: Epoch: [0][  0/582]	Time  0.585 ( 0.585)	Loss 2.5896e+00 (2.5896e+00)	Acc pseudo   7.81 (  7.81)	Lr 1.000e-03 (1.000e-03)
2026-02-08 19:25:34,700 - INFO: Epoch: [0][ 50/582]	Time  0.027 ( 0.038)	Loss 5.1414e-01 (1.1065e+00)	Acc pseudo  92.19 ( 80.12)	Lr 1.000e-03 (1.000e-03)
2026-02-08 19:25:39,266 - INFO: Epoch: [0][100/582]	Time  0.027 ( 0.033)	Loss 1.6555e-01 (7.3176e-01)	Acc pseudo  96.88 ( 86.80)	Lr 1.000e-03 (1.000e-03)
2026-02-08 19:25:43,839 - INFO: Epoch: [0][150/582]	Time  0.028 ( 0.032)	Loss 1.6457e-01 (5.7339e-01)	Acc pseudo  93.75 ( 89.20)	Lr 1.000e-03 (1.000e-03)
2026-02-08 19:25:48,413 - INFO: Epoch: [0][200/582]	Time  0.029 ( 0.031)	Loss 7.9388e-02 (4.8720e-01)	Acc pseudo 100.00 ( 90.54)	Lr 1.000e-03 (1.000e-03)
2026-02-08 19:25:52,989 - INFO: Epoch: [0][250/582]	Time  0.028 ( 0.030)	Loss 1.7316e-01 (4.3192e-01)	Acc pseudo  96.88 ( 91.23)	Lr 1.000e-03 (1.000e-03)
2026-02-08 19:25:57,566 - INFO: Epoch: [0][300/582]	Time  0.027 ( 0.030)	Loss 9.3676e-02 (3.8606e-01)	Acc pseudo  95.31 ( 91.94)	Lr 1.000e-03 (1.000e-03)
2026-02-08 19:26:02,144 - INFO: Epoch: [0][350/582]	Time  0.026 ( 0.029)	Loss 5.3349e-02 (3.5282e-01)	Acc pseudo  98.44 ( 92.42)	Lr 1.000e-03 (1.000e-03)
2026-02-08 19:26:06,723 - INFO: Epoch: [0][400/582]	Time  0.028 ( 0.029)	Loss 1.0952e-01 (3.3087e-01)	Acc pseudo  96.88 ( 92.77)	Lr 1.000e-03 (1.000e-03)
2026-02-08 19:26:11,301 - INFO: Epoch: [0][450/582]	Time  0.028 ( 0.029)	Loss 2.2064e-01 (3.1124e-01)	Acc pseudo  90.62 ( 92.95)	Lr 1.000e-03 (1.000e-03)
2026-02-08 19:26:15,880 - INFO: Epoch: [0][500/582]	Time  0.026 ( 0.029)	Loss 1.4263e-01 (2.9517e-01)	Acc pseudo  92.19 ( 93.14)	Lr 1.000e-03 (1.000e-03)
2026-02-08 19:26:20,457 - INFO: Epoch: [0][550/582]	Time  0.027 ( 0.029)	Loss 1.1665e-01 (2.8244e-01)	Acc pseudo  96.88 ( 93.31)	Lr 1.000e-03 (1.000e-03)
2026-02-08 19:26:23,306 - INFO: Round 7, Face Warmup Epoch 0: loss=0.2747, acc(pseudo)=93.38%
2026-02-08 19:26:23,987 - INFO: Epoch: [1][  0/582]	Time  0.644 ( 0.644)	Loss 8.3494e-02 (8.3494e-02)	Acc pseudo  95.31 ( 95.31)	Lr 1.000e-03 (1.000e-03)
2026-02-08 19:26:28,564 - INFO: Epoch: [1][ 50/582]	Time  0.026 ( 0.040)	Loss 6.7514e-02 (1.5868e-01)	Acc pseudo  96.88 ( 94.91)	Lr 1.000e-03 (1.000e-03)
2026-02-08 19:26:33,143 - INFO: Epoch: [1][100/582]	Time  0.027 ( 0.033)	Loss 1.5335e-01 (1.4767e-01)	Acc pseudo  95.31 ( 95.08)	Lr 1.000e-03 (1.000e-03)
2026-02-08 19:26:37,721 - INFO: Epoch: [1][150/582]	Time  0.026 ( 0.031)	Loss 3.2115e-01 (1.4217e-01)	Acc pseudo  93.75 ( 95.42)	Lr 1.000e-03 (1.000e-03)
2026-02-08 19:26:42,301 - INFO: Epoch: [1][200/582]	Time  0.029 ( 0.030)	Loss 1.1276e-01 (1.4198e-01)	Acc pseudo  96.88 ( 95.24)	Lr 1.000e-03 (1.000e-03)
2026-02-08 19:26:46,883 - INFO: Epoch: [1][250/582]	Time  0.027 ( 0.030)	Loss 1.3187e-01 (1.4112e-01)	Acc pseudo  93.75 ( 95.32)	Lr 1.000e-03 (1.000e-03)
2026-02-08 19:26:51,464 - INFO: Epoch: [1][300/582]	Time  0.027 ( 0.030)	Loss 4.4810e-02 (1.3672e-01)	Acc pseudo  98.44 ( 95.45)	Lr 1.000e-03 (1.000e-03)
2026-02-08 19:26:56,044 - INFO: Epoch: [1][350/582]	Time  0.030 ( 0.029)	Loss 1.0161e-01 (1.3590e-01)	Acc pseudo  95.31 ( 95.43)	Lr 1.000e-03 (1.000e-03)
2026-02-08 19:27:00,626 - INFO: Epoch: [1][400/582]	Time  0.026 ( 0.029)	Loss 1.8980e-01 (1.3690e-01)	Acc pseudo  90.62 ( 95.39)	Lr 1.000e-03 (1.000e-03)
2026-02-08 19:27:05,209 - INFO: Epoch: [1][450/582]	Time  0.027 ( 0.029)	Loss 1.6069e-01 (1.3463e-01)	Acc pseudo  93.75 ( 95.43)	Lr 1.000e-03 (1.000e-03)
2026-02-08 19:27:09,789 - INFO: Epoch: [1][500/582]	Time  0.028 ( 0.029)	Loss 4.6106e-02 (1.3270e-01)	Acc pseudo  98.44 ( 95.46)	Lr 1.000e-03 (1.000e-03)
2026-02-08 19:27:14,371 - INFO: Epoch: [1][550/582]	Time  0.026 ( 0.029)	Loss 9.9709e-02 (1.3277e-01)	Acc pseudo  96.88 ( 95.47)	Lr 1.000e-03 (1.000e-03)
2026-02-08 19:27:17,220 - INFO: Round 7, Face Warmup Epoch 1: loss=0.1330, acc(pseudo)=95.45%
2026-02-08 19:27:17,230 - INFO: Fine-tuning speaker embedding model for 20 epochs...
2026-02-08 19:27:17,510 - INFO: Epoch: [0][  0/301]	Time  0.276 ( 0.276)	Loss 1.1169e-01 (1.1169e-01)	Acc pseudo  95.31 ( 95.31)	Lr 1.000e-03 (1.000e-03)
2026-02-08 19:27:17,769 - INFO: Epoch: [0][ 50/301]	Time  0.003 ( 0.010)	Loss 2.2347e-01 (2.0077e-01)	Acc pseudo  87.50 ( 93.01)	Lr 1.000e-03 (1.000e-03)
2026-02-08 19:27:17,913 - INFO: Epoch: [0][100/301]	Time  0.003 ( 0.007)	Loss 2.9518e-01 (1.9807e-01)	Acc pseudo  90.62 ( 93.07)	Lr 1.000e-03 (1.000e-03)
2026-02-08 19:27:18,061 - INFO: Epoch: [0][150/301]	Time  0.003 ( 0.005)	Loss 1.1079e-01 (2.0151e-01)	Acc pseudo  93.75 ( 92.91)	Lr 1.000e-03 (1.000e-03)
2026-02-08 19:27:18,211 - INFO: Epoch: [0][200/301]	Time  0.003 ( 0.005)	Loss 1.0612e-01 (2.0198e-01)	Acc pseudo  96.88 ( 92.75)	Lr 1.000e-03 (1.000e-03)
2026-02-08 19:27:18,354 - INFO: Epoch: [0][250/301]	Time  0.003 ( 0.004)	Loss 1.9579e-01 (2.0282e-01)	Acc pseudo  89.06 ( 92.60)	Lr 1.000e-03 (1.000e-03)
2026-02-08 19:27:18,487 - INFO: Epoch: [0][300/301]	Time  0.002 ( 0.004)	Loss 2.0135e-02 (2.0394e-01)	Acc pseudo 100.00 ( 92.58)	Lr 1.000e-03 (1.000e-03)
2026-02-08 19:27:18,522 - INFO: Round 7, Fine-tune Epoch 0: loss=0.2039, acc(pseudo)=92.58%
2026-02-08 19:27:25,520 - INFO: Round 7, Fine-tune Epoch 0: acc(valid_pseudo): 0.7395, acc: 0.7395
2026-02-08 19:27:26,220 - INFO: Epoch: [1][  0/301]	Time  0.274 ( 0.274)	Loss 1.7325e-01 (1.7325e-01)	Acc pseudo  92.19 ( 92.19)	Lr 1.000e-03 (1.000e-03)
2026-02-08 19:27:26,484 - INFO: Epoch: [1][ 50/301]	Time  0.003 ( 0.010)	Loss 2.3157e-01 (1.7389e-01)	Acc pseudo  92.19 ( 93.38)	Lr 1.000e-03 (1.000e-03)
2026-02-08 19:27:26,633 - INFO: Epoch: [1][100/301]	Time  0.002 ( 0.007)	Loss 1.0103e-01 (1.7933e-01)	Acc pseudo  95.31 ( 93.19)	Lr 1.000e-03 (1.000e-03)
2026-02-08 19:27:26,780 - INFO: Epoch: [1][150/301]	Time  0.003 ( 0.005)	Loss 1.7826e-01 (1.8846e-01)	Acc pseudo  92.19 ( 92.96)	Lr 1.000e-03 (1.000e-03)
2026-02-08 19:27:26,924 - INFO: Epoch: [1][200/301]	Time  0.002 ( 0.005)	Loss 2.0118e-01 (1.8739e-01)	Acc pseudo  89.06 ( 93.04)	Lr 1.000e-03 (1.000e-03)
2026-02-08 19:27:27,070 - INFO: Epoch: [1][250/301]	Time  0.003 ( 0.004)	Loss 2.1191e-01 (1.8352e-01)	Acc pseudo  92.19 ( 93.16)	Lr 1.000e-03 (1.000e-03)
2026-02-08 19:27:27,207 - INFO: Epoch: [1][300/301]	Time  0.002 ( 0.004)	Loss 5.9321e-02 (1.8499e-01)	Acc pseudo 100.00 ( 93.10)	Lr 1.000e-03 (1.000e-03)
2026-02-08 19:27:27,244 - INFO: Round 7, Fine-tune Epoch 1: loss=0.1850, acc(pseudo)=93.10%
2026-02-08 19:27:34,167 - INFO: Round 7, Fine-tune Epoch 1: acc(valid_pseudo): 0.7100, acc: 0.7100
2026-02-08 19:27:34,167 - INFO: Round 7, Speaker Fine-tune Epoch 1: No improvement in validation accuracy. Patience(epoch): 1/3
2026-02-08 19:27:34,454 - INFO: Epoch: [2][  0/301]	Time  0.281 ( 0.281)	Loss 2.1325e-01 (2.1325e-01)	Acc pseudo  92.19 ( 92.19)	Lr 1.000e-03 (1.000e-03)
2026-02-08 19:27:34,703 - INFO: Epoch: [2][ 50/301]	Time  0.003 ( 0.010)	Loss 9.6184e-02 (1.6733e-01)	Acc pseudo  96.88 ( 93.75)	Lr 1.000e-03 (1.000e-03)
2026-02-08 19:27:34,849 - INFO: Epoch: [2][100/301]	Time  0.002 ( 0.007)	Loss 1.8425e-01 (1.6915e-01)	Acc pseudo  93.75 ( 93.80)	Lr 1.000e-03 (1.000e-03)
2026-02-08 19:27:34,993 - INFO: Epoch: [2][150/301]	Time  0.003 ( 0.005)	Loss 2.6811e-01 (1.6225e-01)	Acc pseudo  93.75 ( 93.97)	Lr 1.000e-03 (1.000e-03)
2026-02-08 19:27:35,141 - INFO: Epoch: [2][200/301]	Time  0.003 ( 0.005)	Loss 2.0049e-01 (1.7165e-01)	Acc pseudo  89.06 ( 93.52)	Lr 1.000e-03 (1.000e-03)
2026-02-08 19:27:35,281 - INFO: Epoch: [2][250/301]	Time  0.003 ( 0.004)	Loss 1.4760e-01 (1.7270e-01)	Acc pseudo  93.75 ( 93.48)	Lr 1.000e-03 (1.000e-03)
2026-02-08 19:27:35,419 - INFO: Epoch: [2][300/301]	Time  0.002 ( 0.004)	Loss 1.0727e-01 (1.7192e-01)	Acc pseudo 100.00 ( 93.59)	Lr 1.000e-03 (1.000e-03)
2026-02-08 19:27:35,456 - INFO: Round 7, Fine-tune Epoch 2: loss=0.1719, acc(pseudo)=93.59%
2026-02-08 19:27:42,668 - INFO: Round 7, Fine-tune Epoch 2: acc(valid_pseudo): 0.7355, acc: 0.7355
2026-02-08 19:27:42,669 - INFO: Round 7, Speaker Fine-tune Epoch 2: No improvement in validation accuracy. Patience(epoch): 2/3
2026-02-08 19:27:42,973 - INFO: Epoch: [3][  0/301]	Time  0.299 ( 0.299)	Loss 9.7209e-02 (9.7209e-02)	Acc pseudo  95.31 ( 95.31)	Lr 1.000e-03 (1.000e-03)
2026-02-08 19:27:43,252 - INFO: Epoch: [3][ 50/301]	Time  0.003 ( 0.011)	Loss 1.7653e-01 (1.4867e-01)	Acc pseudo  92.19 ( 94.39)	Lr 1.000e-03 (1.000e-03)
2026-02-08 19:27:43,404 - INFO: Epoch: [3][100/301]	Time  0.003 ( 0.007)	Loss 1.2223e-01 (1.6632e-01)	Acc pseudo  95.31 ( 93.70)	Lr 1.000e-03 (1.000e-03)
2026-02-08 19:27:43,554 - INFO: Epoch: [3][150/301]	Time  0.003 ( 0.006)	Loss 7.3417e-02 (1.6268e-01)	Acc pseudo  96.88 ( 93.70)	Lr 1.000e-03 (1.000e-03)
2026-02-08 19:27:43,696 - INFO: Epoch: [3][200/301]	Time  0.003 ( 0.005)	Loss 3.8622e-01 (1.6734e-01)	Acc pseudo  93.75 ( 93.63)	Lr 1.000e-03 (1.000e-03)
2026-02-08 19:27:43,837 - INFO: Epoch: [3][250/301]	Time  0.003 ( 0.005)	Loss 3.2678e-02 (1.7215e-01)	Acc pseudo  98.44 ( 93.63)	Lr 1.000e-03 (1.000e-03)
2026-02-08 19:27:43,973 - INFO: Epoch: [3][300/301]	Time  0.002 ( 0.004)	Loss 2.7367e-01 (1.7064e-01)	Acc pseudo  92.00 ( 93.75)	Lr 1.000e-03 (1.000e-03)
2026-02-08 19:27:44,012 - INFO: Round 7, Fine-tune Epoch 3: loss=0.1706, acc(pseudo)=93.75%
2026-02-08 19:27:50,809 - INFO: Round 7, Fine-tune Epoch 3: acc(valid_pseudo): 0.7395, acc: 0.7395
2026-02-08 19:27:50,809 - INFO: Round 7, Speaker Fine-tune Epoch 3: No improvement in validation accuracy. Patience(epoch): 3/3
2026-02-08 19:27:50,810 - INFO: Early stopping at epoch 3 due to no improvement in validation accuracy for 3 epochs.
2026-02-08 19:27:50,811 - INFO: Round 7: Best speaker fine-tuned epoch=0, acc(valid_pseudo)=0.7395
2026-02-08 19:27:50,814 - INFO: Fine-tuning face embedding model for 20 epochs...
2026-02-08 19:27:51,502 - INFO: Epoch: [0][  0/582]	Time  0.635 ( 0.635)	Loss 3.0854e-02 (3.0854e-02)	Acc pseudo 100.00 (100.00)	Lr 1.000e-03 (1.000e-03)
2026-02-08 19:27:56,143 - INFO: Epoch: [0][ 50/582]	Time  0.029 ( 0.040)	Loss 8.9953e-02 (1.0821e-01)	Acc pseudo  93.75 ( 96.57)	Lr 1.000e-03 (1.000e-03)
2026-02-08 19:28:00,781 - INFO: Epoch: [0][100/582]	Time  0.027 ( 0.034)	Loss 4.3005e-02 (1.0887e-01)	Acc pseudo  96.88 ( 96.13)	Lr 1.000e-03 (1.000e-03)
2026-02-08 19:28:05,427 - INFO: Epoch: [0][150/582]	Time  0.027 ( 0.032)	Loss 5.7721e-02 (1.0584e-01)	Acc pseudo  98.44 ( 96.20)	Lr 1.000e-03 (1.000e-03)
2026-02-08 19:28:10,074 - INFO: Epoch: [0][200/582]	Time  0.026 ( 0.031)	Loss 1.2787e-02 (1.0740e-01)	Acc pseudo 100.00 ( 96.14)	Lr 1.000e-03 (1.000e-03)
2026-02-08 19:28:14,727 - INFO: Epoch: [0][250/582]	Time  0.027 ( 0.031)	Loss 1.0422e-01 (1.1316e-01)	Acc pseudo  95.31 ( 96.00)	Lr 1.000e-03 (1.000e-03)
2026-02-08 19:28:19,376 - INFO: Epoch: [0][300/582]	Time  0.027 ( 0.030)	Loss 4.6968e-02 (1.1198e-01)	Acc pseudo 100.00 ( 96.02)	Lr 1.000e-03 (1.000e-03)
2026-02-08 19:28:24,025 - INFO: Epoch: [0][350/582]	Time  0.029 ( 0.030)	Loss 3.0393e-02 (1.1106e-01)	Acc pseudo 100.00 ( 96.05)	Lr 1.000e-03 (1.000e-03)
2026-02-08 19:28:28,676 - INFO: Epoch: [0][400/582]	Time  0.026 ( 0.030)	Loss 4.0159e-02 (1.1422e-01)	Acc pseudo 100.00 ( 96.01)	Lr 1.000e-03 (1.000e-03)
2026-02-08 19:28:33,328 - INFO: Epoch: [0][450/582]	Time  0.027 ( 0.030)	Loss 1.6039e-01 (1.1465e-01)	Acc pseudo  92.19 ( 95.89)	Lr 1.000e-03 (1.000e-03)
2026-02-08 19:28:37,982 - INFO: Epoch: [0][500/582]	Time  0.027 ( 0.029)	Loss 1.2705e-01 (1.1560e-01)	Acc pseudo  93.75 ( 95.81)	Lr 1.000e-03 (1.000e-03)
2026-02-08 19:28:42,635 - INFO: Epoch: [0][550/582]	Time  0.028 ( 0.029)	Loss 5.0719e-02 (1.1619e-01)	Acc pseudo  96.88 ( 95.76)	Lr 1.000e-03 (1.000e-03)
2026-02-08 19:28:45,531 - INFO: Round 7, Face Fine-tune Epoch 0: loss=0.1161, acc(pseudo)=95.73%
2026-02-08 19:29:42,337 - INFO: Round 7, Face Fine-tune Epoch 0: acc(valid_pseudo): 0.9962, acc: 0.8364
2026-02-08 19:29:43,941 - INFO: Epoch: [1][  0/582]	Time  0.579 ( 0.579)	Loss 6.8078e-02 (6.8078e-02)	Acc pseudo  95.31 ( 95.31)	Lr 1.000e-03 (1.000e-03)
2026-02-08 19:29:48,583 - INFO: Epoch: [1][ 50/582]	Time  0.026 ( 0.039)	Loss 3.4571e-02 (1.1377e-01)	Acc pseudo  98.44 ( 95.68)	Lr 1.000e-03 (1.000e-03)
2026-02-08 19:29:53,224 - INFO: Epoch: [1][100/582]	Time  0.027 ( 0.033)	Loss 1.1680e-01 (1.1355e-01)	Acc pseudo  92.19 ( 95.61)	Lr 1.000e-03 (1.000e-03)
2026-02-08 19:29:57,871 - INFO: Epoch: [1][150/582]	Time  0.027 ( 0.032)	Loss 2.4561e-01 (1.1164e-01)	Acc pseudo  93.75 ( 95.78)	Lr 1.000e-03 (1.000e-03)
2026-02-08 19:30:02,520 - INFO: Epoch: [1][200/582]	Time  0.027 ( 0.031)	Loss 8.3892e-02 (1.1281e-01)	Acc pseudo  96.88 ( 95.69)	Lr 1.000e-03 (1.000e-03)
2026-02-08 19:30:07,169 - INFO: Epoch: [1][250/582]	Time  0.026 ( 0.030)	Loss 1.6368e-01 (1.1469e-01)	Acc pseudo  90.62 ( 95.68)	Lr 1.000e-03 (1.000e-03)
2026-02-08 19:30:11,871 - INFO: Epoch: [1][300/582]	Time  0.026 ( 0.030)	Loss 7.1307e-02 (1.1395e-01)	Acc pseudo  95.31 ( 95.78)	Lr 1.000e-03 (1.000e-03)
2026-02-08 19:30:16,550 - INFO: Epoch: [1][350/582]	Time  0.031 ( 0.030)	Loss 7.4636e-02 (1.1217e-01)	Acc pseudo  96.88 ( 95.78)	Lr 1.000e-03 (1.000e-03)
2026-02-08 19:30:21,201 - INFO: Epoch: [1][400/582]	Time  0.027 ( 0.029)	Loss 1.5094e-01 (1.1176e-01)	Acc pseudo  95.31 ( 95.82)	Lr 1.000e-03 (1.000e-03)
2026-02-08 19:30:25,850 - INFO: Epoch: [1][450/582]	Time  0.032 ( 0.029)	Loss 9.7342e-02 (1.1066e-01)	Acc pseudo  96.88 ( 95.84)	Lr 1.000e-03 (1.000e-03)
2026-02-08 19:30:30,500 - INFO: Epoch: [1][500/582]	Time  0.027 ( 0.029)	Loss 7.0777e-02 (1.1034e-01)	Acc pseudo  95.31 ( 95.82)	Lr 1.000e-03 (1.000e-03)
2026-02-08 19:30:35,153 - INFO: Epoch: [1][550/582]	Time  0.039 ( 0.029)	Loss 1.1282e-01 (1.1180e-01)	Acc pseudo  96.88 ( 95.79)	Lr 1.000e-03 (1.000e-03)
2026-02-08 19:30:38,049 - INFO: Round 7, Face Fine-tune Epoch 1: loss=0.1131, acc(pseudo)=95.76%
2026-02-08 19:31:34,683 - INFO: Round 7, Face Fine-tune Epoch 1: acc(valid_pseudo): 0.9963, acc: 0.8384
2026-02-08 19:31:36,857 - INFO: Epoch: [2][  0/582]	Time  0.779 ( 0.779)	Loss 1.7291e-02 (1.7291e-02)	Acc pseudo 100.00 (100.00)	Lr 1.000e-03 (1.000e-03)
2026-02-08 19:31:41,537 - INFO: Epoch: [2][ 50/582]	Time  0.029 ( 0.044)	Loss 1.9482e-01 (1.1591e-01)	Acc pseudo  96.88 ( 95.86)	Lr 1.000e-03 (1.000e-03)
2026-02-08 19:31:46,187 - INFO: Epoch: [2][100/582]	Time  0.029 ( 0.037)	Loss 1.5530e-01 (1.2534e-01)	Acc pseudo  95.31 ( 95.58)	Lr 1.000e-03 (1.000e-03)
2026-02-08 19:31:50,832 - INFO: Epoch: [2][150/582]	Time  0.029 ( 0.034)	Loss 1.8781e-01 (1.2380e-01)	Acc pseudo  96.88 ( 95.57)	Lr 1.000e-03 (1.000e-03)
2026-02-08 19:31:55,480 - INFO: Epoch: [2][200/582]	Time  0.028 ( 0.033)	Loss 1.2944e-01 (1.2744e-01)	Acc pseudo  95.31 ( 95.42)	Lr 1.000e-03 (1.000e-03)
2026-02-08 19:32:00,128 - INFO: Epoch: [2][250/582]	Time  0.028 ( 0.032)	Loss 1.2441e-01 (1.3318e-01)	Acc pseudo  92.19 ( 95.18)	Lr 1.000e-03 (1.000e-03)
2026-02-08 19:32:04,779 - INFO: Epoch: [2][300/582]	Time  0.030 ( 0.031)	Loss 8.6992e-02 (1.3069e-01)	Acc pseudo  95.31 ( 95.12)	Lr 1.000e-03 (1.000e-03)
2026-02-08 19:32:09,430 - INFO: Epoch: [2][350/582]	Time  0.028 ( 0.031)	Loss 9.7480e-02 (1.3187e-01)	Acc pseudo  96.88 ( 95.19)	Lr 1.000e-03 (1.000e-03)
2026-02-08 19:32:14,081 - INFO: Epoch: [2][400/582]	Time  0.030 ( 0.031)	Loss 1.2904e-01 (1.3276e-01)	Acc pseudo  93.75 ( 95.18)	Lr 1.000e-03 (1.000e-03)
2026-02-08 19:32:18,731 - INFO: Epoch: [2][450/582]	Time  0.027 ( 0.030)	Loss 1.0810e-01 (1.3360e-01)	Acc pseudo  95.31 ( 95.10)	Lr 1.000e-03 (1.000e-03)
2026-02-08 19:32:23,380 - INFO: Epoch: [2][500/582]	Time  0.028 ( 0.030)	Loss 4.8916e-02 (1.3373e-01)	Acc pseudo  96.88 ( 95.09)	Lr 1.000e-03 (1.000e-03)
2026-02-08 19:32:28,083 - INFO: Epoch: [2][550/582]	Time  0.027 ( 0.030)	Loss 2.5252e-01 (1.3487e-01)	Acc pseudo  92.19 ( 95.10)	Lr 1.000e-03 (1.000e-03)
2026-02-08 19:32:30,975 - INFO: Round 7, Face Fine-tune Epoch 2: loss=0.1350, acc(pseudo)=95.10%
2026-02-08 19:33:27,534 - INFO: Round 7, Face Fine-tune Epoch 2: acc(valid_pseudo): 0.9982, acc: 0.8393
2026-02-08 19:33:29,463 - INFO: Epoch: [3][  0/582]	Time  0.584 ( 0.584)	Loss 1.2165e-01 (1.2165e-01)	Acc pseudo  96.88 ( 96.88)	Lr 1.000e-03 (1.000e-03)
2026-02-08 19:33:34,107 - INFO: Epoch: [3][ 50/582]	Time  0.038 ( 0.045)	Loss 8.5944e-02 (1.1002e-01)	Acc pseudo  96.88 ( 95.31)	Lr 1.000e-03 (1.000e-03)
2026-02-08 19:33:38,752 - INFO: Epoch: [3][100/582]	Time  0.027 ( 0.038)	Loss 3.7258e-02 (1.1749e-01)	Acc pseudo 100.00 ( 95.45)	Lr 1.000e-03 (1.000e-03)
2026-02-08 19:33:43,399 - INFO: Epoch: [3][150/582]	Time  0.027 ( 0.035)	Loss 1.1105e-01 (1.2232e-01)	Acc pseudo  96.88 ( 95.38)	Lr 1.000e-03 (1.000e-03)
2026-02-08 19:33:48,048 - INFO: Epoch: [3][200/582]	Time  0.027 ( 0.033)	Loss 1.1990e-01 (1.1766e-01)	Acc pseudo  95.31 ( 95.42)	Lr 1.000e-03 (1.000e-03)
2026-02-08 19:33:52,706 - INFO: Epoch: [3][250/582]	Time  0.026 ( 0.032)	Loss 7.5510e-02 (1.2250e-01)	Acc pseudo 100.00 ( 95.47)	Lr 1.000e-03 (1.000e-03)
2026-02-08 19:33:57,390 - INFO: Epoch: [3][300/582]	Time  0.029 ( 0.031)	Loss 3.8904e-02 (1.2351e-01)	Acc pseudo 100.00 ( 95.51)	Lr 1.000e-03 (1.000e-03)
2026-02-08 19:34:02,042 - INFO: Epoch: [3][350/582]	Time  0.028 ( 0.031)	Loss 1.5914e-01 (1.2213e-01)	Acc pseudo  96.88 ( 95.51)	Lr 1.000e-03 (1.000e-03)
2026-02-08 19:34:06,695 - INFO: Epoch: [3][400/582]	Time  0.027 ( 0.030)	Loss 6.8653e-02 (1.1919e-01)	Acc pseudo  93.75 ( 95.54)	Lr 1.000e-03 (1.000e-03)
2026-02-08 19:34:11,348 - INFO: Epoch: [3][450/582]	Time  0.027 ( 0.030)	Loss 1.5984e-01 (1.1980e-01)	Acc pseudo  92.19 ( 95.51)	Lr 1.000e-03 (1.000e-03)
2026-02-08 19:34:16,004 - INFO: Epoch: [3][500/582]	Time  0.027 ( 0.030)	Loss 2.5838e-01 (1.2087e-01)	Acc pseudo  89.06 ( 95.49)	Lr 1.000e-03 (1.000e-03)
2026-02-08 19:34:20,657 - INFO: Epoch: [3][550/582]	Time  0.028 ( 0.030)	Loss 7.8950e-02 (1.2114e-01)	Acc pseudo  96.88 ( 95.49)	Lr 1.000e-03 (1.000e-03)
2026-02-08 19:34:23,552 - INFO: Round 7, Face Fine-tune Epoch 3: loss=0.1206, acc(pseudo)=95.51%
2026-02-08 19:35:21,170 - INFO: Round 7, Face Fine-tune Epoch 3: acc(valid_pseudo): 0.9972, acc: 0.8384
2026-02-08 19:35:21,170 - INFO: Round 7, Face Fine-tune Epoch 3: No improvement. Patience(epoch): 1/3
2026-02-08 19:35:21,943 - INFO: Epoch: [4][  0/582]	Time  0.732 ( 0.732)	Loss 1.2926e-01 (1.2926e-01)	Acc pseudo  92.19 ( 92.19)	Lr 1.000e-03 (1.000e-03)
2026-02-08 19:35:26,607 - INFO: Epoch: [4][ 50/582]	Time  0.027 ( 0.043)	Loss 2.7463e-01 (1.2102e-01)	Acc pseudo  93.75 ( 95.59)	Lr 1.000e-03 (1.000e-03)
2026-02-08 19:35:31,250 - INFO: Epoch: [4][100/582]	Time  0.029 ( 0.035)	Loss 5.9783e-02 (1.1429e-01)	Acc pseudo  98.44 ( 95.59)	Lr 1.000e-03 (1.000e-03)
2026-02-08 19:35:35,894 - INFO: Epoch: [4][150/582]	Time  0.027 ( 0.033)	Loss 4.3851e-02 (1.1275e-01)	Acc pseudo  98.44 ( 95.69)	Lr 1.000e-03 (1.000e-03)
2026-02-08 19:35:40,542 - INFO: Epoch: [4][200/582]	Time  0.027 ( 0.031)	Loss 1.7952e-01 (1.1824e-01)	Acc pseudo  95.31 ( 95.48)	Lr 1.000e-03 (1.000e-03)
2026-02-08 19:35:45,189 - INFO: Epoch: [4][250/582]	Time  0.027 ( 0.031)	Loss 1.8557e-01 (1.1912e-01)	Acc pseudo  92.19 ( 95.59)	Lr 1.000e-03 (1.000e-03)
2026-02-08 19:35:49,839 - INFO: Epoch: [4][300/582]	Time  0.027 ( 0.030)	Loss 7.4713e-02 (1.1668e-01)	Acc pseudo  93.75 ( 95.62)	Lr 1.000e-03 (1.000e-03)
2026-02-08 19:35:54,490 - INFO: Epoch: [4][350/582]	Time  0.027 ( 0.030)	Loss 7.2608e-02 (1.1774e-01)	Acc pseudo  98.44 ( 95.59)	Lr 1.000e-03 (1.000e-03)
2026-02-08 19:35:59,140 - INFO: Epoch: [4][400/582]	Time  0.027 ( 0.029)	Loss 2.5228e-01 (1.1814e-01)	Acc pseudo  93.75 ( 95.59)	Lr 1.000e-03 (1.000e-03)
2026-02-08 19:36:03,792 - INFO: Epoch: [4][450/582]	Time  0.025 ( 0.029)	Loss 2.6631e-02 (1.1985e-01)	Acc pseudo 100.00 ( 95.52)	Lr 1.000e-03 (1.000e-03)
2026-02-08 19:36:08,447 - INFO: Epoch: [4][500/582]	Time  0.027 ( 0.029)	Loss 6.0696e-02 (1.2091e-01)	Acc pseudo  98.44 ( 95.43)	Lr 1.000e-03 (1.000e-03)
2026-02-08 19:36:13,100 - INFO: Epoch: [4][550/582]	Time  0.029 ( 0.029)	Loss 7.5926e-02 (1.2206e-01)	Acc pseudo  98.44 ( 95.39)	Lr 1.000e-03 (1.000e-03)
2026-02-08 19:36:15,993 - INFO: Round 7, Face Fine-tune Epoch 4: loss=0.1229, acc(pseudo)=95.39%
2026-02-08 19:37:12,724 - INFO: Round 7, Face Fine-tune Epoch 4: acc(valid_pseudo): 0.9978, acc: 0.8384
2026-02-08 19:37:12,724 - INFO: Round 7, Face Fine-tune Epoch 4: No improvement. Patience(epoch): 2/3
2026-02-08 19:37:13,337 - INFO: Epoch: [5][  0/582]	Time  0.570 ( 0.570)	Loss 1.4648e-01 (1.4648e-01)	Acc pseudo  96.88 ( 96.88)	Lr 1.000e-03 (1.000e-03)
2026-02-08 19:37:17,979 - INFO: Epoch: [5][ 50/582]	Time  0.027 ( 0.039)	Loss 5.9862e-02 (9.9739e-02)	Acc pseudo  95.31 ( 96.05)	Lr 1.000e-03 (1.000e-03)
2026-02-08 19:37:22,621 - INFO: Epoch: [5][100/582]	Time  0.027 ( 0.033)	Loss 1.4695e-01 (1.0722e-01)	Acc pseudo  90.62 ( 95.56)	Lr 1.000e-03 (1.000e-03)
2026-02-08 19:37:27,264 - INFO: Epoch: [5][150/582]	Time  0.026 ( 0.031)	Loss 3.8387e-02 (1.1144e-01)	Acc pseudo  98.44 ( 95.49)	Lr 1.000e-03 (1.000e-03)
2026-02-08 19:37:31,913 - INFO: Epoch: [5][200/582]	Time  0.027 ( 0.030)	Loss 1.1007e-01 (1.0832e-01)	Acc pseudo  92.19 ( 95.65)	Lr 1.000e-03 (1.000e-03)
2026-02-08 19:37:36,614 - INFO: Epoch: [5][250/582]	Time  0.026 ( 0.030)	Loss 2.4379e-01 (1.1287e-01)	Acc pseudo  93.75 ( 95.65)	Lr 1.000e-03 (1.000e-03)
2026-02-08 19:37:41,264 - INFO: Epoch: [5][300/582]	Time  0.027 ( 0.029)	Loss 1.1167e-01 (1.1544e-01)	Acc pseudo  96.88 ( 95.58)	Lr 1.000e-03 (1.000e-03)
2026-02-08 19:37:45,912 - INFO: Epoch: [5][350/582]	Time  0.027 ( 0.029)	Loss 6.0432e-02 (1.1676e-01)	Acc pseudo  95.31 ( 95.56)	Lr 1.000e-03 (1.000e-03)
2026-02-08 19:37:50,560 - INFO: Epoch: [5][400/582]	Time  0.027 ( 0.029)	Loss 3.9323e-02 (1.1567e-01)	Acc pseudo  98.44 ( 95.57)	Lr 1.000e-03 (1.000e-03)
2026-02-08 19:37:55,210 - INFO: Epoch: [5][450/582]	Time  0.027 ( 0.029)	Loss 5.0460e-02 (1.1598e-01)	Acc pseudo  96.88 ( 95.52)	Lr 1.000e-03 (1.000e-03)
2026-02-08 19:37:59,859 - INFO: Epoch: [5][500/582]	Time  0.026 ( 0.028)	Loss 3.3799e-02 (1.1613e-01)	Acc pseudo  98.44 ( 95.57)	Lr 1.000e-03 (1.000e-03)
2026-02-08 19:38:04,506 - INFO: Epoch: [5][550/582]	Time  0.026 ( 0.028)	Loss 5.9800e-02 (1.1583e-01)	Acc pseudo  96.88 ( 95.54)	Lr 1.000e-03 (1.000e-03)
2026-02-08 19:38:07,397 - INFO: Round 7, Face Fine-tune Epoch 5: loss=0.1171, acc(pseudo)=95.51%
2026-02-08 19:39:04,355 - INFO: Round 7, Face Fine-tune Epoch 5: acc(valid_pseudo): 0.9984, acc: 0.8393
2026-02-08 19:39:06,133 - INFO: Epoch: [6][  0/582]	Time  0.594 ( 0.594)	Loss 1.4217e-01 (1.4217e-01)	Acc pseudo  98.44 ( 98.44)	Lr 1.000e-03 (1.000e-03)
2026-02-08 19:39:10,777 - INFO: Epoch: [6][ 50/582]	Time  0.027 ( 0.044)	Loss 2.0841e-01 (1.0351e-01)	Acc pseudo  95.31 ( 95.96)	Lr 1.000e-03 (1.000e-03)
2026-02-08 19:39:15,422 - INFO: Epoch: [6][100/582]	Time  0.026 ( 0.036)	Loss 2.2346e-01 (1.0692e-01)	Acc pseudo  90.62 ( 95.88)	Lr 1.000e-03 (1.000e-03)
2026-02-08 19:39:20,068 - INFO: Epoch: [6][150/582]	Time  0.026 ( 0.032)	Loss 1.4000e-01 (1.1082e-01)	Acc pseudo  93.75 ( 95.61)	Lr 1.000e-03 (1.000e-03)
2026-02-08 19:39:24,717 - INFO: Epoch: [6][200/582]	Time  0.027 ( 0.031)	Loss 2.2085e-01 (1.0947e-01)	Acc pseudo  95.31 ( 95.62)	Lr 1.000e-03 (1.000e-03)
2026-02-08 19:39:29,369 - INFO: Epoch: [6][250/582]	Time  0.029 ( 0.030)	Loss 2.2246e-01 (1.0975e-01)	Acc pseudo  92.19 ( 95.57)	Lr 1.000e-03 (1.000e-03)
2026-02-08 19:39:34,021 - INFO: Epoch: [6][300/582]	Time  0.027 ( 0.030)	Loss 1.3717e-01 (1.0955e-01)	Acc pseudo  92.19 ( 95.55)	Lr 1.000e-03 (1.000e-03)
2026-02-08 19:39:38,673 - INFO: Epoch: [6][350/582]	Time  0.036 ( 0.030)	Loss 5.8925e-02 (1.1057e-01)	Acc pseudo  96.88 ( 95.51)	Lr 1.000e-03 (1.000e-03)
2026-02-08 19:39:43,325 - INFO: Epoch: [6][400/582]	Time  0.030 ( 0.030)	Loss 8.9637e-02 (1.1005e-01)	Acc pseudo  95.31 ( 95.59)	Lr 1.000e-03 (1.000e-03)
2026-02-08 19:39:47,980 - INFO: Epoch: [6][450/582]	Time  0.027 ( 0.030)	Loss 4.4977e-02 (1.1164e-01)	Acc pseudo 100.00 ( 95.55)	Lr 1.000e-03 (1.000e-03)
2026-02-08 19:39:52,631 - INFO: Epoch: [6][500/582]	Time  0.026 ( 0.030)	Loss 2.2418e-01 (1.1160e-01)	Acc pseudo  90.62 ( 95.55)	Lr 1.000e-03 (1.000e-03)
2026-02-08 19:39:57,283 - INFO: Epoch: [6][550/582]	Time  0.030 ( 0.029)	Loss 1.4431e-01 (1.1150e-01)	Acc pseudo  92.19 ( 95.57)	Lr 1.000e-03 (1.000e-03)
2026-02-08 19:40:00,182 - INFO: Round 7, Face Fine-tune Epoch 6: loss=0.1123, acc(pseudo)=95.56%
2026-02-08 19:40:58,467 - INFO: Round 7, Face Fine-tune Epoch 6: acc(valid_pseudo): 0.9983, acc: 0.8374
2026-02-08 19:40:58,467 - INFO: Round 7, Face Fine-tune Epoch 6: No improvement. Patience(epoch): 1/3
2026-02-08 19:40:59,102 - INFO: Epoch: [7][  0/582]	Time  0.589 ( 0.589)	Loss 8.1705e-02 (8.1705e-02)	Acc pseudo  96.88 ( 96.88)	Lr 1.000e-03 (1.000e-03)
2026-02-08 19:41:03,749 - INFO: Epoch: [7][ 50/582]	Time  0.027 ( 0.039)	Loss 6.7804e-02 (1.3835e-01)	Acc pseudo  95.31 ( 95.13)	Lr 1.000e-03 (1.000e-03)
2026-02-08 19:41:08,393 - INFO: Epoch: [7][100/582]	Time  0.027 ( 0.033)	Loss 8.4333e-02 (1.2892e-01)	Acc pseudo  95.31 ( 95.50)	Lr 1.000e-03 (1.000e-03)
2026-02-08 19:41:13,042 - INFO: Epoch: [7][150/582]	Time  0.027 ( 0.031)	Loss 2.0187e-02 (1.1980e-01)	Acc pseudo  98.44 ( 95.70)	Lr 1.000e-03 (1.000e-03)
2026-02-08 19:41:17,692 - INFO: Epoch: [7][200/582]	Time  0.027 ( 0.030)	Loss 4.6362e-02 (1.1592e-01)	Acc pseudo  98.44 ( 95.68)	Lr 1.000e-03 (1.000e-03)
2026-02-08 19:41:22,343 - INFO: Epoch: [7][250/582]	Time  0.028 ( 0.030)	Loss 6.8539e-02 (1.1885e-01)	Acc pseudo  96.88 ( 95.56)	Lr 1.000e-03 (1.000e-03)
2026-02-08 19:41:26,997 - INFO: Epoch: [7][300/582]	Time  0.027 ( 0.030)	Loss 1.5805e-01 (1.1844e-01)	Acc pseudo  93.75 ( 95.62)	Lr 1.000e-03 (1.000e-03)
2026-02-08 19:41:31,651 - INFO: Epoch: [7][350/582]	Time  0.027 ( 0.029)	Loss 9.5244e-02 (1.1769e-01)	Acc pseudo  96.88 ( 95.58)	Lr 1.000e-03 (1.000e-03)
2026-02-08 19:41:36,303 - INFO: Epoch: [7][400/582]	Time  0.028 ( 0.029)	Loss 1.5345e-01 (1.1557e-01)	Acc pseudo  93.75 ( 95.64)	Lr 1.000e-03 (1.000e-03)
2026-02-08 19:41:40,956 - INFO: Epoch: [7][450/582]	Time  0.028 ( 0.029)	Loss 2.7536e-02 (1.1576e-01)	Acc pseudo 100.00 ( 95.62)	Lr 1.000e-03 (1.000e-03)
2026-02-08 19:41:45,609 - INFO: Epoch: [7][500/582]	Time  0.028 ( 0.029)	Loss 1.9987e-01 (1.1783e-01)	Acc pseudo  89.06 ( 95.57)	Lr 1.000e-03 (1.000e-03)
2026-02-08 19:41:50,262 - INFO: Epoch: [7][550/582]	Time  0.027 ( 0.029)	Loss 1.5982e-01 (1.1902e-01)	Acc pseudo  96.88 ( 95.48)	Lr 1.000e-03 (1.000e-03)
2026-02-08 19:41:53,155 - INFO: Round 7, Face Fine-tune Epoch 7: loss=0.1189, acc(pseudo)=95.48%
2026-02-08 19:42:49,678 - INFO: Round 7, Face Fine-tune Epoch 7: acc(valid_pseudo): 0.9974, acc: 0.8384
2026-02-08 19:42:49,679 - INFO: Round 7, Face Fine-tune Epoch 7: No improvement. Patience(epoch): 2/3
2026-02-08 19:42:50,301 - INFO: Epoch: [8][  0/582]	Time  0.578 ( 0.578)	Loss 5.9836e-02 (5.9836e-02)	Acc pseudo  98.44 ( 98.44)	Lr 1.000e-03 (1.000e-03)
2026-02-08 19:42:54,948 - INFO: Epoch: [8][ 50/582]	Time  0.038 ( 0.042)	Loss 5.5788e-02 (1.1584e-01)	Acc pseudo  96.88 ( 95.47)	Lr 1.000e-03 (1.000e-03)
2026-02-08 19:42:59,596 - INFO: Epoch: [8][100/582]	Time  0.032 ( 0.035)	Loss 8.3672e-02 (1.1195e-01)	Acc pseudo  92.19 ( 95.68)	Lr 1.000e-03 (1.000e-03)
2026-02-08 19:43:04,304 - INFO: Epoch: [8][150/582]	Time  0.025 ( 0.033)	Loss 1.2994e-01 (1.1695e-01)	Acc pseudo  92.19 ( 95.47)	Lr 1.000e-03 (1.000e-03)
2026-02-08 19:43:08,957 - INFO: Epoch: [8][200/582]	Time  0.027 ( 0.032)	Loss 1.0661e-01 (1.2095e-01)	Acc pseudo  95.31 ( 95.34)	Lr 1.000e-03 (1.000e-03)
2026-02-08 19:43:13,611 - INFO: Epoch: [8][250/582]	Time  0.028 ( 0.031)	Loss 2.0428e-01 (1.2020e-01)	Acc pseudo  93.75 ( 95.39)	Lr 1.000e-03 (1.000e-03)
2026-02-08 19:43:18,267 - INFO: Epoch: [8][300/582]	Time  0.027 ( 0.031)	Loss 4.5962e-02 (1.2038e-01)	Acc pseudo 100.00 ( 95.41)	Lr 1.000e-03 (1.000e-03)
2026-02-08 19:43:22,921 - INFO: Epoch: [8][350/582]	Time  0.027 ( 0.030)	Loss 5.9115e-02 (1.1758e-01)	Acc pseudo 100.00 ( 95.57)	Lr 1.000e-03 (1.000e-03)
2026-02-08 19:43:27,576 - INFO: Epoch: [8][400/582]	Time  0.028 ( 0.030)	Loss 3.5185e-02 (1.1743e-01)	Acc pseudo  98.44 ( 95.62)	Lr 1.000e-03 (1.000e-03)
2026-02-08 19:43:32,230 - INFO: Epoch: [8][450/582]	Time  0.026 ( 0.030)	Loss 5.4689e-02 (1.1584e-01)	Acc pseudo  96.88 ( 95.62)	Lr 1.000e-03 (1.000e-03)
2026-02-08 19:43:36,885 - INFO: Epoch: [8][500/582]	Time  0.039 ( 0.030)	Loss 5.7843e-02 (1.1586e-01)	Acc pseudo  98.44 ( 95.63)	Lr 1.000e-03 (1.000e-03)
2026-02-08 19:43:41,542 - INFO: Epoch: [8][550/582]	Time  0.027 ( 0.030)	Loss 2.6817e-02 (1.1427e-01)	Acc pseudo  98.44 ( 95.66)	Lr 1.000e-03 (1.000e-03)
2026-02-08 19:43:44,442 - INFO: Round 7, Face Fine-tune Epoch 8: loss=0.1140, acc(pseudo)=95.66%
2026-02-08 19:44:42,015 - INFO: Round 7, Face Fine-tune Epoch 8: acc(valid_pseudo): 0.9994, acc: 0.8403
2026-02-08 19:44:43,779 - INFO: Epoch: [9][  0/582]	Time  0.598 ( 0.598)	Loss 5.1252e-02 (5.1252e-02)	Acc pseudo  96.88 ( 96.88)	Lr 1.000e-03 (1.000e-03)
2026-02-08 19:44:48,431 - INFO: Epoch: [9][ 50/582]	Time  0.027 ( 0.039)	Loss 1.1432e-01 (9.9317e-02)	Acc pseudo  95.31 ( 95.96)	Lr 1.000e-03 (1.000e-03)
2026-02-08 19:44:53,080 - INFO: Epoch: [9][100/582]	Time  0.027 ( 0.034)	Loss 2.2957e-01 (1.1146e-01)	Acc pseudo  89.06 ( 95.61)	Lr 1.000e-03 (1.000e-03)
2026-02-08 19:44:57,733 - INFO: Epoch: [9][150/582]	Time  0.026 ( 0.032)	Loss 2.6560e-02 (1.1423e-01)	Acc pseudo 100.00 ( 95.59)	Lr 1.000e-03 (1.000e-03)
2026-02-08 19:45:02,386 - INFO: Epoch: [9][200/582]	Time  0.028 ( 0.031)	Loss 7.6390e-02 (1.1299e-01)	Acc pseudo  98.44 ( 95.69)	Lr 1.000e-03 (1.000e-03)
2026-02-08 19:45:07,042 - INFO: Epoch: [9][250/582]	Time  0.028 ( 0.031)	Loss 4.2524e-02 (1.1493e-01)	Acc pseudo  96.88 ( 95.46)	Lr 1.000e-03 (1.000e-03)
2026-02-08 19:45:11,695 - INFO: Epoch: [9][300/582]	Time  0.028 ( 0.031)	Loss 3.1491e-01 (1.1686e-01)	Acc pseudo  93.75 ( 95.44)	Lr 1.000e-03 (1.000e-03)
2026-02-08 19:45:16,349 - INFO: Epoch: [9][350/582]	Time  0.026 ( 0.030)	Loss 9.3932e-02 (1.1589e-01)	Acc pseudo  95.31 ( 95.41)	Lr 1.000e-03 (1.000e-03)
2026-02-08 19:45:21,026 - INFO: Epoch: [9][400/582]	Time  0.029 ( 0.030)	Loss 2.1347e-01 (1.1869e-01)	Acc pseudo  90.62 ( 95.36)	Lr 1.000e-03 (1.000e-03)
2026-02-08 19:45:25,680 - INFO: Epoch: [9][450/582]	Time  0.031 ( 0.029)	Loss 3.9221e-02 (1.1939e-01)	Acc pseudo  96.88 ( 95.34)	Lr 1.000e-03 (1.000e-03)
2026-02-08 19:45:30,339 - INFO: Epoch: [9][500/582]	Time  0.035 ( 0.030)	Loss 1.9050e-01 (1.2024e-01)	Acc pseudo  95.31 ( 95.29)	Lr 1.000e-03 (1.000e-03)
2026-02-08 19:45:34,993 - INFO: Epoch: [9][550/582]	Time  0.027 ( 0.030)	Loss 1.5335e-01 (1.2109e-01)	Acc pseudo  96.88 ( 95.24)	Lr 1.000e-03 (1.000e-03)
2026-02-08 19:45:37,889 - INFO: Round 7, Face Fine-tune Epoch 9: loss=0.1211, acc(pseudo)=95.22%
2026-02-08 19:46:34,752 - INFO: Round 7, Face Fine-tune Epoch 9: acc(valid_pseudo): 0.9986, acc: 0.8393
2026-02-08 19:46:34,752 - INFO: Round 7, Face Fine-tune Epoch 9: No improvement. Patience(epoch): 1/3
2026-02-08 19:46:35,369 - INFO: Epoch: [10][  0/582]	Time  0.579 ( 0.579)	Loss 3.2873e-01 (3.2873e-01)	Acc pseudo  95.31 ( 95.31)	Lr 1.000e-03 (1.000e-03)
2026-02-08 19:46:40,009 - INFO: Epoch: [10][ 50/582]	Time  0.031 ( 0.040)	Loss 2.7882e-01 (1.3621e-01)	Acc pseudo  92.19 ( 95.10)	Lr 1.000e-03 (1.000e-03)
2026-02-08 19:46:44,656 - INFO: Epoch: [10][100/582]	Time  0.028 ( 0.035)	Loss 4.6138e-02 (1.3156e-01)	Acc pseudo  96.88 ( 95.10)	Lr 1.000e-03 (1.000e-03)
2026-02-08 19:46:49,307 - INFO: Epoch: [10][150/582]	Time  0.028 ( 0.033)	Loss 5.6814e-02 (1.2887e-01)	Acc pseudo  98.44 ( 95.17)	Lr 1.000e-03 (1.000e-03)
2026-02-08 19:46:53,957 - INFO: Epoch: [10][200/582]	Time  0.028 ( 0.032)	Loss 7.2895e-02 (1.2748e-01)	Acc pseudo  96.88 ( 95.20)	Lr 1.000e-03 (1.000e-03)
2026-02-08 19:46:58,610 - INFO: Epoch: [10][250/582]	Time  0.026 ( 0.031)	Loss 1.5074e-01 (1.2563e-01)	Acc pseudo  92.19 ( 95.27)	Lr 1.000e-03 (1.000e-03)
2026-02-08 19:47:03,266 - INFO: Epoch: [10][300/582]	Time  0.028 ( 0.031)	Loss 1.2195e-01 (1.2455e-01)	Acc pseudo  93.75 ( 95.30)	Lr 1.000e-03 (1.000e-03)
2026-02-08 19:47:07,920 - INFO: Epoch: [10][350/582]	Time  0.029 ( 0.030)	Loss 1.8604e-01 (1.2415e-01)	Acc pseudo  93.75 ( 95.30)	Lr 1.000e-03 (1.000e-03)
2026-02-08 19:47:12,574 - INFO: Epoch: [10][400/582]	Time  0.028 ( 0.030)	Loss 2.6579e-01 (1.2433e-01)	Acc pseudo  93.75 ( 95.29)	Lr 1.000e-03 (1.000e-03)
2026-02-08 19:47:17,230 - INFO: Epoch: [10][450/582]	Time  0.028 ( 0.030)	Loss 3.5805e-02 (1.2169e-01)	Acc pseudo 100.00 ( 95.39)	Lr 1.000e-03 (1.000e-03)
2026-02-08 19:47:21,884 - INFO: Epoch: [10][500/582]	Time  0.027 ( 0.030)	Loss 1.5438e-01 (1.2149e-01)	Acc pseudo  92.19 ( 95.36)	Lr 1.000e-03 (1.000e-03)
2026-02-08 19:47:26,538 - INFO: Epoch: [10][550/582]	Time  0.029 ( 0.030)	Loss 6.9811e-02 (1.2268e-01)	Acc pseudo  93.75 ( 95.30)	Lr 1.000e-03 (1.000e-03)
2026-02-08 19:47:29,435 - INFO: Round 7, Face Fine-tune Epoch 10: loss=0.1226, acc(pseudo)=95.31%
2026-02-08 19:48:26,962 - INFO: Round 7, Face Fine-tune Epoch 10: acc(valid_pseudo): 0.9991, acc: 0.8393
2026-02-08 19:48:26,963 - INFO: Round 7, Face Fine-tune Epoch 10: No improvement. Patience(epoch): 2/3
2026-02-08 19:48:27,596 - INFO: Epoch: [11][  0/582]	Time  0.592 ( 0.592)	Loss 3.3512e-02 (3.3512e-02)	Acc pseudo 100.00 (100.00)	Lr 1.000e-03 (1.000e-03)
2026-02-08 19:48:32,238 - INFO: Epoch: [11][ 50/582]	Time  0.031 ( 0.039)	Loss 1.1921e-01 (1.2607e-01)	Acc pseudo  93.75 ( 95.37)	Lr 1.000e-03 (1.000e-03)
2026-02-08 19:48:36,882 - INFO: Epoch: [11][100/582]	Time  0.027 ( 0.034)	Loss 1.2084e-01 (1.1205e-01)	Acc pseudo  92.19 ( 95.87)	Lr 1.000e-03 (1.000e-03)
2026-02-08 19:48:41,531 - INFO: Epoch: [11][150/582]	Time  0.040 ( 0.032)	Loss 8.5382e-02 (1.1172e-01)	Acc pseudo  98.44 ( 96.03)	Lr 1.000e-03 (1.000e-03)
2026-02-08 19:48:46,181 - INFO: Epoch: [11][200/582]	Time  0.026 ( 0.031)	Loss 7.4840e-02 (1.1107e-01)	Acc pseudo  98.44 ( 95.84)	Lr 1.000e-03 (1.000e-03)
2026-02-08 19:48:50,833 - INFO: Epoch: [11][250/582]	Time  0.027 ( 0.030)	Loss 8.1565e-02 (1.1751e-01)	Acc pseudo  95.31 ( 95.61)	Lr 1.000e-03 (1.000e-03)
2026-02-08 19:48:55,482 - INFO: Epoch: [11][300/582]	Time  0.027 ( 0.030)	Loss 7.7814e-02 (1.1683e-01)	Acc pseudo  95.31 ( 95.60)	Lr 1.000e-03 (1.000e-03)
2026-02-08 19:49:00,133 - INFO: Epoch: [11][350/582]	Time  0.027 ( 0.029)	Loss 5.1449e-02 (1.1613e-01)	Acc pseudo  98.44 ( 95.58)	Lr 1.000e-03 (1.000e-03)
2026-02-08 19:49:04,783 - INFO: Epoch: [11][400/582]	Time  0.039 ( 0.029)	Loss 1.2340e-01 (1.1394e-01)	Acc pseudo  89.06 ( 95.60)	Lr 1.000e-03 (1.000e-03)
2026-02-08 19:49:09,438 - INFO: Epoch: [11][450/582]	Time  0.027 ( 0.029)	Loss 1.2618e-01 (1.1559e-01)	Acc pseudo  93.75 ( 95.53)	Lr 1.000e-03 (1.000e-03)
2026-02-08 19:49:14,089 - INFO: Epoch: [11][500/582]	Time  0.027 ( 0.029)	Loss 1.5284e-01 (1.1608e-01)	Acc pseudo  95.31 ( 95.51)	Lr 1.000e-03 (1.000e-03)
2026-02-08 19:49:18,741 - INFO: Epoch: [11][550/582]	Time  0.027 ( 0.029)	Loss 1.7971e-01 (1.1827e-01)	Acc pseudo  92.19 ( 95.46)	Lr 1.000e-03 (1.000e-03)
2026-02-08 19:49:21,635 - INFO: Round 7, Face Fine-tune Epoch 11: loss=0.1179, acc(pseudo)=95.49%
2026-02-08 19:50:18,774 - INFO: Round 7, Face Fine-tune Epoch 11: acc(valid_pseudo): 0.9993, acc: 0.8403
2026-02-08 19:50:18,776 - INFO: Round 7, Face Fine-tune Epoch 11: No improvement. Patience(epoch): 3/3
2026-02-08 19:50:18,776 - INFO: Early stopping at face epoch 11
2026-02-08 19:50:18,777 - INFO: Round 7: Best face fine-tuned epoch=8, acc(valid_pseudo)=0.9994
2026-02-08 19:50:46,293 - INFO: Round 7: speaker_acc=0.7395
2026-02-08 19:50:46,296 - INFO: Round 7: face_acc=0.8403
2026-02-08 19:50:46,298 - INFO: ====================
2026-02-08 19:50:46,298 - INFO: Round 8: Fine-tuning iteration
2026-02-08 19:50:46,298 - INFO: ====================
2026-02-08 19:50:46,455 - INFO: Round 8 Part 1: Fine-tuning embedding model
2026-02-08 19:50:46,456 - INFO: Using pseudo-label file: runs/I love my family/exp_video/result/self_supervised/baseline_joint/exp0/round7/pseudo_label/pseudo_labels_audio_baseline_joint.json
2026-02-08 19:50:46,483 - INFO: For training, Using face pseudo-label file: runs/I love my family/exp_video/result/self_supervised/baseline_joint/exp0/round7/pseudo_label/pseudo_labels_faces_mid_frame_train_baseline_joint.json
2026-02-08 19:50:46,483 - INFO: For infering, Using face pseudo-label file: runs/I love my family/exp_video/result/self_supervised/baseline_joint/exp0/round7/pseudo_label/pseudo_labels_faces_mid_frame_all_baseline_joint.json
2026-02-08 19:50:46,614 - INFO: Created face dataloader with 37219 samples
2026-02-08 19:50:46,618 - INFO: Warmup training speaker classifier for 2 epochs...
2026-02-08 19:50:46,889 - INFO: Epoch: [0][  0/301]	Time  0.267 ( 0.267)	Loss 2.3007e+00 (2.3007e+00)	Acc pseudo  10.94 ( 10.94)	Lr 1.000e-03 (1.000e-03)
2026-02-08 19:50:47,148 - INFO: Epoch: [0][ 50/301]	Time  0.004 ( 0.010)	Loss 3.5894e-01 (7.4680e-01)	Acc pseudo  95.31 ( 83.27)	Lr 1.000e-03 (1.000e-03)
2026-02-08 19:50:47,298 - INFO: Epoch: [0][100/301]	Time  0.004 ( 0.007)	Loss 1.8652e-01 (5.2204e-01)	Acc pseudo  92.19 ( 87.41)	Lr 1.000e-03 (1.000e-03)
2026-02-08 19:50:47,432 - INFO: Epoch: [0][150/301]	Time  0.002 ( 0.005)	Loss 3.4465e-01 (4.2809e-01)	Acc pseudo  89.06 ( 89.19)	Lr 1.000e-03 (1.000e-03)
2026-02-08 19:50:47,558 - INFO: Epoch: [0][200/301]	Time  0.002 ( 0.005)	Loss 3.7323e-01 (3.8030e-01)	Acc pseudo  87.50 ( 89.99)	Lr 1.000e-03 (1.000e-03)
2026-02-08 19:50:47,683 - INFO: Epoch: [0][250/301]	Time  0.003 ( 0.004)	Loss 8.7897e-02 (3.4937e-01)	Acc pseudo  98.44 ( 90.45)	Lr 1.000e-03 (1.000e-03)
2026-02-08 19:50:47,803 - INFO: Epoch: [0][300/301]	Time  0.002 ( 0.004)	Loss 4.9631e-01 (3.2683e-01)	Acc pseudo  84.00 ( 90.85)	Lr 1.000e-03 (1.000e-03)
2026-02-08 19:50:47,841 - INFO: Round 8, Speaker Warmup Epoch 0: loss=0.3268, acc(pseudo)=90.85%
2026-02-08 19:50:48,109 - INFO: Epoch: [1][  0/301]	Time  0.263 ( 0.263)	Loss 1.7376e-01 (1.7376e-01)	Acc pseudo  93.75 ( 93.75)	Lr 1.000e-03 (1.000e-03)
2026-02-08 19:50:48,348 - INFO: Epoch: [1][ 50/301]	Time  0.002 ( 0.010)	Loss 2.0165e-01 (2.1280e-01)	Acc pseudo  92.19 ( 92.95)	Lr 1.000e-03 (1.000e-03)
2026-02-08 19:50:48,478 - INFO: Epoch: [1][100/301]	Time  0.002 ( 0.006)	Loss 1.1434e-01 (2.0839e-01)	Acc pseudo  98.44 ( 92.91)	Lr 1.000e-03 (1.000e-03)
2026-02-08 19:50:48,605 - INFO: Epoch: [1][150/301]	Time  0.003 ( 0.005)	Loss 3.4534e-01 (2.0751e-01)	Acc pseudo  89.06 ( 92.91)	Lr 1.000e-03 (1.000e-03)
2026-02-08 19:50:48,735 - INFO: Epoch: [1][200/301]	Time  0.003 ( 0.004)	Loss 1.4453e-01 (1.9947e-01)	Acc pseudo  93.75 ( 93.23)	Lr 1.000e-03 (1.000e-03)
2026-02-08 19:50:48,860 - INFO: Epoch: [1][250/301]	Time  0.002 ( 0.004)	Loss 3.5470e-01 (1.9918e-01)	Acc pseudo  89.06 ( 93.31)	Lr 1.000e-03 (1.000e-03)
2026-02-08 19:50:48,981 - INFO: Epoch: [1][300/301]	Time  0.002 ( 0.004)	Loss 1.1207e-01 (1.9856e-01)	Acc pseudo  96.00 ( 93.28)	Lr 1.000e-03 (1.000e-03)
2026-02-08 19:50:49,019 - INFO: Round 8, Speaker Warmup Epoch 1: loss=0.1986, acc(pseudo)=93.28%
2026-02-08 19:50:49,022 - INFO: Warmup training face classifier for 2 epochs...
2026-02-08 19:50:49,623 - INFO: Epoch: [0][  0/582]	Time  0.567 ( 0.567)	Loss 2.5339e+00 (2.5339e+00)	Acc pseudo  15.62 ( 15.62)	Lr 1.000e-03 (1.000e-03)
2026-02-08 19:50:54,188 - INFO: Epoch: [0][ 50/582]	Time  0.026 ( 0.038)	Loss 4.8403e-01 (1.0353e+00)	Acc pseudo  87.50 ( 82.48)	Lr 1.000e-03 (1.000e-03)
2026-02-08 19:50:58,754 - INFO: Epoch: [0][100/582]	Time  0.027 ( 0.032)	Loss 2.0003e-01 (6.9573e-01)	Acc pseudo  95.31 ( 87.95)	Lr 1.000e-03 (1.000e-03)
2026-02-08 19:51:03,328 - INFO: Epoch: [0][150/582]	Time  0.029 ( 0.030)	Loss 2.3222e-01 (5.5281e-01)	Acc pseudo  92.19 ( 89.99)	Lr 1.000e-03 (1.000e-03)
2026-02-08 19:51:07,907 - INFO: Epoch: [0][200/582]	Time  0.029 ( 0.030)	Loss 1.3592e-01 (4.6343e-01)	Acc pseudo  96.88 ( 91.29)	Lr 1.000e-03 (1.000e-03)
2026-02-08 19:51:12,488 - INFO: Epoch: [0][250/582]	Time  0.042 ( 0.030)	Loss 2.6046e-01 (4.1292e-01)	Acc pseudo  95.31 ( 91.80)	Lr 1.000e-03 (1.000e-03)
2026-02-08 19:51:17,068 - INFO: Epoch: [0][300/582]	Time  0.026 ( 0.030)	Loss 9.0586e-02 (3.7134e-01)	Acc pseudo  96.88 ( 92.35)	Lr 1.000e-03 (1.000e-03)
2026-02-08 19:51:21,649 - INFO: Epoch: [0][350/582]	Time  0.027 ( 0.029)	Loss 6.5819e-02 (3.3967e-01)	Acc pseudo  98.44 ( 92.82)	Lr 1.000e-03 (1.000e-03)
2026-02-08 19:51:26,230 - INFO: Epoch: [0][400/582]	Time  0.026 ( 0.029)	Loss 6.7401e-02 (3.1602e-01)	Acc pseudo  96.88 ( 93.07)	Lr 1.000e-03 (1.000e-03)
2026-02-08 19:51:30,816 - INFO: Epoch: [0][450/582]	Time  0.037 ( 0.029)	Loss 1.8720e-01 (2.9708e-01)	Acc pseudo  98.44 ( 93.27)	Lr 1.000e-03 (1.000e-03)
2026-02-08 19:51:35,394 - INFO: Epoch: [0][500/582]	Time  0.040 ( 0.029)	Loss 1.1115e-01 (2.8085e-01)	Acc pseudo  95.31 ( 93.53)	Lr 1.000e-03 (1.000e-03)
2026-02-08 19:51:39,976 - INFO: Epoch: [0][550/582]	Time  0.028 ( 0.029)	Loss 2.0923e-01 (2.6860e-01)	Acc pseudo  96.88 ( 93.70)	Lr 1.000e-03 (1.000e-03)
2026-02-08 19:51:42,826 - INFO: Round 8, Face Warmup Epoch 0: loss=0.2614, acc(pseudo)=93.78%
2026-02-08 19:51:43,436 - INFO: Epoch: [1][  0/582]	Time  0.570 ( 0.570)	Loss 1.3566e-01 (1.3566e-01)	Acc pseudo  95.31 ( 95.31)	Lr 1.000e-03 (1.000e-03)
2026-02-08 19:51:48,018 - INFO: Epoch: [1][ 50/582]	Time  0.027 ( 0.041)	Loss 1.1457e-01 (1.5365e-01)	Acc pseudo  98.44 ( 95.16)	Lr 1.000e-03 (1.000e-03)
2026-02-08 19:51:52,600 - INFO: Epoch: [1][100/582]	Time  0.027 ( 0.034)	Loss 5.7107e-01 (1.3725e-01)	Acc pseudo  90.62 ( 95.44)	Lr 1.000e-03 (1.000e-03)
2026-02-08 19:51:57,182 - INFO: Epoch: [1][150/582]	Time  0.026 ( 0.032)	Loss 1.1321e-01 (1.3420e-01)	Acc pseudo  95.31 ( 95.54)	Lr 1.000e-03 (1.000e-03)
2026-02-08 19:52:01,763 - INFO: Epoch: [1][200/582]	Time  0.038 ( 0.031)	Loss 1.1979e-01 (1.3097e-01)	Acc pseudo  95.31 ( 95.55)	Lr 1.000e-03 (1.000e-03)
2026-02-08 19:52:06,345 - INFO: Epoch: [1][250/582]	Time  0.027 ( 0.030)	Loss 6.3618e-02 (1.2950e-01)	Acc pseudo  96.88 ( 95.49)	Lr 1.000e-03 (1.000e-03)
2026-02-08 19:52:10,928 - INFO: Epoch: [1][300/582]	Time  0.038 ( 0.030)	Loss 1.3398e-01 (1.3043e-01)	Acc pseudo  93.75 ( 95.62)	Lr 1.000e-03 (1.000e-03)
2026-02-08 19:52:15,512 - INFO: Epoch: [1][350/582]	Time  0.028 ( 0.030)	Loss 9.5273e-02 (1.2791e-01)	Acc pseudo  98.44 ( 95.68)	Lr 1.000e-03 (1.000e-03)
2026-02-08 19:52:20,097 - INFO: Epoch: [1][400/582]	Time  0.028 ( 0.029)	Loss 1.5363e-01 (1.2867e-01)	Acc pseudo  92.19 ( 95.68)	Lr 1.000e-03 (1.000e-03)
2026-02-08 19:52:24,680 - INFO: Epoch: [1][450/582]	Time  0.027 ( 0.029)	Loss 1.4390e-01 (1.2627e-01)	Acc pseudo  96.88 ( 95.73)	Lr 1.000e-03 (1.000e-03)
2026-02-08 19:52:29,263 - INFO: Epoch: [1][500/582]	Time  0.027 ( 0.029)	Loss 1.1351e-01 (1.2474e-01)	Acc pseudo  95.31 ( 95.75)	Lr 1.000e-03 (1.000e-03)
2026-02-08 19:52:33,847 - INFO: Epoch: [1][550/582]	Time  0.028 ( 0.029)	Loss 1.1334e-01 (1.2290e-01)	Acc pseudo  95.31 ( 95.78)	Lr 1.000e-03 (1.000e-03)
2026-02-08 19:52:36,698 - INFO: Round 8, Face Warmup Epoch 1: loss=0.1221, acc(pseudo)=95.79%
2026-02-08 19:52:36,708 - INFO: Fine-tuning speaker embedding model for 20 epochs...
2026-02-08 19:52:37,083 - INFO: Epoch: [0][  0/301]	Time  0.371 ( 0.371)	Loss 1.6806e-01 (1.6806e-01)	Acc pseudo  89.06 ( 89.06)	Lr 1.000e-03 (1.000e-03)
2026-02-08 19:52:37,352 - INFO: Epoch: [0][ 50/301]	Time  0.003 ( 0.012)	Loss 1.7578e-01 (2.0099e-01)	Acc pseudo  93.75 ( 92.68)	Lr 1.000e-03 (1.000e-03)
2026-02-08 19:52:37,513 - INFO: Epoch: [0][100/301]	Time  0.002 ( 0.008)	Loss 3.8897e-01 (2.0536e-01)	Acc pseudo  84.38 ( 92.73)	Lr 1.000e-03 (1.000e-03)
2026-02-08 19:52:37,659 - INFO: Epoch: [0][150/301]	Time  0.003 ( 0.006)	Loss 2.1599e-01 (2.1016e-01)	Acc pseudo  89.06 ( 92.52)	Lr 1.000e-03 (1.000e-03)
2026-02-08 19:52:37,801 - INFO: Epoch: [0][200/301]	Time  0.002 ( 0.005)	Loss 7.3664e-02 (1.9870e-01)	Acc pseudo  98.44 ( 92.93)	Lr 1.000e-03 (1.000e-03)
2026-02-08 19:52:37,943 - INFO: Epoch: [0][250/301]	Time  0.003 ( 0.005)	Loss 2.3194e-01 (1.9979e-01)	Acc pseudo  95.31 ( 93.06)	Lr 1.000e-03 (1.000e-03)
2026-02-08 19:52:38,082 - INFO: Epoch: [0][300/301]	Time  0.002 ( 0.004)	Loss 1.3437e-01 (1.9981e-01)	Acc pseudo  96.00 ( 93.04)	Lr 1.000e-03 (1.000e-03)
2026-02-08 19:52:38,118 - INFO: Round 8, Fine-tune Epoch 0: loss=0.1998, acc(pseudo)=93.04%
2026-02-08 19:52:44,797 - INFO: Round 8, Fine-tune Epoch 0: acc(valid_pseudo): 0.7295, acc: 0.7295
2026-02-08 19:52:45,495 - INFO: Epoch: [1][  0/301]	Time  0.270 ( 0.270)	Loss 1.3952e-01 (1.3952e-01)	Acc pseudo  92.19 ( 92.19)	Lr 1.000e-03 (1.000e-03)
2026-02-08 19:52:45,741 - INFO: Epoch: [1][ 50/301]	Time  0.003 ( 0.010)	Loss 2.9242e-01 (1.6778e-01)	Acc pseudo  90.62 ( 93.44)	Lr 1.000e-03 (1.000e-03)
2026-02-08 19:52:45,881 - INFO: Epoch: [1][100/301]	Time  0.003 ( 0.006)	Loss 1.9849e-01 (1.7950e-01)	Acc pseudo  92.19 ( 93.50)	Lr 1.000e-03 (1.000e-03)
2026-02-08 19:52:46,021 - INFO: Epoch: [1][150/301]	Time  0.003 ( 0.005)	Loss 3.7187e-01 (1.7877e-01)	Acc pseudo  90.62 ( 93.53)	Lr 1.000e-03 (1.000e-03)
2026-02-08 19:52:46,163 - INFO: Epoch: [1][200/301]	Time  0.002 ( 0.005)	Loss 2.1512e-01 (1.7910e-01)	Acc pseudo  90.62 ( 93.56)	Lr 1.000e-03 (1.000e-03)
2026-02-08 19:52:46,306 - INFO: Epoch: [1][250/301]	Time  0.003 ( 0.004)	Loss 8.6120e-02 (1.7586e-01)	Acc pseudo  96.88 ( 93.73)	Lr 1.000e-03 (1.000e-03)
2026-02-08 19:52:46,445 - INFO: Epoch: [1][300/301]	Time  0.002 ( 0.004)	Loss 3.7623e-02 (1.7772e-01)	Acc pseudo  96.00 ( 93.61)	Lr 1.000e-03 (1.000e-03)
2026-02-08 19:52:46,485 - INFO: Round 8, Fine-tune Epoch 1: loss=0.1777, acc(pseudo)=93.61%
2026-02-08 19:52:53,061 - INFO: Round 8, Fine-tune Epoch 1: acc(valid_pseudo): 0.7350, acc: 0.7350
2026-02-08 19:52:53,790 - INFO: Epoch: [2][  0/301]	Time  0.280 ( 0.280)	Loss 1.9038e-01 (1.9038e-01)	Acc pseudo  92.19 ( 92.19)	Lr 1.000e-03 (1.000e-03)
2026-02-08 19:52:54,023 - INFO: Epoch: [2][ 50/301]	Time  0.003 ( 0.010)	Loss 7.4274e-02 (1.3970e-01)	Acc pseudo  98.44 ( 94.70)	Lr 1.000e-03 (1.000e-03)
2026-02-08 19:52:54,165 - INFO: Epoch: [2][100/301]	Time  0.002 ( 0.006)	Loss 2.1066e-01 (1.5306e-01)	Acc pseudo  93.75 ( 94.48)	Lr 1.000e-03 (1.000e-03)
2026-02-08 19:52:54,306 - INFO: Epoch: [2][150/301]	Time  0.003 ( 0.005)	Loss 2.1469e-01 (1.6081e-01)	Acc pseudo  90.62 ( 94.16)	Lr 1.000e-03 (1.000e-03)
2026-02-08 19:52:54,447 - INFO: Epoch: [2][200/301]	Time  0.002 ( 0.005)	Loss 1.8373e-01 (1.6749e-01)	Acc pseudo  92.19 ( 93.97)	Lr 1.000e-03 (1.000e-03)
2026-02-08 19:52:54,590 - INFO: Epoch: [2][250/301]	Time  0.003 ( 0.004)	Loss 7.4695e-02 (1.6777e-01)	Acc pseudo  96.88 ( 94.01)	Lr 1.000e-03 (1.000e-03)
2026-02-08 19:52:54,727 - INFO: Epoch: [2][300/301]	Time  0.002 ( 0.004)	Loss 1.3444e-01 (1.7152e-01)	Acc pseudo  92.00 ( 93.92)	Lr 1.000e-03 (1.000e-03)
2026-02-08 19:52:54,763 - INFO: Round 8, Fine-tune Epoch 2: loss=0.1715, acc(pseudo)=93.92%
2026-02-08 19:53:01,624 - INFO: Round 8, Fine-tune Epoch 2: acc(valid_pseudo): 0.7335, acc: 0.7335
2026-02-08 19:53:01,624 - INFO: Round 8, Speaker Fine-tune Epoch 2: No improvement in validation accuracy. Patience(epoch): 1/3
2026-02-08 19:53:01,903 - INFO: Epoch: [3][  0/301]	Time  0.274 ( 0.274)	Loss 1.0176e-01 (1.0176e-01)	Acc pseudo  98.44 ( 98.44)	Lr 1.000e-03 (1.000e-03)
2026-02-08 19:53:02,159 - INFO: Epoch: [3][ 50/301]	Time  0.002 ( 0.010)	Loss 3.9941e-02 (1.2588e-01)	Acc pseudo 100.00 ( 95.40)	Lr 1.000e-03 (1.000e-03)
2026-02-08 19:53:02,310 - INFO: Epoch: [3][100/301]	Time  0.002 ( 0.007)	Loss 8.7250e-02 (1.4338e-01)	Acc pseudo  95.31 ( 94.65)	Lr 1.000e-03 (1.000e-03)
2026-02-08 19:53:02,455 - INFO: Epoch: [3][150/301]	Time  0.003 ( 0.005)	Loss 5.3196e-02 (1.5235e-01)	Acc pseudo  98.44 ( 94.36)	Lr 1.000e-03 (1.000e-03)
2026-02-08 19:53:02,599 - INFO: Epoch: [3][200/301]	Time  0.002 ( 0.005)	Loss 1.1075e-01 (1.5718e-01)	Acc pseudo  95.31 ( 94.20)	Lr 1.000e-03 (1.000e-03)
2026-02-08 19:53:02,745 - INFO: Epoch: [3][250/301]	Time  0.003 ( 0.004)	Loss 1.1104e-01 (1.5924e-01)	Acc pseudo  98.44 ( 94.23)	Lr 1.000e-03 (1.000e-03)
2026-02-08 19:53:02,884 - INFO: Epoch: [3][300/301]	Time  0.002 ( 0.004)	Loss 5.1531e-01 (1.6113e-01)	Acc pseudo  88.00 ( 94.21)	Lr 1.000e-03 (1.000e-03)
2026-02-08 19:53:02,922 - INFO: Round 8, Fine-tune Epoch 3: loss=0.1611, acc(pseudo)=94.21%
2026-02-08 19:53:10,134 - INFO: Round 8, Fine-tune Epoch 3: acc(valid_pseudo): 0.7160, acc: 0.7160
2026-02-08 19:53:10,134 - INFO: Round 8, Speaker Fine-tune Epoch 3: No improvement in validation accuracy. Patience(epoch): 2/3
2026-02-08 19:53:10,516 - INFO: Epoch: [4][  0/301]	Time  0.377 ( 0.377)	Loss 2.2707e-01 (2.2707e-01)	Acc pseudo  92.19 ( 92.19)	Lr 1.000e-03 (1.000e-03)
2026-02-08 19:53:10,778 - INFO: Epoch: [4][ 50/301]	Time  0.003 ( 0.012)	Loss 1.2190e-01 (1.6401e-01)	Acc pseudo  95.31 ( 93.87)	Lr 1.000e-03 (1.000e-03)
2026-02-08 19:53:10,924 - INFO: Epoch: [4][100/301]	Time  0.002 ( 0.008)	Loss 1.8091e-01 (1.5960e-01)	Acc pseudo  90.62 ( 93.89)	Lr 1.000e-03 (1.000e-03)
2026-02-08 19:53:11,076 - INFO: Epoch: [4][150/301]	Time  0.003 ( 0.006)	Loss 1.0207e-01 (1.5681e-01)	Acc pseudo  93.75 ( 93.96)	Lr 1.000e-03 (1.000e-03)
2026-02-08 19:53:11,233 - INFO: Epoch: [4][200/301]	Time  0.003 ( 0.005)	Loss 6.4346e-02 (1.5795e-01)	Acc pseudo  98.44 ( 94.05)	Lr 1.000e-03 (1.000e-03)
2026-02-08 19:53:11,390 - INFO: Epoch: [4][250/301]	Time  0.003 ( 0.005)	Loss 1.7729e-01 (1.5610e-01)	Acc pseudo  93.75 ( 94.14)	Lr 1.000e-03 (1.000e-03)
2026-02-08 19:53:11,536 - INFO: Epoch: [4][300/301]	Time  0.002 ( 0.005)	Loss 2.3107e-02 (1.5757e-01)	Acc pseudo 100.00 ( 94.15)	Lr 1.000e-03 (1.000e-03)
2026-02-08 19:53:11,575 - INFO: Round 8, Fine-tune Epoch 4: loss=0.1576, acc(pseudo)=94.15%
2026-02-08 19:53:18,603 - INFO: Round 8, Fine-tune Epoch 4: acc(valid_pseudo): 0.7395, acc: 0.7395
2026-02-08 19:53:19,339 - INFO: Epoch: [5][  0/301]	Time  0.284 ( 0.284)	Loss 1.7208e-01 (1.7208e-01)	Acc pseudo  93.75 ( 93.75)	Lr 1.000e-03 (1.000e-03)
2026-02-08 19:53:19,600 - INFO: Epoch: [5][ 50/301]	Time  0.003 ( 0.011)	Loss 9.0495e-02 (1.3422e-01)	Acc pseudo  96.88 ( 94.79)	Lr 1.000e-03 (1.000e-03)
2026-02-08 19:53:19,754 - INFO: Epoch: [5][100/301]	Time  0.002 ( 0.007)	Loss 1.3827e-02 (1.3466e-01)	Acc pseudo 100.00 ( 94.72)	Lr 1.000e-03 (1.000e-03)
2026-02-08 19:53:19,904 - INFO: Epoch: [5][150/301]	Time  0.003 ( 0.006)	Loss 1.2097e-01 (1.4386e-01)	Acc pseudo  98.44 ( 94.76)	Lr 1.000e-03 (1.000e-03)
2026-02-08 19:53:20,051 - INFO: Epoch: [5][200/301]	Time  0.003 ( 0.005)	Loss 1.1230e-01 (1.4734e-01)	Acc pseudo  93.75 ( 94.61)	Lr 1.000e-03 (1.000e-03)
2026-02-08 19:53:20,202 - INFO: Epoch: [5][250/301]	Time  0.003 ( 0.004)	Loss 2.3917e-01 (1.5180e-01)	Acc pseudo  89.06 ( 94.38)	Lr 1.000e-03 (1.000e-03)
2026-02-08 19:53:20,345 - INFO: Epoch: [5][300/301]	Time  0.002 ( 0.004)	Loss 1.5620e-01 (1.5096e-01)	Acc pseudo  96.00 ( 94.40)	Lr 1.000e-03 (1.000e-03)
2026-02-08 19:53:20,384 - INFO: Round 8, Fine-tune Epoch 5: loss=0.1510, acc(pseudo)=94.40%
2026-02-08 19:53:27,414 - INFO: Round 8, Fine-tune Epoch 5: acc(valid_pseudo): 0.7155, acc: 0.7155
2026-02-08 19:53:27,414 - INFO: Round 8, Speaker Fine-tune Epoch 5: No improvement in validation accuracy. Patience(epoch): 1/3
2026-02-08 19:53:27,690 - INFO: Epoch: [6][  0/301]	Time  0.271 ( 0.271)	Loss 2.8536e-01 (2.8536e-01)	Acc pseudo  92.19 ( 92.19)	Lr 1.000e-03 (1.000e-03)
2026-02-08 19:53:27,964 - INFO: Epoch: [6][ 50/301]	Time  0.003 ( 0.011)	Loss 8.6601e-02 (1.5688e-01)	Acc pseudo  98.44 ( 93.78)	Lr 1.000e-03 (1.000e-03)
2026-02-08 19:53:28,120 - INFO: Epoch: [6][100/301]	Time  0.002 ( 0.007)	Loss 2.2555e-01 (1.5375e-01)	Acc pseudo  89.06 ( 94.04)	Lr 1.000e-03 (1.000e-03)
2026-02-08 19:53:28,277 - INFO: Epoch: [6][150/301]	Time  0.003 ( 0.006)	Loss 2.4110e-01 (1.5058e-01)	Acc pseudo  90.62 ( 94.32)	Lr 1.000e-03 (1.000e-03)
2026-02-08 19:53:28,429 - INFO: Epoch: [6][200/301]	Time  0.002 ( 0.005)	Loss 1.2203e-01 (1.4518e-01)	Acc pseudo  93.75 ( 94.49)	Lr 1.000e-03 (1.000e-03)
2026-02-08 19:53:28,581 - INFO: Epoch: [6][250/301]	Time  0.002 ( 0.005)	Loss 2.5332e-01 (1.4989e-01)	Acc pseudo  89.06 ( 94.33)	Lr 1.000e-03 (1.000e-03)
2026-02-08 19:53:28,722 - INFO: Epoch: [6][300/301]	Time  0.002 ( 0.004)	Loss 1.9238e-01 (1.5131e-01)	Acc pseudo  88.00 ( 94.39)	Lr 1.000e-03 (1.000e-03)
2026-02-08 19:53:28,761 - INFO: Round 8, Fine-tune Epoch 6: loss=0.1513, acc(pseudo)=94.39%
2026-02-08 19:53:35,435 - INFO: Round 8, Fine-tune Epoch 6: acc(valid_pseudo): 0.7380, acc: 0.7380
2026-02-08 19:53:35,436 - INFO: Round 8, Speaker Fine-tune Epoch 6: No improvement in validation accuracy. Patience(epoch): 2/3
2026-02-08 19:53:35,793 - INFO: Epoch: [7][  0/301]	Time  0.351 ( 0.351)	Loss 1.2243e-01 (1.2243e-01)	Acc pseudo  96.88 ( 96.88)	Lr 1.000e-03 (1.000e-03)
2026-02-08 19:53:36,059 - INFO: Epoch: [7][ 50/301]	Time  0.002 ( 0.012)	Loss 2.8630e-01 (1.2410e-01)	Acc pseudo  92.19 ( 95.71)	Lr 1.000e-03 (1.000e-03)
2026-02-08 19:53:36,204 - INFO: Epoch: [7][100/301]	Time  0.002 ( 0.007)	Loss 1.0747e-01 (1.3298e-01)	Acc pseudo  93.75 ( 95.19)	Lr 1.000e-03 (1.000e-03)
2026-02-08 19:53:36,353 - INFO: Epoch: [7][150/301]	Time  0.003 ( 0.006)	Loss 5.6110e-02 (1.3466e-01)	Acc pseudo  98.44 ( 95.12)	Lr 1.000e-03 (1.000e-03)
2026-02-08 19:53:36,492 - INFO: Epoch: [7][200/301]	Time  0.002 ( 0.005)	Loss 1.5667e-01 (1.3531e-01)	Acc pseudo  90.62 ( 95.20)	Lr 1.000e-03 (1.000e-03)
2026-02-08 19:53:36,636 - INFO: Epoch: [7][250/301]	Time  0.003 ( 0.005)	Loss 1.4754e-01 (1.3444e-01)	Acc pseudo  92.19 ( 95.19)	Lr 1.000e-03 (1.000e-03)
2026-02-08 19:53:36,773 - INFO: Epoch: [7][300/301]	Time  0.002 ( 0.004)	Loss 1.2653e-01 (1.3572e-01)	Acc pseudo  96.00 ( 95.14)	Lr 1.000e-03 (1.000e-03)
2026-02-08 19:53:36,813 - INFO: Round 8, Fine-tune Epoch 7: loss=0.1357, acc(pseudo)=95.14%
2026-02-08 19:53:43,320 - INFO: Round 8, Fine-tune Epoch 7: acc(valid_pseudo): 0.7375, acc: 0.7375
2026-02-08 19:53:43,320 - INFO: Round 8, Speaker Fine-tune Epoch 7: No improvement in validation accuracy. Patience(epoch): 3/3
2026-02-08 19:53:43,320 - INFO: Early stopping at epoch 7 due to no improvement in validation accuracy for 3 epochs.
2026-02-08 19:53:43,321 - INFO: Round 8: Best speaker fine-tuned epoch=4, acc(valid_pseudo)=0.7395
2026-02-08 19:53:43,325 - INFO: Fine-tuning face embedding model for 20 epochs...
2026-02-08 19:53:44,048 - INFO: Epoch: [0][  0/582]	Time  0.671 ( 0.671)	Loss 1.6024e-02 (1.6024e-02)	Acc pseudo 100.00 (100.00)	Lr 1.000e-03 (1.000e-03)
2026-02-08 19:53:48,679 - INFO: Epoch: [0][ 50/582]	Time  0.027 ( 0.042)	Loss 1.1408e-01 (9.4568e-02)	Acc pseudo  95.31 ( 96.63)	Lr 1.000e-03 (1.000e-03)
2026-02-08 19:53:53,314 - INFO: Epoch: [0][100/582]	Time  0.026 ( 0.034)	Loss 4.4279e-02 (1.0021e-01)	Acc pseudo  98.44 ( 96.69)	Lr 1.000e-03 (1.000e-03)
2026-02-08 19:53:57,957 - INFO: Epoch: [0][150/582]	Time  0.027 ( 0.032)	Loss 1.1816e-01 (1.0038e-01)	Acc pseudo  93.75 ( 96.60)	Lr 1.000e-03 (1.000e-03)
2026-02-08 19:54:02,603 - INFO: Epoch: [0][200/582]	Time  0.027 ( 0.031)	Loss 2.4098e-02 (9.9656e-02)	Acc pseudo  98.44 ( 96.53)	Lr 1.000e-03 (1.000e-03)
2026-02-08 19:54:07,250 - INFO: Epoch: [0][250/582]	Time  0.029 ( 0.031)	Loss 1.8149e-01 (1.0210e-01)	Acc pseudo  92.19 ( 96.37)	Lr 1.000e-03 (1.000e-03)
2026-02-08 19:54:11,898 - INFO: Epoch: [0][300/582]	Time  0.027 ( 0.030)	Loss 7.4590e-02 (1.0146e-01)	Acc pseudo  95.31 ( 96.36)	Lr 1.000e-03 (1.000e-03)
2026-02-08 19:54:16,546 - INFO: Epoch: [0][350/582]	Time  0.028 ( 0.030)	Loss 2.6902e-02 (9.9631e-02)	Acc pseudo  98.44 ( 96.42)	Lr 1.000e-03 (1.000e-03)
2026-02-08 19:54:21,196 - INFO: Epoch: [0][400/582]	Time  0.027 ( 0.029)	Loss 3.0329e-02 (1.0001e-01)	Acc pseudo  98.44 ( 96.43)	Lr 1.000e-03 (1.000e-03)
2026-02-08 19:54:25,844 - INFO: Epoch: [0][450/582]	Time  0.027 ( 0.029)	Loss 1.4660e-01 (1.0167e-01)	Acc pseudo  95.31 ( 96.33)	Lr 1.000e-03 (1.000e-03)
2026-02-08 19:54:30,492 - INFO: Epoch: [0][500/582]	Time  0.028 ( 0.029)	Loss 9.5003e-02 (1.0166e-01)	Acc pseudo  95.31 ( 96.32)	Lr 1.000e-03 (1.000e-03)
2026-02-08 19:54:35,143 - INFO: Epoch: [0][550/582]	Time  0.029 ( 0.029)	Loss 1.0867e-01 (1.0312e-01)	Acc pseudo  98.44 ( 96.23)	Lr 1.000e-03 (1.000e-03)
2026-02-08 19:54:38,038 - INFO: Round 8, Face Fine-tune Epoch 0: loss=0.1037, acc(pseudo)=96.20%
2026-02-08 19:55:35,703 - INFO: Round 8, Face Fine-tune Epoch 0: acc(valid_pseudo): 0.9970, acc: 0.8403
2026-02-08 19:55:37,288 - INFO: Epoch: [1][  0/582]	Time  0.585 ( 0.585)	Loss 6.5244e-02 (6.5244e-02)	Acc pseudo  96.88 ( 96.88)	Lr 1.000e-03 (1.000e-03)
2026-02-08 19:55:41,936 - INFO: Epoch: [1][ 50/582]	Time  0.026 ( 0.039)	Loss 9.3603e-02 (1.1364e-01)	Acc pseudo  95.31 ( 95.74)	Lr 1.000e-03 (1.000e-03)
2026-02-08 19:55:46,584 - INFO: Epoch: [1][100/582]	Time  0.026 ( 0.034)	Loss 4.6807e-01 (1.0475e-01)	Acc pseudo  95.31 ( 96.12)	Lr 1.000e-03 (1.000e-03)
2026-02-08 19:55:51,230 - INFO: Epoch: [1][150/582]	Time  0.026 ( 0.032)	Loss 6.4481e-02 (1.0227e-01)	Acc pseudo  96.88 ( 96.19)	Lr 1.000e-03 (1.000e-03)
2026-02-08 19:55:55,880 - INFO: Epoch: [1][200/582]	Time  0.027 ( 0.031)	Loss 6.4440e-02 (9.9593e-02)	Acc pseudo  96.88 ( 96.18)	Lr 1.000e-03 (1.000e-03)
2026-02-08 19:56:00,530 - INFO: Epoch: [1][250/582]	Time  0.038 ( 0.030)	Loss 6.9386e-02 (9.8620e-02)	Acc pseudo  98.44 ( 96.18)	Lr 1.000e-03 (1.000e-03)
2026-02-08 19:56:05,183 - INFO: Epoch: [1][300/582]	Time  0.026 ( 0.030)	Loss 1.2491e-01 (9.8172e-02)	Acc pseudo  95.31 ( 96.22)	Lr 1.000e-03 (1.000e-03)
2026-02-08 19:56:09,836 - INFO: Epoch: [1][350/582]	Time  0.029 ( 0.030)	Loss 1.5816e-01 (9.9875e-02)	Acc pseudo  95.31 ( 96.18)	Lr 1.000e-03 (1.000e-03)
2026-02-08 19:56:14,486 - INFO: Epoch: [1][400/582]	Time  0.026 ( 0.029)	Loss 1.5099e-01 (1.0169e-01)	Acc pseudo  90.62 ( 96.17)	Lr 1.000e-03 (1.000e-03)
2026-02-08 19:56:19,136 - INFO: Epoch: [1][450/582]	Time  0.027 ( 0.029)	Loss 8.8718e-02 (1.0114e-01)	Acc pseudo  96.88 ( 96.18)	Lr 1.000e-03 (1.000e-03)
2026-02-08 19:56:23,787 - INFO: Epoch: [1][500/582]	Time  0.028 ( 0.029)	Loss 1.1912e-01 (1.0164e-01)	Acc pseudo  93.75 ( 96.19)	Lr 1.000e-03 (1.000e-03)
2026-02-08 19:56:28,440 - INFO: Epoch: [1][550/582]	Time  0.027 ( 0.029)	Loss 6.7053e-02 (1.0104e-01)	Acc pseudo  95.31 ( 96.18)	Lr 1.000e-03 (1.000e-03)
2026-02-08 19:56:31,334 - INFO: Round 8, Face Fine-tune Epoch 1: loss=0.1005, acc(pseudo)=96.16%
2026-02-08 19:57:28,858 - INFO: Round 8, Face Fine-tune Epoch 1: acc(valid_pseudo): 0.9959, acc: 0.8364
2026-02-08 19:57:28,858 - INFO: Round 8, Face Fine-tune Epoch 1: No improvement. Patience(epoch): 1/3
2026-02-08 19:57:29,956 - INFO: Epoch: [2][  0/582]	Time  1.048 ( 1.048)	Loss 2.8451e-02 (2.8451e-02)	Acc pseudo  98.44 ( 98.44)	Lr 1.000e-03 (1.000e-03)
2026-02-08 19:57:34,655 - INFO: Epoch: [2][ 50/582]	Time  0.027 ( 0.050)	Loss 8.4313e-02 (1.0522e-01)	Acc pseudo  96.88 ( 96.08)	Lr 1.000e-03 (1.000e-03)
2026-02-08 19:57:39,313 - INFO: Epoch: [2][100/582]	Time  0.027 ( 0.039)	Loss 2.1782e-01 (1.0293e-01)	Acc pseudo  95.31 ( 96.18)	Lr 1.000e-03 (1.000e-03)
2026-02-08 19:57:43,962 - INFO: Epoch: [2][150/582]	Time  0.028 ( 0.035)	Loss 9.2743e-02 (1.0210e-01)	Acc pseudo  93.75 ( 96.31)	Lr 1.000e-03 (1.000e-03)
2026-02-08 19:57:48,610 - INFO: Epoch: [2][200/582]	Time  0.028 ( 0.034)	Loss 2.3616e-02 (1.0200e-01)	Acc pseudo  98.44 ( 96.25)	Lr 1.000e-03 (1.000e-03)
2026-02-08 19:57:53,261 - INFO: Epoch: [2][250/582]	Time  0.027 ( 0.032)	Loss 4.7720e-02 (1.0529e-01)	Acc pseudo  96.88 ( 96.16)	Lr 1.000e-03 (1.000e-03)
2026-02-08 19:57:57,913 - INFO: Epoch: [2][300/582]	Time  0.028 ( 0.032)	Loss 3.1884e-01 (1.0911e-01)	Acc pseudo  92.19 ( 96.06)	Lr 1.000e-03 (1.000e-03)
2026-02-08 19:58:02,566 - INFO: Epoch: [2][350/582]	Time  0.027 ( 0.031)	Loss 8.6554e-02 (1.1151e-01)	Acc pseudo  95.31 ( 95.92)	Lr 1.000e-03 (1.000e-03)
2026-02-08 19:58:07,218 - INFO: Epoch: [2][400/582]	Time  0.027 ( 0.031)	Loss 8.4992e-02 (1.1182e-01)	Acc pseudo  93.75 ( 95.91)	Lr 1.000e-03 (1.000e-03)
2026-02-08 19:58:11,872 - INFO: Epoch: [2][450/582]	Time  0.027 ( 0.031)	Loss 9.0046e-02 (1.1159e-01)	Acc pseudo  93.75 ( 95.93)	Lr 1.000e-03 (1.000e-03)
2026-02-08 19:58:16,524 - INFO: Epoch: [2][500/582]	Time  0.026 ( 0.031)	Loss 1.1021e-01 (1.1323e-01)	Acc pseudo  90.62 ( 95.85)	Lr 1.000e-03 (1.000e-03)
2026-02-08 19:58:21,226 - INFO: Epoch: [2][550/582]	Time  0.027 ( 0.031)	Loss 1.0662e-01 (1.1359e-01)	Acc pseudo  98.44 ( 95.80)	Lr 1.000e-03 (1.000e-03)
2026-02-08 19:58:24,125 - INFO: Round 8, Face Fine-tune Epoch 2: loss=0.1139, acc(pseudo)=95.79%
2026-02-08 19:59:21,288 - INFO: Round 8, Face Fine-tune Epoch 2: acc(valid_pseudo): 0.9979, acc: 0.8384
2026-02-08 19:59:22,988 - INFO: Epoch: [3][  0/582]	Time  0.555 ( 0.555)	Loss 7.1956e-02 (7.1956e-02)	Acc pseudo  96.88 ( 96.88)	Lr 1.000e-03 (1.000e-03)
2026-02-08 19:59:27,629 - INFO: Epoch: [3][ 50/582]	Time  0.031 ( 0.042)	Loss 2.4550e-02 (1.1228e-01)	Acc pseudo  98.44 ( 95.40)	Lr 1.000e-03 (1.000e-03)
2026-02-08 19:59:32,276 - INFO: Epoch: [3][100/582]	Time  0.028 ( 0.036)	Loss 3.5029e-02 (1.0366e-01)	Acc pseudo  96.88 ( 95.70)	Lr 1.000e-03 (1.000e-03)
2026-02-08 19:59:36,926 - INFO: Epoch: [3][150/582]	Time  0.029 ( 0.033)	Loss 3.7666e-02 (1.0372e-01)	Acc pseudo  98.44 ( 95.92)	Lr 1.000e-03 (1.000e-03)
2026-02-08 19:59:41,577 - INFO: Epoch: [3][200/582]	Time  0.026 ( 0.032)	Loss 9.4149e-02 (1.0125e-01)	Acc pseudo  95.31 ( 95.95)	Lr 1.000e-03 (1.000e-03)
2026-02-08 19:59:46,226 - INFO: Epoch: [3][250/582]	Time  0.027 ( 0.031)	Loss 7.9448e-02 (1.0452e-01)	Acc pseudo  95.31 ( 95.92)	Lr 1.000e-03 (1.000e-03)
2026-02-08 19:59:50,877 - INFO: Epoch: [3][300/582]	Time  0.026 ( 0.031)	Loss 6.1787e-02 (1.0472e-01)	Acc pseudo  96.88 ( 95.91)	Lr 1.000e-03 (1.000e-03)
2026-02-08 19:59:55,528 - INFO: Epoch: [3][350/582]	Time  0.033 ( 0.030)	Loss 4.2914e-02 (1.0415e-01)	Acc pseudo  98.44 ( 95.97)	Lr 1.000e-03 (1.000e-03)
2026-02-08 20:00:00,183 - INFO: Epoch: [3][400/582]	Time  0.028 ( 0.031)	Loss 2.6284e-01 (1.0564e-01)	Acc pseudo  89.06 ( 95.98)	Lr 1.000e-03 (1.000e-03)
2026-02-08 20:00:04,834 - INFO: Epoch: [3][450/582]	Time  0.028 ( 0.030)	Loss 8.1005e-02 (1.0631e-01)	Acc pseudo  98.44 ( 95.98)	Lr 1.000e-03 (1.000e-03)
2026-02-08 20:00:09,485 - INFO: Epoch: [3][500/582]	Time  0.030 ( 0.030)	Loss 1.3244e-01 (1.0649e-01)	Acc pseudo  95.31 ( 95.96)	Lr 1.000e-03 (1.000e-03)
2026-02-08 20:00:14,313 - INFO: Epoch: [3][550/582]	Time  0.030 ( 0.030)	Loss 5.9262e-02 (1.0612e-01)	Acc pseudo  96.88 ( 95.98)	Lr 1.000e-03 (1.000e-03)
2026-02-08 20:00:17,215 - INFO: Round 8, Face Fine-tune Epoch 3: loss=0.1064, acc(pseudo)=95.98%
2026-02-08 20:01:14,823 - INFO: Round 8, Face Fine-tune Epoch 3: acc(valid_pseudo): 0.9973, acc: 0.8384
2026-02-08 20:01:14,823 - INFO: Round 8, Face Fine-tune Epoch 3: No improvement. Patience(epoch): 1/3
2026-02-08 20:01:15,479 - INFO: Epoch: [4][  0/582]	Time  0.603 ( 0.603)	Loss 8.6289e-02 (8.6289e-02)	Acc pseudo  96.88 ( 96.88)	Lr 1.000e-03 (1.000e-03)
2026-02-08 20:01:20,129 - INFO: Epoch: [4][ 50/582]	Time  0.028 ( 0.039)	Loss 4.7841e-02 (9.0283e-02)	Acc pseudo  98.44 ( 96.20)	Lr 1.000e-03 (1.000e-03)
2026-02-08 20:01:24,775 - INFO: Epoch: [4][100/582]	Time  0.026 ( 0.034)	Loss 1.8639e-01 (9.0270e-02)	Acc pseudo  95.31 ( 96.32)	Lr 1.000e-03 (1.000e-03)
2026-02-08 20:01:29,425 - INFO: Epoch: [4][150/582]	Time  0.029 ( 0.032)	Loss 1.5839e-01 (9.3406e-02)	Acc pseudo  98.44 ( 96.30)	Lr 1.000e-03 (1.000e-03)
2026-02-08 20:01:34,076 - INFO: Epoch: [4][200/582]	Time  0.026 ( 0.031)	Loss 4.3018e-02 (9.6179e-02)	Acc pseudo  98.44 ( 96.25)	Lr 1.000e-03 (1.000e-03)
2026-02-08 20:01:38,728 - INFO: Epoch: [4][250/582]	Time  0.027 ( 0.031)	Loss 5.5431e-02 (9.7356e-02)	Acc pseudo  98.44 ( 96.23)	Lr 1.000e-03 (1.000e-03)
2026-02-08 20:01:43,380 - INFO: Epoch: [4][300/582]	Time  0.027 ( 0.030)	Loss 1.4117e-01 (9.7704e-02)	Acc pseudo  95.31 ( 96.18)	Lr 1.000e-03 (1.000e-03)
2026-02-08 20:01:48,031 - INFO: Epoch: [4][350/582]	Time  0.027 ( 0.030)	Loss 6.2451e-02 (9.9262e-02)	Acc pseudo  96.88 ( 96.13)	Lr 1.000e-03 (1.000e-03)
2026-02-08 20:01:52,685 - INFO: Epoch: [4][400/582]	Time  0.027 ( 0.029)	Loss 2.7603e-01 (1.0050e-01)	Acc pseudo  92.19 ( 96.10)	Lr 1.000e-03 (1.000e-03)
2026-02-08 20:01:57,337 - INFO: Epoch: [4][450/582]	Time  0.027 ( 0.029)	Loss 1.0447e-01 (1.0348e-01)	Acc pseudo  93.75 ( 96.07)	Lr 1.000e-03 (1.000e-03)
2026-02-08 20:02:01,990 - INFO: Epoch: [4][500/582]	Time  0.028 ( 0.029)	Loss 7.1537e-02 (1.0369e-01)	Acc pseudo  96.88 ( 96.06)	Lr 1.000e-03 (1.000e-03)
2026-02-08 20:02:06,641 - INFO: Epoch: [4][550/582]	Time  0.026 ( 0.029)	Loss 2.4153e-02 (1.0317e-01)	Acc pseudo 100.00 ( 96.05)	Lr 1.000e-03 (1.000e-03)
2026-02-08 20:02:09,532 - INFO: Round 8, Face Fine-tune Epoch 4: loss=0.1042, acc(pseudo)=96.03%
2026-02-08 20:03:07,304 - INFO: Round 8, Face Fine-tune Epoch 4: acc(valid_pseudo): 0.9982, acc: 0.8403
2026-02-08 20:03:09,073 - INFO: Epoch: [5][  0/582]	Time  0.577 ( 0.577)	Loss 9.4232e-02 (9.4232e-02)	Acc pseudo  96.88 ( 96.88)	Lr 1.000e-03 (1.000e-03)
2026-02-08 20:03:13,713 - INFO: Epoch: [5][ 50/582]	Time  0.027 ( 0.038)	Loss 1.8537e-01 (1.0680e-01)	Acc pseudo  95.31 ( 95.93)	Lr 1.000e-03 (1.000e-03)
2026-02-08 20:03:18,355 - INFO: Epoch: [5][100/582]	Time  0.027 ( 0.032)	Loss 1.2861e-01 (1.0874e-01)	Acc pseudo  89.06 ( 95.81)	Lr 1.000e-03 (1.000e-03)
2026-02-08 20:03:23,004 - INFO: Epoch: [5][150/582]	Time  0.027 ( 0.031)	Loss 6.0988e-02 (1.0221e-01)	Acc pseudo  98.44 ( 95.95)	Lr 1.000e-03 (1.000e-03)
2026-02-08 20:03:27,651 - INFO: Epoch: [5][200/582]	Time  0.027 ( 0.030)	Loss 1.3252e-01 (9.9523e-02)	Acc pseudo  95.31 ( 96.09)	Lr 1.000e-03 (1.000e-03)
2026-02-08 20:03:32,298 - INFO: Epoch: [5][250/582]	Time  0.026 ( 0.030)	Loss 3.5117e-02 (1.0110e-01)	Acc pseudo  98.44 ( 96.08)	Lr 1.000e-03 (1.000e-03)
2026-02-08 20:03:36,947 - INFO: Epoch: [5][300/582]	Time  0.028 ( 0.029)	Loss 1.0192e-01 (1.0113e-01)	Acc pseudo  93.75 ( 96.05)	Lr 1.000e-03 (1.000e-03)
2026-02-08 20:03:41,596 - INFO: Epoch: [5][350/582]	Time  0.028 ( 0.029)	Loss 1.2073e-01 (1.0357e-01)	Acc pseudo  96.88 ( 96.07)	Lr 1.000e-03 (1.000e-03)
2026-02-08 20:03:46,247 - INFO: Epoch: [5][400/582]	Time  0.027 ( 0.029)	Loss 1.2848e-01 (1.0549e-01)	Acc pseudo  90.62 ( 95.97)	Lr 1.000e-03 (1.000e-03)
2026-02-08 20:03:50,898 - INFO: Epoch: [5][450/582]	Time  0.027 ( 0.029)	Loss 2.5528e-01 (1.0639e-01)	Acc pseudo  96.88 ( 95.93)	Lr 1.000e-03 (1.000e-03)
2026-02-08 20:03:55,548 - INFO: Epoch: [5][500/582]	Time  0.027 ( 0.029)	Loss 9.2936e-02 (1.0676e-01)	Acc pseudo  96.88 ( 95.93)	Lr 1.000e-03 (1.000e-03)
2026-02-08 20:04:00,198 - INFO: Epoch: [5][550/582]	Time  0.027 ( 0.028)	Loss 5.3832e-02 (1.0755e-01)	Acc pseudo  96.88 ( 95.96)	Lr 1.000e-03 (1.000e-03)
2026-02-08 20:04:03,091 - INFO: Round 8, Face Fine-tune Epoch 5: loss=0.1101, acc(pseudo)=95.89%
2026-02-08 20:05:00,106 - INFO: Round 8, Face Fine-tune Epoch 5: acc(valid_pseudo): 0.9988, acc: 0.8393
2026-02-08 20:05:01,892 - INFO: Epoch: [6][  0/582]	Time  0.621 ( 0.621)	Loss 1.5728e-02 (1.5728e-02)	Acc pseudo 100.00 (100.00)	Lr 1.000e-03 (1.000e-03)
2026-02-08 20:05:06,534 - INFO: Epoch: [6][ 50/582]	Time  0.029 ( 0.040)	Loss 4.3498e-02 (9.4943e-02)	Acc pseudo  98.44 ( 95.86)	Lr 1.000e-03 (1.000e-03)
2026-02-08 20:05:11,178 - INFO: Epoch: [6][100/582]	Time  0.027 ( 0.034)	Loss 1.0398e-01 (1.0281e-01)	Acc pseudo  95.31 ( 95.95)	Lr 1.000e-03 (1.000e-03)
2026-02-08 20:05:15,825 - INFO: Epoch: [6][150/582]	Time  0.027 ( 0.032)	Loss 1.5666e-01 (1.0713e-01)	Acc pseudo  92.19 ( 95.77)	Lr 1.000e-03 (1.000e-03)
2026-02-08 20:05:20,471 - INFO: Epoch: [6][200/582]	Time  0.027 ( 0.031)	Loss 8.2386e-02 (1.0494e-01)	Acc pseudo  98.44 ( 95.79)	Lr 1.000e-03 (1.000e-03)
2026-02-08 20:05:25,120 - INFO: Epoch: [6][250/582]	Time  0.041 ( 0.031)	Loss 2.7157e-02 (1.0573e-01)	Acc pseudo 100.00 ( 95.83)	Lr 1.000e-03 (1.000e-03)
2026-02-08 20:05:29,768 - INFO: Epoch: [6][300/582]	Time  0.027 ( 0.030)	Loss 1.7395e-02 (1.0644e-01)	Acc pseudo 100.00 ( 95.88)	Lr 1.000e-03 (1.000e-03)
2026-02-08 20:05:34,420 - INFO: Epoch: [6][350/582]	Time  0.027 ( 0.030)	Loss 3.8390e-02 (1.0784e-01)	Acc pseudo  98.44 ( 95.85)	Lr 1.000e-03 (1.000e-03)
2026-02-08 20:05:39,070 - INFO: Epoch: [6][400/582]	Time  0.027 ( 0.030)	Loss 1.1259e-01 (1.0727e-01)	Acc pseudo  90.62 ( 95.86)	Lr 1.000e-03 (1.000e-03)
2026-02-08 20:05:43,722 - INFO: Epoch: [6][450/582]	Time  0.028 ( 0.029)	Loss 6.9632e-02 (1.0741e-01)	Acc pseudo  98.44 ( 95.88)	Lr 1.000e-03 (1.000e-03)
2026-02-08 20:05:48,375 - INFO: Epoch: [6][500/582]	Time  0.028 ( 0.029)	Loss 1.4840e-01 (1.0762e-01)	Acc pseudo  95.31 ( 95.89)	Lr 1.000e-03 (1.000e-03)
2026-02-08 20:05:53,025 - INFO: Epoch: [6][550/582]	Time  0.027 ( 0.029)	Loss 5.1675e-02 (1.0893e-01)	Acc pseudo  96.88 ( 95.86)	Lr 1.000e-03 (1.000e-03)
2026-02-08 20:05:55,916 - INFO: Round 8, Face Fine-tune Epoch 6: loss=0.1081, acc(pseudo)=95.86%
2026-02-08 20:06:52,822 - INFO: Round 8, Face Fine-tune Epoch 6: acc(valid_pseudo): 0.9985, acc: 0.8403
2026-02-08 20:06:52,824 - INFO: Round 8, Face Fine-tune Epoch 6: No improvement. Patience(epoch): 1/3
2026-02-08 20:06:53,419 - INFO: Epoch: [7][  0/582]	Time  0.561 ( 0.561)	Loss 9.5799e-03 (9.5799e-03)	Acc pseudo 100.00 (100.00)	Lr 1.000e-03 (1.000e-03)
2026-02-08 20:06:58,060 - INFO: Epoch: [7][ 50/582]	Time  0.029 ( 0.039)	Loss 1.2523e-01 (1.0548e-01)	Acc pseudo  95.31 ( 96.08)	Lr 1.000e-03 (1.000e-03)
2026-02-08 20:07:02,855 - INFO: Epoch: [7][100/582]	Time  0.030 ( 0.035)	Loss 2.6064e-01 (1.0685e-01)	Acc pseudo  89.06 ( 95.92)	Lr 1.000e-03 (1.000e-03)
2026-02-08 20:07:07,505 - INFO: Epoch: [7][150/582]	Time  0.027 ( 0.034)	Loss 1.8097e-02 (1.0234e-01)	Acc pseudo  98.44 ( 96.04)	Lr 1.000e-03 (1.000e-03)
2026-02-08 20:07:12,161 - INFO: Epoch: [7][200/582]	Time  0.029 ( 0.033)	Loss 1.2122e-01 (1.0329e-01)	Acc pseudo  92.19 ( 95.97)	Lr 1.000e-03 (1.000e-03)
2026-02-08 20:07:16,815 - INFO: Epoch: [7][250/582]	Time  0.027 ( 0.032)	Loss 8.7257e-02 (1.0649e-01)	Acc pseudo  98.44 ( 95.96)	Lr 1.000e-03 (1.000e-03)
2026-02-08 20:07:21,470 - INFO: Epoch: [7][300/582]	Time  0.026 ( 0.031)	Loss 7.4353e-02 (1.0719e-01)	Acc pseudo  95.31 ( 95.98)	Lr 1.000e-03 (1.000e-03)
2026-02-08 20:07:26,124 - INFO: Epoch: [7][350/582]	Time  0.027 ( 0.031)	Loss 2.0137e-01 (1.1067e-01)	Acc pseudo  89.06 ( 95.87)	Lr 1.000e-03 (1.000e-03)
2026-02-08 20:07:30,778 - INFO: Epoch: [7][400/582]	Time  0.029 ( 0.031)	Loss 4.1441e-02 (1.1120e-01)	Acc pseudo  96.88 ( 95.80)	Lr 1.000e-03 (1.000e-03)
2026-02-08 20:07:35,433 - INFO: Epoch: [7][450/582]	Time  0.028 ( 0.030)	Loss 3.9148e-02 (1.1065e-01)	Acc pseudo  98.44 ( 95.83)	Lr 1.000e-03 (1.000e-03)
2026-02-08 20:07:40,088 - INFO: Epoch: [7][500/582]	Time  0.028 ( 0.030)	Loss 1.6819e-01 (1.1061e-01)	Acc pseudo  92.19 ( 95.82)	Lr 1.000e-03 (1.000e-03)
2026-02-08 20:07:44,824 - INFO: Epoch: [7][550/582]	Time  0.032 ( 0.030)	Loss 2.2038e-01 (1.1283e-01)	Acc pseudo  95.31 ( 95.80)	Lr 1.000e-03 (1.000e-03)
2026-02-08 20:07:47,720 - INFO: Round 8, Face Fine-tune Epoch 7: loss=0.1131, acc(pseudo)=95.80%
2026-02-08 20:08:44,510 - INFO: Round 8, Face Fine-tune Epoch 7: acc(valid_pseudo): 0.9989, acc: 0.8393
2026-02-08 20:08:46,461 - INFO: Epoch: [8][  0/582]	Time  0.588 ( 0.588)	Loss 7.4027e-02 (7.4027e-02)	Acc pseudo  95.31 ( 95.31)	Lr 1.000e-03 (1.000e-03)
2026-02-08 20:08:51,108 - INFO: Epoch: [8][ 50/582]	Time  0.029 ( 0.042)	Loss 1.4351e-01 (9.8381e-02)	Acc pseudo  92.19 ( 96.11)	Lr 1.000e-03 (1.000e-03)
2026-02-08 20:08:55,752 - INFO: Epoch: [8][100/582]	Time  0.028 ( 0.035)	Loss 8.6598e-02 (1.0196e-01)	Acc pseudo  96.88 ( 95.88)	Lr 1.000e-03 (1.000e-03)
2026-02-08 20:09:00,399 - INFO: Epoch: [8][150/582]	Time  0.027 ( 0.033)	Loss 1.2544e-01 (1.0950e-01)	Acc pseudo  95.31 ( 95.92)	Lr 1.000e-03 (1.000e-03)
2026-02-08 20:09:05,044 - INFO: Epoch: [8][200/582]	Time  0.027 ( 0.031)	Loss 1.3170e-01 (1.0762e-01)	Acc pseudo  96.88 ( 95.91)	Lr 1.000e-03 (1.000e-03)
2026-02-08 20:09:09,691 - INFO: Epoch: [8][250/582]	Time  0.027 ( 0.030)	Loss 1.0774e-01 (1.0997e-01)	Acc pseudo  96.88 ( 95.85)	Lr 1.000e-03 (1.000e-03)
2026-02-08 20:09:14,340 - INFO: Epoch: [8][300/582]	Time  0.039 ( 0.030)	Loss 3.8432e-02 (1.0988e-01)	Acc pseudo  98.44 ( 95.89)	Lr 1.000e-03 (1.000e-03)
2026-02-08 20:09:18,990 - INFO: Epoch: [8][350/582]	Time  0.027 ( 0.030)	Loss 4.0557e-02 (1.0807e-01)	Acc pseudo  96.88 ( 95.94)	Lr 1.000e-03 (1.000e-03)
2026-02-08 20:09:23,641 - INFO: Epoch: [8][400/582]	Time  0.027 ( 0.029)	Loss 1.6481e-01 (1.0877e-01)	Acc pseudo  96.88 ( 95.93)	Lr 1.000e-03 (1.000e-03)
2026-02-08 20:09:28,290 - INFO: Epoch: [8][450/582]	Time  0.027 ( 0.029)	Loss 2.2609e-01 (1.0908e-01)	Acc pseudo  95.31 ( 95.94)	Lr 1.000e-03 (1.000e-03)
2026-02-08 20:09:32,942 - INFO: Epoch: [8][500/582]	Time  0.028 ( 0.029)	Loss 1.2920e-02 (1.0854e-01)	Acc pseudo 100.00 ( 95.93)	Lr 1.000e-03 (1.000e-03)
2026-02-08 20:09:37,592 - INFO: Epoch: [8][550/582]	Time  0.027 ( 0.029)	Loss 3.1715e-02 (1.0923e-01)	Acc pseudo  98.44 ( 95.91)	Lr 1.000e-03 (1.000e-03)
2026-02-08 20:09:40,486 - INFO: Round 8, Face Fine-tune Epoch 8: loss=0.1088, acc(pseudo)=95.91%
2026-02-08 20:10:37,544 - INFO: Round 8, Face Fine-tune Epoch 8: acc(valid_pseudo): 0.9991, acc: 0.8423
2026-02-08 20:10:39,289 - INFO: Epoch: [9][  0/582]	Time  0.601 ( 0.601)	Loss 9.1026e-02 (9.1026e-02)	Acc pseudo  93.75 ( 93.75)	Lr 1.000e-03 (1.000e-03)
2026-02-08 20:10:43,936 - INFO: Epoch: [9][ 50/582]	Time  0.028 ( 0.038)	Loss 8.9399e-02 (9.3012e-02)	Acc pseudo  95.31 ( 96.05)	Lr 1.000e-03 (1.000e-03)
2026-02-08 20:10:48,580 - INFO: Epoch: [9][100/582]	Time  0.028 ( 0.033)	Loss 6.2162e-02 (9.3611e-02)	Acc pseudo  96.88 ( 96.12)	Lr 1.000e-03 (1.000e-03)
2026-02-08 20:10:53,228 - INFO: Epoch: [9][150/582]	Time  0.028 ( 0.031)	Loss 1.3931e-01 (9.5721e-02)	Acc pseudo  96.88 ( 96.18)	Lr 1.000e-03 (1.000e-03)
2026-02-08 20:10:57,879 - INFO: Epoch: [9][200/582]	Time  0.027 ( 0.030)	Loss 6.8366e-02 (9.5064e-02)	Acc pseudo  95.31 ( 96.25)	Lr 1.000e-03 (1.000e-03)
2026-02-08 20:11:02,534 - INFO: Epoch: [9][250/582]	Time  0.030 ( 0.030)	Loss 1.2612e-01 (9.5826e-02)	Acc pseudo  95.31 ( 96.20)	Lr 1.000e-03 (1.000e-03)
2026-02-08 20:11:07,189 - INFO: Epoch: [9][300/582]	Time  0.027 ( 0.030)	Loss 1.0546e-01 (9.8591e-02)	Acc pseudo  93.75 ( 96.14)	Lr 1.000e-03 (1.000e-03)
2026-02-08 20:11:11,845 - INFO: Epoch: [9][350/582]	Time  0.028 ( 0.030)	Loss 2.0808e-01 (9.6577e-02)	Acc pseudo  95.31 ( 96.19)	Lr 1.000e-03 (1.000e-03)
2026-02-08 20:11:16,499 - INFO: Epoch: [9][400/582]	Time  0.027 ( 0.029)	Loss 1.2336e-01 (9.7735e-02)	Acc pseudo  92.19 ( 96.16)	Lr 1.000e-03 (1.000e-03)
2026-02-08 20:11:21,152 - INFO: Epoch: [9][450/582]	Time  0.027 ( 0.029)	Loss 5.0064e-02 (1.0000e-01)	Acc pseudo  96.88 ( 96.09)	Lr 1.000e-03 (1.000e-03)
2026-02-08 20:11:25,806 - INFO: Epoch: [9][500/582]	Time  0.029 ( 0.029)	Loss 1.9827e-01 (1.0104e-01)	Acc pseudo  95.31 ( 96.05)	Lr 1.000e-03 (1.000e-03)
2026-02-08 20:11:30,460 - INFO: Epoch: [9][550/582]	Time  0.027 ( 0.029)	Loss 1.1884e-01 (1.0170e-01)	Acc pseudo  98.44 ( 96.05)	Lr 1.000e-03 (1.000e-03)
2026-02-08 20:11:33,355 - INFO: Round 8, Face Fine-tune Epoch 9: loss=0.1016, acc(pseudo)=96.05%
2026-02-08 20:12:30,954 - INFO: Round 8, Face Fine-tune Epoch 9: acc(valid_pseudo): 0.9989, acc: 0.8393
2026-02-08 20:12:30,954 - INFO: Round 8, Face Fine-tune Epoch 9: No improvement. Patience(epoch): 1/3
2026-02-08 20:12:31,589 - INFO: Epoch: [10][  0/582]	Time  0.585 ( 0.585)	Loss 1.8983e-01 (1.8983e-01)	Acc pseudo  93.75 ( 93.75)	Lr 1.000e-03 (1.000e-03)
2026-02-08 20:12:36,230 - INFO: Epoch: [10][ 50/582]	Time  0.028 ( 0.039)	Loss 6.0196e-02 (1.0914e-01)	Acc pseudo  98.44 ( 95.71)	Lr 1.000e-03 (1.000e-03)
2026-02-08 20:12:40,876 - INFO: Epoch: [10][100/582]	Time  0.028 ( 0.033)	Loss 1.1839e-01 (1.0582e-01)	Acc pseudo  93.75 ( 96.07)	Lr 1.000e-03 (1.000e-03)
2026-02-08 20:12:45,525 - INFO: Epoch: [10][150/582]	Time  0.030 ( 0.032)	Loss 5.1441e-02 (1.0606e-01)	Acc pseudo  98.44 ( 96.13)	Lr 1.000e-03 (1.000e-03)
2026-02-08 20:12:50,174 - INFO: Epoch: [10][200/582]	Time  0.026 ( 0.030)	Loss 8.6438e-02 (1.0442e-01)	Acc pseudo  93.75 ( 96.04)	Lr 1.000e-03 (1.000e-03)
2026-02-08 20:12:54,825 - INFO: Epoch: [10][250/582]	Time  0.028 ( 0.030)	Loss 7.0131e-02 (1.0467e-01)	Acc pseudo  96.88 ( 96.13)	Lr 1.000e-03 (1.000e-03)
2026-02-08 20:12:59,477 - INFO: Epoch: [10][300/582]	Time  0.029 ( 0.029)	Loss 5.3826e-02 (1.0516e-01)	Acc pseudo  95.31 ( 96.10)	Lr 1.000e-03 (1.000e-03)
2026-02-08 20:13:04,130 - INFO: Epoch: [10][350/582]	Time  0.028 ( 0.029)	Loss 1.7552e-01 (1.0760e-01)	Acc pseudo  93.75 ( 96.02)	Lr 1.000e-03 (1.000e-03)
2026-02-08 20:13:08,803 - INFO: Epoch: [10][400/582]	Time  0.027 ( 0.029)	Loss 1.9989e-01 (1.0928e-01)	Acc pseudo  96.88 ( 96.00)	Lr 1.000e-03 (1.000e-03)
2026-02-08 20:13:13,456 - INFO: Epoch: [10][450/582]	Time  0.028 ( 0.029)	Loss 6.4178e-02 (1.0751e-01)	Acc pseudo  96.88 ( 96.00)	Lr 1.000e-03 (1.000e-03)
2026-02-08 20:13:18,109 - INFO: Epoch: [10][500/582]	Time  0.039 ( 0.029)	Loss 1.0479e-01 (1.0731e-01)	Acc pseudo  93.75 ( 95.97)	Lr 1.000e-03 (1.000e-03)
2026-02-08 20:13:22,760 - INFO: Epoch: [10][550/582]	Time  0.027 ( 0.029)	Loss 5.1076e-02 (1.0839e-01)	Acc pseudo  96.88 ( 95.91)	Lr 1.000e-03 (1.000e-03)
2026-02-08 20:13:25,662 - INFO: Round 8, Face Fine-tune Epoch 10: loss=0.1090, acc(pseudo)=95.90%
2026-02-08 20:14:23,155 - INFO: Round 8, Face Fine-tune Epoch 10: acc(valid_pseudo): 0.9997, acc: 0.8393
2026-02-08 20:14:25,114 - INFO: Epoch: [11][  0/582]	Time  0.616 ( 0.616)	Loss 2.8099e-02 (2.8099e-02)	Acc pseudo  98.44 ( 98.44)	Lr 1.000e-03 (1.000e-03)
2026-02-08 20:14:29,760 - INFO: Epoch: [11][ 50/582]	Time  0.027 ( 0.039)	Loss 1.3993e-01 (9.8756e-02)	Acc pseudo  92.19 ( 96.08)	Lr 1.000e-03 (1.000e-03)
2026-02-08 20:14:34,401 - INFO: Epoch: [11][100/582]	Time  0.028 ( 0.033)	Loss 5.9117e-02 (9.5624e-02)	Acc pseudo  96.88 ( 96.13)	Lr 1.000e-03 (1.000e-03)
2026-02-08 20:14:39,045 - INFO: Epoch: [11][150/582]	Time  0.027 ( 0.031)	Loss 1.0617e-01 (9.6640e-02)	Acc pseudo  98.44 ( 96.22)	Lr 1.000e-03 (1.000e-03)
2026-02-08 20:14:43,697 - INFO: Epoch: [11][200/582]	Time  0.028 ( 0.030)	Loss 3.6109e-02 (9.2941e-02)	Acc pseudo  98.44 ( 96.35)	Lr 1.000e-03 (1.000e-03)
2026-02-08 20:14:48,349 - INFO: Epoch: [11][250/582]	Time  0.025 ( 0.030)	Loss 5.4801e-02 (9.8060e-02)	Acc pseudo  95.31 ( 96.25)	Lr 1.000e-03 (1.000e-03)
2026-02-08 20:14:53,002 - INFO: Epoch: [11][300/582]	Time  0.025 ( 0.029)	Loss 3.4188e-02 (9.9446e-02)	Acc pseudo  98.44 ( 96.17)	Lr 1.000e-03 (1.000e-03)
2026-02-08 20:14:57,745 - INFO: Epoch: [11][350/582]	Time  0.027 ( 0.030)	Loss 1.3486e-01 (1.0000e-01)	Acc pseudo  96.88 ( 96.13)	Lr 1.000e-03 (1.000e-03)
2026-02-08 20:15:02,399 - INFO: Epoch: [11][400/582]	Time  0.027 ( 0.029)	Loss 1.0533e-01 (9.8816e-02)	Acc pseudo  95.31 ( 96.12)	Lr 1.000e-03 (1.000e-03)
2026-02-08 20:15:07,052 - INFO: Epoch: [11][450/582]	Time  0.026 ( 0.029)	Loss 1.6174e-01 (9.7420e-02)	Acc pseudo  93.75 ( 96.18)	Lr 1.000e-03 (1.000e-03)
2026-02-08 20:15:11,704 - INFO: Epoch: [11][500/582]	Time  0.027 ( 0.029)	Loss 2.0763e-01 (9.7251e-02)	Acc pseudo  98.44 ( 96.18)	Lr 1.000e-03 (1.000e-03)
2026-02-08 20:15:16,357 - INFO: Epoch: [11][550/582]	Time  0.027 ( 0.029)	Loss 8.3313e-02 (9.8934e-02)	Acc pseudo  98.44 ( 96.15)	Lr 1.000e-03 (1.000e-03)
2026-02-08 20:15:19,253 - INFO: Round 8, Face Fine-tune Epoch 11: loss=0.0994, acc(pseudo)=96.16%
2026-02-08 20:16:16,151 - INFO: Round 8, Face Fine-tune Epoch 11: acc(valid_pseudo): 0.9988, acc: 0.8393
2026-02-08 20:16:16,151 - INFO: Round 8, Face Fine-tune Epoch 11: No improvement. Patience(epoch): 1/3
2026-02-08 20:16:16,781 - INFO: Epoch: [12][  0/582]	Time  0.603 ( 0.603)	Loss 5.5356e-02 (5.5356e-02)	Acc pseudo  98.44 ( 98.44)	Lr 1.000e-03 (1.000e-03)
2026-02-08 20:16:21,421 - INFO: Epoch: [12][ 50/582]	Time  0.029 ( 0.043)	Loss 1.0660e-01 (1.1936e-01)	Acc pseudo  95.31 ( 95.53)	Lr 1.000e-03 (1.000e-03)
2026-02-08 20:16:26,063 - INFO: Epoch: [12][100/582]	Time  0.028 ( 0.036)	Loss 9.1660e-02 (1.2247e-01)	Acc pseudo  96.88 ( 95.56)	Lr 1.000e-03 (1.000e-03)
2026-02-08 20:16:30,710 - INFO: Epoch: [12][150/582]	Time  0.027 ( 0.033)	Loss 8.4143e-03 (1.1665e-01)	Acc pseudo 100.00 ( 95.75)	Lr 1.000e-03 (1.000e-03)
2026-02-08 20:16:35,423 - INFO: Epoch: [12][200/582]	Time  0.028 ( 0.032)	Loss 7.2634e-02 (1.1864e-01)	Acc pseudo  95.31 ( 95.74)	Lr 1.000e-03 (1.000e-03)
2026-02-08 20:16:40,072 - INFO: Epoch: [12][250/582]	Time  0.040 ( 0.032)	Loss 1.0330e-01 (1.2054e-01)	Acc pseudo  93.75 ( 95.80)	Lr 1.000e-03 (1.000e-03)
2026-02-08 20:16:44,723 - INFO: Epoch: [12][300/582]	Time  0.028 ( 0.031)	Loss 3.4508e-02 (1.2455e-01)	Acc pseudo  98.44 ( 95.66)	Lr 1.000e-03 (1.000e-03)
2026-02-08 20:16:49,370 - INFO: Epoch: [12][350/582]	Time  0.028 ( 0.031)	Loss 1.1900e-01 (1.2423e-01)	Acc pseudo  96.88 ( 95.54)	Lr 1.000e-03 (1.000e-03)
2026-02-08 20:16:54,019 - INFO: Epoch: [12][400/582]	Time  0.029 ( 0.030)	Loss 2.1327e-01 (1.2646e-01)	Acc pseudo  90.62 ( 95.45)	Lr 1.000e-03 (1.000e-03)
2026-02-08 20:16:58,671 - INFO: Epoch: [12][450/582]	Time  0.041 ( 0.030)	Loss 5.2838e-02 (1.2778e-01)	Acc pseudo  95.31 ( 95.41)	Lr 1.000e-03 (1.000e-03)
2026-02-08 20:17:03,323 - INFO: Epoch: [12][500/582]	Time  0.028 ( 0.030)	Loss 2.8145e-01 (1.2743e-01)	Acc pseudo  92.19 ( 95.41)	Lr 1.000e-03 (1.000e-03)
2026-02-08 20:17:07,972 - INFO: Epoch: [12][550/582]	Time  0.027 ( 0.030)	Loss 3.3338e-01 (1.2764e-01)	Acc pseudo  92.19 ( 95.41)	Lr 1.000e-03 (1.000e-03)
2026-02-08 20:17:10,869 - INFO: Round 8, Face Fine-tune Epoch 12: loss=0.1276, acc(pseudo)=95.42%
2026-02-08 20:18:09,019 - INFO: Round 8, Face Fine-tune Epoch 12: acc(valid_pseudo): 0.9981, acc: 0.8413
2026-02-08 20:18:09,019 - INFO: Round 8, Face Fine-tune Epoch 12: No improvement. Patience(epoch): 2/3
2026-02-08 20:18:10,018 - INFO: Epoch: [13][  0/582]	Time  0.960 ( 0.960)	Loss 5.4101e-02 (5.4101e-02)	Acc pseudo  96.88 ( 96.88)	Lr 1.000e-03 (1.000e-03)
2026-02-08 20:18:14,658 - INFO: Epoch: [13][ 50/582]	Time  0.038 ( 0.047)	Loss 1.5719e-01 (1.2183e-01)	Acc pseudo  93.75 ( 95.74)	Lr 1.000e-03 (1.000e-03)
2026-02-08 20:18:19,300 - INFO: Epoch: [13][100/582]	Time  0.026 ( 0.037)	Loss 1.3343e-01 (1.1638e-01)	Acc pseudo  95.31 ( 95.45)	Lr 1.000e-03 (1.000e-03)
2026-02-08 20:18:23,947 - INFO: Epoch: [13][150/582]	Time  0.029 ( 0.034)	Loss 1.6421e-01 (1.1137e-01)	Acc pseudo  93.75 ( 95.60)	Lr 1.000e-03 (1.000e-03)
2026-02-08 20:18:28,595 - INFO: Epoch: [13][200/582]	Time  0.026 ( 0.032)	Loss 2.4088e-02 (1.1745e-01)	Acc pseudo  98.44 ( 95.48)	Lr 1.000e-03 (1.000e-03)
2026-02-08 20:18:33,244 - INFO: Epoch: [13][250/582]	Time  0.028 ( 0.031)	Loss 3.2236e-02 (1.1836e-01)	Acc pseudo  98.44 ( 95.45)	Lr 1.000e-03 (1.000e-03)
2026-02-08 20:18:37,895 - INFO: Epoch: [13][300/582]	Time  0.028 ( 0.031)	Loss 1.2675e-01 (1.2188e-01)	Acc pseudo  95.31 ( 95.44)	Lr 1.000e-03 (1.000e-03)
2026-02-08 20:18:42,545 - INFO: Epoch: [13][350/582]	Time  0.026 ( 0.030)	Loss 6.9916e-02 (1.2319e-01)	Acc pseudo  98.44 ( 95.38)	Lr 1.000e-03 (1.000e-03)
2026-02-08 20:18:47,211 - INFO: Epoch: [13][400/582]	Time  0.026 ( 0.030)	Loss 7.9826e-02 (1.2382e-01)	Acc pseudo  95.31 ( 95.34)	Lr 1.000e-03 (1.000e-03)
2026-02-08 20:18:51,894 - INFO: Epoch: [13][450/582]	Time  0.027 ( 0.030)	Loss 6.6761e-02 (1.2394e-01)	Acc pseudo  96.88 ( 95.30)	Lr 1.000e-03 (1.000e-03)
2026-02-08 20:18:56,547 - INFO: Epoch: [13][500/582]	Time  0.027 ( 0.029)	Loss 2.8932e-01 (1.2549e-01)	Acc pseudo  93.75 ( 95.33)	Lr 1.000e-03 (1.000e-03)
2026-02-08 20:19:01,199 - INFO: Epoch: [13][550/582]	Time  0.027 ( 0.029)	Loss 1.6630e-01 (1.2750e-01)	Acc pseudo  92.19 ( 95.29)	Lr 1.000e-03 (1.000e-03)
2026-02-08 20:19:04,094 - INFO: Round 8, Face Fine-tune Epoch 13: loss=0.1279, acc(pseudo)=95.28%
2026-02-08 20:20:01,097 - INFO: Round 8, Face Fine-tune Epoch 13: acc(valid_pseudo): 0.9986, acc: 0.8393
2026-02-08 20:20:01,098 - INFO: Round 8, Face Fine-tune Epoch 13: No improvement. Patience(epoch): 3/3
2026-02-08 20:20:01,098 - INFO: Early stopping at face epoch 13
2026-02-08 20:20:01,099 - INFO: Round 8: Best face fine-tuned epoch=10, acc(valid_pseudo)=0.9997
2026-02-08 20:20:28,974 - INFO: Round 8: speaker_acc=0.7395
2026-02-08 20:20:28,979 - INFO: Round 8: face_acc=0.8393
2026-02-08 20:20:28,981 - INFO: ====================
2026-02-08 20:20:28,981 - INFO: Round 9: Fine-tuning iteration
2026-02-08 20:20:28,981 - INFO: ====================
2026-02-08 20:20:29,050 - INFO: Round 9 Part 1: Fine-tuning embedding model
2026-02-08 20:20:29,051 - INFO: Using pseudo-label file: runs/I love my family/exp_video/result/self_supervised/baseline_joint/exp0/round8/pseudo_label/pseudo_labels_audio_baseline_joint.json
2026-02-08 20:20:29,076 - INFO: For training, Using face pseudo-label file: runs/I love my family/exp_video/result/self_supervised/baseline_joint/exp0/round8/pseudo_label/pseudo_labels_faces_mid_frame_train_baseline_joint.json
2026-02-08 20:20:29,076 - INFO: For infering, Using face pseudo-label file: runs/I love my family/exp_video/result/self_supervised/baseline_joint/exp0/round8/pseudo_label/pseudo_labels_faces_mid_frame_all_baseline_joint.json
2026-02-08 20:20:29,208 - INFO: Created face dataloader with 37219 samples
2026-02-08 20:20:29,212 - INFO: Warmup training speaker classifier for 2 epochs...
2026-02-08 20:20:29,487 - INFO: Epoch: [0][  0/301]	Time  0.270 ( 0.270)	Loss 2.2056e+00 (2.2056e+00)	Acc pseudo  15.62 ( 15.62)	Lr 1.000e-03 (1.000e-03)
2026-02-08 20:20:29,722 - INFO: Epoch: [0][ 50/301]	Time  0.002 ( 0.010)	Loss 2.7948e-01 (6.9274e-01)	Acc pseudo  90.62 ( 84.50)	Lr 1.000e-03 (1.000e-03)
2026-02-08 20:20:29,841 - INFO: Epoch: [0][100/301]	Time  0.002 ( 0.006)	Loss 1.7869e-01 (4.6789e-01)	Acc pseudo  95.31 ( 88.95)	Lr 1.000e-03 (1.000e-03)
2026-02-08 20:20:29,961 - INFO: Epoch: [0][150/301]	Time  0.003 ( 0.005)	Loss 1.7514e-01 (3.8263e-01)	Acc pseudo  93.75 ( 90.30)	Lr 1.000e-03 (1.000e-03)
2026-02-08 20:20:30,082 - INFO: Epoch: [0][200/301]	Time  0.002 ( 0.004)	Loss 3.1709e-01 (3.3113e-01)	Acc pseudo  87.50 ( 91.10)	Lr 1.000e-03 (1.000e-03)
2026-02-08 20:20:30,209 - INFO: Epoch: [0][250/301]	Time  0.002 ( 0.004)	Loss 3.1738e-01 (3.0384e-01)	Acc pseudo  89.06 ( 91.60)	Lr 1.000e-03 (1.000e-03)
2026-02-08 20:20:30,330 - INFO: Epoch: [0][300/301]	Time  0.002 ( 0.004)	Loss 3.1691e-01 (2.8441e-01)	Acc pseudo  92.00 ( 91.93)	Lr 1.000e-03 (1.000e-03)
2026-02-08 20:20:30,365 - INFO: Round 9, Speaker Warmup Epoch 0: loss=0.2844, acc(pseudo)=91.93%
2026-02-08 20:20:30,624 - INFO: Epoch: [1][  0/301]	Time  0.255 ( 0.255)	Loss 1.2869e-01 (1.2869e-01)	Acc pseudo  93.75 ( 93.75)	Lr 1.000e-03 (1.000e-03)
2026-02-08 20:20:30,857 - INFO: Epoch: [1][ 50/301]	Time  0.002 ( 0.009)	Loss 1.6046e-01 (1.7498e-01)	Acc pseudo  92.19 ( 93.63)	Lr 1.000e-03 (1.000e-03)
2026-02-08 20:20:30,978 - INFO: Epoch: [1][100/301]	Time  0.002 ( 0.006)	Loss 2.1955e-01 (1.7845e-01)	Acc pseudo  87.50 ( 93.69)	Lr 1.000e-03 (1.000e-03)
2026-02-08 20:20:31,100 - INFO: Epoch: [1][150/301]	Time  0.002 ( 0.005)	Loss 2.5468e-01 (1.7234e-01)	Acc pseudo  90.62 ( 93.88)	Lr 1.000e-03 (1.000e-03)
2026-02-08 20:20:31,226 - INFO: Epoch: [1][200/301]	Time  0.002 ( 0.004)	Loss 2.1420e-01 (1.6962e-01)	Acc pseudo  89.06 ( 94.03)	Lr 1.000e-03 (1.000e-03)
2026-02-08 20:20:31,348 - INFO: Epoch: [1][250/301]	Time  0.002 ( 0.004)	Loss 1.7282e-01 (1.6691e-01)	Acc pseudo  96.88 ( 94.12)	Lr 1.000e-03 (1.000e-03)
2026-02-08 20:20:31,464 - INFO: Epoch: [1][300/301]	Time  0.002 ( 0.004)	Loss 1.0754e-01 (1.6696e-01)	Acc pseudo  96.00 ( 94.11)	Lr 1.000e-03 (1.000e-03)
2026-02-08 20:20:31,503 - INFO: Round 9, Speaker Warmup Epoch 1: loss=0.1670, acc(pseudo)=94.11%
2026-02-08 20:20:31,507 - INFO: Warmup training face classifier for 2 epochs...
2026-02-08 20:20:32,126 - INFO: Epoch: [0][  0/582]	Time  0.570 ( 0.570)	Loss 2.5501e+00 (2.5501e+00)	Acc pseudo  14.06 ( 14.06)	Lr 1.000e-03 (1.000e-03)
2026-02-08 20:20:36,699 - INFO: Epoch: [0][ 50/582]	Time  0.027 ( 0.039)	Loss 4.3859e-01 (1.0457e+00)	Acc pseudo  89.06 ( 82.05)	Lr 1.000e-03 (1.000e-03)
2026-02-08 20:20:41,267 - INFO: Epoch: [0][100/582]	Time  0.027 ( 0.033)	Loss 1.7797e-01 (6.8339e-01)	Acc pseudo  96.88 ( 88.04)	Lr 1.000e-03 (1.000e-03)
2026-02-08 20:20:45,846 - INFO: Epoch: [0][150/582]	Time  0.028 ( 0.032)	Loss 1.5587e-01 (5.2933e-01)	Acc pseudo  95.31 ( 90.45)	Lr 1.000e-03 (1.000e-03)
2026-02-08 20:20:50,428 - INFO: Epoch: [0][200/582]	Time  0.026 ( 0.031)	Loss 1.2095e-01 (4.3919e-01)	Acc pseudo  96.88 ( 91.80)	Lr 1.000e-03 (1.000e-03)
2026-02-08 20:20:55,011 - INFO: Epoch: [0][250/582]	Time  0.026 ( 0.030)	Loss 1.8873e-01 (3.8453e-01)	Acc pseudo  95.31 ( 92.50)	Lr 1.000e-03 (1.000e-03)
2026-02-08 20:20:59,594 - INFO: Epoch: [0][300/582]	Time  0.026 ( 0.030)	Loss 8.3604e-02 (3.4449e-01)	Acc pseudo  96.88 ( 93.03)	Lr 1.000e-03 (1.000e-03)
2026-02-08 20:21:04,211 - INFO: Epoch: [0][350/582]	Time  0.029 ( 0.030)	Loss 8.1237e-02 (3.1029e-01)	Acc pseudo  96.88 ( 93.58)	Lr 1.000e-03 (1.000e-03)
2026-02-08 20:21:08,797 - INFO: Epoch: [0][400/582]	Time  0.028 ( 0.029)	Loss 4.6464e-02 (2.8814e-01)	Acc pseudo  96.88 ( 93.93)	Lr 1.000e-03 (1.000e-03)
2026-02-08 20:21:13,380 - INFO: Epoch: [0][450/582]	Time  0.026 ( 0.029)	Loss 9.2540e-02 (2.6938e-01)	Acc pseudo  96.88 ( 94.14)	Lr 1.000e-03 (1.000e-03)
2026-02-08 20:21:17,965 - INFO: Epoch: [0][500/582]	Time  0.026 ( 0.029)	Loss 6.9884e-02 (2.5307e-01)	Acc pseudo  98.44 ( 94.40)	Lr 1.000e-03 (1.000e-03)
2026-02-08 20:21:22,549 - INFO: Epoch: [0][550/582]	Time  0.027 ( 0.029)	Loss 8.5609e-02 (2.4144e-01)	Acc pseudo  93.75 ( 94.53)	Lr 1.000e-03 (1.000e-03)
2026-02-08 20:21:25,399 - INFO: Round 9, Face Warmup Epoch 0: loss=0.2351, acc(pseudo)=94.62%
2026-02-08 20:21:26,061 - INFO: Epoch: [1][  0/582]	Time  0.620 ( 0.620)	Loss 6.0619e-02 (6.0619e-02)	Acc pseudo  95.31 ( 95.31)	Lr 1.000e-03 (1.000e-03)
2026-02-08 20:21:30,642 - INFO: Epoch: [1][ 50/582]	Time  0.028 ( 0.039)	Loss 1.5732e-01 (1.0983e-01)	Acc pseudo  93.75 ( 96.11)	Lr 1.000e-03 (1.000e-03)
2026-02-08 20:21:35,226 - INFO: Epoch: [1][100/582]	Time  0.028 ( 0.034)	Loss 1.3952e-01 (1.0489e-01)	Acc pseudo  95.31 ( 96.27)	Lr 1.000e-03 (1.000e-03)
2026-02-08 20:21:39,811 - INFO: Epoch: [1][150/582]	Time  0.039 ( 0.032)	Loss 2.4091e-02 (1.0114e-01)	Acc pseudo 100.00 ( 96.65)	Lr 1.000e-03 (1.000e-03)
2026-02-08 20:21:44,397 - INFO: Epoch: [1][200/582]	Time  0.027 ( 0.031)	Loss 8.8240e-02 (9.9945e-02)	Acc pseudo  95.31 ( 96.68)	Lr 1.000e-03 (1.000e-03)
2026-02-08 20:21:48,981 - INFO: Epoch: [1][250/582]	Time  0.027 ( 0.031)	Loss 1.3208e-01 (9.7051e-02)	Acc pseudo  90.62 ( 96.75)	Lr 1.000e-03 (1.000e-03)
2026-02-08 20:21:53,564 - INFO: Epoch: [1][300/582]	Time  0.028 ( 0.031)	Loss 2.0141e-01 (9.6902e-02)	Acc pseudo  95.31 ( 96.80)	Lr 1.000e-03 (1.000e-03)
2026-02-08 20:21:58,147 - INFO: Epoch: [1][350/582]	Time  0.027 ( 0.030)	Loss 5.5159e-02 (9.5387e-02)	Acc pseudo  96.88 ( 96.77)	Lr 1.000e-03 (1.000e-03)
2026-02-08 20:22:02,794 - INFO: Epoch: [1][400/582]	Time  0.027 ( 0.030)	Loss 9.1779e-02 (9.7997e-02)	Acc pseudo  96.88 ( 96.70)	Lr 1.000e-03 (1.000e-03)
2026-02-08 20:22:07,377 - INFO: Epoch: [1][450/582]	Time  0.026 ( 0.030)	Loss 1.8859e-01 (9.6437e-02)	Acc pseudo  89.06 ( 96.75)	Lr 1.000e-03 (1.000e-03)
2026-02-08 20:22:11,961 - INFO: Epoch: [1][500/582]	Time  0.029 ( 0.030)	Loss 4.8988e-02 (9.4044e-02)	Acc pseudo  98.44 ( 96.79)	Lr 1.000e-03 (1.000e-03)
2026-02-08 20:22:16,543 - INFO: Epoch: [1][550/582]	Time  0.027 ( 0.029)	Loss 6.6075e-02 (9.2752e-02)	Acc pseudo  98.44 ( 96.83)	Lr 1.000e-03 (1.000e-03)
2026-02-08 20:22:19,396 - INFO: Round 9, Face Warmup Epoch 1: loss=0.0919, acc(pseudo)=96.84%
2026-02-08 20:22:19,405 - INFO: Fine-tuning speaker embedding model for 20 epochs...
2026-02-08 20:22:19,670 - INFO: Epoch: [0][  0/301]	Time  0.261 ( 0.261)	Loss 7.5538e-02 (7.5538e-02)	Acc pseudo  95.31 ( 95.31)	Lr 1.000e-03 (1.000e-03)
2026-02-08 20:22:19,920 - INFO: Epoch: [0][ 50/301]	Time  0.003 ( 0.010)	Loss 1.3411e-01 (1.4613e-01)	Acc pseudo  96.88 ( 94.91)	Lr 1.000e-03 (1.000e-03)
2026-02-08 20:22:20,058 - INFO: Epoch: [0][100/301]	Time  0.002 ( 0.006)	Loss 2.1780e-01 (1.5414e-01)	Acc pseudo  90.62 ( 94.26)	Lr 1.000e-03 (1.000e-03)
2026-02-08 20:22:20,198 - INFO: Epoch: [0][150/301]	Time  0.003 ( 0.005)	Loss 2.1625e-01 (1.5899e-01)	Acc pseudo  89.06 ( 94.18)	Lr 1.000e-03 (1.000e-03)
2026-02-08 20:22:20,336 - INFO: Epoch: [0][200/301]	Time  0.002 ( 0.005)	Loss 5.4596e-02 (1.5803e-01)	Acc pseudo 100.00 ( 94.27)	Lr 1.000e-03 (1.000e-03)
2026-02-08 20:22:20,478 - INFO: Epoch: [0][250/301]	Time  0.003 ( 0.004)	Loss 1.0357e-01 (1.5638e-01)	Acc pseudo  95.31 ( 94.17)	Lr 1.000e-03 (1.000e-03)
2026-02-08 20:22:20,615 - INFO: Epoch: [0][300/301]	Time  0.002 ( 0.004)	Loss 9.5619e-03 (1.5543e-01)	Acc pseudo 100.00 ( 94.24)	Lr 1.000e-03 (1.000e-03)
2026-02-08 20:22:20,651 - INFO: Round 9, Fine-tune Epoch 0: loss=0.1554, acc(pseudo)=94.24%
2026-02-08 20:22:27,633 - INFO: Round 9, Fine-tune Epoch 0: acc(valid_pseudo): 0.6975, acc: 0.6975
2026-02-08 20:22:28,335 - INFO: Epoch: [1][  0/301]	Time  0.273 ( 0.273)	Loss 9.0137e-02 (9.0137e-02)	Acc pseudo  95.31 ( 95.31)	Lr 1.000e-03 (1.000e-03)
2026-02-08 20:22:28,604 - INFO: Epoch: [1][ 50/301]	Time  0.003 ( 0.010)	Loss 1.6954e-01 (1.4592e-01)	Acc pseudo  90.62 ( 94.67)	Lr 1.000e-03 (1.000e-03)
2026-02-08 20:22:28,763 - INFO: Epoch: [1][100/301]	Time  0.002 ( 0.007)	Loss 9.3283e-02 (1.4567e-01)	Acc pseudo  95.31 ( 94.79)	Lr 1.000e-03 (1.000e-03)
2026-02-08 20:22:28,915 - INFO: Epoch: [1][150/301]	Time  0.003 ( 0.006)	Loss 9.9321e-02 (1.5079e-01)	Acc pseudo  95.31 ( 94.48)	Lr 1.000e-03 (1.000e-03)
2026-02-08 20:22:29,069 - INFO: Epoch: [1][200/301]	Time  0.002 ( 0.005)	Loss 9.6238e-02 (1.4625e-01)	Acc pseudo  96.88 ( 94.63)	Lr 1.000e-03 (1.000e-03)
2026-02-08 20:22:29,230 - INFO: Epoch: [1][250/301]	Time  0.003 ( 0.005)	Loss 8.3701e-02 (1.5239e-01)	Acc pseudo  98.44 ( 94.46)	Lr 1.000e-03 (1.000e-03)
2026-02-08 20:22:29,379 - INFO: Epoch: [1][300/301]	Time  0.002 ( 0.004)	Loss 1.5959e-01 (1.4980e-01)	Acc pseudo  92.00 ( 94.53)	Lr 1.000e-03 (1.000e-03)
2026-02-08 20:22:29,418 - INFO: Round 9, Fine-tune Epoch 1: loss=0.1498, acc(pseudo)=94.53%
2026-02-08 20:22:36,033 - INFO: Round 9, Fine-tune Epoch 1: acc(valid_pseudo): 0.7355, acc: 0.7355
2026-02-08 20:22:36,752 - INFO: Epoch: [2][  0/301]	Time  0.269 ( 0.269)	Loss 9.4834e-02 (9.4834e-02)	Acc pseudo  98.44 ( 98.44)	Lr 1.000e-03 (1.000e-03)
2026-02-08 20:22:36,998 - INFO: Epoch: [2][ 50/301]	Time  0.003 ( 0.010)	Loss 1.0045e-01 (1.3556e-01)	Acc pseudo  96.88 ( 95.07)	Lr 1.000e-03 (1.000e-03)
2026-02-08 20:22:37,134 - INFO: Epoch: [2][100/301]	Time  0.002 ( 0.006)	Loss 1.1552e-01 (1.3223e-01)	Acc pseudo  92.19 ( 95.06)	Lr 1.000e-03 (1.000e-03)
2026-02-08 20:22:37,270 - INFO: Epoch: [2][150/301]	Time  0.003 ( 0.005)	Loss 2.4936e-01 (1.3143e-01)	Acc pseudo  95.31 ( 95.15)	Lr 1.000e-03 (1.000e-03)
2026-02-08 20:22:37,407 - INFO: Epoch: [2][200/301]	Time  0.002 ( 0.005)	Loss 1.5221e-01 (1.3474e-01)	Acc pseudo  90.62 ( 94.92)	Lr 1.000e-03 (1.000e-03)
2026-02-08 20:22:37,545 - INFO: Epoch: [2][250/301]	Time  0.003 ( 0.004)	Loss 5.3031e-02 (1.3716e-01)	Acc pseudo 100.00 ( 94.87)	Lr 1.000e-03 (1.000e-03)
2026-02-08 20:22:37,680 - INFO: Epoch: [2][300/301]	Time  0.002 ( 0.004)	Loss 2.0777e-02 (1.3874e-01)	Acc pseudo 100.00 ( 94.87)	Lr 1.000e-03 (1.000e-03)
2026-02-08 20:22:37,716 - INFO: Round 9, Fine-tune Epoch 2: loss=0.1387, acc(pseudo)=94.87%
2026-02-08 20:22:44,481 - INFO: Round 9, Fine-tune Epoch 2: acc(valid_pseudo): 0.7415, acc: 0.7415
2026-02-08 20:22:45,422 - INFO: Epoch: [3][  0/301]	Time  0.271 ( 0.271)	Loss 7.2297e-02 (7.2297e-02)	Acc pseudo  96.88 ( 96.88)	Lr 1.000e-03 (1.000e-03)
2026-02-08 20:22:45,685 - INFO: Epoch: [3][ 50/301]	Time  0.003 ( 0.010)	Loss 4.8939e-02 (1.2019e-01)	Acc pseudo  98.44 ( 95.37)	Lr 1.000e-03 (1.000e-03)
2026-02-08 20:22:45,845 - INFO: Epoch: [3][100/301]	Time  0.002 ( 0.007)	Loss 1.0859e-01 (1.2596e-01)	Acc pseudo  93.75 ( 95.31)	Lr 1.000e-03 (1.000e-03)
2026-02-08 20:22:46,002 - INFO: Epoch: [3][150/301]	Time  0.002 ( 0.006)	Loss 7.2851e-02 (1.2665e-01)	Acc pseudo  96.88 ( 95.23)	Lr 1.000e-03 (1.000e-03)
2026-02-08 20:22:46,158 - INFO: Epoch: [3][200/301]	Time  0.003 ( 0.005)	Loss 2.8766e-01 (1.3222e-01)	Acc pseudo  93.75 ( 95.00)	Lr 1.000e-03 (1.000e-03)
2026-02-08 20:22:46,313 - INFO: Epoch: [3][250/301]	Time  0.003 ( 0.005)	Loss 1.0575e-01 (1.3675e-01)	Acc pseudo  96.88 ( 94.99)	Lr 1.000e-03 (1.000e-03)
2026-02-08 20:22:46,459 - INFO: Epoch: [3][300/301]	Time  0.002 ( 0.004)	Loss 2.9262e-01 (1.3836e-01)	Acc pseudo  88.00 ( 94.95)	Lr 1.000e-03 (1.000e-03)
2026-02-08 20:22:46,494 - INFO: Round 9, Fine-tune Epoch 3: loss=0.1384, acc(pseudo)=94.95%
2026-02-08 20:22:54,048 - INFO: Round 9, Fine-tune Epoch 3: acc(valid_pseudo): 0.7325, acc: 0.7325
2026-02-08 20:22:54,048 - INFO: Round 9, Speaker Fine-tune Epoch 3: No improvement in validation accuracy. Patience(epoch): 1/3
2026-02-08 20:22:54,338 - INFO: Epoch: [4][  0/301]	Time  0.284 ( 0.284)	Loss 1.9084e-01 (1.9084e-01)	Acc pseudo  90.62 ( 90.62)	Lr 1.000e-03 (1.000e-03)
2026-02-08 20:22:54,596 - INFO: Epoch: [4][ 50/301]	Time  0.004 ( 0.011)	Loss 1.0739e-01 (1.3396e-01)	Acc pseudo  95.31 ( 94.98)	Lr 1.000e-03 (1.000e-03)
2026-02-08 20:22:54,749 - INFO: Epoch: [4][100/301]	Time  0.003 ( 0.007)	Loss 1.6722e-01 (1.4072e-01)	Acc pseudo  92.19 ( 94.71)	Lr 1.000e-03 (1.000e-03)
2026-02-08 20:22:54,905 - INFO: Epoch: [4][150/301]	Time  0.004 ( 0.006)	Loss 2.1718e-01 (1.3583e-01)	Acc pseudo  90.62 ( 94.81)	Lr 1.000e-03 (1.000e-03)
2026-02-08 20:22:55,056 - INFO: Epoch: [4][200/301]	Time  0.003 ( 0.005)	Loss 1.5960e-01 (1.3868e-01)	Acc pseudo  95.31 ( 94.85)	Lr 1.000e-03 (1.000e-03)
2026-02-08 20:22:55,207 - INFO: Epoch: [4][250/301]	Time  0.003 ( 0.004)	Loss 2.3025e-01 (1.3804e-01)	Acc pseudo  90.62 ( 94.93)	Lr 1.000e-03 (1.000e-03)
2026-02-08 20:22:55,347 - INFO: Epoch: [4][300/301]	Time  0.002 ( 0.004)	Loss 1.0424e-02 (1.3635e-01)	Acc pseudo 100.00 ( 95.03)	Lr 1.000e-03 (1.000e-03)
2026-02-08 20:22:55,384 - INFO: Round 9, Fine-tune Epoch 4: loss=0.1363, acc(pseudo)=95.03%
2026-02-08 20:23:02,368 - INFO: Round 9, Fine-tune Epoch 4: acc(valid_pseudo): 0.7365, acc: 0.7365
2026-02-08 20:23:02,368 - INFO: Round 9, Speaker Fine-tune Epoch 4: No improvement in validation accuracy. Patience(epoch): 2/3
2026-02-08 20:23:02,650 - INFO: Epoch: [5][  0/301]	Time  0.277 ( 0.277)	Loss 3.4382e-01 (3.4382e-01)	Acc pseudo  89.06 ( 89.06)	Lr 1.000e-03 (1.000e-03)
2026-02-08 20:23:02,889 - INFO: Epoch: [5][ 50/301]	Time  0.003 ( 0.010)	Loss 6.2361e-02 (1.3897e-01)	Acc pseudo  98.44 ( 94.88)	Lr 1.000e-03 (1.000e-03)
2026-02-08 20:23:03,030 - INFO: Epoch: [5][100/301]	Time  0.002 ( 0.006)	Loss 5.7132e-02 (1.3380e-01)	Acc pseudo  96.88 ( 94.97)	Lr 1.000e-03 (1.000e-03)
2026-02-08 20:23:03,168 - INFO: Epoch: [5][150/301]	Time  0.003 ( 0.005)	Loss 2.0333e-01 (1.3135e-01)	Acc pseudo  92.19 ( 95.02)	Lr 1.000e-03 (1.000e-03)
2026-02-08 20:23:03,304 - INFO: Epoch: [5][200/301]	Time  0.002 ( 0.005)	Loss 1.0814e-01 (1.2963e-01)	Acc pseudo  96.88 ( 95.17)	Lr 1.000e-03 (1.000e-03)
2026-02-08 20:23:03,448 - INFO: Epoch: [5][250/301]	Time  0.003 ( 0.004)	Loss 1.1885e-01 (1.3551e-01)	Acc pseudo  96.88 ( 94.97)	Lr 1.000e-03 (1.000e-03)
2026-02-08 20:23:03,587 - INFO: Epoch: [5][300/301]	Time  0.002 ( 0.004)	Loss 1.6113e-01 (1.3658e-01)	Acc pseudo  92.00 ( 94.94)	Lr 1.000e-03 (1.000e-03)
2026-02-08 20:23:03,623 - INFO: Round 9, Fine-tune Epoch 5: loss=0.1366, acc(pseudo)=94.94%
2026-02-08 20:23:10,321 - INFO: Round 9, Fine-tune Epoch 5: acc(valid_pseudo): 0.7250, acc: 0.7250
2026-02-08 20:23:10,321 - INFO: Round 9, Speaker Fine-tune Epoch 5: No improvement in validation accuracy. Patience(epoch): 3/3
2026-02-08 20:23:10,322 - INFO: Early stopping at epoch 5 due to no improvement in validation accuracy for 3 epochs.
2026-02-08 20:23:10,323 - INFO: Round 9: Best speaker fine-tuned epoch=2, acc(valid_pseudo)=0.7415
2026-02-08 20:23:10,326 - INFO: Fine-tuning face embedding model for 20 epochs...
2026-02-08 20:23:10,960 - INFO: Epoch: [0][  0/582]	Time  0.590 ( 0.590)	Loss 7.1910e-03 (7.1910e-03)	Acc pseudo 100.00 (100.00)	Lr 1.000e-03 (1.000e-03)
2026-02-08 20:23:15,591 - INFO: Epoch: [0][ 50/582]	Time  0.027 ( 0.039)	Loss 7.4912e-02 (7.8365e-02)	Acc pseudo  95.31 ( 97.37)	Lr 1.000e-03 (1.000e-03)
2026-02-08 20:23:20,229 - INFO: Epoch: [0][100/582]	Time  0.032 ( 0.033)	Loss 3.7611e-02 (7.1636e-02)	Acc pseudo  98.44 ( 97.59)	Lr 1.000e-03 (1.000e-03)
2026-02-08 20:23:24,878 - INFO: Epoch: [0][150/582]	Time  0.028 ( 0.033)	Loss 4.8520e-02 (7.2076e-02)	Acc pseudo  98.44 ( 97.50)	Lr 1.000e-03 (1.000e-03)
2026-02-08 20:23:29,530 - INFO: Epoch: [0][200/582]	Time  0.030 ( 0.032)	Loss 5.0750e-03 (7.4304e-02)	Acc pseudo 100.00 ( 97.43)	Lr 1.000e-03 (1.000e-03)
2026-02-08 20:23:34,214 - INFO: Epoch: [0][250/582]	Time  0.028 ( 0.032)	Loss 1.2912e-01 (7.6873e-02)	Acc pseudo  98.44 ( 97.40)	Lr 1.000e-03 (1.000e-03)
2026-02-08 20:23:38,868 - INFO: Epoch: [0][300/582]	Time  0.026 ( 0.031)	Loss 4.4633e-02 (7.7316e-02)	Acc pseudo  98.44 ( 97.35)	Lr 1.000e-03 (1.000e-03)
2026-02-08 20:23:43,524 - INFO: Epoch: [0][350/582]	Time  0.027 ( 0.031)	Loss 2.9971e-02 (7.4593e-02)	Acc pseudo  98.44 ( 97.41)	Lr 1.000e-03 (1.000e-03)
2026-02-08 20:23:48,176 - INFO: Epoch: [0][400/582]	Time  0.027 ( 0.031)	Loss 3.0796e-02 (7.7021e-02)	Acc pseudo  98.44 ( 97.37)	Lr 1.000e-03 (1.000e-03)
2026-02-08 20:23:52,831 - INFO: Epoch: [0][450/582]	Time  0.027 ( 0.031)	Loss 6.5330e-02 (7.7327e-02)	Acc pseudo  98.44 ( 97.30)	Lr 1.000e-03 (1.000e-03)
2026-02-08 20:23:57,484 - INFO: Epoch: [0][500/582]	Time  0.028 ( 0.030)	Loss 4.8256e-02 (7.7420e-02)	Acc pseudo  98.44 ( 97.25)	Lr 1.000e-03 (1.000e-03)
2026-02-08 20:24:02,135 - INFO: Epoch: [0][550/582]	Time  0.028 ( 0.030)	Loss 4.1914e-02 (8.0017e-02)	Acc pseudo  98.44 ( 97.15)	Lr 1.000e-03 (1.000e-03)
2026-02-08 20:24:05,029 - INFO: Round 9, Face Fine-tune Epoch 0: loss=0.0797, acc(pseudo)=97.16%
2026-02-08 20:25:03,144 - INFO: Round 9, Face Fine-tune Epoch 0: acc(valid_pseudo): 0.9978, acc: 0.8413
2026-02-08 20:25:04,879 - INFO: Epoch: [1][  0/582]	Time  0.647 ( 0.647)	Loss 5.0215e-02 (5.0215e-02)	Acc pseudo  96.88 ( 96.88)	Lr 1.000e-03 (1.000e-03)
2026-02-08 20:25:09,520 - INFO: Epoch: [1][ 50/582]	Time  0.027 ( 0.040)	Loss 1.2744e-01 (7.8777e-02)	Acc pseudo  93.75 ( 97.03)	Lr 1.000e-03 (1.000e-03)
2026-02-08 20:25:14,165 - INFO: Epoch: [1][100/582]	Time  0.028 ( 0.034)	Loss 6.4829e-02 (7.0933e-02)	Acc pseudo  96.88 ( 97.11)	Lr 1.000e-03 (1.000e-03)
2026-02-08 20:25:18,813 - INFO: Epoch: [1][150/582]	Time  0.027 ( 0.032)	Loss 2.3044e-02 (6.5879e-02)	Acc pseudo 100.00 ( 97.43)	Lr 1.000e-03 (1.000e-03)
2026-02-08 20:25:23,466 - INFO: Epoch: [1][200/582]	Time  0.026 ( 0.031)	Loss 2.4136e-02 (6.7183e-02)	Acc pseudo  98.44 ( 97.39)	Lr 1.000e-03 (1.000e-03)
2026-02-08 20:25:28,119 - INFO: Epoch: [1][250/582]	Time  0.026 ( 0.030)	Loss 1.7868e-01 (6.7729e-02)	Acc pseudo  92.19 ( 97.37)	Lr 1.000e-03 (1.000e-03)
2026-02-08 20:25:32,771 - INFO: Epoch: [1][300/582]	Time  0.027 ( 0.030)	Loss 2.1439e-01 (6.9256e-02)	Acc pseudo  93.75 ( 97.36)	Lr 1.000e-03 (1.000e-03)
2026-02-08 20:25:37,422 - INFO: Epoch: [1][350/582]	Time  0.026 ( 0.029)	Loss 5.9321e-02 (7.0143e-02)	Acc pseudo  96.88 ( 97.30)	Lr 1.000e-03 (1.000e-03)
2026-02-08 20:25:42,076 - INFO: Epoch: [1][400/582]	Time  0.027 ( 0.029)	Loss 6.3211e-02 (7.3461e-02)	Acc pseudo  98.44 ( 97.22)	Lr 1.000e-03 (1.000e-03)
2026-02-08 20:25:46,730 - INFO: Epoch: [1][450/582]	Time  0.026 ( 0.029)	Loss 1.2361e-01 (7.4096e-02)	Acc pseudo  93.75 ( 97.20)	Lr 1.000e-03 (1.000e-03)
2026-02-08 20:25:51,382 - INFO: Epoch: [1][500/582]	Time  0.028 ( 0.029)	Loss 2.1025e-02 (7.3411e-02)	Acc pseudo 100.00 ( 97.21)	Lr 1.000e-03 (1.000e-03)
2026-02-08 20:25:56,036 - INFO: Epoch: [1][550/582]	Time  0.027 ( 0.029)	Loss 1.2191e-01 (7.2990e-02)	Acc pseudo  96.88 ( 97.18)	Lr 1.000e-03 (1.000e-03)
2026-02-08 20:25:58,932 - INFO: Round 9, Face Fine-tune Epoch 1: loss=0.0734, acc(pseudo)=97.17%
2026-02-08 20:26:56,188 - INFO: Round 9, Face Fine-tune Epoch 1: acc(valid_pseudo): 0.9982, acc: 0.8423
2026-02-08 20:26:57,945 - INFO: Epoch: [2][  0/582]	Time  0.610 ( 0.610)	Loss 8.3051e-03 (8.3051e-03)	Acc pseudo 100.00 (100.00)	Lr 1.000e-03 (1.000e-03)
2026-02-08 20:27:02,594 - INFO: Epoch: [2][ 50/582]	Time  0.028 ( 0.039)	Loss 1.1810e-01 (8.7576e-02)	Acc pseudo  96.88 ( 96.48)	Lr 1.000e-03 (1.000e-03)
2026-02-08 20:27:07,282 - INFO: Epoch: [2][100/582]	Time  0.025 ( 0.033)	Loss 1.0354e-01 (9.3888e-02)	Acc pseudo  96.88 ( 96.72)	Lr 1.000e-03 (1.000e-03)
2026-02-08 20:27:11,932 - INFO: Epoch: [2][150/582]	Time  0.029 ( 0.032)	Loss 1.6374e-02 (8.9866e-02)	Acc pseudo 100.00 ( 96.83)	Lr 1.000e-03 (1.000e-03)
2026-02-08 20:27:16,588 - INFO: Epoch: [2][200/582]	Time  0.028 ( 0.031)	Loss 8.4612e-02 (8.5573e-02)	Acc pseudo  96.88 ( 96.87)	Lr 1.000e-03 (1.000e-03)
2026-02-08 20:27:21,243 - INFO: Epoch: [2][250/582]	Time  0.027 ( 0.031)	Loss 4.6679e-02 (8.5525e-02)	Acc pseudo  96.88 ( 96.79)	Lr 1.000e-03 (1.000e-03)
2026-02-08 20:27:25,896 - INFO: Epoch: [2][300/582]	Time  0.028 ( 0.030)	Loss 1.9965e-01 (8.3863e-02)	Acc pseudo  90.62 ( 96.82)	Lr 1.000e-03 (1.000e-03)
2026-02-08 20:27:30,549 - INFO: Epoch: [2][350/582]	Time  0.038 ( 0.030)	Loss 2.5178e-02 (8.0950e-02)	Acc pseudo 100.00 ( 96.90)	Lr 1.000e-03 (1.000e-03)
2026-02-08 20:27:35,203 - INFO: Epoch: [2][400/582]	Time  0.026 ( 0.030)	Loss 4.5949e-02 (8.0634e-02)	Acc pseudo  96.88 ( 96.88)	Lr 1.000e-03 (1.000e-03)
2026-02-08 20:27:39,855 - INFO: Epoch: [2][450/582]	Time  0.028 ( 0.030)	Loss 1.0922e-01 (8.4026e-02)	Acc pseudo  96.88 ( 96.80)	Lr 1.000e-03 (1.000e-03)
2026-02-08 20:27:44,510 - INFO: Epoch: [2][500/582]	Time  0.028 ( 0.030)	Loss 1.5540e-01 (8.6011e-02)	Acc pseudo  96.88 ( 96.78)	Lr 1.000e-03 (1.000e-03)
2026-02-08 20:27:49,163 - INFO: Epoch: [2][550/582]	Time  0.030 ( 0.029)	Loss 1.1366e-01 (8.5468e-02)	Acc pseudo  98.44 ( 96.78)	Lr 1.000e-03 (1.000e-03)
2026-02-08 20:27:52,059 - INFO: Round 9, Face Fine-tune Epoch 2: loss=0.0865, acc(pseudo)=96.74%
2026-02-08 20:28:49,327 - INFO: Round 9, Face Fine-tune Epoch 2: acc(valid_pseudo): 0.9982, acc: 0.8403
2026-02-08 20:28:49,328 - INFO: Round 9, Face Fine-tune Epoch 2: No improvement. Patience(epoch): 1/3
2026-02-08 20:28:50,007 - INFO: Epoch: [3][  0/582]	Time  0.644 ( 0.644)	Loss 1.6867e-01 (1.6867e-01)	Acc pseudo  92.19 ( 92.19)	Lr 1.000e-03 (1.000e-03)
2026-02-08 20:28:54,644 - INFO: Epoch: [3][ 50/582]	Time  0.027 ( 0.039)	Loss 6.9526e-02 (8.4286e-02)	Acc pseudo  96.88 ( 96.81)	Lr 1.000e-03 (1.000e-03)
2026-02-08 20:28:59,289 - INFO: Epoch: [3][100/582]	Time  0.027 ( 0.033)	Loss 1.2983e-01 (8.7662e-02)	Acc pseudo  92.19 ( 96.83)	Lr 1.000e-03 (1.000e-03)
2026-02-08 20:29:03,938 - INFO: Epoch: [3][150/582]	Time  0.027 ( 0.031)	Loss 1.5096e-02 (8.6425e-02)	Acc pseudo 100.00 ( 96.79)	Lr 1.000e-03 (1.000e-03)
2026-02-08 20:29:08,591 - INFO: Epoch: [3][200/582]	Time  0.038 ( 0.031)	Loss 9.4652e-02 (8.7463e-02)	Acc pseudo  96.88 ( 96.75)	Lr 1.000e-03 (1.000e-03)
2026-02-08 20:29:13,247 - INFO: Epoch: [3][250/582]	Time  0.033 ( 0.031)	Loss 3.9946e-01 (8.8122e-02)	Acc pseudo  96.88 ( 96.79)	Lr 1.000e-03 (1.000e-03)
2026-02-08 20:29:17,900 - INFO: Epoch: [3][300/582]	Time  0.026 ( 0.030)	Loss 1.0648e-01 (9.4250e-02)	Acc pseudo  92.19 ( 96.67)	Lr 1.000e-03 (1.000e-03)
2026-02-08 20:29:22,552 - INFO: Epoch: [3][350/582]	Time  0.038 ( 0.030)	Loss 5.4974e-02 (9.3388e-02)	Acc pseudo  98.44 ( 96.71)	Lr 1.000e-03 (1.000e-03)
2026-02-08 20:29:27,206 - INFO: Epoch: [3][400/582]	Time  0.027 ( 0.030)	Loss 9.3501e-02 (9.2145e-02)	Acc pseudo  95.31 ( 96.71)	Lr 1.000e-03 (1.000e-03)
2026-02-08 20:29:31,860 - INFO: Epoch: [3][450/582]	Time  0.028 ( 0.030)	Loss 3.1577e-02 (9.5553e-02)	Acc pseudo 100.00 ( 96.63)	Lr 1.000e-03 (1.000e-03)
2026-02-08 20:29:36,514 - INFO: Epoch: [3][500/582]	Time  0.028 ( 0.029)	Loss 8.9562e-02 (9.4526e-02)	Acc pseudo  96.88 ( 96.63)	Lr 1.000e-03 (1.000e-03)
2026-02-08 20:29:41,168 - INFO: Epoch: [3][550/582]	Time  0.028 ( 0.029)	Loss 1.8874e-01 (9.4164e-02)	Acc pseudo  95.31 ( 96.63)	Lr 1.000e-03 (1.000e-03)
2026-02-08 20:29:44,063 - INFO: Round 9, Face Fine-tune Epoch 3: loss=0.0937, acc(pseudo)=96.63%
2026-02-08 20:30:40,904 - INFO: Round 9, Face Fine-tune Epoch 3: acc(valid_pseudo): 0.9981, acc: 0.8403
2026-02-08 20:30:40,904 - INFO: Round 9, Face Fine-tune Epoch 3: No improvement. Patience(epoch): 2/3
2026-02-08 20:30:41,517 - INFO: Epoch: [4][  0/582]	Time  0.570 ( 0.570)	Loss 2.6775e-01 (2.6775e-01)	Acc pseudo  95.31 ( 95.31)	Lr 1.000e-03 (1.000e-03)
2026-02-08 20:30:46,162 - INFO: Epoch: [4][ 50/582]	Time  0.029 ( 0.040)	Loss 4.4154e-02 (8.7603e-02)	Acc pseudo  96.88 ( 96.54)	Lr 1.000e-03 (1.000e-03)
2026-02-08 20:30:50,804 - INFO: Epoch: [4][100/582]	Time  0.025 ( 0.034)	Loss 1.0301e-01 (8.9724e-02)	Acc pseudo  96.88 ( 96.67)	Lr 1.000e-03 (1.000e-03)
2026-02-08 20:30:55,456 - INFO: Epoch: [4][150/582]	Time  0.028 ( 0.032)	Loss 3.7937e-02 (8.2128e-02)	Acc pseudo  98.44 ( 96.90)	Lr 1.000e-03 (1.000e-03)
2026-02-08 20:31:00,103 - INFO: Epoch: [4][200/582]	Time  0.028 ( 0.031)	Loss 3.3076e-02 (7.7412e-02)	Acc pseudo  96.88 ( 96.95)	Lr 1.000e-03 (1.000e-03)
2026-02-08 20:31:04,750 - INFO: Epoch: [4][250/582]	Time  0.028 ( 0.030)	Loss 4.8200e-02 (7.8751e-02)	Acc pseudo  96.88 ( 97.01)	Lr 1.000e-03 (1.000e-03)
2026-02-08 20:31:09,399 - INFO: Epoch: [4][300/582]	Time  0.029 ( 0.030)	Loss 7.4124e-02 (7.7607e-02)	Acc pseudo  98.44 ( 96.94)	Lr 1.000e-03 (1.000e-03)
2026-02-08 20:31:14,046 - INFO: Epoch: [4][350/582]	Time  0.028 ( 0.030)	Loss 3.9217e-02 (7.7466e-02)	Acc pseudo  98.44 ( 96.95)	Lr 1.000e-03 (1.000e-03)
2026-02-08 20:31:18,695 - INFO: Epoch: [4][400/582]	Time  0.029 ( 0.030)	Loss 1.5829e-01 (7.6841e-02)	Acc pseudo  92.19 ( 96.96)	Lr 1.000e-03 (1.000e-03)
2026-02-08 20:31:23,345 - INFO: Epoch: [4][450/582]	Time  0.027 ( 0.029)	Loss 3.0363e-02 (7.6090e-02)	Acc pseudo 100.00 ( 96.98)	Lr 1.000e-03 (1.000e-03)
2026-02-08 20:31:27,992 - INFO: Epoch: [4][500/582]	Time  0.028 ( 0.029)	Loss 9.8547e-02 (7.6894e-02)	Acc pseudo  98.44 ( 96.98)	Lr 1.000e-03 (1.000e-03)
2026-02-08 20:31:32,642 - INFO: Epoch: [4][550/582]	Time  0.027 ( 0.029)	Loss 3.5476e-02 (7.6836e-02)	Acc pseudo  98.44 ( 96.94)	Lr 1.000e-03 (1.000e-03)
2026-02-08 20:31:35,540 - INFO: Round 9, Face Fine-tune Epoch 4: loss=0.0765, acc(pseudo)=96.97%
2026-02-08 20:32:33,274 - INFO: Round 9, Face Fine-tune Epoch 4: acc(valid_pseudo): 0.9989, acc: 0.8393
2026-02-08 20:32:35,011 - INFO: Epoch: [5][  0/582]	Time  0.597 ( 0.597)	Loss 5.7938e-02 (5.7938e-02)	Acc pseudo  96.88 ( 96.88)	Lr 1.000e-03 (1.000e-03)
2026-02-08 20:32:39,656 - INFO: Epoch: [5][ 50/582]	Time  0.027 ( 0.039)	Loss 2.7726e-02 (7.8095e-02)	Acc pseudo 100.00 ( 97.06)	Lr 1.000e-03 (1.000e-03)
2026-02-08 20:32:44,299 - INFO: Epoch: [5][100/582]	Time  0.028 ( 0.033)	Loss 1.0547e-01 (8.0081e-02)	Acc pseudo  93.75 ( 96.94)	Lr 1.000e-03 (1.000e-03)
2026-02-08 20:32:48,946 - INFO: Epoch: [5][150/582]	Time  0.026 ( 0.032)	Loss 4.8933e-02 (7.4616e-02)	Acc pseudo  96.88 ( 96.97)	Lr 1.000e-03 (1.000e-03)
2026-02-08 20:32:53,597 - INFO: Epoch: [5][200/582]	Time  0.027 ( 0.031)	Loss 1.1298e-01 (7.5454e-02)	Acc pseudo  96.88 ( 97.01)	Lr 1.000e-03 (1.000e-03)
2026-02-08 20:32:58,245 - INFO: Epoch: [5][250/582]	Time  0.029 ( 0.030)	Loss 1.3202e-01 (7.8859e-02)	Acc pseudo  95.31 ( 96.89)	Lr 1.000e-03 (1.000e-03)
2026-02-08 20:33:03,040 - INFO: Epoch: [5][300/582]	Time  0.028 ( 0.030)	Loss 4.1856e-02 (7.9438e-02)	Acc pseudo  98.44 ( 96.83)	Lr 1.000e-03 (1.000e-03)
2026-02-08 20:33:07,731 - INFO: Epoch: [5][350/582]	Time  0.025 ( 0.030)	Loss 2.5200e-02 (7.8230e-02)	Acc pseudo  98.44 ( 96.92)	Lr 1.000e-03 (1.000e-03)
2026-02-08 20:33:12,384 - INFO: Epoch: [5][400/582]	Time  0.028 ( 0.030)	Loss 1.1261e-01 (7.9498e-02)	Acc pseudo  95.31 ( 96.92)	Lr 1.000e-03 (1.000e-03)
2026-02-08 20:33:17,040 - INFO: Epoch: [5][450/582]	Time  0.027 ( 0.030)	Loss 3.6853e-02 (8.0080e-02)	Acc pseudo  98.44 ( 96.90)	Lr 1.000e-03 (1.000e-03)
2026-02-08 20:33:21,695 - INFO: Epoch: [5][500/582]	Time  0.028 ( 0.030)	Loss 8.3093e-03 (7.9798e-02)	Acc pseudo 100.00 ( 96.91)	Lr 1.000e-03 (1.000e-03)
2026-02-08 20:33:26,351 - INFO: Epoch: [5][550/582]	Time  0.028 ( 0.029)	Loss 6.2040e-02 (8.0518e-02)	Acc pseudo  98.44 ( 96.89)	Lr 1.000e-03 (1.000e-03)
2026-02-08 20:33:29,248 - INFO: Round 9, Face Fine-tune Epoch 5: loss=0.0810, acc(pseudo)=96.87%
2026-02-08 20:34:27,894 - INFO: Round 9, Face Fine-tune Epoch 5: acc(valid_pseudo): 0.9988, acc: 0.8393
2026-02-08 20:34:27,895 - INFO: Round 9, Face Fine-tune Epoch 5: No improvement. Patience(epoch): 1/3
2026-02-08 20:34:28,830 - INFO: Epoch: [6][  0/582]	Time  0.895 ( 0.895)	Loss 4.6436e-02 (4.6436e-02)	Acc pseudo  96.88 ( 96.88)	Lr 1.000e-03 (1.000e-03)
2026-02-08 20:34:33,515 - INFO: Epoch: [6][ 50/582]	Time  0.026 ( 0.050)	Loss 2.5530e-03 (7.2092e-02)	Acc pseudo 100.00 ( 97.33)	Lr 1.000e-03 (1.000e-03)
2026-02-08 20:34:38,157 - INFO: Epoch: [6][100/582]	Time  0.027 ( 0.039)	Loss 6.6060e-02 (6.9885e-02)	Acc pseudo  96.88 ( 97.25)	Lr 1.000e-03 (1.000e-03)
2026-02-08 20:34:42,803 - INFO: Epoch: [6][150/582]	Time  0.027 ( 0.035)	Loss 6.0453e-02 (7.5767e-02)	Acc pseudo  98.44 ( 97.21)	Lr 1.000e-03 (1.000e-03)
2026-02-08 20:34:47,451 - INFO: Epoch: [6][200/582]	Time  0.027 ( 0.033)	Loss 2.7486e-02 (7.7838e-02)	Acc pseudo 100.00 ( 97.11)	Lr 1.000e-03 (1.000e-03)
2026-02-08 20:34:52,099 - INFO: Epoch: [6][250/582]	Time  0.028 ( 0.032)	Loss 1.8420e-02 (8.0218e-02)	Acc pseudo 100.00 ( 96.97)	Lr 1.000e-03 (1.000e-03)
2026-02-08 20:34:56,747 - INFO: Epoch: [6][300/582]	Time  0.027 ( 0.032)	Loss 1.4508e-01 (8.3468e-02)	Acc pseudo  93.75 ( 96.82)	Lr 1.000e-03 (1.000e-03)
2026-02-08 20:35:01,396 - INFO: Epoch: [6][350/582]	Time  0.027 ( 0.031)	Loss 4.7537e-02 (8.3717e-02)	Acc pseudo  96.88 ( 96.78)	Lr 1.000e-03 (1.000e-03)
2026-02-08 20:35:06,048 - INFO: Epoch: [6][400/582]	Time  0.026 ( 0.030)	Loss 7.2934e-02 (8.5739e-02)	Acc pseudo  95.31 ( 96.80)	Lr 1.000e-03 (1.000e-03)
2026-02-08 20:35:10,752 - INFO: Epoch: [6][450/582]	Time  0.028 ( 0.030)	Loss 2.3609e-02 (8.4163e-02)	Acc pseudo  98.44 ( 96.82)	Lr 1.000e-03 (1.000e-03)
2026-02-08 20:35:15,446 - INFO: Epoch: [6][500/582]	Time  0.028 ( 0.030)	Loss 5.4174e-02 (8.3824e-02)	Acc pseudo  96.88 ( 96.84)	Lr 1.000e-03 (1.000e-03)
2026-02-08 20:35:20,095 - INFO: Epoch: [6][550/582]	Time  0.027 ( 0.030)	Loss 9.6925e-02 (8.3657e-02)	Acc pseudo  96.88 ( 96.84)	Lr 1.000e-03 (1.000e-03)
2026-02-08 20:35:22,987 - INFO: Round 9, Face Fine-tune Epoch 6: loss=0.0826, acc(pseudo)=96.87%
2026-02-08 20:36:20,026 - INFO: Round 9, Face Fine-tune Epoch 6: acc(valid_pseudo): 0.9990, acc: 0.8423
2026-02-08 20:36:21,764 - INFO: Epoch: [7][  0/582]	Time  0.568 ( 0.568)	Loss 1.0179e-01 (1.0179e-01)	Acc pseudo  95.31 ( 95.31)	Lr 1.000e-03 (1.000e-03)
2026-02-08 20:36:26,405 - INFO: Epoch: [7][ 50/582]	Time  0.027 ( 0.038)	Loss 5.5126e-02 (8.6634e-02)	Acc pseudo  98.44 ( 97.00)	Lr 1.000e-03 (1.000e-03)
2026-02-08 20:36:31,050 - INFO: Epoch: [7][100/582]	Time  0.027 ( 0.033)	Loss 1.7051e-01 (8.6324e-02)	Acc pseudo  93.75 ( 96.78)	Lr 1.000e-03 (1.000e-03)
2026-02-08 20:36:35,695 - INFO: Epoch: [7][150/582]	Time  0.027 ( 0.031)	Loss 3.1905e-02 (8.1639e-02)	Acc pseudo  96.88 ( 96.81)	Lr 1.000e-03 (1.000e-03)
2026-02-08 20:36:40,350 - INFO: Epoch: [7][200/582]	Time  0.026 ( 0.030)	Loss 6.6485e-02 (7.9932e-02)	Acc pseudo  96.88 ( 96.87)	Lr 1.000e-03 (1.000e-03)
2026-02-08 20:36:45,113 - INFO: Epoch: [7][250/582]	Time  0.029 ( 0.030)	Loss 1.2496e-01 (7.9393e-02)	Acc pseudo  93.75 ( 96.83)	Lr 1.000e-03 (1.000e-03)
2026-02-08 20:36:49,809 - INFO: Epoch: [7][300/582]	Time  0.026 ( 0.030)	Loss 1.1642e-01 (7.7210e-02)	Acc pseudo  96.88 ( 96.91)	Lr 1.000e-03 (1.000e-03)
2026-02-08 20:36:54,461 - INFO: Epoch: [7][350/582]	Time  0.027 ( 0.029)	Loss 1.0350e-01 (7.6870e-02)	Acc pseudo  92.19 ( 96.92)	Lr 1.000e-03 (1.000e-03)
2026-02-08 20:36:59,113 - INFO: Epoch: [7][400/582]	Time  0.028 ( 0.029)	Loss 1.0392e-01 (7.6922e-02)	Acc pseudo  95.31 ( 96.88)	Lr 1.000e-03 (1.000e-03)
2026-02-08 20:37:03,766 - INFO: Epoch: [7][450/582]	Time  0.027 ( 0.029)	Loss 4.0489e-02 (7.7312e-02)	Acc pseudo  96.88 ( 96.87)	Lr 1.000e-03 (1.000e-03)
2026-02-08 20:37:08,420 - INFO: Epoch: [7][500/582]	Time  0.029 ( 0.029)	Loss 6.0293e-02 (7.7339e-02)	Acc pseudo  96.88 ( 96.85)	Lr 1.000e-03 (1.000e-03)
2026-02-08 20:37:13,072 - INFO: Epoch: [7][550/582]	Time  0.026 ( 0.029)	Loss 5.8506e-02 (7.7440e-02)	Acc pseudo  98.44 ( 96.88)	Lr 1.000e-03 (1.000e-03)
2026-02-08 20:37:15,967 - INFO: Round 9, Face Fine-tune Epoch 7: loss=0.0771, acc(pseudo)=96.90%
2026-02-08 20:38:13,889 - INFO: Round 9, Face Fine-tune Epoch 7: acc(valid_pseudo): 0.9982, acc: 0.8393
2026-02-08 20:38:13,889 - INFO: Round 9, Face Fine-tune Epoch 7: No improvement. Patience(epoch): 1/3
2026-02-08 20:38:14,544 - INFO: Epoch: [8][  0/582]	Time  0.609 ( 0.609)	Loss 3.0254e-02 (3.0254e-02)	Acc pseudo  96.88 ( 96.88)	Lr 1.000e-03 (1.000e-03)
2026-02-08 20:38:19,184 - INFO: Epoch: [8][ 50/582]	Time  0.029 ( 0.040)	Loss 5.1406e-02 (6.5407e-02)	Acc pseudo  95.31 ( 97.18)	Lr 1.000e-03 (1.000e-03)
2026-02-08 20:38:23,828 - INFO: Epoch: [8][100/582]	Time  0.027 ( 0.034)	Loss 1.8974e-01 (7.2196e-02)	Acc pseudo  93.75 ( 96.91)	Lr 1.000e-03 (1.000e-03)
2026-02-08 20:38:28,479 - INFO: Epoch: [8][150/582]	Time  0.040 ( 0.033)	Loss 1.2688e-01 (7.6873e-02)	Acc pseudo  92.19 ( 96.81)	Lr 1.000e-03 (1.000e-03)
2026-02-08 20:38:33,132 - INFO: Epoch: [8][200/582]	Time  0.027 ( 0.032)	Loss 1.7470e-02 (7.9958e-02)	Acc pseudo 100.00 ( 96.75)	Lr 1.000e-03 (1.000e-03)
2026-02-08 20:38:37,785 - INFO: Epoch: [8][250/582]	Time  0.027 ( 0.031)	Loss 2.0169e-01 (7.9224e-02)	Acc pseudo  95.31 ( 96.81)	Lr 1.000e-03 (1.000e-03)
2026-02-08 20:38:42,439 - INFO: Epoch: [8][300/582]	Time  0.028 ( 0.031)	Loss 8.6336e-02 (8.0446e-02)	Acc pseudo  95.31 ( 96.80)	Lr 1.000e-03 (1.000e-03)
2026-02-08 20:38:47,095 - INFO: Epoch: [8][350/582]	Time  0.028 ( 0.030)	Loss 7.6118e-03 (8.2045e-02)	Acc pseudo 100.00 ( 96.78)	Lr 1.000e-03 (1.000e-03)
2026-02-08 20:38:51,751 - INFO: Epoch: [8][400/582]	Time  0.027 ( 0.030)	Loss 4.7382e-02 (8.3376e-02)	Acc pseudo  98.44 ( 96.71)	Lr 1.000e-03 (1.000e-03)
2026-02-08 20:38:56,406 - INFO: Epoch: [8][450/582]	Time  0.027 ( 0.030)	Loss 4.6949e-02 (8.1496e-02)	Acc pseudo  98.44 ( 96.76)	Lr 1.000e-03 (1.000e-03)
2026-02-08 20:39:01,063 - INFO: Epoch: [8][500/582]	Time  0.031 ( 0.030)	Loss 1.4450e-02 (8.1063e-02)	Acc pseudo 100.00 ( 96.80)	Lr 1.000e-03 (1.000e-03)
2026-02-08 20:39:05,717 - INFO: Epoch: [8][550/582]	Time  0.028 ( 0.029)	Loss 6.3417e-02 (8.0200e-02)	Acc pseudo  98.44 ( 96.85)	Lr 1.000e-03 (1.000e-03)
2026-02-08 20:39:08,612 - INFO: Round 9, Face Fine-tune Epoch 8: loss=0.0798, acc(pseudo)=96.86%
2026-02-08 20:40:05,388 - INFO: Round 9, Face Fine-tune Epoch 8: acc(valid_pseudo): 0.9989, acc: 0.8393
2026-02-08 20:40:05,388 - INFO: Round 9, Face Fine-tune Epoch 8: No improvement. Patience(epoch): 2/3
2026-02-08 20:40:05,992 - INFO: Epoch: [9][  0/582]	Time  0.569 ( 0.569)	Loss 1.5913e-01 (1.5913e-01)	Acc pseudo  93.75 ( 93.75)	Lr 1.000e-03 (1.000e-03)
2026-02-08 20:40:10,632 - INFO: Epoch: [9][ 50/582]	Time  0.027 ( 0.038)	Loss 1.5870e-01 (8.9999e-02)	Acc pseudo  96.88 ( 96.38)	Lr 1.000e-03 (1.000e-03)
2026-02-08 20:40:15,311 - INFO: Epoch: [9][100/582]	Time  0.026 ( 0.033)	Loss 1.7712e-01 (8.4596e-02)	Acc pseudo  93.75 ( 96.58)	Lr 1.000e-03 (1.000e-03)
2026-02-08 20:40:19,959 - INFO: Epoch: [9][150/582]	Time  0.026 ( 0.031)	Loss 5.0680e-02 (8.2831e-02)	Acc pseudo  96.88 ( 96.71)	Lr 1.000e-03 (1.000e-03)
2026-02-08 20:40:24,611 - INFO: Epoch: [9][200/582]	Time  0.027 ( 0.030)	Loss 7.3390e-02 (8.1612e-02)	Acc pseudo  98.44 ( 96.78)	Lr 1.000e-03 (1.000e-03)
2026-02-08 20:40:29,281 - INFO: Epoch: [9][250/582]	Time  0.027 ( 0.029)	Loss 7.9558e-02 (8.7207e-02)	Acc pseudo  98.44 ( 96.71)	Lr 1.000e-03 (1.000e-03)
2026-02-08 20:40:33,936 - INFO: Epoch: [9][300/582]	Time  0.028 ( 0.029)	Loss 4.8764e-02 (8.8290e-02)	Acc pseudo  96.88 ( 96.66)	Lr 1.000e-03 (1.000e-03)
2026-02-08 20:40:38,591 - INFO: Epoch: [9][350/582]	Time  0.027 ( 0.029)	Loss 4.3692e-02 (8.6092e-02)	Acc pseudo  98.44 ( 96.66)	Lr 1.000e-03 (1.000e-03)
2026-02-08 20:40:43,246 - INFO: Epoch: [9][400/582]	Time  0.030 ( 0.029)	Loss 1.8990e-01 (8.8550e-02)	Acc pseudo  92.19 ( 96.61)	Lr 1.000e-03 (1.000e-03)
2026-02-08 20:40:47,916 - INFO: Epoch: [9][450/582]	Time  0.027 ( 0.029)	Loss 7.0533e-02 (8.9157e-02)	Acc pseudo  96.88 ( 96.57)	Lr 1.000e-03 (1.000e-03)
2026-02-08 20:40:52,572 - INFO: Epoch: [9][500/582]	Time  0.027 ( 0.029)	Loss 9.0094e-02 (9.0611e-02)	Acc pseudo  93.75 ( 96.48)	Lr 1.000e-03 (1.000e-03)
2026-02-08 20:40:57,227 - INFO: Epoch: [9][550/582]	Time  0.027 ( 0.028)	Loss 3.5639e-02 (9.0870e-02)	Acc pseudo  98.44 ( 96.51)	Lr 1.000e-03 (1.000e-03)
2026-02-08 20:41:00,125 - INFO: Round 9, Face Fine-tune Epoch 9: loss=0.0902, acc(pseudo)=96.52%
2026-02-08 20:41:57,193 - INFO: Round 9, Face Fine-tune Epoch 9: acc(valid_pseudo): 0.9990, acc: 0.8393
2026-02-08 20:41:57,193 - INFO: Round 9, Face Fine-tune Epoch 9: No improvement. Patience(epoch): 3/3
2026-02-08 20:41:57,193 - INFO: Early stopping at face epoch 9
2026-02-08 20:41:57,194 - INFO: Round 9: Best face fine-tuned epoch=6, acc(valid_pseudo)=0.9990
2026-02-08 20:42:24,141 - INFO: Round 9: speaker_acc=0.7415
2026-02-08 20:42:24,145 - INFO: Round 9: face_acc=0.8423
2026-02-08 20:42:24,147 - INFO: ====================
2026-02-08 20:42:24,147 - INFO: Self-supervised fine-tuning completed!
2026-02-08 20:42:24,147 - INFO: Initial speaker: acc=0.6880
2026-02-08 20:42:24,147 - INFO: Final speaker at round 9: acc=0.7415
2026-02-08 20:42:24,147 - INFO: Speaker improvement: 0.0535 (7.78%)
2026-02-08 20:42:24,147 - INFO: Initial face: acc=0.8423
2026-02-08 20:42:24,147 - INFO: Final face at round 9: acc=0.8423
2026-02-08 20:42:24,148 - INFO: Face improvement: 0.0000 (0.00%)
2026-02-08 20:42:24,148 - INFO: ====================
