2026-01-14 12:28:00,573 - INFO: Starting self-supervised fine-tuning pipeline
2026-01-14 12:28:00,575 - INFO: Device: cuda:0
2026-01-14 12:28:00,578 - INFO: Saved arguments to runs/I love my family/exp_video/result/self_supervised/exp3/args.json
2026-01-14 12:28:00,578 - INFO: ====================
2026-01-14 12:28:00,578 - INFO: Initialization: Initial clustering with HMM correction
2026-01-14 12:28:00,578 - INFO: ====================
2026-01-14 12:28:00,643 - INFO: Skipping initial clustering, using existing results.
2026-01-14 12:28:15,495 - INFO: Initial: speaker_acc=0.8035
2026-01-14 12:28:15,496 - INFO: Initial: face_acc=0.8617
2026-01-14 12:28:15,528 - INFO: ====================
2026-01-14 12:28:15,529 - INFO: Round 0: Fine-tuning iteration
2026-01-14 12:28:15,529 - INFO: ====================
2026-01-14 12:28:15,591 - INFO: Round 0 Part 1: Fine-tuning embedding model
2026-01-14 12:28:15,593 - INFO: Using pseudo-label file: runs/I love my family/exp_video/result/self_supervised/exp3/initial/pseudo_label/pseudo_labels_audio_nested_hmm_full(unreliable_pp=100.0).json
2026-01-14 12:28:18,681 - INFO: Speaker embedding dimension: 512
2026-01-14 12:28:19,187 - INFO: Saved speaker config_model to runs/I love my family/exp_video/result/self_supervised/exp3/round0/config_model_speaker.json
2026-01-14 12:28:20,075 - INFO: Face embedding dimension: 512
2026-01-14 12:28:20,077 - INFO: Loading face pretrained model from pretrained_models/pytorch_model_tongyi.bin
2026-01-14 12:28:22,088 - INFO: Face model weights loaded successfully
2026-01-14 12:31:56,045 - INFO: Extracting hidden features for all speaker samples, which are outputs of StatsPool layer...
2026-01-14 12:31:56,045 - INFO: args.unfrozen_layers_num=2 is not used when extracting hidden features.
2026-01-14 12:42:31,526 - INFO: Hidden features extracted for 19225 speaker samples
2026-01-14 12:42:31,659 - INFO: For training, Using face pseudo-label file: runs/I love my family/exp_video/result/self_supervised/exp3/initial/pseudo_label/pseudo_labels_faces_mid_frame_train_nested_hmm_full.json
2026-01-14 12:42:31,665 - INFO: For infering, Using face pseudo-label file: runs/I love my family/exp_video/result/self_supervised/exp3/initial/pseudo_label/pseudo_labels_faces_mid_frame_all_nested_hmm_full.json
2026-01-14 12:42:31,799 - INFO: Created face dataloader with 37219 samples
2026-01-14 12:42:31,803 - INFO: Warmup training speaker classifier for 2 epochs...
2026-01-14 12:42:32,496 - INFO: Epoch: [0][  0/301]	Time  0.690 ( 0.690)	Loss 2.4915e+00 (2.4915e+00)	Acc pseudo   6.25 (  6.25)	Lr 1.000e-03 (1.000e-03)
2026-01-14 12:42:32,626 - INFO: Epoch: [0][ 50/301]	Time  0.002 ( 0.016)	Loss 1.2754e+00 (1.6617e+00)	Acc pseudo  67.19 ( 55.82)	Lr 1.000e-03 (1.000e-03)
2026-01-14 12:42:32,750 - INFO: Epoch: [0][100/301]	Time  0.002 ( 0.009)	Loss 8.8551e-01 (1.3600e+00)	Acc pseudo  78.12 ( 63.89)	Lr 1.000e-03 (1.000e-03)
2026-01-14 12:42:32,873 - INFO: Epoch: [0][150/301]	Time  0.002 ( 0.007)	Loss 9.7044e-01 (1.2302e+00)	Acc pseudo  70.31 ( 67.08)	Lr 1.000e-03 (1.000e-03)
2026-01-14 12:42:32,996 - INFO: Epoch: [0][200/301]	Time  0.002 ( 0.006)	Loss 8.1575e-01 (1.1417e+00)	Acc pseudo  76.56 ( 68.98)	Lr 1.000e-03 (1.000e-03)
2026-01-14 12:42:33,117 - INFO: Epoch: [0][250/301]	Time  0.002 ( 0.005)	Loss 8.5400e-01 (1.0919e+00)	Acc pseudo  76.56 ( 70.12)	Lr 1.000e-03 (1.000e-03)
2026-01-14 12:42:33,233 - INFO: Epoch: [0][300/301]	Time  0.003 ( 0.005)	Loss 8.2881e-01 (1.0600e+00)	Acc pseudo  68.00 ( 70.93)	Lr 1.000e-03 (1.000e-03)
2026-01-14 12:42:33,301 - INFO: Round 0, Speaker Warmup Epoch 0: loss=1.0600, acc(pseudo)=70.93%
2026-01-14 12:42:33,552 - INFO: Epoch: [1][  0/301]	Time  0.246 ( 0.246)	Loss 1.0461e+00 (1.0461e+00)	Acc pseudo  71.88 ( 71.88)	Lr 1.000e-03 (1.000e-03)
2026-01-14 12:42:33,686 - INFO: Epoch: [1][ 50/301]	Time  0.003 ( 0.007)	Loss 6.8861e-01 (8.2198e-01)	Acc pseudo  79.69 ( 76.87)	Lr 1.000e-03 (1.000e-03)
2026-01-14 12:42:33,811 - INFO: Epoch: [1][100/301]	Time  0.003 ( 0.005)	Loss 6.9144e-01 (8.0421e-01)	Acc pseudo  78.12 ( 77.40)	Lr 1.000e-03 (1.000e-03)
2026-01-14 12:42:33,940 - INFO: Epoch: [1][150/301]	Time  0.003 ( 0.004)	Loss 8.1745e-01 (8.1137e-01)	Acc pseudo  62.50 ( 77.03)	Lr 1.000e-03 (1.000e-03)
2026-01-14 12:42:34,064 - INFO: Epoch: [1][200/301]	Time  0.002 ( 0.004)	Loss 9.0114e-01 (8.1708e-01)	Acc pseudo  76.56 ( 76.74)	Lr 1.000e-03 (1.000e-03)
2026-01-14 12:42:34,187 - INFO: Epoch: [1][250/301]	Time  0.002 ( 0.003)	Loss 1.0674e+00 (8.1667e-01)	Acc pseudo  78.12 ( 76.81)	Lr 1.000e-03 (1.000e-03)
2026-01-14 12:42:34,300 - INFO: Epoch: [1][300/301]	Time  0.002 ( 0.003)	Loss 8.7473e-01 (8.2143e-01)	Acc pseudo  68.00 ( 76.71)	Lr 1.000e-03 (1.000e-03)
2026-01-14 12:42:34,360 - INFO: Round 0, Speaker Warmup Epoch 1: loss=0.8214, acc(pseudo)=76.71%
2026-01-14 12:42:34,364 - INFO: Warmup training face classifier for 2 epochs...
2026-01-14 12:42:35,481 - INFO: Epoch: [0][  0/582]	Time  1.101 ( 1.101)	Loss 2.4211e+00 (2.4211e+00)	Acc pseudo   4.69 (  4.69)	Lr 1.000e-03 (1.000e-03)
2026-01-14 12:42:40,615 - INFO: Epoch: [0][ 50/582]	Time  0.026 ( 0.059)	Loss 1.6759e+00 (2.0420e+00)	Acc pseudo  51.56 ( 39.83)	Lr 1.000e-03 (1.000e-03)
2026-01-14 12:42:45,180 - INFO: Epoch: [0][100/582]	Time  0.026 ( 0.043)	Loss 1.1339e+00 (1.7661e+00)	Acc pseudo  68.75 ( 51.70)	Lr 1.000e-03 (1.000e-03)
2026-01-14 12:42:49,746 - INFO: Epoch: [0][150/582]	Time  0.026 ( 0.038)	Loss 1.1870e+00 (1.5854e+00)	Acc pseudo  70.31 ( 57.03)	Lr 1.000e-03 (1.000e-03)
2026-01-14 12:42:54,319 - INFO: Epoch: [0][200/582]	Time  0.028 ( 0.035)	Loss 8.6726e-01 (1.4674e+00)	Acc pseudo  78.12 ( 59.90)	Lr 1.000e-03 (1.000e-03)
2026-01-14 12:42:58,895 - INFO: Epoch: [0][250/582]	Time  0.025 ( 0.033)	Loss 1.0361e+00 (1.3817e+00)	Acc pseudo  64.06 ( 61.77)	Lr 1.000e-03 (1.000e-03)
2026-01-14 12:43:03,478 - INFO: Epoch: [0][300/582]	Time  0.032 ( 0.032)	Loss 7.2056e-01 (1.3087e+00)	Acc pseudo  76.56 ( 63.42)	Lr 1.000e-03 (1.000e-03)
2026-01-14 12:43:08,056 - INFO: Epoch: [0][350/582]	Time  0.025 ( 0.032)	Loss 6.9469e-01 (1.2550e+00)	Acc pseudo  82.81 ( 64.56)	Lr 1.000e-03 (1.000e-03)
2026-01-14 12:43:12,640 - INFO: Epoch: [0][400/582]	Time  0.026 ( 0.031)	Loss 6.4394e-01 (1.2075e+00)	Acc pseudo  81.25 ( 65.54)	Lr 1.000e-03 (1.000e-03)
2026-01-14 12:43:17,332 - INFO: Epoch: [0][450/582]	Time  0.025 ( 0.030)	Loss 9.1107e-01 (1.1713e+00)	Acc pseudo  79.69 ( 66.14)	Lr 1.000e-03 (1.000e-03)
2026-01-14 12:43:22,437 - INFO: Epoch: [0][500/582]	Time  0.027 ( 0.031)	Loss 6.1844e-01 (1.1445e+00)	Acc pseudo  79.69 ( 66.72)	Lr 1.000e-03 (1.000e-03)
2026-01-14 12:43:27,498 - INFO: Epoch: [0][550/582]	Time  0.033 ( 0.032)	Loss 1.0242e+00 (1.1188e+00)	Acc pseudo  73.44 ( 67.18)	Lr 1.000e-03 (1.000e-03)
2026-01-14 12:43:30,415 - INFO: Round 0, Face Warmup Epoch 0: loss=1.1046, acc(pseudo)=67.47%
2026-01-14 12:43:30,918 - INFO: Epoch: [1][  0/582]	Time  0.445 ( 0.445)	Loss 1.0127e+00 (1.0127e+00)	Acc pseudo  75.00 ( 75.00)	Lr 1.000e-03 (1.000e-03)
2026-01-14 12:43:35,521 - INFO: Epoch: [1][ 50/582]	Time  0.026 ( 0.034)	Loss 9.1762e-01 (8.4606e-01)	Acc pseudo  75.00 ( 72.27)	Lr 1.000e-03 (1.000e-03)
2026-01-14 12:43:40,104 - INFO: Epoch: [1][100/582]	Time  0.025 ( 0.030)	Loss 6.6740e-01 (8.2369e-01)	Acc pseudo  84.38 ( 72.90)	Lr 1.000e-03 (1.000e-03)
2026-01-14 12:43:44,696 - INFO: Epoch: [1][150/582]	Time  0.025 ( 0.028)	Loss 8.4127e-01 (8.0293e-01)	Acc pseudo  68.75 ( 73.44)	Lr 1.000e-03 (1.000e-03)
2026-01-14 12:43:49,285 - INFO: Epoch: [1][200/582]	Time  0.024 ( 0.027)	Loss 5.8569e-01 (8.0400e-01)	Acc pseudo  76.56 ( 73.39)	Lr 1.000e-03 (1.000e-03)
2026-01-14 12:43:53,878 - INFO: Epoch: [1][250/582]	Time  0.024 ( 0.027)	Loss 6.6578e-01 (8.0218e-01)	Acc pseudo  75.00 ( 73.38)	Lr 1.000e-03 (1.000e-03)
2026-01-14 12:43:58,465 - INFO: Epoch: [1][300/582]	Time  0.024 ( 0.027)	Loss 7.8516e-01 (8.0051e-01)	Acc pseudo  76.56 ( 73.47)	Lr 1.000e-03 (1.000e-03)
2026-01-14 12:44:03,052 - INFO: Epoch: [1][350/582]	Time  0.025 ( 0.027)	Loss 4.3569e-01 (7.9846e-01)	Acc pseudo  85.94 ( 73.56)	Lr 1.000e-03 (1.000e-03)
2026-01-14 12:44:07,643 - INFO: Epoch: [1][400/582]	Time  0.024 ( 0.026)	Loss 8.0797e-01 (7.9712e-01)	Acc pseudo  68.75 ( 73.57)	Lr 1.000e-03 (1.000e-03)
2026-01-14 12:44:12,229 - INFO: Epoch: [1][450/582]	Time  0.024 ( 0.026)	Loss 1.2433e+00 (7.9600e-01)	Acc pseudo  60.94 ( 73.61)	Lr 1.000e-03 (1.000e-03)
2026-01-14 12:44:16,820 - INFO: Epoch: [1][500/582]	Time  0.024 ( 0.026)	Loss 6.5411e-01 (7.9172e-01)	Acc pseudo  70.31 ( 73.71)	Lr 1.000e-03 (1.000e-03)
2026-01-14 12:44:21,412 - INFO: Epoch: [1][550/582]	Time  0.024 ( 0.026)	Loss 8.1653e-01 (7.9007e-01)	Acc pseudo  76.56 ( 73.65)	Lr 1.000e-03 (1.000e-03)
2026-01-14 12:44:24,313 - INFO: Round 0, Face Warmup Epoch 1: loss=0.7911, acc(pseudo)=73.65%
2026-01-14 12:44:24,325 - INFO: Fine-tuning speaker embedding model for 20 epochs...
2026-01-14 12:44:25,259 - INFO: Epoch: [0][  0/301]	Time  0.930 ( 0.930)	Loss 8.2364e-01 (8.2364e-01)	Acc pseudo  71.88 ( 71.88)	Lr 1.000e-03 (1.000e-03)
2026-01-14 12:44:25,413 - INFO: Epoch: [0][ 50/301]	Time  0.003 ( 0.021)	Loss 1.1052e+00 (1.0101e+00)	Acc pseudo  68.75 ( 71.88)	Lr 1.000e-03 (1.000e-03)
2026-01-14 12:44:25,561 - INFO: Epoch: [0][100/301]	Time  0.003 ( 0.012)	Loss 1.3899e+00 (9.7800e-01)	Acc pseudo  65.62 ( 72.25)	Lr 1.000e-03 (1.000e-03)
2026-01-14 12:44:25,701 - INFO: Epoch: [0][150/301]	Time  0.002 ( 0.009)	Loss 5.9875e-01 (9.6009e-01)	Acc pseudo  81.25 ( 72.53)	Lr 1.000e-03 (1.000e-03)
2026-01-14 12:44:25,838 - INFO: Epoch: [0][200/301]	Time  0.003 ( 0.007)	Loss 7.7145e-01 (9.4189e-01)	Acc pseudo  75.00 ( 72.87)	Lr 1.000e-03 (1.000e-03)
2026-01-14 12:44:25,970 - INFO: Epoch: [0][250/301]	Time  0.003 ( 0.006)	Loss 1.1968e+00 (9.3316e-01)	Acc pseudo  78.12 ( 73.01)	Lr 1.000e-03 (1.000e-03)
2026-01-14 12:44:26,104 - INFO: Epoch: [0][300/301]	Time  0.004 ( 0.006)	Loss 1.4505e+00 (9.3108e-01)	Acc pseudo  84.00 ( 73.11)	Lr 1.000e-03 (1.000e-03)
2026-01-14 12:44:26,171 - INFO: Round 0, Fine-tune Epoch 0: loss=0.9311, acc(pseudo)=73.11%
2026-01-14 12:44:32,995 - INFO: Round 0, Fine-tune Epoch 0: acc(valid_pseudo): 0.7635, acc: 0.6545
2026-01-14 12:44:33,572 - INFO: Epoch: [1][  0/301]	Time  0.241 ( 0.241)	Loss 7.2780e-01 (7.2780e-01)	Acc pseudo  70.31 ( 70.31)	Lr 1.000e-03 (1.000e-03)
2026-01-14 12:44:33,735 - INFO: Epoch: [1][ 50/301]	Time  0.002 ( 0.008)	Loss 8.4375e-01 (8.1367e-01)	Acc pseudo  73.44 ( 75.12)	Lr 1.000e-03 (1.000e-03)
2026-01-14 12:44:33,885 - INFO: Epoch: [1][100/301]	Time  0.003 ( 0.005)	Loss 1.2910e+00 (8.0143e-01)	Acc pseudo  73.44 ( 75.67)	Lr 1.000e-03 (1.000e-03)
2026-01-14 12:44:34,037 - INFO: Epoch: [1][150/301]	Time  0.003 ( 0.005)	Loss 7.7839e-01 (8.1629e-01)	Acc pseudo  75.00 ( 75.67)	Lr 1.000e-03 (1.000e-03)
2026-01-14 12:44:34,185 - INFO: Epoch: [1][200/301]	Time  0.003 ( 0.004)	Loss 9.2514e-01 (8.0957e-01)	Acc pseudo  71.88 ( 75.90)	Lr 1.000e-03 (1.000e-03)
2026-01-14 12:44:34,331 - INFO: Epoch: [1][250/301]	Time  0.003 ( 0.004)	Loss 7.9345e-01 (8.0756e-01)	Acc pseudo  71.88 ( 76.18)	Lr 1.000e-03 (1.000e-03)
2026-01-14 12:44:34,462 - INFO: Epoch: [1][300/301]	Time  0.002 ( 0.004)	Loss 1.0984e+00 (8.0941e-01)	Acc pseudo  68.00 ( 76.14)	Lr 1.000e-03 (1.000e-03)
2026-01-14 12:44:34,523 - INFO: Round 0, Fine-tune Epoch 1: loss=0.8094, acc(pseudo)=76.14%
2026-01-14 12:44:41,760 - INFO: Round 0, Fine-tune Epoch 1: acc(valid_pseudo): 0.8953, acc: 0.7640
2026-01-14 12:44:42,252 - INFO: Epoch: [2][  0/301]	Time  0.255 ( 0.255)	Loss 9.4171e-01 (9.4171e-01)	Acc pseudo  64.06 ( 64.06)	Lr 1.000e-03 (1.000e-03)
2026-01-14 12:44:42,428 - INFO: Epoch: [2][ 50/301]	Time  0.003 ( 0.008)	Loss 7.1230e-01 (7.4950e-01)	Acc pseudo  78.12 ( 76.35)	Lr 1.000e-03 (1.000e-03)
2026-01-14 12:44:42,572 - INFO: Epoch: [2][100/301]	Time  0.003 ( 0.006)	Loss 1.0447e+00 (7.5854e-01)	Acc pseudo  73.44 ( 77.03)	Lr 1.000e-03 (1.000e-03)
2026-01-14 12:44:42,718 - INFO: Epoch: [2][150/301]	Time  0.003 ( 0.005)	Loss 5.6805e-01 (7.5949e-01)	Acc pseudo  81.25 ( 77.25)	Lr 1.000e-03 (1.000e-03)
2026-01-14 12:44:42,860 - INFO: Epoch: [2][200/301]	Time  0.003 ( 0.004)	Loss 7.0214e-01 (7.6656e-01)	Acc pseudo  73.44 ( 77.04)	Lr 1.000e-03 (1.000e-03)
2026-01-14 12:44:43,007 - INFO: Epoch: [2][250/301]	Time  0.003 ( 0.004)	Loss 5.2932e-01 (7.6868e-01)	Acc pseudo  84.38 ( 76.90)	Lr 1.000e-03 (1.000e-03)
2026-01-14 12:44:43,142 - INFO: Epoch: [2][300/301]	Time  0.002 ( 0.004)	Loss 8.4765e-01 (7.6553e-01)	Acc pseudo  72.00 ( 76.97)	Lr 1.000e-03 (1.000e-03)
2026-01-14 12:44:43,211 - INFO: Round 0, Fine-tune Epoch 2: loss=0.7655, acc(pseudo)=76.97%
2026-01-14 12:44:52,576 - INFO: Round 0, Fine-tune Epoch 2: acc(valid_pseudo): 0.9122, acc: 0.7645
2026-01-14 12:44:52,991 - INFO: Epoch: [3][  0/301]	Time  0.244 ( 0.244)	Loss 6.6294e-01 (6.6294e-01)	Acc pseudo  79.69 ( 79.69)	Lr 1.000e-03 (1.000e-03)
2026-01-14 12:44:53,160 - INFO: Epoch: [3][ 50/301]	Time  0.003 ( 0.008)	Loss 5.3844e-01 (6.9679e-01)	Acc pseudo  84.38 ( 79.63)	Lr 1.000e-03 (1.000e-03)
2026-01-14 12:44:53,310 - INFO: Epoch: [3][100/301]	Time  0.002 ( 0.005)	Loss 7.7672e-01 (7.1901e-01)	Acc pseudo  75.00 ( 78.59)	Lr 1.000e-03 (1.000e-03)
2026-01-14 12:44:53,474 - INFO: Epoch: [3][150/301]	Time  0.003 ( 0.005)	Loss 4.0656e-01 (7.2316e-01)	Acc pseudo  85.94 ( 78.54)	Lr 1.000e-03 (1.000e-03)
2026-01-14 12:44:53,622 - INFO: Epoch: [3][200/301]	Time  0.003 ( 0.004)	Loss 6.4825e-01 (7.3349e-01)	Acc pseudo  81.25 ( 78.15)	Lr 1.000e-03 (1.000e-03)
2026-01-14 12:44:53,772 - INFO: Epoch: [3][250/301]	Time  0.003 ( 0.004)	Loss 1.0138e+00 (7.3301e-01)	Acc pseudo  68.75 ( 78.11)	Lr 1.000e-03 (1.000e-03)
2026-01-14 12:44:53,911 - INFO: Epoch: [3][300/301]	Time  0.002 ( 0.004)	Loss 6.3608e-01 (7.3749e-01)	Acc pseudo  80.00 ( 77.95)	Lr 1.000e-03 (1.000e-03)
2026-01-14 12:44:53,975 - INFO: Round 0, Fine-tune Epoch 3: loss=0.7375, acc(pseudo)=77.95%
2026-01-14 12:45:00,808 - INFO: Round 0, Fine-tune Epoch 3: acc(valid_pseudo): 0.9364, acc: 0.8175
2026-01-14 12:45:01,208 - INFO: Epoch: [4][  0/301]	Time  0.230 ( 0.230)	Loss 8.9665e-01 (8.9665e-01)	Acc pseudo  68.75 ( 68.75)	Lr 1.000e-03 (1.000e-03)
2026-01-14 12:45:01,384 - INFO: Epoch: [4][ 50/301]	Time  0.003 ( 0.008)	Loss 4.9678e-01 (7.0572e-01)	Acc pseudo  84.38 ( 78.31)	Lr 1.000e-03 (1.000e-03)
2026-01-14 12:45:01,531 - INFO: Epoch: [4][100/301]	Time  0.003 ( 0.005)	Loss 8.2481e-01 (7.0295e-01)	Acc pseudo  85.94 ( 78.26)	Lr 1.000e-03 (1.000e-03)
2026-01-14 12:45:01,682 - INFO: Epoch: [4][150/301]	Time  0.003 ( 0.005)	Loss 6.9441e-01 (7.1202e-01)	Acc pseudo  78.12 ( 78.34)	Lr 1.000e-03 (1.000e-03)
2026-01-14 12:45:01,828 - INFO: Epoch: [4][200/301]	Time  0.003 ( 0.004)	Loss 1.2714e+00 (7.1086e-01)	Acc pseudo  62.50 ( 78.23)	Lr 1.000e-03 (1.000e-03)
2026-01-14 12:45:01,983 - INFO: Epoch: [4][250/301]	Time  0.003 ( 0.004)	Loss 8.5791e-01 (7.0859e-01)	Acc pseudo  75.00 ( 78.29)	Lr 1.000e-03 (1.000e-03)
2026-01-14 12:45:02,120 - INFO: Epoch: [4][300/301]	Time  0.002 ( 0.004)	Loss 5.1736e-01 (7.1175e-01)	Acc pseudo  84.00 ( 78.22)	Lr 1.000e-03 (1.000e-03)
2026-01-14 12:45:02,182 - INFO: Round 0, Fine-tune Epoch 4: loss=0.7117, acc(pseudo)=78.22%
2026-01-14 12:45:09,499 - INFO: Round 0, Fine-tune Epoch 4: acc(valid_pseudo): 0.9277, acc: 0.7815
2026-01-14 12:45:09,499 - INFO: Round 0, Speaker Fine-tune Epoch 4: No improvement in validation accuracy. Patience(epoch): 1/3
2026-01-14 12:45:09,734 - INFO: Epoch: [5][  0/301]	Time  0.230 ( 0.230)	Loss 7.6121e-01 (7.6121e-01)	Acc pseudo  75.00 ( 75.00)	Lr 1.000e-03 (1.000e-03)
2026-01-14 12:45:09,915 - INFO: Epoch: [5][ 50/301]	Time  0.003 ( 0.008)	Loss 6.1794e-01 (6.8791e-01)	Acc pseudo  81.25 ( 79.29)	Lr 1.000e-03 (1.000e-03)
2026-01-14 12:45:10,065 - INFO: Epoch: [5][100/301]	Time  0.003 ( 0.005)	Loss 4.3399e-01 (6.8818e-01)	Acc pseudo  81.25 ( 79.08)	Lr 1.000e-03 (1.000e-03)
2026-01-14 12:45:10,211 - INFO: Epoch: [5][150/301]	Time  0.003 ( 0.005)	Loss 8.0892e-01 (7.0199e-01)	Acc pseudo  78.12 ( 78.55)	Lr 1.000e-03 (1.000e-03)
2026-01-14 12:45:10,357 - INFO: Epoch: [5][200/301]	Time  0.003 ( 0.004)	Loss 9.1049e-01 (7.0161e-01)	Acc pseudo  75.00 ( 78.54)	Lr 1.000e-03 (1.000e-03)
2026-01-14 12:45:10,502 - INFO: Epoch: [5][250/301]	Time  0.003 ( 0.004)	Loss 8.5519e-01 (7.0023e-01)	Acc pseudo  71.88 ( 78.49)	Lr 1.000e-03 (1.000e-03)
2026-01-14 12:45:10,645 - INFO: Epoch: [5][300/301]	Time  0.002 ( 0.004)	Loss 3.1590e-01 (6.9031e-01)	Acc pseudo  96.00 ( 78.90)	Lr 1.000e-03 (1.000e-03)
2026-01-14 12:45:10,708 - INFO: Round 0, Fine-tune Epoch 5: loss=0.6903, acc(pseudo)=78.90%
2026-01-14 12:45:17,764 - INFO: Round 0, Fine-tune Epoch 5: acc(valid_pseudo): 0.8752, acc: 0.7520
2026-01-14 12:45:17,764 - INFO: Round 0, Speaker Fine-tune Epoch 5: No improvement in validation accuracy. Patience(epoch): 2/3
2026-01-14 12:45:17,764 - INFO: Early stopping at epoch 5 due to significant drop in pseudo-label validation accuracy: 0.9277 -> 0.8752.
2026-01-14 12:45:17,765 - INFO: Round 0: Best speaker fine-tuned epoch=3, acc(valid_pseudo)=0.9364
2026-01-14 12:45:17,770 - INFO: Fine-tuning face embedding model for 20 epochs...
2026-01-14 12:45:18,314 - INFO: Epoch: [0][  0/582]	Time  0.541 ( 0.541)	Loss 6.1456e-01 (6.1456e-01)	Acc pseudo  78.12 ( 78.12)	Lr 1.000e-03 (1.000e-03)
2026-01-14 12:45:22,966 - INFO: Epoch: [0][ 50/582]	Time  0.027 ( 0.038)	Loss 2.2527e+00 (1.7036e+00)	Acc pseudo  57.81 ( 61.98)	Lr 1.000e-03 (1.000e-03)
2026-01-14 12:45:27,614 - INFO: Epoch: [0][100/582]	Time  0.027 ( 0.035)	Loss 9.7586e-01 (1.4697e+00)	Acc pseudo  70.31 ( 64.67)	Lr 1.000e-03 (1.000e-03)
2026-01-14 12:45:32,266 - INFO: Epoch: [0][150/582]	Time  0.026 ( 0.033)	Loss 8.1923e-01 (1.3025e+00)	Acc pseudo  67.19 ( 67.10)	Lr 1.000e-03 (1.000e-03)
2026-01-14 12:45:36,922 - INFO: Epoch: [0][200/582]	Time  0.026 ( 0.031)	Loss 5.4095e-01 (1.1735e+00)	Acc pseudo  82.81 ( 69.10)	Lr 1.000e-03 (1.000e-03)
2026-01-14 12:45:41,578 - INFO: Epoch: [0][250/582]	Time  0.028 ( 0.031)	Loss 5.8733e-01 (1.1108e+00)	Acc pseudo  71.88 ( 69.76)	Lr 1.000e-03 (1.000e-03)
2026-01-14 12:45:46,239 - INFO: Epoch: [0][300/582]	Time  0.028 ( 0.031)	Loss 7.2085e-01 (1.0478e+00)	Acc pseudo  76.56 ( 70.69)	Lr 1.000e-03 (1.000e-03)
2026-01-14 12:45:50,896 - INFO: Epoch: [0][350/582]	Time  0.030 ( 0.030)	Loss 3.8393e-01 (9.9733e-01)	Acc pseudo  87.50 ( 71.42)	Lr 1.000e-03 (1.000e-03)
2026-01-14 12:45:55,558 - INFO: Epoch: [0][400/582]	Time  0.026 ( 0.030)	Loss 3.9250e-01 (9.5787e-01)	Acc pseudo  85.94 ( 72.10)	Lr 1.000e-03 (1.000e-03)
2026-01-14 12:46:00,216 - INFO: Epoch: [0][450/582]	Time  0.027 ( 0.030)	Loss 5.9013e-01 (9.2267e-01)	Acc pseudo  76.56 ( 72.61)	Lr 1.000e-03 (1.000e-03)
2026-01-14 12:46:04,877 - INFO: Epoch: [0][500/582]	Time  0.028 ( 0.029)	Loss 5.8063e-01 (8.9736e-01)	Acc pseudo  78.12 ( 72.99)	Lr 1.000e-03 (1.000e-03)
2026-01-14 12:46:09,537 - INFO: Epoch: [0][550/582]	Time  0.027 ( 0.029)	Loss 6.5299e-01 (8.7379e-01)	Acc pseudo  75.00 ( 73.36)	Lr 1.000e-03 (1.000e-03)
2026-01-14 12:46:12,482 - INFO: Round 0, Face Fine-tune Epoch 0: loss=0.8597, acc(pseudo)=73.60%
2026-01-14 12:47:12,116 - INFO: Round 0, Face Fine-tune Epoch 0: acc(valid_pseudo): 0.9149, acc: 0.8257
2026-01-14 12:47:13,255 - INFO: Epoch: [1][  0/582]	Time  0.506 ( 0.506)	Loss 5.5013e-01 (5.5013e-01)	Acc pseudo  81.25 ( 81.25)	Lr 1.000e-03 (1.000e-03)
2026-01-14 12:47:17,923 - INFO: Epoch: [1][ 50/582]	Time  0.029 ( 0.037)	Loss 8.1389e-01 (5.4571e-01)	Acc pseudo  82.81 ( 80.67)	Lr 1.000e-03 (1.000e-03)
2026-01-14 12:47:22,579 - INFO: Epoch: [1][100/582]	Time  0.028 ( 0.032)	Loss 3.7475e-01 (5.2416e-01)	Acc pseudo  85.94 ( 80.74)	Lr 1.000e-03 (1.000e-03)
2026-01-14 12:47:27,242 - INFO: Epoch: [1][150/582]	Time  0.026 ( 0.030)	Loss 4.0752e-01 (5.0067e-01)	Acc pseudo  82.81 ( 81.43)	Lr 1.000e-03 (1.000e-03)
2026-01-14 12:47:31,904 - INFO: Epoch: [1][200/582]	Time  0.027 ( 0.029)	Loss 3.0041e-01 (5.0151e-01)	Acc pseudo  87.50 ( 81.50)	Lr 1.000e-03 (1.000e-03)
2026-01-14 12:47:36,570 - INFO: Epoch: [1][250/582]	Time  0.026 ( 0.029)	Loss 4.5130e-01 (5.0883e-01)	Acc pseudo  79.69 ( 81.31)	Lr 1.000e-03 (1.000e-03)
2026-01-14 12:47:41,241 - INFO: Epoch: [1][300/582]	Time  0.031 ( 0.030)	Loss 3.5603e-01 (5.0828e-01)	Acc pseudo  90.62 ( 81.30)	Lr 1.000e-03 (1.000e-03)
2026-01-14 12:47:45,912 - INFO: Epoch: [1][350/582]	Time  0.026 ( 0.030)	Loss 3.0645e-01 (5.1282e-01)	Acc pseudo  85.94 ( 81.11)	Lr 1.000e-03 (1.000e-03)
2026-01-14 12:47:50,581 - INFO: Epoch: [1][400/582]	Time  0.027 ( 0.030)	Loss 6.6846e-01 (5.1159e-01)	Acc pseudo  70.31 ( 81.06)	Lr 1.000e-03 (1.000e-03)
2026-01-14 12:47:55,249 - INFO: Epoch: [1][450/582]	Time  0.027 ( 0.029)	Loss 6.2701e-01 (5.1615e-01)	Acc pseudo  73.44 ( 81.00)	Lr 1.000e-03 (1.000e-03)
2026-01-14 12:47:59,934 - INFO: Epoch: [1][500/582]	Time  0.032 ( 0.029)	Loss 6.0320e-01 (5.1430e-01)	Acc pseudo  75.00 ( 81.08)	Lr 1.000e-03 (1.000e-03)
2026-01-14 12:48:04,608 - INFO: Epoch: [1][550/582]	Time  0.027 ( 0.030)	Loss 7.1112e-01 (5.1537e-01)	Acc pseudo  79.69 ( 81.02)	Lr 1.000e-03 (1.000e-03)
2026-01-14 12:48:07,565 - INFO: Round 0, Face Fine-tune Epoch 1: loss=0.5178, acc(pseudo)=81.00%
2026-01-14 12:49:05,236 - INFO: Round 0, Face Fine-tune Epoch 1: acc(valid_pseudo): 0.9327, acc: 0.8218
2026-01-14 12:49:06,312 - INFO: Epoch: [2][  0/582]	Time  0.520 ( 0.520)	Loss 2.4645e-01 (2.4645e-01)	Acc pseudo  85.94 ( 85.94)	Lr 1.000e-03 (1.000e-03)
2026-01-14 12:49:10,979 - INFO: Epoch: [2][ 50/582]	Time  0.030 ( 0.043)	Loss 5.1481e-01 (4.2952e-01)	Acc pseudo  78.12 ( 82.87)	Lr 1.000e-03 (1.000e-03)
2026-01-14 12:49:15,645 - INFO: Epoch: [2][100/582]	Time  0.030 ( 0.037)	Loss 5.2713e-01 (4.5202e-01)	Acc pseudo  81.25 ( 82.27)	Lr 1.000e-03 (1.000e-03)
2026-01-14 12:49:20,313 - INFO: Epoch: [2][150/582]	Time  0.030 ( 0.034)	Loss 6.8584e-01 (4.5329e-01)	Acc pseudo  79.69 ( 82.56)	Lr 1.000e-03 (1.000e-03)
2026-01-14 12:49:24,981 - INFO: Epoch: [2][200/582]	Time  0.027 ( 0.033)	Loss 4.0887e-01 (4.5930e-01)	Acc pseudo  79.69 ( 82.73)	Lr 1.000e-03 (1.000e-03)
2026-01-14 12:49:29,931 - INFO: Epoch: [2][250/582]	Time  0.027 ( 0.033)	Loss 5.3291e-01 (4.5962e-01)	Acc pseudo  78.12 ( 82.76)	Lr 1.000e-03 (1.000e-03)
2026-01-14 12:49:34,601 - INFO: Epoch: [2][300/582]	Time  0.027 ( 0.032)	Loss 8.0262e-01 (4.6346e-01)	Acc pseudo  78.12 ( 82.64)	Lr 1.000e-03 (1.000e-03)
2026-01-14 12:49:39,272 - INFO: Epoch: [2][350/582]	Time  0.026 ( 0.031)	Loss 3.4697e-01 (4.6056e-01)	Acc pseudo  89.06 ( 82.75)	Lr 1.000e-03 (1.000e-03)
2026-01-14 12:49:43,943 - INFO: Epoch: [2][400/582]	Time  0.037 ( 0.031)	Loss 5.3953e-01 (4.6577e-01)	Acc pseudo  84.38 ( 82.59)	Lr 1.000e-03 (1.000e-03)
2026-01-14 12:49:48,620 - INFO: Epoch: [2][450/582]	Time  0.034 ( 0.031)	Loss 5.6227e-01 (4.6823e-01)	Acc pseudo  79.69 ( 82.50)	Lr 1.000e-03 (1.000e-03)
2026-01-14 12:49:53,296 - INFO: Epoch: [2][500/582]	Time  0.027 ( 0.031)	Loss 4.1510e-01 (4.6827e-01)	Acc pseudo  78.12 ( 82.44)	Lr 1.000e-03 (1.000e-03)
2026-01-14 12:49:57,970 - INFO: Epoch: [2][550/582]	Time  0.028 ( 0.031)	Loss 5.0694e-01 (4.6794e-01)	Acc pseudo  81.25 ( 82.46)	Lr 1.000e-03 (1.000e-03)
2026-01-14 12:50:00,948 - INFO: Round 0, Face Fine-tune Epoch 2: loss=0.4685, acc(pseudo)=82.40%
2026-01-14 12:50:59,496 - INFO: Round 0, Face Fine-tune Epoch 2: acc(valid_pseudo): 0.9394, acc: 0.8354
2026-01-14 12:51:00,396 - INFO: Epoch: [3][  0/582]	Time  0.482 ( 0.482)	Loss 5.4621e-01 (5.4621e-01)	Acc pseudo  75.00 ( 75.00)	Lr 1.000e-03 (1.000e-03)
2026-01-14 12:51:05,066 - INFO: Epoch: [3][ 50/582]	Time  0.028 ( 0.039)	Loss 3.8037e-01 (4.5698e-01)	Acc pseudo  87.50 ( 83.15)	Lr 1.000e-03 (1.000e-03)
2026-01-14 12:51:09,733 - INFO: Epoch: [3][100/582]	Time  0.028 ( 0.034)	Loss 6.5636e-01 (4.5410e-01)	Acc pseudo  78.12 ( 83.03)	Lr 1.000e-03 (1.000e-03)
2026-01-14 12:51:14,399 - INFO: Epoch: [3][150/582]	Time  0.027 ( 0.032)	Loss 3.4215e-01 (4.4171e-01)	Acc pseudo  85.94 ( 83.23)	Lr 1.000e-03 (1.000e-03)
2026-01-14 12:51:19,068 - INFO: Epoch: [3][200/582]	Time  0.027 ( 0.030)	Loss 3.3963e-01 (4.3245e-01)	Acc pseudo  85.94 ( 83.50)	Lr 1.000e-03 (1.000e-03)
2026-01-14 12:51:23,737 - INFO: Epoch: [3][250/582]	Time  0.036 ( 0.030)	Loss 5.9609e-01 (4.3069e-01)	Acc pseudo  81.25 ( 83.56)	Lr 1.000e-03 (1.000e-03)
2026-01-14 12:51:28,412 - INFO: Epoch: [3][300/582]	Time  0.027 ( 0.030)	Loss 2.8245e-01 (4.2595e-01)	Acc pseudo  89.06 ( 83.71)	Lr 1.000e-03 (1.000e-03)
2026-01-14 12:51:33,103 - INFO: Epoch: [3][350/582]	Time  0.026 ( 0.030)	Loss 3.3329e-01 (4.2219e-01)	Acc pseudo  89.06 ( 83.73)	Lr 1.000e-03 (1.000e-03)
2026-01-14 12:51:37,853 - INFO: Epoch: [3][400/582]	Time  0.028 ( 0.030)	Loss 5.7656e-01 (4.2390e-01)	Acc pseudo  76.56 ( 83.81)	Lr 1.000e-03 (1.000e-03)
2026-01-14 12:51:42,521 - INFO: Epoch: [3][450/582]	Time  0.026 ( 0.029)	Loss 6.4282e-01 (4.2540e-01)	Acc pseudo  81.25 ( 83.77)	Lr 1.000e-03 (1.000e-03)
2026-01-14 12:51:47,195 - INFO: Epoch: [3][500/582]	Time  0.030 ( 0.029)	Loss 3.5956e-01 (4.2726e-01)	Acc pseudo  82.81 ( 83.61)	Lr 1.000e-03 (1.000e-03)
2026-01-14 12:51:51,881 - INFO: Epoch: [3][550/582]	Time  0.031 ( 0.029)	Loss 7.4453e-01 (4.3115e-01)	Acc pseudo  79.69 ( 83.54)	Lr 1.000e-03 (1.000e-03)
2026-01-14 12:51:54,877 - INFO: Round 0, Face Fine-tune Epoch 3: loss=0.4322, acc(pseudo)=83.53%
2026-01-14 12:52:53,312 - INFO: Round 0, Face Fine-tune Epoch 3: acc(valid_pseudo): 0.9508, acc: 0.8364
2026-01-14 12:52:54,145 - INFO: Epoch: [4][  0/582]	Time  0.475 ( 0.475)	Loss 4.9773e-01 (4.9773e-01)	Acc pseudo  85.94 ( 85.94)	Lr 1.000e-03 (1.000e-03)
2026-01-14 12:52:58,805 - INFO: Epoch: [4][ 50/582]	Time  0.027 ( 0.038)	Loss 5.6581e-01 (3.9601e-01)	Acc pseudo  76.56 ( 83.61)	Lr 1.000e-03 (1.000e-03)
2026-01-14 12:53:03,472 - INFO: Epoch: [4][100/582]	Time  0.031 ( 0.033)	Loss 4.9670e-01 (3.7752e-01)	Acc pseudo  78.12 ( 84.78)	Lr 1.000e-03 (1.000e-03)
2026-01-14 12:53:08,179 - INFO: Epoch: [4][150/582]	Time  0.027 ( 0.032)	Loss 3.0781e-01 (3.7738e-01)	Acc pseudo  87.50 ( 84.83)	Lr 1.000e-03 (1.000e-03)
2026-01-14 12:53:12,878 - INFO: Epoch: [4][200/582]	Time  0.027 ( 0.031)	Loss 4.5754e-01 (3.7323e-01)	Acc pseudo  85.94 ( 84.94)	Lr 1.000e-03 (1.000e-03)
2026-01-14 12:53:17,549 - INFO: Epoch: [4][250/582]	Time  0.040 ( 0.031)	Loss 2.3990e-01 (3.8341e-01)	Acc pseudo  90.62 ( 84.90)	Lr 1.000e-03 (1.000e-03)
2026-01-14 12:53:22,221 - INFO: Epoch: [4][300/582]	Time  0.027 ( 0.032)	Loss 3.4933e-01 (3.8640e-01)	Acc pseudo  92.19 ( 84.93)	Lr 1.000e-03 (1.000e-03)
2026-01-14 12:53:26,886 - INFO: Epoch: [4][350/582]	Time  0.027 ( 0.031)	Loss 3.2966e-01 (3.8832e-01)	Acc pseudo  81.25 ( 84.86)	Lr 1.000e-03 (1.000e-03)
2026-01-14 12:53:31,558 - INFO: Epoch: [4][400/582]	Time  0.029 ( 0.031)	Loss 3.9539e-01 (3.9352e-01)	Acc pseudo  82.81 ( 84.63)	Lr 1.000e-03 (1.000e-03)
2026-01-14 12:53:36,225 - INFO: Epoch: [4][450/582]	Time  0.028 ( 0.031)	Loss 4.3814e-01 (3.9448e-01)	Acc pseudo  79.69 ( 84.56)	Lr 1.000e-03 (1.000e-03)
2026-01-14 12:53:40,894 - INFO: Epoch: [4][500/582]	Time  0.027 ( 0.030)	Loss 2.4345e-01 (3.9658e-01)	Acc pseudo  87.50 ( 84.51)	Lr 1.000e-03 (1.000e-03)
2026-01-14 12:53:45,563 - INFO: Epoch: [4][550/582]	Time  0.040 ( 0.030)	Loss 2.6452e-01 (3.9983e-01)	Acc pseudo  89.06 ( 84.34)	Lr 1.000e-03 (1.000e-03)
2026-01-14 12:53:48,549 - INFO: Round 0, Face Fine-tune Epoch 4: loss=0.3985, acc(pseudo)=84.37%
2026-01-14 12:54:48,608 - INFO: Round 0, Face Fine-tune Epoch 4: acc(valid_pseudo): 0.9542, acc: 0.8432
2026-01-14 12:54:49,467 - INFO: Epoch: [5][  0/582]	Time  0.493 ( 0.493)	Loss 3.5127e-01 (3.5127e-01)	Acc pseudo  82.81 ( 82.81)	Lr 1.000e-03 (1.000e-03)
2026-01-14 12:54:54,135 - INFO: Epoch: [5][ 50/582]	Time  0.027 ( 0.040)	Loss 3.4717e-01 (3.5158e-01)	Acc pseudo  89.06 ( 85.75)	Lr 1.000e-03 (1.000e-03)
2026-01-14 12:54:58,795 - INFO: Epoch: [5][100/582]	Time  0.026 ( 0.034)	Loss 3.0003e-01 (3.6827e-01)	Acc pseudo  84.38 ( 84.95)	Lr 1.000e-03 (1.000e-03)
2026-01-14 12:55:03,454 - INFO: Epoch: [5][150/582]	Time  0.029 ( 0.032)	Loss 4.6362e-01 (3.7686e-01)	Acc pseudo  87.50 ( 85.09)	Lr 1.000e-03 (1.000e-03)
2026-01-14 12:55:08,143 - INFO: Epoch: [5][200/582]	Time  0.026 ( 0.033)	Loss 5.1800e-01 (3.7579e-01)	Acc pseudo  76.56 ( 85.00)	Lr 1.000e-03 (1.000e-03)
2026-01-14 12:55:12,824 - INFO: Epoch: [5][250/582]	Time  0.026 ( 0.032)	Loss 3.5381e-01 (3.8052e-01)	Acc pseudo  82.81 ( 85.14)	Lr 1.000e-03 (1.000e-03)
2026-01-14 12:55:17,499 - INFO: Epoch: [5][300/582]	Time  0.030 ( 0.032)	Loss 4.5654e-01 (3.7690e-01)	Acc pseudo  89.06 ( 85.13)	Lr 1.000e-03 (1.000e-03)
2026-01-14 12:55:22,170 - INFO: Epoch: [5][350/582]	Time  0.027 ( 0.032)	Loss 3.1460e-01 (3.7618e-01)	Acc pseudo  85.94 ( 85.24)	Lr 1.000e-03 (1.000e-03)
2026-01-14 12:55:26,862 - INFO: Epoch: [5][400/582]	Time  0.039 ( 0.031)	Loss 3.6887e-01 (3.8155e-01)	Acc pseudo  85.94 ( 85.10)	Lr 1.000e-03 (1.000e-03)
2026-01-14 12:55:31,609 - INFO: Epoch: [5][450/582]	Time  0.028 ( 0.031)	Loss 2.8459e-01 (3.8629e-01)	Acc pseudo  87.50 ( 84.90)	Lr 1.000e-03 (1.000e-03)
2026-01-14 12:55:36,276 - INFO: Epoch: [5][500/582]	Time  0.027 ( 0.031)	Loss 7.4503e-01 (3.9020e-01)	Acc pseudo  82.81 ( 84.83)	Lr 1.000e-03 (1.000e-03)
2026-01-14 12:55:40,939 - INFO: Epoch: [5][550/582]	Time  0.030 ( 0.031)	Loss 5.1701e-01 (3.9021e-01)	Acc pseudo  81.25 ( 84.85)	Lr 1.000e-03 (1.000e-03)
2026-01-14 12:55:43,901 - INFO: Round 0, Face Fine-tune Epoch 5: loss=0.3934, acc(pseudo)=84.79%
2026-01-14 12:56:42,109 - INFO: Round 0, Face Fine-tune Epoch 5: acc(valid_pseudo): 0.9622, acc: 0.8598
2026-01-14 12:56:42,961 - INFO: Epoch: [6][  0/582]	Time  0.490 ( 0.490)	Loss 3.3844e-01 (3.3844e-01)	Acc pseudo  90.62 ( 90.62)	Lr 1.000e-03 (1.000e-03)
2026-01-14 12:56:47,624 - INFO: Epoch: [6][ 50/582]	Time  0.028 ( 0.039)	Loss 2.7754e-01 (3.5085e-01)	Acc pseudo  89.06 ( 85.20)	Lr 1.000e-03 (1.000e-03)
2026-01-14 12:56:52,287 - INFO: Epoch: [6][100/582]	Time  0.029 ( 0.034)	Loss 4.3838e-01 (3.5657e-01)	Acc pseudo  79.69 ( 85.46)	Lr 1.000e-03 (1.000e-03)
2026-01-14 12:56:56,947 - INFO: Epoch: [6][150/582]	Time  0.025 ( 0.032)	Loss 7.5373e-01 (3.6731e-01)	Acc pseudo  82.81 ( 85.21)	Lr 1.000e-03 (1.000e-03)
2026-01-14 12:57:01,684 - INFO: Epoch: [6][200/582]	Time  0.027 ( 0.031)	Loss 4.6082e-01 (3.6059e-01)	Acc pseudo  76.56 ( 85.29)	Lr 1.000e-03 (1.000e-03)
2026-01-14 12:57:06,505 - INFO: Epoch: [6][250/582]	Time  0.026 ( 0.031)	Loss 4.4178e-01 (3.5967e-01)	Acc pseudo  87.50 ( 85.30)	Lr 1.000e-03 (1.000e-03)
2026-01-14 12:57:11,172 - INFO: Epoch: [6][300/582]	Time  0.026 ( 0.031)	Loss 5.6868e-01 (3.6022e-01)	Acc pseudo  82.81 ( 85.19)	Lr 1.000e-03 (1.000e-03)
2026-01-14 12:57:15,839 - INFO: Epoch: [6][350/582]	Time  0.031 ( 0.031)	Loss 3.8498e-01 (3.6369e-01)	Acc pseudo  82.81 ( 85.04)	Lr 1.000e-03 (1.000e-03)
2026-01-14 12:57:20,504 - INFO: Epoch: [6][400/582]	Time  0.029 ( 0.031)	Loss 5.2296e-01 (3.6392e-01)	Acc pseudo  81.25 ( 85.20)	Lr 1.000e-03 (1.000e-03)
2026-01-14 12:57:25,170 - INFO: Epoch: [6][450/582]	Time  0.028 ( 0.030)	Loss 2.5596e-01 (3.6908e-01)	Acc pseudo  87.50 ( 85.07)	Lr 1.000e-03 (1.000e-03)
2026-01-14 12:57:29,838 - INFO: Epoch: [6][500/582]	Time  0.028 ( 0.030)	Loss 4.8022e-01 (3.7172e-01)	Acc pseudo  79.69 ( 84.96)	Lr 1.000e-03 (1.000e-03)
2026-01-14 12:57:34,505 - INFO: Epoch: [6][550/582]	Time  0.026 ( 0.030)	Loss 3.9593e-01 (3.7281e-01)	Acc pseudo  81.25 ( 84.88)	Lr 1.000e-03 (1.000e-03)
2026-01-14 12:57:37,488 - INFO: Round 0, Face Fine-tune Epoch 6: loss=0.3742, acc(pseudo)=84.91%
2026-01-14 12:58:36,609 - INFO: Round 0, Face Fine-tune Epoch 6: acc(valid_pseudo): 0.9590, acc: 0.8374
2026-01-14 12:58:36,609 - INFO: Round 0, Face Fine-tune Epoch 6: No improvement. Patience(epoch): 1/3
2026-01-14 12:58:37,148 - INFO: Epoch: [7][  0/582]	Time  0.488 ( 0.488)	Loss 5.7061e-01 (5.7061e-01)	Acc pseudo  71.88 ( 71.88)	Lr 1.000e-03 (1.000e-03)
2026-01-14 12:58:41,848 - INFO: Epoch: [7][ 50/582]	Time  0.029 ( 0.040)	Loss 2.1769e-01 (3.6077e-01)	Acc pseudo  89.06 ( 85.45)	Lr 1.000e-03 (1.000e-03)
2026-01-14 12:58:46,531 - INFO: Epoch: [7][100/582]	Time  0.031 ( 0.035)	Loss 3.8299e-01 (3.5994e-01)	Acc pseudo  79.69 ( 85.57)	Lr 1.000e-03 (1.000e-03)
2026-01-14 12:58:51,197 - INFO: Epoch: [7][150/582]	Time  0.027 ( 0.034)	Loss 2.3124e-01 (3.5925e-01)	Acc pseudo  89.06 ( 85.48)	Lr 1.000e-03 (1.000e-03)
2026-01-14 12:58:55,862 - INFO: Epoch: [7][200/582]	Time  0.028 ( 0.032)	Loss 2.5880e-01 (3.5071e-01)	Acc pseudo  90.62 ( 85.83)	Lr 1.000e-03 (1.000e-03)
2026-01-14 12:59:00,534 - INFO: Epoch: [7][250/582]	Time  0.027 ( 0.032)	Loss 3.4298e-01 (3.4863e-01)	Acc pseudo  84.38 ( 85.91)	Lr 1.000e-03 (1.000e-03)
2026-01-14 12:59:05,200 - INFO: Epoch: [7][300/582]	Time  0.027 ( 0.031)	Loss 3.4808e-01 (3.5402e-01)	Acc pseudo  84.38 ( 85.83)	Lr 1.000e-03 (1.000e-03)
2026-01-14 12:59:09,869 - INFO: Epoch: [7][350/582]	Time  0.028 ( 0.031)	Loss 5.5877e-01 (3.5213e-01)	Acc pseudo  78.12 ( 85.91)	Lr 1.000e-03 (1.000e-03)
2026-01-14 12:59:14,536 - INFO: Epoch: [7][400/582]	Time  0.027 ( 0.030)	Loss 4.1947e-01 (3.5433e-01)	Acc pseudo  85.94 ( 86.06)	Lr 1.000e-03 (1.000e-03)
2026-01-14 12:59:19,203 - INFO: Epoch: [7][450/582]	Time  0.027 ( 0.030)	Loss 3.3640e-01 (3.5620e-01)	Acc pseudo  87.50 ( 86.00)	Lr 1.000e-03 (1.000e-03)
2026-01-14 12:59:23,869 - INFO: Epoch: [7][500/582]	Time  0.026 ( 0.030)	Loss 4.0459e-01 (3.5751e-01)	Acc pseudo  84.38 ( 85.93)	Lr 1.000e-03 (1.000e-03)
2026-01-14 12:59:28,544 - INFO: Epoch: [7][550/582]	Time  0.039 ( 0.030)	Loss 2.4250e-01 (3.5943e-01)	Acc pseudo  89.06 ( 85.79)	Lr 1.000e-03 (1.000e-03)
2026-01-14 12:59:31,508 - INFO: Round 0, Face Fine-tune Epoch 7: loss=0.3609, acc(pseudo)=85.79%
2026-01-14 13:00:30,540 - INFO: Round 0, Face Fine-tune Epoch 7: acc(valid_pseudo): 0.9652, acc: 0.8491
2026-01-14 13:00:31,381 - INFO: Epoch: [8][  0/582]	Time  0.479 ( 0.479)	Loss 3.1705e-01 (3.1705e-01)	Acc pseudo  87.50 ( 87.50)	Lr 1.000e-03 (1.000e-03)
2026-01-14 13:00:36,046 - INFO: Epoch: [8][ 50/582]	Time  0.026 ( 0.038)	Loss 1.4745e-01 (3.1369e-01)	Acc pseudo  92.19 ( 87.04)	Lr 1.000e-03 (1.000e-03)
2026-01-14 13:00:40,707 - INFO: Epoch: [8][100/582]	Time  0.029 ( 0.033)	Loss 2.4808e-01 (3.0022e-01)	Acc pseudo  87.50 ( 86.96)	Lr 1.000e-03 (1.000e-03)
2026-01-14 13:00:45,372 - INFO: Epoch: [8][150/582]	Time  0.027 ( 0.031)	Loss 3.1797e-01 (2.9994e-01)	Acc pseudo  84.38 ( 86.86)	Lr 1.000e-03 (1.000e-03)
2026-01-14 13:00:50,039 - INFO: Epoch: [8][200/582]	Time  0.027 ( 0.030)	Loss 5.2012e-01 (3.2195e-01)	Acc pseudo  82.81 ( 86.38)	Lr 1.000e-03 (1.000e-03)
2026-01-14 13:00:54,704 - INFO: Epoch: [8][250/582]	Time  0.027 ( 0.030)	Loss 2.2091e-01 (3.2109e-01)	Acc pseudo  89.06 ( 86.37)	Lr 1.000e-03 (1.000e-03)
2026-01-14 13:00:59,378 - INFO: Epoch: [8][300/582]	Time  0.029 ( 0.029)	Loss 4.1274e-01 (3.3436e-01)	Acc pseudo  84.38 ( 86.14)	Lr 1.000e-03 (1.000e-03)
2026-01-14 13:01:04,203 - INFO: Epoch: [8][350/582]	Time  0.026 ( 0.030)	Loss 1.7922e-01 (3.3564e-01)	Acc pseudo  92.19 ( 86.03)	Lr 1.000e-03 (1.000e-03)
2026-01-14 13:01:08,868 - INFO: Epoch: [8][400/582]	Time  0.028 ( 0.029)	Loss 2.0678e-01 (3.4000e-01)	Acc pseudo  90.62 ( 85.98)	Lr 1.000e-03 (1.000e-03)
2026-01-14 13:01:13,534 - INFO: Epoch: [8][450/582]	Time  0.027 ( 0.029)	Loss 1.4204e-01 (3.4268e-01)	Acc pseudo  96.88 ( 85.88)	Lr 1.000e-03 (1.000e-03)
2026-01-14 13:01:18,199 - INFO: Epoch: [8][500/582]	Time  0.027 ( 0.029)	Loss 2.2581e-01 (3.4397e-01)	Acc pseudo  92.19 ( 85.85)	Lr 1.000e-03 (1.000e-03)
2026-01-14 13:01:22,867 - INFO: Epoch: [8][550/582]	Time  0.035 ( 0.029)	Loss 3.0911e-01 (3.4463e-01)	Acc pseudo  89.06 ( 85.84)	Lr 1.000e-03 (1.000e-03)
2026-01-14 13:01:25,841 - INFO: Round 0, Face Fine-tune Epoch 8: loss=0.3458, acc(pseudo)=85.85%
2026-01-14 13:02:23,829 - INFO: Round 0, Face Fine-tune Epoch 8: acc(valid_pseudo): 0.9653, acc: 0.8500
2026-01-14 13:02:25,070 - INFO: Epoch: [9][  0/582]	Time  0.874 ( 0.874)	Loss 1.2869e-01 (1.2869e-01)	Acc pseudo  96.88 ( 96.88)	Lr 1.000e-03 (1.000e-03)
2026-01-14 13:02:29,757 - INFO: Epoch: [9][ 50/582]	Time  0.027 ( 0.046)	Loss 3.2126e-01 (3.0030e-01)	Acc pseudo  87.50 ( 87.71)	Lr 1.000e-03 (1.000e-03)
2026-01-14 13:02:34,462 - INFO: Epoch: [9][100/582]	Time  0.029 ( 0.038)	Loss 3.6076e-01 (3.0632e-01)	Acc pseudo  79.69 ( 87.59)	Lr 1.000e-03 (1.000e-03)
2026-01-14 13:02:39,127 - INFO: Epoch: [9][150/582]	Time  0.028 ( 0.035)	Loss 9.1842e-01 (3.1141e-01)	Acc pseudo  78.12 ( 87.50)	Lr 1.000e-03 (1.000e-03)
2026-01-14 13:02:43,797 - INFO: Epoch: [9][200/582]	Time  0.040 ( 0.034)	Loss 2.5065e-01 (3.1029e-01)	Acc pseudo  92.19 ( 87.18)	Lr 1.000e-03 (1.000e-03)
2026-01-14 13:02:48,470 - INFO: Epoch: [9][250/582]	Time  0.027 ( 0.033)	Loss 2.2494e-01 (3.0615e-01)	Acc pseudo  87.50 ( 87.24)	Lr 1.000e-03 (1.000e-03)
2026-01-14 13:02:53,140 - INFO: Epoch: [9][300/582]	Time  0.026 ( 0.032)	Loss 5.1809e-01 (3.1002e-01)	Acc pseudo  81.25 ( 87.07)	Lr 1.000e-03 (1.000e-03)
2026-01-14 13:02:57,811 - INFO: Epoch: [9][350/582]	Time  0.026 ( 0.032)	Loss 3.6099e-01 (3.1274e-01)	Acc pseudo  82.81 ( 87.09)	Lr 1.000e-03 (1.000e-03)
2026-01-14 13:03:02,478 - INFO: Epoch: [9][400/582]	Time  0.028 ( 0.031)	Loss 2.3854e-01 (3.1643e-01)	Acc pseudo  89.06 ( 87.02)	Lr 1.000e-03 (1.000e-03)
2026-01-14 13:03:07,146 - INFO: Epoch: [9][450/582]	Time  0.026 ( 0.031)	Loss 2.2666e-01 (3.2142e-01)	Acc pseudo  90.62 ( 86.79)	Lr 1.000e-03 (1.000e-03)
2026-01-14 13:03:11,831 - INFO: Epoch: [9][500/582]	Time  0.025 ( 0.030)	Loss 3.2469e-01 (3.2803e-01)	Acc pseudo  84.38 ( 86.57)	Lr 1.000e-03 (1.000e-03)
2026-01-14 13:03:16,510 - INFO: Epoch: [9][550/582]	Time  0.035 ( 0.030)	Loss 4.7297e-01 (3.3120e-01)	Acc pseudo  82.81 ( 86.46)	Lr 1.000e-03 (1.000e-03)
2026-01-14 13:03:19,514 - INFO: Round 0, Face Fine-tune Epoch 9: loss=0.3301, acc(pseudo)=86.51%
2026-01-14 13:04:18,614 - INFO: Round 0, Face Fine-tune Epoch 9: acc(valid_pseudo): 0.9672, acc: 0.8539
2026-01-14 13:04:19,460 - INFO: Epoch: [10][  0/582]	Time  0.485 ( 0.485)	Loss 2.3128e-01 (2.3128e-01)	Acc pseudo  96.88 ( 96.88)	Lr 1.000e-03 (1.000e-03)
2026-01-14 13:04:24,127 - INFO: Epoch: [10][ 50/582]	Time  0.026 ( 0.039)	Loss 4.6412e-01 (3.3372e-01)	Acc pseudo  81.25 ( 86.67)	Lr 1.000e-03 (1.000e-03)
2026-01-14 13:04:28,789 - INFO: Epoch: [10][100/582]	Time  0.028 ( 0.033)	Loss 1.9864e-01 (3.1852e-01)	Acc pseudo  89.06 ( 87.45)	Lr 1.000e-03 (1.000e-03)
2026-01-14 13:04:33,459 - INFO: Epoch: [10][150/582]	Time  0.032 ( 0.033)	Loss 3.1850e-01 (3.1533e-01)	Acc pseudo  82.81 ( 87.23)	Lr 1.000e-03 (1.000e-03)
2026-01-14 13:04:38,122 - INFO: Epoch: [10][200/582]	Time  0.030 ( 0.032)	Loss 3.9653e-01 (3.1931e-01)	Acc pseudo  85.94 ( 87.14)	Lr 1.000e-03 (1.000e-03)
2026-01-14 13:04:42,923 - INFO: Epoch: [10][250/582]	Time  0.046 ( 0.035)	Loss 3.1403e-01 (3.2286e-01)	Acc pseudo  85.94 ( 87.15)	Lr 1.000e-03 (1.000e-03)
2026-01-14 13:04:47,640 - INFO: Epoch: [10][300/582]	Time  0.026 ( 0.035)	Loss 5.8710e-01 (3.2451e-01)	Acc pseudo  87.50 ( 86.92)	Lr 1.000e-03 (1.000e-03)
2026-01-14 13:04:52,322 - INFO: Epoch: [10][350/582]	Time  0.027 ( 0.034)	Loss 5.3457e-01 (3.2792e-01)	Acc pseudo  81.25 ( 86.82)	Lr 1.000e-03 (1.000e-03)
2026-01-14 13:04:56,994 - INFO: Epoch: [10][400/582]	Time  0.027 ( 0.033)	Loss 3.8474e-01 (3.3012e-01)	Acc pseudo  87.50 ( 86.72)	Lr 1.000e-03 (1.000e-03)
2026-01-14 13:05:01,663 - INFO: Epoch: [10][450/582]	Time  0.026 ( 0.033)	Loss 1.9502e-01 (3.3268e-01)	Acc pseudo  87.50 ( 86.62)	Lr 1.000e-03 (1.000e-03)
2026-01-14 13:05:06,336 - INFO: Epoch: [10][500/582]	Time  0.029 ( 0.032)	Loss 5.1305e-01 (3.3575e-01)	Acc pseudo  78.12 ( 86.47)	Lr 1.000e-03 (1.000e-03)
2026-01-14 13:05:11,004 - INFO: Epoch: [10][550/582]	Time  0.029 ( 0.032)	Loss 1.8600e-01 (3.3745e-01)	Acc pseudo  87.50 ( 86.48)	Lr 1.000e-03 (1.000e-03)
2026-01-14 13:05:13,964 - INFO: Round 0, Face Fine-tune Epoch 10: loss=0.3393, acc(pseudo)=86.45%
2026-01-14 13:06:13,081 - INFO: Round 0, Face Fine-tune Epoch 10: acc(valid_pseudo): 0.9726, acc: 0.8510
2026-01-14 13:06:13,935 - INFO: Epoch: [11][  0/582]	Time  0.483 ( 0.483)	Loss 1.5930e-01 (1.5930e-01)	Acc pseudo  92.19 ( 92.19)	Lr 1.000e-03 (1.000e-03)
2026-01-14 13:06:18,593 - INFO: Epoch: [11][ 50/582]	Time  0.031 ( 0.039)	Loss 3.8715e-01 (3.1164e-01)	Acc pseudo  85.94 ( 87.50)	Lr 1.000e-03 (1.000e-03)
2026-01-14 13:06:23,245 - INFO: Epoch: [11][100/582]	Time  0.027 ( 0.034)	Loss 1.7269e-01 (2.9090e-01)	Acc pseudo  89.06 ( 87.69)	Lr 1.000e-03 (1.000e-03)
2026-01-14 13:06:27,898 - INFO: Epoch: [11][150/582]	Time  0.027 ( 0.033)	Loss 3.1051e-01 (2.9793e-01)	Acc pseudo  85.94 ( 87.79)	Lr 1.000e-03 (1.000e-03)
2026-01-14 13:06:32,557 - INFO: Epoch: [11][200/582]	Time  0.031 ( 0.032)	Loss 2.7672e-01 (2.9864e-01)	Acc pseudo  82.81 ( 87.68)	Lr 1.000e-03 (1.000e-03)
2026-01-14 13:06:37,219 - INFO: Epoch: [11][250/582]	Time  0.028 ( 0.032)	Loss 1.4398e-01 (3.0433e-01)	Acc pseudo  92.19 ( 87.54)	Lr 1.000e-03 (1.000e-03)
2026-01-14 13:06:41,880 - INFO: Epoch: [11][300/582]	Time  0.027 ( 0.031)	Loss 3.8293e-01 (3.0528e-01)	Acc pseudo  82.81 ( 87.54)	Lr 1.000e-03 (1.000e-03)
2026-01-14 13:06:46,543 - INFO: Epoch: [11][350/582]	Time  0.027 ( 0.031)	Loss 3.6733e-01 (3.0978e-01)	Acc pseudo  84.38 ( 87.42)	Lr 1.000e-03 (1.000e-03)
2026-01-14 13:06:51,207 - INFO: Epoch: [11][400/582]	Time  0.028 ( 0.032)	Loss 3.2125e-01 (3.0725e-01)	Acc pseudo  84.38 ( 87.45)	Lr 1.000e-03 (1.000e-03)
2026-01-14 13:06:55,874 - INFO: Epoch: [11][450/582]	Time  0.030 ( 0.031)	Loss 2.5362e-01 (3.0445e-01)	Acc pseudo  90.62 ( 87.52)	Lr 1.000e-03 (1.000e-03)
2026-01-14 13:07:00,534 - INFO: Epoch: [11][500/582]	Time  0.033 ( 0.031)	Loss 4.0243e-01 (3.0934e-01)	Acc pseudo  87.50 ( 87.35)	Lr 1.000e-03 (1.000e-03)
2026-01-14 13:07:05,199 - INFO: Epoch: [11][550/582]	Time  0.030 ( 0.031)	Loss 2.0601e-01 (3.1313e-01)	Acc pseudo  93.75 ( 87.21)	Lr 1.000e-03 (1.000e-03)
2026-01-14 13:07:08,201 - INFO: Round 0, Face Fine-tune Epoch 11: loss=0.3115, acc(pseudo)=87.22%
2026-01-14 13:08:06,536 - INFO: Round 0, Face Fine-tune Epoch 11: acc(valid_pseudo): 0.9712, acc: 0.8520
2026-01-14 13:08:06,536 - INFO: Round 0, Face Fine-tune Epoch 11: No improvement. Patience(epoch): 1/3
2026-01-14 13:08:07,064 - INFO: Epoch: [12][  0/582]	Time  0.486 ( 0.486)	Loss 2.8327e-01 (2.8327e-01)	Acc pseudo  85.94 ( 85.94)	Lr 1.000e-03 (1.000e-03)
2026-01-14 13:08:11,722 - INFO: Epoch: [12][ 50/582]	Time  0.030 ( 0.041)	Loss 2.8728e-01 (2.8686e-01)	Acc pseudo  89.06 ( 88.17)	Lr 1.000e-03 (1.000e-03)
2026-01-14 13:08:16,421 - INFO: Epoch: [12][100/582]	Time  0.030 ( 0.036)	Loss 4.6230e-01 (2.8436e-01)	Acc pseudo  76.56 ( 88.17)	Lr 1.000e-03 (1.000e-03)
2026-01-14 13:08:21,075 - INFO: Epoch: [12][150/582]	Time  0.026 ( 0.033)	Loss 1.2951e-01 (2.8609e-01)	Acc pseudo  92.19 ( 87.99)	Lr 1.000e-03 (1.000e-03)
2026-01-14 13:08:25,746 - INFO: Epoch: [12][200/582]	Time  0.030 ( 0.032)	Loss 4.1636e-01 (2.8808e-01)	Acc pseudo  89.06 ( 87.97)	Lr 1.000e-03 (1.000e-03)
2026-01-14 13:08:30,404 - INFO: Epoch: [12][250/582]	Time  0.029 ( 0.032)	Loss 2.0422e-01 (2.9386e-01)	Acc pseudo  89.06 ( 87.92)	Lr 1.000e-03 (1.000e-03)
2026-01-14 13:08:35,067 - INFO: Epoch: [12][300/582]	Time  0.027 ( 0.031)	Loss 3.7313e-01 (3.0194e-01)	Acc pseudo  81.25 ( 87.68)	Lr 1.000e-03 (1.000e-03)
2026-01-14 13:08:39,727 - INFO: Epoch: [12][350/582]	Time  0.029 ( 0.031)	Loss 3.3571e-01 (3.0811e-01)	Acc pseudo  87.50 ( 87.46)	Lr 1.000e-03 (1.000e-03)
2026-01-14 13:08:44,391 - INFO: Epoch: [12][400/582]	Time  0.028 ( 0.031)	Loss 5.1846e-01 (3.1384e-01)	Acc pseudo  84.38 ( 87.24)	Lr 1.000e-03 (1.000e-03)
2026-01-14 13:08:49,054 - INFO: Epoch: [12][450/582]	Time  0.033 ( 0.031)	Loss 1.9275e-01 (3.1615e-01)	Acc pseudo  92.19 ( 87.16)	Lr 1.000e-03 (1.000e-03)
2026-01-14 13:08:53,719 - INFO: Epoch: [12][500/582]	Time  0.041 ( 0.030)	Loss 2.4360e-01 (3.1517e-01)	Acc pseudo  89.06 ( 87.22)	Lr 1.000e-03 (1.000e-03)
2026-01-14 13:08:58,398 - INFO: Epoch: [12][550/582]	Time  0.027 ( 0.030)	Loss 3.9777e-01 (3.1812e-01)	Acc pseudo  82.81 ( 87.18)	Lr 1.000e-03 (1.000e-03)
2026-01-14 13:09:01,358 - INFO: Round 0, Face Fine-tune Epoch 12: loss=0.3200, acc(pseudo)=87.16%
2026-01-14 13:09:59,495 - INFO: Round 0, Face Fine-tune Epoch 12: acc(valid_pseudo): 0.9670, acc: 0.8452
2026-01-14 13:09:59,495 - INFO: Round 0, Face Fine-tune Epoch 12: No improvement. Patience(epoch): 2/3
2026-01-14 13:10:00,007 - INFO: Epoch: [13][  0/582]	Time  0.480 ( 0.480)	Loss 2.0718e-01 (2.0718e-01)	Acc pseudo  90.62 ( 90.62)	Lr 1.000e-03 (1.000e-03)
2026-01-14 13:10:04,659 - INFO: Epoch: [13][ 50/582]	Time  0.030 ( 0.042)	Loss 2.0955e-01 (3.0642e-01)	Acc pseudo  92.19 ( 86.86)	Lr 1.000e-03 (1.000e-03)
2026-01-14 13:10:09,309 - INFO: Epoch: [13][100/582]	Time  0.029 ( 0.035)	Loss 1.8536e-01 (2.9804e-01)	Acc pseudo  92.19 ( 87.24)	Lr 1.000e-03 (1.000e-03)
2026-01-14 13:10:13,996 - INFO: Epoch: [13][150/582]	Time  0.030 ( 0.033)	Loss 1.0514e-01 (2.9799e-01)	Acc pseudo  93.75 ( 87.26)	Lr 1.000e-03 (1.000e-03)
2026-01-14 13:10:18,651 - INFO: Epoch: [13][200/582]	Time  0.029 ( 0.032)	Loss 2.9325e-01 (3.0928e-01)	Acc pseudo  87.50 ( 87.13)	Lr 1.000e-03 (1.000e-03)
2026-01-14 13:10:23,312 - INFO: Epoch: [13][250/582]	Time  0.027 ( 0.031)	Loss 5.4243e-01 (3.1282e-01)	Acc pseudo  82.81 ( 87.05)	Lr 1.000e-03 (1.000e-03)
2026-01-14 13:10:27,975 - INFO: Epoch: [13][300/582]	Time  0.029 ( 0.031)	Loss 3.4382e-01 (3.1032e-01)	Acc pseudo  84.38 ( 87.08)	Lr 1.000e-03 (1.000e-03)
2026-01-14 13:10:32,638 - INFO: Epoch: [13][350/582]	Time  0.033 ( 0.031)	Loss 2.5897e-01 (3.1230e-01)	Acc pseudo  87.50 ( 87.01)	Lr 1.000e-03 (1.000e-03)
2026-01-14 13:10:37,309 - INFO: Epoch: [13][400/582]	Time  0.033 ( 0.031)	Loss 4.5047e-01 (3.1254e-01)	Acc pseudo  85.94 ( 87.08)	Lr 1.000e-03 (1.000e-03)
2026-01-14 13:10:41,972 - INFO: Epoch: [13][450/582]	Time  0.027 ( 0.031)	Loss 4.2647e-01 (3.1193e-01)	Acc pseudo  84.38 ( 87.09)	Lr 1.000e-03 (1.000e-03)
2026-01-14 13:10:46,637 - INFO: Epoch: [13][500/582]	Time  0.028 ( 0.031)	Loss 3.5215e-01 (3.1361e-01)	Acc pseudo  85.94 ( 87.19)	Lr 1.000e-03 (1.000e-03)
2026-01-14 13:10:51,301 - INFO: Epoch: [13][550/582]	Time  0.031 ( 0.031)	Loss 5.5668e-01 (3.1589e-01)	Acc pseudo  84.38 ( 87.21)	Lr 1.000e-03 (1.000e-03)
2026-01-14 13:10:54,306 - INFO: Round 0, Face Fine-tune Epoch 13: loss=0.3154, acc(pseudo)=87.24%
2026-01-14 13:11:56,364 - INFO: Round 0, Face Fine-tune Epoch 13: acc(valid_pseudo): 0.9691, acc: 0.8539
2026-01-14 13:11:56,364 - INFO: Round 0, Face Fine-tune Epoch 13: No improvement. Patience(epoch): 3/3
2026-01-14 13:11:56,364 - INFO: Early stopping at face epoch 13
2026-01-14 13:11:56,365 - INFO: Round 0: Best face fine-tuned epoch=10, acc(valid_pseudo)=0.9726
2026-01-14 13:11:56,440 - INFO: Using HMM model from previous round: runs/I love my family/exp_video/result/self_supervised/exp3/initial/pseudo_label/hmm_params.pkl
2026-01-14 14:44:39,171 - INFO: Round 0: speaker_acc=0.8605
2026-01-14 14:44:39,178 - INFO: Round 0: face_acc=0.8676
2026-01-14 14:44:39,181 - INFO: ====================
2026-01-14 14:44:39,182 - INFO: Round 1: Fine-tuning iteration
2026-01-14 14:44:39,182 - INFO: ====================
2026-01-14 14:44:39,286 - INFO: Round 1 Part 1: Fine-tuning embedding model
2026-01-14 14:44:39,287 - INFO: Using pseudo-label file: runs/I love my family/exp_video/result/self_supervised/exp3/round0/pseudo_label/pseudo_labels_audio_nested_hmm_full(unreliable_pp=100.0).json
2026-01-14 14:44:39,341 - INFO: For training, Using face pseudo-label file: runs/I love my family/exp_video/result/self_supervised/exp3/round0/pseudo_label/pseudo_labels_faces_mid_frame_train_nested_hmm_full.json
2026-01-14 14:44:39,342 - INFO: For infering, Using face pseudo-label file: runs/I love my family/exp_video/result/self_supervised/exp3/round0/pseudo_label/pseudo_labels_faces_mid_frame_all_nested_hmm_full.json
2026-01-14 14:44:39,643 - INFO: Created face dataloader with 37219 samples
2026-01-14 14:44:39,673 - INFO: Fine-tuning speaker embedding model for 20 epochs...
2026-01-14 14:44:40,684 - INFO: Epoch: [0][  0/301]	Time  0.970 ( 0.970)	Loss 6.8149e-01 (6.8149e-01)	Acc pseudo  84.38 ( 84.38)	Lr 1.000e-03 (1.000e-03)
2026-01-14 14:44:40,923 - INFO: Epoch: [0][ 50/301]	Time  0.004 ( 0.024)	Loss 8.1575e-01 (6.7385e-01)	Acc pseudo  71.88 ( 80.88)	Lr 1.000e-03 (1.000e-03)
2026-01-14 14:44:41,157 - INFO: Epoch: [0][100/301]	Time  0.004 ( 0.014)	Loss 5.4141e-01 (6.6764e-01)	Acc pseudo  82.81 ( 80.65)	Lr 1.000e-03 (1.000e-03)
2026-01-14 14:44:41,352 - INFO: Epoch: [0][150/301]	Time  0.004 ( 0.011)	Loss 5.5336e-01 (6.7388e-01)	Acc pseudo  79.69 ( 80.77)	Lr 1.000e-03 (1.000e-03)
2026-01-14 14:44:41,553 - INFO: Epoch: [0][200/301]	Time  0.005 ( 0.009)	Loss 5.5921e-01 (6.5913e-01)	Acc pseudo  84.38 ( 80.90)	Lr 1.000e-03 (1.000e-03)
2026-01-14 14:44:41,736 - INFO: Epoch: [0][250/301]	Time  0.003 ( 0.008)	Loss 5.9385e-01 (6.6458e-01)	Acc pseudo  79.69 ( 80.75)	Lr 1.000e-03 (1.000e-03)
2026-01-14 14:44:41,915 - INFO: Epoch: [0][300/301]	Time  0.002 ( 0.007)	Loss 3.0654e-01 (6.6308e-01)	Acc pseudo  92.00 ( 80.97)	Lr 1.000e-03 (1.000e-03)
2026-01-14 14:44:41,987 - INFO: Round 1, Fine-tune Epoch 0: loss=0.6631, acc(pseudo)=80.97%
2026-01-14 14:44:49,988 - INFO: Round 1, Fine-tune Epoch 0: acc(valid_pseudo): 0.9181, acc: 0.7995
2026-01-14 14:44:50,873 - INFO: Epoch: [1][  0/301]	Time  0.464 ( 0.464)	Loss 1.0136e+00 (1.0136e+00)	Acc pseudo  75.00 ( 75.00)	Lr 1.000e-03 (1.000e-03)
2026-01-14 14:44:51,112 - INFO: Epoch: [1][ 50/301]	Time  0.003 ( 0.014)	Loss 3.6903e-01 (5.7406e-01)	Acc pseudo  84.38 ( 81.62)	Lr 1.000e-03 (1.000e-03)
2026-01-14 14:44:51,308 - INFO: Epoch: [1][100/301]	Time  0.003 ( 0.009)	Loss 6.2205e-01 (5.7038e-01)	Acc pseudo  84.38 ( 82.13)	Lr 1.000e-03 (1.000e-03)
2026-01-14 14:44:51,526 - INFO: Epoch: [1][150/301]	Time  0.003 ( 0.007)	Loss 6.0530e-01 (5.7689e-01)	Acc pseudo  81.25 ( 82.23)	Lr 1.000e-03 (1.000e-03)
2026-01-14 14:44:51,693 - INFO: Epoch: [1][200/301]	Time  0.003 ( 0.006)	Loss 5.0647e-01 (5.8220e-01)	Acc pseudo  87.50 ( 82.18)	Lr 1.000e-03 (1.000e-03)
2026-01-14 14:44:51,897 - INFO: Epoch: [1][250/301]	Time  0.004 ( 0.006)	Loss 3.3740e-01 (5.8798e-01)	Acc pseudo  92.19 ( 82.34)	Lr 1.000e-03 (1.000e-03)
2026-01-14 14:44:52,068 - INFO: Epoch: [1][300/301]	Time  0.003 ( 0.005)	Loss 4.0683e-01 (5.9479e-01)	Acc pseudo  80.00 ( 82.08)	Lr 1.000e-03 (1.000e-03)
2026-01-14 14:44:52,133 - INFO: Round 1, Fine-tune Epoch 1: loss=0.5948, acc(pseudo)=82.08%
2026-01-14 14:44:59,863 - INFO: Round 1, Fine-tune Epoch 1: acc(valid_pseudo): 0.9493, acc: 0.8430
2026-01-14 14:45:00,711 - INFO: Epoch: [2][  0/301]	Time  0.468 ( 0.468)	Loss 7.3791e-01 (7.3791e-01)	Acc pseudo  85.94 ( 85.94)	Lr 1.000e-03 (1.000e-03)
2026-01-14 14:45:00,955 - INFO: Epoch: [2][ 50/301]	Time  0.003 ( 0.014)	Loss 4.6950e-01 (5.6040e-01)	Acc pseudo  79.69 ( 82.81)	Lr 1.000e-03 (1.000e-03)
2026-01-14 14:45:01,131 - INFO: Epoch: [2][100/301]	Time  0.005 ( 0.009)	Loss 7.8168e-01 (5.4473e-01)	Acc pseudo  75.00 ( 83.09)	Lr 1.000e-03 (1.000e-03)
2026-01-14 14:45:01,330 - INFO: Epoch: [2][150/301]	Time  0.005 ( 0.007)	Loss 4.0197e-01 (5.6187e-01)	Acc pseudo  87.50 ( 83.06)	Lr 1.000e-03 (1.000e-03)
2026-01-14 14:45:01,524 - INFO: Epoch: [2][200/301]	Time  0.004 ( 0.006)	Loss 5.0820e-01 (5.6443e-01)	Acc pseudo  81.25 ( 82.91)	Lr 1.000e-03 (1.000e-03)
2026-01-14 14:45:01,726 - INFO: Epoch: [2][250/301]	Time  0.004 ( 0.006)	Loss 5.3576e-01 (5.7083e-01)	Acc pseudo  75.00 ( 82.46)	Lr 1.000e-03 (1.000e-03)
2026-01-14 14:45:01,902 - INFO: Epoch: [2][300/301]	Time  0.002 ( 0.005)	Loss 8.3844e-01 (5.7719e-01)	Acc pseudo  68.00 ( 82.41)	Lr 1.000e-03 (1.000e-03)
2026-01-14 14:45:01,971 - INFO: Round 1, Fine-tune Epoch 2: loss=0.5772, acc(pseudo)=82.41%
2026-01-14 14:45:09,906 - INFO: Round 1, Fine-tune Epoch 2: acc(valid_pseudo): 0.9006, acc: 0.8340
2026-01-14 14:45:09,907 - INFO: Round 1, Speaker Fine-tune Epoch 2: No improvement in validation accuracy. Patience(epoch): 1/3
2026-01-14 14:45:10,351 - INFO: Epoch: [3][  0/301]	Time  0.435 ( 0.435)	Loss 6.4066e-01 (6.4066e-01)	Acc pseudo  78.12 ( 78.12)	Lr 1.000e-03 (1.000e-03)
2026-01-14 14:45:10,544 - INFO: Epoch: [3][ 50/301]	Time  0.003 ( 0.012)	Loss 9.3451e-01 (5.6444e-01)	Acc pseudo  75.00 ( 84.28)	Lr 1.000e-03 (1.000e-03)
2026-01-14 14:45:10,720 - INFO: Epoch: [3][100/301]	Time  0.003 ( 0.008)	Loss 3.5811e-01 (5.5720e-01)	Acc pseudo  84.38 ( 83.79)	Lr 1.000e-03 (1.000e-03)
2026-01-14 14:45:10,877 - INFO: Epoch: [3][150/301]	Time  0.003 ( 0.006)	Loss 6.3433e-01 (5.5514e-01)	Acc pseudo  85.94 ( 83.77)	Lr 1.000e-03 (1.000e-03)
2026-01-14 14:45:11,114 - INFO: Epoch: [3][200/301]	Time  0.003 ( 0.006)	Loss 3.5296e-01 (5.4868e-01)	Acc pseudo  87.50 ( 83.82)	Lr 1.000e-03 (1.000e-03)
2026-01-14 14:45:11,282 - INFO: Epoch: [3][250/301]	Time  0.003 ( 0.005)	Loss 4.6464e-01 (5.4720e-01)	Acc pseudo  87.50 ( 83.61)	Lr 1.000e-03 (1.000e-03)
2026-01-14 14:45:11,443 - INFO: Epoch: [3][300/301]	Time  0.002 ( 0.005)	Loss 6.1895e-01 (5.5146e-01)	Acc pseudo  84.00 ( 83.42)	Lr 1.000e-03 (1.000e-03)
2026-01-14 14:45:11,510 - INFO: Round 1, Fine-tune Epoch 3: loss=0.5515, acc(pseudo)=83.42%
2026-01-14 14:45:19,889 - INFO: Round 1, Fine-tune Epoch 3: acc(valid_pseudo): 0.9350, acc: 0.8240
2026-01-14 14:45:19,890 - INFO: Round 1, Speaker Fine-tune Epoch 3: No improvement in validation accuracy. Patience(epoch): 2/3
2026-01-14 14:45:20,196 - INFO: Epoch: [4][  0/301]	Time  0.301 ( 0.301)	Loss 6.9856e-01 (6.9856e-01)	Acc pseudo  79.69 ( 79.69)	Lr 1.000e-03 (1.000e-03)
2026-01-14 14:45:20,402 - INFO: Epoch: [4][ 50/301]	Time  0.003 ( 0.010)	Loss 4.5090e-01 (5.1408e-01)	Acc pseudo  84.38 ( 85.08)	Lr 1.000e-03 (1.000e-03)
2026-01-14 14:45:20,579 - INFO: Epoch: [4][100/301]	Time  0.003 ( 0.007)	Loss 4.7773e-01 (5.2436e-01)	Acc pseudo  89.06 ( 83.94)	Lr 1.000e-03 (1.000e-03)
2026-01-14 14:45:20,752 - INFO: Epoch: [4][150/301]	Time  0.003 ( 0.006)	Loss 4.0251e-01 (5.1743e-01)	Acc pseudo  79.69 ( 84.20)	Lr 1.000e-03 (1.000e-03)
2026-01-14 14:45:20,917 - INFO: Epoch: [4][200/301]	Time  0.003 ( 0.005)	Loss 4.1048e-01 (5.2549e-01)	Acc pseudo  85.94 ( 84.08)	Lr 1.000e-03 (1.000e-03)
2026-01-14 14:45:21,081 - INFO: Epoch: [4][250/301]	Time  0.003 ( 0.005)	Loss 6.7211e-01 (5.2946e-01)	Acc pseudo  79.69 ( 83.93)	Lr 1.000e-03 (1.000e-03)
2026-01-14 14:45:21,256 - INFO: Epoch: [4][300/301]	Time  0.002 ( 0.004)	Loss 5.4041e-01 (5.3794e-01)	Acc pseudo  80.00 ( 83.65)	Lr 1.000e-03 (1.000e-03)
2026-01-14 14:45:21,324 - INFO: Round 1, Fine-tune Epoch 4: loss=0.5379, acc(pseudo)=83.65%
2026-01-14 14:45:30,366 - INFO: Round 1, Fine-tune Epoch 4: acc(valid_pseudo): 0.8912, acc: 0.7540
2026-01-14 14:45:30,366 - INFO: Round 1, Speaker Fine-tune Epoch 4: No improvement in validation accuracy. Patience(epoch): 3/3
2026-01-14 14:45:30,367 - INFO: Early stopping at epoch 4 due to no improvement in validation accuracy for 3 epochs.
2026-01-14 14:45:30,368 - INFO: Round 1: Best speaker fine-tuned epoch=1, acc(valid_pseudo)=0.9493
2026-01-14 14:45:30,376 - INFO: Fine-tuning face embedding model for 20 epochs...
2026-01-14 14:45:31,773 - INFO: Epoch: [0][  0/582]	Time  1.364 ( 1.364)	Loss 3.0687e-01 (3.0687e-01)	Acc pseudo  89.06 ( 89.06)	Lr 1.000e-03 (1.000e-03)
2026-01-14 14:45:36,426 - INFO: Epoch: [0][ 50/582]	Time  0.030 ( 0.061)	Loss 5.4223e-01 (3.7377e-01)	Acc pseudo  87.50 ( 86.86)	Lr 1.000e-03 (1.000e-03)
2026-01-14 14:45:41,070 - INFO: Epoch: [0][100/582]	Time  0.031 ( 0.049)	Loss 4.6350e-01 (3.7327e-01)	Acc pseudo  85.94 ( 86.99)	Lr 1.000e-03 (1.000e-03)
2026-01-14 14:45:45,730 - INFO: Epoch: [0][150/582]	Time  0.031 ( 0.045)	Loss 4.3986e-01 (3.6248e-01)	Acc pseudo  82.81 ( 87.23)	Lr 1.000e-03 (1.000e-03)
2026-01-14 14:45:50,385 - INFO: Epoch: [0][200/582]	Time  0.045 ( 0.042)	Loss 3.0187e-01 (3.5313e-01)	Acc pseudo  85.94 ( 87.36)	Lr 1.000e-03 (1.000e-03)
2026-01-14 14:45:55,040 - INFO: Epoch: [0][250/582]	Time  0.043 ( 0.041)	Loss 4.7561e-01 (3.6909e-01)	Acc pseudo  75.00 ( 86.98)	Lr 1.000e-03 (1.000e-03)
2026-01-14 14:45:59,696 - INFO: Epoch: [0][300/582]	Time  0.033 ( 0.040)	Loss 2.6482e-01 (3.6719e-01)	Acc pseudo  87.50 ( 86.89)	Lr 1.000e-03 (1.000e-03)
2026-01-14 14:46:04,392 - INFO: Epoch: [0][350/582]	Time  0.030 ( 0.040)	Loss 1.9759e-01 (3.6915e-01)	Acc pseudo  87.50 ( 86.88)	Lr 1.000e-03 (1.000e-03)
2026-01-14 14:46:09,486 - INFO: Epoch: [0][400/582]	Time  0.030 ( 0.040)	Loss 2.3711e-01 (3.6940e-01)	Acc pseudo  92.19 ( 86.95)	Lr 1.000e-03 (1.000e-03)
2026-01-14 14:46:15,192 - INFO: Epoch: [0][450/582]	Time  0.030 ( 0.041)	Loss 3.7321e-01 (3.7005e-01)	Acc pseudo  85.94 ( 86.88)	Lr 1.000e-03 (1.000e-03)
2026-01-14 14:46:20,526 - INFO: Epoch: [0][500/582]	Time  0.028 ( 0.041)	Loss 2.4971e-01 (3.6857e-01)	Acc pseudo  84.38 ( 86.80)	Lr 1.000e-03 (1.000e-03)
2026-01-14 14:46:25,294 - INFO: Epoch: [0][550/582]	Time  0.031 ( 0.041)	Loss 2.2659e-01 (3.6678e-01)	Acc pseudo  87.50 ( 86.80)	Lr 1.000e-03 (1.000e-03)
2026-01-14 14:46:28,268 - INFO: Round 1, Face Fine-tune Epoch 0: loss=0.3672, acc(pseudo)=86.78%
2026-01-14 14:47:27,861 - INFO: Round 1, Face Fine-tune Epoch 0: acc(valid_pseudo): 0.9808, acc: 0.8647
2026-01-14 14:47:28,789 - INFO: Epoch: [1][  0/582]	Time  0.522 ( 0.522)	Loss 3.5963e-01 (3.5963e-01)	Acc pseudo  87.50 ( 87.50)	Lr 1.000e-03 (1.000e-03)
2026-01-14 14:47:33,465 - INFO: Epoch: [1][ 50/582]	Time  0.031 ( 0.044)	Loss 2.4437e-01 (3.0792e-01)	Acc pseudo  90.62 ( 88.02)	Lr 1.000e-03 (1.000e-03)
2026-01-14 14:47:38,132 - INFO: Epoch: [1][100/582]	Time  0.030 ( 0.038)	Loss 7.2714e-01 (3.1179e-01)	Acc pseudo  87.50 ( 88.03)	Lr 1.000e-03 (1.000e-03)
2026-01-14 14:47:42,805 - INFO: Epoch: [1][150/582]	Time  0.029 ( 0.037)	Loss 3.2512e-01 (3.0618e-01)	Acc pseudo  82.81 ( 88.45)	Lr 1.000e-03 (1.000e-03)
2026-01-14 14:47:47,479 - INFO: Epoch: [1][200/582]	Time  0.030 ( 0.036)	Loss 1.3612e-01 (3.1332e-01)	Acc pseudo  93.75 ( 88.32)	Lr 1.000e-03 (1.000e-03)
2026-01-14 14:47:52,152 - INFO: Epoch: [1][250/582]	Time  0.029 ( 0.035)	Loss 2.8315e-01 (3.1155e-01)	Acc pseudo  84.38 ( 88.27)	Lr 1.000e-03 (1.000e-03)
2026-01-14 14:47:56,846 - INFO: Epoch: [1][300/582]	Time  0.030 ( 0.034)	Loss 3.3741e-01 (3.0827e-01)	Acc pseudo  84.38 ( 88.29)	Lr 1.000e-03 (1.000e-03)
2026-01-14 14:48:01,523 - INFO: Epoch: [1][350/582]	Time  0.029 ( 0.033)	Loss 2.3710e-01 (3.1722e-01)	Acc pseudo  87.50 ( 88.11)	Lr 1.000e-03 (1.000e-03)
2026-01-14 14:48:06,197 - INFO: Epoch: [1][400/582]	Time  0.029 ( 0.033)	Loss 4.9248e-01 (3.1878e-01)	Acc pseudo  82.81 ( 88.17)	Lr 1.000e-03 (1.000e-03)
2026-01-14 14:48:10,875 - INFO: Epoch: [1][450/582]	Time  0.029 ( 0.033)	Loss 7.4424e-01 (3.2122e-01)	Acc pseudo  78.12 ( 88.08)	Lr 1.000e-03 (1.000e-03)
2026-01-14 14:48:15,553 - INFO: Epoch: [1][500/582]	Time  0.034 ( 0.033)	Loss 4.8516e-01 (3.2458e-01)	Acc pseudo  89.06 ( 88.01)	Lr 1.000e-03 (1.000e-03)
2026-01-14 14:48:20,231 - INFO: Epoch: [1][550/582]	Time  0.032 ( 0.033)	Loss 4.4894e-01 (3.2756e-01)	Acc pseudo  87.50 ( 87.88)	Lr 1.000e-03 (1.000e-03)
2026-01-14 14:48:23,303 - INFO: Round 1, Face Fine-tune Epoch 1: loss=0.3311, acc(pseudo)=87.76%
2026-01-14 14:49:21,814 - INFO: Round 1, Face Fine-tune Epoch 1: acc(valid_pseudo): 0.9777, acc: 0.8666
2026-01-14 14:49:21,814 - INFO: Round 1, Face Fine-tune Epoch 1: No improvement. Patience(epoch): 1/3
2026-01-14 14:49:22,563 - INFO: Epoch: [2][  0/582]	Time  0.696 ( 0.696)	Loss 2.7672e-01 (2.7672e-01)	Acc pseudo  90.62 ( 90.62)	Lr 1.000e-03 (1.000e-03)
2026-01-14 14:49:27,236 - INFO: Epoch: [2][ 50/582]	Time  0.040 ( 0.045)	Loss 2.9122e-01 (2.7761e-01)	Acc pseudo  82.81 ( 88.42)	Lr 1.000e-03 (1.000e-03)
2026-01-14 14:49:31,907 - INFO: Epoch: [2][100/582]	Time  0.029 ( 0.038)	Loss 2.5937e-01 (2.8419e-01)	Acc pseudo  87.50 ( 88.68)	Lr 1.000e-03 (1.000e-03)
2026-01-14 14:49:36,580 - INFO: Epoch: [2][150/582]	Time  0.029 ( 0.035)	Loss 2.1333e-01 (2.8696e-01)	Acc pseudo  87.50 ( 88.67)	Lr 1.000e-03 (1.000e-03)
2026-01-14 14:49:41,257 - INFO: Epoch: [2][200/582]	Time  0.029 ( 0.034)	Loss 2.5553e-01 (2.9465e-01)	Acc pseudo  90.62 ( 88.28)	Lr 1.000e-03 (1.000e-03)
2026-01-14 14:49:45,934 - INFO: Epoch: [2][250/582]	Time  0.046 ( 0.034)	Loss 1.8910e-01 (2.9363e-01)	Acc pseudo  89.06 ( 88.12)	Lr 1.000e-03 (1.000e-03)
2026-01-14 14:49:50,629 - INFO: Epoch: [2][300/582]	Time  0.043 ( 0.035)	Loss 2.2129e-01 (2.9336e-01)	Acc pseudo  87.50 ( 88.23)	Lr 1.000e-03 (1.000e-03)
2026-01-14 14:49:55,322 - INFO: Epoch: [2][350/582]	Time  0.030 ( 0.036)	Loss 3.5724e-01 (2.9295e-01)	Acc pseudo  89.06 ( 88.32)	Lr 1.000e-03 (1.000e-03)
2026-01-14 14:50:00,007 - INFO: Epoch: [2][400/582]	Time  0.028 ( 0.035)	Loss 3.8742e-01 (2.9081e-01)	Acc pseudo  84.38 ( 88.31)	Lr 1.000e-03 (1.000e-03)
2026-01-14 14:50:04,685 - INFO: Epoch: [2][450/582]	Time  0.034 ( 0.035)	Loss 3.7037e-01 (2.9077e-01)	Acc pseudo  90.62 ( 88.25)	Lr 1.000e-03 (1.000e-03)
2026-01-14 14:50:09,364 - INFO: Epoch: [2][500/582]	Time  0.029 ( 0.035)	Loss 3.6852e-01 (2.9161e-01)	Acc pseudo  84.38 ( 88.25)	Lr 1.000e-03 (1.000e-03)
2026-01-14 14:50:14,104 - INFO: Epoch: [2][550/582]	Time  0.031 ( 0.035)	Loss 4.0365e-01 (2.9204e-01)	Acc pseudo  89.06 ( 88.29)	Lr 1.000e-03 (1.000e-03)
2026-01-14 14:50:17,084 - INFO: Round 1, Face Fine-tune Epoch 2: loss=0.2937, acc(pseudo)=88.28%
2026-01-14 14:51:16,683 - INFO: Round 1, Face Fine-tune Epoch 2: acc(valid_pseudo): 0.9787, acc: 0.8588
2026-01-14 14:51:16,684 - INFO: Round 1, Face Fine-tune Epoch 2: No improvement. Patience(epoch): 2/3
2026-01-14 14:51:17,252 - INFO: Epoch: [3][  0/582]	Time  0.529 ( 0.529)	Loss 2.4271e-01 (2.4271e-01)	Acc pseudo  87.50 ( 87.50)	Lr 1.000e-03 (1.000e-03)
2026-01-14 14:51:21,930 - INFO: Epoch: [3][ 50/582]	Time  0.031 ( 0.043)	Loss 2.4542e-01 (2.8862e-01)	Acc pseudo  84.38 ( 88.69)	Lr 1.000e-03 (1.000e-03)
2026-01-14 14:51:26,613 - INFO: Epoch: [3][100/582]	Time  0.028 ( 0.038)	Loss 3.0470e-01 (2.8563e-01)	Acc pseudo  90.62 ( 88.57)	Lr 1.000e-03 (1.000e-03)
2026-01-14 14:51:31,288 - INFO: Epoch: [3][150/582]	Time  0.030 ( 0.037)	Loss 2.4731e-01 (2.8422e-01)	Acc pseudo  84.38 ( 88.66)	Lr 1.000e-03 (1.000e-03)
2026-01-14 14:51:35,970 - INFO: Epoch: [3][200/582]	Time  0.029 ( 0.036)	Loss 1.9627e-01 (2.8748e-01)	Acc pseudo  90.62 ( 88.80)	Lr 1.000e-03 (1.000e-03)
2026-01-14 14:51:40,646 - INFO: Epoch: [3][250/582]	Time  0.029 ( 0.035)	Loss 2.3163e-01 (2.9013e-01)	Acc pseudo  89.06 ( 88.70)	Lr 1.000e-03 (1.000e-03)
2026-01-14 14:51:45,398 - INFO: Epoch: [3][300/582]	Time  0.028 ( 0.035)	Loss 3.1427e-01 (2.8879e-01)	Acc pseudo  87.50 ( 88.62)	Lr 1.000e-03 (1.000e-03)
2026-01-14 14:51:50,078 - INFO: Epoch: [3][350/582]	Time  0.030 ( 0.034)	Loss 1.7883e-01 (2.8181e-01)	Acc pseudo  95.31 ( 88.83)	Lr 1.000e-03 (1.000e-03)
2026-01-14 14:51:54,753 - INFO: Epoch: [3][400/582]	Time  0.029 ( 0.034)	Loss 3.4156e-01 (2.8403e-01)	Acc pseudo  87.50 ( 88.80)	Lr 1.000e-03 (1.000e-03)
2026-01-14 14:51:59,440 - INFO: Epoch: [3][450/582]	Time  0.029 ( 0.034)	Loss 3.4561e-01 (2.8606e-01)	Acc pseudo  87.50 ( 88.68)	Lr 1.000e-03 (1.000e-03)
2026-01-14 14:52:04,120 - INFO: Epoch: [3][500/582]	Time  0.034 ( 0.033)	Loss 2.3516e-01 (2.8732e-01)	Acc pseudo  89.06 ( 88.68)	Lr 1.000e-03 (1.000e-03)
2026-01-14 14:52:08,804 - INFO: Epoch: [3][550/582]	Time  0.051 ( 0.034)	Loss 2.9017e-01 (2.8972e-01)	Acc pseudo  85.94 ( 88.61)	Lr 1.000e-03 (1.000e-03)
2026-01-14 14:52:11,840 - INFO: Round 1, Face Fine-tune Epoch 3: loss=0.2907, acc(pseudo)=88.62%
2026-01-14 14:53:13,677 - INFO: Round 1, Face Fine-tune Epoch 3: acc(valid_pseudo): 0.9816, acc: 0.8656
2026-01-14 14:53:15,531 - INFO: Epoch: [4][  0/582]	Time  0.731 ( 0.731)	Loss 5.6084e-01 (5.6084e-01)	Acc pseudo  82.81 ( 82.81)	Lr 1.000e-03 (1.000e-03)
2026-01-14 14:53:20,206 - INFO: Epoch: [4][ 50/582]	Time  0.029 ( 0.050)	Loss 4.5960e-01 (2.7408e-01)	Acc pseudo  79.69 ( 88.51)	Lr 1.000e-03 (1.000e-03)
2026-01-14 14:53:24,878 - INFO: Epoch: [4][100/582]	Time  0.031 ( 0.042)	Loss 4.5350e-01 (2.5830e-01)	Acc pseudo  82.81 ( 89.08)	Lr 1.000e-03 (1.000e-03)
2026-01-14 14:53:29,552 - INFO: Epoch: [4][150/582]	Time  0.030 ( 0.039)	Loss 1.9539e-01 (2.6634e-01)	Acc pseudo  93.75 ( 89.01)	Lr 1.000e-03 (1.000e-03)
2026-01-14 14:53:34,229 - INFO: Epoch: [4][200/582]	Time  0.029 ( 0.038)	Loss 2.8197e-01 (2.6541e-01)	Acc pseudo  92.19 ( 89.23)	Lr 1.000e-03 (1.000e-03)
2026-01-14 14:53:38,908 - INFO: Epoch: [4][250/582]	Time  0.039 ( 0.037)	Loss 2.4943e-01 (2.6656e-01)	Acc pseudo  84.38 ( 89.03)	Lr 1.000e-03 (1.000e-03)
2026-01-14 14:53:43,591 - INFO: Epoch: [4][300/582]	Time  0.038 ( 0.037)	Loss 3.4665e-01 (2.6662e-01)	Acc pseudo  90.62 ( 89.06)	Lr 1.000e-03 (1.000e-03)
2026-01-14 14:53:48,271 - INFO: Epoch: [4][350/582]	Time  0.029 ( 0.036)	Loss 1.9867e-01 (2.7308e-01)	Acc pseudo  90.62 ( 88.97)	Lr 1.000e-03 (1.000e-03)
2026-01-14 14:53:52,966 - INFO: Epoch: [4][400/582]	Time  0.029 ( 0.035)	Loss 2.2016e-01 (2.7616e-01)	Acc pseudo  89.06 ( 88.90)	Lr 1.000e-03 (1.000e-03)
2026-01-14 14:53:57,677 - INFO: Epoch: [4][450/582]	Time  0.030 ( 0.035)	Loss 5.2063e-01 (2.7706e-01)	Acc pseudo  84.38 ( 88.89)	Lr 1.000e-03 (1.000e-03)
2026-01-14 14:54:02,368 - INFO: Epoch: [4][500/582]	Time  0.045 ( 0.035)	Loss 3.0409e-01 (2.7840e-01)	Acc pseudo  89.06 ( 88.78)	Lr 1.000e-03 (1.000e-03)
2026-01-14 14:54:07,068 - INFO: Epoch: [4][550/582]	Time  0.046 ( 0.036)	Loss 2.4679e-01 (2.8010e-01)	Acc pseudo  89.06 ( 88.68)	Lr 1.000e-03 (1.000e-03)
2026-01-14 14:54:10,079 - INFO: Round 1, Face Fine-tune Epoch 4: loss=0.2793, acc(pseudo)=88.74%
2026-01-14 14:55:09,830 - INFO: Round 1, Face Fine-tune Epoch 4: acc(valid_pseudo): 0.9774, acc: 0.8539
2026-01-14 14:55:09,830 - INFO: Round 1, Face Fine-tune Epoch 4: No improvement. Patience(epoch): 1/3
2026-01-14 14:55:10,405 - INFO: Epoch: [5][  0/582]	Time  0.534 ( 0.534)	Loss 1.6959e-01 (1.6959e-01)	Acc pseudo  93.75 ( 93.75)	Lr 1.000e-03 (1.000e-03)
2026-01-14 14:55:15,082 - INFO: Epoch: [5][ 50/582]	Time  0.029 ( 0.043)	Loss 2.3182e-01 (2.6830e-01)	Acc pseudo  93.75 ( 88.97)	Lr 1.000e-03 (1.000e-03)
2026-01-14 14:55:19,756 - INFO: Epoch: [5][100/582]	Time  0.030 ( 0.037)	Loss 2.0913e-01 (2.6154e-01)	Acc pseudo  89.06 ( 89.08)	Lr 1.000e-03 (1.000e-03)
2026-01-14 14:55:24,531 - INFO: Epoch: [5][150/582]	Time  0.037 ( 0.036)	Loss 1.9571e-01 (2.6271e-01)	Acc pseudo  87.50 ( 89.30)	Lr 1.000e-03 (1.000e-03)
2026-01-14 14:55:29,274 - INFO: Epoch: [5][200/582]	Time  0.032 ( 0.035)	Loss 2.4616e-01 (2.5901e-01)	Acc pseudo  89.06 ( 89.48)	Lr 1.000e-03 (1.000e-03)
2026-01-14 14:55:33,956 - INFO: Epoch: [5][250/582]	Time  0.029 ( 0.034)	Loss 2.7157e-01 (2.6158e-01)	Acc pseudo  84.38 ( 89.36)	Lr 1.000e-03 (1.000e-03)
2026-01-14 14:55:38,646 - INFO: Epoch: [5][300/582]	Time  0.035 ( 0.035)	Loss 2.5963e-01 (2.6114e-01)	Acc pseudo  92.19 ( 89.36)	Lr 1.000e-03 (1.000e-03)
2026-01-14 14:55:43,326 - INFO: Epoch: [5][350/582]	Time  0.030 ( 0.035)	Loss 6.0002e-01 (2.6343e-01)	Acc pseudo  85.94 ( 89.38)	Lr 1.000e-03 (1.000e-03)
2026-01-14 14:55:48,006 - INFO: Epoch: [5][400/582]	Time  0.031 ( 0.034)	Loss 3.4453e-01 (2.6602e-01)	Acc pseudo  90.62 ( 89.27)	Lr 1.000e-03 (1.000e-03)
2026-01-14 14:55:52,695 - INFO: Epoch: [5][450/582]	Time  0.039 ( 0.034)	Loss 1.0973e-01 (2.6609e-01)	Acc pseudo  92.19 ( 89.12)	Lr 1.000e-03 (1.000e-03)
2026-01-14 14:55:57,377 - INFO: Epoch: [5][500/582]	Time  0.033 ( 0.034)	Loss 5.6738e-01 (2.6963e-01)	Acc pseudo  87.50 ( 89.03)	Lr 1.000e-03 (1.000e-03)
2026-01-14 14:56:02,065 - INFO: Epoch: [5][550/582]	Time  0.030 ( 0.034)	Loss 1.6638e-01 (2.6777e-01)	Acc pseudo  90.62 ( 89.09)	Lr 1.000e-03 (1.000e-03)
2026-01-14 14:56:05,061 - INFO: Round 1, Face Fine-tune Epoch 5: loss=0.2692, acc(pseudo)=89.08%
2026-01-14 14:57:07,359 - INFO: Round 1, Face Fine-tune Epoch 5: acc(valid_pseudo): 0.9850, acc: 0.8656
2026-01-14 14:57:08,545 - INFO: Epoch: [6][  0/582]	Time  0.594 ( 0.594)	Loss 1.2237e-01 (1.2237e-01)	Acc pseudo  95.31 ( 95.31)	Lr 1.000e-03 (1.000e-03)
2026-01-14 14:57:13,219 - INFO: Epoch: [6][ 50/582]	Time  0.029 ( 0.043)	Loss 3.4603e-01 (2.1889e-01)	Acc pseudo  95.31 ( 91.05)	Lr 1.000e-03 (1.000e-03)
2026-01-14 14:57:17,888 - INFO: Epoch: [6][100/582]	Time  0.028 ( 0.036)	Loss 2.2265e-01 (2.2706e-01)	Acc pseudo  90.62 ( 90.76)	Lr 1.000e-03 (1.000e-03)
2026-01-14 14:57:22,561 - INFO: Epoch: [6][150/582]	Time  0.030 ( 0.034)	Loss 3.6239e-01 (2.3712e-01)	Acc pseudo  85.94 ( 90.12)	Lr 1.000e-03 (1.000e-03)
2026-01-14 14:57:27,236 - INFO: Epoch: [6][200/582]	Time  0.029 ( 0.033)	Loss 2.3419e-01 (2.3918e-01)	Acc pseudo  84.38 ( 89.89)	Lr 1.000e-03 (1.000e-03)
2026-01-14 14:57:31,919 - INFO: Epoch: [6][250/582]	Time  0.029 ( 0.033)	Loss 2.7694e-01 (2.3979e-01)	Acc pseudo  89.06 ( 89.92)	Lr 1.000e-03 (1.000e-03)
2026-01-14 14:57:36,595 - INFO: Epoch: [6][300/582]	Time  0.030 ( 0.032)	Loss 3.2022e-01 (2.3934e-01)	Acc pseudo  79.69 ( 89.93)	Lr 1.000e-03 (1.000e-03)
2026-01-14 14:57:41,274 - INFO: Epoch: [6][350/582]	Time  0.030 ( 0.032)	Loss 1.9572e-01 (2.4280e-01)	Acc pseudo  92.19 ( 89.86)	Lr 1.000e-03 (1.000e-03)
2026-01-14 14:57:45,956 - INFO: Epoch: [6][400/582]	Time  0.038 ( 0.032)	Loss 2.9692e-01 (2.4091e-01)	Acc pseudo  89.06 ( 89.97)	Lr 1.000e-03 (1.000e-03)
2026-01-14 14:57:50,676 - INFO: Epoch: [6][450/582]	Time  0.043 ( 0.032)	Loss 2.0382e-01 (2.4380e-01)	Acc pseudo  90.62 ( 89.93)	Lr 1.000e-03 (1.000e-03)
2026-01-14 14:57:55,446 - INFO: Epoch: [6][500/582]	Time  0.046 ( 0.034)	Loss 1.9386e-01 (2.4560e-01)	Acc pseudo  89.06 ( 89.82)	Lr 1.000e-03 (1.000e-03)
2026-01-14 14:58:00,134 - INFO: Epoch: [6][550/582]	Time  0.032 ( 0.034)	Loss 5.0784e-01 (2.4989e-01)	Acc pseudo  85.94 ( 89.67)	Lr 1.000e-03 (1.000e-03)
2026-01-14 14:58:03,118 - INFO: Round 1, Face Fine-tune Epoch 6: loss=0.2533, acc(pseudo)=89.55%
2026-01-14 14:59:02,701 - INFO: Round 1, Face Fine-tune Epoch 6: acc(valid_pseudo): 0.9816, acc: 0.8608
2026-01-14 14:59:02,701 - INFO: Round 1, Face Fine-tune Epoch 6: No improvement. Patience(epoch): 1/3
2026-01-14 14:59:03,326 - INFO: Epoch: [7][  0/582]	Time  0.591 ( 0.591)	Loss 3.3605e-01 (3.3605e-01)	Acc pseudo  85.94 ( 85.94)	Lr 1.000e-03 (1.000e-03)
2026-01-14 14:59:08,006 - INFO: Epoch: [7][ 50/582]	Time  0.029 ( 0.044)	Loss 1.6914e-01 (2.5089e-01)	Acc pseudo  90.62 ( 89.46)	Lr 1.000e-03 (1.000e-03)
2026-01-14 14:59:12,681 - INFO: Epoch: [7][100/582]	Time  0.029 ( 0.037)	Loss 1.9382e-01 (2.4748e-01)	Acc pseudo  90.62 ( 89.84)	Lr 1.000e-03 (1.000e-03)
2026-01-14 14:59:17,362 - INFO: Epoch: [7][150/582]	Time  0.032 ( 0.037)	Loss 1.5312e-01 (2.4848e-01)	Acc pseudo  93.75 ( 89.83)	Lr 1.000e-03 (1.000e-03)
2026-01-14 14:59:22,043 - INFO: Epoch: [7][200/582]	Time  0.029 ( 0.036)	Loss 6.3690e-02 (2.4947e-01)	Acc pseudo  96.88 ( 89.84)	Lr 1.000e-03 (1.000e-03)
2026-01-14 14:59:26,731 - INFO: Epoch: [7][250/582]	Time  0.030 ( 0.035)	Loss 1.6859e-01 (2.5013e-01)	Acc pseudo  93.75 ( 89.85)	Lr 1.000e-03 (1.000e-03)
2026-01-14 14:59:31,411 - INFO: Epoch: [7][300/582]	Time  0.049 ( 0.035)	Loss 1.8027e-01 (2.5190e-01)	Acc pseudo  87.50 ( 89.80)	Lr 1.000e-03 (1.000e-03)
2026-01-14 14:59:36,098 - INFO: Epoch: [7][350/582]	Time  0.029 ( 0.035)	Loss 3.5756e-01 (2.5036e-01)	Acc pseudo  84.38 ( 89.73)	Lr 1.000e-03 (1.000e-03)
2026-01-14 14:59:40,795 - INFO: Epoch: [7][400/582]	Time  0.031 ( 0.035)	Loss 4.6212e-01 (2.5520e-01)	Acc pseudo  85.94 ( 89.57)	Lr 1.000e-03 (1.000e-03)
2026-01-14 14:59:45,478 - INFO: Epoch: [7][450/582]	Time  0.028 ( 0.034)	Loss 1.8968e-01 (2.5573e-01)	Acc pseudo  92.19 ( 89.51)	Lr 1.000e-03 (1.000e-03)
2026-01-14 14:59:50,153 - INFO: Epoch: [7][500/582]	Time  0.029 ( 0.034)	Loss 3.7155e-01 (2.5729e-01)	Acc pseudo  89.06 ( 89.56)	Lr 1.000e-03 (1.000e-03)
2026-01-14 14:59:54,834 - INFO: Epoch: [7][550/582]	Time  0.037 ( 0.034)	Loss 2.2386e-01 (2.6133e-01)	Acc pseudo  89.06 ( 89.48)	Lr 1.000e-03 (1.000e-03)
2026-01-14 14:59:57,832 - INFO: Round 1, Face Fine-tune Epoch 7: loss=0.2618, acc(pseudo)=89.51%
2026-01-14 15:00:59,373 - INFO: Round 1, Face Fine-tune Epoch 7: acc(valid_pseudo): 0.9837, acc: 0.8647
2026-01-14 15:00:59,374 - INFO: Round 1, Face Fine-tune Epoch 7: No improvement. Patience(epoch): 2/3
2026-01-14 15:00:59,930 - INFO: Epoch: [8][  0/582]	Time  0.515 ( 0.515)	Loss 2.8188e-01 (2.8188e-01)	Acc pseudo  90.62 ( 90.62)	Lr 1.000e-03 (1.000e-03)
2026-01-14 15:01:04,601 - INFO: Epoch: [8][ 50/582]	Time  0.031 ( 0.043)	Loss 3.3751e-01 (2.5133e-01)	Acc pseudo  90.62 ( 90.20)	Lr 1.000e-03 (1.000e-03)
2026-01-14 15:01:09,276 - INFO: Epoch: [8][100/582]	Time  0.029 ( 0.037)	Loss 1.1211e-01 (2.2936e-01)	Acc pseudo  93.75 ( 90.53)	Lr 1.000e-03 (1.000e-03)
2026-01-14 15:01:13,955 - INFO: Epoch: [8][150/582]	Time  0.029 ( 0.035)	Loss 2.4787e-01 (2.3192e-01)	Acc pseudo  84.38 ( 90.46)	Lr 1.000e-03 (1.000e-03)
2026-01-14 15:01:18,641 - INFO: Epoch: [8][200/582]	Time  0.028 ( 0.034)	Loss 4.1502e-01 (2.3632e-01)	Acc pseudo  87.50 ( 90.53)	Lr 1.000e-03 (1.000e-03)
2026-01-14 15:01:23,316 - INFO: Epoch: [8][250/582]	Time  0.030 ( 0.033)	Loss 2.8979e-01 (2.3407e-01)	Acc pseudo  84.38 ( 90.49)	Lr 1.000e-03 (1.000e-03)
2026-01-14 15:01:27,990 - INFO: Epoch: [8][300/582]	Time  0.029 ( 0.033)	Loss 2.4727e-01 (2.3656e-01)	Acc pseudo  87.50 ( 90.43)	Lr 1.000e-03 (1.000e-03)
2026-01-14 15:01:32,672 - INFO: Epoch: [8][350/582]	Time  0.029 ( 0.032)	Loss 1.4222e-01 (2.4253e-01)	Acc pseudo  90.62 ( 90.25)	Lr 1.000e-03 (1.000e-03)
2026-01-14 15:01:37,419 - INFO: Epoch: [8][400/582]	Time  0.031 ( 0.032)	Loss 1.4927e-01 (2.4495e-01)	Acc pseudo  96.88 ( 90.16)	Lr 1.000e-03 (1.000e-03)
2026-01-14 15:01:42,154 - INFO: Epoch: [8][450/582]	Time  0.032 ( 0.032)	Loss 1.7218e-01 (2.4764e-01)	Acc pseudo  92.19 ( 90.12)	Lr 1.000e-03 (1.000e-03)
2026-01-14 15:01:46,847 - INFO: Epoch: [8][500/582]	Time  0.029 ( 0.032)	Loss 1.5525e-01 (2.4821e-01)	Acc pseudo  93.75 ( 90.10)	Lr 1.000e-03 (1.000e-03)
2026-01-14 15:01:51,530 - INFO: Epoch: [8][550/582]	Time  0.030 ( 0.032)	Loss 2.1652e-01 (2.5054e-01)	Acc pseudo  89.06 ( 89.97)	Lr 1.000e-03 (1.000e-03)
2026-01-14 15:01:54,558 - INFO: Round 1, Face Fine-tune Epoch 8: loss=0.2516, acc(pseudo)=89.90%
2026-01-14 15:02:54,432 - INFO: Round 1, Face Fine-tune Epoch 8: acc(valid_pseudo): 0.9827, acc: 0.8647
2026-01-14 15:02:54,432 - INFO: Round 1, Face Fine-tune Epoch 8: No improvement. Patience(epoch): 3/3
2026-01-14 15:02:54,433 - INFO: Early stopping at face epoch 8
2026-01-14 15:02:54,434 - INFO: Round 1: Best face fine-tuned epoch=5, acc(valid_pseudo)=0.9850
2026-01-14 15:02:54,593 - INFO: Using HMM model from previous round: runs/I love my family/exp_video/result/self_supervised/exp3/round0/pseudo_label/hmm_params.pkl
2026-01-14 16:39:52,227 - INFO: Round 1: speaker_acc=0.8775
2026-01-14 16:39:52,243 - INFO: Round 1: face_acc=0.8724
2026-01-14 16:39:52,247 - INFO: ====================
2026-01-14 16:39:52,247 - INFO: Round 2: Fine-tuning iteration
2026-01-14 16:39:52,247 - INFO: ====================
2026-01-14 16:39:52,319 - INFO: Round 2 Part 1: Fine-tuning embedding model
2026-01-14 16:39:52,320 - INFO: Using pseudo-label file: runs/I love my family/exp_video/result/self_supervised/exp3/round1/pseudo_label/pseudo_labels_audio_nested_hmm_full(unreliable_pp=100.0).json
2026-01-14 16:39:52,352 - INFO: For training, Using face pseudo-label file: runs/I love my family/exp_video/result/self_supervised/exp3/round1/pseudo_label/pseudo_labels_faces_mid_frame_train_nested_hmm_full.json
2026-01-14 16:39:52,352 - INFO: For infering, Using face pseudo-label file: runs/I love my family/exp_video/result/self_supervised/exp3/round1/pseudo_label/pseudo_labels_faces_mid_frame_all_nested_hmm_full.json
2026-01-14 16:39:52,500 - INFO: Created face dataloader with 37219 samples
2026-01-14 16:39:52,517 - INFO: Fine-tuning speaker embedding model for 20 epochs...
2026-01-14 16:39:53,092 - INFO: Epoch: [0][  0/301]	Time  0.561 ( 0.561)	Loss 4.5837e-01 (4.5837e-01)	Acc pseudo  84.38 ( 84.38)	Lr 1.000e-03 (1.000e-03)
2026-01-14 16:39:53,314 - INFO: Epoch: [0][ 50/301]	Time  0.007 ( 0.015)	Loss 5.5506e-01 (5.9398e-01)	Acc pseudo  87.50 ( 82.05)	Lr 1.000e-03 (1.000e-03)
2026-01-14 16:39:53,546 - INFO: Epoch: [0][100/301]	Time  0.004 ( 0.010)	Loss 6.0052e-01 (5.9458e-01)	Acc pseudo  82.81 ( 82.60)	Lr 1.000e-03 (1.000e-03)
2026-01-14 16:39:53,793 - INFO: Epoch: [0][150/301]	Time  0.004 ( 0.008)	Loss 4.4516e-01 (6.0557e-01)	Acc pseudo  82.81 ( 82.36)	Lr 1.000e-03 (1.000e-03)
2026-01-14 16:39:54,025 - INFO: Epoch: [0][200/301]	Time  0.003 ( 0.007)	Loss 4.2592e-01 (5.9986e-01)	Acc pseudo  87.50 ( 82.58)	Lr 1.000e-03 (1.000e-03)
2026-01-14 16:39:54,208 - INFO: Epoch: [0][250/301]	Time  0.004 ( 0.007)	Loss 7.4838e-01 (6.0109e-01)	Acc pseudo  78.12 ( 82.48)	Lr 1.000e-03 (1.000e-03)
2026-01-14 16:39:54,389 - INFO: Epoch: [0][300/301]	Time  0.004 ( 0.006)	Loss 6.4692e-01 (5.9927e-01)	Acc pseudo  80.00 ( 82.63)	Lr 1.000e-03 (1.000e-03)
2026-01-14 16:39:54,459 - INFO: Round 2, Fine-tune Epoch 0: loss=0.5993, acc(pseudo)=82.63%
2026-01-14 16:40:02,902 - INFO: Round 2, Fine-tune Epoch 0: acc(valid_pseudo): 0.9481, acc: 0.8240
2026-01-14 16:40:03,370 - INFO: Epoch: [1][  0/301]	Time  0.277 ( 0.277)	Loss 5.7190e-01 (5.7190e-01)	Acc pseudo  78.12 ( 78.12)	Lr 1.000e-03 (1.000e-03)
2026-01-14 16:40:03,608 - INFO: Epoch: [1][ 50/301]	Time  0.004 ( 0.010)	Loss 3.5435e-01 (5.1791e-01)	Acc pseudo  87.50 ( 83.46)	Lr 1.000e-03 (1.000e-03)
2026-01-14 16:40:03,808 - INFO: Epoch: [1][100/301]	Time  0.004 ( 0.007)	Loss 4.9082e-01 (5.1435e-01)	Acc pseudo  79.69 ( 83.96)	Lr 1.000e-03 (1.000e-03)
2026-01-14 16:40:04,048 - INFO: Epoch: [1][150/301]	Time  0.005 ( 0.006)	Loss 4.8993e-01 (5.1864e-01)	Acc pseudo  85.94 ( 83.97)	Lr 1.000e-03 (1.000e-03)
2026-01-14 16:40:04,228 - INFO: Epoch: [1][200/301]	Time  0.003 ( 0.006)	Loss 4.0119e-01 (5.2571e-01)	Acc pseudo  85.94 ( 83.85)	Lr 1.000e-03 (1.000e-03)
2026-01-14 16:40:04,412 - INFO: Epoch: [1][250/301]	Time  0.003 ( 0.005)	Loss 5.0219e-01 (5.3164e-01)	Acc pseudo  85.94 ( 83.80)	Lr 1.000e-03 (1.000e-03)
2026-01-14 16:40:04,591 - INFO: Epoch: [1][300/301]	Time  0.002 ( 0.005)	Loss 2.5687e-01 (5.3509e-01)	Acc pseudo  84.00 ( 83.79)	Lr 1.000e-03 (1.000e-03)
2026-01-14 16:40:04,654 - INFO: Round 2, Fine-tune Epoch 1: loss=0.5351, acc(pseudo)=83.79%
2026-01-14 16:40:13,703 - INFO: Round 2, Fine-tune Epoch 1: acc(valid_pseudo): 0.9390, acc: 0.8450
2026-01-14 16:40:13,704 - INFO: Round 2, Speaker Fine-tune Epoch 1: No improvement in validation accuracy. Patience(epoch): 1/3
2026-01-14 16:40:13,997 - INFO: Epoch: [2][  0/301]	Time  0.288 ( 0.288)	Loss 6.3878e-01 (6.3878e-01)	Acc pseudo  81.25 ( 81.25)	Lr 1.000e-03 (1.000e-03)
2026-01-14 16:40:14,230 - INFO: Epoch: [2][ 50/301]	Time  0.003 ( 0.010)	Loss 8.7085e-01 (5.1938e-01)	Acc pseudo  84.38 ( 84.04)	Lr 1.000e-03 (1.000e-03)
2026-01-14 16:40:14,411 - INFO: Epoch: [2][100/301]	Time  0.004 ( 0.007)	Loss 7.9999e-01 (5.0923e-01)	Acc pseudo  78.12 ( 84.59)	Lr 1.000e-03 (1.000e-03)
2026-01-14 16:40:14,589 - INFO: Epoch: [2][150/301]	Time  0.003 ( 0.006)	Loss 4.8389e-01 (5.1936e-01)	Acc pseudo  85.94 ( 84.47)	Lr 1.000e-03 (1.000e-03)
2026-01-14 16:40:14,782 - INFO: Epoch: [2][200/301]	Time  0.004 ( 0.005)	Loss 4.0358e-01 (5.1654e-01)	Acc pseudo  87.50 ( 84.34)	Lr 1.000e-03 (1.000e-03)
2026-01-14 16:40:14,993 - INFO: Epoch: [2][250/301]	Time  0.004 ( 0.005)	Loss 4.5708e-01 (5.1875e-01)	Acc pseudo  87.50 ( 84.21)	Lr 1.000e-03 (1.000e-03)
2026-01-14 16:40:15,202 - INFO: Epoch: [2][300/301]	Time  0.002 ( 0.005)	Loss 3.8366e-01 (5.2205e-01)	Acc pseudo  88.00 ( 84.22)	Lr 1.000e-03 (1.000e-03)
2026-01-14 16:40:15,303 - INFO: Round 2, Fine-tune Epoch 2: loss=0.5221, acc(pseudo)=84.22%
2026-01-14 16:40:23,255 - INFO: Round 2, Fine-tune Epoch 2: acc(valid_pseudo): 0.9700, acc: 0.8560
2026-01-14 16:40:23,706 - INFO: Epoch: [3][  0/301]	Time  0.268 ( 0.268)	Loss 5.7457e-01 (5.7457e-01)	Acc pseudo  79.69 ( 79.69)	Lr 1.000e-03 (1.000e-03)
2026-01-14 16:40:23,926 - INFO: Epoch: [3][ 50/301]	Time  0.003 ( 0.009)	Loss 5.4222e-01 (5.0184e-01)	Acc pseudo  81.25 ( 85.42)	Lr 1.000e-03 (1.000e-03)
2026-01-14 16:40:24,132 - INFO: Epoch: [3][100/301]	Time  0.003 ( 0.007)	Loss 3.3834e-01 (5.0413e-01)	Acc pseudo  84.38 ( 84.76)	Lr 1.000e-03 (1.000e-03)
2026-01-14 16:40:24,329 - INFO: Epoch: [3][150/301]	Time  0.004 ( 0.006)	Loss 2.8201e-01 (5.0263e-01)	Acc pseudo  90.62 ( 84.86)	Lr 1.000e-03 (1.000e-03)
2026-01-14 16:40:24,498 - INFO: Epoch: [3][200/301]	Time  0.004 ( 0.005)	Loss 5.1197e-01 (5.0015e-01)	Acc pseudo  81.25 ( 84.90)	Lr 1.000e-03 (1.000e-03)
2026-01-14 16:40:24,674 - INFO: Epoch: [3][250/301]	Time  0.003 ( 0.005)	Loss 4.1847e-01 (4.9812e-01)	Acc pseudo  82.81 ( 84.77)	Lr 1.000e-03 (1.000e-03)
2026-01-14 16:40:24,846 - INFO: Epoch: [3][300/301]	Time  0.003 ( 0.005)	Loss 4.9614e-01 (5.0279e-01)	Acc pseudo  80.00 ( 84.53)	Lr 1.000e-03 (1.000e-03)
2026-01-14 16:40:24,939 - INFO: Round 2, Fine-tune Epoch 3: loss=0.5028, acc(pseudo)=84.53%
2026-01-14 16:40:33,598 - INFO: Round 2, Fine-tune Epoch 3: acc(valid_pseudo): 0.9335, acc: 0.8435
2026-01-14 16:40:33,598 - INFO: Round 2, Speaker Fine-tune Epoch 3: No improvement in validation accuracy. Patience(epoch): 1/3
2026-01-14 16:40:33,914 - INFO: Epoch: [4][  0/301]	Time  0.311 ( 0.311)	Loss 5.7921e-01 (5.7921e-01)	Acc pseudo  85.94 ( 85.94)	Lr 1.000e-03 (1.000e-03)
2026-01-14 16:40:34,119 - INFO: Epoch: [4][ 50/301]	Time  0.003 ( 0.010)	Loss 4.2436e-01 (4.8347e-01)	Acc pseudo  90.62 ( 85.72)	Lr 1.000e-03 (1.000e-03)
2026-01-14 16:40:34,304 - INFO: Epoch: [4][100/301]	Time  0.003 ( 0.007)	Loss 5.8701e-01 (4.7715e-01)	Acc pseudo  85.94 ( 85.77)	Lr 1.000e-03 (1.000e-03)
2026-01-14 16:40:34,493 - INFO: Epoch: [4][150/301]	Time  0.003 ( 0.006)	Loss 3.9869e-01 (4.7810e-01)	Acc pseudo  85.94 ( 85.67)	Lr 1.000e-03 (1.000e-03)
2026-01-14 16:40:34,704 - INFO: Epoch: [4][200/301]	Time  0.003 ( 0.005)	Loss 4.0020e-01 (4.7671e-01)	Acc pseudo  82.81 ( 85.50)	Lr 1.000e-03 (1.000e-03)
2026-01-14 16:40:34,889 - INFO: Epoch: [4][250/301]	Time  0.004 ( 0.005)	Loss 4.2563e-01 (4.8304e-01)	Acc pseudo  87.50 ( 85.21)	Lr 1.000e-03 (1.000e-03)
2026-01-14 16:40:35,071 - INFO: Epoch: [4][300/301]	Time  0.002 ( 0.005)	Loss 4.4455e-01 (4.9380e-01)	Acc pseudo  92.00 ( 85.01)	Lr 1.000e-03 (1.000e-03)
2026-01-14 16:40:35,165 - INFO: Round 2, Fine-tune Epoch 4: loss=0.4938, acc(pseudo)=85.01%
2026-01-14 16:40:43,185 - INFO: Round 2, Fine-tune Epoch 4: acc(valid_pseudo): 0.9218, acc: 0.8075
2026-01-14 16:40:43,185 - INFO: Round 2, Speaker Fine-tune Epoch 4: No improvement in validation accuracy. Patience(epoch): 2/3
2026-01-14 16:40:43,445 - INFO: Epoch: [5][  0/301]	Time  0.254 ( 0.254)	Loss 5.3424e-01 (5.3424e-01)	Acc pseudo  87.50 ( 87.50)	Lr 1.000e-03 (1.000e-03)
2026-01-14 16:40:43,718 - INFO: Epoch: [5][ 50/301]	Time  0.006 ( 0.010)	Loss 3.0955e-01 (4.6234e-01)	Acc pseudo  89.06 ( 86.12)	Lr 1.000e-03 (1.000e-03)
2026-01-14 16:40:43,976 - INFO: Epoch: [5][100/301]	Time  0.004 ( 0.008)	Loss 5.5545e-01 (4.5676e-01)	Acc pseudo  79.69 ( 85.95)	Lr 1.000e-03 (1.000e-03)
2026-01-14 16:40:44,222 - INFO: Epoch: [5][150/301]	Time  0.004 ( 0.007)	Loss 5.0985e-01 (4.6538e-01)	Acc pseudo  78.12 ( 85.59)	Lr 1.000e-03 (1.000e-03)
2026-01-14 16:40:44,450 - INFO: Epoch: [5][200/301]	Time  0.005 ( 0.006)	Loss 4.5562e-01 (4.7975e-01)	Acc pseudo  81.25 ( 85.35)	Lr 1.000e-03 (1.000e-03)
2026-01-14 16:40:44,678 - INFO: Epoch: [5][250/301]	Time  0.006 ( 0.006)	Loss 7.7381e-01 (4.8458e-01)	Acc pseudo  81.25 ( 85.11)	Lr 1.000e-03 (1.000e-03)
2026-01-14 16:40:44,885 - INFO: Epoch: [5][300/301]	Time  0.003 ( 0.006)	Loss 1.6680e+00 (4.9945e-01)	Acc pseudo  68.00 ( 84.77)	Lr 1.000e-03 (1.000e-03)
2026-01-14 16:40:44,972 - INFO: Round 2, Fine-tune Epoch 5: loss=0.4995, acc(pseudo)=84.77%
2026-01-14 16:40:55,646 - INFO: Round 2, Fine-tune Epoch 5: acc(valid_pseudo): 0.9650, acc: 0.8400
2026-01-14 16:40:55,646 - INFO: Round 2, Speaker Fine-tune Epoch 5: No improvement in validation accuracy. Patience(epoch): 3/3
2026-01-14 16:40:55,646 - INFO: Early stopping at epoch 5 due to no improvement in validation accuracy for 3 epochs.
2026-01-14 16:40:55,648 - INFO: Round 2: Best speaker fine-tuned epoch=2, acc(valid_pseudo)=0.9700
2026-01-14 16:40:55,658 - INFO: Fine-tuning face embedding model for 20 epochs...
2026-01-14 16:40:57,041 - INFO: Epoch: [0][  0/582]	Time  1.350 ( 1.350)	Loss 1.5879e-01 (1.5879e-01)	Acc pseudo  89.06 ( 89.06)	Lr 1.000e-03 (1.000e-03)
2026-01-14 16:41:02,181 - INFO: Epoch: [0][ 50/582]	Time  0.048 ( 0.073)	Loss 1.7691e-01 (2.7784e-01)	Acc pseudo  89.06 ( 90.90)	Lr 1.000e-03 (1.000e-03)
2026-01-14 16:41:07,094 - INFO: Epoch: [0][100/582]	Time  0.045 ( 0.056)	Loss 3.2255e-01 (3.0657e-01)	Acc pseudo  85.94 ( 90.05)	Lr 1.000e-03 (1.000e-03)
2026-01-14 16:41:11,768 - INFO: Epoch: [0][150/582]	Time  0.034 ( 0.049)	Loss 2.3083e-01 (2.9797e-01)	Acc pseudo  89.06 ( 89.93)	Lr 1.000e-03 (1.000e-03)
2026-01-14 16:41:16,450 - INFO: Epoch: [0][200/582]	Time  0.032 ( 0.046)	Loss 1.0773e-01 (2.8840e-01)	Acc pseudo  95.31 ( 90.16)	Lr 1.000e-03 (1.000e-03)
2026-01-14 16:41:21,188 - INFO: Epoch: [0][250/582]	Time  0.044 ( 0.045)	Loss 4.6499e-01 (2.8944e-01)	Acc pseudo  81.25 ( 90.05)	Lr 1.000e-03 (1.000e-03)
2026-01-14 16:41:25,854 - INFO: Epoch: [0][300/582]	Time  0.031 ( 0.044)	Loss 2.0734e-01 (2.8883e-01)	Acc pseudo  90.62 ( 89.96)	Lr 1.000e-03 (1.000e-03)
2026-01-14 16:41:30,809 - INFO: Epoch: [0][350/582]	Time  0.047 ( 0.044)	Loss 9.3692e-02 (2.8607e-01)	Acc pseudo  96.88 ( 90.00)	Lr 1.000e-03 (1.000e-03)
2026-01-14 16:41:37,206 - INFO: Epoch: [0][400/582]	Time  0.029 ( 0.047)	Loss 1.8283e-01 (2.8619e-01)	Acc pseudo  93.75 ( 89.99)	Lr 1.000e-03 (1.000e-03)
2026-01-14 16:41:42,326 - INFO: Epoch: [0][450/582]	Time  0.030 ( 0.046)	Loss 2.0222e-01 (2.8390e-01)	Acc pseudo  89.06 ( 90.02)	Lr 1.000e-03 (1.000e-03)
2026-01-14 16:41:46,988 - INFO: Epoch: [0][500/582]	Time  0.028 ( 0.045)	Loss 2.8885e-01 (2.8496e-01)	Acc pseudo  89.06 ( 89.95)	Lr 1.000e-03 (1.000e-03)
2026-01-14 16:41:51,652 - INFO: Epoch: [0][550/582]	Time  0.030 ( 0.043)	Loss 3.1814e-01 (2.8375e-01)	Acc pseudo  92.19 ( 89.92)	Lr 1.000e-03 (1.000e-03)
2026-01-14 16:41:54,653 - INFO: Round 2, Face Fine-tune Epoch 0: loss=0.2850, acc(pseudo)=89.88%
2026-01-14 16:42:54,144 - INFO: Round 2, Face Fine-tune Epoch 0: acc(valid_pseudo): 0.9860, acc: 0.8578
2026-01-14 16:42:55,064 - INFO: Epoch: [1][  0/582]	Time  0.553 ( 0.553)	Loss 3.3302e-01 (3.3302e-01)	Acc pseudo  84.38 ( 84.38)	Lr 1.000e-03 (1.000e-03)
2026-01-14 16:42:59,799 - INFO: Epoch: [1][ 50/582]	Time  0.031 ( 0.045)	Loss 1.3575e-01 (2.5565e-01)	Acc pseudo  92.19 ( 89.83)	Lr 1.000e-03 (1.000e-03)
2026-01-14 16:43:04,522 - INFO: Epoch: [1][100/582]	Time  0.041 ( 0.040)	Loss 1.9375e-01 (2.5471e-01)	Acc pseudo  89.06 ( 90.13)	Lr 1.000e-03 (1.000e-03)
2026-01-14 16:43:09,201 - INFO: Epoch: [1][150/582]	Time  0.033 ( 0.039)	Loss 1.6782e-01 (2.5182e-01)	Acc pseudo  93.75 ( 90.45)	Lr 1.000e-03 (1.000e-03)
2026-01-14 16:43:13,876 - INFO: Epoch: [1][200/582]	Time  0.027 ( 0.038)	Loss 2.0043e-01 (2.5176e-01)	Acc pseudo  90.62 ( 90.35)	Lr 1.000e-03 (1.000e-03)
2026-01-14 16:43:18,552 - INFO: Epoch: [1][250/582]	Time  0.041 ( 0.036)	Loss 6.1415e-01 (2.5913e-01)	Acc pseudo  89.06 ( 90.34)	Lr 1.000e-03 (1.000e-03)
2026-01-14 16:43:23,229 - INFO: Epoch: [1][300/582]	Time  0.034 ( 0.036)	Loss 1.9829e-01 (2.5431e-01)	Acc pseudo  92.19 ( 90.57)	Lr 1.000e-03 (1.000e-03)
2026-01-14 16:43:27,912 - INFO: Epoch: [1][350/582]	Time  0.029 ( 0.036)	Loss 1.5567e-01 (2.5567e-01)	Acc pseudo  93.75 ( 90.44)	Lr 1.000e-03 (1.000e-03)
2026-01-14 16:43:32,592 - INFO: Epoch: [1][400/582]	Time  0.030 ( 0.036)	Loss 2.3786e-01 (2.5493e-01)	Acc pseudo  87.50 ( 90.54)	Lr 1.000e-03 (1.000e-03)
2026-01-14 16:43:37,274 - INFO: Epoch: [1][450/582]	Time  0.029 ( 0.036)	Loss 5.7532e-01 (2.5766e-01)	Acc pseudo  85.94 ( 90.42)	Lr 1.000e-03 (1.000e-03)
2026-01-14 16:43:41,949 - INFO: Epoch: [1][500/582]	Time  0.031 ( 0.035)	Loss 2.1362e-01 (2.5611e-01)	Acc pseudo  90.62 ( 90.49)	Lr 1.000e-03 (1.000e-03)
2026-01-14 16:43:46,744 - INFO: Epoch: [1][550/582]	Time  0.028 ( 0.035)	Loss 2.5378e-01 (2.5550e-01)	Acc pseudo  89.06 ( 90.51)	Lr 1.000e-03 (1.000e-03)
2026-01-14 16:43:49,764 - INFO: Round 2, Face Fine-tune Epoch 1: loss=0.2558, acc(pseudo)=90.48%
2026-01-14 16:44:49,595 - INFO: Round 2, Face Fine-tune Epoch 1: acc(valid_pseudo): 0.9879, acc: 0.8656
2026-01-14 16:44:50,758 - INFO: Epoch: [2][  0/582]	Time  0.547 ( 0.547)	Loss 1.0378e-01 (1.0378e-01)	Acc pseudo  93.75 ( 93.75)	Lr 1.000e-03 (1.000e-03)
2026-01-14 16:44:55,435 - INFO: Epoch: [2][ 50/582]	Time  0.062 ( 0.046)	Loss 1.6950e-01 (2.3637e-01)	Acc pseudo  89.06 ( 90.90)	Lr 1.000e-03 (1.000e-03)
2026-01-14 16:45:00,118 - INFO: Epoch: [2][100/582]	Time  0.042 ( 0.045)	Loss 1.6642e-01 (2.4355e-01)	Acc pseudo  92.19 ( 90.42)	Lr 1.000e-03 (1.000e-03)
2026-01-14 16:45:04,795 - INFO: Epoch: [2][150/582]	Time  0.038 ( 0.041)	Loss 2.9741e-01 (2.3990e-01)	Acc pseudo  92.19 ( 90.75)	Lr 1.000e-03 (1.000e-03)
2026-01-14 16:45:09,502 - INFO: Epoch: [2][200/582]	Time  0.028 ( 0.038)	Loss 1.7858e-01 (2.4025e-01)	Acc pseudo  92.19 ( 90.69)	Lr 1.000e-03 (1.000e-03)
2026-01-14 16:45:14,182 - INFO: Epoch: [2][250/582]	Time  0.034 ( 0.037)	Loss 5.2488e-01 (2.3739e-01)	Acc pseudo  92.19 ( 90.84)	Lr 1.000e-03 (1.000e-03)
2026-01-14 16:45:18,890 - INFO: Epoch: [2][300/582]	Time  0.044 ( 0.036)	Loss 3.2000e-01 (2.4017e-01)	Acc pseudo  89.06 ( 90.85)	Lr 1.000e-03 (1.000e-03)
2026-01-14 16:45:23,577 - INFO: Epoch: [2][350/582]	Time  0.029 ( 0.036)	Loss 1.2678e-01 (2.3653e-01)	Acc pseudo  95.31 ( 91.03)	Lr 1.000e-03 (1.000e-03)
2026-01-14 16:45:28,251 - INFO: Epoch: [2][400/582]	Time  0.032 ( 0.035)	Loss 4.7956e-01 (2.3582e-01)	Acc pseudo  79.69 ( 90.96)	Lr 1.000e-03 (1.000e-03)
2026-01-14 16:45:32,935 - INFO: Epoch: [2][450/582]	Time  0.029 ( 0.035)	Loss 1.7262e-01 (2.3875e-01)	Acc pseudo  89.06 ( 90.83)	Lr 1.000e-03 (1.000e-03)
2026-01-14 16:45:37,616 - INFO: Epoch: [2][500/582]	Time  0.030 ( 0.034)	Loss 1.2369e-01 (2.3894e-01)	Acc pseudo  93.75 ( 90.88)	Lr 1.000e-03 (1.000e-03)
2026-01-14 16:45:42,290 - INFO: Epoch: [2][550/582]	Time  0.030 ( 0.034)	Loss 5.2895e-01 (2.3960e-01)	Acc pseudo  85.94 ( 90.77)	Lr 1.000e-03 (1.000e-03)
2026-01-14 16:45:45,299 - INFO: Round 2, Face Fine-tune Epoch 2: loss=0.2407, acc(pseudo)=90.71%
2026-01-14 16:46:44,496 - INFO: Round 2, Face Fine-tune Epoch 2: acc(valid_pseudo): 0.9845, acc: 0.8647
2026-01-14 16:46:44,497 - INFO: Round 2, Face Fine-tune Epoch 2: No improvement. Patience(epoch): 1/3
2026-01-14 16:46:45,257 - INFO: Epoch: [3][  0/582]	Time  0.754 ( 0.754)	Loss 2.7271e-01 (2.7271e-01)	Acc pseudo  89.06 ( 89.06)	Lr 1.000e-03 (1.000e-03)
2026-01-14 16:46:49,927 - INFO: Epoch: [3][ 50/582]	Time  0.030 ( 0.047)	Loss 3.0982e-01 (2.3894e-01)	Acc pseudo  89.06 ( 90.62)	Lr 1.000e-03 (1.000e-03)
2026-01-14 16:46:54,612 - INFO: Epoch: [3][100/582]	Time  0.030 ( 0.040)	Loss 1.6135e-01 (2.3519e-01)	Acc pseudo  92.19 ( 90.53)	Lr 1.000e-03 (1.000e-03)
2026-01-14 16:46:59,292 - INFO: Epoch: [3][150/582]	Time  0.043 ( 0.037)	Loss 1.9080e-01 (2.2867e-01)	Acc pseudo  92.19 ( 90.78)	Lr 1.000e-03 (1.000e-03)
2026-01-14 16:47:03,975 - INFO: Epoch: [3][200/582]	Time  0.030 ( 0.037)	Loss 3.5960e-01 (2.2410e-01)	Acc pseudo  87.50 ( 91.03)	Lr 1.000e-03 (1.000e-03)
2026-01-14 16:47:08,651 - INFO: Epoch: [3][250/582]	Time  0.031 ( 0.035)	Loss 1.3828e-01 (2.2335e-01)	Acc pseudo  95.31 ( 91.00)	Lr 1.000e-03 (1.000e-03)
2026-01-14 16:47:13,327 - INFO: Epoch: [3][300/582]	Time  0.029 ( 0.035)	Loss 2.2899e-01 (2.2365e-01)	Acc pseudo  92.19 ( 90.99)	Lr 1.000e-03 (1.000e-03)
2026-01-14 16:47:18,011 - INFO: Epoch: [3][350/582]	Time  0.030 ( 0.034)	Loss 1.7847e-01 (2.2205e-01)	Acc pseudo  87.50 ( 91.03)	Lr 1.000e-03 (1.000e-03)
2026-01-14 16:47:22,723 - INFO: Epoch: [3][400/582]	Time  0.029 ( 0.034)	Loss 3.2232e-01 (2.2523e-01)	Acc pseudo  87.50 ( 91.07)	Lr 1.000e-03 (1.000e-03)
2026-01-14 16:47:27,424 - INFO: Epoch: [3][450/582]	Time  0.028 ( 0.034)	Loss 2.6805e-01 (2.2868e-01)	Acc pseudo  89.06 ( 91.04)	Lr 1.000e-03 (1.000e-03)
2026-01-14 16:47:32,103 - INFO: Epoch: [3][500/582]	Time  0.035 ( 0.034)	Loss 2.2139e-01 (2.2866e-01)	Acc pseudo  89.06 ( 91.03)	Lr 1.000e-03 (1.000e-03)
2026-01-14 16:47:36,784 - INFO: Epoch: [3][550/582]	Time  0.029 ( 0.033)	Loss 1.9033e-01 (2.3143e-01)	Acc pseudo  89.06 ( 90.95)	Lr 1.000e-03 (1.000e-03)
2026-01-14 16:47:39,776 - INFO: Round 2, Face Fine-tune Epoch 3: loss=0.2332, acc(pseudo)=90.93%
2026-01-14 16:48:38,950 - INFO: Round 2, Face Fine-tune Epoch 3: acc(valid_pseudo): 0.9853, acc: 0.8647
2026-01-14 16:48:38,951 - INFO: Round 2, Face Fine-tune Epoch 3: No improvement. Patience(epoch): 2/3
2026-01-14 16:48:39,543 - INFO: Epoch: [4][  0/582]	Time  0.543 ( 0.543)	Loss 3.8182e-01 (3.8182e-01)	Acc pseudo  84.38 ( 84.38)	Lr 1.000e-03 (1.000e-03)
2026-01-14 16:48:44,237 - INFO: Epoch: [4][ 50/582]	Time  0.031 ( 0.048)	Loss 3.3949e-01 (2.2111e-01)	Acc pseudo  82.81 ( 90.59)	Lr 1.000e-03 (1.000e-03)
2026-01-14 16:48:48,907 - INFO: Epoch: [4][100/582]	Time  0.034 ( 0.041)	Loss 3.4083e-01 (2.1301e-01)	Acc pseudo  89.06 ( 91.15)	Lr 1.000e-03 (1.000e-03)
2026-01-14 16:48:53,586 - INFO: Epoch: [4][150/582]	Time  0.032 ( 0.038)	Loss 8.0374e-02 (2.2356e-01)	Acc pseudo  98.44 ( 90.84)	Lr 1.000e-03 (1.000e-03)
2026-01-14 16:48:58,264 - INFO: Epoch: [4][200/582]	Time  0.028 ( 0.038)	Loss 3.3532e-01 (2.2202e-01)	Acc pseudo  93.75 ( 91.21)	Lr 1.000e-03 (1.000e-03)
2026-01-14 16:49:02,944 - INFO: Epoch: [4][250/582]	Time  0.039 ( 0.036)	Loss 3.5849e-01 (2.2333e-01)	Acc pseudo  81.25 ( 91.05)	Lr 1.000e-03 (1.000e-03)
2026-01-14 16:49:07,621 - INFO: Epoch: [4][300/582]	Time  0.030 ( 0.035)	Loss 3.6782e-01 (2.2293e-01)	Acc pseudo  84.38 ( 91.04)	Lr 1.000e-03 (1.000e-03)
2026-01-14 16:49:12,302 - INFO: Epoch: [4][350/582]	Time  0.030 ( 0.035)	Loss 1.3197e-01 (2.2483e-01)	Acc pseudo  95.31 ( 90.99)	Lr 1.000e-03 (1.000e-03)
2026-01-14 16:49:16,988 - INFO: Epoch: [4][400/582]	Time  0.029 ( 0.035)	Loss 2.3085e-01 (2.2615e-01)	Acc pseudo  79.69 ( 90.98)	Lr 1.000e-03 (1.000e-03)
2026-01-14 16:49:21,671 - INFO: Epoch: [4][450/582]	Time  0.029 ( 0.034)	Loss 2.1506e-01 (2.2447e-01)	Acc pseudo  89.06 ( 91.00)	Lr 1.000e-03 (1.000e-03)
2026-01-14 16:49:26,354 - INFO: Epoch: [4][500/582]	Time  0.031 ( 0.034)	Loss 3.9638e-01 (2.2244e-01)	Acc pseudo  87.50 ( 91.06)	Lr 1.000e-03 (1.000e-03)
2026-01-14 16:49:31,034 - INFO: Epoch: [4][550/582]	Time  0.029 ( 0.034)	Loss 2.7059e-01 (2.2454e-01)	Acc pseudo  92.19 ( 90.98)	Lr 1.000e-03 (1.000e-03)
2026-01-14 16:49:34,041 - INFO: Round 2, Face Fine-tune Epoch 4: loss=0.2234, acc(pseudo)=90.99%
2026-01-14 16:50:33,287 - INFO: Round 2, Face Fine-tune Epoch 4: acc(valid_pseudo): 0.9857, acc: 0.8695
2026-01-14 16:50:33,287 - INFO: Round 2, Face Fine-tune Epoch 4: No improvement. Patience(epoch): 3/3
2026-01-14 16:50:33,287 - INFO: Early stopping at face epoch 4
2026-01-14 16:50:33,289 - INFO: Round 2: Best face fine-tuned epoch=1, acc(valid_pseudo)=0.9879
2026-01-14 16:50:33,457 - INFO: Using HMM model from previous round: runs/I love my family/exp_video/result/self_supervised/exp3/round1/pseudo_label/hmm_params.pkl
2026-01-14 18:10:46,078 - INFO: Round 2: speaker_acc=0.8755
2026-01-14 18:10:46,085 - INFO: Round 2: face_acc=0.8754
2026-01-14 18:10:46,088 - INFO: ====================
2026-01-14 18:10:46,088 - INFO: Round 3: Fine-tuning iteration
2026-01-14 18:10:46,088 - INFO: ====================
2026-01-14 18:10:46,166 - INFO: Round 3 Part 1: Fine-tuning embedding model
2026-01-14 18:10:46,166 - INFO: Using pseudo-label file: runs/I love my family/exp_video/result/self_supervised/exp3/round2/pseudo_label/pseudo_labels_audio_nested_hmm_full(unreliable_pp=100.0).json
2026-01-14 18:10:46,193 - INFO: For training, Using face pseudo-label file: runs/I love my family/exp_video/result/self_supervised/exp3/round2/pseudo_label/pseudo_labels_faces_mid_frame_train_nested_hmm_full.json
2026-01-14 18:10:46,193 - INFO: For infering, Using face pseudo-label file: runs/I love my family/exp_video/result/self_supervised/exp3/round2/pseudo_label/pseudo_labels_faces_mid_frame_all_nested_hmm_full.json
2026-01-14 18:10:46,324 - INFO: Created face dataloader with 37219 samples
2026-01-14 18:10:46,337 - INFO: Fine-tuning speaker embedding model for 20 epochs...
2026-01-14 18:10:46,867 - INFO: Epoch: [0][  0/301]	Time  0.524 ( 0.524)	Loss 5.2703e-01 (5.2703e-01)	Acc pseudo  84.38 ( 84.38)	Lr 1.000e-03 (1.000e-03)
2026-01-14 18:10:47,043 - INFO: Epoch: [0][ 50/301]	Time  0.005 ( 0.014)	Loss 6.6230e-01 (5.1828e-01)	Acc pseudo  79.69 ( 84.62)	Lr 1.000e-03 (1.000e-03)
2026-01-14 18:10:47,237 - INFO: Epoch: [0][100/301]	Time  0.003 ( 0.009)	Loss 3.9418e-01 (5.1798e-01)	Acc pseudo  84.38 ( 84.39)	Lr 1.000e-03 (1.000e-03)
2026-01-14 18:10:47,398 - INFO: Epoch: [0][150/301]	Time  0.003 ( 0.007)	Loss 4.3127e-01 (5.3437e-01)	Acc pseudo  84.38 ( 84.43)	Lr 1.000e-03 (1.000e-03)
2026-01-14 18:10:47,554 - INFO: Epoch: [0][200/301]	Time  0.003 ( 0.006)	Loss 3.4903e-01 (5.3336e-01)	Acc pseudo  89.06 ( 84.50)	Lr 1.000e-03 (1.000e-03)
2026-01-14 18:10:47,705 - INFO: Epoch: [0][250/301]	Time  0.003 ( 0.005)	Loss 6.7849e-01 (5.3565e-01)	Acc pseudo  82.81 ( 84.33)	Lr 1.000e-03 (1.000e-03)
2026-01-14 18:10:47,846 - INFO: Epoch: [0][300/301]	Time  0.005 ( 0.005)	Loss 6.3158e-01 (5.2681e-01)	Acc pseudo  84.00 ( 84.49)	Lr 1.000e-03 (1.000e-03)
2026-01-14 18:10:47,930 - INFO: Round 3, Fine-tune Epoch 0: loss=0.5268, acc(pseudo)=84.49%
2026-01-14 18:10:55,974 - INFO: Round 3, Fine-tune Epoch 0: acc(valid_pseudo): 0.9653, acc: 0.8530
2026-01-14 18:10:56,436 - INFO: Epoch: [1][  0/301]	Time  0.262 ( 0.262)	Loss 4.3309e-01 (4.3309e-01)	Acc pseudo  85.94 ( 85.94)	Lr 1.000e-03 (1.000e-03)
2026-01-14 18:10:56,629 - INFO: Epoch: [1][ 50/301]	Time  0.003 ( 0.009)	Loss 1.6702e-01 (4.3416e-01)	Acc pseudo  95.31 ( 86.18)	Lr 1.000e-03 (1.000e-03)
2026-01-14 18:10:56,782 - INFO: Epoch: [1][100/301]	Time  0.003 ( 0.006)	Loss 5.3499e-01 (4.4723e-01)	Acc pseudo  82.81 ( 86.37)	Lr 1.000e-03 (1.000e-03)
2026-01-14 18:10:56,935 - INFO: Epoch: [1][150/301]	Time  0.003 ( 0.005)	Loss 3.2025e-01 (4.3751e-01)	Acc pseudo  90.62 ( 86.67)	Lr 1.000e-03 (1.000e-03)
2026-01-14 18:10:57,093 - INFO: Epoch: [1][200/301]	Time  0.003 ( 0.004)	Loss 5.5091e-01 (4.4454e-01)	Acc pseudo  82.81 ( 86.50)	Lr 1.000e-03 (1.000e-03)
2026-01-14 18:10:57,248 - INFO: Epoch: [1][250/301]	Time  0.003 ( 0.004)	Loss 3.8598e-01 (4.5272e-01)	Acc pseudo  87.50 ( 86.30)	Lr 1.000e-03 (1.000e-03)
2026-01-14 18:10:57,405 - INFO: Epoch: [1][300/301]	Time  0.003 ( 0.004)	Loss 3.2319e-01 (4.5354e-01)	Acc pseudo  88.00 ( 86.25)	Lr 1.000e-03 (1.000e-03)
2026-01-14 18:10:57,473 - INFO: Round 3, Fine-tune Epoch 1: loss=0.4535, acc(pseudo)=86.25%
2026-01-14 18:11:05,555 - INFO: Round 3, Fine-tune Epoch 1: acc(valid_pseudo): 0.9641, acc: 0.8660
2026-01-14 18:11:05,555 - INFO: Round 3, Speaker Fine-tune Epoch 1: No improvement in validation accuracy. Patience(epoch): 1/3
2026-01-14 18:11:05,800 - INFO: Epoch: [2][  0/301]	Time  0.240 ( 0.240)	Loss 4.5119e-01 (4.5119e-01)	Acc pseudo  87.50 ( 87.50)	Lr 1.000e-03 (1.000e-03)
2026-01-14 18:11:05,973 - INFO: Epoch: [2][ 50/301]	Time  0.003 ( 0.008)	Loss 4.8027e-01 (4.5302e-01)	Acc pseudo  85.94 ( 85.72)	Lr 1.000e-03 (1.000e-03)
2026-01-14 18:11:06,125 - INFO: Epoch: [2][100/301]	Time  0.003 ( 0.006)	Loss 6.3171e-01 (4.4804e-01)	Acc pseudo  81.25 ( 85.89)	Lr 1.000e-03 (1.000e-03)
2026-01-14 18:11:06,288 - INFO: Epoch: [2][150/301]	Time  0.003 ( 0.005)	Loss 2.9160e-01 (4.5441e-01)	Acc pseudo  89.06 ( 85.67)	Lr 1.000e-03 (1.000e-03)
2026-01-14 18:11:06,439 - INFO: Epoch: [2][200/301]	Time  0.003 ( 0.004)	Loss 5.9659e-01 (4.4651e-01)	Acc pseudo  85.94 ( 85.89)	Lr 1.000e-03 (1.000e-03)
2026-01-14 18:11:06,585 - INFO: Epoch: [2][250/301]	Time  0.003 ( 0.004)	Loss 3.6423e-01 (4.5130e-01)	Acc pseudo  84.38 ( 85.74)	Lr 1.000e-03 (1.000e-03)
2026-01-14 18:11:06,725 - INFO: Epoch: [2][300/301]	Time  0.002 ( 0.004)	Loss 5.1663e-01 (4.5774e-01)	Acc pseudo  88.00 ( 85.74)	Lr 1.000e-03 (1.000e-03)
2026-01-14 18:11:06,790 - INFO: Round 3, Fine-tune Epoch 2: loss=0.4577, acc(pseudo)=85.74%
2026-01-14 18:11:14,053 - INFO: Round 3, Fine-tune Epoch 2: acc(valid_pseudo): 0.9703, acc: 0.8620
2026-01-14 18:11:14,474 - INFO: Epoch: [3][  0/301]	Time  0.247 ( 0.247)	Loss 5.3436e-01 (5.3436e-01)	Acc pseudo  79.69 ( 79.69)	Lr 1.000e-03 (1.000e-03)
2026-01-14 18:11:14,668 - INFO: Epoch: [3][ 50/301]	Time  0.003 ( 0.009)	Loss 5.3382e-01 (4.5153e-01)	Acc pseudo  78.12 ( 86.21)	Lr 1.000e-03 (1.000e-03)
2026-01-14 18:11:14,844 - INFO: Epoch: [3][100/301]	Time  0.003 ( 0.006)	Loss 3.8170e-01 (4.5175e-01)	Acc pseudo  92.19 ( 85.49)	Lr 1.000e-03 (1.000e-03)
2026-01-14 18:11:14,990 - INFO: Epoch: [3][150/301]	Time  0.003 ( 0.005)	Loss 2.5010e-01 (4.4555e-01)	Acc pseudo  90.62 ( 85.72)	Lr 1.000e-03 (1.000e-03)
2026-01-14 18:11:15,153 - INFO: Epoch: [3][200/301]	Time  0.003 ( 0.005)	Loss 4.3981e-01 (4.3777e-01)	Acc pseudo  84.38 ( 86.02)	Lr 1.000e-03 (1.000e-03)
2026-01-14 18:11:15,295 - INFO: Epoch: [3][250/301]	Time  0.003 ( 0.004)	Loss 3.0527e-01 (4.3121e-01)	Acc pseudo  93.75 ( 86.17)	Lr 1.000e-03 (1.000e-03)
2026-01-14 18:11:15,453 - INFO: Epoch: [3][300/301]	Time  0.002 ( 0.004)	Loss 7.9064e-01 (4.3695e-01)	Acc pseudo  72.00 ( 85.98)	Lr 1.000e-03 (1.000e-03)
2026-01-14 18:11:15,517 - INFO: Round 3, Fine-tune Epoch 3: loss=0.4369, acc(pseudo)=85.98%
2026-01-14 18:11:22,765 - INFO: Round 3, Fine-tune Epoch 3: acc(valid_pseudo): 0.9600, acc: 0.8650
2026-01-14 18:11:22,766 - INFO: Round 3, Speaker Fine-tune Epoch 3: No improvement in validation accuracy. Patience(epoch): 1/3
2026-01-14 18:11:23,036 - INFO: Epoch: [4][  0/301]	Time  0.265 ( 0.265)	Loss 7.5044e-01 (7.5044e-01)	Acc pseudo  81.25 ( 81.25)	Lr 1.000e-03 (1.000e-03)
2026-01-14 18:11:23,212 - INFO: Epoch: [4][ 50/301]	Time  0.003 ( 0.009)	Loss 4.3308e-01 (4.4776e-01)	Acc pseudo  87.50 ( 86.52)	Lr 1.000e-03 (1.000e-03)
2026-01-14 18:11:23,367 - INFO: Epoch: [4][100/301]	Time  0.003 ( 0.006)	Loss 4.6280e-01 (4.2808e-01)	Acc pseudo  89.06 ( 86.66)	Lr 1.000e-03 (1.000e-03)
2026-01-14 18:11:23,523 - INFO: Epoch: [4][150/301]	Time  0.003 ( 0.005)	Loss 3.3557e-01 (4.2672e-01)	Acc pseudo  84.38 ( 86.58)	Lr 1.000e-03 (1.000e-03)
2026-01-14 18:11:23,672 - INFO: Epoch: [4][200/301]	Time  0.005 ( 0.004)	Loss 3.2979e-01 (4.1699e-01)	Acc pseudo  85.94 ( 86.83)	Lr 1.000e-03 (1.000e-03)
2026-01-14 18:11:23,844 - INFO: Epoch: [4][250/301]	Time  0.003 ( 0.004)	Loss 4.3998e-01 (4.1626e-01)	Acc pseudo  87.50 ( 86.88)	Lr 1.000e-03 (1.000e-03)
2026-01-14 18:11:23,982 - INFO: Epoch: [4][300/301]	Time  0.002 ( 0.004)	Loss 3.7099e-01 (4.2208e-01)	Acc pseudo  88.00 ( 86.80)	Lr 1.000e-03 (1.000e-03)
2026-01-14 18:11:24,047 - INFO: Round 3, Fine-tune Epoch 4: loss=0.4221, acc(pseudo)=86.80%
2026-01-14 18:11:31,256 - INFO: Round 3, Fine-tune Epoch 4: acc(valid_pseudo): 0.8705, acc: 0.7300
2026-01-14 18:11:31,257 - INFO: Round 3, Speaker Fine-tune Epoch 4: No improvement in validation accuracy. Patience(epoch): 2/3
2026-01-14 18:11:31,257 - INFO: Early stopping at epoch 4 due to significant drop in pseudo-label validation accuracy: 0.9600 -> 0.8705.
2026-01-14 18:11:31,258 - INFO: Round 3: Best speaker fine-tuned epoch=2, acc(valid_pseudo)=0.9703
2026-01-14 18:11:31,263 - INFO: Fine-tuning face embedding model for 20 epochs...
2026-01-14 18:11:32,172 - INFO: Epoch: [0][  0/582]	Time  0.880 ( 0.880)	Loss 6.0625e-02 (6.0625e-02)	Acc pseudo  98.44 ( 98.44)	Lr 1.000e-03 (1.000e-03)
2026-01-14 18:11:36,793 - INFO: Epoch: [0][ 50/582]	Time  0.030 ( 0.047)	Loss 2.2266e-01 (2.2929e-01)	Acc pseudo  95.31 ( 93.01)	Lr 1.000e-03 (1.000e-03)
2026-01-14 18:11:41,425 - INFO: Epoch: [0][100/582]	Time  0.028 ( 0.039)	Loss 2.4495e-01 (2.4498e-01)	Acc pseudo  89.06 ( 91.99)	Lr 1.000e-03 (1.000e-03)
2026-01-14 18:11:46,736 - INFO: Epoch: [0][150/582]	Time  0.028 ( 0.040)	Loss 4.1628e-01 (2.5581e-01)	Acc pseudo  82.81 ( 91.83)	Lr 1.000e-03 (1.000e-03)
2026-01-14 18:11:52,264 - INFO: Epoch: [0][200/582]	Time  0.028 ( 0.042)	Loss 8.4601e-02 (2.5231e-01)	Acc pseudo  95.31 ( 91.71)	Lr 1.000e-03 (1.000e-03)
2026-01-14 18:11:56,906 - INFO: Epoch: [0][250/582]	Time  0.030 ( 0.039)	Loss 3.3636e-01 (2.5748e-01)	Acc pseudo  84.38 ( 91.34)	Lr 1.000e-03 (1.000e-03)
2026-01-14 18:12:01,556 - INFO: Epoch: [0][300/582]	Time  0.027 ( 0.038)	Loss 1.6639e-01 (2.5484e-01)	Acc pseudo  92.19 ( 91.32)	Lr 1.000e-03 (1.000e-03)
2026-01-14 18:12:06,209 - INFO: Epoch: [0][350/582]	Time  0.047 ( 0.037)	Loss 2.7710e-01 (2.5592e-01)	Acc pseudo  95.31 ( 91.31)	Lr 1.000e-03 (1.000e-03)
2026-01-14 18:12:10,862 - INFO: Epoch: [0][400/582]	Time  0.033 ( 0.036)	Loss 1.2598e-01 (2.5738e-01)	Acc pseudo  92.19 ( 91.26)	Lr 1.000e-03 (1.000e-03)
2026-01-14 18:12:15,512 - INFO: Epoch: [0][450/582]	Time  0.030 ( 0.036)	Loss 1.2451e-01 (2.5423e-01)	Acc pseudo  92.19 ( 91.29)	Lr 1.000e-03 (1.000e-03)
2026-01-14 18:12:20,165 - INFO: Epoch: [0][500/582]	Time  0.035 ( 0.035)	Loss 1.5314e-01 (2.5616e-01)	Acc pseudo  89.06 ( 91.21)	Lr 1.000e-03 (1.000e-03)
2026-01-14 18:12:24,823 - INFO: Epoch: [0][550/582]	Time  0.029 ( 0.035)	Loss 4.1078e-01 (2.5620e-01)	Acc pseudo  89.06 ( 91.21)	Lr 1.000e-03 (1.000e-03)
2026-01-14 18:12:27,801 - INFO: Round 3, Face Fine-tune Epoch 0: loss=0.2580, acc(pseudo)=91.20%
2026-01-14 18:13:26,606 - INFO: Round 3, Face Fine-tune Epoch 0: acc(valid_pseudo): 0.9869, acc: 0.8647
2026-01-14 18:13:27,943 - INFO: Epoch: [1][  0/582]	Time  0.747 ( 0.747)	Loss 1.6601e-01 (1.6601e-01)	Acc pseudo  95.31 ( 95.31)	Lr 1.000e-03 (1.000e-03)
2026-01-14 18:13:32,605 - INFO: Epoch: [1][ 50/582]	Time  0.030 ( 0.047)	Loss 1.0810e-01 (2.0920e-01)	Acc pseudo  95.31 ( 92.59)	Lr 1.000e-03 (1.000e-03)
2026-01-14 18:13:37,268 - INFO: Epoch: [1][100/582]	Time  0.028 ( 0.041)	Loss 2.1393e-01 (2.0962e-01)	Acc pseudo  92.19 ( 92.14)	Lr 1.000e-03 (1.000e-03)
2026-01-14 18:13:41,930 - INFO: Epoch: [1][150/582]	Time  0.038 ( 0.038)	Loss 2.1468e-01 (2.1059e-01)	Acc pseudo  92.19 ( 92.13)	Lr 1.000e-03 (1.000e-03)
2026-01-14 18:13:46,596 - INFO: Epoch: [1][200/582]	Time  0.037 ( 0.038)	Loss 3.5894e-01 (2.1278e-01)	Acc pseudo  92.19 ( 91.88)	Lr 1.000e-03 (1.000e-03)
2026-01-14 18:13:51,260 - INFO: Epoch: [1][250/582]	Time  0.028 ( 0.037)	Loss 2.2237e-01 (2.1615e-01)	Acc pseudo  90.62 ( 91.83)	Lr 1.000e-03 (1.000e-03)
2026-01-14 18:13:55,935 - INFO: Epoch: [1][300/582]	Time  0.037 ( 0.036)	Loss 1.1540e-01 (2.1506e-01)	Acc pseudo  90.62 ( 91.88)	Lr 1.000e-03 (1.000e-03)
2026-01-14 18:14:00,615 - INFO: Epoch: [1][350/582]	Time  0.027 ( 0.036)	Loss 2.5597e-01 (2.1327e-01)	Acc pseudo  89.06 ( 91.85)	Lr 1.000e-03 (1.000e-03)
2026-01-14 18:14:05,283 - INFO: Epoch: [1][400/582]	Time  0.040 ( 0.036)	Loss 2.2855e-01 (2.1500e-01)	Acc pseudo  90.62 ( 91.81)	Lr 1.000e-03 (1.000e-03)
2026-01-14 18:14:09,949 - INFO: Epoch: [1][450/582]	Time  0.039 ( 0.035)	Loss 2.1496e-01 (2.1383e-01)	Acc pseudo  95.31 ( 91.88)	Lr 1.000e-03 (1.000e-03)
2026-01-14 18:14:14,616 - INFO: Epoch: [1][500/582]	Time  0.030 ( 0.035)	Loss 2.1081e-01 (2.1726e-01)	Acc pseudo  92.19 ( 91.84)	Lr 1.000e-03 (1.000e-03)
2026-01-14 18:14:19,306 - INFO: Epoch: [1][550/582]	Time  0.029 ( 0.035)	Loss 2.5497e-01 (2.1845e-01)	Acc pseudo  90.62 ( 91.80)	Lr 1.000e-03 (1.000e-03)
2026-01-14 18:14:22,336 - INFO: Round 3, Face Fine-tune Epoch 1: loss=0.2178, acc(pseudo)=91.82%
2026-01-14 18:15:20,581 - INFO: Round 3, Face Fine-tune Epoch 1: acc(valid_pseudo): 0.9860, acc: 0.8715
2026-01-14 18:15:20,582 - INFO: Round 3, Face Fine-tune Epoch 1: No improvement. Patience(epoch): 1/3
2026-01-14 18:15:21,122 - INFO: Epoch: [2][  0/582]	Time  0.493 ( 0.493)	Loss 1.7684e-01 (1.7684e-01)	Acc pseudo  95.31 ( 95.31)	Lr 1.000e-03 (1.000e-03)
2026-01-14 18:15:25,780 - INFO: Epoch: [2][ 50/582]	Time  0.028 ( 0.040)	Loss 2.0058e-01 (1.8499e-01)	Acc pseudo  90.62 ( 92.28)	Lr 1.000e-03 (1.000e-03)
2026-01-14 18:15:30,443 - INFO: Epoch: [2][100/582]	Time  0.028 ( 0.037)	Loss 1.9571e-01 (1.9541e-01)	Acc pseudo  90.62 ( 91.99)	Lr 1.000e-03 (1.000e-03)
2026-01-14 18:15:35,122 - INFO: Epoch: [2][150/582]	Time  0.032 ( 0.036)	Loss 8.9107e-02 (1.9165e-01)	Acc pseudo  95.31 ( 92.27)	Lr 1.000e-03 (1.000e-03)
2026-01-14 18:15:39,803 - INFO: Epoch: [2][200/582]	Time  0.028 ( 0.035)	Loss 1.2791e-01 (1.9361e-01)	Acc pseudo  93.75 ( 92.21)	Lr 1.000e-03 (1.000e-03)
2026-01-14 18:15:44,484 - INFO: Epoch: [2][250/582]	Time  0.040 ( 0.035)	Loss 9.2848e-02 (1.9758e-01)	Acc pseudo  93.75 ( 92.09)	Lr 1.000e-03 (1.000e-03)
2026-01-14 18:15:49,154 - INFO: Epoch: [2][300/582]	Time  0.030 ( 0.035)	Loss 2.0889e-01 (2.0010e-01)	Acc pseudo  92.19 ( 92.06)	Lr 1.000e-03 (1.000e-03)
2026-01-14 18:15:53,828 - INFO: Epoch: [2][350/582]	Time  0.035 ( 0.034)	Loss 1.3259e-01 (1.9836e-01)	Acc pseudo  96.88 ( 92.21)	Lr 1.000e-03 (1.000e-03)
2026-01-14 18:15:58,502 - INFO: Epoch: [2][400/582]	Time  0.030 ( 0.034)	Loss 1.2775e-01 (1.9705e-01)	Acc pseudo  93.75 ( 92.34)	Lr 1.000e-03 (1.000e-03)
2026-01-14 18:16:03,171 - INFO: Epoch: [2][450/582]	Time  0.028 ( 0.034)	Loss 1.7696e-01 (1.9964e-01)	Acc pseudo  92.19 ( 92.33)	Lr 1.000e-03 (1.000e-03)
2026-01-14 18:16:07,838 - INFO: Epoch: [2][500/582]	Time  0.039 ( 0.033)	Loss 1.6637e-01 (2.0267e-01)	Acc pseudo  92.19 ( 92.27)	Lr 1.000e-03 (1.000e-03)
2026-01-14 18:16:12,503 - INFO: Epoch: [2][550/582]	Time  0.027 ( 0.033)	Loss 2.4507e-01 (2.0354e-01)	Acc pseudo  92.19 ( 92.20)	Lr 1.000e-03 (1.000e-03)
2026-01-14 18:16:15,472 - INFO: Round 3, Face Fine-tune Epoch 2: loss=0.2038, acc(pseudo)=92.23%
2026-01-14 18:17:15,240 - INFO: Round 3, Face Fine-tune Epoch 2: acc(valid_pseudo): 0.9850, acc: 0.8637
2026-01-14 18:17:15,241 - INFO: Round 3, Face Fine-tune Epoch 2: No improvement. Patience(epoch): 2/3
2026-01-14 18:17:15,808 - INFO: Epoch: [3][  0/582]	Time  0.523 ( 0.523)	Loss 1.2898e-01 (1.2898e-01)	Acc pseudo  92.19 ( 92.19)	Lr 1.000e-03 (1.000e-03)
2026-01-14 18:17:20,491 - INFO: Epoch: [3][ 50/582]	Time  0.029 ( 0.045)	Loss 2.6897e-01 (1.7957e-01)	Acc pseudo  90.62 ( 92.83)	Lr 1.000e-03 (1.000e-03)
2026-01-14 18:17:25,153 - INFO: Epoch: [3][100/582]	Time  0.028 ( 0.038)	Loss 3.0123e-01 (1.8358e-01)	Acc pseudo  90.62 ( 92.90)	Lr 1.000e-03 (1.000e-03)
2026-01-14 18:17:29,820 - INFO: Epoch: [3][150/582]	Time  0.027 ( 0.035)	Loss 1.3810e-01 (1.8740e-01)	Acc pseudo  92.19 ( 92.87)	Lr 1.000e-03 (1.000e-03)
2026-01-14 18:17:34,487 - INFO: Epoch: [3][200/582]	Time  0.033 ( 0.034)	Loss 2.3931e-01 (1.8613e-01)	Acc pseudo  89.06 ( 92.85)	Lr 1.000e-03 (1.000e-03)
2026-01-14 18:17:39,146 - INFO: Epoch: [3][250/582]	Time  0.028 ( 0.033)	Loss 2.4531e-01 (1.8783e-01)	Acc pseudo  90.62 ( 92.70)	Lr 1.000e-03 (1.000e-03)
2026-01-14 18:17:43,812 - INFO: Epoch: [3][300/582]	Time  0.028 ( 0.032)	Loss 3.1062e-01 (1.8792e-01)	Acc pseudo  87.50 ( 92.62)	Lr 1.000e-03 (1.000e-03)
2026-01-14 18:17:48,490 - INFO: Epoch: [3][350/582]	Time  0.040 ( 0.032)	Loss 1.6718e-01 (1.8833e-01)	Acc pseudo  95.31 ( 92.66)	Lr 1.000e-03 (1.000e-03)
2026-01-14 18:17:53,167 - INFO: Epoch: [3][400/582]	Time  0.035 ( 0.033)	Loss 2.4069e-01 (1.8833e-01)	Acc pseudo  92.19 ( 92.73)	Lr 1.000e-03 (1.000e-03)
2026-01-14 18:17:57,845 - INFO: Epoch: [3][450/582]	Time  0.036 ( 0.033)	Loss 1.7071e-01 (1.9288e-01)	Acc pseudo  95.31 ( 92.62)	Lr 1.000e-03 (1.000e-03)
2026-01-14 18:18:02,510 - INFO: Epoch: [3][500/582]	Time  0.032 ( 0.033)	Loss 4.5587e-01 (1.9509e-01)	Acc pseudo  93.75 ( 92.60)	Lr 1.000e-03 (1.000e-03)
2026-01-14 18:18:07,175 - INFO: Epoch: [3][550/582]	Time  0.033 ( 0.033)	Loss 9.2985e-02 (1.9628e-01)	Acc pseudo  96.88 ( 92.51)	Lr 1.000e-03 (1.000e-03)
2026-01-14 18:18:10,146 - INFO: Round 3, Face Fine-tune Epoch 3: loss=0.1957, acc(pseudo)=92.54%
2026-01-14 18:19:08,974 - INFO: Round 3, Face Fine-tune Epoch 3: acc(valid_pseudo): 0.9873, acc: 0.8588
2026-01-14 18:19:10,062 - INFO: Epoch: [4][  0/582]	Time  0.481 ( 0.481)	Loss 2.2832e-01 (2.2832e-01)	Acc pseudo  90.62 ( 90.62)	Lr 1.000e-03 (1.000e-03)
2026-01-14 18:19:14,727 - INFO: Epoch: [4][ 50/582]	Time  0.031 ( 0.042)	Loss 3.6009e-01 (1.9049e-01)	Acc pseudo  82.81 ( 92.46)	Lr 1.000e-03 (1.000e-03)
2026-01-14 18:19:19,402 - INFO: Epoch: [4][100/582]	Time  0.033 ( 0.038)	Loss 2.3880e-01 (1.8798e-01)	Acc pseudo  93.75 ( 92.82)	Lr 1.000e-03 (1.000e-03)
2026-01-14 18:19:24,080 - INFO: Epoch: [4][150/582]	Time  0.029 ( 0.035)	Loss 1.9811e-01 (1.8919e-01)	Acc pseudo  93.75 ( 92.58)	Lr 1.000e-03 (1.000e-03)
2026-01-14 18:19:28,755 - INFO: Epoch: [4][200/582]	Time  0.028 ( 0.034)	Loss 2.2873e-01 (1.8606e-01)	Acc pseudo  93.75 ( 92.75)	Lr 1.000e-03 (1.000e-03)
2026-01-14 18:19:33,428 - INFO: Epoch: [4][250/582]	Time  0.029 ( 0.033)	Loss 1.2762e-01 (1.8341e-01)	Acc pseudo  93.75 ( 92.84)	Lr 1.000e-03 (1.000e-03)
2026-01-14 18:19:38,102 - INFO: Epoch: [4][300/582]	Time  0.030 ( 0.033)	Loss 8.9015e-02 (1.8234e-01)	Acc pseudo  93.75 ( 92.76)	Lr 1.000e-03 (1.000e-03)
2026-01-14 18:19:42,781 - INFO: Epoch: [4][350/582]	Time  0.028 ( 0.032)	Loss 2.6718e-01 (1.8614e-01)	Acc pseudo  92.19 ( 92.72)	Lr 1.000e-03 (1.000e-03)
2026-01-14 18:19:47,463 - INFO: Epoch: [4][400/582]	Time  0.031 ( 0.032)	Loss 1.2687e-01 (1.8771e-01)	Acc pseudo  87.50 ( 92.61)	Lr 1.000e-03 (1.000e-03)
2026-01-14 18:19:52,143 - INFO: Epoch: [4][450/582]	Time  0.027 ( 0.032)	Loss 8.9849e-02 (1.8848e-01)	Acc pseudo  96.88 ( 92.58)	Lr 1.000e-03 (1.000e-03)
2026-01-14 18:19:56,817 - INFO: Epoch: [4][500/582]	Time  0.035 ( 0.032)	Loss 2.2349e-01 (1.8763e-01)	Acc pseudo  92.19 ( 92.59)	Lr 1.000e-03 (1.000e-03)
2026-01-14 18:20:01,495 - INFO: Epoch: [4][550/582]	Time  0.027 ( 0.031)	Loss 1.1075e-01 (1.8877e-01)	Acc pseudo  98.44 ( 92.55)	Lr 1.000e-03 (1.000e-03)
2026-01-14 18:20:04,480 - INFO: Round 3, Face Fine-tune Epoch 4: loss=0.1892, acc(pseudo)=92.54%
2026-01-14 18:21:04,679 - INFO: Round 3, Face Fine-tune Epoch 4: acc(valid_pseudo): 0.9890, acc: 0.8656
2026-01-14 18:21:05,602 - INFO: Epoch: [5][  0/582]	Time  0.524 ( 0.524)	Loss 2.2290e-01 (2.2290e-01)	Acc pseudo  90.62 ( 90.62)	Lr 1.000e-03 (1.000e-03)
2026-01-14 18:21:10,279 - INFO: Epoch: [5][ 50/582]	Time  0.027 ( 0.041)	Loss 2.9169e-01 (2.3902e-01)	Acc pseudo  95.31 ( 91.02)	Lr 1.000e-03 (1.000e-03)
2026-01-14 18:21:14,947 - INFO: Epoch: [5][100/582]	Time  0.029 ( 0.036)	Loss 1.9544e-01 (2.2841e-01)	Acc pseudo  90.62 ( 91.12)	Lr 1.000e-03 (1.000e-03)
2026-01-14 18:21:19,621 - INFO: Epoch: [5][150/582]	Time  0.028 ( 0.035)	Loss 1.8992e-01 (2.3228e-01)	Acc pseudo  89.06 ( 91.06)	Lr 1.000e-03 (1.000e-03)
2026-01-14 18:21:24,297 - INFO: Epoch: [5][200/582]	Time  0.028 ( 0.034)	Loss 4.2806e-01 (2.3471e-01)	Acc pseudo  84.38 ( 91.12)	Lr 1.000e-03 (1.000e-03)
2026-01-14 18:21:28,970 - INFO: Epoch: [5][250/582]	Time  0.026 ( 0.033)	Loss 2.8966e-01 (2.3326e-01)	Acc pseudo  89.06 ( 91.02)	Lr 1.000e-03 (1.000e-03)
2026-01-14 18:21:33,646 - INFO: Epoch: [5][300/582]	Time  0.028 ( 0.032)	Loss 1.3698e-01 (2.3522e-01)	Acc pseudo  95.31 ( 90.99)	Lr 1.000e-03 (1.000e-03)
2026-01-14 18:21:38,322 - INFO: Epoch: [5][350/582]	Time  0.026 ( 0.032)	Loss 2.1919e-01 (2.3634e-01)	Acc pseudo  90.62 ( 90.90)	Lr 1.000e-03 (1.000e-03)
2026-01-14 18:21:43,089 - INFO: Epoch: [5][400/582]	Time  0.029 ( 0.032)	Loss 2.8969e-01 (2.4085e-01)	Acc pseudo  90.62 ( 90.84)	Lr 1.000e-03 (1.000e-03)
2026-01-14 18:21:47,759 - INFO: Epoch: [5][450/582]	Time  0.027 ( 0.031)	Loss 2.1513e-01 (2.4194e-01)	Acc pseudo  92.19 ( 90.83)	Lr 1.000e-03 (1.000e-03)
2026-01-14 18:21:52,437 - INFO: Epoch: [5][500/582]	Time  0.028 ( 0.031)	Loss 1.6968e-01 (2.4433e-01)	Acc pseudo  95.31 ( 90.74)	Lr 1.000e-03 (1.000e-03)
2026-01-14 18:21:57,120 - INFO: Epoch: [5][550/582]	Time  0.031 ( 0.031)	Loss 1.5473e-01 (2.4201e-01)	Acc pseudo  87.50 ( 90.76)	Lr 1.000e-03 (1.000e-03)
2026-01-14 18:22:00,190 - INFO: Round 3, Face Fine-tune Epoch 5: loss=0.2416, acc(pseudo)=90.74%
2026-01-14 18:22:58,976 - INFO: Round 3, Face Fine-tune Epoch 5: acc(valid_pseudo): 0.9891, acc: 0.8617
2026-01-14 18:22:59,928 - INFO: Epoch: [6][  0/582]	Time  0.475 ( 0.475)	Loss 1.4651e-01 (1.4651e-01)	Acc pseudo  95.31 ( 95.31)	Lr 1.000e-03 (1.000e-03)
2026-01-14 18:23:04,719 - INFO: Epoch: [6][ 50/582]	Time  0.029 ( 0.044)	Loss 1.9601e-01 (2.2284e-01)	Acc pseudo  92.19 ( 91.76)	Lr 1.000e-03 (1.000e-03)
2026-01-14 18:23:09,387 - INFO: Epoch: [6][100/582]	Time  0.028 ( 0.037)	Loss 1.6473e-01 (2.2328e-01)	Acc pseudo  93.75 ( 91.34)	Lr 1.000e-03 (1.000e-03)
2026-01-14 18:23:14,057 - INFO: Epoch: [6][150/582]	Time  0.029 ( 0.035)	Loss 3.5839e-01 (2.2920e-01)	Acc pseudo  85.94 ( 91.08)	Lr 1.000e-03 (1.000e-03)
2026-01-14 18:23:18,736 - INFO: Epoch: [6][200/582]	Time  0.039 ( 0.034)	Loss 2.6437e-01 (2.2796e-01)	Acc pseudo  90.62 ( 91.24)	Lr 1.000e-03 (1.000e-03)
2026-01-14 18:23:23,409 - INFO: Epoch: [6][250/582]	Time  0.029 ( 0.033)	Loss 2.2727e-01 (2.2439e-01)	Acc pseudo  85.94 ( 91.25)	Lr 1.000e-03 (1.000e-03)
2026-01-14 18:23:28,083 - INFO: Epoch: [6][300/582]	Time  0.028 ( 0.033)	Loss 1.7353e-01 (2.2352e-01)	Acc pseudo  87.50 ( 91.27)	Lr 1.000e-03 (1.000e-03)
2026-01-14 18:23:32,756 - INFO: Epoch: [6][350/582]	Time  0.027 ( 0.032)	Loss 1.4900e-01 (2.2567e-01)	Acc pseudo  92.19 ( 91.21)	Lr 1.000e-03 (1.000e-03)
2026-01-14 18:23:37,430 - INFO: Epoch: [6][400/582]	Time  0.029 ( 0.032)	Loss 3.0540e-01 (2.2763e-01)	Acc pseudo  90.62 ( 91.17)	Lr 1.000e-03 (1.000e-03)
2026-01-14 18:23:42,108 - INFO: Epoch: [6][450/582]	Time  0.031 ( 0.031)	Loss 1.3662e-01 (2.2985e-01)	Acc pseudo  95.31 ( 91.10)	Lr 1.000e-03 (1.000e-03)
2026-01-14 18:23:46,788 - INFO: Epoch: [6][500/582]	Time  0.033 ( 0.031)	Loss 2.7347e-01 (2.3186e-01)	Acc pseudo  90.62 ( 91.14)	Lr 1.000e-03 (1.000e-03)
2026-01-14 18:23:51,532 - INFO: Epoch: [6][550/582]	Time  0.031 ( 0.031)	Loss 1.7938e-01 (2.3286e-01)	Acc pseudo  89.06 ( 91.09)	Lr 1.000e-03 (1.000e-03)
2026-01-14 18:23:54,531 - INFO: Round 3, Face Fine-tune Epoch 6: loss=0.2337, acc(pseudo)=91.00%
2026-01-14 18:24:55,788 - INFO: Round 3, Face Fine-tune Epoch 6: acc(valid_pseudo): 0.9872, acc: 0.8656
2026-01-14 18:24:55,788 - INFO: Round 3, Face Fine-tune Epoch 6: No improvement. Patience(epoch): 1/3
2026-01-14 18:24:56,356 - INFO: Epoch: [7][  0/582]	Time  0.519 ( 0.519)	Loss 2.1629e-01 (2.1629e-01)	Acc pseudo  93.75 ( 93.75)	Lr 1.000e-03 (1.000e-03)
2026-01-14 18:25:01,025 - INFO: Epoch: [7][ 50/582]	Time  0.032 ( 0.041)	Loss 1.0115e-01 (2.2002e-01)	Acc pseudo  93.75 ( 91.12)	Lr 1.000e-03 (1.000e-03)
2026-01-14 18:25:05,689 - INFO: Epoch: [7][100/582]	Time  0.029 ( 0.036)	Loss 2.7352e-01 (2.2220e-01)	Acc pseudo  89.06 ( 91.23)	Lr 1.000e-03 (1.000e-03)
2026-01-14 18:25:10,362 - INFO: Epoch: [7][150/582]	Time  0.032 ( 0.034)	Loss 1.6870e-01 (2.1802e-01)	Acc pseudo  93.75 ( 91.54)	Lr 1.000e-03 (1.000e-03)
2026-01-14 18:25:15,049 - INFO: Epoch: [7][200/582]	Time  0.034 ( 0.033)	Loss 3.2023e-01 (2.1754e-01)	Acc pseudo  92.19 ( 91.37)	Lr 1.000e-03 (1.000e-03)
2026-01-14 18:25:19,722 - INFO: Epoch: [7][250/582]	Time  0.031 ( 0.033)	Loss 3.2993e-01 (2.2122e-01)	Acc pseudo  79.69 ( 91.31)	Lr 1.000e-03 (1.000e-03)
2026-01-14 18:25:24,397 - INFO: Epoch: [7][300/582]	Time  0.032 ( 0.032)	Loss 1.6619e-01 (2.1968e-01)	Acc pseudo  90.62 ( 91.35)	Lr 1.000e-03 (1.000e-03)
2026-01-14 18:25:29,082 - INFO: Epoch: [7][350/582]	Time  0.031 ( 0.032)	Loss 4.7226e-01 (2.2321e-01)	Acc pseudo  81.25 ( 91.33)	Lr 1.000e-03 (1.000e-03)
2026-01-14 18:25:33,761 - INFO: Epoch: [7][400/582]	Time  0.027 ( 0.032)	Loss 3.0107e-01 (2.2599e-01)	Acc pseudo  85.94 ( 91.22)	Lr 1.000e-03 (1.000e-03)
2026-01-14 18:25:38,433 - INFO: Epoch: [7][450/582]	Time  0.027 ( 0.032)	Loss 2.8133e-01 (2.2753e-01)	Acc pseudo  89.06 ( 91.26)	Lr 1.000e-03 (1.000e-03)
2026-01-14 18:25:43,098 - INFO: Epoch: [7][500/582]	Time  0.027 ( 0.031)	Loss 3.4525e-01 (2.2739e-01)	Acc pseudo  92.19 ( 91.33)	Lr 1.000e-03 (1.000e-03)
2026-01-14 18:25:47,763 - INFO: Epoch: [7][550/582]	Time  0.028 ( 0.031)	Loss 4.7086e-01 (2.3273e-01)	Acc pseudo  93.75 ( 91.23)	Lr 1.000e-03 (1.000e-03)
2026-01-14 18:25:50,746 - INFO: Round 3, Face Fine-tune Epoch 7: loss=0.2337, acc(pseudo)=91.20%
2026-01-14 18:26:49,979 - INFO: Round 3, Face Fine-tune Epoch 7: acc(valid_pseudo): 0.9881, acc: 0.8685
2026-01-14 18:26:49,979 - INFO: Round 3, Face Fine-tune Epoch 7: No improvement. Patience(epoch): 2/3
2026-01-14 18:26:50,500 - INFO: Epoch: [8][  0/582]	Time  0.473 ( 0.473)	Loss 1.2747e-01 (1.2747e-01)	Acc pseudo  92.19 ( 92.19)	Lr 1.000e-03 (1.000e-03)
2026-01-14 18:26:55,159 - INFO: Epoch: [8][ 50/582]	Time  0.028 ( 0.038)	Loss 1.7031e-01 (2.0274e-01)	Acc pseudo  90.62 ( 92.00)	Lr 1.000e-03 (1.000e-03)
2026-01-14 18:26:59,816 - INFO: Epoch: [8][100/582]	Time  0.030 ( 0.033)	Loss 2.6950e-01 (2.0601e-01)	Acc pseudo  92.19 ( 92.06)	Lr 1.000e-03 (1.000e-03)
2026-01-14 18:27:04,482 - INFO: Epoch: [8][150/582]	Time  0.028 ( 0.033)	Loss 1.7271e-01 (2.1590e-01)	Acc pseudo  89.06 ( 91.55)	Lr 1.000e-03 (1.000e-03)
2026-01-14 18:27:09,153 - INFO: Epoch: [8][200/582]	Time  0.038 ( 0.032)	Loss 2.5919e-01 (2.3168e-01)	Acc pseudo  93.75 ( 91.11)	Lr 1.000e-03 (1.000e-03)
2026-01-14 18:27:13,834 - INFO: Epoch: [8][250/582]	Time  0.028 ( 0.033)	Loss 3.2223e-01 (2.3096e-01)	Acc pseudo  87.50 ( 91.14)	Lr 1.000e-03 (1.000e-03)
2026-01-14 18:27:18,517 - INFO: Epoch: [8][300/582]	Time  0.041 ( 0.033)	Loss 3.5402e-01 (2.3284e-01)	Acc pseudo  87.50 ( 90.98)	Lr 1.000e-03 (1.000e-03)
2026-01-14 18:27:23,202 - INFO: Epoch: [8][350/582]	Time  0.028 ( 0.032)	Loss 1.3859e-01 (2.2723e-01)	Acc pseudo  95.31 ( 91.08)	Lr 1.000e-03 (1.000e-03)
2026-01-14 18:27:27,879 - INFO: Epoch: [8][400/582]	Time  0.028 ( 0.032)	Loss 3.6195e-01 (2.3034e-01)	Acc pseudo  89.06 ( 91.05)	Lr 1.000e-03 (1.000e-03)
2026-01-14 18:27:32,552 - INFO: Epoch: [8][450/582]	Time  0.027 ( 0.032)	Loss 1.1874e-01 (2.3012e-01)	Acc pseudo  93.75 ( 91.02)	Lr 1.000e-03 (1.000e-03)
2026-01-14 18:27:37,232 - INFO: Epoch: [8][500/582]	Time  0.031 ( 0.032)	Loss 2.8903e-01 (2.2918e-01)	Acc pseudo  85.94 ( 91.04)	Lr 1.000e-03 (1.000e-03)
2026-01-14 18:27:41,911 - INFO: Epoch: [8][550/582]	Time  0.029 ( 0.032)	Loss 7.2449e-02 (2.3042e-01)	Acc pseudo  96.88 ( 90.98)	Lr 1.000e-03 (1.000e-03)
2026-01-14 18:27:44,887 - INFO: Round 3, Face Fine-tune Epoch 8: loss=0.2307, acc(pseudo)=90.97%
2026-01-14 18:28:43,514 - INFO: Round 3, Face Fine-tune Epoch 8: acc(valid_pseudo): 0.9905, acc: 0.8705
2026-01-14 18:28:44,575 - INFO: Epoch: [9][  0/582]	Time  0.492 ( 0.492)	Loss 3.6410e-01 (3.6410e-01)	Acc pseudo  90.62 ( 90.62)	Lr 1.000e-03 (1.000e-03)
2026-01-14 18:28:49,239 - INFO: Epoch: [9][ 50/582]	Time  0.029 ( 0.043)	Loss 1.9019e-01 (2.4690e-01)	Acc pseudo  95.31 ( 90.04)	Lr 1.000e-03 (1.000e-03)
2026-01-14 18:28:53,903 - INFO: Epoch: [9][100/582]	Time  0.028 ( 0.038)	Loss 7.5938e-02 (2.5141e-01)	Acc pseudo  95.31 ( 90.22)	Lr 1.000e-03 (1.000e-03)
2026-01-14 18:28:58,565 - INFO: Epoch: [9][150/582]	Time  0.027 ( 0.035)	Loss 3.2135e-01 (2.6359e-01)	Acc pseudo  85.94 ( 90.15)	Lr 1.000e-03 (1.000e-03)
2026-01-14 18:29:03,232 - INFO: Epoch: [9][200/582]	Time  0.027 ( 0.033)	Loss 2.1096e-01 (2.6179e-01)	Acc pseudo  87.50 ( 90.17)	Lr 1.000e-03 (1.000e-03)
2026-01-14 18:29:07,897 - INFO: Epoch: [9][250/582]	Time  0.027 ( 0.032)	Loss 1.4047e-01 (2.6434e-01)	Acc pseudo  98.44 ( 90.08)	Lr 1.000e-03 (1.000e-03)
2026-01-14 18:29:12,570 - INFO: Epoch: [9][300/582]	Time  0.031 ( 0.032)	Loss 1.6974e-01 (2.6482e-01)	Acc pseudo  95.31 ( 90.17)	Lr 1.000e-03 (1.000e-03)
2026-01-14 18:29:17,243 - INFO: Epoch: [9][350/582]	Time  0.034 ( 0.032)	Loss 4.0567e-01 (2.6595e-01)	Acc pseudo  85.94 ( 90.09)	Lr 1.000e-03 (1.000e-03)
2026-01-14 18:29:21,917 - INFO: Epoch: [9][400/582]	Time  0.028 ( 0.031)	Loss 2.6989e-01 (2.6703e-01)	Acc pseudo  90.62 ( 90.03)	Lr 1.000e-03 (1.000e-03)
2026-01-14 18:29:26,582 - INFO: Epoch: [9][450/582]	Time  0.027 ( 0.031)	Loss 1.5065e-01 (2.6721e-01)	Acc pseudo  92.19 ( 89.94)	Lr 1.000e-03 (1.000e-03)
2026-01-14 18:29:31,255 - INFO: Epoch: [9][500/582]	Time  0.029 ( 0.031)	Loss 3.6023e-01 (2.7348e-01)	Acc pseudo  87.50 ( 89.71)	Lr 1.000e-03 (1.000e-03)
2026-01-14 18:29:35,932 - INFO: Epoch: [9][550/582]	Time  0.030 ( 0.031)	Loss 1.5106e-01 (2.7213e-01)	Acc pseudo  90.62 ( 89.66)	Lr 1.000e-03 (1.000e-03)
2026-01-14 18:29:38,915 - INFO: Round 3, Face Fine-tune Epoch 9: loss=0.2703, acc(pseudo)=89.72%
2026-01-14 18:30:36,964 - INFO: Round 3, Face Fine-tune Epoch 9: acc(valid_pseudo): 0.9879, acc: 0.8695
2026-01-14 18:30:36,966 - INFO: Round 3, Face Fine-tune Epoch 9: No improvement. Patience(epoch): 1/3
2026-01-14 18:30:37,526 - INFO: Epoch: [10][  0/582]	Time  0.504 ( 0.504)	Loss 1.7531e-01 (1.7531e-01)	Acc pseudo  95.31 ( 95.31)	Lr 1.000e-03 (1.000e-03)
2026-01-14 18:30:42,194 - INFO: Epoch: [10][ 50/582]	Time  0.028 ( 0.040)	Loss 4.1867e-01 (2.4300e-01)	Acc pseudo  79.69 ( 90.53)	Lr 1.000e-03 (1.000e-03)
2026-01-14 18:30:46,860 - INFO: Epoch: [10][100/582]	Time  0.028 ( 0.035)	Loss 2.2520e-01 (2.4766e-01)	Acc pseudo  92.19 ( 90.28)	Lr 1.000e-03 (1.000e-03)
2026-01-14 18:30:51,531 - INFO: Epoch: [10][150/582]	Time  0.028 ( 0.033)	Loss 1.7901e-01 (2.6003e-01)	Acc pseudo  95.31 ( 89.98)	Lr 1.000e-03 (1.000e-03)
2026-01-14 18:30:56,210 - INFO: Epoch: [10][200/582]	Time  0.026 ( 0.032)	Loss 2.1757e-01 (2.5985e-01)	Acc pseudo  89.06 ( 89.85)	Lr 1.000e-03 (1.000e-03)
2026-01-14 18:31:00,973 - INFO: Epoch: [10][250/582]	Time  0.030 ( 0.032)	Loss 2.5571e-01 (2.6438e-01)	Acc pseudo  90.62 ( 89.76)	Lr 1.000e-03 (1.000e-03)
2026-01-14 18:31:05,707 - INFO: Epoch: [10][300/582]	Time  0.027 ( 0.032)	Loss 3.1929e-01 (2.6699e-01)	Acc pseudo  90.62 ( 89.68)	Lr 1.000e-03 (1.000e-03)
2026-01-14 18:31:10,380 - INFO: Epoch: [10][350/582]	Time  0.029 ( 0.031)	Loss 4.0123e-01 (2.6501e-01)	Acc pseudo  85.94 ( 89.72)	Lr 1.000e-03 (1.000e-03)
2026-01-14 18:31:15,050 - INFO: Epoch: [10][400/582]	Time  0.038 ( 0.031)	Loss 1.4833e-01 (2.6320e-01)	Acc pseudo  93.75 ( 89.74)	Lr 1.000e-03 (1.000e-03)
2026-01-14 18:31:19,720 - INFO: Epoch: [10][450/582]	Time  0.033 ( 0.031)	Loss 3.0183e-01 (2.6327e-01)	Acc pseudo  93.75 ( 89.80)	Lr 1.000e-03 (1.000e-03)
2026-01-14 18:31:24,401 - INFO: Epoch: [10][500/582]	Time  0.064 ( 0.032)	Loss 3.5183e-01 (2.6399e-01)	Acc pseudo  82.81 ( 89.73)	Lr 1.000e-03 (1.000e-03)
2026-01-14 18:31:29,091 - INFO: Epoch: [10][550/582]	Time  0.035 ( 0.033)	Loss 1.6834e-01 (2.6234e-01)	Acc pseudo  92.19 ( 89.78)	Lr 1.000e-03 (1.000e-03)
2026-01-14 18:31:32,187 - INFO: Round 3, Face Fine-tune Epoch 10: loss=0.2629, acc(pseudo)=89.80%
2026-01-14 18:32:31,039 - INFO: Round 3, Face Fine-tune Epoch 10: acc(valid_pseudo): 0.9912, acc: 0.8685
2026-01-14 18:32:32,056 - INFO: Epoch: [11][  0/582]	Time  0.553 ( 0.553)	Loss 2.1796e-01 (2.1796e-01)	Acc pseudo  87.50 ( 87.50)	Lr 1.000e-03 (1.000e-03)
2026-01-14 18:32:36,718 - INFO: Epoch: [11][ 50/582]	Time  0.032 ( 0.044)	Loss 3.4661e-01 (2.3887e-01)	Acc pseudo  84.38 ( 90.96)	Lr 1.000e-03 (1.000e-03)
2026-01-14 18:32:41,390 - INFO: Epoch: [11][100/582]	Time  0.028 ( 0.038)	Loss 1.5126e-01 (2.3452e-01)	Acc pseudo  90.62 ( 91.07)	Lr 1.000e-03 (1.000e-03)
2026-01-14 18:32:46,071 - INFO: Epoch: [11][150/582]	Time  0.029 ( 0.036)	Loss 2.4687e-01 (2.3769e-01)	Acc pseudo  90.62 ( 90.97)	Lr 1.000e-03 (1.000e-03)
2026-01-14 18:32:50,748 - INFO: Epoch: [11][200/582]	Time  0.028 ( 0.035)	Loss 2.0904e-01 (2.3981e-01)	Acc pseudo  90.62 ( 90.68)	Lr 1.000e-03 (1.000e-03)
2026-01-14 18:32:55,425 - INFO: Epoch: [11][250/582]	Time  0.029 ( 0.034)	Loss 3.6427e-01 (2.4362e-01)	Acc pseudo  87.50 ( 90.60)	Lr 1.000e-03 (1.000e-03)
2026-01-14 18:33:00,102 - INFO: Epoch: [11][300/582]	Time  0.028 ( 0.034)	Loss 2.5518e-01 (2.4259e-01)	Acc pseudo  84.38 ( 90.58)	Lr 1.000e-03 (1.000e-03)
2026-01-14 18:33:04,785 - INFO: Epoch: [11][350/582]	Time  0.032 ( 0.034)	Loss 2.6317e-01 (2.4694e-01)	Acc pseudo  84.38 ( 90.45)	Lr 1.000e-03 (1.000e-03)
2026-01-14 18:33:09,454 - INFO: Epoch: [11][400/582]	Time  0.032 ( 0.034)	Loss 1.7667e-01 (2.4529e-01)	Acc pseudo  93.75 ( 90.55)	Lr 1.000e-03 (1.000e-03)
2026-01-14 18:33:14,126 - INFO: Epoch: [11][450/582]	Time  0.028 ( 0.034)	Loss 1.5720e-01 (2.4473e-01)	Acc pseudo  92.19 ( 90.56)	Lr 1.000e-03 (1.000e-03)
2026-01-14 18:33:18,799 - INFO: Epoch: [11][500/582]	Time  0.026 ( 0.033)	Loss 2.2656e-01 (2.4500e-01)	Acc pseudo  87.50 ( 90.54)	Lr 1.000e-03 (1.000e-03)
2026-01-14 18:33:23,527 - INFO: Epoch: [11][550/582]	Time  0.026 ( 0.033)	Loss 2.0156e-01 (2.4698e-01)	Acc pseudo  90.62 ( 90.45)	Lr 1.000e-03 (1.000e-03)
2026-01-14 18:33:26,510 - INFO: Round 3, Face Fine-tune Epoch 11: loss=0.2481, acc(pseudo)=90.46%
2026-01-14 18:34:26,210 - INFO: Round 3, Face Fine-tune Epoch 11: acc(valid_pseudo): 0.9901, acc: 0.8724
2026-01-14 18:34:26,210 - INFO: Round 3, Face Fine-tune Epoch 11: No improvement. Patience(epoch): 1/3
2026-01-14 18:34:26,760 - INFO: Epoch: [12][  0/582]	Time  0.501 ( 0.501)	Loss 2.6434e-01 (2.6434e-01)	Acc pseudo  85.94 ( 85.94)	Lr 1.000e-03 (1.000e-03)
2026-01-14 18:34:31,436 - INFO: Epoch: [12][ 50/582]	Time  0.031 ( 0.043)	Loss 1.5834e-01 (2.4518e-01)	Acc pseudo  93.75 ( 90.20)	Lr 1.000e-03 (1.000e-03)
2026-01-14 18:34:36,107 - INFO: Epoch: [12][100/582]	Time  0.029 ( 0.037)	Loss 1.9364e-01 (2.5304e-01)	Acc pseudo  92.19 ( 90.53)	Lr 1.000e-03 (1.000e-03)
2026-01-14 18:34:40,781 - INFO: Epoch: [12][150/582]	Time  0.033 ( 0.035)	Loss 1.2661e-01 (2.5315e-01)	Acc pseudo  96.88 ( 90.76)	Lr 1.000e-03 (1.000e-03)
2026-01-14 18:34:45,458 - INFO: Epoch: [12][200/582]	Time  0.038 ( 0.034)	Loss 1.6212e-01 (2.5402e-01)	Acc pseudo  92.19 ( 90.58)	Lr 1.000e-03 (1.000e-03)
2026-01-14 18:34:50,137 - INFO: Epoch: [12][250/582]	Time  0.044 ( 0.034)	Loss 1.3082e-01 (2.5143e-01)	Acc pseudo  93.75 ( 90.58)	Lr 1.000e-03 (1.000e-03)
2026-01-14 18:34:54,929 - INFO: Epoch: [12][300/582]	Time  0.038 ( 0.033)	Loss 1.9064e-01 (2.5034e-01)	Acc pseudo  90.62 ( 90.48)	Lr 1.000e-03 (1.000e-03)
2026-01-14 18:34:59,601 - INFO: Epoch: [12][350/582]	Time  0.028 ( 0.033)	Loss 2.5809e-01 (2.5334e-01)	Acc pseudo  90.62 ( 90.35)	Lr 1.000e-03 (1.000e-03)
2026-01-14 18:35:04,272 - INFO: Epoch: [12][400/582]	Time  0.028 ( 0.033)	Loss 4.8113e-01 (2.5285e-01)	Acc pseudo  84.38 ( 90.34)	Lr 1.000e-03 (1.000e-03)
2026-01-14 18:35:08,946 - INFO: Epoch: [12][450/582]	Time  0.028 ( 0.032)	Loss 2.5792e-01 (2.5471e-01)	Acc pseudo  92.19 ( 90.24)	Lr 1.000e-03 (1.000e-03)
2026-01-14 18:35:13,625 - INFO: Epoch: [12][500/582]	Time  0.040 ( 0.033)	Loss 3.3225e-01 (2.5368e-01)	Acc pseudo  90.62 ( 90.29)	Lr 1.000e-03 (1.000e-03)
2026-01-14 18:35:18,306 - INFO: Epoch: [12][550/582]	Time  0.029 ( 0.033)	Loss 1.1016e-01 (2.5402e-01)	Acc pseudo  92.19 ( 90.24)	Lr 1.000e-03 (1.000e-03)
2026-01-14 18:35:21,290 - INFO: Round 3, Face Fine-tune Epoch 12: loss=0.2531, acc(pseudo)=90.26%
2026-01-14 18:36:19,725 - INFO: Round 3, Face Fine-tune Epoch 12: acc(valid_pseudo): 0.9902, acc: 0.8705
2026-01-14 18:36:19,726 - INFO: Round 3, Face Fine-tune Epoch 12: No improvement. Patience(epoch): 2/3
2026-01-14 18:36:20,262 - INFO: Epoch: [13][  0/582]	Time  0.500 ( 0.500)	Loss 2.0095e-01 (2.0095e-01)	Acc pseudo  89.06 ( 89.06)	Lr 1.000e-03 (1.000e-03)
2026-01-14 18:36:24,929 - INFO: Epoch: [13][ 50/582]	Time  0.031 ( 0.043)	Loss 1.2534e-01 (2.2301e-01)	Acc pseudo  95.31 ( 90.17)	Lr 1.000e-03 (1.000e-03)
2026-01-14 18:36:29,673 - INFO: Epoch: [13][100/582]	Time  0.051 ( 0.039)	Loss 1.9228e-01 (2.4313e-01)	Acc pseudo  89.06 ( 89.87)	Lr 1.000e-03 (1.000e-03)
2026-01-14 18:36:34,427 - INFO: Epoch: [13][150/582]	Time  0.039 ( 0.039)	Loss 2.2328e-01 (2.4336e-01)	Acc pseudo  89.06 ( 90.06)	Lr 1.000e-03 (1.000e-03)
2026-01-14 18:36:39,112 - INFO: Epoch: [13][200/582]	Time  0.034 ( 0.038)	Loss 1.9654e-01 (2.4642e-01)	Acc pseudo  92.19 ( 90.04)	Lr 1.000e-03 (1.000e-03)
2026-01-14 18:36:43,781 - INFO: Epoch: [13][250/582]	Time  0.029 ( 0.037)	Loss 2.0229e-01 (2.4541e-01)	Acc pseudo  93.75 ( 90.16)	Lr 1.000e-03 (1.000e-03)
2026-01-14 18:36:48,453 - INFO: Epoch: [13][300/582]	Time  0.027 ( 0.036)	Loss 2.1503e-01 (2.4662e-01)	Acc pseudo  92.19 ( 90.21)	Lr 1.000e-03 (1.000e-03)
2026-01-14 18:36:53,136 - INFO: Epoch: [13][350/582]	Time  0.030 ( 0.036)	Loss 3.1354e-01 (2.4836e-01)	Acc pseudo  92.19 ( 90.28)	Lr 1.000e-03 (1.000e-03)
2026-01-14 18:36:57,813 - INFO: Epoch: [13][400/582]	Time  0.027 ( 0.035)	Loss 1.8620e-01 (2.4881e-01)	Acc pseudo  95.31 ( 90.24)	Lr 1.000e-03 (1.000e-03)
2026-01-14 18:37:02,486 - INFO: Epoch: [13][450/582]	Time  0.033 ( 0.035)	Loss 3.0676e-01 (2.4642e-01)	Acc pseudo  84.38 ( 90.37)	Lr 1.000e-03 (1.000e-03)
2026-01-14 18:37:07,163 - INFO: Epoch: [13][500/582]	Time  0.029 ( 0.034)	Loss 2.4795e-01 (2.4857e-01)	Acc pseudo  89.06 ( 90.29)	Lr 1.000e-03 (1.000e-03)
2026-01-14 18:37:11,844 - INFO: Epoch: [13][550/582]	Time  0.042 ( 0.034)	Loss 1.6842e-01 (2.4942e-01)	Acc pseudo  90.62 ( 90.26)	Lr 1.000e-03 (1.000e-03)
2026-01-14 18:37:14,830 - INFO: Round 3, Face Fine-tune Epoch 13: loss=0.2503, acc(pseudo)=90.25%
2026-01-14 18:38:14,239 - INFO: Round 3, Face Fine-tune Epoch 13: acc(valid_pseudo): 0.9894, acc: 0.8705
2026-01-14 18:38:14,239 - INFO: Round 3, Face Fine-tune Epoch 13: No improvement. Patience(epoch): 3/3
2026-01-14 18:38:14,239 - INFO: Early stopping at face epoch 13
2026-01-14 18:38:14,240 - INFO: Round 3: Best face fine-tuned epoch=10, acc(valid_pseudo)=0.9912
2026-01-14 18:38:14,365 - INFO: Using HMM model from previous round: runs/I love my family/exp_video/result/self_supervised/exp3/round2/pseudo_label/hmm_params.pkl
2026-01-14 20:00:36,578 - INFO: Round 3: speaker_acc=0.8735
2026-01-14 20:00:36,585 - INFO: Round 3: face_acc=0.8744
2026-01-14 20:00:36,590 - INFO: ====================
2026-01-14 20:00:36,590 - INFO: Round 4: Fine-tuning iteration
2026-01-14 20:00:36,590 - INFO: ====================
2026-01-14 20:00:36,681 - INFO: Round 4 Part 1: Fine-tuning embedding model
2026-01-14 20:00:36,682 - INFO: Using pseudo-label file: runs/I love my family/exp_video/result/self_supervised/exp3/round3/pseudo_label/pseudo_labels_audio_nested_hmm_full(unreliable_pp=100.0).json
2026-01-14 20:00:36,707 - INFO: For training, Using face pseudo-label file: runs/I love my family/exp_video/result/self_supervised/exp3/round3/pseudo_label/pseudo_labels_faces_mid_frame_train_nested_hmm_full.json
2026-01-14 20:00:36,708 - INFO: For infering, Using face pseudo-label file: runs/I love my family/exp_video/result/self_supervised/exp3/round3/pseudo_label/pseudo_labels_faces_mid_frame_all_nested_hmm_full.json
2026-01-14 20:00:36,845 - INFO: Created face dataloader with 37219 samples
2026-01-14 20:00:36,858 - INFO: Fine-tuning speaker embedding model for 20 epochs...
2026-01-14 20:00:37,149 - INFO: Epoch: [0][  0/301]	Time  0.286 ( 0.286)	Loss 4.2943e-01 (4.2943e-01)	Acc pseudo  89.06 ( 89.06)	Lr 1.000e-03 (1.000e-03)
2026-01-14 20:00:37,341 - INFO: Epoch: [0][ 50/301]	Time  0.003 ( 0.009)	Loss 4.3588e-01 (4.0716e-01)	Acc pseudo  92.19 ( 87.10)	Lr 1.000e-03 (1.000e-03)
2026-01-14 20:00:37,525 - INFO: Epoch: [0][100/301]	Time  0.003 ( 0.006)	Loss 2.3725e-01 (4.2752e-01)	Acc pseudo  90.62 ( 87.05)	Lr 1.000e-03 (1.000e-03)
2026-01-14 20:00:37,676 - INFO: Epoch: [0][150/301]	Time  0.003 ( 0.005)	Loss 3.8545e-01 (4.3938e-01)	Acc pseudo  84.38 ( 86.74)	Lr 1.000e-03 (1.000e-03)
2026-01-14 20:00:37,829 - INFO: Epoch: [0][200/301]	Time  0.003 ( 0.005)	Loss 2.3906e-01 (4.3189e-01)	Acc pseudo  95.31 ( 86.92)	Lr 1.000e-03 (1.000e-03)
2026-01-14 20:00:37,994 - INFO: Epoch: [0][250/301]	Time  0.003 ( 0.004)	Loss 5.6880e-01 (4.3477e-01)	Acc pseudo  79.69 ( 86.64)	Lr 1.000e-03 (1.000e-03)
2026-01-14 20:00:38,147 - INFO: Epoch: [0][300/301]	Time  0.002 ( 0.004)	Loss 5.6406e-01 (4.3592e-01)	Acc pseudo  84.00 ( 86.74)	Lr 1.000e-03 (1.000e-03)
2026-01-14 20:00:38,298 - INFO: Round 4, Fine-tune Epoch 0: loss=0.4359, acc(pseudo)=86.74%
2026-01-14 20:00:45,629 - INFO: Round 4, Fine-tune Epoch 0: acc(valid_pseudo): 0.9606, acc: 0.8440
2026-01-14 20:00:46,062 - INFO: Epoch: [1][  0/301]	Time  0.248 ( 0.248)	Loss 2.8367e-01 (2.8367e-01)	Acc pseudo  89.06 ( 89.06)	Lr 1.000e-03 (1.000e-03)
2026-01-14 20:00:46,248 - INFO: Epoch: [1][ 50/301]	Time  0.002 ( 0.008)	Loss 2.4982e-01 (3.6689e-01)	Acc pseudo  92.19 ( 88.66)	Lr 1.000e-03 (1.000e-03)
2026-01-14 20:00:46,404 - INFO: Epoch: [1][100/301]	Time  0.003 ( 0.006)	Loss 2.9996e-01 (3.6741e-01)	Acc pseudo  90.62 ( 88.60)	Lr 1.000e-03 (1.000e-03)
2026-01-14 20:00:46,592 - INFO: Epoch: [1][150/301]	Time  0.005 ( 0.005)	Loss 4.6068e-01 (3.6483e-01)	Acc pseudo  89.06 ( 88.41)	Lr 1.000e-03 (1.000e-03)
2026-01-14 20:00:46,781 - INFO: Epoch: [1][200/301]	Time  0.005 ( 0.005)	Loss 4.9715e-01 (3.7411e-01)	Acc pseudo  85.94 ( 88.25)	Lr 1.000e-03 (1.000e-03)
2026-01-14 20:00:46,940 - INFO: Epoch: [1][250/301]	Time  0.003 ( 0.004)	Loss 2.5651e-01 (3.7952e-01)	Acc pseudo  92.19 ( 88.00)	Lr 1.000e-03 (1.000e-03)
2026-01-14 20:00:47,094 - INFO: Epoch: [1][300/301]	Time  0.002 ( 0.004)	Loss 4.6346e-01 (3.8660e-01)	Acc pseudo  84.00 ( 87.93)	Lr 1.000e-03 (1.000e-03)
2026-01-14 20:00:47,161 - INFO: Round 4, Fine-tune Epoch 1: loss=0.3866, acc(pseudo)=87.93%
2026-01-14 20:00:56,494 - INFO: Round 4, Fine-tune Epoch 1: acc(valid_pseudo): 0.9633, acc: 0.8510
2026-01-14 20:00:56,928 - INFO: Epoch: [2][  0/301]	Time  0.248 ( 0.248)	Loss 5.1124e-01 (5.1124e-01)	Acc pseudo  87.50 ( 87.50)	Lr 1.000e-03 (1.000e-03)
2026-01-14 20:00:57,141 - INFO: Epoch: [2][ 50/301]	Time  0.003 ( 0.009)	Loss 3.6561e-01 (3.9857e-01)	Acc pseudo  90.62 ( 87.01)	Lr 1.000e-03 (1.000e-03)
2026-01-14 20:00:57,377 - INFO: Epoch: [2][100/301]	Time  0.004 ( 0.007)	Loss 4.0276e-01 (3.8568e-01)	Acc pseudo  81.25 ( 87.58)	Lr 1.000e-03 (1.000e-03)
2026-01-14 20:00:57,578 - INFO: Epoch: [2][150/301]	Time  0.004 ( 0.006)	Loss 2.3479e-01 (3.8124e-01)	Acc pseudo  87.50 ( 87.75)	Lr 1.000e-03 (1.000e-03)
2026-01-14 20:00:57,761 - INFO: Epoch: [2][200/301]	Time  0.003 ( 0.005)	Loss 4.3568e-01 (3.7473e-01)	Acc pseudo  92.19 ( 87.80)	Lr 1.000e-03 (1.000e-03)
2026-01-14 20:00:57,953 - INFO: Epoch: [2][250/301]	Time  0.003 ( 0.005)	Loss 2.6378e-01 (3.7694e-01)	Acc pseudo  89.06 ( 87.69)	Lr 1.000e-03 (1.000e-03)
2026-01-14 20:00:58,149 - INFO: Epoch: [2][300/301]	Time  0.003 ( 0.005)	Loss 3.9976e-01 (3.7972e-01)	Acc pseudo  88.00 ( 87.65)	Lr 1.000e-03 (1.000e-03)
2026-01-14 20:00:58,214 - INFO: Round 4, Fine-tune Epoch 2: loss=0.3797, acc(pseudo)=87.65%
2026-01-14 20:01:06,398 - INFO: Round 4, Fine-tune Epoch 2: acc(valid_pseudo): 0.9714, acc: 0.8680
2026-01-14 20:01:06,982 - INFO: Epoch: [3][  0/301]	Time  0.342 ( 0.342)	Loss 5.1219e-01 (5.1219e-01)	Acc pseudo  82.81 ( 82.81)	Lr 1.000e-03 (1.000e-03)
2026-01-14 20:01:07,157 - INFO: Epoch: [3][ 50/301]	Time  0.003 ( 0.010)	Loss 4.0049e-01 (3.5821e-01)	Acc pseudo  84.38 ( 88.69)	Lr 1.000e-03 (1.000e-03)
2026-01-14 20:01:07,337 - INFO: Epoch: [3][100/301]	Time  0.003 ( 0.007)	Loss 3.8145e-01 (3.6008e-01)	Acc pseudo  90.62 ( 88.68)	Lr 1.000e-03 (1.000e-03)
2026-01-14 20:01:07,488 - INFO: Epoch: [3][150/301]	Time  0.004 ( 0.006)	Loss 1.9660e-01 (3.5872e-01)	Acc pseudo  93.75 ( 88.26)	Lr 1.000e-03 (1.000e-03)
2026-01-14 20:01:07,663 - INFO: Epoch: [3][200/301]	Time  0.004 ( 0.005)	Loss 2.6712e-01 (3.5351e-01)	Acc pseudo  87.50 ( 88.59)	Lr 1.000e-03 (1.000e-03)
2026-01-14 20:01:07,876 - INFO: Epoch: [3][250/301]	Time  0.004 ( 0.005)	Loss 1.9201e-01 (3.5179e-01)	Acc pseudo  93.75 ( 88.49)	Lr 1.000e-03 (1.000e-03)
2026-01-14 20:01:08,126 - INFO: Epoch: [3][300/301]	Time  0.004 ( 0.005)	Loss 3.4031e-01 (3.5500e-01)	Acc pseudo  84.00 ( 88.34)	Lr 1.000e-03 (1.000e-03)
2026-01-14 20:01:08,194 - INFO: Round 4, Fine-tune Epoch 3: loss=0.3550, acc(pseudo)=88.34%
2026-01-14 20:01:16,780 - INFO: Round 4, Fine-tune Epoch 3: acc(valid_pseudo): 0.9554, acc: 0.8475
2026-01-14 20:01:16,781 - INFO: Round 4, Speaker Fine-tune Epoch 3: No improvement in validation accuracy. Patience(epoch): 1/3
2026-01-14 20:01:17,046 - INFO: Epoch: [4][  0/301]	Time  0.260 ( 0.260)	Loss 2.3237e-01 (2.3237e-01)	Acc pseudo  92.19 ( 92.19)	Lr 1.000e-03 (1.000e-03)
2026-01-14 20:01:17,314 - INFO: Epoch: [4][ 50/301]	Time  0.004 ( 0.010)	Loss 2.5709e-01 (3.5585e-01)	Acc pseudo  90.62 ( 88.88)	Lr 1.000e-03 (1.000e-03)
2026-01-14 20:01:17,522 - INFO: Epoch: [4][100/301]	Time  0.005 ( 0.007)	Loss 2.5951e-01 (3.5212e-01)	Acc pseudo  92.19 ( 88.80)	Lr 1.000e-03 (1.000e-03)
2026-01-14 20:01:17,716 - INFO: Epoch: [4][150/301]	Time  0.004 ( 0.006)	Loss 2.2750e-01 (3.4603e-01)	Acc pseudo  87.50 ( 88.87)	Lr 1.000e-03 (1.000e-03)
2026-01-14 20:01:17,908 - INFO: Epoch: [4][200/301]	Time  0.003 ( 0.005)	Loss 2.2191e-01 (3.4373e-01)	Acc pseudo  95.31 ( 88.84)	Lr 1.000e-03 (1.000e-03)
2026-01-14 20:01:18,077 - INFO: Epoch: [4][250/301]	Time  0.004 ( 0.005)	Loss 3.9204e-01 (3.4604e-01)	Acc pseudo  87.50 ( 88.66)	Lr 1.000e-03 (1.000e-03)
2026-01-14 20:01:18,255 - INFO: Epoch: [4][300/301]	Time  0.002 ( 0.005)	Loss 5.0340e-01 (3.5402e-01)	Acc pseudo  88.00 ( 88.60)	Lr 1.000e-03 (1.000e-03)
2026-01-14 20:01:18,323 - INFO: Round 4, Fine-tune Epoch 4: loss=0.3540, acc(pseudo)=88.60%
2026-01-14 20:01:25,992 - INFO: Round 4, Fine-tune Epoch 4: acc(valid_pseudo): 0.9303, acc: 0.8265
2026-01-14 20:01:25,992 - INFO: Round 4, Speaker Fine-tune Epoch 4: No improvement in validation accuracy. Patience(epoch): 2/3
2026-01-14 20:01:26,242 - INFO: Epoch: [5][  0/301]	Time  0.244 ( 0.244)	Loss 4.0727e-01 (4.0727e-01)	Acc pseudo  87.50 ( 87.50)	Lr 1.000e-03 (1.000e-03)
2026-01-14 20:01:26,433 - INFO: Epoch: [5][ 50/301]	Time  0.003 ( 0.008)	Loss 1.4584e-01 (3.3294e-01)	Acc pseudo  92.19 ( 89.19)	Lr 1.000e-03 (1.000e-03)
2026-01-14 20:01:26,593 - INFO: Epoch: [5][100/301]	Time  0.003 ( 0.006)	Loss 3.0436e-01 (3.3279e-01)	Acc pseudo  84.38 ( 88.60)	Lr 1.000e-03 (1.000e-03)
2026-01-14 20:01:26,743 - INFO: Epoch: [5][150/301]	Time  0.004 ( 0.005)	Loss 4.7875e-01 (3.4456e-01)	Acc pseudo  79.69 ( 88.37)	Lr 1.000e-03 (1.000e-03)
2026-01-14 20:01:26,911 - INFO: Epoch: [5][200/301]	Time  0.003 ( 0.004)	Loss 3.4271e-01 (3.5839e-01)	Acc pseudo  87.50 ( 88.04)	Lr 1.000e-03 (1.000e-03)
2026-01-14 20:01:27,072 - INFO: Epoch: [5][250/301]	Time  0.003 ( 0.004)	Loss 3.1979e-01 (3.6612e-01)	Acc pseudo  87.50 ( 87.90)	Lr 1.000e-03 (1.000e-03)
2026-01-14 20:01:27,238 - INFO: Epoch: [5][300/301]	Time  0.002 ( 0.004)	Loss 5.7293e-01 (3.7501e-01)	Acc pseudo  84.00 ( 87.74)	Lr 1.000e-03 (1.000e-03)
2026-01-14 20:01:27,301 - INFO: Round 4, Fine-tune Epoch 5: loss=0.3750, acc(pseudo)=87.74%
2026-01-14 20:01:36,319 - INFO: Round 4, Fine-tune Epoch 5: acc(valid_pseudo): 0.9609, acc: 0.8635
2026-01-14 20:01:36,319 - INFO: Round 4, Speaker Fine-tune Epoch 5: No improvement in validation accuracy. Patience(epoch): 3/3
2026-01-14 20:01:36,319 - INFO: Early stopping at epoch 5 due to no improvement in validation accuracy for 3 epochs.
2026-01-14 20:01:36,320 - INFO: Round 4: Best speaker fine-tuned epoch=2, acc(valid_pseudo)=0.9714
2026-01-14 20:01:36,325 - INFO: Fine-tuning face embedding model for 20 epochs...
2026-01-14 20:01:37,225 - INFO: Epoch: [0][  0/582]	Time  0.851 ( 0.851)	Loss 6.8531e-02 (6.8531e-02)	Acc pseudo  96.88 ( 96.88)	Lr 1.000e-03 (1.000e-03)
2026-01-14 20:01:42,495 - INFO: Epoch: [0][ 50/582]	Time  0.028 ( 0.063)	Loss 8.6923e-02 (1.9163e-01)	Acc pseudo  98.44 ( 93.96)	Lr 1.000e-03 (1.000e-03)
2026-01-14 20:01:47,117 - INFO: Epoch: [0][100/582]	Time  0.029 ( 0.047)	Loss 3.8367e-01 (2.1821e-01)	Acc pseudo  90.62 ( 93.08)	Lr 1.000e-03 (1.000e-03)
2026-01-14 20:01:51,751 - INFO: Epoch: [0][150/582]	Time  0.033 ( 0.041)	Loss 1.3567e-01 (2.0969e-01)	Acc pseudo  95.31 ( 92.96)	Lr 1.000e-03 (1.000e-03)
2026-01-14 20:01:56,390 - INFO: Epoch: [0][200/582]	Time  0.033 ( 0.039)	Loss 1.2091e-01 (2.0709e-01)	Acc pseudo  95.31 ( 92.92)	Lr 1.000e-03 (1.000e-03)
2026-01-14 20:02:01,031 - INFO: Epoch: [0][250/582]	Time  0.027 ( 0.037)	Loss 3.4033e-01 (2.1484e-01)	Acc pseudo  81.25 ( 92.58)	Lr 1.000e-03 (1.000e-03)
2026-01-14 20:02:05,676 - INFO: Epoch: [0][300/582]	Time  0.029 ( 0.036)	Loss 8.7571e-02 (2.1073e-01)	Acc pseudo  93.75 ( 92.60)	Lr 1.000e-03 (1.000e-03)
2026-01-14 20:02:10,336 - INFO: Epoch: [0][350/582]	Time  0.037 ( 0.036)	Loss 1.5103e-01 (2.0991e-01)	Acc pseudo  96.88 ( 92.61)	Lr 1.000e-03 (1.000e-03)
2026-01-14 20:02:15,081 - INFO: Epoch: [0][400/582]	Time  0.033 ( 0.035)	Loss 6.3417e-02 (2.0497e-01)	Acc pseudo  96.88 ( 92.67)	Lr 1.000e-03 (1.000e-03)
2026-01-14 20:02:20,845 - INFO: Epoch: [0][450/582]	Time  0.057 ( 0.037)	Loss 2.2943e-01 (2.0528e-01)	Acc pseudo  95.31 ( 92.68)	Lr 1.000e-03 (1.000e-03)
2026-01-14 20:02:25,772 - INFO: Epoch: [0][500/582]	Time  0.030 ( 0.037)	Loss 5.0756e-01 (2.0606e-01)	Acc pseudo  92.19 ( 92.65)	Lr 1.000e-03 (1.000e-03)
2026-01-14 20:02:30,422 - INFO: Epoch: [0][550/582]	Time  0.028 ( 0.037)	Loss 2.1946e-01 (2.0887e-01)	Acc pseudo  89.06 ( 92.67)	Lr 1.000e-03 (1.000e-03)
2026-01-14 20:02:33,377 - INFO: Round 4, Face Fine-tune Epoch 0: loss=0.2088, acc(pseudo)=92.62%
2026-01-14 20:03:31,295 - INFO: Round 4, Face Fine-tune Epoch 0: acc(valid_pseudo): 0.9911, acc: 0.8724
2026-01-14 20:03:32,186 - INFO: Epoch: [1][  0/582]	Time  0.532 ( 0.532)	Loss 1.9694e-01 (1.9694e-01)	Acc pseudo  92.19 ( 92.19)	Lr 1.000e-03 (1.000e-03)
2026-01-14 20:03:36,846 - INFO: Epoch: [1][ 50/582]	Time  0.029 ( 0.041)	Loss 8.9144e-02 (1.8982e-01)	Acc pseudo  96.88 ( 92.43)	Lr 1.000e-03 (1.000e-03)
2026-01-14 20:03:41,497 - INFO: Epoch: [1][100/582]	Time  0.037 ( 0.036)	Loss 3.7929e-01 (1.8625e-01)	Acc pseudo  93.75 ( 92.59)	Lr 1.000e-03 (1.000e-03)
2026-01-14 20:03:46,158 - INFO: Epoch: [1][150/582]	Time  0.037 ( 0.035)	Loss 1.7052e-01 (1.8774e-01)	Acc pseudo  92.19 ( 92.76)	Lr 1.000e-03 (1.000e-03)
2026-01-14 20:03:50,837 - INFO: Epoch: [1][200/582]	Time  0.029 ( 0.034)	Loss 1.2974e-01 (1.8401e-01)	Acc pseudo  93.75 ( 92.77)	Lr 1.000e-03 (1.000e-03)
2026-01-14 20:03:55,502 - INFO: Epoch: [1][250/582]	Time  0.028 ( 0.034)	Loss 2.0462e-01 (1.8659e-01)	Acc pseudo  90.62 ( 92.66)	Lr 1.000e-03 (1.000e-03)
2026-01-14 20:04:00,167 - INFO: Epoch: [1][300/582]	Time  0.030 ( 0.033)	Loss 1.0584e-01 (1.8394e-01)	Acc pseudo  95.31 ( 92.81)	Lr 1.000e-03 (1.000e-03)
2026-01-14 20:04:04,831 - INFO: Epoch: [1][350/582]	Time  0.030 ( 0.033)	Loss 7.9390e-02 (1.8419e-01)	Acc pseudo  96.88 ( 92.83)	Lr 1.000e-03 (1.000e-03)
2026-01-14 20:04:09,500 - INFO: Epoch: [1][400/582]	Time  0.028 ( 0.034)	Loss 1.3934e-01 (1.8575e-01)	Acc pseudo  93.75 ( 92.80)	Lr 1.000e-03 (1.000e-03)
2026-01-14 20:04:14,167 - INFO: Epoch: [1][450/582]	Time  0.027 ( 0.033)	Loss 1.7653e-01 (1.8727e-01)	Acc pseudo  90.62 ( 92.79)	Lr 1.000e-03 (1.000e-03)
2026-01-14 20:04:18,833 - INFO: Epoch: [1][500/582]	Time  0.029 ( 0.033)	Loss 5.2472e-01 (1.8588e-01)	Acc pseudo  90.62 ( 92.84)	Lr 1.000e-03 (1.000e-03)
2026-01-14 20:04:23,493 - INFO: Epoch: [1][550/582]	Time  0.028 ( 0.033)	Loss 1.9261e-01 (1.8596e-01)	Acc pseudo  90.62 ( 92.84)	Lr 1.000e-03 (1.000e-03)
2026-01-14 20:04:26,467 - INFO: Round 4, Face Fine-tune Epoch 1: loss=0.1859, acc(pseudo)=92.83%
2026-01-14 20:05:25,934 - INFO: Round 4, Face Fine-tune Epoch 1: acc(valid_pseudo): 0.9913, acc: 0.8763
2026-01-14 20:05:26,932 - INFO: Epoch: [2][  0/582]	Time  0.590 ( 0.590)	Loss 1.7817e-01 (1.7817e-01)	Acc pseudo  95.31 ( 95.31)	Lr 1.000e-03 (1.000e-03)
2026-01-14 20:05:31,870 - INFO: Epoch: [2][ 50/582]	Time  0.028 ( 0.047)	Loss 3.2306e-01 (1.7428e-01)	Acc pseudo  89.06 ( 93.01)	Lr 1.000e-03 (1.000e-03)
2026-01-14 20:05:36,530 - INFO: Epoch: [2][100/582]	Time  0.031 ( 0.039)	Loss 1.0290e-01 (1.6422e-01)	Acc pseudo  95.31 ( 93.41)	Lr 1.000e-03 (1.000e-03)
2026-01-14 20:05:41,191 - INFO: Epoch: [2][150/582]	Time  0.029 ( 0.036)	Loss 1.6251e-01 (1.6993e-01)	Acc pseudo  92.19 ( 93.45)	Lr 1.000e-03 (1.000e-03)
2026-01-14 20:05:45,857 - INFO: Epoch: [2][200/582]	Time  0.030 ( 0.035)	Loss 2.0349e-01 (1.6915e-01)	Acc pseudo  92.19 ( 93.31)	Lr 1.000e-03 (1.000e-03)
2026-01-14 20:05:50,529 - INFO: Epoch: [2][250/582]	Time  0.047 ( 0.035)	Loss 9.5060e-02 (1.6668e-01)	Acc pseudo  96.88 ( 93.31)	Lr 1.000e-03 (1.000e-03)
2026-01-14 20:05:55,199 - INFO: Epoch: [2][300/582]	Time  0.028 ( 0.035)	Loss 1.3300e-01 (1.6713e-01)	Acc pseudo  92.19 ( 93.34)	Lr 1.000e-03 (1.000e-03)
2026-01-14 20:05:59,863 - INFO: Epoch: [2][350/582]	Time  0.030 ( 0.034)	Loss 1.2093e-01 (1.6693e-01)	Acc pseudo  95.31 ( 93.51)	Lr 1.000e-03 (1.000e-03)
2026-01-14 20:06:04,524 - INFO: Epoch: [2][400/582]	Time  0.031 ( 0.033)	Loss 2.3622e-01 (1.6871e-01)	Acc pseudo  89.06 ( 93.52)	Lr 1.000e-03 (1.000e-03)
2026-01-14 20:06:09,182 - INFO: Epoch: [2][450/582]	Time  0.038 ( 0.033)	Loss 1.6732e-01 (1.7262e-01)	Acc pseudo  92.19 ( 93.41)	Lr 1.000e-03 (1.000e-03)
2026-01-14 20:06:13,852 - INFO: Epoch: [2][500/582]	Time  0.030 ( 0.033)	Loss 1.1871e-01 (1.7553e-01)	Acc pseudo  95.31 ( 93.38)	Lr 1.000e-03 (1.000e-03)
2026-01-14 20:06:18,560 - INFO: Epoch: [2][550/582]	Time  0.028 ( 0.033)	Loss 3.2635e-01 (1.7795e-01)	Acc pseudo  90.62 ( 93.28)	Lr 1.000e-03 (1.000e-03)
2026-01-14 20:06:21,540 - INFO: Round 4, Face Fine-tune Epoch 2: loss=0.1784, acc(pseudo)=93.26%
2026-01-14 20:07:19,951 - INFO: Round 4, Face Fine-tune Epoch 2: acc(valid_pseudo): 0.9907, acc: 0.8676
2026-01-14 20:07:19,951 - INFO: Round 4, Face Fine-tune Epoch 2: No improvement. Patience(epoch): 1/3
2026-01-14 20:07:20,498 - INFO: Epoch: [3][  0/582]	Time  0.528 ( 0.528)	Loss 1.2259e-01 (1.2259e-01)	Acc pseudo  95.31 ( 95.31)	Lr 1.000e-03 (1.000e-03)
2026-01-14 20:07:25,180 - INFO: Epoch: [3][ 50/582]	Time  0.029 ( 0.060)	Loss 1.0821e-01 (1.5496e-01)	Acc pseudo  92.19 ( 94.06)	Lr 1.000e-03 (1.000e-03)
2026-01-14 20:07:29,855 - INFO: Epoch: [3][100/582]	Time  0.030 ( 0.046)	Loss 1.0847e-01 (1.6903e-01)	Acc pseudo  92.19 ( 93.61)	Lr 1.000e-03 (1.000e-03)
2026-01-14 20:07:34,535 - INFO: Epoch: [3][150/582]	Time  0.030 ( 0.041)	Loss 1.1469e-01 (1.7113e-01)	Acc pseudo  92.19 ( 93.59)	Lr 1.000e-03 (1.000e-03)
2026-01-14 20:07:39,208 - INFO: Epoch: [3][200/582]	Time  0.029 ( 0.038)	Loss 3.9754e-01 (1.7413e-01)	Acc pseudo  92.19 ( 93.45)	Lr 1.000e-03 (1.000e-03)
2026-01-14 20:07:43,888 - INFO: Epoch: [3][250/582]	Time  0.028 ( 0.037)	Loss 9.9126e-02 (1.7452e-01)	Acc pseudo  98.44 ( 93.44)	Lr 1.000e-03 (1.000e-03)
2026-01-14 20:07:48,591 - INFO: Epoch: [3][300/582]	Time  0.031 ( 0.036)	Loss 1.8122e-01 (1.7543e-01)	Acc pseudo  96.88 ( 93.34)	Lr 1.000e-03 (1.000e-03)
2026-01-14 20:07:53,271 - INFO: Epoch: [3][350/582]	Time  0.033 ( 0.035)	Loss 1.1250e-01 (1.7343e-01)	Acc pseudo  95.31 ( 93.33)	Lr 1.000e-03 (1.000e-03)
2026-01-14 20:07:57,950 - INFO: Epoch: [3][400/582]	Time  0.030 ( 0.035)	Loss 2.6070e-01 (1.7435e-01)	Acc pseudo  85.94 ( 93.32)	Lr 1.000e-03 (1.000e-03)
2026-01-14 20:08:02,628 - INFO: Epoch: [3][450/582]	Time  0.029 ( 0.034)	Loss 1.6822e-01 (1.7689e-01)	Acc pseudo  92.19 ( 93.20)	Lr 1.000e-03 (1.000e-03)
2026-01-14 20:08:07,321 - INFO: Epoch: [3][500/582]	Time  0.029 ( 0.034)	Loss 7.9670e-02 (1.7812e-01)	Acc pseudo  98.44 ( 93.21)	Lr 1.000e-03 (1.000e-03)
2026-01-14 20:08:11,998 - INFO: Epoch: [3][550/582]	Time  0.029 ( 0.034)	Loss 1.1712e-01 (1.7803e-01)	Acc pseudo  93.75 ( 93.16)	Lr 1.000e-03 (1.000e-03)
2026-01-14 20:08:15,001 - INFO: Round 4, Face Fine-tune Epoch 3: loss=0.1786, acc(pseudo)=93.18%
2026-01-14 20:09:15,618 - INFO: Round 4, Face Fine-tune Epoch 3: acc(valid_pseudo): 0.9917, acc: 0.8685
2026-01-14 20:09:16,512 - INFO: Epoch: [4][  0/582]	Time  0.505 ( 0.505)	Loss 2.1599e-01 (2.1599e-01)	Acc pseudo  84.38 ( 84.38)	Lr 1.000e-03 (1.000e-03)
2026-01-14 20:09:21,191 - INFO: Epoch: [4][ 50/582]	Time  0.030 ( 0.044)	Loss 2.5668e-01 (1.6170e-01)	Acc pseudo  89.06 ( 93.26)	Lr 1.000e-03 (1.000e-03)
2026-01-14 20:09:25,863 - INFO: Epoch: [4][100/582]	Time  0.031 ( 0.038)	Loss 2.6273e-01 (1.5956e-01)	Acc pseudo  90.62 ( 93.19)	Lr 1.000e-03 (1.000e-03)
2026-01-14 20:09:30,537 - INFO: Epoch: [4][150/582]	Time  0.029 ( 0.036)	Loss 4.8682e-02 (1.6312e-01)	Acc pseudo 100.00 ( 93.18)	Lr 1.000e-03 (1.000e-03)
2026-01-14 20:09:35,214 - INFO: Epoch: [4][200/582]	Time  0.028 ( 0.034)	Loss 1.1173e-01 (1.6454e-01)	Acc pseudo  95.31 ( 93.28)	Lr 1.000e-03 (1.000e-03)
2026-01-14 20:09:39,892 - INFO: Epoch: [4][250/582]	Time  0.029 ( 0.034)	Loss 9.7742e-02 (1.6532e-01)	Acc pseudo  95.31 ( 93.36)	Lr 1.000e-03 (1.000e-03)
2026-01-14 20:09:44,569 - INFO: Epoch: [4][300/582]	Time  0.028 ( 0.033)	Loss 1.0732e-01 (1.6531e-01)	Acc pseudo  96.88 ( 93.46)	Lr 1.000e-03 (1.000e-03)
2026-01-14 20:09:49,242 - INFO: Epoch: [4][350/582]	Time  0.028 ( 0.033)	Loss 1.5047e-01 (1.6954e-01)	Acc pseudo  92.19 ( 93.33)	Lr 1.000e-03 (1.000e-03)
2026-01-14 20:09:53,914 - INFO: Epoch: [4][400/582]	Time  0.027 ( 0.032)	Loss 2.3271e-01 (1.7038e-01)	Acc pseudo  85.94 ( 93.25)	Lr 1.000e-03 (1.000e-03)
2026-01-14 20:09:58,590 - INFO: Epoch: [4][450/582]	Time  0.032 ( 0.032)	Loss 1.8315e-01 (1.7049e-01)	Acc pseudo  92.19 ( 93.26)	Lr 1.000e-03 (1.000e-03)
2026-01-14 20:10:03,271 - INFO: Epoch: [4][500/582]	Time  0.029 ( 0.032)	Loss 8.1839e-02 (1.6978e-01)	Acc pseudo  96.88 ( 93.31)	Lr 1.000e-03 (1.000e-03)
2026-01-14 20:10:07,952 - INFO: Epoch: [4][550/582]	Time  0.029 ( 0.032)	Loss 1.1022e-01 (1.6983e-01)	Acc pseudo  96.88 ( 93.34)	Lr 1.000e-03 (1.000e-03)
2026-01-14 20:10:10,941 - INFO: Round 4, Face Fine-tune Epoch 4: loss=0.1697, acc(pseudo)=93.32%
2026-01-14 20:11:09,903 - INFO: Round 4, Face Fine-tune Epoch 4: acc(valid_pseudo): 0.9927, acc: 0.8666
2026-01-14 20:11:10,783 - INFO: Epoch: [5][  0/582]	Time  0.495 ( 0.495)	Loss 2.3268e-01 (2.3268e-01)	Acc pseudo  89.06 ( 89.06)	Lr 1.000e-03 (1.000e-03)
2026-01-14 20:11:15,471 - INFO: Epoch: [5][ 50/582]	Time  0.031 ( 0.046)	Loss 4.5225e-02 (2.0585e-01)	Acc pseudo 100.00 ( 92.65)	Lr 1.000e-03 (1.000e-03)
2026-01-14 20:11:20,147 - INFO: Epoch: [5][100/582]	Time  0.029 ( 0.040)	Loss 1.5957e-01 (1.8575e-01)	Acc pseudo  92.19 ( 92.90)	Lr 1.000e-03 (1.000e-03)
2026-01-14 20:11:24,825 - INFO: Epoch: [5][150/582]	Time  0.030 ( 0.037)	Loss 1.2013e-01 (1.8248e-01)	Acc pseudo  93.75 ( 92.85)	Lr 1.000e-03 (1.000e-03)
2026-01-14 20:11:29,499 - INFO: Epoch: [5][200/582]	Time  0.029 ( 0.035)	Loss 2.2601e-01 (1.8242e-01)	Acc pseudo  90.62 ( 92.79)	Lr 1.000e-03 (1.000e-03)
2026-01-14 20:11:34,172 - INFO: Epoch: [5][250/582]	Time  0.028 ( 0.034)	Loss 2.0371e-01 (1.8455e-01)	Acc pseudo  92.19 ( 92.75)	Lr 1.000e-03 (1.000e-03)
2026-01-14 20:11:38,849 - INFO: Epoch: [5][300/582]	Time  0.030 ( 0.033)	Loss 1.6256e-01 (1.8704e-01)	Acc pseudo  92.19 ( 92.73)	Lr 1.000e-03 (1.000e-03)
2026-01-14 20:11:43,524 - INFO: Epoch: [5][350/582]	Time  0.030 ( 0.033)	Loss 7.5964e-02 (1.8522e-01)	Acc pseudo  96.88 ( 92.71)	Lr 1.000e-03 (1.000e-03)
2026-01-14 20:11:48,272 - INFO: Epoch: [5][400/582]	Time  0.052 ( 0.034)	Loss 2.3024e-01 (1.8687e-01)	Acc pseudo  87.50 ( 92.66)	Lr 1.000e-03 (1.000e-03)
2026-01-14 20:11:53,019 - INFO: Epoch: [5][450/582]	Time  0.028 ( 0.034)	Loss 3.2984e-01 (1.8832e-01)	Acc pseudo  81.25 ( 92.59)	Lr 1.000e-03 (1.000e-03)
2026-01-14 20:11:57,697 - INFO: Epoch: [5][500/582]	Time  0.068 ( 0.035)	Loss 8.7172e-02 (1.8941e-01)	Acc pseudo  95.31 ( 92.50)	Lr 1.000e-03 (1.000e-03)
2026-01-14 20:12:02,378 - INFO: Epoch: [5][550/582]	Time  0.028 ( 0.035)	Loss 2.3181e-01 (1.8903e-01)	Acc pseudo  89.06 ( 92.45)	Lr 1.000e-03 (1.000e-03)
2026-01-14 20:12:05,394 - INFO: Round 4, Face Fine-tune Epoch 5: loss=0.1886, acc(pseudo)=92.45%
2026-01-14 20:13:04,958 - INFO: Round 4, Face Fine-tune Epoch 5: acc(valid_pseudo): 0.9924, acc: 0.8754
2026-01-14 20:13:04,958 - INFO: Round 4, Face Fine-tune Epoch 5: No improvement. Patience(epoch): 1/3
2026-01-14 20:13:05,527 - INFO: Epoch: [6][  0/582]	Time  0.520 ( 0.520)	Loss 1.3872e-01 (1.3872e-01)	Acc pseudo  93.75 ( 93.75)	Lr 1.000e-03 (1.000e-03)
2026-01-14 20:13:10,194 - INFO: Epoch: [6][ 50/582]	Time  0.028 ( 0.041)	Loss 2.4198e-01 (1.6633e-01)	Acc pseudo  90.62 ( 93.57)	Lr 1.000e-03 (1.000e-03)
2026-01-14 20:13:14,864 - INFO: Epoch: [6][100/582]	Time  0.029 ( 0.037)	Loss 1.9078e-01 (1.7132e-01)	Acc pseudo  95.31 ( 93.22)	Lr 1.000e-03 (1.000e-03)
2026-01-14 20:13:19,535 - INFO: Epoch: [6][150/582]	Time  0.031 ( 0.036)	Loss 1.9484e-01 (1.7990e-01)	Acc pseudo  87.50 ( 93.00)	Lr 1.000e-03 (1.000e-03)
2026-01-14 20:13:24,211 - INFO: Epoch: [6][200/582]	Time  0.037 ( 0.036)	Loss 2.2444e-01 (1.8098e-01)	Acc pseudo  92.19 ( 92.99)	Lr 1.000e-03 (1.000e-03)
2026-01-14 20:13:28,892 - INFO: Epoch: [6][250/582]	Time  0.029 ( 0.037)	Loss 1.2686e-01 (1.8218e-01)	Acc pseudo  92.19 ( 92.96)	Lr 1.000e-03 (1.000e-03)
2026-01-14 20:13:33,574 - INFO: Epoch: [6][300/582]	Time  0.029 ( 0.036)	Loss 2.7117e-01 (1.7835e-01)	Acc pseudo  87.50 ( 93.02)	Lr 1.000e-03 (1.000e-03)
2026-01-14 20:13:38,259 - INFO: Epoch: [6][350/582]	Time  0.029 ( 0.035)	Loss 1.1195e-01 (1.7843e-01)	Acc pseudo  95.31 ( 92.98)	Lr 1.000e-03 (1.000e-03)
2026-01-14 20:13:42,938 - INFO: Epoch: [6][400/582]	Time  0.029 ( 0.035)	Loss 3.0408e-01 (1.7869e-01)	Acc pseudo  85.94 ( 92.92)	Lr 1.000e-03 (1.000e-03)
2026-01-14 20:13:47,611 - INFO: Epoch: [6][450/582]	Time  0.028 ( 0.034)	Loss 1.0504e-01 (1.8191e-01)	Acc pseudo  95.31 ( 92.83)	Lr 1.000e-03 (1.000e-03)
2026-01-14 20:13:52,281 - INFO: Epoch: [6][500/582]	Time  0.028 ( 0.034)	Loss 1.7564e-01 (1.8310e-01)	Acc pseudo  90.62 ( 92.78)	Lr 1.000e-03 (1.000e-03)
2026-01-14 20:13:56,965 - INFO: Epoch: [6][550/582]	Time  0.028 ( 0.034)	Loss 1.5650e-01 (1.8123e-01)	Acc pseudo  93.75 ( 92.79)	Lr 1.000e-03 (1.000e-03)
2026-01-14 20:13:59,982 - INFO: Round 4, Face Fine-tune Epoch 6: loss=0.1811, acc(pseudo)=92.79%
2026-01-14 20:15:00,713 - INFO: Round 4, Face Fine-tune Epoch 6: acc(valid_pseudo): 0.9926, acc: 0.8734
2026-01-14 20:15:00,714 - INFO: Round 4, Face Fine-tune Epoch 6: No improvement. Patience(epoch): 2/3
2026-01-14 20:15:01,256 - INFO: Epoch: [7][  0/582]	Time  0.497 ( 0.497)	Loss 1.3703e-01 (1.3703e-01)	Acc pseudo  95.31 ( 95.31)	Lr 1.000e-03 (1.000e-03)
2026-01-14 20:15:05,925 - INFO: Epoch: [7][ 50/582]	Time  0.027 ( 0.040)	Loss 1.4935e-01 (1.7669e-01)	Acc pseudo  93.75 ( 92.80)	Lr 1.000e-03 (1.000e-03)
2026-01-14 20:15:10,585 - INFO: Epoch: [7][100/582]	Time  0.031 ( 0.035)	Loss 1.6669e-01 (1.8403e-01)	Acc pseudo  90.62 ( 92.64)	Lr 1.000e-03 (1.000e-03)
2026-01-14 20:15:15,254 - INFO: Epoch: [7][150/582]	Time  0.027 ( 0.033)	Loss 3.4221e-01 (1.8248e-01)	Acc pseudo  93.75 ( 92.72)	Lr 1.000e-03 (1.000e-03)
2026-01-14 20:15:19,925 - INFO: Epoch: [7][200/582]	Time  0.028 ( 0.032)	Loss 1.6029e-01 (1.8189e-01)	Acc pseudo  95.31 ( 92.75)	Lr 1.000e-03 (1.000e-03)
2026-01-14 20:15:24,595 - INFO: Epoch: [7][250/582]	Time  0.028 ( 0.032)	Loss 1.2260e-01 (1.7933e-01)	Acc pseudo  95.31 ( 92.87)	Lr 1.000e-03 (1.000e-03)
2026-01-14 20:15:29,285 - INFO: Epoch: [7][300/582]	Time  0.028 ( 0.031)	Loss 2.4644e-01 (1.7683e-01)	Acc pseudo  87.50 ( 92.91)	Lr 1.000e-03 (1.000e-03)
2026-01-14 20:15:33,972 - INFO: Epoch: [7][350/582]	Time  0.029 ( 0.032)	Loss 2.6346e-01 (1.7705e-01)	Acc pseudo  87.50 ( 92.95)	Lr 1.000e-03 (1.000e-03)
2026-01-14 20:15:38,647 - INFO: Epoch: [7][400/582]	Time  0.030 ( 0.032)	Loss 1.7064e-01 (1.7815e-01)	Acc pseudo  90.62 ( 92.93)	Lr 1.000e-03 (1.000e-03)
2026-01-14 20:15:43,327 - INFO: Epoch: [7][450/582]	Time  0.029 ( 0.032)	Loss 2.1995e-01 (1.7926e-01)	Acc pseudo  87.50 ( 92.84)	Lr 1.000e-03 (1.000e-03)
2026-01-14 20:15:48,002 - INFO: Epoch: [7][500/582]	Time  0.029 ( 0.031)	Loss 1.2935e-01 (1.7961e-01)	Acc pseudo  93.75 ( 92.85)	Lr 1.000e-03 (1.000e-03)
2026-01-14 20:15:52,677 - INFO: Epoch: [7][550/582]	Time  0.028 ( 0.031)	Loss 1.0912e-01 (1.8097e-01)	Acc pseudo  95.31 ( 92.78)	Lr 1.000e-03 (1.000e-03)
2026-01-14 20:15:55,652 - INFO: Round 4, Face Fine-tune Epoch 7: loss=0.1812, acc(pseudo)=92.81%
2026-01-14 20:16:56,823 - INFO: Round 4, Face Fine-tune Epoch 7: acc(valid_pseudo): 0.9929, acc: 0.8724
2026-01-14 20:16:58,133 - INFO: Epoch: [8][  0/582]	Time  0.711 ( 0.711)	Loss 6.1989e-02 (6.1989e-02)	Acc pseudo  98.44 ( 98.44)	Lr 1.000e-03 (1.000e-03)
2026-01-14 20:17:02,995 - INFO: Epoch: [8][ 50/582]	Time  0.030 ( 0.050)	Loss 1.6912e-01 (1.6875e-01)	Acc pseudo  92.19 ( 93.05)	Lr 1.000e-03 (1.000e-03)
2026-01-14 20:17:07,663 - INFO: Epoch: [8][100/582]	Time  0.031 ( 0.041)	Loss 1.5659e-01 (1.6848e-01)	Acc pseudo  93.75 ( 93.16)	Lr 1.000e-03 (1.000e-03)
2026-01-14 20:17:12,328 - INFO: Epoch: [8][150/582]	Time  0.033 ( 0.037)	Loss 1.2673e-01 (1.7170e-01)	Acc pseudo  95.31 ( 93.03)	Lr 1.000e-03 (1.000e-03)
2026-01-14 20:17:16,992 - INFO: Epoch: [8][200/582]	Time  0.028 ( 0.035)	Loss 2.9579e-01 (1.7817e-01)	Acc pseudo  93.75 ( 92.92)	Lr 1.000e-03 (1.000e-03)
2026-01-14 20:17:21,665 - INFO: Epoch: [8][250/582]	Time  0.027 ( 0.034)	Loss 1.8149e-01 (1.7949e-01)	Acc pseudo  89.06 ( 92.74)	Lr 1.000e-03 (1.000e-03)
2026-01-14 20:17:26,338 - INFO: Epoch: [8][300/582]	Time  0.028 ( 0.033)	Loss 2.6734e-01 (1.7963e-01)	Acc pseudo  90.62 ( 92.78)	Lr 1.000e-03 (1.000e-03)
2026-01-14 20:17:31,012 - INFO: Epoch: [8][350/582]	Time  0.029 ( 0.032)	Loss 8.9489e-02 (1.7814e-01)	Acc pseudo  96.88 ( 92.90)	Lr 1.000e-03 (1.000e-03)
2026-01-14 20:17:35,686 - INFO: Epoch: [8][400/582]	Time  0.029 ( 0.032)	Loss 2.3853e-01 (1.8163e-01)	Acc pseudo  96.88 ( 92.83)	Lr 1.000e-03 (1.000e-03)
2026-01-14 20:17:40,366 - INFO: Epoch: [8][450/582]	Time  0.036 ( 0.032)	Loss 2.1950e-01 (1.8066e-01)	Acc pseudo  90.62 ( 92.85)	Lr 1.000e-03 (1.000e-03)
2026-01-14 20:17:45,062 - INFO: Epoch: [8][500/582]	Time  0.029 ( 0.032)	Loss 2.1302e-01 (1.7948e-01)	Acc pseudo  92.19 ( 92.88)	Lr 1.000e-03 (1.000e-03)
2026-01-14 20:17:49,747 - INFO: Epoch: [8][550/582]	Time  0.029 ( 0.032)	Loss 9.0332e-02 (1.8057e-01)	Acc pseudo  95.31 ( 92.82)	Lr 1.000e-03 (1.000e-03)
2026-01-14 20:17:52,725 - INFO: Round 4, Face Fine-tune Epoch 8: loss=0.1802, acc(pseudo)=92.81%
2026-01-14 20:18:52,224 - INFO: Round 4, Face Fine-tune Epoch 8: acc(valid_pseudo): 0.9923, acc: 0.8705
2026-01-14 20:18:52,225 - INFO: Round 4, Face Fine-tune Epoch 8: No improvement. Patience(epoch): 1/3
2026-01-14 20:18:52,778 - INFO: Epoch: [9][  0/582]	Time  0.518 ( 0.518)	Loss 1.2827e-01 (1.2827e-01)	Acc pseudo  95.31 ( 95.31)	Lr 1.000e-03 (1.000e-03)
2026-01-14 20:18:57,453 - INFO: Epoch: [9][ 50/582]	Time  0.029 ( 0.043)	Loss 9.4589e-02 (1.7644e-01)	Acc pseudo  98.44 ( 92.92)	Lr 1.000e-03 (1.000e-03)
2026-01-14 20:19:02,118 - INFO: Epoch: [9][100/582]	Time  0.029 ( 0.036)	Loss 3.4138e-02 (1.6947e-01)	Acc pseudo 100.00 ( 92.88)	Lr 1.000e-03 (1.000e-03)
2026-01-14 20:19:06,791 - INFO: Epoch: [9][150/582]	Time  0.029 ( 0.034)	Loss 5.3442e-01 (1.7533e-01)	Acc pseudo  81.25 ( 92.79)	Lr 1.000e-03 (1.000e-03)
2026-01-14 20:19:11,459 - INFO: Epoch: [9][200/582]	Time  0.029 ( 0.033)	Loss 1.4536e-01 (1.7709e-01)	Acc pseudo  95.31 ( 92.80)	Lr 1.000e-03 (1.000e-03)
2026-01-14 20:19:16,130 - INFO: Epoch: [9][250/582]	Time  0.035 ( 0.032)	Loss 1.8034e-01 (1.7829e-01)	Acc pseudo  93.75 ( 92.77)	Lr 1.000e-03 (1.000e-03)
2026-01-14 20:19:20,813 - INFO: Epoch: [9][300/582]	Time  0.030 ( 0.033)	Loss 1.4864e-01 (1.7850e-01)	Acc pseudo  93.75 ( 92.81)	Lr 1.000e-03 (1.000e-03)
2026-01-14 20:19:25,485 - INFO: Epoch: [9][350/582]	Time  0.027 ( 0.032)	Loss 4.6324e-01 (1.8286e-01)	Acc pseudo  89.06 ( 92.69)	Lr 1.000e-03 (1.000e-03)
2026-01-14 20:19:30,159 - INFO: Epoch: [9][400/582]	Time  0.028 ( 0.032)	Loss 2.2977e-01 (1.8738e-01)	Acc pseudo  90.62 ( 92.48)	Lr 1.000e-03 (1.000e-03)
2026-01-14 20:19:34,839 - INFO: Epoch: [9][450/582]	Time  0.029 ( 0.032)	Loss 1.7589e-01 (1.8824e-01)	Acc pseudo  92.19 ( 92.43)	Lr 1.000e-03 (1.000e-03)
2026-01-14 20:19:39,513 - INFO: Epoch: [9][500/582]	Time  0.028 ( 0.031)	Loss 2.9674e-01 (1.9205e-01)	Acc pseudo  89.06 ( 92.34)	Lr 1.000e-03 (1.000e-03)
2026-01-14 20:19:44,193 - INFO: Epoch: [9][550/582]	Time  0.027 ( 0.031)	Loss 1.6822e-01 (1.9175e-01)	Acc pseudo  93.75 ( 92.37)	Lr 1.000e-03 (1.000e-03)
2026-01-14 20:19:47,163 - INFO: Round 4, Face Fine-tune Epoch 9: loss=0.1907, acc(pseudo)=92.37%
2026-01-14 20:20:47,094 - INFO: Round 4, Face Fine-tune Epoch 9: acc(valid_pseudo): 0.9927, acc: 0.8734
2026-01-14 20:20:47,094 - INFO: Round 4, Face Fine-tune Epoch 9: No improvement. Patience(epoch): 2/3
2026-01-14 20:20:47,637 - INFO: Epoch: [10][  0/582]	Time  0.499 ( 0.499)	Loss 1.1861e-01 (1.1861e-01)	Acc pseudo  95.31 ( 95.31)	Lr 1.000e-03 (1.000e-03)
2026-01-14 20:20:52,539 - INFO: Epoch: [10][ 50/582]	Time  0.029 ( 0.044)	Loss 4.0588e-01 (1.8367e-01)	Acc pseudo  87.50 ( 92.59)	Lr 1.000e-03 (1.000e-03)
2026-01-14 20:20:57,215 - INFO: Epoch: [10][100/582]	Time  0.030 ( 0.039)	Loss 2.0373e-01 (1.7582e-01)	Acc pseudo  93.75 ( 92.82)	Lr 1.000e-03 (1.000e-03)
2026-01-14 20:21:01,891 - INFO: Epoch: [10][150/582]	Time  0.029 ( 0.037)	Loss 1.1085e-01 (1.7990e-01)	Acc pseudo  93.75 ( 92.61)	Lr 1.000e-03 (1.000e-03)
2026-01-14 20:21:06,565 - INFO: Epoch: [10][200/582]	Time  0.027 ( 0.035)	Loss 1.0174e-01 (1.8835e-01)	Acc pseudo  95.31 ( 92.39)	Lr 1.000e-03 (1.000e-03)
2026-01-14 20:21:11,236 - INFO: Epoch: [10][250/582]	Time  0.028 ( 0.034)	Loss 2.3070e-01 (1.9584e-01)	Acc pseudo  90.62 ( 92.21)	Lr 1.000e-03 (1.000e-03)
2026-01-14 20:21:15,903 - INFO: Epoch: [10][300/582]	Time  0.027 ( 0.033)	Loss 1.2494e-01 (1.9827e-01)	Acc pseudo  95.31 ( 92.14)	Lr 1.000e-03 (1.000e-03)
2026-01-14 20:21:20,586 - INFO: Epoch: [10][350/582]	Time  0.041 ( 0.033)	Loss 3.1110e-01 (1.9967e-01)	Acc pseudo  87.50 ( 92.06)	Lr 1.000e-03 (1.000e-03)
2026-01-14 20:21:25,266 - INFO: Epoch: [10][400/582]	Time  0.029 ( 0.033)	Loss 1.0292e-01 (2.0114e-01)	Acc pseudo  95.31 ( 92.03)	Lr 1.000e-03 (1.000e-03)
2026-01-14 20:21:29,945 - INFO: Epoch: [10][450/582]	Time  0.027 ( 0.033)	Loss 2.0699e-01 (2.0101e-01)	Acc pseudo  90.62 ( 92.05)	Lr 1.000e-03 (1.000e-03)
2026-01-14 20:21:34,647 - INFO: Epoch: [10][500/582]	Time  0.028 ( 0.033)	Loss 2.4195e-01 (2.0203e-01)	Acc pseudo  89.06 ( 92.03)	Lr 1.000e-03 (1.000e-03)
2026-01-14 20:21:39,323 - INFO: Epoch: [10][550/582]	Time  0.032 ( 0.033)	Loss 1.1871e-01 (2.0115e-01)	Acc pseudo  92.19 ( 92.10)	Lr 1.000e-03 (1.000e-03)
2026-01-14 20:21:42,307 - INFO: Round 4, Face Fine-tune Epoch 10: loss=0.2009, acc(pseudo)=92.07%
2026-01-14 20:22:41,223 - INFO: Round 4, Face Fine-tune Epoch 10: acc(valid_pseudo): 0.9932, acc: 0.8763
2026-01-14 20:22:42,413 - INFO: Epoch: [11][  0/582]	Time  0.530 ( 0.530)	Loss 1.7100e-01 (1.7100e-01)	Acc pseudo  92.19 ( 92.19)	Lr 1.000e-03 (1.000e-03)
2026-01-14 20:22:47,091 - INFO: Epoch: [11][ 50/582]	Time  0.030 ( 0.043)	Loss 6.1109e-01 (1.8499e-01)	Acc pseudo  84.38 ( 93.47)	Lr 1.000e-03 (1.000e-03)
2026-01-14 20:22:51,759 - INFO: Epoch: [11][100/582]	Time  0.038 ( 0.037)	Loss 7.2911e-02 (1.8290e-01)	Acc pseudo  98.44 ( 93.21)	Lr 1.000e-03 (1.000e-03)
2026-01-14 20:22:56,436 - INFO: Epoch: [11][150/582]	Time  0.028 ( 0.035)	Loss 1.3329e-01 (1.7897e-01)	Acc pseudo  93.75 ( 93.19)	Lr 1.000e-03 (1.000e-03)
2026-01-14 20:23:01,109 - INFO: Epoch: [11][200/582]	Time  0.030 ( 0.034)	Loss 2.7944e-01 (1.8481e-01)	Acc pseudo  90.62 ( 92.86)	Lr 1.000e-03 (1.000e-03)
2026-01-14 20:23:05,779 - INFO: Epoch: [11][250/582]	Time  0.030 ( 0.033)	Loss 2.0820e-01 (1.8517e-01)	Acc pseudo  92.19 ( 92.77)	Lr 1.000e-03 (1.000e-03)
2026-01-14 20:23:10,451 - INFO: Epoch: [11][300/582]	Time  0.030 ( 0.033)	Loss 1.2851e-01 (1.8400e-01)	Acc pseudo  92.19 ( 92.83)	Lr 1.000e-03 (1.000e-03)
2026-01-14 20:23:15,125 - INFO: Epoch: [11][350/582]	Time  0.035 ( 0.033)	Loss 2.0825e-01 (1.8769e-01)	Acc pseudo  89.06 ( 92.72)	Lr 1.000e-03 (1.000e-03)
2026-01-14 20:23:19,811 - INFO: Epoch: [11][400/582]	Time  0.031 ( 0.033)	Loss 1.4793e-01 (1.8752e-01)	Acc pseudo  93.75 ( 92.74)	Lr 1.000e-03 (1.000e-03)
2026-01-14 20:23:24,496 - INFO: Epoch: [11][450/582]	Time  0.029 ( 0.033)	Loss 2.0389e-01 (1.8882e-01)	Acc pseudo  93.75 ( 92.66)	Lr 1.000e-03 (1.000e-03)
2026-01-14 20:23:29,170 - INFO: Epoch: [11][500/582]	Time  0.029 ( 0.032)	Loss 1.5961e-01 (1.8979e-01)	Acc pseudo  93.75 ( 92.63)	Lr 1.000e-03 (1.000e-03)
2026-01-14 20:23:33,846 - INFO: Epoch: [11][550/582]	Time  0.035 ( 0.032)	Loss 2.5005e-01 (1.9163e-01)	Acc pseudo  92.19 ( 92.54)	Lr 1.000e-03 (1.000e-03)
2026-01-14 20:23:36,873 - INFO: Round 4, Face Fine-tune Epoch 11: loss=0.1913, acc(pseudo)=92.53%
2026-01-14 20:24:36,326 - INFO: Round 4, Face Fine-tune Epoch 11: acc(valid_pseudo): 0.9931, acc: 0.8783
2026-01-14 20:24:36,327 - INFO: Round 4, Face Fine-tune Epoch 11: No improvement. Patience(epoch): 1/3
2026-01-14 20:24:36,891 - INFO: Epoch: [12][  0/582]	Time  0.522 ( 0.522)	Loss 2.1013e-01 (2.1013e-01)	Acc pseudo  90.62 ( 90.62)	Lr 1.000e-03 (1.000e-03)
2026-01-14 20:24:41,573 - INFO: Epoch: [12][ 50/582]	Time  0.030 ( 0.045)	Loss 3.4508e-01 (1.9571e-01)	Acc pseudo  90.62 ( 92.22)	Lr 1.000e-03 (1.000e-03)
2026-01-14 20:24:46,270 - INFO: Epoch: [12][100/582]	Time  0.028 ( 0.040)	Loss 1.1627e-01 (1.9165e-01)	Acc pseudo  95.31 ( 92.61)	Lr 1.000e-03 (1.000e-03)
2026-01-14 20:24:50,932 - INFO: Epoch: [12][150/582]	Time  0.028 ( 0.037)	Loss 1.2585e-01 (1.9053e-01)	Acc pseudo  93.75 ( 92.44)	Lr 1.000e-03 (1.000e-03)
2026-01-14 20:24:55,600 - INFO: Epoch: [12][200/582]	Time  0.028 ( 0.035)	Loss 1.6423e-01 (1.8966e-01)	Acc pseudo  90.62 ( 92.60)	Lr 1.000e-03 (1.000e-03)
2026-01-14 20:25:00,272 - INFO: Epoch: [12][250/582]	Time  0.041 ( 0.034)	Loss 1.4129e-01 (1.8636e-01)	Acc pseudo  96.88 ( 92.66)	Lr 1.000e-03 (1.000e-03)
2026-01-14 20:25:04,947 - INFO: Epoch: [12][300/582]	Time  0.029 ( 0.034)	Loss 1.7020e-01 (1.8446e-01)	Acc pseudo  92.19 ( 92.69)	Lr 1.000e-03 (1.000e-03)
2026-01-14 20:25:09,624 - INFO: Epoch: [12][350/582]	Time  0.031 ( 0.033)	Loss 2.7688e-01 (1.8504e-01)	Acc pseudo  90.62 ( 92.63)	Lr 1.000e-03 (1.000e-03)
2026-01-14 20:25:14,300 - INFO: Epoch: [12][400/582]	Time  0.031 ( 0.033)	Loss 3.2254e-01 (1.8643e-01)	Acc pseudo  84.38 ( 92.68)	Lr 1.000e-03 (1.000e-03)
2026-01-14 20:25:18,978 - INFO: Epoch: [12][450/582]	Time  0.028 ( 0.033)	Loss 1.8453e-01 (1.8739e-01)	Acc pseudo  92.19 ( 92.60)	Lr 1.000e-03 (1.000e-03)
2026-01-14 20:25:23,654 - INFO: Epoch: [12][500/582]	Time  0.031 ( 0.032)	Loss 2.6550e-01 (1.8759e-01)	Acc pseudo  90.62 ( 92.58)	Lr 1.000e-03 (1.000e-03)
2026-01-14 20:25:28,328 - INFO: Epoch: [12][550/582]	Time  0.029 ( 0.032)	Loss 2.4334e-01 (1.8740e-01)	Acc pseudo  90.62 ( 92.55)	Lr 1.000e-03 (1.000e-03)
2026-01-14 20:25:31,323 - INFO: Round 4, Face Fine-tune Epoch 12: loss=0.1882, acc(pseudo)=92.52%
2026-01-14 20:26:30,721 - INFO: Round 4, Face Fine-tune Epoch 12: acc(valid_pseudo): 0.9939, acc: 0.8734
2026-01-14 20:26:31,853 - INFO: Epoch: [13][  0/582]	Time  0.496 ( 0.496)	Loss 1.3093e-01 (1.3093e-01)	Acc pseudo  93.75 ( 93.75)	Lr 1.000e-03 (1.000e-03)
2026-01-14 20:26:36,525 - INFO: Epoch: [13][ 50/582]	Time  0.034 ( 0.044)	Loss 7.3697e-02 (1.9244e-01)	Acc pseudo  96.88 ( 92.25)	Lr 1.000e-03 (1.000e-03)
2026-01-14 20:26:41,185 - INFO: Epoch: [13][100/582]	Time  0.027 ( 0.038)	Loss 1.1869e-01 (1.8893e-01)	Acc pseudo  92.19 ( 92.48)	Lr 1.000e-03 (1.000e-03)
2026-01-14 20:26:45,857 - INFO: Epoch: [13][150/582]	Time  0.028 ( 0.035)	Loss 2.6878e-01 (1.8649e-01)	Acc pseudo  92.19 ( 92.54)	Lr 1.000e-03 (1.000e-03)
2026-01-14 20:26:50,524 - INFO: Epoch: [13][200/582]	Time  0.029 ( 0.034)	Loss 1.4771e-01 (1.8664e-01)	Acc pseudo  90.62 ( 92.46)	Lr 1.000e-03 (1.000e-03)
2026-01-14 20:26:55,197 - INFO: Epoch: [13][250/582]	Time  0.030 ( 0.033)	Loss 1.5349e-01 (1.8697e-01)	Acc pseudo  95.31 ( 92.50)	Lr 1.000e-03 (1.000e-03)
2026-01-14 20:26:59,870 - INFO: Epoch: [13][300/582]	Time  0.029 ( 0.032)	Loss 1.9309e-01 (1.8496e-01)	Acc pseudo  89.06 ( 92.48)	Lr 1.000e-03 (1.000e-03)
2026-01-14 20:27:04,541 - INFO: Epoch: [13][350/582]	Time  0.029 ( 0.032)	Loss 2.2507e-01 (1.8534e-01)	Acc pseudo  93.75 ( 92.44)	Lr 1.000e-03 (1.000e-03)
2026-01-14 20:27:09,214 - INFO: Epoch: [13][400/582]	Time  0.027 ( 0.032)	Loss 1.1330e-01 (1.8491e-01)	Acc pseudo  95.31 ( 92.44)	Lr 1.000e-03 (1.000e-03)
2026-01-14 20:27:13,886 - INFO: Epoch: [13][450/582]	Time  0.028 ( 0.032)	Loss 2.4331e-01 (1.8290e-01)	Acc pseudo  90.62 ( 92.54)	Lr 1.000e-03 (1.000e-03)
2026-01-14 20:27:18,563 - INFO: Epoch: [13][500/582]	Time  0.028 ( 0.031)	Loss 2.0101e-01 (1.8208e-01)	Acc pseudo  93.75 ( 92.58)	Lr 1.000e-03 (1.000e-03)
2026-01-14 20:27:23,232 - INFO: Epoch: [13][550/582]	Time  0.029 ( 0.031)	Loss 2.4269e-01 (1.8417e-01)	Acc pseudo  89.06 ( 92.54)	Lr 1.000e-03 (1.000e-03)
2026-01-14 20:27:26,260 - INFO: Round 4, Face Fine-tune Epoch 13: loss=0.1860, acc(pseudo)=92.49%
2026-01-14 20:28:25,144 - INFO: Round 4, Face Fine-tune Epoch 13: acc(valid_pseudo): 0.9926, acc: 0.8685
2026-01-14 20:28:25,144 - INFO: Round 4, Face Fine-tune Epoch 13: No improvement. Patience(epoch): 1/3
2026-01-14 20:28:25,696 - INFO: Epoch: [14][  0/582]	Time  0.510 ( 0.510)	Loss 1.1577e-01 (1.1577e-01)	Acc pseudo  93.75 ( 93.75)	Lr 1.000e-03 (1.000e-03)
2026-01-14 20:28:30,371 - INFO: Epoch: [14][ 50/582]	Time  0.032 ( 0.044)	Loss 4.1314e-01 (2.9717e-01)	Acc pseudo  87.50 ( 90.07)	Lr 1.000e-03 (1.000e-03)
2026-01-14 20:28:35,035 - INFO: Epoch: [14][100/582]	Time  0.031 ( 0.038)	Loss 1.3524e-01 (2.7863e-01)	Acc pseudo  93.75 ( 90.38)	Lr 1.000e-03 (1.000e-03)
2026-01-14 20:28:39,694 - INFO: Epoch: [14][150/582]	Time  0.029 ( 0.036)	Loss 3.2485e-01 (2.8039e-01)	Acc pseudo  87.50 ( 90.12)	Lr 1.000e-03 (1.000e-03)
2026-01-14 20:28:44,361 - INFO: Epoch: [14][200/582]	Time  0.027 ( 0.034)	Loss 5.6618e-01 (2.8972e-01)	Acc pseudo  84.38 ( 89.94)	Lr 1.000e-03 (1.000e-03)
2026-01-14 20:28:49,030 - INFO: Epoch: [14][250/582]	Time  0.029 ( 0.033)	Loss 2.5175e-01 (2.9412e-01)	Acc pseudo  90.62 ( 89.73)	Lr 1.000e-03 (1.000e-03)
2026-01-14 20:28:53,704 - INFO: Epoch: [14][300/582]	Time  0.029 ( 0.033)	Loss 1.6353e-01 (2.9570e-01)	Acc pseudo  96.88 ( 89.65)	Lr 1.000e-03 (1.000e-03)
2026-01-14 20:28:58,375 - INFO: Epoch: [14][350/582]	Time  0.028 ( 0.032)	Loss 1.7019e-01 (2.9786e-01)	Acc pseudo  92.19 ( 89.73)	Lr 1.000e-03 (1.000e-03)
2026-01-14 20:29:03,049 - INFO: Epoch: [14][400/582]	Time  0.033 ( 0.032)	Loss 3.7958e-01 (2.9944e-01)	Acc pseudo  84.38 ( 89.63)	Lr 1.000e-03 (1.000e-03)
2026-01-14 20:29:07,729 - INFO: Epoch: [14][450/582]	Time  0.031 ( 0.032)	Loss 6.5329e-01 (3.0317e-01)	Acc pseudo  85.94 ( 89.49)	Lr 1.000e-03 (1.000e-03)
2026-01-14 20:29:12,405 - INFO: Epoch: [14][500/582]	Time  0.054 ( 0.033)	Loss 3.1121e-01 (3.0436e-01)	Acc pseudo  92.19 ( 89.42)	Lr 1.000e-03 (1.000e-03)
2026-01-14 20:29:17,083 - INFO: Epoch: [14][550/582]	Time  0.030 ( 0.033)	Loss 3.1015e-01 (3.0614e-01)	Acc pseudo  85.94 ( 89.32)	Lr 1.000e-03 (1.000e-03)
2026-01-14 20:29:20,072 - INFO: Round 4, Face Fine-tune Epoch 14: loss=0.3054, acc(pseudo)=89.27%
2026-01-14 20:30:19,552 - INFO: Round 4, Face Fine-tune Epoch 14: acc(valid_pseudo): 0.9895, acc: 0.8724
2026-01-14 20:30:19,552 - INFO: Round 4, Face Fine-tune Epoch 14: No improvement. Patience(epoch): 2/3
2026-01-14 20:30:20,091 - INFO: Epoch: [15][  0/582]	Time  0.530 ( 0.530)	Loss 2.5191e-01 (2.5191e-01)	Acc pseudo  90.62 ( 90.62)	Lr 1.000e-03 (1.000e-03)
2026-01-14 20:30:24,766 - INFO: Epoch: [15][ 50/582]	Time  0.029 ( 0.052)	Loss 1.0347e+00 (2.7482e-01)	Acc pseudo  85.94 ( 89.74)	Lr 1.000e-03 (1.000e-03)
2026-01-14 20:30:29,432 - INFO: Epoch: [15][100/582]	Time  0.032 ( 0.042)	Loss 1.7888e-01 (2.6655e-01)	Acc pseudo  92.19 ( 90.02)	Lr 1.000e-03 (1.000e-03)
2026-01-14 20:30:34,102 - INFO: Epoch: [15][150/582]	Time  0.028 ( 0.040)	Loss 3.9426e-01 (2.6236e-01)	Acc pseudo  90.62 ( 90.19)	Lr 1.000e-03 (1.000e-03)
2026-01-14 20:30:38,781 - INFO: Epoch: [15][200/582]	Time  0.034 ( 0.038)	Loss 2.3172e-01 (2.6752e-01)	Acc pseudo  93.75 ( 90.31)	Lr 1.000e-03 (1.000e-03)
2026-01-14 20:30:43,453 - INFO: Epoch: [15][250/582]	Time  0.029 ( 0.036)	Loss 3.2543e-01 (2.6708e-01)	Acc pseudo  89.06 ( 90.21)	Lr 1.000e-03 (1.000e-03)
2026-01-14 20:30:48,127 - INFO: Epoch: [15][300/582]	Time  0.030 ( 0.035)	Loss 3.2735e-01 (2.6884e-01)	Acc pseudo  92.19 ( 90.13)	Lr 1.000e-03 (1.000e-03)
2026-01-14 20:30:52,801 - INFO: Epoch: [15][350/582]	Time  0.030 ( 0.035)	Loss 2.4380e-01 (2.6868e-01)	Acc pseudo  89.06 ( 90.06)	Lr 1.000e-03 (1.000e-03)
2026-01-14 20:30:57,471 - INFO: Epoch: [15][400/582]	Time  0.030 ( 0.034)	Loss 2.6144e-01 (2.6935e-01)	Acc pseudo  90.62 ( 89.98)	Lr 1.000e-03 (1.000e-03)
2026-01-14 20:31:02,162 - INFO: Epoch: [15][450/582]	Time  0.029 ( 0.034)	Loss 3.6948e-01 (2.7146e-01)	Acc pseudo  84.38 ( 89.93)	Lr 1.000e-03 (1.000e-03)
2026-01-14 20:31:06,827 - INFO: Epoch: [15][500/582]	Time  0.027 ( 0.033)	Loss 1.6976e-01 (2.6916e-01)	Acc pseudo  92.19 ( 89.90)	Lr 1.000e-03 (1.000e-03)
2026-01-14 20:31:11,501 - INFO: Epoch: [15][550/582]	Time  0.029 ( 0.033)	Loss 3.4619e-01 (2.7034e-01)	Acc pseudo  92.19 ( 89.82)	Lr 1.000e-03 (1.000e-03)
2026-01-14 20:31:14,497 - INFO: Round 4, Face Fine-tune Epoch 15: loss=0.2697, acc(pseudo)=89.84%
2026-01-14 20:32:14,055 - INFO: Round 4, Face Fine-tune Epoch 15: acc(valid_pseudo): 0.9921, acc: 0.8734
2026-01-14 20:32:14,055 - INFO: Round 4, Face Fine-tune Epoch 15: No improvement. Patience(epoch): 3/3
2026-01-14 20:32:14,055 - INFO: Early stopping at face epoch 15
2026-01-14 20:32:14,056 - INFO: Round 4: Best face fine-tuned epoch=12, acc(valid_pseudo)=0.9939
2026-01-14 20:32:14,168 - INFO: Using HMM model from previous round: runs/I love my family/exp_video/result/self_supervised/exp3/round3/pseudo_label/hmm_params.pkl
2026-01-14 21:49:38,036 - INFO: Round 4: speaker_acc=0.8730
2026-01-14 21:49:38,047 - INFO: Round 4: face_acc=0.8705
2026-01-14 21:49:38,054 - INFO: ====================
2026-01-14 21:49:38,054 - INFO: Round 5: Fine-tuning iteration
2026-01-14 21:49:38,054 - INFO: ====================
2026-01-14 21:49:38,141 - INFO: Round 5 Part 1: Fine-tuning embedding model
2026-01-14 21:49:38,142 - INFO: Using pseudo-label file: runs/I love my family/exp_video/result/self_supervised/exp3/round4/pseudo_label/pseudo_labels_audio_nested_hmm_full(unreliable_pp=100.0).json
2026-01-14 21:49:38,256 - INFO: For training, Using face pseudo-label file: runs/I love my family/exp_video/result/self_supervised/exp3/round4/pseudo_label/pseudo_labels_faces_mid_frame_train_nested_hmm_full.json
2026-01-14 21:49:38,256 - INFO: For infering, Using face pseudo-label file: runs/I love my family/exp_video/result/self_supervised/exp3/round4/pseudo_label/pseudo_labels_faces_mid_frame_all_nested_hmm_full.json
2026-01-14 21:49:38,402 - INFO: Created face dataloader with 37219 samples
2026-01-14 21:49:38,416 - INFO: Fine-tuning speaker embedding model for 20 epochs...
2026-01-14 21:49:39,086 - INFO: Epoch: [0][  0/301]	Time  0.660 ( 0.660)	Loss 5.3889e-01 (5.3889e-01)	Acc pseudo  85.94 ( 85.94)	Lr 1.000e-03 (1.000e-03)
2026-01-14 21:49:39,295 - INFO: Epoch: [0][ 50/301]	Time  0.003 ( 0.017)	Loss 5.0477e-01 (3.9723e-01)	Acc pseudo  82.81 ( 88.11)	Lr 1.000e-03 (1.000e-03)
2026-01-14 21:49:39,461 - INFO: Epoch: [0][100/301]	Time  0.003 ( 0.010)	Loss 3.3572e-01 (3.9321e-01)	Acc pseudo  87.50 ( 88.15)	Lr 1.000e-03 (1.000e-03)
2026-01-14 21:49:39,626 - INFO: Epoch: [0][150/301]	Time  0.014 ( 0.008)	Loss 4.0341e-01 (3.9999e-01)	Acc pseudo  89.06 ( 88.03)	Lr 1.000e-03 (1.000e-03)
2026-01-14 21:49:39,860 - INFO: Epoch: [0][200/301]	Time  0.003 ( 0.007)	Loss 1.8113e-01 (4.0496e-01)	Acc pseudo  92.19 ( 87.94)	Lr 1.000e-03 (1.000e-03)
2026-01-14 21:49:40,014 - INFO: Epoch: [0][250/301]	Time  0.003 ( 0.006)	Loss 4.5627e-01 (4.0572e-01)	Acc pseudo  85.94 ( 87.64)	Lr 1.000e-03 (1.000e-03)
2026-01-14 21:49:40,157 - INFO: Epoch: [0][300/301]	Time  0.002 ( 0.006)	Loss 3.0886e-01 (4.0451e-01)	Acc pseudo  88.00 ( 87.77)	Lr 1.000e-03 (1.000e-03)
2026-01-14 21:49:40,221 - INFO: Round 5, Fine-tune Epoch 0: loss=0.4045, acc(pseudo)=87.77%
2026-01-14 21:49:48,735 - INFO: Round 5, Fine-tune Epoch 0: acc(valid_pseudo): 0.9685, acc: 0.8525
2026-01-14 21:49:49,167 - INFO: Epoch: [1][  0/301]	Time  0.244 ( 0.244)	Loss 3.2056e-01 (3.2056e-01)	Acc pseudo  85.94 ( 85.94)	Lr 1.000e-03 (1.000e-03)
2026-01-14 21:49:49,374 - INFO: Epoch: [1][ 50/301]	Time  0.003 ( 0.009)	Loss 2.9624e-01 (3.6270e-01)	Acc pseudo  90.62 ( 88.54)	Lr 1.000e-03 (1.000e-03)
2026-01-14 21:49:49,532 - INFO: Epoch: [1][100/301]	Time  0.003 ( 0.006)	Loss 3.6377e-01 (3.5410e-01)	Acc pseudo  90.62 ( 88.94)	Lr 1.000e-03 (1.000e-03)
2026-01-14 21:49:49,764 - INFO: Epoch: [1][150/301]	Time  0.003 ( 0.005)	Loss 3.7330e-01 (3.4331e-01)	Acc pseudo  89.06 ( 89.11)	Lr 1.000e-03 (1.000e-03)
2026-01-14 21:49:49,922 - INFO: Epoch: [1][200/301]	Time  0.003 ( 0.005)	Loss 3.9736e-01 (3.5788e-01)	Acc pseudo  84.38 ( 88.83)	Lr 1.000e-03 (1.000e-03)
2026-01-14 21:49:50,079 - INFO: Epoch: [1][250/301]	Time  0.003 ( 0.005)	Loss 3.1052e-01 (3.6460e-01)	Acc pseudo  84.38 ( 88.56)	Lr 1.000e-03 (1.000e-03)
2026-01-14 21:49:50,229 - INFO: Epoch: [1][300/301]	Time  0.002 ( 0.004)	Loss 1.7970e-01 (3.6569e-01)	Acc pseudo  92.00 ( 88.56)	Lr 1.000e-03 (1.000e-03)
2026-01-14 21:49:50,331 - INFO: Round 5, Fine-tune Epoch 1: loss=0.3657, acc(pseudo)=88.56%
2026-01-14 21:49:58,700 - INFO: Round 5, Fine-tune Epoch 1: acc(valid_pseudo): 0.9615, acc: 0.8555
2026-01-14 21:49:58,700 - INFO: Round 5, Speaker Fine-tune Epoch 1: No improvement in validation accuracy. Patience(epoch): 1/3
2026-01-14 21:49:58,957 - INFO: Epoch: [2][  0/301]	Time  0.252 ( 0.252)	Loss 4.6390e-01 (4.6390e-01)	Acc pseudo  87.50 ( 87.50)	Lr 1.000e-03 (1.000e-03)
2026-01-14 21:49:59,193 - INFO: Epoch: [2][ 50/301]	Time  0.003 ( 0.009)	Loss 1.8956e-01 (3.5201e-01)	Acc pseudo  92.19 ( 87.93)	Lr 1.000e-03 (1.000e-03)
2026-01-14 21:49:59,356 - INFO: Epoch: [2][100/301]	Time  0.003 ( 0.006)	Loss 6.3082e-01 (3.4644e-01)	Acc pseudo  82.81 ( 88.68)	Lr 1.000e-03 (1.000e-03)
2026-01-14 21:49:59,535 - INFO: Epoch: [2][150/301]	Time  0.003 ( 0.005)	Loss 2.3766e-01 (3.4314e-01)	Acc pseudo  92.19 ( 88.90)	Lr 1.000e-03 (1.000e-03)
2026-01-14 21:49:59,706 - INFO: Epoch: [2][200/301]	Time  0.004 ( 0.005)	Loss 2.9408e-01 (3.3893e-01)	Acc pseudo  90.62 ( 88.96)	Lr 1.000e-03 (1.000e-03)
2026-01-14 21:49:59,876 - INFO: Epoch: [2][250/301]	Time  0.003 ( 0.005)	Loss 2.5880e-01 (3.4527e-01)	Acc pseudo  89.06 ( 88.66)	Lr 1.000e-03 (1.000e-03)
2026-01-14 21:50:00,036 - INFO: Epoch: [2][300/301]	Time  0.002 ( 0.004)	Loss 2.9943e-01 (3.4496e-01)	Acc pseudo  88.00 ( 88.77)	Lr 1.000e-03 (1.000e-03)
2026-01-14 21:50:00,102 - INFO: Round 5, Fine-tune Epoch 2: loss=0.3450, acc(pseudo)=88.77%
2026-01-14 21:50:08,097 - INFO: Round 5, Fine-tune Epoch 2: acc(valid_pseudo): 0.9592, acc: 0.8495
2026-01-14 21:50:08,097 - INFO: Round 5, Speaker Fine-tune Epoch 2: No improvement in validation accuracy. Patience(epoch): 2/3
2026-01-14 21:50:08,348 - INFO: Epoch: [3][  0/301]	Time  0.246 ( 0.246)	Loss 4.6454e-01 (4.6454e-01)	Acc pseudo  84.38 ( 84.38)	Lr 1.000e-03 (1.000e-03)
2026-01-14 21:50:08,554 - INFO: Epoch: [3][ 50/301]	Time  0.003 ( 0.009)	Loss 2.9903e-01 (3.2720e-01)	Acc pseudo  85.94 ( 88.94)	Lr 1.000e-03 (1.000e-03)
2026-01-14 21:50:08,725 - INFO: Epoch: [3][100/301]	Time  0.003 ( 0.006)	Loss 2.3691e-01 (3.4344e-01)	Acc pseudo  93.75 ( 88.61)	Lr 1.000e-03 (1.000e-03)
2026-01-14 21:50:08,939 - INFO: Epoch: [3][150/301]	Time  0.003 ( 0.005)	Loss 2.0408e-01 (3.4580e-01)	Acc pseudo  93.75 ( 88.66)	Lr 1.000e-03 (1.000e-03)
2026-01-14 21:50:09,095 - INFO: Epoch: [3][200/301]	Time  0.003 ( 0.005)	Loss 3.8586e-01 (3.4137e-01)	Acc pseudo  84.38 ( 88.81)	Lr 1.000e-03 (1.000e-03)
2026-01-14 21:50:09,253 - INFO: Epoch: [3][250/301]	Time  0.003 ( 0.004)	Loss 2.8118e-01 (3.3526e-01)	Acc pseudo  90.62 ( 88.94)	Lr 1.000e-03 (1.000e-03)
2026-01-14 21:50:09,401 - INFO: Epoch: [3][300/301]	Time  0.002 ( 0.004)	Loss 2.7578e-01 (3.3827e-01)	Acc pseudo  88.00 ( 88.79)	Lr 1.000e-03 (1.000e-03)
2026-01-14 21:50:09,465 - INFO: Round 5, Fine-tune Epoch 3: loss=0.3383, acc(pseudo)=88.79%
2026-01-14 21:50:17,124 - INFO: Round 5, Fine-tune Epoch 3: acc(valid_pseudo): 0.9638, acc: 0.8630
2026-01-14 21:50:17,124 - INFO: Round 5, Speaker Fine-tune Epoch 3: No improvement in validation accuracy. Patience(epoch): 3/3
2026-01-14 21:50:17,124 - INFO: Early stopping at epoch 3 due to no improvement in validation accuracy for 3 epochs.
2026-01-14 21:50:17,125 - INFO: Round 5: Best speaker fine-tuned epoch=0, acc(valid_pseudo)=0.9685
2026-01-14 21:50:17,130 - INFO: Fine-tuning face embedding model for 20 epochs...
2026-01-14 21:50:18,217 - INFO: Epoch: [0][  0/582]	Time  1.046 ( 1.046)	Loss 1.8266e-01 (1.8266e-01)	Acc pseudo  96.88 ( 96.88)	Lr 1.000e-03 (1.000e-03)
2026-01-14 21:50:22,857 - INFO: Epoch: [0][ 50/582]	Time  0.033 ( 0.055)	Loss 6.3238e-02 (1.5903e-01)	Acc pseudo  98.44 ( 94.73)	Lr 1.000e-03 (1.000e-03)
2026-01-14 21:50:27,494 - INFO: Epoch: [0][100/582]	Time  0.030 ( 0.044)	Loss 2.7983e-01 (1.8502e-01)	Acc pseudo  85.94 ( 94.01)	Lr 1.000e-03 (1.000e-03)
2026-01-14 21:50:32,135 - INFO: Epoch: [0][150/582]	Time  0.066 ( 0.042)	Loss 7.0704e-02 (1.9455e-01)	Acc pseudo  95.31 ( 93.47)	Lr 1.000e-03 (1.000e-03)
2026-01-14 21:50:36,782 - INFO: Epoch: [0][200/582]	Time  0.029 ( 0.042)	Loss 6.4246e-02 (1.9943e-01)	Acc pseudo  98.44 ( 93.32)	Lr 1.000e-03 (1.000e-03)
2026-01-14 21:50:41,422 - INFO: Epoch: [0][250/582]	Time  0.030 ( 0.039)	Loss 3.5093e-01 (1.9980e-01)	Acc pseudo  87.50 ( 93.14)	Lr 1.000e-03 (1.000e-03)
2026-01-14 21:50:46,066 - INFO: Epoch: [0][300/582]	Time  0.047 ( 0.038)	Loss 6.3246e-02 (1.9268e-01)	Acc pseudo  96.88 ( 93.22)	Lr 1.000e-03 (1.000e-03)
2026-01-14 21:50:50,719 - INFO: Epoch: [0][350/582]	Time  0.029 ( 0.037)	Loss 5.7563e-02 (1.9178e-01)	Acc pseudo  96.88 ( 93.27)	Lr 1.000e-03 (1.000e-03)
2026-01-14 21:50:55,373 - INFO: Epoch: [0][400/582]	Time  0.067 ( 0.038)	Loss 6.8894e-02 (1.8887e-01)	Acc pseudo  98.44 ( 93.31)	Lr 1.000e-03 (1.000e-03)
2026-01-14 21:51:00,140 - INFO: Epoch: [0][450/582]	Time  0.029 ( 0.038)	Loss 4.8355e-02 (1.8507e-01)	Acc pseudo 100.00 ( 93.37)	Lr 1.000e-03 (1.000e-03)
2026-01-14 21:51:05,693 - INFO: Epoch: [0][500/582]	Time  0.288 ( 0.039)	Loss 2.5281e-01 (1.8694e-01)	Acc pseudo  89.06 ( 93.33)	Lr 1.000e-03 (1.000e-03)
2026-01-14 21:51:10,418 - INFO: Epoch: [0][550/582]	Time  0.030 ( 0.039)	Loss 1.6649e-01 (1.8759e-01)	Acc pseudo  90.62 ( 93.28)	Lr 1.000e-03 (1.000e-03)
2026-01-14 21:51:13,398 - INFO: Round 5, Face Fine-tune Epoch 0: loss=0.1874, acc(pseudo)=93.26%
2026-01-14 21:52:11,865 - INFO: Round 5, Face Fine-tune Epoch 0: acc(valid_pseudo): 0.9930, acc: 0.8705
2026-01-14 21:52:12,785 - INFO: Epoch: [1][  0/582]	Time  0.514 ( 0.514)	Loss 1.6749e-01 (1.6749e-01)	Acc pseudo  93.75 ( 93.75)	Lr 1.000e-03 (1.000e-03)
2026-01-14 21:52:17,450 - INFO: Epoch: [1][ 50/582]	Time  0.033 ( 0.044)	Loss 8.6778e-02 (1.5467e-01)	Acc pseudo  96.88 ( 93.96)	Lr 1.000e-03 (1.000e-03)
2026-01-14 21:52:22,104 - INFO: Epoch: [1][100/582]	Time  0.027 ( 0.037)	Loss 1.3303e-01 (1.6377e-01)	Acc pseudo  92.19 ( 93.58)	Lr 1.000e-03 (1.000e-03)
2026-01-14 21:52:26,757 - INFO: Epoch: [1][150/582]	Time  0.027 ( 0.034)	Loss 1.8476e-01 (1.6813e-01)	Acc pseudo  92.19 ( 93.53)	Lr 1.000e-03 (1.000e-03)
2026-01-14 21:52:31,412 - INFO: Epoch: [1][200/582]	Time  0.026 ( 0.032)	Loss 1.3424e-01 (1.6188e-01)	Acc pseudo  93.75 ( 93.68)	Lr 1.000e-03 (1.000e-03)
2026-01-14 21:52:36,067 - INFO: Epoch: [1][250/582]	Time  0.028 ( 0.032)	Loss 1.1533e-01 (1.6307e-01)	Acc pseudo  92.19 ( 93.64)	Lr 1.000e-03 (1.000e-03)
2026-01-14 21:52:40,730 - INFO: Epoch: [1][300/582]	Time  0.028 ( 0.031)	Loss 2.4948e-01 (1.5865e-01)	Acc pseudo  92.19 ( 93.82)	Lr 1.000e-03 (1.000e-03)
2026-01-14 21:52:45,402 - INFO: Epoch: [1][350/582]	Time  0.029 ( 0.031)	Loss 1.2111e-01 (1.6138e-01)	Acc pseudo  92.19 ( 93.75)	Lr 1.000e-03 (1.000e-03)
2026-01-14 21:52:50,072 - INFO: Epoch: [1][400/582]	Time  0.029 ( 0.031)	Loss 1.1386e-01 (1.6263e-01)	Acc pseudo  93.75 ( 93.66)	Lr 1.000e-03 (1.000e-03)
2026-01-14 21:52:54,734 - INFO: Epoch: [1][450/582]	Time  0.029 ( 0.031)	Loss 2.0903e-01 (1.6505e-01)	Acc pseudo  90.62 ( 93.54)	Lr 1.000e-03 (1.000e-03)
2026-01-14 21:52:59,398 - INFO: Epoch: [1][500/582]	Time  0.029 ( 0.031)	Loss 1.6554e-01 (1.6466e-01)	Acc pseudo  92.19 ( 93.59)	Lr 1.000e-03 (1.000e-03)
2026-01-14 21:53:04,072 - INFO: Epoch: [1][550/582]	Time  0.029 ( 0.031)	Loss 1.4309e-01 (1.6628e-01)	Acc pseudo  93.75 ( 93.53)	Lr 1.000e-03 (1.000e-03)
2026-01-14 21:53:07,044 - INFO: Round 5, Face Fine-tune Epoch 1: loss=0.1664, acc(pseudo)=93.52%
2026-01-14 21:54:06,669 - INFO: Round 5, Face Fine-tune Epoch 1: acc(valid_pseudo): 0.9938, acc: 0.8744
2026-01-14 21:54:08,131 - INFO: Epoch: [2][  0/582]	Time  0.710 ( 0.710)	Loss 1.4560e-01 (1.4560e-01)	Acc pseudo  89.06 ( 89.06)	Lr 1.000e-03 (1.000e-03)
2026-01-14 21:54:12,795 - INFO: Epoch: [2][ 50/582]	Time  0.028 ( 0.045)	Loss 1.4466e-01 (1.6312e-01)	Acc pseudo  90.62 ( 94.00)	Lr 1.000e-03 (1.000e-03)
2026-01-14 21:54:17,457 - INFO: Epoch: [2][100/582]	Time  0.030 ( 0.037)	Loss 2.9176e-01 (1.5987e-01)	Acc pseudo  92.19 ( 93.95)	Lr 1.000e-03 (1.000e-03)
2026-01-14 21:54:22,131 - INFO: Epoch: [2][150/582]	Time  0.034 ( 0.035)	Loss 6.9108e-02 (1.6070e-01)	Acc pseudo  95.31 ( 93.91)	Lr 1.000e-03 (1.000e-03)
2026-01-14 21:54:26,802 - INFO: Epoch: [2][200/582]	Time  0.030 ( 0.034)	Loss 1.0874e-01 (1.5991e-01)	Acc pseudo  96.88 ( 93.76)	Lr 1.000e-03 (1.000e-03)
2026-01-14 21:54:31,471 - INFO: Epoch: [2][250/582]	Time  0.039 ( 0.034)	Loss 1.1047e-01 (1.5538e-01)	Acc pseudo  92.19 ( 93.94)	Lr 1.000e-03 (1.000e-03)
2026-01-14 21:54:36,146 - INFO: Epoch: [2][300/582]	Time  0.028 ( 0.034)	Loss 2.0176e-01 (1.6195e-01)	Acc pseudo  95.31 ( 93.92)	Lr 1.000e-03 (1.000e-03)
2026-01-14 21:54:40,812 - INFO: Epoch: [2][350/582]	Time  0.027 ( 0.033)	Loss 1.8214e-01 (1.6262e-01)	Acc pseudo  92.19 ( 93.91)	Lr 1.000e-03 (1.000e-03)
2026-01-14 21:54:45,477 - INFO: Epoch: [2][400/582]	Time  0.029 ( 0.033)	Loss 3.1765e-01 (1.6153e-01)	Acc pseudo  87.50 ( 93.96)	Lr 1.000e-03 (1.000e-03)
2026-01-14 21:54:50,141 - INFO: Epoch: [2][450/582]	Time  0.030 ( 0.032)	Loss 1.1446e-01 (1.6134e-01)	Acc pseudo  93.75 ( 94.00)	Lr 1.000e-03 (1.000e-03)
2026-01-14 21:54:54,807 - INFO: Epoch: [2][500/582]	Time  0.027 ( 0.032)	Loss 1.7622e-01 (1.6174e-01)	Acc pseudo  92.19 ( 93.92)	Lr 1.000e-03 (1.000e-03)
2026-01-14 21:54:59,484 - INFO: Epoch: [2][550/582]	Time  0.043 ( 0.032)	Loss 1.5171e-01 (1.6168e-01)	Acc pseudo  95.31 ( 93.87)	Lr 1.000e-03 (1.000e-03)
2026-01-14 21:55:02,579 - INFO: Round 5, Face Fine-tune Epoch 2: loss=0.1628, acc(pseudo)=93.85%
2026-01-14 21:56:01,345 - INFO: Round 5, Face Fine-tune Epoch 2: acc(valid_pseudo): 0.9934, acc: 0.8715
2026-01-14 21:56:01,346 - INFO: Round 5, Face Fine-tune Epoch 2: No improvement. Patience(epoch): 1/3
2026-01-14 21:56:01,956 - INFO: Epoch: [3][  0/582]	Time  0.571 ( 0.571)	Loss 1.7937e-01 (1.7937e-01)	Acc pseudo  95.31 ( 95.31)	Lr 1.000e-03 (1.000e-03)
2026-01-14 21:56:06,618 - INFO: Epoch: [3][ 50/582]	Time  0.029 ( 0.042)	Loss 9.7101e-02 (1.6130e-01)	Acc pseudo  95.31 ( 93.44)	Lr 1.000e-03 (1.000e-03)
2026-01-14 21:56:11,276 - INFO: Epoch: [3][100/582]	Time  0.028 ( 0.035)	Loss 4.0581e-02 (1.5412e-01)	Acc pseudo 100.00 ( 94.00)	Lr 1.000e-03 (1.000e-03)
2026-01-14 21:56:15,937 - INFO: Epoch: [3][150/582]	Time  0.028 ( 0.033)	Loss 6.9658e-02 (1.5819e-01)	Acc pseudo  96.88 ( 94.07)	Lr 1.000e-03 (1.000e-03)
2026-01-14 21:56:20,605 - INFO: Epoch: [3][200/582]	Time  0.029 ( 0.032)	Loss 3.7740e-01 (1.5489e-01)	Acc pseudo  87.50 ( 94.13)	Lr 1.000e-03 (1.000e-03)
2026-01-14 21:56:25,305 - INFO: Epoch: [3][250/582]	Time  0.065 ( 0.032)	Loss 6.3570e-02 (1.5103e-01)	Acc pseudo  98.44 ( 94.13)	Lr 1.000e-03 (1.000e-03)
2026-01-14 21:56:29,988 - INFO: Epoch: [3][300/582]	Time  0.029 ( 0.034)	Loss 1.8568e-01 (1.4860e-01)	Acc pseudo  93.75 ( 94.24)	Lr 1.000e-03 (1.000e-03)
2026-01-14 21:56:34,666 - INFO: Epoch: [3][350/582]	Time  0.029 ( 0.034)	Loss 1.0916e-01 (1.4490e-01)	Acc pseudo  95.31 ( 94.32)	Lr 1.000e-03 (1.000e-03)
2026-01-14 21:56:39,339 - INFO: Epoch: [3][400/582]	Time  0.031 ( 0.033)	Loss 1.8667e-01 (1.4473e-01)	Acc pseudo  90.62 ( 94.33)	Lr 1.000e-03 (1.000e-03)
2026-01-14 21:56:44,014 - INFO: Epoch: [3][450/582]	Time  0.029 ( 0.033)	Loss 2.0133e-01 (1.4606e-01)	Acc pseudo  92.19 ( 94.25)	Lr 1.000e-03 (1.000e-03)
2026-01-14 21:56:48,686 - INFO: Epoch: [3][500/582]	Time  0.029 ( 0.033)	Loss 7.5447e-02 (1.4666e-01)	Acc pseudo  98.44 ( 94.25)	Lr 1.000e-03 (1.000e-03)
2026-01-14 21:56:53,360 - INFO: Epoch: [3][550/582]	Time  0.030 ( 0.032)	Loss 8.3654e-02 (1.4532e-01)	Acc pseudo  96.88 ( 94.26)	Lr 1.000e-03 (1.000e-03)
2026-01-14 21:56:56,340 - INFO: Round 5, Face Fine-tune Epoch 3: loss=0.1450, acc(pseudo)=94.29%
2026-01-14 21:57:57,372 - INFO: Round 5, Face Fine-tune Epoch 3: acc(valid_pseudo): 0.9942, acc: 0.8705
2026-01-14 21:57:58,766 - INFO: Epoch: [4][  0/582]	Time  0.995 ( 0.995)	Loss 1.4705e-01 (1.4705e-01)	Acc pseudo  93.75 ( 93.75)	Lr 1.000e-03 (1.000e-03)
2026-01-14 21:58:03,445 - INFO: Epoch: [4][ 50/582]	Time  0.038 ( 0.056)	Loss 9.6263e-02 (1.4055e-01)	Acc pseudo  95.31 ( 94.52)	Lr 1.000e-03 (1.000e-03)
2026-01-14 21:58:08,109 - INFO: Epoch: [4][100/582]	Time  0.028 ( 0.043)	Loss 1.7558e-01 (1.3960e-01)	Acc pseudo  92.19 ( 94.59)	Lr 1.000e-03 (1.000e-03)
2026-01-14 21:58:12,777 - INFO: Epoch: [4][150/582]	Time  0.029 ( 0.039)	Loss 4.1471e-02 (1.4425e-01)	Acc pseudo 100.00 ( 94.57)	Lr 1.000e-03 (1.000e-03)
2026-01-14 21:58:17,459 - INFO: Epoch: [4][200/582]	Time  0.030 ( 0.038)	Loss 2.0091e-01 (1.4616e-01)	Acc pseudo  90.62 ( 94.35)	Lr 1.000e-03 (1.000e-03)
2026-01-14 21:58:22,142 - INFO: Epoch: [4][250/582]	Time  0.032 ( 0.037)	Loss 1.2343e-01 (1.4342e-01)	Acc pseudo  93.75 ( 94.42)	Lr 1.000e-03 (1.000e-03)
2026-01-14 21:58:26,815 - INFO: Epoch: [4][300/582]	Time  0.029 ( 0.036)	Loss 1.6527e-01 (1.4357e-01)	Acc pseudo  96.88 ( 94.36)	Lr 1.000e-03 (1.000e-03)
2026-01-14 21:58:31,495 - INFO: Epoch: [4][350/582]	Time  0.029 ( 0.036)	Loss 1.3065e-01 (1.4372e-01)	Acc pseudo  93.75 ( 94.32)	Lr 1.000e-03 (1.000e-03)
2026-01-14 21:58:36,173 - INFO: Epoch: [4][400/582]	Time  0.042 ( 0.035)	Loss 1.1256e-01 (1.4554e-01)	Acc pseudo  93.75 ( 94.30)	Lr 1.000e-03 (1.000e-03)
2026-01-14 21:58:40,853 - INFO: Epoch: [4][450/582]	Time  0.031 ( 0.035)	Loss 6.4425e-02 (1.4608e-01)	Acc pseudo  98.44 ( 94.28)	Lr 1.000e-03 (1.000e-03)
2026-01-14 21:58:45,566 - INFO: Epoch: [4][500/582]	Time  0.031 ( 0.035)	Loss 1.7596e-01 (1.4470e-01)	Acc pseudo  92.19 ( 94.30)	Lr 1.000e-03 (1.000e-03)
2026-01-14 21:58:50,246 - INFO: Epoch: [4][550/582]	Time  0.030 ( 0.034)	Loss 3.8954e-02 (1.4415e-01)	Acc pseudo 100.00 ( 94.26)	Lr 1.000e-03 (1.000e-03)
2026-01-14 21:58:53,251 - INFO: Round 5, Face Fine-tune Epoch 4: loss=0.1440, acc(pseudo)=94.28%
2026-01-14 21:59:51,864 - INFO: Round 5, Face Fine-tune Epoch 4: acc(valid_pseudo): 0.9942, acc: 0.8705
2026-01-14 21:59:52,726 - INFO: Epoch: [5][  0/582]	Time  0.494 ( 0.494)	Loss 1.2575e-01 (1.2575e-01)	Acc pseudo  93.75 ( 93.75)	Lr 1.000e-03 (1.000e-03)
2026-01-14 21:59:57,394 - INFO: Epoch: [5][ 50/582]	Time  0.042 ( 0.042)	Loss 5.6733e-02 (1.4871e-01)	Acc pseudo  98.44 ( 94.36)	Lr 1.000e-03 (1.000e-03)
2026-01-14 22:00:02,065 - INFO: Epoch: [5][100/582]	Time  0.033 ( 0.037)	Loss 1.3040e-01 (1.4678e-01)	Acc pseudo  93.75 ( 94.46)	Lr 1.000e-03 (1.000e-03)
2026-01-14 22:00:06,931 - INFO: Epoch: [5][150/582]	Time  0.180 ( 0.036)	Loss 1.4547e-01 (1.4621e-01)	Acc pseudo  92.19 ( 94.48)	Lr 1.000e-03 (1.000e-03)
2026-01-14 22:00:11,757 - INFO: Epoch: [5][200/582]	Time  0.030 ( 0.036)	Loss 1.7311e-01 (1.4849e-01)	Acc pseudo  92.19 ( 94.32)	Lr 1.000e-03 (1.000e-03)
2026-01-14 22:00:16,454 - INFO: Epoch: [5][250/582]	Time  0.030 ( 0.035)	Loss 1.0572e-01 (1.4952e-01)	Acc pseudo  95.31 ( 94.29)	Lr 1.000e-03 (1.000e-03)
2026-01-14 22:00:21,127 - INFO: Epoch: [5][300/582]	Time  0.041 ( 0.034)	Loss 1.6137e-01 (1.5605e-01)	Acc pseudo  92.19 ( 94.10)	Lr 1.000e-03 (1.000e-03)
2026-01-14 22:00:25,804 - INFO: Epoch: [5][350/582]	Time  0.029 ( 0.033)	Loss 1.5608e-01 (1.5765e-01)	Acc pseudo  96.88 ( 94.07)	Lr 1.000e-03 (1.000e-03)
2026-01-14 22:00:30,477 - INFO: Epoch: [5][400/582]	Time  0.048 ( 0.033)	Loss 1.8723e-01 (1.5902e-01)	Acc pseudo  92.19 ( 93.94)	Lr 1.000e-03 (1.000e-03)
2026-01-14 22:00:35,151 - INFO: Epoch: [5][450/582]	Time  0.034 ( 0.033)	Loss 1.7320e-01 (1.6001e-01)	Acc pseudo  90.62 ( 93.86)	Lr 1.000e-03 (1.000e-03)
2026-01-14 22:00:39,819 - INFO: Epoch: [5][500/582]	Time  0.028 ( 0.032)	Loss 1.8960e-01 (1.6035e-01)	Acc pseudo  95.31 ( 93.82)	Lr 1.000e-03 (1.000e-03)
2026-01-14 22:00:44,491 - INFO: Epoch: [5][550/582]	Time  0.027 ( 0.032)	Loss 1.0725e-01 (1.5951e-01)	Acc pseudo  95.31 ( 93.81)	Lr 1.000e-03 (1.000e-03)
2026-01-14 22:00:47,483 - INFO: Round 5, Face Fine-tune Epoch 5: loss=0.1604, acc(pseudo)=93.83%
2026-01-14 22:01:46,192 - INFO: Round 5, Face Fine-tune Epoch 5: acc(valid_pseudo): 0.9940, acc: 0.8695
2026-01-14 22:01:46,192 - INFO: Round 5, Face Fine-tune Epoch 5: No improvement. Patience(epoch): 1/3
2026-01-14 22:01:46,777 - INFO: Epoch: [6][  0/582]	Time  0.544 ( 0.544)	Loss 7.1548e-02 (7.1548e-02)	Acc pseudo  96.88 ( 96.88)	Lr 1.000e-03 (1.000e-03)
2026-01-14 22:01:51,452 - INFO: Epoch: [6][ 50/582]	Time  0.027 ( 0.043)	Loss 8.0634e-02 (1.3953e-01)	Acc pseudo  93.75 ( 94.45)	Lr 1.000e-03 (1.000e-03)
2026-01-14 22:01:56,119 - INFO: Epoch: [6][100/582]	Time  0.029 ( 0.036)	Loss 1.7243e-01 (1.3822e-01)	Acc pseudo  89.06 ( 94.29)	Lr 1.000e-03 (1.000e-03)
2026-01-14 22:02:00,792 - INFO: Epoch: [6][150/582]	Time  0.029 ( 0.034)	Loss 1.4170e-01 (1.4365e-01)	Acc pseudo  92.19 ( 94.08)	Lr 1.000e-03 (1.000e-03)
2026-01-14 22:02:05,467 - INFO: Epoch: [6][200/582]	Time  0.040 ( 0.033)	Loss 3.2635e-01 (1.4673e-01)	Acc pseudo  89.06 ( 94.01)	Lr 1.000e-03 (1.000e-03)
2026-01-14 22:02:10,152 - INFO: Epoch: [6][250/582]	Time  0.027 ( 0.034)	Loss 1.5844e-01 (1.5040e-01)	Acc pseudo  92.19 ( 93.91)	Lr 1.000e-03 (1.000e-03)
2026-01-14 22:02:14,821 - INFO: Epoch: [6][300/582]	Time  0.034 ( 0.033)	Loss 3.1022e-01 (1.4947e-01)	Acc pseudo  85.94 ( 93.97)	Lr 1.000e-03 (1.000e-03)
2026-01-14 22:02:19,495 - INFO: Epoch: [6][350/582]	Time  0.028 ( 0.033)	Loss 1.0706e-01 (1.5234e-01)	Acc pseudo  93.75 ( 93.97)	Lr 1.000e-03 (1.000e-03)
2026-01-14 22:02:24,166 - INFO: Epoch: [6][400/582]	Time  0.028 ( 0.032)	Loss 3.4234e-01 (1.5210e-01)	Acc pseudo  90.62 ( 94.03)	Lr 1.000e-03 (1.000e-03)
2026-01-14 22:02:28,872 - INFO: Epoch: [6][450/582]	Time  0.030 ( 0.033)	Loss 1.5094e-01 (1.5467e-01)	Acc pseudo  95.31 ( 93.95)	Lr 1.000e-03 (1.000e-03)
2026-01-14 22:02:33,549 - INFO: Epoch: [6][500/582]	Time  0.028 ( 0.032)	Loss 1.1899e-01 (1.5567e-01)	Acc pseudo  95.31 ( 93.88)	Lr 1.000e-03 (1.000e-03)
2026-01-14 22:02:38,220 - INFO: Epoch: [6][550/582]	Time  0.029 ( 0.032)	Loss 3.1073e-01 (1.5605e-01)	Acc pseudo  85.94 ( 93.84)	Lr 1.000e-03 (1.000e-03)
2026-01-14 22:02:41,237 - INFO: Round 5, Face Fine-tune Epoch 6: loss=0.1568, acc(pseudo)=93.83%
2026-01-14 22:03:40,110 - INFO: Round 5, Face Fine-tune Epoch 6: acc(valid_pseudo): 0.9933, acc: 0.8705
2026-01-14 22:03:40,111 - INFO: Round 5, Face Fine-tune Epoch 6: No improvement. Patience(epoch): 2/3
2026-01-14 22:03:40,644 - INFO: Epoch: [7][  0/582]	Time  0.508 ( 0.508)	Loss 2.0334e-01 (2.0334e-01)	Acc pseudo  89.06 ( 89.06)	Lr 1.000e-03 (1.000e-03)
2026-01-14 22:03:45,311 - INFO: Epoch: [7][ 50/582]	Time  0.030 ( 0.041)	Loss 8.6026e-02 (1.4878e-01)	Acc pseudo  98.44 ( 93.38)	Lr 1.000e-03 (1.000e-03)
2026-01-14 22:03:49,975 - INFO: Epoch: [7][100/582]	Time  0.027 ( 0.035)	Loss 1.1136e-01 (1.4996e-01)	Acc pseudo  93.75 ( 93.56)	Lr 1.000e-03 (1.000e-03)
2026-01-14 22:03:54,638 - INFO: Epoch: [7][150/582]	Time  0.029 ( 0.034)	Loss 9.3496e-02 (1.5114e-01)	Acc pseudo  96.88 ( 93.51)	Lr 1.000e-03 (1.000e-03)
2026-01-14 22:03:59,437 - INFO: Epoch: [7][200/582]	Time  0.032 ( 0.033)	Loss 1.7353e-01 (1.5128e-01)	Acc pseudo  92.19 ( 93.68)	Lr 1.000e-03 (1.000e-03)
2026-01-14 22:04:04,151 - INFO: Epoch: [7][250/582]	Time  0.028 ( 0.033)	Loss 1.1593e-01 (1.5176e-01)	Acc pseudo  95.31 ( 93.76)	Lr 1.000e-03 (1.000e-03)
2026-01-14 22:04:08,827 - INFO: Epoch: [7][300/582]	Time  0.028 ( 0.033)	Loss 1.3755e-01 (1.5006e-01)	Acc pseudo  89.06 ( 93.83)	Lr 1.000e-03 (1.000e-03)
2026-01-14 22:04:13,505 - INFO: Epoch: [7][350/582]	Time  0.030 ( 0.033)	Loss 3.6605e-01 (1.4908e-01)	Acc pseudo  82.81 ( 93.87)	Lr 1.000e-03 (1.000e-03)
2026-01-14 22:04:18,179 - INFO: Epoch: [7][400/582]	Time  0.030 ( 0.032)	Loss 4.4453e-01 (1.5007e-01)	Acc pseudo  89.06 ( 93.87)	Lr 1.000e-03 (1.000e-03)
2026-01-14 22:04:22,854 - INFO: Epoch: [7][450/582]	Time  0.030 ( 0.032)	Loss 1.7578e-01 (1.5107e-01)	Acc pseudo  92.19 ( 93.89)	Lr 1.000e-03 (1.000e-03)
2026-01-14 22:04:27,526 - INFO: Epoch: [7][500/582]	Time  0.029 ( 0.032)	Loss 8.1778e-02 (1.4987e-01)	Acc pseudo  98.44 ( 93.90)	Lr 1.000e-03 (1.000e-03)
2026-01-14 22:04:32,207 - INFO: Epoch: [7][550/582]	Time  0.029 ( 0.032)	Loss 1.3052e-01 (1.5071e-01)	Acc pseudo  90.62 ( 93.84)	Lr 1.000e-03 (1.000e-03)
2026-01-14 22:04:35,195 - INFO: Round 5, Face Fine-tune Epoch 7: loss=0.1507, acc(pseudo)=93.86%
2026-01-14 22:05:34,891 - INFO: Round 5, Face Fine-tune Epoch 7: acc(valid_pseudo): 0.9941, acc: 0.8695
2026-01-14 22:05:34,891 - INFO: Round 5, Face Fine-tune Epoch 7: No improvement. Patience(epoch): 3/3
2026-01-14 22:05:34,891 - INFO: Early stopping at face epoch 7
2026-01-14 22:05:34,893 - INFO: Round 5: Best face fine-tuned epoch=4, acc(valid_pseudo)=0.9942
2026-01-14 22:05:35,006 - INFO: Using HMM model from previous round: runs/I love my family/exp_video/result/self_supervised/exp3/round4/pseudo_label/hmm_params.pkl
2026-01-14 23:28:21,385 - INFO: Round 5: speaker_acc=0.8765
2026-01-14 23:28:21,392 - INFO: Round 5: face_acc=0.8734
2026-01-14 23:28:21,394 - INFO: ====================
2026-01-14 23:28:21,394 - INFO: Round 6: Fine-tuning iteration
2026-01-14 23:28:21,394 - INFO: ====================
2026-01-14 23:28:21,521 - INFO: Round 6 Part 1: Fine-tuning embedding model
2026-01-14 23:28:21,522 - INFO: Using pseudo-label file: runs/I love my family/exp_video/result/self_supervised/exp3/round5/pseudo_label/pseudo_labels_audio_nested_hmm_full(unreliable_pp=100.0).json
2026-01-14 23:28:21,554 - INFO: For training, Using face pseudo-label file: runs/I love my family/exp_video/result/self_supervised/exp3/round5/pseudo_label/pseudo_labels_faces_mid_frame_train_nested_hmm_full.json
2026-01-14 23:28:21,554 - INFO: For infering, Using face pseudo-label file: runs/I love my family/exp_video/result/self_supervised/exp3/round5/pseudo_label/pseudo_labels_faces_mid_frame_all_nested_hmm_full.json
2026-01-14 23:28:21,693 - INFO: Created face dataloader with 37219 samples
2026-01-14 23:28:21,708 - INFO: Fine-tuning speaker embedding model for 20 epochs...
2026-01-14 23:28:22,458 - INFO: Epoch: [0][  0/301]	Time  0.735 ( 0.735)	Loss 2.6646e-01 (2.6646e-01)	Acc pseudo  90.62 ( 90.62)	Lr 1.000e-03 (1.000e-03)
2026-01-14 23:28:22,655 - INFO: Epoch: [0][ 50/301]	Time  0.003 ( 0.018)	Loss 1.1314e+00 (4.6653e-01)	Acc pseudo  82.81 ( 87.04)	Lr 1.000e-03 (1.000e-03)
2026-01-14 23:28:22,826 - INFO: Epoch: [0][100/301]	Time  0.004 ( 0.011)	Loss 2.7475e-01 (4.4287e-01)	Acc pseudo  89.06 ( 87.42)	Lr 1.000e-03 (1.000e-03)
2026-01-14 23:28:22,992 - INFO: Epoch: [0][150/301]	Time  0.003 ( 0.008)	Loss 2.1863e-01 (4.3957e-01)	Acc pseudo  93.75 ( 87.34)	Lr 1.000e-03 (1.000e-03)
2026-01-14 23:28:23,159 - INFO: Epoch: [0][200/301]	Time  0.004 ( 0.007)	Loss 2.4995e-01 (4.3427e-01)	Acc pseudo  92.19 ( 87.50)	Lr 1.000e-03 (1.000e-03)
2026-01-14 23:28:23,324 - INFO: Epoch: [0][250/301]	Time  0.003 ( 0.006)	Loss 3.8904e-01 (4.4245e-01)	Acc pseudo  85.94 ( 87.15)	Lr 1.000e-03 (1.000e-03)
2026-01-14 23:28:23,483 - INFO: Epoch: [0][300/301]	Time  0.002 ( 0.006)	Loss 1.9085e-01 (4.3543e-01)	Acc pseudo  96.00 ( 87.34)	Lr 1.000e-03 (1.000e-03)
2026-01-14 23:28:23,550 - INFO: Round 6, Fine-tune Epoch 0: loss=0.4354, acc(pseudo)=87.34%
2026-01-14 23:28:31,307 - INFO: Round 6, Fine-tune Epoch 0: acc(valid_pseudo): 0.9635, acc: 0.8455
2026-01-14 23:28:31,771 - INFO: Epoch: [1][  0/301]	Time  0.250 ( 0.250)	Loss 8.7755e-01 (8.7755e-01)	Acc pseudo  85.94 ( 85.94)	Lr 1.000e-03 (1.000e-03)
2026-01-14 23:28:31,998 - INFO: Epoch: [1][ 50/301]	Time  0.003 ( 0.009)	Loss 2.4033e-01 (3.9474e-01)	Acc pseudo  93.75 ( 87.75)	Lr 1.000e-03 (1.000e-03)
2026-01-14 23:28:32,166 - INFO: Epoch: [1][100/301]	Time  0.002 ( 0.006)	Loss 2.5794e-01 (3.8753e-01)	Acc pseudo  92.19 ( 88.03)	Lr 1.000e-03 (1.000e-03)
2026-01-14 23:28:32,321 - INFO: Epoch: [1][150/301]	Time  0.003 ( 0.005)	Loss 3.5333e-01 (3.7206e-01)	Acc pseudo  89.06 ( 88.34)	Lr 1.000e-03 (1.000e-03)
2026-01-14 23:28:32,470 - INFO: Epoch: [1][200/301]	Time  0.004 ( 0.005)	Loss 4.6641e-01 (3.7308e-01)	Acc pseudo  85.94 ( 88.28)	Lr 1.000e-03 (1.000e-03)
2026-01-14 23:28:32,626 - INFO: Epoch: [1][250/301]	Time  0.003 ( 0.004)	Loss 3.2676e-01 (3.7757e-01)	Acc pseudo  85.94 ( 88.16)	Lr 1.000e-03 (1.000e-03)
2026-01-14 23:28:32,785 - INFO: Epoch: [1][300/301]	Time  0.007 ( 0.004)	Loss 1.9314e-01 (3.7811e-01)	Acc pseudo  92.00 ( 88.15)	Lr 1.000e-03 (1.000e-03)
2026-01-14 23:28:32,853 - INFO: Round 6, Fine-tune Epoch 1: loss=0.3781, acc(pseudo)=88.15%
2026-01-14 23:28:40,613 - INFO: Round 6, Fine-tune Epoch 1: acc(valid_pseudo): 0.9732, acc: 0.8680
2026-01-14 23:28:41,085 - INFO: Epoch: [2][  0/301]	Time  0.245 ( 0.245)	Loss 6.0323e-01 (6.0323e-01)	Acc pseudo  84.38 ( 84.38)	Lr 1.000e-03 (1.000e-03)
2026-01-14 23:28:41,290 - INFO: Epoch: [2][ 50/301]	Time  0.004 ( 0.009)	Loss 6.0211e-01 (3.8875e-01)	Acc pseudo  92.19 ( 87.41)	Lr 1.000e-03 (1.000e-03)
2026-01-14 23:28:41,459 - INFO: Epoch: [2][100/301]	Time  0.003 ( 0.006)	Loss 5.3823e-01 (3.6851e-01)	Acc pseudo  82.81 ( 88.18)	Lr 1.000e-03 (1.000e-03)
2026-01-14 23:28:41,628 - INFO: Epoch: [2][150/301]	Time  0.003 ( 0.005)	Loss 2.4934e-01 (3.5911e-01)	Acc pseudo  89.06 ( 88.36)	Lr 1.000e-03 (1.000e-03)
2026-01-14 23:28:41,780 - INFO: Epoch: [2][200/301]	Time  0.003 ( 0.005)	Loss 3.0098e-01 (3.6770e-01)	Acc pseudo  92.19 ( 88.31)	Lr 1.000e-03 (1.000e-03)
2026-01-14 23:28:41,928 - INFO: Epoch: [2][250/301]	Time  0.004 ( 0.004)	Loss 3.5702e-01 (3.7427e-01)	Acc pseudo  87.50 ( 88.02)	Lr 1.000e-03 (1.000e-03)
2026-01-14 23:28:42,073 - INFO: Epoch: [2][300/301]	Time  0.002 ( 0.004)	Loss 3.0606e-01 (3.7550e-01)	Acc pseudo  88.00 ( 88.11)	Lr 1.000e-03 (1.000e-03)
2026-01-14 23:28:42,139 - INFO: Round 6, Fine-tune Epoch 2: loss=0.3755, acc(pseudo)=88.11%
2026-01-14 23:28:50,225 - INFO: Round 6, Fine-tune Epoch 2: acc(valid_pseudo): 0.9577, acc: 0.8430
2026-01-14 23:28:50,226 - INFO: Round 6, Speaker Fine-tune Epoch 2: No improvement in validation accuracy. Patience(epoch): 1/3
2026-01-14 23:28:50,513 - INFO: Epoch: [3][  0/301]	Time  0.281 ( 0.281)	Loss 2.8774e-01 (2.8774e-01)	Acc pseudo  89.06 ( 89.06)	Lr 1.000e-03 (1.000e-03)
2026-01-14 23:28:50,707 - INFO: Epoch: [3][ 50/301]	Time  0.003 ( 0.009)	Loss 3.6137e-01 (3.5599e-01)	Acc pseudo  87.50 ( 88.45)	Lr 1.000e-03 (1.000e-03)
2026-01-14 23:28:50,870 - INFO: Epoch: [3][100/301]	Time  0.003 ( 0.006)	Loss 1.7373e-01 (3.5124e-01)	Acc pseudo  93.75 ( 88.47)	Lr 1.000e-03 (1.000e-03)
2026-01-14 23:28:51,031 - INFO: Epoch: [3][150/301]	Time  0.003 ( 0.005)	Loss 3.4789e-01 (3.5440e-01)	Acc pseudo  92.19 ( 88.44)	Lr 1.000e-03 (1.000e-03)
2026-01-14 23:28:51,188 - INFO: Epoch: [3][200/301]	Time  0.003 ( 0.005)	Loss 2.5903e-01 (3.4671e-01)	Acc pseudo  89.06 ( 88.70)	Lr 1.000e-03 (1.000e-03)
2026-01-14 23:28:51,360 - INFO: Epoch: [3][250/301]	Time  0.003 ( 0.004)	Loss 3.4878e-01 (3.4468e-01)	Acc pseudo  92.19 ( 88.76)	Lr 1.000e-03 (1.000e-03)
2026-01-14 23:28:51,522 - INFO: Epoch: [3][300/301]	Time  0.002 ( 0.004)	Loss 2.4866e-01 (3.4887e-01)	Acc pseudo  84.00 ( 88.51)	Lr 1.000e-03 (1.000e-03)
2026-01-14 23:28:51,586 - INFO: Round 6, Fine-tune Epoch 3: loss=0.3489, acc(pseudo)=88.51%
2026-01-14 23:28:59,010 - INFO: Round 6, Fine-tune Epoch 3: acc(valid_pseudo): 0.9635, acc: 0.8550
2026-01-14 23:28:59,011 - INFO: Round 6, Speaker Fine-tune Epoch 3: No improvement in validation accuracy. Patience(epoch): 2/3
2026-01-14 23:28:59,289 - INFO: Epoch: [4][  0/301]	Time  0.273 ( 0.273)	Loss 5.2026e-01 (5.2026e-01)	Acc pseudo  87.50 ( 87.50)	Lr 1.000e-03 (1.000e-03)
2026-01-14 23:28:59,488 - INFO: Epoch: [4][ 50/301]	Time  0.004 ( 0.009)	Loss 3.6609e-01 (3.6697e-01)	Acc pseudo  92.19 ( 87.96)	Lr 1.000e-03 (1.000e-03)
2026-01-14 23:28:59,661 - INFO: Epoch: [4][100/301]	Time  0.003 ( 0.006)	Loss 4.7948e-01 (3.6679e-01)	Acc pseudo  84.38 ( 88.34)	Lr 1.000e-03 (1.000e-03)
2026-01-14 23:28:59,815 - INFO: Epoch: [4][150/301]	Time  0.003 ( 0.005)	Loss 3.8722e-01 (3.6622e-01)	Acc pseudo  87.50 ( 88.23)	Lr 1.000e-03 (1.000e-03)
2026-01-14 23:28:59,974 - INFO: Epoch: [4][200/301]	Time  0.003 ( 0.005)	Loss 2.6152e-01 (3.6871e-01)	Acc pseudo  93.75 ( 88.22)	Lr 1.000e-03 (1.000e-03)
2026-01-14 23:29:00,147 - INFO: Epoch: [4][250/301]	Time  0.003 ( 0.004)	Loss 4.5413e-01 (3.6380e-01)	Acc pseudo  85.94 ( 88.17)	Lr 1.000e-03 (1.000e-03)
2026-01-14 23:29:00,286 - INFO: Epoch: [4][300/301]	Time  0.002 ( 0.004)	Loss 3.5665e-01 (3.6918e-01)	Acc pseudo  84.00 ( 87.99)	Lr 1.000e-03 (1.000e-03)
2026-01-14 23:29:00,373 - INFO: Round 6, Fine-tune Epoch 4: loss=0.3692, acc(pseudo)=87.99%
2026-01-14 23:29:07,924 - INFO: Round 6, Fine-tune Epoch 4: acc(valid_pseudo): 0.9595, acc: 0.8510
2026-01-14 23:29:07,924 - INFO: Round 6, Speaker Fine-tune Epoch 4: No improvement in validation accuracy. Patience(epoch): 3/3
2026-01-14 23:29:07,924 - INFO: Early stopping at epoch 4 due to no improvement in validation accuracy for 3 epochs.
2026-01-14 23:29:07,925 - INFO: Round 6: Best speaker fine-tuned epoch=1, acc(valid_pseudo)=0.9732
2026-01-14 23:29:07,930 - INFO: Fine-tuning face embedding model for 20 epochs...
2026-01-14 23:29:08,967 - INFO: Epoch: [0][  0/582]	Time  1.016 ( 1.016)	Loss 2.2909e-02 (2.2909e-02)	Acc pseudo 100.00 (100.00)	Lr 1.000e-03 (1.000e-03)
2026-01-14 23:29:13,590 - INFO: Epoch: [0][ 50/582]	Time  0.028 ( 0.050)	Loss 3.3171e-02 (1.0878e-01)	Acc pseudo  98.44 ( 96.26)	Lr 1.000e-03 (1.000e-03)
2026-01-14 23:29:18,212 - INFO: Epoch: [0][100/582]	Time  0.032 ( 0.042)	Loss 2.0788e-01 (1.3324e-01)	Acc pseudo  92.19 ( 95.93)	Lr 1.000e-03 (1.000e-03)
2026-01-14 23:29:22,846 - INFO: Epoch: [0][150/582]	Time  0.031 ( 0.038)	Loss 6.8091e-02 (1.3635e-01)	Acc pseudo  96.88 ( 95.53)	Lr 1.000e-03 (1.000e-03)
2026-01-14 23:29:27,490 - INFO: Epoch: [0][200/582]	Time  0.031 ( 0.037)	Loss 1.0808e-01 (1.4344e-01)	Acc pseudo  95.31 ( 95.30)	Lr 1.000e-03 (1.000e-03)
2026-01-14 23:29:32,129 - INFO: Epoch: [0][250/582]	Time  0.028 ( 0.036)	Loss 4.7395e-01 (1.5047e-01)	Acc pseudo  87.50 ( 95.00)	Lr 1.000e-03 (1.000e-03)
2026-01-14 23:29:36,763 - INFO: Epoch: [0][300/582]	Time  0.028 ( 0.035)	Loss 7.2527e-02 (1.4384e-01)	Acc pseudo  96.88 ( 95.09)	Lr 1.000e-03 (1.000e-03)
2026-01-14 23:29:41,393 - INFO: Epoch: [0][350/582]	Time  0.040 ( 0.034)	Loss 1.5372e-01 (1.3987e-01)	Acc pseudo  93.75 ( 95.09)	Lr 1.000e-03 (1.000e-03)
2026-01-14 23:29:46,029 - INFO: Epoch: [0][400/582]	Time  0.030 ( 0.033)	Loss 1.1620e-01 (1.3865e-01)	Acc pseudo  98.44 ( 95.06)	Lr 1.000e-03 (1.000e-03)
2026-01-14 23:29:50,671 - INFO: Epoch: [0][450/582]	Time  0.037 ( 0.033)	Loss 3.4757e-02 (1.3666e-01)	Acc pseudo 100.00 ( 95.09)	Lr 1.000e-03 (1.000e-03)
2026-01-14 23:29:55,316 - INFO: Epoch: [0][500/582]	Time  0.028 ( 0.033)	Loss 3.1204e-01 (1.3973e-01)	Acc pseudo  89.06 ( 95.05)	Lr 1.000e-03 (1.000e-03)
2026-01-14 23:29:59,963 - INFO: Epoch: [0][550/582]	Time  0.026 ( 0.033)	Loss 5.9649e-02 (1.4076e-01)	Acc pseudo  96.88 ( 95.03)	Lr 1.000e-03 (1.000e-03)
2026-01-14 23:30:02,962 - INFO: Round 6, Face Fine-tune Epoch 0: loss=0.1427, acc(pseudo)=94.95%
2026-01-14 23:31:00,779 - INFO: Round 6, Face Fine-tune Epoch 0: acc(valid_pseudo): 0.9950, acc: 0.8705
2026-01-14 23:31:01,755 - INFO: Epoch: [1][  0/582]	Time  0.582 ( 0.582)	Loss 7.2393e-02 (7.2393e-02)	Acc pseudo  96.88 ( 96.88)	Lr 1.000e-03 (1.000e-03)
2026-01-14 23:31:06,408 - INFO: Epoch: [1][ 50/582]	Time  0.027 ( 0.043)	Loss 1.3842e-01 (1.3409e-01)	Acc pseudo  92.19 ( 94.91)	Lr 1.000e-03 (1.000e-03)
2026-01-14 23:31:11,061 - INFO: Epoch: [1][100/582]	Time  0.028 ( 0.037)	Loss 2.1499e-01 (1.3494e-01)	Acc pseudo  93.75 ( 94.74)	Lr 1.000e-03 (1.000e-03)
2026-01-14 23:31:15,724 - INFO: Epoch: [1][150/582]	Time  0.029 ( 0.035)	Loss 1.0417e-01 (1.3770e-01)	Acc pseudo  92.19 ( 94.89)	Lr 1.000e-03 (1.000e-03)
2026-01-14 23:31:20,391 - INFO: Epoch: [1][200/582]	Time  0.031 ( 0.034)	Loss 1.0300e-01 (1.3370e-01)	Acc pseudo  93.75 ( 94.93)	Lr 1.000e-03 (1.000e-03)
2026-01-14 23:31:25,057 - INFO: Epoch: [1][250/582]	Time  0.029 ( 0.033)	Loss 1.0695e-01 (1.3161e-01)	Acc pseudo  93.75 ( 94.91)	Lr 1.000e-03 (1.000e-03)
2026-01-14 23:31:29,720 - INFO: Epoch: [1][300/582]	Time  0.030 ( 0.032)	Loss 5.3416e-01 (1.3056e-01)	Acc pseudo  93.75 ( 95.06)	Lr 1.000e-03 (1.000e-03)
2026-01-14 23:31:34,391 - INFO: Epoch: [1][350/582]	Time  0.028 ( 0.032)	Loss 7.2016e-02 (1.3223e-01)	Acc pseudo  92.19 ( 94.99)	Lr 1.000e-03 (1.000e-03)
2026-01-14 23:31:39,075 - INFO: Epoch: [1][400/582]	Time  0.028 ( 0.032)	Loss 9.2791e-02 (1.3335e-01)	Acc pseudo  95.31 ( 94.96)	Lr 1.000e-03 (1.000e-03)
2026-01-14 23:31:43,750 - INFO: Epoch: [1][450/582]	Time  0.031 ( 0.032)	Loss 2.1961e-01 (1.3308e-01)	Acc pseudo  92.19 ( 94.95)	Lr 1.000e-03 (1.000e-03)
2026-01-14 23:31:48,427 - INFO: Epoch: [1][500/582]	Time  0.032 ( 0.033)	Loss 2.5912e-01 (1.3447e-01)	Acc pseudo  90.62 ( 94.88)	Lr 1.000e-03 (1.000e-03)
2026-01-14 23:31:53,095 - INFO: Epoch: [1][550/582]	Time  0.029 ( 0.033)	Loss 1.5229e-01 (1.3480e-01)	Acc pseudo  95.31 ( 94.82)	Lr 1.000e-03 (1.000e-03)
2026-01-14 23:31:56,132 - INFO: Round 6, Face Fine-tune Epoch 1: loss=0.1346, acc(pseudo)=94.81%
2026-01-14 23:32:54,810 - INFO: Round 6, Face Fine-tune Epoch 1: acc(valid_pseudo): 0.9945, acc: 0.8744
2026-01-14 23:32:54,811 - INFO: Round 6, Face Fine-tune Epoch 1: No improvement. Patience(epoch): 1/3
2026-01-14 23:32:55,350 - INFO: Epoch: [2][  0/582]	Time  0.506 ( 0.506)	Loss 1.5646e-01 (1.5646e-01)	Acc pseudo  93.75 ( 93.75)	Lr 1.000e-03 (1.000e-03)
2026-01-14 23:33:00,007 - INFO: Epoch: [2][ 50/582]	Time  0.029 ( 0.041)	Loss 6.7578e-02 (1.2789e-01)	Acc pseudo  95.31 ( 94.55)	Lr 1.000e-03 (1.000e-03)
2026-01-14 23:33:04,791 - INFO: Epoch: [2][100/582]	Time  0.026 ( 0.036)	Loss 1.1839e-01 (1.2700e-01)	Acc pseudo  96.88 ( 94.88)	Lr 1.000e-03 (1.000e-03)
2026-01-14 23:33:09,452 - INFO: Epoch: [2][150/582]	Time  0.029 ( 0.034)	Loss 5.9248e-02 (1.2330e-01)	Acc pseudo  95.31 ( 95.08)	Lr 1.000e-03 (1.000e-03)
2026-01-14 23:33:14,113 - INFO: Epoch: [2][200/582]	Time  0.033 ( 0.033)	Loss 9.4639e-02 (1.2405e-01)	Acc pseudo  96.88 ( 95.00)	Lr 1.000e-03 (1.000e-03)
2026-01-14 23:33:18,785 - INFO: Epoch: [2][250/582]	Time  0.027 ( 0.032)	Loss 1.1309e-01 (1.2219e-01)	Acc pseudo  95.31 ( 95.11)	Lr 1.000e-03 (1.000e-03)
2026-01-14 23:33:23,458 - INFO: Epoch: [2][300/582]	Time  0.045 ( 0.033)	Loss 2.1819e-02 (1.2174e-01)	Acc pseudo 100.00 ( 95.14)	Lr 1.000e-03 (1.000e-03)
2026-01-14 23:33:28,134 - INFO: Epoch: [2][350/582]	Time  0.039 ( 0.033)	Loss 6.1529e-02 (1.2165e-01)	Acc pseudo  95.31 ( 95.21)	Lr 1.000e-03 (1.000e-03)
2026-01-14 23:33:32,801 - INFO: Epoch: [2][400/582]	Time  0.028 ( 0.033)	Loss 2.7541e-01 (1.2194e-01)	Acc pseudo  89.06 ( 95.23)	Lr 1.000e-03 (1.000e-03)
2026-01-14 23:33:37,478 - INFO: Epoch: [2][450/582]	Time  0.028 ( 0.033)	Loss 1.4558e-01 (1.2263e-01)	Acc pseudo  95.31 ( 95.26)	Lr 1.000e-03 (1.000e-03)
2026-01-14 23:33:42,155 - INFO: Epoch: [2][500/582]	Time  0.029 ( 0.033)	Loss 9.1805e-02 (1.2269e-01)	Acc pseudo  98.44 ( 95.29)	Lr 1.000e-03 (1.000e-03)
2026-01-14 23:33:46,835 - INFO: Epoch: [2][550/582]	Time  0.028 ( 0.032)	Loss 1.2572e-01 (1.2378e-01)	Acc pseudo  96.88 ( 95.24)	Lr 1.000e-03 (1.000e-03)
2026-01-14 23:33:49,812 - INFO: Round 6, Face Fine-tune Epoch 2: loss=0.1243, acc(pseudo)=95.26%
2026-01-14 23:34:48,570 - INFO: Round 6, Face Fine-tune Epoch 2: acc(valid_pseudo): 0.9940, acc: 0.8715
2026-01-14 23:34:48,570 - INFO: Round 6, Face Fine-tune Epoch 2: No improvement. Patience(epoch): 2/3
2026-01-14 23:34:49,158 - INFO: Epoch: [3][  0/582]	Time  0.555 ( 0.555)	Loss 4.6405e-02 (4.6405e-02)	Acc pseudo  96.88 ( 96.88)	Lr 1.000e-03 (1.000e-03)
2026-01-14 23:34:53,842 - INFO: Epoch: [3][ 50/582]	Time  0.032 ( 0.049)	Loss 1.6711e-01 (1.1901e-01)	Acc pseudo  92.19 ( 95.13)	Lr 1.000e-03 (1.000e-03)
2026-01-14 23:34:58,512 - INFO: Epoch: [3][100/582]	Time  0.031 ( 0.041)	Loss 4.0036e-02 (1.1805e-01)	Acc pseudo  96.88 ( 95.17)	Lr 1.000e-03 (1.000e-03)
2026-01-14 23:35:03,183 - INFO: Epoch: [3][150/582]	Time  0.030 ( 0.038)	Loss 3.3961e-02 (1.2365e-01)	Acc pseudo  96.88 ( 95.26)	Lr 1.000e-03 (1.000e-03)
2026-01-14 23:35:07,859 - INFO: Epoch: [3][200/582]	Time  0.031 ( 0.037)	Loss 3.5144e-01 (1.2593e-01)	Acc pseudo  90.62 ( 95.20)	Lr 1.000e-03 (1.000e-03)
2026-01-14 23:35:12,530 - INFO: Epoch: [3][250/582]	Time  0.033 ( 0.036)	Loss 3.9931e-02 (1.2143e-01)	Acc pseudo 100.00 ( 95.31)	Lr 1.000e-03 (1.000e-03)
2026-01-14 23:35:17,264 - INFO: Epoch: [3][300/582]	Time  0.030 ( 0.035)	Loss 7.6654e-02 (1.2099e-01)	Acc pseudo  96.88 ( 95.30)	Lr 1.000e-03 (1.000e-03)
2026-01-14 23:35:21,936 - INFO: Epoch: [3][350/582]	Time  0.029 ( 0.035)	Loss 1.3227e-01 (1.1897e-01)	Acc pseudo  95.31 ( 95.42)	Lr 1.000e-03 (1.000e-03)
2026-01-14 23:35:26,611 - INFO: Epoch: [3][400/582]	Time  0.029 ( 0.034)	Loss 1.4053e-01 (1.1827e-01)	Acc pseudo  93.75 ( 95.44)	Lr 1.000e-03 (1.000e-03)
2026-01-14 23:35:31,278 - INFO: Epoch: [3][450/582]	Time  0.026 ( 0.033)	Loss 7.5580e-02 (1.1970e-01)	Acc pseudo  96.88 ( 95.43)	Lr 1.000e-03 (1.000e-03)
2026-01-14 23:35:35,941 - INFO: Epoch: [3][500/582]	Time  0.027 ( 0.033)	Loss 3.5076e-02 (1.1742e-01)	Acc pseudo 100.00 ( 95.48)	Lr 1.000e-03 (1.000e-03)
2026-01-14 23:35:40,610 - INFO: Epoch: [3][550/582]	Time  0.037 ( 0.033)	Loss 1.6068e-01 (1.1752e-01)	Acc pseudo  93.75 ( 95.51)	Lr 1.000e-03 (1.000e-03)
2026-01-14 23:35:43,602 - INFO: Round 6, Face Fine-tune Epoch 3: loss=0.1179, acc(pseudo)=95.49%
2026-01-14 23:36:43,327 - INFO: Round 6, Face Fine-tune Epoch 3: acc(valid_pseudo): 0.9945, acc: 0.8685
2026-01-14 23:36:43,329 - INFO: Round 6, Face Fine-tune Epoch 3: No improvement. Patience(epoch): 3/3
2026-01-14 23:36:43,329 - INFO: Early stopping at face epoch 3
2026-01-14 23:36:43,331 - INFO: Round 6: Best face fine-tuned epoch=0, acc(valid_pseudo)=0.9950
2026-01-14 23:36:43,464 - INFO: Using HMM model from previous round: runs/I love my family/exp_video/result/self_supervised/exp3/round5/pseudo_label/hmm_params.pkl
2026-01-15 01:04:13,586 - INFO: Round 6: speaker_acc=0.8735
2026-01-15 01:04:13,638 - INFO: Round 6: face_acc=0.8705
2026-01-15 01:04:13,653 - INFO: ====================
2026-01-15 01:04:13,653 - INFO: Round 7: Fine-tuning iteration
2026-01-15 01:04:13,653 - INFO: ====================
2026-01-15 01:04:13,832 - INFO: Round 7 Part 1: Fine-tuning embedding model
2026-01-15 01:04:13,833 - INFO: Using pseudo-label file: runs/I love my family/exp_video/result/self_supervised/exp3/round6/pseudo_label/pseudo_labels_audio_nested_hmm_full(unreliable_pp=100.0).json
2026-01-15 01:04:13,862 - INFO: For training, Using face pseudo-label file: runs/I love my family/exp_video/result/self_supervised/exp3/round6/pseudo_label/pseudo_labels_faces_mid_frame_train_nested_hmm_full.json
2026-01-15 01:04:13,862 - INFO: For infering, Using face pseudo-label file: runs/I love my family/exp_video/result/self_supervised/exp3/round6/pseudo_label/pseudo_labels_faces_mid_frame_all_nested_hmm_full.json
2026-01-15 01:04:13,993 - INFO: Created face dataloader with 37219 samples
2026-01-15 01:04:14,008 - INFO: Fine-tuning speaker embedding model for 20 epochs...
2026-01-15 01:04:14,838 - INFO: Epoch: [0][  0/301]	Time  0.805 ( 0.805)	Loss 3.8499e-01 (3.8499e-01)	Acc pseudo  85.94 ( 85.94)	Lr 1.000e-03 (1.000e-03)
2026-01-15 01:04:15,018 - INFO: Epoch: [0][ 50/301]	Time  0.003 ( 0.019)	Loss 5.5097e-01 (3.7643e-01)	Acc pseudo  79.69 ( 88.48)	Lr 1.000e-03 (1.000e-03)
2026-01-15 01:04:15,174 - INFO: Epoch: [0][100/301]	Time  0.003 ( 0.011)	Loss 2.6051e-01 (3.6494e-01)	Acc pseudo  89.06 ( 88.86)	Lr 1.000e-03 (1.000e-03)
2026-01-15 01:04:15,323 - INFO: Epoch: [0][150/301]	Time  0.003 ( 0.008)	Loss 2.3413e-01 (3.5896e-01)	Acc pseudo  90.62 ( 89.06)	Lr 1.000e-03 (1.000e-03)
2026-01-15 01:04:15,501 - INFO: Epoch: [0][200/301]	Time  0.003 ( 0.007)	Loss 4.1187e-01 (3.5999e-01)	Acc pseudo  87.50 ( 89.07)	Lr 1.000e-03 (1.000e-03)
2026-01-15 01:04:15,676 - INFO: Epoch: [0][250/301]	Time  0.003 ( 0.006)	Loss 6.8582e-01 (3.6625e-01)	Acc pseudo  85.94 ( 88.86)	Lr 1.000e-03 (1.000e-03)
2026-01-15 01:04:15,816 - INFO: Epoch: [0][300/301]	Time  0.002 ( 0.006)	Loss 2.6470e-01 (3.6102e-01)	Acc pseudo  92.00 ( 89.00)	Lr 1.000e-03 (1.000e-03)
2026-01-15 01:04:15,885 - INFO: Round 7, Fine-tune Epoch 0: loss=0.3610, acc(pseudo)=89.00%
2026-01-15 01:04:23,452 - INFO: Round 7, Fine-tune Epoch 0: acc(valid_pseudo): 0.9720, acc: 0.8600
2026-01-15 01:04:23,914 - INFO: Epoch: [1][  0/301]	Time  0.278 ( 0.278)	Loss 4.3866e-01 (4.3866e-01)	Acc pseudo  82.81 ( 82.81)	Lr 1.000e-03 (1.000e-03)
2026-01-15 01:04:24,112 - INFO: Epoch: [1][ 50/301]	Time  0.003 ( 0.009)	Loss 2.3045e-01 (3.2649e-01)	Acc pseudo  89.06 ( 89.58)	Lr 1.000e-03 (1.000e-03)
2026-01-15 01:04:24,280 - INFO: Epoch: [1][100/301]	Time  0.005 ( 0.006)	Loss 1.8104e-01 (3.1537e-01)	Acc pseudo  93.75 ( 90.07)	Lr 1.000e-03 (1.000e-03)
2026-01-15 01:04:24,444 - INFO: Epoch: [1][150/301]	Time  0.003 ( 0.005)	Loss 4.1476e-01 (3.0326e-01)	Acc pseudo  87.50 ( 90.42)	Lr 1.000e-03 (1.000e-03)
2026-01-15 01:04:24,602 - INFO: Epoch: [1][200/301]	Time  0.003 ( 0.005)	Loss 4.3756e-01 (3.0408e-01)	Acc pseudo  85.94 ( 90.37)	Lr 1.000e-03 (1.000e-03)
2026-01-15 01:04:24,748 - INFO: Epoch: [1][250/301]	Time  0.003 ( 0.004)	Loss 2.6132e-01 (3.1332e-01)	Acc pseudo  89.06 ( 90.08)	Lr 1.000e-03 (1.000e-03)
2026-01-15 01:04:24,912 - INFO: Epoch: [1][300/301]	Time  0.003 ( 0.004)	Loss 3.4499e-01 (3.1547e-01)	Acc pseudo  92.00 ( 90.07)	Lr 1.000e-03 (1.000e-03)
2026-01-15 01:04:24,980 - INFO: Round 7, Fine-tune Epoch 1: loss=0.3155, acc(pseudo)=90.07%
2026-01-15 01:04:32,108 - INFO: Round 7, Fine-tune Epoch 1: acc(valid_pseudo): 0.9554, acc: 0.8500
2026-01-15 01:04:32,108 - INFO: Round 7, Speaker Fine-tune Epoch 1: No improvement in validation accuracy. Patience(epoch): 1/3
2026-01-15 01:04:32,361 - INFO: Epoch: [2][  0/301]	Time  0.247 ( 0.247)	Loss 3.8482e-01 (3.8482e-01)	Acc pseudo  87.50 ( 87.50)	Lr 1.000e-03 (1.000e-03)
2026-01-15 01:04:32,577 - INFO: Epoch: [2][ 50/301]	Time  0.004 ( 0.009)	Loss 3.3207e-01 (3.0288e-01)	Acc pseudo  90.62 ( 89.64)	Lr 1.000e-03 (1.000e-03)
2026-01-15 01:04:32,764 - INFO: Epoch: [2][100/301]	Time  0.004 ( 0.006)	Loss 2.8901e-01 (2.9776e-01)	Acc pseudo  89.06 ( 90.07)	Lr 1.000e-03 (1.000e-03)
2026-01-15 01:04:32,965 - INFO: Epoch: [2][150/301]	Time  0.004 ( 0.006)	Loss 2.3953e-01 (2.9471e-01)	Acc pseudo  92.19 ( 89.97)	Lr 1.000e-03 (1.000e-03)
2026-01-15 01:04:33,145 - INFO: Epoch: [2][200/301]	Time  0.003 ( 0.005)	Loss 5.6969e-01 (2.9667e-01)	Acc pseudo  89.06 ( 89.99)	Lr 1.000e-03 (1.000e-03)
2026-01-15 01:04:33,319 - INFO: Epoch: [2][250/301]	Time  0.003 ( 0.005)	Loss 2.7154e-01 (3.0109e-01)	Acc pseudo  84.38 ( 89.76)	Lr 1.000e-03 (1.000e-03)
2026-01-15 01:04:33,485 - INFO: Epoch: [2][300/301]	Time  0.002 ( 0.004)	Loss 3.8504e-01 (3.0778e-01)	Acc pseudo  88.00 ( 89.78)	Lr 1.000e-03 (1.000e-03)
2026-01-15 01:04:33,557 - INFO: Round 7, Fine-tune Epoch 2: loss=0.3078, acc(pseudo)=89.78%
2026-01-15 01:04:40,817 - INFO: Round 7, Fine-tune Epoch 2: acc(valid_pseudo): 0.9735, acc: 0.8590
2026-01-15 01:04:41,450 - INFO: Epoch: [3][  0/301]	Time  0.249 ( 0.249)	Loss 3.1210e-01 (3.1210e-01)	Acc pseudo  84.38 ( 84.38)	Lr 1.000e-03 (1.000e-03)
2026-01-15 01:04:41,630 - INFO: Epoch: [3][ 50/301]	Time  0.003 ( 0.008)	Loss 3.0916e-01 (2.8588e-01)	Acc pseudo  87.50 ( 90.20)	Lr 1.000e-03 (1.000e-03)
2026-01-15 01:04:41,828 - INFO: Epoch: [3][100/301]	Time  0.003 ( 0.006)	Loss 1.1544e-01 (2.9987e-01)	Acc pseudo  96.88 ( 89.71)	Lr 1.000e-03 (1.000e-03)
2026-01-15 01:04:41,991 - INFO: Epoch: [3][150/301]	Time  0.003 ( 0.005)	Loss 2.3545e-01 (3.0245e-01)	Acc pseudo  89.06 ( 89.69)	Lr 1.000e-03 (1.000e-03)
2026-01-15 01:04:42,151 - INFO: Epoch: [3][200/301]	Time  0.003 ( 0.005)	Loss 2.2734e-01 (2.9164e-01)	Acc pseudo  92.19 ( 90.18)	Lr 1.000e-03 (1.000e-03)
2026-01-15 01:04:42,298 - INFO: Epoch: [3][250/301]	Time  0.003 ( 0.004)	Loss 3.0612e-01 (2.8848e-01)	Acc pseudo  90.62 ( 90.20)	Lr 1.000e-03 (1.000e-03)
2026-01-15 01:04:42,455 - INFO: Epoch: [3][300/301]	Time  0.002 ( 0.004)	Loss 6.1022e-01 (2.9329e-01)	Acc pseudo  88.00 ( 90.11)	Lr 1.000e-03 (1.000e-03)
2026-01-15 01:04:42,543 - INFO: Round 7, Fine-tune Epoch 3: loss=0.2933, acc(pseudo)=90.11%
2026-01-15 01:04:49,863 - INFO: Round 7, Fine-tune Epoch 3: acc(valid_pseudo): 0.9551, acc: 0.8565
2026-01-15 01:04:49,864 - INFO: Round 7, Speaker Fine-tune Epoch 3: No improvement in validation accuracy. Patience(epoch): 1/3
2026-01-15 01:04:50,129 - INFO: Epoch: [4][  0/301]	Time  0.260 ( 0.260)	Loss 4.4253e-01 (4.4253e-01)	Acc pseudo  87.50 ( 87.50)	Lr 1.000e-03 (1.000e-03)
2026-01-15 01:04:50,360 - INFO: Epoch: [4][ 50/301]	Time  0.003 ( 0.010)	Loss 2.8154e-01 (2.9766e-01)	Acc pseudo  92.19 ( 90.17)	Lr 1.000e-03 (1.000e-03)
2026-01-15 01:04:50,526 - INFO: Epoch: [4][100/301]	Time  0.003 ( 0.006)	Loss 2.5241e-01 (2.9195e-01)	Acc pseudo  89.06 ( 90.18)	Lr 1.000e-03 (1.000e-03)
2026-01-15 01:04:50,696 - INFO: Epoch: [4][150/301]	Time  0.003 ( 0.005)	Loss 1.3231e-01 (2.9244e-01)	Acc pseudo  96.88 ( 90.39)	Lr 1.000e-03 (1.000e-03)
2026-01-15 01:04:50,866 - INFO: Epoch: [4][200/301]	Time  0.003 ( 0.005)	Loss 1.9368e-01 (2.9260e-01)	Acc pseudo  92.19 ( 90.42)	Lr 1.000e-03 (1.000e-03)
2026-01-15 01:04:51,039 - INFO: Epoch: [4][250/301]	Time  0.005 ( 0.005)	Loss 2.7806e-01 (2.9088e-01)	Acc pseudo  90.62 ( 90.36)	Lr 1.000e-03 (1.000e-03)
2026-01-15 01:04:51,183 - INFO: Epoch: [4][300/301]	Time  0.002 ( 0.004)	Loss 2.6762e-01 (2.9435e-01)	Acc pseudo  92.00 ( 90.25)	Lr 1.000e-03 (1.000e-03)
2026-01-15 01:04:51,246 - INFO: Round 7, Fine-tune Epoch 4: loss=0.2943, acc(pseudo)=90.25%
2026-01-15 01:04:58,991 - INFO: Round 7, Fine-tune Epoch 4: acc(valid_pseudo): 0.9717, acc: 0.8770
2026-01-15 01:04:58,992 - INFO: Round 7, Speaker Fine-tune Epoch 4: No improvement in validation accuracy. Patience(epoch): 2/3
2026-01-15 01:04:59,262 - INFO: Epoch: [5][  0/301]	Time  0.265 ( 0.265)	Loss 4.7112e-01 (4.7112e-01)	Acc pseudo  85.94 ( 85.94)	Lr 1.000e-03 (1.000e-03)
2026-01-15 01:04:59,470 - INFO: Epoch: [5][ 50/301]	Time  0.003 ( 0.009)	Loss 1.8870e-01 (2.8922e-01)	Acc pseudo  90.62 ( 90.13)	Lr 1.000e-03 (1.000e-03)
2026-01-15 01:04:59,625 - INFO: Epoch: [5][100/301]	Time  0.003 ( 0.006)	Loss 2.5879e-01 (2.9544e-01)	Acc pseudo  87.50 ( 89.84)	Lr 1.000e-03 (1.000e-03)
2026-01-15 01:04:59,806 - INFO: Epoch: [5][150/301]	Time  0.003 ( 0.005)	Loss 2.5818e-01 (2.9770e-01)	Acc pseudo  90.62 ( 89.85)	Lr 1.000e-03 (1.000e-03)
2026-01-15 01:05:00,035 - INFO: Epoch: [5][200/301]	Time  0.003 ( 0.005)	Loss 1.9838e-01 (3.0355e-01)	Acc pseudo  95.31 ( 89.65)	Lr 1.000e-03 (1.000e-03)
2026-01-15 01:05:00,183 - INFO: Epoch: [5][250/301]	Time  0.003 ( 0.005)	Loss 3.6689e-01 (3.1388e-01)	Acc pseudo  85.94 ( 89.50)	Lr 1.000e-03 (1.000e-03)
2026-01-15 01:05:00,360 - INFO: Epoch: [5][300/301]	Time  0.002 ( 0.004)	Loss 5.5746e-01 (3.2572e-01)	Acc pseudo  84.00 ( 89.26)	Lr 1.000e-03 (1.000e-03)
2026-01-15 01:05:00,429 - INFO: Round 7, Fine-tune Epoch 5: loss=0.3257, acc(pseudo)=89.26%
2026-01-15 01:05:08,058 - INFO: Round 7, Fine-tune Epoch 5: acc(valid_pseudo): 0.9650, acc: 0.8610
2026-01-15 01:05:08,059 - INFO: Round 7, Speaker Fine-tune Epoch 5: No improvement in validation accuracy. Patience(epoch): 3/3
2026-01-15 01:05:08,059 - INFO: Early stopping at epoch 5 due to no improvement in validation accuracy for 3 epochs.
2026-01-15 01:05:08,060 - INFO: Round 7: Best speaker fine-tuned epoch=2, acc(valid_pseudo)=0.9735
2026-01-15 01:05:08,065 - INFO: Fine-tuning face embedding model for 20 epochs...
2026-01-15 01:05:09,053 - INFO: Epoch: [0][  0/582]	Time  0.956 ( 0.956)	Loss 9.5642e-03 (9.5642e-03)	Acc pseudo 100.00 (100.00)	Lr 1.000e-03 (1.000e-03)
2026-01-15 01:05:13,674 - INFO: Epoch: [0][ 50/582]	Time  0.036 ( 0.051)	Loss 1.9919e-02 (8.5377e-02)	Acc pseudo 100.00 ( 97.82)	Lr 1.000e-03 (1.000e-03)
2026-01-15 01:05:18,296 - INFO: Epoch: [0][100/582]	Time  0.028 ( 0.041)	Loss 1.1405e-01 (1.0174e-01)	Acc pseudo  92.19 ( 97.43)	Lr 1.000e-03 (1.000e-03)
2026-01-15 01:05:22,922 - INFO: Epoch: [0][150/582]	Time  0.036 ( 0.037)	Loss 4.9685e-02 (1.0778e-01)	Acc pseudo  98.44 ( 96.84)	Lr 1.000e-03 (1.000e-03)
2026-01-15 01:05:27,560 - INFO: Epoch: [0][200/582]	Time  0.031 ( 0.035)	Loss 8.9186e-02 (1.1758e-01)	Acc pseudo  96.88 ( 96.53)	Lr 1.000e-03 (1.000e-03)
2026-01-15 01:05:32,206 - INFO: Epoch: [0][250/582]	Time  0.028 ( 0.035)	Loss 1.5936e-01 (1.2299e-01)	Acc pseudo  95.31 ( 96.23)	Lr 1.000e-03 (1.000e-03)
2026-01-15 01:05:36,844 - INFO: Epoch: [0][300/582]	Time  0.031 ( 0.034)	Loss 7.6176e-02 (1.2643e-01)	Acc pseudo  95.31 ( 96.23)	Lr 1.000e-03 (1.000e-03)
2026-01-15 01:05:41,872 - INFO: Epoch: [0][350/582]	Time  0.043 ( 0.036)	Loss 9.9309e-02 (1.2720e-01)	Acc pseudo  96.88 ( 96.13)	Lr 1.000e-03 (1.000e-03)
2026-01-15 01:05:47,065 - INFO: Epoch: [0][400/582]	Time  0.036 ( 0.037)	Loss 9.9681e-02 (1.2519e-01)	Acc pseudo  98.44 ( 96.12)	Lr 1.000e-03 (1.000e-03)
2026-01-15 01:05:52,064 - INFO: Epoch: [0][450/582]	Time  0.030 ( 0.037)	Loss 5.6446e-02 (1.2418e-01)	Acc pseudo  98.44 ( 96.13)	Lr 1.000e-03 (1.000e-03)
2026-01-15 01:05:56,722 - INFO: Epoch: [0][500/582]	Time  0.029 ( 0.037)	Loss 1.1095e-01 (1.2518e-01)	Acc pseudo  95.31 ( 96.12)	Lr 1.000e-03 (1.000e-03)
2026-01-15 01:06:01,376 - INFO: Epoch: [0][550/582]	Time  0.031 ( 0.037)	Loss 1.2096e-01 (1.2442e-01)	Acc pseudo  92.19 ( 96.10)	Lr 1.000e-03 (1.000e-03)
2026-01-15 01:06:04,347 - INFO: Round 7, Face Fine-tune Epoch 0: loss=0.1244, acc(pseudo)=96.09%
2026-01-15 01:07:02,896 - INFO: Round 7, Face Fine-tune Epoch 0: acc(valid_pseudo): 0.9950, acc: 0.8744
2026-01-15 01:07:03,765 - INFO: Epoch: [1][  0/582]	Time  0.492 ( 0.492)	Loss 5.5262e-02 (5.5262e-02)	Acc pseudo 100.00 (100.00)	Lr 1.000e-03 (1.000e-03)
2026-01-15 01:07:08,419 - INFO: Epoch: [1][ 50/582]	Time  0.029 ( 0.041)	Loss 4.0465e-02 (1.0729e-01)	Acc pseudo  96.88 ( 96.29)	Lr 1.000e-03 (1.000e-03)
2026-01-15 01:07:13,070 - INFO: Epoch: [1][100/582]	Time  0.027 ( 0.035)	Loss 2.8633e-01 (1.1582e-01)	Acc pseudo  96.88 ( 95.75)	Lr 1.000e-03 (1.000e-03)
2026-01-15 01:07:17,762 - INFO: Epoch: [1][150/582]	Time  0.029 ( 0.033)	Loss 1.0335e-01 (1.1499e-01)	Acc pseudo  95.31 ( 95.82)	Lr 1.000e-03 (1.000e-03)
2026-01-15 01:07:22,417 - INFO: Epoch: [1][200/582]	Time  0.029 ( 0.032)	Loss 5.3191e-02 (1.0870e-01)	Acc pseudo  96.88 ( 96.05)	Lr 1.000e-03 (1.000e-03)
2026-01-15 01:07:27,069 - INFO: Epoch: [1][250/582]	Time  0.028 ( 0.031)	Loss 8.3863e-02 (1.1011e-01)	Acc pseudo  96.88 ( 95.97)	Lr 1.000e-03 (1.000e-03)
2026-01-15 01:07:31,736 - INFO: Epoch: [1][300/582]	Time  0.034 ( 0.031)	Loss 9.7573e-02 (1.1045e-01)	Acc pseudo  96.88 ( 95.91)	Lr 1.000e-03 (1.000e-03)
2026-01-15 01:07:36,399 - INFO: Epoch: [1][350/582]	Time  0.041 ( 0.032)	Loss 3.9785e-02 (1.1197e-01)	Acc pseudo  96.88 ( 95.94)	Lr 1.000e-03 (1.000e-03)
2026-01-15 01:07:41,070 - INFO: Epoch: [1][400/582]	Time  0.030 ( 0.032)	Loss 4.5887e-02 (1.1381e-01)	Acc pseudo  98.44 ( 95.94)	Lr 1.000e-03 (1.000e-03)
2026-01-15 01:07:45,740 - INFO: Epoch: [1][450/582]	Time  0.046 ( 0.032)	Loss 1.7672e-01 (1.1375e-01)	Acc pseudo  95.31 ( 95.97)	Lr 1.000e-03 (1.000e-03)
2026-01-15 01:07:50,403 - INFO: Epoch: [1][500/582]	Time  0.039 ( 0.032)	Loss 6.1577e-02 (1.1346e-01)	Acc pseudo  96.88 ( 96.01)	Lr 1.000e-03 (1.000e-03)
2026-01-15 01:07:55,061 - INFO: Epoch: [1][550/582]	Time  0.027 ( 0.032)	Loss 6.5049e-02 (1.1244e-01)	Acc pseudo  96.88 ( 96.02)	Lr 1.000e-03 (1.000e-03)
2026-01-15 01:07:58,034 - INFO: Round 7, Face Fine-tune Epoch 1: loss=0.1117, acc(pseudo)=96.04%
2026-01-15 01:08:57,991 - INFO: Round 7, Face Fine-tune Epoch 1: acc(valid_pseudo): 0.9949, acc: 0.8705
2026-01-15 01:08:57,991 - INFO: Round 7, Face Fine-tune Epoch 1: No improvement. Patience(epoch): 1/3
2026-01-15 01:08:58,557 - INFO: Epoch: [2][  0/582]	Time  0.526 ( 0.526)	Loss 8.2048e-02 (8.2048e-02)	Acc pseudo  96.88 ( 96.88)	Lr 1.000e-03 (1.000e-03)
2026-01-15 01:09:03,223 - INFO: Epoch: [2][ 50/582]	Time  0.032 ( 0.042)	Loss 1.7288e-01 (1.0915e-01)	Acc pseudo  92.19 ( 96.08)	Lr 1.000e-03 (1.000e-03)
2026-01-15 01:09:07,887 - INFO: Epoch: [2][100/582]	Time  0.076 ( 0.040)	Loss 6.9778e-02 (1.0230e-01)	Acc pseudo  96.88 ( 96.10)	Lr 1.000e-03 (1.000e-03)
2026-01-15 01:09:12,584 - INFO: Epoch: [2][150/582]	Time  0.036 ( 0.043)	Loss 5.1674e-02 (9.8780e-02)	Acc pseudo  96.88 ( 96.08)	Lr 1.000e-03 (1.000e-03)
2026-01-15 01:09:17,269 - INFO: Epoch: [2][200/582]	Time  0.065 ( 0.046)	Loss 6.8404e-02 (1.0280e-01)	Acc pseudo  98.44 ( 96.10)	Lr 1.000e-03 (1.000e-03)
2026-01-15 01:09:21,941 - INFO: Epoch: [2][250/582]	Time  0.035 ( 0.044)	Loss 4.2491e-02 (1.0535e-01)	Acc pseudo  98.44 ( 96.06)	Lr 1.000e-03 (1.000e-03)
2026-01-15 01:09:26,605 - INFO: Epoch: [2][300/582]	Time  0.027 ( 0.041)	Loss 6.3444e-02 (1.0267e-01)	Acc pseudo  98.44 ( 96.13)	Lr 1.000e-03 (1.000e-03)
2026-01-15 01:09:31,271 - INFO: Epoch: [2][350/582]	Time  0.029 ( 0.040)	Loss 1.2588e-01 (1.0435e-01)	Acc pseudo  95.31 ( 96.10)	Lr 1.000e-03 (1.000e-03)
2026-01-15 01:09:35,940 - INFO: Epoch: [2][400/582]	Time  0.030 ( 0.038)	Loss 1.0327e-01 (1.0267e-01)	Acc pseudo  95.31 ( 96.13)	Lr 1.000e-03 (1.000e-03)
2026-01-15 01:09:40,612 - INFO: Epoch: [2][450/582]	Time  0.028 ( 0.037)	Loss 1.4707e-01 (1.0342e-01)	Acc pseudo  93.75 ( 96.10)	Lr 1.000e-03 (1.000e-03)
2026-01-15 01:09:45,290 - INFO: Epoch: [2][500/582]	Time  0.044 ( 0.037)	Loss 9.8842e-02 (1.0323e-01)	Acc pseudo  96.88 ( 96.10)	Lr 1.000e-03 (1.000e-03)
2026-01-15 01:09:49,963 - INFO: Epoch: [2][550/582]	Time  0.032 ( 0.036)	Loss 8.5916e-02 (1.0391e-01)	Acc pseudo  98.44 ( 96.08)	Lr 1.000e-03 (1.000e-03)
2026-01-15 01:09:52,942 - INFO: Round 7, Face Fine-tune Epoch 2: loss=0.1041, acc(pseudo)=96.06%
2026-01-15 01:10:53,572 - INFO: Round 7, Face Fine-tune Epoch 2: acc(valid_pseudo): 0.9931, acc: 0.8705
2026-01-15 01:10:53,572 - INFO: Round 7, Face Fine-tune Epoch 2: No improvement. Patience(epoch): 2/3
2026-01-15 01:10:54,649 - INFO: Epoch: [3][  0/582]	Time  1.033 ( 1.033)	Loss 6.9371e-02 (6.9371e-02)	Acc pseudo  96.88 ( 96.88)	Lr 1.000e-03 (1.000e-03)
2026-01-15 01:10:59,305 - INFO: Epoch: [3][ 50/582]	Time  0.033 ( 0.051)	Loss 9.6701e-02 (1.0820e-01)	Acc pseudo  95.31 ( 95.71)	Lr 1.000e-03 (1.000e-03)
2026-01-15 01:11:03,964 - INFO: Epoch: [3][100/582]	Time  0.027 ( 0.041)	Loss 2.9927e-01 (1.0938e-01)	Acc pseudo  93.75 ( 95.85)	Lr 1.000e-03 (1.000e-03)
2026-01-15 01:11:08,627 - INFO: Epoch: [3][150/582]	Time  0.032 ( 0.036)	Loss 2.0291e-01 (1.0951e-01)	Acc pseudo  96.88 ( 95.83)	Lr 1.000e-03 (1.000e-03)
2026-01-15 01:11:13,292 - INFO: Epoch: [3][200/582]	Time  0.054 ( 0.034)	Loss 3.4871e-01 (1.1047e-01)	Acc pseudo  84.38 ( 95.83)	Lr 1.000e-03 (1.000e-03)
2026-01-15 01:11:17,971 - INFO: Epoch: [3][250/582]	Time  0.037 ( 0.034)	Loss 5.5824e-02 (1.1165e-01)	Acc pseudo  98.44 ( 95.91)	Lr 1.000e-03 (1.000e-03)
2026-01-15 01:11:22,636 - INFO: Epoch: [3][300/582]	Time  0.028 ( 0.033)	Loss 8.9018e-02 (1.0833e-01)	Acc pseudo  95.31 ( 96.00)	Lr 1.000e-03 (1.000e-03)
2026-01-15 01:11:27,302 - INFO: Epoch: [3][350/582]	Time  0.027 ( 0.033)	Loss 5.1518e-02 (1.0640e-01)	Acc pseudo  96.88 ( 96.06)	Lr 1.000e-03 (1.000e-03)
2026-01-15 01:11:31,971 - INFO: Epoch: [3][400/582]	Time  0.029 ( 0.033)	Loss 3.4079e-01 (1.0662e-01)	Acc pseudo  93.75 ( 96.05)	Lr 1.000e-03 (1.000e-03)
2026-01-15 01:11:36,770 - INFO: Epoch: [3][450/582]	Time  0.028 ( 0.033)	Loss 4.1319e-02 (1.0684e-01)	Acc pseudo  98.44 ( 95.97)	Lr 1.000e-03 (1.000e-03)
2026-01-15 01:11:41,447 - INFO: Epoch: [3][500/582]	Time  0.028 ( 0.033)	Loss 2.4349e-01 (1.0453e-01)	Acc pseudo  92.19 ( 96.03)	Lr 1.000e-03 (1.000e-03)
2026-01-15 01:11:46,133 - INFO: Epoch: [3][550/582]	Time  0.028 ( 0.033)	Loss 2.4538e-01 (1.0472e-01)	Acc pseudo  90.62 ( 96.06)	Lr 1.000e-03 (1.000e-03)
2026-01-15 01:11:49,115 - INFO: Round 7, Face Fine-tune Epoch 3: loss=0.1050, acc(pseudo)=96.05%
2026-01-15 01:12:48,349 - INFO: Round 7, Face Fine-tune Epoch 3: acc(valid_pseudo): 0.9941, acc: 0.8685
2026-01-15 01:12:48,350 - INFO: Round 7, Face Fine-tune Epoch 3: No improvement. Patience(epoch): 3/3
2026-01-15 01:12:48,350 - INFO: Early stopping at face epoch 3
2026-01-15 01:12:48,351 - INFO: Round 7: Best face fine-tuned epoch=0, acc(valid_pseudo)=0.9950
2026-01-15 01:12:48,469 - INFO: Using HMM model from previous round: runs/I love my family/exp_video/result/self_supervised/exp3/round6/pseudo_label/hmm_params.pkl
2026-01-15 02:33:42,241 - INFO: Round 7: speaker_acc=0.8700
2026-01-15 02:33:42,247 - INFO: Round 7: face_acc=0.8724
2026-01-15 02:33:42,250 - INFO: ====================
2026-01-15 02:33:42,251 - INFO: Round 8: Fine-tuning iteration
2026-01-15 02:33:42,251 - INFO: ====================
2026-01-15 02:33:42,320 - INFO: Round 8 Part 1: Fine-tuning embedding model
2026-01-15 02:33:42,321 - INFO: Using pseudo-label file: runs/I love my family/exp_video/result/self_supervised/exp3/round7/pseudo_label/pseudo_labels_audio_nested_hmm_full(unreliable_pp=100.0).json
2026-01-15 02:33:42,356 - INFO: For training, Using face pseudo-label file: runs/I love my family/exp_video/result/self_supervised/exp3/round7/pseudo_label/pseudo_labels_faces_mid_frame_train_nested_hmm_full.json
2026-01-15 02:33:42,356 - INFO: For infering, Using face pseudo-label file: runs/I love my family/exp_video/result/self_supervised/exp3/round7/pseudo_label/pseudo_labels_faces_mid_frame_all_nested_hmm_full.json
2026-01-15 02:33:42,489 - INFO: Created face dataloader with 37219 samples
2026-01-15 02:33:42,503 - INFO: Fine-tuning speaker embedding model for 20 epochs...
2026-01-15 02:33:43,042 - INFO: Epoch: [0][  0/301]	Time  0.528 ( 0.528)	Loss 1.9654e-01 (1.9654e-01)	Acc pseudo  95.31 ( 95.31)	Lr 1.000e-03 (1.000e-03)
2026-01-15 02:33:43,248 - INFO: Epoch: [0][ 50/301]	Time  0.004 ( 0.014)	Loss 4.3789e-01 (3.4163e-01)	Acc pseudo  85.94 ( 89.46)	Lr 1.000e-03 (1.000e-03)
2026-01-15 02:33:43,426 - INFO: Epoch: [0][100/301]	Time  0.004 ( 0.009)	Loss 2.9071e-01 (3.6361e-01)	Acc pseudo  89.06 ( 89.25)	Lr 1.000e-03 (1.000e-03)
2026-01-15 02:33:43,599 - INFO: Epoch: [0][150/301]	Time  0.004 ( 0.007)	Loss 2.9154e-01 (3.6243e-01)	Acc pseudo  92.19 ( 89.06)	Lr 1.000e-03 (1.000e-03)
2026-01-15 02:33:43,766 - INFO: Epoch: [0][200/301]	Time  0.007 ( 0.006)	Loss 2.8897e-01 (3.7320e-01)	Acc pseudo  92.19 ( 89.07)	Lr 1.000e-03 (1.000e-03)
2026-01-15 02:33:43,938 - INFO: Epoch: [0][250/301]	Time  0.003 ( 0.006)	Loss 3.0011e-01 (3.7609e-01)	Acc pseudo  90.62 ( 88.99)	Lr 1.000e-03 (1.000e-03)
2026-01-15 02:33:44,082 - INFO: Epoch: [0][300/301]	Time  0.002 ( 0.005)	Loss 3.9178e-01 (3.6515e-01)	Acc pseudo  88.00 ( 89.21)	Lr 1.000e-03 (1.000e-03)
2026-01-15 02:33:44,146 - INFO: Round 8, Fine-tune Epoch 0: loss=0.3652, acc(pseudo)=89.21%
2026-01-15 02:33:51,257 - INFO: Round 8, Fine-tune Epoch 0: acc(valid_pseudo): 0.9676, acc: 0.8580
2026-01-15 02:33:51,944 - INFO: Epoch: [1][  0/301]	Time  0.388 ( 0.388)	Loss 1.4726e+00 (1.4726e+00)	Acc pseudo  87.50 ( 87.50)	Lr 1.000e-03 (1.000e-03)
2026-01-15 02:33:52,131 - INFO: Epoch: [1][ 50/301]	Time  0.003 ( 0.011)	Loss 1.6049e-01 (3.3082e-01)	Acc pseudo  98.44 ( 90.72)	Lr 1.000e-03 (1.000e-03)
2026-01-15 02:33:52,297 - INFO: Epoch: [1][100/301]	Time  0.005 ( 0.007)	Loss 1.9317e-01 (3.1849e-01)	Acc pseudo  93.75 ( 90.59)	Lr 1.000e-03 (1.000e-03)
2026-01-15 02:33:52,461 - INFO: Epoch: [1][150/301]	Time  0.003 ( 0.006)	Loss 4.4732e-01 (3.1083e-01)	Acc pseudo  87.50 ( 90.67)	Lr 1.000e-03 (1.000e-03)
2026-01-15 02:33:52,620 - INFO: Epoch: [1][200/301]	Time  0.003 ( 0.005)	Loss 2.6468e-01 (3.0817e-01)	Acc pseudo  89.06 ( 90.55)	Lr 1.000e-03 (1.000e-03)
2026-01-15 02:33:52,776 - INFO: Epoch: [1][250/301]	Time  0.003 ( 0.005)	Loss 2.1156e-01 (3.1039e-01)	Acc pseudo  92.19 ( 90.45)	Lr 1.000e-03 (1.000e-03)
2026-01-15 02:33:52,925 - INFO: Epoch: [1][300/301]	Time  0.002 ( 0.004)	Loss 1.5460e-01 (3.0995e-01)	Acc pseudo  92.00 ( 90.38)	Lr 1.000e-03 (1.000e-03)
2026-01-15 02:33:52,991 - INFO: Round 8, Fine-tune Epoch 1: loss=0.3099, acc(pseudo)=90.38%
2026-01-15 02:34:01,093 - INFO: Round 8, Fine-tune Epoch 1: acc(valid_pseudo): 0.9560, acc: 0.8455
2026-01-15 02:34:01,093 - INFO: Round 8, Speaker Fine-tune Epoch 1: No improvement in validation accuracy. Patience(epoch): 1/3
2026-01-15 02:34:01,384 - INFO: Epoch: [2][  0/301]	Time  0.285 ( 0.285)	Loss 4.3854e-01 (4.3854e-01)	Acc pseudo  90.62 ( 90.62)	Lr 1.000e-03 (1.000e-03)
2026-01-15 02:34:01,583 - INFO: Epoch: [2][ 50/301]	Time  0.003 ( 0.009)	Loss 3.2945e-01 (2.8838e-01)	Acc pseudo  93.75 ( 90.78)	Lr 1.000e-03 (1.000e-03)
2026-01-15 02:34:01,744 - INFO: Epoch: [2][100/301]	Time  0.003 ( 0.006)	Loss 2.6337e-01 (2.9769e-01)	Acc pseudo  90.62 ( 90.93)	Lr 1.000e-03 (1.000e-03)
2026-01-15 02:34:01,898 - INFO: Epoch: [2][150/301]	Time  0.003 ( 0.005)	Loss 2.3938e-01 (3.0025e-01)	Acc pseudo  89.06 ( 90.61)	Lr 1.000e-03 (1.000e-03)
2026-01-15 02:34:02,054 - INFO: Epoch: [2][200/301]	Time  0.003 ( 0.005)	Loss 3.7607e-01 (2.9275e-01)	Acc pseudo  90.62 ( 90.80)	Lr 1.000e-03 (1.000e-03)
2026-01-15 02:34:02,204 - INFO: Epoch: [2][250/301]	Time  0.003 ( 0.004)	Loss 1.4798e-01 (2.9386e-01)	Acc pseudo  93.75 ( 90.56)	Lr 1.000e-03 (1.000e-03)
2026-01-15 02:34:02,355 - INFO: Epoch: [2][300/301]	Time  0.002 ( 0.004)	Loss 2.6633e-01 (2.9946e-01)	Acc pseudo  88.00 ( 90.45)	Lr 1.000e-03 (1.000e-03)
2026-01-15 02:34:02,421 - INFO: Round 8, Fine-tune Epoch 2: loss=0.2995, acc(pseudo)=90.45%
2026-01-15 02:34:10,157 - INFO: Round 8, Fine-tune Epoch 2: acc(valid_pseudo): 0.9685, acc: 0.8715
2026-01-15 02:34:10,603 - INFO: Epoch: [3][  0/301]	Time  0.258 ( 0.258)	Loss 2.4999e-01 (2.4999e-01)	Acc pseudo  89.06 ( 89.06)	Lr 1.000e-03 (1.000e-03)
2026-01-15 02:34:10,832 - INFO: Epoch: [3][ 50/301]	Time  0.003 ( 0.009)	Loss 3.5721e-01 (2.6811e-01)	Acc pseudo  87.50 ( 90.93)	Lr 1.000e-03 (1.000e-03)
2026-01-15 02:34:11,007 - INFO: Epoch: [3][100/301]	Time  0.003 ( 0.006)	Loss 2.2242e-01 (2.8165e-01)	Acc pseudo  92.19 ( 90.35)	Lr 1.000e-03 (1.000e-03)
2026-01-15 02:34:11,166 - INFO: Epoch: [3][150/301]	Time  0.003 ( 0.005)	Loss 2.1663e-01 (2.8115e-01)	Acc pseudo  89.06 ( 90.40)	Lr 1.000e-03 (1.000e-03)
2026-01-15 02:34:11,333 - INFO: Epoch: [3][200/301]	Time  0.004 ( 0.005)	Loss 2.4478e-01 (2.8400e-01)	Acc pseudo  92.19 ( 90.61)	Lr 1.000e-03 (1.000e-03)
2026-01-15 02:34:11,494 - INFO: Epoch: [3][250/301]	Time  0.003 ( 0.004)	Loss 3.3729e-01 (2.8963e-01)	Acc pseudo  85.94 ( 90.40)	Lr 1.000e-03 (1.000e-03)
2026-01-15 02:34:11,645 - INFO: Epoch: [3][300/301]	Time  0.002 ( 0.004)	Loss 1.9128e-01 (2.9298e-01)	Acc pseudo  92.00 ( 90.24)	Lr 1.000e-03 (1.000e-03)
2026-01-15 02:34:11,711 - INFO: Round 8, Fine-tune Epoch 3: loss=0.2930, acc(pseudo)=90.24%
2026-01-15 02:34:19,498 - INFO: Round 8, Fine-tune Epoch 3: acc(valid_pseudo): 0.9612, acc: 0.8560
2026-01-15 02:34:19,499 - INFO: Round 8, Speaker Fine-tune Epoch 3: No improvement in validation accuracy. Patience(epoch): 1/3
2026-01-15 02:34:19,793 - INFO: Epoch: [4][  0/301]	Time  0.289 ( 0.289)	Loss 1.8069e-01 (1.8069e-01)	Acc pseudo  93.75 ( 93.75)	Lr 1.000e-03 (1.000e-03)
2026-01-15 02:34:20,006 - INFO: Epoch: [4][ 50/301]	Time  0.004 ( 0.010)	Loss 3.0272e-01 (2.9942e-01)	Acc pseudo  87.50 ( 89.83)	Lr 1.000e-03 (1.000e-03)
2026-01-15 02:34:20,204 - INFO: Epoch: [4][100/301]	Time  0.003 ( 0.007)	Loss 2.7103e-01 (2.8926e-01)	Acc pseudo  92.19 ( 90.07)	Lr 1.000e-03 (1.000e-03)
2026-01-15 02:34:20,367 - INFO: Epoch: [4][150/301]	Time  0.003 ( 0.006)	Loss 2.0947e-01 (2.9366e-01)	Acc pseudo  90.62 ( 89.97)	Lr 1.000e-03 (1.000e-03)
2026-01-15 02:34:20,558 - INFO: Epoch: [4][200/301]	Time  0.003 ( 0.005)	Loss 1.8222e-01 (2.9333e-01)	Acc pseudo  93.75 ( 90.03)	Lr 1.000e-03 (1.000e-03)
2026-01-15 02:34:20,733 - INFO: Epoch: [4][250/301]	Time  0.004 ( 0.005)	Loss 2.4264e-01 (2.9533e-01)	Acc pseudo  90.62 ( 90.03)	Lr 1.000e-03 (1.000e-03)
2026-01-15 02:34:20,882 - INFO: Epoch: [4][300/301]	Time  0.002 ( 0.004)	Loss 2.5090e-01 (2.9885e-01)	Acc pseudo  84.00 ( 90.00)	Lr 1.000e-03 (1.000e-03)
2026-01-15 02:34:20,947 - INFO: Round 8, Fine-tune Epoch 4: loss=0.2989, acc(pseudo)=90.00%
2026-01-15 02:34:28,326 - INFO: Round 8, Fine-tune Epoch 4: acc(valid_pseudo): 0.9108, acc: 0.8125
2026-01-15 02:34:28,326 - INFO: Round 8, Speaker Fine-tune Epoch 4: No improvement in validation accuracy. Patience(epoch): 2/3
2026-01-15 02:34:28,326 - INFO: Early stopping at epoch 4 due to significant drop in pseudo-label validation accuracy: 0.9612 -> 0.9108.
2026-01-15 02:34:28,327 - INFO: Round 8: Best speaker fine-tuned epoch=2, acc(valid_pseudo)=0.9685
2026-01-15 02:34:28,332 - INFO: Fine-tuning face embedding model for 20 epochs...
2026-01-15 02:34:29,170 - INFO: Epoch: [0][  0/582]	Time  0.815 ( 0.815)	Loss 6.7345e-03 (6.7345e-03)	Acc pseudo 100.00 (100.00)	Lr 1.000e-03 (1.000e-03)
2026-01-15 02:34:33,814 - INFO: Epoch: [0][ 50/582]	Time  0.031 ( 0.050)	Loss 1.8817e-01 (8.6413e-02)	Acc pseudo  96.88 ( 97.82)	Lr 1.000e-03 (1.000e-03)
2026-01-15 02:34:38,448 - INFO: Epoch: [0][100/582]	Time  0.030 ( 0.041)	Loss 1.0760e-01 (9.9446e-02)	Acc pseudo  96.88 ( 97.31)	Lr 1.000e-03 (1.000e-03)
2026-01-15 02:34:43,093 - INFO: Epoch: [0][150/582]	Time  0.045 ( 0.041)	Loss 5.4579e-02 (1.0420e-01)	Acc pseudo  95.31 ( 97.02)	Lr 1.000e-03 (1.000e-03)
2026-01-15 02:34:47,804 - INFO: Epoch: [0][200/582]	Time  0.033 ( 0.039)	Loss 2.5654e-02 (1.0139e-01)	Acc pseudo  98.44 ( 96.84)	Lr 1.000e-03 (1.000e-03)
2026-01-15 02:34:52,470 - INFO: Epoch: [0][250/582]	Time  0.029 ( 0.038)	Loss 1.5079e-01 (1.0556e-01)	Acc pseudo  89.06 ( 96.63)	Lr 1.000e-03 (1.000e-03)
2026-01-15 02:34:57,195 - INFO: Epoch: [0][300/582]	Time  0.035 ( 0.038)	Loss 5.1075e-02 (1.0653e-01)	Acc pseudo  98.44 ( 96.62)	Lr 1.000e-03 (1.000e-03)
2026-01-15 02:35:01,852 - INFO: Epoch: [0][350/582]	Time  0.030 ( 0.037)	Loss 7.2727e-02 (1.0824e-01)	Acc pseudo  98.44 ( 96.55)	Lr 1.000e-03 (1.000e-03)
2026-01-15 02:35:06,500 - INFO: Epoch: [0][400/582]	Time  0.028 ( 0.036)	Loss 7.5943e-02 (1.0738e-01)	Acc pseudo  96.88 ( 96.55)	Lr 1.000e-03 (1.000e-03)
2026-01-15 02:35:11,148 - INFO: Epoch: [0][450/582]	Time  0.032 ( 0.036)	Loss 2.3642e-02 (1.0868e-01)	Acc pseudo 100.00 ( 96.53)	Lr 1.000e-03 (1.000e-03)
2026-01-15 02:35:15,800 - INFO: Epoch: [0][500/582]	Time  0.028 ( 0.035)	Loss 1.7515e-01 (1.0833e-01)	Acc pseudo  95.31 ( 96.55)	Lr 1.000e-03 (1.000e-03)
2026-01-15 02:35:20,454 - INFO: Epoch: [0][550/582]	Time  0.029 ( 0.035)	Loss 6.0117e-02 (1.1016e-01)	Acc pseudo  98.44 ( 96.53)	Lr 1.000e-03 (1.000e-03)
2026-01-15 02:35:23,420 - INFO: Round 8, Face Fine-tune Epoch 0: loss=0.1116, acc(pseudo)=96.51%
2026-01-15 02:36:22,904 - INFO: Round 8, Face Fine-tune Epoch 0: acc(valid_pseudo): 0.9945, acc: 0.8676
2026-01-15 02:36:23,760 - INFO: Epoch: [1][  0/582]	Time  0.493 ( 0.493)	Loss 9.6902e-02 (9.6902e-02)	Acc pseudo  98.44 ( 98.44)	Lr 1.000e-03 (1.000e-03)
2026-01-15 02:36:28,421 - INFO: Epoch: [1][ 50/582]	Time  0.030 ( 0.043)	Loss 2.0201e-02 (9.6204e-02)	Acc pseudo 100.00 ( 97.06)	Lr 1.000e-03 (1.000e-03)
2026-01-15 02:36:33,077 - INFO: Epoch: [1][100/582]	Time  0.030 ( 0.036)	Loss 2.2098e-01 (1.0111e-01)	Acc pseudo  93.75 ( 96.70)	Lr 1.000e-03 (1.000e-03)
2026-01-15 02:36:37,738 - INFO: Epoch: [1][150/582]	Time  0.028 ( 0.034)	Loss 7.2059e-02 (1.0475e-01)	Acc pseudo  96.88 ( 96.60)	Lr 1.000e-03 (1.000e-03)
2026-01-15 02:36:42,410 - INFO: Epoch: [1][200/582]	Time  0.030 ( 0.037)	Loss 6.0367e-02 (1.0100e-01)	Acc pseudo  96.88 ( 96.60)	Lr 1.000e-03 (1.000e-03)
2026-01-15 02:36:47,071 - INFO: Epoch: [1][250/582]	Time  0.029 ( 0.035)	Loss 5.5941e-02 (1.0209e-01)	Acc pseudo  96.88 ( 96.48)	Lr 1.000e-03 (1.000e-03)
2026-01-15 02:36:51,744 - INFO: Epoch: [1][300/582]	Time  0.027 ( 0.034)	Loss 6.3723e-02 (9.7640e-02)	Acc pseudo  95.31 ( 96.55)	Lr 1.000e-03 (1.000e-03)
2026-01-15 02:36:56,414 - INFO: Epoch: [1][350/582]	Time  0.029 ( 0.034)	Loss 1.8722e-02 (1.0102e-01)	Acc pseudo 100.00 ( 96.52)	Lr 1.000e-03 (1.000e-03)
2026-01-15 02:37:01,081 - INFO: Epoch: [1][400/582]	Time  0.032 ( 0.033)	Loss 2.5623e-02 (1.0139e-01)	Acc pseudo  98.44 ( 96.46)	Lr 1.000e-03 (1.000e-03)
2026-01-15 02:37:05,752 - INFO: Epoch: [1][450/582]	Time  0.027 ( 0.033)	Loss 7.0351e-02 (1.0233e-01)	Acc pseudo  96.88 ( 96.40)	Lr 1.000e-03 (1.000e-03)
2026-01-15 02:37:10,426 - INFO: Epoch: [1][500/582]	Time  0.040 ( 0.033)	Loss 1.1195e-01 (1.0321e-01)	Acc pseudo  95.31 ( 96.39)	Lr 1.000e-03 (1.000e-03)
2026-01-15 02:37:15,108 - INFO: Epoch: [1][550/582]	Time  0.065 ( 0.033)	Loss 1.4903e-02 (1.0262e-01)	Acc pseudo 100.00 ( 96.39)	Lr 1.000e-03 (1.000e-03)
2026-01-15 02:37:18,092 - INFO: Round 8, Face Fine-tune Epoch 1: loss=0.1022, acc(pseudo)=96.38%
2026-01-15 02:38:17,033 - INFO: Round 8, Face Fine-tune Epoch 1: acc(valid_pseudo): 0.9943, acc: 0.8763
2026-01-15 02:38:17,033 - INFO: Round 8, Face Fine-tune Epoch 1: No improvement. Patience(epoch): 1/3
2026-01-15 02:38:17,616 - INFO: Epoch: [2][  0/582]	Time  0.540 ( 0.540)	Loss 6.1708e-02 (6.1708e-02)	Acc pseudo  96.88 ( 96.88)	Lr 1.000e-03 (1.000e-03)
2026-01-15 02:38:22,300 - INFO: Epoch: [2][ 50/582]	Time  0.034 ( 0.047)	Loss 3.4840e-02 (8.7536e-02)	Acc pseudo  98.44 ( 96.26)	Lr 1.000e-03 (1.000e-03)
2026-01-15 02:38:26,965 - INFO: Epoch: [2][100/582]	Time  0.029 ( 0.040)	Loss 1.3087e-01 (9.2538e-02)	Acc pseudo  92.19 ( 96.24)	Lr 1.000e-03 (1.000e-03)
2026-01-15 02:38:31,626 - INFO: Epoch: [2][150/582]	Time  0.028 ( 0.037)	Loss 1.2633e-01 (9.3232e-02)	Acc pseudo  96.88 ( 96.26)	Lr 1.000e-03 (1.000e-03)
2026-01-15 02:38:36,290 - INFO: Epoch: [2][200/582]	Time  0.028 ( 0.035)	Loss 3.8064e-02 (9.4448e-02)	Acc pseudo  98.44 ( 96.35)	Lr 1.000e-03 (1.000e-03)
2026-01-15 02:38:40,962 - INFO: Epoch: [2][250/582]	Time  0.027 ( 0.033)	Loss 1.5910e-02 (9.2933e-02)	Acc pseudo 100.00 ( 96.38)	Lr 1.000e-03 (1.000e-03)
2026-01-15 02:38:45,634 - INFO: Epoch: [2][300/582]	Time  0.028 ( 0.033)	Loss 2.1247e-01 (9.4569e-02)	Acc pseudo  95.31 ( 96.30)	Lr 1.000e-03 (1.000e-03)
2026-01-15 02:38:50,302 - INFO: Epoch: [2][350/582]	Time  0.038 ( 0.033)	Loss 4.9745e-02 (9.2828e-02)	Acc pseudo  98.44 ( 96.35)	Lr 1.000e-03 (1.000e-03)
2026-01-15 02:38:54,969 - INFO: Epoch: [2][400/582]	Time  0.038 ( 0.032)	Loss 1.2054e-01 (9.3425e-02)	Acc pseudo  95.31 ( 96.39)	Lr 1.000e-03 (1.000e-03)
2026-01-15 02:38:59,640 - INFO: Epoch: [2][450/582]	Time  0.028 ( 0.032)	Loss 6.8885e-02 (9.2710e-02)	Acc pseudo  98.44 ( 96.43)	Lr 1.000e-03 (1.000e-03)
2026-01-15 02:39:04,323 - INFO: Epoch: [2][500/582]	Time  0.028 ( 0.032)	Loss 9.7894e-02 (9.2830e-02)	Acc pseudo  95.31 ( 96.40)	Lr 1.000e-03 (1.000e-03)
2026-01-15 02:39:09,002 - INFO: Epoch: [2][550/582]	Time  0.028 ( 0.032)	Loss 1.1482e-01 (9.2281e-02)	Acc pseudo  95.31 ( 96.41)	Lr 1.000e-03 (1.000e-03)
2026-01-15 02:39:11,981 - INFO: Round 8, Face Fine-tune Epoch 2: loss=0.0916, acc(pseudo)=96.45%
2026-01-15 02:40:12,003 - INFO: Round 8, Face Fine-tune Epoch 2: acc(valid_pseudo): 0.9939, acc: 0.8744
2026-01-15 02:40:12,004 - INFO: Round 8, Face Fine-tune Epoch 2: No improvement. Patience(epoch): 2/3
2026-01-15 02:40:12,550 - INFO: Epoch: [3][  0/582]	Time  0.507 ( 0.507)	Loss 5.3258e-02 (5.3258e-02)	Acc pseudo  98.44 ( 98.44)	Lr 1.000e-03 (1.000e-03)
2026-01-15 02:40:17,218 - INFO: Epoch: [3][ 50/582]	Time  0.029 ( 0.043)	Loss 8.4892e-02 (9.8599e-02)	Acc pseudo  96.88 ( 96.45)	Lr 1.000e-03 (1.000e-03)
2026-01-15 02:40:21,888 - INFO: Epoch: [3][100/582]	Time  0.032 ( 0.038)	Loss 5.9568e-02 (1.0766e-01)	Acc pseudo  98.44 ( 96.24)	Lr 1.000e-03 (1.000e-03)
2026-01-15 02:40:26,567 - INFO: Epoch: [3][150/582]	Time  0.029 ( 0.036)	Loss 1.3501e-01 (1.0011e-01)	Acc pseudo  93.75 ( 96.38)	Lr 1.000e-03 (1.000e-03)
2026-01-15 02:40:31,238 - INFO: Epoch: [3][200/582]	Time  0.028 ( 0.034)	Loss 2.7247e-01 (9.8470e-02)	Acc pseudo  92.19 ( 96.54)	Lr 1.000e-03 (1.000e-03)
2026-01-15 02:40:35,916 - INFO: Epoch: [3][250/582]	Time  0.041 ( 0.034)	Loss 6.5909e-02 (9.8379e-02)	Acc pseudo  95.31 ( 96.57)	Lr 1.000e-03 (1.000e-03)
2026-01-15 02:40:40,593 - INFO: Epoch: [3][300/582]	Time  0.030 ( 0.033)	Loss 6.4748e-02 (9.6976e-02)	Acc pseudo  96.88 ( 96.54)	Lr 1.000e-03 (1.000e-03)
2026-01-15 02:40:45,274 - INFO: Epoch: [3][350/582]	Time  0.031 ( 0.033)	Loss 9.9147e-02 (9.5949e-02)	Acc pseudo  92.19 ( 96.55)	Lr 1.000e-03 (1.000e-03)
2026-01-15 02:40:49,953 - INFO: Epoch: [3][400/582]	Time  0.029 ( 0.033)	Loss 7.5268e-02 (9.5563e-02)	Acc pseudo  96.88 ( 96.58)	Lr 1.000e-03 (1.000e-03)
2026-01-15 02:40:54,629 - INFO: Epoch: [3][450/582]	Time  0.028 ( 0.032)	Loss 2.0864e-01 (9.7777e-02)	Acc pseudo  96.88 ( 96.48)	Lr 1.000e-03 (1.000e-03)
2026-01-15 02:40:59,300 - INFO: Epoch: [3][500/582]	Time  0.036 ( 0.032)	Loss 3.9910e-02 (9.5928e-02)	Acc pseudo  98.44 ( 96.55)	Lr 1.000e-03 (1.000e-03)
2026-01-15 02:41:03,975 - INFO: Epoch: [3][550/582]	Time  0.030 ( 0.032)	Loss 1.5955e-01 (9.4538e-02)	Acc pseudo  93.75 ( 96.58)	Lr 1.000e-03 (1.000e-03)
2026-01-15 02:41:06,994 - INFO: Round 8, Face Fine-tune Epoch 3: loss=0.0964, acc(pseudo)=96.55%
2026-01-15 02:42:06,808 - INFO: Round 8, Face Fine-tune Epoch 3: acc(valid_pseudo): 0.9941, acc: 0.8705
2026-01-15 02:42:06,809 - INFO: Round 8, Face Fine-tune Epoch 3: No improvement. Patience(epoch): 3/3
2026-01-15 02:42:06,809 - INFO: Early stopping at face epoch 3
2026-01-15 02:42:06,810 - INFO: Round 8: Best face fine-tuned epoch=0, acc(valid_pseudo)=0.9945
2026-01-15 02:42:06,928 - INFO: Using HMM model from previous round: runs/I love my family/exp_video/result/self_supervised/exp3/round7/pseudo_label/hmm_params.pkl
2026-01-15 04:06:38,665 - INFO: Round 8: speaker_acc=0.8795
2026-01-15 04:06:38,673 - INFO: Round 8: face_acc=0.8676
2026-01-15 04:06:38,675 - INFO: ====================
2026-01-15 04:06:38,676 - INFO: Round 9: Fine-tuning iteration
2026-01-15 04:06:38,676 - INFO: ====================
2026-01-15 04:06:38,779 - INFO: Round 9 Part 1: Fine-tuning embedding model
2026-01-15 04:06:38,781 - INFO: Using pseudo-label file: runs/I love my family/exp_video/result/self_supervised/exp3/round8/pseudo_label/pseudo_labels_audio_nested_hmm_full(unreliable_pp=100.0).json
2026-01-15 04:06:38,853 - INFO: For training, Using face pseudo-label file: runs/I love my family/exp_video/result/self_supervised/exp3/round8/pseudo_label/pseudo_labels_faces_mid_frame_train_nested_hmm_full.json
2026-01-15 04:06:38,853 - INFO: For infering, Using face pseudo-label file: runs/I love my family/exp_video/result/self_supervised/exp3/round8/pseudo_label/pseudo_labels_faces_mid_frame_all_nested_hmm_full.json
2026-01-15 04:06:39,100 - INFO: Created face dataloader with 37219 samples
2026-01-15 04:06:39,123 - INFO: Fine-tuning speaker embedding model for 20 epochs...
2026-01-15 04:06:39,698 - INFO: Epoch: [0][  0/301]	Time  0.557 ( 0.557)	Loss 2.8530e-01 (2.8530e-01)	Acc pseudo  87.50 ( 87.50)	Lr 1.000e-03 (1.000e-03)
2026-01-15 04:06:39,895 - INFO: Epoch: [0][ 50/301]	Time  0.004 ( 0.015)	Loss 4.5385e-01 (3.2770e-01)	Acc pseudo  85.94 ( 90.07)	Lr 1.000e-03 (1.000e-03)
2026-01-15 04:06:40,088 - INFO: Epoch: [0][100/301]	Time  0.003 ( 0.009)	Loss 2.9110e-01 (3.3674e-01)	Acc pseudo  89.06 ( 90.28)	Lr 1.000e-03 (1.000e-03)
2026-01-15 04:06:40,262 - INFO: Epoch: [0][150/301]	Time  0.003 ( 0.007)	Loss 2.1571e-01 (3.4447e-01)	Acc pseudo  92.19 ( 90.16)	Lr 1.000e-03 (1.000e-03)
2026-01-15 04:06:40,414 - INFO: Epoch: [0][200/301]	Time  0.003 ( 0.006)	Loss 1.3496e-01 (3.5355e-01)	Acc pseudo  95.31 ( 89.98)	Lr 1.000e-03 (1.000e-03)
2026-01-15 04:06:40,588 - INFO: Epoch: [0][250/301]	Time  0.003 ( 0.006)	Loss 2.4342e-01 (3.6009e-01)	Acc pseudo  85.94 ( 89.67)	Lr 1.000e-03 (1.000e-03)
2026-01-15 04:06:40,739 - INFO: Epoch: [0][300/301]	Time  0.003 ( 0.005)	Loss 3.6218e-01 (3.5730e-01)	Acc pseudo  92.00 ( 89.76)	Lr 1.000e-03 (1.000e-03)
2026-01-15 04:06:40,804 - INFO: Round 9, Fine-tune Epoch 0: loss=0.3573, acc(pseudo)=89.76%
2026-01-15 04:06:48,403 - INFO: Round 9, Fine-tune Epoch 0: acc(valid_pseudo): 0.9705, acc: 0.8650
2026-01-15 04:06:48,907 - INFO: Epoch: [1][  0/301]	Time  0.319 ( 0.319)	Loss 2.9633e-01 (2.9633e-01)	Acc pseudo  90.62 ( 90.62)	Lr 1.000e-03 (1.000e-03)
2026-01-15 04:06:49,090 - INFO: Epoch: [1][ 50/301]	Time  0.004 ( 0.010)	Loss 1.3404e-01 (3.0755e-01)	Acc pseudo  96.88 ( 90.35)	Lr 1.000e-03 (1.000e-03)
2026-01-15 04:06:49,259 - INFO: Epoch: [1][100/301]	Time  0.003 ( 0.007)	Loss 1.4733e-01 (3.1912e-01)	Acc pseudo  93.75 ( 90.19)	Lr 1.000e-03 (1.000e-03)
2026-01-15 04:06:49,424 - INFO: Epoch: [1][150/301]	Time  0.003 ( 0.005)	Loss 5.2205e-01 (3.0432e-01)	Acc pseudo  82.81 ( 90.43)	Lr 1.000e-03 (1.000e-03)
2026-01-15 04:06:49,592 - INFO: Epoch: [1][200/301]	Time  0.003 ( 0.005)	Loss 2.2727e-01 (2.9875e-01)	Acc pseudo  92.19 ( 90.59)	Lr 1.000e-03 (1.000e-03)
2026-01-15 04:06:49,783 - INFO: Epoch: [1][250/301]	Time  0.003 ( 0.005)	Loss 2.8674e-01 (3.0661e-01)	Acc pseudo  90.62 ( 90.36)	Lr 1.000e-03 (1.000e-03)
2026-01-15 04:06:49,931 - INFO: Epoch: [1][300/301]	Time  0.002 ( 0.004)	Loss 1.2653e-01 (3.1301e-01)	Acc pseudo 100.00 ( 90.31)	Lr 1.000e-03 (1.000e-03)
2026-01-15 04:06:49,999 - INFO: Round 9, Fine-tune Epoch 1: loss=0.3130, acc(pseudo)=90.31%
2026-01-15 04:06:57,769 - INFO: Round 9, Fine-tune Epoch 1: acc(valid_pseudo): 0.9679, acc: 0.8630
2026-01-15 04:06:57,770 - INFO: Round 9, Speaker Fine-tune Epoch 1: No improvement in validation accuracy. Patience(epoch): 1/3
2026-01-15 04:06:58,034 - INFO: Epoch: [2][  0/301]	Time  0.258 ( 0.258)	Loss 4.1282e-01 (4.1282e-01)	Acc pseudo  90.62 ( 90.62)	Lr 1.000e-03 (1.000e-03)
2026-01-15 04:06:58,236 - INFO: Epoch: [2][ 50/301]	Time  0.004 ( 0.009)	Loss 3.5902e-01 (2.9619e-01)	Acc pseudo  95.31 ( 90.56)	Lr 1.000e-03 (1.000e-03)
2026-01-15 04:06:58,409 - INFO: Epoch: [2][100/301]	Time  0.003 ( 0.006)	Loss 2.8632e-01 (2.8295e-01)	Acc pseudo  90.62 ( 90.93)	Lr 1.000e-03 (1.000e-03)
2026-01-15 04:06:58,576 - INFO: Epoch: [2][150/301]	Time  0.003 ( 0.005)	Loss 3.8686e-01 (2.8536e-01)	Acc pseudo  90.62 ( 90.54)	Lr 1.000e-03 (1.000e-03)
2026-01-15 04:06:58,741 - INFO: Epoch: [2][200/301]	Time  0.003 ( 0.005)	Loss 2.8534e-01 (2.8410e-01)	Acc pseudo  92.19 ( 90.68)	Lr 1.000e-03 (1.000e-03)
2026-01-15 04:06:58,894 - INFO: Epoch: [2][250/301]	Time  0.003 ( 0.004)	Loss 1.7026e-01 (2.9599e-01)	Acc pseudo  93.75 ( 90.39)	Lr 1.000e-03 (1.000e-03)
2026-01-15 04:06:59,038 - INFO: Epoch: [2][300/301]	Time  0.002 ( 0.004)	Loss 1.8503e-01 (3.0170e-01)	Acc pseudo  96.00 ( 90.29)	Lr 1.000e-03 (1.000e-03)
2026-01-15 04:06:59,107 - INFO: Round 9, Fine-tune Epoch 2: loss=0.3017, acc(pseudo)=90.29%
2026-01-15 04:07:06,817 - INFO: Round 9, Fine-tune Epoch 2: acc(valid_pseudo): 0.9644, acc: 0.8605
2026-01-15 04:07:06,818 - INFO: Round 9, Speaker Fine-tune Epoch 2: No improvement in validation accuracy. Patience(epoch): 2/3
2026-01-15 04:07:07,065 - INFO: Epoch: [3][  0/301]	Time  0.242 ( 0.242)	Loss 1.9759e-01 (1.9759e-01)	Acc pseudo  90.62 ( 90.62)	Lr 1.000e-03 (1.000e-03)
2026-01-15 04:07:07,253 - INFO: Epoch: [3][ 50/301]	Time  0.003 ( 0.008)	Loss 3.3268e-01 (2.6541e-01)	Acc pseudo  87.50 ( 90.99)	Lr 1.000e-03 (1.000e-03)
2026-01-15 04:07:07,420 - INFO: Epoch: [3][100/301]	Time  0.003 ( 0.006)	Loss 2.8801e-01 (2.8035e-01)	Acc pseudo  93.75 ( 90.44)	Lr 1.000e-03 (1.000e-03)
2026-01-15 04:07:07,635 - INFO: Epoch: [3][150/301]	Time  0.003 ( 0.005)	Loss 2.4758e-01 (2.8150e-01)	Acc pseudo  89.06 ( 90.48)	Lr 1.000e-03 (1.000e-03)
2026-01-15 04:07:07,813 - INFO: Epoch: [3][200/301]	Time  0.004 ( 0.005)	Loss 2.8234e-01 (2.8521e-01)	Acc pseudo  89.06 ( 90.47)	Lr 1.000e-03 (1.000e-03)
2026-01-15 04:07:07,999 - INFO: Epoch: [3][250/301]	Time  0.003 ( 0.005)	Loss 3.5777e-01 (2.8653e-01)	Acc pseudo  87.50 ( 90.54)	Lr 1.000e-03 (1.000e-03)
2026-01-15 04:07:08,149 - INFO: Epoch: [3][300/301]	Time  0.002 ( 0.004)	Loss 2.1351e-01 (2.8624e-01)	Acc pseudo  88.00 ( 90.47)	Lr 1.000e-03 (1.000e-03)
2026-01-15 04:07:08,219 - INFO: Round 9, Fine-tune Epoch 3: loss=0.2862, acc(pseudo)=90.47%
2026-01-15 04:07:17,425 - INFO: Round 9, Fine-tune Epoch 3: acc(valid_pseudo): 0.9670, acc: 0.8650
2026-01-15 04:07:17,426 - INFO: Round 9, Speaker Fine-tune Epoch 3: No improvement in validation accuracy. Patience(epoch): 3/3
2026-01-15 04:07:17,426 - INFO: Early stopping at epoch 3 due to no improvement in validation accuracy for 3 epochs.
2026-01-15 04:07:17,427 - INFO: Round 9: Best speaker fine-tuned epoch=0, acc(valid_pseudo)=0.9705
2026-01-15 04:07:17,435 - INFO: Fine-tuning face embedding model for 20 epochs...
2026-01-15 04:07:19,033 - INFO: Epoch: [0][  0/582]	Time  1.561 ( 1.561)	Loss 3.3493e-01 (3.3493e-01)	Acc pseudo  95.31 ( 95.31)	Lr 1.000e-03 (1.000e-03)
2026-01-15 04:07:23,671 - INFO: Epoch: [0][ 50/582]	Time  0.029 ( 0.064)	Loss 5.6440e-02 (1.4336e-01)	Acc pseudo  96.88 ( 97.52)	Lr 1.000e-03 (1.000e-03)
2026-01-15 04:07:28,303 - INFO: Epoch: [0][100/582]	Time  0.031 ( 0.047)	Loss 5.5493e-02 (1.2254e-01)	Acc pseudo 100.00 ( 97.42)	Lr 1.000e-03 (1.000e-03)
2026-01-15 04:07:32,945 - INFO: Epoch: [0][150/582]	Time  0.030 ( 0.042)	Loss 1.5063e-01 (1.1817e-01)	Acc pseudo  96.88 ( 97.26)	Lr 1.000e-03 (1.000e-03)
2026-01-15 04:07:37,592 - INFO: Epoch: [0][200/582]	Time  0.030 ( 0.040)	Loss 5.4468e-02 (1.1768e-01)	Acc pseudo  98.44 ( 97.10)	Lr 1.000e-03 (1.000e-03)
2026-01-15 04:07:42,248 - INFO: Epoch: [0][250/582]	Time  0.036 ( 0.038)	Loss 1.9913e-01 (1.2845e-01)	Acc pseudo  95.31 ( 96.81)	Lr 1.000e-03 (1.000e-03)
2026-01-15 04:07:46,901 - INFO: Epoch: [0][300/582]	Time  0.057 ( 0.037)	Loss 8.1648e-02 (1.3169e-01)	Acc pseudo  95.31 ( 96.75)	Lr 1.000e-03 (1.000e-03)
2026-01-15 04:07:51,560 - INFO: Epoch: [0][350/582]	Time  0.030 ( 0.037)	Loss 9.7848e-02 (1.3095e-01)	Acc pseudo  96.88 ( 96.69)	Lr 1.000e-03 (1.000e-03)
2026-01-15 04:07:56,206 - INFO: Epoch: [0][400/582]	Time  0.029 ( 0.036)	Loss 4.3276e-02 (1.3232e-01)	Acc pseudo  98.44 ( 96.57)	Lr 1.000e-03 (1.000e-03)
2026-01-15 04:08:01,816 - INFO: Epoch: [0][450/582]	Time  0.032 ( 0.038)	Loss 3.5636e-01 (1.3452e-01)	Acc pseudo  96.88 ( 96.51)	Lr 1.000e-03 (1.000e-03)
2026-01-15 04:08:07,449 - INFO: Epoch: [0][500/582]	Time  0.031 ( 0.039)	Loss 1.0265e-01 (1.3392e-01)	Acc pseudo  96.88 ( 96.49)	Lr 1.000e-03 (1.000e-03)
2026-01-15 04:08:12,103 - INFO: Epoch: [0][550/582]	Time  0.030 ( 0.039)	Loss 1.3683e-01 (1.3351e-01)	Acc pseudo  92.19 ( 96.48)	Lr 1.000e-03 (1.000e-03)
2026-01-15 04:08:15,098 - INFO: Round 9, Face Fine-tune Epoch 0: loss=0.1351, acc(pseudo)=96.45%
2026-01-15 04:09:14,674 - INFO: Round 9, Face Fine-tune Epoch 0: acc(valid_pseudo): 0.9933, acc: 0.8715
2026-01-15 04:09:15,972 - INFO: Epoch: [1][  0/582]	Time  0.597 ( 0.597)	Loss 4.4657e-02 (4.4657e-02)	Acc pseudo 100.00 (100.00)	Lr 1.000e-03 (1.000e-03)
2026-01-15 04:09:20,642 - INFO: Epoch: [1][ 50/582]	Time  0.032 ( 0.046)	Loss 2.3119e-01 (9.3362e-02)	Acc pseudo  93.75 ( 96.51)	Lr 1.000e-03 (1.000e-03)
2026-01-15 04:09:25,316 - INFO: Epoch: [1][100/582]	Time  0.034 ( 0.040)	Loss 2.3590e-01 (1.0210e-01)	Acc pseudo  93.75 ( 96.69)	Lr 1.000e-03 (1.000e-03)
2026-01-15 04:09:29,992 - INFO: Epoch: [1][150/582]	Time  0.043 ( 0.038)	Loss 9.3674e-02 (1.0909e-01)	Acc pseudo  96.88 ( 96.56)	Lr 1.000e-03 (1.000e-03)
2026-01-15 04:09:34,670 - INFO: Epoch: [1][200/582]	Time  0.030 ( 0.037)	Loss 3.5867e-02 (1.0136e-01)	Acc pseudo  98.44 ( 96.74)	Lr 1.000e-03 (1.000e-03)
2026-01-15 04:09:39,348 - INFO: Epoch: [1][250/582]	Time  0.030 ( 0.036)	Loss 3.2109e-02 (9.9086e-02)	Acc pseudo  98.44 ( 96.76)	Lr 1.000e-03 (1.000e-03)
2026-01-15 04:09:44,021 - INFO: Epoch: [1][300/582]	Time  0.038 ( 0.036)	Loss 3.0135e-01 (9.7335e-02)	Acc pseudo  93.75 ( 96.76)	Lr 1.000e-03 (1.000e-03)
2026-01-15 04:09:48,698 - INFO: Epoch: [1][350/582]	Time  0.029 ( 0.036)	Loss 1.3337e-02 (9.7091e-02)	Acc pseudo 100.00 ( 96.75)	Lr 1.000e-03 (1.000e-03)
2026-01-15 04:09:53,375 - INFO: Epoch: [1][400/582]	Time  0.029 ( 0.036)	Loss 7.2121e-02 (1.0009e-01)	Acc pseudo  96.88 ( 96.68)	Lr 1.000e-03 (1.000e-03)
2026-01-15 04:09:58,047 - INFO: Epoch: [1][450/582]	Time  0.029 ( 0.035)	Loss 1.7732e-01 (1.0175e-01)	Acc pseudo  95.31 ( 96.65)	Lr 1.000e-03 (1.000e-03)
2026-01-15 04:10:02,715 - INFO: Epoch: [1][500/582]	Time  0.029 ( 0.035)	Loss 1.1390e-01 (1.0119e-01)	Acc pseudo  93.75 ( 96.62)	Lr 1.000e-03 (1.000e-03)
2026-01-15 04:10:07,382 - INFO: Epoch: [1][550/582]	Time  0.031 ( 0.034)	Loss 1.5693e-01 (1.0151e-01)	Acc pseudo  95.31 ( 96.63)	Lr 1.000e-03 (1.000e-03)
2026-01-15 04:10:10,360 - INFO: Round 9, Face Fine-tune Epoch 1: loss=0.1002, acc(pseudo)=96.65%
2026-01-15 04:11:10,804 - INFO: Round 9, Face Fine-tune Epoch 1: acc(valid_pseudo): 0.9949, acc: 0.8783
2026-01-15 04:11:11,721 - INFO: Epoch: [2][  0/582]	Time  0.538 ( 0.538)	Loss 9.0207e-02 (9.0207e-02)	Acc pseudo  95.31 ( 95.31)	Lr 1.000e-03 (1.000e-03)
2026-01-15 04:11:16,383 - INFO: Epoch: [2][ 50/582]	Time  0.036 ( 0.045)	Loss 5.9713e-02 (9.3620e-02)	Acc pseudo  95.31 ( 96.75)	Lr 1.000e-03 (1.000e-03)
2026-01-15 04:11:21,066 - INFO: Epoch: [2][100/582]	Time  0.030 ( 0.040)	Loss 4.8415e-02 (8.5524e-02)	Acc pseudo  98.44 ( 96.95)	Lr 1.000e-03 (1.000e-03)
2026-01-15 04:11:25,739 - INFO: Epoch: [2][150/582]	Time  0.030 ( 0.037)	Loss 1.8734e-01 (8.8942e-02)	Acc pseudo  96.88 ( 96.93)	Lr 1.000e-03 (1.000e-03)
2026-01-15 04:11:30,414 - INFO: Epoch: [2][200/582]	Time  0.033 ( 0.035)	Loss 9.6237e-02 (9.5865e-02)	Acc pseudo  98.44 ( 96.79)	Lr 1.000e-03 (1.000e-03)
2026-01-15 04:11:35,094 - INFO: Epoch: [2][250/582]	Time  0.048 ( 0.036)	Loss 1.0087e-01 (9.8527e-02)	Acc pseudo  96.88 ( 96.71)	Lr 1.000e-03 (1.000e-03)
2026-01-15 04:11:39,855 - INFO: Epoch: [2][300/582]	Time  0.033 ( 0.036)	Loss 6.7444e-02 (1.0189e-01)	Acc pseudo  96.88 ( 96.59)	Lr 1.000e-03 (1.000e-03)
2026-01-15 04:11:44,537 - INFO: Epoch: [2][350/582]	Time  0.044 ( 0.035)	Loss 5.9997e-02 (1.0246e-01)	Acc pseudo  96.88 ( 96.56)	Lr 1.000e-03 (1.000e-03)
2026-01-15 04:11:49,205 - INFO: Epoch: [2][400/582]	Time  0.030 ( 0.035)	Loss 8.3361e-02 (1.0198e-01)	Acc pseudo  98.44 ( 96.54)	Lr 1.000e-03 (1.000e-03)
2026-01-15 04:11:53,882 - INFO: Epoch: [2][450/582]	Time  0.040 ( 0.034)	Loss 3.1188e-02 (1.0147e-01)	Acc pseudo  98.44 ( 96.54)	Lr 1.000e-03 (1.000e-03)
2026-01-15 04:11:58,563 - INFO: Epoch: [2][500/582]	Time  0.029 ( 0.034)	Loss 5.5264e-02 (9.9729e-02)	Acc pseudo  96.88 ( 96.57)	Lr 1.000e-03 (1.000e-03)
2026-01-15 04:12:03,242 - INFO: Epoch: [2][550/582]	Time  0.029 ( 0.034)	Loss 1.0971e-01 (9.9120e-02)	Acc pseudo  89.06 ( 96.57)	Lr 1.000e-03 (1.000e-03)
2026-01-15 04:12:06,220 - INFO: Round 9, Face Fine-tune Epoch 2: loss=0.0988, acc(pseudo)=96.59%
2026-01-15 04:13:05,747 - INFO: Round 9, Face Fine-tune Epoch 2: acc(valid_pseudo): 0.9934, acc: 0.8734
2026-01-15 04:13:05,747 - INFO: Round 9, Face Fine-tune Epoch 2: No improvement. Patience(epoch): 1/3
2026-01-15 04:13:06,300 - INFO: Epoch: [3][  0/582]	Time  0.507 ( 0.507)	Loss 1.6580e-01 (1.6580e-01)	Acc pseudo  93.75 ( 93.75)	Lr 1.000e-03 (1.000e-03)
2026-01-15 04:13:10,989 - INFO: Epoch: [3][ 50/582]	Time  0.034 ( 0.042)	Loss 8.1074e-02 (8.4008e-02)	Acc pseudo  98.44 ( 96.78)	Lr 1.000e-03 (1.000e-03)
2026-01-15 04:13:15,674 - INFO: Epoch: [3][100/582]	Time  0.033 ( 0.037)	Loss 2.3668e-02 (8.6320e-02)	Acc pseudo 100.00 ( 96.80)	Lr 1.000e-03 (1.000e-03)
2026-01-15 04:13:20,347 - INFO: Epoch: [3][150/582]	Time  0.039 ( 0.036)	Loss 1.6537e-01 (8.7800e-02)	Acc pseudo  96.88 ( 96.74)	Lr 1.000e-03 (1.000e-03)
2026-01-15 04:13:25,021 - INFO: Epoch: [3][200/582]	Time  0.028 ( 0.034)	Loss 3.6160e-01 (8.9803e-02)	Acc pseudo  93.75 ( 96.81)	Lr 1.000e-03 (1.000e-03)
2026-01-15 04:13:29,697 - INFO: Epoch: [3][250/582]	Time  0.029 ( 0.034)	Loss 1.5250e-01 (8.8626e-02)	Acc pseudo  93.75 ( 96.81)	Lr 1.000e-03 (1.000e-03)
2026-01-15 04:13:34,373 - INFO: Epoch: [3][300/582]	Time  0.037 ( 0.033)	Loss 4.2544e-02 (9.1972e-02)	Acc pseudo  98.44 ( 96.81)	Lr 1.000e-03 (1.000e-03)
2026-01-15 04:13:39,061 - INFO: Epoch: [3][350/582]	Time  0.037 ( 0.033)	Loss 4.6655e-02 (9.0164e-02)	Acc pseudo  98.44 ( 96.83)	Lr 1.000e-03 (1.000e-03)
2026-01-15 04:13:43,765 - INFO: Epoch: [3][400/582]	Time  0.028 ( 0.033)	Loss 6.6107e-02 (9.0212e-02)	Acc pseudo  96.88 ( 96.83)	Lr 1.000e-03 (1.000e-03)
2026-01-15 04:13:48,439 - INFO: Epoch: [3][450/582]	Time  0.029 ( 0.033)	Loss 3.4025e-02 (8.9633e-02)	Acc pseudo  98.44 ( 96.81)	Lr 1.000e-03 (1.000e-03)
2026-01-15 04:13:53,109 - INFO: Epoch: [3][500/582]	Time  0.030 ( 0.033)	Loss 9.4037e-02 (9.0177e-02)	Acc pseudo  96.88 ( 96.82)	Lr 1.000e-03 (1.000e-03)
2026-01-15 04:13:57,785 - INFO: Epoch: [3][550/582]	Time  0.029 ( 0.032)	Loss 1.8970e-01 (8.9585e-02)	Acc pseudo  92.19 ( 96.78)	Lr 1.000e-03 (1.000e-03)
2026-01-15 04:14:00,798 - INFO: Round 9, Face Fine-tune Epoch 3: loss=0.0907, acc(pseudo)=96.74%
2026-01-15 04:15:01,017 - INFO: Round 9, Face Fine-tune Epoch 3: acc(valid_pseudo): 0.9947, acc: 0.8734
2026-01-15 04:15:01,018 - INFO: Round 9, Face Fine-tune Epoch 3: No improvement. Patience(epoch): 2/3
2026-01-15 04:15:01,622 - INFO: Epoch: [4][  0/582]	Time  0.577 ( 0.577)	Loss 1.3825e-01 (1.3825e-01)	Acc pseudo  93.75 ( 93.75)	Lr 1.000e-03 (1.000e-03)
2026-01-15 04:15:06,309 - INFO: Epoch: [4][ 50/582]	Time  0.029 ( 0.045)	Loss 1.7977e-01 (2.0080e-01)	Acc pseudo  93.75 ( 93.93)	Lr 1.000e-03 (1.000e-03)
2026-01-15 04:15:10,981 - INFO: Epoch: [4][100/582]	Time  0.034 ( 0.039)	Loss 2.6715e-01 (1.8235e-01)	Acc pseudo  89.06 ( 93.86)	Lr 1.000e-03 (1.000e-03)
2026-01-15 04:15:15,653 - INFO: Epoch: [4][150/582]	Time  0.030 ( 0.036)	Loss 1.5237e-01 (1.9325e-01)	Acc pseudo  96.88 ( 93.63)	Lr 1.000e-03 (1.000e-03)
2026-01-15 04:15:20,324 - INFO: Epoch: [4][200/582]	Time  0.030 ( 0.035)	Loss 1.5683e-01 (1.8774e-01)	Acc pseudo  92.19 ( 93.66)	Lr 1.000e-03 (1.000e-03)
2026-01-15 04:15:24,997 - INFO: Epoch: [4][250/582]	Time  0.029 ( 0.034)	Loss 1.2613e-01 (1.8610e-01)	Acc pseudo  96.88 ( 93.71)	Lr 1.000e-03 (1.000e-03)
2026-01-15 04:15:29,683 - INFO: Epoch: [4][300/582]	Time  0.027 ( 0.033)	Loss 9.5381e-02 (1.8551e-01)	Acc pseudo  96.88 ( 93.73)	Lr 1.000e-03 (1.000e-03)
2026-01-15 04:15:34,357 - INFO: Epoch: [4][350/582]	Time  0.028 ( 0.033)	Loss 2.2389e-01 (1.8745e-01)	Acc pseudo  92.19 ( 93.67)	Lr 1.000e-03 (1.000e-03)
2026-01-15 04:15:39,036 - INFO: Epoch: [4][400/582]	Time  0.028 ( 0.033)	Loss 1.2107e-01 (1.8685e-01)	Acc pseudo  93.75 ( 93.63)	Lr 1.000e-03 (1.000e-03)
2026-01-15 04:15:43,714 - INFO: Epoch: [4][450/582]	Time  0.037 ( 0.033)	Loss 1.4518e-01 (1.8746e-01)	Acc pseudo  93.75 ( 93.60)	Lr 1.000e-03 (1.000e-03)
2026-01-15 04:15:48,398 - INFO: Epoch: [4][500/582]	Time  0.041 ( 0.033)	Loss 1.2772e-01 (1.8574e-01)	Acc pseudo  93.75 ( 93.63)	Lr 1.000e-03 (1.000e-03)
2026-01-15 04:15:53,081 - INFO: Epoch: [4][550/582]	Time  0.031 ( 0.033)	Loss 7.8285e-02 (1.8466e-01)	Acc pseudo  96.88 ( 93.58)	Lr 1.000e-03 (1.000e-03)
2026-01-15 04:15:56,071 - INFO: Round 9, Face Fine-tune Epoch 4: loss=0.1829, acc(pseudo)=93.62%
2026-01-15 04:16:55,751 - INFO: Round 9, Face Fine-tune Epoch 4: acc(valid_pseudo): 0.9934, acc: 0.8734
2026-01-15 04:16:55,751 - INFO: Round 9, Face Fine-tune Epoch 4: No improvement. Patience(epoch): 3/3
2026-01-15 04:16:55,751 - INFO: Early stopping at face epoch 4
2026-01-15 04:16:55,752 - INFO: Round 9: Best face fine-tuned epoch=1, acc(valid_pseudo)=0.9949
2026-01-15 04:16:55,925 - INFO: Using HMM model from previous round: runs/I love my family/exp_video/result/self_supervised/exp3/round8/pseudo_label/hmm_params.pkl
2026-01-15 05:45:33,918 - INFO: Round 9: speaker_acc=0.8745
2026-01-15 05:45:33,925 - INFO: Round 9: face_acc=0.8705
2026-01-15 05:45:33,929 - INFO: ====================
2026-01-15 05:45:33,929 - INFO: Self-supervised fine-tuning completed!
2026-01-15 05:45:33,929 - INFO: Initial speaker: acc=0.8035
2026-01-15 05:45:33,929 - INFO: Final speaker at round 9: acc=0.8745
2026-01-15 05:45:33,929 - INFO: Speaker improvement: 0.0710 (8.84%)
2026-01-15 05:45:33,929 - INFO: Initial face: acc=0.8617
2026-01-15 05:45:33,929 - INFO: Final face at round 9: acc=0.8705
2026-01-15 05:45:33,930 - INFO: Face improvement: 0.0088 (1.02%)
2026-01-15 05:45:33,930 - INFO: ====================
