2025-12-25 00:22:41,801 - INFO: Starting self-supervised fine-tuning pipeline
2025-12-25 00:22:41,803 - INFO: Device: cuda:0
2025-12-25 00:22:41,805 - INFO: Saved arguments to runs/I love my family/exp_video/result/self_supervised/exp0/args.json
2025-12-25 00:22:41,806 - INFO: ====================
2025-12-25 00:22:41,806 - INFO: Initialization: Initial clustering with HMM correction
2025-12-25 00:22:41,806 - INFO: ====================
2025-12-25 00:22:41,852 - INFO: Skipping initial clustering, using existing results.
2025-12-25 00:22:56,941 - INFO: Initial: speaker_acc=0.8065
2025-12-25 00:22:56,942 - INFO: Initial: face_acc=0.8491
2025-12-25 00:22:56,993 - INFO: ====================
2025-12-25 00:22:56,993 - INFO: Round 0: Fine-tuning iteration
2025-12-25 00:22:56,993 - INFO: ====================
2025-12-25 00:22:57,057 - INFO: Round 0 Part 1: Fine-tuning embedding model
2025-12-25 00:22:57,059 - INFO: Using pseudo-label file: runs/I love my family/exp_video/result/self_supervised/exp0/initial/pseudo_label/pseudo_labels_audio_nested_hmm_full(unreliable_pp=100.0).json
2025-12-25 00:22:59,970 - INFO: Speaker embedding dimension: 512
2025-12-25 00:23:00,653 - INFO: Saved speaker config_model to runs/I love my family/exp_video/result/self_supervised/exp0/round0/config_model_speaker.json
2025-12-25 00:23:02,425 - INFO: Face embedding dimension: 512
2025-12-25 00:23:02,426 - INFO: Loading face pretrained model from pretrained_models/pytorch_model_tongyi.bin
2025-12-25 00:23:04,668 - INFO: Face model weights loaded successfully
2025-12-25 00:27:23,819 - INFO: Extracting hidden features for all speaker samples, which are outputs of StatsPool layer...
2025-12-25 00:27:23,820 - INFO: args.unfrozen_layers_num=2 is not used when extracting hidden features.
2025-12-25 00:39:42,483 - INFO: Hidden features extracted for 19225 speaker samples
2025-12-25 00:39:42,894 - INFO: For training, Using face pseudo-label file: runs/I love my family/exp_video/result/self_supervised/exp0/initial/pseudo_label/pseudo_labels_faces_mid_frame_train_nested_hmm_full.json
2025-12-25 00:39:42,896 - INFO: For infering, Using face pseudo-label file: runs/I love my family/exp_video/result/self_supervised/exp0/initial/pseudo_label/pseudo_labels_faces_mid_frame_all_nested_hmm_full.json
2025-12-25 00:39:43,034 - INFO: Created face dataloader with 27670 samples
2025-12-25 00:39:43,039 - INFO: Warmup training speaker classifier for 2 epochs...
2025-12-25 00:39:44,065 - INFO: Epoch: [0][  0/301]	Time  0.869 ( 0.869)	Loss 2.6327e+00 (2.6327e+00)	Acc pseudo  10.94 ( 10.94)	Lr 1.000e-03 (1.000e-03)
2025-12-25 00:39:44,215 - INFO: Epoch: [0][ 50/301]	Time  0.002 ( 0.020)	Loss 1.6600e+00 (1.8221e+00)	Acc pseudo  54.69 ( 54.26)	Lr 1.000e-03 (1.000e-03)
2025-12-25 00:39:44,372 - INFO: Epoch: [0][100/301]	Time  0.003 ( 0.012)	Loss 1.2808e+00 (1.5046e+00)	Acc pseudo  70.31 ( 62.19)	Lr 1.000e-03 (1.000e-03)
2025-12-25 00:39:44,528 - INFO: Epoch: [0][150/301]	Time  0.003 ( 0.009)	Loss 1.2859e+00 (1.3603e+00)	Acc pseudo  70.31 ( 65.45)	Lr 1.000e-03 (1.000e-03)
2025-12-25 00:39:44,682 - INFO: Epoch: [0][200/301]	Time  0.003 ( 0.007)	Loss 8.2643e-01 (1.2557e+00)	Acc pseudo  81.25 ( 67.60)	Lr 1.000e-03 (1.000e-03)
2025-12-25 00:39:44,828 - INFO: Epoch: [0][250/301]	Time  0.003 ( 0.006)	Loss 1.2060e+00 (1.2037e+00)	Acc pseudo  76.56 ( 68.77)	Lr 1.000e-03 (1.000e-03)
2025-12-25 00:39:44,965 - INFO: Epoch: [0][300/301]	Time  0.004 ( 0.006)	Loss 8.2923e-01 (1.1637e+00)	Acc pseudo  76.00 ( 69.77)	Lr 1.000e-03 (1.000e-03)
2025-12-25 00:39:45,051 - INFO: Round 0, Speaker Warmup Epoch 0: loss=1.1637, acc(pseudo)=69.77%
2025-12-25 00:39:45,532 - INFO: Epoch: [1][  0/301]	Time  0.475 ( 0.475)	Loss 1.1313e+00 (1.1313e+00)	Acc pseudo  70.31 ( 70.31)	Lr 1.000e-03 (1.000e-03)
2025-12-25 00:39:45,712 - INFO: Epoch: [1][ 50/301]	Time  0.003 ( 0.013)	Loss 5.0151e-01 (9.1776e-01)	Acc pseudo  82.81 ( 75.03)	Lr 1.000e-03 (1.000e-03)
2025-12-25 00:39:45,870 - INFO: Epoch: [1][100/301]	Time  0.003 ( 0.008)	Loss 7.1971e-01 (9.0376e-01)	Acc pseudo  81.25 ( 75.36)	Lr 1.000e-03 (1.000e-03)
2025-12-25 00:39:46,027 - INFO: Epoch: [1][150/301]	Time  0.003 ( 0.006)	Loss 9.3659e-01 (8.9767e-01)	Acc pseudo  67.19 ( 75.26)	Lr 1.000e-03 (1.000e-03)
2025-12-25 00:39:46,176 - INFO: Epoch: [1][200/301]	Time  0.003 ( 0.005)	Loss 8.4780e-01 (9.0380e-01)	Acc pseudo  75.00 ( 75.17)	Lr 1.000e-03 (1.000e-03)
2025-12-25 00:39:46,339 - INFO: Epoch: [1][250/301]	Time  0.003 ( 0.005)	Loss 1.0430e+00 (9.0278e-01)	Acc pseudo  76.56 ( 75.34)	Lr 1.000e-03 (1.000e-03)
2025-12-25 00:39:46,496 - INFO: Epoch: [1][300/301]	Time  0.003 ( 0.005)	Loss 8.1284e-01 (9.0516e-01)	Acc pseudo  56.00 ( 75.32)	Lr 1.000e-03 (1.000e-03)
2025-12-25 00:39:46,575 - INFO: Round 0, Speaker Warmup Epoch 1: loss=0.9052, acc(pseudo)=75.32%
2025-12-25 00:39:46,580 - INFO: Warmup training face classifier for 2 epochs...
2025-12-25 00:39:47,871 - INFO: Epoch: [0][  0/433]	Time  1.277 ( 1.277)	Loss 2.6095e+00 (2.6095e+00)	Acc pseudo   9.38 (  9.38)	Lr 1.000e-03 (1.000e-03)
2025-12-25 00:39:52,487 - INFO: Epoch: [0][ 50/433]	Time  0.028 ( 0.055)	Loss 1.7845e+00 (2.1398e+00)	Acc pseudo  68.75 ( 44.03)	Lr 1.000e-03 (1.000e-03)
2025-12-25 00:39:57,104 - INFO: Epoch: [0][100/433]	Time  0.027 ( 0.042)	Loss 1.4228e+00 (1.8433e+00)	Acc pseudo  59.38 ( 53.62)	Lr 1.000e-03 (1.000e-03)
2025-12-25 00:40:01,732 - INFO: Epoch: [0][150/433]	Time  0.037 ( 0.038)	Loss 1.3856e+00 (1.6502e+00)	Acc pseudo  54.69 ( 58.84)	Lr 1.000e-03 (1.000e-03)
2025-12-25 00:40:06,362 - INFO: Epoch: [0][200/433]	Time  0.029 ( 0.036)	Loss 1.4547e+00 (1.5159e+00)	Acc pseudo  65.62 ( 62.20)	Lr 1.000e-03 (1.000e-03)
2025-12-25 00:40:11,208 - INFO: Epoch: [0][250/433]	Time  0.027 ( 0.036)	Loss 8.6647e-01 (1.4196e+00)	Acc pseudo  76.56 ( 64.52)	Lr 1.000e-03 (1.000e-03)
2025-12-25 00:40:16,047 - INFO: Epoch: [0][300/433]	Time  0.028 ( 0.035)	Loss 9.4924e-01 (1.3394e+00)	Acc pseudo  75.00 ( 66.25)	Lr 1.000e-03 (1.000e-03)
2025-12-25 00:40:21,331 - INFO: Epoch: [0][350/433]	Time  0.041 ( 0.037)	Loss 9.4848e-01 (1.2864e+00)	Acc pseudo  70.31 ( 67.34)	Lr 1.000e-03 (1.000e-03)
2025-12-25 00:40:25,987 - INFO: Epoch: [0][400/433]	Time  0.035 ( 0.037)	Loss 1.0321e+00 (1.2373e+00)	Acc pseudo  68.75 ( 68.43)	Lr 1.000e-03 (1.000e-03)
2025-12-25 00:40:29,072 - INFO: Round 0, Face Warmup Epoch 0: loss=1.2094, acc(pseudo)=68.98%
2025-12-25 00:40:29,634 - INFO: Epoch: [1][  0/433]	Time  0.520 ( 0.520)	Loss 8.2556e-01 (8.2556e-01)	Acc pseudo  81.25 ( 81.25)	Lr 1.000e-03 (1.000e-03)
2025-12-25 00:40:34,302 - INFO: Epoch: [1][ 50/433]	Time  0.029 ( 0.046)	Loss 7.5564e-01 (8.5984e-01)	Acc pseudo  78.12 ( 75.25)	Lr 1.000e-03 (1.000e-03)
2025-12-25 00:40:38,956 - INFO: Epoch: [1][100/433]	Time  0.027 ( 0.038)	Loss 1.0318e+00 (8.3431e-01)	Acc pseudo  65.62 ( 76.31)	Lr 1.000e-03 (1.000e-03)
2025-12-25 00:40:43,608 - INFO: Epoch: [1][150/433]	Time  0.025 ( 0.035)	Loss 1.0767e+00 (8.1026e-01)	Acc pseudo  70.31 ( 77.13)	Lr 1.000e-03 (1.000e-03)
2025-12-25 00:40:48,255 - INFO: Epoch: [1][200/433]	Time  0.026 ( 0.033)	Loss 6.1672e-01 (7.9647e-01)	Acc pseudo  84.38 ( 77.37)	Lr 1.000e-03 (1.000e-03)
2025-12-25 00:40:52,903 - INFO: Epoch: [1][250/433]	Time  0.027 ( 0.032)	Loss 8.5812e-01 (7.9361e-01)	Acc pseudo  81.25 ( 77.28)	Lr 1.000e-03 (1.000e-03)
2025-12-25 00:40:57,550 - INFO: Epoch: [1][300/433]	Time  0.027 ( 0.031)	Loss 6.4311e-01 (7.9537e-01)	Acc pseudo  82.81 ( 77.20)	Lr 1.000e-03 (1.000e-03)
2025-12-25 00:41:02,211 - INFO: Epoch: [1][350/433]	Time  0.026 ( 0.031)	Loss 7.3984e-01 (7.9290e-01)	Acc pseudo  73.44 ( 77.15)	Lr 1.000e-03 (1.000e-03)
2025-12-25 00:41:06,890 - INFO: Epoch: [1][400/433]	Time  0.048 ( 0.032)	Loss 6.3492e-01 (7.8791e-01)	Acc pseudo  81.25 ( 77.19)	Lr 1.000e-03 (1.000e-03)
2025-12-25 00:41:10,011 - INFO: Round 0, Face Warmup Epoch 1: loss=0.7826, acc(pseudo)=77.31%
2025-12-25 00:41:10,034 - INFO: Fine-tuning speaker embedding model for 20 epochs...
2025-12-25 00:41:11,248 - INFO: Epoch: [0][  0/301]	Time  1.206 ( 1.206)	Loss 7.4442e-01 (7.4442e-01)	Acc pseudo  78.12 ( 78.12)	Lr 1.000e-03 (1.000e-03)
2025-12-25 00:41:11,473 - INFO: Epoch: [0][ 50/301]	Time  0.003 ( 0.028)	Loss 1.2187e+00 (1.0535e+00)	Acc pseudo  67.19 ( 71.29)	Lr 1.000e-03 (1.000e-03)
2025-12-25 00:41:11,632 - INFO: Epoch: [0][100/301]	Time  0.003 ( 0.016)	Loss 1.4154e+00 (1.0434e+00)	Acc pseudo  70.31 ( 71.26)	Lr 1.000e-03 (1.000e-03)
2025-12-25 00:41:11,780 - INFO: Epoch: [0][150/301]	Time  0.003 ( 0.011)	Loss 6.6633e-01 (1.0338e+00)	Acc pseudo  76.56 ( 71.32)	Lr 1.000e-03 (1.000e-03)
2025-12-25 00:41:11,963 - INFO: Epoch: [0][200/301]	Time  0.004 ( 0.009)	Loss 5.7558e-01 (1.0159e+00)	Acc pseudo  79.69 ( 71.82)	Lr 1.000e-03 (1.000e-03)
2025-12-25 00:41:12,149 - INFO: Epoch: [0][250/301]	Time  0.004 ( 0.008)	Loss 1.1383e+00 (1.0034e+00)	Acc pseudo  82.81 ( 72.13)	Lr 1.000e-03 (1.000e-03)
2025-12-25 00:41:12,329 - INFO: Epoch: [0][300/301]	Time  0.004 ( 0.008)	Loss 1.0163e+00 (1.0088e+00)	Acc pseudo  80.00 ( 72.00)	Lr 1.000e-03 (1.000e-03)
2025-12-25 00:41:12,449 - INFO: Round 0, Fine-tune Epoch 0: loss=1.0088, acc(pseudo)=72.00%
2025-12-25 00:41:20,934 - INFO: Round 0, Fine-tune Epoch 0: acc(valid_pseudo): 0.8190, acc: 0.7270
2025-12-25 00:41:27,608 - INFO: Epoch: [1][  0/301]	Time  0.481 ( 0.481)	Loss 8.3969e-01 (8.3969e-01)	Acc pseudo  71.88 ( 71.88)	Lr 1.000e-03 (1.000e-03)
2025-12-25 00:41:27,841 - INFO: Epoch: [1][ 50/301]	Time  0.005 ( 0.014)	Loss 9.3725e-01 (8.6832e-01)	Acc pseudo  70.31 ( 74.48)	Lr 1.000e-03 (1.000e-03)
2025-12-25 00:41:28,035 - INFO: Epoch: [1][100/301]	Time  0.004 ( 0.009)	Loss 1.1689e+00 (8.6170e-01)	Acc pseudo  68.75 ( 74.69)	Lr 1.000e-03 (1.000e-03)
2025-12-25 00:41:28,216 - INFO: Epoch: [1][150/301]	Time  0.004 ( 0.007)	Loss 9.8167e-01 (8.7580e-01)	Acc pseudo  79.69 ( 74.76)	Lr 1.000e-03 (1.000e-03)
2025-12-25 00:41:28,394 - INFO: Epoch: [1][200/301]	Time  0.004 ( 0.006)	Loss 9.7143e-01 (8.7826e-01)	Acc pseudo  68.75 ( 74.64)	Lr 1.000e-03 (1.000e-03)
2025-12-25 00:41:28,588 - INFO: Epoch: [1][250/301]	Time  0.004 ( 0.006)	Loss 6.9259e-01 (8.7312e-01)	Acc pseudo  73.44 ( 74.86)	Lr 1.000e-03 (1.000e-03)
2025-12-25 00:41:28,771 - INFO: Epoch: [1][300/301]	Time  0.003 ( 0.005)	Loss 1.4403e+00 (8.7967e-01)	Acc pseudo  72.00 ( 74.65)	Lr 1.000e-03 (1.000e-03)
2025-12-25 00:41:28,867 - INFO: Round 0, Fine-tune Epoch 1: loss=0.8797, acc(pseudo)=74.65%
2025-12-25 00:41:36,423 - INFO: Round 0, Fine-tune Epoch 1: acc(valid_pseudo): 0.8780, acc: 0.7710
2025-12-25 00:41:43,413 - INFO: Epoch: [2][  0/301]	Time  0.461 ( 0.461)	Loss 9.5293e-01 (9.5293e-01)	Acc pseudo  68.75 ( 68.75)	Lr 1.000e-03 (1.000e-03)
2025-12-25 00:41:43,628 - INFO: Epoch: [2][ 50/301]	Time  0.004 ( 0.013)	Loss 1.0292e+00 (8.2350e-01)	Acc pseudo  75.00 ( 75.92)	Lr 1.000e-03 (1.000e-03)
2025-12-25 00:41:43,833 - INFO: Epoch: [2][100/301]	Time  0.004 ( 0.009)	Loss 9.2880e-01 (8.4354e-01)	Acc pseudo  78.12 ( 75.91)	Lr 1.000e-03 (1.000e-03)
2025-12-25 00:41:44,032 - INFO: Epoch: [2][150/301]	Time  0.004 ( 0.007)	Loss 8.6228e-01 (8.4265e-01)	Acc pseudo  71.88 ( 75.86)	Lr 1.000e-03 (1.000e-03)
2025-12-25 00:41:44,229 - INFO: Epoch: [2][200/301]	Time  0.004 ( 0.006)	Loss 8.8910e-01 (8.4343e-01)	Acc pseudo  70.31 ( 75.93)	Lr 1.000e-03 (1.000e-03)
2025-12-25 00:41:44,425 - INFO: Epoch: [2][250/301]	Time  0.004 ( 0.006)	Loss 6.7032e-01 (8.3818e-01)	Acc pseudo  87.50 ( 75.88)	Lr 1.000e-03 (1.000e-03)
2025-12-25 00:41:44,615 - INFO: Epoch: [2][300/301]	Time  0.003 ( 0.005)	Loss 6.9812e-01 (8.3436e-01)	Acc pseudo  76.00 ( 76.09)	Lr 1.000e-03 (1.000e-03)
2025-12-25 00:41:44,698 - INFO: Round 0, Fine-tune Epoch 2: loss=0.8344, acc(pseudo)=76.09%
2025-12-25 00:41:51,823 - INFO: Round 0, Fine-tune Epoch 2: acc(valid_pseudo): 0.9319, acc: 0.7845
2025-12-25 00:41:56,063 - INFO: Epoch: [3][  0/301]	Time  0.265 ( 0.265)	Loss 5.5880e-01 (5.5880e-01)	Acc pseudo  76.56 ( 76.56)	Lr 1.000e-03 (1.000e-03)
2025-12-25 00:41:56,243 - INFO: Epoch: [3][ 50/301]	Time  0.003 ( 0.009)	Loss 7.0544e-01 (7.8165e-01)	Acc pseudo  78.12 ( 77.18)	Lr 1.000e-03 (1.000e-03)
2025-12-25 00:41:56,395 - INFO: Epoch: [3][100/301]	Time  0.003 ( 0.006)	Loss 9.5283e-01 (7.8070e-01)	Acc pseudo  73.44 ( 77.12)	Lr 1.000e-03 (1.000e-03)
2025-12-25 00:41:56,547 - INFO: Epoch: [3][150/301]	Time  0.003 ( 0.005)	Loss 4.8416e-01 (7.8592e-01)	Acc pseudo  82.81 ( 77.18)	Lr 1.000e-03 (1.000e-03)
2025-12-25 00:41:56,703 - INFO: Epoch: [3][200/301]	Time  0.003 ( 0.004)	Loss 1.0584e+00 (8.0043e-01)	Acc pseudo  78.12 ( 76.94)	Lr 1.000e-03 (1.000e-03)
2025-12-25 00:41:56,860 - INFO: Epoch: [3][250/301]	Time  0.003 ( 0.004)	Loss 9.2228e-01 (8.0011e-01)	Acc pseudo  76.56 ( 76.89)	Lr 1.000e-03 (1.000e-03)
2025-12-25 00:41:57,009 - INFO: Epoch: [3][300/301]	Time  0.002 ( 0.004)	Loss 1.2777e+00 (8.0337e-01)	Acc pseudo  72.00 ( 76.79)	Lr 1.000e-03 (1.000e-03)
2025-12-25 00:41:57,086 - INFO: Round 0, Fine-tune Epoch 3: loss=0.8034, acc(pseudo)=76.79%
2025-12-25 00:42:04,953 - INFO: Round 0, Fine-tune Epoch 3: acc(valid_pseudo): 0.9178, acc: 0.7745
2025-12-25 00:42:04,954 - INFO: Round 0, Speaker Fine-tune Epoch 3: No improvement in validation accuracy. Patience(epoch): 1/3
2025-12-25 00:42:05,320 - INFO: Epoch: [4][  0/301]	Time  0.361 ( 0.361)	Loss 1.1301e+00 (1.1301e+00)	Acc pseudo  67.19 ( 67.19)	Lr 1.000e-03 (1.000e-03)
2025-12-25 00:42:05,592 - INFO: Epoch: [4][ 50/301]	Time  0.009 ( 0.012)	Loss 5.5460e-01 (8.2587e-01)	Acc pseudo  82.81 ( 76.78)	Lr 1.000e-03 (1.000e-03)
2025-12-25 00:42:05,797 - INFO: Epoch: [4][100/301]	Time  0.005 ( 0.008)	Loss 9.9131e-01 (7.9853e-01)	Acc pseudo  81.25 ( 76.62)	Lr 1.000e-03 (1.000e-03)
2025-12-25 00:42:05,977 - INFO: Epoch: [4][150/301]	Time  0.003 ( 0.007)	Loss 7.6776e-01 (7.9329e-01)	Acc pseudo  84.38 ( 76.77)	Lr 1.000e-03 (1.000e-03)
2025-12-25 00:42:06,206 - INFO: Epoch: [4][200/301]	Time  0.003 ( 0.006)	Loss 1.2153e+00 (7.8930e-01)	Acc pseudo  67.19 ( 77.03)	Lr 1.000e-03 (1.000e-03)
2025-12-25 00:42:06,385 - INFO: Epoch: [4][250/301]	Time  0.003 ( 0.006)	Loss 8.5155e-01 (7.8232e-01)	Acc pseudo  75.00 ( 77.28)	Lr 1.000e-03 (1.000e-03)
2025-12-25 00:42:06,555 - INFO: Epoch: [4][300/301]	Time  0.002 ( 0.005)	Loss 4.8391e-01 (7.8439e-01)	Acc pseudo  92.00 ( 77.21)	Lr 1.000e-03 (1.000e-03)
2025-12-25 00:42:06,682 - INFO: Round 0, Fine-tune Epoch 4: loss=0.7844, acc(pseudo)=77.21%
2025-12-25 00:42:16,534 - INFO: Round 0, Fine-tune Epoch 4: acc(valid_pseudo): 0.9503, acc: 0.8250
2025-12-25 00:42:22,573 - INFO: Epoch: [5][  0/301]	Time  0.451 ( 0.451)	Loss 8.7085e-01 (8.7085e-01)	Acc pseudo  75.00 ( 75.00)	Lr 1.000e-03 (1.000e-03)
2025-12-25 00:42:22,774 - INFO: Epoch: [5][ 50/301]	Time  0.003 ( 0.013)	Loss 4.6708e-01 (7.6756e-01)	Acc pseudo  84.38 ( 77.70)	Lr 1.000e-03 (1.000e-03)
2025-12-25 00:42:22,948 - INFO: Epoch: [5][100/301]	Time  0.003 ( 0.008)	Loss 5.4934e-01 (7.5544e-01)	Acc pseudo  78.12 ( 77.83)	Lr 1.000e-03 (1.000e-03)
2025-12-25 00:42:23,101 - INFO: Epoch: [5][150/301]	Time  0.003 ( 0.006)	Loss 7.9466e-01 (7.6687e-01)	Acc pseudo  75.00 ( 77.41)	Lr 1.000e-03 (1.000e-03)
2025-12-25 00:42:23,253 - INFO: Epoch: [5][200/301]	Time  0.003 ( 0.006)	Loss 9.4821e-01 (7.6683e-01)	Acc pseudo  81.25 ( 77.60)	Lr 1.000e-03 (1.000e-03)
2025-12-25 00:42:23,403 - INFO: Epoch: [5][250/301]	Time  0.003 ( 0.005)	Loss 1.0726e+00 (7.6487e-01)	Acc pseudo  68.75 ( 77.41)	Lr 1.000e-03 (1.000e-03)
2025-12-25 00:42:23,544 - INFO: Epoch: [5][300/301]	Time  0.002 ( 0.005)	Loss 4.6949e-01 (7.5484e-01)	Acc pseudo  88.00 ( 77.66)	Lr 1.000e-03 (1.000e-03)
2025-12-25 00:42:23,620 - INFO: Round 0, Fine-tune Epoch 5: loss=0.7548, acc(pseudo)=77.66%
2025-12-25 00:42:30,822 - INFO: Round 0, Fine-tune Epoch 5: acc(valid_pseudo): 0.9111, acc: 0.7555
2025-12-25 00:42:30,823 - INFO: Round 0, Speaker Fine-tune Epoch 5: No improvement in validation accuracy. Patience(epoch): 1/3
2025-12-25 00:42:31,144 - INFO: Epoch: [6][  0/301]	Time  0.316 ( 0.316)	Loss 5.9173e-01 (5.9173e-01)	Acc pseudo  81.25 ( 81.25)	Lr 1.000e-03 (1.000e-03)
2025-12-25 00:42:31,329 - INFO: Epoch: [6][ 50/301]	Time  0.003 ( 0.010)	Loss 6.3571e-01 (6.8570e-01)	Acc pseudo  84.38 ( 79.35)	Lr 1.000e-03 (1.000e-03)
2025-12-25 00:42:31,485 - INFO: Epoch: [6][100/301]	Time  0.003 ( 0.006)	Loss 8.6569e-01 (7.2553e-01)	Acc pseudo  71.88 ( 78.11)	Lr 1.000e-03 (1.000e-03)
2025-12-25 00:42:31,642 - INFO: Epoch: [6][150/301]	Time  0.003 ( 0.005)	Loss 7.6230e-01 (7.3143e-01)	Acc pseudo  78.12 ( 78.06)	Lr 1.000e-03 (1.000e-03)
2025-12-25 00:42:31,796 - INFO: Epoch: [6][200/301]	Time  0.003 ( 0.005)	Loss 6.7232e-01 (7.4554e-01)	Acc pseudo  82.81 ( 77.67)	Lr 1.000e-03 (1.000e-03)
2025-12-25 00:42:31,947 - INFO: Epoch: [6][250/301]	Time  0.003 ( 0.004)	Loss 7.7931e-01 (7.4479e-01)	Acc pseudo  78.12 ( 77.58)	Lr 1.000e-03 (1.000e-03)
2025-12-25 00:42:32,094 - INFO: Epoch: [6][300/301]	Time  0.002 ( 0.004)	Loss 9.0631e-01 (7.4418e-01)	Acc pseudo  68.00 ( 77.49)	Lr 1.000e-03 (1.000e-03)
2025-12-25 00:42:32,171 - INFO: Round 0, Fine-tune Epoch 6: loss=0.7442, acc(pseudo)=77.49%
2025-12-25 00:42:38,603 - INFO: Round 0, Fine-tune Epoch 6: acc(valid_pseudo): 0.9547, acc: 0.7755
2025-12-25 00:42:45,443 - INFO: Epoch: [7][  0/301]	Time  0.547 ( 0.547)	Loss 5.0281e-01 (5.0281e-01)	Acc pseudo  82.81 ( 82.81)	Lr 1.000e-03 (1.000e-03)
2025-12-25 00:42:45,666 - INFO: Epoch: [7][ 50/301]	Time  0.003 ( 0.015)	Loss 1.2440e+00 (6.6620e-01)	Acc pseudo  70.31 ( 79.81)	Lr 1.000e-03 (1.000e-03)
2025-12-25 00:42:45,832 - INFO: Epoch: [7][100/301]	Time  0.003 ( 0.009)	Loss 5.9785e-01 (7.0164e-01)	Acc pseudo  78.12 ( 78.79)	Lr 1.000e-03 (1.000e-03)
2025-12-25 00:42:45,994 - INFO: Epoch: [7][150/301]	Time  0.005 ( 0.007)	Loss 5.9962e-01 (7.0836e-01)	Acc pseudo  81.25 ( 78.57)	Lr 1.000e-03 (1.000e-03)
2025-12-25 00:42:46,172 - INFO: Epoch: [7][200/301]	Time  0.003 ( 0.006)	Loss 7.7145e-01 (7.1315e-01)	Acc pseudo  78.12 ( 78.45)	Lr 1.000e-03 (1.000e-03)
2025-12-25 00:42:46,347 - INFO: Epoch: [7][250/301]	Time  0.003 ( 0.006)	Loss 7.3922e-01 (7.1186e-01)	Acc pseudo  76.56 ( 78.62)	Lr 1.000e-03 (1.000e-03)
2025-12-25 00:42:46,529 - INFO: Epoch: [7][300/301]	Time  0.003 ( 0.005)	Loss 6.5643e-01 (7.2082e-01)	Acc pseudo  64.00 ( 78.40)	Lr 1.000e-03 (1.000e-03)
2025-12-25 00:42:46,611 - INFO: Round 0, Fine-tune Epoch 7: loss=0.7208, acc(pseudo)=78.40%
2025-12-25 00:42:54,115 - INFO: Round 0, Fine-tune Epoch 7: acc(valid_pseudo): 0.8968, acc: 0.7405
2025-12-25 00:42:54,115 - INFO: Round 0, Speaker Fine-tune Epoch 7: No improvement in validation accuracy. Patience(epoch): 1/3
2025-12-25 00:42:54,115 - INFO: Early stopping at epoch 7 due to significant drop in pseudo-label validation accuracy: 0.9547 -> 0.8968.
2025-12-25 00:42:54,117 - INFO: Round 0: Best speaker fine-tuned epoch=6, acc(valid_pseudo)=0.9547
2025-12-25 00:42:54,124 - INFO: Fine-tuning face embedding model for 20 epochs...
2025-12-25 00:42:54,867 - INFO: Epoch: [0][  0/433]	Time  0.738 ( 0.738)	Loss 5.1523e-01 (5.1523e-01)	Acc pseudo  85.94 ( 85.94)	Lr 1.000e-03 (1.000e-03)
2025-12-25 00:42:59,572 - INFO: Epoch: [0][ 50/433]	Time  0.039 ( 0.053)	Loss 1.9074e+00 (1.6036e+00)	Acc pseudo  68.75 ( 68.47)	Lr 1.000e-03 (1.000e-03)
2025-12-25 00:43:04,271 - INFO: Epoch: [0][100/433]	Time  0.031 ( 0.042)	Loss 6.9372e-01 (1.3418e+00)	Acc pseudo  78.12 ( 71.80)	Lr 1.000e-03 (1.000e-03)
2025-12-25 00:43:08,983 - INFO: Epoch: [0][150/433]	Time  0.042 ( 0.041)	Loss 8.9432e-01 (1.1831e+00)	Acc pseudo  73.44 ( 73.43)	Lr 1.000e-03 (1.000e-03)
2025-12-25 00:43:13,796 - INFO: Epoch: [0][200/433]	Time  0.027 ( 0.039)	Loss 9.3984e-01 (1.0825e+00)	Acc pseudo  73.44 ( 74.61)	Lr 1.000e-03 (1.000e-03)
2025-12-25 00:43:18,499 - INFO: Epoch: [0][250/433]	Time  0.028 ( 0.037)	Loss 4.4999e-01 (1.0088e+00)	Acc pseudo  84.38 ( 75.72)	Lr 1.000e-03 (1.000e-03)
2025-12-25 00:43:23,204 - INFO: Epoch: [0][300/433]	Time  0.044 ( 0.035)	Loss 4.0807e-01 (9.5045e-01)	Acc pseudo  87.50 ( 76.79)	Lr 1.000e-03 (1.000e-03)
2025-12-25 00:43:27,928 - INFO: Epoch: [0][350/433]	Time  0.045 ( 0.036)	Loss 7.0030e-01 (9.0918e-01)	Acc pseudo  76.56 ( 77.27)	Lr 1.000e-03 (1.000e-03)
2025-12-25 00:43:32,661 - INFO: Epoch: [0][400/433]	Time  0.033 ( 0.036)	Loss 5.3031e-01 (8.7670e-01)	Acc pseudo  81.25 ( 77.84)	Lr 1.000e-03 (1.000e-03)
2025-12-25 00:43:35,781 - INFO: Round 0, Face Fine-tune Epoch 0: loss=0.8580, acc(pseudo)=78.15%
2025-12-25 00:44:38,707 - INFO: Round 0, Face Fine-tune Epoch 0: acc(valid_pseudo): 0.9377, acc: 0.8014
2025-12-25 00:44:39,745 - INFO: Epoch: [1][  0/433]	Time  0.581 ( 0.581)	Loss 4.1623e-01 (4.1623e-01)	Acc pseudo  85.94 ( 85.94)	Lr 1.000e-03 (1.000e-03)
2025-12-25 00:44:44,476 - INFO: Epoch: [1][ 50/433]	Time  0.029 ( 0.048)	Loss 3.8414e-01 (4.7717e-01)	Acc pseudo  84.38 ( 84.16)	Lr 1.000e-03 (1.000e-03)
2025-12-25 00:44:49,205 - INFO: Epoch: [1][100/433]	Time  0.038 ( 0.040)	Loss 7.9661e-01 (4.6128e-01)	Acc pseudo  81.25 ( 85.33)	Lr 1.000e-03 (1.000e-03)
2025-12-25 00:44:53,992 - INFO: Epoch: [1][150/433]	Time  0.027 ( 0.038)	Loss 7.9883e-01 (4.5240e-01)	Acc pseudo  79.69 ( 85.51)	Lr 1.000e-03 (1.000e-03)
2025-12-25 00:44:58,723 - INFO: Epoch: [1][200/433]	Time  0.029 ( 0.036)	Loss 2.4296e-01 (4.4489e-01)	Acc pseudo  92.19 ( 85.81)	Lr 1.000e-03 (1.000e-03)
2025-12-25 00:45:03,460 - INFO: Epoch: [1][250/433]	Time  0.029 ( 0.035)	Loss 6.0536e-01 (4.3420e-01)	Acc pseudo  87.50 ( 85.94)	Lr 1.000e-03 (1.000e-03)
2025-12-25 00:45:08,205 - INFO: Epoch: [1][300/433]	Time  0.030 ( 0.034)	Loss 3.3204e-01 (4.3580e-01)	Acc pseudo  87.50 ( 85.95)	Lr 1.000e-03 (1.000e-03)
2025-12-25 00:45:12,947 - INFO: Epoch: [1][350/433]	Time  0.029 ( 0.033)	Loss 2.8357e-01 (4.3810e-01)	Acc pseudo  89.06 ( 85.91)	Lr 1.000e-03 (1.000e-03)
2025-12-25 00:45:17,694 - INFO: Epoch: [1][400/433]	Time  0.031 ( 0.033)	Loss 2.3127e-01 (4.3900e-01)	Acc pseudo  92.19 ( 85.90)	Lr 1.000e-03 (1.000e-03)
2025-12-25 00:45:20,848 - INFO: Round 0, Face Fine-tune Epoch 1: loss=0.4348, acc(pseudo)=86.01%
2025-12-25 00:46:26,522 - INFO: Round 0, Face Fine-tune Epoch 1: acc(valid_pseudo): 0.9611, acc: 0.8092
2025-12-25 00:46:27,394 - INFO: Epoch: [2][  0/433]	Time  0.559 ( 0.559)	Loss 2.0545e-01 (2.0545e-01)	Acc pseudo  92.19 ( 92.19)	Lr 1.000e-03 (1.000e-03)
2025-12-25 00:46:32,131 - INFO: Epoch: [2][ 50/433]	Time  0.030 ( 0.043)	Loss 1.6907e-01 (3.3965e-01)	Acc pseudo  92.19 ( 88.27)	Lr 1.000e-03 (1.000e-03)
2025-12-25 00:46:36,859 - INFO: Epoch: [2][100/433]	Time  0.029 ( 0.036)	Loss 4.5509e-01 (3.4625e-01)	Acc pseudo  82.81 ( 88.58)	Lr 1.000e-03 (1.000e-03)
2025-12-25 00:46:41,598 - INFO: Epoch: [2][150/433]	Time  0.030 ( 0.034)	Loss 4.1506e-01 (3.5328e-01)	Acc pseudo  87.50 ( 88.67)	Lr 1.000e-03 (1.000e-03)
2025-12-25 00:46:46,340 - INFO: Epoch: [2][200/433]	Time  0.030 ( 0.033)	Loss 3.1280e-01 (3.6574e-01)	Acc pseudo  85.94 ( 88.23)	Lr 1.000e-03 (1.000e-03)
2025-12-25 00:46:51,093 - INFO: Epoch: [2][250/433]	Time  0.030 ( 0.034)	Loss 4.5729e-01 (3.7017e-01)	Acc pseudo  92.19 ( 88.04)	Lr 1.000e-03 (1.000e-03)
2025-12-25 00:46:55,849 - INFO: Epoch: [2][300/433]	Time  0.037 ( 0.034)	Loss 4.4965e-01 (3.7983e-01)	Acc pseudo  87.50 ( 87.81)	Lr 1.000e-03 (1.000e-03)
2025-12-25 00:47:00,607 - INFO: Epoch: [2][350/433]	Time  0.038 ( 0.035)	Loss 6.3665e-01 (3.8519e-01)	Acc pseudo  84.38 ( 87.67)	Lr 1.000e-03 (1.000e-03)
2025-12-25 00:47:05,365 - INFO: Epoch: [2][400/433]	Time  0.034 ( 0.035)	Loss 6.0412e-01 (3.8630e-01)	Acc pseudo  79.69 ( 87.69)	Lr 1.000e-03 (1.000e-03)
2025-12-25 00:47:08,491 - INFO: Round 0, Face Fine-tune Epoch 2: loss=0.3899, acc(pseudo)=87.56%
2025-12-25 00:48:12,107 - INFO: Round 0, Face Fine-tune Epoch 2: acc(valid_pseudo): 0.9673, acc: 0.8267
2025-12-25 00:48:13,096 - INFO: Epoch: [3][  0/433]	Time  0.725 ( 0.725)	Loss 3.2694e-01 (3.2694e-01)	Acc pseudo  87.50 ( 87.50)	Lr 1.000e-03 (1.000e-03)
2025-12-25 00:48:17,843 - INFO: Epoch: [3][ 50/433]	Time  0.039 ( 0.053)	Loss 2.6107e-01 (3.0174e-01)	Acc pseudo  87.50 ( 89.31)	Lr 1.000e-03 (1.000e-03)
2025-12-25 00:48:22,593 - INFO: Epoch: [3][100/433]	Time  0.036 ( 0.045)	Loss 1.4901e-01 (3.0404e-01)	Acc pseudo  95.31 ( 89.59)	Lr 1.000e-03 (1.000e-03)
2025-12-25 00:48:27,349 - INFO: Epoch: [3][150/433]	Time  0.037 ( 0.043)	Loss 4.5679e-01 (3.1042e-01)	Acc pseudo  81.25 ( 89.45)	Lr 1.000e-03 (1.000e-03)
2025-12-25 00:48:32,118 - INFO: Epoch: [3][200/433]	Time  0.036 ( 0.042)	Loss 4.0540e-01 (3.0975e-01)	Acc pseudo  84.38 ( 89.40)	Lr 1.000e-03 (1.000e-03)
2025-12-25 00:48:36,867 - INFO: Epoch: [3][250/433]	Time  0.036 ( 0.041)	Loss 2.5210e-01 (3.2209e-01)	Acc pseudo  89.06 ( 89.26)	Lr 1.000e-03 (1.000e-03)
2025-12-25 00:48:41,616 - INFO: Epoch: [3][300/433]	Time  0.049 ( 0.040)	Loss 3.8896e-01 (3.2918e-01)	Acc pseudo  82.81 ( 88.92)	Lr 1.000e-03 (1.000e-03)
2025-12-25 00:48:46,389 - INFO: Epoch: [3][350/433]	Time  0.027 ( 0.040)	Loss 5.4927e-01 (3.3056e-01)	Acc pseudo  87.50 ( 88.89)	Lr 1.000e-03 (1.000e-03)
2025-12-25 00:48:51,150 - INFO: Epoch: [3][400/433]	Time  0.043 ( 0.040)	Loss 5.1070e-01 (3.3494e-01)	Acc pseudo  82.81 ( 88.82)	Lr 1.000e-03 (1.000e-03)
2025-12-25 00:48:54,299 - INFO: Round 0, Face Fine-tune Epoch 3: loss=0.3355, acc(pseudo)=88.76%
2025-12-25 00:49:56,773 - INFO: Round 0, Face Fine-tune Epoch 3: acc(valid_pseudo): 0.9747, acc: 0.8169
2025-12-25 00:49:57,546 - INFO: Epoch: [4][  0/433]	Time  0.522 ( 0.522)	Loss 2.1813e-01 (2.1813e-01)	Acc pseudo  92.19 ( 92.19)	Lr 1.000e-03 (1.000e-03)
2025-12-25 00:50:02,289 - INFO: Epoch: [4][ 50/433]	Time  0.033 ( 0.047)	Loss 1.3333e-01 (2.7110e-01)	Acc pseudo  98.44 ( 90.44)	Lr 1.000e-03 (1.000e-03)
2025-12-25 00:50:07,038 - INFO: Epoch: [4][100/433]	Time  0.033 ( 0.040)	Loss 1.9806e-01 (2.7281e-01)	Acc pseudo  95.31 ( 90.47)	Lr 1.000e-03 (1.000e-03)
2025-12-25 00:50:11,795 - INFO: Epoch: [4][150/433]	Time  0.053 ( 0.040)	Loss 2.1172e-01 (2.7812e-01)	Acc pseudo  92.19 ( 90.32)	Lr 1.000e-03 (1.000e-03)
2025-12-25 00:50:16,555 - INFO: Epoch: [4][200/433]	Time  0.032 ( 0.040)	Loss 4.7730e-01 (2.8591e-01)	Acc pseudo  79.69 ( 90.18)	Lr 1.000e-03 (1.000e-03)
2025-12-25 00:50:21,308 - INFO: Epoch: [4][250/433]	Time  0.039 ( 0.039)	Loss 5.0355e-01 (2.9702e-01)	Acc pseudo  82.81 ( 89.78)	Lr 1.000e-03 (1.000e-03)
2025-12-25 00:50:26,058 - INFO: Epoch: [4][300/433]	Time  0.033 ( 0.038)	Loss 2.6703e-01 (3.0114e-01)	Acc pseudo  87.50 ( 89.53)	Lr 1.000e-03 (1.000e-03)
2025-12-25 00:50:30,806 - INFO: Epoch: [4][350/433]	Time  0.031 ( 0.038)	Loss 2.1856e-01 (3.0185e-01)	Acc pseudo  89.06 ( 89.57)	Lr 1.000e-03 (1.000e-03)
2025-12-25 00:50:35,559 - INFO: Epoch: [4][400/433]	Time  0.031 ( 0.037)	Loss 4.2495e-01 (3.0057e-01)	Acc pseudo  92.19 ( 89.61)	Lr 1.000e-03 (1.000e-03)
2025-12-25 00:50:38,718 - INFO: Round 0, Face Fine-tune Epoch 4: loss=0.3022, acc(pseudo)=89.57%
2025-12-25 00:51:43,172 - INFO: Round 0, Face Fine-tune Epoch 4: acc(valid_pseudo): 0.9775, acc: 0.8238
2025-12-25 00:51:43,970 - INFO: Epoch: [5][  0/433]	Time  0.537 ( 0.537)	Loss 1.7102e-01 (1.7102e-01)	Acc pseudo  90.62 ( 90.62)	Lr 1.000e-03 (1.000e-03)
2025-12-25 00:51:48,717 - INFO: Epoch: [5][ 50/433]	Time  0.042 ( 0.048)	Loss 2.8981e-01 (2.6573e-01)	Acc pseudo  90.62 ( 90.99)	Lr 1.000e-03 (1.000e-03)
2025-12-25 00:51:53,471 - INFO: Epoch: [5][100/433]	Time  0.034 ( 0.044)	Loss 1.3426e-01 (2.8187e-01)	Acc pseudo  90.62 ( 90.56)	Lr 1.000e-03 (1.000e-03)
2025-12-25 00:51:58,213 - INFO: Epoch: [5][150/433]	Time  0.031 ( 0.039)	Loss 3.2847e-01 (2.8510e-01)	Acc pseudo  90.62 ( 90.49)	Lr 1.000e-03 (1.000e-03)
2025-12-25 00:52:02,960 - INFO: Epoch: [5][200/433]	Time  0.030 ( 0.037)	Loss 4.0495e-01 (2.8761e-01)	Acc pseudo  87.50 ( 90.33)	Lr 1.000e-03 (1.000e-03)
2025-12-25 00:52:07,713 - INFO: Epoch: [5][250/433]	Time  0.044 ( 0.037)	Loss 4.8573e-01 (2.8707e-01)	Acc pseudo  89.06 ( 90.32)	Lr 1.000e-03 (1.000e-03)
2025-12-25 00:52:12,465 - INFO: Epoch: [5][300/433]	Time  0.041 ( 0.036)	Loss 4.8771e-01 (2.8818e-01)	Acc pseudo  87.50 ( 90.27)	Lr 1.000e-03 (1.000e-03)
2025-12-25 00:52:17,221 - INFO: Epoch: [5][350/433]	Time  0.029 ( 0.036)	Loss 3.3503e-01 (2.8629e-01)	Acc pseudo  84.38 ( 90.34)	Lr 1.000e-03 (1.000e-03)
2025-12-25 00:52:21,966 - INFO: Epoch: [5][400/433]	Time  0.028 ( 0.035)	Loss 2.8892e-01 (2.8688e-01)	Acc pseudo  92.19 ( 90.32)	Lr 1.000e-03 (1.000e-03)
2025-12-25 00:52:25,062 - INFO: Round 0, Face Fine-tune Epoch 5: loss=0.2868, acc(pseudo)=90.29%
2025-12-25 00:53:28,171 - INFO: Round 0, Face Fine-tune Epoch 5: acc(valid_pseudo): 0.9797, acc: 0.8257
2025-12-25 00:53:29,331 - INFO: Epoch: [6][  0/433]	Time  0.758 ( 0.758)	Loss 2.8562e-01 (2.8562e-01)	Acc pseudo  87.50 ( 87.50)	Lr 1.000e-03 (1.000e-03)
2025-12-25 00:53:34,075 - INFO: Epoch: [6][ 50/433]	Time  0.035 ( 0.053)	Loss 2.3333e-01 (2.3792e-01)	Acc pseudo  89.06 ( 91.12)	Lr 1.000e-03 (1.000e-03)
2025-12-25 00:53:38,818 - INFO: Epoch: [6][100/433]	Time  0.033 ( 0.044)	Loss 3.0867e-01 (2.4285e-01)	Acc pseudo  90.62 ( 91.09)	Lr 1.000e-03 (1.000e-03)
2025-12-25 00:53:43,566 - INFO: Epoch: [6][150/433]	Time  0.028 ( 0.040)	Loss 1.9137e-01 (2.5412e-01)	Acc pseudo  89.06 ( 90.94)	Lr 1.000e-03 (1.000e-03)
2025-12-25 00:53:48,306 - INFO: Epoch: [6][200/433]	Time  0.029 ( 0.037)	Loss 1.7587e-01 (2.6003e-01)	Acc pseudo  96.88 ( 90.85)	Lr 1.000e-03 (1.000e-03)
2025-12-25 00:53:53,052 - INFO: Epoch: [6][250/433]	Time  0.029 ( 0.036)	Loss 2.1283e-01 (2.6632e-01)	Acc pseudo  92.19 ( 90.85)	Lr 1.000e-03 (1.000e-03)
2025-12-25 00:53:57,805 - INFO: Epoch: [6][300/433]	Time  0.031 ( 0.036)	Loss 2.2576e-01 (2.7238e-01)	Acc pseudo  89.06 ( 90.76)	Lr 1.000e-03 (1.000e-03)
2025-12-25 00:54:02,562 - INFO: Epoch: [6][350/433]	Time  0.030 ( 0.035)	Loss 1.9278e-01 (2.7837e-01)	Acc pseudo  90.62 ( 90.55)	Lr 1.000e-03 (1.000e-03)
2025-12-25 00:54:07,371 - INFO: Epoch: [6][400/433]	Time  0.043 ( 0.036)	Loss 2.6730e-01 (2.8465e-01)	Acc pseudo  89.06 ( 90.30)	Lr 1.000e-03 (1.000e-03)
2025-12-25 00:54:10,552 - INFO: Round 0, Face Fine-tune Epoch 6: loss=0.2842, acc(pseudo)=90.31%
2025-12-25 00:55:13,121 - INFO: Round 0, Face Fine-tune Epoch 6: acc(valid_pseudo): 0.9797, acc: 0.8238
2025-12-25 00:55:13,121 - INFO: Round 0, Face Fine-tune Epoch 6: No improvement. Patience(epoch): 1/3
2025-12-25 00:55:13,693 - INFO: Epoch: [7][  0/433]	Time  0.533 ( 0.533)	Loss 7.6023e-02 (7.6023e-02)	Acc pseudo  98.44 ( 98.44)	Lr 1.000e-03 (1.000e-03)
2025-12-25 00:55:18,460 - INFO: Epoch: [7][ 50/433]	Time  0.038 ( 0.050)	Loss 4.3193e-01 (2.7346e-01)	Acc pseudo  87.50 ( 90.93)	Lr 1.000e-03 (1.000e-03)
2025-12-25 00:55:23,212 - INFO: Epoch: [7][100/433]	Time  0.030 ( 0.044)	Loss 3.5319e-01 (2.7102e-01)	Acc pseudo  84.38 ( 90.97)	Lr 1.000e-03 (1.000e-03)
2025-12-25 00:55:27,953 - INFO: Epoch: [7][150/433]	Time  0.029 ( 0.039)	Loss 5.5215e-01 (2.8177e-01)	Acc pseudo  89.06 ( 90.65)	Lr 1.000e-03 (1.000e-03)
2025-12-25 00:55:32,698 - INFO: Epoch: [7][200/433]	Time  0.030 ( 0.037)	Loss 1.3007e-01 (2.7825e-01)	Acc pseudo  98.44 ( 90.70)	Lr 1.000e-03 (1.000e-03)
2025-12-25 00:55:37,445 - INFO: Epoch: [7][250/433]	Time  0.035 ( 0.036)	Loss 5.4330e-01 (2.7600e-01)	Acc pseudo  85.94 ( 90.63)	Lr 1.000e-03 (1.000e-03)
2025-12-25 00:55:42,226 - INFO: Epoch: [7][300/433]	Time  0.046 ( 0.036)	Loss 3.8024e-01 (2.7388e-01)	Acc pseudo  89.06 ( 90.70)	Lr 1.000e-03 (1.000e-03)
2025-12-25 00:55:46,993 - INFO: Epoch: [7][350/433]	Time  0.034 ( 0.037)	Loss 2.9751e-01 (2.6715e-01)	Acc pseudo  89.06 ( 90.75)	Lr 1.000e-03 (1.000e-03)
2025-12-25 00:55:51,761 - INFO: Epoch: [7][400/433]	Time  0.048 ( 0.037)	Loss 2.7895e-01 (2.7332e-01)	Acc pseudo  92.19 ( 90.64)	Lr 1.000e-03 (1.000e-03)
2025-12-25 00:55:54,927 - INFO: Round 0, Face Fine-tune Epoch 7: loss=0.2759, acc(pseudo)=90.65%
2025-12-25 00:56:58,283 - INFO: Round 0, Face Fine-tune Epoch 7: acc(valid_pseudo): 0.9767, acc: 0.8247
2025-12-25 00:56:58,283 - INFO: Round 0, Face Fine-tune Epoch 7: No improvement. Patience(epoch): 2/3
2025-12-25 00:56:58,935 - INFO: Epoch: [8][  0/433]	Time  0.606 ( 0.606)	Loss 2.0837e-01 (2.0837e-01)	Acc pseudo  89.06 ( 89.06)	Lr 1.000e-03 (1.000e-03)
2025-12-25 00:57:03,683 - INFO: Epoch: [8][ 50/433]	Time  0.031 ( 0.046)	Loss 2.8093e-01 (2.3651e-01)	Acc pseudo  92.19 ( 91.12)	Lr 1.000e-03 (1.000e-03)
2025-12-25 00:57:08,432 - INFO: Epoch: [8][100/433]	Time  0.041 ( 0.040)	Loss 2.0272e-01 (2.6757e-01)	Acc pseudo  92.19 ( 90.72)	Lr 1.000e-03 (1.000e-03)
2025-12-25 00:57:13,185 - INFO: Epoch: [8][150/433]	Time  0.038 ( 0.040)	Loss 2.8345e-01 (2.6692e-01)	Acc pseudo  93.75 ( 90.53)	Lr 1.000e-03 (1.000e-03)
2025-12-25 00:57:17,938 - INFO: Epoch: [8][200/433]	Time  0.036 ( 0.039)	Loss 2.1410e-01 (2.6392e-01)	Acc pseudo  90.62 ( 90.62)	Lr 1.000e-03 (1.000e-03)
2025-12-25 00:57:22,690 - INFO: Epoch: [8][250/433]	Time  0.037 ( 0.037)	Loss 2.9350e-01 (2.6279e-01)	Acc pseudo  87.50 ( 90.70)	Lr 1.000e-03 (1.000e-03)
2025-12-25 00:57:27,472 - INFO: Epoch: [8][300/433]	Time  0.030 ( 0.038)	Loss 1.3527e-01 (2.6159e-01)	Acc pseudo  93.75 ( 90.79)	Lr 1.000e-03 (1.000e-03)
2025-12-25 00:57:32,216 - INFO: Epoch: [8][350/433]	Time  0.029 ( 0.037)	Loss 1.6675e-01 (2.6113e-01)	Acc pseudo  93.75 ( 90.92)	Lr 1.000e-03 (1.000e-03)
2025-12-25 00:57:36,960 - INFO: Epoch: [8][400/433]	Time  0.029 ( 0.036)	Loss 1.1756e-01 (2.6208e-01)	Acc pseudo  95.31 ( 90.89)	Lr 1.000e-03 (1.000e-03)
2025-12-25 00:57:40,075 - INFO: Round 0, Face Fine-tune Epoch 8: loss=0.2582, acc(pseudo)=91.01%
2025-12-25 00:58:46,395 - INFO: Round 0, Face Fine-tune Epoch 8: acc(valid_pseudo): 0.9834, acc: 0.8306
2025-12-25 00:58:47,196 - INFO: Epoch: [9][  0/433]	Time  0.546 ( 0.546)	Loss 8.1003e-02 (8.1003e-02)	Acc pseudo  95.31 ( 95.31)	Lr 1.000e-03 (1.000e-03)
2025-12-25 00:58:51,929 - INFO: Epoch: [9][ 50/433]	Time  0.039 ( 0.045)	Loss 7.7038e-02 (2.2277e-01)	Acc pseudo  96.88 ( 92.13)	Lr 1.000e-03 (1.000e-03)
2025-12-25 00:58:56,676 - INFO: Epoch: [9][100/433]	Time  0.037 ( 0.042)	Loss 1.5523e-01 (2.2907e-01)	Acc pseudo  89.06 ( 91.99)	Lr 1.000e-03 (1.000e-03)
2025-12-25 00:59:01,428 - INFO: Epoch: [9][150/433]	Time  0.033 ( 0.040)	Loss 1.5780e-01 (2.3859e-01)	Acc pseudo  93.75 ( 91.81)	Lr 1.000e-03 (1.000e-03)
2025-12-25 00:59:06,187 - INFO: Epoch: [9][200/433]	Time  0.041 ( 0.041)	Loss 1.6113e-01 (2.3453e-01)	Acc pseudo  93.75 ( 91.85)	Lr 1.000e-03 (1.000e-03)
2025-12-25 00:59:10,941 - INFO: Epoch: [9][250/433]	Time  0.036 ( 0.039)	Loss 2.9329e-01 (2.3496e-01)	Acc pseudo  89.06 ( 91.75)	Lr 1.000e-03 (1.000e-03)
2025-12-25 00:59:15,696 - INFO: Epoch: [9][300/433]	Time  0.032 ( 0.039)	Loss 1.7672e-01 (2.3702e-01)	Acc pseudo  92.19 ( 91.65)	Lr 1.000e-03 (1.000e-03)
2025-12-25 00:59:20,455 - INFO: Epoch: [9][350/433]	Time  0.039 ( 0.038)	Loss 2.3349e-01 (2.3920e-01)	Acc pseudo  87.50 ( 91.49)	Lr 1.000e-03 (1.000e-03)
2025-12-25 00:59:25,211 - INFO: Epoch: [9][400/433]	Time  0.040 ( 0.039)	Loss 2.1471e-01 (2.4205e-01)	Acc pseudo  89.06 ( 91.45)	Lr 1.000e-03 (1.000e-03)
2025-12-25 00:59:28,314 - INFO: Round 0, Face Fine-tune Epoch 9: loss=0.2423, acc(pseudo)=91.41%
2025-12-25 01:00:30,385 - INFO: Round 0, Face Fine-tune Epoch 9: acc(valid_pseudo): 0.9876, acc: 0.8403
2025-12-25 01:00:31,209 - INFO: Epoch: [10][  0/433]	Time  0.549 ( 0.549)	Loss 1.6284e-01 (1.6284e-01)	Acc pseudo  96.88 ( 96.88)	Lr 1.000e-03 (1.000e-03)
2025-12-25 01:00:35,954 - INFO: Epoch: [10][ 50/433]	Time  0.032 ( 0.046)	Loss 2.3324e-01 (2.2126e-01)	Acc pseudo  90.62 ( 91.73)	Lr 1.000e-03 (1.000e-03)
2025-12-25 01:00:40,724 - INFO: Epoch: [10][100/433]	Time  0.031 ( 0.040)	Loss 9.9600e-02 (2.2978e-01)	Acc pseudo  98.44 ( 91.72)	Lr 1.000e-03 (1.000e-03)
2025-12-25 01:00:45,464 - INFO: Epoch: [10][150/433]	Time  0.029 ( 0.037)	Loss 3.1505e-01 (2.3237e-01)	Acc pseudo  92.19 ( 91.96)	Lr 1.000e-03 (1.000e-03)
2025-12-25 01:00:50,211 - INFO: Epoch: [10][200/433]	Time  0.029 ( 0.035)	Loss 1.5148e-01 (2.4408e-01)	Acc pseudo  95.31 ( 91.82)	Lr 1.000e-03 (1.000e-03)
2025-12-25 01:00:54,963 - INFO: Epoch: [10][250/433]	Time  0.041 ( 0.035)	Loss 3.5160e-01 (2.4830e-01)	Acc pseudo  90.62 ( 91.61)	Lr 1.000e-03 (1.000e-03)
2025-12-25 01:00:59,726 - INFO: Epoch: [10][300/433]	Time  0.035 ( 0.035)	Loss 3.3996e-01 (2.5113e-01)	Acc pseudo  90.62 ( 91.51)	Lr 1.000e-03 (1.000e-03)
2025-12-25 01:01:04,486 - INFO: Epoch: [10][350/433]	Time  0.048 ( 0.035)	Loss 2.4608e-01 (2.4737e-01)	Acc pseudo  92.19 ( 91.58)	Lr 1.000e-03 (1.000e-03)
2025-12-25 01:01:09,252 - INFO: Epoch: [10][400/433]	Time  0.044 ( 0.036)	Loss 1.1635e-01 (2.4674e-01)	Acc pseudo  98.44 ( 91.56)	Lr 1.000e-03 (1.000e-03)
2025-12-25 01:01:12,403 - INFO: Round 0, Face Fine-tune Epoch 10: loss=0.2472, acc(pseudo)=91.58%
2025-12-25 01:02:14,654 - INFO: Round 0, Face Fine-tune Epoch 10: acc(valid_pseudo): 0.9859, acc: 0.8374
2025-12-25 01:02:14,654 - INFO: Round 0, Face Fine-tune Epoch 10: No improvement. Patience(epoch): 1/3
2025-12-25 01:02:15,247 - INFO: Epoch: [11][  0/433]	Time  0.544 ( 0.544)	Loss 2.8458e-01 (2.8458e-01)	Acc pseudo  85.94 ( 85.94)	Lr 1.000e-03 (1.000e-03)
2025-12-25 01:02:19,993 - INFO: Epoch: [11][ 50/433]	Time  0.033 ( 0.048)	Loss 2.0634e-01 (2.3914e-01)	Acc pseudo  95.31 ( 91.91)	Lr 1.000e-03 (1.000e-03)
2025-12-25 01:02:24,746 - INFO: Epoch: [11][100/433]	Time  0.031 ( 0.042)	Loss 2.8064e-01 (2.2061e-01)	Acc pseudo  95.31 ( 92.26)	Lr 1.000e-03 (1.000e-03)
2025-12-25 01:02:29,555 - INFO: Epoch: [11][150/433]	Time  0.042 ( 0.040)	Loss 2.8914e-01 (2.3587e-01)	Acc pseudo  90.62 ( 91.89)	Lr 1.000e-03 (1.000e-03)
2025-12-25 01:02:34,312 - INFO: Epoch: [11][200/433]	Time  0.033 ( 0.038)	Loss 2.4780e-01 (2.3675e-01)	Acc pseudo  90.62 ( 91.81)	Lr 1.000e-03 (1.000e-03)
2025-12-25 01:02:39,071 - INFO: Epoch: [11][250/433]	Time  0.061 ( 0.038)	Loss 1.6729e-01 (2.3665e-01)	Acc pseudo  90.62 ( 91.85)	Lr 1.000e-03 (1.000e-03)
2025-12-25 01:02:43,833 - INFO: Epoch: [11][300/433]	Time  0.061 ( 0.042)	Loss 4.9059e-01 (2.3896e-01)	Acc pseudo  85.94 ( 91.84)	Lr 1.000e-03 (1.000e-03)
2025-12-25 01:02:48,593 - INFO: Epoch: [11][350/433]	Time  0.034 ( 0.044)	Loss 2.3521e-01 (2.4208e-01)	Acc pseudo  92.19 ( 91.68)	Lr 1.000e-03 (1.000e-03)
2025-12-25 01:02:53,342 - INFO: Epoch: [11][400/433]	Time  0.034 ( 0.043)	Loss 3.2467e-01 (2.3908e-01)	Acc pseudo  85.94 ( 91.75)	Lr 1.000e-03 (1.000e-03)
2025-12-25 01:02:56,481 - INFO: Round 0, Face Fine-tune Epoch 11: loss=0.2381, acc(pseudo)=91.75%
2025-12-25 01:03:59,275 - INFO: Round 0, Face Fine-tune Epoch 11: acc(valid_pseudo): 0.9878, acc: 0.8393
2025-12-25 01:03:59,275 - INFO: Round 0, Face Fine-tune Epoch 11: No improvement. Patience(epoch): 2/3
2025-12-25 01:04:00,228 - INFO: Epoch: [12][  0/433]	Time  0.926 ( 0.926)	Loss 3.3366e-01 (3.3366e-01)	Acc pseudo  85.94 ( 85.94)	Lr 1.000e-03 (1.000e-03)
2025-12-25 01:04:04,969 - INFO: Epoch: [12][ 50/433]	Time  0.031 ( 0.052)	Loss 1.4362e-01 (1.9913e-01)	Acc pseudo  93.75 ( 92.49)	Lr 1.000e-03 (1.000e-03)
2025-12-25 01:04:09,716 - INFO: Epoch: [12][100/433]	Time  0.034 ( 0.043)	Loss 2.4859e-01 (1.9800e-01)	Acc pseudo  89.06 ( 92.78)	Lr 1.000e-03 (1.000e-03)
2025-12-25 01:04:14,474 - INFO: Epoch: [12][150/433]	Time  0.054 ( 0.043)	Loss 1.4188e-01 (1.9994e-01)	Acc pseudo  96.88 ( 93.02)	Lr 1.000e-03 (1.000e-03)
2025-12-25 01:04:19,236 - INFO: Epoch: [12][200/433]	Time  0.028 ( 0.042)	Loss 2.3281e-01 (2.1542e-01)	Acc pseudo  90.62 ( 92.53)	Lr 1.000e-03 (1.000e-03)
2025-12-25 01:04:23,977 - INFO: Epoch: [12][250/433]	Time  0.029 ( 0.040)	Loss 2.0588e-01 (2.1750e-01)	Acc pseudo  95.31 ( 92.52)	Lr 1.000e-03 (1.000e-03)
2025-12-25 01:04:28,720 - INFO: Epoch: [12][300/433]	Time  0.030 ( 0.038)	Loss 1.9057e-01 (2.2300e-01)	Acc pseudo  92.19 ( 92.43)	Lr 1.000e-03 (1.000e-03)
2025-12-25 01:04:33,467 - INFO: Epoch: [12][350/433]	Time  0.030 ( 0.037)	Loss 2.0100e-01 (2.2353e-01)	Acc pseudo  95.31 ( 92.29)	Lr 1.000e-03 (1.000e-03)
2025-12-25 01:04:38,219 - INFO: Epoch: [12][400/433]	Time  0.033 ( 0.037)	Loss 1.2510e-01 (2.2630e-01)	Acc pseudo  92.19 ( 92.28)	Lr 1.000e-03 (1.000e-03)
2025-12-25 01:04:41,345 - INFO: Round 0, Face Fine-tune Epoch 12: loss=0.2279, acc(pseudo)=92.23%
2025-12-25 01:05:44,683 - INFO: Round 0, Face Fine-tune Epoch 12: acc(valid_pseudo): 0.9839, acc: 0.8452
2025-12-25 01:05:44,683 - INFO: Round 0, Face Fine-tune Epoch 12: No improvement. Patience(epoch): 3/3
2025-12-25 01:05:44,683 - INFO: Early stopping at face epoch 12
2025-12-25 01:05:44,684 - INFO: Round 0: Best face fine-tuned epoch=9, acc(valid_pseudo)=0.9876
2025-12-25 01:05:44,735 - INFO: Using HMM model from previous round: runs/I love my family/exp_video/result/self_supervised/exp0/initial/pseudo_label/hmm_params.pkl
2025-12-25 02:30:28,769 - INFO: Round 0: speaker_acc=0.8235
2025-12-25 02:30:28,775 - INFO: Round 0: face_acc=0.8403
2025-12-25 02:30:28,779 - INFO: ====================
2025-12-25 02:30:28,779 - INFO: Round 1: Fine-tuning iteration
2025-12-25 02:30:28,779 - INFO: ====================
2025-12-25 02:30:28,838 - INFO: Round 1 Part 1: Fine-tuning embedding model
2025-12-25 02:30:28,839 - INFO: Using pseudo-label file: runs/I love my family/exp_video/result/self_supervised/exp0/round0/pseudo_label/pseudo_labels_audio_nested_hmm_full(unreliable_pp=100.0).json
2025-12-25 02:30:29,130 - INFO: For training, Using face pseudo-label file: runs/I love my family/exp_video/result/self_supervised/exp0/round0/pseudo_label/pseudo_labels_faces_mid_frame_train_nested_hmm_full.json
2025-12-25 02:30:29,131 - INFO: For infering, Using face pseudo-label file: runs/I love my family/exp_video/result/self_supervised/exp0/round0/pseudo_label/pseudo_labels_faces_mid_frame_all_nested_hmm_full.json
2025-12-25 02:30:29,371 - INFO: Created face dataloader with 27670 samples
2025-12-25 02:30:29,395 - INFO: Fine-tuning speaker embedding model for 20 epochs...
2025-12-25 02:30:30,806 - INFO: Epoch: [0][  0/301]	Time  1.320 ( 1.320)	Loss 6.1475e-01 (6.1475e-01)	Acc pseudo  79.69 ( 79.69)	Lr 1.000e-03 (1.000e-03)
2025-12-25 02:30:30,998 - INFO: Epoch: [0][ 50/301]	Time  0.003 ( 0.030)	Loss 8.3424e-01 (7.1270e-01)	Acc pseudo  75.00 ( 78.92)	Lr 1.000e-03 (1.000e-03)
2025-12-25 02:30:31,166 - INFO: Epoch: [0][100/301]	Time  0.003 ( 0.017)	Loss 9.0431e-01 (7.0911e-01)	Acc pseudo  87.50 ( 79.24)	Lr 1.000e-03 (1.000e-03)
2025-12-25 02:30:31,328 - INFO: Epoch: [0][150/301]	Time  0.003 ( 0.012)	Loss 9.8977e-01 (7.0898e-01)	Acc pseudo  73.44 ( 79.10)	Lr 1.000e-03 (1.000e-03)
2025-12-25 02:30:31,485 - INFO: Epoch: [0][200/301]	Time  0.003 ( 0.010)	Loss 7.6241e-01 (7.0770e-01)	Acc pseudo  81.25 ( 79.35)	Lr 1.000e-03 (1.000e-03)
2025-12-25 02:30:31,649 - INFO: Epoch: [0][250/301]	Time  0.003 ( 0.009)	Loss 6.5254e-01 (7.1405e-01)	Acc pseudo  82.81 ( 79.17)	Lr 1.000e-03 (1.000e-03)
2025-12-25 02:30:31,799 - INFO: Epoch: [0][300/301]	Time  0.004 ( 0.008)	Loss 5.7334e-01 (7.0972e-01)	Acc pseudo  76.00 ( 79.41)	Lr 1.000e-03 (1.000e-03)
2025-12-25 02:30:31,885 - INFO: Round 1, Fine-tune Epoch 0: loss=0.7097, acc(pseudo)=79.41%
2025-12-25 02:30:39,195 - INFO: Round 1, Fine-tune Epoch 0: acc(valid_pseudo): 0.9368, acc: 0.7580
2025-12-25 02:30:43,565 - INFO: Epoch: [1][  0/301]	Time  0.292 ( 0.292)	Loss 1.1528e+00 (1.1528e+00)	Acc pseudo  75.00 ( 75.00)	Lr 1.000e-03 (1.000e-03)
2025-12-25 02:30:43,775 - INFO: Epoch: [1][ 50/301]	Time  0.003 ( 0.010)	Loss 4.1391e-01 (6.0251e-01)	Acc pseudo  89.06 ( 81.95)	Lr 1.000e-03 (1.000e-03)
2025-12-25 02:30:43,976 - INFO: Epoch: [1][100/301]	Time  0.004 ( 0.007)	Loss 5.6255e-01 (6.1932e-01)	Acc pseudo  84.38 ( 81.10)	Lr 1.000e-03 (1.000e-03)
2025-12-25 02:30:44,173 - INFO: Epoch: [1][150/301]	Time  0.004 ( 0.006)	Loss 7.2767e-01 (6.2027e-01)	Acc pseudo  75.00 ( 81.19)	Lr 1.000e-03 (1.000e-03)
2025-12-25 02:30:44,369 - INFO: Epoch: [1][200/301]	Time  0.004 ( 0.005)	Loss 7.6134e-01 (6.3062e-01)	Acc pseudo  70.31 ( 80.98)	Lr 1.000e-03 (1.000e-03)
2025-12-25 02:30:44,563 - INFO: Epoch: [1][250/301]	Time  0.004 ( 0.005)	Loss 9.9518e-01 (6.4130e-01)	Acc pseudo  78.12 ( 80.63)	Lr 1.000e-03 (1.000e-03)
2025-12-25 02:30:44,752 - INFO: Epoch: [1][300/301]	Time  0.003 ( 0.005)	Loss 3.8138e-01 (6.4638e-01)	Acc pseudo  80.00 ( 80.66)	Lr 1.000e-03 (1.000e-03)
2025-12-25 02:30:44,832 - INFO: Round 1, Fine-tune Epoch 1: loss=0.6464, acc(pseudo)=80.66%
2025-12-25 02:30:54,081 - INFO: Round 1, Fine-tune Epoch 1: acc(valid_pseudo): 0.9497, acc: 0.8225
2025-12-25 02:30:58,490 - INFO: Epoch: [2][  0/301]	Time  0.296 ( 0.296)	Loss 7.3363e-01 (7.3363e-01)	Acc pseudo  84.38 ( 84.38)	Lr 1.000e-03 (1.000e-03)
2025-12-25 02:30:58,722 - INFO: Epoch: [2][ 50/301]	Time  0.004 ( 0.010)	Loss 3.8172e-01 (6.2302e-01)	Acc pseudo  90.62 ( 80.94)	Lr 1.000e-03 (1.000e-03)
2025-12-25 02:30:58,924 - INFO: Epoch: [2][100/301]	Time  0.004 ( 0.007)	Loss 8.0455e-01 (6.2379e-01)	Acc pseudo  71.88 ( 81.11)	Lr 1.000e-03 (1.000e-03)
2025-12-25 02:30:59,109 - INFO: Epoch: [2][150/301]	Time  0.003 ( 0.006)	Loss 4.3023e-01 (6.1452e-01)	Acc pseudo  84.38 ( 81.18)	Lr 1.000e-03 (1.000e-03)
2025-12-25 02:30:59,286 - INFO: Epoch: [2][200/301]	Time  0.009 ( 0.005)	Loss 5.1503e-01 (6.1931e-01)	Acc pseudo  78.12 ( 81.06)	Lr 1.000e-03 (1.000e-03)
2025-12-25 02:30:59,532 - INFO: Epoch: [2][250/301]	Time  0.004 ( 0.005)	Loss 4.5463e-01 (6.2822e-01)	Acc pseudo  82.81 ( 80.98)	Lr 1.000e-03 (1.000e-03)
2025-12-25 02:30:59,726 - INFO: Epoch: [2][300/301]	Time  0.004 ( 0.005)	Loss 6.6920e-01 (6.3232e-01)	Acc pseudo  84.00 ( 80.98)	Lr 1.000e-03 (1.000e-03)
2025-12-25 02:30:59,805 - INFO: Round 1, Fine-tune Epoch 2: loss=0.6323, acc(pseudo)=80.98%
2025-12-25 02:31:06,854 - INFO: Round 1, Fine-tune Epoch 2: acc(valid_pseudo): 0.9532, acc: 0.8185
2025-12-25 02:31:11,121 - INFO: Epoch: [3][  0/301]	Time  0.274 ( 0.274)	Loss 7.6063e-01 (7.6063e-01)	Acc pseudo  68.75 ( 68.75)	Lr 1.000e-03 (1.000e-03)
2025-12-25 02:31:11,311 - INFO: Epoch: [3][ 50/301]	Time  0.003 ( 0.009)	Loss 6.7616e-01 (6.2764e-01)	Acc pseudo  79.69 ( 81.13)	Lr 1.000e-03 (1.000e-03)
2025-12-25 02:31:11,471 - INFO: Epoch: [3][100/301]	Time  0.003 ( 0.006)	Loss 4.2595e-01 (6.0859e-01)	Acc pseudo  84.38 ( 81.34)	Lr 1.000e-03 (1.000e-03)
2025-12-25 02:31:11,629 - INFO: Epoch: [3][150/301]	Time  0.003 ( 0.005)	Loss 8.7358e-01 (6.0776e-01)	Acc pseudo  82.81 ( 81.47)	Lr 1.000e-03 (1.000e-03)
2025-12-25 02:31:11,781 - INFO: Epoch: [3][200/301]	Time  0.003 ( 0.005)	Loss 5.2238e-01 (6.0901e-01)	Acc pseudo  87.50 ( 81.43)	Lr 1.000e-03 (1.000e-03)
2025-12-25 02:31:11,933 - INFO: Epoch: [3][250/301]	Time  0.003 ( 0.004)	Loss 5.4237e-01 (6.0560e-01)	Acc pseudo  89.06 ( 81.52)	Lr 1.000e-03 (1.000e-03)
2025-12-25 02:31:12,081 - INFO: Epoch: [3][300/301]	Time  0.002 ( 0.004)	Loss 5.3141e-01 (6.1510e-01)	Acc pseudo  76.00 ( 81.43)	Lr 1.000e-03 (1.000e-03)
2025-12-25 02:31:12,157 - INFO: Round 1, Fine-tune Epoch 3: loss=0.6151, acc(pseudo)=81.43%
2025-12-25 02:31:20,131 - INFO: Round 1, Fine-tune Epoch 3: acc(valid_pseudo): 0.9634, acc: 0.8225
2025-12-25 02:31:24,546 - INFO: Epoch: [4][  0/301]	Time  0.286 ( 0.286)	Loss 6.7021e-01 (6.7021e-01)	Acc pseudo  78.12 ( 78.12)	Lr 1.000e-03 (1.000e-03)
2025-12-25 02:31:24,843 - INFO: Epoch: [4][ 50/301]	Time  0.006 ( 0.011)	Loss 7.1473e-01 (5.8666e-01)	Acc pseudo  79.69 ( 82.05)	Lr 1.000e-03 (1.000e-03)
2025-12-25 02:31:25,057 - INFO: Epoch: [4][100/301]	Time  0.006 ( 0.008)	Loss 5.1367e-01 (5.7590e-01)	Acc pseudo  82.81 ( 82.07)	Lr 1.000e-03 (1.000e-03)
2025-12-25 02:31:25,273 - INFO: Epoch: [4][150/301]	Time  0.003 ( 0.007)	Loss 4.4442e-01 (5.7632e-01)	Acc pseudo  82.81 ( 82.17)	Lr 1.000e-03 (1.000e-03)
2025-12-25 02:31:25,490 - INFO: Epoch: [4][200/301]	Time  0.005 ( 0.006)	Loss 4.6448e-01 (5.8591e-01)	Acc pseudo  85.94 ( 82.01)	Lr 1.000e-03 (1.000e-03)
2025-12-25 02:31:25,695 - INFO: Epoch: [4][250/301]	Time  0.003 ( 0.006)	Loss 5.9132e-01 (5.8733e-01)	Acc pseudo  76.56 ( 81.95)	Lr 1.000e-03 (1.000e-03)
2025-12-25 02:31:25,865 - INFO: Epoch: [4][300/301]	Time  0.003 ( 0.005)	Loss 8.1136e-01 (5.8727e-01)	Acc pseudo  80.00 ( 81.83)	Lr 1.000e-03 (1.000e-03)
2025-12-25 02:31:25,986 - INFO: Round 1, Fine-tune Epoch 4: loss=0.5873, acc(pseudo)=81.83%
2025-12-25 02:31:35,179 - INFO: Round 1, Fine-tune Epoch 4: acc(valid_pseudo): 0.9476, acc: 0.8065
2025-12-25 02:31:35,179 - INFO: Round 1, Speaker Fine-tune Epoch 4: No improvement in validation accuracy. Patience(epoch): 1/3
2025-12-25 02:31:35,580 - INFO: Epoch: [5][  0/301]	Time  0.395 ( 0.395)	Loss 7.2567e-01 (7.2567e-01)	Acc pseudo  82.81 ( 82.81)	Lr 1.000e-03 (1.000e-03)
2025-12-25 02:31:35,960 - INFO: Epoch: [5][ 50/301]	Time  0.004 ( 0.015)	Loss 4.8281e-01 (5.6134e-01)	Acc pseudo  87.50 ( 82.69)	Lr 1.000e-03 (1.000e-03)
2025-12-25 02:31:36,159 - INFO: Epoch: [5][100/301]	Time  0.003 ( 0.010)	Loss 6.8435e-01 (5.6851e-01)	Acc pseudo  82.81 ( 82.22)	Lr 1.000e-03 (1.000e-03)
2025-12-25 02:31:36,392 - INFO: Epoch: [5][150/301]	Time  0.006 ( 0.008)	Loss 6.6189e-01 (5.6555e-01)	Acc pseudo  78.12 ( 82.31)	Lr 1.000e-03 (1.000e-03)
2025-12-25 02:31:36,631 - INFO: Epoch: [5][200/301]	Time  0.003 ( 0.007)	Loss 3.4491e-01 (5.8207e-01)	Acc pseudo  82.81 ( 81.83)	Lr 1.000e-03 (1.000e-03)
2025-12-25 02:31:36,901 - INFO: Epoch: [5][250/301]	Time  0.006 ( 0.007)	Loss 7.0855e-01 (5.8036e-01)	Acc pseudo  79.69 ( 81.92)	Lr 1.000e-03 (1.000e-03)
2025-12-25 02:31:37,102 - INFO: Epoch: [5][300/301]	Time  0.002 ( 0.006)	Loss 7.5580e-01 (5.8497e-01)	Acc pseudo  76.00 ( 81.80)	Lr 1.000e-03 (1.000e-03)
2025-12-25 02:31:37,181 - INFO: Round 1, Fine-tune Epoch 5: loss=0.5850, acc(pseudo)=81.80%
2025-12-25 02:31:45,461 - INFO: Round 1, Fine-tune Epoch 5: acc(valid_pseudo): 0.9155, acc: 0.8005
2025-12-25 02:31:45,461 - INFO: Round 1, Speaker Fine-tune Epoch 5: No improvement in validation accuracy. Patience(epoch): 2/3
2025-12-25 02:31:45,751 - INFO: Epoch: [6][  0/301]	Time  0.284 ( 0.284)	Loss 4.8251e-01 (4.8251e-01)	Acc pseudo  81.25 ( 81.25)	Lr 1.000e-03 (1.000e-03)
2025-12-25 02:31:45,959 - INFO: Epoch: [6][ 50/301]	Time  0.003 ( 0.010)	Loss 4.1512e-01 (5.4226e-01)	Acc pseudo  85.94 ( 83.18)	Lr 1.000e-03 (1.000e-03)
2025-12-25 02:31:46,123 - INFO: Epoch: [6][100/301]	Time  0.003 ( 0.006)	Loss 6.4643e-01 (5.4067e-01)	Acc pseudo  78.12 ( 82.95)	Lr 1.000e-03 (1.000e-03)
2025-12-25 02:31:46,279 - INFO: Epoch: [6][150/301]	Time  0.003 ( 0.005)	Loss 4.1663e-01 (5.5552e-01)	Acc pseudo  87.50 ( 82.40)	Lr 1.000e-03 (1.000e-03)
2025-12-25 02:31:46,434 - INFO: Epoch: [6][200/301]	Time  0.003 ( 0.005)	Loss 4.7420e-01 (5.6027e-01)	Acc pseudo  81.25 ( 82.34)	Lr 1.000e-03 (1.000e-03)
2025-12-25 02:31:46,601 - INFO: Epoch: [6][250/301]	Time  0.003 ( 0.004)	Loss 3.3945e-01 (5.6022e-01)	Acc pseudo  85.94 ( 82.43)	Lr 1.000e-03 (1.000e-03)
2025-12-25 02:31:46,767 - INFO: Epoch: [6][300/301]	Time  0.003 ( 0.004)	Loss 5.6325e-01 (5.6350e-01)	Acc pseudo  80.00 ( 82.20)	Lr 1.000e-03 (1.000e-03)
2025-12-25 02:31:46,845 - INFO: Round 1, Fine-tune Epoch 6: loss=0.5635, acc(pseudo)=82.20%
2025-12-25 02:31:54,235 - INFO: Round 1, Fine-tune Epoch 6: acc(valid_pseudo): 0.9412, acc: 0.7990
2025-12-25 02:31:54,237 - INFO: Round 1, Speaker Fine-tune Epoch 6: No improvement in validation accuracy. Patience(epoch): 3/3
2025-12-25 02:31:54,238 - INFO: Early stopping at epoch 6 due to no improvement in validation accuracy for 3 epochs.
2025-12-25 02:31:54,241 - INFO: Round 1: Best speaker fine-tuned epoch=3, acc(valid_pseudo)=0.9634
2025-12-25 02:31:54,247 - INFO: Fine-tuning face embedding model for 20 epochs...
2025-12-25 02:31:55,679 - INFO: Epoch: [0][  0/433]	Time  1.398 ( 1.398)	Loss 2.2669e-01 (2.2669e-01)	Acc pseudo  92.19 ( 92.19)	Lr 1.000e-03 (1.000e-03)
2025-12-25 02:32:01,014 - INFO: Epoch: [0][ 50/433]	Time  0.038 ( 0.078)	Loss 1.6451e-01 (2.3874e-01)	Acc pseudo  95.31 ( 93.63)	Lr 1.000e-03 (1.000e-03)
2025-12-25 02:32:06,143 - INFO: Epoch: [0][100/433]	Time  0.031 ( 0.062)	Loss 2.4527e-01 (2.3159e-01)	Acc pseudo  90.62 ( 92.78)	Lr 1.000e-03 (1.000e-03)
2025-12-25 02:32:10,873 - INFO: Epoch: [0][150/433]	Time  0.040 ( 0.053)	Loss 4.2402e-01 (2.3533e-01)	Acc pseudo  90.62 ( 92.84)	Lr 1.000e-03 (1.000e-03)
2025-12-25 02:32:15,650 - INFO: Epoch: [0][200/433]	Time  0.037 ( 0.049)	Loss 1.9485e-01 (2.3545e-01)	Acc pseudo  96.88 ( 92.74)	Lr 1.000e-03 (1.000e-03)
2025-12-25 02:32:20,859 - INFO: Epoch: [0][250/433]	Time  0.032 ( 0.048)	Loss 1.9954e-01 (2.4221e-01)	Acc pseudo  93.75 ( 92.59)	Lr 1.000e-03 (1.000e-03)
2025-12-25 02:32:26,298 - INFO: Epoch: [0][300/433]	Time  0.043 ( 0.048)	Loss 2.9949e-01 (2.4244e-01)	Acc pseudo  95.31 ( 92.61)	Lr 1.000e-03 (1.000e-03)
2025-12-25 02:32:31,947 - INFO: Epoch: [0][350/433]	Time  0.203 ( 0.048)	Loss 1.2126e-01 (2.4556e-01)	Acc pseudo  95.31 ( 92.52)	Lr 1.000e-03 (1.000e-03)
2025-12-25 02:32:36,802 - INFO: Epoch: [0][400/433]	Time  0.031 ( 0.046)	Loss 2.7441e-01 (2.4350e-01)	Acc pseudo  93.75 ( 92.48)	Lr 1.000e-03 (1.000e-03)
2025-12-25 02:32:39,908 - INFO: Round 1, Face Fine-tune Epoch 0: loss=0.2422, acc(pseudo)=92.48%
2025-12-25 02:33:43,611 - INFO: Round 1, Face Fine-tune Epoch 0: acc(valid_pseudo): 0.9818, acc: 0.8354
2025-12-25 02:33:44,467 - INFO: Epoch: [1][  0/433]	Time  0.584 ( 0.584)	Loss 2.0871e-01 (2.0871e-01)	Acc pseudo  92.19 ( 92.19)	Lr 1.000e-03 (1.000e-03)
2025-12-25 02:33:49,201 - INFO: Epoch: [1][ 50/433]	Time  0.033 ( 0.049)	Loss 1.8473e-01 (2.2115e-01)	Acc pseudo  92.19 ( 92.49)	Lr 1.000e-03 (1.000e-03)
2025-12-25 02:33:54,042 - INFO: Epoch: [1][100/433]	Time  0.038 ( 0.041)	Loss 1.8354e-01 (2.1343e-01)	Acc pseudo  92.19 ( 92.99)	Lr 1.000e-03 (1.000e-03)
2025-12-25 02:33:58,798 - INFO: Epoch: [1][150/433]	Time  0.041 ( 0.040)	Loss 2.3097e-01 (2.1326e-01)	Acc pseudo  92.19 ( 92.68)	Lr 1.000e-03 (1.000e-03)
2025-12-25 02:34:03,548 - INFO: Epoch: [1][200/433]	Time  0.039 ( 0.040)	Loss 1.0918e-01 (2.0810e-01)	Acc pseudo  93.75 ( 92.80)	Lr 1.000e-03 (1.000e-03)
2025-12-25 02:34:08,294 - INFO: Epoch: [1][250/433]	Time  0.041 ( 0.039)	Loss 1.1337e-01 (2.0218e-01)	Acc pseudo  95.31 ( 92.88)	Lr 1.000e-03 (1.000e-03)
2025-12-25 02:34:13,045 - INFO: Epoch: [1][300/433]	Time  0.037 ( 0.039)	Loss 1.8624e-01 (2.0139e-01)	Acc pseudo  93.75 ( 92.99)	Lr 1.000e-03 (1.000e-03)
2025-12-25 02:34:17,795 - INFO: Epoch: [1][350/433]	Time  0.040 ( 0.039)	Loss 8.9418e-02 (1.9972e-01)	Acc pseudo  98.44 ( 93.08)	Lr 1.000e-03 (1.000e-03)
2025-12-25 02:34:22,558 - INFO: Epoch: [1][400/433]	Time  0.029 ( 0.038)	Loss 3.9462e-02 (1.9667e-01)	Acc pseudo  98.44 ( 93.18)	Lr 1.000e-03 (1.000e-03)
2025-12-25 02:34:25,656 - INFO: Round 1, Face Fine-tune Epoch 1: loss=0.1962, acc(pseudo)=93.23%
2025-12-25 02:35:29,150 - INFO: Round 1, Face Fine-tune Epoch 1: acc(valid_pseudo): 0.9824, acc: 0.8354
2025-12-25 02:35:29,150 - INFO: Round 1, Face Fine-tune Epoch 1: No improvement. Patience(epoch): 1/3
2025-12-25 02:35:29,730 - INFO: Epoch: [2][  0/433]	Time  0.527 ( 0.527)	Loss 2.0111e-01 (2.0111e-01)	Acc pseudo  89.06 ( 89.06)	Lr 1.000e-03 (1.000e-03)
2025-12-25 02:35:34,464 - INFO: Epoch: [2][ 50/433]	Time  0.032 ( 0.042)	Loss 6.4533e-02 (1.9199e-01)	Acc pseudo  98.44 ( 93.57)	Lr 1.000e-03 (1.000e-03)
2025-12-25 02:35:39,208 - INFO: Epoch: [2][100/433]	Time  0.035 ( 0.038)	Loss 3.4041e-01 (1.7293e-01)	Acc pseudo  89.06 ( 94.01)	Lr 1.000e-03 (1.000e-03)
2025-12-25 02:35:43,967 - INFO: Epoch: [2][150/433]	Time  0.034 ( 0.039)	Loss 2.9922e-01 (1.6613e-01)	Acc pseudo  89.06 ( 94.04)	Lr 1.000e-03 (1.000e-03)
2025-12-25 02:35:48,731 - INFO: Epoch: [2][200/433]	Time  0.049 ( 0.040)	Loss 1.4429e-01 (1.6098e-01)	Acc pseudo  95.31 ( 94.17)	Lr 1.000e-03 (1.000e-03)
2025-12-25 02:35:53,489 - INFO: Epoch: [2][250/433]	Time  0.043 ( 0.039)	Loss 1.2738e-01 (1.6461e-01)	Acc pseudo  93.75 ( 94.02)	Lr 1.000e-03 (1.000e-03)
2025-12-25 02:35:58,232 - INFO: Epoch: [2][300/433]	Time  0.028 ( 0.038)	Loss 9.8989e-02 (1.7032e-01)	Acc pseudo  93.75 ( 93.88)	Lr 1.000e-03 (1.000e-03)
2025-12-25 02:36:02,977 - INFO: Epoch: [2][350/433]	Time  0.035 ( 0.038)	Loss 1.6849e-01 (1.7379e-01)	Acc pseudo  92.19 ( 93.79)	Lr 1.000e-03 (1.000e-03)
2025-12-25 02:36:07,729 - INFO: Epoch: [2][400/433]	Time  0.033 ( 0.037)	Loss 2.2400e-01 (1.7766e-01)	Acc pseudo  93.75 ( 93.72)	Lr 1.000e-03 (1.000e-03)
2025-12-25 02:36:10,930 - INFO: Round 1, Face Fine-tune Epoch 2: loss=0.1785, acc(pseudo)=93.69%
2025-12-25 02:37:14,615 - INFO: Round 1, Face Fine-tune Epoch 2: acc(valid_pseudo): 0.9830, acc: 0.8491
2025-12-25 02:37:15,424 - INFO: Epoch: [3][  0/433]	Time  0.547 ( 0.547)	Loss 4.2238e-01 (4.2238e-01)	Acc pseudo  90.62 ( 90.62)	Lr 1.000e-03 (1.000e-03)
2025-12-25 02:37:20,167 - INFO: Epoch: [3][ 50/433]	Time  0.028 ( 0.048)	Loss 3.3454e-01 (1.6752e-01)	Acc pseudo  93.75 ( 94.21)	Lr 1.000e-03 (1.000e-03)
2025-12-25 02:37:24,905 - INFO: Epoch: [3][100/433]	Time  0.034 ( 0.039)	Loss 1.3130e-01 (1.5885e-01)	Acc pseudo  95.31 ( 94.38)	Lr 1.000e-03 (1.000e-03)
2025-12-25 02:37:29,643 - INFO: Epoch: [3][150/433]	Time  0.028 ( 0.036)	Loss 1.1097e-01 (1.5920e-01)	Acc pseudo  96.88 ( 94.52)	Lr 1.000e-03 (1.000e-03)
2025-12-25 02:37:34,395 - INFO: Epoch: [3][200/433]	Time  0.031 ( 0.036)	Loss 1.8442e-01 (1.6037e-01)	Acc pseudo  93.75 ( 94.59)	Lr 1.000e-03 (1.000e-03)
2025-12-25 02:37:39,155 - INFO: Epoch: [3][250/433]	Time  0.049 ( 0.036)	Loss 1.5441e-01 (1.6834e-01)	Acc pseudo  93.75 ( 94.41)	Lr 1.000e-03 (1.000e-03)
2025-12-25 02:37:43,914 - INFO: Epoch: [3][300/433]	Time  0.034 ( 0.036)	Loss 1.1236e-01 (1.6572e-01)	Acc pseudo  96.88 ( 94.38)	Lr 1.000e-03 (1.000e-03)
2025-12-25 02:37:48,670 - INFO: Epoch: [3][350/433]	Time  0.034 ( 0.035)	Loss 2.3242e-01 (1.6907e-01)	Acc pseudo  90.62 ( 94.24)	Lr 1.000e-03 (1.000e-03)
2025-12-25 02:37:53,426 - INFO: Epoch: [3][400/433]	Time  0.032 ( 0.035)	Loss 1.6347e-01 (1.7243e-01)	Acc pseudo  93.75 ( 94.14)	Lr 1.000e-03 (1.000e-03)
2025-12-25 02:37:56,565 - INFO: Round 1, Face Fine-tune Epoch 3: loss=0.1722, acc(pseudo)=94.11%
2025-12-25 02:38:59,243 - INFO: Round 1, Face Fine-tune Epoch 3: acc(valid_pseudo): 0.9843, acc: 0.8442
2025-12-25 02:39:00,055 - INFO: Epoch: [4][  0/433]	Time  0.551 ( 0.551)	Loss 5.5445e-02 (5.5445e-02)	Acc pseudo  98.44 ( 98.44)	Lr 1.000e-03 (1.000e-03)
2025-12-25 02:39:04,792 - INFO: Epoch: [4][ 50/433]	Time  0.030 ( 0.042)	Loss 9.8420e-02 (1.4741e-01)	Acc pseudo  95.31 ( 94.64)	Lr 1.000e-03 (1.000e-03)
2025-12-25 02:39:09,545 - INFO: Epoch: [4][100/433]	Time  0.037 ( 0.039)	Loss 7.8651e-02 (1.4315e-01)	Acc pseudo  96.88 ( 94.76)	Lr 1.000e-03 (1.000e-03)
2025-12-25 02:39:14,299 - INFO: Epoch: [4][150/433]	Time  0.038 ( 0.040)	Loss 1.0417e-01 (1.5236e-01)	Acc pseudo  96.88 ( 94.86)	Lr 1.000e-03 (1.000e-03)
2025-12-25 02:39:19,050 - INFO: Epoch: [4][200/433]	Time  0.037 ( 0.039)	Loss 2.6487e-01 (1.4958e-01)	Acc pseudo  90.62 ( 94.79)	Lr 1.000e-03 (1.000e-03)
2025-12-25 02:39:23,804 - INFO: Epoch: [4][250/433]	Time  0.039 ( 0.039)	Loss 1.1183e-01 (1.5445e-01)	Acc pseudo  93.75 ( 94.52)	Lr 1.000e-03 (1.000e-03)
2025-12-25 02:39:28,567 - INFO: Epoch: [4][300/433]	Time  0.044 ( 0.039)	Loss 1.4821e-01 (1.5730e-01)	Acc pseudo  93.75 ( 94.40)	Lr 1.000e-03 (1.000e-03)
2025-12-25 02:39:33,322 - INFO: Epoch: [4][350/433]	Time  0.031 ( 0.038)	Loss 8.8882e-02 (1.5675e-01)	Acc pseudo  95.31 ( 94.37)	Lr 1.000e-03 (1.000e-03)
2025-12-25 02:39:38,085 - INFO: Epoch: [4][400/433]	Time  0.040 ( 0.038)	Loss 5.1097e-02 (1.5988e-01)	Acc pseudo  98.44 ( 94.38)	Lr 1.000e-03 (1.000e-03)
2025-12-25 02:39:41,277 - INFO: Round 1, Face Fine-tune Epoch 4: loss=0.1624, acc(pseudo)=94.34%
2025-12-25 02:40:44,361 - INFO: Round 1, Face Fine-tune Epoch 4: acc(valid_pseudo): 0.9817, acc: 0.8335
2025-12-25 02:40:44,362 - INFO: Round 1, Face Fine-tune Epoch 4: No improvement. Patience(epoch): 1/3
2025-12-25 02:40:45,052 - INFO: Epoch: [5][  0/433]	Time  0.644 ( 0.644)	Loss 1.3597e-01 (1.3597e-01)	Acc pseudo  93.75 ( 93.75)	Lr 1.000e-03 (1.000e-03)
2025-12-25 02:40:49,803 - INFO: Epoch: [5][ 50/433]	Time  0.032 ( 0.047)	Loss 3.8761e-02 (1.4681e-01)	Acc pseudo  98.44 ( 94.30)	Lr 1.000e-03 (1.000e-03)
2025-12-25 02:40:54,636 - INFO: Epoch: [5][100/433]	Time  0.031 ( 0.043)	Loss 1.1066e-01 (1.5956e-01)	Acc pseudo  93.75 ( 93.87)	Lr 1.000e-03 (1.000e-03)
2025-12-25 02:40:59,385 - INFO: Epoch: [5][150/433]	Time  0.043 ( 0.039)	Loss 8.9646e-02 (1.5604e-01)	Acc pseudo  98.44 ( 94.28)	Lr 1.000e-03 (1.000e-03)
2025-12-25 02:41:04,151 - INFO: Epoch: [5][200/433]	Time  0.029 ( 0.039)	Loss 7.3640e-02 (1.6043e-01)	Acc pseudo  96.88 ( 94.22)	Lr 1.000e-03 (1.000e-03)
2025-12-25 02:41:08,892 - INFO: Epoch: [5][250/433]	Time  0.029 ( 0.037)	Loss 3.0157e-01 (1.6552e-01)	Acc pseudo  95.31 ( 94.17)	Lr 1.000e-03 (1.000e-03)
2025-12-25 02:41:13,634 - INFO: Epoch: [5][300/433]	Time  0.029 ( 0.036)	Loss 2.0814e-01 (1.6733e-01)	Acc pseudo  92.19 ( 94.15)	Lr 1.000e-03 (1.000e-03)
2025-12-25 02:41:18,393 - INFO: Epoch: [5][350/433]	Time  0.048 ( 0.037)	Loss 2.2670e-01 (1.6819e-01)	Acc pseudo  90.62 ( 94.10)	Lr 1.000e-03 (1.000e-03)
2025-12-25 02:41:23,154 - INFO: Epoch: [5][400/433]	Time  0.028 ( 0.037)	Loss 1.7964e-01 (1.6785e-01)	Acc pseudo  96.88 ( 94.09)	Lr 1.000e-03 (1.000e-03)
2025-12-25 02:41:26,341 - INFO: Round 1, Face Fine-tune Epoch 5: loss=0.1664, acc(pseudo)=94.08%
2025-12-25 02:42:30,243 - INFO: Round 1, Face Fine-tune Epoch 5: acc(valid_pseudo): 0.9833, acc: 0.8384
2025-12-25 02:42:30,243 - INFO: Round 1, Face Fine-tune Epoch 5: No improvement. Patience(epoch): 2/3
2025-12-25 02:42:30,789 - INFO: Epoch: [6][  0/433]	Time  0.504 ( 0.504)	Loss 3.3499e-01 (3.3499e-01)	Acc pseudo  90.62 ( 90.62)	Lr 1.000e-03 (1.000e-03)
2025-12-25 02:42:35,650 - INFO: Epoch: [6][ 50/433]	Time  0.029 ( 0.050)	Loss 1.2131e-01 (1.4120e-01)	Acc pseudo  93.75 ( 95.04)	Lr 1.000e-03 (1.000e-03)
2025-12-25 02:42:40,389 - INFO: Epoch: [6][100/433]	Time  0.031 ( 0.040)	Loss 5.4269e-02 (1.4160e-01)	Acc pseudo  98.44 ( 95.05)	Lr 1.000e-03 (1.000e-03)
2025-12-25 02:42:45,139 - INFO: Epoch: [6][150/433]	Time  0.041 ( 0.039)	Loss 1.5094e-01 (1.4302e-01)	Acc pseudo  93.75 ( 94.86)	Lr 1.000e-03 (1.000e-03)
2025-12-25 02:42:49,906 - INFO: Epoch: [6][200/433]	Time  0.043 ( 0.040)	Loss 7.7864e-02 (1.4591e-01)	Acc pseudo  98.44 ( 94.81)	Lr 1.000e-03 (1.000e-03)
2025-12-25 02:42:54,655 - INFO: Epoch: [6][250/433]	Time  0.030 ( 0.039)	Loss 2.7849e-01 (1.5650e-01)	Acc pseudo  89.06 ( 94.71)	Lr 1.000e-03 (1.000e-03)
2025-12-25 02:42:59,410 - INFO: Epoch: [6][300/433]	Time  0.038 ( 0.038)	Loss 1.1689e-01 (1.5374e-01)	Acc pseudo  96.88 ( 94.74)	Lr 1.000e-03 (1.000e-03)
2025-12-25 02:43:04,166 - INFO: Epoch: [6][350/433]	Time  0.042 ( 0.038)	Loss 5.8350e-02 (1.5623e-01)	Acc pseudo  96.88 ( 94.63)	Lr 1.000e-03 (1.000e-03)
2025-12-25 02:43:08,920 - INFO: Epoch: [6][400/433]	Time  0.032 ( 0.037)	Loss 2.1032e-01 (1.5808e-01)	Acc pseudo  96.88 ( 94.53)	Lr 1.000e-03 (1.000e-03)
2025-12-25 02:43:12,081 - INFO: Round 1, Face Fine-tune Epoch 6: loss=0.1582, acc(pseudo)=94.55%
2025-12-25 02:44:14,670 - INFO: Round 1, Face Fine-tune Epoch 6: acc(valid_pseudo): 0.9846, acc: 0.8393
2025-12-25 02:44:14,671 - INFO: Round 1, Face Fine-tune Epoch 6: No improvement. Patience(epoch): 3/3
2025-12-25 02:44:14,671 - INFO: Early stopping at face epoch 6
2025-12-25 02:44:14,672 - INFO: Round 1: Best face fine-tuned epoch=3, acc(valid_pseudo)=0.9843
2025-12-25 02:44:14,770 - INFO: Using HMM model from previous round: runs/I love my family/exp_video/result/self_supervised/exp0/round0/pseudo_label/hmm_params.pkl
2025-12-25 04:04:58,909 - INFO: Round 1: speaker_acc=0.8415
2025-12-25 04:04:58,915 - INFO: Round 1: face_acc=0.8442
2025-12-25 04:04:58,917 - INFO: ====================
2025-12-25 04:04:58,917 - INFO: Round 2: Fine-tuning iteration
2025-12-25 04:04:58,917 - INFO: ====================
2025-12-25 04:04:58,984 - INFO: Round 2 Part 1: Fine-tuning embedding model
2025-12-25 04:04:58,986 - INFO: Using pseudo-label file: runs/I love my family/exp_video/result/self_supervised/exp0/round1/pseudo_label/pseudo_labels_audio_nested_hmm_full(unreliable_pp=100.0).json
2025-12-25 04:04:59,319 - INFO: For training, Using face pseudo-label file: runs/I love my family/exp_video/result/self_supervised/exp0/round1/pseudo_label/pseudo_labels_faces_mid_frame_train_nested_hmm_full.json
2025-12-25 04:04:59,319 - INFO: For infering, Using face pseudo-label file: runs/I love my family/exp_video/result/self_supervised/exp0/round1/pseudo_label/pseudo_labels_faces_mid_frame_all_nested_hmm_full.json
2025-12-25 04:04:59,553 - INFO: Created face dataloader with 27670 samples
2025-12-25 04:04:59,584 - INFO: Fine-tuning speaker embedding model for 20 epochs...
2025-12-25 04:05:01,125 - INFO: Epoch: [0][  0/301]	Time  1.444 ( 1.444)	Loss 5.6316e-01 (5.6316e-01)	Acc pseudo  81.25 ( 81.25)	Lr 1.000e-03 (1.000e-03)
2025-12-25 04:05:01,402 - INFO: Epoch: [0][ 50/301]	Time  0.004 ( 0.034)	Loss 6.4884e-01 (5.6628e-01)	Acc pseudo  76.56 ( 83.79)	Lr 1.000e-03 (1.000e-03)
2025-12-25 04:05:01,630 - INFO: Epoch: [0][100/301]	Time  0.003 ( 0.019)	Loss 2.1876e+00 (6.0349e-01)	Acc pseudo  85.94 ( 83.45)	Lr 1.000e-03 (1.000e-03)
2025-12-25 04:05:01,818 - INFO: Epoch: [0][150/301]	Time  0.003 ( 0.014)	Loss 1.1882e+00 (6.0652e-01)	Acc pseudo  75.00 ( 83.42)	Lr 1.000e-03 (1.000e-03)
2025-12-25 04:05:02,036 - INFO: Epoch: [0][200/301]	Time  0.005 ( 0.012)	Loss 5.0644e-01 (6.0018e-01)	Acc pseudo  87.50 ( 83.58)	Lr 1.000e-03 (1.000e-03)
2025-12-25 04:05:02,218 - INFO: Epoch: [0][250/301]	Time  0.004 ( 0.010)	Loss 7.9603e-01 (6.0701e-01)	Acc pseudo  85.94 ( 83.38)	Lr 1.000e-03 (1.000e-03)
2025-12-25 04:05:02,422 - INFO: Epoch: [0][300/301]	Time  0.007 ( 0.009)	Loss 2.5504e-01 (5.9690e-01)	Acc pseudo  88.00 ( 83.59)	Lr 1.000e-03 (1.000e-03)
2025-12-25 04:05:02,557 - INFO: Round 2, Fine-tune Epoch 0: loss=0.5969, acc(pseudo)=83.59%
2025-12-25 04:05:10,610 - INFO: Round 2, Fine-tune Epoch 0: acc(valid_pseudo): 0.9415, acc: 0.8150
2025-12-25 04:05:14,977 - INFO: Epoch: [1][  0/301]	Time  0.299 ( 0.299)	Loss 8.9064e-01 (8.9064e-01)	Acc pseudo  78.12 ( 78.12)	Lr 1.000e-03 (1.000e-03)
2025-12-25 04:05:15,265 - INFO: Epoch: [1][ 50/301]	Time  0.004 ( 0.011)	Loss 3.0177e-01 (4.9761e-01)	Acc pseudo  90.62 ( 85.57)	Lr 1.000e-03 (1.000e-03)
2025-12-25 04:05:15,466 - INFO: Epoch: [1][100/301]	Time  0.005 ( 0.008)	Loss 3.4967e-01 (5.0699e-01)	Acc pseudo  90.62 ( 85.19)	Lr 1.000e-03 (1.000e-03)
2025-12-25 04:05:15,665 - INFO: Epoch: [1][150/301]	Time  0.004 ( 0.006)	Loss 7.5340e-01 (5.1815e-01)	Acc pseudo  85.94 ( 85.05)	Lr 1.000e-03 (1.000e-03)
2025-12-25 04:05:15,860 - INFO: Epoch: [1][200/301]	Time  0.004 ( 0.006)	Loss 6.4189e-01 (5.1739e-01)	Acc pseudo  79.69 ( 84.98)	Lr 1.000e-03 (1.000e-03)
2025-12-25 04:05:16,061 - INFO: Epoch: [1][250/301]	Time  0.003 ( 0.005)	Loss 9.2595e-01 (5.3117e-01)	Acc pseudo  81.25 ( 84.59)	Lr 1.000e-03 (1.000e-03)
2025-12-25 04:05:16,268 - INFO: Epoch: [1][300/301]	Time  0.002 ( 0.005)	Loss 4.0770e-01 (5.3542e-01)	Acc pseudo  84.00 ( 84.52)	Lr 1.000e-03 (1.000e-03)
2025-12-25 04:05:16,352 - INFO: Round 2, Fine-tune Epoch 1: loss=0.5354, acc(pseudo)=84.52%
2025-12-25 04:05:24,549 - INFO: Round 2, Fine-tune Epoch 1: acc(valid_pseudo): 0.9389, acc: 0.8245
2025-12-25 04:05:24,549 - INFO: Round 2, Speaker Fine-tune Epoch 1: No improvement in validation accuracy. Patience(epoch): 1/3
2025-12-25 04:05:24,848 - INFO: Epoch: [2][  0/301]	Time  0.294 ( 0.294)	Loss 7.0281e-01 (7.0281e-01)	Acc pseudo  79.69 ( 79.69)	Lr 1.000e-03 (1.000e-03)
2025-12-25 04:05:25,039 - INFO: Epoch: [2][ 50/301]	Time  0.003 ( 0.009)	Loss 2.1096e-01 (5.1022e-01)	Acc pseudo  93.75 ( 84.01)	Lr 1.000e-03 (1.000e-03)
2025-12-25 04:05:25,206 - INFO: Epoch: [2][100/301]	Time  0.003 ( 0.006)	Loss 4.7520e-01 (5.1518e-01)	Acc pseudo  82.81 ( 84.99)	Lr 1.000e-03 (1.000e-03)
2025-12-25 04:05:25,378 - INFO: Epoch: [2][150/301]	Time  0.003 ( 0.005)	Loss 4.1727e-01 (5.0294e-01)	Acc pseudo  87.50 ( 85.34)	Lr 1.000e-03 (1.000e-03)
2025-12-25 04:05:25,546 - INFO: Epoch: [2][200/301]	Time  0.003 ( 0.005)	Loss 3.9891e-01 (5.0680e-01)	Acc pseudo  85.94 ( 85.25)	Lr 1.000e-03 (1.000e-03)
2025-12-25 04:05:25,707 - INFO: Epoch: [2][250/301]	Time  0.003 ( 0.005)	Loss 3.5283e-01 (5.1115e-01)	Acc pseudo  84.38 ( 85.03)	Lr 1.000e-03 (1.000e-03)
2025-12-25 04:05:25,856 - INFO: Epoch: [2][300/301]	Time  0.002 ( 0.004)	Loss 1.9332e-01 (5.1696e-01)	Acc pseudo  92.00 ( 84.83)	Lr 1.000e-03 (1.000e-03)
2025-12-25 04:05:25,937 - INFO: Round 2, Fine-tune Epoch 2: loss=0.5170, acc(pseudo)=84.83%
2025-12-25 04:05:33,488 - INFO: Round 2, Fine-tune Epoch 2: acc(valid_pseudo): 0.8260, acc: 0.7545
2025-12-25 04:05:33,489 - INFO: Round 2, Speaker Fine-tune Epoch 2: No improvement in validation accuracy. Patience(epoch): 2/3
2025-12-25 04:05:33,797 - INFO: Epoch: [3][  0/301]	Time  0.302 ( 0.302)	Loss 7.5622e-01 (7.5622e-01)	Acc pseudo  73.44 ( 73.44)	Lr 1.000e-03 (1.000e-03)
2025-12-25 04:05:33,976 - INFO: Epoch: [3][ 50/301]	Time  0.003 ( 0.009)	Loss 8.2126e-01 (5.0557e-01)	Acc pseudo  82.81 ( 85.42)	Lr 1.000e-03 (1.000e-03)
2025-12-25 04:05:34,138 - INFO: Epoch: [3][100/301]	Time  0.003 ( 0.006)	Loss 4.1216e-01 (5.1518e-01)	Acc pseudo  90.62 ( 84.72)	Lr 1.000e-03 (1.000e-03)
2025-12-25 04:05:34,293 - INFO: Epoch: [3][150/301]	Time  0.003 ( 0.005)	Loss 5.3077e-01 (5.2216e-01)	Acc pseudo  87.50 ( 84.77)	Lr 1.000e-03 (1.000e-03)
2025-12-25 04:05:34,447 - INFO: Epoch: [3][200/301]	Time  0.003 ( 0.005)	Loss 2.7934e-01 (5.2629e-01)	Acc pseudo  89.06 ( 84.80)	Lr 1.000e-03 (1.000e-03)
2025-12-25 04:05:34,600 - INFO: Epoch: [3][250/301]	Time  0.003 ( 0.004)	Loss 5.0606e-01 (5.2369e-01)	Acc pseudo  84.38 ( 84.80)	Lr 1.000e-03 (1.000e-03)
2025-12-25 04:05:34,791 - INFO: Epoch: [3][300/301]	Time  0.002 ( 0.004)	Loss 4.9142e-01 (5.2204e-01)	Acc pseudo  80.00 ( 84.80)	Lr 1.000e-03 (1.000e-03)
2025-12-25 04:05:34,870 - INFO: Round 2, Fine-tune Epoch 3: loss=0.5220, acc(pseudo)=84.80%
2025-12-25 04:05:43,582 - INFO: Round 2, Fine-tune Epoch 3: acc(valid_pseudo): 0.9611, acc: 0.8225
2025-12-25 04:05:50,411 - INFO: Epoch: [4][  0/301]	Time  0.482 ( 0.482)	Loss 6.6297e-01 (6.6297e-01)	Acc pseudo  79.69 ( 79.69)	Lr 1.000e-03 (1.000e-03)
2025-12-25 04:05:50,643 - INFO: Epoch: [4][ 50/301]	Time  0.004 ( 0.014)	Loss 5.1011e-01 (4.9313e-01)	Acc pseudo  82.81 ( 85.29)	Lr 1.000e-03 (1.000e-03)
2025-12-25 04:05:50,834 - INFO: Epoch: [4][100/301]	Time  0.003 ( 0.009)	Loss 4.6773e-01 (4.8850e-01)	Acc pseudo  81.25 ( 85.26)	Lr 1.000e-03 (1.000e-03)
2025-12-25 04:05:51,021 - INFO: Epoch: [4][150/301]	Time  0.004 ( 0.007)	Loss 3.6644e-01 (4.8761e-01)	Acc pseudo  84.38 ( 85.46)	Lr 1.000e-03 (1.000e-03)
2025-12-25 04:05:51,201 - INFO: Epoch: [4][200/301]	Time  0.003 ( 0.006)	Loss 4.2294e-01 (4.8690e-01)	Acc pseudo  85.94 ( 85.36)	Lr 1.000e-03 (1.000e-03)
2025-12-25 04:05:51,374 - INFO: Epoch: [4][250/301]	Time  0.004 ( 0.006)	Loss 7.5961e-01 (4.8893e-01)	Acc pseudo  78.12 ( 85.33)	Lr 1.000e-03 (1.000e-03)
2025-12-25 04:05:51,557 - INFO: Epoch: [4][300/301]	Time  0.003 ( 0.005)	Loss 3.4192e-01 (4.9341e-01)	Acc pseudo  88.00 ( 85.22)	Lr 1.000e-03 (1.000e-03)
2025-12-25 04:05:51,694 - INFO: Round 2, Fine-tune Epoch 4: loss=0.4934, acc(pseudo)=85.22%
2025-12-25 04:05:59,291 - INFO: Round 2, Fine-tune Epoch 4: acc(valid_pseudo): 0.9532, acc: 0.8160
2025-12-25 04:05:59,292 - INFO: Round 2, Speaker Fine-tune Epoch 4: No improvement in validation accuracy. Patience(epoch): 1/3
2025-12-25 04:05:59,618 - INFO: Epoch: [5][  0/301]	Time  0.321 ( 0.321)	Loss 5.1602e-01 (5.1602e-01)	Acc pseudo  84.38 ( 84.38)	Lr 1.000e-03 (1.000e-03)
2025-12-25 04:05:59,840 - INFO: Epoch: [5][ 50/301]	Time  0.004 ( 0.011)	Loss 5.2516e-01 (4.6295e-01)	Acc pseudo  90.62 ( 86.06)	Lr 1.000e-03 (1.000e-03)
2025-12-25 04:06:00,030 - INFO: Epoch: [5][100/301]	Time  0.003 ( 0.007)	Loss 6.4240e-01 (4.6351e-01)	Acc pseudo  78.12 ( 85.92)	Lr 1.000e-03 (1.000e-03)
2025-12-25 04:06:00,220 - INFO: Epoch: [5][150/301]	Time  0.003 ( 0.006)	Loss 5.7925e-01 (4.7211e-01)	Acc pseudo  82.81 ( 85.98)	Lr 1.000e-03 (1.000e-03)
2025-12-25 04:06:00,393 - INFO: Epoch: [5][200/301]	Time  0.003 ( 0.005)	Loss 5.3322e-01 (4.8049e-01)	Acc pseudo  79.69 ( 85.67)	Lr 1.000e-03 (1.000e-03)
2025-12-25 04:06:00,581 - INFO: Epoch: [5][250/301]	Time  0.004 ( 0.005)	Loss 5.0390e-01 (4.8272e-01)	Acc pseudo  84.38 ( 85.46)	Lr 1.000e-03 (1.000e-03)
2025-12-25 04:06:00,768 - INFO: Epoch: [5][300/301]	Time  0.003 ( 0.005)	Loss 7.5505e-01 (4.8597e-01)	Acc pseudo  80.00 ( 85.20)	Lr 1.000e-03 (1.000e-03)
2025-12-25 04:06:00,856 - INFO: Round 2, Fine-tune Epoch 5: loss=0.4860, acc(pseudo)=85.20%
2025-12-25 04:06:10,728 - INFO: Round 2, Fine-tune Epoch 5: acc(valid_pseudo): 0.9357, acc: 0.7985
2025-12-25 04:06:10,729 - INFO: Round 2, Speaker Fine-tune Epoch 5: No improvement in validation accuracy. Patience(epoch): 2/3
2025-12-25 04:06:11,371 - INFO: Epoch: [6][  0/301]	Time  0.634 ( 0.634)	Loss 5.4035e-01 (5.4035e-01)	Acc pseudo  81.25 ( 81.25)	Lr 1.000e-03 (1.000e-03)
2025-12-25 04:06:11,601 - INFO: Epoch: [6][ 50/301]	Time  0.004 ( 0.017)	Loss 3.5265e-01 (4.3577e-01)	Acc pseudo  89.06 ( 86.09)	Lr 1.000e-03 (1.000e-03)
2025-12-25 04:06:11,812 - INFO: Epoch: [6][100/301]	Time  0.004 ( 0.011)	Loss 6.3302e-01 (4.4499e-01)	Acc pseudo  82.81 ( 86.01)	Lr 1.000e-03 (1.000e-03)
2025-12-25 04:06:12,023 - INFO: Epoch: [6][150/301]	Time  0.004 ( 0.008)	Loss 2.6505e-01 (4.5511e-01)	Acc pseudo  90.62 ( 85.65)	Lr 1.000e-03 (1.000e-03)
2025-12-25 04:06:12,213 - INFO: Epoch: [6][200/301]	Time  0.006 ( 0.007)	Loss 6.0326e-01 (4.5946e-01)	Acc pseudo  82.81 ( 85.63)	Lr 1.000e-03 (1.000e-03)
2025-12-25 04:06:12,403 - INFO: Epoch: [6][250/301]	Time  0.004 ( 0.007)	Loss 3.6659e-01 (4.6761e-01)	Acc pseudo  90.62 ( 85.63)	Lr 1.000e-03 (1.000e-03)
2025-12-25 04:06:12,566 - INFO: Epoch: [6][300/301]	Time  0.002 ( 0.006)	Loss 1.9300e-01 (4.6895e-01)	Acc pseudo  88.00 ( 85.53)	Lr 1.000e-03 (1.000e-03)
2025-12-25 04:06:12,646 - INFO: Round 2, Fine-tune Epoch 6: loss=0.4690, acc(pseudo)=85.53%
2025-12-25 04:06:20,868 - INFO: Round 2, Fine-tune Epoch 6: acc(valid_pseudo): 0.9377, acc: 0.8010
2025-12-25 04:06:20,869 - INFO: Round 2, Speaker Fine-tune Epoch 6: No improvement in validation accuracy. Patience(epoch): 3/3
2025-12-25 04:06:20,869 - INFO: Early stopping at epoch 6 due to no improvement in validation accuracy for 3 epochs.
2025-12-25 04:06:20,870 - INFO: Round 2: Best speaker fine-tuned epoch=3, acc(valid_pseudo)=0.9611
2025-12-25 04:06:20,878 - INFO: Fine-tuning face embedding model for 20 epochs...
2025-12-25 04:06:22,208 - INFO: Epoch: [0][  0/433]	Time  1.302 ( 1.302)	Loss 1.5144e-01 (1.5144e-01)	Acc pseudo  98.44 ( 98.44)	Lr 1.000e-03 (1.000e-03)
2025-12-25 04:06:26,947 - INFO: Epoch: [0][ 50/433]	Time  0.030 ( 0.065)	Loss 9.2067e-02 (1.6924e-01)	Acc pseudo  95.31 ( 96.20)	Lr 1.000e-03 (1.000e-03)
2025-12-25 04:06:31,641 - INFO: Epoch: [0][100/433]	Time  0.029 ( 0.048)	Loss 4.6542e-01 (1.7056e-01)	Acc pseudo  90.62 ( 95.76)	Lr 1.000e-03 (1.000e-03)
2025-12-25 04:06:36,337 - INFO: Epoch: [0][150/433]	Time  0.029 ( 0.041)	Loss 5.4172e-01 (1.7075e-01)	Acc pseudo  89.06 ( 95.48)	Lr 1.000e-03 (1.000e-03)
2025-12-25 04:06:41,396 - INFO: Epoch: [0][200/433]	Time  0.033 ( 0.041)	Loss 1.8735e-01 (1.7247e-01)	Acc pseudo  93.75 ( 95.24)	Lr 1.000e-03 (1.000e-03)
2025-12-25 04:06:46,109 - INFO: Epoch: [0][250/433]	Time  0.035 ( 0.040)	Loss 3.1135e-02 (1.6876e-01)	Acc pseudo  98.44 ( 95.29)	Lr 1.000e-03 (1.000e-03)
2025-12-25 04:06:50,831 - INFO: Epoch: [0][300/433]	Time  0.032 ( 0.040)	Loss 2.3024e-01 (1.7268e-01)	Acc pseudo  92.19 ( 95.18)	Lr 1.000e-03 (1.000e-03)
2025-12-25 04:06:56,637 - INFO: Epoch: [0][350/433]	Time  0.032 ( 0.042)	Loss 2.9050e-01 (1.7967e-01)	Acc pseudo  93.75 ( 94.96)	Lr 1.000e-03 (1.000e-03)
2025-12-25 04:07:03,393 - INFO: Epoch: [0][400/433]	Time  0.028 ( 0.046)	Loss 1.9209e-01 (1.8123e-01)	Acc pseudo  92.19 ( 94.90)	Lr 1.000e-03 (1.000e-03)
2025-12-25 04:07:06,474 - INFO: Round 2, Face Fine-tune Epoch 0: loss=0.1810, acc(pseudo)=94.88%
2025-12-25 04:08:09,815 - INFO: Round 2, Face Fine-tune Epoch 0: acc(valid_pseudo): 0.9785, acc: 0.8481
2025-12-25 04:08:10,988 - INFO: Epoch: [1][  0/433]	Time  0.814 ( 0.814)	Loss 1.1145e-01 (1.1145e-01)	Acc pseudo  93.75 ( 93.75)	Lr 1.000e-03 (1.000e-03)
2025-12-25 04:08:15,721 - INFO: Epoch: [1][ 50/433]	Time  0.032 ( 0.056)	Loss 5.3418e-02 (1.4843e-01)	Acc pseudo  98.44 ( 94.76)	Lr 1.000e-03 (1.000e-03)
2025-12-25 04:08:20,457 - INFO: Epoch: [1][100/433]	Time  0.039 ( 0.046)	Loss 1.3305e-01 (1.4370e-01)	Acc pseudo  95.31 ( 95.02)	Lr 1.000e-03 (1.000e-03)
2025-12-25 04:08:25,236 - INFO: Epoch: [1][150/433]	Time  0.029 ( 0.044)	Loss 1.6157e-01 (1.4056e-01)	Acc pseudo  90.62 ( 95.17)	Lr 1.000e-03 (1.000e-03)
2025-12-25 04:08:30,426 - INFO: Epoch: [1][200/433]	Time  0.043 ( 0.044)	Loss 1.1637e-01 (1.3398e-01)	Acc pseudo  93.75 ( 95.45)	Lr 1.000e-03 (1.000e-03)
2025-12-25 04:08:35,167 - INFO: Epoch: [1][250/433]	Time  0.035 ( 0.043)	Loss 3.2082e-02 (1.3238e-01)	Acc pseudo 100.00 ( 95.45)	Lr 1.000e-03 (1.000e-03)
2025-12-25 04:08:39,907 - INFO: Epoch: [1][300/433]	Time  0.032 ( 0.041)	Loss 4.7976e-02 (1.3850e-01)	Acc pseudo  98.44 ( 95.45)	Lr 1.000e-03 (1.000e-03)
2025-12-25 04:08:44,664 - INFO: Epoch: [1][350/433]	Time  0.031 ( 0.041)	Loss 1.6132e-01 (1.4307e-01)	Acc pseudo  92.19 ( 95.42)	Lr 1.000e-03 (1.000e-03)
2025-12-25 04:08:49,427 - INFO: Epoch: [1][400/433]	Time  0.033 ( 0.041)	Loss 3.2017e-02 (1.4295e-01)	Acc pseudo 100.00 ( 95.43)	Lr 1.000e-03 (1.000e-03)
2025-12-25 04:08:52,600 - INFO: Round 2, Face Fine-tune Epoch 1: loss=0.1420, acc(pseudo)=95.42%
2025-12-25 04:09:56,372 - INFO: Round 2, Face Fine-tune Epoch 1: acc(valid_pseudo): 0.9803, acc: 0.8364
2025-12-25 04:09:57,134 - INFO: Epoch: [2][  0/433]	Time  0.508 ( 0.508)	Loss 1.1538e-01 (1.1538e-01)	Acc pseudo  92.19 ( 92.19)	Lr 1.000e-03 (1.000e-03)
2025-12-25 04:10:01,866 - INFO: Epoch: [2][ 50/433]	Time  0.033 ( 0.041)	Loss 8.3817e-02 (9.7761e-02)	Acc pseudo  95.31 ( 96.60)	Lr 1.000e-03 (1.000e-03)
2025-12-25 04:10:06,602 - INFO: Epoch: [2][100/433]	Time  0.030 ( 0.036)	Loss 1.0364e-01 (9.9412e-02)	Acc pseudo  93.75 ( 96.58)	Lr 1.000e-03 (1.000e-03)
2025-12-25 04:10:11,340 - INFO: Epoch: [2][150/433]	Time  0.030 ( 0.034)	Loss 1.6383e-01 (1.0228e-01)	Acc pseudo  95.31 ( 96.60)	Lr 1.000e-03 (1.000e-03)
2025-12-25 04:10:16,088 - INFO: Epoch: [2][200/433]	Time  0.035 ( 0.034)	Loss 6.1188e-02 (1.0352e-01)	Acc pseudo  96.88 ( 96.46)	Lr 1.000e-03 (1.000e-03)
2025-12-25 04:10:20,843 - INFO: Epoch: [2][250/433]	Time  0.030 ( 0.034)	Loss 5.4385e-02 (1.0443e-01)	Acc pseudo  96.88 ( 96.38)	Lr 1.000e-03 (1.000e-03)
2025-12-25 04:10:25,597 - INFO: Epoch: [2][300/433]	Time  0.032 ( 0.034)	Loss 4.0306e-02 (1.0844e-01)	Acc pseudo  98.44 ( 96.25)	Lr 1.000e-03 (1.000e-03)
2025-12-25 04:10:30,351 - INFO: Epoch: [2][350/433]	Time  0.036 ( 0.034)	Loss 9.6001e-02 (1.1247e-01)	Acc pseudo  95.31 ( 96.05)	Lr 1.000e-03 (1.000e-03)
2025-12-25 04:10:35,109 - INFO: Epoch: [2][400/433]	Time  0.031 ( 0.034)	Loss 8.1574e-02 (1.1411e-01)	Acc pseudo  96.88 ( 95.97)	Lr 1.000e-03 (1.000e-03)
2025-12-25 04:10:38,275 - INFO: Round 2, Face Fine-tune Epoch 2: loss=0.1158, acc(pseudo)=95.95%
2025-12-25 04:11:43,340 - INFO: Round 2, Face Fine-tune Epoch 2: acc(valid_pseudo): 0.9811, acc: 0.8384
2025-12-25 04:11:43,340 - INFO: Round 2, Face Fine-tune Epoch 2: No improvement. Patience(epoch): 1/3
2025-12-25 04:11:44,143 - INFO: Epoch: [3][  0/433]	Time  0.756 ( 0.756)	Loss 1.8697e-01 (1.8697e-01)	Acc pseudo  92.19 ( 92.19)	Lr 1.000e-03 (1.000e-03)
2025-12-25 04:11:49,085 - INFO: Epoch: [3][ 50/433]	Time  0.031 ( 0.052)	Loss 2.0594e-02 (1.0426e-01)	Acc pseudo 100.00 ( 96.05)	Lr 1.000e-03 (1.000e-03)
2025-12-25 04:11:53,823 - INFO: Epoch: [3][100/433]	Time  0.039 ( 0.041)	Loss 1.0218e-01 (1.0633e-01)	Acc pseudo  98.44 ( 96.10)	Lr 1.000e-03 (1.000e-03)
2025-12-25 04:11:58,565 - INFO: Epoch: [3][150/433]	Time  0.029 ( 0.037)	Loss 1.4503e-01 (1.0645e-01)	Acc pseudo  93.75 ( 95.93)	Lr 1.000e-03 (1.000e-03)
2025-12-25 04:12:03,314 - INFO: Epoch: [3][200/433]	Time  0.052 ( 0.036)	Loss 8.4316e-02 (1.0531e-01)	Acc pseudo  96.88 ( 96.01)	Lr 1.000e-03 (1.000e-03)
2025-12-25 04:12:08,076 - INFO: Epoch: [3][250/433]	Time  0.042 ( 0.038)	Loss 4.8260e-02 (1.0619e-01)	Acc pseudo  98.44 ( 96.04)	Lr 1.000e-03 (1.000e-03)
2025-12-25 04:12:12,838 - INFO: Epoch: [3][300/433]	Time  0.043 ( 0.037)	Loss 1.2659e-01 (1.0668e-01)	Acc pseudo  93.75 ( 96.01)	Lr 1.000e-03 (1.000e-03)
2025-12-25 04:12:17,596 - INFO: Epoch: [3][350/433]	Time  0.031 ( 0.037)	Loss 1.4151e-01 (1.0771e-01)	Acc pseudo  96.88 ( 95.96)	Lr 1.000e-03 (1.000e-03)
2025-12-25 04:12:22,349 - INFO: Epoch: [3][400/433]	Time  0.042 ( 0.036)	Loss 1.5540e-01 (1.0946e-01)	Acc pseudo  93.75 ( 96.02)	Lr 1.000e-03 (1.000e-03)
2025-12-25 04:12:25,477 - INFO: Round 2, Face Fine-tune Epoch 3: loss=0.1100, acc(pseudo)=96.01%
2025-12-25 04:13:29,021 - INFO: Round 2, Face Fine-tune Epoch 3: acc(valid_pseudo): 0.9804, acc: 0.8432
2025-12-25 04:13:29,021 - INFO: Round 2, Face Fine-tune Epoch 3: No improvement. Patience(epoch): 2/3
2025-12-25 04:13:29,646 - INFO: Epoch: [4][  0/433]	Time  0.569 ( 0.569)	Loss 9.0367e-02 (9.0367e-02)	Acc pseudo  96.88 ( 96.88)	Lr 1.000e-03 (1.000e-03)
2025-12-25 04:13:34,379 - INFO: Epoch: [4][ 50/433]	Time  0.030 ( 0.042)	Loss 7.9023e-02 (9.5637e-02)	Acc pseudo  98.44 ( 95.89)	Lr 1.000e-03 (1.000e-03)
2025-12-25 04:13:39,117 - INFO: Epoch: [4][100/433]	Time  0.030 ( 0.037)	Loss 1.1351e-01 (9.8555e-02)	Acc pseudo  95.31 ( 96.30)	Lr 1.000e-03 (1.000e-03)
2025-12-25 04:13:43,859 - INFO: Epoch: [4][150/433]	Time  0.030 ( 0.035)	Loss 2.5249e-01 (1.0872e-01)	Acc pseudo  95.31 ( 96.19)	Lr 1.000e-03 (1.000e-03)
2025-12-25 04:13:48,615 - INFO: Epoch: [4][200/433]	Time  0.033 ( 0.036)	Loss 2.0407e-01 (1.1116e-01)	Acc pseudo  92.19 ( 96.07)	Lr 1.000e-03 (1.000e-03)
2025-12-25 04:13:53,375 - INFO: Epoch: [4][250/433]	Time  0.049 ( 0.037)	Loss 1.9595e-01 (1.1700e-01)	Acc pseudo  93.75 ( 95.92)	Lr 1.000e-03 (1.000e-03)
2025-12-25 04:13:58,136 - INFO: Epoch: [4][300/433]	Time  0.039 ( 0.038)	Loss 9.6870e-02 (1.1742e-01)	Acc pseudo  95.31 ( 95.84)	Lr 1.000e-03 (1.000e-03)
2025-12-25 04:14:03,035 - INFO: Epoch: [4][350/433]	Time  0.031 ( 0.038)	Loss 1.1831e-01 (1.2075e-01)	Acc pseudo  92.19 ( 95.75)	Lr 1.000e-03 (1.000e-03)
2025-12-25 04:14:07,793 - INFO: Epoch: [4][400/433]	Time  0.036 ( 0.038)	Loss 4.3138e-02 (1.1891e-01)	Acc pseudo  98.44 ( 95.79)	Lr 1.000e-03 (1.000e-03)
2025-12-25 04:14:10,964 - INFO: Round 2, Face Fine-tune Epoch 4: loss=0.1201, acc(pseudo)=95.79%
2025-12-25 04:15:14,256 - INFO: Round 2, Face Fine-tune Epoch 4: acc(valid_pseudo): 0.9805, acc: 0.8306
2025-12-25 04:15:14,257 - INFO: Round 2, Face Fine-tune Epoch 4: No improvement. Patience(epoch): 3/3
2025-12-25 04:15:14,257 - INFO: Early stopping at face epoch 4
2025-12-25 04:15:14,258 - INFO: Round 2: Best face fine-tuned epoch=1, acc(valid_pseudo)=0.9803
2025-12-25 04:15:14,413 - INFO: Using HMM model from previous round: runs/I love my family/exp_video/result/self_supervised/exp0/round1/pseudo_label/hmm_params.pkl
2025-12-25 05:17:12,683 - INFO: Round 2: speaker_acc=0.8450
2025-12-25 05:17:12,687 - INFO: Round 2: face_acc=0.8364
2025-12-25 05:17:12,690 - INFO: ====================
2025-12-25 05:17:12,690 - INFO: Round 3: Fine-tuning iteration
2025-12-25 05:17:12,690 - INFO: ====================
2025-12-25 05:17:12,788 - INFO: Round 3 Part 1: Fine-tuning embedding model
2025-12-25 05:17:12,789 - INFO: Using pseudo-label file: runs/I love my family/exp_video/result/self_supervised/exp0/round2/pseudo_label/pseudo_labels_audio_nested_hmm_full(unreliable_pp=100.0).json
2025-12-25 05:17:13,095 - INFO: For training, Using face pseudo-label file: runs/I love my family/exp_video/result/self_supervised/exp0/round2/pseudo_label/pseudo_labels_faces_mid_frame_train_nested_hmm_full.json
2025-12-25 05:17:13,095 - INFO: For infering, Using face pseudo-label file: runs/I love my family/exp_video/result/self_supervised/exp0/round2/pseudo_label/pseudo_labels_faces_mid_frame_all_nested_hmm_full.json
2025-12-25 05:17:13,280 - INFO: Created face dataloader with 27670 samples
2025-12-25 05:17:13,305 - INFO: Fine-tuning speaker embedding model for 20 epochs...
2025-12-25 05:17:14,740 - INFO: Epoch: [0][  0/301]	Time  1.342 ( 1.342)	Loss 4.0714e-01 (4.0714e-01)	Acc pseudo  84.38 ( 84.38)	Lr 1.000e-03 (1.000e-03)
2025-12-25 05:17:14,949 - INFO: Epoch: [0][ 50/301]	Time  0.003 ( 0.030)	Loss 6.6027e-01 (5.0314e-01)	Acc pseudo  84.38 ( 85.72)	Lr 1.000e-03 (1.000e-03)
2025-12-25 05:17:15,120 - INFO: Epoch: [0][100/301]	Time  0.003 ( 0.017)	Loss 5.8423e-01 (5.2190e-01)	Acc pseudo  85.94 ( 85.33)	Lr 1.000e-03 (1.000e-03)
2025-12-25 05:17:15,290 - INFO: Epoch: [0][150/301]	Time  0.003 ( 0.012)	Loss 6.2167e-01 (5.2506e-01)	Acc pseudo  82.81 ( 85.19)	Lr 1.000e-03 (1.000e-03)
2025-12-25 05:17:15,460 - INFO: Epoch: [0][200/301]	Time  0.003 ( 0.010)	Loss 3.8587e-01 (5.2442e-01)	Acc pseudo  89.06 ( 85.22)	Lr 1.000e-03 (1.000e-03)
2025-12-25 05:17:15,628 - INFO: Epoch: [0][250/301]	Time  0.003 ( 0.009)	Loss 6.6531e-01 (5.3070e-01)	Acc pseudo  84.38 ( 85.05)	Lr 1.000e-03 (1.000e-03)
2025-12-25 05:17:15,784 - INFO: Epoch: [0][300/301]	Time  0.003 ( 0.008)	Loss 1.4648e-01 (5.2713e-01)	Acc pseudo  96.00 ( 85.22)	Lr 1.000e-03 (1.000e-03)
2025-12-25 05:17:15,862 - INFO: Round 3, Fine-tune Epoch 0: loss=0.5271, acc(pseudo)=85.22%
2025-12-25 05:17:23,025 - INFO: Round 3, Fine-tune Epoch 0: acc(valid_pseudo): 0.9535, acc: 0.8115
2025-12-25 05:17:27,574 - INFO: Epoch: [1][  0/301]	Time  0.325 ( 0.325)	Loss 7.5970e-01 (7.5970e-01)	Acc pseudo  78.12 ( 78.12)	Lr 1.000e-03 (1.000e-03)
2025-12-25 05:17:27,766 - INFO: Epoch: [1][ 50/301]	Time  0.003 ( 0.010)	Loss 2.5524e-01 (4.6861e-01)	Acc pseudo  89.06 ( 85.81)	Lr 1.000e-03 (1.000e-03)
2025-12-25 05:17:27,937 - INFO: Epoch: [1][100/301]	Time  0.003 ( 0.007)	Loss 3.5194e-01 (4.7429e-01)	Acc pseudo  90.62 ( 85.77)	Lr 1.000e-03 (1.000e-03)
2025-12-25 05:17:28,102 - INFO: Epoch: [1][150/301]	Time  0.003 ( 0.006)	Loss 4.7115e-01 (4.7012e-01)	Acc pseudo  92.19 ( 85.96)	Lr 1.000e-03 (1.000e-03)
2025-12-25 05:17:28,264 - INFO: Epoch: [1][200/301]	Time  0.003 ( 0.005)	Loss 5.4433e-01 (4.7817e-01)	Acc pseudo  85.94 ( 86.05)	Lr 1.000e-03 (1.000e-03)
2025-12-25 05:17:28,422 - INFO: Epoch: [1][250/301]	Time  0.003 ( 0.005)	Loss 5.9179e-01 (4.8106e-01)	Acc pseudo  79.69 ( 85.82)	Lr 1.000e-03 (1.000e-03)
2025-12-25 05:17:28,576 - INFO: Epoch: [1][300/301]	Time  0.003 ( 0.004)	Loss 3.3181e-01 (4.8482e-01)	Acc pseudo  84.00 ( 85.76)	Lr 1.000e-03 (1.000e-03)
2025-12-25 05:17:28,656 - INFO: Round 3, Fine-tune Epoch 1: loss=0.4848, acc(pseudo)=85.76%
2025-12-25 05:17:35,640 - INFO: Round 3, Fine-tune Epoch 1: acc(valid_pseudo): 0.9611, acc: 0.8270
2025-12-25 05:17:42,649 - INFO: Epoch: [2][  0/301]	Time  0.478 ( 0.478)	Loss 4.8212e-01 (4.8212e-01)	Acc pseudo  89.06 ( 89.06)	Lr 1.000e-03 (1.000e-03)
2025-12-25 05:17:42,870 - INFO: Epoch: [2][ 50/301]	Time  0.004 ( 0.014)	Loss 2.3732e-01 (4.6757e-01)	Acc pseudo  93.75 ( 85.57)	Lr 1.000e-03 (1.000e-03)
2025-12-25 05:17:43,069 - INFO: Epoch: [2][100/301]	Time  0.004 ( 0.009)	Loss 5.2036e-01 (4.6207e-01)	Acc pseudo  84.38 ( 86.46)	Lr 1.000e-03 (1.000e-03)
2025-12-25 05:17:43,264 - INFO: Epoch: [2][150/301]	Time  0.004 ( 0.007)	Loss 3.7767e-01 (4.4560e-01)	Acc pseudo  89.06 ( 87.03)	Lr 1.000e-03 (1.000e-03)
2025-12-25 05:17:43,457 - INFO: Epoch: [2][200/301]	Time  0.003 ( 0.006)	Loss 4.3622e-01 (4.4883e-01)	Acc pseudo  85.94 ( 86.89)	Lr 1.000e-03 (1.000e-03)
2025-12-25 05:17:43,646 - INFO: Epoch: [2][250/301]	Time  0.004 ( 0.006)	Loss 3.0890e-01 (4.5312e-01)	Acc pseudo  85.94 ( 86.75)	Lr 1.000e-03 (1.000e-03)
2025-12-25 05:17:43,825 - INFO: Epoch: [2][300/301]	Time  0.003 ( 0.005)	Loss 2.0393e-01 (4.5737e-01)	Acc pseudo  96.00 ( 86.66)	Lr 1.000e-03 (1.000e-03)
2025-12-25 05:17:43,932 - INFO: Round 3, Fine-tune Epoch 2: loss=0.4574, acc(pseudo)=86.66%
2025-12-25 05:17:51,722 - INFO: Round 3, Fine-tune Epoch 2: acc(valid_pseudo): 0.8476, acc: 0.7270
2025-12-25 05:17:51,722 - INFO: Round 3, Speaker Fine-tune Epoch 2: No improvement in validation accuracy. Patience(epoch): 1/3
2025-12-25 05:17:52,024 - INFO: Epoch: [3][  0/301]	Time  0.297 ( 0.297)	Loss 5.8964e-01 (5.8964e-01)	Acc pseudo  76.56 ( 76.56)	Lr 1.000e-03 (1.000e-03)
2025-12-25 05:17:52,219 - INFO: Epoch: [3][ 50/301]	Time  0.003 ( 0.010)	Loss 4.6655e-01 (4.7887e-01)	Acc pseudo  89.06 ( 86.24)	Lr 1.000e-03 (1.000e-03)
2025-12-25 05:17:52,381 - INFO: Epoch: [3][100/301]	Time  0.003 ( 0.006)	Loss 2.8917e-01 (4.5818e-01)	Acc pseudo  87.50 ( 86.39)	Lr 1.000e-03 (1.000e-03)
2025-12-25 05:17:52,538 - INFO: Epoch: [3][150/301]	Time  0.003 ( 0.005)	Loss 5.3494e-01 (4.6376e-01)	Acc pseudo  85.94 ( 86.14)	Lr 1.000e-03 (1.000e-03)
2025-12-25 05:17:52,694 - INFO: Epoch: [3][200/301]	Time  0.003 ( 0.005)	Loss 2.4031e-01 (4.5035e-01)	Acc pseudo  90.62 ( 86.24)	Lr 1.000e-03 (1.000e-03)
2025-12-25 05:17:52,848 - INFO: Epoch: [3][250/301]	Time  0.003 ( 0.004)	Loss 3.2349e-01 (4.4841e-01)	Acc pseudo  93.75 ( 86.32)	Lr 1.000e-03 (1.000e-03)
2025-12-25 05:17:52,995 - INFO: Epoch: [3][300/301]	Time  0.002 ( 0.004)	Loss 4.6962e-01 (4.5130e-01)	Acc pseudo  84.00 ( 86.33)	Lr 1.000e-03 (1.000e-03)
2025-12-25 05:17:53,074 - INFO: Round 3, Fine-tune Epoch 3: loss=0.4513, acc(pseudo)=86.33%
2025-12-25 05:18:00,108 - INFO: Round 3, Fine-tune Epoch 3: acc(valid_pseudo): 0.9602, acc: 0.8240
2025-12-25 05:18:00,109 - INFO: Round 3, Speaker Fine-tune Epoch 3: No improvement in validation accuracy. Patience(epoch): 2/3
2025-12-25 05:18:00,427 - INFO: Epoch: [4][  0/301]	Time  0.313 ( 0.313)	Loss 5.9754e-01 (5.9754e-01)	Acc pseudo  82.81 ( 82.81)	Lr 1.000e-03 (1.000e-03)
2025-12-25 05:18:00,646 - INFO: Epoch: [4][ 50/301]	Time  0.003 ( 0.010)	Loss 5.8510e-01 (4.3062e-01)	Acc pseudo  81.25 ( 86.70)	Lr 1.000e-03 (1.000e-03)
2025-12-25 05:18:00,816 - INFO: Epoch: [4][100/301]	Time  0.003 ( 0.007)	Loss 2.4999e-01 (4.3282e-01)	Acc pseudo  92.19 ( 86.51)	Lr 1.000e-03 (1.000e-03)
2025-12-25 05:18:00,984 - INFO: Epoch: [4][150/301]	Time  0.003 ( 0.006)	Loss 2.8351e-01 (4.3167e-01)	Acc pseudo  90.62 ( 86.82)	Lr 1.000e-03 (1.000e-03)
2025-12-25 05:18:01,157 - INFO: Epoch: [4][200/301]	Time  0.004 ( 0.005)	Loss 3.9503e-01 (4.2790e-01)	Acc pseudo  89.06 ( 86.95)	Lr 1.000e-03 (1.000e-03)
2025-12-25 05:18:01,333 - INFO: Epoch: [4][250/301]	Time  0.003 ( 0.005)	Loss 5.5682e-01 (4.3724e-01)	Acc pseudo  81.25 ( 86.72)	Lr 1.000e-03 (1.000e-03)
2025-12-25 05:18:01,491 - INFO: Epoch: [4][300/301]	Time  0.002 ( 0.004)	Loss 3.4070e-01 (4.4057e-01)	Acc pseudo  84.00 ( 86.54)	Lr 1.000e-03 (1.000e-03)
2025-12-25 05:18:01,572 - INFO: Round 3, Fine-tune Epoch 4: loss=0.4406, acc(pseudo)=86.54%
2025-12-25 05:18:09,510 - INFO: Round 3, Fine-tune Epoch 4: acc(valid_pseudo): 0.9111, acc: 0.7965
2025-12-25 05:18:09,510 - INFO: Round 3, Speaker Fine-tune Epoch 4: No improvement in validation accuracy. Patience(epoch): 3/3
2025-12-25 05:18:09,510 - INFO: Early stopping at epoch 4 due to no improvement in validation accuracy for 3 epochs.
2025-12-25 05:18:09,511 - INFO: Round 3: Best speaker fine-tuned epoch=1, acc(valid_pseudo)=0.9611
2025-12-25 05:18:09,516 - INFO: Fine-tuning face embedding model for 20 epochs...
2025-12-25 05:18:10,469 - INFO: Epoch: [0][  0/433]	Time  0.941 ( 0.941)	Loss 9.7978e-03 (9.7978e-03)	Acc pseudo 100.00 (100.00)	Lr 1.000e-03 (1.000e-03)
2025-12-25 05:18:15,156 - INFO: Epoch: [0][ 50/433]	Time  0.030 ( 0.050)	Loss 1.2763e-01 (1.2689e-01)	Acc pseudo  95.31 ( 97.55)	Lr 1.000e-03 (1.000e-03)
2025-12-25 05:18:19,852 - INFO: Epoch: [0][100/433]	Time  0.030 ( 0.043)	Loss 1.4621e-01 (1.5650e-01)	Acc pseudo  93.75 ( 96.83)	Lr 1.000e-03 (1.000e-03)
2025-12-25 05:18:24,560 - INFO: Epoch: [0][150/433]	Time  0.030 ( 0.041)	Loss 1.2216e-01 (1.4437e-01)	Acc pseudo  92.19 ( 96.51)	Lr 1.000e-03 (1.000e-03)
2025-12-25 05:18:29,270 - INFO: Epoch: [0][200/433]	Time  0.029 ( 0.039)	Loss 1.3463e-01 (1.4409e-01)	Acc pseudo  96.88 ( 96.35)	Lr 1.000e-03 (1.000e-03)
2025-12-25 05:18:33,980 - INFO: Epoch: [0][250/433]	Time  0.032 ( 0.037)	Loss 2.9156e-02 (1.4581e-01)	Acc pseudo  96.88 ( 96.28)	Lr 1.000e-03 (1.000e-03)
2025-12-25 05:18:38,692 - INFO: Epoch: [0][300/433]	Time  0.028 ( 0.036)	Loss 2.6596e-01 (1.4597e-01)	Acc pseudo  95.31 ( 96.23)	Lr 1.000e-03 (1.000e-03)
2025-12-25 05:18:43,430 - INFO: Epoch: [0][350/433]	Time  0.028 ( 0.035)	Loss 5.2011e-01 (1.4647e-01)	Acc pseudo  92.19 ( 96.14)	Lr 1.000e-03 (1.000e-03)
2025-12-25 05:18:48,143 - INFO: Epoch: [0][400/433]	Time  0.030 ( 0.035)	Loss 9.2024e-02 (1.4560e-01)	Acc pseudo  95.31 ( 96.12)	Lr 1.000e-03 (1.000e-03)
2025-12-25 05:18:51,227 - INFO: Round 3, Face Fine-tune Epoch 0: loss=0.1448, acc(pseudo)=96.08%
2025-12-25 05:19:53,282 - INFO: Round 3, Face Fine-tune Epoch 0: acc(valid_pseudo): 0.9788, acc: 0.8315
2025-12-25 05:19:54,069 - INFO: Epoch: [1][  0/433]	Time  0.541 ( 0.541)	Loss 1.3084e-01 (1.3084e-01)	Acc pseudo  96.88 ( 96.88)	Lr 1.000e-03 (1.000e-03)
2025-12-25 05:19:58,792 - INFO: Epoch: [1][ 50/433]	Time  0.030 ( 0.044)	Loss 9.3848e-02 (1.0741e-01)	Acc pseudo  95.31 ( 96.35)	Lr 1.000e-03 (1.000e-03)
2025-12-25 05:20:03,523 - INFO: Epoch: [1][100/433]	Time  0.031 ( 0.038)	Loss 3.7524e-01 (1.0373e-01)	Acc pseudo  92.19 ( 96.75)	Lr 1.000e-03 (1.000e-03)
2025-12-25 05:20:08,260 - INFO: Epoch: [1][150/433]	Time  0.030 ( 0.037)	Loss 1.0855e-01 (1.0045e-01)	Acc pseudo  95.31 ( 96.76)	Lr 1.000e-03 (1.000e-03)
2025-12-25 05:20:12,995 - INFO: Epoch: [1][200/433]	Time  0.028 ( 0.035)	Loss 4.4945e-02 (1.0233e-01)	Acc pseudo  98.44 ( 96.62)	Lr 1.000e-03 (1.000e-03)
2025-12-25 05:20:17,732 - INFO: Epoch: [1][250/433]	Time  0.029 ( 0.034)	Loss 1.0873e-01 (1.0147e-01)	Acc pseudo  96.88 ( 96.64)	Lr 1.000e-03 (1.000e-03)
2025-12-25 05:20:22,469 - INFO: Epoch: [1][300/433]	Time  0.030 ( 0.033)	Loss 1.9011e-01 (1.1019e-01)	Acc pseudo  96.88 ( 96.54)	Lr 1.000e-03 (1.000e-03)
2025-12-25 05:20:27,206 - INFO: Epoch: [1][350/433]	Time  0.029 ( 0.033)	Loss 9.4427e-02 (1.1179e-01)	Acc pseudo  95.31 ( 96.52)	Lr 1.000e-03 (1.000e-03)
2025-12-25 05:20:31,943 - INFO: Epoch: [1][400/433]	Time  0.029 ( 0.032)	Loss 2.9697e-02 (1.1094e-01)	Acc pseudo  98.44 ( 96.51)	Lr 1.000e-03 (1.000e-03)
2025-12-25 05:20:35,053 - INFO: Round 3, Face Fine-tune Epoch 1: loss=0.1104, acc(pseudo)=96.57%
2025-12-25 05:21:36,557 - INFO: Round 3, Face Fine-tune Epoch 1: acc(valid_pseudo): 0.9790, acc: 0.8257
2025-12-25 05:21:36,557 - INFO: Round 3, Face Fine-tune Epoch 1: No improvement. Patience(epoch): 1/3
2025-12-25 05:21:37,511 - INFO: Epoch: [2][  0/433]	Time  0.903 ( 0.903)	Loss 7.7067e-02 (7.7067e-02)	Acc pseudo  95.31 ( 95.31)	Lr 1.000e-03 (1.000e-03)
2025-12-25 05:21:42,237 - INFO: Epoch: [2][ 50/433]	Time  0.030 ( 0.048)	Loss 1.7232e-01 (1.0113e-01)	Acc pseudo  96.88 ( 97.06)	Lr 1.000e-03 (1.000e-03)
2025-12-25 05:21:46,969 - INFO: Epoch: [2][100/433]	Time  0.031 ( 0.040)	Loss 9.0446e-02 (8.4422e-02)	Acc pseudo  98.44 ( 97.28)	Lr 1.000e-03 (1.000e-03)
2025-12-25 05:21:51,703 - INFO: Epoch: [2][150/433]	Time  0.029 ( 0.036)	Loss 2.1448e-01 (8.3760e-02)	Acc pseudo  93.75 ( 97.22)	Lr 1.000e-03 (1.000e-03)
2025-12-25 05:21:56,442 - INFO: Epoch: [2][200/433]	Time  0.030 ( 0.035)	Loss 1.8242e-01 (8.8648e-02)	Acc pseudo  95.31 ( 97.02)	Lr 1.000e-03 (1.000e-03)
2025-12-25 05:22:01,184 - INFO: Epoch: [2][250/433]	Time  0.030 ( 0.034)	Loss 7.9810e-02 (9.4819e-02)	Acc pseudo  96.88 ( 96.86)	Lr 1.000e-03 (1.000e-03)
2025-12-25 05:22:05,930 - INFO: Epoch: [2][300/433]	Time  0.030 ( 0.033)	Loss 4.5843e-02 (9.3585e-02)	Acc pseudo  96.88 ( 96.92)	Lr 1.000e-03 (1.000e-03)
2025-12-25 05:22:10,675 - INFO: Epoch: [2][350/433]	Time  0.030 ( 0.033)	Loss 8.9803e-02 (9.5322e-02)	Acc pseudo  98.44 ( 96.93)	Lr 1.000e-03 (1.000e-03)
2025-12-25 05:22:15,418 - INFO: Epoch: [2][400/433]	Time  0.030 ( 0.032)	Loss 1.1147e-01 (9.3492e-02)	Acc pseudo  93.75 ( 96.95)	Lr 1.000e-03 (1.000e-03)
2025-12-25 05:22:18,528 - INFO: Round 3, Face Fine-tune Epoch 2: loss=0.0939, acc(pseudo)=96.92%
2025-12-25 05:23:20,047 - INFO: Round 3, Face Fine-tune Epoch 2: acc(valid_pseudo): 0.9801, acc: 0.8228
2025-12-25 05:23:21,058 - INFO: Epoch: [3][  0/433]	Time  0.534 ( 0.534)	Loss 4.7682e-02 (4.7682e-02)	Acc pseudo  98.44 ( 98.44)	Lr 1.000e-03 (1.000e-03)
2025-12-25 05:23:25,791 - INFO: Epoch: [3][ 50/433]	Time  0.041 ( 0.042)	Loss 3.7833e-02 (6.4214e-02)	Acc pseudo  98.44 ( 97.52)	Lr 1.000e-03 (1.000e-03)
2025-12-25 05:23:30,533 - INFO: Epoch: [3][100/433]	Time  0.040 ( 0.040)	Loss 1.9389e-02 (7.2521e-02)	Acc pseudo  98.44 ( 97.43)	Lr 1.000e-03 (1.000e-03)
2025-12-25 05:23:35,276 - INFO: Epoch: [3][150/433]	Time  0.030 ( 0.038)	Loss 7.4931e-02 (7.2184e-02)	Acc pseudo  98.44 ( 97.54)	Lr 1.000e-03 (1.000e-03)
2025-12-25 05:23:40,013 - INFO: Epoch: [3][200/433]	Time  0.028 ( 0.036)	Loss 1.0746e-01 (7.4162e-02)	Acc pseudo  93.75 ( 97.32)	Lr 1.000e-03 (1.000e-03)
2025-12-25 05:23:44,752 - INFO: Epoch: [3][250/433]	Time  0.028 ( 0.035)	Loss 8.5343e-02 (8.1643e-02)	Acc pseudo  98.44 ( 97.25)	Lr 1.000e-03 (1.000e-03)
2025-12-25 05:23:49,496 - INFO: Epoch: [3][300/433]	Time  0.030 ( 0.034)	Loss 6.3385e-02 (8.7665e-02)	Acc pseudo  96.88 ( 97.11)	Lr 1.000e-03 (1.000e-03)
2025-12-25 05:23:54,242 - INFO: Epoch: [3][350/433]	Time  0.028 ( 0.033)	Loss 8.1252e-02 (8.9957e-02)	Acc pseudo  96.88 ( 97.05)	Lr 1.000e-03 (1.000e-03)
2025-12-25 05:23:58,990 - INFO: Epoch: [3][400/433]	Time  0.029 ( 0.033)	Loss 1.8022e-01 (9.0220e-02)	Acc pseudo  90.62 ( 97.00)	Lr 1.000e-03 (1.000e-03)
2025-12-25 05:24:02,101 - INFO: Round 3, Face Fine-tune Epoch 3: loss=0.0886, acc(pseudo)=97.00%
2025-12-25 05:25:04,406 - INFO: Round 3, Face Fine-tune Epoch 3: acc(valid_pseudo): 0.9785, acc: 0.8296
2025-12-25 05:25:04,407 - INFO: Round 3, Face Fine-tune Epoch 3: No improvement. Patience(epoch): 1/3
2025-12-25 05:25:05,011 - INFO: Epoch: [4][  0/433]	Time  0.552 ( 0.552)	Loss 3.2365e-02 (3.2365e-02)	Acc pseudo  98.44 ( 98.44)	Lr 1.000e-03 (1.000e-03)
2025-12-25 05:25:09,741 - INFO: Epoch: [4][ 50/433]	Time  0.030 ( 0.041)	Loss 7.2091e-02 (1.0297e-01)	Acc pseudo  95.31 ( 96.32)	Lr 1.000e-03 (1.000e-03)
2025-12-25 05:25:14,479 - INFO: Epoch: [4][100/433]	Time  0.030 ( 0.036)	Loss 1.4994e-01 (1.0527e-01)	Acc pseudo  96.88 ( 96.60)	Lr 1.000e-03 (1.000e-03)
2025-12-25 05:25:19,220 - INFO: Epoch: [4][150/433]	Time  0.031 ( 0.034)	Loss 5.3909e-02 (1.0012e-01)	Acc pseudo  98.44 ( 96.67)	Lr 1.000e-03 (1.000e-03)
2025-12-25 05:25:23,963 - INFO: Epoch: [4][200/433]	Time  0.029 ( 0.033)	Loss 2.3236e-01 (9.8236e-02)	Acc pseudo  92.19 ( 96.67)	Lr 1.000e-03 (1.000e-03)
2025-12-25 05:25:28,706 - INFO: Epoch: [4][250/433]	Time  0.029 ( 0.032)	Loss 2.7643e-02 (9.7653e-02)	Acc pseudo 100.00 ( 96.55)	Lr 1.000e-03 (1.000e-03)
2025-12-25 05:25:33,452 - INFO: Epoch: [4][300/433]	Time  0.029 ( 0.032)	Loss 1.0131e-01 (9.6365e-02)	Acc pseudo  95.31 ( 96.62)	Lr 1.000e-03 (1.000e-03)
2025-12-25 05:25:38,195 - INFO: Epoch: [4][350/433]	Time  0.029 ( 0.031)	Loss 1.7479e-01 (9.6209e-02)	Acc pseudo  95.31 ( 96.63)	Lr 1.000e-03 (1.000e-03)
2025-12-25 05:25:42,937 - INFO: Epoch: [4][400/433]	Time  0.028 ( 0.031)	Loss 8.7704e-02 (9.3907e-02)	Acc pseudo  95.31 ( 96.69)	Lr 1.000e-03 (1.000e-03)
2025-12-25 05:25:46,060 - INFO: Round 3, Face Fine-tune Epoch 4: loss=0.0939, acc(pseudo)=96.73%
2025-12-25 05:26:48,531 - INFO: Round 3, Face Fine-tune Epoch 4: acc(valid_pseudo): 0.9796, acc: 0.8345
2025-12-25 05:26:48,532 - INFO: Round 3, Face Fine-tune Epoch 4: No improvement. Patience(epoch): 2/3
2025-12-25 05:26:49,524 - INFO: Epoch: [5][  0/433]	Time  0.940 ( 0.940)	Loss 1.0099e-01 (1.0099e-01)	Acc pseudo  95.31 ( 95.31)	Lr 1.000e-03 (1.000e-03)
2025-12-25 05:26:54,268 - INFO: Epoch: [5][ 50/433]	Time  0.029 ( 0.051)	Loss 8.6930e-02 (1.1723e-01)	Acc pseudo  96.88 ( 96.29)	Lr 1.000e-03 (1.000e-03)
2025-12-25 05:26:59,016 - INFO: Epoch: [5][100/433]	Time  0.028 ( 0.041)	Loss 7.3598e-02 (1.2992e-01)	Acc pseudo  96.88 ( 96.01)	Lr 1.000e-03 (1.000e-03)
2025-12-25 05:27:03,763 - INFO: Epoch: [5][150/433]	Time  0.036 ( 0.039)	Loss 1.9475e-01 (1.2107e-01)	Acc pseudo  93.75 ( 96.00)	Lr 1.000e-03 (1.000e-03)
2025-12-25 05:27:08,513 - INFO: Epoch: [5][200/433]	Time  0.037 ( 0.039)	Loss 2.0206e-02 (1.2500e-01)	Acc pseudo 100.00 ( 96.03)	Lr 1.000e-03 (1.000e-03)
2025-12-25 05:27:13,263 - INFO: Epoch: [5][250/433]	Time  0.035 ( 0.038)	Loss 5.2827e-02 (1.2249e-01)	Acc pseudo  96.88 ( 96.03)	Lr 1.000e-03 (1.000e-03)
2025-12-25 05:27:18,012 - INFO: Epoch: [5][300/433]	Time  0.029 ( 0.037)	Loss 1.2230e-01 (1.2501e-01)	Acc pseudo  95.31 ( 95.96)	Lr 1.000e-03 (1.000e-03)
2025-12-25 05:27:22,759 - INFO: Epoch: [5][350/433]	Time  0.029 ( 0.036)	Loss 1.3230e-01 (1.2745e-01)	Acc pseudo  95.31 ( 95.90)	Lr 1.000e-03 (1.000e-03)
2025-12-25 05:27:27,502 - INFO: Epoch: [5][400/433]	Time  0.029 ( 0.035)	Loss 4.8467e-02 (1.2671e-01)	Acc pseudo  98.44 ( 95.90)	Lr 1.000e-03 (1.000e-03)
2025-12-25 05:27:30,621 - INFO: Round 3, Face Fine-tune Epoch 5: loss=0.1256, acc(pseudo)=95.90%
2025-12-25 05:28:32,118 - INFO: Round 3, Face Fine-tune Epoch 5: acc(valid_pseudo): 0.9786, acc: 0.8325
2025-12-25 05:28:32,119 - INFO: Round 3, Face Fine-tune Epoch 5: No improvement. Patience(epoch): 3/3
2025-12-25 05:28:32,119 - INFO: Early stopping at face epoch 5
2025-12-25 05:28:32,120 - INFO: Round 3: Best face fine-tuned epoch=2, acc(valid_pseudo)=0.9801
2025-12-25 05:28:32,216 - INFO: Using HMM model from previous round: runs/I love my family/exp_video/result/self_supervised/exp0/round2/pseudo_label/hmm_params.pkl
2025-12-25 06:28:32,998 - INFO: Round 3: speaker_acc=0.8425
2025-12-25 06:28:33,025 - INFO: Round 3: face_acc=0.8228
2025-12-25 06:28:33,036 - INFO: ====================
2025-12-25 06:28:33,036 - INFO: Round 4: Fine-tuning iteration
2025-12-25 06:28:33,036 - INFO: ====================
2025-12-25 06:28:33,347 - INFO: Round 4 Part 1: Fine-tuning embedding model
2025-12-25 06:28:33,348 - INFO: Using pseudo-label file: runs/I love my family/exp_video/result/self_supervised/exp0/round3/pseudo_label/pseudo_labels_audio_nested_hmm_full(unreliable_pp=100.0).json
2025-12-25 06:28:33,661 - INFO: For training, Using face pseudo-label file: runs/I love my family/exp_video/result/self_supervised/exp0/round3/pseudo_label/pseudo_labels_faces_mid_frame_train_nested_hmm_full.json
2025-12-25 06:28:33,662 - INFO: For infering, Using face pseudo-label file: runs/I love my family/exp_video/result/self_supervised/exp0/round3/pseudo_label/pseudo_labels_faces_mid_frame_all_nested_hmm_full.json
2025-12-25 06:28:33,842 - INFO: Created face dataloader with 27670 samples
2025-12-25 06:28:33,867 - INFO: Fine-tuning speaker embedding model for 20 epochs...
2025-12-25 06:28:35,271 - INFO: Epoch: [0][  0/301]	Time  1.326 ( 1.326)	Loss 6.0152e-01 (6.0152e-01)	Acc pseudo  82.81 ( 82.81)	Lr 1.000e-03 (1.000e-03)
2025-12-25 06:28:35,476 - INFO: Epoch: [0][ 50/301]	Time  0.004 ( 0.030)	Loss 8.3982e-01 (4.7733e-01)	Acc pseudo  81.25 ( 87.41)	Lr 1.000e-03 (1.000e-03)
2025-12-25 06:28:35,648 - INFO: Epoch: [0][100/301]	Time  0.003 ( 0.017)	Loss 4.8674e-01 (4.8642e-01)	Acc pseudo  87.50 ( 86.99)	Lr 1.000e-03 (1.000e-03)
2025-12-25 06:28:35,831 - INFO: Epoch: [0][150/301]	Time  0.004 ( 0.012)	Loss 7.6989e-01 (4.8581e-01)	Acc pseudo  81.25 ( 86.60)	Lr 1.000e-03 (1.000e-03)
2025-12-25 06:28:36,001 - INFO: Epoch: [0][200/301]	Time  0.003 ( 0.010)	Loss 2.4705e-01 (4.7989e-01)	Acc pseudo  92.19 ( 86.63)	Lr 1.000e-03 (1.000e-03)
2025-12-25 06:28:36,164 - INFO: Epoch: [0][250/301]	Time  0.003 ( 0.009)	Loss 4.1496e-01 (4.8915e-01)	Acc pseudo  85.94 ( 86.27)	Lr 1.000e-03 (1.000e-03)
2025-12-25 06:28:36,324 - INFO: Epoch: [0][300/301]	Time  0.004 ( 0.008)	Loss 2.3056e-01 (4.8300e-01)	Acc pseudo  84.00 ( 86.35)	Lr 1.000e-03 (1.000e-03)
2025-12-25 06:28:36,428 - INFO: Round 4, Fine-tune Epoch 0: loss=0.4830, acc(pseudo)=86.35%
2025-12-25 06:28:43,568 - INFO: Round 4, Fine-tune Epoch 0: acc(valid_pseudo): 0.9456, acc: 0.8140
2025-12-25 06:28:48,637 - INFO: Epoch: [1][  0/301]	Time  0.304 ( 0.304)	Loss 9.1608e-01 (9.1608e-01)	Acc pseudo  79.69 ( 79.69)	Lr 1.000e-03 (1.000e-03)
2025-12-25 06:28:48,833 - INFO: Epoch: [1][ 50/301]	Time  0.003 ( 0.010)	Loss 6.4555e-01 (4.2679e-01)	Acc pseudo  92.19 ( 87.87)	Lr 1.000e-03 (1.000e-03)
2025-12-25 06:28:49,002 - INFO: Epoch: [1][100/301]	Time  0.003 ( 0.007)	Loss 4.5693e-01 (4.5225e-01)	Acc pseudo  85.94 ( 87.16)	Lr 1.000e-03 (1.000e-03)
2025-12-25 06:28:49,169 - INFO: Epoch: [1][150/301]	Time  0.003 ( 0.005)	Loss 3.2764e-01 (4.4469e-01)	Acc pseudo  90.62 ( 87.27)	Lr 1.000e-03 (1.000e-03)
2025-12-25 06:28:49,335 - INFO: Epoch: [1][200/301]	Time  0.003 ( 0.005)	Loss 4.5553e-01 (4.3887e-01)	Acc pseudo  87.50 ( 87.27)	Lr 1.000e-03 (1.000e-03)
2025-12-25 06:28:49,498 - INFO: Epoch: [1][250/301]	Time  0.003 ( 0.005)	Loss 4.9145e-01 (4.4469e-01)	Acc pseudo  84.38 ( 87.02)	Lr 1.000e-03 (1.000e-03)
2025-12-25 06:28:49,663 - INFO: Epoch: [1][300/301]	Time  0.003 ( 0.004)	Loss 2.2307e-01 (4.4533e-01)	Acc pseudo  88.00 ( 86.91)	Lr 1.000e-03 (1.000e-03)
2025-12-25 06:28:49,741 - INFO: Round 4, Fine-tune Epoch 1: loss=0.4453, acc(pseudo)=86.91%
2025-12-25 06:28:56,754 - INFO: Round 4, Fine-tune Epoch 1: acc(valid_pseudo): 0.9708, acc: 0.8405
2025-12-25 06:29:01,009 - INFO: Epoch: [2][  0/301]	Time  0.282 ( 0.282)	Loss 3.3822e-01 (3.3822e-01)	Acc pseudo  90.62 ( 90.62)	Lr 1.000e-03 (1.000e-03)
2025-12-25 06:29:01,210 - INFO: Epoch: [2][ 50/301]	Time  0.003 ( 0.009)	Loss 2.6190e-01 (4.0066e-01)	Acc pseudo  92.19 ( 87.25)	Lr 1.000e-03 (1.000e-03)
2025-12-25 06:29:01,381 - INFO: Epoch: [2][100/301]	Time  0.003 ( 0.006)	Loss 2.7939e-01 (3.9971e-01)	Acc pseudo  95.31 ( 87.69)	Lr 1.000e-03 (1.000e-03)
2025-12-25 06:29:01,552 - INFO: Epoch: [2][150/301]	Time  0.003 ( 0.005)	Loss 5.0640e-01 (4.0763e-01)	Acc pseudo  85.94 ( 87.44)	Lr 1.000e-03 (1.000e-03)
2025-12-25 06:29:01,727 - INFO: Epoch: [2][200/301]	Time  0.004 ( 0.005)	Loss 5.8620e-01 (4.1451e-01)	Acc pseudo  89.06 ( 87.31)	Lr 1.000e-03 (1.000e-03)
2025-12-25 06:29:01,917 - INFO: Epoch: [2][250/301]	Time  0.004 ( 0.005)	Loss 3.7901e-01 (4.2276e-01)	Acc pseudo  84.38 ( 87.08)	Lr 1.000e-03 (1.000e-03)
2025-12-25 06:29:02,074 - INFO: Epoch: [2][300/301]	Time  0.002 ( 0.004)	Loss 3.5551e-01 (4.3623e-01)	Acc pseudo  88.00 ( 86.80)	Lr 1.000e-03 (1.000e-03)
2025-12-25 06:29:02,151 - INFO: Round 4, Fine-tune Epoch 2: loss=0.4362, acc(pseudo)=86.80%
2025-12-25 06:29:09,387 - INFO: Round 4, Fine-tune Epoch 2: acc(valid_pseudo): 0.9055, acc: 0.7820
2025-12-25 06:29:09,388 - INFO: Round 4, Speaker Fine-tune Epoch 2: No improvement in validation accuracy. Patience(epoch): 1/3
2025-12-25 06:29:09,677 - INFO: Epoch: [3][  0/301]	Time  0.284 ( 0.284)	Loss 5.7343e-01 (5.7343e-01)	Acc pseudo  81.25 ( 81.25)	Lr 1.000e-03 (1.000e-03)
2025-12-25 06:29:09,870 - INFO: Epoch: [3][ 50/301]	Time  0.004 ( 0.009)	Loss 3.8314e-01 (4.2746e-01)	Acc pseudo  87.50 ( 87.53)	Lr 1.000e-03 (1.000e-03)
2025-12-25 06:29:10,042 - INFO: Epoch: [3][100/301]	Time  0.003 ( 0.006)	Loss 2.5509e-01 (4.2115e-01)	Acc pseudo  92.19 ( 87.42)	Lr 1.000e-03 (1.000e-03)
2025-12-25 06:29:10,213 - INFO: Epoch: [3][150/301]	Time  0.004 ( 0.005)	Loss 3.4636e-01 (4.3233e-01)	Acc pseudo  87.50 ( 87.08)	Lr 1.000e-03 (1.000e-03)
2025-12-25 06:29:10,379 - INFO: Epoch: [3][200/301]	Time  0.003 ( 0.005)	Loss 3.2530e-01 (4.2539e-01)	Acc pseudo  89.06 ( 87.13)	Lr 1.000e-03 (1.000e-03)
2025-12-25 06:29:10,547 - INFO: Epoch: [3][250/301]	Time  0.003 ( 0.005)	Loss 4.3511e-01 (4.2190e-01)	Acc pseudo  84.38 ( 87.02)	Lr 1.000e-03 (1.000e-03)
2025-12-25 06:29:10,706 - INFO: Epoch: [3][300/301]	Time  0.002 ( 0.004)	Loss 3.8012e-01 (4.2081e-01)	Acc pseudo  84.00 ( 86.98)	Lr 1.000e-03 (1.000e-03)
2025-12-25 06:29:10,786 - INFO: Round 4, Fine-tune Epoch 3: loss=0.4208, acc(pseudo)=86.98%
2025-12-25 06:29:17,774 - INFO: Round 4, Fine-tune Epoch 3: acc(valid_pseudo): 0.9579, acc: 0.8350
2025-12-25 06:29:17,775 - INFO: Round 4, Speaker Fine-tune Epoch 3: No improvement in validation accuracy. Patience(epoch): 2/3
2025-12-25 06:29:18,062 - INFO: Epoch: [4][  0/301]	Time  0.282 ( 0.282)	Loss 8.5905e-01 (8.5905e-01)	Acc pseudo  81.25 ( 81.25)	Lr 1.000e-03 (1.000e-03)
2025-12-25 06:29:18,259 - INFO: Epoch: [4][ 50/301]	Time  0.003 ( 0.009)	Loss 3.1040e-01 (4.1907e-01)	Acc pseudo  92.19 ( 87.59)	Lr 1.000e-03 (1.000e-03)
2025-12-25 06:29:18,439 - INFO: Epoch: [4][100/301]	Time  0.004 ( 0.006)	Loss 3.9284e-01 (4.1139e-01)	Acc pseudo  84.38 ( 87.33)	Lr 1.000e-03 (1.000e-03)
2025-12-25 06:29:18,637 - INFO: Epoch: [4][150/301]	Time  0.004 ( 0.006)	Loss 2.3480e-01 (4.0616e-01)	Acc pseudo  89.06 ( 87.48)	Lr 1.000e-03 (1.000e-03)
2025-12-25 06:29:18,814 - INFO: Epoch: [4][200/301]	Time  0.003 ( 0.005)	Loss 2.8655e-01 (4.0191e-01)	Acc pseudo  89.06 ( 87.44)	Lr 1.000e-03 (1.000e-03)
2025-12-25 06:29:18,980 - INFO: Epoch: [4][250/301]	Time  0.003 ( 0.005)	Loss 4.3663e-01 (4.0571e-01)	Acc pseudo  87.50 ( 87.44)	Lr 1.000e-03 (1.000e-03)
2025-12-25 06:29:19,135 - INFO: Epoch: [4][300/301]	Time  0.003 ( 0.004)	Loss 3.0353e-01 (4.0889e-01)	Acc pseudo  92.00 ( 87.36)	Lr 1.000e-03 (1.000e-03)
2025-12-25 06:29:19,221 - INFO: Round 4, Fine-tune Epoch 4: loss=0.4089, acc(pseudo)=87.36%
2025-12-25 06:29:26,732 - INFO: Round 4, Fine-tune Epoch 4: acc(valid_pseudo): 0.9582, acc: 0.8290
2025-12-25 06:29:26,732 - INFO: Round 4, Speaker Fine-tune Epoch 4: No improvement in validation accuracy. Patience(epoch): 3/3
2025-12-25 06:29:26,733 - INFO: Early stopping at epoch 4 due to no improvement in validation accuracy for 3 epochs.
2025-12-25 06:29:26,734 - INFO: Round 4: Best speaker fine-tuned epoch=1, acc(valid_pseudo)=0.9708
2025-12-25 06:29:26,738 - INFO: Fine-tuning face embedding model for 20 epochs...
2025-12-25 06:29:27,761 - INFO: Epoch: [0][  0/433]	Time  1.011 ( 1.011)	Loss 3.0829e-03 (3.0829e-03)	Acc pseudo 100.00 (100.00)	Lr 1.000e-03 (1.000e-03)
2025-12-25 06:29:32,454 - INFO: Epoch: [0][ 50/433]	Time  0.030 ( 0.056)	Loss 5.2459e-01 (1.0122e-01)	Acc pseudo  98.44 ( 98.01)	Lr 1.000e-03 (1.000e-03)
2025-12-25 06:29:37,145 - INFO: Epoch: [0][100/433]	Time  0.032 ( 0.043)	Loss 4.2345e-01 (9.8875e-02)	Acc pseudo  95.31 ( 97.73)	Lr 1.000e-03 (1.000e-03)
2025-12-25 06:29:41,843 - INFO: Epoch: [0][150/433]	Time  0.032 ( 0.040)	Loss 1.9713e-01 (1.0801e-01)	Acc pseudo  96.88 ( 97.46)	Lr 1.000e-03 (1.000e-03)
2025-12-25 06:29:46,549 - INFO: Epoch: [0][200/433]	Time  0.041 ( 0.039)	Loss 2.6769e-02 (1.0517e-01)	Acc pseudo  98.44 ( 97.38)	Lr 1.000e-03 (1.000e-03)
2025-12-25 06:29:51,254 - INFO: Epoch: [0][250/433]	Time  0.030 ( 0.037)	Loss 3.0329e-01 (1.0534e-01)	Acc pseudo  98.44 ( 97.39)	Lr 1.000e-03 (1.000e-03)
2025-12-25 06:29:55,967 - INFO: Epoch: [0][300/433]	Time  0.031 ( 0.037)	Loss 2.8101e-01 (1.0598e-01)	Acc pseudo  95.31 ( 97.25)	Lr 1.000e-03 (1.000e-03)
2025-12-25 06:30:00,679 - INFO: Epoch: [0][350/433]	Time  0.031 ( 0.036)	Loss 9.1100e-02 (1.0637e-01)	Acc pseudo  93.75 ( 97.19)	Lr 1.000e-03 (1.000e-03)
2025-12-25 06:30:05,394 - INFO: Epoch: [0][400/433]	Time  0.038 ( 0.036)	Loss 3.7424e-02 (1.0492e-01)	Acc pseudo  98.44 ( 97.18)	Lr 1.000e-03 (1.000e-03)
2025-12-25 06:30:08,482 - INFO: Round 4, Face Fine-tune Epoch 0: loss=0.1053, acc(pseudo)=97.18%
2025-12-25 06:31:10,852 - INFO: Round 4, Face Fine-tune Epoch 0: acc(valid_pseudo): 0.9759, acc: 0.8403
2025-12-25 06:31:11,874 - INFO: Epoch: [1][  0/433]	Time  0.784 ( 0.784)	Loss 9.3885e-02 (9.3885e-02)	Acc pseudo  95.31 ( 95.31)	Lr 1.000e-03 (1.000e-03)
2025-12-25 06:31:16,607 - INFO: Epoch: [1][ 50/433]	Time  0.047 ( 0.062)	Loss 1.3725e-01 (8.7987e-02)	Acc pseudo  96.88 ( 96.94)	Lr 1.000e-03 (1.000e-03)
2025-12-25 06:31:21,345 - INFO: Epoch: [1][100/433]	Time  0.045 ( 0.054)	Loss 1.1600e-01 (7.9459e-02)	Acc pseudo  96.88 ( 97.28)	Lr 1.000e-03 (1.000e-03)
2025-12-25 06:31:26,087 - INFO: Epoch: [1][150/433]	Time  0.045 ( 0.051)	Loss 4.8778e-02 (8.1665e-02)	Acc pseudo  98.44 ( 97.31)	Lr 1.000e-03 (1.000e-03)
2025-12-25 06:31:30,833 - INFO: Epoch: [1][200/433]	Time  0.045 ( 0.050)	Loss 2.7047e-02 (8.1062e-02)	Acc pseudo 100.00 ( 97.42)	Lr 1.000e-03 (1.000e-03)
2025-12-25 06:31:35,582 - INFO: Epoch: [1][250/433]	Time  0.045 ( 0.049)	Loss 7.6954e-02 (7.9784e-02)	Acc pseudo  96.88 ( 97.43)	Lr 1.000e-03 (1.000e-03)
2025-12-25 06:31:40,334 - INFO: Epoch: [1][300/433]	Time  0.045 ( 0.048)	Loss 3.7144e-02 (8.2918e-02)	Acc pseudo  98.44 ( 97.33)	Lr 1.000e-03 (1.000e-03)
2025-12-25 06:31:45,085 - INFO: Epoch: [1][350/433]	Time  0.045 ( 0.048)	Loss 3.0205e-01 (8.2221e-02)	Acc pseudo  92.19 ( 97.35)	Lr 1.000e-03 (1.000e-03)
2025-12-25 06:31:49,838 - INFO: Epoch: [1][400/433]	Time  0.045 ( 0.047)	Loss 4.2520e-02 (8.3811e-02)	Acc pseudo  98.44 ( 97.32)	Lr 1.000e-03 (1.000e-03)
2025-12-25 06:31:52,952 - INFO: Round 4, Face Fine-tune Epoch 1: loss=0.0849, acc(pseudo)=97.31%
2025-12-25 06:32:54,351 - INFO: Round 4, Face Fine-tune Epoch 1: acc(valid_pseudo): 0.9756, acc: 0.8179
2025-12-25 06:32:54,352 - INFO: Round 4, Face Fine-tune Epoch 1: No improvement. Patience(epoch): 1/3
2025-12-25 06:32:54,943 - INFO: Epoch: [2][  0/433]	Time  0.551 ( 0.551)	Loss 1.4164e-01 (1.4164e-01)	Acc pseudo  96.88 ( 96.88)	Lr 1.000e-03 (1.000e-03)
2025-12-25 06:32:59,678 - INFO: Epoch: [2][ 50/433]	Time  0.029 ( 0.042)	Loss 3.5669e-02 (7.2081e-02)	Acc pseudo  98.44 ( 97.49)	Lr 1.000e-03 (1.000e-03)
2025-12-25 06:33:04,436 - INFO: Epoch: [2][100/433]	Time  0.029 ( 0.036)	Loss 6.6825e-02 (6.5134e-02)	Acc pseudo  96.88 ( 97.80)	Lr 1.000e-03 (1.000e-03)
2025-12-25 06:33:09,176 - INFO: Epoch: [2][150/433]	Time  0.030 ( 0.034)	Loss 5.0951e-02 (6.6575e-02)	Acc pseudo  98.44 ( 97.73)	Lr 1.000e-03 (1.000e-03)
2025-12-25 06:33:13,919 - INFO: Epoch: [2][200/433]	Time  0.030 ( 0.033)	Loss 1.2439e-01 (6.7173e-02)	Acc pseudo  95.31 ( 97.64)	Lr 1.000e-03 (1.000e-03)
2025-12-25 06:33:18,663 - INFO: Epoch: [2][250/433]	Time  0.032 ( 0.032)	Loss 3.2368e-02 (6.8241e-02)	Acc pseudo  98.44 ( 97.59)	Lr 1.000e-03 (1.000e-03)
2025-12-25 06:33:23,408 - INFO: Epoch: [2][300/433]	Time  0.030 ( 0.032)	Loss 1.0517e-01 (6.9228e-02)	Acc pseudo  98.44 ( 97.54)	Lr 1.000e-03 (1.000e-03)
2025-12-25 06:33:28,153 - INFO: Epoch: [2][350/433]	Time  0.029 ( 0.032)	Loss 5.2088e-02 (6.9854e-02)	Acc pseudo  96.88 ( 97.55)	Lr 1.000e-03 (1.000e-03)
2025-12-25 06:33:32,898 - INFO: Epoch: [2][400/433]	Time  0.031 ( 0.031)	Loss 4.8235e-02 (7.2726e-02)	Acc pseudo  96.88 ( 97.53)	Lr 1.000e-03 (1.000e-03)
2025-12-25 06:33:36,003 - INFO: Round 4, Face Fine-tune Epoch 2: loss=0.0723, acc(pseudo)=97.55%
2025-12-25 06:34:38,420 - INFO: Round 4, Face Fine-tune Epoch 2: acc(valid_pseudo): 0.9765, acc: 0.8208
2025-12-25 06:34:38,420 - INFO: Round 4, Face Fine-tune Epoch 2: No improvement. Patience(epoch): 2/3
2025-12-25 06:34:39,522 - INFO: Epoch: [3][  0/433]	Time  1.051 ( 1.051)	Loss 6.7275e-02 (6.7275e-02)	Acc pseudo  96.88 ( 96.88)	Lr 1.000e-03 (1.000e-03)
2025-12-25 06:34:44,275 - INFO: Epoch: [3][ 50/433]	Time  0.029 ( 0.053)	Loss 4.0345e-02 (5.3478e-02)	Acc pseudo  98.44 ( 98.13)	Lr 1.000e-03 (1.000e-03)
2025-12-25 06:34:49,022 - INFO: Epoch: [3][100/433]	Time  0.028 ( 0.042)	Loss 1.1055e-02 (5.7766e-02)	Acc pseudo 100.00 ( 98.10)	Lr 1.000e-03 (1.000e-03)
2025-12-25 06:34:53,771 - INFO: Epoch: [3][150/433]	Time  0.028 ( 0.039)	Loss 1.2095e-01 (6.8279e-02)	Acc pseudo  95.31 ( 97.81)	Lr 1.000e-03 (1.000e-03)
2025-12-25 06:34:58,532 - INFO: Epoch: [3][200/433]	Time  0.031 ( 0.037)	Loss 5.7902e-02 (7.0246e-02)	Acc pseudo  98.44 ( 97.73)	Lr 1.000e-03 (1.000e-03)
2025-12-25 06:35:03,286 - INFO: Epoch: [3][250/433]	Time  0.041 ( 0.036)	Loss 1.5276e-02 (6.9826e-02)	Acc pseudo 100.00 ( 97.73)	Lr 1.000e-03 (1.000e-03)
2025-12-25 06:35:08,033 - INFO: Epoch: [3][300/433]	Time  0.029 ( 0.035)	Loss 7.6754e-02 (7.0309e-02)	Acc pseudo  98.44 ( 97.68)	Lr 1.000e-03 (1.000e-03)
2025-12-25 06:35:12,781 - INFO: Epoch: [3][350/433]	Time  0.030 ( 0.034)	Loss 4.8898e-02 (7.1455e-02)	Acc pseudo  96.88 ( 97.65)	Lr 1.000e-03 (1.000e-03)
2025-12-25 06:35:17,533 - INFO: Epoch: [3][400/433]	Time  0.029 ( 0.034)	Loss 8.1285e-02 (7.2788e-02)	Acc pseudo  96.88 ( 97.62)	Lr 1.000e-03 (1.000e-03)
2025-12-25 06:35:20,647 - INFO: Round 4, Face Fine-tune Epoch 3: loss=0.0721, acc(pseudo)=97.65%
2025-12-25 06:36:21,984 - INFO: Round 4, Face Fine-tune Epoch 3: acc(valid_pseudo): 0.9768, acc: 0.8121
2025-12-25 06:36:21,985 - INFO: Round 4, Face Fine-tune Epoch 3: No improvement. Patience(epoch): 3/3
2025-12-25 06:36:21,985 - INFO: Early stopping at face epoch 3
2025-12-25 06:36:21,986 - INFO: Round 4: Best face fine-tuned epoch=0, acc(valid_pseudo)=0.9759
2025-12-25 06:36:22,095 - INFO: Using HMM model from previous round: runs/I love my family/exp_video/result/self_supervised/exp0/round3/pseudo_label/hmm_params.pkl
2025-12-25 07:15:50,306 - INFO: Round 4: speaker_acc=0.8490
2025-12-25 07:15:50,309 - INFO: Round 4: face_acc=0.8403
2025-12-25 07:15:50,312 - INFO: ====================
2025-12-25 07:15:50,312 - INFO: Round 5: Fine-tuning iteration
2025-12-25 07:15:50,312 - INFO: ====================
2025-12-25 07:15:50,387 - INFO: Round 5 Part 1: Fine-tuning embedding model
2025-12-25 07:15:50,388 - INFO: Using pseudo-label file: runs/I love my family/exp_video/result/self_supervised/exp0/round4/pseudo_label/pseudo_labels_audio_nested_hmm_full(unreliable_pp=100.0).json
2025-12-25 07:15:50,417 - INFO: For training, Using face pseudo-label file: runs/I love my family/exp_video/result/self_supervised/exp0/round4/pseudo_label/pseudo_labels_faces_mid_frame_train_nested_hmm_full.json
2025-12-25 07:15:50,417 - INFO: For infering, Using face pseudo-label file: runs/I love my family/exp_video/result/self_supervised/exp0/round4/pseudo_label/pseudo_labels_faces_mid_frame_all_nested_hmm_full.json
2025-12-25 07:15:50,528 - INFO: Created face dataloader with 27670 samples
2025-12-25 07:15:50,542 - INFO: Fine-tuning speaker embedding model for 20 epochs...
2025-12-25 07:15:50,839 - INFO: Epoch: [0][  0/301]	Time  0.293 ( 0.293)	Loss 2.7563e-01 (2.7563e-01)	Acc pseudo  89.06 ( 89.06)	Lr 1.000e-03 (1.000e-03)
2025-12-25 07:15:51,029 - INFO: Epoch: [0][ 50/301]	Time  0.003 ( 0.009)	Loss 4.0958e-01 (4.2193e-01)	Acc pseudo  84.38 ( 88.45)	Lr 1.000e-03 (1.000e-03)
2025-12-25 07:15:51,196 - INFO: Epoch: [0][100/301]	Time  0.003 ( 0.006)	Loss 2.6015e-01 (4.0993e-01)	Acc pseudo  92.19 ( 88.20)	Lr 1.000e-03 (1.000e-03)
2025-12-25 07:15:51,365 - INFO: Epoch: [0][150/301]	Time  0.003 ( 0.005)	Loss 3.3535e-01 (4.1185e-01)	Acc pseudo  89.06 ( 87.85)	Lr 1.000e-03 (1.000e-03)
2025-12-25 07:15:51,527 - INFO: Epoch: [0][200/301]	Time  0.003 ( 0.005)	Loss 1.8282e-01 (4.1026e-01)	Acc pseudo  93.75 ( 87.75)	Lr 1.000e-03 (1.000e-03)
2025-12-25 07:15:51,683 - INFO: Epoch: [0][250/301]	Time  0.003 ( 0.004)	Loss 6.0892e-01 (4.3631e-01)	Acc pseudo  84.38 ( 87.52)	Lr 1.000e-03 (1.000e-03)
2025-12-25 07:15:51,834 - INFO: Epoch: [0][300/301]	Time  0.002 ( 0.004)	Loss 1.8032e-01 (4.3164e-01)	Acc pseudo  88.00 ( 87.54)	Lr 1.000e-03 (1.000e-03)
2025-12-25 07:15:51,938 - INFO: Round 5, Fine-tune Epoch 0: loss=0.4316, acc(pseudo)=87.54%
2025-12-25 07:15:58,823 - INFO: Round 5, Fine-tune Epoch 0: acc(valid_pseudo): 0.9488, acc: 0.8230
2025-12-25 07:16:03,126 - INFO: Epoch: [1][  0/301]	Time  0.307 ( 0.307)	Loss 5.7429e-01 (5.7429e-01)	Acc pseudo  87.50 ( 87.50)	Lr 1.000e-03 (1.000e-03)
2025-12-25 07:16:03,322 - INFO: Epoch: [1][ 50/301]	Time  0.003 ( 0.010)	Loss 1.8153e-01 (3.6477e-01)	Acc pseudo  90.62 ( 89.09)	Lr 1.000e-03 (1.000e-03)
2025-12-25 07:16:03,493 - INFO: Epoch: [1][100/301]	Time  0.004 ( 0.007)	Loss 2.5286e-01 (4.0792e-01)	Acc pseudo  89.06 ( 88.15)	Lr 1.000e-03 (1.000e-03)
2025-12-25 07:16:03,662 - INFO: Epoch: [1][150/301]	Time  0.003 ( 0.005)	Loss 3.8105e-01 (3.9771e-01)	Acc pseudo  85.94 ( 88.07)	Lr 1.000e-03 (1.000e-03)
2025-12-25 07:16:03,825 - INFO: Epoch: [1][200/301]	Time  0.003 ( 0.005)	Loss 4.9373e-01 (3.9809e-01)	Acc pseudo  84.38 ( 88.21)	Lr 1.000e-03 (1.000e-03)
2025-12-25 07:16:03,987 - INFO: Epoch: [1][250/301]	Time  0.003 ( 0.005)	Loss 5.5642e-01 (3.9792e-01)	Acc pseudo  82.81 ( 87.97)	Lr 1.000e-03 (1.000e-03)
2025-12-25 07:16:04,141 - INFO: Epoch: [1][300/301]	Time  0.002 ( 0.004)	Loss 1.7662e-01 (4.0164e-01)	Acc pseudo 100.00 ( 87.85)	Lr 1.000e-03 (1.000e-03)
2025-12-25 07:16:04,216 - INFO: Round 5, Fine-tune Epoch 1: loss=0.4016, acc(pseudo)=87.85%
2025-12-25 07:16:11,522 - INFO: Round 5, Fine-tune Epoch 1: acc(valid_pseudo): 0.9599, acc: 0.8410
2025-12-25 07:16:15,909 - INFO: Epoch: [2][  0/301]	Time  0.304 ( 0.304)	Loss 6.9018e-01 (6.9018e-01)	Acc pseudo  87.50 ( 87.50)	Lr 1.000e-03 (1.000e-03)
2025-12-25 07:16:16,106 - INFO: Epoch: [2][ 50/301]	Time  0.004 ( 0.010)	Loss 4.2290e-01 (3.8976e-01)	Acc pseudo  90.62 ( 88.54)	Lr 1.000e-03 (1.000e-03)
2025-12-25 07:16:16,278 - INFO: Epoch: [2][100/301]	Time  0.003 ( 0.007)	Loss 3.6331e-01 (3.7666e-01)	Acc pseudo  89.06 ( 88.80)	Lr 1.000e-03 (1.000e-03)
2025-12-25 07:16:16,446 - INFO: Epoch: [2][150/301]	Time  0.003 ( 0.005)	Loss 2.6959e-01 (3.7480e-01)	Acc pseudo  92.19 ( 88.58)	Lr 1.000e-03 (1.000e-03)
2025-12-25 07:16:16,605 - INFO: Epoch: [2][200/301]	Time  0.003 ( 0.005)	Loss 3.6321e-01 (3.7711e-01)	Acc pseudo  90.62 ( 88.59)	Lr 1.000e-03 (1.000e-03)
2025-12-25 07:16:16,764 - INFO: Epoch: [2][250/301]	Time  0.003 ( 0.005)	Loss 2.7597e-01 (3.8327e-01)	Acc pseudo  85.94 ( 88.33)	Lr 1.000e-03 (1.000e-03)
2025-12-25 07:16:16,915 - INFO: Epoch: [2][300/301]	Time  0.002 ( 0.004)	Loss 2.5016e-01 (3.8415e-01)	Acc pseudo  88.00 ( 88.24)	Lr 1.000e-03 (1.000e-03)
2025-12-25 07:16:16,998 - INFO: Round 5, Fine-tune Epoch 2: loss=0.3842, acc(pseudo)=88.24%
2025-12-25 07:16:24,980 - INFO: Round 5, Fine-tune Epoch 2: acc(valid_pseudo): 0.9681, acc: 0.8385
2025-12-25 07:16:29,784 - INFO: Epoch: [3][  0/301]	Time  0.274 ( 0.274)	Loss 3.8282e-01 (3.8282e-01)	Acc pseudo  87.50 ( 87.50)	Lr 1.000e-03 (1.000e-03)
2025-12-25 07:16:29,976 - INFO: Epoch: [3][ 50/301]	Time  0.003 ( 0.009)	Loss 3.5086e-01 (3.7010e-01)	Acc pseudo  84.38 ( 88.82)	Lr 1.000e-03 (1.000e-03)
2025-12-25 07:16:30,150 - INFO: Epoch: [3][100/301]	Time  0.003 ( 0.006)	Loss 2.6745e-01 (3.6811e-01)	Acc pseudo  90.62 ( 88.86)	Lr 1.000e-03 (1.000e-03)
2025-12-25 07:16:30,317 - INFO: Epoch: [3][150/301]	Time  0.003 ( 0.005)	Loss 3.5998e-01 (3.7477e-01)	Acc pseudo  89.06 ( 88.46)	Lr 1.000e-03 (1.000e-03)
2025-12-25 07:16:30,482 - INFO: Epoch: [3][200/301]	Time  0.003 ( 0.005)	Loss 1.3840e-01 (3.6726e-01)	Acc pseudo  95.31 ( 88.51)	Lr 1.000e-03 (1.000e-03)
2025-12-25 07:16:30,664 - INFO: Epoch: [3][250/301]	Time  0.003 ( 0.005)	Loss 3.2923e-01 (3.6742e-01)	Acc pseudo  90.62 ( 88.38)	Lr 1.000e-03 (1.000e-03)
2025-12-25 07:16:30,814 - INFO: Epoch: [3][300/301]	Time  0.002 ( 0.004)	Loss 2.0567e-01 (3.6832e-01)	Acc pseudo  96.00 ( 88.36)	Lr 1.000e-03 (1.000e-03)
2025-12-25 07:16:30,894 - INFO: Round 5, Fine-tune Epoch 3: loss=0.3683, acc(pseudo)=88.36%
2025-12-25 07:16:37,797 - INFO: Round 5, Fine-tune Epoch 3: acc(valid_pseudo): 0.9397, acc: 0.8060
2025-12-25 07:16:37,797 - INFO: Round 5, Speaker Fine-tune Epoch 3: No improvement in validation accuracy. Patience(epoch): 1/3
2025-12-25 07:16:38,077 - INFO: Epoch: [4][  0/301]	Time  0.274 ( 0.274)	Loss 7.1388e-01 (7.1388e-01)	Acc pseudo  85.94 ( 85.94)	Lr 1.000e-03 (1.000e-03)
2025-12-25 07:16:38,266 - INFO: Epoch: [4][ 50/301]	Time  0.003 ( 0.009)	Loss 3.3628e-01 (3.6651e-01)	Acc pseudo  87.50 ( 88.76)	Lr 1.000e-03 (1.000e-03)
2025-12-25 07:16:38,437 - INFO: Epoch: [4][100/301]	Time  0.003 ( 0.006)	Loss 2.2339e-01 (3.6167e-01)	Acc pseudo  93.75 ( 89.06)	Lr 1.000e-03 (1.000e-03)
2025-12-25 07:16:38,610 - INFO: Epoch: [4][150/301]	Time  0.003 ( 0.005)	Loss 2.3417e-01 (3.5103e-01)	Acc pseudo  89.06 ( 89.31)	Lr 1.000e-03 (1.000e-03)
2025-12-25 07:16:38,788 - INFO: Epoch: [4][200/301]	Time  0.004 ( 0.005)	Loss 3.9229e-01 (3.4973e-01)	Acc pseudo  82.81 ( 89.20)	Lr 1.000e-03 (1.000e-03)
2025-12-25 07:16:38,977 - INFO: Epoch: [4][250/301]	Time  0.004 ( 0.005)	Loss 2.6561e-01 (3.4874e-01)	Acc pseudo  90.62 ( 89.05)	Lr 1.000e-03 (1.000e-03)
2025-12-25 07:16:39,152 - INFO: Epoch: [4][300/301]	Time  0.002 ( 0.004)	Loss 3.8559e-01 (3.5192e-01)	Acc pseudo  84.00 ( 88.88)	Lr 1.000e-03 (1.000e-03)
2025-12-25 07:16:39,230 - INFO: Round 5, Fine-tune Epoch 4: loss=0.3519, acc(pseudo)=88.88%
2025-12-25 07:16:46,668 - INFO: Round 5, Fine-tune Epoch 4: acc(valid_pseudo): 0.9406, acc: 0.8350
2025-12-25 07:16:46,669 - INFO: Round 5, Speaker Fine-tune Epoch 4: No improvement in validation accuracy. Patience(epoch): 2/3
2025-12-25 07:16:46,949 - INFO: Epoch: [5][  0/301]	Time  0.275 ( 0.275)	Loss 4.0486e-01 (4.0486e-01)	Acc pseudo  87.50 ( 87.50)	Lr 1.000e-03 (1.000e-03)
2025-12-25 07:16:47,136 - INFO: Epoch: [5][ 50/301]	Time  0.004 ( 0.009)	Loss 4.7365e-01 (3.7616e-01)	Acc pseudo  90.62 ( 88.36)	Lr 1.000e-03 (1.000e-03)
2025-12-25 07:16:47,313 - INFO: Epoch: [5][100/301]	Time  0.009 ( 0.006)	Loss 7.7565e-01 (3.8146e-01)	Acc pseudo  75.00 ( 88.34)	Lr 1.000e-03 (1.000e-03)
2025-12-25 07:16:47,478 - INFO: Epoch: [5][150/301]	Time  0.003 ( 0.005)	Loss 5.3697e-01 (3.9102e-01)	Acc pseudo  82.81 ( 88.01)	Lr 1.000e-03 (1.000e-03)
2025-12-25 07:16:47,641 - INFO: Epoch: [5][200/301]	Time  0.003 ( 0.005)	Loss 4.3451e-01 (3.9501e-01)	Acc pseudo  84.38 ( 87.87)	Lr 1.000e-03 (1.000e-03)
2025-12-25 07:16:47,802 - INFO: Epoch: [5][250/301]	Time  0.003 ( 0.004)	Loss 4.4183e-01 (3.9797e-01)	Acc pseudo  85.94 ( 87.81)	Lr 1.000e-03 (1.000e-03)
2025-12-25 07:16:47,962 - INFO: Epoch: [5][300/301]	Time  0.006 ( 0.004)	Loss 4.3382e-01 (4.0553e-01)	Acc pseudo  80.00 ( 87.52)	Lr 1.000e-03 (1.000e-03)
2025-12-25 07:16:48,038 - INFO: Round 5, Fine-tune Epoch 5: loss=0.4055, acc(pseudo)=87.52%
2025-12-25 07:16:55,091 - INFO: Round 5, Fine-tune Epoch 5: acc(valid_pseudo): 0.9187, acc: 0.7820
2025-12-25 07:16:55,092 - INFO: Round 5, Speaker Fine-tune Epoch 5: No improvement in validation accuracy. Patience(epoch): 3/3
2025-12-25 07:16:55,092 - INFO: Early stopping at epoch 5 due to no improvement in validation accuracy for 3 epochs.
2025-12-25 07:16:55,093 - INFO: Round 5: Best speaker fine-tuned epoch=2, acc(valid_pseudo)=0.9681
2025-12-25 07:16:55,097 - INFO: Fine-tuning face embedding model for 20 epochs...
2025-12-25 07:16:55,883 - INFO: Epoch: [0][  0/433]	Time  0.731 ( 0.731)	Loss 2.2292e-04 (2.2292e-04)	Acc pseudo 100.00 (100.00)	Lr 1.000e-03 (1.000e-03)
2025-12-25 07:17:00,559 - INFO: Epoch: [0][ 50/433]	Time  0.031 ( 0.046)	Loss 1.1633e-01 (1.1690e-01)	Acc pseudo  95.31 ( 98.35)	Lr 1.000e-03 (1.000e-03)
2025-12-25 07:17:05,257 - INFO: Epoch: [0][100/433]	Time  0.030 ( 0.039)	Loss 2.6342e-01 (2.1907e-01)	Acc pseudo  95.31 ( 97.73)	Lr 1.000e-03 (1.000e-03)
2025-12-25 07:17:09,949 - INFO: Epoch: [0][150/433]	Time  0.029 ( 0.036)	Loss 7.8844e-02 (1.8205e-01)	Acc pseudo  93.75 ( 97.69)	Lr 1.000e-03 (1.000e-03)
2025-12-25 07:17:14,641 - INFO: Epoch: [0][200/433]	Time  0.031 ( 0.035)	Loss 9.2818e-02 (1.5452e-01)	Acc pseudo  96.88 ( 97.68)	Lr 1.000e-03 (1.000e-03)
2025-12-25 07:17:19,340 - INFO: Epoch: [0][250/433]	Time  0.029 ( 0.034)	Loss 3.3855e-01 (1.5673e-01)	Acc pseudo  95.31 ( 97.58)	Lr 1.000e-03 (1.000e-03)
2025-12-25 07:17:24,041 - INFO: Epoch: [0][300/433]	Time  0.029 ( 0.034)	Loss 3.2012e-01 (1.4781e-01)	Acc pseudo  96.88 ( 97.50)	Lr 1.000e-03 (1.000e-03)
2025-12-25 07:17:28,749 - INFO: Epoch: [0][350/433]	Time  0.031 ( 0.033)	Loss 5.6107e-02 (1.4350e-01)	Acc pseudo  96.88 ( 97.51)	Lr 1.000e-03 (1.000e-03)
2025-12-25 07:17:33,468 - INFO: Epoch: [0][400/433]	Time  0.030 ( 0.033)	Loss 1.4819e-02 (1.3469e-01)	Acc pseudo  98.44 ( 97.53)	Lr 1.000e-03 (1.000e-03)
2025-12-25 07:17:36,578 - INFO: Round 5, Face Fine-tune Epoch 0: loss=0.1314, acc(pseudo)=97.58%
2025-12-25 07:18:38,954 - INFO: Round 5, Face Fine-tune Epoch 0: acc(valid_pseudo): 0.9752, acc: 0.8364
2025-12-25 07:18:40,024 - INFO: Epoch: [1][  0/433]	Time  0.556 ( 0.556)	Loss 7.9881e-02 (7.9881e-02)	Acc pseudo  93.75 ( 93.75)	Lr 1.000e-03 (1.000e-03)
2025-12-25 07:18:44,743 - INFO: Epoch: [1][ 50/433]	Time  0.029 ( 0.041)	Loss 2.8619e-02 (6.0560e-02)	Acc pseudo  96.88 ( 97.73)	Lr 1.000e-03 (1.000e-03)
2025-12-25 07:18:49,465 - INFO: Epoch: [1][100/433]	Time  0.030 ( 0.035)	Loss 1.2269e-01 (6.4052e-02)	Acc pseudo  95.31 ( 97.82)	Lr 1.000e-03 (1.000e-03)
2025-12-25 07:18:54,192 - INFO: Epoch: [1][150/433]	Time  0.029 ( 0.033)	Loss 3.5600e-02 (6.2450e-02)	Acc pseudo  98.44 ( 97.95)	Lr 1.000e-03 (1.000e-03)
2025-12-25 07:18:58,920 - INFO: Epoch: [1][200/433]	Time  0.029 ( 0.032)	Loss 1.7115e-02 (6.1121e-02)	Acc pseudo 100.00 ( 98.01)	Lr 1.000e-03 (1.000e-03)
2025-12-25 07:19:03,651 - INFO: Epoch: [1][250/433]	Time  0.029 ( 0.032)	Loss 3.6868e-02 (6.4456e-02)	Acc pseudo  98.44 ( 98.02)	Lr 1.000e-03 (1.000e-03)
2025-12-25 07:19:08,385 - INFO: Epoch: [1][300/433]	Time  0.029 ( 0.031)	Loss 3.9621e-02 (6.6401e-02)	Acc pseudo  98.44 ( 97.95)	Lr 1.000e-03 (1.000e-03)
2025-12-25 07:19:13,121 - INFO: Epoch: [1][350/433]	Time  0.028 ( 0.031)	Loss 2.3162e-02 (6.3938e-02)	Acc pseudo  98.44 ( 97.99)	Lr 1.000e-03 (1.000e-03)
2025-12-25 07:19:17,864 - INFO: Epoch: [1][400/433]	Time  0.039 ( 0.032)	Loss 2.2573e-02 (7.0565e-02)	Acc pseudo  98.44 ( 97.92)	Lr 1.000e-03 (1.000e-03)
2025-12-25 07:19:20,966 - INFO: Round 5, Face Fine-tune Epoch 1: loss=0.0707, acc(pseudo)=97.90%
2025-12-25 07:20:22,281 - INFO: Round 5, Face Fine-tune Epoch 1: acc(valid_pseudo): 0.9741, acc: 0.8238
2025-12-25 07:20:22,281 - INFO: Round 5, Face Fine-tune Epoch 1: No improvement. Patience(epoch): 1/3
2025-12-25 07:20:22,899 - INFO: Epoch: [2][  0/433]	Time  0.586 ( 0.586)	Loss 1.3030e-01 (1.3030e-01)	Acc pseudo  96.88 ( 96.88)	Lr 1.000e-03 (1.000e-03)
2025-12-25 07:20:27,639 - INFO: Epoch: [2][ 50/433]	Time  0.035 ( 0.050)	Loss 3.3406e-02 (5.7208e-02)	Acc pseudo  98.44 ( 98.04)	Lr 1.000e-03 (1.000e-03)
2025-12-25 07:20:32,371 - INFO: Epoch: [2][100/433]	Time  0.029 ( 0.040)	Loss 8.2187e-02 (5.9871e-02)	Acc pseudo  95.31 ( 98.16)	Lr 1.000e-03 (1.000e-03)
2025-12-25 07:20:37,107 - INFO: Epoch: [2][150/433]	Time  0.031 ( 0.037)	Loss 1.8209e-02 (6.0677e-02)	Acc pseudo 100.00 ( 98.10)	Lr 1.000e-03 (1.000e-03)
2025-12-25 07:20:41,844 - INFO: Epoch: [2][200/433]	Time  0.029 ( 0.035)	Loss 3.8987e-02 (5.9522e-02)	Acc pseudo  98.44 ( 98.09)	Lr 1.000e-03 (1.000e-03)
2025-12-25 07:20:46,584 - INFO: Epoch: [2][250/433]	Time  0.030 ( 0.034)	Loss 3.2170e-03 (5.8688e-02)	Acc pseudo 100.00 ( 98.06)	Lr 1.000e-03 (1.000e-03)
2025-12-25 07:20:51,322 - INFO: Epoch: [2][300/433]	Time  0.028 ( 0.033)	Loss 1.4028e-02 (5.8664e-02)	Acc pseudo 100.00 ( 98.05)	Lr 1.000e-03 (1.000e-03)
2025-12-25 07:20:56,063 - INFO: Epoch: [2][350/433]	Time  0.028 ( 0.033)	Loss 3.1712e-02 (6.0026e-02)	Acc pseudo 100.00 ( 98.05)	Lr 1.000e-03 (1.000e-03)
2025-12-25 07:21:00,803 - INFO: Epoch: [2][400/433]	Time  0.029 ( 0.032)	Loss 2.4294e-02 (6.2152e-02)	Acc pseudo 100.00 ( 97.98)	Lr 1.000e-03 (1.000e-03)
2025-12-25 07:21:03,908 - INFO: Round 5, Face Fine-tune Epoch 2: loss=0.0632, acc(pseudo)=97.94%
2025-12-25 07:22:05,611 - INFO: Round 5, Face Fine-tune Epoch 2: acc(valid_pseudo): 0.9747, acc: 0.8296
2025-12-25 07:22:05,611 - INFO: Round 5, Face Fine-tune Epoch 2: No improvement. Patience(epoch): 2/3
2025-12-25 07:22:06,217 - INFO: Epoch: [3][  0/433]	Time  0.564 ( 0.564)	Loss 6.7568e-02 (6.7568e-02)	Acc pseudo  98.44 ( 98.44)	Lr 1.000e-03 (1.000e-03)
2025-12-25 07:22:10,951 - INFO: Epoch: [3][ 50/433]	Time  0.029 ( 0.044)	Loss 4.6506e-03 (3.6851e-02)	Acc pseudo 100.00 ( 98.74)	Lr 1.000e-03 (1.000e-03)
2025-12-25 07:22:15,687 - INFO: Epoch: [3][100/433]	Time  0.028 ( 0.037)	Loss 2.5033e-02 (4.0051e-02)	Acc pseudo  98.44 ( 98.67)	Lr 1.000e-03 (1.000e-03)
2025-12-25 07:22:20,433 - INFO: Epoch: [3][150/433]	Time  0.029 ( 0.035)	Loss 1.0236e-01 (4.5176e-02)	Acc pseudo  96.88 ( 98.53)	Lr 1.000e-03 (1.000e-03)
2025-12-25 07:22:25,172 - INFO: Epoch: [3][200/433]	Time  0.029 ( 0.033)	Loss 5.2837e-02 (4.8490e-02)	Acc pseudo  98.44 ( 98.41)	Lr 1.000e-03 (1.000e-03)
2025-12-25 07:22:29,927 - INFO: Epoch: [3][250/433]	Time  0.030 ( 0.033)	Loss 4.5194e-03 (5.0223e-02)	Acc pseudo 100.00 ( 98.33)	Lr 1.000e-03 (1.000e-03)
2025-12-25 07:22:34,672 - INFO: Epoch: [3][300/433]	Time  0.030 ( 0.032)	Loss 1.1040e-01 (4.9690e-02)	Acc pseudo  98.44 ( 98.30)	Lr 1.000e-03 (1.000e-03)
2025-12-25 07:22:39,417 - INFO: Epoch: [3][350/433]	Time  0.029 ( 0.032)	Loss 6.1754e-01 (5.2563e-02)	Acc pseudo  96.88 ( 98.26)	Lr 1.000e-03 (1.000e-03)
2025-12-25 07:22:44,163 - INFO: Epoch: [3][400/433]	Time  0.030 ( 0.032)	Loss 9.8220e-02 (5.6980e-02)	Acc pseudo  98.44 ( 98.20)	Lr 1.000e-03 (1.000e-03)
2025-12-25 07:22:47,276 - INFO: Round 5, Face Fine-tune Epoch 3: loss=0.0574, acc(pseudo)=98.16%
2025-12-25 07:23:48,603 - INFO: Round 5, Face Fine-tune Epoch 3: acc(valid_pseudo): 0.9732, acc: 0.8247
2025-12-25 07:23:48,603 - INFO: Round 5, Face Fine-tune Epoch 3: No improvement. Patience(epoch): 3/3
2025-12-25 07:23:48,603 - INFO: Early stopping at face epoch 3
2025-12-25 07:23:48,605 - INFO: Round 5: Best face fine-tuned epoch=0, acc(valid_pseudo)=0.9752
2025-12-25 07:23:48,651 - INFO: Using HMM model from previous round: runs/I love my family/exp_video/result/self_supervised/exp0/round4/pseudo_label/hmm_params.pkl
2025-12-25 08:02:03,877 - INFO: Round 5: speaker_acc=0.8510
2025-12-25 08:02:03,881 - INFO: Round 5: face_acc=0.8364
2025-12-25 08:02:03,884 - INFO: ====================
2025-12-25 08:02:03,884 - INFO: Round 6: Fine-tuning iteration
2025-12-25 08:02:03,884 - INFO: ====================
2025-12-25 08:02:03,989 - INFO: Round 6 Part 1: Fine-tuning embedding model
2025-12-25 08:02:03,990 - INFO: Using pseudo-label file: runs/I love my family/exp_video/result/self_supervised/exp0/round5/pseudo_label/pseudo_labels_audio_nested_hmm_full(unreliable_pp=100.0).json
2025-12-25 08:02:04,291 - INFO: For training, Using face pseudo-label file: runs/I love my family/exp_video/result/self_supervised/exp0/round5/pseudo_label/pseudo_labels_faces_mid_frame_train_nested_hmm_full.json
2025-12-25 08:02:04,291 - INFO: For infering, Using face pseudo-label file: runs/I love my family/exp_video/result/self_supervised/exp0/round5/pseudo_label/pseudo_labels_faces_mid_frame_all_nested_hmm_full.json
2025-12-25 08:02:04,474 - INFO: Created face dataloader with 27670 samples
2025-12-25 08:02:04,500 - INFO: Fine-tuning speaker embedding model for 20 epochs...
2025-12-25 08:02:05,939 - INFO: Epoch: [0][  0/301]	Time  1.356 ( 1.356)	Loss 4.0397e-01 (4.0397e-01)	Acc pseudo  87.50 ( 87.50)	Lr 1.000e-03 (1.000e-03)
2025-12-25 08:02:06,143 - INFO: Epoch: [0][ 50/301]	Time  0.003 ( 0.030)	Loss 4.5058e-01 (4.1364e-01)	Acc pseudo  84.38 ( 89.00)	Lr 1.000e-03 (1.000e-03)
2025-12-25 08:02:06,312 - INFO: Epoch: [0][100/301]	Time  0.003 ( 0.017)	Loss 3.1044e-01 (4.3025e-01)	Acc pseudo  89.06 ( 88.20)	Lr 1.000e-03 (1.000e-03)
2025-12-25 08:02:06,475 - INFO: Epoch: [0][150/301]	Time  0.003 ( 0.012)	Loss 2.5351e-01 (4.3359e-01)	Acc pseudo  89.06 ( 87.92)	Lr 1.000e-03 (1.000e-03)
2025-12-25 08:02:06,637 - INFO: Epoch: [0][200/301]	Time  0.003 ( 0.010)	Loss 2.5617e-01 (4.3356e-01)	Acc pseudo  90.62 ( 87.81)	Lr 1.000e-03 (1.000e-03)
2025-12-25 08:02:06,798 - INFO: Epoch: [0][250/301]	Time  0.003 ( 0.009)	Loss 5.8932e-01 (4.5152e-01)	Acc pseudo  82.81 ( 87.54)	Lr 1.000e-03 (1.000e-03)
2025-12-25 08:02:06,962 - INFO: Epoch: [0][300/301]	Time  0.004 ( 0.008)	Loss 1.7762e-01 (4.4999e-01)	Acc pseudo  92.00 ( 87.50)	Lr 1.000e-03 (1.000e-03)
2025-12-25 08:02:07,042 - INFO: Round 6, Fine-tune Epoch 0: loss=0.4500, acc(pseudo)=87.50%
2025-12-25 08:02:15,988 - INFO: Round 6, Fine-tune Epoch 0: acc(valid_pseudo): 0.9608, acc: 0.8350
2025-12-25 08:02:20,473 - INFO: Epoch: [1][  0/301]	Time  0.290 ( 0.290)	Loss 5.4948e-01 (5.4948e-01)	Acc pseudo  85.94 ( 85.94)	Lr 1.000e-03 (1.000e-03)
2025-12-25 08:02:20,663 - INFO: Epoch: [1][ 50/301]	Time  0.003 ( 0.009)	Loss 1.6265e-01 (3.8260e-01)	Acc pseudo  93.75 ( 88.08)	Lr 1.000e-03 (1.000e-03)
2025-12-25 08:02:20,825 - INFO: Epoch: [1][100/301]	Time  0.003 ( 0.006)	Loss 2.4617e-01 (3.9669e-01)	Acc pseudo  89.06 ( 87.90)	Lr 1.000e-03 (1.000e-03)
2025-12-25 08:02:20,987 - INFO: Epoch: [1][150/301]	Time  0.003 ( 0.005)	Loss 3.7510e-01 (3.9028e-01)	Acc pseudo  85.94 ( 88.12)	Lr 1.000e-03 (1.000e-03)
2025-12-25 08:02:21,143 - INFO: Epoch: [1][200/301]	Time  0.003 ( 0.005)	Loss 6.0422e-01 (4.0086e-01)	Acc pseudo  85.94 ( 87.77)	Lr 1.000e-03 (1.000e-03)
2025-12-25 08:02:21,297 - INFO: Epoch: [1][250/301]	Time  0.003 ( 0.004)	Loss 4.4370e-01 (4.1070e-01)	Acc pseudo  81.25 ( 87.45)	Lr 1.000e-03 (1.000e-03)
2025-12-25 08:02:21,442 - INFO: Epoch: [1][300/301]	Time  0.002 ( 0.004)	Loss 1.1835e-01 (4.0766e-01)	Acc pseudo  96.00 ( 87.55)	Lr 1.000e-03 (1.000e-03)
2025-12-25 08:02:21,521 - INFO: Round 6, Fine-tune Epoch 1: loss=0.4077, acc(pseudo)=87.55%
2025-12-25 08:02:28,612 - INFO: Round 6, Fine-tune Epoch 1: acc(valid_pseudo): 0.9626, acc: 0.8370
2025-12-25 08:02:32,948 - INFO: Epoch: [2][  0/301]	Time  0.302 ( 0.302)	Loss 3.9910e-01 (3.9910e-01)	Acc pseudo  90.62 ( 90.62)	Lr 1.000e-03 (1.000e-03)
2025-12-25 08:02:33,133 - INFO: Epoch: [2][ 50/301]	Time  0.004 ( 0.009)	Loss 1.7086e-01 (3.9969e-01)	Acc pseudo  92.19 ( 87.71)	Lr 1.000e-03 (1.000e-03)
2025-12-25 08:02:33,305 - INFO: Epoch: [2][100/301]	Time  0.003 ( 0.006)	Loss 3.7732e-01 (3.7769e-01)	Acc pseudo  92.19 ( 88.47)	Lr 1.000e-03 (1.000e-03)
2025-12-25 08:02:33,469 - INFO: Epoch: [2][150/301]	Time  0.003 ( 0.005)	Loss 4.2780e-01 (3.6958e-01)	Acc pseudo  89.06 ( 88.49)	Lr 1.000e-03 (1.000e-03)
2025-12-25 08:02:33,631 - INFO: Epoch: [2][200/301]	Time  0.003 ( 0.005)	Loss 3.4450e-01 (3.6608e-01)	Acc pseudo  87.50 ( 88.59)	Lr 1.000e-03 (1.000e-03)
2025-12-25 08:02:33,795 - INFO: Epoch: [2][250/301]	Time  0.003 ( 0.004)	Loss 3.7131e-01 (3.6686e-01)	Acc pseudo  82.81 ( 88.45)	Lr 1.000e-03 (1.000e-03)
2025-12-25 08:02:33,949 - INFO: Epoch: [2][300/301]	Time  0.003 ( 0.004)	Loss 1.6507e-01 (3.7250e-01)	Acc pseudo  92.00 ( 88.38)	Lr 1.000e-03 (1.000e-03)
2025-12-25 08:02:34,088 - INFO: Round 6, Fine-tune Epoch 2: loss=0.3725, acc(pseudo)=88.38%
2025-12-25 08:02:40,827 - INFO: Round 6, Fine-tune Epoch 2: acc(valid_pseudo): 0.9599, acc: 0.8295
2025-12-25 08:02:40,827 - INFO: Round 6, Speaker Fine-tune Epoch 2: No improvement in validation accuracy. Patience(epoch): 1/3
2025-12-25 08:02:41,116 - INFO: Epoch: [3][  0/301]	Time  0.283 ( 0.283)	Loss 6.0724e-01 (6.0724e-01)	Acc pseudo  78.12 ( 78.12)	Lr 1.000e-03 (1.000e-03)
2025-12-25 08:02:41,306 - INFO: Epoch: [3][ 50/301]	Time  0.003 ( 0.009)	Loss 3.2682e-01 (3.7979e-01)	Acc pseudo  84.38 ( 88.63)	Lr 1.000e-03 (1.000e-03)
2025-12-25 08:02:41,475 - INFO: Epoch: [3][100/301]	Time  0.003 ( 0.006)	Loss 4.2912e-01 (3.7503e-01)	Acc pseudo  87.50 ( 88.43)	Lr 1.000e-03 (1.000e-03)
2025-12-25 08:02:41,636 - INFO: Epoch: [3][150/301]	Time  0.003 ( 0.005)	Loss 3.5436e-01 (3.7550e-01)	Acc pseudo  89.06 ( 88.43)	Lr 1.000e-03 (1.000e-03)
2025-12-25 08:02:41,797 - INFO: Epoch: [3][200/301]	Time  0.003 ( 0.005)	Loss 1.8904e-01 (3.7753e-01)	Acc pseudo  92.19 ( 88.31)	Lr 1.000e-03 (1.000e-03)
2025-12-25 08:02:41,971 - INFO: Epoch: [3][250/301]	Time  0.003 ( 0.004)	Loss 3.7629e-01 (3.7536e-01)	Acc pseudo  89.06 ( 88.31)	Lr 1.000e-03 (1.000e-03)
2025-12-25 08:02:42,128 - INFO: Epoch: [3][300/301]	Time  0.002 ( 0.004)	Loss 2.2517e-01 (3.7095e-01)	Acc pseudo  88.00 ( 88.38)	Lr 1.000e-03 (1.000e-03)
2025-12-25 08:02:42,208 - INFO: Round 6, Fine-tune Epoch 3: loss=0.3710, acc(pseudo)=88.38%
2025-12-25 08:02:49,126 - INFO: Round 6, Fine-tune Epoch 3: acc(valid_pseudo): 0.9579, acc: 0.8420
2025-12-25 08:02:49,126 - INFO: Round 6, Speaker Fine-tune Epoch 3: No improvement in validation accuracy. Patience(epoch): 2/3
2025-12-25 08:02:49,400 - INFO: Epoch: [4][  0/301]	Time  0.269 ( 0.269)	Loss 6.5006e-01 (6.5006e-01)	Acc pseudo  81.25 ( 81.25)	Lr 1.000e-03 (1.000e-03)
2025-12-25 08:02:49,732 - INFO: Epoch: [4][ 50/301]	Time  0.003 ( 0.012)	Loss 4.9487e-01 (3.7184e-01)	Acc pseudo  84.38 ( 88.79)	Lr 1.000e-03 (1.000e-03)
2025-12-25 08:02:49,902 - INFO: Epoch: [4][100/301]	Time  0.003 ( 0.008)	Loss 3.5743e-01 (3.6754e-01)	Acc pseudo  90.62 ( 88.61)	Lr 1.000e-03 (1.000e-03)
2025-12-25 08:02:50,070 - INFO: Epoch: [4][150/301]	Time  0.003 ( 0.006)	Loss 2.9989e-01 (3.7231e-01)	Acc pseudo  87.50 ( 88.62)	Lr 1.000e-03 (1.000e-03)
2025-12-25 08:02:50,227 - INFO: Epoch: [4][200/301]	Time  0.003 ( 0.005)	Loss 2.3950e-01 (3.6826e-01)	Acc pseudo  93.75 ( 88.65)	Lr 1.000e-03 (1.000e-03)
2025-12-25 08:02:50,389 - INFO: Epoch: [4][250/301]	Time  0.003 ( 0.005)	Loss 5.8976e-01 (3.7449e-01)	Acc pseudo  84.38 ( 88.34)	Lr 1.000e-03 (1.000e-03)
2025-12-25 08:02:50,541 - INFO: Epoch: [4][300/301]	Time  0.002 ( 0.005)	Loss 2.5024e-01 (3.7603e-01)	Acc pseudo  88.00 ( 88.27)	Lr 1.000e-03 (1.000e-03)
2025-12-25 08:02:50,617 - INFO: Round 6, Fine-tune Epoch 4: loss=0.3760, acc(pseudo)=88.27%
2025-12-25 08:02:59,186 - INFO: Round 6, Fine-tune Epoch 4: acc(valid_pseudo): 0.9649, acc: 0.8335
2025-12-25 08:03:04,156 - INFO: Epoch: [5][  0/301]	Time  0.279 ( 0.279)	Loss 3.9833e-01 (3.9833e-01)	Acc pseudo  89.06 ( 89.06)	Lr 1.000e-03 (1.000e-03)
2025-12-25 08:03:04,349 - INFO: Epoch: [5][ 50/301]	Time  0.003 ( 0.009)	Loss 2.3306e-01 (3.5168e-01)	Acc pseudo  93.75 ( 88.79)	Lr 1.000e-03 (1.000e-03)
2025-12-25 08:03:04,518 - INFO: Epoch: [5][100/301]	Time  0.003 ( 0.006)	Loss 7.5533e-01 (3.6111e-01)	Acc pseudo  75.00 ( 88.34)	Lr 1.000e-03 (1.000e-03)
2025-12-25 08:03:04,679 - INFO: Epoch: [5][150/301]	Time  0.003 ( 0.005)	Loss 4.5903e-01 (3.7013e-01)	Acc pseudo  85.94 ( 88.30)	Lr 1.000e-03 (1.000e-03)
2025-12-25 08:03:04,847 - INFO: Epoch: [5][200/301]	Time  0.003 ( 0.005)	Loss 2.0448e-01 (3.7359e-01)	Acc pseudo  92.19 ( 88.14)	Lr 1.000e-03 (1.000e-03)
2025-12-25 08:03:05,020 - INFO: Epoch: [5][250/301]	Time  0.003 ( 0.004)	Loss 7.5288e-01 (3.7929e-01)	Acc pseudo  82.81 ( 88.12)	Lr 1.000e-03 (1.000e-03)
2025-12-25 08:03:05,169 - INFO: Epoch: [5][300/301]	Time  0.002 ( 0.004)	Loss 5.4268e-01 (3.8782e-01)	Acc pseudo  88.00 ( 87.76)	Lr 1.000e-03 (1.000e-03)
2025-12-25 08:03:05,246 - INFO: Round 6, Fine-tune Epoch 5: loss=0.3878, acc(pseudo)=87.76%
2025-12-25 08:03:12,949 - INFO: Round 6, Fine-tune Epoch 5: acc(valid_pseudo): 0.9497, acc: 0.8205
2025-12-25 08:03:12,949 - INFO: Round 6, Speaker Fine-tune Epoch 5: No improvement in validation accuracy. Patience(epoch): 1/3
2025-12-25 08:03:13,477 - INFO: Epoch: [6][  0/301]	Time  0.519 ( 0.519)	Loss 5.6810e-01 (5.6810e-01)	Acc pseudo  81.25 ( 81.25)	Lr 1.000e-03 (1.000e-03)
2025-12-25 08:03:13,705 - INFO: Epoch: [6][ 50/301]	Time  0.004 ( 0.014)	Loss 3.1132e-01 (3.7649e-01)	Acc pseudo  87.50 ( 88.60)	Lr 1.000e-03 (1.000e-03)
2025-12-25 08:03:13,915 - INFO: Epoch: [6][100/301]	Time  0.004 ( 0.009)	Loss 2.5302e-01 (3.7245e-01)	Acc pseudo  92.19 ( 88.66)	Lr 1.000e-03 (1.000e-03)
2025-12-25 08:03:14,112 - INFO: Epoch: [6][150/301]	Time  0.004 ( 0.008)	Loss 1.5701e-01 (3.8105e-01)	Acc pseudo  93.75 ( 88.12)	Lr 1.000e-03 (1.000e-03)
2025-12-25 08:03:14,304 - INFO: Epoch: [6][200/301]	Time  0.004 ( 0.007)	Loss 1.8809e-01 (3.8396e-01)	Acc pseudo  93.75 ( 87.87)	Lr 1.000e-03 (1.000e-03)
2025-12-25 08:03:14,475 - INFO: Epoch: [6][250/301]	Time  0.003 ( 0.006)	Loss 3.5843e-01 (3.8920e-01)	Acc pseudo  89.06 ( 87.87)	Lr 1.000e-03 (1.000e-03)
2025-12-25 08:03:14,635 - INFO: Epoch: [6][300/301]	Time  0.002 ( 0.005)	Loss 1.8568e-01 (3.8979e-01)	Acc pseudo  88.00 ( 87.84)	Lr 1.000e-03 (1.000e-03)
2025-12-25 08:03:14,738 - INFO: Round 6, Fine-tune Epoch 6: loss=0.3898, acc(pseudo)=87.84%
2025-12-25 08:03:21,570 - INFO: Round 6, Fine-tune Epoch 6: acc(valid_pseudo): 0.9474, acc: 0.8290
2025-12-25 08:03:21,571 - INFO: Round 6, Speaker Fine-tune Epoch 6: No improvement in validation accuracy. Patience(epoch): 2/3
2025-12-25 08:03:21,857 - INFO: Epoch: [7][  0/301]	Time  0.281 ( 0.281)	Loss 4.8964e-01 (4.8964e-01)	Acc pseudo  82.81 ( 82.81)	Lr 1.000e-03 (1.000e-03)
2025-12-25 08:03:22,047 - INFO: Epoch: [7][ 50/301]	Time  0.003 ( 0.009)	Loss 3.8587e-01 (3.9698e-01)	Acc pseudo  84.38 ( 86.40)	Lr 1.000e-03 (1.000e-03)
2025-12-25 08:03:22,231 - INFO: Epoch: [7][100/301]	Time  0.004 ( 0.006)	Loss 2.9688e-01 (3.9243e-01)	Acc pseudo  89.06 ( 87.22)	Lr 1.000e-03 (1.000e-03)
2025-12-25 08:03:22,415 - INFO: Epoch: [7][150/301]	Time  0.003 ( 0.005)	Loss 4.1140e-01 (3.8951e-01)	Acc pseudo  85.94 ( 87.38)	Lr 1.000e-03 (1.000e-03)
2025-12-25 08:03:22,603 - INFO: Epoch: [7][200/301]	Time  0.004 ( 0.005)	Loss 2.8177e-01 (3.9540e-01)	Acc pseudo  95.31 ( 87.34)	Lr 1.000e-03 (1.000e-03)
2025-12-25 08:03:22,786 - INFO: Epoch: [7][250/301]	Time  0.004 ( 0.005)	Loss 3.9266e-01 (3.9853e-01)	Acc pseudo  85.94 ( 87.19)	Lr 1.000e-03 (1.000e-03)
2025-12-25 08:03:22,958 - INFO: Epoch: [7][300/301]	Time  0.002 ( 0.004)	Loss 1.8471e-01 (3.9985e-01)	Acc pseudo 100.00 ( 87.20)	Lr 1.000e-03 (1.000e-03)
2025-12-25 08:03:23,037 - INFO: Round 6, Fine-tune Epoch 7: loss=0.3999, acc(pseudo)=87.20%
2025-12-25 08:03:29,888 - INFO: Round 6, Fine-tune Epoch 7: acc(valid_pseudo): 0.9734, acc: 0.8450
2025-12-25 08:03:34,287 - INFO: Epoch: [8][  0/301]	Time  0.298 ( 0.298)	Loss 2.7289e-01 (2.7289e-01)	Acc pseudo  85.94 ( 85.94)	Lr 1.000e-03 (1.000e-03)
2025-12-25 08:03:34,507 - INFO: Epoch: [8][ 50/301]	Time  0.004 ( 0.010)	Loss 1.3685e-01 (3.4107e-01)	Acc pseudo  96.88 ( 88.73)	Lr 1.000e-03 (1.000e-03)
2025-12-25 08:03:34,709 - INFO: Epoch: [8][100/301]	Time  0.003 ( 0.007)	Loss 1.2268e+00 (3.6930e-01)	Acc pseudo  76.56 ( 88.37)	Lr 1.000e-03 (1.000e-03)
2025-12-25 08:03:34,871 - INFO: Epoch: [8][150/301]	Time  0.003 ( 0.006)	Loss 3.4053e-01 (3.7084e-01)	Acc pseudo  84.38 ( 88.15)	Lr 1.000e-03 (1.000e-03)
2025-12-25 08:03:35,036 - INFO: Epoch: [8][200/301]	Time  0.003 ( 0.005)	Loss 5.4321e-01 (3.7268e-01)	Acc pseudo  82.81 ( 88.11)	Lr 1.000e-03 (1.000e-03)
2025-12-25 08:03:35,192 - INFO: Epoch: [8][250/301]	Time  0.005 ( 0.005)	Loss 1.5030e-01 (3.7812e-01)	Acc pseudo  95.31 ( 87.95)	Lr 1.000e-03 (1.000e-03)
2025-12-25 08:03:35,341 - INFO: Epoch: [8][300/301]	Time  0.002 ( 0.004)	Loss 6.3321e-01 (3.8544e-01)	Acc pseudo  88.00 ( 87.82)	Lr 1.000e-03 (1.000e-03)
2025-12-25 08:03:35,423 - INFO: Round 6, Fine-tune Epoch 8: loss=0.3854, acc(pseudo)=87.82%
2025-12-25 08:03:42,554 - INFO: Round 6, Fine-tune Epoch 8: acc(valid_pseudo): 0.9602, acc: 0.8470
2025-12-25 08:03:42,554 - INFO: Round 6, Speaker Fine-tune Epoch 8: No improvement in validation accuracy. Patience(epoch): 1/3
2025-12-25 08:03:42,831 - INFO: Epoch: [9][  0/301]	Time  0.271 ( 0.271)	Loss 4.7059e-01 (4.7059e-01)	Acc pseudo  81.25 ( 81.25)	Lr 1.000e-03 (1.000e-03)
2025-12-25 08:03:43,014 - INFO: Epoch: [9][ 50/301]	Time  0.003 ( 0.009)	Loss 2.4837e-01 (3.4918e-01)	Acc pseudo  89.06 ( 88.33)	Lr 1.000e-03 (1.000e-03)
2025-12-25 08:03:43,178 - INFO: Epoch: [9][100/301]	Time  0.003 ( 0.006)	Loss 1.4500e-01 (3.5683e-01)	Acc pseudo  95.31 ( 88.00)	Lr 1.000e-03 (1.000e-03)
2025-12-25 08:03:43,336 - INFO: Epoch: [9][150/301]	Time  0.003 ( 0.005)	Loss 1.5368e-01 (3.6519e-01)	Acc pseudo  98.44 ( 88.01)	Lr 1.000e-03 (1.000e-03)
2025-12-25 08:03:43,492 - INFO: Epoch: [9][200/301]	Time  0.003 ( 0.005)	Loss 3.2476e-01 (3.7764e-01)	Acc pseudo  89.06 ( 87.74)	Lr 1.000e-03 (1.000e-03)
2025-12-25 08:03:43,653 - INFO: Epoch: [9][250/301]	Time  0.003 ( 0.004)	Loss 2.3395e-01 (3.7964e-01)	Acc pseudo  89.06 ( 87.80)	Lr 1.000e-03 (1.000e-03)
2025-12-25 08:03:43,805 - INFO: Epoch: [9][300/301]	Time  0.002 ( 0.004)	Loss 2.3502e-01 (3.8499e-01)	Acc pseudo  92.00 ( 87.69)	Lr 1.000e-03 (1.000e-03)
2025-12-25 08:03:43,879 - INFO: Round 6, Fine-tune Epoch 9: loss=0.3850, acc(pseudo)=87.69%
2025-12-25 08:03:50,753 - INFO: Round 6, Fine-tune Epoch 9: acc(valid_pseudo): 0.9359, acc: 0.7965
2025-12-25 08:03:50,754 - INFO: Round 6, Speaker Fine-tune Epoch 9: No improvement in validation accuracy. Patience(epoch): 2/3
2025-12-25 08:03:51,044 - INFO: Epoch: [10][  0/301]	Time  0.285 ( 0.285)	Loss 4.1686e-01 (4.1686e-01)	Acc pseudo  78.12 ( 78.12)	Lr 1.000e-03 (1.000e-03)
2025-12-25 08:03:51,225 - INFO: Epoch: [10][ 50/301]	Time  0.003 ( 0.009)	Loss 3.1305e-01 (3.7866e-01)	Acc pseudo  92.19 ( 87.78)	Lr 1.000e-03 (1.000e-03)
2025-12-25 08:03:51,387 - INFO: Epoch: [10][100/301]	Time  0.003 ( 0.006)	Loss 5.3007e-01 (3.7175e-01)	Acc pseudo  85.94 ( 88.34)	Lr 1.000e-03 (1.000e-03)
2025-12-25 08:03:51,551 - INFO: Epoch: [10][150/301]	Time  0.003 ( 0.005)	Loss 4.4101e-01 (3.7037e-01)	Acc pseudo  90.62 ( 88.19)	Lr 1.000e-03 (1.000e-03)
2025-12-25 08:03:51,709 - INFO: Epoch: [10][200/301]	Time  0.003 ( 0.005)	Loss 2.7850e-01 (3.6890e-01)	Acc pseudo  85.94 ( 88.27)	Lr 1.000e-03 (1.000e-03)
2025-12-25 08:03:51,867 - INFO: Epoch: [10][250/301]	Time  0.003 ( 0.004)	Loss 3.1359e-01 (3.5883e-01)	Acc pseudo  93.75 ( 88.44)	Lr 1.000e-03 (1.000e-03)
2025-12-25 08:03:52,022 - INFO: Epoch: [10][300/301]	Time  0.002 ( 0.004)	Loss 3.6873e-01 (3.6260e-01)	Acc pseudo  84.00 ( 88.33)	Lr 1.000e-03 (1.000e-03)
2025-12-25 08:03:52,099 - INFO: Round 6, Fine-tune Epoch 10: loss=0.3626, acc(pseudo)=88.33%
2025-12-25 08:03:58,876 - INFO: Round 6, Fine-tune Epoch 10: acc(valid_pseudo): 0.9690, acc: 0.8445
2025-12-25 08:03:58,876 - INFO: Round 6, Speaker Fine-tune Epoch 10: No improvement in validation accuracy. Patience(epoch): 3/3
2025-12-25 08:03:58,876 - INFO: Early stopping at epoch 10 due to no improvement in validation accuracy for 3 epochs.
2025-12-25 08:03:58,877 - INFO: Round 6: Best speaker fine-tuned epoch=7, acc(valid_pseudo)=0.9734
2025-12-25 08:03:58,882 - INFO: Fine-tuning face embedding model for 20 epochs...
2025-12-25 08:03:59,895 - INFO: Epoch: [0][  0/433]	Time  0.996 ( 0.996)	Loss 2.0088e-04 (2.0088e-04)	Acc pseudo 100.00 (100.00)	Lr 1.000e-03 (1.000e-03)
2025-12-25 08:04:04,569 - INFO: Epoch: [0][ 50/433]	Time  0.031 ( 0.052)	Loss 2.0458e-01 (5.6608e-02)	Acc pseudo  96.88 ( 98.90)	Lr 1.000e-03 (1.000e-03)
2025-12-25 08:04:09,237 - INFO: Epoch: [0][100/433]	Time  0.029 ( 0.041)	Loss 3.1653e-02 (7.9267e-02)	Acc pseudo 100.00 ( 98.42)	Lr 1.000e-03 (1.000e-03)
2025-12-25 08:04:13,964 - INFO: Epoch: [0][150/433]	Time  0.030 ( 0.038)	Loss 1.2267e-01 (8.8096e-02)	Acc pseudo  96.88 ( 98.12)	Lr 1.000e-03 (1.000e-03)
2025-12-25 08:04:18,717 - INFO: Epoch: [0][200/433]	Time  0.030 ( 0.036)	Loss 6.8943e-02 (8.8436e-02)	Acc pseudo  96.88 ( 98.10)	Lr 1.000e-03 (1.000e-03)
2025-12-25 08:04:23,411 - INFO: Epoch: [0][250/433]	Time  0.029 ( 0.035)	Loss 6.6925e-02 (8.8403e-02)	Acc pseudo  96.88 ( 98.05)	Lr 1.000e-03 (1.000e-03)
2025-12-25 08:04:28,110 - INFO: Epoch: [0][300/433]	Time  0.030 ( 0.034)	Loss 2.8012e-02 (9.2968e-02)	Acc pseudo  98.44 ( 98.00)	Lr 1.000e-03 (1.000e-03)
2025-12-25 08:04:32,813 - INFO: Epoch: [0][350/433]	Time  0.029 ( 0.033)	Loss 9.6412e-02 (9.1587e-02)	Acc pseudo  96.88 ( 97.94)	Lr 1.000e-03 (1.000e-03)
2025-12-25 08:04:37,521 - INFO: Epoch: [0][400/433]	Time  0.031 ( 0.033)	Loss 8.8262e-02 (9.1475e-02)	Acc pseudo  98.44 ( 97.92)	Lr 1.000e-03 (1.000e-03)
2025-12-25 08:04:40,608 - INFO: Round 6, Face Fine-tune Epoch 0: loss=0.0900, acc(pseudo)=97.91%
2025-12-25 08:05:43,824 - INFO: Round 6, Face Fine-tune Epoch 0: acc(valid_pseudo): 0.9731, acc: 0.8306
2025-12-25 08:05:44,707 - INFO: Epoch: [1][  0/433]	Time  0.608 ( 0.608)	Loss 9.3522e-02 (9.3522e-02)	Acc pseudo  96.88 ( 96.88)	Lr 1.000e-03 (1.000e-03)
2025-12-25 08:05:49,429 - INFO: Epoch: [1][ 50/433]	Time  0.029 ( 0.046)	Loss 7.0357e-02 (5.0158e-02)	Acc pseudo  95.31 ( 98.28)	Lr 1.000e-03 (1.000e-03)
2025-12-25 08:05:54,155 - INFO: Epoch: [1][100/433]	Time  0.030 ( 0.038)	Loss 7.4619e-02 (5.3625e-02)	Acc pseudo  95.31 ( 98.25)	Lr 1.000e-03 (1.000e-03)
2025-12-25 08:05:58,877 - INFO: Epoch: [1][150/433]	Time  0.029 ( 0.037)	Loss 2.2163e-02 (6.1326e-02)	Acc pseudo  98.44 ( 98.28)	Lr 1.000e-03 (1.000e-03)
2025-12-25 08:06:03,605 - INFO: Epoch: [1][200/433]	Time  0.029 ( 0.036)	Loss 3.4577e-02 (6.2237e-02)	Acc pseudo  98.44 ( 98.27)	Lr 1.000e-03 (1.000e-03)
2025-12-25 08:06:08,331 - INFO: Epoch: [1][250/433]	Time  0.029 ( 0.034)	Loss 6.0831e-03 (7.0349e-02)	Acc pseudo 100.00 ( 98.14)	Lr 1.000e-03 (1.000e-03)
2025-12-25 08:06:13,057 - INFO: Epoch: [1][300/433]	Time  0.029 ( 0.033)	Loss 1.1010e-01 (7.4280e-02)	Acc pseudo  96.88 ( 98.03)	Lr 1.000e-03 (1.000e-03)
2025-12-25 08:06:17,785 - INFO: Epoch: [1][350/433]	Time  0.033 ( 0.033)	Loss 1.5540e-01 (7.4118e-02)	Acc pseudo  96.88 ( 97.98)	Lr 1.000e-03 (1.000e-03)
2025-12-25 08:06:22,512 - INFO: Epoch: [1][400/433]	Time  0.029 ( 0.033)	Loss 2.6557e-02 (7.5640e-02)	Acc pseudo  98.44 ( 97.95)	Lr 1.000e-03 (1.000e-03)
2025-12-25 08:06:25,628 - INFO: Round 6, Face Fine-tune Epoch 1: loss=0.0747, acc(pseudo)=97.97%
2025-12-25 08:07:27,434 - INFO: Round 6, Face Fine-tune Epoch 1: acc(valid_pseudo): 0.9722, acc: 0.8315
2025-12-25 08:07:27,434 - INFO: Round 6, Face Fine-tune Epoch 1: No improvement. Patience(epoch): 1/3
2025-12-25 08:07:28,000 - INFO: Epoch: [2][  0/433]	Time  0.520 ( 0.520)	Loss 4.4124e-02 (4.4124e-02)	Acc pseudo  96.88 ( 96.88)	Lr 1.000e-03 (1.000e-03)
2025-12-25 08:07:32,732 - INFO: Epoch: [2][ 50/433]	Time  0.029 ( 0.042)	Loss 2.1307e-02 (5.4249e-02)	Acc pseudo 100.00 ( 98.07)	Lr 1.000e-03 (1.000e-03)
2025-12-25 08:07:37,465 - INFO: Epoch: [2][100/433]	Time  0.029 ( 0.035)	Loss 6.1144e-02 (5.0150e-02)	Acc pseudo  95.31 ( 98.24)	Lr 1.000e-03 (1.000e-03)
2025-12-25 08:07:42,201 - INFO: Epoch: [2][150/433]	Time  0.029 ( 0.033)	Loss 9.5092e-02 (5.2351e-02)	Acc pseudo  98.44 ( 98.23)	Lr 1.000e-03 (1.000e-03)
2025-12-25 08:07:46,938 - INFO: Epoch: [2][200/433]	Time  0.029 ( 0.032)	Loss 5.1646e-02 (5.3817e-02)	Acc pseudo  96.88 ( 98.14)	Lr 1.000e-03 (1.000e-03)
2025-12-25 08:07:51,679 - INFO: Epoch: [2][250/433]	Time  0.042 ( 0.032)	Loss 1.6413e-03 (5.6911e-02)	Acc pseudo 100.00 ( 98.13)	Lr 1.000e-03 (1.000e-03)
2025-12-25 08:07:56,646 - INFO: Epoch: [2][300/433]	Time  0.030 ( 0.033)	Loss 4.4955e-02 (5.7247e-02)	Acc pseudo  96.88 ( 98.15)	Lr 1.000e-03 (1.000e-03)
2025-12-25 08:08:01,388 - INFO: Epoch: [2][350/433]	Time  0.029 ( 0.033)	Loss 4.3639e-02 (5.7242e-02)	Acc pseudo  96.88 ( 98.19)	Lr 1.000e-03 (1.000e-03)
2025-12-25 08:08:06,137 - INFO: Epoch: [2][400/433]	Time  0.029 ( 0.033)	Loss 3.9488e-02 (5.6335e-02)	Acc pseudo  98.44 ( 98.23)	Lr 1.000e-03 (1.000e-03)
2025-12-25 08:08:09,308 - INFO: Round 6, Face Fine-tune Epoch 2: loss=0.0557, acc(pseudo)=98.23%
2025-12-25 08:09:12,214 - INFO: Round 6, Face Fine-tune Epoch 2: acc(valid_pseudo): 0.9737, acc: 0.8257
2025-12-25 08:09:12,214 - INFO: Round 6, Face Fine-tune Epoch 2: No improvement. Patience(epoch): 2/3
2025-12-25 08:09:12,778 - INFO: Epoch: [3][  0/433]	Time  0.515 ( 0.515)	Loss 6.1632e-02 (6.1632e-02)	Acc pseudo  98.44 ( 98.44)	Lr 1.000e-03 (1.000e-03)
2025-12-25 08:09:17,512 - INFO: Epoch: [3][ 50/433]	Time  0.031 ( 0.043)	Loss 9.2652e-03 (3.7777e-02)	Acc pseudo 100.00 ( 98.47)	Lr 1.000e-03 (1.000e-03)
2025-12-25 08:09:22,246 - INFO: Epoch: [3][100/433]	Time  0.030 ( 0.037)	Loss 4.8521e-02 (4.9568e-02)	Acc pseudo  98.44 ( 98.30)	Lr 1.000e-03 (1.000e-03)
2025-12-25 08:09:26,985 - INFO: Epoch: [3][150/433]	Time  0.030 ( 0.035)	Loss 4.8220e-02 (5.4047e-02)	Acc pseudo  98.44 ( 98.32)	Lr 1.000e-03 (1.000e-03)
2025-12-25 08:09:31,727 - INFO: Epoch: [3][200/433]	Time  0.031 ( 0.034)	Loss 2.9901e-02 (5.4216e-02)	Acc pseudo  96.88 ( 98.20)	Lr 1.000e-03 (1.000e-03)
2025-12-25 08:09:36,471 - INFO: Epoch: [3][250/433]	Time  0.031 ( 0.033)	Loss 3.6238e-03 (5.3532e-02)	Acc pseudo 100.00 ( 98.28)	Lr 1.000e-03 (1.000e-03)
2025-12-25 08:09:41,214 - INFO: Epoch: [3][300/433]	Time  0.031 ( 0.033)	Loss 1.6382e-01 (5.4478e-02)	Acc pseudo  98.44 ( 98.28)	Lr 1.000e-03 (1.000e-03)
2025-12-25 08:09:45,960 - INFO: Epoch: [3][350/433]	Time  0.030 ( 0.032)	Loss 2.6849e-01 (5.6622e-02)	Acc pseudo  95.31 ( 98.22)	Lr 1.000e-03 (1.000e-03)
2025-12-25 08:09:50,708 - INFO: Epoch: [3][400/433]	Time  0.031 ( 0.032)	Loss 7.6858e-02 (5.9225e-02)	Acc pseudo  95.31 ( 98.20)	Lr 1.000e-03 (1.000e-03)
2025-12-25 08:09:53,821 - INFO: Round 6, Face Fine-tune Epoch 3: loss=0.0598, acc(pseudo)=98.19%
2025-12-25 08:10:56,930 - INFO: Round 6, Face Fine-tune Epoch 3: acc(valid_pseudo): 0.9733, acc: 0.8218
2025-12-25 08:10:56,931 - INFO: Round 6, Face Fine-tune Epoch 3: No improvement. Patience(epoch): 3/3
2025-12-25 08:10:56,931 - INFO: Early stopping at face epoch 3
2025-12-25 08:10:56,932 - INFO: Round 6: Best face fine-tuned epoch=0, acc(valid_pseudo)=0.9731
2025-12-25 08:10:56,994 - INFO: Using HMM model from previous round: runs/I love my family/exp_video/result/self_supervised/exp0/round5/pseudo_label/hmm_params.pkl
2025-12-25 08:57:54,218 - INFO: Round 6: speaker_acc=0.8565
2025-12-25 08:57:54,221 - INFO: Round 6: face_acc=0.8306
2025-12-25 08:57:54,223 - INFO: ====================
2025-12-25 08:57:54,223 - INFO: Round 7: Fine-tuning iteration
2025-12-25 08:57:54,223 - INFO: ====================
2025-12-25 08:57:54,276 - INFO: Round 7 Part 1: Fine-tuning embedding model
2025-12-25 08:57:54,277 - INFO: Using pseudo-label file: runs/I love my family/exp_video/result/self_supervised/exp0/round6/pseudo_label/pseudo_labels_audio_nested_hmm_full(unreliable_pp=100.0).json
2025-12-25 08:57:54,306 - INFO: For training, Using face pseudo-label file: runs/I love my family/exp_video/result/self_supervised/exp0/round6/pseudo_label/pseudo_labels_faces_mid_frame_train_nested_hmm_full.json
2025-12-25 08:57:54,306 - INFO: For infering, Using face pseudo-label file: runs/I love my family/exp_video/result/self_supervised/exp0/round6/pseudo_label/pseudo_labels_faces_mid_frame_all_nested_hmm_full.json
2025-12-25 08:57:54,416 - INFO: Created face dataloader with 27670 samples
2025-12-25 08:57:54,430 - INFO: Fine-tuning speaker embedding model for 20 epochs...
2025-12-25 08:57:54,971 - INFO: Epoch: [0][  0/301]	Time  0.537 ( 0.537)	Loss 4.4185e-01 (4.4185e-01)	Acc pseudo  85.94 ( 85.94)	Lr 1.000e-03 (1.000e-03)
2025-12-25 08:57:55,185 - INFO: Epoch: [0][ 50/301]	Time  0.004 ( 0.015)	Loss 2.6809e-01 (3.7050e-01)	Acc pseudo  87.50 ( 89.55)	Lr 1.000e-03 (1.000e-03)
2025-12-25 08:57:55,388 - INFO: Epoch: [0][100/301]	Time  0.003 ( 0.009)	Loss 3.3555e-01 (3.9187e-01)	Acc pseudo  92.19 ( 88.95)	Lr 1.000e-03 (1.000e-03)
2025-12-25 08:57:55,552 - INFO: Epoch: [0][150/301]	Time  0.003 ( 0.007)	Loss 2.7504e-01 (3.8986e-01)	Acc pseudo  87.50 ( 88.72)	Lr 1.000e-03 (1.000e-03)
2025-12-25 08:57:55,711 - INFO: Epoch: [0][200/301]	Time  0.004 ( 0.006)	Loss 3.3454e-01 (3.8676e-01)	Acc pseudo  93.75 ( 88.80)	Lr 1.000e-03 (1.000e-03)
2025-12-25 08:57:55,866 - INFO: Epoch: [0][250/301]	Time  0.003 ( 0.006)	Loss 3.8898e-01 (3.9239e-01)	Acc pseudo  89.06 ( 88.58)	Lr 1.000e-03 (1.000e-03)
2025-12-25 08:57:56,017 - INFO: Epoch: [0][300/301]	Time  0.002 ( 0.005)	Loss 1.7675e-01 (3.8278e-01)	Acc pseudo  80.00 ( 88.76)	Lr 1.000e-03 (1.000e-03)
2025-12-25 08:57:56,103 - INFO: Round 7, Fine-tune Epoch 0: loss=0.3828, acc(pseudo)=88.76%
2025-12-25 08:58:03,463 - INFO: Round 7, Fine-tune Epoch 0: acc(valid_pseudo): 0.9643, acc: 0.8370
2025-12-25 08:58:08,372 - INFO: Epoch: [1][  0/301]	Time  0.333 ( 0.333)	Loss 3.2842e-01 (3.2842e-01)	Acc pseudo  87.50 ( 87.50)	Lr 1.000e-03 (1.000e-03)
2025-12-25 08:58:08,569 - INFO: Epoch: [1][ 50/301]	Time  0.004 ( 0.010)	Loss 6.5785e-01 (3.1769e-01)	Acc pseudo  92.19 ( 89.83)	Lr 1.000e-03 (1.000e-03)
2025-12-25 08:58:08,744 - INFO: Epoch: [1][100/301]	Time  0.004 ( 0.007)	Loss 3.1466e-01 (3.4600e-01)	Acc pseudo  93.75 ( 89.33)	Lr 1.000e-03 (1.000e-03)
2025-12-25 08:58:08,912 - INFO: Epoch: [1][150/301]	Time  0.003 ( 0.006)	Loss 2.4891e-01 (3.3814e-01)	Acc pseudo  89.06 ( 89.47)	Lr 1.000e-03 (1.000e-03)
2025-12-25 08:58:09,093 - INFO: Epoch: [1][200/301]	Time  0.003 ( 0.005)	Loss 2.9091e-01 (3.3908e-01)	Acc pseudo  90.62 ( 89.52)	Lr 1.000e-03 (1.000e-03)
2025-12-25 08:58:09,268 - INFO: Epoch: [1][250/301]	Time  0.003 ( 0.005)	Loss 3.1251e-01 (3.4077e-01)	Acc pseudo  92.19 ( 89.20)	Lr 1.000e-03 (1.000e-03)
2025-12-25 08:58:09,437 - INFO: Epoch: [1][300/301]	Time  0.002 ( 0.005)	Loss 1.0562e-01 (3.4438e-01)	Acc pseudo  96.00 ( 89.16)	Lr 1.000e-03 (1.000e-03)
2025-12-25 08:58:09,514 - INFO: Round 7, Fine-tune Epoch 1: loss=0.3444, acc(pseudo)=89.16%
2025-12-25 08:58:16,240 - INFO: Round 7, Fine-tune Epoch 1: acc(valid_pseudo): 0.9652, acc: 0.8395
2025-12-25 08:58:20,567 - INFO: Epoch: [2][  0/301]	Time  0.284 ( 0.284)	Loss 4.4734e-01 (4.4734e-01)	Acc pseudo  90.62 ( 90.62)	Lr 1.000e-03 (1.000e-03)
2025-12-25 08:58:20,774 - INFO: Epoch: [2][ 50/301]	Time  0.008 ( 0.010)	Loss 2.6964e-01 (3.3235e-01)	Acc pseudo  92.19 ( 88.85)	Lr 1.000e-03 (1.000e-03)
2025-12-25 08:58:20,946 - INFO: Epoch: [2][100/301]	Time  0.003 ( 0.006)	Loss 4.8153e-01 (3.1812e-01)	Acc pseudo  84.38 ( 89.54)	Lr 1.000e-03 (1.000e-03)
2025-12-25 08:58:21,121 - INFO: Epoch: [2][150/301]	Time  0.003 ( 0.005)	Loss 2.0642e-01 (3.1673e-01)	Acc pseudo  93.75 ( 89.47)	Lr 1.000e-03 (1.000e-03)
2025-12-25 08:58:21,286 - INFO: Epoch: [2][200/301]	Time  0.004 ( 0.005)	Loss 3.3197e-01 (3.1955e-01)	Acc pseudo  90.62 ( 89.74)	Lr 1.000e-03 (1.000e-03)
2025-12-25 08:58:21,459 - INFO: Epoch: [2][250/301]	Time  0.003 ( 0.005)	Loss 2.2574e-01 (3.2708e-01)	Acc pseudo  87.50 ( 89.49)	Lr 1.000e-03 (1.000e-03)
2025-12-25 08:58:21,622 - INFO: Epoch: [2][300/301]	Time  0.002 ( 0.004)	Loss 2.0116e-01 (3.3045e-01)	Acc pseudo  92.00 ( 89.47)	Lr 1.000e-03 (1.000e-03)
2025-12-25 08:58:21,698 - INFO: Round 7, Fine-tune Epoch 2: loss=0.3304, acc(pseudo)=89.47%
2025-12-25 08:58:30,052 - INFO: Round 7, Fine-tune Epoch 2: acc(valid_pseudo): 0.9661, acc: 0.8485
2025-12-25 08:58:34,419 - INFO: Epoch: [3][  0/301]	Time  0.283 ( 0.283)	Loss 2.7316e-01 (2.7316e-01)	Acc pseudo  89.06 ( 89.06)	Lr 1.000e-03 (1.000e-03)
2025-12-25 08:58:34,622 - INFO: Epoch: [3][ 50/301]	Time  0.004 ( 0.009)	Loss 3.2205e-01 (2.8805e-01)	Acc pseudo  87.50 ( 90.10)	Lr 1.000e-03 (1.000e-03)
2025-12-25 08:58:34,800 - INFO: Epoch: [3][100/301]	Time  0.003 ( 0.006)	Loss 5.1258e-01 (3.0517e-01)	Acc pseudo  85.94 ( 89.90)	Lr 1.000e-03 (1.000e-03)
2025-12-25 08:58:34,966 - INFO: Epoch: [3][150/301]	Time  0.003 ( 0.005)	Loss 2.9866e-01 (3.1901e-01)	Acc pseudo  89.06 ( 89.60)	Lr 1.000e-03 (1.000e-03)
2025-12-25 08:58:35,137 - INFO: Epoch: [3][200/301]	Time  0.003 ( 0.005)	Loss 1.6593e-01 (3.1515e-01)	Acc pseudo  92.19 ( 89.61)	Lr 1.000e-03 (1.000e-03)
2025-12-25 08:58:35,305 - INFO: Epoch: [3][250/301]	Time  0.003 ( 0.005)	Loss 2.4920e-01 (3.1859e-01)	Acc pseudo  89.06 ( 89.52)	Lr 1.000e-03 (1.000e-03)
2025-12-25 08:58:35,464 - INFO: Epoch: [3][300/301]	Time  0.002 ( 0.004)	Loss 3.4296e-01 (3.1904e-01)	Acc pseudo  84.00 ( 89.46)	Lr 1.000e-03 (1.000e-03)
2025-12-25 08:58:35,545 - INFO: Round 7, Fine-tune Epoch 3: loss=0.3190, acc(pseudo)=89.46%
2025-12-25 08:58:42,591 - INFO: Round 7, Fine-tune Epoch 3: acc(valid_pseudo): 0.9705, acc: 0.8435
2025-12-25 08:58:50,283 - INFO: Epoch: [4][  0/301]	Time  0.505 ( 0.505)	Loss 7.0588e-01 (7.0588e-01)	Acc pseudo  81.25 ( 81.25)	Lr 1.000e-03 (1.000e-03)
2025-12-25 08:58:50,530 - INFO: Epoch: [4][ 50/301]	Time  0.005 ( 0.015)	Loss 2.1507e-01 (3.2700e-01)	Acc pseudo  93.75 ( 89.98)	Lr 1.000e-03 (1.000e-03)
2025-12-25 08:58:50,754 - INFO: Epoch: [4][100/301]	Time  0.004 ( 0.010)	Loss 2.2670e-01 (3.2663e-01)	Acc pseudo  90.62 ( 89.57)	Lr 1.000e-03 (1.000e-03)
2025-12-25 08:58:50,973 - INFO: Epoch: [4][150/301]	Time  0.004 ( 0.008)	Loss 2.2595e-01 (3.1759e-01)	Acc pseudo  89.06 ( 89.91)	Lr 1.000e-03 (1.000e-03)
2025-12-25 08:58:51,153 - INFO: Epoch: [4][200/301]	Time  0.003 ( 0.007)	Loss 3.1029e-01 (3.0971e-01)	Acc pseudo  87.50 ( 90.01)	Lr 1.000e-03 (1.000e-03)
2025-12-25 08:58:51,322 - INFO: Epoch: [4][250/301]	Time  0.004 ( 0.006)	Loss 3.2237e-01 (3.1376e-01)	Acc pseudo  92.19 ( 89.93)	Lr 1.000e-03 (1.000e-03)
2025-12-25 08:58:51,479 - INFO: Epoch: [4][300/301]	Time  0.002 ( 0.006)	Loss 3.6383e-01 (3.1662e-01)	Acc pseudo  84.00 ( 89.77)	Lr 1.000e-03 (1.000e-03)
2025-12-25 08:58:51,567 - INFO: Round 7, Fine-tune Epoch 4: loss=0.3166, acc(pseudo)=89.77%
2025-12-25 08:59:00,498 - INFO: Round 7, Fine-tune Epoch 4: acc(valid_pseudo): 0.9441, acc: 0.8215
2025-12-25 08:59:00,498 - INFO: Round 7, Speaker Fine-tune Epoch 4: No improvement in validation accuracy. Patience(epoch): 1/3
2025-12-25 08:59:00,778 - INFO: Epoch: [5][  0/301]	Time  0.274 ( 0.274)	Loss 3.6815e-01 (3.6815e-01)	Acc pseudo  87.50 ( 87.50)	Lr 1.000e-03 (1.000e-03)
2025-12-25 08:59:00,975 - INFO: Epoch: [5][ 50/301]	Time  0.003 ( 0.009)	Loss 1.7129e-01 (2.9383e-01)	Acc pseudo  95.31 ( 90.01)	Lr 1.000e-03 (1.000e-03)
2025-12-25 08:59:01,150 - INFO: Epoch: [5][100/301]	Time  0.004 ( 0.006)	Loss 5.0835e-01 (3.0540e-01)	Acc pseudo  82.81 ( 89.56)	Lr 1.000e-03 (1.000e-03)
2025-12-25 08:59:01,314 - INFO: Epoch: [5][150/301]	Time  0.003 ( 0.005)	Loss 2.7641e-01 (3.1190e-01)	Acc pseudo  90.62 ( 89.67)	Lr 1.000e-03 (1.000e-03)
2025-12-25 08:59:01,496 - INFO: Epoch: [5][200/301]	Time  0.004 ( 0.005)	Loss 2.1909e-01 (3.1805e-01)	Acc pseudo  93.75 ( 89.61)	Lr 1.000e-03 (1.000e-03)
2025-12-25 08:59:01,661 - INFO: Epoch: [5][250/301]	Time  0.003 ( 0.005)	Loss 3.1248e-01 (3.2242e-01)	Acc pseudo  87.50 ( 89.59)	Lr 1.000e-03 (1.000e-03)
2025-12-25 08:59:01,828 - INFO: Epoch: [5][300/301]	Time  0.002 ( 0.004)	Loss 4.0862e-01 (3.3350e-01)	Acc pseudo  84.00 ( 89.26)	Lr 1.000e-03 (1.000e-03)
2025-12-25 08:59:01,908 - INFO: Round 7, Fine-tune Epoch 5: loss=0.3335, acc(pseudo)=89.26%
2025-12-25 08:59:09,035 - INFO: Round 7, Fine-tune Epoch 5: acc(valid_pseudo): 0.9631, acc: 0.8350
2025-12-25 08:59:09,036 - INFO: Round 7, Speaker Fine-tune Epoch 5: No improvement in validation accuracy. Patience(epoch): 2/3
2025-12-25 08:59:09,336 - INFO: Epoch: [6][  0/301]	Time  0.296 ( 0.296)	Loss 5.7414e-01 (5.7414e-01)	Acc pseudo  90.62 ( 90.62)	Lr 1.000e-03 (1.000e-03)
2025-12-25 08:59:10,046 - INFO: Epoch: [6][ 50/301]	Time  0.003 ( 0.020)	Loss 1.8452e-01 (3.2700e-01)	Acc pseudo  93.75 ( 89.22)	Lr 1.000e-03 (1.000e-03)
2025-12-25 08:59:10,225 - INFO: Epoch: [6][100/301]	Time  0.003 ( 0.012)	Loss 2.9741e-01 (3.1244e-01)	Acc pseudo  89.06 ( 89.81)	Lr 1.000e-03 (1.000e-03)
2025-12-25 08:59:10,390 - INFO: Epoch: [6][150/301]	Time  0.003 ( 0.009)	Loss 1.4277e-01 (3.2963e-01)	Acc pseudo  96.88 ( 89.30)	Lr 1.000e-03 (1.000e-03)
2025-12-25 08:59:10,567 - INFO: Epoch: [6][200/301]	Time  0.003 ( 0.008)	Loss 2.3564e-01 (3.2715e-01)	Acc pseudo  92.19 ( 89.21)	Lr 1.000e-03 (1.000e-03)
2025-12-25 08:59:10,747 - INFO: Epoch: [6][250/301]	Time  0.003 ( 0.007)	Loss 3.0984e-01 (3.3596e-01)	Acc pseudo  90.62 ( 89.20)	Lr 1.000e-03 (1.000e-03)
2025-12-25 08:59:10,909 - INFO: Epoch: [6][300/301]	Time  0.006 ( 0.006)	Loss 2.1305e-01 (3.3512e-01)	Acc pseudo  92.00 ( 89.21)	Lr 1.000e-03 (1.000e-03)
2025-12-25 08:59:10,986 - INFO: Round 7, Fine-tune Epoch 6: loss=0.3351, acc(pseudo)=89.21%
2025-12-25 08:59:18,207 - INFO: Round 7, Fine-tune Epoch 6: acc(valid_pseudo): 0.9620, acc: 0.8275
2025-12-25 08:59:18,207 - INFO: Round 7, Speaker Fine-tune Epoch 6: No improvement in validation accuracy. Patience(epoch): 3/3
2025-12-25 08:59:18,207 - INFO: Early stopping at epoch 6 due to no improvement in validation accuracy for 3 epochs.
2025-12-25 08:59:18,208 - INFO: Round 7: Best speaker fine-tuned epoch=3, acc(valid_pseudo)=0.9705
2025-12-25 08:59:18,213 - INFO: Fine-tuning face embedding model for 20 epochs...
2025-12-25 08:59:19,046 - INFO: Epoch: [0][  0/433]	Time  0.779 ( 0.779)	Loss 2.7926e-04 (2.7926e-04)	Acc pseudo 100.00 (100.00)	Lr 1.000e-03 (1.000e-03)
2025-12-25 08:59:23,720 - INFO: Epoch: [0][ 50/433]	Time  0.031 ( 0.048)	Loss 5.6077e-01 (9.6401e-02)	Acc pseudo  96.88 ( 98.56)	Lr 1.000e-03 (1.000e-03)
2025-12-25 08:59:28,396 - INFO: Epoch: [0][100/433]	Time  0.031 ( 0.039)	Loss 1.2449e-01 (1.1337e-01)	Acc pseudo  96.88 ( 98.31)	Lr 1.000e-03 (1.000e-03)
2025-12-25 08:59:33,082 - INFO: Epoch: [0][150/433]	Time  0.029 ( 0.036)	Loss 6.4282e-02 (1.0386e-01)	Acc pseudo  95.31 ( 98.19)	Lr 1.000e-03 (1.000e-03)
2025-12-25 08:59:37,777 - INFO: Epoch: [0][200/433]	Time  0.030 ( 0.035)	Loss 1.1764e-01 (1.0109e-01)	Acc pseudo  98.44 ( 98.19)	Lr 1.000e-03 (1.000e-03)
2025-12-25 08:59:42,470 - INFO: Epoch: [0][250/433]	Time  0.030 ( 0.034)	Loss 2.2759e-01 (9.7842e-02)	Acc pseudo  96.88 ( 98.18)	Lr 1.000e-03 (1.000e-03)
2025-12-25 08:59:47,166 - INFO: Epoch: [0][300/433]	Time  0.032 ( 0.033)	Loss 2.1418e-02 (9.7636e-02)	Acc pseudo  98.44 ( 98.03)	Lr 1.000e-03 (1.000e-03)
2025-12-25 08:59:51,866 - INFO: Epoch: [0][350/433]	Time  0.031 ( 0.033)	Loss 1.0230e-01 (1.0076e-01)	Acc pseudo  96.88 ( 98.00)	Lr 1.000e-03 (1.000e-03)
2025-12-25 08:59:56,577 - INFO: Epoch: [0][400/433]	Time  0.031 ( 0.034)	Loss 2.2366e-02 (1.0015e-01)	Acc pseudo 100.00 ( 97.99)	Lr 1.000e-03 (1.000e-03)
2025-12-25 08:59:59,658 - INFO: Round 7, Face Fine-tune Epoch 0: loss=0.1008, acc(pseudo)=97.98%
2025-12-25 09:01:02,926 - INFO: Round 7, Face Fine-tune Epoch 0: acc(valid_pseudo): 0.9708, acc: 0.8306
2025-12-25 09:01:03,702 - INFO: Epoch: [1][  0/433]	Time  0.517 ( 0.517)	Loss 3.0249e-01 (3.0249e-01)	Acc pseudo  96.88 ( 96.88)	Lr 1.000e-03 (1.000e-03)
2025-12-25 09:01:08,427 - INFO: Epoch: [1][ 50/433]	Time  0.031 ( 0.042)	Loss 1.6903e-01 (8.5342e-02)	Acc pseudo  96.88 ( 97.70)	Lr 1.000e-03 (1.000e-03)
2025-12-25 09:01:13,147 - INFO: Epoch: [1][100/433]	Time  0.029 ( 0.036)	Loss 7.6988e-02 (8.8005e-02)	Acc pseudo  96.88 ( 97.83)	Lr 1.000e-03 (1.000e-03)
2025-12-25 09:01:17,871 - INFO: Epoch: [1][150/433]	Time  0.029 ( 0.034)	Loss 4.9536e-02 (8.9975e-02)	Acc pseudo  96.88 ( 97.93)	Lr 1.000e-03 (1.000e-03)
2025-12-25 09:01:22,607 - INFO: Epoch: [1][200/433]	Time  0.029 ( 0.033)	Loss 3.0827e-02 (8.8196e-02)	Acc pseudo 100.00 ( 97.86)	Lr 1.000e-03 (1.000e-03)
2025-12-25 09:01:27,350 - INFO: Epoch: [1][250/433]	Time  0.029 ( 0.033)	Loss 1.4733e-01 (8.6109e-02)	Acc pseudo  96.88 ( 97.91)	Lr 1.000e-03 (1.000e-03)
2025-12-25 09:01:32,086 - INFO: Epoch: [1][300/433]	Time  0.031 ( 0.032)	Loss 1.2214e-02 (8.7432e-02)	Acc pseudo 100.00 ( 97.91)	Lr 1.000e-03 (1.000e-03)
2025-12-25 09:01:36,823 - INFO: Epoch: [1][350/433]	Time  0.031 ( 0.032)	Loss 5.1482e-02 (8.3997e-02)	Acc pseudo  98.44 ( 97.94)	Lr 1.000e-03 (1.000e-03)
2025-12-25 09:01:41,572 - INFO: Epoch: [1][400/433]	Time  0.031 ( 0.032)	Loss 3.4305e-01 (8.3146e-02)	Acc pseudo  96.88 ( 97.94)	Lr 1.000e-03 (1.000e-03)
2025-12-25 09:01:44,679 - INFO: Round 7, Face Fine-tune Epoch 1: loss=0.0829, acc(pseudo)=97.95%
2025-12-25 09:02:46,373 - INFO: Round 7, Face Fine-tune Epoch 1: acc(valid_pseudo): 0.9710, acc: 0.8150
2025-12-25 09:02:46,373 - INFO: Round 7, Face Fine-tune Epoch 1: No improvement. Patience(epoch): 1/3
2025-12-25 09:02:46,974 - INFO: Epoch: [2][  0/433]	Time  0.549 ( 0.549)	Loss 4.2143e-02 (4.2143e-02)	Acc pseudo  98.44 ( 98.44)	Lr 1.000e-03 (1.000e-03)
2025-12-25 09:02:51,704 - INFO: Epoch: [2][ 50/433]	Time  0.029 ( 0.041)	Loss 9.8999e-02 (5.9501e-02)	Acc pseudo  98.44 ( 98.22)	Lr 1.000e-03 (1.000e-03)
2025-12-25 09:02:56,435 - INFO: Epoch: [2][100/433]	Time  0.028 ( 0.035)	Loss 1.2806e-01 (6.0691e-02)	Acc pseudo  96.88 ( 98.16)	Lr 1.000e-03 (1.000e-03)
2025-12-25 09:03:01,168 - INFO: Epoch: [2][150/433]	Time  0.029 ( 0.033)	Loss 4.3422e-02 (5.7524e-02)	Acc pseudo  96.88 ( 98.31)	Lr 1.000e-03 (1.000e-03)
2025-12-25 09:03:05,904 - INFO: Epoch: [2][200/433]	Time  0.028 ( 0.032)	Loss 8.0715e-02 (5.5329e-02)	Acc pseudo  93.75 ( 98.35)	Lr 1.000e-03 (1.000e-03)
2025-12-25 09:03:10,646 - INFO: Epoch: [2][250/433]	Time  0.030 ( 0.031)	Loss 5.3258e-03 (5.6124e-02)	Acc pseudo 100.00 ( 98.34)	Lr 1.000e-03 (1.000e-03)
2025-12-25 09:03:15,397 - INFO: Epoch: [2][300/433]	Time  0.029 ( 0.031)	Loss 6.8834e-02 (6.3566e-02)	Acc pseudo  98.44 ( 98.31)	Lr 1.000e-03 (1.000e-03)
2025-12-25 09:03:20,151 - INFO: Epoch: [2][350/433]	Time  0.029 ( 0.031)	Loss 7.1251e-03 (6.3969e-02)	Acc pseudo 100.00 ( 98.27)	Lr 1.000e-03 (1.000e-03)
2025-12-25 09:03:24,901 - INFO: Epoch: [2][400/433]	Time  0.031 ( 0.031)	Loss 1.3046e-01 (6.3745e-02)	Acc pseudo  93.75 ( 98.25)	Lr 1.000e-03 (1.000e-03)
2025-12-25 09:03:28,037 - INFO: Round 7, Face Fine-tune Epoch 2: loss=0.0635, acc(pseudo)=98.24%
2025-12-25 09:04:29,955 - INFO: Round 7, Face Fine-tune Epoch 2: acc(valid_pseudo): 0.9719, acc: 0.8247
2025-12-25 09:04:31,003 - INFO: Epoch: [3][  0/433]	Time  0.564 ( 0.564)	Loss 3.2799e-02 (3.2799e-02)	Acc pseudo  96.88 ( 96.88)	Lr 1.000e-03 (1.000e-03)
2025-12-25 09:04:35,824 - INFO: Epoch: [3][ 50/433]	Time  0.033 ( 0.045)	Loss 4.3345e-02 (5.3533e-02)	Acc pseudo  98.44 ( 98.25)	Lr 1.000e-03 (1.000e-03)
2025-12-25 09:04:40,558 - INFO: Epoch: [3][100/433]	Time  0.029 ( 0.038)	Loss 4.3537e-02 (5.3923e-02)	Acc pseudo  98.44 ( 98.31)	Lr 1.000e-03 (1.000e-03)
2025-12-25 09:04:45,303 - INFO: Epoch: [3][150/433]	Time  0.041 ( 0.037)	Loss 4.4890e-01 (6.0587e-02)	Acc pseudo  98.44 ( 98.30)	Lr 1.000e-03 (1.000e-03)
2025-12-25 09:04:50,051 - INFO: Epoch: [3][200/433]	Time  0.030 ( 0.037)	Loss 7.9881e-03 (6.0748e-02)	Acc pseudo 100.00 ( 98.24)	Lr 1.000e-03 (1.000e-03)
2025-12-25 09:04:54,802 - INFO: Epoch: [3][250/433]	Time  0.030 ( 0.037)	Loss 1.9512e-02 (5.9096e-02)	Acc pseudo 100.00 ( 98.24)	Lr 1.000e-03 (1.000e-03)
2025-12-25 09:04:59,553 - INFO: Epoch: [3][300/433]	Time  0.029 ( 0.036)	Loss 1.1835e-01 (5.8069e-02)	Acc pseudo  95.31 ( 98.25)	Lr 1.000e-03 (1.000e-03)
2025-12-25 09:05:04,302 - INFO: Epoch: [3][350/433]	Time  0.029 ( 0.035)	Loss 7.7748e-03 (5.8165e-02)	Acc pseudo 100.00 ( 98.25)	Lr 1.000e-03 (1.000e-03)
2025-12-25 09:05:09,049 - INFO: Epoch: [3][400/433]	Time  0.030 ( 0.034)	Loss 2.2627e-02 (5.7556e-02)	Acc pseudo  98.44 ( 98.25)	Lr 1.000e-03 (1.000e-03)
2025-12-25 09:05:12,177 - INFO: Round 7, Face Fine-tune Epoch 3: loss=0.0565, acc(pseudo)=98.27%
2025-12-25 09:06:14,556 - INFO: Round 7, Face Fine-tune Epoch 3: acc(valid_pseudo): 0.9713, acc: 0.8208
2025-12-25 09:06:14,556 - INFO: Round 7, Face Fine-tune Epoch 3: No improvement. Patience(epoch): 1/3
2025-12-25 09:06:15,223 - INFO: Epoch: [4][  0/433]	Time  0.626 ( 0.626)	Loss 2.7398e-02 (2.7398e-02)	Acc pseudo  96.88 ( 96.88)	Lr 1.000e-03 (1.000e-03)
2025-12-25 09:06:19,960 - INFO: Epoch: [4][ 50/433]	Time  0.030 ( 0.043)	Loss 3.5761e-02 (1.2805e-01)	Acc pseudo  96.88 ( 96.42)	Lr 1.000e-03 (1.000e-03)
2025-12-25 09:06:24,698 - INFO: Epoch: [4][100/433]	Time  0.028 ( 0.037)	Loss 2.3708e-02 (1.3627e-01)	Acc pseudo  98.44 ( 96.47)	Lr 1.000e-03 (1.000e-03)
2025-12-25 09:06:29,439 - INFO: Epoch: [4][150/433]	Time  0.032 ( 0.035)	Loss 8.0357e-02 (1.1972e-01)	Acc pseudo  96.88 ( 96.63)	Lr 1.000e-03 (1.000e-03)
2025-12-25 09:06:34,183 - INFO: Epoch: [4][200/433]	Time  0.029 ( 0.034)	Loss 1.3789e-01 (1.1443e-01)	Acc pseudo  95.31 ( 96.68)	Lr 1.000e-03 (1.000e-03)
2025-12-25 09:06:38,930 - INFO: Epoch: [4][250/433]	Time  0.029 ( 0.034)	Loss 7.4384e-02 (1.1651e-01)	Acc pseudo  95.31 ( 96.56)	Lr 1.000e-03 (1.000e-03)
2025-12-25 09:06:43,686 - INFO: Epoch: [4][300/433]	Time  0.029 ( 0.033)	Loss 1.2616e-01 (1.2076e-01)	Acc pseudo  93.75 ( 96.48)	Lr 1.000e-03 (1.000e-03)
2025-12-25 09:06:48,439 - INFO: Epoch: [4][350/433]	Time  0.042 ( 0.034)	Loss 1.3763e-01 (1.2326e-01)	Acc pseudo  95.31 ( 96.42)	Lr 1.000e-03 (1.000e-03)
2025-12-25 09:06:53,194 - INFO: Epoch: [4][400/433]	Time  0.044 ( 0.035)	Loss 3.6565e-01 (1.2439e-01)	Acc pseudo  95.31 ( 96.38)	Lr 1.000e-03 (1.000e-03)
2025-12-25 09:06:56,298 - INFO: Round 7, Face Fine-tune Epoch 4: loss=0.1234, acc(pseudo)=96.36%
2025-12-25 09:07:58,445 - INFO: Round 7, Face Fine-tune Epoch 4: acc(valid_pseudo): 0.9716, acc: 0.8199
2025-12-25 09:07:58,445 - INFO: Round 7, Face Fine-tune Epoch 4: No improvement. Patience(epoch): 2/3
2025-12-25 09:07:59,208 - INFO: Epoch: [5][  0/433]	Time  0.711 ( 0.711)	Loss 1.1952e-01 (1.1952e-01)	Acc pseudo  95.31 ( 95.31)	Lr 1.000e-03 (1.000e-03)
2025-12-25 09:08:03,938 - INFO: Epoch: [5][ 50/433]	Time  0.030 ( 0.045)	Loss 4.9425e-02 (1.2902e-01)	Acc pseudo  98.44 ( 96.38)	Lr 1.000e-03 (1.000e-03)
2025-12-25 09:08:08,671 - INFO: Epoch: [5][100/433]	Time  0.029 ( 0.038)	Loss 1.6477e-02 (1.2483e-01)	Acc pseudo 100.00 ( 96.33)	Lr 1.000e-03 (1.000e-03)
2025-12-25 09:08:13,414 - INFO: Epoch: [5][150/433]	Time  0.030 ( 0.035)	Loss 8.8795e-03 (1.2419e-01)	Acc pseudo 100.00 ( 96.41)	Lr 1.000e-03 (1.000e-03)
2025-12-25 09:08:18,162 - INFO: Epoch: [5][200/433]	Time  0.030 ( 0.034)	Loss 9.9169e-02 (1.2487e-01)	Acc pseudo  96.88 ( 96.37)	Lr 1.000e-03 (1.000e-03)
2025-12-25 09:08:22,908 - INFO: Epoch: [5][250/433]	Time  0.028 ( 0.033)	Loss 2.4846e-01 (1.2401e-01)	Acc pseudo  92.19 ( 96.32)	Lr 1.000e-03 (1.000e-03)
2025-12-25 09:08:27,656 - INFO: Epoch: [5][300/433]	Time  0.029 ( 0.032)	Loss 7.8190e-02 (1.2056e-01)	Acc pseudo  95.31 ( 96.39)	Lr 1.000e-03 (1.000e-03)
2025-12-25 09:08:32,404 - INFO: Epoch: [5][350/433]	Time  0.030 ( 0.032)	Loss 1.3560e-01 (1.1787e-01)	Acc pseudo  98.44 ( 96.44)	Lr 1.000e-03 (1.000e-03)
2025-12-25 09:08:37,151 - INFO: Epoch: [5][400/433]	Time  0.029 ( 0.032)	Loss 3.6878e-02 (1.1585e-01)	Acc pseudo  98.44 ( 96.46)	Lr 1.000e-03 (1.000e-03)
2025-12-25 09:08:40,274 - INFO: Round 7, Face Fine-tune Epoch 5: loss=0.1164, acc(pseudo)=96.45%
2025-12-25 09:09:41,466 - INFO: Round 7, Face Fine-tune Epoch 5: acc(valid_pseudo): 0.9710, acc: 0.8199
2025-12-25 09:09:41,467 - INFO: Round 7, Face Fine-tune Epoch 5: No improvement. Patience(epoch): 3/3
2025-12-25 09:09:41,467 - INFO: Early stopping at face epoch 5
2025-12-25 09:09:41,468 - INFO: Round 7: Best face fine-tuned epoch=2, acc(valid_pseudo)=0.9719
2025-12-25 09:09:41,529 - INFO: Using HMM model from previous round: runs/I love my family/exp_video/result/self_supervised/exp0/round6/pseudo_label/hmm_params.pkl
2025-12-25 10:01:15,654 - INFO: Round 7: speaker_acc=0.8555
2025-12-25 10:01:15,661 - INFO: Round 7: face_acc=0.8247
2025-12-25 10:01:15,664 - INFO: ====================
2025-12-25 10:01:15,664 - INFO: Round 8: Fine-tuning iteration
2025-12-25 10:01:15,664 - INFO: ====================
2025-12-25 10:01:15,718 - INFO: Round 8 Part 1: Fine-tuning embedding model
2025-12-25 10:01:15,719 - INFO: Using pseudo-label file: runs/I love my family/exp_video/result/self_supervised/exp0/round7/pseudo_label/pseudo_labels_audio_nested_hmm_full(unreliable_pp=100.0).json
2025-12-25 10:01:16,001 - INFO: For training, Using face pseudo-label file: runs/I love my family/exp_video/result/self_supervised/exp0/round7/pseudo_label/pseudo_labels_faces_mid_frame_train_nested_hmm_full.json
2025-12-25 10:01:16,001 - INFO: For infering, Using face pseudo-label file: runs/I love my family/exp_video/result/self_supervised/exp0/round7/pseudo_label/pseudo_labels_faces_mid_frame_all_nested_hmm_full.json
2025-12-25 10:01:16,189 - INFO: Created face dataloader with 27670 samples
2025-12-25 10:01:16,202 - INFO: Fine-tuning speaker embedding model for 20 epochs...
2025-12-25 10:01:17,452 - INFO: Epoch: [0][  0/301]	Time  1.186 ( 1.186)	Loss 2.6148e-01 (2.6148e-01)	Acc pseudo  90.62 ( 90.62)	Lr 1.000e-03 (1.000e-03)
2025-12-25 10:01:17,649 - INFO: Epoch: [0][ 50/301]	Time  0.004 ( 0.027)	Loss 3.5489e-01 (3.5646e-01)	Acc pseudo  90.62 ( 89.64)	Lr 1.000e-03 (1.000e-03)
2025-12-25 10:01:17,814 - INFO: Epoch: [0][100/301]	Time  0.003 ( 0.015)	Loss 2.6177e-01 (3.5829e-01)	Acc pseudo  92.19 ( 89.39)	Lr 1.000e-03 (1.000e-03)
2025-12-25 10:01:17,979 - INFO: Epoch: [0][150/301]	Time  0.004 ( 0.011)	Loss 3.7526e-01 (3.5833e-01)	Acc pseudo  79.69 ( 89.12)	Lr 1.000e-03 (1.000e-03)
2025-12-25 10:01:18,142 - INFO: Epoch: [0][200/301]	Time  0.003 ( 0.009)	Loss 3.4215e-01 (3.6731e-01)	Acc pseudo  90.62 ( 88.99)	Lr 1.000e-03 (1.000e-03)
2025-12-25 10:01:18,300 - INFO: Epoch: [0][250/301]	Time  0.003 ( 0.008)	Loss 2.8336e-01 (3.7591e-01)	Acc pseudo  89.06 ( 88.68)	Lr 1.000e-03 (1.000e-03)
2025-12-25 10:01:18,449 - INFO: Epoch: [0][300/301]	Time  0.002 ( 0.007)	Loss 1.0671e-01 (3.7566e-01)	Acc pseudo  96.00 ( 88.74)	Lr 1.000e-03 (1.000e-03)
2025-12-25 10:01:18,530 - INFO: Round 8, Fine-tune Epoch 0: loss=0.3757, acc(pseudo)=88.74%
2025-12-25 10:01:25,489 - INFO: Round 8, Fine-tune Epoch 0: acc(valid_pseudo): 0.9719, acc: 0.8445
2025-12-25 10:01:29,765 - INFO: Epoch: [1][  0/301]	Time  0.274 ( 0.274)	Loss 3.9585e-01 (3.9585e-01)	Acc pseudo  89.06 ( 89.06)	Lr 1.000e-03 (1.000e-03)
2025-12-25 10:01:29,961 - INFO: Epoch: [1][ 50/301]	Time  0.003 ( 0.009)	Loss 2.2871e-01 (3.2117e-01)	Acc pseudo  90.62 ( 89.28)	Lr 1.000e-03 (1.000e-03)
2025-12-25 10:01:30,133 - INFO: Epoch: [1][100/301]	Time  0.003 ( 0.006)	Loss 1.9349e-01 (3.3853e-01)	Acc pseudo  93.75 ( 89.20)	Lr 1.000e-03 (1.000e-03)
2025-12-25 10:01:30,305 - INFO: Epoch: [1][150/301]	Time  0.003 ( 0.005)	Loss 2.6913e-01 (3.4201e-01)	Acc pseudo  87.50 ( 89.34)	Lr 1.000e-03 (1.000e-03)
2025-12-25 10:01:30,467 - INFO: Epoch: [1][200/301]	Time  0.003 ( 0.005)	Loss 2.5162e-01 (3.4303e-01)	Acc pseudo  87.50 ( 89.34)	Lr 1.000e-03 (1.000e-03)
2025-12-25 10:01:30,627 - INFO: Epoch: [1][250/301]	Time  0.003 ( 0.004)	Loss 3.4278e-01 (3.4622e-01)	Acc pseudo  87.50 ( 89.07)	Lr 1.000e-03 (1.000e-03)
2025-12-25 10:01:30,782 - INFO: Epoch: [1][300/301]	Time  0.002 ( 0.004)	Loss 6.6494e-02 (3.4941e-01)	Acc pseudo  96.00 ( 89.06)	Lr 1.000e-03 (1.000e-03)
2025-12-25 10:01:30,859 - INFO: Round 8, Fine-tune Epoch 1: loss=0.3494, acc(pseudo)=89.06%
2025-12-25 10:01:38,068 - INFO: Round 8, Fine-tune Epoch 1: acc(valid_pseudo): 0.9532, acc: 0.8515
2025-12-25 10:01:38,068 - INFO: Round 8, Speaker Fine-tune Epoch 1: No improvement in validation accuracy. Patience(epoch): 1/3
2025-12-25 10:01:38,350 - INFO: Epoch: [2][  0/301]	Time  0.276 ( 0.276)	Loss 4.3770e-01 (4.3770e-01)	Acc pseudo  85.94 ( 85.94)	Lr 1.000e-03 (1.000e-03)
2025-12-25 10:01:38,539 - INFO: Epoch: [2][ 50/301]	Time  0.003 ( 0.009)	Loss 2.8152e-01 (3.2939e-01)	Acc pseudo  92.19 ( 89.09)	Lr 1.000e-03 (1.000e-03)
2025-12-25 10:01:38,712 - INFO: Epoch: [2][100/301]	Time  0.003 ( 0.006)	Loss 4.1232e-01 (3.1773e-01)	Acc pseudo  89.06 ( 89.46)	Lr 1.000e-03 (1.000e-03)
2025-12-25 10:01:38,882 - INFO: Epoch: [2][150/301]	Time  0.003 ( 0.005)	Loss 2.3412e-01 (3.1471e-01)	Acc pseudo  92.19 ( 89.59)	Lr 1.000e-03 (1.000e-03)
2025-12-25 10:01:39,052 - INFO: Epoch: [2][200/301]	Time  0.003 ( 0.005)	Loss 4.1629e-01 (3.1929e-01)	Acc pseudo  89.06 ( 89.61)	Lr 1.000e-03 (1.000e-03)
2025-12-25 10:01:39,219 - INFO: Epoch: [2][250/301]	Time  0.003 ( 0.004)	Loss 2.4342e-01 (3.2409e-01)	Acc pseudo  90.62 ( 89.55)	Lr 1.000e-03 (1.000e-03)
2025-12-25 10:01:39,378 - INFO: Epoch: [2][300/301]	Time  0.002 ( 0.004)	Loss 1.8300e-01 (3.2587e-01)	Acc pseudo  96.00 ( 89.49)	Lr 1.000e-03 (1.000e-03)
2025-12-25 10:01:39,459 - INFO: Round 8, Fine-tune Epoch 2: loss=0.3259, acc(pseudo)=89.49%
2025-12-25 10:01:47,606 - INFO: Round 8, Fine-tune Epoch 2: acc(valid_pseudo): 0.9693, acc: 0.8460
2025-12-25 10:01:47,606 - INFO: Round 8, Speaker Fine-tune Epoch 2: No improvement in validation accuracy. Patience(epoch): 2/3
2025-12-25 10:01:47,901 - INFO: Epoch: [3][  0/301]	Time  0.289 ( 0.289)	Loss 4.2104e-01 (4.2104e-01)	Acc pseudo  89.06 ( 89.06)	Lr 1.000e-03 (1.000e-03)
2025-12-25 10:01:48,095 - INFO: Epoch: [3][ 50/301]	Time  0.004 ( 0.009)	Loss 3.3650e-01 (3.1528e-01)	Acc pseudo  87.50 ( 89.68)	Lr 1.000e-03 (1.000e-03)
2025-12-25 10:01:48,270 - INFO: Epoch: [3][100/301]	Time  0.003 ( 0.006)	Loss 3.9512e-01 (3.1548e-01)	Acc pseudo  85.94 ( 89.81)	Lr 1.000e-03 (1.000e-03)
2025-12-25 10:01:48,435 - INFO: Epoch: [3][150/301]	Time  0.003 ( 0.005)	Loss 3.3909e-01 (3.1958e-01)	Acc pseudo  90.62 ( 89.70)	Lr 1.000e-03 (1.000e-03)
2025-12-25 10:01:48,601 - INFO: Epoch: [3][200/301]	Time  0.003 ( 0.005)	Loss 1.2059e-01 (3.1486e-01)	Acc pseudo  92.19 ( 89.82)	Lr 1.000e-03 (1.000e-03)
2025-12-25 10:01:48,780 - INFO: Epoch: [3][250/301]	Time  0.004 ( 0.005)	Loss 2.5583e-01 (3.1404e-01)	Acc pseudo  84.38 ( 89.83)	Lr 1.000e-03 (1.000e-03)
2025-12-25 10:01:48,964 - INFO: Epoch: [3][300/301]	Time  0.002 ( 0.004)	Loss 2.6474e-01 (3.1213e-01)	Acc pseudo  84.00 ( 89.82)	Lr 1.000e-03 (1.000e-03)
2025-12-25 10:01:49,047 - INFO: Round 8, Fine-tune Epoch 3: loss=0.3121, acc(pseudo)=89.82%
2025-12-25 10:01:55,955 - INFO: Round 8, Fine-tune Epoch 3: acc(valid_pseudo): 0.9702, acc: 0.8335
2025-12-25 10:01:55,955 - INFO: Round 8, Speaker Fine-tune Epoch 3: No improvement in validation accuracy. Patience(epoch): 3/3
2025-12-25 10:01:55,955 - INFO: Early stopping at epoch 3 due to no improvement in validation accuracy for 3 epochs.
2025-12-25 10:01:55,956 - INFO: Round 8: Best speaker fine-tuned epoch=0, acc(valid_pseudo)=0.9719
2025-12-25 10:01:55,961 - INFO: Fine-tuning face embedding model for 20 epochs...
2025-12-25 10:01:57,038 - INFO: Epoch: [0][  0/433]	Time  1.064 ( 1.064)	Loss 1.9873e-03 (1.9873e-03)	Acc pseudo 100.00 (100.00)	Lr 1.000e-03 (1.000e-03)
2025-12-25 10:02:01,713 - INFO: Epoch: [0][ 50/433]	Time  0.031 ( 0.054)	Loss 3.4749e+00 (2.1636e-01)	Acc pseudo  98.44 ( 98.25)	Lr 1.000e-03 (1.000e-03)
2025-12-25 10:02:06,394 - INFO: Epoch: [0][100/433]	Time  0.033 ( 0.043)	Loss 1.6041e-01 (1.7712e-01)	Acc pseudo  92.19 ( 98.00)	Lr 1.000e-03 (1.000e-03)
2025-12-25 10:02:11,084 - INFO: Epoch: [0][150/433]	Time  0.033 ( 0.040)	Loss 7.4460e-01 (1.5039e-01)	Acc pseudo  95.31 ( 98.02)	Lr 1.000e-03 (1.000e-03)
2025-12-25 10:02:15,776 - INFO: Epoch: [0][200/433]	Time  0.032 ( 0.038)	Loss 2.5893e-02 (1.3219e-01)	Acc pseudo 100.00 ( 98.08)	Lr 1.000e-03 (1.000e-03)
2025-12-25 10:02:20,470 - INFO: Epoch: [0][250/433]	Time  0.032 ( 0.037)	Loss 1.2272e-01 (1.2199e-01)	Acc pseudo  96.88 ( 98.13)	Lr 1.000e-03 (1.000e-03)
2025-12-25 10:02:25,167 - INFO: Epoch: [0][300/433]	Time  0.031 ( 0.036)	Loss 2.7466e-02 (1.2051e-01)	Acc pseudo  96.88 ( 98.06)	Lr 1.000e-03 (1.000e-03)
2025-12-25 10:02:29,867 - INFO: Epoch: [0][350/433]	Time  0.032 ( 0.035)	Loss 1.0158e-01 (1.1254e-01)	Acc pseudo  98.44 ( 98.09)	Lr 1.000e-03 (1.000e-03)
2025-12-25 10:02:34,571 - INFO: Epoch: [0][400/433]	Time  0.031 ( 0.035)	Loss 1.3341e-01 (1.1489e-01)	Acc pseudo  96.88 ( 98.05)	Lr 1.000e-03 (1.000e-03)
2025-12-25 10:02:37,654 - INFO: Round 8, Face Fine-tune Epoch 0: loss=0.1108, acc(pseudo)=98.06%
2025-12-25 10:03:40,417 - INFO: Round 8, Face Fine-tune Epoch 0: acc(valid_pseudo): 0.9710, acc: 0.8296
2025-12-25 10:03:41,192 - INFO: Epoch: [1][  0/433]	Time  0.527 ( 0.527)	Loss 2.2035e-01 (2.2035e-01)	Acc pseudo  96.88 ( 96.88)	Lr 1.000e-03 (1.000e-03)
2025-12-25 10:03:45,906 - INFO: Epoch: [1][ 50/433]	Time  0.030 ( 0.042)	Loss 5.1651e-02 (7.1090e-02)	Acc pseudo  98.44 ( 97.92)	Lr 1.000e-03 (1.000e-03)
2025-12-25 10:03:50,630 - INFO: Epoch: [1][100/433]	Time  0.029 ( 0.036)	Loss 4.1846e-02 (6.9226e-02)	Acc pseudo  98.44 ( 98.02)	Lr 1.000e-03 (1.000e-03)
2025-12-25 10:03:55,357 - INFO: Epoch: [1][150/433]	Time  0.029 ( 0.034)	Loss 7.2825e-02 (7.1048e-02)	Acc pseudo  98.44 ( 98.05)	Lr 1.000e-03 (1.000e-03)
2025-12-25 10:04:00,089 - INFO: Epoch: [1][200/433]	Time  0.029 ( 0.033)	Loss 6.3638e-02 (6.5796e-02)	Acc pseudo  98.44 ( 98.16)	Lr 1.000e-03 (1.000e-03)
2025-12-25 10:04:04,822 - INFO: Epoch: [1][250/433]	Time  0.029 ( 0.033)	Loss 2.9929e-02 (6.8340e-02)	Acc pseudo 100.00 ( 98.16)	Lr 1.000e-03 (1.000e-03)
2025-12-25 10:04:09,556 - INFO: Epoch: [1][300/433]	Time  0.029 ( 0.032)	Loss 7.2194e-03 (6.6846e-02)	Acc pseudo 100.00 ( 98.18)	Lr 1.000e-03 (1.000e-03)
2025-12-25 10:04:14,290 - INFO: Epoch: [1][350/433]	Time  0.030 ( 0.032)	Loss 3.1106e-02 (6.6136e-02)	Acc pseudo  98.44 ( 98.20)	Lr 1.000e-03 (1.000e-03)
2025-12-25 10:04:19,026 - INFO: Epoch: [1][400/433]	Time  0.030 ( 0.032)	Loss 1.0280e-02 (6.6877e-02)	Acc pseudo 100.00 ( 98.20)	Lr 1.000e-03 (1.000e-03)
2025-12-25 10:04:22,128 - INFO: Round 8, Face Fine-tune Epoch 1: loss=0.0683, acc(pseudo)=98.19%
2025-12-25 10:05:24,725 - INFO: Round 8, Face Fine-tune Epoch 1: acc(valid_pseudo): 0.9702, acc: 0.8169
2025-12-25 10:05:24,726 - INFO: Round 8, Face Fine-tune Epoch 1: No improvement. Patience(epoch): 1/3
2025-12-25 10:05:25,308 - INFO: Epoch: [2][  0/433]	Time  0.533 ( 0.533)	Loss 9.1978e-02 (9.1978e-02)	Acc pseudo  98.44 ( 98.44)	Lr 1.000e-03 (1.000e-03)
2025-12-25 10:05:30,046 - INFO: Epoch: [2][ 50/433]	Time  0.028 ( 0.043)	Loss 6.1306e-02 (6.2260e-02)	Acc pseudo  98.44 ( 98.04)	Lr 1.000e-03 (1.000e-03)
2025-12-25 10:05:34,778 - INFO: Epoch: [2][100/433]	Time  0.028 ( 0.036)	Loss 1.1206e-01 (6.1182e-02)	Acc pseudo  96.88 ( 98.14)	Lr 1.000e-03 (1.000e-03)
2025-12-25 10:05:39,517 - INFO: Epoch: [2][150/433]	Time  0.031 ( 0.034)	Loss 7.2003e-02 (5.7556e-02)	Acc pseudo  93.75 ( 98.22)	Lr 1.000e-03 (1.000e-03)
2025-12-25 10:05:44,254 - INFO: Epoch: [2][200/433]	Time  0.030 ( 0.033)	Loss 3.6003e-02 (5.8185e-02)	Acc pseudo  96.88 ( 98.23)	Lr 1.000e-03 (1.000e-03)
2025-12-25 10:05:48,995 - INFO: Epoch: [2][250/433]	Time  0.029 ( 0.033)	Loss 3.6789e-03 (5.7851e-02)	Acc pseudo 100.00 ( 98.30)	Lr 1.000e-03 (1.000e-03)
2025-12-25 10:05:53,733 - INFO: Epoch: [2][300/433]	Time  0.030 ( 0.032)	Loss 6.3201e-03 (5.5832e-02)	Acc pseudo 100.00 ( 98.38)	Lr 1.000e-03 (1.000e-03)
2025-12-25 10:05:58,477 - INFO: Epoch: [2][350/433]	Time  0.029 ( 0.032)	Loss 6.9795e-02 (5.5803e-02)	Acc pseudo  98.44 ( 98.35)	Lr 1.000e-03 (1.000e-03)
2025-12-25 10:06:03,222 - INFO: Epoch: [2][400/433]	Time  0.030 ( 0.033)	Loss 8.7802e-02 (5.6553e-02)	Acc pseudo  96.88 ( 98.38)	Lr 1.000e-03 (1.000e-03)
2025-12-25 10:06:06,329 - INFO: Round 8, Face Fine-tune Epoch 2: loss=0.0553, acc(pseudo)=98.38%
2025-12-25 10:07:09,807 - INFO: Round 8, Face Fine-tune Epoch 2: acc(valid_pseudo): 0.9714, acc: 0.8247
2025-12-25 10:07:09,808 - INFO: Round 8, Face Fine-tune Epoch 2: No improvement. Patience(epoch): 2/3
2025-12-25 10:07:10,627 - INFO: Epoch: [3][  0/433]	Time  0.768 ( 0.768)	Loss 1.5237e-02 (1.5237e-02)	Acc pseudo 100.00 (100.00)	Lr 1.000e-03 (1.000e-03)
2025-12-25 10:07:15,361 - INFO: Epoch: [3][ 50/433]	Time  0.031 ( 0.048)	Loss 5.9160e-02 (4.2721e-02)	Acc pseudo  98.44 ( 98.59)	Lr 1.000e-03 (1.000e-03)
2025-12-25 10:07:20,097 - INFO: Epoch: [3][100/433]	Time  0.041 ( 0.042)	Loss 4.9040e-02 (4.5744e-02)	Acc pseudo  95.31 ( 98.56)	Lr 1.000e-03 (1.000e-03)
2025-12-25 10:07:24,838 - INFO: Epoch: [3][150/433]	Time  0.030 ( 0.039)	Loss 2.0206e-01 (4.9471e-02)	Acc pseudo  93.75 ( 98.46)	Lr 1.000e-03 (1.000e-03)
2025-12-25 10:07:29,578 - INFO: Epoch: [3][200/433]	Time  0.041 ( 0.037)	Loss 5.5053e-03 (4.6354e-02)	Acc pseudo 100.00 ( 98.52)	Lr 1.000e-03 (1.000e-03)
2025-12-25 10:07:34,326 - INFO: Epoch: [3][250/433]	Time  0.034 ( 0.036)	Loss 4.0825e-03 (4.6558e-02)	Acc pseudo 100.00 ( 98.47)	Lr 1.000e-03 (1.000e-03)
2025-12-25 10:07:39,075 - INFO: Epoch: [3][300/433]	Time  0.029 ( 0.036)	Loss 5.6094e-02 (5.3475e-02)	Acc pseudo  96.88 ( 98.44)	Lr 1.000e-03 (1.000e-03)
2025-12-25 10:07:43,823 - INFO: Epoch: [3][350/433]	Time  0.032 ( 0.035)	Loss 1.3796e-01 (5.6507e-02)	Acc pseudo  95.31 ( 98.38)	Lr 1.000e-03 (1.000e-03)
2025-12-25 10:07:48,570 - INFO: Epoch: [3][400/433]	Time  0.031 ( 0.034)	Loss 2.9941e-02 (5.5290e-02)	Acc pseudo 100.00 ( 98.40)	Lr 1.000e-03 (1.000e-03)
2025-12-25 10:07:51,687 - INFO: Round 8, Face Fine-tune Epoch 3: loss=0.0548, acc(pseudo)=98.38%
2025-12-25 10:08:52,868 - INFO: Round 8, Face Fine-tune Epoch 3: acc(valid_pseudo): 0.9703, acc: 0.8199
2025-12-25 10:08:52,869 - INFO: Round 8, Face Fine-tune Epoch 3: No improvement. Patience(epoch): 3/3
2025-12-25 10:08:52,869 - INFO: Early stopping at face epoch 3
2025-12-25 10:08:52,870 - INFO: Round 8: Best face fine-tuned epoch=0, acc(valid_pseudo)=0.9710
2025-12-25 10:08:52,927 - INFO: Using HMM model from previous round: runs/I love my family/exp_video/result/self_supervised/exp0/round7/pseudo_label/hmm_params.pkl
2025-12-25 10:43:43,639 - INFO: Round 8: speaker_acc=0.8535
2025-12-25 10:43:43,647 - INFO: Round 8: face_acc=0.8296
2025-12-25 10:43:43,650 - INFO: ====================
2025-12-25 10:43:43,650 - INFO: Round 9: Fine-tuning iteration
2025-12-25 10:43:43,650 - INFO: ====================
2025-12-25 10:43:43,694 - INFO: Round 9 Part 1: Fine-tuning embedding model
2025-12-25 10:43:43,695 - INFO: Using pseudo-label file: runs/I love my family/exp_video/result/self_supervised/exp0/round8/pseudo_label/pseudo_labels_audio_nested_hmm_full(unreliable_pp=100.0).json
2025-12-25 10:43:43,736 - INFO: For training, Using face pseudo-label file: runs/I love my family/exp_video/result/self_supervised/exp0/round8/pseudo_label/pseudo_labels_faces_mid_frame_train_nested_hmm_full.json
2025-12-25 10:43:43,736 - INFO: For infering, Using face pseudo-label file: runs/I love my family/exp_video/result/self_supervised/exp0/round8/pseudo_label/pseudo_labels_faces_mid_frame_all_nested_hmm_full.json
2025-12-25 10:43:43,909 - INFO: Created face dataloader with 27670 samples
2025-12-25 10:43:43,939 - INFO: Fine-tuning speaker embedding model for 20 epochs...
2025-12-25 10:43:44,452 - INFO: Epoch: [0][  0/301]	Time  0.482 ( 0.482)	Loss 2.9812e-01 (2.9812e-01)	Acc pseudo  89.06 ( 89.06)	Lr 1.000e-03 (1.000e-03)
2025-12-25 10:43:44,643 - INFO: Epoch: [0][ 50/301]	Time  0.004 ( 0.013)	Loss 3.8804e-01 (3.2874e-01)	Acc pseudo  89.06 ( 90.66)	Lr 1.000e-03 (1.000e-03)
2025-12-25 10:43:44,822 - INFO: Epoch: [0][100/301]	Time  0.003 ( 0.008)	Loss 4.1536e-01 (3.3017e-01)	Acc pseudo  95.31 ( 90.61)	Lr 1.000e-03 (1.000e-03)
2025-12-25 10:43:44,992 - INFO: Epoch: [0][150/301]	Time  0.003 ( 0.007)	Loss 2.3488e-01 (3.2526e-01)	Acc pseudo  90.62 ( 90.22)	Lr 1.000e-03 (1.000e-03)
2025-12-25 10:43:45,162 - INFO: Epoch: [0][200/301]	Time  0.004 ( 0.006)	Loss 1.7835e-01 (3.2428e-01)	Acc pseudo  95.31 ( 90.11)	Lr 1.000e-03 (1.000e-03)
2025-12-25 10:43:45,331 - INFO: Epoch: [0][250/301]	Time  0.003 ( 0.005)	Loss 1.9961e-01 (3.2907e-01)	Acc pseudo  90.62 ( 89.97)	Lr 1.000e-03 (1.000e-03)
2025-12-25 10:43:45,490 - INFO: Epoch: [0][300/301]	Time  0.002 ( 0.005)	Loss 1.1902e-01 (3.2717e-01)	Acc pseudo  92.00 ( 89.91)	Lr 1.000e-03 (1.000e-03)
2025-12-25 10:43:45,584 - INFO: Round 9, Fine-tune Epoch 0: loss=0.3272, acc(pseudo)=89.91%
2025-12-25 10:43:52,740 - INFO: Round 9, Fine-tune Epoch 0: acc(valid_pseudo): 0.9640, acc: 0.8355
2025-12-25 10:43:57,026 - INFO: Epoch: [1][  0/301]	Time  0.277 ( 0.277)	Loss 3.5768e-01 (3.5768e-01)	Acc pseudo  92.19 ( 92.19)	Lr 1.000e-03 (1.000e-03)
2025-12-25 10:43:57,233 - INFO: Epoch: [1][ 50/301]	Time  0.004 ( 0.009)	Loss 2.0345e-01 (2.9709e-01)	Acc pseudo  90.62 ( 89.98)	Lr 1.000e-03 (1.000e-03)
2025-12-25 10:43:57,406 - INFO: Epoch: [1][100/301]	Time  0.003 ( 0.006)	Loss 2.2128e-01 (3.0391e-01)	Acc pseudo  93.75 ( 90.01)	Lr 1.000e-03 (1.000e-03)
2025-12-25 10:43:57,570 - INFO: Epoch: [1][150/301]	Time  0.003 ( 0.005)	Loss 3.4058e-01 (2.9933e-01)	Acc pseudo  87.50 ( 90.24)	Lr 1.000e-03 (1.000e-03)
2025-12-25 10:43:57,729 - INFO: Epoch: [1][200/301]	Time  0.003 ( 0.005)	Loss 2.8135e-01 (2.9731e-01)	Acc pseudo  90.62 ( 90.39)	Lr 1.000e-03 (1.000e-03)
2025-12-25 10:43:57,887 - INFO: Epoch: [1][250/301]	Time  0.003 ( 0.004)	Loss 2.5638e-01 (3.0163e-01)	Acc pseudo  92.19 ( 90.25)	Lr 1.000e-03 (1.000e-03)
2025-12-25 10:43:58,037 - INFO: Epoch: [1][300/301]	Time  0.002 ( 0.004)	Loss 8.6552e-02 (3.0193e-01)	Acc pseudo  96.00 ( 90.22)	Lr 1.000e-03 (1.000e-03)
2025-12-25 10:43:58,114 - INFO: Round 9, Fine-tune Epoch 1: loss=0.3019, acc(pseudo)=90.22%
2025-12-25 10:44:05,039 - INFO: Round 9, Fine-tune Epoch 1: acc(valid_pseudo): 0.9509, acc: 0.8275
2025-12-25 10:44:05,039 - INFO: Round 9, Speaker Fine-tune Epoch 1: No improvement in validation accuracy. Patience(epoch): 1/3
2025-12-25 10:44:05,363 - INFO: Epoch: [2][  0/301]	Time  0.317 ( 0.317)	Loss 3.3200e-01 (3.3200e-01)	Acc pseudo  85.94 ( 85.94)	Lr 1.000e-03 (1.000e-03)
2025-12-25 10:44:05,553 - INFO: Epoch: [2][ 50/301]	Time  0.004 ( 0.010)	Loss 1.4552e-01 (2.8287e-01)	Acc pseudo  95.31 ( 90.90)	Lr 1.000e-03 (1.000e-03)
2025-12-25 10:44:05,720 - INFO: Epoch: [2][100/301]	Time  0.003 ( 0.007)	Loss 4.7480e-01 (2.7032e-01)	Acc pseudo  89.06 ( 91.04)	Lr 1.000e-03 (1.000e-03)
2025-12-25 10:44:05,921 - INFO: Epoch: [2][150/301]	Time  0.005 ( 0.006)	Loss 1.2232e-01 (2.7434e-01)	Acc pseudo  95.31 ( 91.01)	Lr 1.000e-03 (1.000e-03)
2025-12-25 10:44:06,086 - INFO: Epoch: [2][200/301]	Time  0.003 ( 0.005)	Loss 2.3314e-01 (2.7332e-01)	Acc pseudo  90.62 ( 91.04)	Lr 1.000e-03 (1.000e-03)
2025-12-25 10:44:06,248 - INFO: Epoch: [2][250/301]	Time  0.003 ( 0.005)	Loss 2.8894e-01 (2.7624e-01)	Acc pseudo  92.19 ( 90.86)	Lr 1.000e-03 (1.000e-03)
2025-12-25 10:44:06,398 - INFO: Epoch: [2][300/301]	Time  0.002 ( 0.004)	Loss 1.5776e-01 (2.8051e-01)	Acc pseudo  92.00 ( 90.76)	Lr 1.000e-03 (1.000e-03)
2025-12-25 10:44:06,476 - INFO: Round 9, Fine-tune Epoch 2: loss=0.2805, acc(pseudo)=90.76%
2025-12-25 10:44:13,881 - INFO: Round 9, Fine-tune Epoch 2: acc(valid_pseudo): 0.9751, acc: 0.8450
2025-12-25 10:44:18,220 - INFO: Epoch: [3][  0/301]	Time  0.281 ( 0.281)	Loss 5.5877e-01 (5.5877e-01)	Acc pseudo  85.94 ( 85.94)	Lr 1.000e-03 (1.000e-03)
2025-12-25 10:44:18,697 - INFO: Epoch: [3][ 50/301]	Time  0.003 ( 0.015)	Loss 2.9120e-01 (2.8014e-01)	Acc pseudo  82.81 ( 90.38)	Lr 1.000e-03 (1.000e-03)
2025-12-25 10:44:18,866 - INFO: Epoch: [3][100/301]	Time  0.003 ( 0.009)	Loss 3.2367e-01 (2.7760e-01)	Acc pseudo  85.94 ( 90.59)	Lr 1.000e-03 (1.000e-03)
2025-12-25 10:44:19,032 - INFO: Epoch: [3][150/301]	Time  0.003 ( 0.007)	Loss 3.1067e-01 (2.8687e-01)	Acc pseudo  87.50 ( 90.31)	Lr 1.000e-03 (1.000e-03)
2025-12-25 10:44:19,192 - INFO: Epoch: [3][200/301]	Time  0.003 ( 0.006)	Loss 1.1411e-01 (2.8470e-01)	Acc pseudo  96.88 ( 90.41)	Lr 1.000e-03 (1.000e-03)
2025-12-25 10:44:19,361 - INFO: Epoch: [3][250/301]	Time  0.003 ( 0.006)	Loss 2.4846e-01 (2.8409e-01)	Acc pseudo  87.50 ( 90.55)	Lr 1.000e-03 (1.000e-03)
2025-12-25 10:44:19,518 - INFO: Epoch: [3][300/301]	Time  0.002 ( 0.005)	Loss 2.9990e-01 (2.8637e-01)	Acc pseudo  80.00 ( 90.49)	Lr 1.000e-03 (1.000e-03)
2025-12-25 10:44:19,595 - INFO: Round 9, Fine-tune Epoch 3: loss=0.2864, acc(pseudo)=90.49%
2025-12-25 10:44:26,778 - INFO: Round 9, Fine-tune Epoch 3: acc(valid_pseudo): 0.9667, acc: 0.8420
2025-12-25 10:44:26,779 - INFO: Round 9, Speaker Fine-tune Epoch 3: No improvement in validation accuracy. Patience(epoch): 1/3
2025-12-25 10:44:27,066 - INFO: Epoch: [4][  0/301]	Time  0.282 ( 0.282)	Loss 3.7523e-01 (3.7523e-01)	Acc pseudo  82.81 ( 82.81)	Lr 1.000e-03 (1.000e-03)
2025-12-25 10:44:27,258 - INFO: Epoch: [4][ 50/301]	Time  0.003 ( 0.009)	Loss 2.3841e-01 (2.9895e-01)	Acc pseudo  90.62 ( 90.13)	Lr 1.000e-03 (1.000e-03)
2025-12-25 10:44:27,422 - INFO: Epoch: [4][100/301]	Time  0.003 ( 0.006)	Loss 2.9105e-01 (3.0564e-01)	Acc pseudo  89.06 ( 90.07)	Lr 1.000e-03 (1.000e-03)
2025-12-25 10:44:27,581 - INFO: Epoch: [4][150/301]	Time  0.003 ( 0.005)	Loss 1.5811e-01 (3.0296e-01)	Acc pseudo  92.19 ( 90.23)	Lr 1.000e-03 (1.000e-03)
2025-12-25 10:44:27,750 - INFO: Epoch: [4][200/301]	Time  0.004 ( 0.005)	Loss 2.0702e-01 (3.0099e-01)	Acc pseudo  90.62 ( 90.14)	Lr 1.000e-03 (1.000e-03)
2025-12-25 10:44:27,912 - INFO: Epoch: [4][250/301]	Time  0.003 ( 0.004)	Loss 3.4621e-01 (3.0418e-01)	Acc pseudo  87.50 ( 90.05)	Lr 1.000e-03 (1.000e-03)
2025-12-25 10:44:28,077 - INFO: Epoch: [4][300/301]	Time  0.003 ( 0.004)	Loss 2.5332e-01 (3.0245e-01)	Acc pseudo  92.00 ( 90.06)	Lr 1.000e-03 (1.000e-03)
2025-12-25 10:44:28,155 - INFO: Round 9, Fine-tune Epoch 4: loss=0.3024, acc(pseudo)=90.06%
2025-12-25 10:44:37,112 - INFO: Round 9, Fine-tune Epoch 4: acc(valid_pseudo): 0.9708, acc: 0.8415
2025-12-25 10:44:37,112 - INFO: Round 9, Speaker Fine-tune Epoch 4: No improvement in validation accuracy. Patience(epoch): 2/3
2025-12-25 10:44:37,400 - INFO: Epoch: [5][  0/301]	Time  0.282 ( 0.282)	Loss 2.5306e-01 (2.5306e-01)	Acc pseudo  92.19 ( 92.19)	Lr 1.000e-03 (1.000e-03)
2025-12-25 10:44:37,597 - INFO: Epoch: [5][ 50/301]	Time  0.003 ( 0.009)	Loss 3.6421e-01 (2.9278e-01)	Acc pseudo  92.19 ( 90.47)	Lr 1.000e-03 (1.000e-03)
2025-12-25 10:44:37,762 - INFO: Epoch: [5][100/301]	Time  0.003 ( 0.006)	Loss 3.3709e-01 (3.0098e-01)	Acc pseudo  89.06 ( 89.88)	Lr 1.000e-03 (1.000e-03)
2025-12-25 10:44:37,925 - INFO: Epoch: [5][150/301]	Time  0.003 ( 0.005)	Loss 3.8188e-01 (3.1063e-01)	Acc pseudo  85.94 ( 89.67)	Lr 1.000e-03 (1.000e-03)
2025-12-25 10:44:38,095 - INFO: Epoch: [5][200/301]	Time  0.003 ( 0.005)	Loss 2.8399e-01 (3.1137e-01)	Acc pseudo  89.06 ( 89.81)	Lr 1.000e-03 (1.000e-03)
2025-12-25 10:44:38,254 - INFO: Epoch: [5][250/301]	Time  0.003 ( 0.004)	Loss 3.5031e-01 (3.1541e-01)	Acc pseudo  89.06 ( 89.85)	Lr 1.000e-03 (1.000e-03)
2025-12-25 10:44:38,406 - INFO: Epoch: [5][300/301]	Time  0.002 ( 0.004)	Loss 5.7924e-01 (3.2067e-01)	Acc pseudo  76.00 ( 89.63)	Lr 1.000e-03 (1.000e-03)
2025-12-25 10:44:38,480 - INFO: Round 9, Fine-tune Epoch 5: loss=0.3207, acc(pseudo)=89.63%
2025-12-25 10:44:46,018 - INFO: Round 9, Fine-tune Epoch 5: acc(valid_pseudo): 0.9699, acc: 0.8455
2025-12-25 10:44:46,019 - INFO: Round 9, Speaker Fine-tune Epoch 5: No improvement in validation accuracy. Patience(epoch): 3/3
2025-12-25 10:44:46,019 - INFO: Early stopping at epoch 5 due to no improvement in validation accuracy for 3 epochs.
2025-12-25 10:44:46,020 - INFO: Round 9: Best speaker fine-tuned epoch=2, acc(valid_pseudo)=0.9751
2025-12-25 10:44:46,025 - INFO: Fine-tuning face embedding model for 20 epochs...
2025-12-25 10:44:46,811 - INFO: Epoch: [0][  0/433]	Time  0.736 ( 0.736)	Loss 3.2534e-04 (3.2534e-04)	Acc pseudo 100.00 (100.00)	Lr 1.000e-03 (1.000e-03)
2025-12-25 10:44:51,482 - INFO: Epoch: [0][ 50/433]	Time  0.030 ( 0.047)	Loss 4.5936e-02 (9.4043e-02)	Acc pseudo 100.00 ( 98.81)	Lr 1.000e-03 (1.000e-03)
2025-12-25 10:44:56,157 - INFO: Epoch: [0][100/433]	Time  0.042 ( 0.041)	Loss 1.7701e-01 (9.5029e-02)	Acc pseudo  98.44 ( 98.69)	Lr 1.000e-03 (1.000e-03)
2025-12-25 10:45:00,845 - INFO: Epoch: [0][150/433]	Time  0.038 ( 0.038)	Loss 6.0457e-02 (8.4806e-02)	Acc pseudo  98.44 ( 98.59)	Lr 1.000e-03 (1.000e-03)
2025-12-25 10:45:05,675 - INFO: Epoch: [0][200/433]	Time  0.031 ( 0.037)	Loss 3.7247e-02 (7.5254e-02)	Acc pseudo  96.88 ( 98.64)	Lr 1.000e-03 (1.000e-03)
2025-12-25 10:45:10,364 - INFO: Epoch: [0][250/433]	Time  0.028 ( 0.035)	Loss 2.1310e-01 (7.6127e-02)	Acc pseudo  96.88 ( 98.61)	Lr 1.000e-03 (1.000e-03)
2025-12-25 10:45:15,057 - INFO: Epoch: [0][300/433]	Time  0.030 ( 0.034)	Loss 6.4799e-02 (7.7338e-02)	Acc pseudo  96.88 ( 98.61)	Lr 1.000e-03 (1.000e-03)
2025-12-25 10:45:19,756 - INFO: Epoch: [0][350/433]	Time  0.031 ( 0.034)	Loss 4.6963e-02 (8.0205e-02)	Acc pseudo  98.44 ( 98.55)	Lr 1.000e-03 (1.000e-03)
2025-12-25 10:45:24,458 - INFO: Epoch: [0][400/433]	Time  0.030 ( 0.034)	Loss 3.1237e-02 (7.5827e-02)	Acc pseudo  98.44 ( 98.53)	Lr 1.000e-03 (1.000e-03)
2025-12-25 10:45:27,533 - INFO: Round 9, Face Fine-tune Epoch 0: loss=0.0757, acc(pseudo)=98.53%
2025-12-25 10:46:29,759 - INFO: Round 9, Face Fine-tune Epoch 0: acc(valid_pseudo): 0.9700, acc: 0.8286
2025-12-25 10:46:30,536 - INFO: Epoch: [1][  0/433]	Time  0.527 ( 0.527)	Loss 7.9293e-02 (7.9293e-02)	Acc pseudo  93.75 ( 93.75)	Lr 1.000e-03 (1.000e-03)
2025-12-25 10:46:35,262 - INFO: Epoch: [1][ 50/433]	Time  0.030 ( 0.042)	Loss 8.2873e-02 (4.4774e-02)	Acc pseudo  98.44 ( 98.56)	Lr 1.000e-03 (1.000e-03)
2025-12-25 10:46:39,981 - INFO: Epoch: [1][100/433]	Time  0.029 ( 0.036)	Loss 9.9641e-02 (4.3757e-02)	Acc pseudo  95.31 ( 98.67)	Lr 1.000e-03 (1.000e-03)
2025-12-25 10:46:44,705 - INFO: Epoch: [1][150/433]	Time  0.029 ( 0.034)	Loss 7.6290e-02 (5.0115e-02)	Acc pseudo  93.75 ( 98.74)	Lr 1.000e-03 (1.000e-03)
2025-12-25 10:46:49,431 - INFO: Epoch: [1][200/433]	Time  0.029 ( 0.032)	Loss 2.5028e-02 (5.0617e-02)	Acc pseudo  98.44 ( 98.73)	Lr 1.000e-03 (1.000e-03)
2025-12-25 10:46:54,159 - INFO: Epoch: [1][250/433]	Time  0.029 ( 0.032)	Loss 1.7937e-02 (5.0070e-02)	Acc pseudo 100.00 ( 98.74)	Lr 1.000e-03 (1.000e-03)
2025-12-25 10:46:58,889 - INFO: Epoch: [1][300/433]	Time  0.029 ( 0.031)	Loss 2.6145e-02 (5.0470e-02)	Acc pseudo  98.44 ( 98.69)	Lr 1.000e-03 (1.000e-03)
2025-12-25 10:47:03,620 - INFO: Epoch: [1][350/433]	Time  0.030 ( 0.031)	Loss 1.2991e-01 (4.9130e-02)	Acc pseudo  98.44 ( 98.70)	Lr 1.000e-03 (1.000e-03)
2025-12-25 10:47:08,352 - INFO: Epoch: [1][400/433]	Time  0.029 ( 0.031)	Loss 1.0629e-02 (4.9893e-02)	Acc pseudo 100.00 ( 98.67)	Lr 1.000e-03 (1.000e-03)
2025-12-25 10:47:11,455 - INFO: Round 9, Face Fine-tune Epoch 1: loss=0.0512, acc(pseudo)=98.64%
2025-12-25 10:48:13,730 - INFO: Round 9, Face Fine-tune Epoch 1: acc(valid_pseudo): 0.9684, acc: 0.8189
2025-12-25 10:48:13,730 - INFO: Round 9, Face Fine-tune Epoch 1: No improvement. Patience(epoch): 1/3
2025-12-25 10:48:14,624 - INFO: Epoch: [2][  0/433]	Time  0.841 ( 0.841)	Loss 7.0954e-02 (7.0954e-02)	Acc pseudo  96.88 ( 96.88)	Lr 1.000e-03 (1.000e-03)
2025-12-25 10:48:19,357 - INFO: Epoch: [2][ 50/433]	Time  0.029 ( 0.048)	Loss 5.2353e-03 (3.9140e-02)	Acc pseudo 100.00 ( 98.71)	Lr 1.000e-03 (1.000e-03)
2025-12-25 10:48:24,086 - INFO: Epoch: [2][100/433]	Time  0.030 ( 0.039)	Loss 4.5529e-02 (3.8621e-02)	Acc pseudo  98.44 ( 98.73)	Lr 1.000e-03 (1.000e-03)
2025-12-25 10:48:28,819 - INFO: Epoch: [2][150/433]	Time  0.030 ( 0.036)	Loss 2.4005e-02 (3.9948e-02)	Acc pseudo 100.00 ( 98.75)	Lr 1.000e-03 (1.000e-03)
2025-12-25 10:48:33,554 - INFO: Epoch: [2][200/433]	Time  0.029 ( 0.034)	Loss 8.6347e-02 (4.8856e-02)	Acc pseudo  96.88 ( 98.59)	Lr 1.000e-03 (1.000e-03)
2025-12-25 10:48:38,290 - INFO: Epoch: [2][250/433]	Time  0.031 ( 0.033)	Loss 1.8087e-02 (5.1655e-02)	Acc pseudo  98.44 ( 98.44)	Lr 1.000e-03 (1.000e-03)
2025-12-25 10:48:43,028 - INFO: Epoch: [2][300/433]	Time  0.030 ( 0.033)	Loss 3.1200e-02 (5.2438e-02)	Acc pseudo  98.44 ( 98.47)	Lr 1.000e-03 (1.000e-03)
2025-12-25 10:48:47,769 - INFO: Epoch: [2][350/433]	Time  0.030 ( 0.032)	Loss 1.3109e-02 (5.1807e-02)	Acc pseudo 100.00 ( 98.48)	Lr 1.000e-03 (1.000e-03)
2025-12-25 10:48:52,507 - INFO: Epoch: [2][400/433]	Time  0.030 ( 0.032)	Loss 2.8348e-01 (5.0869e-02)	Acc pseudo  98.44 ( 98.50)	Lr 1.000e-03 (1.000e-03)
2025-12-25 10:48:55,631 - INFO: Round 9, Face Fine-tune Epoch 2: loss=0.0509, acc(pseudo)=98.49%
2025-12-25 10:49:57,934 - INFO: Round 9, Face Fine-tune Epoch 2: acc(valid_pseudo): 0.9697, acc: 0.8169
2025-12-25 10:49:57,934 - INFO: Round 9, Face Fine-tune Epoch 2: No improvement. Patience(epoch): 2/3
2025-12-25 10:49:58,522 - INFO: Epoch: [3][  0/433]	Time  0.540 ( 0.540)	Loss 5.8870e-03 (5.8870e-03)	Acc pseudo 100.00 (100.00)	Lr 1.000e-03 (1.000e-03)
2025-12-25 10:50:03,260 - INFO: Epoch: [3][ 50/433]	Time  0.033 ( 0.043)	Loss 1.2905e-03 (4.5028e-02)	Acc pseudo 100.00 ( 98.62)	Lr 1.000e-03 (1.000e-03)
2025-12-25 10:50:08,003 - INFO: Epoch: [3][100/433]	Time  0.034 ( 0.040)	Loss 2.2682e-02 (4.3885e-02)	Acc pseudo  98.44 ( 98.67)	Lr 1.000e-03 (1.000e-03)
2025-12-25 10:50:12,749 - INFO: Epoch: [3][150/433]	Time  0.030 ( 0.037)	Loss 1.4029e-02 (4.3855e-02)	Acc pseudo 100.00 ( 98.62)	Lr 1.000e-03 (1.000e-03)
2025-12-25 10:50:17,491 - INFO: Epoch: [3][200/433]	Time  0.029 ( 0.036)	Loss 8.6515e-03 (4.3022e-02)	Acc pseudo 100.00 ( 98.72)	Lr 1.000e-03 (1.000e-03)
2025-12-25 10:50:22,232 - INFO: Epoch: [3][250/433]	Time  0.030 ( 0.035)	Loss 2.0783e-02 (4.3556e-02)	Acc pseudo  98.44 ( 98.70)	Lr 1.000e-03 (1.000e-03)
2025-12-25 10:50:26,976 - INFO: Epoch: [3][300/433]	Time  0.029 ( 0.034)	Loss 1.1041e-01 (4.3914e-02)	Acc pseudo  98.44 ( 98.68)	Lr 1.000e-03 (1.000e-03)
2025-12-25 10:50:31,721 - INFO: Epoch: [3][350/433]	Time  0.029 ( 0.033)	Loss 3.5193e-02 (4.5931e-02)	Acc pseudo  96.88 ( 98.62)	Lr 1.000e-03 (1.000e-03)
2025-12-25 10:50:36,471 - INFO: Epoch: [3][400/433]	Time  0.041 ( 0.033)	Loss 1.0569e-02 (4.4850e-02)	Acc pseudo 100.00 ( 98.67)	Lr 1.000e-03 (1.000e-03)
2025-12-25 10:50:39,597 - INFO: Round 9, Face Fine-tune Epoch 3: loss=0.0455, acc(pseudo)=98.64%
2025-12-25 10:51:41,854 - INFO: Round 9, Face Fine-tune Epoch 3: acc(valid_pseudo): 0.9693, acc: 0.8267
2025-12-25 10:51:41,856 - INFO: Round 9, Face Fine-tune Epoch 3: No improvement. Patience(epoch): 3/3
2025-12-25 10:51:41,856 - INFO: Early stopping at face epoch 3
2025-12-25 10:51:41,858 - INFO: Round 9: Best face fine-tuned epoch=0, acc(valid_pseudo)=0.9700
2025-12-25 10:51:41,908 - INFO: Using HMM model from previous round: runs/I love my family/exp_video/result/self_supervised/exp0/round8/pseudo_label/hmm_params.pkl
2025-12-25 11:37:43,884 - INFO: Round 9: speaker_acc=0.8525
2025-12-25 11:37:43,888 - INFO: Round 9: face_acc=0.8286
2025-12-25 11:37:43,890 - INFO: ====================
2025-12-25 11:37:43,891 - INFO: Self-supervised fine-tuning completed!
2025-12-25 11:37:43,891 - INFO: Initial speaker: acc=0.8065
2025-12-25 11:37:43,891 - INFO: Final speaker at round 9: acc=0.8525
2025-12-25 11:37:43,891 - INFO: Speaker improvement: 0.0460 (5.70%)
2025-12-25 11:37:43,891 - INFO: Initial face: acc=0.8491
2025-12-25 11:37:43,891 - INFO: Final face at round 9: acc=0.8286
2025-12-25 11:37:43,891 - INFO: Face improvement: -0.0205 (-2.41%)
2025-12-25 11:37:43,891 - INFO: ====================
