2026-01-13 21:23:24,076 - INFO: Starting self-supervised fine-tuning pipeline
2026-01-13 21:23:24,077 - INFO: Device: cuda:0
2026-01-13 21:23:24,081 - INFO: Saved arguments to runs/I love my family/exp_video/result/self_supervised/exp0/args.json
2026-01-13 21:23:24,081 - INFO: ====================
2026-01-13 21:23:24,081 - INFO: Initialization: Initial clustering with HMM correction
2026-01-13 21:23:24,081 - INFO: ====================
2026-01-13 21:23:24,127 - INFO: Skipping initial clustering, using existing results.
2026-01-13 21:23:42,135 - INFO: Initial: speaker_acc=0.8035
2026-01-13 21:23:42,135 - INFO: Initial: face_acc=0.8617
2026-01-13 21:23:42,171 - INFO: ====================
2026-01-13 21:23:42,171 - INFO: Round 0: Fine-tuning iteration
2026-01-13 21:23:42,171 - INFO: ====================
2026-01-13 21:23:42,249 - INFO: Round 0 Part 1: Fine-tuning embedding model
2026-01-13 21:23:42,251 - INFO: Using pseudo-label file: runs/I love my family/exp_video/result/self_supervised/exp0/initial/pseudo_label/pseudo_labels_audio_nested_hmm_full(unreliable_pp=100.0).json
2026-01-13 21:23:46,371 - INFO: Speaker embedding dimension: 512
2026-01-13 21:23:47,077 - INFO: Saved speaker config_model to runs/I love my family/exp_video/result/self_supervised/exp0/round0/config_model_speaker.json
2026-01-13 21:23:47,984 - INFO: Face embedding dimension: 512
2026-01-13 21:23:47,988 - INFO: Loading face pretrained model from pretrained_models/pytorch_model_tongyi.bin
2026-01-13 21:23:50,545 - INFO: Face model weights loaded successfully
2026-01-13 21:26:36,036 - INFO: Extracting hidden features for all speaker samples, which are outputs of StatsPool layer...
2026-01-13 21:26:36,036 - INFO: args.unfrozen_layers_num=2 is not used when extracting hidden features.
2026-01-13 21:37:02,673 - INFO: Hidden features extracted for 19225 speaker samples
2026-01-13 21:37:02,836 - INFO: For training, Using face pseudo-label file: runs/I love my family/exp_video/result/self_supervised/exp0/initial/pseudo_label/pseudo_labels_faces_mid_frame_train_nested_hmm_full.json
2026-01-13 21:37:02,841 - INFO: For infering, Using face pseudo-label file: runs/I love my family/exp_video/result/self_supervised/exp0/initial/pseudo_label/pseudo_labels_faces_mid_frame_all_nested_hmm_full.json
2026-01-13 21:37:02,962 - INFO: Created face dataloader with 37219 samples
2026-01-13 21:37:02,966 - INFO: Warmup training speaker classifier for 2 epochs...
2026-01-13 21:37:03,729 - INFO: Epoch: [0][  0/301]	Time  0.760 ( 0.760)	Loss 2.4915e+00 (2.4915e+00)	Acc pseudo   6.25 (  6.25)	Lr 1.000e-03 (1.000e-03)
2026-01-13 21:37:03,869 - INFO: Epoch: [0][ 50/301]	Time  0.003 ( 0.018)	Loss 1.2754e+00 (1.6617e+00)	Acc pseudo  67.19 ( 55.82)	Lr 1.000e-03 (1.000e-03)
2026-01-13 21:37:04,011 - INFO: Epoch: [0][100/301]	Time  0.003 ( 0.010)	Loss 8.8551e-01 (1.3600e+00)	Acc pseudo  78.12 ( 63.89)	Lr 1.000e-03 (1.000e-03)
2026-01-13 21:37:04,136 - INFO: Epoch: [0][150/301]	Time  0.002 ( 0.008)	Loss 9.7044e-01 (1.2302e+00)	Acc pseudo  70.31 ( 67.08)	Lr 1.000e-03 (1.000e-03)
2026-01-13 21:37:04,264 - INFO: Epoch: [0][200/301]	Time  0.002 ( 0.006)	Loss 8.1575e-01 (1.1417e+00)	Acc pseudo  76.56 ( 68.98)	Lr 1.000e-03 (1.000e-03)
2026-01-13 21:37:04,396 - INFO: Epoch: [0][250/301]	Time  0.002 ( 0.006)	Loss 8.5400e-01 (1.0919e+00)	Acc pseudo  76.56 ( 70.12)	Lr 1.000e-03 (1.000e-03)
2026-01-13 21:37:04,520 - INFO: Epoch: [0][300/301]	Time  0.003 ( 0.005)	Loss 8.2881e-01 (1.0600e+00)	Acc pseudo  68.00 ( 70.93)	Lr 1.000e-03 (1.000e-03)
2026-01-13 21:37:04,580 - INFO: Round 0, Speaker Warmup Epoch 0: loss=1.0600, acc(pseudo)=70.93%
2026-01-13 21:37:04,807 - INFO: Epoch: [1][  0/301]	Time  0.223 ( 0.223)	Loss 1.0461e+00 (1.0461e+00)	Acc pseudo  71.88 ( 71.88)	Lr 1.000e-03 (1.000e-03)
2026-01-13 21:37:04,966 - INFO: Epoch: [1][ 50/301]	Time  0.002 ( 0.007)	Loss 6.8861e-01 (8.2198e-01)	Acc pseudo  79.69 ( 76.87)	Lr 1.000e-03 (1.000e-03)
2026-01-13 21:37:05,100 - INFO: Epoch: [1][100/301]	Time  0.002 ( 0.005)	Loss 6.9144e-01 (8.0421e-01)	Acc pseudo  78.12 ( 77.40)	Lr 1.000e-03 (1.000e-03)
2026-01-13 21:37:05,225 - INFO: Epoch: [1][150/301]	Time  0.002 ( 0.004)	Loss 8.1745e-01 (8.1137e-01)	Acc pseudo  62.50 ( 77.03)	Lr 1.000e-03 (1.000e-03)
2026-01-13 21:37:05,349 - INFO: Epoch: [1][200/301]	Time  0.002 ( 0.004)	Loss 9.0114e-01 (8.1708e-01)	Acc pseudo  76.56 ( 76.74)	Lr 1.000e-03 (1.000e-03)
2026-01-13 21:37:05,470 - INFO: Epoch: [1][250/301]	Time  0.002 ( 0.003)	Loss 1.0674e+00 (8.1667e-01)	Acc pseudo  78.12 ( 76.81)	Lr 1.000e-03 (1.000e-03)
2026-01-13 21:37:05,586 - INFO: Epoch: [1][300/301]	Time  0.002 ( 0.003)	Loss 8.7473e-01 (8.2143e-01)	Acc pseudo  68.00 ( 76.71)	Lr 1.000e-03 (1.000e-03)
2026-01-13 21:37:05,647 - INFO: Round 0, Speaker Warmup Epoch 1: loss=0.8214, acc(pseudo)=76.71%
2026-01-13 21:37:05,651 - INFO: Warmup training face classifier for 2 epochs...
2026-01-13 21:37:08,529 - INFO: Epoch: [0][  0/582]	Time  2.844 ( 2.844)	Loss 2.4211e+00 (2.4211e+00)	Acc pseudo   4.69 (  4.69)	Lr 1.000e-03 (1.000e-03)
2026-01-13 21:37:31,559 - INFO: Epoch: [0][ 50/582]	Time  0.024 ( 0.442)	Loss 1.6759e+00 (2.0420e+00)	Acc pseudo  51.56 ( 39.83)	Lr 1.000e-03 (1.000e-03)
2026-01-13 21:37:51,421 - INFO: Epoch: [0][100/582]	Time  0.795 ( 0.387)	Loss 1.1339e+00 (1.7661e+00)	Acc pseudo  68.75 ( 51.70)	Lr 1.000e-03 (1.000e-03)
2026-01-13 21:38:08,662 - INFO: Epoch: [0][150/582]	Time  0.024 ( 0.351)	Loss 1.1870e+00 (1.5854e+00)	Acc pseudo  70.31 ( 57.03)	Lr 1.000e-03 (1.000e-03)
2026-01-13 21:38:26,999 - INFO: Epoch: [0][200/582]	Time  0.024 ( 0.338)	Loss 8.6726e-01 (1.4674e+00)	Acc pseudo  78.12 ( 59.90)	Lr 1.000e-03 (1.000e-03)
2026-01-13 21:38:42,039 - INFO: Epoch: [0][250/582]	Time  0.025 ( 0.317)	Loss 1.0361e+00 (1.3817e+00)	Acc pseudo  64.06 ( 61.77)	Lr 1.000e-03 (1.000e-03)
2026-01-13 21:38:57,744 - INFO: Epoch: [0][300/582]	Time  0.024 ( 0.306)	Loss 7.2056e-01 (1.3087e+00)	Acc pseudo  76.56 ( 63.42)	Lr 1.000e-03 (1.000e-03)
2026-01-13 21:39:13,069 - INFO: Epoch: [0][350/582]	Time  0.040 ( 0.297)	Loss 6.9469e-01 (1.2550e+00)	Acc pseudo  82.81 ( 64.56)	Lr 1.000e-03 (1.000e-03)
2026-01-13 21:39:25,708 - INFO: Epoch: [0][400/582]	Time  0.024 ( 0.283)	Loss 6.4394e-01 (1.2075e+00)	Acc pseudo  81.25 ( 65.54)	Lr 1.000e-03 (1.000e-03)
2026-01-13 21:39:38,178 - INFO: Epoch: [0][450/582]	Time  0.027 ( 0.272)	Loss 9.1107e-01 (1.1713e+00)	Acc pseudo  79.69 ( 66.14)	Lr 1.000e-03 (1.000e-03)
2026-01-13 21:39:49,204 - INFO: Epoch: [0][500/582]	Time  0.029 ( 0.260)	Loss 6.1844e-01 (1.1445e+00)	Acc pseudo  79.69 ( 66.72)	Lr 1.000e-03 (1.000e-03)
2026-01-13 21:40:00,854 - INFO: Epoch: [0][550/582]	Time  0.026 ( 0.251)	Loss 1.0242e+00 (1.1188e+00)	Acc pseudo  73.44 ( 67.18)	Lr 1.000e-03 (1.000e-03)
2026-01-13 21:40:08,681 - INFO: Round 0, Face Warmup Epoch 0: loss=1.1046, acc(pseudo)=67.47%
2026-01-13 21:40:09,162 - INFO: Epoch: [1][  0/582]	Time  0.425 ( 0.425)	Loss 1.0127e+00 (1.0127e+00)	Acc pseudo  75.00 ( 75.00)	Lr 1.000e-03 (1.000e-03)
2026-01-13 21:40:14,064 - INFO: Epoch: [1][ 50/582]	Time  0.026 ( 0.039)	Loss 9.1762e-01 (8.4606e-01)	Acc pseudo  75.00 ( 72.27)	Lr 1.000e-03 (1.000e-03)
2026-01-13 21:40:18,744 - INFO: Epoch: [1][100/582]	Time  0.026 ( 0.035)	Loss 6.6740e-01 (8.2369e-01)	Acc pseudo  84.38 ( 72.90)	Lr 1.000e-03 (1.000e-03)
2026-01-13 21:40:23,433 - INFO: Epoch: [1][150/582]	Time  0.027 ( 0.032)	Loss 8.4127e-01 (8.0293e-01)	Acc pseudo  68.75 ( 73.44)	Lr 1.000e-03 (1.000e-03)
2026-01-13 21:40:28,124 - INFO: Epoch: [1][200/582]	Time  0.026 ( 0.031)	Loss 5.8569e-01 (8.0400e-01)	Acc pseudo  76.56 ( 73.39)	Lr 1.000e-03 (1.000e-03)
2026-01-13 21:40:32,819 - INFO: Epoch: [1][250/582]	Time  0.039 ( 0.031)	Loss 6.6578e-01 (8.0218e-01)	Acc pseudo  75.00 ( 73.38)	Lr 1.000e-03 (1.000e-03)
2026-01-13 21:40:37,520 - INFO: Epoch: [1][300/582]	Time  0.037 ( 0.033)	Loss 7.8516e-01 (8.0051e-01)	Acc pseudo  76.56 ( 73.47)	Lr 1.000e-03 (1.000e-03)
2026-01-13 21:40:42,221 - INFO: Epoch: [1][350/582]	Time  0.024 ( 0.033)	Loss 4.3569e-01 (7.9846e-01)	Acc pseudo  85.94 ( 73.56)	Lr 1.000e-03 (1.000e-03)
2026-01-13 21:40:46,914 - INFO: Epoch: [1][400/582]	Time  0.024 ( 0.032)	Loss 8.0797e-01 (7.9712e-01)	Acc pseudo  68.75 ( 73.57)	Lr 1.000e-03 (1.000e-03)
2026-01-13 21:40:51,611 - INFO: Epoch: [1][450/582]	Time  0.026 ( 0.031)	Loss 1.2433e+00 (7.9600e-01)	Acc pseudo  60.94 ( 73.61)	Lr 1.000e-03 (1.000e-03)
2026-01-13 21:40:56,389 - INFO: Epoch: [1][500/582]	Time  0.025 ( 0.031)	Loss 6.5411e-01 (7.9172e-01)	Acc pseudo  70.31 ( 73.71)	Lr 1.000e-03 (1.000e-03)
2026-01-13 21:41:01,171 - INFO: Epoch: [1][550/582]	Time  0.026 ( 0.030)	Loss 8.1653e-01 (7.9007e-01)	Acc pseudo  76.56 ( 73.65)	Lr 1.000e-03 (1.000e-03)
2026-01-13 21:41:04,155 - INFO: Round 0, Face Warmup Epoch 1: loss=0.7911, acc(pseudo)=73.65%
2026-01-13 21:41:04,165 - INFO: Fine-tuning speaker embedding model for 20 epochs...
2026-01-13 21:41:05,095 - INFO: Epoch: [0][  0/301]	Time  0.926 ( 0.926)	Loss 8.2364e-01 (8.2364e-01)	Acc pseudo  71.88 ( 71.88)	Lr 1.000e-03 (1.000e-03)
2026-01-13 21:41:05,254 - INFO: Epoch: [0][ 50/301]	Time  0.003 ( 0.021)	Loss 1.1052e+00 (1.0101e+00)	Acc pseudo  68.75 ( 71.88)	Lr 1.000e-03 (1.000e-03)
2026-01-13 21:41:05,403 - INFO: Epoch: [0][100/301]	Time  0.003 ( 0.012)	Loss 1.3899e+00 (9.7800e-01)	Acc pseudo  65.62 ( 72.25)	Lr 1.000e-03 (1.000e-03)
2026-01-13 21:41:05,550 - INFO: Epoch: [0][150/301]	Time  0.003 ( 0.009)	Loss 5.9875e-01 (9.6009e-01)	Acc pseudo  81.25 ( 72.53)	Lr 1.000e-03 (1.000e-03)
2026-01-13 21:41:05,697 - INFO: Epoch: [0][200/301]	Time  0.003 ( 0.008)	Loss 7.7145e-01 (9.4189e-01)	Acc pseudo  75.00 ( 72.87)	Lr 1.000e-03 (1.000e-03)
2026-01-13 21:41:05,834 - INFO: Epoch: [0][250/301]	Time  0.003 ( 0.007)	Loss 1.1968e+00 (9.3316e-01)	Acc pseudo  78.12 ( 73.01)	Lr 1.000e-03 (1.000e-03)
2026-01-13 21:41:05,966 - INFO: Epoch: [0][300/301]	Time  0.004 ( 0.006)	Loss 1.4505e+00 (9.3108e-01)	Acc pseudo  84.00 ( 73.11)	Lr 1.000e-03 (1.000e-03)
2026-01-13 21:41:06,029 - INFO: Round 0, Fine-tune Epoch 0: loss=0.9311, acc(pseudo)=73.11%
2026-01-13 21:41:13,335 - INFO: Round 0, Fine-tune Epoch 0: acc(valid_pseudo): 0.7635, acc: 0.6545
2026-01-13 21:41:13,886 - INFO: Epoch: [1][  0/301]	Time  0.224 ( 0.224)	Loss 7.2780e-01 (7.2780e-01)	Acc pseudo  70.31 ( 70.31)	Lr 1.000e-03 (1.000e-03)
2026-01-13 21:41:14,048 - INFO: Epoch: [1][ 50/301]	Time  0.003 ( 0.007)	Loss 8.4375e-01 (8.1367e-01)	Acc pseudo  73.44 ( 75.12)	Lr 1.000e-03 (1.000e-03)
2026-01-13 21:41:14,194 - INFO: Epoch: [1][100/301]	Time  0.003 ( 0.005)	Loss 1.2910e+00 (8.0143e-01)	Acc pseudo  73.44 ( 75.67)	Lr 1.000e-03 (1.000e-03)
2026-01-13 21:41:14,338 - INFO: Epoch: [1][150/301]	Time  0.003 ( 0.004)	Loss 7.7839e-01 (8.1629e-01)	Acc pseudo  75.00 ( 75.67)	Lr 1.000e-03 (1.000e-03)
2026-01-13 21:41:14,482 - INFO: Epoch: [1][200/301]	Time  0.003 ( 0.004)	Loss 9.2514e-01 (8.0957e-01)	Acc pseudo  71.88 ( 75.90)	Lr 1.000e-03 (1.000e-03)
2026-01-13 21:41:14,625 - INFO: Epoch: [1][250/301]	Time  0.003 ( 0.004)	Loss 7.9345e-01 (8.0756e-01)	Acc pseudo  71.88 ( 76.18)	Lr 1.000e-03 (1.000e-03)
2026-01-13 21:41:14,757 - INFO: Epoch: [1][300/301]	Time  0.002 ( 0.004)	Loss 1.0984e+00 (8.0941e-01)	Acc pseudo  68.00 ( 76.14)	Lr 1.000e-03 (1.000e-03)
2026-01-13 21:41:14,817 - INFO: Round 0, Fine-tune Epoch 1: loss=0.8094, acc(pseudo)=76.14%
2026-01-13 21:41:21,531 - INFO: Round 0, Fine-tune Epoch 1: acc(valid_pseudo): 0.8953, acc: 0.7640
2026-01-13 21:41:21,946 - INFO: Epoch: [2][  0/301]	Time  0.239 ( 0.239)	Loss 9.4171e-01 (9.4171e-01)	Acc pseudo  64.06 ( 64.06)	Lr 1.000e-03 (1.000e-03)
2026-01-13 21:41:22,113 - INFO: Epoch: [2][ 50/301]	Time  0.003 ( 0.008)	Loss 7.1230e-01 (7.4950e-01)	Acc pseudo  78.12 ( 76.35)	Lr 1.000e-03 (1.000e-03)
2026-01-13 21:41:22,260 - INFO: Epoch: [2][100/301]	Time  0.003 ( 0.005)	Loss 1.0447e+00 (7.5854e-01)	Acc pseudo  73.44 ( 77.03)	Lr 1.000e-03 (1.000e-03)
2026-01-13 21:41:22,403 - INFO: Epoch: [2][150/301]	Time  0.003 ( 0.005)	Loss 5.6805e-01 (7.5949e-01)	Acc pseudo  81.25 ( 77.25)	Lr 1.000e-03 (1.000e-03)
2026-01-13 21:41:22,543 - INFO: Epoch: [2][200/301]	Time  0.003 ( 0.004)	Loss 7.0214e-01 (7.6656e-01)	Acc pseudo  73.44 ( 77.04)	Lr 1.000e-03 (1.000e-03)
2026-01-13 21:41:22,692 - INFO: Epoch: [2][250/301]	Time  0.003 ( 0.004)	Loss 5.2932e-01 (7.6868e-01)	Acc pseudo  84.38 ( 76.90)	Lr 1.000e-03 (1.000e-03)
2026-01-13 21:41:22,833 - INFO: Epoch: [2][300/301]	Time  0.002 ( 0.004)	Loss 8.4765e-01 (7.6553e-01)	Acc pseudo  72.00 ( 76.97)	Lr 1.000e-03 (1.000e-03)
2026-01-13 21:41:22,910 - INFO: Round 0, Fine-tune Epoch 2: loss=0.7655, acc(pseudo)=76.97%
2026-01-13 21:41:29,788 - INFO: Round 0, Fine-tune Epoch 2: acc(valid_pseudo): 0.9122, acc: 0.7645
2026-01-13 21:41:30,189 - INFO: Epoch: [3][  0/301]	Time  0.233 ( 0.233)	Loss 6.6294e-01 (6.6294e-01)	Acc pseudo  79.69 ( 79.69)	Lr 1.000e-03 (1.000e-03)
2026-01-13 21:41:30,363 - INFO: Epoch: [3][ 50/301]	Time  0.003 ( 0.008)	Loss 5.3844e-01 (6.9679e-01)	Acc pseudo  84.38 ( 79.63)	Lr 1.000e-03 (1.000e-03)
2026-01-13 21:41:30,513 - INFO: Epoch: [3][100/301]	Time  0.003 ( 0.005)	Loss 7.7672e-01 (7.1901e-01)	Acc pseudo  75.00 ( 78.59)	Lr 1.000e-03 (1.000e-03)
2026-01-13 21:41:30,661 - INFO: Epoch: [3][150/301]	Time  0.003 ( 0.005)	Loss 4.0656e-01 (7.2316e-01)	Acc pseudo  85.94 ( 78.54)	Lr 1.000e-03 (1.000e-03)
2026-01-13 21:41:30,805 - INFO: Epoch: [3][200/301]	Time  0.003 ( 0.004)	Loss 6.4825e-01 (7.3349e-01)	Acc pseudo  81.25 ( 78.15)	Lr 1.000e-03 (1.000e-03)
2026-01-13 21:41:30,949 - INFO: Epoch: [3][250/301]	Time  0.003 ( 0.004)	Loss 1.0138e+00 (7.3301e-01)	Acc pseudo  68.75 ( 78.11)	Lr 1.000e-03 (1.000e-03)
2026-01-13 21:41:31,089 - INFO: Epoch: [3][300/301]	Time  0.002 ( 0.004)	Loss 6.3608e-01 (7.3749e-01)	Acc pseudo  80.00 ( 77.95)	Lr 1.000e-03 (1.000e-03)
2026-01-13 21:41:31,153 - INFO: Round 0, Fine-tune Epoch 3: loss=0.7375, acc(pseudo)=77.95%
2026-01-13 21:41:38,947 - INFO: Round 0, Fine-tune Epoch 3: acc(valid_pseudo): 0.9364, acc: 0.8175
2026-01-13 21:41:39,362 - INFO: Epoch: [4][  0/301]	Time  0.241 ( 0.241)	Loss 8.9665e-01 (8.9665e-01)	Acc pseudo  68.75 ( 68.75)	Lr 1.000e-03 (1.000e-03)
2026-01-13 21:41:39,527 - INFO: Epoch: [4][ 50/301]	Time  0.003 ( 0.008)	Loss 4.9678e-01 (7.0572e-01)	Acc pseudo  84.38 ( 78.31)	Lr 1.000e-03 (1.000e-03)
2026-01-13 21:41:39,679 - INFO: Epoch: [4][100/301]	Time  0.003 ( 0.005)	Loss 8.2481e-01 (7.0295e-01)	Acc pseudo  85.94 ( 78.26)	Lr 1.000e-03 (1.000e-03)
2026-01-13 21:41:39,826 - INFO: Epoch: [4][150/301]	Time  0.003 ( 0.005)	Loss 6.9441e-01 (7.1202e-01)	Acc pseudo  78.12 ( 78.34)	Lr 1.000e-03 (1.000e-03)
2026-01-13 21:41:39,973 - INFO: Epoch: [4][200/301]	Time  0.003 ( 0.004)	Loss 1.2714e+00 (7.1086e-01)	Acc pseudo  62.50 ( 78.23)	Lr 1.000e-03 (1.000e-03)
2026-01-13 21:41:40,124 - INFO: Epoch: [4][250/301]	Time  0.003 ( 0.004)	Loss 8.5791e-01 (7.0859e-01)	Acc pseudo  75.00 ( 78.29)	Lr 1.000e-03 (1.000e-03)
2026-01-13 21:41:40,265 - INFO: Epoch: [4][300/301]	Time  0.002 ( 0.004)	Loss 5.1736e-01 (7.1175e-01)	Acc pseudo  84.00 ( 78.22)	Lr 1.000e-03 (1.000e-03)
2026-01-13 21:41:40,331 - INFO: Round 0, Fine-tune Epoch 4: loss=0.7117, acc(pseudo)=78.22%
2026-01-13 21:41:47,263 - INFO: Round 0, Fine-tune Epoch 4: acc(valid_pseudo): 0.9277, acc: 0.7815
2026-01-13 21:41:47,263 - INFO: Round 0, Speaker Fine-tune Epoch 4: No improvement in validation accuracy. Patience(epoch): 1/3
2026-01-13 21:41:47,523 - INFO: Epoch: [5][  0/301]	Time  0.256 ( 0.256)	Loss 7.6121e-01 (7.6121e-01)	Acc pseudo  75.00 ( 75.00)	Lr 1.000e-03 (1.000e-03)
2026-01-13 21:41:47,692 - INFO: Epoch: [5][ 50/301]	Time  0.003 ( 0.008)	Loss 6.1794e-01 (6.8791e-01)	Acc pseudo  81.25 ( 79.29)	Lr 1.000e-03 (1.000e-03)
2026-01-13 21:41:47,842 - INFO: Epoch: [5][100/301]	Time  0.003 ( 0.006)	Loss 4.3399e-01 (6.8818e-01)	Acc pseudo  81.25 ( 79.08)	Lr 1.000e-03 (1.000e-03)
2026-01-13 21:41:48,005 - INFO: Epoch: [5][150/301]	Time  0.003 ( 0.005)	Loss 8.0892e-01 (7.0199e-01)	Acc pseudo  78.12 ( 78.55)	Lr 1.000e-03 (1.000e-03)
2026-01-13 21:41:48,154 - INFO: Epoch: [5][200/301]	Time  0.003 ( 0.004)	Loss 9.1049e-01 (7.0161e-01)	Acc pseudo  75.00 ( 78.54)	Lr 1.000e-03 (1.000e-03)
2026-01-13 21:41:48,293 - INFO: Epoch: [5][250/301]	Time  0.003 ( 0.004)	Loss 8.5519e-01 (7.0023e-01)	Acc pseudo  71.88 ( 78.49)	Lr 1.000e-03 (1.000e-03)
2026-01-13 21:41:48,426 - INFO: Epoch: [5][300/301]	Time  0.002 ( 0.004)	Loss 3.1590e-01 (6.9031e-01)	Acc pseudo  96.00 ( 78.90)	Lr 1.000e-03 (1.000e-03)
2026-01-13 21:41:48,487 - INFO: Round 0, Fine-tune Epoch 5: loss=0.6903, acc(pseudo)=78.90%
2026-01-13 21:41:55,824 - INFO: Round 0, Fine-tune Epoch 5: acc(valid_pseudo): 0.8752, acc: 0.7520
2026-01-13 21:41:55,824 - INFO: Round 0, Speaker Fine-tune Epoch 5: No improvement in validation accuracy. Patience(epoch): 2/3
2026-01-13 21:41:55,824 - INFO: Early stopping at epoch 5 due to significant drop in pseudo-label validation accuracy: 0.9277 -> 0.8752.
2026-01-13 21:41:55,825 - INFO: Round 0: Best speaker fine-tuned epoch=3, acc(valid_pseudo)=0.9364
2026-01-13 21:41:55,830 - INFO: Fine-tuning face embedding model for 20 epochs...
2026-01-13 21:41:56,354 - INFO: Epoch: [0][  0/582]	Time  0.521 ( 0.521)	Loss 6.1456e-01 (6.1456e-01)	Acc pseudo  78.12 ( 78.12)	Lr 1.000e-03 (1.000e-03)
2026-01-13 21:42:01,085 - INFO: Epoch: [0][ 50/582]	Time  0.028 ( 0.039)	Loss 2.2527e+00 (1.7036e+00)	Acc pseudo  57.81 ( 61.98)	Lr 1.000e-03 (1.000e-03)
2026-01-13 21:42:05,820 - INFO: Epoch: [0][100/582]	Time  0.027 ( 0.036)	Loss 9.7586e-01 (1.4697e+00)	Acc pseudo  70.31 ( 64.67)	Lr 1.000e-03 (1.000e-03)
2026-01-13 21:42:10,561 - INFO: Epoch: [0][150/582]	Time  0.028 ( 0.033)	Loss 8.1923e-01 (1.3025e+00)	Acc pseudo  67.19 ( 67.10)	Lr 1.000e-03 (1.000e-03)
2026-01-13 21:42:15,303 - INFO: Epoch: [0][200/582]	Time  0.028 ( 0.032)	Loss 5.4095e-01 (1.1735e+00)	Acc pseudo  82.81 ( 69.10)	Lr 1.000e-03 (1.000e-03)
2026-01-13 21:42:20,049 - INFO: Epoch: [0][250/582]	Time  0.028 ( 0.031)	Loss 5.8733e-01 (1.1108e+00)	Acc pseudo  71.88 ( 69.76)	Lr 1.000e-03 (1.000e-03)
2026-01-13 21:42:24,802 - INFO: Epoch: [0][300/582]	Time  0.027 ( 0.030)	Loss 7.2085e-01 (1.0478e+00)	Acc pseudo  76.56 ( 70.69)	Lr 1.000e-03 (1.000e-03)
2026-01-13 21:42:29,563 - INFO: Epoch: [0][350/582]	Time  0.041 ( 0.031)	Loss 3.8393e-01 (9.9733e-01)	Acc pseudo  87.50 ( 71.42)	Lr 1.000e-03 (1.000e-03)
2026-01-13 21:42:34,324 - INFO: Epoch: [0][400/582]	Time  0.027 ( 0.030)	Loss 3.9250e-01 (9.5787e-01)	Acc pseudo  85.94 ( 72.10)	Lr 1.000e-03 (1.000e-03)
2026-01-13 21:42:39,090 - INFO: Epoch: [0][450/582]	Time  0.031 ( 0.030)	Loss 5.9013e-01 (9.2267e-01)	Acc pseudo  76.56 ( 72.61)	Lr 1.000e-03 (1.000e-03)
2026-01-13 21:42:43,853 - INFO: Epoch: [0][500/582]	Time  0.029 ( 0.030)	Loss 5.8063e-01 (8.9736e-01)	Acc pseudo  78.12 ( 72.99)	Lr 1.000e-03 (1.000e-03)
2026-01-13 21:42:48,618 - INFO: Epoch: [0][550/582]	Time  0.028 ( 0.030)	Loss 6.5299e-01 (8.7379e-01)	Acc pseudo  75.00 ( 73.36)	Lr 1.000e-03 (1.000e-03)
2026-01-13 21:42:51,638 - INFO: Round 0, Face Fine-tune Epoch 0: loss=0.8597, acc(pseudo)=73.60%
2026-01-13 21:43:51,331 - INFO: Round 0, Face Fine-tune Epoch 0: acc(valid_pseudo): 0.9149, acc: 0.8257
2026-01-13 21:43:52,341 - INFO: Epoch: [1][  0/582]	Time  0.476 ( 0.476)	Loss 5.5013e-01 (5.5013e-01)	Acc pseudo  81.25 ( 81.25)	Lr 1.000e-03 (1.000e-03)
2026-01-13 21:43:57,099 - INFO: Epoch: [1][ 50/582]	Time  0.030 ( 0.038)	Loss 8.1389e-01 (5.4571e-01)	Acc pseudo  82.81 ( 80.67)	Lr 1.000e-03 (1.000e-03)
2026-01-13 21:44:01,863 - INFO: Epoch: [1][100/582]	Time  0.028 ( 0.033)	Loss 3.7475e-01 (5.2416e-01)	Acc pseudo  85.94 ( 80.74)	Lr 1.000e-03 (1.000e-03)
2026-01-13 21:44:06,631 - INFO: Epoch: [1][150/582]	Time  0.027 ( 0.032)	Loss 4.0752e-01 (5.0067e-01)	Acc pseudo  82.81 ( 81.43)	Lr 1.000e-03 (1.000e-03)
2026-01-13 21:44:11,400 - INFO: Epoch: [1][200/582]	Time  0.025 ( 0.031)	Loss 3.0041e-01 (5.0151e-01)	Acc pseudo  87.50 ( 81.50)	Lr 1.000e-03 (1.000e-03)
2026-01-13 21:44:16,172 - INFO: Epoch: [1][250/582]	Time  0.028 ( 0.031)	Loss 4.5130e-01 (5.0883e-01)	Acc pseudo  79.69 ( 81.31)	Lr 1.000e-03 (1.000e-03)
2026-01-13 21:44:20,941 - INFO: Epoch: [1][300/582]	Time  0.026 ( 0.030)	Loss 3.5603e-01 (5.0828e-01)	Acc pseudo  90.62 ( 81.30)	Lr 1.000e-03 (1.000e-03)
2026-01-13 21:44:25,709 - INFO: Epoch: [1][350/582]	Time  0.031 ( 0.030)	Loss 3.0645e-01 (5.1282e-01)	Acc pseudo  85.94 ( 81.11)	Lr 1.000e-03 (1.000e-03)
2026-01-13 21:44:30,479 - INFO: Epoch: [1][400/582]	Time  0.028 ( 0.030)	Loss 6.6846e-01 (5.1159e-01)	Acc pseudo  70.31 ( 81.06)	Lr 1.000e-03 (1.000e-03)
2026-01-13 21:44:35,249 - INFO: Epoch: [1][450/582]	Time  0.043 ( 0.029)	Loss 6.2701e-01 (5.1615e-01)	Acc pseudo  73.44 ( 81.00)	Lr 1.000e-03 (1.000e-03)
2026-01-13 21:44:40,025 - INFO: Epoch: [1][500/582]	Time  0.027 ( 0.030)	Loss 6.0320e-01 (5.1430e-01)	Acc pseudo  75.00 ( 81.08)	Lr 1.000e-03 (1.000e-03)
2026-01-13 21:44:44,793 - INFO: Epoch: [1][550/582]	Time  0.029 ( 0.030)	Loss 7.1112e-01 (5.1537e-01)	Acc pseudo  79.69 ( 81.02)	Lr 1.000e-03 (1.000e-03)
2026-01-13 21:44:47,818 - INFO: Round 0, Face Fine-tune Epoch 1: loss=0.5178, acc(pseudo)=81.00%
2026-01-13 21:45:47,426 - INFO: Round 0, Face Fine-tune Epoch 1: acc(valid_pseudo): 0.9327, acc: 0.8218
2026-01-13 21:45:48,468 - INFO: Epoch: [2][  0/582]	Time  0.482 ( 0.482)	Loss 2.4645e-01 (2.4645e-01)	Acc pseudo  85.94 ( 85.94)	Lr 1.000e-03 (1.000e-03)
2026-01-13 21:45:53,229 - INFO: Epoch: [2][ 50/582]	Time  0.028 ( 0.039)	Loss 5.1481e-01 (4.2952e-01)	Acc pseudo  78.12 ( 82.87)	Lr 1.000e-03 (1.000e-03)
2026-01-13 21:45:57,996 - INFO: Epoch: [2][100/582]	Time  0.028 ( 0.035)	Loss 5.2713e-01 (4.5202e-01)	Acc pseudo  81.25 ( 82.27)	Lr 1.000e-03 (1.000e-03)
2026-01-13 21:46:02,764 - INFO: Epoch: [2][150/582]	Time  0.040 ( 0.033)	Loss 6.8584e-01 (4.5329e-01)	Acc pseudo  79.69 ( 82.56)	Lr 1.000e-03 (1.000e-03)
2026-01-13 21:46:07,527 - INFO: Epoch: [2][200/582]	Time  0.027 ( 0.032)	Loss 4.0887e-01 (4.5930e-01)	Acc pseudo  79.69 ( 82.73)	Lr 1.000e-03 (1.000e-03)
2026-01-13 21:46:12,291 - INFO: Epoch: [2][250/582]	Time  0.027 ( 0.031)	Loss 5.3291e-01 (4.5962e-01)	Acc pseudo  78.12 ( 82.76)	Lr 1.000e-03 (1.000e-03)
2026-01-13 21:46:17,056 - INFO: Epoch: [2][300/582]	Time  0.026 ( 0.030)	Loss 8.0262e-01 (4.6346e-01)	Acc pseudo  78.12 ( 82.64)	Lr 1.000e-03 (1.000e-03)
2026-01-13 21:46:21,817 - INFO: Epoch: [2][350/582]	Time  0.027 ( 0.030)	Loss 3.4697e-01 (4.6056e-01)	Acc pseudo  89.06 ( 82.75)	Lr 1.000e-03 (1.000e-03)
2026-01-13 21:46:26,678 - INFO: Epoch: [2][400/582]	Time  0.028 ( 0.030)	Loss 5.3953e-01 (4.6577e-01)	Acc pseudo  84.38 ( 82.59)	Lr 1.000e-03 (1.000e-03)
2026-01-13 21:46:31,441 - INFO: Epoch: [2][450/582]	Time  0.029 ( 0.030)	Loss 5.6227e-01 (4.6823e-01)	Acc pseudo  79.69 ( 82.50)	Lr 1.000e-03 (1.000e-03)
2026-01-13 21:46:36,204 - INFO: Epoch: [2][500/582]	Time  0.028 ( 0.029)	Loss 4.1510e-01 (4.6827e-01)	Acc pseudo  78.12 ( 82.44)	Lr 1.000e-03 (1.000e-03)
2026-01-13 21:46:40,966 - INFO: Epoch: [2][550/582]	Time  0.027 ( 0.029)	Loss 5.0694e-01 (4.6794e-01)	Acc pseudo  81.25 ( 82.46)	Lr 1.000e-03 (1.000e-03)
2026-01-13 21:46:44,004 - INFO: Round 0, Face Fine-tune Epoch 2: loss=0.4685, acc(pseudo)=82.40%
2026-01-13 21:47:42,461 - INFO: Round 0, Face Fine-tune Epoch 2: acc(valid_pseudo): 0.9394, acc: 0.8354
2026-01-13 21:47:43,296 - INFO: Epoch: [3][  0/582]	Time  0.458 ( 0.458)	Loss 5.4621e-01 (5.4621e-01)	Acc pseudo  75.00 ( 75.00)	Lr 1.000e-03 (1.000e-03)
2026-01-13 21:47:48,047 - INFO: Epoch: [3][ 50/582]	Time  0.028 ( 0.039)	Loss 3.8037e-01 (4.5698e-01)	Acc pseudo  87.50 ( 83.15)	Lr 1.000e-03 (1.000e-03)
2026-01-13 21:47:52,799 - INFO: Epoch: [3][100/582]	Time  0.028 ( 0.034)	Loss 6.5636e-01 (4.5410e-01)	Acc pseudo  78.12 ( 83.03)	Lr 1.000e-03 (1.000e-03)
2026-01-13 21:47:57,620 - INFO: Epoch: [3][150/582]	Time  0.026 ( 0.033)	Loss 3.4215e-01 (4.4171e-01)	Acc pseudo  85.94 ( 83.23)	Lr 1.000e-03 (1.000e-03)
2026-01-13 21:48:02,417 - INFO: Epoch: [3][200/582]	Time  0.028 ( 0.032)	Loss 3.3963e-01 (4.3245e-01)	Acc pseudo  85.94 ( 83.50)	Lr 1.000e-03 (1.000e-03)
2026-01-13 21:48:07,174 - INFO: Epoch: [3][250/582]	Time  0.028 ( 0.031)	Loss 5.9609e-01 (4.3069e-01)	Acc pseudo  81.25 ( 83.56)	Lr 1.000e-03 (1.000e-03)
2026-01-13 21:48:11,936 - INFO: Epoch: [3][300/582]	Time  0.027 ( 0.031)	Loss 2.8245e-01 (4.2595e-01)	Acc pseudo  89.06 ( 83.71)	Lr 1.000e-03 (1.000e-03)
2026-01-13 21:48:16,698 - INFO: Epoch: [3][350/582]	Time  0.027 ( 0.031)	Loss 3.3329e-01 (4.2219e-01)	Acc pseudo  89.06 ( 83.73)	Lr 1.000e-03 (1.000e-03)
2026-01-13 21:48:21,455 - INFO: Epoch: [3][400/582]	Time  0.029 ( 0.030)	Loss 5.7656e-01 (4.2390e-01)	Acc pseudo  76.56 ( 83.81)	Lr 1.000e-03 (1.000e-03)
2026-01-13 21:48:26,213 - INFO: Epoch: [3][450/582]	Time  0.028 ( 0.030)	Loss 6.4282e-01 (4.2540e-01)	Acc pseudo  81.25 ( 83.77)	Lr 1.000e-03 (1.000e-03)
2026-01-13 21:48:30,971 - INFO: Epoch: [3][500/582]	Time  0.027 ( 0.030)	Loss 3.5956e-01 (4.2726e-01)	Acc pseudo  82.81 ( 83.61)	Lr 1.000e-03 (1.000e-03)
2026-01-13 21:48:35,726 - INFO: Epoch: [3][550/582]	Time  0.028 ( 0.030)	Loss 7.4453e-01 (4.3115e-01)	Acc pseudo  79.69 ( 83.54)	Lr 1.000e-03 (1.000e-03)
2026-01-13 21:48:38,748 - INFO: Round 0, Face Fine-tune Epoch 3: loss=0.4322, acc(pseudo)=83.53%
2026-01-13 21:49:38,096 - INFO: Round 0, Face Fine-tune Epoch 3: acc(valid_pseudo): 0.9508, acc: 0.8364
2026-01-13 21:49:38,928 - INFO: Epoch: [4][  0/582]	Time  0.466 ( 0.466)	Loss 4.9773e-01 (4.9773e-01)	Acc pseudo  85.94 ( 85.94)	Lr 1.000e-03 (1.000e-03)
2026-01-13 21:49:43,682 - INFO: Epoch: [4][ 50/582]	Time  0.027 ( 0.039)	Loss 5.6581e-01 (3.9601e-01)	Acc pseudo  76.56 ( 83.61)	Lr 1.000e-03 (1.000e-03)
2026-01-13 21:49:48,433 - INFO: Epoch: [4][100/582]	Time  0.030 ( 0.033)	Loss 4.9670e-01 (3.7752e-01)	Acc pseudo  78.12 ( 84.78)	Lr 1.000e-03 (1.000e-03)
2026-01-13 21:49:53,186 - INFO: Epoch: [4][150/582]	Time  0.027 ( 0.032)	Loss 3.0781e-01 (3.7738e-01)	Acc pseudo  87.50 ( 84.83)	Lr 1.000e-03 (1.000e-03)
2026-01-13 21:49:57,937 - INFO: Epoch: [4][200/582]	Time  0.026 ( 0.031)	Loss 4.5754e-01 (3.7323e-01)	Acc pseudo  85.94 ( 84.94)	Lr 1.000e-03 (1.000e-03)
2026-01-13 21:50:02,698 - INFO: Epoch: [4][250/582]	Time  0.039 ( 0.031)	Loss 2.3990e-01 (3.8341e-01)	Acc pseudo  90.62 ( 84.90)	Lr 1.000e-03 (1.000e-03)
2026-01-13 21:50:07,458 - INFO: Epoch: [4][300/582]	Time  0.028 ( 0.030)	Loss 3.4933e-01 (3.8640e-01)	Acc pseudo  92.19 ( 84.93)	Lr 1.000e-03 (1.000e-03)
2026-01-13 21:50:12,217 - INFO: Epoch: [4][350/582]	Time  0.030 ( 0.030)	Loss 3.2966e-01 (3.8832e-01)	Acc pseudo  81.25 ( 84.86)	Lr 1.000e-03 (1.000e-03)
2026-01-13 21:50:17,035 - INFO: Epoch: [4][400/582]	Time  0.028 ( 0.030)	Loss 3.9539e-01 (3.9352e-01)	Acc pseudo  82.81 ( 84.63)	Lr 1.000e-03 (1.000e-03)
2026-01-13 21:50:21,795 - INFO: Epoch: [4][450/582]	Time  0.027 ( 0.030)	Loss 4.3814e-01 (3.9448e-01)	Acc pseudo  79.69 ( 84.56)	Lr 1.000e-03 (1.000e-03)
2026-01-13 21:50:26,561 - INFO: Epoch: [4][500/582]	Time  0.027 ( 0.030)	Loss 2.4345e-01 (3.9658e-01)	Acc pseudo  87.50 ( 84.51)	Lr 1.000e-03 (1.000e-03)
2026-01-13 21:50:31,326 - INFO: Epoch: [4][550/582]	Time  0.027 ( 0.030)	Loss 2.6452e-01 (3.9983e-01)	Acc pseudo  89.06 ( 84.34)	Lr 1.000e-03 (1.000e-03)
2026-01-13 21:50:34,352 - INFO: Round 0, Face Fine-tune Epoch 4: loss=0.3985, acc(pseudo)=84.37%
2026-01-13 21:51:32,939 - INFO: Round 0, Face Fine-tune Epoch 4: acc(valid_pseudo): 0.9542, acc: 0.8432
2026-01-13 21:51:33,948 - INFO: Epoch: [5][  0/582]	Time  0.468 ( 0.468)	Loss 3.5127e-01 (3.5127e-01)	Acc pseudo  82.81 ( 82.81)	Lr 1.000e-03 (1.000e-03)
2026-01-13 21:51:38,699 - INFO: Epoch: [5][ 50/582]	Time  0.031 ( 0.038)	Loss 3.4717e-01 (3.5158e-01)	Acc pseudo  89.06 ( 85.75)	Lr 1.000e-03 (1.000e-03)
2026-01-13 21:51:43,448 - INFO: Epoch: [5][100/582]	Time  0.027 ( 0.033)	Loss 3.0003e-01 (3.6827e-01)	Acc pseudo  84.38 ( 84.95)	Lr 1.000e-03 (1.000e-03)
2026-01-13 21:51:48,197 - INFO: Epoch: [5][150/582]	Time  0.029 ( 0.032)	Loss 4.6362e-01 (3.7686e-01)	Acc pseudo  87.50 ( 85.09)	Lr 1.000e-03 (1.000e-03)
2026-01-13 21:51:52,948 - INFO: Epoch: [5][200/582]	Time  0.041 ( 0.031)	Loss 5.1800e-01 (3.7579e-01)	Acc pseudo  76.56 ( 85.00)	Lr 1.000e-03 (1.000e-03)
2026-01-13 21:51:57,699 - INFO: Epoch: [5][250/582]	Time  0.029 ( 0.031)	Loss 3.5381e-01 (3.8052e-01)	Acc pseudo  82.81 ( 85.14)	Lr 1.000e-03 (1.000e-03)
2026-01-13 21:52:02,449 - INFO: Epoch: [5][300/582]	Time  0.028 ( 0.031)	Loss 4.5654e-01 (3.7690e-01)	Acc pseudo  89.06 ( 85.13)	Lr 1.000e-03 (1.000e-03)
2026-01-13 21:52:07,200 - INFO: Epoch: [5][350/582]	Time  0.036 ( 0.030)	Loss 3.1460e-01 (3.7618e-01)	Acc pseudo  85.94 ( 85.24)	Lr 1.000e-03 (1.000e-03)
2026-01-13 21:52:11,949 - INFO: Epoch: [5][400/582]	Time  0.028 ( 0.030)	Loss 3.6887e-01 (3.8155e-01)	Acc pseudo  85.94 ( 85.10)	Lr 1.000e-03 (1.000e-03)
2026-01-13 21:52:16,701 - INFO: Epoch: [5][450/582]	Time  0.029 ( 0.030)	Loss 2.8459e-01 (3.8629e-01)	Acc pseudo  87.50 ( 84.90)	Lr 1.000e-03 (1.000e-03)
2026-01-13 21:52:21,454 - INFO: Epoch: [5][500/582]	Time  0.026 ( 0.030)	Loss 7.4503e-01 (3.9020e-01)	Acc pseudo  82.81 ( 84.83)	Lr 1.000e-03 (1.000e-03)
2026-01-13 21:52:26,227 - INFO: Epoch: [5][550/582]	Time  0.027 ( 0.030)	Loss 5.1701e-01 (3.9021e-01)	Acc pseudo  81.25 ( 84.85)	Lr 1.000e-03 (1.000e-03)
2026-01-13 21:52:29,319 - INFO: Round 0, Face Fine-tune Epoch 5: loss=0.3934, acc(pseudo)=84.79%
2026-01-13 21:53:28,329 - INFO: Round 0, Face Fine-tune Epoch 5: acc(valid_pseudo): 0.9622, acc: 0.8598
2026-01-13 21:53:29,348 - INFO: Epoch: [6][  0/582]	Time  0.465 ( 0.465)	Loss 3.3844e-01 (3.3844e-01)	Acc pseudo  90.62 ( 90.62)	Lr 1.000e-03 (1.000e-03)
2026-01-13 21:53:34,100 - INFO: Epoch: [6][ 50/582]	Time  0.029 ( 0.038)	Loss 2.7754e-01 (3.5085e-01)	Acc pseudo  89.06 ( 85.20)	Lr 1.000e-03 (1.000e-03)
2026-01-13 21:53:38,854 - INFO: Epoch: [6][100/582]	Time  0.029 ( 0.033)	Loss 4.3838e-01 (3.5657e-01)	Acc pseudo  79.69 ( 85.46)	Lr 1.000e-03 (1.000e-03)
2026-01-13 21:53:43,610 - INFO: Epoch: [6][150/582]	Time  0.029 ( 0.032)	Loss 7.5373e-01 (3.6731e-01)	Acc pseudo  82.81 ( 85.21)	Lr 1.000e-03 (1.000e-03)
2026-01-13 21:53:48,370 - INFO: Epoch: [6][200/582]	Time  0.029 ( 0.031)	Loss 4.6082e-01 (3.6059e-01)	Acc pseudo  76.56 ( 85.29)	Lr 1.000e-03 (1.000e-03)
2026-01-13 21:53:53,128 - INFO: Epoch: [6][250/582]	Time  0.027 ( 0.030)	Loss 4.4178e-01 (3.5967e-01)	Acc pseudo  87.50 ( 85.30)	Lr 1.000e-03 (1.000e-03)
2026-01-13 21:53:57,884 - INFO: Epoch: [6][300/582]	Time  0.028 ( 0.030)	Loss 5.6868e-01 (3.6022e-01)	Acc pseudo  82.81 ( 85.19)	Lr 1.000e-03 (1.000e-03)
2026-01-13 21:54:02,640 - INFO: Epoch: [6][350/582]	Time  0.028 ( 0.030)	Loss 3.8498e-01 (3.6369e-01)	Acc pseudo  82.81 ( 85.04)	Lr 1.000e-03 (1.000e-03)
2026-01-13 21:54:07,576 - INFO: Epoch: [6][400/582]	Time  0.026 ( 0.030)	Loss 5.2296e-01 (3.6392e-01)	Acc pseudo  81.25 ( 85.20)	Lr 1.000e-03 (1.000e-03)
2026-01-13 21:54:12,334 - INFO: Epoch: [6][450/582]	Time  0.028 ( 0.030)	Loss 2.5596e-01 (3.6908e-01)	Acc pseudo  87.50 ( 85.07)	Lr 1.000e-03 (1.000e-03)
2026-01-13 21:54:17,094 - INFO: Epoch: [6][500/582]	Time  0.027 ( 0.029)	Loss 4.8022e-01 (3.7172e-01)	Acc pseudo  79.69 ( 84.96)	Lr 1.000e-03 (1.000e-03)
2026-01-13 21:54:21,854 - INFO: Epoch: [6][550/582]	Time  0.026 ( 0.029)	Loss 3.9593e-01 (3.7281e-01)	Acc pseudo  81.25 ( 84.88)	Lr 1.000e-03 (1.000e-03)
2026-01-13 21:54:24,877 - INFO: Round 0, Face Fine-tune Epoch 6: loss=0.3742, acc(pseudo)=84.91%
2026-01-13 21:55:23,581 - INFO: Round 0, Face Fine-tune Epoch 6: acc(valid_pseudo): 0.9590, acc: 0.8374
2026-01-13 21:55:23,582 - INFO: Round 0, Face Fine-tune Epoch 6: No improvement. Patience(epoch): 1/3
2026-01-13 21:55:24,092 - INFO: Epoch: [7][  0/582]	Time  0.462 ( 0.462)	Loss 5.7061e-01 (5.7061e-01)	Acc pseudo  71.88 ( 71.88)	Lr 1.000e-03 (1.000e-03)
2026-01-13 21:55:28,846 - INFO: Epoch: [7][ 50/582]	Time  0.027 ( 0.038)	Loss 2.1769e-01 (3.6077e-01)	Acc pseudo  89.06 ( 85.45)	Lr 1.000e-03 (1.000e-03)
2026-01-13 21:55:33,603 - INFO: Epoch: [7][100/582]	Time  0.026 ( 0.033)	Loss 3.8299e-01 (3.5994e-01)	Acc pseudo  79.69 ( 85.57)	Lr 1.000e-03 (1.000e-03)
2026-01-13 21:55:38,421 - INFO: Epoch: [7][150/582]	Time  0.027 ( 0.032)	Loss 2.3124e-01 (3.5925e-01)	Acc pseudo  89.06 ( 85.48)	Lr 1.000e-03 (1.000e-03)
2026-01-13 21:55:43,269 - INFO: Epoch: [7][200/582]	Time  0.028 ( 0.031)	Loss 2.5880e-01 (3.5071e-01)	Acc pseudo  90.62 ( 85.83)	Lr 1.000e-03 (1.000e-03)
2026-01-13 21:55:48,030 - INFO: Epoch: [7][250/582]	Time  0.029 ( 0.031)	Loss 3.4298e-01 (3.4863e-01)	Acc pseudo  84.38 ( 85.91)	Lr 1.000e-03 (1.000e-03)
2026-01-13 21:55:52,789 - INFO: Epoch: [7][300/582]	Time  0.028 ( 0.030)	Loss 3.4808e-01 (3.5402e-01)	Acc pseudo  84.38 ( 85.83)	Lr 1.000e-03 (1.000e-03)
2026-01-13 21:55:57,550 - INFO: Epoch: [7][350/582]	Time  0.030 ( 0.030)	Loss 5.5877e-01 (3.5213e-01)	Acc pseudo  78.12 ( 85.91)	Lr 1.000e-03 (1.000e-03)
2026-01-13 21:56:02,312 - INFO: Epoch: [7][400/582]	Time  0.027 ( 0.030)	Loss 4.1947e-01 (3.5433e-01)	Acc pseudo  85.94 ( 86.06)	Lr 1.000e-03 (1.000e-03)
2026-01-13 21:56:07,074 - INFO: Epoch: [7][450/582]	Time  0.027 ( 0.029)	Loss 3.3640e-01 (3.5620e-01)	Acc pseudo  87.50 ( 86.00)	Lr 1.000e-03 (1.000e-03)
2026-01-13 21:56:11,833 - INFO: Epoch: [7][500/582]	Time  0.026 ( 0.029)	Loss 4.0459e-01 (3.5751e-01)	Acc pseudo  84.38 ( 85.93)	Lr 1.000e-03 (1.000e-03)
2026-01-13 21:56:16,594 - INFO: Epoch: [7][550/582]	Time  0.036 ( 0.029)	Loss 2.4250e-01 (3.5943e-01)	Acc pseudo  89.06 ( 85.79)	Lr 1.000e-03 (1.000e-03)
2026-01-13 21:56:19,621 - INFO: Round 0, Face Fine-tune Epoch 7: loss=0.3609, acc(pseudo)=85.79%
2026-01-13 21:57:20,238 - INFO: Round 0, Face Fine-tune Epoch 7: acc(valid_pseudo): 0.9652, acc: 0.8491
2026-01-13 21:57:21,050 - INFO: Epoch: [8][  0/582]	Time  0.447 ( 0.447)	Loss 3.1705e-01 (3.1705e-01)	Acc pseudo  87.50 ( 87.50)	Lr 1.000e-03 (1.000e-03)
2026-01-13 21:57:25,807 - INFO: Epoch: [8][ 50/582]	Time  0.027 ( 0.038)	Loss 1.4745e-01 (3.1369e-01)	Acc pseudo  92.19 ( 87.04)	Lr 1.000e-03 (1.000e-03)
2026-01-13 21:57:30,570 - INFO: Epoch: [8][100/582]	Time  0.028 ( 0.034)	Loss 2.4808e-01 (3.0022e-01)	Acc pseudo  87.50 ( 86.96)	Lr 1.000e-03 (1.000e-03)
2026-01-13 21:57:35,335 - INFO: Epoch: [8][150/582]	Time  0.028 ( 0.032)	Loss 3.1797e-01 (2.9994e-01)	Acc pseudo  84.38 ( 86.86)	Lr 1.000e-03 (1.000e-03)
2026-01-13 21:57:40,099 - INFO: Epoch: [8][200/582]	Time  0.034 ( 0.031)	Loss 5.2012e-01 (3.2195e-01)	Acc pseudo  82.81 ( 86.38)	Lr 1.000e-03 (1.000e-03)
2026-01-13 21:57:44,865 - INFO: Epoch: [8][250/582]	Time  0.028 ( 0.031)	Loss 2.2091e-01 (3.2109e-01)	Acc pseudo  89.06 ( 86.37)	Lr 1.000e-03 (1.000e-03)
2026-01-13 21:57:49,628 - INFO: Epoch: [8][300/582]	Time  0.028 ( 0.030)	Loss 4.1274e-01 (3.3436e-01)	Acc pseudo  84.38 ( 86.14)	Lr 1.000e-03 (1.000e-03)
2026-01-13 21:57:54,391 - INFO: Epoch: [8][350/582]	Time  0.029 ( 0.030)	Loss 1.7922e-01 (3.3564e-01)	Acc pseudo  92.19 ( 86.03)	Lr 1.000e-03 (1.000e-03)
2026-01-13 21:57:59,159 - INFO: Epoch: [8][400/582]	Time  0.027 ( 0.030)	Loss 2.0678e-01 (3.4000e-01)	Acc pseudo  90.62 ( 85.98)	Lr 1.000e-03 (1.000e-03)
2026-01-13 21:58:03,924 - INFO: Epoch: [8][450/582]	Time  0.028 ( 0.030)	Loss 1.4204e-01 (3.4268e-01)	Acc pseudo  96.88 ( 85.88)	Lr 1.000e-03 (1.000e-03)
2026-01-13 21:58:08,687 - INFO: Epoch: [8][500/582]	Time  0.027 ( 0.029)	Loss 2.2581e-01 (3.4397e-01)	Acc pseudo  92.19 ( 85.85)	Lr 1.000e-03 (1.000e-03)
2026-01-13 21:58:13,451 - INFO: Epoch: [8][550/582]	Time  0.029 ( 0.029)	Loss 3.0911e-01 (3.4463e-01)	Acc pseudo  89.06 ( 85.84)	Lr 1.000e-03 (1.000e-03)
2026-01-13 21:58:16,489 - INFO: Round 0, Face Fine-tune Epoch 8: loss=0.3458, acc(pseudo)=85.85%
2026-01-13 21:59:14,939 - INFO: Round 0, Face Fine-tune Epoch 8: acc(valid_pseudo): 0.9653, acc: 0.8500
2026-01-13 21:59:15,736 - INFO: Epoch: [9][  0/582]	Time  0.439 ( 0.439)	Loss 1.2869e-01 (1.2869e-01)	Acc pseudo  96.88 ( 96.88)	Lr 1.000e-03 (1.000e-03)
2026-01-13 21:59:20,495 - INFO: Epoch: [9][ 50/582]	Time  0.029 ( 0.038)	Loss 3.2126e-01 (3.0030e-01)	Acc pseudo  87.50 ( 87.71)	Lr 1.000e-03 (1.000e-03)
2026-01-13 21:59:25,261 - INFO: Epoch: [9][100/582]	Time  0.028 ( 0.033)	Loss 3.6076e-01 (3.0632e-01)	Acc pseudo  79.69 ( 87.59)	Lr 1.000e-03 (1.000e-03)
2026-01-13 21:59:30,026 - INFO: Epoch: [9][150/582]	Time  0.028 ( 0.031)	Loss 9.1842e-01 (3.1141e-01)	Acc pseudo  78.12 ( 87.50)	Lr 1.000e-03 (1.000e-03)
2026-01-13 21:59:34,787 - INFO: Epoch: [9][200/582]	Time  0.027 ( 0.031)	Loss 2.5065e-01 (3.1029e-01)	Acc pseudo  92.19 ( 87.18)	Lr 1.000e-03 (1.000e-03)
2026-01-13 21:59:39,550 - INFO: Epoch: [9][250/582]	Time  0.028 ( 0.030)	Loss 2.2494e-01 (3.0615e-01)	Acc pseudo  87.50 ( 87.24)	Lr 1.000e-03 (1.000e-03)
2026-01-13 21:59:44,313 - INFO: Epoch: [9][300/582]	Time  0.027 ( 0.030)	Loss 5.1809e-01 (3.1002e-01)	Acc pseudo  81.25 ( 87.07)	Lr 1.000e-03 (1.000e-03)
2026-01-13 21:59:49,076 - INFO: Epoch: [9][350/582]	Time  0.027 ( 0.030)	Loss 3.6099e-01 (3.1274e-01)	Acc pseudo  82.81 ( 87.09)	Lr 1.000e-03 (1.000e-03)
2026-01-13 21:59:53,839 - INFO: Epoch: [9][400/582]	Time  0.028 ( 0.029)	Loss 2.3854e-01 (3.1643e-01)	Acc pseudo  89.06 ( 87.02)	Lr 1.000e-03 (1.000e-03)
2026-01-13 21:59:58,601 - INFO: Epoch: [9][450/582]	Time  0.027 ( 0.029)	Loss 2.2666e-01 (3.2142e-01)	Acc pseudo  90.62 ( 86.79)	Lr 1.000e-03 (1.000e-03)
2026-01-13 22:00:03,363 - INFO: Epoch: [9][500/582]	Time  0.029 ( 0.029)	Loss 3.2469e-01 (3.2803e-01)	Acc pseudo  84.38 ( 86.57)	Lr 1.000e-03 (1.000e-03)
2026-01-13 22:00:08,126 - INFO: Epoch: [9][550/582]	Time  0.027 ( 0.029)	Loss 4.7297e-01 (3.3120e-01)	Acc pseudo  82.81 ( 86.46)	Lr 1.000e-03 (1.000e-03)
2026-01-13 22:00:11,177 - INFO: Round 0, Face Fine-tune Epoch 9: loss=0.3301, acc(pseudo)=86.51%
2026-01-13 22:01:10,844 - INFO: Round 0, Face Fine-tune Epoch 9: acc(valid_pseudo): 0.9672, acc: 0.8539
2026-01-13 22:01:11,806 - INFO: Epoch: [10][  0/582]	Time  0.641 ( 0.641)	Loss 2.3128e-01 (2.3128e-01)	Acc pseudo  96.88 ( 96.88)	Lr 1.000e-03 (1.000e-03)
2026-01-13 22:01:16,565 - INFO: Epoch: [10][ 50/582]	Time  0.028 ( 0.043)	Loss 4.6412e-01 (3.3372e-01)	Acc pseudo  81.25 ( 86.67)	Lr 1.000e-03 (1.000e-03)
2026-01-13 22:01:21,326 - INFO: Epoch: [10][100/582]	Time  0.028 ( 0.035)	Loss 1.9864e-01 (3.1852e-01)	Acc pseudo  89.06 ( 87.45)	Lr 1.000e-03 (1.000e-03)
2026-01-13 22:01:26,087 - INFO: Epoch: [10][150/582]	Time  0.028 ( 0.033)	Loss 3.1850e-01 (3.1533e-01)	Acc pseudo  82.81 ( 87.23)	Lr 1.000e-03 (1.000e-03)
2026-01-13 22:01:30,850 - INFO: Epoch: [10][200/582]	Time  0.039 ( 0.032)	Loss 3.9653e-01 (3.1931e-01)	Acc pseudo  85.94 ( 87.14)	Lr 1.000e-03 (1.000e-03)
2026-01-13 22:01:35,618 - INFO: Epoch: [10][250/582]	Time  0.029 ( 0.032)	Loss 3.1403e-01 (3.2286e-01)	Acc pseudo  85.94 ( 87.15)	Lr 1.000e-03 (1.000e-03)
2026-01-13 22:01:40,399 - INFO: Epoch: [10][300/582]	Time  0.042 ( 0.031)	Loss 5.8710e-01 (3.2451e-01)	Acc pseudo  87.50 ( 86.92)	Lr 1.000e-03 (1.000e-03)
2026-01-13 22:01:45,162 - INFO: Epoch: [10][350/582]	Time  0.028 ( 0.031)	Loss 5.3457e-01 (3.2792e-01)	Acc pseudo  81.25 ( 86.82)	Lr 1.000e-03 (1.000e-03)
2026-01-13 22:01:49,925 - INFO: Epoch: [10][400/582]	Time  0.039 ( 0.030)	Loss 3.8474e-01 (3.3012e-01)	Acc pseudo  87.50 ( 86.72)	Lr 1.000e-03 (1.000e-03)
2026-01-13 22:01:54,694 - INFO: Epoch: [10][450/582]	Time  0.030 ( 0.031)	Loss 1.9502e-01 (3.3268e-01)	Acc pseudo  87.50 ( 86.62)	Lr 1.000e-03 (1.000e-03)
2026-01-13 22:01:59,462 - INFO: Epoch: [10][500/582]	Time  0.028 ( 0.031)	Loss 5.1305e-01 (3.3575e-01)	Acc pseudo  78.12 ( 86.47)	Lr 1.000e-03 (1.000e-03)
2026-01-13 22:02:04,226 - INFO: Epoch: [10][550/582]	Time  0.026 ( 0.031)	Loss 1.8600e-01 (3.3745e-01)	Acc pseudo  87.50 ( 86.48)	Lr 1.000e-03 (1.000e-03)
2026-01-13 22:02:07,253 - INFO: Round 0, Face Fine-tune Epoch 10: loss=0.3393, acc(pseudo)=86.45%
2026-01-13 22:03:06,148 - INFO: Round 0, Face Fine-tune Epoch 10: acc(valid_pseudo): 0.9726, acc: 0.8510
2026-01-13 22:03:06,971 - INFO: Epoch: [11][  0/582]	Time  0.455 ( 0.455)	Loss 1.5930e-01 (1.5930e-01)	Acc pseudo  92.19 ( 92.19)	Lr 1.000e-03 (1.000e-03)
2026-01-13 22:03:11,729 - INFO: Epoch: [11][ 50/582]	Time  0.027 ( 0.041)	Loss 3.8715e-01 (3.1164e-01)	Acc pseudo  85.94 ( 87.50)	Lr 1.000e-03 (1.000e-03)
2026-01-13 22:03:16,594 - INFO: Epoch: [11][100/582]	Time  0.027 ( 0.037)	Loss 1.7269e-01 (2.9090e-01)	Acc pseudo  89.06 ( 87.69)	Lr 1.000e-03 (1.000e-03)
2026-01-13 22:03:21,388 - INFO: Epoch: [11][150/582]	Time  0.041 ( 0.034)	Loss 3.1051e-01 (2.9793e-01)	Acc pseudo  85.94 ( 87.79)	Lr 1.000e-03 (1.000e-03)
2026-01-13 22:03:26,154 - INFO: Epoch: [11][200/582]	Time  0.029 ( 0.034)	Loss 2.7672e-01 (2.9864e-01)	Acc pseudo  82.81 ( 87.68)	Lr 1.000e-03 (1.000e-03)
2026-01-13 22:03:30,917 - INFO: Epoch: [11][250/582]	Time  0.027 ( 0.033)	Loss 1.4398e-01 (3.0433e-01)	Acc pseudo  92.19 ( 87.54)	Lr 1.000e-03 (1.000e-03)
2026-01-13 22:03:35,678 - INFO: Epoch: [11][300/582]	Time  0.027 ( 0.032)	Loss 3.8293e-01 (3.0528e-01)	Acc pseudo  82.81 ( 87.54)	Lr 1.000e-03 (1.000e-03)
2026-01-13 22:03:40,441 - INFO: Epoch: [11][350/582]	Time  0.027 ( 0.031)	Loss 3.6733e-01 (3.0978e-01)	Acc pseudo  84.38 ( 87.42)	Lr 1.000e-03 (1.000e-03)
2026-01-13 22:03:45,203 - INFO: Epoch: [11][400/582]	Time  0.029 ( 0.031)	Loss 3.2125e-01 (3.0725e-01)	Acc pseudo  84.38 ( 87.45)	Lr 1.000e-03 (1.000e-03)
2026-01-13 22:03:49,967 - INFO: Epoch: [11][450/582]	Time  0.027 ( 0.031)	Loss 2.5362e-01 (3.0445e-01)	Acc pseudo  90.62 ( 87.52)	Lr 1.000e-03 (1.000e-03)
2026-01-13 22:03:54,732 - INFO: Epoch: [11][500/582]	Time  0.028 ( 0.030)	Loss 4.0243e-01 (3.0934e-01)	Acc pseudo  87.50 ( 87.35)	Lr 1.000e-03 (1.000e-03)
2026-01-13 22:03:59,495 - INFO: Epoch: [11][550/582]	Time  0.029 ( 0.030)	Loss 2.0601e-01 (3.1313e-01)	Acc pseudo  93.75 ( 87.21)	Lr 1.000e-03 (1.000e-03)
2026-01-13 22:04:02,524 - INFO: Round 0, Face Fine-tune Epoch 11: loss=0.3115, acc(pseudo)=87.22%
2026-01-13 22:05:02,303 - INFO: Round 0, Face Fine-tune Epoch 11: acc(valid_pseudo): 0.9712, acc: 0.8520
2026-01-13 22:05:02,303 - INFO: Round 0, Face Fine-tune Epoch 11: No improvement. Patience(epoch): 1/3
2026-01-13 22:05:02,848 - INFO: Epoch: [12][  0/582]	Time  0.509 ( 0.509)	Loss 2.8327e-01 (2.8327e-01)	Acc pseudo  85.94 ( 85.94)	Lr 1.000e-03 (1.000e-03)
2026-01-13 22:05:07,606 - INFO: Epoch: [12][ 50/582]	Time  0.028 ( 0.039)	Loss 2.8728e-01 (2.8686e-01)	Acc pseudo  89.06 ( 88.17)	Lr 1.000e-03 (1.000e-03)
2026-01-13 22:05:12,365 - INFO: Epoch: [12][100/582]	Time  0.028 ( 0.033)	Loss 4.6230e-01 (2.8436e-01)	Acc pseudo  76.56 ( 88.17)	Lr 1.000e-03 (1.000e-03)
2026-01-13 22:05:17,124 - INFO: Epoch: [12][150/582]	Time  0.028 ( 0.032)	Loss 1.2951e-01 (2.8609e-01)	Acc pseudo  92.19 ( 87.99)	Lr 1.000e-03 (1.000e-03)
2026-01-13 22:05:21,885 - INFO: Epoch: [12][200/582]	Time  0.029 ( 0.031)	Loss 4.1636e-01 (2.8808e-01)	Acc pseudo  89.06 ( 87.97)	Lr 1.000e-03 (1.000e-03)
2026-01-13 22:05:26,646 - INFO: Epoch: [12][250/582]	Time  0.029 ( 0.030)	Loss 2.0422e-01 (2.9386e-01)	Acc pseudo  89.06 ( 87.92)	Lr 1.000e-03 (1.000e-03)
2026-01-13 22:05:31,410 - INFO: Epoch: [12][300/582]	Time  0.027 ( 0.030)	Loss 3.7313e-01 (3.0194e-01)	Acc pseudo  81.25 ( 87.68)	Lr 1.000e-03 (1.000e-03)
2026-01-13 22:05:36,229 - INFO: Epoch: [12][350/582]	Time  0.070 ( 0.030)	Loss 3.3571e-01 (3.0811e-01)	Acc pseudo  87.50 ( 87.46)	Lr 1.000e-03 (1.000e-03)
2026-01-13 22:05:40,999 - INFO: Epoch: [12][400/582]	Time  0.027 ( 0.031)	Loss 5.1846e-01 (3.1384e-01)	Acc pseudo  84.38 ( 87.24)	Lr 1.000e-03 (1.000e-03)
2026-01-13 22:05:45,767 - INFO: Epoch: [12][450/582]	Time  0.028 ( 0.031)	Loss 1.9275e-01 (3.1615e-01)	Acc pseudo  92.19 ( 87.16)	Lr 1.000e-03 (1.000e-03)
2026-01-13 22:05:50,534 - INFO: Epoch: [12][500/582]	Time  0.027 ( 0.031)	Loss 2.4360e-01 (3.1517e-01)	Acc pseudo  89.06 ( 87.22)	Lr 1.000e-03 (1.000e-03)
2026-01-13 22:05:55,298 - INFO: Epoch: [12][550/582]	Time  0.028 ( 0.031)	Loss 3.9777e-01 (3.1812e-01)	Acc pseudo  82.81 ( 87.18)	Lr 1.000e-03 (1.000e-03)
2026-01-13 22:05:58,330 - INFO: Round 0, Face Fine-tune Epoch 12: loss=0.3200, acc(pseudo)=87.16%
2026-01-13 22:06:57,059 - INFO: Round 0, Face Fine-tune Epoch 12: acc(valid_pseudo): 0.9670, acc: 0.8452
2026-01-13 22:06:57,061 - INFO: Round 0, Face Fine-tune Epoch 12: No improvement. Patience(epoch): 2/3
2026-01-13 22:06:57,559 - INFO: Epoch: [13][  0/582]	Time  0.453 ( 0.453)	Loss 2.0718e-01 (2.0718e-01)	Acc pseudo  90.62 ( 90.62)	Lr 1.000e-03 (1.000e-03)
2026-01-13 22:07:02,321 - INFO: Epoch: [13][ 50/582]	Time  0.029 ( 0.040)	Loss 2.0955e-01 (3.0642e-01)	Acc pseudo  92.19 ( 86.86)	Lr 1.000e-03 (1.000e-03)
2026-01-13 22:07:07,123 - INFO: Epoch: [13][100/582]	Time  0.030 ( 0.034)	Loss 1.8536e-01 (2.9804e-01)	Acc pseudo  92.19 ( 87.24)	Lr 1.000e-03 (1.000e-03)
2026-01-13 22:07:11,889 - INFO: Epoch: [13][150/582]	Time  0.026 ( 0.032)	Loss 1.0514e-01 (2.9799e-01)	Acc pseudo  93.75 ( 87.26)	Lr 1.000e-03 (1.000e-03)
2026-01-13 22:07:16,658 - INFO: Epoch: [13][200/582]	Time  0.027 ( 0.032)	Loss 2.9325e-01 (3.0928e-01)	Acc pseudo  87.50 ( 87.13)	Lr 1.000e-03 (1.000e-03)
2026-01-13 22:07:21,421 - INFO: Epoch: [13][250/582]	Time  0.027 ( 0.031)	Loss 5.4243e-01 (3.1282e-01)	Acc pseudo  82.81 ( 87.05)	Lr 1.000e-03 (1.000e-03)
2026-01-13 22:07:26,183 - INFO: Epoch: [13][300/582]	Time  0.027 ( 0.031)	Loss 3.4382e-01 (3.1032e-01)	Acc pseudo  84.38 ( 87.08)	Lr 1.000e-03 (1.000e-03)
2026-01-13 22:07:30,949 - INFO: Epoch: [13][350/582]	Time  0.027 ( 0.030)	Loss 2.5897e-01 (3.1230e-01)	Acc pseudo  87.50 ( 87.01)	Lr 1.000e-03 (1.000e-03)
2026-01-13 22:07:35,714 - INFO: Epoch: [13][400/582]	Time  0.027 ( 0.030)	Loss 4.5047e-01 (3.1254e-01)	Acc pseudo  85.94 ( 87.08)	Lr 1.000e-03 (1.000e-03)
2026-01-13 22:07:40,478 - INFO: Epoch: [13][450/582]	Time  0.026 ( 0.030)	Loss 4.2647e-01 (3.1193e-01)	Acc pseudo  84.38 ( 87.09)	Lr 1.000e-03 (1.000e-03)
2026-01-13 22:07:45,243 - INFO: Epoch: [13][500/582]	Time  0.028 ( 0.030)	Loss 3.5215e-01 (3.1361e-01)	Acc pseudo  85.94 ( 87.19)	Lr 1.000e-03 (1.000e-03)
2026-01-13 22:07:50,007 - INFO: Epoch: [13][550/582]	Time  0.027 ( 0.030)	Loss 5.5668e-01 (3.1589e-01)	Acc pseudo  84.38 ( 87.21)	Lr 1.000e-03 (1.000e-03)
2026-01-13 22:07:53,038 - INFO: Round 0, Face Fine-tune Epoch 13: loss=0.3154, acc(pseudo)=87.24%
2026-01-13 22:08:51,917 - INFO: Round 0, Face Fine-tune Epoch 13: acc(valid_pseudo): 0.9691, acc: 0.8539
2026-01-13 22:08:51,919 - INFO: Round 0, Face Fine-tune Epoch 13: No improvement. Patience(epoch): 3/3
2026-01-13 22:08:51,919 - INFO: Early stopping at face epoch 13
2026-01-13 22:08:51,920 - INFO: Round 0: Best face fine-tuned epoch=10, acc(valid_pseudo)=0.9726
2026-01-13 22:08:51,966 - INFO: Using HMM model from previous round: runs/I love my family/exp_video/result/self_supervised/exp0/initial/pseudo_label/hmm_params.pkl
2026-01-13 23:33:41,954 - INFO: Round 0: speaker_acc=0.8605
2026-01-13 23:33:41,960 - INFO: Round 0: face_acc=0.8530
2026-01-13 23:33:41,963 - INFO: ====================
2026-01-13 23:33:41,963 - INFO: Round 1: Fine-tuning iteration
2026-01-13 23:33:41,963 - INFO: ====================
2026-01-13 23:33:41,997 - INFO: Round 1 Part 1: Fine-tuning embedding model
2026-01-13 23:33:41,998 - INFO: Using pseudo-label file: runs/I love my family/exp_video/result/self_supervised/exp0/round0/pseudo_label/pseudo_labels_audio_nested_hmm_full(unreliable_pp=100.0).json
2026-01-13 23:33:42,028 - INFO: For training, Using face pseudo-label file: runs/I love my family/exp_video/result/self_supervised/exp0/round0/pseudo_label/pseudo_labels_faces_mid_frame_train_nested_hmm_full.json
2026-01-13 23:33:42,028 - INFO: For infering, Using face pseudo-label file: runs/I love my family/exp_video/result/self_supervised/exp0/round0/pseudo_label/pseudo_labels_faces_mid_frame_all_nested_hmm_full.json
2026-01-13 23:33:42,157 - INFO: Created face dataloader with 37219 samples
2026-01-13 23:33:42,171 - INFO: Fine-tuning speaker embedding model for 20 epochs...
2026-01-13 23:33:42,836 - INFO: Epoch: [0][  0/301]	Time  0.648 ( 0.648)	Loss 6.8149e-01 (6.8149e-01)	Acc pseudo  84.38 ( 84.38)	Lr 1.000e-03 (1.000e-03)
2026-01-13 23:33:43,022 - INFO: Epoch: [0][ 50/301]	Time  0.003 ( 0.016)	Loss 8.1575e-01 (6.7385e-01)	Acc pseudo  71.88 ( 80.88)	Lr 1.000e-03 (1.000e-03)
2026-01-13 23:33:43,173 - INFO: Epoch: [0][100/301]	Time  0.003 ( 0.010)	Loss 5.4141e-01 (6.6764e-01)	Acc pseudo  82.81 ( 80.65)	Lr 1.000e-03 (1.000e-03)
2026-01-13 23:33:43,320 - INFO: Epoch: [0][150/301]	Time  0.003 ( 0.007)	Loss 5.5336e-01 (6.7388e-01)	Acc pseudo  79.69 ( 80.77)	Lr 1.000e-03 (1.000e-03)
2026-01-13 23:33:43,465 - INFO: Epoch: [0][200/301]	Time  0.003 ( 0.006)	Loss 5.5921e-01 (6.5913e-01)	Acc pseudo  84.38 ( 80.90)	Lr 1.000e-03 (1.000e-03)
2026-01-13 23:33:43,608 - INFO: Epoch: [0][250/301]	Time  0.003 ( 0.006)	Loss 5.9385e-01 (6.6458e-01)	Acc pseudo  79.69 ( 80.75)	Lr 1.000e-03 (1.000e-03)
2026-01-13 23:33:43,745 - INFO: Epoch: [0][300/301]	Time  0.002 ( 0.005)	Loss 3.0654e-01 (6.6308e-01)	Acc pseudo  92.00 ( 80.97)	Lr 1.000e-03 (1.000e-03)
2026-01-13 23:33:43,809 - INFO: Round 1, Fine-tune Epoch 0: loss=0.6631, acc(pseudo)=80.97%
2026-01-13 23:33:50,440 - INFO: Round 1, Fine-tune Epoch 0: acc(valid_pseudo): 0.9181, acc: 0.7995
2026-01-13 23:33:50,855 - INFO: Epoch: [1][  0/301]	Time  0.239 ( 0.239)	Loss 1.0136e+00 (1.0136e+00)	Acc pseudo  75.00 ( 75.00)	Lr 1.000e-03 (1.000e-03)
2026-01-13 23:33:51,032 - INFO: Epoch: [1][ 50/301]	Time  0.003 ( 0.008)	Loss 3.6903e-01 (5.7406e-01)	Acc pseudo  84.38 ( 81.62)	Lr 1.000e-03 (1.000e-03)
2026-01-13 23:33:51,184 - INFO: Epoch: [1][100/301]	Time  0.003 ( 0.006)	Loss 6.2205e-01 (5.7038e-01)	Acc pseudo  84.38 ( 82.13)	Lr 1.000e-03 (1.000e-03)
2026-01-13 23:33:51,335 - INFO: Epoch: [1][150/301]	Time  0.003 ( 0.005)	Loss 6.0530e-01 (5.7689e-01)	Acc pseudo  81.25 ( 82.23)	Lr 1.000e-03 (1.000e-03)
2026-01-13 23:33:51,480 - INFO: Epoch: [1][200/301]	Time  0.003 ( 0.004)	Loss 5.0647e-01 (5.8220e-01)	Acc pseudo  87.50 ( 82.18)	Lr 1.000e-03 (1.000e-03)
2026-01-13 23:33:51,625 - INFO: Epoch: [1][250/301]	Time  0.003 ( 0.004)	Loss 3.3740e-01 (5.8798e-01)	Acc pseudo  92.19 ( 82.34)	Lr 1.000e-03 (1.000e-03)
2026-01-13 23:33:51,764 - INFO: Epoch: [1][300/301]	Time  0.002 ( 0.004)	Loss 4.0683e-01 (5.9479e-01)	Acc pseudo  80.00 ( 82.08)	Lr 1.000e-03 (1.000e-03)
2026-01-13 23:33:51,826 - INFO: Round 1, Fine-tune Epoch 1: loss=0.5948, acc(pseudo)=82.08%
2026-01-13 23:33:58,828 - INFO: Round 1, Fine-tune Epoch 1: acc(valid_pseudo): 0.9493, acc: 0.8430
2026-01-13 23:33:59,244 - INFO: Epoch: [2][  0/301]	Time  0.238 ( 0.238)	Loss 7.3791e-01 (7.3791e-01)	Acc pseudo  85.94 ( 85.94)	Lr 1.000e-03 (1.000e-03)
2026-01-13 23:33:59,424 - INFO: Epoch: [2][ 50/301]	Time  0.003 ( 0.008)	Loss 4.6950e-01 (5.6040e-01)	Acc pseudo  79.69 ( 82.81)	Lr 1.000e-03 (1.000e-03)
2026-01-13 23:33:59,579 - INFO: Epoch: [2][100/301]	Time  0.003 ( 0.006)	Loss 7.8168e-01 (5.4473e-01)	Acc pseudo  75.00 ( 83.09)	Lr 1.000e-03 (1.000e-03)
2026-01-13 23:33:59,729 - INFO: Epoch: [2][150/301]	Time  0.003 ( 0.005)	Loss 4.0197e-01 (5.6187e-01)	Acc pseudo  87.50 ( 83.06)	Lr 1.000e-03 (1.000e-03)
2026-01-13 23:33:59,882 - INFO: Epoch: [2][200/301]	Time  0.003 ( 0.004)	Loss 5.0820e-01 (5.6443e-01)	Acc pseudo  81.25 ( 82.91)	Lr 1.000e-03 (1.000e-03)
2026-01-13 23:34:00,035 - INFO: Epoch: [2][250/301]	Time  0.003 ( 0.004)	Loss 5.3576e-01 (5.7083e-01)	Acc pseudo  75.00 ( 82.46)	Lr 1.000e-03 (1.000e-03)
2026-01-13 23:34:00,178 - INFO: Epoch: [2][300/301]	Time  0.002 ( 0.004)	Loss 8.3844e-01 (5.7719e-01)	Acc pseudo  68.00 ( 82.41)	Lr 1.000e-03 (1.000e-03)
2026-01-13 23:34:00,243 - INFO: Round 1, Fine-tune Epoch 2: loss=0.5772, acc(pseudo)=82.41%
2026-01-13 23:34:07,914 - INFO: Round 1, Fine-tune Epoch 2: acc(valid_pseudo): 0.9006, acc: 0.8340
2026-01-13 23:34:07,915 - INFO: Round 1, Speaker Fine-tune Epoch 2: No improvement in validation accuracy. Patience(epoch): 1/3
2026-01-13 23:34:08,145 - INFO: Epoch: [3][  0/301]	Time  0.226 ( 0.226)	Loss 6.4066e-01 (6.4066e-01)	Acc pseudo  78.12 ( 78.12)	Lr 1.000e-03 (1.000e-03)
2026-01-13 23:34:08,314 - INFO: Epoch: [3][ 50/301]	Time  0.003 ( 0.008)	Loss 9.3451e-01 (5.6444e-01)	Acc pseudo  75.00 ( 84.28)	Lr 1.000e-03 (1.000e-03)
2026-01-13 23:34:08,469 - INFO: Epoch: [3][100/301]	Time  0.003 ( 0.005)	Loss 3.5811e-01 (5.5720e-01)	Acc pseudo  84.38 ( 83.79)	Lr 1.000e-03 (1.000e-03)
2026-01-13 23:34:08,616 - INFO: Epoch: [3][150/301]	Time  0.003 ( 0.005)	Loss 6.3433e-01 (5.5514e-01)	Acc pseudo  85.94 ( 83.77)	Lr 1.000e-03 (1.000e-03)
2026-01-13 23:34:08,762 - INFO: Epoch: [3][200/301]	Time  0.003 ( 0.004)	Loss 3.5296e-01 (5.4868e-01)	Acc pseudo  87.50 ( 83.82)	Lr 1.000e-03 (1.000e-03)
2026-01-13 23:34:08,905 - INFO: Epoch: [3][250/301]	Time  0.003 ( 0.004)	Loss 4.6464e-01 (5.4720e-01)	Acc pseudo  87.50 ( 83.61)	Lr 1.000e-03 (1.000e-03)
2026-01-13 23:34:09,041 - INFO: Epoch: [3][300/301]	Time  0.002 ( 0.004)	Loss 6.1895e-01 (5.5146e-01)	Acc pseudo  84.00 ( 83.42)	Lr 1.000e-03 (1.000e-03)
2026-01-13 23:34:09,107 - INFO: Round 1, Fine-tune Epoch 3: loss=0.5515, acc(pseudo)=83.42%
2026-01-13 23:34:16,583 - INFO: Round 1, Fine-tune Epoch 3: acc(valid_pseudo): 0.9350, acc: 0.8240
2026-01-13 23:34:16,583 - INFO: Round 1, Speaker Fine-tune Epoch 3: No improvement in validation accuracy. Patience(epoch): 2/3
2026-01-13 23:34:16,818 - INFO: Epoch: [4][  0/301]	Time  0.230 ( 0.230)	Loss 6.9856e-01 (6.9856e-01)	Acc pseudo  79.69 ( 79.69)	Lr 1.000e-03 (1.000e-03)
2026-01-13 23:34:16,998 - INFO: Epoch: [4][ 50/301]	Time  0.003 ( 0.008)	Loss 4.5090e-01 (5.1408e-01)	Acc pseudo  84.38 ( 85.08)	Lr 1.000e-03 (1.000e-03)
2026-01-13 23:34:17,155 - INFO: Epoch: [4][100/301]	Time  0.003 ( 0.006)	Loss 4.7773e-01 (5.2436e-01)	Acc pseudo  89.06 ( 83.94)	Lr 1.000e-03 (1.000e-03)
2026-01-13 23:34:17,304 - INFO: Epoch: [4][150/301]	Time  0.003 ( 0.005)	Loss 4.0251e-01 (5.1743e-01)	Acc pseudo  79.69 ( 84.20)	Lr 1.000e-03 (1.000e-03)
2026-01-13 23:34:17,455 - INFO: Epoch: [4][200/301]	Time  0.003 ( 0.004)	Loss 4.1048e-01 (5.2549e-01)	Acc pseudo  85.94 ( 84.08)	Lr 1.000e-03 (1.000e-03)
2026-01-13 23:34:17,603 - INFO: Epoch: [4][250/301]	Time  0.003 ( 0.004)	Loss 6.7211e-01 (5.2946e-01)	Acc pseudo  79.69 ( 83.93)	Lr 1.000e-03 (1.000e-03)
2026-01-13 23:34:17,742 - INFO: Epoch: [4][300/301]	Time  0.002 ( 0.004)	Loss 5.4041e-01 (5.3794e-01)	Acc pseudo  80.00 ( 83.65)	Lr 1.000e-03 (1.000e-03)
2026-01-13 23:34:17,804 - INFO: Round 1, Fine-tune Epoch 4: loss=0.5379, acc(pseudo)=83.65%
2026-01-13 23:34:24,688 - INFO: Round 1, Fine-tune Epoch 4: acc(valid_pseudo): 0.8912, acc: 0.7540
2026-01-13 23:34:24,688 - INFO: Round 1, Speaker Fine-tune Epoch 4: No improvement in validation accuracy. Patience(epoch): 3/3
2026-01-13 23:34:24,688 - INFO: Early stopping at epoch 4 due to no improvement in validation accuracy for 3 epochs.
2026-01-13 23:34:24,689 - INFO: Round 1: Best speaker fine-tuned epoch=1, acc(valid_pseudo)=0.9493
2026-01-13 23:34:24,694 - INFO: Fine-tuning face embedding model for 20 epochs...
2026-01-13 23:34:25,624 - INFO: Epoch: [0][  0/582]	Time  0.897 ( 0.897)	Loss 3.0719e-01 (3.0719e-01)	Acc pseudo  87.50 ( 87.50)	Lr 1.000e-03 (1.000e-03)
2026-01-13 23:34:30,338 - INFO: Epoch: [0][ 50/582]	Time  0.028 ( 0.047)	Loss 5.1912e-01 (4.3636e-01)	Acc pseudo  84.38 ( 86.12)	Lr 1.000e-03 (1.000e-03)
2026-01-13 23:34:35,062 - INFO: Epoch: [0][100/582]	Time  0.030 ( 0.039)	Loss 4.6309e-01 (4.1469e-01)	Acc pseudo  79.69 ( 86.28)	Lr 1.000e-03 (1.000e-03)
2026-01-13 23:34:39,786 - INFO: Epoch: [0][150/582]	Time  0.027 ( 0.036)	Loss 3.3756e-01 (3.9751e-01)	Acc pseudo  82.81 ( 86.55)	Lr 1.000e-03 (1.000e-03)
2026-01-13 23:34:44,514 - INFO: Epoch: [0][200/582]	Time  0.034 ( 0.034)	Loss 2.4719e-01 (3.8227e-01)	Acc pseudo  85.94 ( 86.96)	Lr 1.000e-03 (1.000e-03)
2026-01-13 23:34:49,242 - INFO: Epoch: [0][250/582]	Time  0.030 ( 0.033)	Loss 3.7938e-01 (3.9609e-01)	Acc pseudo  79.69 ( 86.78)	Lr 1.000e-03 (1.000e-03)
2026-01-13 23:34:53,971 - INFO: Epoch: [0][300/582]	Time  0.027 ( 0.032)	Loss 2.7457e-01 (3.9402e-01)	Acc pseudo  87.50 ( 86.66)	Lr 1.000e-03 (1.000e-03)
2026-01-13 23:34:58,777 - INFO: Epoch: [0][350/582]	Time  0.028 ( 0.032)	Loss 1.7104e-01 (3.9141e-01)	Acc pseudo  93.75 ( 86.64)	Lr 1.000e-03 (1.000e-03)
2026-01-13 23:35:03,541 - INFO: Epoch: [0][400/582]	Time  0.026 ( 0.032)	Loss 1.9076e-01 (3.8914e-01)	Acc pseudo  92.19 ( 86.71)	Lr 1.000e-03 (1.000e-03)
2026-01-13 23:35:08,272 - INFO: Epoch: [0][450/582]	Time  0.028 ( 0.031)	Loss 3.0701e-01 (3.8882e-01)	Acc pseudo  87.50 ( 86.71)	Lr 1.000e-03 (1.000e-03)
2026-01-13 23:35:13,005 - INFO: Epoch: [0][500/582]	Time  0.027 ( 0.031)	Loss 1.9964e-01 (3.8858e-01)	Acc pseudo  85.94 ( 86.66)	Lr 1.000e-03 (1.000e-03)
2026-01-13 23:35:17,742 - INFO: Epoch: [0][550/582]	Time  0.036 ( 0.031)	Loss 1.7106e-01 (3.8498e-01)	Acc pseudo  92.19 ( 86.73)	Lr 1.000e-03 (1.000e-03)
2026-01-13 23:35:20,749 - INFO: Round 1, Face Fine-tune Epoch 0: loss=0.3861, acc(pseudo)=86.69%
2026-01-13 23:36:19,275 - INFO: Round 1, Face Fine-tune Epoch 0: acc(valid_pseudo): 0.9694, acc: 0.8530
2026-01-13 23:36:20,095 - INFO: Epoch: [1][  0/582]	Time  0.456 ( 0.456)	Loss 2.3993e-01 (2.3993e-01)	Acc pseudo  89.06 ( 89.06)	Lr 1.000e-03 (1.000e-03)
2026-01-13 23:36:24,830 - INFO: Epoch: [1][ 50/582]	Time  0.027 ( 0.038)	Loss 2.4639e-01 (3.1907e-01)	Acc pseudo  92.19 ( 87.65)	Lr 1.000e-03 (1.000e-03)
2026-01-13 23:36:29,566 - INFO: Epoch: [1][100/582]	Time  0.029 ( 0.033)	Loss 8.0314e-01 (3.2911e-01)	Acc pseudo  81.25 ( 87.95)	Lr 1.000e-03 (1.000e-03)
2026-01-13 23:36:34,304 - INFO: Epoch: [1][150/582]	Time  0.027 ( 0.032)	Loss 4.2818e-01 (3.2817e-01)	Acc pseudo  82.81 ( 88.43)	Lr 1.000e-03 (1.000e-03)
2026-01-13 23:36:39,052 - INFO: Epoch: [1][200/582]	Time  0.028 ( 0.031)	Loss 1.7708e-01 (3.3084e-01)	Acc pseudo  92.19 ( 88.35)	Lr 1.000e-03 (1.000e-03)
2026-01-13 23:36:43,802 - INFO: Epoch: [1][250/582]	Time  0.026 ( 0.031)	Loss 2.8155e-01 (3.2600e-01)	Acc pseudo  85.94 ( 88.37)	Lr 1.000e-03 (1.000e-03)
2026-01-13 23:36:48,548 - INFO: Epoch: [1][300/582]	Time  0.029 ( 0.030)	Loss 2.9069e-01 (3.2177e-01)	Acc pseudo  89.06 ( 88.49)	Lr 1.000e-03 (1.000e-03)
2026-01-13 23:36:53,297 - INFO: Epoch: [1][350/582]	Time  0.027 ( 0.030)	Loss 2.5696e-01 (3.2749e-01)	Acc pseudo  85.94 ( 88.20)	Lr 1.000e-03 (1.000e-03)
2026-01-13 23:36:58,046 - INFO: Epoch: [1][400/582]	Time  0.028 ( 0.030)	Loss 6.9661e-01 (3.3002e-01)	Acc pseudo  79.69 ( 88.15)	Lr 1.000e-03 (1.000e-03)
2026-01-13 23:37:02,795 - INFO: Epoch: [1][450/582]	Time  0.027 ( 0.030)	Loss 7.8376e-01 (3.3132e-01)	Acc pseudo  75.00 ( 88.13)	Lr 1.000e-03 (1.000e-03)
2026-01-13 23:37:07,544 - INFO: Epoch: [1][500/582]	Time  0.027 ( 0.029)	Loss 5.3270e-01 (3.3335e-01)	Acc pseudo  87.50 ( 88.04)	Lr 1.000e-03 (1.000e-03)
2026-01-13 23:37:12,289 - INFO: Epoch: [1][550/582]	Time  0.027 ( 0.029)	Loss 4.1510e-01 (3.3619e-01)	Acc pseudo  85.94 ( 87.90)	Lr 1.000e-03 (1.000e-03)
2026-01-13 23:37:15,310 - INFO: Round 1, Face Fine-tune Epoch 1: loss=0.3379, acc(pseudo)=87.82%
2026-01-13 23:38:14,936 - INFO: Round 1, Face Fine-tune Epoch 1: acc(valid_pseudo): 0.9664, acc: 0.8530
2026-01-13 23:38:14,937 - INFO: Round 1, Face Fine-tune Epoch 1: No improvement. Patience(epoch): 1/3
2026-01-13 23:38:15,440 - INFO: Epoch: [2][  0/582]	Time  0.453 ( 0.453)	Loss 2.5338e-01 (2.5338e-01)	Acc pseudo  90.62 ( 90.62)	Lr 1.000e-03 (1.000e-03)
2026-01-13 23:38:20,224 - INFO: Epoch: [2][ 50/582]	Time  0.043 ( 0.041)	Loss 2.0054e-01 (2.9946e-01)	Acc pseudo  85.94 ( 88.54)	Lr 1.000e-03 (1.000e-03)
2026-01-13 23:38:24,973 - INFO: Epoch: [2][100/582]	Time  0.027 ( 0.036)	Loss 1.9341e-01 (2.8754e-01)	Acc pseudo  90.62 ( 88.80)	Lr 1.000e-03 (1.000e-03)
2026-01-13 23:38:29,722 - INFO: Epoch: [2][150/582]	Time  0.028 ( 0.033)	Loss 1.9077e-01 (2.8789e-01)	Acc pseudo  89.06 ( 88.85)	Lr 1.000e-03 (1.000e-03)
2026-01-13 23:38:34,479 - INFO: Epoch: [2][200/582]	Time  0.027 ( 0.032)	Loss 2.6845e-01 (2.9102e-01)	Acc pseudo  89.06 ( 88.53)	Lr 1.000e-03 (1.000e-03)
2026-01-13 23:38:39,236 - INFO: Epoch: [2][250/582]	Time  0.027 ( 0.031)	Loss 1.8225e-01 (2.8911e-01)	Acc pseudo  92.19 ( 88.60)	Lr 1.000e-03 (1.000e-03)
2026-01-13 23:38:43,990 - INFO: Epoch: [2][300/582]	Time  0.028 ( 0.031)	Loss 2.3003e-01 (2.9060e-01)	Acc pseudo  87.50 ( 88.51)	Lr 1.000e-03 (1.000e-03)
2026-01-13 23:38:48,745 - INFO: Epoch: [2][350/582]	Time  0.027 ( 0.030)	Loss 3.2659e-01 (2.9233e-01)	Acc pseudo  90.62 ( 88.64)	Lr 1.000e-03 (1.000e-03)
2026-01-13 23:38:53,501 - INFO: Epoch: [2][400/582]	Time  0.026 ( 0.031)	Loss 3.5176e-01 (2.9243e-01)	Acc pseudo  78.12 ( 88.55)	Lr 1.000e-03 (1.000e-03)
2026-01-13 23:38:58,259 - INFO: Epoch: [2][450/582]	Time  0.029 ( 0.030)	Loss 4.0342e-01 (2.9433e-01)	Acc pseudo  89.06 ( 88.41)	Lr 1.000e-03 (1.000e-03)
2026-01-13 23:39:03,200 - INFO: Epoch: [2][500/582]	Time  0.028 ( 0.031)	Loss 4.9469e-01 (2.9837e-01)	Acc pseudo  82.81 ( 88.36)	Lr 1.000e-03 (1.000e-03)
2026-01-13 23:39:07,956 - INFO: Epoch: [2][550/582]	Time  0.029 ( 0.031)	Loss 4.0602e-01 (2.9711e-01)	Acc pseudo  84.38 ( 88.39)	Lr 1.000e-03 (1.000e-03)
2026-01-13 23:39:10,977 - INFO: Round 1, Face Fine-tune Epoch 2: loss=0.2980, acc(pseudo)=88.38%
2026-01-13 23:40:09,754 - INFO: Round 1, Face Fine-tune Epoch 2: acc(valid_pseudo): 0.9678, acc: 0.8530
2026-01-13 23:40:09,754 - INFO: Round 1, Face Fine-tune Epoch 2: No improvement. Patience(epoch): 2/3
2026-01-13 23:40:10,319 - INFO: Epoch: [3][  0/582]	Time  0.527 ( 0.527)	Loss 1.8021e-01 (1.8021e-01)	Acc pseudo  93.75 ( 93.75)	Lr 1.000e-03 (1.000e-03)
2026-01-13 23:40:15,072 - INFO: Epoch: [3][ 50/582]	Time  0.030 ( 0.042)	Loss 2.2044e-01 (2.9411e-01)	Acc pseudo  90.62 ( 89.61)	Lr 1.000e-03 (1.000e-03)
2026-01-13 23:40:19,828 - INFO: Epoch: [3][100/582]	Time  0.029 ( 0.035)	Loss 2.6531e-01 (2.8466e-01)	Acc pseudo  89.06 ( 89.06)	Lr 1.000e-03 (1.000e-03)
2026-01-13 23:40:24,593 - INFO: Epoch: [3][150/582]	Time  0.030 ( 0.033)	Loss 2.6522e-01 (2.7752e-01)	Acc pseudo  85.94 ( 89.11)	Lr 1.000e-03 (1.000e-03)
2026-01-13 23:40:29,353 - INFO: Epoch: [3][200/582]	Time  0.027 ( 0.031)	Loss 1.8277e-01 (2.7788e-01)	Acc pseudo  90.62 ( 89.11)	Lr 1.000e-03 (1.000e-03)
2026-01-13 23:40:34,114 - INFO: Epoch: [3][250/582]	Time  0.039 ( 0.031)	Loss 3.2345e-01 (2.8362e-01)	Acc pseudo  90.62 ( 89.04)	Lr 1.000e-03 (1.000e-03)
2026-01-13 23:40:38,871 - INFO: Epoch: [3][300/582]	Time  0.027 ( 0.030)	Loss 2.0780e-01 (2.8187e-01)	Acc pseudo  90.62 ( 88.93)	Lr 1.000e-03 (1.000e-03)
2026-01-13 23:40:43,632 - INFO: Epoch: [3][350/582]	Time  0.033 ( 0.031)	Loss 1.7229e-01 (2.8047e-01)	Acc pseudo  93.75 ( 89.05)	Lr 1.000e-03 (1.000e-03)
2026-01-13 23:40:48,396 - INFO: Epoch: [3][400/582]	Time  0.027 ( 0.030)	Loss 2.7326e-01 (2.8130e-01)	Acc pseudo  84.38 ( 89.06)	Lr 1.000e-03 (1.000e-03)
2026-01-13 23:40:53,161 - INFO: Epoch: [3][450/582]	Time  0.027 ( 0.031)	Loss 2.6916e-01 (2.8383e-01)	Acc pseudo  89.06 ( 89.00)	Lr 1.000e-03 (1.000e-03)
2026-01-13 23:40:57,920 - INFO: Epoch: [3][500/582]	Time  0.027 ( 0.030)	Loss 2.3665e-01 (2.8553e-01)	Acc pseudo  89.06 ( 88.86)	Lr 1.000e-03 (1.000e-03)
2026-01-13 23:41:02,682 - INFO: Epoch: [3][550/582]	Time  0.029 ( 0.030)	Loss 2.1146e-01 (2.8879e-01)	Acc pseudo  87.50 ( 88.82)	Lr 1.000e-03 (1.000e-03)
2026-01-13 23:41:05,707 - INFO: Round 1, Face Fine-tune Epoch 3: loss=0.2902, acc(pseudo)=88.83%
2026-01-13 23:42:04,461 - INFO: Round 1, Face Fine-tune Epoch 3: acc(valid_pseudo): 0.9665, acc: 0.8500
2026-01-13 23:42:04,461 - INFO: Round 1, Face Fine-tune Epoch 3: No improvement. Patience(epoch): 3/3
2026-01-13 23:42:04,461 - INFO: Early stopping at face epoch 3
2026-01-13 23:42:04,462 - INFO: Round 1: Best face fine-tuned epoch=0, acc(valid_pseudo)=0.9694
2026-01-13 23:42:04,537 - INFO: Using HMM model from previous round: runs/I love my family/exp_video/result/self_supervised/exp0/round0/pseudo_label/hmm_params.pkl
2026-01-14 01:05:07,021 - INFO: Round 1: speaker_acc=0.8750
2026-01-14 01:05:07,038 - INFO: Round 1: face_acc=0.8608
2026-01-14 01:05:07,041 - INFO: ====================
2026-01-14 01:05:07,041 - INFO: Round 2: Fine-tuning iteration
2026-01-14 01:05:07,041 - INFO: ====================
2026-01-14 01:05:07,121 - INFO: Round 2 Part 1: Fine-tuning embedding model
2026-01-14 01:05:07,121 - INFO: Using pseudo-label file: runs/I love my family/exp_video/result/self_supervised/exp0/round1/pseudo_label/pseudo_labels_audio_nested_hmm_full(unreliable_pp=100.0).json
2026-01-14 01:05:07,148 - INFO: For training, Using face pseudo-label file: runs/I love my family/exp_video/result/self_supervised/exp0/round1/pseudo_label/pseudo_labels_faces_mid_frame_train_nested_hmm_full.json
2026-01-14 01:05:07,148 - INFO: For infering, Using face pseudo-label file: runs/I love my family/exp_video/result/self_supervised/exp0/round1/pseudo_label/pseudo_labels_faces_mid_frame_all_nested_hmm_full.json
2026-01-14 01:05:07,286 - INFO: Created face dataloader with 37219 samples
2026-01-14 01:05:07,300 - INFO: Fine-tuning speaker embedding model for 20 epochs...
2026-01-14 01:05:07,862 - INFO: Epoch: [0][  0/301]	Time  0.550 ( 0.550)	Loss 6.7038e-01 (6.7038e-01)	Acc pseudo  85.94 ( 85.94)	Lr 1.000e-03 (1.000e-03)
2026-01-14 01:05:08,035 - INFO: Epoch: [0][ 50/301]	Time  0.003 ( 0.014)	Loss 5.3449e-01 (5.9402e-01)	Acc pseudo  82.81 ( 81.50)	Lr 1.000e-03 (1.000e-03)
2026-01-14 01:05:08,189 - INFO: Epoch: [0][100/301]	Time  0.003 ( 0.009)	Loss 8.3502e-01 (5.9910e-01)	Acc pseudo  78.12 ( 81.95)	Lr 1.000e-03 (1.000e-03)
2026-01-14 01:05:08,340 - INFO: Epoch: [0][150/301]	Time  0.003 ( 0.007)	Loss 4.6735e-01 (6.1113e-01)	Acc pseudo  81.25 ( 81.65)	Lr 1.000e-03 (1.000e-03)
2026-01-14 01:05:08,487 - INFO: Epoch: [0][200/301]	Time  0.003 ( 0.006)	Loss 4.2240e-01 (6.1284e-01)	Acc pseudo  87.50 ( 82.00)	Lr 1.000e-03 (1.000e-03)
2026-01-14 01:05:08,634 - INFO: Epoch: [0][250/301]	Time  0.003 ( 0.005)	Loss 7.5424e-01 (6.1464e-01)	Acc pseudo  78.12 ( 82.08)	Lr 1.000e-03 (1.000e-03)
2026-01-14 01:05:08,778 - INFO: Epoch: [0][300/301]	Time  0.002 ( 0.005)	Loss 3.1157e-01 (6.1061e-01)	Acc pseudo  92.00 ( 82.28)	Lr 1.000e-03 (1.000e-03)
2026-01-14 01:05:08,850 - INFO: Round 2, Fine-tune Epoch 0: loss=0.6106, acc(pseudo)=82.28%
2026-01-14 01:05:15,946 - INFO: Round 2, Fine-tune Epoch 0: acc(valid_pseudo): 0.9341, acc: 0.8225
2026-01-14 01:05:16,376 - INFO: Epoch: [1][  0/301]	Time  0.239 ( 0.239)	Loss 7.9326e-01 (7.9326e-01)	Acc pseudo  75.00 ( 75.00)	Lr 1.000e-03 (1.000e-03)
2026-01-14 01:05:16,596 - INFO: Epoch: [1][ 50/301]	Time  0.003 ( 0.009)	Loss 4.9876e-01 (5.3037e-01)	Acc pseudo  89.06 ( 82.66)	Lr 1.000e-03 (1.000e-03)
2026-01-14 01:05:16,784 - INFO: Epoch: [1][100/301]	Time  0.004 ( 0.006)	Loss 5.4477e-01 (5.3922e-01)	Acc pseudo  81.25 ( 83.26)	Lr 1.000e-03 (1.000e-03)
2026-01-14 01:05:16,959 - INFO: Epoch: [1][150/301]	Time  0.004 ( 0.005)	Loss 4.6816e-01 (5.4264e-01)	Acc pseudo  84.38 ( 83.36)	Lr 1.000e-03 (1.000e-03)
2026-01-14 01:05:17,135 - INFO: Epoch: [1][200/301]	Time  0.003 ( 0.005)	Loss 4.2446e-01 (5.4061e-01)	Acc pseudo  84.38 ( 83.58)	Lr 1.000e-03 (1.000e-03)
2026-01-14 01:05:17,304 - INFO: Epoch: [1][250/301]	Time  0.004 ( 0.005)	Loss 4.4575e-01 (5.4154e-01)	Acc pseudo  87.50 ( 83.70)	Lr 1.000e-03 (1.000e-03)
2026-01-14 01:05:17,466 - INFO: Epoch: [1][300/301]	Time  0.002 ( 0.004)	Loss 3.0784e-01 (5.4491e-01)	Acc pseudo  84.00 ( 83.70)	Lr 1.000e-03 (1.000e-03)
2026-01-14 01:05:17,529 - INFO: Round 2, Fine-tune Epoch 1: loss=0.5449, acc(pseudo)=83.70%
2026-01-14 01:05:24,562 - INFO: Round 2, Fine-tune Epoch 1: acc(valid_pseudo): 0.9428, acc: 0.8510
2026-01-14 01:05:24,986 - INFO: Epoch: [2][  0/301]	Time  0.249 ( 0.249)	Loss 6.3079e-01 (6.3079e-01)	Acc pseudo  81.25 ( 81.25)	Lr 1.000e-03 (1.000e-03)
2026-01-14 01:05:25,160 - INFO: Epoch: [2][ 50/301]	Time  0.003 ( 0.008)	Loss 8.6983e-01 (5.3574e-01)	Acc pseudo  87.50 ( 84.34)	Lr 1.000e-03 (1.000e-03)
2026-01-14 01:05:25,321 - INFO: Epoch: [2][100/301]	Time  0.003 ( 0.006)	Loss 8.2880e-01 (5.1680e-01)	Acc pseudo  78.12 ( 84.47)	Lr 1.000e-03 (1.000e-03)
2026-01-14 01:05:25,478 - INFO: Epoch: [2][150/301]	Time  0.003 ( 0.005)	Loss 4.9355e-01 (5.3280e-01)	Acc pseudo  87.50 ( 84.23)	Lr 1.000e-03 (1.000e-03)
2026-01-14 01:05:25,633 - INFO: Epoch: [2][200/301]	Time  0.003 ( 0.004)	Loss 4.1131e-01 (5.2639e-01)	Acc pseudo  84.38 ( 84.25)	Lr 1.000e-03 (1.000e-03)
2026-01-14 01:05:25,787 - INFO: Epoch: [2][250/301]	Time  0.003 ( 0.004)	Loss 4.9405e-01 (5.2769e-01)	Acc pseudo  87.50 ( 83.94)	Lr 1.000e-03 (1.000e-03)
2026-01-14 01:05:25,934 - INFO: Epoch: [2][300/301]	Time  0.002 ( 0.004)	Loss 3.3047e-01 (5.3138e-01)	Acc pseudo  92.00 ( 83.99)	Lr 1.000e-03 (1.000e-03)
2026-01-14 01:05:26,000 - INFO: Round 2, Fine-tune Epoch 2: loss=0.5314, acc(pseudo)=83.99%
2026-01-14 01:05:35,738 - INFO: Round 2, Fine-tune Epoch 2: acc(valid_pseudo): 0.9533, acc: 0.8355
2026-01-14 01:05:36,185 - INFO: Epoch: [3][  0/301]	Time  0.273 ( 0.273)	Loss 6.0142e-01 (6.0142e-01)	Acc pseudo  81.25 ( 81.25)	Lr 1.000e-03 (1.000e-03)
2026-01-14 01:05:36,364 - INFO: Epoch: [3][ 50/301]	Time  0.003 ( 0.009)	Loss 6.3517e-01 (5.1433e-01)	Acc pseudo  78.12 ( 85.26)	Lr 1.000e-03 (1.000e-03)
2026-01-14 01:05:36,521 - INFO: Epoch: [3][100/301]	Time  0.003 ( 0.006)	Loss 3.3743e-01 (5.1619e-01)	Acc pseudo  85.94 ( 84.47)	Lr 1.000e-03 (1.000e-03)
2026-01-14 01:05:36,674 - INFO: Epoch: [3][150/301]	Time  0.003 ( 0.005)	Loss 3.9565e-01 (5.0918e-01)	Acc pseudo  89.06 ( 84.59)	Lr 1.000e-03 (1.000e-03)
2026-01-14 01:05:36,822 - INFO: Epoch: [3][200/301]	Time  0.003 ( 0.004)	Loss 4.8894e-01 (5.0658e-01)	Acc pseudo  78.12 ( 84.74)	Lr 1.000e-03 (1.000e-03)
2026-01-14 01:05:36,971 - INFO: Epoch: [3][250/301]	Time  0.003 ( 0.004)	Loss 4.7211e-01 (5.0770e-01)	Acc pseudo  89.06 ( 84.63)	Lr 1.000e-03 (1.000e-03)
2026-01-14 01:05:37,112 - INFO: Epoch: [3][300/301]	Time  0.002 ( 0.004)	Loss 6.3024e-01 (5.0986e-01)	Acc pseudo  76.00 ( 84.39)	Lr 1.000e-03 (1.000e-03)
2026-01-14 01:05:37,180 - INFO: Round 2, Fine-tune Epoch 3: loss=0.5099, acc(pseudo)=84.39%
2026-01-14 01:05:45,024 - INFO: Round 2, Fine-tune Epoch 3: acc(valid_pseudo): 0.9428, acc: 0.8280
2026-01-14 01:05:45,025 - INFO: Round 2, Speaker Fine-tune Epoch 3: No improvement in validation accuracy. Patience(epoch): 1/3
2026-01-14 01:05:45,290 - INFO: Epoch: [4][  0/301]	Time  0.260 ( 0.260)	Loss 5.0520e-01 (5.0520e-01)	Acc pseudo  81.25 ( 81.25)	Lr 1.000e-03 (1.000e-03)
2026-01-14 01:05:45,475 - INFO: Epoch: [4][ 50/301]	Time  0.003 ( 0.009)	Loss 4.4781e-01 (4.9443e-01)	Acc pseudo  87.50 ( 85.23)	Lr 1.000e-03 (1.000e-03)
2026-01-14 01:05:45,630 - INFO: Epoch: [4][100/301]	Time  0.003 ( 0.006)	Loss 5.7641e-01 (4.9107e-01)	Acc pseudo  82.81 ( 85.26)	Lr 1.000e-03 (1.000e-03)
2026-01-14 01:05:45,782 - INFO: Epoch: [4][150/301]	Time  0.003 ( 0.005)	Loss 4.0901e-01 (4.8837e-01)	Acc pseudo  84.38 ( 85.12)	Lr 1.000e-03 (1.000e-03)
2026-01-14 01:05:45,933 - INFO: Epoch: [4][200/301]	Time  0.003 ( 0.004)	Loss 4.0347e-01 (4.9010e-01)	Acc pseudo  85.94 ( 84.93)	Lr 1.000e-03 (1.000e-03)
2026-01-14 01:05:46,085 - INFO: Epoch: [4][250/301]	Time  0.003 ( 0.004)	Loss 3.6827e-01 (4.9629e-01)	Acc pseudo  85.94 ( 84.68)	Lr 1.000e-03 (1.000e-03)
2026-01-14 01:05:46,224 - INFO: Epoch: [4][300/301]	Time  0.002 ( 0.004)	Loss 3.5525e-01 (5.0250e-01)	Acc pseudo  88.00 ( 84.64)	Lr 1.000e-03 (1.000e-03)
2026-01-14 01:05:46,288 - INFO: Round 2, Fine-tune Epoch 4: loss=0.5025, acc(pseudo)=84.64%
2026-01-14 01:05:53,275 - INFO: Round 2, Fine-tune Epoch 4: acc(valid_pseudo): 0.9128, acc: 0.8110
2026-01-14 01:05:53,276 - INFO: Round 2, Speaker Fine-tune Epoch 4: No improvement in validation accuracy. Patience(epoch): 2/3
2026-01-14 01:05:53,530 - INFO: Epoch: [5][  0/301]	Time  0.249 ( 0.249)	Loss 5.4298e-01 (5.4298e-01)	Acc pseudo  82.81 ( 82.81)	Lr 1.000e-03 (1.000e-03)
2026-01-14 01:05:53,717 - INFO: Epoch: [5][ 50/301]	Time  0.003 ( 0.008)	Loss 3.0407e-01 (4.6746e-01)	Acc pseudo  90.62 ( 85.54)	Lr 1.000e-03 (1.000e-03)
2026-01-14 01:05:53,874 - INFO: Epoch: [5][100/301]	Time  0.003 ( 0.006)	Loss 7.5663e-01 (4.6209e-01)	Acc pseudo  75.00 ( 85.47)	Lr 1.000e-03 (1.000e-03)
2026-01-14 01:05:54,025 - INFO: Epoch: [5][150/301]	Time  0.003 ( 0.005)	Loss 5.8173e-01 (4.6992e-01)	Acc pseudo  79.69 ( 85.24)	Lr 1.000e-03 (1.000e-03)
2026-01-14 01:05:54,177 - INFO: Epoch: [5][200/301]	Time  0.003 ( 0.004)	Loss 4.7079e-01 (4.8105e-01)	Acc pseudo  81.25 ( 84.94)	Lr 1.000e-03 (1.000e-03)
2026-01-14 01:05:54,327 - INFO: Epoch: [5][250/301]	Time  0.003 ( 0.004)	Loss 6.3665e-01 (4.8841e-01)	Acc pseudo  82.81 ( 84.82)	Lr 1.000e-03 (1.000e-03)
2026-01-14 01:05:54,471 - INFO: Epoch: [5][300/301]	Time  0.002 ( 0.004)	Loss 1.5419e+00 (5.0243e-01)	Acc pseudo  72.00 ( 84.63)	Lr 1.000e-03 (1.000e-03)
2026-01-14 01:05:54,536 - INFO: Round 2, Fine-tune Epoch 5: loss=0.5024, acc(pseudo)=84.63%
2026-01-14 01:06:01,227 - INFO: Round 2, Fine-tune Epoch 5: acc(valid_pseudo): 0.9705, acc: 0.8555
2026-01-14 01:06:01,641 - INFO: Epoch: [6][  0/301]	Time  0.236 ( 0.236)	Loss 6.6384e-01 (6.6384e-01)	Acc pseudo  76.56 ( 76.56)	Lr 1.000e-03 (1.000e-03)
2026-01-14 01:06:01,831 - INFO: Epoch: [6][ 50/301]	Time  0.003 ( 0.008)	Loss 4.8630e-01 (4.7886e-01)	Acc pseudo  81.25 ( 85.72)	Lr 1.000e-03 (1.000e-03)
2026-01-14 01:06:02,006 - INFO: Epoch: [6][100/301]	Time  0.003 ( 0.006)	Loss 6.3572e-01 (4.7287e-01)	Acc pseudo  79.69 ( 85.55)	Lr 1.000e-03 (1.000e-03)
2026-01-14 01:06:02,185 - INFO: Epoch: [6][150/301]	Time  0.004 ( 0.005)	Loss 2.6431e-01 (4.7885e-01)	Acc pseudo  85.94 ( 85.13)	Lr 1.000e-03 (1.000e-03)
2026-01-14 01:06:02,356 - INFO: Epoch: [6][200/301]	Time  0.004 ( 0.005)	Loss 3.8491e-01 (4.8190e-01)	Acc pseudo  84.38 ( 84.86)	Lr 1.000e-03 (1.000e-03)
2026-01-14 01:06:02,513 - INFO: Epoch: [6][250/301]	Time  0.003 ( 0.004)	Loss 4.5886e-01 (4.9337e-01)	Acc pseudo  87.50 ( 84.59)	Lr 1.000e-03 (1.000e-03)
2026-01-14 01:06:02,652 - INFO: Epoch: [6][300/301]	Time  0.002 ( 0.004)	Loss 2.7359e-01 (4.9470e-01)	Acc pseudo  88.00 ( 84.58)	Lr 1.000e-03 (1.000e-03)
2026-01-14 01:06:02,718 - INFO: Round 2, Fine-tune Epoch 6: loss=0.4947, acc(pseudo)=84.58%
2026-01-14 01:06:09,626 - INFO: Round 2, Fine-tune Epoch 6: acc(valid_pseudo): 0.9659, acc: 0.8670
2026-01-14 01:06:09,626 - INFO: Round 2, Speaker Fine-tune Epoch 6: No improvement in validation accuracy. Patience(epoch): 1/3
2026-01-14 01:06:09,900 - INFO: Epoch: [7][  0/301]	Time  0.251 ( 0.251)	Loss 2.5336e-01 (2.5336e-01)	Acc pseudo  93.75 ( 93.75)	Lr 1.000e-03 (1.000e-03)
2026-01-14 01:06:10,081 - INFO: Epoch: [7][ 50/301]	Time  0.003 ( 0.008)	Loss 3.2859e-01 (4.3087e-01)	Acc pseudo  87.50 ( 85.60)	Lr 1.000e-03 (1.000e-03)
2026-01-14 01:06:10,241 - INFO: Epoch: [7][100/301]	Time  0.003 ( 0.006)	Loss 3.5618e-01 (4.4201e-01)	Acc pseudo  89.06 ( 85.94)	Lr 1.000e-03 (1.000e-03)
2026-01-14 01:06:10,397 - INFO: Epoch: [7][150/301]	Time  0.003 ( 0.005)	Loss 5.4433e-01 (4.4868e-01)	Acc pseudo  84.38 ( 85.80)	Lr 1.000e-03 (1.000e-03)
2026-01-14 01:06:10,555 - INFO: Epoch: [7][200/301]	Time  0.003 ( 0.004)	Loss 6.2000e-01 (4.5954e-01)	Acc pseudo  79.69 ( 85.49)	Lr 1.000e-03 (1.000e-03)
2026-01-14 01:06:10,713 - INFO: Epoch: [7][250/301]	Time  0.003 ( 0.004)	Loss 3.9397e-01 (4.7390e-01)	Acc pseudo  81.25 ( 85.12)	Lr 1.000e-03 (1.000e-03)
2026-01-14 01:06:10,859 - INFO: Epoch: [7][300/301]	Time  0.002 ( 0.004)	Loss 1.9387e-01 (4.7478e-01)	Acc pseudo  96.00 ( 84.99)	Lr 1.000e-03 (1.000e-03)
2026-01-14 01:06:10,939 - INFO: Round 2, Fine-tune Epoch 7: loss=0.4748, acc(pseudo)=84.99%
2026-01-14 01:06:17,685 - INFO: Round 2, Fine-tune Epoch 7: acc(valid_pseudo): 0.9548, acc: 0.8465
2026-01-14 01:06:17,686 - INFO: Round 2, Speaker Fine-tune Epoch 7: No improvement in validation accuracy. Patience(epoch): 2/3
2026-01-14 01:06:17,932 - INFO: Epoch: [8][  0/301]	Time  0.241 ( 0.241)	Loss 3.8616e-01 (3.8616e-01)	Acc pseudo  84.38 ( 84.38)	Lr 1.000e-03 (1.000e-03)
2026-01-14 01:06:18,108 - INFO: Epoch: [8][ 50/301]	Time  0.003 ( 0.008)	Loss 5.8773e-01 (4.3146e-01)	Acc pseudo  79.69 ( 86.00)	Lr 1.000e-03 (1.000e-03)
2026-01-14 01:06:18,260 - INFO: Epoch: [8][100/301]	Time  0.003 ( 0.006)	Loss 7.7404e-01 (4.5148e-01)	Acc pseudo  73.44 ( 85.69)	Lr 1.000e-03 (1.000e-03)
2026-01-14 01:06:18,420 - INFO: Epoch: [8][150/301]	Time  0.003 ( 0.005)	Loss 6.0475e-01 (4.6450e-01)	Acc pseudo  84.38 ( 85.36)	Lr 1.000e-03 (1.000e-03)
2026-01-14 01:06:18,574 - INFO: Epoch: [8][200/301]	Time  0.003 ( 0.004)	Loss 6.4941e-01 (4.7072e-01)	Acc pseudo  79.69 ( 85.14)	Lr 1.000e-03 (1.000e-03)
2026-01-14 01:06:18,726 - INFO: Epoch: [8][250/301]	Time  0.003 ( 0.004)	Loss 2.0796e-01 (4.7308e-01)	Acc pseudo  90.62 ( 85.14)	Lr 1.000e-03 (1.000e-03)
2026-01-14 01:06:18,866 - INFO: Epoch: [8][300/301]	Time  0.002 ( 0.004)	Loss 3.6151e-01 (4.7115e-01)	Acc pseudo  88.00 ( 85.11)	Lr 1.000e-03 (1.000e-03)
2026-01-14 01:06:18,931 - INFO: Round 2, Fine-tune Epoch 8: loss=0.4711, acc(pseudo)=85.11%
2026-01-14 01:06:26,367 - INFO: Round 2, Fine-tune Epoch 8: acc(valid_pseudo): 0.9455, acc: 0.8545
2026-01-14 01:06:26,367 - INFO: Round 2, Speaker Fine-tune Epoch 8: No improvement in validation accuracy. Patience(epoch): 3/3
2026-01-14 01:06:26,367 - INFO: Early stopping at epoch 8 due to no improvement in validation accuracy for 3 epochs.
2026-01-14 01:06:26,368 - INFO: Round 2: Best speaker fine-tuned epoch=5, acc(valid_pseudo)=0.9705
2026-01-14 01:06:26,372 - INFO: Fine-tuning face embedding model for 20 epochs...
2026-01-14 01:06:27,412 - INFO: Epoch: [0][  0/582]	Time  1.009 ( 1.009)	Loss 1.3772e-01 (1.3772e-01)	Acc pseudo  95.31 ( 95.31)	Lr 1.000e-03 (1.000e-03)
2026-01-14 01:06:32,605 - INFO: Epoch: [0][ 50/582]	Time  0.029 ( 0.062)	Loss 3.5603e-01 (3.2948e-01)	Acc pseudo  85.94 ( 89.55)	Lr 1.000e-03 (1.000e-03)
2026-01-14 01:06:37,652 - INFO: Epoch: [0][100/582]	Time  0.036 ( 0.051)	Loss 6.2273e-01 (3.4858e-01)	Acc pseudo  85.94 ( 89.02)	Lr 1.000e-03 (1.000e-03)
2026-01-14 01:06:42,364 - INFO: Epoch: [0][150/582]	Time  0.029 ( 0.044)	Loss 2.5785e-01 (3.5207e-01)	Acc pseudo  85.94 ( 88.92)	Lr 1.000e-03 (1.000e-03)
2026-01-14 01:06:47,081 - INFO: Epoch: [0][200/582]	Time  0.029 ( 0.041)	Loss 1.4713e-01 (3.4837e-01)	Acc pseudo  92.19 ( 88.88)	Lr 1.000e-03 (1.000e-03)
2026-01-14 01:06:51,812 - INFO: Epoch: [0][250/582]	Time  0.029 ( 0.039)	Loss 6.2299e-01 (3.5277e-01)	Acc pseudo  79.69 ( 88.51)	Lr 1.000e-03 (1.000e-03)
2026-01-14 01:06:56,539 - INFO: Epoch: [0][300/582]	Time  0.030 ( 0.037)	Loss 5.1567e-01 (3.6025e-01)	Acc pseudo  89.06 ( 88.30)	Lr 1.000e-03 (1.000e-03)
2026-01-14 01:07:01,271 - INFO: Epoch: [0][350/582]	Time  0.027 ( 0.036)	Loss 1.5415e-01 (3.5620e-01)	Acc pseudo  90.62 ( 88.32)	Lr 1.000e-03 (1.000e-03)
2026-01-14 01:07:06,009 - INFO: Epoch: [0][400/582]	Time  0.029 ( 0.036)	Loss 2.0752e-01 (3.5115e-01)	Acc pseudo  92.19 ( 88.35)	Lr 1.000e-03 (1.000e-03)
2026-01-14 01:07:10,749 - INFO: Epoch: [0][450/582]	Time  0.042 ( 0.036)	Loss 3.5356e-01 (3.4961e-01)	Acc pseudo  79.69 ( 88.23)	Lr 1.000e-03 (1.000e-03)
2026-01-14 01:07:15,492 - INFO: Epoch: [0][500/582]	Time  0.028 ( 0.035)	Loss 3.6639e-01 (3.5215e-01)	Acc pseudo  85.94 ( 88.20)	Lr 1.000e-03 (1.000e-03)
2026-01-14 01:07:20,290 - INFO: Epoch: [0][550/582]	Time  0.041 ( 0.035)	Loss 3.5269e-01 (3.5155e-01)	Acc pseudo  90.62 ( 88.22)	Lr 1.000e-03 (1.000e-03)
2026-01-14 01:07:23,478 - INFO: Round 2, Face Fine-tune Epoch 0: loss=0.3529, acc(pseudo)=88.20%
2026-01-14 01:08:22,600 - INFO: Round 2, Face Fine-tune Epoch 0: acc(valid_pseudo): 0.9628, acc: 0.8549
2026-01-14 01:08:23,450 - INFO: Epoch: [1][  0/582]	Time  0.480 ( 0.480)	Loss 2.3950e-01 (2.3950e-01)	Acc pseudo  92.19 ( 92.19)	Lr 1.000e-03 (1.000e-03)
2026-01-14 01:08:28,191 - INFO: Epoch: [1][ 50/582]	Time  0.030 ( 0.041)	Loss 2.0222e-01 (2.7374e-01)	Acc pseudo  90.62 ( 89.58)	Lr 1.000e-03 (1.000e-03)
2026-01-14 01:08:32,932 - INFO: Epoch: [1][100/582]	Time  0.029 ( 0.036)	Loss 2.6206e-01 (2.7626e-01)	Acc pseudo  92.19 ( 89.57)	Lr 1.000e-03 (1.000e-03)
2026-01-14 01:08:37,675 - INFO: Epoch: [1][150/582]	Time  0.029 ( 0.034)	Loss 2.4963e-01 (2.7373e-01)	Acc pseudo  92.19 ( 89.85)	Lr 1.000e-03 (1.000e-03)
2026-01-14 01:08:42,420 - INFO: Epoch: [1][200/582]	Time  0.029 ( 0.033)	Loss 1.0745e-01 (2.6760e-01)	Acc pseudo  96.88 ( 90.00)	Lr 1.000e-03 (1.000e-03)
2026-01-14 01:08:47,164 - INFO: Epoch: [1][250/582]	Time  0.030 ( 0.033)	Loss 2.1162e-01 (2.7010e-01)	Acc pseudo  87.50 ( 89.81)	Lr 1.000e-03 (1.000e-03)
2026-01-14 01:08:51,913 - INFO: Epoch: [1][300/582]	Time  0.030 ( 0.032)	Loss 1.7829e-01 (2.6925e-01)	Acc pseudo  90.62 ( 89.91)	Lr 1.000e-03 (1.000e-03)
2026-01-14 01:08:56,659 - INFO: Epoch: [1][350/582]	Time  0.028 ( 0.031)	Loss 1.9373e-01 (2.7365e-01)	Acc pseudo  90.62 ( 89.73)	Lr 1.000e-03 (1.000e-03)
2026-01-14 01:09:01,405 - INFO: Epoch: [1][400/582]	Time  0.029 ( 0.031)	Loss 2.7725e-01 (2.7649e-01)	Acc pseudo  87.50 ( 89.64)	Lr 1.000e-03 (1.000e-03)
2026-01-14 01:09:06,150 - INFO: Epoch: [1][450/582]	Time  0.029 ( 0.031)	Loss 4.6312e-01 (2.7584e-01)	Acc pseudo  79.69 ( 89.70)	Lr 1.000e-03 (1.000e-03)
2026-01-14 01:09:10,894 - INFO: Epoch: [1][500/582]	Time  0.029 ( 0.031)	Loss 2.1504e-01 (2.7788e-01)	Acc pseudo  90.62 ( 89.62)	Lr 1.000e-03 (1.000e-03)
2026-01-14 01:09:15,639 - INFO: Epoch: [1][550/582]	Time  0.041 ( 0.031)	Loss 2.2250e-01 (2.7936e-01)	Acc pseudo  92.19 ( 89.58)	Lr 1.000e-03 (1.000e-03)
2026-01-14 01:09:18,672 - INFO: Round 2, Face Fine-tune Epoch 1: loss=0.2805, acc(pseudo)=89.60%
2026-01-14 01:10:17,299 - INFO: Round 2, Face Fine-tune Epoch 1: acc(valid_pseudo): 0.9649, acc: 0.8549
2026-01-14 01:10:18,176 - INFO: Epoch: [2][  0/582]	Time  0.505 ( 0.505)	Loss 1.5449e-01 (1.5449e-01)	Acc pseudo  95.31 ( 95.31)	Lr 1.000e-03 (1.000e-03)
2026-01-14 01:10:22,922 - INFO: Epoch: [2][ 50/582]	Time  0.028 ( 0.039)	Loss 3.9036e-01 (2.5757e-01)	Acc pseudo  87.50 ( 90.07)	Lr 1.000e-03 (1.000e-03)
2026-01-14 01:10:27,666 - INFO: Epoch: [2][100/582]	Time  0.028 ( 0.034)	Loss 1.7906e-01 (2.6284e-01)	Acc pseudo  89.06 ( 89.90)	Lr 1.000e-03 (1.000e-03)
2026-01-14 01:10:32,411 - INFO: Epoch: [2][150/582]	Time  0.027 ( 0.032)	Loss 1.1868e-01 (2.5860e-01)	Acc pseudo  93.75 ( 89.97)	Lr 1.000e-03 (1.000e-03)
2026-01-14 01:10:37,157 - INFO: Epoch: [2][200/582]	Time  0.028 ( 0.031)	Loss 2.0454e-01 (2.5561e-01)	Acc pseudo  90.62 ( 89.95)	Lr 1.000e-03 (1.000e-03)
2026-01-14 01:10:41,903 - INFO: Epoch: [2][250/582]	Time  0.028 ( 0.031)	Loss 4.2949e-01 (2.6041e-01)	Acc pseudo  79.69 ( 89.96)	Lr 1.000e-03 (1.000e-03)
2026-01-14 01:10:46,650 - INFO: Epoch: [2][300/582]	Time  0.029 ( 0.030)	Loss 3.0821e-01 (2.6488e-01)	Acc pseudo  90.62 ( 89.86)	Lr 1.000e-03 (1.000e-03)
2026-01-14 01:10:51,400 - INFO: Epoch: [2][350/582]	Time  0.030 ( 0.030)	Loss 2.8882e-01 (2.6374e-01)	Acc pseudo  87.50 ( 90.01)	Lr 1.000e-03 (1.000e-03)
2026-01-14 01:10:56,237 - INFO: Epoch: [2][400/582]	Time  0.028 ( 0.030)	Loss 5.0581e-01 (2.6218e-01)	Acc pseudo  82.81 ( 90.10)	Lr 1.000e-03 (1.000e-03)
2026-01-14 01:11:00,984 - INFO: Epoch: [2][450/582]	Time  0.029 ( 0.030)	Loss 2.2952e-01 (2.6216e-01)	Acc pseudo  89.06 ( 90.11)	Lr 1.000e-03 (1.000e-03)
2026-01-14 01:11:05,737 - INFO: Epoch: [2][500/582]	Time  0.028 ( 0.030)	Loss 3.4473e-01 (2.6309e-01)	Acc pseudo  85.94 ( 90.04)	Lr 1.000e-03 (1.000e-03)
2026-01-14 01:11:10,489 - INFO: Epoch: [2][550/582]	Time  0.032 ( 0.030)	Loss 4.6074e-01 (2.6251e-01)	Acc pseudo  89.06 ( 90.06)	Lr 1.000e-03 (1.000e-03)
2026-01-14 01:11:13,510 - INFO: Round 2, Face Fine-tune Epoch 2: loss=0.2617, acc(pseudo)=90.05%
2026-01-14 01:12:12,603 - INFO: Round 2, Face Fine-tune Epoch 2: acc(valid_pseudo): 0.9626, acc: 0.8471
2026-01-14 01:12:12,604 - INFO: Round 2, Face Fine-tune Epoch 2: No improvement. Patience(epoch): 1/3
2026-01-14 01:12:13,158 - INFO: Epoch: [3][  0/582]	Time  0.511 ( 0.511)	Loss 2.1075e-01 (2.1075e-01)	Acc pseudo  93.75 ( 93.75)	Lr 1.000e-03 (1.000e-03)
2026-01-14 01:12:18,175 - INFO: Epoch: [3][ 50/582]	Time  0.030 ( 0.046)	Loss 1.3005e-01 (2.4831e-01)	Acc pseudo  95.31 ( 89.98)	Lr 1.000e-03 (1.000e-03)
2026-01-14 01:12:22,921 - INFO: Epoch: [3][100/582]	Time  0.029 ( 0.038)	Loss 1.9499e-01 (2.6371e-01)	Acc pseudo  92.19 ( 89.68)	Lr 1.000e-03 (1.000e-03)
2026-01-14 01:12:27,668 - INFO: Epoch: [3][150/582]	Time  0.030 ( 0.035)	Loss 2.3771e-01 (2.5420e-01)	Acc pseudo  89.06 ( 90.11)	Lr 1.000e-03 (1.000e-03)
2026-01-14 01:12:32,416 - INFO: Epoch: [3][200/582]	Time  0.032 ( 0.034)	Loss 2.6315e-01 (2.4439e-01)	Acc pseudo  85.94 ( 90.36)	Lr 1.000e-03 (1.000e-03)
2026-01-14 01:12:37,165 - INFO: Epoch: [3][250/582]	Time  0.030 ( 0.033)	Loss 2.4208e-01 (2.4577e-01)	Acc pseudo  93.75 ( 90.34)	Lr 1.000e-03 (1.000e-03)
2026-01-14 01:12:41,915 - INFO: Epoch: [3][300/582]	Time  0.029 ( 0.032)	Loss 1.8264e-01 (2.5142e-01)	Acc pseudo  90.62 ( 90.25)	Lr 1.000e-03 (1.000e-03)
2026-01-14 01:12:46,663 - INFO: Epoch: [3][350/582]	Time  0.030 ( 0.032)	Loss 1.8106e-01 (2.4919e-01)	Acc pseudo  93.75 ( 90.36)	Lr 1.000e-03 (1.000e-03)
2026-01-14 01:12:51,413 - INFO: Epoch: [3][400/582]	Time  0.028 ( 0.032)	Loss 2.9321e-01 (2.5045e-01)	Acc pseudo  89.06 ( 90.36)	Lr 1.000e-03 (1.000e-03)
2026-01-14 01:12:56,162 - INFO: Epoch: [3][450/582]	Time  0.028 ( 0.031)	Loss 2.9722e-01 (2.5481e-01)	Acc pseudo  90.62 ( 90.28)	Lr 1.000e-03 (1.000e-03)
2026-01-14 01:13:00,936 - INFO: Epoch: [3][500/582]	Time  0.040 ( 0.031)	Loss 3.1098e-01 (2.5559e-01)	Acc pseudo  90.62 ( 90.26)	Lr 1.000e-03 (1.000e-03)
2026-01-14 01:13:05,716 - INFO: Epoch: [3][550/582]	Time  0.029 ( 0.031)	Loss 1.9182e-01 (2.5416e-01)	Acc pseudo  89.06 ( 90.22)	Lr 1.000e-03 (1.000e-03)
2026-01-14 01:13:08,739 - INFO: Round 2, Face Fine-tune Epoch 3: loss=0.2553, acc(pseudo)=90.21%
2026-01-14 01:14:07,199 - INFO: Round 2, Face Fine-tune Epoch 3: acc(valid_pseudo): 0.9620, acc: 0.8491
2026-01-14 01:14:07,199 - INFO: Round 2, Face Fine-tune Epoch 3: No improvement. Patience(epoch): 2/3
2026-01-14 01:14:07,721 - INFO: Epoch: [4][  0/582]	Time  0.478 ( 0.478)	Loss 3.9122e-01 (3.9122e-01)	Acc pseudo  87.50 ( 87.50)	Lr 1.000e-03 (1.000e-03)
2026-01-14 01:14:12,463 - INFO: Epoch: [4][ 50/582]	Time  0.029 ( 0.039)	Loss 4.4481e-01 (3.0535e-01)	Acc pseudo  90.62 ( 88.45)	Lr 1.000e-03 (1.000e-03)
2026-01-14 01:14:17,213 - INFO: Epoch: [4][100/582]	Time  0.029 ( 0.035)	Loss 4.6862e-01 (2.9546e-01)	Acc pseudo  85.94 ( 89.03)	Lr 1.000e-03 (1.000e-03)
2026-01-14 01:14:21,960 - INFO: Epoch: [4][150/582]	Time  0.027 ( 0.033)	Loss 2.4050e-01 (2.9447e-01)	Acc pseudo  89.06 ( 89.01)	Lr 1.000e-03 (1.000e-03)
2026-01-14 01:14:26,740 - INFO: Epoch: [4][200/582]	Time  0.027 ( 0.032)	Loss 1.6249e-01 (2.9324e-01)	Acc pseudo  93.75 ( 89.03)	Lr 1.000e-03 (1.000e-03)
2026-01-14 01:14:31,492 - INFO: Epoch: [4][250/582]	Time  0.029 ( 0.032)	Loss 3.1505e-01 (2.9665e-01)	Acc pseudo  84.38 ( 88.96)	Lr 1.000e-03 (1.000e-03)
2026-01-14 01:14:36,243 - INFO: Epoch: [4][300/582]	Time  0.029 ( 0.031)	Loss 5.9738e-01 (3.0091e-01)	Acc pseudo  85.94 ( 88.91)	Lr 1.000e-03 (1.000e-03)
2026-01-14 01:14:40,990 - INFO: Epoch: [4][350/582]	Time  0.030 ( 0.031)	Loss 1.9317e-01 (3.0529e-01)	Acc pseudo  90.62 ( 88.91)	Lr 1.000e-03 (1.000e-03)
2026-01-14 01:14:45,740 - INFO: Epoch: [4][400/582]	Time  0.029 ( 0.030)	Loss 4.0158e-01 (3.0520e-01)	Acc pseudo  79.69 ( 88.78)	Lr 1.000e-03 (1.000e-03)
2026-01-14 01:14:50,489 - INFO: Epoch: [4][450/582]	Time  0.028 ( 0.030)	Loss 4.0291e-01 (3.0554e-01)	Acc pseudo  87.50 ( 88.72)	Lr 1.000e-03 (1.000e-03)
2026-01-14 01:14:55,243 - INFO: Epoch: [4][500/582]	Time  0.040 ( 0.031)	Loss 2.8730e-01 (3.0620e-01)	Acc pseudo  85.94 ( 88.61)	Lr 1.000e-03 (1.000e-03)
2026-01-14 01:14:59,993 - INFO: Epoch: [4][550/582]	Time  0.029 ( 0.031)	Loss 2.0476e-01 (3.0761e-01)	Acc pseudo  90.62 ( 88.55)	Lr 1.000e-03 (1.000e-03)
2026-01-14 01:15:03,149 - INFO: Round 2, Face Fine-tune Epoch 4: loss=0.3066, acc(pseudo)=88.55%
2026-01-14 01:16:01,987 - INFO: Round 2, Face Fine-tune Epoch 4: acc(valid_pseudo): 0.9628, acc: 0.8442
2026-01-14 01:16:01,988 - INFO: Round 2, Face Fine-tune Epoch 4: No improvement. Patience(epoch): 3/3
2026-01-14 01:16:01,988 - INFO: Early stopping at face epoch 4
2026-01-14 01:16:01,989 - INFO: Round 2: Best face fine-tuned epoch=1, acc(valid_pseudo)=0.9649
2026-01-14 01:16:02,076 - INFO: Using HMM model from previous round: runs/I love my family/exp_video/result/self_supervised/exp0/round1/pseudo_label/hmm_params.pkl
2026-01-14 02:37:01,558 - INFO: Round 2: speaker_acc=0.8710
2026-01-14 02:37:01,577 - INFO: Round 2: face_acc=0.8588
2026-01-14 02:37:01,582 - INFO: ====================
2026-01-14 02:37:01,582 - INFO: Round 3: Fine-tuning iteration
2026-01-14 02:37:01,582 - INFO: ====================
2026-01-14 02:37:01,710 - INFO: Round 3 Part 1: Fine-tuning embedding model
2026-01-14 02:37:01,711 - INFO: Using pseudo-label file: runs/I love my family/exp_video/result/self_supervised/exp0/round2/pseudo_label/pseudo_labels_audio_nested_hmm_full(unreliable_pp=100.0).json
2026-01-14 02:37:01,737 - INFO: For training, Using face pseudo-label file: runs/I love my family/exp_video/result/self_supervised/exp0/round2/pseudo_label/pseudo_labels_faces_mid_frame_train_nested_hmm_full.json
2026-01-14 02:37:01,737 - INFO: For infering, Using face pseudo-label file: runs/I love my family/exp_video/result/self_supervised/exp0/round2/pseudo_label/pseudo_labels_faces_mid_frame_all_nested_hmm_full.json
2026-01-14 02:37:01,865 - INFO: Created face dataloader with 37219 samples
2026-01-14 02:37:01,880 - INFO: Fine-tuning speaker embedding model for 20 epochs...
2026-01-14 02:37:02,350 - INFO: Epoch: [0][  0/301]	Time  0.457 ( 0.457)	Loss 5.4409e-01 (5.4409e-01)	Acc pseudo  84.38 ( 84.38)	Lr 1.000e-03 (1.000e-03)
2026-01-14 02:37:02,525 - INFO: Epoch: [0][ 50/301]	Time  0.003 ( 0.012)	Loss 5.5586e-01 (5.1391e-01)	Acc pseudo  78.12 ( 84.93)	Lr 1.000e-03 (1.000e-03)
2026-01-14 02:37:02,693 - INFO: Epoch: [0][100/301]	Time  0.003 ( 0.008)	Loss 3.0270e-01 (5.0662e-01)	Acc pseudo  92.19 ( 85.57)	Lr 1.000e-03 (1.000e-03)
2026-01-14 02:37:02,851 - INFO: Epoch: [0][150/301]	Time  0.003 ( 0.006)	Loss 3.9011e-01 (5.1567e-01)	Acc pseudo  84.38 ( 85.42)	Lr 1.000e-03 (1.000e-03)
2026-01-14 02:37:03,005 - INFO: Epoch: [0][200/301]	Time  0.003 ( 0.005)	Loss 6.2028e-01 (5.0602e-01)	Acc pseudo  85.94 ( 85.27)	Lr 1.000e-03 (1.000e-03)
2026-01-14 02:37:03,157 - INFO: Epoch: [0][250/301]	Time  0.003 ( 0.005)	Loss 5.0953e-01 (5.1089e-01)	Acc pseudo  87.50 ( 85.05)	Lr 1.000e-03 (1.000e-03)
2026-01-14 02:37:03,301 - INFO: Epoch: [0][300/301]	Time  0.002 ( 0.005)	Loss 4.9309e-01 (5.0520e-01)	Acc pseudo  88.00 ( 85.07)	Lr 1.000e-03 (1.000e-03)
2026-01-14 02:37:03,376 - INFO: Round 3, Fine-tune Epoch 0: loss=0.5052, acc(pseudo)=85.07%
2026-01-14 02:37:11,551 - INFO: Round 3, Fine-tune Epoch 0: acc(valid_pseudo): 0.9446, acc: 0.8355
2026-01-14 02:37:11,969 - INFO: Epoch: [1][  0/301]	Time  0.238 ( 0.238)	Loss 4.5694e-01 (4.5694e-01)	Acc pseudo  84.38 ( 84.38)	Lr 1.000e-03 (1.000e-03)
2026-01-14 02:37:12,139 - INFO: Epoch: [1][ 50/301]	Time  0.003 ( 0.008)	Loss 3.4118e-01 (4.3380e-01)	Acc pseudo  84.38 ( 86.09)	Lr 1.000e-03 (1.000e-03)
2026-01-14 02:37:12,296 - INFO: Epoch: [1][100/301]	Time  0.003 ( 0.006)	Loss 3.4223e-01 (4.2409e-01)	Acc pseudo  87.50 ( 86.34)	Lr 1.000e-03 (1.000e-03)
2026-01-14 02:37:12,447 - INFO: Epoch: [1][150/301]	Time  0.003 ( 0.005)	Loss 4.7859e-01 (4.2590e-01)	Acc pseudo  87.50 ( 86.41)	Lr 1.000e-03 (1.000e-03)
2026-01-14 02:37:12,596 - INFO: Epoch: [1][200/301]	Time  0.003 ( 0.004)	Loss 4.2863e-01 (4.3448e-01)	Acc pseudo  87.50 ( 86.44)	Lr 1.000e-03 (1.000e-03)
2026-01-14 02:37:12,745 - INFO: Epoch: [1][250/301]	Time  0.003 ( 0.004)	Loss 3.8145e-01 (4.4312e-01)	Acc pseudo  89.06 ( 86.13)	Lr 1.000e-03 (1.000e-03)
2026-01-14 02:37:12,886 - INFO: Epoch: [1][300/301]	Time  0.002 ( 0.004)	Loss 2.8237e-01 (4.4684e-01)	Acc pseudo  88.00 ( 86.05)	Lr 1.000e-03 (1.000e-03)
2026-01-14 02:37:12,952 - INFO: Round 3, Fine-tune Epoch 1: loss=0.4468, acc(pseudo)=86.05%
2026-01-14 02:37:19,818 - INFO: Round 3, Fine-tune Epoch 1: acc(valid_pseudo): 0.9376, acc: 0.8430
2026-01-14 02:37:19,818 - INFO: Round 3, Speaker Fine-tune Epoch 1: No improvement in validation accuracy. Patience(epoch): 1/3
2026-01-14 02:37:20,255 - INFO: Epoch: [2][  0/301]	Time  0.429 ( 0.429)	Loss 6.4945e-01 (6.4945e-01)	Acc pseudo  82.81 ( 82.81)	Lr 1.000e-03 (1.000e-03)
2026-01-14 02:37:20,486 - INFO: Epoch: [2][ 50/301]	Time  0.004 ( 0.013)	Loss 2.6847e-01 (4.1453e-01)	Acc pseudo  92.19 ( 87.04)	Lr 1.000e-03 (1.000e-03)
2026-01-14 02:37:20,682 - INFO: Epoch: [2][100/301]	Time  0.004 ( 0.008)	Loss 5.5998e-01 (4.0818e-01)	Acc pseudo  79.69 ( 86.91)	Lr 1.000e-03 (1.000e-03)
2026-01-14 02:37:20,877 - INFO: Epoch: [2][150/301]	Time  0.004 ( 0.007)	Loss 3.6866e-01 (4.2174e-01)	Acc pseudo  87.50 ( 86.58)	Lr 1.000e-03 (1.000e-03)
2026-01-14 02:37:21,064 - INFO: Epoch: [2][200/301]	Time  0.004 ( 0.006)	Loss 4.0991e-01 (4.1619e-01)	Acc pseudo  90.62 ( 86.61)	Lr 1.000e-03 (1.000e-03)
2026-01-14 02:37:21,228 - INFO: Epoch: [2][250/301]	Time  0.003 ( 0.006)	Loss 3.2761e-01 (4.2025e-01)	Acc pseudo  85.94 ( 86.52)	Lr 1.000e-03 (1.000e-03)
2026-01-14 02:37:21,369 - INFO: Epoch: [2][300/301]	Time  0.002 ( 0.005)	Loss 4.0603e-01 (4.3318e-01)	Acc pseudo  92.00 ( 86.28)	Lr 1.000e-03 (1.000e-03)
2026-01-14 02:37:21,437 - INFO: Round 3, Fine-tune Epoch 2: loss=0.4332, acc(pseudo)=86.28%
2026-01-14 02:37:28,339 - INFO: Round 3, Fine-tune Epoch 2: acc(valid_pseudo): 0.9746, acc: 0.8530
2026-01-14 02:37:29,103 - INFO: Epoch: [3][  0/301]	Time  0.437 ( 0.437)	Loss 4.6182e-01 (4.6182e-01)	Acc pseudo  79.69 ( 79.69)	Lr 1.000e-03 (1.000e-03)
2026-01-14 02:37:29,332 - INFO: Epoch: [3][ 50/301]	Time  0.004 ( 0.013)	Loss 3.2754e-01 (4.1030e-01)	Acc pseudo  87.50 ( 87.75)	Lr 1.000e-03 (1.000e-03)
2026-01-14 02:37:29,532 - INFO: Epoch: [3][100/301]	Time  0.004 ( 0.008)	Loss 1.9480e-01 (4.2903e-01)	Acc pseudo  92.19 ( 87.08)	Lr 1.000e-03 (1.000e-03)
2026-01-14 02:37:29,724 - INFO: Epoch: [3][150/301]	Time  0.004 ( 0.007)	Loss 4.5365e-01 (4.2900e-01)	Acc pseudo  85.94 ( 86.80)	Lr 1.000e-03 (1.000e-03)
2026-01-14 02:37:29,906 - INFO: Epoch: [3][200/301]	Time  0.004 ( 0.006)	Loss 4.2542e-01 (4.1986e-01)	Acc pseudo  81.25 ( 86.95)	Lr 1.000e-03 (1.000e-03)
2026-01-14 02:37:30,101 - INFO: Epoch: [3][250/301]	Time  0.005 ( 0.006)	Loss 5.1330e-01 (4.1408e-01)	Acc pseudo  92.19 ( 86.83)	Lr 1.000e-03 (1.000e-03)
2026-01-14 02:37:30,286 - INFO: Epoch: [3][300/301]	Time  0.003 ( 0.005)	Loss 3.7103e-01 (4.1715e-01)	Acc pseudo  76.00 ( 86.71)	Lr 1.000e-03 (1.000e-03)
2026-01-14 02:37:30,355 - INFO: Round 3, Fine-tune Epoch 3: loss=0.4172, acc(pseudo)=86.71%
2026-01-14 02:37:37,416 - INFO: Round 3, Fine-tune Epoch 3: acc(valid_pseudo): 0.9108, acc: 0.8030
2026-01-14 02:37:37,416 - INFO: Round 3, Speaker Fine-tune Epoch 3: No improvement in validation accuracy. Patience(epoch): 1/3
2026-01-14 02:37:37,417 - INFO: Early stopping at epoch 3 due to significant drop in pseudo-label validation accuracy: 0.9746 -> 0.9108.
2026-01-14 02:37:37,418 - INFO: Round 3: Best speaker fine-tuned epoch=2, acc(valid_pseudo)=0.9746
2026-01-14 02:37:37,422 - INFO: Fine-tuning face embedding model for 20 epochs...
2026-01-14 02:37:38,371 - INFO: Epoch: [0][  0/582]	Time  0.915 ( 0.915)	Loss 7.0596e-02 (7.0596e-02)	Acc pseudo 100.00 (100.00)	Lr 1.000e-03 (1.000e-03)
2026-01-14 02:37:43,089 - INFO: Epoch: [0][ 50/582]	Time  0.038 ( 0.050)	Loss 5.6294e-01 (2.7686e-01)	Acc pseudo  92.19 ( 91.24)	Lr 1.000e-03 (1.000e-03)
2026-01-14 02:37:47,801 - INFO: Epoch: [0][100/582]	Time  0.030 ( 0.041)	Loss 2.0258e-01 (3.1741e-01)	Acc pseudo  92.19 ( 90.49)	Lr 1.000e-03 (1.000e-03)
2026-01-14 02:37:52,552 - INFO: Epoch: [0][150/582]	Time  0.027 ( 0.037)	Loss 3.7739e-01 (3.0903e-01)	Acc pseudo  87.50 ( 90.52)	Lr 1.000e-03 (1.000e-03)
2026-01-14 02:37:57,535 - INFO: Epoch: [0][200/582]	Time  0.026 ( 0.037)	Loss 1.2975e-01 (3.0770e-01)	Acc pseudo  93.75 ( 90.38)	Lr 1.000e-03 (1.000e-03)
2026-01-14 02:38:02,406 - INFO: Epoch: [0][250/582]	Time  0.031 ( 0.036)	Loss 5.6875e-01 (3.1738e-01)	Acc pseudo  84.38 ( 90.16)	Lr 1.000e-03 (1.000e-03)
2026-01-14 02:38:07,135 - INFO: Epoch: [0][300/582]	Time  0.031 ( 0.036)	Loss 1.2694e-01 (3.1062e-01)	Acc pseudo  93.75 ( 90.15)	Lr 1.000e-03 (1.000e-03)
2026-01-14 02:38:11,860 - INFO: Epoch: [0][350/582]	Time  0.028 ( 0.035)	Loss 1.2191e-01 (3.0516e-01)	Acc pseudo  95.31 ( 90.27)	Lr 1.000e-03 (1.000e-03)
2026-01-14 02:38:16,588 - INFO: Epoch: [0][400/582]	Time  0.030 ( 0.034)	Loss 2.6707e-01 (3.0013e-01)	Acc pseudo  90.62 ( 90.34)	Lr 1.000e-03 (1.000e-03)
2026-01-14 02:38:21,326 - INFO: Epoch: [0][450/582]	Time  0.029 ( 0.034)	Loss 2.4887e-01 (2.9671e-01)	Acc pseudo  95.31 ( 90.40)	Lr 1.000e-03 (1.000e-03)
2026-01-14 02:38:26,064 - INFO: Epoch: [0][500/582]	Time  0.036 ( 0.034)	Loss 2.8572e-01 (2.9932e-01)	Acc pseudo  85.94 ( 90.29)	Lr 1.000e-03 (1.000e-03)
2026-01-14 02:38:30,802 - INFO: Epoch: [0][550/582]	Time  0.031 ( 0.034)	Loss 2.0117e-01 (2.9930e-01)	Acc pseudo  90.62 ( 90.28)	Lr 1.000e-03 (1.000e-03)
2026-01-14 02:38:33,815 - INFO: Round 3, Face Fine-tune Epoch 0: loss=0.2979, acc(pseudo)=90.29%
2026-01-14 02:39:32,768 - INFO: Round 3, Face Fine-tune Epoch 0: acc(valid_pseudo): 0.9575, acc: 0.8413
2026-01-14 02:39:33,614 - INFO: Epoch: [1][  0/582]	Time  0.482 ( 0.482)	Loss 2.0739e-01 (2.0739e-01)	Acc pseudo  95.31 ( 95.31)	Lr 1.000e-03 (1.000e-03)
2026-01-14 02:39:38,352 - INFO: Epoch: [1][ 50/582]	Time  0.028 ( 0.041)	Loss 2.4148e-01 (2.3645e-01)	Acc pseudo  90.62 ( 91.08)	Lr 1.000e-03 (1.000e-03)
2026-01-14 02:39:43,094 - INFO: Epoch: [1][100/582]	Time  0.029 ( 0.035)	Loss 4.3037e-01 (2.3765e-01)	Acc pseudo  84.38 ( 90.93)	Lr 1.000e-03 (1.000e-03)
2026-01-14 02:39:47,836 - INFO: Epoch: [1][150/582]	Time  0.028 ( 0.034)	Loss 3.0084e-01 (2.3395e-01)	Acc pseudo  84.38 ( 91.20)	Lr 1.000e-03 (1.000e-03)
2026-01-14 02:39:52,576 - INFO: Epoch: [1][200/582]	Time  0.027 ( 0.033)	Loss 6.5400e-02 (2.3220e-01)	Acc pseudo  96.88 ( 91.34)	Lr 1.000e-03 (1.000e-03)
2026-01-14 02:39:57,315 - INFO: Epoch: [1][250/582]	Time  0.028 ( 0.032)	Loss 2.6698e-01 (2.3084e-01)	Acc pseudo  87.50 ( 91.21)	Lr 1.000e-03 (1.000e-03)
2026-01-14 02:40:02,065 - INFO: Epoch: [1][300/582]	Time  0.036 ( 0.033)	Loss 1.7398e-01 (2.3647e-01)	Acc pseudo  90.62 ( 91.13)	Lr 1.000e-03 (1.000e-03)
2026-01-14 02:40:06,814 - INFO: Epoch: [1][350/582]	Time  0.030 ( 0.033)	Loss 1.5565e-01 (2.4228e-01)	Acc pseudo  92.19 ( 91.01)	Lr 1.000e-03 (1.000e-03)
2026-01-14 02:40:11,604 - INFO: Epoch: [1][400/582]	Time  0.030 ( 0.033)	Loss 2.7263e-01 (2.4280e-01)	Acc pseudo  85.94 ( 91.01)	Lr 1.000e-03 (1.000e-03)
2026-01-14 02:40:16,356 - INFO: Epoch: [1][450/582]	Time  0.028 ( 0.033)	Loss 2.3382e-01 (2.4199e-01)	Acc pseudo  89.06 ( 91.07)	Lr 1.000e-03 (1.000e-03)
2026-01-14 02:40:21,102 - INFO: Epoch: [1][500/582]	Time  0.043 ( 0.034)	Loss 2.5664e-01 (2.4234e-01)	Acc pseudo  92.19 ( 91.15)	Lr 1.000e-03 (1.000e-03)
2026-01-14 02:40:25,851 - INFO: Epoch: [1][550/582]	Time  0.042 ( 0.034)	Loss 1.3740e-01 (2.4490e-01)	Acc pseudo  92.19 ( 91.10)	Lr 1.000e-03 (1.000e-03)
2026-01-14 02:40:28,905 - INFO: Round 3, Face Fine-tune Epoch 1: loss=0.2440, acc(pseudo)=91.10%
2026-01-14 02:41:27,886 - INFO: Round 3, Face Fine-tune Epoch 1: acc(valid_pseudo): 0.9601, acc: 0.8569
2026-01-14 02:41:28,734 - INFO: Epoch: [2][  0/582]	Time  0.479 ( 0.479)	Loss 1.1903e-01 (1.1903e-01)	Acc pseudo  96.88 ( 96.88)	Lr 1.000e-03 (1.000e-03)
2026-01-14 02:41:33,753 - INFO: Epoch: [2][ 50/582]	Time  0.029 ( 0.045)	Loss 1.4655e-01 (2.1918e-01)	Acc pseudo  93.75 ( 91.21)	Lr 1.000e-03 (1.000e-03)
2026-01-14 02:41:38,503 - INFO: Epoch: [2][100/582]	Time  0.029 ( 0.037)	Loss 1.0910e-01 (2.2507e-01)	Acc pseudo  92.19 ( 91.44)	Lr 1.000e-03 (1.000e-03)
2026-01-14 02:41:43,256 - INFO: Epoch: [2][150/582]	Time  0.027 ( 0.034)	Loss 8.4814e-02 (2.2707e-01)	Acc pseudo  98.44 ( 91.71)	Lr 1.000e-03 (1.000e-03)
2026-01-14 02:41:48,011 - INFO: Epoch: [2][200/582]	Time  0.027 ( 0.032)	Loss 1.9184e-01 (2.2587e-01)	Acc pseudo  92.19 ( 91.67)	Lr 1.000e-03 (1.000e-03)
2026-01-14 02:41:52,766 - INFO: Epoch: [2][250/582]	Time  0.029 ( 0.031)	Loss 1.5736e-01 (2.2299e-01)	Acc pseudo  92.19 ( 91.71)	Lr 1.000e-03 (1.000e-03)
2026-01-14 02:41:57,521 - INFO: Epoch: [2][300/582]	Time  0.027 ( 0.031)	Loss 1.5763e-01 (2.2307e-01)	Acc pseudo  92.19 ( 91.65)	Lr 1.000e-03 (1.000e-03)
2026-01-14 02:42:02,279 - INFO: Epoch: [2][350/582]	Time  0.043 ( 0.030)	Loss 1.7019e-01 (2.2302e-01)	Acc pseudo  95.31 ( 91.65)	Lr 1.000e-03 (1.000e-03)
2026-01-14 02:42:07,049 - INFO: Epoch: [2][400/582]	Time  0.044 ( 0.032)	Loss 3.6687e-01 (2.2124e-01)	Acc pseudo  85.94 ( 91.73)	Lr 1.000e-03 (1.000e-03)
2026-01-14 02:42:11,817 - INFO: Epoch: [2][450/582]	Time  0.044 ( 0.033)	Loss 2.4610e-01 (2.2266e-01)	Acc pseudo  92.19 ( 91.64)	Lr 1.000e-03 (1.000e-03)
2026-01-14 02:42:16,660 - INFO: Epoch: [2][500/582]	Time  0.029 ( 0.033)	Loss 2.7755e-01 (2.2391e-01)	Acc pseudo  90.62 ( 91.61)	Lr 1.000e-03 (1.000e-03)
2026-01-14 02:42:21,427 - INFO: Epoch: [2][550/582]	Time  0.028 ( 0.033)	Loss 2.7682e-01 (2.2336e-01)	Acc pseudo  93.75 ( 91.65)	Lr 1.000e-03 (1.000e-03)
2026-01-14 02:42:24,461 - INFO: Round 3, Face Fine-tune Epoch 2: loss=0.2242, acc(pseudo)=91.65%
2026-01-14 02:43:24,727 - INFO: Round 3, Face Fine-tune Epoch 2: acc(valid_pseudo): 0.9595, acc: 0.8442
2026-01-14 02:43:24,727 - INFO: Round 3, Face Fine-tune Epoch 2: No improvement. Patience(epoch): 1/3
2026-01-14 02:43:25,250 - INFO: Epoch: [3][  0/582]	Time  0.480 ( 0.480)	Loss 1.3592e-01 (1.3592e-01)	Acc pseudo  95.31 ( 95.31)	Lr 1.000e-03 (1.000e-03)
2026-01-14 02:43:30,011 - INFO: Epoch: [3][ 50/582]	Time  0.029 ( 0.039)	Loss 4.0650e-01 (2.2509e-01)	Acc pseudo  90.62 ( 91.88)	Lr 1.000e-03 (1.000e-03)
2026-01-14 02:43:34,781 - INFO: Epoch: [3][100/582]	Time  0.040 ( 0.036)	Loss 1.1204e-01 (2.2700e-01)	Acc pseudo  95.31 ( 91.46)	Lr 1.000e-03 (1.000e-03)
2026-01-14 02:43:39,549 - INFO: Epoch: [3][150/582]	Time  0.028 ( 0.035)	Loss 2.0048e-01 (2.2393e-01)	Acc pseudo  89.06 ( 91.37)	Lr 1.000e-03 (1.000e-03)
2026-01-14 02:43:44,311 - INFO: Epoch: [3][200/582]	Time  0.028 ( 0.033)	Loss 3.3610e-01 (2.2460e-01)	Acc pseudo  85.94 ( 91.47)	Lr 1.000e-03 (1.000e-03)
2026-01-14 02:43:49,077 - INFO: Epoch: [3][250/582]	Time  0.028 ( 0.032)	Loss 1.2823e-01 (2.1928e-01)	Acc pseudo  95.31 ( 91.64)	Lr 1.000e-03 (1.000e-03)
2026-01-14 02:43:53,845 - INFO: Epoch: [3][300/582]	Time  0.028 ( 0.032)	Loss 2.8874e-01 (2.1881e-01)	Acc pseudo  89.06 ( 91.74)	Lr 1.000e-03 (1.000e-03)
2026-01-14 02:43:58,613 - INFO: Epoch: [3][350/582]	Time  0.030 ( 0.031)	Loss 1.8509e-01 (2.1724e-01)	Acc pseudo  90.62 ( 91.85)	Lr 1.000e-03 (1.000e-03)
2026-01-14 02:44:03,380 - INFO: Epoch: [3][400/582]	Time  0.028 ( 0.031)	Loss 1.6323e-01 (2.1587e-01)	Acc pseudo  93.75 ( 91.90)	Lr 1.000e-03 (1.000e-03)
2026-01-14 02:44:08,146 - INFO: Epoch: [3][450/582]	Time  0.030 ( 0.031)	Loss 2.7888e-01 (2.1685e-01)	Acc pseudo  90.62 ( 91.84)	Lr 1.000e-03 (1.000e-03)
2026-01-14 02:44:12,911 - INFO: Epoch: [3][500/582]	Time  0.043 ( 0.031)	Loss 2.9922e-01 (2.1647e-01)	Acc pseudo  92.19 ( 91.79)	Lr 1.000e-03 (1.000e-03)
2026-01-14 02:44:17,686 - INFO: Epoch: [3][550/582]	Time  0.043 ( 0.032)	Loss 1.0344e-01 (2.1835e-01)	Acc pseudo  93.75 ( 91.74)	Lr 1.000e-03 (1.000e-03)
2026-01-14 02:44:20,758 - INFO: Round 3, Face Fine-tune Epoch 3: loss=0.2185, acc(pseudo)=91.72%
2026-01-14 02:45:20,488 - INFO: Round 3, Face Fine-tune Epoch 3: acc(valid_pseudo): 0.9591, acc: 0.8481
2026-01-14 02:45:20,489 - INFO: Round 3, Face Fine-tune Epoch 3: No improvement. Patience(epoch): 2/3
2026-01-14 02:45:21,019 - INFO: Epoch: [4][  0/582]	Time  0.487 ( 0.487)	Loss 2.9334e-01 (2.9334e-01)	Acc pseudo  89.06 ( 89.06)	Lr 1.000e-03 (1.000e-03)
2026-01-14 02:45:25,784 - INFO: Epoch: [4][ 50/582]	Time  0.030 ( 0.040)	Loss 2.3393e-01 (2.1929e-01)	Acc pseudo  85.94 ( 91.82)	Lr 1.000e-03 (1.000e-03)
2026-01-14 02:45:30,545 - INFO: Epoch: [4][100/582]	Time  0.031 ( 0.034)	Loss 1.5967e-01 (2.1648e-01)	Acc pseudo  96.88 ( 91.92)	Lr 1.000e-03 (1.000e-03)
2026-01-14 02:45:35,311 - INFO: Epoch: [4][150/582]	Time  0.027 ( 0.033)	Loss 1.1961e-01 (2.2015e-01)	Acc pseudo  95.31 ( 91.78)	Lr 1.000e-03 (1.000e-03)
2026-01-14 02:45:40,077 - INFO: Epoch: [4][200/582]	Time  0.027 ( 0.032)	Loss 2.1348e-01 (2.1505e-01)	Acc pseudo  93.75 ( 91.83)	Lr 1.000e-03 (1.000e-03)
2026-01-14 02:45:44,844 - INFO: Epoch: [4][250/582]	Time  0.028 ( 0.031)	Loss 2.8306e-01 (2.1341e-01)	Acc pseudo  87.50 ( 91.83)	Lr 1.000e-03 (1.000e-03)
2026-01-14 02:45:49,618 - INFO: Epoch: [4][300/582]	Time  0.029 ( 0.031)	Loss 3.4941e-01 (2.1375e-01)	Acc pseudo  85.94 ( 91.90)	Lr 1.000e-03 (1.000e-03)
2026-01-14 02:45:54,390 - INFO: Epoch: [4][350/582]	Time  0.041 ( 0.031)	Loss 1.9180e-01 (2.1774e-01)	Acc pseudo  89.06 ( 91.77)	Lr 1.000e-03 (1.000e-03)
2026-01-14 02:45:59,162 - INFO: Epoch: [4][400/582]	Time  0.028 ( 0.031)	Loss 2.6284e-01 (2.1937e-01)	Acc pseudo  85.94 ( 91.67)	Lr 1.000e-03 (1.000e-03)
2026-01-14 02:46:03,927 - INFO: Epoch: [4][450/582]	Time  0.028 ( 0.031)	Loss 1.7092e-01 (2.2158e-01)	Acc pseudo  90.62 ( 91.58)	Lr 1.000e-03 (1.000e-03)
2026-01-14 02:46:08,693 - INFO: Epoch: [4][500/582]	Time  0.029 ( 0.031)	Loss 2.5288e-01 (2.2612e-01)	Acc pseudo  90.62 ( 91.45)	Lr 1.000e-03 (1.000e-03)
2026-01-14 02:46:13,461 - INFO: Epoch: [4][550/582]	Time  0.038 ( 0.031)	Loss 1.0239e-01 (2.2961e-01)	Acc pseudo  96.88 ( 91.31)	Lr 1.000e-03 (1.000e-03)
2026-01-14 02:46:16,498 - INFO: Round 3, Face Fine-tune Epoch 4: loss=0.2301, acc(pseudo)=91.27%
2026-01-14 02:47:17,870 - INFO: Round 3, Face Fine-tune Epoch 4: acc(valid_pseudo): 0.9609, acc: 0.8491
2026-01-14 02:47:18,717 - INFO: Epoch: [5][  0/582]	Time  0.491 ( 0.491)	Loss 2.5555e-01 (2.5555e-01)	Acc pseudo  90.62 ( 90.62)	Lr 1.000e-03 (1.000e-03)
2026-01-14 02:47:23,470 - INFO: Epoch: [5][ 50/582]	Time  0.028 ( 0.039)	Loss 2.6785e-01 (3.0348e-01)	Acc pseudo  90.62 ( 89.40)	Lr 1.000e-03 (1.000e-03)
2026-01-14 02:47:28,232 - INFO: Epoch: [5][100/582]	Time  0.029 ( 0.034)	Loss 3.0456e-01 (2.8778e-01)	Acc pseudo  92.19 ( 89.81)	Lr 1.000e-03 (1.000e-03)
2026-01-14 02:47:32,999 - INFO: Epoch: [5][150/582]	Time  0.028 ( 0.032)	Loss 1.3074e-01 (2.9062e-01)	Acc pseudo  92.19 ( 89.79)	Lr 1.000e-03 (1.000e-03)
2026-01-14 02:47:37,764 - INFO: Epoch: [5][200/582]	Time  0.027 ( 0.031)	Loss 3.2619e-01 (2.9024e-01)	Acc pseudo  87.50 ( 89.79)	Lr 1.000e-03 (1.000e-03)
2026-01-14 02:47:42,528 - INFO: Epoch: [5][250/582]	Time  0.028 ( 0.030)	Loss 2.0727e-01 (2.9074e-01)	Acc pseudo  89.06 ( 89.67)	Lr 1.000e-03 (1.000e-03)
2026-01-14 02:47:47,293 - INFO: Epoch: [5][300/582]	Time  0.029 ( 0.030)	Loss 3.0021e-01 (2.9537e-01)	Acc pseudo  85.94 ( 89.49)	Lr 1.000e-03 (1.000e-03)
2026-01-14 02:47:52,059 - INFO: Epoch: [5][350/582]	Time  0.027 ( 0.030)	Loss 2.3901e-01 (2.9645e-01)	Acc pseudo  90.62 ( 89.41)	Lr 1.000e-03 (1.000e-03)
2026-01-14 02:47:56,824 - INFO: Epoch: [5][400/582]	Time  0.027 ( 0.030)	Loss 2.1041e-01 (2.9597e-01)	Acc pseudo  92.19 ( 89.33)	Lr 1.000e-03 (1.000e-03)
2026-01-14 02:48:01,592 - INFO: Epoch: [5][450/582]	Time  0.030 ( 0.030)	Loss 3.1771e-01 (2.9719e-01)	Acc pseudo  90.62 ( 89.19)	Lr 1.000e-03 (1.000e-03)
2026-01-14 02:48:06,363 - INFO: Epoch: [5][500/582]	Time  0.027 ( 0.029)	Loss 2.0993e-01 (3.0108e-01)	Acc pseudo  93.75 ( 88.97)	Lr 1.000e-03 (1.000e-03)
2026-01-14 02:48:11,130 - INFO: Epoch: [5][550/582]	Time  0.029 ( 0.029)	Loss 1.9825e-01 (2.9878e-01)	Acc pseudo  92.19 ( 88.97)	Lr 1.000e-03 (1.000e-03)
2026-01-14 02:48:14,170 - INFO: Round 3, Face Fine-tune Epoch 5: loss=0.3025, acc(pseudo)=88.90%
2026-01-14 02:49:12,825 - INFO: Round 3, Face Fine-tune Epoch 5: acc(valid_pseudo): 0.9571, acc: 0.8530
2026-01-14 02:49:12,826 - INFO: Round 3, Face Fine-tune Epoch 5: No improvement. Patience(epoch): 1/3
2026-01-14 02:49:13,357 - INFO: Epoch: [6][  0/582]	Time  0.486 ( 0.486)	Loss 1.4663e-01 (1.4663e-01)	Acc pseudo  95.31 ( 95.31)	Lr 1.000e-03 (1.000e-03)
2026-01-14 02:49:18,120 - INFO: Epoch: [6][ 50/582]	Time  0.032 ( 0.039)	Loss 2.0563e-01 (2.5644e-01)	Acc pseudo  90.62 ( 89.71)	Lr 1.000e-03 (1.000e-03)
2026-01-14 02:49:22,888 - INFO: Epoch: [6][100/582]	Time  0.029 ( 0.035)	Loss 3.3462e-01 (2.6706e-01)	Acc pseudo  84.38 ( 89.70)	Lr 1.000e-03 (1.000e-03)
2026-01-14 02:49:27,654 - INFO: Epoch: [6][150/582]	Time  0.028 ( 0.033)	Loss 3.4464e-01 (2.7645e-01)	Acc pseudo  89.06 ( 89.50)	Lr 1.000e-03 (1.000e-03)
2026-01-14 02:49:32,420 - INFO: Epoch: [6][200/582]	Time  0.028 ( 0.032)	Loss 3.9194e-01 (2.8177e-01)	Acc pseudo  78.12 ( 89.36)	Lr 1.000e-03 (1.000e-03)
2026-01-14 02:49:37,189 - INFO: Epoch: [6][250/582]	Time  0.029 ( 0.031)	Loss 2.3081e-01 (2.8618e-01)	Acc pseudo  87.50 ( 89.22)	Lr 1.000e-03 (1.000e-03)
2026-01-14 02:49:41,960 - INFO: Epoch: [6][300/582]	Time  0.028 ( 0.031)	Loss 5.5730e-01 (2.8449e-01)	Acc pseudo  84.38 ( 89.24)	Lr 1.000e-03 (1.000e-03)
2026-01-14 02:49:46,728 - INFO: Epoch: [6][350/582]	Time  0.028 ( 0.030)	Loss 2.3962e-01 (2.8746e-01)	Acc pseudo  87.50 ( 89.06)	Lr 1.000e-03 (1.000e-03)
2026-01-14 02:49:51,495 - INFO: Epoch: [6][400/582]	Time  0.028 ( 0.030)	Loss 2.5184e-01 (2.8682e-01)	Acc pseudo  93.75 ( 89.09)	Lr 1.000e-03 (1.000e-03)
2026-01-14 02:49:56,263 - INFO: Epoch: [6][450/582]	Time  0.029 ( 0.030)	Loss 2.8879e-01 (2.8736e-01)	Acc pseudo  90.62 ( 89.07)	Lr 1.000e-03 (1.000e-03)
2026-01-14 02:50:01,032 - INFO: Epoch: [6][500/582]	Time  0.028 ( 0.030)	Loss 4.8218e-01 (2.8678e-01)	Acc pseudo  85.94 ( 89.16)	Lr 1.000e-03 (1.000e-03)
2026-01-14 02:50:05,803 - INFO: Epoch: [6][550/582]	Time  0.040 ( 0.030)	Loss 5.1812e-01 (2.8679e-01)	Acc pseudo  85.94 ( 89.17)	Lr 1.000e-03 (1.000e-03)
2026-01-14 02:50:08,841 - INFO: Round 3, Face Fine-tune Epoch 6: loss=0.2869, acc(pseudo)=89.18%
2026-01-14 02:51:07,668 - INFO: Round 3, Face Fine-tune Epoch 6: acc(valid_pseudo): 0.9592, acc: 0.8510
2026-01-14 02:51:07,668 - INFO: Round 3, Face Fine-tune Epoch 6: No improvement. Patience(epoch): 2/3
2026-01-14 02:51:08,197 - INFO: Epoch: [7][  0/582]	Time  0.479 ( 0.479)	Loss 3.1511e-01 (3.1511e-01)	Acc pseudo  87.50 ( 87.50)	Lr 1.000e-03 (1.000e-03)
2026-01-14 02:51:12,957 - INFO: Epoch: [7][ 50/582]	Time  0.029 ( 0.039)	Loss 1.0219e-01 (2.6148e-01)	Acc pseudo  93.75 ( 90.26)	Lr 1.000e-03 (1.000e-03)
2026-01-14 02:51:17,722 - INFO: Epoch: [7][100/582]	Time  0.038 ( 0.034)	Loss 3.0287e-01 (2.6108e-01)	Acc pseudo  85.94 ( 90.36)	Lr 1.000e-03 (1.000e-03)
2026-01-14 02:51:22,489 - INFO: Epoch: [7][150/582]	Time  0.027 ( 0.033)	Loss 8.1811e-02 (2.5947e-01)	Acc pseudo  98.44 ( 90.31)	Lr 1.000e-03 (1.000e-03)
2026-01-14 02:51:27,258 - INFO: Epoch: [7][200/582]	Time  0.029 ( 0.032)	Loss 1.4661e-01 (2.6602e-01)	Acc pseudo  98.44 ( 90.39)	Lr 1.000e-03 (1.000e-03)
2026-01-14 02:51:32,031 - INFO: Epoch: [7][250/582]	Time  0.028 ( 0.031)	Loss 2.1580e-01 (2.6727e-01)	Acc pseudo  90.62 ( 90.28)	Lr 1.000e-03 (1.000e-03)
2026-01-14 02:51:36,807 - INFO: Epoch: [7][300/582]	Time  0.029 ( 0.031)	Loss 3.2841e-01 (2.7081e-01)	Acc pseudo  90.62 ( 90.20)	Lr 1.000e-03 (1.000e-03)
2026-01-14 02:51:41,582 - INFO: Epoch: [7][350/582]	Time  0.033 ( 0.031)	Loss 5.0928e-01 (2.6940e-01)	Acc pseudo  84.38 ( 90.15)	Lr 1.000e-03 (1.000e-03)
2026-01-14 02:51:46,350 - INFO: Epoch: [7][400/582]	Time  0.027 ( 0.030)	Loss 3.8080e-01 (2.6781e-01)	Acc pseudo  85.94 ( 90.10)	Lr 1.000e-03 (1.000e-03)
2026-01-14 02:51:51,117 - INFO: Epoch: [7][450/582]	Time  0.041 ( 0.030)	Loss 2.6916e-01 (2.7310e-01)	Acc pseudo  89.06 ( 89.99)	Lr 1.000e-03 (1.000e-03)
2026-01-14 02:51:55,889 - INFO: Epoch: [7][500/582]	Time  0.030 ( 0.030)	Loss 2.9669e-01 (2.7223e-01)	Acc pseudo  82.81 ( 90.02)	Lr 1.000e-03 (1.000e-03)
2026-01-14 02:52:00,660 - INFO: Epoch: [7][550/582]	Time  0.030 ( 0.030)	Loss 3.6065e-01 (2.7363e-01)	Acc pseudo  87.50 ( 89.97)	Lr 1.000e-03 (1.000e-03)
2026-01-14 02:52:03,696 - INFO: Round 3, Face Fine-tune Epoch 7: loss=0.2761, acc(pseudo)=89.90%
2026-01-14 02:53:02,518 - INFO: Round 3, Face Fine-tune Epoch 7: acc(valid_pseudo): 0.9593, acc: 0.8500
2026-01-14 02:53:02,519 - INFO: Round 3, Face Fine-tune Epoch 7: No improvement. Patience(epoch): 3/3
2026-01-14 02:53:02,519 - INFO: Early stopping at face epoch 7
2026-01-14 02:53:02,520 - INFO: Round 3: Best face fine-tuned epoch=4, acc(valid_pseudo)=0.9609
2026-01-14 02:53:02,617 - INFO: Using HMM model from previous round: runs/I love my family/exp_video/result/self_supervised/exp0/round2/pseudo_label/hmm_params.pkl
2026-01-14 04:10:53,442 - INFO: Round 3: speaker_acc=0.8695
2026-01-14 04:10:53,448 - INFO: Round 3: face_acc=0.8491
2026-01-14 04:10:53,451 - INFO: ====================
2026-01-14 04:10:53,452 - INFO: Round 4: Fine-tuning iteration
2026-01-14 04:10:53,452 - INFO: ====================
2026-01-14 04:10:53,518 - INFO: Round 4 Part 1: Fine-tuning embedding model
2026-01-14 04:10:53,520 - INFO: Using pseudo-label file: runs/I love my family/exp_video/result/self_supervised/exp0/round3/pseudo_label/pseudo_labels_audio_nested_hmm_full(unreliable_pp=100.0).json
2026-01-14 04:10:53,547 - INFO: For training, Using face pseudo-label file: runs/I love my family/exp_video/result/self_supervised/exp0/round3/pseudo_label/pseudo_labels_faces_mid_frame_train_nested_hmm_full.json
2026-01-14 04:10:53,547 - INFO: For infering, Using face pseudo-label file: runs/I love my family/exp_video/result/self_supervised/exp0/round3/pseudo_label/pseudo_labels_faces_mid_frame_all_nested_hmm_full.json
2026-01-14 04:10:53,677 - INFO: Created face dataloader with 37219 samples
2026-01-14 04:10:53,691 - INFO: Fine-tuning speaker embedding model for 20 epochs...
2026-01-14 04:10:54,159 - INFO: Epoch: [0][  0/301]	Time  0.454 ( 0.454)	Loss 3.2270e-01 (3.2270e-01)	Acc pseudo  87.50 ( 87.50)	Lr 1.000e-03 (1.000e-03)
2026-01-14 04:10:54,338 - INFO: Epoch: [0][ 50/301]	Time  0.003 ( 0.012)	Loss 3.8958e-01 (4.7753e-01)	Acc pseudo  89.06 ( 86.80)	Lr 1.000e-03 (1.000e-03)
2026-01-14 04:10:54,497 - INFO: Epoch: [0][100/301]	Time  0.003 ( 0.008)	Loss 3.0089e-01 (4.4609e-01)	Acc pseudo  87.50 ( 86.96)	Lr 1.000e-03 (1.000e-03)
2026-01-14 04:10:54,649 - INFO: Epoch: [0][150/301]	Time  0.003 ( 0.006)	Loss 2.4127e-01 (4.5086e-01)	Acc pseudo  95.31 ( 86.95)	Lr 1.000e-03 (1.000e-03)
2026-01-14 04:10:54,798 - INFO: Epoch: [0][200/301]	Time  0.003 ( 0.005)	Loss 2.4388e-01 (4.4969e-01)	Acc pseudo  90.62 ( 86.80)	Lr 1.000e-03 (1.000e-03)
2026-01-14 04:10:54,942 - INFO: Epoch: [0][250/301]	Time  0.003 ( 0.005)	Loss 4.7003e-01 (4.5610e-01)	Acc pseudo  81.25 ( 86.48)	Lr 1.000e-03 (1.000e-03)
2026-01-14 04:10:55,081 - INFO: Epoch: [0][300/301]	Time  0.002 ( 0.004)	Loss 2.7331e-01 (4.4933e-01)	Acc pseudo  92.00 ( 86.67)	Lr 1.000e-03 (1.000e-03)
2026-01-14 04:10:55,144 - INFO: Round 4, Fine-tune Epoch 0: loss=0.4493, acc(pseudo)=86.67%
2026-01-14 04:11:03,549 - INFO: Round 4, Fine-tune Epoch 0: acc(valid_pseudo): 0.9694, acc: 0.8495
2026-01-14 04:11:04,179 - INFO: Epoch: [1][  0/301]	Time  0.234 ( 0.234)	Loss 2.8745e-01 (2.8745e-01)	Acc pseudo  92.19 ( 92.19)	Lr 1.000e-03 (1.000e-03)
2026-01-14 04:11:04,351 - INFO: Epoch: [1][ 50/301]	Time  0.003 ( 0.008)	Loss 2.4565e-01 (3.8225e-01)	Acc pseudo  92.19 ( 87.81)	Lr 1.000e-03 (1.000e-03)
2026-01-14 04:11:04,504 - INFO: Epoch: [1][100/301]	Time  0.003 ( 0.005)	Loss 2.7756e-01 (3.9124e-01)	Acc pseudo  92.19 ( 88.10)	Lr 1.000e-03 (1.000e-03)
2026-01-14 04:11:04,659 - INFO: Epoch: [1][150/301]	Time  0.003 ( 0.005)	Loss 4.6778e-01 (3.8329e-01)	Acc pseudo  89.06 ( 88.09)	Lr 1.000e-03 (1.000e-03)
2026-01-14 04:11:04,813 - INFO: Epoch: [1][200/301]	Time  0.003 ( 0.004)	Loss 4.6814e-01 (3.8934e-01)	Acc pseudo  85.94 ( 88.03)	Lr 1.000e-03 (1.000e-03)
2026-01-14 04:11:04,965 - INFO: Epoch: [1][250/301]	Time  0.003 ( 0.004)	Loss 3.5381e-01 (3.9436e-01)	Acc pseudo  85.94 ( 87.79)	Lr 1.000e-03 (1.000e-03)
2026-01-14 04:11:05,115 - INFO: Epoch: [1][300/301]	Time  0.002 ( 0.004)	Loss 2.9607e-01 (3.9553e-01)	Acc pseudo  92.00 ( 87.80)	Lr 1.000e-03 (1.000e-03)
2026-01-14 04:11:05,182 - INFO: Round 4, Fine-tune Epoch 1: loss=0.3955, acc(pseudo)=87.80%
2026-01-14 04:11:11,691 - INFO: Round 4, Fine-tune Epoch 1: acc(valid_pseudo): 0.9633, acc: 0.8490
2026-01-14 04:11:11,691 - INFO: Round 4, Speaker Fine-tune Epoch 1: No improvement in validation accuracy. Patience(epoch): 1/3
2026-01-14 04:11:11,918 - INFO: Epoch: [2][  0/301]	Time  0.222 ( 0.222)	Loss 6.0236e-01 (6.0236e-01)	Acc pseudo  81.25 ( 81.25)	Lr 1.000e-03 (1.000e-03)
2026-01-14 04:11:12,089 - INFO: Epoch: [2][ 50/301]	Time  0.003 ( 0.008)	Loss 2.8295e-01 (3.8438e-01)	Acc pseudo  93.75 ( 87.25)	Lr 1.000e-03 (1.000e-03)
2026-01-14 04:11:12,246 - INFO: Epoch: [2][100/301]	Time  0.003 ( 0.005)	Loss 4.8573e-01 (3.8601e-01)	Acc pseudo  81.25 ( 87.27)	Lr 1.000e-03 (1.000e-03)
2026-01-14 04:11:12,400 - INFO: Epoch: [2][150/301]	Time  0.003 ( 0.005)	Loss 3.1083e-01 (3.9619e-01)	Acc pseudo  89.06 ( 87.11)	Lr 1.000e-03 (1.000e-03)
2026-01-14 04:11:12,557 - INFO: Epoch: [2][200/301]	Time  0.003 ( 0.004)	Loss 2.6969e-01 (3.9251e-01)	Acc pseudo  93.75 ( 87.20)	Lr 1.000e-03 (1.000e-03)
2026-01-14 04:11:12,716 - INFO: Epoch: [2][250/301]	Time  0.003 ( 0.004)	Loss 2.4210e-01 (3.9385e-01)	Acc pseudo  92.19 ( 87.08)	Lr 1.000e-03 (1.000e-03)
2026-01-14 04:11:12,866 - INFO: Epoch: [2][300/301]	Time  0.002 ( 0.004)	Loss 2.5655e-01 (3.9699e-01)	Acc pseudo  92.00 ( 87.05)	Lr 1.000e-03 (1.000e-03)
2026-01-14 04:11:12,932 - INFO: Round 4, Fine-tune Epoch 2: loss=0.3970, acc(pseudo)=87.05%
2026-01-14 04:11:19,786 - INFO: Round 4, Fine-tune Epoch 2: acc(valid_pseudo): 0.9746, acc: 0.8645
2026-01-14 04:11:20,206 - INFO: Epoch: [3][  0/301]	Time  0.245 ( 0.245)	Loss 6.3608e-01 (6.3608e-01)	Acc pseudo  79.69 ( 79.69)	Lr 1.000e-03 (1.000e-03)
2026-01-14 04:11:20,371 - INFO: Epoch: [3][ 50/301]	Time  0.003 ( 0.008)	Loss 3.4968e-01 (3.8375e-01)	Acc pseudo  85.94 ( 88.08)	Lr 1.000e-03 (1.000e-03)
2026-01-14 04:11:20,517 - INFO: Epoch: [3][100/301]	Time  0.003 ( 0.005)	Loss 2.4383e-01 (3.8158e-01)	Acc pseudo  90.62 ( 87.78)	Lr 1.000e-03 (1.000e-03)
2026-01-14 04:11:20,661 - INFO: Epoch: [3][150/301]	Time  0.003 ( 0.005)	Loss 2.0370e-01 (3.9059e-01)	Acc pseudo  93.75 ( 87.55)	Lr 1.000e-03 (1.000e-03)
2026-01-14 04:11:20,804 - INFO: Epoch: [3][200/301]	Time  0.003 ( 0.004)	Loss 3.3532e-01 (3.8151e-01)	Acc pseudo  85.94 ( 87.78)	Lr 1.000e-03 (1.000e-03)
2026-01-14 04:11:20,947 - INFO: Epoch: [3][250/301]	Time  0.003 ( 0.004)	Loss 3.1022e-01 (3.8127e-01)	Acc pseudo  90.62 ( 87.68)	Lr 1.000e-03 (1.000e-03)
2026-01-14 04:11:21,082 - INFO: Epoch: [3][300/301]	Time  0.002 ( 0.004)	Loss 2.0990e-01 (3.8570e-01)	Acc pseudo  88.00 ( 87.66)	Lr 1.000e-03 (1.000e-03)
2026-01-14 04:11:21,147 - INFO: Round 4, Fine-tune Epoch 3: loss=0.3857, acc(pseudo)=87.66%
2026-01-14 04:11:28,166 - INFO: Round 4, Fine-tune Epoch 3: acc(valid_pseudo): 0.9659, acc: 0.8515
2026-01-14 04:11:28,166 - INFO: Round 4, Speaker Fine-tune Epoch 3: No improvement in validation accuracy. Patience(epoch): 1/3
2026-01-14 04:11:28,412 - INFO: Epoch: [4][  0/301]	Time  0.241 ( 0.241)	Loss 5.6757e-01 (5.6757e-01)	Acc pseudo  89.06 ( 89.06)	Lr 1.000e-03 (1.000e-03)
2026-01-14 04:11:28,581 - INFO: Epoch: [4][ 50/301]	Time  0.003 ( 0.008)	Loss 4.2919e-01 (3.9108e-01)	Acc pseudo  89.06 ( 87.50)	Lr 1.000e-03 (1.000e-03)
2026-01-14 04:11:28,730 - INFO: Epoch: [4][100/301]	Time  0.003 ( 0.005)	Loss 4.6194e-01 (3.8262e-01)	Acc pseudo  82.81 ( 87.53)	Lr 1.000e-03 (1.000e-03)
2026-01-14 04:11:28,871 - INFO: Epoch: [4][150/301]	Time  0.003 ( 0.005)	Loss 4.4102e-01 (3.8935e-01)	Acc pseudo  85.94 ( 87.44)	Lr 1.000e-03 (1.000e-03)
2026-01-14 04:11:29,012 - INFO: Epoch: [4][200/301]	Time  0.003 ( 0.004)	Loss 3.7676e-01 (3.8632e-01)	Acc pseudo  84.38 ( 87.48)	Lr 1.000e-03 (1.000e-03)
2026-01-14 04:11:29,155 - INFO: Epoch: [4][250/301]	Time  0.003 ( 0.004)	Loss 4.5436e-01 (3.8831e-01)	Acc pseudo  85.94 ( 87.31)	Lr 1.000e-03 (1.000e-03)
2026-01-14 04:11:29,289 - INFO: Epoch: [4][300/301]	Time  0.002 ( 0.004)	Loss 6.6449e-01 (3.9208e-01)	Acc pseudo  84.00 ( 87.25)	Lr 1.000e-03 (1.000e-03)
2026-01-14 04:11:29,351 - INFO: Round 4, Fine-tune Epoch 4: loss=0.3921, acc(pseudo)=87.25%
2026-01-14 04:11:36,255 - INFO: Round 4, Fine-tune Epoch 4: acc(valid_pseudo): 0.9662, acc: 0.8490
2026-01-14 04:11:36,255 - INFO: Round 4, Speaker Fine-tune Epoch 4: No improvement in validation accuracy. Patience(epoch): 2/3
2026-01-14 04:11:36,482 - INFO: Epoch: [5][  0/301]	Time  0.222 ( 0.222)	Loss 7.9054e-01 (7.9054e-01)	Acc pseudo  82.81 ( 82.81)	Lr 1.000e-03 (1.000e-03)
2026-01-14 04:11:36,653 - INFO: Epoch: [5][ 50/301]	Time  0.003 ( 0.008)	Loss 4.3647e-01 (3.8298e-01)	Acc pseudo  89.06 ( 87.81)	Lr 1.000e-03 (1.000e-03)
2026-01-14 04:11:36,806 - INFO: Epoch: [5][100/301]	Time  0.003 ( 0.005)	Loss 6.2971e-01 (3.7406e-01)	Acc pseudo  78.12 ( 87.79)	Lr 1.000e-03 (1.000e-03)
2026-01-14 04:11:36,957 - INFO: Epoch: [5][150/301]	Time  0.003 ( 0.005)	Loss 3.6330e-01 (3.6924e-01)	Acc pseudo  85.94 ( 87.81)	Lr 1.000e-03 (1.000e-03)
2026-01-14 04:11:37,107 - INFO: Epoch: [5][200/301]	Time  0.003 ( 0.004)	Loss 3.1904e-01 (3.7992e-01)	Acc pseudo  92.19 ( 87.55)	Lr 1.000e-03 (1.000e-03)
2026-01-14 04:11:37,256 - INFO: Epoch: [5][250/301]	Time  0.003 ( 0.004)	Loss 3.9783e-01 (3.8564e-01)	Acc pseudo  84.38 ( 87.44)	Lr 1.000e-03 (1.000e-03)
2026-01-14 04:11:37,399 - INFO: Epoch: [5][300/301]	Time  0.002 ( 0.004)	Loss 5.5606e-01 (3.9330e-01)	Acc pseudo  88.00 ( 87.20)	Lr 1.000e-03 (1.000e-03)
2026-01-14 04:11:37,463 - INFO: Round 4, Fine-tune Epoch 5: loss=0.3933, acc(pseudo)=87.20%
2026-01-14 04:11:45,575 - INFO: Round 4, Fine-tune Epoch 5: acc(valid_pseudo): 0.9565, acc: 0.8540
2026-01-14 04:11:45,576 - INFO: Round 4, Speaker Fine-tune Epoch 5: No improvement in validation accuracy. Patience(epoch): 3/3
2026-01-14 04:11:45,576 - INFO: Early stopping at epoch 5 due to no improvement in validation accuracy for 3 epochs.
2026-01-14 04:11:45,577 - INFO: Round 4: Best speaker fine-tuned epoch=2, acc(valid_pseudo)=0.9746
2026-01-14 04:11:45,581 - INFO: Fine-tuning face embedding model for 20 epochs...
2026-01-14 04:11:46,558 - INFO: Epoch: [0][  0/582]	Time  0.956 ( 0.956)	Loss 1.2721e-01 (1.2721e-01)	Acc pseudo  95.31 ( 95.31)	Lr 1.000e-03 (1.000e-03)
2026-01-14 04:11:51,381 - INFO: Epoch: [0][ 50/582]	Time  0.031 ( 0.053)	Loss 3.3592e-01 (2.4677e-01)	Acc pseudo  87.50 ( 92.65)	Lr 1.000e-03 (1.000e-03)
2026-01-14 04:11:56,085 - INFO: Epoch: [0][100/582]	Time  0.028 ( 0.041)	Loss 1.8060e-01 (2.4336e-01)	Acc pseudo  90.62 ( 91.86)	Lr 1.000e-03 (1.000e-03)
2026-01-14 04:12:00,791 - INFO: Epoch: [0][150/582]	Time  0.029 ( 0.037)	Loss 2.2003e-01 (2.3437e-01)	Acc pseudo  90.62 ( 92.14)	Lr 1.000e-03 (1.000e-03)
2026-01-14 04:12:05,502 - INFO: Epoch: [0][200/582]	Time  0.035 ( 0.035)	Loss 7.1925e-02 (2.2905e-01)	Acc pseudo  98.44 ( 92.14)	Lr 1.000e-03 (1.000e-03)
2026-01-14 04:12:10,215 - INFO: Epoch: [0][250/582]	Time  0.029 ( 0.034)	Loss 7.0049e-01 (2.3592e-01)	Acc pseudo  81.25 ( 91.92)	Lr 1.000e-03 (1.000e-03)
2026-01-14 04:12:14,931 - INFO: Epoch: [0][300/582]	Time  0.029 ( 0.033)	Loss 8.9317e-02 (2.3169e-01)	Acc pseudo  95.31 ( 91.88)	Lr 1.000e-03 (1.000e-03)
2026-01-14 04:12:19,645 - INFO: Epoch: [0][350/582]	Time  0.031 ( 0.033)	Loss 9.0316e-02 (2.3057e-01)	Acc pseudo  96.88 ( 91.92)	Lr 1.000e-03 (1.000e-03)
2026-01-14 04:12:24,359 - INFO: Epoch: [0][400/582]	Time  0.028 ( 0.032)	Loss 2.4082e-01 (2.3046e-01)	Acc pseudo  93.75 ( 91.95)	Lr 1.000e-03 (1.000e-03)
2026-01-14 04:12:29,619 - INFO: Epoch: [0][450/582]	Time  0.030 ( 0.033)	Loss 8.6628e-02 (2.3067e-01)	Acc pseudo  96.88 ( 91.94)	Lr 1.000e-03 (1.000e-03)
2026-01-14 04:12:34,826 - INFO: Epoch: [0][500/582]	Time  0.029 ( 0.034)	Loss 3.2802e-01 (2.3180e-01)	Acc pseudo  85.94 ( 91.92)	Lr 1.000e-03 (1.000e-03)
2026-01-14 04:12:39,539 - INFO: Epoch: [0][550/582]	Time  0.027 ( 0.033)	Loss 1.7926e-01 (2.2959e-01)	Acc pseudo  90.62 ( 91.94)	Lr 1.000e-03 (1.000e-03)
2026-01-14 04:12:42,537 - INFO: Round 4, Face Fine-tune Epoch 0: loss=0.2331, acc(pseudo)=91.91%
2026-01-14 04:13:41,854 - INFO: Round 4, Face Fine-tune Epoch 0: acc(valid_pseudo): 0.9568, acc: 0.8481
2026-01-14 04:13:42,708 - INFO: Epoch: [1][  0/582]	Time  0.475 ( 0.475)	Loss 1.5518e-01 (1.5518e-01)	Acc pseudo  92.19 ( 92.19)	Lr 1.000e-03 (1.000e-03)
2026-01-14 04:13:47,434 - INFO: Epoch: [1][ 50/582]	Time  0.029 ( 0.038)	Loss 1.9740e-01 (1.9478e-01)	Acc pseudo  92.19 ( 92.86)	Lr 1.000e-03 (1.000e-03)
2026-01-14 04:13:52,157 - INFO: Epoch: [1][100/582]	Time  0.027 ( 0.033)	Loss 2.6527e-01 (1.9550e-01)	Acc pseudo  90.62 ( 92.62)	Lr 1.000e-03 (1.000e-03)
2026-01-14 04:13:56,885 - INFO: Epoch: [1][150/582]	Time  0.029 ( 0.032)	Loss 2.1914e-01 (1.9758e-01)	Acc pseudo  90.62 ( 92.79)	Lr 1.000e-03 (1.000e-03)
2026-01-14 04:14:01,613 - INFO: Epoch: [1][200/582]	Time  0.032 ( 0.031)	Loss 8.5483e-02 (1.9264e-01)	Acc pseudo  96.88 ( 92.88)	Lr 1.000e-03 (1.000e-03)
2026-01-14 04:14:06,345 - INFO: Epoch: [1][250/582]	Time  0.030 ( 0.031)	Loss 1.9656e-01 (1.9768e-01)	Acc pseudo  87.50 ( 92.71)	Lr 1.000e-03 (1.000e-03)
2026-01-14 04:14:11,071 - INFO: Epoch: [1][300/582]	Time  0.027 ( 0.031)	Loss 3.4896e-01 (1.9792e-01)	Acc pseudo  93.75 ( 92.77)	Lr 1.000e-03 (1.000e-03)
2026-01-14 04:14:15,799 - INFO: Epoch: [1][350/582]	Time  0.028 ( 0.031)	Loss 1.6778e-01 (2.0295e-01)	Acc pseudo  89.06 ( 92.69)	Lr 1.000e-03 (1.000e-03)
2026-01-14 04:14:20,771 - INFO: Epoch: [1][400/582]	Time  0.031 ( 0.031)	Loss 1.9349e-01 (2.0312e-01)	Acc pseudo  89.06 ( 92.55)	Lr 1.000e-03 (1.000e-03)
2026-01-14 04:14:25,500 - INFO: Epoch: [1][450/582]	Time  0.027 ( 0.031)	Loss 2.1788e-01 (2.0463e-01)	Acc pseudo  92.19 ( 92.51)	Lr 1.000e-03 (1.000e-03)
2026-01-14 04:14:30,230 - INFO: Epoch: [1][500/582]	Time  0.027 ( 0.031)	Loss 2.0768e-01 (2.0398e-01)	Acc pseudo  93.75 ( 92.49)	Lr 1.000e-03 (1.000e-03)
2026-01-14 04:14:34,961 - INFO: Epoch: [1][550/582]	Time  0.026 ( 0.031)	Loss 1.6504e-01 (2.0381e-01)	Acc pseudo  96.88 ( 92.53)	Lr 1.000e-03 (1.000e-03)
2026-01-14 04:14:38,043 - INFO: Round 4, Face Fine-tune Epoch 1: loss=0.2036, acc(pseudo)=92.57%
2026-01-14 04:15:37,225 - INFO: Round 4, Face Fine-tune Epoch 1: acc(valid_pseudo): 0.9578, acc: 0.8530
2026-01-14 04:15:38,272 - INFO: Epoch: [2][  0/582]	Time  0.480 ( 0.480)	Loss 1.4173e-01 (1.4173e-01)	Acc pseudo  95.31 ( 95.31)	Lr 1.000e-03 (1.000e-03)
2026-01-14 04:15:43,009 - INFO: Epoch: [2][ 50/582]	Time  0.028 ( 0.042)	Loss 1.9628e-01 (1.7867e-01)	Acc pseudo  93.75 ( 93.05)	Lr 1.000e-03 (1.000e-03)
2026-01-14 04:15:47,748 - INFO: Epoch: [2][100/582]	Time  0.030 ( 0.036)	Loss 8.4945e-02 (1.7646e-01)	Acc pseudo  96.88 ( 92.95)	Lr 1.000e-03 (1.000e-03)
2026-01-14 04:15:52,488 - INFO: Epoch: [2][150/582]	Time  0.027 ( 0.033)	Loss 9.3910e-02 (1.7638e-01)	Acc pseudo  95.31 ( 93.10)	Lr 1.000e-03 (1.000e-03)
2026-01-14 04:15:57,238 - INFO: Epoch: [2][200/582]	Time  0.029 ( 0.032)	Loss 2.3346e-01 (1.8105e-01)	Acc pseudo  90.62 ( 92.91)	Lr 1.000e-03 (1.000e-03)
2026-01-14 04:16:01,986 - INFO: Epoch: [2][250/582]	Time  0.028 ( 0.031)	Loss 2.6380e-01 (1.8210e-01)	Acc pseudo  90.62 ( 92.89)	Lr 1.000e-03 (1.000e-03)
2026-01-14 04:16:06,744 - INFO: Epoch: [2][300/582]	Time  0.029 ( 0.031)	Loss 1.5564e-01 (1.8428e-01)	Acc pseudo  92.19 ( 92.88)	Lr 1.000e-03 (1.000e-03)
2026-01-14 04:16:11,515 - INFO: Epoch: [2][350/582]	Time  0.028 ( 0.031)	Loss 2.0775e-01 (1.8099e-01)	Acc pseudo  95.31 ( 93.03)	Lr 1.000e-03 (1.000e-03)
2026-01-14 04:16:16,269 - INFO: Epoch: [2][400/582]	Time  0.029 ( 0.030)	Loss 1.7408e-01 (1.7831e-01)	Acc pseudo  90.62 ( 93.10)	Lr 1.000e-03 (1.000e-03)
2026-01-14 04:16:21,023 - INFO: Epoch: [2][450/582]	Time  0.028 ( 0.030)	Loss 1.7670e-01 (1.7896e-01)	Acc pseudo  92.19 ( 93.13)	Lr 1.000e-03 (1.000e-03)
2026-01-14 04:16:25,777 - INFO: Epoch: [2][500/582]	Time  0.028 ( 0.030)	Loss 7.7953e-02 (1.7860e-01)	Acc pseudo  98.44 ( 93.13)	Lr 1.000e-03 (1.000e-03)
2026-01-14 04:16:30,532 - INFO: Epoch: [2][550/582]	Time  0.027 ( 0.030)	Loss 1.8975e-01 (1.7887e-01)	Acc pseudo  95.31 ( 93.16)	Lr 1.000e-03 (1.000e-03)
2026-01-14 04:16:33,556 - INFO: Round 4, Face Fine-tune Epoch 2: loss=0.1798, acc(pseudo)=93.14%
2026-01-14 04:17:34,939 - INFO: Round 4, Face Fine-tune Epoch 2: acc(valid_pseudo): 0.9584, acc: 0.8481
2026-01-14 04:17:36,075 - INFO: Epoch: [3][  0/582]	Time  0.756 ( 0.756)	Loss 1.5995e-01 (1.5995e-01)	Acc pseudo  90.62 ( 90.62)	Lr 1.000e-03 (1.000e-03)
2026-01-14 04:17:40,921 - INFO: Epoch: [3][ 50/582]	Time  0.027 ( 0.046)	Loss 1.2368e-01 (1.7177e-01)	Acc pseudo  95.31 ( 93.38)	Lr 1.000e-03 (1.000e-03)
2026-01-14 04:17:45,678 - INFO: Epoch: [3][100/582]	Time  0.027 ( 0.038)	Loss 5.2964e-02 (1.7337e-01)	Acc pseudo  98.44 ( 92.82)	Lr 1.000e-03 (1.000e-03)
2026-01-14 04:17:50,435 - INFO: Epoch: [3][150/582]	Time  0.027 ( 0.035)	Loss 2.0291e-01 (1.6731e-01)	Acc pseudo  92.19 ( 93.22)	Lr 1.000e-03 (1.000e-03)
2026-01-14 04:17:55,190 - INFO: Epoch: [3][200/582]	Time  0.027 ( 0.033)	Loss 4.6306e-01 (1.6825e-01)	Acc pseudo  85.94 ( 93.17)	Lr 1.000e-03 (1.000e-03)
2026-01-14 04:17:59,941 - INFO: Epoch: [3][250/582]	Time  0.027 ( 0.032)	Loss 1.7920e-01 (1.6838e-01)	Acc pseudo  96.88 ( 93.28)	Lr 1.000e-03 (1.000e-03)
2026-01-14 04:18:04,690 - INFO: Epoch: [3][300/582]	Time  0.027 ( 0.031)	Loss 1.5373e-01 (1.6661e-01)	Acc pseudo  95.31 ( 93.39)	Lr 1.000e-03 (1.000e-03)
2026-01-14 04:18:09,438 - INFO: Epoch: [3][350/582]	Time  0.027 ( 0.031)	Loss 1.2132e-01 (1.6663e-01)	Acc pseudo  93.75 ( 93.40)	Lr 1.000e-03 (1.000e-03)
2026-01-14 04:18:14,185 - INFO: Epoch: [3][400/582]	Time  0.029 ( 0.030)	Loss 7.1067e-02 (1.6623e-01)	Acc pseudo  95.31 ( 93.39)	Lr 1.000e-03 (1.000e-03)
2026-01-14 04:18:18,934 - INFO: Epoch: [3][450/582]	Time  0.028 ( 0.030)	Loss 2.6145e-01 (1.7071e-01)	Acc pseudo  90.62 ( 93.29)	Lr 1.000e-03 (1.000e-03)
2026-01-14 04:18:23,684 - INFO: Epoch: [3][500/582]	Time  0.027 ( 0.030)	Loss 2.1348e-01 (1.7080e-01)	Acc pseudo  95.31 ( 93.31)	Lr 1.000e-03 (1.000e-03)
2026-01-14 04:18:28,429 - INFO: Epoch: [3][550/582]	Time  0.028 ( 0.030)	Loss 1.3371e-01 (1.7080e-01)	Acc pseudo  93.75 ( 93.32)	Lr 1.000e-03 (1.000e-03)
2026-01-14 04:18:31,444 - INFO: Round 4, Face Fine-tune Epoch 3: loss=0.1716, acc(pseudo)=93.34%
2026-01-14 04:19:30,260 - INFO: Round 4, Face Fine-tune Epoch 3: acc(valid_pseudo): 0.9579, acc: 0.8423
2026-01-14 04:19:30,260 - INFO: Round 4, Face Fine-tune Epoch 3: No improvement. Patience(epoch): 1/3
2026-01-14 04:19:30,758 - INFO: Epoch: [4][  0/582]	Time  0.450 ( 0.450)	Loss 2.1259e-01 (2.1259e-01)	Acc pseudo  90.62 ( 90.62)	Lr 1.000e-03 (1.000e-03)
2026-01-14 04:19:35,504 - INFO: Epoch: [4][ 50/582]	Time  0.028 ( 0.039)	Loss 2.1149e-01 (1.7964e-01)	Acc pseudo  92.19 ( 92.22)	Lr 1.000e-03 (1.000e-03)
2026-01-14 04:19:40,250 - INFO: Epoch: [4][100/582]	Time  0.027 ( 0.033)	Loss 2.3210e-01 (1.8164e-01)	Acc pseudo  90.62 ( 92.79)	Lr 1.000e-03 (1.000e-03)
2026-01-14 04:19:44,997 - INFO: Epoch: [4][150/582]	Time  0.028 ( 0.032)	Loss 6.8181e-02 (1.7619e-01)	Acc pseudo  96.88 ( 93.06)	Lr 1.000e-03 (1.000e-03)
2026-01-14 04:19:49,746 - INFO: Epoch: [4][200/582]	Time  0.028 ( 0.031)	Loss 3.0212e-01 (1.7358e-01)	Acc pseudo  95.31 ( 93.24)	Lr 1.000e-03 (1.000e-03)
2026-01-14 04:19:54,494 - INFO: Epoch: [4][250/582]	Time  0.027 ( 0.031)	Loss 2.0803e-01 (1.7713e-01)	Acc pseudo  92.19 ( 93.25)	Lr 1.000e-03 (1.000e-03)
2026-01-14 04:19:59,240 - INFO: Epoch: [4][300/582]	Time  0.027 ( 0.030)	Loss 2.0793e-01 (1.7732e-01)	Acc pseudo  92.19 ( 93.29)	Lr 1.000e-03 (1.000e-03)
2026-01-14 04:20:03,983 - INFO: Epoch: [4][350/582]	Time  0.028 ( 0.030)	Loss 2.9941e-01 (1.8003e-01)	Acc pseudo  90.62 ( 93.23)	Lr 1.000e-03 (1.000e-03)
2026-01-14 04:20:08,725 - INFO: Epoch: [4][400/582]	Time  0.026 ( 0.030)	Loss 2.6991e-01 (1.8237e-01)	Acc pseudo  85.94 ( 93.18)	Lr 1.000e-03 (1.000e-03)
2026-01-14 04:20:13,471 - INFO: Epoch: [4][450/582]	Time  0.029 ( 0.030)	Loss 1.6544e-01 (1.8483e-01)	Acc pseudo  95.31 ( 93.13)	Lr 1.000e-03 (1.000e-03)
2026-01-14 04:20:18,215 - INFO: Epoch: [4][500/582]	Time  0.027 ( 0.029)	Loss 1.7939e-01 (1.8509e-01)	Acc pseudo  89.06 ( 93.15)	Lr 1.000e-03 (1.000e-03)
2026-01-14 04:20:22,958 - INFO: Epoch: [4][550/582]	Time  0.028 ( 0.029)	Loss 8.0708e-02 (1.8696e-01)	Acc pseudo  96.88 ( 93.06)	Lr 1.000e-03 (1.000e-03)
2026-01-14 04:20:25,975 - INFO: Round 4, Face Fine-tune Epoch 4: loss=0.1860, acc(pseudo)=93.05%
2026-01-14 04:21:25,032 - INFO: Round 4, Face Fine-tune Epoch 4: acc(valid_pseudo): 0.9580, acc: 0.8481
2026-01-14 04:21:25,033 - INFO: Round 4, Face Fine-tune Epoch 4: No improvement. Patience(epoch): 2/3
2026-01-14 04:21:25,559 - INFO: Epoch: [5][  0/582]	Time  0.482 ( 0.482)	Loss 1.7861e-01 (1.7861e-01)	Acc pseudo  92.19 ( 92.19)	Lr 1.000e-03 (1.000e-03)
2026-01-14 04:21:30,308 - INFO: Epoch: [5][ 50/582]	Time  0.028 ( 0.044)	Loss 1.0944e-01 (1.8203e-01)	Acc pseudo  95.31 ( 92.80)	Lr 1.000e-03 (1.000e-03)
2026-01-14 04:21:35,058 - INFO: Epoch: [5][100/582]	Time  0.029 ( 0.036)	Loss 2.6089e-01 (1.9450e-01)	Acc pseudo  89.06 ( 92.71)	Lr 1.000e-03 (1.000e-03)
2026-01-14 04:21:39,810 - INFO: Epoch: [5][150/582]	Time  0.029 ( 0.033)	Loss 1.1838e-01 (1.9529e-01)	Acc pseudo  95.31 ( 92.68)	Lr 1.000e-03 (1.000e-03)
2026-01-14 04:21:44,639 - INFO: Epoch: [5][200/582]	Time  0.027 ( 0.033)	Loss 1.5155e-01 (1.9033e-01)	Acc pseudo  92.19 ( 92.76)	Lr 1.000e-03 (1.000e-03)
2026-01-14 04:21:49,388 - INFO: Epoch: [5][250/582]	Time  0.028 ( 0.032)	Loss 1.5369e-01 (1.9192e-01)	Acc pseudo  93.75 ( 92.64)	Lr 1.000e-03 (1.000e-03)
2026-01-14 04:21:54,134 - INFO: Epoch: [5][300/582]	Time  0.027 ( 0.031)	Loss 2.7603e-01 (1.9344e-01)	Acc pseudo  92.19 ( 92.48)	Lr 1.000e-03 (1.000e-03)
2026-01-14 04:21:58,880 - INFO: Epoch: [5][350/582]	Time  0.028 ( 0.031)	Loss 1.0217e-01 (1.9572e-01)	Acc pseudo  96.88 ( 92.51)	Lr 1.000e-03 (1.000e-03)
2026-01-14 04:22:03,628 - INFO: Epoch: [5][400/582]	Time  0.027 ( 0.030)	Loss 1.2831e-01 (1.9605e-01)	Acc pseudo  93.75 ( 92.48)	Lr 1.000e-03 (1.000e-03)
2026-01-14 04:22:08,377 - INFO: Epoch: [5][450/582]	Time  0.029 ( 0.030)	Loss 2.8788e-01 (1.9653e-01)	Acc pseudo  90.62 ( 92.48)	Lr 1.000e-03 (1.000e-03)
2026-01-14 04:22:13,123 - INFO: Epoch: [5][500/582]	Time  0.027 ( 0.030)	Loss 1.2951e-01 (1.9942e-01)	Acc pseudo  92.19 ( 92.37)	Lr 1.000e-03 (1.000e-03)
2026-01-14 04:22:17,869 - INFO: Epoch: [5][550/582]	Time  0.028 ( 0.030)	Loss 2.7221e-01 (2.0173e-01)	Acc pseudo  89.06 ( 92.29)	Lr 1.000e-03 (1.000e-03)
2026-01-14 04:22:20,887 - INFO: Round 4, Face Fine-tune Epoch 5: loss=0.2037, acc(pseudo)=92.20%
2026-01-14 04:23:20,485 - INFO: Round 4, Face Fine-tune Epoch 5: acc(valid_pseudo): 0.9570, acc: 0.8452
2026-01-14 04:23:20,486 - INFO: Round 4, Face Fine-tune Epoch 5: No improvement. Patience(epoch): 3/3
2026-01-14 04:23:20,486 - INFO: Early stopping at face epoch 5
2026-01-14 04:23:20,487 - INFO: Round 4: Best face fine-tuned epoch=2, acc(valid_pseudo)=0.9584
2026-01-14 04:23:20,566 - INFO: Using HMM model from previous round: runs/I love my family/exp_video/result/self_supervised/exp0/round3/pseudo_label/hmm_params.pkl
2026-01-14 05:38:36,634 - INFO: Round 4: speaker_acc=0.8750
2026-01-14 05:38:36,639 - INFO: Round 4: face_acc=0.8481
2026-01-14 05:38:36,642 - INFO: ====================
2026-01-14 05:38:36,642 - INFO: Round 5: Fine-tuning iteration
2026-01-14 05:38:36,642 - INFO: ====================
2026-01-14 05:38:36,723 - INFO: Round 5 Part 1: Fine-tuning embedding model
2026-01-14 05:38:36,724 - INFO: Using pseudo-label file: runs/I love my family/exp_video/result/self_supervised/exp0/round4/pseudo_label/pseudo_labels_audio_nested_hmm_full(unreliable_pp=100.0).json
2026-01-14 05:38:36,772 - INFO: For training, Using face pseudo-label file: runs/I love my family/exp_video/result/self_supervised/exp0/round4/pseudo_label/pseudo_labels_faces_mid_frame_train_nested_hmm_full.json
2026-01-14 05:38:36,773 - INFO: For infering, Using face pseudo-label file: runs/I love my family/exp_video/result/self_supervised/exp0/round4/pseudo_label/pseudo_labels_faces_mid_frame_all_nested_hmm_full.json
2026-01-14 05:38:36,910 - INFO: Created face dataloader with 37219 samples
2026-01-14 05:38:36,924 - INFO: Fine-tuning speaker embedding model for 20 epochs...
2026-01-14 05:38:37,587 - INFO: Epoch: [0][  0/301]	Time  0.643 ( 0.643)	Loss 3.3641e-01 (3.3641e-01)	Acc pseudo  92.19 ( 92.19)	Lr 1.000e-03 (1.000e-03)
2026-01-14 05:38:37,769 - INFO: Epoch: [0][ 50/301]	Time  0.003 ( 0.016)	Loss 3.2239e-01 (4.1176e-01)	Acc pseudo  92.19 ( 88.24)	Lr 1.000e-03 (1.000e-03)
2026-01-14 05:38:37,917 - INFO: Epoch: [0][100/301]	Time  0.003 ( 0.010)	Loss 2.0324e-01 (3.8593e-01)	Acc pseudo  92.19 ( 88.35)	Lr 1.000e-03 (1.000e-03)
2026-01-14 05:38:38,062 - INFO: Epoch: [0][150/301]	Time  0.003 ( 0.007)	Loss 4.0965e-01 (3.9970e-01)	Acc pseudo  90.62 ( 88.22)	Lr 1.000e-03 (1.000e-03)
2026-01-14 05:38:38,211 - INFO: Epoch: [0][200/301]	Time  0.003 ( 0.006)	Loss 1.9262e-01 (3.8957e-01)	Acc pseudo  95.31 ( 88.37)	Lr 1.000e-03 (1.000e-03)
2026-01-14 05:38:38,368 - INFO: Epoch: [0][250/301]	Time  0.003 ( 0.006)	Loss 4.3930e-01 (3.9553e-01)	Acc pseudo  89.06 ( 88.06)	Lr 1.000e-03 (1.000e-03)
2026-01-14 05:38:38,510 - INFO: Epoch: [0][300/301]	Time  0.002 ( 0.005)	Loss 1.5280e-01 (3.9672e-01)	Acc pseudo  92.00 ( 88.05)	Lr 1.000e-03 (1.000e-03)
2026-01-14 05:38:38,573 - INFO: Round 5, Fine-tune Epoch 0: loss=0.3967, acc(pseudo)=88.05%
2026-01-14 05:38:45,410 - INFO: Round 5, Fine-tune Epoch 0: acc(valid_pseudo): 0.9743, acc: 0.8570
2026-01-14 05:38:45,830 - INFO: Epoch: [1][  0/301]	Time  0.233 ( 0.233)	Loss 2.7876e-01 (2.7876e-01)	Acc pseudo  90.62 ( 90.62)	Lr 1.000e-03 (1.000e-03)
2026-01-14 05:38:45,992 - INFO: Epoch: [1][ 50/301]	Time  0.003 ( 0.008)	Loss 2.4293e-01 (3.4189e-01)	Acc pseudo  90.62 ( 88.85)	Lr 1.000e-03 (1.000e-03)
2026-01-14 05:38:46,141 - INFO: Epoch: [1][100/301]	Time  0.003 ( 0.005)	Loss 2.0499e-01 (3.2759e-01)	Acc pseudo  95.31 ( 89.50)	Lr 1.000e-03 (1.000e-03)
2026-01-14 05:38:46,289 - INFO: Epoch: [1][150/301]	Time  0.003 ( 0.005)	Loss 5.1606e-01 (3.3708e-01)	Acc pseudo  84.38 ( 89.52)	Lr 1.000e-03 (1.000e-03)
2026-01-14 05:38:46,435 - INFO: Epoch: [1][200/301]	Time  0.003 ( 0.004)	Loss 6.1371e-01 (3.4186e-01)	Acc pseudo  84.38 ( 89.35)	Lr 1.000e-03 (1.000e-03)
2026-01-14 05:38:46,579 - INFO: Epoch: [1][250/301]	Time  0.003 ( 0.004)	Loss 2.7170e-01 (3.4896e-01)	Acc pseudo  89.06 ( 89.12)	Lr 1.000e-03 (1.000e-03)
2026-01-14 05:38:46,718 - INFO: Epoch: [1][300/301]	Time  0.002 ( 0.004)	Loss 1.8339e-01 (3.4869e-01)	Acc pseudo  96.00 ( 89.10)	Lr 1.000e-03 (1.000e-03)
2026-01-14 05:38:46,782 - INFO: Round 5, Fine-tune Epoch 1: loss=0.3487, acc(pseudo)=89.10%
2026-01-14 05:38:53,466 - INFO: Round 5, Fine-tune Epoch 1: acc(valid_pseudo): 0.9668, acc: 0.8635
2026-01-14 05:38:53,466 - INFO: Round 5, Speaker Fine-tune Epoch 1: No improvement in validation accuracy. Patience(epoch): 1/3
2026-01-14 05:38:53,700 - INFO: Epoch: [2][  0/301]	Time  0.229 ( 0.229)	Loss 5.1579e-01 (5.1579e-01)	Acc pseudo  87.50 ( 87.50)	Lr 1.000e-03 (1.000e-03)
2026-01-14 05:38:53,865 - INFO: Epoch: [2][ 50/301]	Time  0.003 ( 0.008)	Loss 3.9157e-01 (3.3476e-01)	Acc pseudo  87.50 ( 89.80)	Lr 1.000e-03 (1.000e-03)
2026-01-14 05:38:54,015 - INFO: Epoch: [2][100/301]	Time  0.003 ( 0.005)	Loss 4.1248e-01 (3.3958e-01)	Acc pseudo  84.38 ( 89.28)	Lr 1.000e-03 (1.000e-03)
2026-01-14 05:38:54,162 - INFO: Epoch: [2][150/301]	Time  0.003 ( 0.004)	Loss 2.3810e-01 (3.4514e-01)	Acc pseudo  92.19 ( 89.10)	Lr 1.000e-03 (1.000e-03)
2026-01-14 05:38:54,308 - INFO: Epoch: [2][200/301]	Time  0.003 ( 0.004)	Loss 3.1139e-01 (3.4303e-01)	Acc pseudo  89.06 ( 89.05)	Lr 1.000e-03 (1.000e-03)
2026-01-14 05:38:54,450 - INFO: Epoch: [2][250/301]	Time  0.003 ( 0.004)	Loss 2.4261e-01 (3.4323e-01)	Acc pseudo  87.50 ( 88.89)	Lr 1.000e-03 (1.000e-03)
2026-01-14 05:38:54,587 - INFO: Epoch: [2][300/301]	Time  0.002 ( 0.004)	Loss 1.7340e-01 (3.4277e-01)	Acc pseudo  96.00 ( 88.84)	Lr 1.000e-03 (1.000e-03)
2026-01-14 05:38:54,647 - INFO: Round 5, Fine-tune Epoch 2: loss=0.3428, acc(pseudo)=88.84%
2026-01-14 05:39:01,393 - INFO: Round 5, Fine-tune Epoch 2: acc(valid_pseudo): 0.9469, acc: 0.8285
2026-01-14 05:39:01,393 - INFO: Round 5, Speaker Fine-tune Epoch 2: No improvement in validation accuracy. Patience(epoch): 2/3
2026-01-14 05:39:01,638 - INFO: Epoch: [3][  0/301]	Time  0.239 ( 0.239)	Loss 3.7201e-01 (3.7201e-01)	Acc pseudo  85.94 ( 85.94)	Lr 1.000e-03 (1.000e-03)
2026-01-14 05:39:01,798 - INFO: Epoch: [3][ 50/301]	Time  0.003 ( 0.008)	Loss 3.8945e-01 (3.2860e-01)	Acc pseudo  85.94 ( 89.40)	Lr 1.000e-03 (1.000e-03)
2026-01-14 05:39:01,946 - INFO: Epoch: [3][100/301]	Time  0.003 ( 0.005)	Loss 2.2832e-01 (3.4063e-01)	Acc pseudo  92.19 ( 89.14)	Lr 1.000e-03 (1.000e-03)
2026-01-14 05:39:02,090 - INFO: Epoch: [3][150/301]	Time  0.003 ( 0.005)	Loss 2.2140e-01 (3.3826e-01)	Acc pseudo  92.19 ( 89.13)	Lr 1.000e-03 (1.000e-03)
2026-01-14 05:39:02,238 - INFO: Epoch: [3][200/301]	Time  0.003 ( 0.004)	Loss 3.0171e-01 (3.3766e-01)	Acc pseudo  89.06 ( 89.05)	Lr 1.000e-03 (1.000e-03)
2026-01-14 05:39:02,380 - INFO: Epoch: [3][250/301]	Time  0.003 ( 0.004)	Loss 3.0834e-01 (3.3857e-01)	Acc pseudo  85.94 ( 88.98)	Lr 1.000e-03 (1.000e-03)
2026-01-14 05:39:02,516 - INFO: Epoch: [3][300/301]	Time  0.002 ( 0.004)	Loss 1.5730e-01 (3.3932e-01)	Acc pseudo  96.00 ( 88.88)	Lr 1.000e-03 (1.000e-03)
2026-01-14 05:39:02,580 - INFO: Round 5, Fine-tune Epoch 3: loss=0.3393, acc(pseudo)=88.88%
2026-01-14 05:39:09,375 - INFO: Round 5, Fine-tune Epoch 3: acc(valid_pseudo): 0.9659, acc: 0.8505
2026-01-14 05:39:09,375 - INFO: Round 5, Speaker Fine-tune Epoch 3: No improvement in validation accuracy. Patience(epoch): 3/3
2026-01-14 05:39:09,375 - INFO: Early stopping at epoch 3 due to no improvement in validation accuracy for 3 epochs.
2026-01-14 05:39:09,376 - INFO: Round 5: Best speaker fine-tuned epoch=0, acc(valid_pseudo)=0.9743
2026-01-14 05:39:09,381 - INFO: Fine-tuning face embedding model for 20 epochs...
2026-01-14 05:39:10,263 - INFO: Epoch: [0][  0/582]	Time  0.855 ( 0.855)	Loss 2.6463e-01 (2.6463e-01)	Acc pseudo  96.88 ( 96.88)	Lr 1.000e-03 (1.000e-03)
2026-01-14 05:39:14,965 - INFO: Epoch: [0][ 50/582]	Time  0.028 ( 0.049)	Loss 9.9547e-02 (2.4181e-01)	Acc pseudo  95.31 ( 93.47)	Lr 1.000e-03 (1.000e-03)
2026-01-14 05:39:19,668 - INFO: Epoch: [0][100/582]	Time  0.030 ( 0.039)	Loss 1.7650e-01 (2.5601e-01)	Acc pseudo  93.75 ( 92.76)	Lr 1.000e-03 (1.000e-03)
2026-01-14 05:39:24,377 - INFO: Epoch: [0][150/582]	Time  0.028 ( 0.036)	Loss 3.7000e-01 (2.5118e-01)	Acc pseudo  90.62 ( 92.88)	Lr 1.000e-03 (1.000e-03)
2026-01-14 05:39:29,085 - INFO: Epoch: [0][200/582]	Time  0.030 ( 0.034)	Loss 8.5727e-02 (2.4471e-01)	Acc pseudo  95.31 ( 92.75)	Lr 1.000e-03 (1.000e-03)
2026-01-14 05:39:33,796 - INFO: Epoch: [0][250/582]	Time  0.030 ( 0.033)	Loss 2.4895e-01 (2.3870e-01)	Acc pseudo  90.62 ( 92.67)	Lr 1.000e-03 (1.000e-03)
2026-01-14 05:39:38,506 - INFO: Epoch: [0][300/582]	Time  0.029 ( 0.033)	Loss 1.2468e-01 (2.3316e-01)	Acc pseudo  93.75 ( 92.71)	Lr 1.000e-03 (1.000e-03)
2026-01-14 05:39:43,220 - INFO: Epoch: [0][350/582]	Time  0.027 ( 0.032)	Loss 1.6489e-01 (2.3037e-01)	Acc pseudo  95.31 ( 92.83)	Lr 1.000e-03 (1.000e-03)
2026-01-14 05:39:47,935 - INFO: Epoch: [0][400/582]	Time  0.038 ( 0.032)	Loss 8.3700e-02 (2.2906e-01)	Acc pseudo  95.31 ( 92.86)	Lr 1.000e-03 (1.000e-03)
2026-01-14 05:39:52,648 - INFO: Epoch: [0][450/582]	Time  0.039 ( 0.032)	Loss 1.2794e-01 (2.2910e-01)	Acc pseudo  98.44 ( 92.81)	Lr 1.000e-03 (1.000e-03)
2026-01-14 05:39:57,364 - INFO: Epoch: [0][500/582]	Time  0.029 ( 0.032)	Loss 9.7189e-01 (2.2839e-01)	Acc pseudo  84.38 ( 92.81)	Lr 1.000e-03 (1.000e-03)
2026-01-14 05:40:02,076 - INFO: Epoch: [0][550/582]	Time  0.035 ( 0.031)	Loss 1.9124e-01 (2.2750e-01)	Acc pseudo  93.75 ( 92.75)	Lr 1.000e-03 (1.000e-03)
2026-01-14 05:40:05,076 - INFO: Round 5, Face Fine-tune Epoch 0: loss=0.2277, acc(pseudo)=92.76%
2026-01-14 05:41:03,563 - INFO: Round 5, Face Fine-tune Epoch 0: acc(valid_pseudo): 0.9567, acc: 0.8432
2026-01-14 05:41:04,590 - INFO: Epoch: [1][  0/582]	Time  0.478 ( 0.478)	Loss 1.0504e-01 (1.0504e-01)	Acc pseudo  96.88 ( 96.88)	Lr 1.000e-03 (1.000e-03)
2026-01-14 05:41:09,311 - INFO: Epoch: [1][ 50/582]	Time  0.027 ( 0.038)	Loss 1.5107e-01 (2.0184e-01)	Acc pseudo  93.75 ( 93.35)	Lr 1.000e-03 (1.000e-03)
2026-01-14 05:41:14,029 - INFO: Epoch: [1][100/582]	Time  0.027 ( 0.033)	Loss 3.0121e-01 (1.9426e-01)	Acc pseudo  89.06 ( 93.35)	Lr 1.000e-03 (1.000e-03)
2026-01-14 05:41:18,759 - INFO: Epoch: [1][150/582]	Time  0.027 ( 0.031)	Loss 1.8010e-01 (1.8389e-01)	Acc pseudo  92.19 ( 93.38)	Lr 1.000e-03 (1.000e-03)
2026-01-14 05:41:23,494 - INFO: Epoch: [1][200/582]	Time  0.031 ( 0.030)	Loss 1.2103e-01 (1.8098e-01)	Acc pseudo  92.19 ( 93.47)	Lr 1.000e-03 (1.000e-03)
2026-01-14 05:41:28,230 - INFO: Epoch: [1][250/582]	Time  0.026 ( 0.030)	Loss 1.7085e-01 (1.8281e-01)	Acc pseudo  93.75 ( 93.53)	Lr 1.000e-03 (1.000e-03)
2026-01-14 05:41:32,967 - INFO: Epoch: [1][300/582]	Time  0.028 ( 0.030)	Loss 2.3230e-01 (1.8329e-01)	Acc pseudo  92.19 ( 93.56)	Lr 1.000e-03 (1.000e-03)
2026-01-14 05:41:37,725 - INFO: Epoch: [1][350/582]	Time  0.027 ( 0.029)	Loss 1.4631e-01 (1.8327e-01)	Acc pseudo  92.19 ( 93.48)	Lr 1.000e-03 (1.000e-03)
2026-01-14 05:41:42,463 - INFO: Epoch: [1][400/582]	Time  0.025 ( 0.029)	Loss 3.2379e-01 (1.8962e-01)	Acc pseudo  92.19 ( 93.34)	Lr 1.000e-03 (1.000e-03)
2026-01-14 05:41:47,199 - INFO: Epoch: [1][450/582]	Time  0.028 ( 0.029)	Loss 3.2492e-01 (1.9219e-01)	Acc pseudo  90.62 ( 93.25)	Lr 1.000e-03 (1.000e-03)
2026-01-14 05:41:51,938 - INFO: Epoch: [1][500/582]	Time  0.027 ( 0.029)	Loss 1.3774e-01 (1.9071e-01)	Acc pseudo  95.31 ( 93.25)	Lr 1.000e-03 (1.000e-03)
2026-01-14 05:41:56,680 - INFO: Epoch: [1][550/582]	Time  0.028 ( 0.029)	Loss 2.2076e-01 (1.9336e-01)	Acc pseudo  95.31 ( 93.23)	Lr 1.000e-03 (1.000e-03)
2026-01-14 05:41:59,693 - INFO: Round 5, Face Fine-tune Epoch 1: loss=0.1944, acc(pseudo)=93.23%
2026-01-14 05:42:57,332 - INFO: Round 5, Face Fine-tune Epoch 1: acc(valid_pseudo): 0.9554, acc: 0.8384
2026-01-14 05:42:57,332 - INFO: Round 5, Face Fine-tune Epoch 1: No improvement. Patience(epoch): 1/3
2026-01-14 05:42:57,848 - INFO: Epoch: [2][  0/582]	Time  0.468 ( 0.468)	Loss 9.8578e-02 (9.8578e-02)	Acc pseudo  96.88 ( 96.88)	Lr 1.000e-03 (1.000e-03)
2026-01-14 05:43:02,592 - INFO: Epoch: [2][ 50/582]	Time  0.026 ( 0.039)	Loss 1.6688e-01 (1.9456e-01)	Acc pseudo  90.62 ( 93.01)	Lr 1.000e-03 (1.000e-03)
2026-01-14 05:43:07,508 - INFO: Epoch: [2][100/582]	Time  0.029 ( 0.036)	Loss 1.0524e-01 (1.8113e-01)	Acc pseudo  95.31 ( 93.12)	Lr 1.000e-03 (1.000e-03)
2026-01-14 05:43:12,348 - INFO: Epoch: [2][150/582]	Time  0.027 ( 0.035)	Loss 1.3790e-01 (1.7612e-01)	Acc pseudo  95.31 ( 93.22)	Lr 1.000e-03 (1.000e-03)
2026-01-14 05:43:17,096 - INFO: Epoch: [2][200/582]	Time  0.031 ( 0.034)	Loss 2.4184e-01 (1.7305e-01)	Acc pseudo  85.94 ( 93.33)	Lr 1.000e-03 (1.000e-03)
2026-01-14 05:43:21,844 - INFO: Epoch: [2][250/582]	Time  0.028 ( 0.033)	Loss 1.1638e-01 (1.7054e-01)	Acc pseudo  95.31 ( 93.45)	Lr 1.000e-03 (1.000e-03)
2026-01-14 05:43:26,591 - INFO: Epoch: [2][300/582]	Time  0.028 ( 0.032)	Loss 9.0686e-02 (1.7564e-01)	Acc pseudo  98.44 ( 93.36)	Lr 1.000e-03 (1.000e-03)
2026-01-14 05:43:31,341 - INFO: Epoch: [2][350/582]	Time  0.027 ( 0.032)	Loss 9.2326e-02 (1.7083e-01)	Acc pseudo  93.75 ( 93.51)	Lr 1.000e-03 (1.000e-03)
2026-01-14 05:43:36,093 - INFO: Epoch: [2][400/582]	Time  0.028 ( 0.031)	Loss 1.9412e-01 (1.6752e-01)	Acc pseudo  85.94 ( 93.65)	Lr 1.000e-03 (1.000e-03)
2026-01-14 05:43:40,846 - INFO: Epoch: [2][450/582]	Time  0.027 ( 0.031)	Loss 1.2052e-01 (1.7009e-01)	Acc pseudo  93.75 ( 93.65)	Lr 1.000e-03 (1.000e-03)
2026-01-14 05:43:45,595 - INFO: Epoch: [2][500/582]	Time  0.027 ( 0.031)	Loss 7.2505e-02 (1.7201e-01)	Acc pseudo  96.88 ( 93.63)	Lr 1.000e-03 (1.000e-03)
2026-01-14 05:43:50,345 - INFO: Epoch: [2][550/582]	Time  0.026 ( 0.031)	Loss 1.9606e-01 (1.7271e-01)	Acc pseudo  92.19 ( 93.64)	Lr 1.000e-03 (1.000e-03)
2026-01-14 05:43:53,373 - INFO: Round 5, Face Fine-tune Epoch 2: loss=0.1727, acc(pseudo)=93.62%
2026-01-14 05:44:51,734 - INFO: Round 5, Face Fine-tune Epoch 2: acc(valid_pseudo): 0.9543, acc: 0.8442
2026-01-14 05:44:51,734 - INFO: Round 5, Face Fine-tune Epoch 2: No improvement. Patience(epoch): 2/3
2026-01-14 05:44:52,225 - INFO: Epoch: [3][  0/582]	Time  0.446 ( 0.446)	Loss 1.3315e-01 (1.3315e-01)	Acc pseudo  93.75 ( 93.75)	Lr 1.000e-03 (1.000e-03)
2026-01-14 05:44:56,985 - INFO: Epoch: [3][ 50/582]	Time  0.040 ( 0.039)	Loss 1.7496e-01 (1.6705e-01)	Acc pseudo  93.75 ( 93.38)	Lr 1.000e-03 (1.000e-03)
2026-01-14 05:45:01,750 - INFO: Epoch: [3][100/582]	Time  0.028 ( 0.037)	Loss 1.9035e-01 (1.7857e-01)	Acc pseudo  92.19 ( 93.27)	Lr 1.000e-03 (1.000e-03)
2026-01-14 05:45:06,512 - INFO: Epoch: [3][150/582]	Time  0.029 ( 0.035)	Loss 1.7365e-01 (1.7337e-01)	Acc pseudo  93.75 ( 93.70)	Lr 1.000e-03 (1.000e-03)
2026-01-14 05:45:11,278 - INFO: Epoch: [3][200/582]	Time  0.026 ( 0.034)	Loss 1.4232e-01 (1.6962e-01)	Acc pseudo  93.75 ( 93.64)	Lr 1.000e-03 (1.000e-03)
2026-01-14 05:45:16,058 - INFO: Epoch: [3][250/582]	Time  0.028 ( 0.033)	Loss 2.0201e-01 (1.6706e-01)	Acc pseudo  95.31 ( 93.79)	Lr 1.000e-03 (1.000e-03)
2026-01-14 05:45:20,851 - INFO: Epoch: [3][300/582]	Time  0.030 ( 0.032)	Loss 1.2283e-01 (1.6434e-01)	Acc pseudo  93.75 ( 93.90)	Lr 1.000e-03 (1.000e-03)
2026-01-14 05:45:25,606 - INFO: Epoch: [3][350/582]	Time  0.027 ( 0.032)	Loss 1.0458e-01 (1.6411e-01)	Acc pseudo  93.75 ( 93.96)	Lr 1.000e-03 (1.000e-03)
2026-01-14 05:45:30,358 - INFO: Epoch: [3][400/582]	Time  0.027 ( 0.031)	Loss 5.8304e-02 (1.6140e-01)	Acc pseudo  98.44 ( 94.08)	Lr 1.000e-03 (1.000e-03)
2026-01-14 05:45:35,112 - INFO: Epoch: [3][450/582]	Time  0.028 ( 0.031)	Loss 1.9947e-01 (1.6138e-01)	Acc pseudo  93.75 ( 94.03)	Lr 1.000e-03 (1.000e-03)
2026-01-14 05:45:39,866 - INFO: Epoch: [3][500/582]	Time  0.029 ( 0.030)	Loss 2.2300e-01 (1.6255e-01)	Acc pseudo  90.62 ( 93.95)	Lr 1.000e-03 (1.000e-03)
2026-01-14 05:45:44,621 - INFO: Epoch: [3][550/582]	Time  0.027 ( 0.030)	Loss 1.2595e-01 (1.6102e-01)	Acc pseudo  90.62 ( 93.97)	Lr 1.000e-03 (1.000e-03)
2026-01-14 05:45:47,641 - INFO: Round 5, Face Fine-tune Epoch 3: loss=0.1614, acc(pseudo)=93.98%
2026-01-14 05:46:46,595 - INFO: Round 5, Face Fine-tune Epoch 3: acc(valid_pseudo): 0.9567, acc: 0.8452
2026-01-14 05:46:47,642 - INFO: Epoch: [4][  0/582]	Time  0.485 ( 0.485)	Loss 1.8256e-01 (1.8256e-01)	Acc pseudo  92.19 ( 92.19)	Lr 1.000e-03 (1.000e-03)
2026-01-14 05:46:52,394 - INFO: Epoch: [4][ 50/582]	Time  0.027 ( 0.046)	Loss 1.5875e-01 (1.7018e-01)	Acc pseudo  92.19 ( 93.81)	Lr 1.000e-03 (1.000e-03)
2026-01-14 05:46:57,144 - INFO: Epoch: [4][100/582]	Time  0.027 ( 0.037)	Loss 2.0384e-01 (1.5408e-01)	Acc pseudo  93.75 ( 94.26)	Lr 1.000e-03 (1.000e-03)
2026-01-14 05:47:01,894 - INFO: Epoch: [4][150/582]	Time  0.027 ( 0.034)	Loss 2.1147e-01 (1.5614e-01)	Acc pseudo  95.31 ( 94.18)	Lr 1.000e-03 (1.000e-03)
2026-01-14 05:47:06,647 - INFO: Epoch: [4][200/582]	Time  0.027 ( 0.033)	Loss 3.3175e-01 (1.5921e-01)	Acc pseudo  93.75 ( 94.26)	Lr 1.000e-03 (1.000e-03)
2026-01-14 05:47:11,400 - INFO: Epoch: [4][250/582]	Time  0.040 ( 0.033)	Loss 2.0853e-01 (1.5848e-01)	Acc pseudo  89.06 ( 94.30)	Lr 1.000e-03 (1.000e-03)
2026-01-14 05:47:16,149 - INFO: Epoch: [4][300/582]	Time  0.029 ( 0.033)	Loss 1.9471e-01 (1.5871e-01)	Acc pseudo  92.19 ( 94.22)	Lr 1.000e-03 (1.000e-03)
2026-01-14 05:47:20,894 - INFO: Epoch: [4][350/582]	Time  0.029 ( 0.032)	Loss 1.2021e-01 (1.5973e-01)	Acc pseudo  93.75 ( 94.16)	Lr 1.000e-03 (1.000e-03)
2026-01-14 05:47:25,641 - INFO: Epoch: [4][400/582]	Time  0.032 ( 0.032)	Loss 1.6226e-01 (1.5916e-01)	Acc pseudo  92.19 ( 94.07)	Lr 1.000e-03 (1.000e-03)
2026-01-14 05:47:30,415 - INFO: Epoch: [4][450/582]	Time  0.027 ( 0.031)	Loss 1.0952e-01 (1.5913e-01)	Acc pseudo 100.00 ( 94.08)	Lr 1.000e-03 (1.000e-03)
2026-01-14 05:47:35,163 - INFO: Epoch: [4][500/582]	Time  0.028 ( 0.031)	Loss 1.9892e-01 (1.6099e-01)	Acc pseudo  92.19 ( 93.96)	Lr 1.000e-03 (1.000e-03)
2026-01-14 05:47:39,906 - INFO: Epoch: [4][550/582]	Time  0.027 ( 0.031)	Loss 7.0379e-02 (1.6358e-01)	Acc pseudo  96.88 ( 93.82)	Lr 1.000e-03 (1.000e-03)
2026-01-14 05:47:42,930 - INFO: Round 5, Face Fine-tune Epoch 4: loss=0.1625, acc(pseudo)=93.86%
2026-01-14 05:48:40,836 - INFO: Round 5, Face Fine-tune Epoch 4: acc(valid_pseudo): 0.9553, acc: 0.8481
2026-01-14 05:48:40,836 - INFO: Round 5, Face Fine-tune Epoch 4: No improvement. Patience(epoch): 1/3
2026-01-14 05:48:41,351 - INFO: Epoch: [5][  0/582]	Time  0.465 ( 0.465)	Loss 1.1897e-01 (1.1897e-01)	Acc pseudo  93.75 ( 93.75)	Lr 1.000e-03 (1.000e-03)
2026-01-14 05:48:46,098 - INFO: Epoch: [5][ 50/582]	Time  0.030 ( 0.038)	Loss 1.5794e-01 (1.7356e-01)	Acc pseudo  92.19 ( 93.75)	Lr 1.000e-03 (1.000e-03)
2026-01-14 05:48:50,844 - INFO: Epoch: [5][100/582]	Time  0.028 ( 0.034)	Loss 3.2091e-01 (1.6787e-01)	Acc pseudo  90.62 ( 93.86)	Lr 1.000e-03 (1.000e-03)
2026-01-14 05:48:55,588 - INFO: Epoch: [5][150/582]	Time  0.027 ( 0.032)	Loss 8.8274e-02 (1.6821e-01)	Acc pseudo  98.44 ( 93.76)	Lr 1.000e-03 (1.000e-03)
2026-01-14 05:49:00,334 - INFO: Epoch: [5][200/582]	Time  0.027 ( 0.031)	Loss 1.5621e-01 (1.6839e-01)	Acc pseudo  95.31 ( 93.64)	Lr 1.000e-03 (1.000e-03)
2026-01-14 05:49:05,080 - INFO: Epoch: [5][250/582]	Time  0.027 ( 0.030)	Loss 1.1199e-01 (1.6454e-01)	Acc pseudo  93.75 ( 93.73)	Lr 1.000e-03 (1.000e-03)
2026-01-14 05:49:09,824 - INFO: Epoch: [5][300/582]	Time  0.027 ( 0.030)	Loss 2.2783e-01 (1.7127e-01)	Acc pseudo  92.19 ( 93.56)	Lr 1.000e-03 (1.000e-03)
2026-01-14 05:49:14,568 - INFO: Epoch: [5][350/582]	Time  0.027 ( 0.029)	Loss 1.1362e-01 (1.6795e-01)	Acc pseudo  93.75 ( 93.63)	Lr 1.000e-03 (1.000e-03)
2026-01-14 05:49:19,312 - INFO: Epoch: [5][400/582]	Time  0.027 ( 0.029)	Loss 7.5524e-02 (1.6687e-01)	Acc pseudo  95.31 ( 93.70)	Lr 1.000e-03 (1.000e-03)
2026-01-14 05:49:24,055 - INFO: Epoch: [5][450/582]	Time  0.027 ( 0.029)	Loss 1.0373e-01 (1.6564e-01)	Acc pseudo  98.44 ( 93.74)	Lr 1.000e-03 (1.000e-03)
2026-01-14 05:49:28,795 - INFO: Epoch: [5][500/582]	Time  0.029 ( 0.029)	Loss 9.9977e-02 (1.6989e-01)	Acc pseudo  96.88 ( 93.60)	Lr 1.000e-03 (1.000e-03)
2026-01-14 05:49:33,539 - INFO: Epoch: [5][550/582]	Time  0.027 ( 0.029)	Loss 1.1976e-01 (1.6931e-01)	Acc pseudo  93.75 ( 93.61)	Lr 1.000e-03 (1.000e-03)
2026-01-14 05:49:36,551 - INFO: Round 5, Face Fine-tune Epoch 5: loss=0.1708, acc(pseudo)=93.54%
2026-01-14 05:50:34,795 - INFO: Round 5, Face Fine-tune Epoch 5: acc(valid_pseudo): 0.9563, acc: 0.8413
2026-01-14 05:50:34,795 - INFO: Round 5, Face Fine-tune Epoch 5: No improvement. Patience(epoch): 2/3
2026-01-14 05:50:35,294 - INFO: Epoch: [6][  0/582]	Time  0.450 ( 0.450)	Loss 7.0206e-02 (7.0206e-02)	Acc pseudo  95.31 ( 95.31)	Lr 1.000e-03 (1.000e-03)
2026-01-14 05:50:40,036 - INFO: Epoch: [6][ 50/582]	Time  0.027 ( 0.038)	Loss 1.2975e-01 (1.9811e-01)	Acc pseudo  95.31 ( 92.28)	Lr 1.000e-03 (1.000e-03)
2026-01-14 05:50:44,784 - INFO: Epoch: [6][100/582]	Time  0.028 ( 0.035)	Loss 2.4715e-01 (2.1441e-01)	Acc pseudo  92.19 ( 91.96)	Lr 1.000e-03 (1.000e-03)
2026-01-14 05:50:49,532 - INFO: Epoch: [6][150/582]	Time  0.027 ( 0.033)	Loss 1.8577e-01 (2.2962e-01)	Acc pseudo  92.19 ( 91.76)	Lr 1.000e-03 (1.000e-03)
2026-01-14 05:50:54,283 - INFO: Epoch: [6][200/582]	Time  0.028 ( 0.032)	Loss 2.9840e-01 (2.2638e-01)	Acc pseudo  87.50 ( 91.66)	Lr 1.000e-03 (1.000e-03)
2026-01-14 05:50:59,031 - INFO: Epoch: [6][250/582]	Time  0.026 ( 0.031)	Loss 8.3741e-02 (2.3252e-01)	Acc pseudo 100.00 ( 91.50)	Lr 1.000e-03 (1.000e-03)
2026-01-14 05:51:03,824 - INFO: Epoch: [6][300/582]	Time  0.026 ( 0.031)	Loss 3.3207e-01 (2.3573e-01)	Acc pseudo  87.50 ( 91.36)	Lr 1.000e-03 (1.000e-03)
2026-01-14 05:51:08,574 - INFO: Epoch: [6][350/582]	Time  0.027 ( 0.030)	Loss 1.8759e-01 (2.3964e-01)	Acc pseudo  87.50 ( 91.17)	Lr 1.000e-03 (1.000e-03)
2026-01-14 05:51:13,321 - INFO: Epoch: [6][400/582]	Time  0.028 ( 0.030)	Loss 1.2003e-01 (2.4035e-01)	Acc pseudo  95.31 ( 91.17)	Lr 1.000e-03 (1.000e-03)
2026-01-14 05:51:18,072 - INFO: Epoch: [6][450/582]	Time  0.040 ( 0.030)	Loss 2.2296e-01 (2.4157e-01)	Acc pseudo  95.31 ( 91.14)	Lr 1.000e-03 (1.000e-03)
2026-01-14 05:51:22,823 - INFO: Epoch: [6][500/582]	Time  0.027 ( 0.030)	Loss 2.5451e-01 (2.4149e-01)	Acc pseudo  90.62 ( 91.11)	Lr 1.000e-03 (1.000e-03)
2026-01-14 05:51:27,573 - INFO: Epoch: [6][550/582]	Time  0.029 ( 0.030)	Loss 3.8952e-01 (2.4065e-01)	Acc pseudo  85.94 ( 91.14)	Lr 1.000e-03 (1.000e-03)
2026-01-14 05:51:30,590 - INFO: Round 5, Face Fine-tune Epoch 6: loss=0.2397, acc(pseudo)=91.14%
2026-01-14 05:52:29,802 - INFO: Round 5, Face Fine-tune Epoch 6: acc(valid_pseudo): 0.9558, acc: 0.8432
2026-01-14 05:52:29,803 - INFO: Round 5, Face Fine-tune Epoch 6: No improvement. Patience(epoch): 3/3
2026-01-14 05:52:29,803 - INFO: Early stopping at face epoch 6
2026-01-14 05:52:29,804 - INFO: Round 5: Best face fine-tuned epoch=3, acc(valid_pseudo)=0.9567
2026-01-14 05:52:29,968 - INFO: Using HMM model from previous round: runs/I love my family/exp_video/result/self_supervised/exp0/round4/pseudo_label/hmm_params.pkl
2026-01-14 07:11:59,580 - INFO: Round 5: speaker_acc=0.8735
2026-01-14 07:11:59,586 - INFO: Round 5: face_acc=0.8452
2026-01-14 07:11:59,589 - INFO: ====================
2026-01-14 07:11:59,589 - INFO: Round 6: Fine-tuning iteration
2026-01-14 07:11:59,589 - INFO: ====================
2026-01-14 07:11:59,642 - INFO: Round 6 Part 1: Fine-tuning embedding model
2026-01-14 07:11:59,643 - INFO: Using pseudo-label file: runs/I love my family/exp_video/result/self_supervised/exp0/round5/pseudo_label/pseudo_labels_audio_nested_hmm_full(unreliable_pp=100.0).json
2026-01-14 07:11:59,669 - INFO: For training, Using face pseudo-label file: runs/I love my family/exp_video/result/self_supervised/exp0/round5/pseudo_label/pseudo_labels_faces_mid_frame_train_nested_hmm_full.json
2026-01-14 07:11:59,669 - INFO: For infering, Using face pseudo-label file: runs/I love my family/exp_video/result/self_supervised/exp0/round5/pseudo_label/pseudo_labels_faces_mid_frame_all_nested_hmm_full.json
2026-01-14 07:11:59,799 - INFO: Created face dataloader with 37219 samples
2026-01-14 07:11:59,813 - INFO: Fine-tuning speaker embedding model for 20 epochs...
2026-01-14 07:12:00,332 - INFO: Epoch: [0][  0/301]	Time  0.502 ( 0.502)	Loss 3.3252e-01 (3.3252e-01)	Acc pseudo  87.50 ( 87.50)	Lr 1.000e-03 (1.000e-03)
2026-01-14 07:12:00,516 - INFO: Epoch: [0][ 50/301]	Time  0.003 ( 0.013)	Loss 5.3866e-01 (4.0315e-01)	Acc pseudo  81.25 ( 88.36)	Lr 1.000e-03 (1.000e-03)
2026-01-14 07:12:00,673 - INFO: Epoch: [0][100/301]	Time  0.003 ( 0.008)	Loss 2.9855e-01 (4.0689e-01)	Acc pseudo  90.62 ( 88.07)	Lr 1.000e-03 (1.000e-03)
2026-01-14 07:12:00,828 - INFO: Epoch: [0][150/301]	Time  0.003 ( 0.007)	Loss 4.1805e-01 (4.1455e-01)	Acc pseudo  87.50 ( 87.93)	Lr 1.000e-03 (1.000e-03)
2026-01-14 07:12:00,982 - INFO: Epoch: [0][200/301]	Time  0.003 ( 0.006)	Loss 1.5979e-01 (4.0228e-01)	Acc pseudo  95.31 ( 88.09)	Lr 1.000e-03 (1.000e-03)
2026-01-14 07:12:01,135 - INFO: Epoch: [0][250/301]	Time  0.003 ( 0.005)	Loss 4.1662e-01 (4.0871e-01)	Acc pseudo  84.38 ( 87.92)	Lr 1.000e-03 (1.000e-03)
2026-01-14 07:12:01,279 - INFO: Epoch: [0][300/301]	Time  0.002 ( 0.005)	Loss 1.3502e-01 (4.0332e-01)	Acc pseudo  92.00 ( 88.07)	Lr 1.000e-03 (1.000e-03)
2026-01-14 07:12:01,343 - INFO: Round 6, Fine-tune Epoch 0: loss=0.4033, acc(pseudo)=88.07%
2026-01-14 07:12:08,201 - INFO: Round 6, Fine-tune Epoch 0: acc(valid_pseudo): 0.9749, acc: 0.8655
2026-01-14 07:12:08,621 - INFO: Epoch: [1][  0/301]	Time  0.242 ( 0.242)	Loss 2.8588e-01 (2.8588e-01)	Acc pseudo  90.62 ( 90.62)	Lr 1.000e-03 (1.000e-03)
2026-01-14 07:12:08,791 - INFO: Epoch: [1][ 50/301]	Time  0.003 ( 0.008)	Loss 2.5513e-01 (3.4616e-01)	Acc pseudo  90.62 ( 88.39)	Lr 1.000e-03 (1.000e-03)
2026-01-14 07:12:08,941 - INFO: Epoch: [1][100/301]	Time  0.003 ( 0.005)	Loss 2.7086e-01 (3.3332e-01)	Acc pseudo  93.75 ( 88.94)	Lr 1.000e-03 (1.000e-03)
2026-01-14 07:12:09,089 - INFO: Epoch: [1][150/301]	Time  0.003 ( 0.005)	Loss 4.6681e-01 (3.3555e-01)	Acc pseudo  82.81 ( 89.33)	Lr 1.000e-03 (1.000e-03)
2026-01-14 07:12:09,233 - INFO: Epoch: [1][200/301]	Time  0.003 ( 0.004)	Loss 4.3268e-01 (3.4105e-01)	Acc pseudo  82.81 ( 89.21)	Lr 1.000e-03 (1.000e-03)
2026-01-14 07:12:09,376 - INFO: Epoch: [1][250/301]	Time  0.003 ( 0.004)	Loss 2.3469e-01 (3.5204e-01)	Acc pseudo  93.75 ( 88.83)	Lr 1.000e-03 (1.000e-03)
2026-01-14 07:12:09,514 - INFO: Epoch: [1][300/301]	Time  0.002 ( 0.004)	Loss 2.1909e-01 (3.5537e-01)	Acc pseudo  96.00 ( 88.73)	Lr 1.000e-03 (1.000e-03)
2026-01-14 07:12:09,575 - INFO: Round 6, Fine-tune Epoch 1: loss=0.3554, acc(pseudo)=88.73%
2026-01-14 07:12:16,577 - INFO: Round 6, Fine-tune Epoch 1: acc(valid_pseudo): 0.9598, acc: 0.8670
2026-01-14 07:12:16,577 - INFO: Round 6, Speaker Fine-tune Epoch 1: No improvement in validation accuracy. Patience(epoch): 1/3
2026-01-14 07:12:16,817 - INFO: Epoch: [2][  0/301]	Time  0.235 ( 0.235)	Loss 4.8971e-01 (4.8971e-01)	Acc pseudo  85.94 ( 85.94)	Lr 1.000e-03 (1.000e-03)
2026-01-14 07:12:16,985 - INFO: Epoch: [2][ 50/301]	Time  0.003 ( 0.008)	Loss 1.3613e-01 (3.2357e-01)	Acc pseudo  93.75 ( 89.22)	Lr 1.000e-03 (1.000e-03)
2026-01-14 07:12:17,144 - INFO: Epoch: [2][100/301]	Time  0.003 ( 0.005)	Loss 3.0530e-01 (3.3519e-01)	Acc pseudo  89.06 ( 89.14)	Lr 1.000e-03 (1.000e-03)
2026-01-14 07:12:17,296 - INFO: Epoch: [2][150/301]	Time  0.003 ( 0.005)	Loss 1.7828e-01 (3.3583e-01)	Acc pseudo  90.62 ( 88.92)	Lr 1.000e-03 (1.000e-03)
2026-01-14 07:12:17,444 - INFO: Epoch: [2][200/301]	Time  0.003 ( 0.004)	Loss 4.7449e-01 (3.3561e-01)	Acc pseudo  89.06 ( 88.95)	Lr 1.000e-03 (1.000e-03)
2026-01-14 07:12:17,591 - INFO: Epoch: [2][250/301]	Time  0.003 ( 0.004)	Loss 2.5619e-01 (3.3426e-01)	Acc pseudo  89.06 ( 88.83)	Lr 1.000e-03 (1.000e-03)
2026-01-14 07:12:17,731 - INFO: Epoch: [2][300/301]	Time  0.002 ( 0.004)	Loss 1.5490e-01 (3.3659e-01)	Acc pseudo  92.00 ( 88.92)	Lr 1.000e-03 (1.000e-03)
2026-01-14 07:12:17,795 - INFO: Round 6, Fine-tune Epoch 2: loss=0.3366, acc(pseudo)=88.92%
2026-01-14 07:12:24,846 - INFO: Round 6, Fine-tune Epoch 2: acc(valid_pseudo): 0.9641, acc: 0.8510
2026-01-14 07:12:24,846 - INFO: Round 6, Speaker Fine-tune Epoch 2: No improvement in validation accuracy. Patience(epoch): 2/3
2026-01-14 07:12:25,068 - INFO: Epoch: [3][  0/301]	Time  0.217 ( 0.217)	Loss 3.6445e-01 (3.6445e-01)	Acc pseudo  89.06 ( 89.06)	Lr 1.000e-03 (1.000e-03)
2026-01-14 07:12:25,236 - INFO: Epoch: [3][ 50/301]	Time  0.004 ( 0.007)	Loss 4.4667e-01 (3.2552e-01)	Acc pseudo  85.94 ( 89.37)	Lr 1.000e-03 (1.000e-03)
2026-01-14 07:12:25,391 - INFO: Epoch: [3][100/301]	Time  0.003 ( 0.005)	Loss 2.0116e-01 (3.3096e-01)	Acc pseudo  95.31 ( 89.20)	Lr 1.000e-03 (1.000e-03)
2026-01-14 07:12:25,542 - INFO: Epoch: [3][150/301]	Time  0.003 ( 0.004)	Loss 2.7067e-01 (3.2975e-01)	Acc pseudo  90.62 ( 89.08)	Lr 1.000e-03 (1.000e-03)
2026-01-14 07:12:25,690 - INFO: Epoch: [3][200/301]	Time  0.003 ( 0.004)	Loss 3.3570e-01 (3.2696e-01)	Acc pseudo  87.50 ( 89.12)	Lr 1.000e-03 (1.000e-03)
2026-01-14 07:12:25,836 - INFO: Epoch: [3][250/301]	Time  0.003 ( 0.004)	Loss 2.2410e-01 (3.2451e-01)	Acc pseudo  92.19 ( 89.18)	Lr 1.000e-03 (1.000e-03)
2026-01-14 07:12:25,975 - INFO: Epoch: [3][300/301]	Time  0.002 ( 0.004)	Loss 1.8429e-01 (3.2529e-01)	Acc pseudo  96.00 ( 88.92)	Lr 1.000e-03 (1.000e-03)
2026-01-14 07:12:26,036 - INFO: Round 6, Fine-tune Epoch 3: loss=0.3253, acc(pseudo)=88.92%
2026-01-14 07:12:33,967 - INFO: Round 6, Fine-tune Epoch 3: acc(valid_pseudo): 0.9679, acc: 0.8640
2026-01-14 07:12:33,967 - INFO: Round 6, Speaker Fine-tune Epoch 3: No improvement in validation accuracy. Patience(epoch): 3/3
2026-01-14 07:12:33,967 - INFO: Early stopping at epoch 3 due to no improvement in validation accuracy for 3 epochs.
2026-01-14 07:12:33,968 - INFO: Round 6: Best speaker fine-tuned epoch=0, acc(valid_pseudo)=0.9749
2026-01-14 07:12:33,972 - INFO: Fine-tuning face embedding model for 20 epochs...
2026-01-14 07:12:34,900 - INFO: Epoch: [0][  0/582]	Time  0.901 ( 0.901)	Loss 7.8699e-02 (7.8699e-02)	Acc pseudo  96.88 ( 96.88)	Lr 1.000e-03 (1.000e-03)
2026-01-14 07:12:39,608 - INFO: Epoch: [0][ 50/582]	Time  0.029 ( 0.047)	Loss 1.3283e-01 (1.6086e-01)	Acc pseudo  93.75 ( 95.44)	Lr 1.000e-03 (1.000e-03)
2026-01-14 07:12:44,311 - INFO: Epoch: [0][100/582]	Time  0.029 ( 0.038)	Loss 1.8019e-01 (1.8135e-01)	Acc pseudo  95.31 ( 94.46)	Lr 1.000e-03 (1.000e-03)
2026-01-14 07:12:49,018 - INFO: Epoch: [0][150/582]	Time  0.030 ( 0.036)	Loss 2.2960e-01 (1.8661e-01)	Acc pseudo  90.62 ( 94.21)	Lr 1.000e-03 (1.000e-03)
2026-01-14 07:12:53,727 - INFO: Epoch: [0][200/582]	Time  0.029 ( 0.034)	Loss 8.1661e-02 (1.9821e-01)	Acc pseudo  96.88 ( 94.05)	Lr 1.000e-03 (1.000e-03)
2026-01-14 07:12:58,438 - INFO: Epoch: [0][250/582]	Time  0.029 ( 0.033)	Loss 1.9434e-01 (1.9597e-01)	Acc pseudo  89.06 ( 93.91)	Lr 1.000e-03 (1.000e-03)
2026-01-14 07:13:03,151 - INFO: Epoch: [0][300/582]	Time  0.030 ( 0.033)	Loss 1.5801e-01 (1.9232e-01)	Acc pseudo  93.75 ( 94.03)	Lr 1.000e-03 (1.000e-03)
2026-01-14 07:13:07,864 - INFO: Epoch: [0][350/582]	Time  0.030 ( 0.032)	Loss 1.5516e-01 (1.9277e-01)	Acc pseudo  95.31 ( 93.97)	Lr 1.000e-03 (1.000e-03)
2026-01-14 07:13:12,579 - INFO: Epoch: [0][400/582]	Time  0.026 ( 0.032)	Loss 8.0963e-02 (1.8826e-01)	Acc pseudo  95.31 ( 94.05)	Lr 1.000e-03 (1.000e-03)
2026-01-14 07:13:18,367 - INFO: Epoch: [0][450/582]	Time  0.215 ( 0.034)	Loss 6.5389e-02 (1.8338e-01)	Acc pseudo  95.31 ( 94.12)	Lr 1.000e-03 (1.000e-03)
2026-01-14 07:13:23,198 - INFO: Epoch: [0][500/582]	Time  0.029 ( 0.034)	Loss 2.2489e-01 (1.8392e-01)	Acc pseudo  93.75 ( 94.06)	Lr 1.000e-03 (1.000e-03)
2026-01-14 07:13:27,913 - INFO: Epoch: [0][550/582]	Time  0.031 ( 0.033)	Loss 6.7452e-02 (1.8097e-01)	Acc pseudo  95.31 ( 94.09)	Lr 1.000e-03 (1.000e-03)
2026-01-14 07:13:30,908 - INFO: Round 6, Face Fine-tune Epoch 0: loss=0.1804, acc(pseudo)=94.08%
2026-01-14 07:14:30,040 - INFO: Round 6, Face Fine-tune Epoch 0: acc(valid_pseudo): 0.9563, acc: 0.8384
2026-01-14 07:14:30,920 - INFO: Epoch: [1][  0/582]	Time  0.503 ( 0.503)	Loss 5.2978e-02 (5.2978e-02)	Acc pseudo 100.00 (100.00)	Lr 1.000e-03 (1.000e-03)
2026-01-14 07:14:35,644 - INFO: Epoch: [1][ 50/582]	Time  0.029 ( 0.044)	Loss 1.2603e-01 (1.4191e-01)	Acc pseudo  92.19 ( 95.07)	Lr 1.000e-03 (1.000e-03)
2026-01-14 07:14:40,397 - INFO: Epoch: [1][100/582]	Time  0.029 ( 0.037)	Loss 4.2349e-01 (1.4822e-01)	Acc pseudo  89.06 ( 94.51)	Lr 1.000e-03 (1.000e-03)
2026-01-14 07:14:45,168 - INFO: Epoch: [1][150/582]	Time  0.026 ( 0.034)	Loss 1.3404e-01 (1.5020e-01)	Acc pseudo  95.31 ( 94.47)	Lr 1.000e-03 (1.000e-03)
2026-01-14 07:14:49,897 - INFO: Epoch: [1][200/582]	Time  0.029 ( 0.033)	Loss 8.8947e-02 (1.5072e-01)	Acc pseudo  98.44 ( 94.59)	Lr 1.000e-03 (1.000e-03)
2026-01-14 07:14:54,624 - INFO: Epoch: [1][250/582]	Time  0.028 ( 0.032)	Loss 1.1323e-01 (1.5257e-01)	Acc pseudo  95.31 ( 94.63)	Lr 1.000e-03 (1.000e-03)
2026-01-14 07:14:59,361 - INFO: Epoch: [1][300/582]	Time  0.030 ( 0.031)	Loss 1.2774e-01 (1.4905e-01)	Acc pseudo  92.19 ( 94.69)	Lr 1.000e-03 (1.000e-03)
2026-01-14 07:15:04,100 - INFO: Epoch: [1][350/582]	Time  0.031 ( 0.031)	Loss 1.2211e-01 (1.5031e-01)	Acc pseudo  93.75 ( 94.63)	Lr 1.000e-03 (1.000e-03)
2026-01-14 07:15:08,842 - INFO: Epoch: [1][400/582]	Time  0.030 ( 0.031)	Loss 1.3550e-01 (1.5287e-01)	Acc pseudo  95.31 ( 94.56)	Lr 1.000e-03 (1.000e-03)
2026-01-14 07:15:13,581 - INFO: Epoch: [1][450/582]	Time  0.030 ( 0.031)	Loss 2.8920e-01 (1.5872e-01)	Acc pseudo  90.62 ( 94.44)	Lr 1.000e-03 (1.000e-03)
2026-01-14 07:15:18,323 - INFO: Epoch: [1][500/582]	Time  0.029 ( 0.030)	Loss 5.3442e-02 (1.5834e-01)	Acc pseudo 100.00 ( 94.39)	Lr 1.000e-03 (1.000e-03)
2026-01-14 07:15:23,064 - INFO: Epoch: [1][550/582]	Time  0.037 ( 0.030)	Loss 7.6424e-02 (1.5807e-01)	Acc pseudo  96.88 ( 94.40)	Lr 1.000e-03 (1.000e-03)
2026-01-14 07:15:26,133 - INFO: Round 6, Face Fine-tune Epoch 1: loss=0.1584, acc(pseudo)=94.38%
2026-01-14 07:16:25,726 - INFO: Round 6, Face Fine-tune Epoch 1: acc(valid_pseudo): 0.9552, acc: 0.8423
2026-01-14 07:16:25,726 - INFO: Round 6, Face Fine-tune Epoch 1: No improvement. Patience(epoch): 1/3
2026-01-14 07:16:26,238 - INFO: Epoch: [2][  0/582]	Time  0.477 ( 0.477)	Loss 1.5675e-01 (1.5675e-01)	Acc pseudo  93.75 ( 93.75)	Lr 1.000e-03 (1.000e-03)
2026-01-14 07:16:30,987 - INFO: Epoch: [2][ 50/582]	Time  0.028 ( 0.044)	Loss 1.0094e-01 (1.3189e-01)	Acc pseudo  95.31 ( 94.98)	Lr 1.000e-03 (1.000e-03)
2026-01-14 07:16:35,738 - INFO: Epoch: [2][100/582]	Time  0.027 ( 0.039)	Loss 8.2258e-02 (1.3809e-01)	Acc pseudo  93.75 ( 94.99)	Lr 1.000e-03 (1.000e-03)
2026-01-14 07:16:40,491 - INFO: Epoch: [2][150/582]	Time  0.028 ( 0.035)	Loss 6.2846e-02 (1.3787e-01)	Acc pseudo  96.88 ( 95.23)	Lr 1.000e-03 (1.000e-03)
2026-01-14 07:16:45,244 - INFO: Epoch: [2][200/582]	Time  0.030 ( 0.033)	Loss 1.3897e-01 (1.4102e-01)	Acc pseudo  92.19 ( 95.00)	Lr 1.000e-03 (1.000e-03)
2026-01-14 07:16:49,993 - INFO: Epoch: [2][250/582]	Time  0.028 ( 0.032)	Loss 9.1189e-02 (1.4488e-01)	Acc pseudo  95.31 ( 94.83)	Lr 1.000e-03 (1.000e-03)
2026-01-14 07:16:54,738 - INFO: Epoch: [2][300/582]	Time  0.028 ( 0.031)	Loss 1.0504e-01 (1.4863e-01)	Acc pseudo  95.31 ( 94.66)	Lr 1.000e-03 (1.000e-03)
2026-01-14 07:16:59,485 - INFO: Epoch: [2][350/582]	Time  0.027 ( 0.031)	Loss 9.9971e-02 (1.4697e-01)	Acc pseudo  98.44 ( 94.82)	Lr 1.000e-03 (1.000e-03)
2026-01-14 07:17:04,234 - INFO: Epoch: [2][400/582]	Time  0.029 ( 0.030)	Loss 1.9375e-01 (1.4358e-01)	Acc pseudo  93.75 ( 94.89)	Lr 1.000e-03 (1.000e-03)
2026-01-14 07:17:08,981 - INFO: Epoch: [2][450/582]	Time  0.029 ( 0.030)	Loss 2.4553e-01 (1.4377e-01)	Acc pseudo  92.19 ( 94.90)	Lr 1.000e-03 (1.000e-03)
2026-01-14 07:17:13,726 - INFO: Epoch: [2][500/582]	Time  0.028 ( 0.030)	Loss 1.5542e-01 (1.4359e-01)	Acc pseudo  95.31 ( 94.89)	Lr 1.000e-03 (1.000e-03)
2026-01-14 07:17:18,472 - INFO: Epoch: [2][550/582]	Time  0.027 ( 0.030)	Loss 2.7915e-01 (1.4449e-01)	Acc pseudo  96.88 ( 94.87)	Lr 1.000e-03 (1.000e-03)
2026-01-14 07:17:21,485 - INFO: Round 6, Face Fine-tune Epoch 2: loss=0.1455, acc(pseudo)=94.85%
2026-01-14 07:18:21,409 - INFO: Round 6, Face Fine-tune Epoch 2: acc(valid_pseudo): 0.9553, acc: 0.8393
2026-01-14 07:18:21,409 - INFO: Round 6, Face Fine-tune Epoch 2: No improvement. Patience(epoch): 2/3
2026-01-14 07:18:22,387 - INFO: Epoch: [3][  0/582]	Time  0.938 ( 0.938)	Loss 2.1717e-01 (2.1717e-01)	Acc pseudo  93.75 ( 93.75)	Lr 1.000e-03 (1.000e-03)
2026-01-14 07:18:27,169 - INFO: Epoch: [3][ 50/582]	Time  0.029 ( 0.050)	Loss 1.3062e-01 (1.6529e-01)	Acc pseudo  95.31 ( 94.24)	Lr 1.000e-03 (1.000e-03)
2026-01-14 07:18:31,935 - INFO: Epoch: [3][100/582]	Time  0.027 ( 0.040)	Loss 7.0922e-02 (1.5681e-01)	Acc pseudo  96.88 ( 94.26)	Lr 1.000e-03 (1.000e-03)
2026-01-14 07:18:36,688 - INFO: Epoch: [3][150/582]	Time  0.027 ( 0.036)	Loss 1.1286e-01 (1.5303e-01)	Acc pseudo  96.88 ( 94.41)	Lr 1.000e-03 (1.000e-03)
2026-01-14 07:18:41,439 - INFO: Epoch: [3][200/582]	Time  0.028 ( 0.034)	Loss 1.4397e-01 (1.4929e-01)	Acc pseudo  92.19 ( 94.43)	Lr 1.000e-03 (1.000e-03)
2026-01-14 07:18:46,191 - INFO: Epoch: [3][250/582]	Time  0.028 ( 0.033)	Loss 5.8986e-02 (1.4307e-01)	Acc pseudo  96.88 ( 94.55)	Lr 1.000e-03 (1.000e-03)
2026-01-14 07:18:50,943 - INFO: Epoch: [3][300/582]	Time  0.030 ( 0.032)	Loss 1.6387e-01 (1.4021e-01)	Acc pseudo  89.06 ( 94.74)	Lr 1.000e-03 (1.000e-03)
2026-01-14 07:18:55,699 - INFO: Epoch: [3][350/582]	Time  0.028 ( 0.032)	Loss 1.0030e-01 (1.3902e-01)	Acc pseudo  95.31 ( 94.76)	Lr 1.000e-03 (1.000e-03)
2026-01-14 07:19:00,453 - INFO: Epoch: [3][400/582]	Time  0.037 ( 0.031)	Loss 1.7418e-01 (1.3730e-01)	Acc pseudo  95.31 ( 94.84)	Lr 1.000e-03 (1.000e-03)
2026-01-14 07:19:05,206 - INFO: Epoch: [3][450/582]	Time  0.028 ( 0.031)	Loss 1.9186e-01 (1.3844e-01)	Acc pseudo  92.19 ( 94.83)	Lr 1.000e-03 (1.000e-03)
2026-01-14 07:19:09,959 - INFO: Epoch: [3][500/582]	Time  0.028 ( 0.031)	Loss 1.2257e-01 (1.4032e-01)	Acc pseudo  95.31 ( 94.82)	Lr 1.000e-03 (1.000e-03)
2026-01-14 07:19:14,708 - INFO: Epoch: [3][550/582]	Time  0.027 ( 0.030)	Loss 1.3800e-01 (1.4046e-01)	Acc pseudo  92.19 ( 94.82)	Lr 1.000e-03 (1.000e-03)
2026-01-14 07:19:17,729 - INFO: Round 6, Face Fine-tune Epoch 3: loss=0.1413, acc(pseudo)=94.79%
2026-01-14 07:20:18,036 - INFO: Round 6, Face Fine-tune Epoch 3: acc(valid_pseudo): 0.9549, acc: 0.8432
2026-01-14 07:20:18,036 - INFO: Round 6, Face Fine-tune Epoch 3: No improvement. Patience(epoch): 3/3
2026-01-14 07:20:18,036 - INFO: Early stopping at face epoch 3
2026-01-14 07:20:18,037 - INFO: Round 6: Best face fine-tuned epoch=0, acc(valid_pseudo)=0.9563
2026-01-14 07:20:18,136 - INFO: Using HMM model from previous round: runs/I love my family/exp_video/result/self_supervised/exp0/round5/pseudo_label/hmm_params.pkl
2026-01-14 08:33:42,383 - INFO: Round 6: speaker_acc=0.8780
2026-01-14 08:33:42,388 - INFO: Round 6: face_acc=0.8374
2026-01-14 08:33:42,390 - INFO: ====================
2026-01-14 08:33:42,390 - INFO: Round 7: Fine-tuning iteration
2026-01-14 08:33:42,390 - INFO: ====================
2026-01-14 08:33:42,468 - INFO: Round 7 Part 1: Fine-tuning embedding model
2026-01-14 08:33:42,469 - INFO: Using pseudo-label file: runs/I love my family/exp_video/result/self_supervised/exp0/round6/pseudo_label/pseudo_labels_audio_nested_hmm_full(unreliable_pp=100.0).json
2026-01-14 08:33:42,630 - INFO: For training, Using face pseudo-label file: runs/I love my family/exp_video/result/self_supervised/exp0/round6/pseudo_label/pseudo_labels_faces_mid_frame_train_nested_hmm_full.json
2026-01-14 08:33:42,630 - INFO: For infering, Using face pseudo-label file: runs/I love my family/exp_video/result/self_supervised/exp0/round6/pseudo_label/pseudo_labels_faces_mid_frame_all_nested_hmm_full.json
2026-01-14 08:33:42,799 - INFO: Created face dataloader with 37219 samples
2026-01-14 08:33:42,812 - INFO: Fine-tuning speaker embedding model for 20 epochs...
2026-01-14 08:33:43,637 - INFO: Epoch: [0][  0/301]	Time  0.778 ( 0.778)	Loss 2.4400e-01 (2.4400e-01)	Acc pseudo  89.06 ( 89.06)	Lr 1.000e-03 (1.000e-03)
2026-01-14 08:33:43,816 - INFO: Epoch: [0][ 50/301]	Time  0.003 ( 0.019)	Loss 3.6341e-01 (3.6376e-01)	Acc pseudo  90.62 ( 89.28)	Lr 1.000e-03 (1.000e-03)
2026-01-14 08:33:43,968 - INFO: Epoch: [0][100/301]	Time  0.003 ( 0.011)	Loss 2.9688e-01 (3.5487e-01)	Acc pseudo  89.06 ( 89.08)	Lr 1.000e-03 (1.000e-03)
2026-01-14 08:33:44,113 - INFO: Epoch: [0][150/301]	Time  0.003 ( 0.008)	Loss 6.8809e-01 (3.6063e-01)	Acc pseudo  90.62 ( 88.93)	Lr 1.000e-03 (1.000e-03)
2026-01-14 08:33:44,259 - INFO: Epoch: [0][200/301]	Time  0.003 ( 0.007)	Loss 4.2722e-01 (3.5427e-01)	Acc pseudo  90.62 ( 89.06)	Lr 1.000e-03 (1.000e-03)
2026-01-14 08:33:44,403 - INFO: Epoch: [0][250/301]	Time  0.003 ( 0.006)	Loss 3.6840e-01 (3.6284e-01)	Acc pseudo  89.06 ( 88.87)	Lr 1.000e-03 (1.000e-03)
2026-01-14 08:33:44,541 - INFO: Epoch: [0][300/301]	Time  0.002 ( 0.006)	Loss 4.8426e-01 (3.6045e-01)	Acc pseudo  84.00 ( 89.01)	Lr 1.000e-03 (1.000e-03)
2026-01-14 08:33:44,605 - INFO: Round 7, Fine-tune Epoch 0: loss=0.3605, acc(pseudo)=89.01%
2026-01-14 08:33:52,193 - INFO: Round 7, Fine-tune Epoch 0: acc(valid_pseudo): 0.9644, acc: 0.8515
2026-01-14 08:33:52,592 - INFO: Epoch: [1][  0/301]	Time  0.221 ( 0.221)	Loss 2.8396e-01 (2.8396e-01)	Acc pseudo  90.62 ( 90.62)	Lr 1.000e-03 (1.000e-03)
2026-01-14 08:33:52,757 - INFO: Epoch: [1][ 50/301]	Time  0.003 ( 0.007)	Loss 2.0721e-01 (3.0322e-01)	Acc pseudo  90.62 ( 89.28)	Lr 1.000e-03 (1.000e-03)
2026-01-14 08:33:52,905 - INFO: Epoch: [1][100/301]	Time  0.003 ( 0.005)	Loss 2.3805e-01 (3.1031e-01)	Acc pseudo  92.19 ( 89.68)	Lr 1.000e-03 (1.000e-03)
2026-01-14 08:33:53,049 - INFO: Epoch: [1][150/301]	Time  0.003 ( 0.004)	Loss 2.4655e-01 (3.0390e-01)	Acc pseudo  92.19 ( 90.14)	Lr 1.000e-03 (1.000e-03)
2026-01-14 08:33:53,190 - INFO: Epoch: [1][200/301]	Time  0.003 ( 0.004)	Loss 3.1799e-01 (3.1482e-01)	Acc pseudo  87.50 ( 89.88)	Lr 1.000e-03 (1.000e-03)
2026-01-14 08:33:53,332 - INFO: Epoch: [1][250/301]	Time  0.003 ( 0.004)	Loss 2.3505e-01 (3.2644e-01)	Acc pseudo  90.62 ( 89.50)	Lr 1.000e-03 (1.000e-03)
2026-01-14 08:33:53,467 - INFO: Epoch: [1][300/301]	Time  0.002 ( 0.004)	Loss 2.3839e-01 (3.2697e-01)	Acc pseudo  92.00 ( 89.48)	Lr 1.000e-03 (1.000e-03)
2026-01-14 08:33:53,531 - INFO: Round 7, Fine-tune Epoch 1: loss=0.3270, acc(pseudo)=89.48%
2026-01-14 08:34:00,062 - INFO: Round 7, Fine-tune Epoch 1: acc(valid_pseudo): 0.9720, acc: 0.8695
2026-01-14 08:34:00,464 - INFO: Epoch: [2][  0/301]	Time  0.226 ( 0.226)	Loss 4.5715e-01 (4.5715e-01)	Acc pseudo  89.06 ( 89.06)	Lr 1.000e-03 (1.000e-03)
2026-01-14 08:34:00,641 - INFO: Epoch: [2][ 50/301]	Time  0.003 ( 0.008)	Loss 1.2190e-01 (3.1571e-01)	Acc pseudo  95.31 ( 89.77)	Lr 1.000e-03 (1.000e-03)
2026-01-14 08:34:00,800 - INFO: Epoch: [2][100/301]	Time  0.003 ( 0.005)	Loss 2.7744e-01 (3.1186e-01)	Acc pseudo  89.06 ( 89.96)	Lr 1.000e-03 (1.000e-03)
2026-01-14 08:34:00,950 - INFO: Epoch: [2][150/301]	Time  0.003 ( 0.005)	Loss 2.0857e-01 (3.1410e-01)	Acc pseudo  93.75 ( 89.80)	Lr 1.000e-03 (1.000e-03)
2026-01-14 08:34:01,104 - INFO: Epoch: [2][200/301]	Time  0.003 ( 0.004)	Loss 2.0274e-01 (3.1332e-01)	Acc pseudo  93.75 ( 89.75)	Lr 1.000e-03 (1.000e-03)
2026-01-14 08:34:01,260 - INFO: Epoch: [2][250/301]	Time  0.003 ( 0.004)	Loss 1.8188e-01 (3.1323e-01)	Acc pseudo  92.19 ( 89.69)	Lr 1.000e-03 (1.000e-03)
2026-01-14 08:34:01,407 - INFO: Epoch: [2][300/301]	Time  0.002 ( 0.004)	Loss 1.2757e-01 (3.1843e-01)	Acc pseudo  96.00 ( 89.61)	Lr 1.000e-03 (1.000e-03)
2026-01-14 08:34:01,473 - INFO: Round 7, Fine-tune Epoch 2: loss=0.3184, acc(pseudo)=89.61%
2026-01-14 08:34:08,538 - INFO: Round 7, Fine-tune Epoch 2: acc(valid_pseudo): 0.9746, acc: 0.8635
2026-01-14 08:34:08,934 - INFO: Epoch: [3][  0/301]	Time  0.220 ( 0.220)	Loss 3.1341e-01 (3.1341e-01)	Acc pseudo  89.06 ( 89.06)	Lr 1.000e-03 (1.000e-03)
2026-01-14 08:34:09,109 - INFO: Epoch: [3][ 50/301]	Time  0.003 ( 0.008)	Loss 2.1322e-01 (2.9507e-01)	Acc pseudo  89.06 ( 89.68)	Lr 1.000e-03 (1.000e-03)
2026-01-14 08:34:09,257 - INFO: Epoch: [3][100/301]	Time  0.003 ( 0.005)	Loss 1.2072e-01 (2.9528e-01)	Acc pseudo  93.75 ( 90.07)	Lr 1.000e-03 (1.000e-03)
2026-01-14 08:34:09,401 - INFO: Epoch: [3][150/301]	Time  0.003 ( 0.004)	Loss 1.8495e-01 (3.0141e-01)	Acc pseudo  93.75 ( 89.99)	Lr 1.000e-03 (1.000e-03)
2026-01-14 08:34:09,545 - INFO: Epoch: [3][200/301]	Time  0.003 ( 0.004)	Loss 2.4175e-01 (3.0302e-01)	Acc pseudo  90.62 ( 90.10)	Lr 1.000e-03 (1.000e-03)
2026-01-14 08:34:09,688 - INFO: Epoch: [3][250/301]	Time  0.003 ( 0.004)	Loss 1.8066e-01 (2.9928e-01)	Acc pseudo  95.31 ( 90.19)	Lr 1.000e-03 (1.000e-03)
2026-01-14 08:34:09,826 - INFO: Epoch: [3][300/301]	Time  0.002 ( 0.004)	Loss 2.1831e-01 (3.0382e-01)	Acc pseudo  92.00 ( 90.00)	Lr 1.000e-03 (1.000e-03)
2026-01-14 08:34:09,889 - INFO: Round 7, Fine-tune Epoch 3: loss=0.3038, acc(pseudo)=90.00%
2026-01-14 08:34:17,078 - INFO: Round 7, Fine-tune Epoch 3: acc(valid_pseudo): 0.9738, acc: 0.8700
2026-01-14 08:34:17,079 - INFO: Round 7, Speaker Fine-tune Epoch 3: No improvement in validation accuracy. Patience(epoch): 1/3
2026-01-14 08:34:17,317 - INFO: Epoch: [4][  0/301]	Time  0.233 ( 0.233)	Loss 4.1384e-01 (4.1384e-01)	Acc pseudo  89.06 ( 89.06)	Lr 1.000e-03 (1.000e-03)
2026-01-14 08:34:17,484 - INFO: Epoch: [4][ 50/301]	Time  0.003 ( 0.008)	Loss 2.5879e-01 (3.3638e-01)	Acc pseudo  89.06 ( 89.22)	Lr 1.000e-03 (1.000e-03)
2026-01-14 08:34:17,636 - INFO: Epoch: [4][100/301]	Time  0.003 ( 0.005)	Loss 2.2841e-01 (3.2158e-01)	Acc pseudo  87.50 ( 89.16)	Lr 1.000e-03 (1.000e-03)
2026-01-14 08:34:17,782 - INFO: Epoch: [4][150/301]	Time  0.003 ( 0.005)	Loss 2.3331e-01 (3.2551e-01)	Acc pseudo  90.62 ( 89.20)	Lr 1.000e-03 (1.000e-03)
2026-01-14 08:34:17,927 - INFO: Epoch: [4][200/301]	Time  0.003 ( 0.004)	Loss 3.1169e-01 (3.3652e-01)	Acc pseudo  85.94 ( 88.93)	Lr 1.000e-03 (1.000e-03)
2026-01-14 08:34:18,072 - INFO: Epoch: [4][250/301]	Time  0.003 ( 0.004)	Loss 3.6057e-01 (3.4176e-01)	Acc pseudo  87.50 ( 88.71)	Lr 1.000e-03 (1.000e-03)
2026-01-14 08:34:18,212 - INFO: Epoch: [4][300/301]	Time  0.002 ( 0.004)	Loss 2.2213e-01 (3.4487e-01)	Acc pseudo  88.00 ( 88.65)	Lr 1.000e-03 (1.000e-03)
2026-01-14 08:34:18,277 - INFO: Round 7, Fine-tune Epoch 4: loss=0.3449, acc(pseudo)=88.65%
2026-01-14 08:34:25,089 - INFO: Round 7, Fine-tune Epoch 4: acc(valid_pseudo): 0.9679, acc: 0.8490
2026-01-14 08:34:25,089 - INFO: Round 7, Speaker Fine-tune Epoch 4: No improvement in validation accuracy. Patience(epoch): 2/3
2026-01-14 08:34:25,336 - INFO: Epoch: [5][  0/301]	Time  0.242 ( 0.242)	Loss 3.7599e-01 (3.7599e-01)	Acc pseudo  85.94 ( 85.94)	Lr 1.000e-03 (1.000e-03)
2026-01-14 08:34:25,504 - INFO: Epoch: [5][ 50/301]	Time  0.003 ( 0.008)	Loss 1.5121e-01 (3.0162e-01)	Acc pseudo  95.31 ( 90.35)	Lr 1.000e-03 (1.000e-03)
2026-01-14 08:34:25,659 - INFO: Epoch: [5][100/301]	Time  0.003 ( 0.006)	Loss 5.6919e-01 (3.1574e-01)	Acc pseudo  85.94 ( 89.96)	Lr 1.000e-03 (1.000e-03)
2026-01-14 08:34:25,807 - INFO: Epoch: [5][150/301]	Time  0.003 ( 0.005)	Loss 2.9614e-01 (3.1790e-01)	Acc pseudo  85.94 ( 89.82)	Lr 1.000e-03 (1.000e-03)
2026-01-14 08:34:25,955 - INFO: Epoch: [5][200/301]	Time  0.003 ( 0.004)	Loss 2.2804e-01 (3.2750e-01)	Acc pseudo  92.19 ( 89.45)	Lr 1.000e-03 (1.000e-03)
2026-01-14 08:34:26,103 - INFO: Epoch: [5][250/301]	Time  0.003 ( 0.004)	Loss 3.9394e-01 (3.3420e-01)	Acc pseudo  84.38 ( 89.17)	Lr 1.000e-03 (1.000e-03)
2026-01-14 08:34:26,242 - INFO: Epoch: [5][300/301]	Time  0.002 ( 0.004)	Loss 6.3927e-01 (3.4089e-01)	Acc pseudo  84.00 ( 88.97)	Lr 1.000e-03 (1.000e-03)
2026-01-14 08:34:26,305 - INFO: Round 7, Fine-tune Epoch 5: loss=0.3409, acc(pseudo)=88.97%
2026-01-14 08:34:33,948 - INFO: Round 7, Fine-tune Epoch 5: acc(valid_pseudo): 0.9563, acc: 0.8470
2026-01-14 08:34:33,948 - INFO: Round 7, Speaker Fine-tune Epoch 5: No improvement in validation accuracy. Patience(epoch): 3/3
2026-01-14 08:34:33,948 - INFO: Early stopping at epoch 5 due to no improvement in validation accuracy for 3 epochs.
2026-01-14 08:34:33,949 - INFO: Round 7: Best speaker fine-tuned epoch=2, acc(valid_pseudo)=0.9746
2026-01-14 08:34:33,954 - INFO: Fine-tuning face embedding model for 20 epochs...
2026-01-14 08:34:34,777 - INFO: Epoch: [0][  0/582]	Time  0.790 ( 0.790)	Loss 1.8565e-02 (1.8565e-02)	Acc pseudo 100.00 (100.00)	Lr 1.000e-03 (1.000e-03)
2026-01-14 08:34:39,668 - INFO: Epoch: [0][ 50/582]	Time  0.028 ( 0.049)	Loss 5.1160e-02 (1.5263e-01)	Acc pseudo  96.88 ( 95.93)	Lr 1.000e-03 (1.000e-03)
2026-01-14 08:34:44,472 - INFO: Epoch: [0][100/582]	Time  0.027 ( 0.040)	Loss 2.1904e-01 (1.6614e-01)	Acc pseudo  89.06 ( 95.10)	Lr 1.000e-03 (1.000e-03)
2026-01-14 08:34:49,308 - INFO: Epoch: [0][150/582]	Time  0.032 ( 0.037)	Loss 1.0718e-01 (1.7562e-01)	Acc pseudo  90.62 ( 95.00)	Lr 1.000e-03 (1.000e-03)
2026-01-14 08:34:54,022 - INFO: Epoch: [0][200/582]	Time  0.028 ( 0.035)	Loss 7.4023e-02 (1.7905e-01)	Acc pseudo  96.88 ( 94.67)	Lr 1.000e-03 (1.000e-03)
2026-01-14 08:34:58,740 - INFO: Epoch: [0][250/582]	Time  0.036 ( 0.034)	Loss 1.5041e-01 (1.7938e-01)	Acc pseudo  92.19 ( 94.65)	Lr 1.000e-03 (1.000e-03)
2026-01-14 08:35:03,459 - INFO: Epoch: [0][300/582]	Time  0.036 ( 0.033)	Loss 1.7967e-01 (1.7490e-01)	Acc pseudo  93.75 ( 94.74)	Lr 1.000e-03 (1.000e-03)
2026-01-14 08:35:08,177 - INFO: Epoch: [0][350/582]	Time  0.029 ( 0.033)	Loss 1.0828e-01 (1.7298e-01)	Acc pseudo  96.88 ( 94.67)	Lr 1.000e-03 (1.000e-03)
2026-01-14 08:35:12,898 - INFO: Epoch: [0][400/582]	Time  0.029 ( 0.032)	Loss 5.8558e-02 (1.7188e-01)	Acc pseudo  98.44 ( 94.76)	Lr 1.000e-03 (1.000e-03)
2026-01-14 08:35:17,615 - INFO: Epoch: [0][450/582]	Time  0.029 ( 0.032)	Loss 3.2290e-02 (1.6767e-01)	Acc pseudo 100.00 ( 94.83)	Lr 1.000e-03 (1.000e-03)
2026-01-14 08:35:22,436 - INFO: Epoch: [0][500/582]	Time  0.027 ( 0.032)	Loss 1.1938e-01 (1.6534e-01)	Acc pseudo  95.31 ( 94.90)	Lr 1.000e-03 (1.000e-03)
2026-01-14 08:35:27,366 - INFO: Epoch: [0][550/582]	Time  0.031 ( 0.032)	Loss 6.9878e-02 (1.6553e-01)	Acc pseudo  95.31 ( 94.90)	Lr 1.000e-03 (1.000e-03)
2026-01-14 08:35:30,389 - INFO: Round 7, Face Fine-tune Epoch 0: loss=0.1647, acc(pseudo)=94.93%
2026-01-14 08:36:29,147 - INFO: Round 7, Face Fine-tune Epoch 0: acc(valid_pseudo): 0.9545, acc: 0.8384
2026-01-14 08:36:29,982 - INFO: Epoch: [1][  0/582]	Time  0.466 ( 0.466)	Loss 1.0097e-01 (1.0097e-01)	Acc pseudo  93.75 ( 93.75)	Lr 1.000e-03 (1.000e-03)
2026-01-14 08:36:34,708 - INFO: Epoch: [1][ 50/582]	Time  0.030 ( 0.040)	Loss 1.2951e-01 (1.2066e-01)	Acc pseudo  95.31 ( 95.56)	Lr 1.000e-03 (1.000e-03)
2026-01-14 08:36:39,443 - INFO: Epoch: [1][100/582]	Time  0.028 ( 0.036)	Loss 2.8565e-01 (1.2574e-01)	Acc pseudo  92.19 ( 95.56)	Lr 1.000e-03 (1.000e-03)
2026-01-14 08:36:44,180 - INFO: Epoch: [1][150/582]	Time  0.027 ( 0.033)	Loss 1.6033e-01 (1.2245e-01)	Acc pseudo  93.75 ( 95.51)	Lr 1.000e-03 (1.000e-03)
2026-01-14 08:36:48,919 - INFO: Epoch: [1][200/582]	Time  0.030 ( 0.032)	Loss 3.1956e-01 (1.2678e-01)	Acc pseudo  95.31 ( 95.58)	Lr 1.000e-03 (1.000e-03)
2026-01-14 08:36:53,683 - INFO: Epoch: [1][250/582]	Time  0.027 ( 0.032)	Loss 2.7549e-01 (1.2841e-01)	Acc pseudo  92.19 ( 95.50)	Lr 1.000e-03 (1.000e-03)
2026-01-14 08:36:58,424 - INFO: Epoch: [1][300/582]	Time  0.029 ( 0.031)	Loss 8.9756e-02 (1.2611e-01)	Acc pseudo  96.88 ( 95.60)	Lr 1.000e-03 (1.000e-03)
2026-01-14 08:37:03,303 - INFO: Epoch: [1][350/582]	Time  0.028 ( 0.031)	Loss 7.0505e-02 (1.2841e-01)	Acc pseudo  95.31 ( 95.55)	Lr 1.000e-03 (1.000e-03)
2026-01-14 08:37:08,077 - INFO: Epoch: [1][400/582]	Time  0.027 ( 0.031)	Loss 9.6530e-02 (1.3042e-01)	Acc pseudo  96.88 ( 95.45)	Lr 1.000e-03 (1.000e-03)
2026-01-14 08:37:12,817 - INFO: Epoch: [1][450/582]	Time  0.027 ( 0.031)	Loss 2.8854e-01 (1.3819e-01)	Acc pseudo  90.62 ( 95.30)	Lr 1.000e-03 (1.000e-03)
2026-01-14 08:37:17,556 - INFO: Epoch: [1][500/582]	Time  0.028 ( 0.031)	Loss 6.4714e-02 (1.3965e-01)	Acc pseudo  96.88 ( 95.23)	Lr 1.000e-03 (1.000e-03)
2026-01-14 08:37:22,298 - INFO: Epoch: [1][550/582]	Time  0.029 ( 0.030)	Loss 1.5097e-01 (1.3826e-01)	Acc pseudo  95.31 ( 95.26)	Lr 1.000e-03 (1.000e-03)
2026-01-14 08:37:25,308 - INFO: Round 7, Face Fine-tune Epoch 1: loss=0.1377, acc(pseudo)=95.27%
2026-01-14 08:38:23,211 - INFO: Round 7, Face Fine-tune Epoch 1: acc(valid_pseudo): 0.9541, acc: 0.8413
2026-01-14 08:38:23,211 - INFO: Round 7, Face Fine-tune Epoch 1: No improvement. Patience(epoch): 1/3
2026-01-14 08:38:23,705 - INFO: Epoch: [2][  0/582]	Time  0.446 ( 0.446)	Loss 1.5364e-01 (1.5364e-01)	Acc pseudo  95.31 ( 95.31)	Lr 1.000e-03 (1.000e-03)
2026-01-14 08:38:28,456 - INFO: Epoch: [2][ 50/582]	Time  0.028 ( 0.038)	Loss 1.7572e-01 (1.2719e-01)	Acc pseudo  92.19 ( 95.74)	Lr 1.000e-03 (1.000e-03)
2026-01-14 08:38:33,242 - INFO: Epoch: [2][100/582]	Time  0.028 ( 0.033)	Loss 4.2895e-02 (1.1971e-01)	Acc pseudo  95.31 ( 95.53)	Lr 1.000e-03 (1.000e-03)
2026-01-14 08:38:37,995 - INFO: Epoch: [2][150/582]	Time  0.030 ( 0.033)	Loss 7.3786e-02 (1.1982e-01)	Acc pseudo  95.31 ( 95.54)	Lr 1.000e-03 (1.000e-03)
2026-01-14 08:38:42,746 - INFO: Epoch: [2][200/582]	Time  0.027 ( 0.032)	Loss 3.0081e-01 (1.2089e-01)	Acc pseudo  96.88 ( 95.51)	Lr 1.000e-03 (1.000e-03)
2026-01-14 08:38:47,495 - INFO: Epoch: [2][250/582]	Time  0.027 ( 0.031)	Loss 4.9407e-01 (1.2570e-01)	Acc pseudo  95.31 ( 95.47)	Lr 1.000e-03 (1.000e-03)
2026-01-14 08:38:52,247 - INFO: Epoch: [2][300/582]	Time  0.028 ( 0.030)	Loss 2.5366e-01 (1.2766e-01)	Acc pseudo  95.31 ( 95.39)	Lr 1.000e-03 (1.000e-03)
2026-01-14 08:38:56,997 - INFO: Epoch: [2][350/582]	Time  0.027 ( 0.030)	Loss 1.3844e-01 (1.2615e-01)	Acc pseudo  92.19 ( 95.45)	Lr 1.000e-03 (1.000e-03)
2026-01-14 08:39:01,743 - INFO: Epoch: [2][400/582]	Time  0.028 ( 0.030)	Loss 1.3652e-01 (1.2722e-01)	Acc pseudo  92.19 ( 95.46)	Lr 1.000e-03 (1.000e-03)
2026-01-14 08:39:06,492 - INFO: Epoch: [2][450/582]	Time  0.030 ( 0.029)	Loss 1.8170e-01 (1.2674e-01)	Acc pseudo  92.19 ( 95.47)	Lr 1.000e-03 (1.000e-03)
2026-01-14 08:39:11,243 - INFO: Epoch: [2][500/582]	Time  0.027 ( 0.029)	Loss 5.5185e-02 (1.2607e-01)	Acc pseudo  96.88 ( 95.46)	Lr 1.000e-03 (1.000e-03)
2026-01-14 08:39:15,991 - INFO: Epoch: [2][550/582]	Time  0.027 ( 0.029)	Loss 9.3738e-02 (1.2577e-01)	Acc pseudo  95.31 ( 95.46)	Lr 1.000e-03 (1.000e-03)
2026-01-14 08:39:19,007 - INFO: Round 7, Face Fine-tune Epoch 2: loss=0.1249, acc(pseudo)=95.50%
2026-01-14 08:40:17,558 - INFO: Round 7, Face Fine-tune Epoch 2: acc(valid_pseudo): 0.9539, acc: 0.8335
2026-01-14 08:40:17,558 - INFO: Round 7, Face Fine-tune Epoch 2: No improvement. Patience(epoch): 2/3
2026-01-14 08:40:18,068 - INFO: Epoch: [3][  0/582]	Time  0.466 ( 0.466)	Loss 8.7659e-02 (8.7659e-02)	Acc pseudo  95.31 ( 95.31)	Lr 1.000e-03 (1.000e-03)
2026-01-14 08:40:22,825 - INFO: Epoch: [3][ 50/582]	Time  0.029 ( 0.039)	Loss 7.4395e-02 (1.1840e-01)	Acc pseudo  95.31 ( 95.44)	Lr 1.000e-03 (1.000e-03)
2026-01-14 08:40:27,576 - INFO: Epoch: [3][100/582]	Time  0.028 ( 0.034)	Loss 1.5746e-01 (1.1558e-01)	Acc pseudo  90.62 ( 95.51)	Lr 1.000e-03 (1.000e-03)
2026-01-14 08:40:32,331 - INFO: Epoch: [3][150/582]	Time  0.038 ( 0.032)	Loss 6.4917e-02 (1.1206e-01)	Acc pseudo  98.44 ( 95.79)	Lr 1.000e-03 (1.000e-03)
2026-01-14 08:40:37,083 - INFO: Epoch: [3][200/582]	Time  0.027 ( 0.032)	Loss 5.0444e-01 (1.1850e-01)	Acc pseudo  95.31 ( 95.91)	Lr 1.000e-03 (1.000e-03)
2026-01-14 08:40:41,831 - INFO: Epoch: [3][250/582]	Time  0.027 ( 0.031)	Loss 7.8778e-02 (1.2112e-01)	Acc pseudo  96.88 ( 95.82)	Lr 1.000e-03 (1.000e-03)
2026-01-14 08:40:46,580 - INFO: Epoch: [3][300/582]	Time  0.028 ( 0.030)	Loss 1.5902e-01 (1.2311e-01)	Acc pseudo  95.31 ( 95.82)	Lr 1.000e-03 (1.000e-03)
2026-01-14 08:40:51,327 - INFO: Epoch: [3][350/582]	Time  0.027 ( 0.030)	Loss 8.4665e-02 (1.2164e-01)	Acc pseudo  96.88 ( 95.86)	Lr 1.000e-03 (1.000e-03)
2026-01-14 08:40:56,098 - INFO: Epoch: [3][400/582]	Time  0.029 ( 0.030)	Loss 4.5900e-02 (1.1981e-01)	Acc pseudo  96.88 ( 95.88)	Lr 1.000e-03 (1.000e-03)
2026-01-14 08:41:00,845 - INFO: Epoch: [3][450/582]	Time  0.028 ( 0.030)	Loss 1.1120e-01 (1.2019e-01)	Acc pseudo  95.31 ( 95.85)	Lr 1.000e-03 (1.000e-03)
2026-01-14 08:41:05,593 - INFO: Epoch: [3][500/582]	Time  0.027 ( 0.030)	Loss 2.6930e-01 (1.2054e-01)	Acc pseudo  95.31 ( 95.80)	Lr 1.000e-03 (1.000e-03)
2026-01-14 08:41:10,340 - INFO: Epoch: [3][550/582]	Time  0.032 ( 0.030)	Loss 9.6068e-02 (1.1968e-01)	Acc pseudo  96.88 ( 95.83)	Lr 1.000e-03 (1.000e-03)
2026-01-14 08:41:13,355 - INFO: Round 7, Face Fine-tune Epoch 3: loss=0.1198, acc(pseudo)=95.84%
2026-01-14 08:42:11,374 - INFO: Round 7, Face Fine-tune Epoch 3: acc(valid_pseudo): 0.9538, acc: 0.8374
2026-01-14 08:42:11,374 - INFO: Round 7, Face Fine-tune Epoch 3: No improvement. Patience(epoch): 3/3
2026-01-14 08:42:11,374 - INFO: Early stopping at face epoch 3
2026-01-14 08:42:11,375 - INFO: Round 7: Best face fine-tuned epoch=0, acc(valid_pseudo)=0.9545
2026-01-14 08:42:11,502 - INFO: Using HMM model from previous round: runs/I love my family/exp_video/result/self_supervised/exp0/round6/pseudo_label/hmm_params.pkl
2026-01-14 10:09:49,820 - INFO: Round 7: speaker_acc=0.8755
2026-01-14 10:09:49,826 - INFO: Round 7: face_acc=0.8354
2026-01-14 10:09:49,829 - INFO: ====================
2026-01-14 10:09:49,829 - INFO: Round 8: Fine-tuning iteration
2026-01-14 10:09:49,830 - INFO: ====================
2026-01-14 10:09:49,874 - INFO: Round 8 Part 1: Fine-tuning embedding model
2026-01-14 10:09:49,875 - INFO: Using pseudo-label file: runs/I love my family/exp_video/result/self_supervised/exp0/round7/pseudo_label/pseudo_labels_audio_nested_hmm_full(unreliable_pp=100.0).json
2026-01-14 10:09:50,070 - INFO: For training, Using face pseudo-label file: runs/I love my family/exp_video/result/self_supervised/exp0/round7/pseudo_label/pseudo_labels_faces_mid_frame_train_nested_hmm_full.json
2026-01-14 10:09:50,070 - INFO: For infering, Using face pseudo-label file: runs/I love my family/exp_video/result/self_supervised/exp0/round7/pseudo_label/pseudo_labels_faces_mid_frame_all_nested_hmm_full.json
2026-01-14 10:09:50,261 - INFO: Created face dataloader with 37219 samples
2026-01-14 10:09:50,275 - INFO: Fine-tuning speaker embedding model for 20 epochs...
2026-01-14 10:09:51,146 - INFO: Epoch: [0][  0/301]	Time  0.838 ( 0.838)	Loss 2.1304e-01 (2.1304e-01)	Acc pseudo  90.62 ( 90.62)	Lr 1.000e-03 (1.000e-03)
2026-01-14 10:09:51,343 - INFO: Epoch: [0][ 50/301]	Time  0.004 ( 0.020)	Loss 4.1988e-01 (3.2985e-01)	Acc pseudo  84.38 ( 89.83)	Lr 1.000e-03 (1.000e-03)
2026-01-14 10:09:51,508 - INFO: Epoch: [0][100/301]	Time  0.003 ( 0.012)	Loss 2.2161e-01 (3.3343e-01)	Acc pseudo  92.19 ( 89.77)	Lr 1.000e-03 (1.000e-03)
2026-01-14 10:09:51,672 - INFO: Epoch: [0][150/301]	Time  0.003 ( 0.009)	Loss 4.3884e-01 (3.3475e-01)	Acc pseudo  92.19 ( 89.54)	Lr 1.000e-03 (1.000e-03)
2026-01-14 10:09:51,832 - INFO: Epoch: [0][200/301]	Time  0.003 ( 0.007)	Loss 3.1066e-01 (3.3181e-01)	Acc pseudo  87.50 ( 89.74)	Lr 1.000e-03 (1.000e-03)
2026-01-14 10:09:51,990 - INFO: Epoch: [0][250/301]	Time  0.003 ( 0.007)	Loss 2.4564e-01 (3.4395e-01)	Acc pseudo  89.06 ( 89.45)	Lr 1.000e-03 (1.000e-03)
2026-01-14 10:09:52,139 - INFO: Epoch: [0][300/301]	Time  0.002 ( 0.006)	Loss 3.2489e-01 (3.3492e-01)	Acc pseudo  88.00 ( 89.65)	Lr 1.000e-03 (1.000e-03)
2026-01-14 10:09:52,249 - INFO: Round 8, Fine-tune Epoch 0: loss=0.3349, acc(pseudo)=89.65%
2026-01-14 10:09:59,221 - INFO: Round 8, Fine-tune Epoch 0: acc(valid_pseudo): 0.9723, acc: 0.8595
2026-01-14 10:09:59,710 - INFO: Epoch: [1][  0/301]	Time  0.303 ( 0.303)	Loss 2.1795e-01 (2.1795e-01)	Acc pseudo  93.75 ( 93.75)	Lr 1.000e-03 (1.000e-03)
2026-01-14 10:09:59,902 - INFO: Epoch: [1][ 50/301]	Time  0.003 ( 0.010)	Loss 1.8871e-01 (2.7451e-01)	Acc pseudo  92.19 ( 90.78)	Lr 1.000e-03 (1.000e-03)
2026-01-14 10:10:00,069 - INFO: Epoch: [1][100/301]	Time  0.003 ( 0.006)	Loss 2.3125e-01 (2.8932e-01)	Acc pseudo  92.19 ( 90.90)	Lr 1.000e-03 (1.000e-03)
2026-01-14 10:10:00,229 - INFO: Epoch: [1][150/301]	Time  0.003 ( 0.005)	Loss 3.1796e-01 (2.8577e-01)	Acc pseudo  90.62 ( 91.03)	Lr 1.000e-03 (1.000e-03)
2026-01-14 10:10:00,387 - INFO: Epoch: [1][200/301]	Time  0.003 ( 0.005)	Loss 5.3025e-01 (2.8569e-01)	Acc pseudo  85.94 ( 91.01)	Lr 1.000e-03 (1.000e-03)
2026-01-14 10:10:00,543 - INFO: Epoch: [1][250/301]	Time  0.003 ( 0.004)	Loss 2.7361e-01 (2.9631e-01)	Acc pseudo  87.50 ( 90.63)	Lr 1.000e-03 (1.000e-03)
2026-01-14 10:10:00,697 - INFO: Epoch: [1][300/301]	Time  0.002 ( 0.004)	Loss 8.6686e-02 (2.9592e-01)	Acc pseudo 100.00 ( 90.61)	Lr 1.000e-03 (1.000e-03)
2026-01-14 10:10:00,763 - INFO: Round 8, Fine-tune Epoch 1: loss=0.2959, acc(pseudo)=90.61%
2026-01-14 10:10:09,102 - INFO: Round 8, Fine-tune Epoch 1: acc(valid_pseudo): 0.9697, acc: 0.8590
2026-01-14 10:10:09,103 - INFO: Round 8, Speaker Fine-tune Epoch 1: No improvement in validation accuracy. Patience(epoch): 1/3
2026-01-14 10:10:09,385 - INFO: Epoch: [2][  0/301]	Time  0.273 ( 0.273)	Loss 4.3164e-01 (4.3164e-01)	Acc pseudo  90.62 ( 90.62)	Lr 1.000e-03 (1.000e-03)
2026-01-14 10:10:09,567 - INFO: Epoch: [2][ 50/301]	Time  0.003 ( 0.009)	Loss 2.3226e-01 (3.0187e-01)	Acc pseudo  92.19 ( 90.75)	Lr 1.000e-03 (1.000e-03)
2026-01-14 10:10:09,755 - INFO: Epoch: [2][100/301]	Time  0.004 ( 0.006)	Loss 3.2200e-01 (2.9670e-01)	Acc pseudo  87.50 ( 90.87)	Lr 1.000e-03 (1.000e-03)
2026-01-14 10:10:09,925 - INFO: Epoch: [2][150/301]	Time  0.003 ( 0.005)	Loss 2.1524e-01 (3.0704e-01)	Acc pseudo  92.19 ( 90.51)	Lr 1.000e-03 (1.000e-03)
2026-01-14 10:10:10,080 - INFO: Epoch: [2][200/301]	Time  0.003 ( 0.005)	Loss 2.0604e-01 (2.9833e-01)	Acc pseudo  93.75 ( 90.60)	Lr 1.000e-03 (1.000e-03)
2026-01-14 10:10:10,240 - INFO: Epoch: [2][250/301]	Time  0.003 ( 0.004)	Loss 1.5802e-01 (3.0042e-01)	Acc pseudo  92.19 ( 90.51)	Lr 1.000e-03 (1.000e-03)
2026-01-14 10:10:10,390 - INFO: Epoch: [2][300/301]	Time  0.002 ( 0.004)	Loss 2.0948e-01 (3.0044e-01)	Acc pseudo  92.00 ( 90.50)	Lr 1.000e-03 (1.000e-03)
2026-01-14 10:10:10,453 - INFO: Round 8, Fine-tune Epoch 2: loss=0.3004, acc(pseudo)=90.50%
2026-01-14 10:10:18,890 - INFO: Round 8, Fine-tune Epoch 2: acc(valid_pseudo): 0.9682, acc: 0.8620
2026-01-14 10:10:18,890 - INFO: Round 8, Speaker Fine-tune Epoch 2: No improvement in validation accuracy. Patience(epoch): 2/3
2026-01-14 10:10:19,157 - INFO: Epoch: [3][  0/301]	Time  0.262 ( 0.262)	Loss 3.2398e-01 (3.2398e-01)	Acc pseudo  89.06 ( 89.06)	Lr 1.000e-03 (1.000e-03)
2026-01-14 10:10:19,394 - INFO: Epoch: [3][ 50/301]	Time  0.004 ( 0.010)	Loss 2.3786e-01 (2.6894e-01)	Acc pseudo  89.06 ( 90.87)	Lr 1.000e-03 (1.000e-03)
2026-01-14 10:10:19,615 - INFO: Epoch: [3][100/301]	Time  0.004 ( 0.007)	Loss 1.7249e-01 (2.7467e-01)	Acc pseudo  93.75 ( 90.53)	Lr 1.000e-03 (1.000e-03)
2026-01-14 10:10:19,825 - INFO: Epoch: [3][150/301]	Time  0.004 ( 0.006)	Loss 2.3384e-01 (2.8409e-01)	Acc pseudo  92.19 ( 90.44)	Lr 1.000e-03 (1.000e-03)
2026-01-14 10:10:20,035 - INFO: Epoch: [3][200/301]	Time  0.004 ( 0.006)	Loss 2.0344e-01 (2.8057e-01)	Acc pseudo  93.75 ( 90.66)	Lr 1.000e-03 (1.000e-03)
2026-01-14 10:10:20,226 - INFO: Epoch: [3][250/301]	Time  0.003 ( 0.005)	Loss 2.0970e-01 (2.7866e-01)	Acc pseudo  95.31 ( 90.61)	Lr 1.000e-03 (1.000e-03)
2026-01-14 10:10:20,377 - INFO: Epoch: [3][300/301]	Time  0.003 ( 0.005)	Loss 1.5069e-01 (2.7961e-01)	Acc pseudo  92.00 ( 90.53)	Lr 1.000e-03 (1.000e-03)
2026-01-14 10:10:20,441 - INFO: Round 8, Fine-tune Epoch 3: loss=0.2796, acc(pseudo)=90.53%
2026-01-14 10:10:27,741 - INFO: Round 8, Fine-tune Epoch 3: acc(valid_pseudo): 0.9746, acc: 0.8685
2026-01-14 10:10:28,188 - INFO: Epoch: [4][  0/301]	Time  0.269 ( 0.269)	Loss 4.7186e-01 (4.7186e-01)	Acc pseudo  84.38 ( 84.38)	Lr 1.000e-03 (1.000e-03)
2026-01-14 10:10:28,380 - INFO: Epoch: [4][ 50/301]	Time  0.003 ( 0.009)	Loss 5.6500e-01 (3.0735e-01)	Acc pseudo  87.50 ( 90.62)	Lr 1.000e-03 (1.000e-03)
2026-01-14 10:10:28,550 - INFO: Epoch: [4][100/301]	Time  0.003 ( 0.006)	Loss 2.5743e-01 (2.9395e-01)	Acc pseudo  95.31 ( 90.73)	Lr 1.000e-03 (1.000e-03)
2026-01-14 10:10:28,709 - INFO: Epoch: [4][150/301]	Time  0.003 ( 0.005)	Loss 2.7804e-01 (2.8857e-01)	Acc pseudo  85.94 ( 90.75)	Lr 1.000e-03 (1.000e-03)
2026-01-14 10:10:28,862 - INFO: Epoch: [4][200/301]	Time  0.003 ( 0.005)	Loss 2.5514e-01 (2.8316e-01)	Acc pseudo  87.50 ( 90.77)	Lr 1.000e-03 (1.000e-03)
2026-01-14 10:10:29,025 - INFO: Epoch: [4][250/301]	Time  0.003 ( 0.004)	Loss 2.2886e-01 (2.8392e-01)	Acc pseudo  90.62 ( 90.58)	Lr 1.000e-03 (1.000e-03)
2026-01-14 10:10:29,197 - INFO: Epoch: [4][300/301]	Time  0.004 ( 0.004)	Loss 2.4068e-01 (2.8966e-01)	Acc pseudo  88.00 ( 90.47)	Lr 1.000e-03 (1.000e-03)
2026-01-14 10:10:29,303 - INFO: Round 8, Fine-tune Epoch 4: loss=0.2897, acc(pseudo)=90.47%
2026-01-14 10:10:37,135 - INFO: Round 8, Fine-tune Epoch 4: acc(valid_pseudo): 0.9621, acc: 0.8510
2026-01-14 10:10:37,135 - INFO: Round 8, Speaker Fine-tune Epoch 4: No improvement in validation accuracy. Patience(epoch): 1/3
2026-01-14 10:10:37,402 - INFO: Epoch: [5][  0/301]	Time  0.262 ( 0.262)	Loss 5.0545e-01 (5.0545e-01)	Acc pseudo  89.06 ( 89.06)	Lr 1.000e-03 (1.000e-03)
2026-01-14 10:10:37,592 - INFO: Epoch: [5][ 50/301]	Time  0.003 ( 0.009)	Loss 1.3776e-01 (2.8256e-01)	Acc pseudo  92.19 ( 91.08)	Lr 1.000e-03 (1.000e-03)
2026-01-14 10:10:37,754 - INFO: Epoch: [5][100/301]	Time  0.003 ( 0.006)	Loss 3.4238e-01 (2.7043e-01)	Acc pseudo  85.94 ( 91.03)	Lr 1.000e-03 (1.000e-03)
2026-01-14 10:10:37,914 - INFO: Epoch: [5][150/301]	Time  0.003 ( 0.005)	Loss 2.3159e-01 (2.7220e-01)	Acc pseudo  87.50 ( 91.07)	Lr 1.000e-03 (1.000e-03)
2026-01-14 10:10:38,071 - INFO: Epoch: [5][200/301]	Time  0.003 ( 0.005)	Loss 1.0604e-01 (2.7490e-01)	Acc pseudo  95.31 ( 91.01)	Lr 1.000e-03 (1.000e-03)
2026-01-14 10:10:38,225 - INFO: Epoch: [5][250/301]	Time  0.003 ( 0.004)	Loss 4.8881e-01 (2.8650e-01)	Acc pseudo  85.94 ( 90.72)	Lr 1.000e-03 (1.000e-03)
2026-01-14 10:10:38,373 - INFO: Epoch: [5][300/301]	Time  0.002 ( 0.004)	Loss 4.7301e-01 (2.9458e-01)	Acc pseudo  88.00 ( 90.53)	Lr 1.000e-03 (1.000e-03)
2026-01-14 10:10:38,463 - INFO: Round 8, Fine-tune Epoch 5: loss=0.2946, acc(pseudo)=90.53%
2026-01-14 10:10:46,134 - INFO: Round 8, Fine-tune Epoch 5: acc(valid_pseudo): 0.9726, acc: 0.8690
2026-01-14 10:10:46,134 - INFO: Round 8, Speaker Fine-tune Epoch 5: No improvement in validation accuracy. Patience(epoch): 2/3
2026-01-14 10:10:46,554 - INFO: Epoch: [6][  0/301]	Time  0.410 ( 0.410)	Loss 3.1749e-01 (3.1749e-01)	Acc pseudo  90.62 ( 90.62)	Lr 1.000e-03 (1.000e-03)
2026-01-14 10:10:46,739 - INFO: Epoch: [6][ 50/301]	Time  0.003 ( 0.012)	Loss 1.7376e-01 (3.2260e-01)	Acc pseudo  92.19 ( 89.77)	Lr 1.000e-03 (1.000e-03)
2026-01-14 10:10:46,896 - INFO: Epoch: [6][100/301]	Time  0.003 ( 0.007)	Loss 4.0752e-01 (3.0804e-01)	Acc pseudo  92.19 ( 89.99)	Lr 1.000e-03 (1.000e-03)
2026-01-14 10:10:47,048 - INFO: Epoch: [6][150/301]	Time  0.003 ( 0.006)	Loss 1.5975e-01 (3.0516e-01)	Acc pseudo  96.88 ( 89.97)	Lr 1.000e-03 (1.000e-03)
2026-01-14 10:10:47,198 - INFO: Epoch: [6][200/301]	Time  0.003 ( 0.005)	Loss 6.1589e-01 (3.1434e-01)	Acc pseudo  79.69 ( 89.67)	Lr 1.000e-03 (1.000e-03)
2026-01-14 10:10:47,345 - INFO: Epoch: [6][250/301]	Time  0.003 ( 0.005)	Loss 1.9444e-01 (3.1814e-01)	Acc pseudo  93.75 ( 89.56)	Lr 1.000e-03 (1.000e-03)
2026-01-14 10:10:47,486 - INFO: Epoch: [6][300/301]	Time  0.002 ( 0.004)	Loss 2.8793e-01 (3.2064e-01)	Acc pseudo  88.00 ( 89.42)	Lr 1.000e-03 (1.000e-03)
2026-01-14 10:10:47,553 - INFO: Round 8, Fine-tune Epoch 6: loss=0.3206, acc(pseudo)=89.42%
2026-01-14 10:10:55,302 - INFO: Round 8, Fine-tune Epoch 6: acc(valid_pseudo): 0.9653, acc: 0.8510
2026-01-14 10:10:55,302 - INFO: Round 8, Speaker Fine-tune Epoch 6: No improvement in validation accuracy. Patience(epoch): 3/3
2026-01-14 10:10:55,302 - INFO: Early stopping at epoch 6 due to no improvement in validation accuracy for 3 epochs.
2026-01-14 10:10:55,304 - INFO: Round 8: Best speaker fine-tuned epoch=3, acc(valid_pseudo)=0.9746
2026-01-14 10:10:55,308 - INFO: Fine-tuning face embedding model for 20 epochs...
2026-01-14 10:10:56,896 - INFO: Epoch: [0][  0/582]	Time  1.577 ( 1.577)	Loss 6.3800e-01 (6.3800e-01)	Acc pseudo  96.88 ( 96.88)	Lr 1.000e-03 (1.000e-03)
2026-01-14 10:11:01,759 - INFO: Epoch: [0][ 50/582]	Time  0.029 ( 0.070)	Loss 9.6687e-02 (1.7731e-01)	Acc pseudo  95.31 ( 96.20)	Lr 1.000e-03 (1.000e-03)
2026-01-14 10:11:06,872 - INFO: Epoch: [0][100/582]	Time  0.028 ( 0.055)	Loss 9.8716e-02 (1.8204e-01)	Acc pseudo  95.31 ( 95.67)	Lr 1.000e-03 (1.000e-03)
2026-01-14 10:11:11,584 - INFO: Epoch: [0][150/582]	Time  0.031 ( 0.047)	Loss 1.1925e-01 (1.7493e-01)	Acc pseudo  93.75 ( 95.54)	Lr 1.000e-03 (1.000e-03)
2026-01-14 10:11:16,295 - INFO: Epoch: [0][200/582]	Time  0.036 ( 0.043)	Loss 9.1440e-02 (1.7327e-01)	Acc pseudo  95.31 ( 95.30)	Lr 1.000e-03 (1.000e-03)
2026-01-14 10:11:21,008 - INFO: Epoch: [0][250/582]	Time  0.036 ( 0.041)	Loss 6.4801e-01 (1.7603e-01)	Acc pseudo  93.75 ( 95.16)	Lr 1.000e-03 (1.000e-03)
2026-01-14 10:11:25,727 - INFO: Epoch: [0][300/582]	Time  0.028 ( 0.040)	Loss 1.8992e-01 (1.7346e-01)	Acc pseudo  92.19 ( 95.25)	Lr 1.000e-03 (1.000e-03)
2026-01-14 10:11:30,447 - INFO: Epoch: [0][350/582]	Time  0.028 ( 0.038)	Loss 9.4527e-02 (1.7344e-01)	Acc pseudo  95.31 ( 95.20)	Lr 1.000e-03 (1.000e-03)
2026-01-14 10:11:35,168 - INFO: Epoch: [0][400/582]	Time  0.033 ( 0.038)	Loss 4.9755e-02 (1.7275e-01)	Acc pseudo 100.00 ( 95.21)	Lr 1.000e-03 (1.000e-03)
2026-01-14 10:11:39,895 - INFO: Epoch: [0][450/582]	Time  0.045 ( 0.037)	Loss 4.3660e-02 (1.7049e-01)	Acc pseudo  96.88 ( 95.19)	Lr 1.000e-03 (1.000e-03)
2026-01-14 10:11:45,502 - INFO: Epoch: [0][500/582]	Time  0.046 ( 0.039)	Loss 2.1543e-01 (1.7157e-01)	Acc pseudo  90.62 ( 95.23)	Lr 1.000e-03 (1.000e-03)
2026-01-14 10:11:50,958 - INFO: Epoch: [0][550/582]	Time  0.046 ( 0.040)	Loss 4.7053e-01 (1.6983e-01)	Acc pseudo  93.75 ( 95.28)	Lr 1.000e-03 (1.000e-03)
2026-01-14 10:11:56,883 - INFO: Round 8, Face Fine-tune Epoch 0: loss=0.1717, acc(pseudo)=95.22%
2026-01-14 10:12:57,194 - INFO: Round 8, Face Fine-tune Epoch 0: acc(valid_pseudo): 0.9523, acc: 0.8384
2026-01-14 10:12:58,108 - INFO: Epoch: [1][  0/582]	Time  0.484 ( 0.484)	Loss 4.4652e-02 (4.4652e-02)	Acc pseudo 100.00 (100.00)	Lr 1.000e-03 (1.000e-03)
2026-01-14 10:13:02,842 - INFO: Epoch: [1][ 50/582]	Time  0.029 ( 0.041)	Loss 5.6027e-02 (1.4602e-01)	Acc pseudo  98.44 ( 95.80)	Lr 1.000e-03 (1.000e-03)
2026-01-14 10:13:07,575 - INFO: Epoch: [1][100/582]	Time  0.041 ( 0.036)	Loss 7.1313e-02 (1.5115e-01)	Acc pseudo  95.31 ( 95.58)	Lr 1.000e-03 (1.000e-03)
2026-01-14 10:13:12,314 - INFO: Epoch: [1][150/582]	Time  0.040 ( 0.036)	Loss 1.8945e-01 (1.4092e-01)	Acc pseudo  90.62 ( 95.71)	Lr 1.000e-03 (1.000e-03)
2026-01-14 10:13:17,055 - INFO: Epoch: [1][200/582]	Time  0.032 ( 0.036)	Loss 6.6690e-02 (1.3660e-01)	Acc pseudo  96.88 ( 95.76)	Lr 1.000e-03 (1.000e-03)
2026-01-14 10:13:21,846 - INFO: Epoch: [1][250/582]	Time  0.028 ( 0.034)	Loss 3.3414e-01 (1.3708e-01)	Acc pseudo  90.62 ( 95.69)	Lr 1.000e-03 (1.000e-03)
2026-01-14 10:13:26,613 - INFO: Epoch: [1][300/582]	Time  0.028 ( 0.033)	Loss 1.8081e-01 (1.3367e-01)	Acc pseudo  92.19 ( 95.79)	Lr 1.000e-03 (1.000e-03)
2026-01-14 10:13:31,364 - INFO: Epoch: [1][350/582]	Time  0.041 ( 0.033)	Loss 8.7964e-02 (1.3150e-01)	Acc pseudo  96.88 ( 95.75)	Lr 1.000e-03 (1.000e-03)
2026-01-14 10:13:36,117 - INFO: Epoch: [1][400/582]	Time  0.029 ( 0.033)	Loss 5.7624e-02 (1.3102e-01)	Acc pseudo 100.00 ( 95.71)	Lr 1.000e-03 (1.000e-03)
2026-01-14 10:13:40,870 - INFO: Epoch: [1][450/582]	Time  0.027 ( 0.033)	Loss 1.7232e-01 (1.3023e-01)	Acc pseudo  92.19 ( 95.69)	Lr 1.000e-03 (1.000e-03)
2026-01-14 10:13:45,626 - INFO: Epoch: [1][500/582]	Time  0.029 ( 0.033)	Loss 6.0332e-02 (1.3010e-01)	Acc pseudo  96.88 ( 95.67)	Lr 1.000e-03 (1.000e-03)
2026-01-14 10:13:50,378 - INFO: Epoch: [1][550/582]	Time  0.028 ( 0.032)	Loss 1.8494e-01 (1.3003e-01)	Acc pseudo  96.88 ( 95.64)	Lr 1.000e-03 (1.000e-03)
2026-01-14 10:13:53,459 - INFO: Round 8, Face Fine-tune Epoch 1: loss=0.1301, acc(pseudo)=95.63%
2026-01-14 10:14:55,364 - INFO: Round 8, Face Fine-tune Epoch 1: acc(valid_pseudo): 0.9532, acc: 0.8403
2026-01-14 10:14:57,313 - INFO: Epoch: [2][  0/582]	Time  0.977 ( 0.977)	Loss 9.2568e-02 (9.2568e-02)	Acc pseudo  96.88 ( 96.88)	Lr 1.000e-03 (1.000e-03)
2026-01-14 10:15:02,085 - INFO: Epoch: [2][ 50/582]	Time  0.047 ( 0.057)	Loss 7.3565e-02 (9.8700e-02)	Acc pseudo  96.88 ( 96.17)	Lr 1.000e-03 (1.000e-03)
2026-01-14 10:15:06,844 - INFO: Epoch: [2][100/582]	Time  0.047 ( 0.050)	Loss 5.0245e-02 (1.0158e-01)	Acc pseudo 100.00 ( 96.35)	Lr 1.000e-03 (1.000e-03)
2026-01-14 10:15:11,598 - INFO: Epoch: [2][150/582]	Time  0.027 ( 0.045)	Loss 1.3441e-02 (1.0141e-01)	Acc pseudo 100.00 ( 96.42)	Lr 1.000e-03 (1.000e-03)
2026-01-14 10:15:16,347 - INFO: Epoch: [2][200/582]	Time  0.028 ( 0.041)	Loss 5.9178e-02 (1.1085e-01)	Acc pseudo  98.44 ( 96.25)	Lr 1.000e-03 (1.000e-03)
2026-01-14 10:15:21,096 - INFO: Epoch: [2][250/582]	Time  0.028 ( 0.039)	Loss 1.7256e-01 (1.1332e-01)	Acc pseudo  95.31 ( 96.10)	Lr 1.000e-03 (1.000e-03)
2026-01-14 10:15:25,846 - INFO: Epoch: [2][300/582]	Time  0.028 ( 0.037)	Loss 5.4552e-02 (1.1562e-01)	Acc pseudo  98.44 ( 96.04)	Lr 1.000e-03 (1.000e-03)
2026-01-14 10:15:30,597 - INFO: Epoch: [2][350/582]	Time  0.028 ( 0.036)	Loss 3.8987e-02 (1.1808e-01)	Acc pseudo  98.44 ( 95.99)	Lr 1.000e-03 (1.000e-03)
2026-01-14 10:15:35,356 - INFO: Epoch: [2][400/582]	Time  0.045 ( 0.036)	Loss 2.0023e-01 (1.1644e-01)	Acc pseudo  95.31 ( 96.01)	Lr 1.000e-03 (1.000e-03)
2026-01-14 10:15:40,114 - INFO: Epoch: [2][450/582]	Time  0.029 ( 0.036)	Loss 1.2580e-01 (1.1591e-01)	Acc pseudo  95.31 ( 96.00)	Lr 1.000e-03 (1.000e-03)
2026-01-14 10:15:44,885 - INFO: Epoch: [2][500/582]	Time  0.034 ( 0.036)	Loss 2.4854e-02 (1.1709e-01)	Acc pseudo  98.44 ( 95.98)	Lr 1.000e-03 (1.000e-03)
2026-01-14 10:15:49,644 - INFO: Epoch: [2][550/582]	Time  0.045 ( 0.037)	Loss 4.2690e-02 (1.1655e-01)	Acc pseudo  98.44 ( 96.00)	Lr 1.000e-03 (1.000e-03)
2026-01-14 10:15:52,696 - INFO: Round 8, Face Fine-tune Epoch 2: loss=0.1168, acc(pseudo)=96.00%
2026-01-14 10:16:51,895 - INFO: Round 8, Face Fine-tune Epoch 2: acc(valid_pseudo): 0.9525, acc: 0.8374
2026-01-14 10:16:51,895 - INFO: Round 8, Face Fine-tune Epoch 2: No improvement. Patience(epoch): 1/3
2026-01-14 10:16:52,406 - INFO: Epoch: [3][  0/582]	Time  0.467 ( 0.467)	Loss 1.1387e-01 (1.1387e-01)	Acc pseudo  98.44 ( 98.44)	Lr 1.000e-03 (1.000e-03)
2026-01-14 10:16:57,156 - INFO: Epoch: [3][ 50/582]	Time  0.044 ( 0.040)	Loss 6.9078e-02 (1.3252e-01)	Acc pseudo  98.44 ( 95.25)	Lr 1.000e-03 (1.000e-03)
2026-01-14 10:17:01,909 - INFO: Epoch: [3][100/582]	Time  0.028 ( 0.035)	Loss 1.5920e-01 (1.1758e-01)	Acc pseudo  92.19 ( 95.58)	Lr 1.000e-03 (1.000e-03)
2026-01-14 10:17:06,663 - INFO: Epoch: [3][150/582]	Time  0.029 ( 0.033)	Loss 8.2665e-02 (1.1280e-01)	Acc pseudo  96.88 ( 95.88)	Lr 1.000e-03 (1.000e-03)
2026-01-14 10:17:11,419 - INFO: Epoch: [3][200/582]	Time  0.034 ( 0.032)	Loss 3.2101e-01 (1.1265e-01)	Acc pseudo  93.75 ( 95.78)	Lr 1.000e-03 (1.000e-03)
2026-01-14 10:17:16,176 - INFO: Epoch: [3][250/582]	Time  0.028 ( 0.031)	Loss 5.8304e-02 (1.0935e-01)	Acc pseudo  96.88 ( 95.90)	Lr 1.000e-03 (1.000e-03)
2026-01-14 10:17:20,933 - INFO: Epoch: [3][300/582]	Time  0.031 ( 0.031)	Loss 1.0097e-01 (1.0728e-01)	Acc pseudo  96.88 ( 96.05)	Lr 1.000e-03 (1.000e-03)
2026-01-14 10:17:25,691 - INFO: Epoch: [3][350/582]	Time  0.029 ( 0.031)	Loss 5.4381e-02 (1.0719e-01)	Acc pseudo  98.44 ( 96.06)	Lr 1.000e-03 (1.000e-03)
2026-01-14 10:17:30,450 - INFO: Epoch: [3][400/582]	Time  0.045 ( 0.031)	Loss 7.5768e-02 (1.0738e-01)	Acc pseudo  96.88 ( 96.13)	Lr 1.000e-03 (1.000e-03)
2026-01-14 10:17:35,213 - INFO: Epoch: [3][450/582]	Time  0.045 ( 0.031)	Loss 7.1912e-02 (1.0892e-01)	Acc pseudo  96.88 ( 96.13)	Lr 1.000e-03 (1.000e-03)
2026-01-14 10:17:39,976 - INFO: Epoch: [3][500/582]	Time  0.028 ( 0.031)	Loss 8.8539e-02 (1.1067e-01)	Acc pseudo  96.88 ( 96.05)	Lr 1.000e-03 (1.000e-03)
2026-01-14 10:17:44,738 - INFO: Epoch: [3][550/582]	Time  0.031 ( 0.031)	Loss 4.4031e-02 (1.1066e-01)	Acc pseudo  96.88 ( 96.02)	Lr 1.000e-03 (1.000e-03)
2026-01-14 10:17:47,836 - INFO: Round 8, Face Fine-tune Epoch 3: loss=0.1112, acc(pseudo)=96.01%
2026-01-14 10:18:47,800 - INFO: Round 8, Face Fine-tune Epoch 3: acc(valid_pseudo): 0.9529, acc: 0.8393
2026-01-14 10:18:47,801 - INFO: Round 8, Face Fine-tune Epoch 3: No improvement. Patience(epoch): 2/3
2026-01-14 10:18:48,439 - INFO: Epoch: [4][  0/582]	Time  0.614 ( 0.614)	Loss 1.9238e-01 (1.9238e-01)	Acc pseudo  93.75 ( 93.75)	Lr 1.000e-03 (1.000e-03)
2026-01-14 10:18:53,210 - INFO: Epoch: [4][ 50/582]	Time  0.048 ( 0.057)	Loss 3.0715e-01 (1.7510e-01)	Acc pseudo  87.50 ( 93.87)	Lr 1.000e-03 (1.000e-03)
2026-01-14 10:18:57,970 - INFO: Epoch: [4][100/582]	Time  0.029 ( 0.045)	Loss 1.7919e-01 (1.6580e-01)	Acc pseudo  92.19 ( 94.09)	Lr 1.000e-03 (1.000e-03)
2026-01-14 10:19:02,726 - INFO: Epoch: [4][150/582]	Time  0.029 ( 0.040)	Loss 5.5561e-01 (1.7678e-01)	Acc pseudo  90.62 ( 93.66)	Lr 1.000e-03 (1.000e-03)
2026-01-14 10:19:07,486 - INFO: Epoch: [4][200/582]	Time  0.028 ( 0.038)	Loss 2.1003e-01 (1.8005e-01)	Acc pseudo  90.62 ( 93.57)	Lr 1.000e-03 (1.000e-03)
2026-01-14 10:19:12,242 - INFO: Epoch: [4][250/582]	Time  0.029 ( 0.036)	Loss 9.2784e-02 (1.8130e-01)	Acc pseudo  95.31 ( 93.61)	Lr 1.000e-03 (1.000e-03)
2026-01-14 10:19:16,999 - INFO: Epoch: [4][300/582]	Time  0.028 ( 0.035)	Loss 1.6564e-01 (1.8102e-01)	Acc pseudo  90.62 ( 93.64)	Lr 1.000e-03 (1.000e-03)
2026-01-14 10:19:21,760 - INFO: Epoch: [4][350/582]	Time  0.029 ( 0.034)	Loss 1.3302e-01 (1.8359e-01)	Acc pseudo  95.31 ( 93.55)	Lr 1.000e-03 (1.000e-03)
2026-01-14 10:19:26,520 - INFO: Epoch: [4][400/582]	Time  0.027 ( 0.034)	Loss 1.9172e-01 (1.8518e-01)	Acc pseudo  89.06 ( 93.36)	Lr 1.000e-03 (1.000e-03)
2026-01-14 10:19:31,284 - INFO: Epoch: [4][450/582]	Time  0.027 ( 0.034)	Loss 1.3165e-01 (1.8573e-01)	Acc pseudo  93.75 ( 93.34)	Lr 1.000e-03 (1.000e-03)
2026-01-14 10:19:36,042 - INFO: Epoch: [4][500/582]	Time  0.028 ( 0.033)	Loss 2.6600e-01 (1.8391e-01)	Acc pseudo  90.62 ( 93.32)	Lr 1.000e-03 (1.000e-03)
2026-01-14 10:19:40,803 - INFO: Epoch: [4][550/582]	Time  0.039 ( 0.033)	Loss 5.2301e-02 (1.8543e-01)	Acc pseudo  96.88 ( 93.29)	Lr 1.000e-03 (1.000e-03)
2026-01-14 10:19:43,827 - INFO: Round 8, Face Fine-tune Epoch 4: loss=0.1849, acc(pseudo)=93.32%
2026-01-14 10:20:42,126 - INFO: Round 8, Face Fine-tune Epoch 4: acc(valid_pseudo): 0.9524, acc: 0.8423
2026-01-14 10:20:42,126 - INFO: Round 8, Face Fine-tune Epoch 4: No improvement. Patience(epoch): 3/3
2026-01-14 10:20:42,127 - INFO: Early stopping at face epoch 4
2026-01-14 10:20:42,127 - INFO: Round 8: Best face fine-tuned epoch=1, acc(valid_pseudo)=0.9532
2026-01-14 10:20:42,221 - INFO: Using HMM model from previous round: runs/I love my family/exp_video/result/self_supervised/exp0/round7/pseudo_label/hmm_params.pkl
2026-01-14 11:35:57,925 - INFO: Round 8: speaker_acc=0.8770
2026-01-14 11:35:57,930 - INFO: Round 8: face_acc=0.8354
2026-01-14 11:35:57,932 - INFO: ====================
2026-01-14 11:35:57,932 - INFO: Round 9: Fine-tuning iteration
2026-01-14 11:35:57,932 - INFO: ====================
2026-01-14 11:35:58,046 - INFO: Round 9 Part 1: Fine-tuning embedding model
2026-01-14 11:35:58,047 - INFO: Using pseudo-label file: runs/I love my family/exp_video/result/self_supervised/exp0/round8/pseudo_label/pseudo_labels_audio_nested_hmm_full(unreliable_pp=100.0).json
2026-01-14 11:35:58,092 - INFO: For training, Using face pseudo-label file: runs/I love my family/exp_video/result/self_supervised/exp0/round8/pseudo_label/pseudo_labels_faces_mid_frame_train_nested_hmm_full.json
2026-01-14 11:35:58,092 - INFO: For infering, Using face pseudo-label file: runs/I love my family/exp_video/result/self_supervised/exp0/round8/pseudo_label/pseudo_labels_faces_mid_frame_all_nested_hmm_full.json
2026-01-14 11:35:58,227 - INFO: Created face dataloader with 37219 samples
2026-01-14 11:35:58,242 - INFO: Fine-tuning speaker embedding model for 20 epochs...
2026-01-14 11:35:59,140 - INFO: Epoch: [0][  0/301]	Time  0.873 ( 0.873)	Loss 3.2455e-01 (3.2455e-01)	Acc pseudo  87.50 ( 87.50)	Lr 1.000e-03 (1.000e-03)
2026-01-14 11:35:59,335 - INFO: Epoch: [0][ 50/301]	Time  0.003 ( 0.021)	Loss 2.2445e-01 (3.3235e-01)	Acc pseudo  95.31 ( 89.89)	Lr 1.000e-03 (1.000e-03)
2026-01-14 11:35:59,492 - INFO: Epoch: [0][100/301]	Time  0.003 ( 0.012)	Loss 1.6543e-01 (3.2952e-01)	Acc pseudo  92.19 ( 90.05)	Lr 1.000e-03 (1.000e-03)
2026-01-14 11:35:59,640 - INFO: Epoch: [0][150/301]	Time  0.003 ( 0.009)	Loss 2.6150e-01 (3.3779e-01)	Acc pseudo  92.19 ( 90.04)	Lr 1.000e-03 (1.000e-03)
2026-01-14 11:35:59,788 - INFO: Epoch: [0][200/301]	Time  0.003 ( 0.007)	Loss 1.4333e-01 (3.3690e-01)	Acc pseudo  95.31 ( 90.15)	Lr 1.000e-03 (1.000e-03)
2026-01-14 11:35:59,932 - INFO: Epoch: [0][250/301]	Time  0.003 ( 0.007)	Loss 4.7950e-01 (3.4470e-01)	Acc pseudo  87.50 ( 89.80)	Lr 1.000e-03 (1.000e-03)
2026-01-14 11:36:00,070 - INFO: Epoch: [0][300/301]	Time  0.002 ( 0.006)	Loss 3.7069e-01 (3.4359e-01)	Acc pseudo  92.00 ( 89.76)	Lr 1.000e-03 (1.000e-03)
2026-01-14 11:36:00,133 - INFO: Round 9, Fine-tune Epoch 0: loss=0.3436, acc(pseudo)=89.76%
2026-01-14 11:36:06,858 - INFO: Round 9, Fine-tune Epoch 0: acc(valid_pseudo): 0.9644, acc: 0.8590
2026-01-14 11:36:07,277 - INFO: Epoch: [1][  0/301]	Time  0.236 ( 0.236)	Loss 2.7338e-01 (2.7338e-01)	Acc pseudo  90.62 ( 90.62)	Lr 1.000e-03 (1.000e-03)
2026-01-14 11:36:07,449 - INFO: Epoch: [1][ 50/301]	Time  0.003 ( 0.008)	Loss 1.9880e-01 (2.8818e-01)	Acc pseudo  92.19 ( 90.50)	Lr 1.000e-03 (1.000e-03)
2026-01-14 11:36:07,606 - INFO: Epoch: [1][100/301]	Time  0.003 ( 0.006)	Loss 1.4077e-01 (2.8896e-01)	Acc pseudo  96.88 ( 90.62)	Lr 1.000e-03 (1.000e-03)
2026-01-14 11:36:07,756 - INFO: Epoch: [1][150/301]	Time  0.003 ( 0.005)	Loss 2.7893e-01 (2.8300e-01)	Acc pseudo  92.19 ( 90.91)	Lr 1.000e-03 (1.000e-03)
2026-01-14 11:36:07,904 - INFO: Epoch: [1][200/301]	Time  0.003 ( 0.004)	Loss 4.3753e-01 (2.8410e-01)	Acc pseudo  78.12 ( 90.87)	Lr 1.000e-03 (1.000e-03)
2026-01-14 11:36:08,051 - INFO: Epoch: [1][250/301]	Time  0.003 ( 0.004)	Loss 1.8271e-01 (2.8862e-01)	Acc pseudo  95.31 ( 90.81)	Lr 1.000e-03 (1.000e-03)
2026-01-14 11:36:08,193 - INFO: Epoch: [1][300/301]	Time  0.002 ( 0.004)	Loss 1.3474e-01 (2.8899e-01)	Acc pseudo  92.00 ( 90.86)	Lr 1.000e-03 (1.000e-03)
2026-01-14 11:36:08,261 - INFO: Round 9, Fine-tune Epoch 1: loss=0.2890, acc(pseudo)=90.86%
2026-01-14 11:36:15,237 - INFO: Round 9, Fine-tune Epoch 1: acc(valid_pseudo): 0.9778, acc: 0.8730
2026-01-14 11:36:15,642 - INFO: Epoch: [2][  0/301]	Time  0.229 ( 0.229)	Loss 5.2761e-01 (5.2761e-01)	Acc pseudo  87.50 ( 87.50)	Lr 1.000e-03 (1.000e-03)
2026-01-14 11:36:15,820 - INFO: Epoch: [2][ 50/301]	Time  0.004 ( 0.008)	Loss 1.3159e-01 (2.6796e-01)	Acc pseudo  92.19 ( 91.27)	Lr 1.000e-03 (1.000e-03)
2026-01-14 11:36:15,984 - INFO: Epoch: [2][100/301]	Time  0.003 ( 0.006)	Loss 2.7579e-01 (2.6690e-01)	Acc pseudo  89.06 ( 91.10)	Lr 1.000e-03 (1.000e-03)
2026-01-14 11:36:16,143 - INFO: Epoch: [2][150/301]	Time  0.003 ( 0.005)	Loss 2.8112e-01 (2.7469e-01)	Acc pseudo  89.06 ( 91.11)	Lr 1.000e-03 (1.000e-03)
2026-01-14 11:36:16,300 - INFO: Epoch: [2][200/301]	Time  0.003 ( 0.004)	Loss 1.6038e-01 (2.7364e-01)	Acc pseudo  96.88 ( 91.00)	Lr 1.000e-03 (1.000e-03)
2026-01-14 11:36:16,456 - INFO: Epoch: [2][250/301]	Time  0.003 ( 0.004)	Loss 1.7216e-01 (2.7925e-01)	Acc pseudo  92.19 ( 90.71)	Lr 1.000e-03 (1.000e-03)
2026-01-14 11:36:16,604 - INFO: Epoch: [2][300/301]	Time  0.002 ( 0.004)	Loss 1.1834e-01 (2.8313e-01)	Acc pseudo  96.00 ( 90.60)	Lr 1.000e-03 (1.000e-03)
2026-01-14 11:36:16,671 - INFO: Round 9, Fine-tune Epoch 2: loss=0.2831, acc(pseudo)=90.60%
2026-01-14 11:36:23,378 - INFO: Round 9, Fine-tune Epoch 2: acc(valid_pseudo): 0.9495, acc: 0.8420
2026-01-14 11:36:23,378 - INFO: Round 9, Speaker Fine-tune Epoch 2: No improvement in validation accuracy. Patience(epoch): 1/3
2026-01-14 11:36:23,628 - INFO: Epoch: [3][  0/301]	Time  0.245 ( 0.245)	Loss 2.9764e-01 (2.9764e-01)	Acc pseudo  92.19 ( 92.19)	Lr 1.000e-03 (1.000e-03)
2026-01-14 11:36:23,800 - INFO: Epoch: [3][ 50/301]	Time  0.003 ( 0.008)	Loss 2.6932e-01 (2.6267e-01)	Acc pseudo  89.06 ( 90.96)	Lr 1.000e-03 (1.000e-03)
2026-01-14 11:36:23,951 - INFO: Epoch: [3][100/301]	Time  0.003 ( 0.006)	Loss 1.4077e-01 (2.6348e-01)	Acc pseudo  95.31 ( 90.98)	Lr 1.000e-03 (1.000e-03)
2026-01-14 11:36:24,096 - INFO: Epoch: [3][150/301]	Time  0.003 ( 0.005)	Loss 1.4731e-01 (2.6911e-01)	Acc pseudo  93.75 ( 90.78)	Lr 1.000e-03 (1.000e-03)
2026-01-14 11:36:24,241 - INFO: Epoch: [3][200/301]	Time  0.003 ( 0.004)	Loss 2.2037e-01 (2.7060e-01)	Acc pseudo  92.19 ( 90.78)	Lr 1.000e-03 (1.000e-03)
2026-01-14 11:36:24,387 - INFO: Epoch: [3][250/301]	Time  0.003 ( 0.004)	Loss 2.6937e-01 (2.7196e-01)	Acc pseudo  89.06 ( 90.79)	Lr 1.000e-03 (1.000e-03)
2026-01-14 11:36:24,526 - INFO: Epoch: [3][300/301]	Time  0.002 ( 0.004)	Loss 1.5771e-01 (2.7265e-01)	Acc pseudo  92.00 ( 90.76)	Lr 1.000e-03 (1.000e-03)
2026-01-14 11:36:24,589 - INFO: Round 9, Fine-tune Epoch 3: loss=0.2727, acc(pseudo)=90.76%
2026-01-14 11:36:32,464 - INFO: Round 9, Fine-tune Epoch 3: acc(valid_pseudo): 0.9711, acc: 0.8700
2026-01-14 11:36:32,465 - INFO: Round 9, Speaker Fine-tune Epoch 3: No improvement in validation accuracy. Patience(epoch): 2/3
2026-01-14 11:36:32,698 - INFO: Epoch: [4][  0/301]	Time  0.228 ( 0.228)	Loss 3.5849e-01 (3.5849e-01)	Acc pseudo  89.06 ( 89.06)	Lr 1.000e-03 (1.000e-03)
2026-01-14 11:36:32,875 - INFO: Epoch: [4][ 50/301]	Time  0.003 ( 0.008)	Loss 2.3439e-01 (2.6173e-01)	Acc pseudo  87.50 ( 91.21)	Lr 1.000e-03 (1.000e-03)
2026-01-14 11:36:33,030 - INFO: Epoch: [4][100/301]	Time  0.003 ( 0.005)	Loss 1.0756e-01 (2.7084e-01)	Acc pseudo  96.88 ( 90.93)	Lr 1.000e-03 (1.000e-03)
2026-01-14 11:36:33,180 - INFO: Epoch: [4][150/301]	Time  0.003 ( 0.005)	Loss 6.5578e-01 (2.7557e-01)	Acc pseudo  81.25 ( 90.79)	Lr 1.000e-03 (1.000e-03)
2026-01-14 11:36:33,328 - INFO: Epoch: [4][200/301]	Time  0.003 ( 0.004)	Loss 3.1941e-01 (2.7347e-01)	Acc pseudo  87.50 ( 90.80)	Lr 1.000e-03 (1.000e-03)
2026-01-14 11:36:33,476 - INFO: Epoch: [4][250/301]	Time  0.003 ( 0.004)	Loss 3.0242e-01 (2.7283e-01)	Acc pseudo  90.62 ( 90.71)	Lr 1.000e-03 (1.000e-03)
2026-01-14 11:36:33,616 - INFO: Epoch: [4][300/301]	Time  0.002 ( 0.004)	Loss 1.8560e-01 (2.7991e-01)	Acc pseudo  96.00 ( 90.63)	Lr 1.000e-03 (1.000e-03)
2026-01-14 11:36:33,683 - INFO: Round 9, Fine-tune Epoch 4: loss=0.2799, acc(pseudo)=90.63%
2026-01-14 11:36:40,491 - INFO: Round 9, Fine-tune Epoch 4: acc(valid_pseudo): 0.9685, acc: 0.8620
2026-01-14 11:36:40,492 - INFO: Round 9, Speaker Fine-tune Epoch 4: No improvement in validation accuracy. Patience(epoch): 3/3
2026-01-14 11:36:40,492 - INFO: Early stopping at epoch 4 due to no improvement in validation accuracy for 3 epochs.
2026-01-14 11:36:40,493 - INFO: Round 9: Best speaker fine-tuned epoch=1, acc(valid_pseudo)=0.9778
2026-01-14 11:36:40,497 - INFO: Fine-tuning face embedding model for 20 epochs...
2026-01-14 11:36:41,500 - INFO: Epoch: [0][  0/582]	Time  0.979 ( 0.979)	Loss 4.9557e-02 (4.9557e-02)	Acc pseudo  98.44 ( 98.44)	Lr 1.000e-03 (1.000e-03)
2026-01-14 11:36:46,201 - INFO: Epoch: [0][ 50/582]	Time  0.029 ( 0.051)	Loss 5.4118e-01 (1.4521e-01)	Acc pseudo  90.62 ( 95.86)	Lr 1.000e-03 (1.000e-03)
2026-01-14 11:36:50,900 - INFO: Epoch: [0][100/582]	Time  0.030 ( 0.041)	Loss 9.9517e-02 (1.4416e-01)	Acc pseudo  95.31 ( 95.76)	Lr 1.000e-03 (1.000e-03)
2026-01-14 11:36:55,601 - INFO: Epoch: [0][150/582]	Time  0.030 ( 0.037)	Loss 1.1991e-01 (1.5386e-01)	Acc pseudo  93.75 ( 95.61)	Lr 1.000e-03 (1.000e-03)
2026-01-14 11:37:00,308 - INFO: Epoch: [0][200/582]	Time  0.030 ( 0.036)	Loss 3.7289e-02 (1.5080e-01)	Acc pseudo 100.00 ( 95.55)	Lr 1.000e-03 (1.000e-03)
2026-01-14 11:37:05,014 - INFO: Epoch: [0][250/582]	Time  0.028 ( 0.035)	Loss 3.9612e-01 (1.5640e-01)	Acc pseudo  95.31 ( 95.41)	Lr 1.000e-03 (1.000e-03)
2026-01-14 11:37:09,725 - INFO: Epoch: [0][300/582]	Time  0.033 ( 0.034)	Loss 2.0500e-01 (1.5706e-01)	Acc pseudo  90.62 ( 95.34)	Lr 1.000e-03 (1.000e-03)
2026-01-14 11:37:14,774 - INFO: Epoch: [0][350/582]	Time  0.030 ( 0.034)	Loss 9.1261e-02 (1.5750e-01)	Acc pseudo  95.31 ( 95.30)	Lr 1.000e-03 (1.000e-03)
2026-01-14 11:37:20,128 - INFO: Epoch: [0][400/582]	Time  0.031 ( 0.035)	Loss 3.7818e-01 (1.5627e-01)	Acc pseudo  95.31 ( 95.34)	Lr 1.000e-03 (1.000e-03)
2026-01-14 11:37:24,843 - INFO: Epoch: [0][450/582]	Time  0.030 ( 0.035)	Loss 2.8493e-02 (1.5428e-01)	Acc pseudo 100.00 ( 95.33)	Lr 1.000e-03 (1.000e-03)
2026-01-14 11:37:29,561 - INFO: Epoch: [0][500/582]	Time  0.028 ( 0.034)	Loss 1.3353e-01 (1.5480e-01)	Acc pseudo  93.75 ( 95.36)	Lr 1.000e-03 (1.000e-03)
2026-01-14 11:37:34,278 - INFO: Epoch: [0][550/582]	Time  0.033 ( 0.034)	Loss 9.0601e-02 (1.5714e-01)	Acc pseudo  96.88 ( 95.37)	Lr 1.000e-03 (1.000e-03)
2026-01-14 11:37:37,276 - INFO: Round 9, Face Fine-tune Epoch 0: loss=0.1570, acc(pseudo)=95.35%
2026-01-14 11:38:36,042 - INFO: Round 9, Face Fine-tune Epoch 0: acc(valid_pseudo): 0.9525, acc: 0.8325
2026-01-14 11:38:36,967 - INFO: Epoch: [1][  0/582]	Time  0.458 ( 0.458)	Loss 4.7126e-01 (4.7126e-01)	Acc pseudo  98.44 ( 98.44)	Lr 1.000e-03 (1.000e-03)
2026-01-14 11:38:41,696 - INFO: Epoch: [1][ 50/582]	Time  0.039 ( 0.039)	Loss 8.5418e-02 (1.0807e-01)	Acc pseudo  95.31 ( 96.72)	Lr 1.000e-03 (1.000e-03)
2026-01-14 11:38:46,496 - INFO: Epoch: [1][100/582]	Time  0.029 ( 0.034)	Loss 3.1858e-01 (1.2160e-01)	Acc pseudo  87.50 ( 96.07)	Lr 1.000e-03 (1.000e-03)
2026-01-14 11:38:51,232 - INFO: Epoch: [1][150/582]	Time  0.027 ( 0.032)	Loss 2.1364e-01 (1.2015e-01)	Acc pseudo  92.19 ( 95.93)	Lr 1.000e-03 (1.000e-03)
2026-01-14 11:38:55,968 - INFO: Epoch: [1][200/582]	Time  0.027 ( 0.031)	Loss 8.3982e-02 (1.1820e-01)	Acc pseudo  95.31 ( 95.88)	Lr 1.000e-03 (1.000e-03)
2026-01-14 11:39:00,706 - INFO: Epoch: [1][250/582]	Time  0.028 ( 0.031)	Loss 1.1769e-01 (1.2212e-01)	Acc pseudo  92.19 ( 95.82)	Lr 1.000e-03 (1.000e-03)
2026-01-14 11:39:05,444 - INFO: Epoch: [1][300/582]	Time  0.028 ( 0.031)	Loss 1.4613e-01 (1.2324e-01)	Acc pseudo  93.75 ( 95.85)	Lr 1.000e-03 (1.000e-03)
2026-01-14 11:39:10,180 - INFO: Epoch: [1][350/582]	Time  0.027 ( 0.031)	Loss 1.6672e-01 (1.2243e-01)	Acc pseudo  92.19 ( 95.84)	Lr 1.000e-03 (1.000e-03)
2026-01-14 11:39:14,920 - INFO: Epoch: [1][400/582]	Time  0.027 ( 0.030)	Loss 5.3555e-02 (1.2267e-01)	Acc pseudo  98.44 ( 95.83)	Lr 1.000e-03 (1.000e-03)
2026-01-14 11:39:19,657 - INFO: Epoch: [1][450/582]	Time  0.027 ( 0.030)	Loss 1.1724e-01 (1.2402e-01)	Acc pseudo  95.31 ( 95.84)	Lr 1.000e-03 (1.000e-03)
2026-01-14 11:39:24,394 - INFO: Epoch: [1][500/582]	Time  0.028 ( 0.030)	Loss 8.3496e-02 (1.2445e-01)	Acc pseudo  95.31 ( 95.86)	Lr 1.000e-03 (1.000e-03)
2026-01-14 11:39:29,133 - INFO: Epoch: [1][550/582]	Time  0.041 ( 0.030)	Loss 4.6085e-02 (1.2325e-01)	Acc pseudo  95.31 ( 95.84)	Lr 1.000e-03 (1.000e-03)
2026-01-14 11:39:32,156 - INFO: Round 9, Face Fine-tune Epoch 1: loss=0.1228, acc(pseudo)=95.87%
2026-01-14 11:40:31,025 - INFO: Round 9, Face Fine-tune Epoch 1: acc(valid_pseudo): 0.9525, acc: 0.8374
2026-01-14 11:40:31,026 - INFO: Round 9, Face Fine-tune Epoch 1: No improvement. Patience(epoch): 1/3
2026-01-14 11:40:31,539 - INFO: Epoch: [2][  0/582]	Time  0.475 ( 0.475)	Loss 7.7098e-02 (7.7098e-02)	Acc pseudo  96.88 ( 96.88)	Lr 1.000e-03 (1.000e-03)
2026-01-14 11:40:36,285 - INFO: Epoch: [2][ 50/582]	Time  0.028 ( 0.043)	Loss 7.4122e-02 (1.2624e-01)	Acc pseudo  95.31 ( 96.26)	Lr 1.000e-03 (1.000e-03)
2026-01-14 11:40:41,027 - INFO: Epoch: [2][100/582]	Time  0.029 ( 0.036)	Loss 2.0639e-02 (1.2010e-01)	Acc pseudo 100.00 ( 96.40)	Lr 1.000e-03 (1.000e-03)
2026-01-14 11:40:45,775 - INFO: Epoch: [2][150/582]	Time  0.029 ( 0.034)	Loss 5.5765e-02 (1.1356e-01)	Acc pseudo  98.44 ( 96.27)	Lr 1.000e-03 (1.000e-03)
2026-01-14 11:40:50,523 - INFO: Epoch: [2][200/582]	Time  0.027 ( 0.032)	Loss 1.1765e-01 (1.1296e-01)	Acc pseudo  95.31 ( 96.22)	Lr 1.000e-03 (1.000e-03)
2026-01-14 11:40:55,267 - INFO: Epoch: [2][250/582]	Time  0.029 ( 0.031)	Loss 8.9740e-02 (1.1717e-01)	Acc pseudo  96.88 ( 96.04)	Lr 1.000e-03 (1.000e-03)
2026-01-14 11:41:00,011 - INFO: Epoch: [2][300/582]	Time  0.028 ( 0.031)	Loss 4.1157e-02 (1.1769e-01)	Acc pseudo  98.44 ( 96.03)	Lr 1.000e-03 (1.000e-03)
2026-01-14 11:41:04,754 - INFO: Epoch: [2][350/582]	Time  0.028 ( 0.030)	Loss 5.7186e-02 (1.1663e-01)	Acc pseudo  98.44 ( 96.06)	Lr 1.000e-03 (1.000e-03)
2026-01-14 11:41:09,498 - INFO: Epoch: [2][400/582]	Time  0.027 ( 0.030)	Loss 7.5559e-02 (1.1574e-01)	Acc pseudo  96.88 ( 96.08)	Lr 1.000e-03 (1.000e-03)
2026-01-14 11:41:14,242 - INFO: Epoch: [2][450/582]	Time  0.028 ( 0.030)	Loss 1.2449e-01 (1.1772e-01)	Acc pseudo  93.75 ( 96.11)	Lr 1.000e-03 (1.000e-03)
2026-01-14 11:41:18,988 - INFO: Epoch: [2][500/582]	Time  0.029 ( 0.029)	Loss 3.2555e-02 (1.1845e-01)	Acc pseudo 100.00 ( 96.05)	Lr 1.000e-03 (1.000e-03)
2026-01-14 11:41:23,734 - INFO: Epoch: [2][550/582]	Time  0.030 ( 0.029)	Loss 7.2308e-02 (1.1784e-01)	Acc pseudo  98.44 ( 96.02)	Lr 1.000e-03 (1.000e-03)
2026-01-14 11:41:26,752 - INFO: Round 9, Face Fine-tune Epoch 2: loss=0.1177, acc(pseudo)=96.00%
2026-01-14 11:42:26,622 - INFO: Round 9, Face Fine-tune Epoch 2: acc(valid_pseudo): 0.9515, acc: 0.8354
2026-01-14 11:42:26,623 - INFO: Round 9, Face Fine-tune Epoch 2: No improvement. Patience(epoch): 2/3
2026-01-14 11:42:27,143 - INFO: Epoch: [3][  0/582]	Time  0.468 ( 0.468)	Loss 5.8668e-02 (5.8668e-02)	Acc pseudo  98.44 ( 98.44)	Lr 1.000e-03 (1.000e-03)
2026-01-14 11:42:31,890 - INFO: Epoch: [3][ 50/582]	Time  0.035 ( 0.040)	Loss 6.3521e-02 (1.0470e-01)	Acc pseudo  98.44 ( 95.71)	Lr 1.000e-03 (1.000e-03)
2026-01-14 11:42:36,637 - INFO: Epoch: [3][100/582]	Time  0.027 ( 0.034)	Loss 2.7873e-02 (1.0696e-01)	Acc pseudo 100.00 ( 95.98)	Lr 1.000e-03 (1.000e-03)
2026-01-14 11:42:41,389 - INFO: Epoch: [3][150/582]	Time  0.027 ( 0.032)	Loss 4.8151e-02 (1.1208e-01)	Acc pseudo  96.88 ( 95.95)	Lr 1.000e-03 (1.000e-03)
2026-01-14 11:42:46,140 - INFO: Epoch: [3][200/582]	Time  0.029 ( 0.031)	Loss 4.0079e-01 (1.1109e-01)	Acc pseudo  93.75 ( 96.11)	Lr 1.000e-03 (1.000e-03)
2026-01-14 11:42:50,891 - INFO: Epoch: [3][250/582]	Time  0.028 ( 0.031)	Loss 1.0247e-01 (1.1394e-01)	Acc pseudo  98.44 ( 96.03)	Lr 1.000e-03 (1.000e-03)
2026-01-14 11:42:55,642 - INFO: Epoch: [3][300/582]	Time  0.028 ( 0.030)	Loss 8.7732e-02 (1.1159e-01)	Acc pseudo  96.88 ( 96.11)	Lr 1.000e-03 (1.000e-03)
2026-01-14 11:43:00,396 - INFO: Epoch: [3][350/582]	Time  0.028 ( 0.030)	Loss 2.4124e-01 (1.1274e-01)	Acc pseudo  92.19 ( 96.00)	Lr 1.000e-03 (1.000e-03)
2026-01-14 11:43:05,153 - INFO: Epoch: [3][400/582]	Time  0.028 ( 0.030)	Loss 2.2478e-01 (1.1146e-01)	Acc pseudo  95.31 ( 96.08)	Lr 1.000e-03 (1.000e-03)
2026-01-14 11:43:09,909 - INFO: Epoch: [3][450/582]	Time  0.028 ( 0.030)	Loss 9.2200e-02 (1.1433e-01)	Acc pseudo  96.88 ( 95.99)	Lr 1.000e-03 (1.000e-03)
2026-01-14 11:43:14,661 - INFO: Epoch: [3][500/582]	Time  0.029 ( 0.029)	Loss 2.2632e-01 (1.1390e-01)	Acc pseudo  95.31 ( 95.95)	Lr 1.000e-03 (1.000e-03)
2026-01-14 11:43:19,414 - INFO: Epoch: [3][550/582]	Time  0.028 ( 0.029)	Loss 8.9785e-02 (1.1390e-01)	Acc pseudo  96.88 ( 95.94)	Lr 1.000e-03 (1.000e-03)
2026-01-14 11:43:22,432 - INFO: Round 9, Face Fine-tune Epoch 3: loss=0.1126, acc(pseudo)=95.99%
2026-01-14 11:44:21,386 - INFO: Round 9, Face Fine-tune Epoch 3: acc(valid_pseudo): 0.9515, acc: 0.8413
2026-01-14 11:44:21,387 - INFO: Round 9, Face Fine-tune Epoch 3: No improvement. Patience(epoch): 3/3
2026-01-14 11:44:21,387 - INFO: Early stopping at face epoch 3
2026-01-14 11:44:21,388 - INFO: Round 9: Best face fine-tuned epoch=0, acc(valid_pseudo)=0.9525
2026-01-14 11:44:21,464 - INFO: Using HMM model from previous round: runs/I love my family/exp_video/result/self_supervised/exp0/round8/pseudo_label/hmm_params.pkl
2026-01-14 12:57:33,040 - INFO: Round 9: speaker_acc=0.8790
2026-01-14 12:57:33,050 - INFO: Round 9: face_acc=0.8335
2026-01-14 12:57:33,059 - INFO: ====================
2026-01-14 12:57:33,059 - INFO: Self-supervised fine-tuning completed!
2026-01-14 12:57:33,059 - INFO: Initial speaker: acc=0.8035
2026-01-14 12:57:33,059 - INFO: Final speaker at round 9: acc=0.8790
2026-01-14 12:57:33,059 - INFO: Speaker improvement: 0.0755 (9.40%)
2026-01-14 12:57:33,059 - INFO: Initial face: acc=0.8617
2026-01-14 12:57:33,059 - INFO: Final face at round 9: acc=0.8335
2026-01-14 12:57:33,059 - INFO: Face improvement: -0.0282 (-3.27%)
2026-01-14 12:57:33,060 - INFO: ====================
